id,device_hash,device_type
DEV_000001,5b0e70ac6e4386c0,mobile
DEV_000002,6fef4f4d20b87edd,mobile
DEV_000003,2d045622c3febcf3,mobile
DEV_000004,29a6e27bdd6488c7,mobile
DEV_000005,7d561ff2e14865e4,mobile
DEV_000006,dfdc3993e2b1255b,mobile
DEV_000007,ac1b4399445099af,desktop
DEV_000008,1f4d0fadc2656609,tablet
DEV_000009,37188c4792a91e36,mobile
DEV_000010,a6cb81180578fdcb,mobile
DEV_000011,0a802d76b6b47e60,desktop
DEV_000012,303ac978dce03649,desktop
DEV_000013,dfb973deb3936578,desktop
DEV_000014,6984c49ee9e85ebd,tablet
DEV_000015,f8cb7bbec9658b23,mobile
DEV_000016,126220d9aa6f835e,mobile
DEV_000017,a4e4bf7df83140d5,desktop
DEV_000018,79cd4a3216e8667b,desktop
DEV_000019,291c029de3824c7c,mobile
DEV_000020,f7f533e0f9a0f0bd,mobile
DEV_000021,186bcda0cf8a481e,tablet
DEV_000022,44840e45011e28a0,desktop
DEV_000023,8039458269eeab9a,tablet
DEV_000024,bc2115a2983dec87,mobile
DEV_000025,4449a59a09cff143,mobile
DEV_000026,854a590ef2d9bf0a,desktop
DEV_000027,5661d2d84a7d4944,mobile
DEV_000028,46b81aa8f013cf40,mobile
DEV_000029,b442fd23d236d6a4,tablet
DEV_000030,d28deea5734e4b68,desktop
DEV_000031,e283dc03b0b877a3,tablet
DEV_000032,eaf1aea8d4035297,mobile
DEV_000033,dc25e0ba06107881,mobile
DEV_000034,424fbd45541772b6,desktop
DEV_000035,8577b6ee621ded5b,mobile
DEV_000036,8340f3b716188aa5,mobile
DEV_000037,5cff9f2323a88e97,desktop
DEV_000038,f0e27f24a41a68ac,desktop
DEV_000039,4f24094cad5ef101,desktop
DEV_000040,f59a147949285074,mobile
DEV_000041,88a5f17dadd5a307,desktop
DEV_000042,500b8fffe0d2b84d,tablet
DEV_000043,9c43522e1901164d,desktop
DEV_000044,8f62234ec03d73d8,mobile
DEV_000045,7947fc6a97e85d0e,mobile
DEV_000046,51fb77996d0188a1,mobile
DEV_000047,feedfe04f9609fa0,tablet
DEV_000048,d9e5c324dde309b9,mobile
DEV_000049,3398f6c10631b74f,desktop
DEV_000050,448932bb2d991d92,mobile
DEV_000051,4ba4ee96d7f8e97d,tablet
DEV_000052,4e90a5a505ad32bd,mobile
DEV_000053,ff549b81c7407873,desktop
DEV_000054,4822509382652789,mobile
DEV_000055,046746e3986a896c,mobile
DEV_000056,11d36b7b6dba8aad,mobile
DEV_000057,87d83f9ece973c1a,mobile
DEV_000058,590d4a30cdf082c0,tablet
DEV_000059,270b548895cc2800,mobile
DEV_000060,cae329136d8cd696,desktop
DEV_000061,9023421a50077c89,mobile
DEV_000062,656d8007948b76d0,mobile
DEV_000063,c2207a991324ea5c,mobile
DEV_000064,2ebf3492d65f6ed7,desktop
DEV_000065,9515e78a141a7ced,mobile
DEV_000066,af495386cf10930e,tablet
DEV_000067,0d65d85132831aaa,mobile
DEV_000068,dacaacd1bcfa7765,mobile
DEV_000069,fe9b8c21d2e4a4c5,mobile
DEV_000070,48807cbaa2f67a61,desktop
DEV_000071,626b8cb76e703b85,desktop
DEV_000072,18622ab8e224c7cf,desktop
DEV_000073,d12351ee0e2f91f7,mobile
DEV_000074,d990eaef9d1a0082,desktop
DEV_000075,4c717c01f63665a0,desktop
DEV_000076,6bc5659f4815615f,desktop
DEV_000077,0cb74184cbda3bc7,mobile
DEV_000078,9db1fb5953112e85,desktop
DEV_000079,edbceef0f1554843,mobile
DEV_000080,0bc3332879a8f0c1,desktop
DEV_000081,7bd4863be9646217,desktop
DEV_000082,9ce71c668e5c5ba2,mobile
DEV_000083,d62da686d13bf21b,mobile
DEV_000084,b8eccc7501e71a21,mobile
DEV_000085,047cbb653e617e24,tablet
DEV_000086,16a0b21ad2b2039a,desktop
DEV_000087,262ff893613ea31d,tablet
DEV_000088,3c844bc959a92086,mobile
DEV_000089,4ccc0220ecdbf814,tablet
DEV_000090,22ca35fc10f8856c,mobile
DEV_000091,9c1e28d78b42a9ed,desktop
DEV_000092,d837ae157000b8a4,mobile
DEV_000093,09cc5a90fcdd46ef,desktop
DEV_000094,cc0847ff0c33ad7b,mobile
DEV_000095,5691d24c27ceb3d0,mobile
DEV_000096,5159651fd069db4b,mobile
DEV_000097,ddb97869de2c077e,mobile
DEV_000098,5fb992104c713c53,tablet
DEV_000099,b7f8a2f2c2f57923,mobile
DEV_000100,036748f378320039,mobile
DEV_000101,a8e9ca45f095703b,mobile
DEV_000102,ef4ab011ee9295cf,tablet
DEV_000103,eb54efb7cc3a336d,tablet
DEV_000104,82fce0de8e059084,mobile
DEV_000105,598ac31fa15420b7,desktop
DEV_000106,86f58f4ed2305abe,mobile
DEV_000107,1034a9e29fb174b9,mobile
DEV_000108,ab0e8b93ee748a75,tablet
DEV_000109,bc49e59d27e639ab,mobile
DEV_000110,5e172232627bc6f3,mobile
DEV_000111,8e84fca527606a0f,tablet
DEV_000112,306afeb869fc174d,mobile
DEV_000113,f1f288bf60f12d8f,mobile
DEV_000114,2ebc54b93f88fb61,desktop
DEV_000115,e3e1b155210aa287,mobile
DEV_000116,24d04d56a42179f1,mobile
DEV_000117,41dcd69112519e4e,tablet
DEV_000118,96d58f6d2bab912e,mobile
DEV_000119,949a9e2156de00f8,mobile
DEV_000120,8a8374a22373ea04,mobile
DEV_000121,565f8c372b9c12aa,mobile
DEV_000122,2f03b1a778399e85,mobile
DEV_000123,1a6e8a384696aab9,desktop
DEV_000124,978bb2636d65311f,tablet
DEV_000125,a551c6b5f360050d,mobile
DEV_000126,3d556a8d5a14c1bb,tablet
DEV_000127,4a3d5f5ad50bee05,mobile
DEV_000128,72b2e0f353b3e10a,desktop
DEV_000129,253b517107f32d0d,desktop
DEV_000130,8ccdc9034d9ef35a,mobile
DEV_000131,e3beb1ceab1b6bde,mobile
DEV_000132,1a3efa72c59a20e7,tablet
DEV_000133,660add77b17a0446,mobile
DEV_000134,6acf4c2c1e24fd6a,desktop
DEV_000135,9926544935c9a00a,mobile
DEV_000136,f01e925e104afb27,mobile
DEV_000137,4bda63bda707a072,mobile
DEV_000138,a44a7c7a68a5194c,desktop
DEV_000139,4a957c1d4e3dfb2f,mobile
DEV_000140,d7e257516156bfe3,desktop
DEV_000141,92a0c218109d9092,mobile
DEV_000142,1d065b9f2860d82e,desktop
DEV_000143,8d2d296e22779b19,desktop
DEV_000144,6e9c9acff19378a8,mobile
DEV_000145,bd8a90c09ed109b2,mobile
DEV_000146,e078b7434a38d8b3,desktop
DEV_000147,d645812050a4dc5f,mobile
DEV_000148,a64621c713687787,desktop
DEV_000149,2a10e393073b7eb4,mobile
DEV_000150,af550994fe18be85,desktop
DEV_000151,3af01908cea9a2e5,mobile
DEV_000152,464cf2c9b66d76e8,tablet
DEV_000153,1d21d9074321b065,desktop
DEV_000154,927c2ea93dde27d9,tablet
DEV_000155,8cf0e8e3280e0dd9,mobile
DEV_000156,703e7ef54fcd6074,mobile
DEV_000157,bc8d32b638eb22a2,mobile
DEV_000158,312dc76786e8b431,mobile
DEV_000159,e576e873387dcb74,desktop
DEV_000160,3237b5efbfb56f54,desktop
DEV_000161,c7ffb83e74df37e0,mobile
DEV_000162,8a3b4ee5108ca5a0,mobile
DEV_000163,a720756fc4ed972f,mobile
DEV_000164,7049e8da42d263ce,desktop
DEV_000165,78ebd633c5ad5e12,desktop
DEV_000166,5c9bb885d765ecb0,mobile
DEV_000167,a7fc5acf01a19b36,mobile
DEV_000168,60fc37fa256ebad1,desktop
DEV_000169,d5ee5f06059c2e99,mobile
DEV_000170,1afb04993c9763bc,desktop
DEV_000171,02692e22b2ef6f4f,mobile
DEV_000172,e9cc378c3672760a,desktop
DEV_000173,9140146263c790e0,desktop
DEV_000174,fa20795b8db45d7d,desktop
DEV_000175,5edee78976f6ef6c,mobile
DEV_000176,0401ad5c522cbe4a,mobile
DEV_000177,acbb1db50f998892,desktop
DEV_000178,5ee095796d15ed27,mobile
DEV_000179,a13014b56d3fa341,mobile
DEV_000180,025c0025529deaf3,desktop
DEV_000181,e47011a1379df38e,mobile
DEV_000182,5843a057ae2d865a,desktop
DEV_000183,9aca0122c1852392,desktop
DEV_000184,6fd1a57d25e12fef,desktop
DEV_000185,e1ce89090799ac26,mobile
DEV_000186,e7be87e594239db2,mobile
DEV_000187,43e78f7058e09b77,desktop
DEV_000188,d6e0ebe92f3cb34f,mobile
DEV_000189,7570349dd50ceb15,desktop
DEV_000190,6d3f80f54c74c43b,mobile
DEV_000191,8fc2a0f73a9b8c56,mobile
DEV_000192,70ac6ee679976699,desktop
DEV_000193,df722136d8297127,desktop
DEV_000194,e63bff5f118feb76,desktop
DEV_000195,23af979d04eff044,mobile
DEV_000196,168ec9baf998c131,desktop
DEV_000197,238c1f95c89e67c8,mobile
DEV_000198,58004543272263c9,mobile
DEV_000199,740ff47e349b248b,mobile
DEV_000200,adb16e5b73afe5d9,desktop
DEV_000201,498386ff23086bd8,mobile
DEV_000202,bf6cbb822725b1f2,desktop
DEV_000203,1f0857f87a10fb2e,desktop
DEV_000204,3a330263bc632cf9,mobile
DEV_000205,05fa93419639d5d6,desktop
DEV_000206,5230a0a17346e61b,mobile
DEV_000207,ec081b6990a43248,desktop
DEV_000208,0af7157c3f304682,mobile
DEV_000209,7e7b86c113c315c8,mobile
DEV_000210,6dad2f99e1c93e96,mobile
DEV_000211,8a4e4cea6ad79d3e,tablet
DEV_000212,1cdd1ef9c6c8beb0,desktop
DEV_000213,40ce963d9488de33,desktop
DEV_000214,c8d913bbae947be2,mobile
DEV_000215,42c4a04b8f21c5f5,tablet
DEV_000216,153a19c0a73da7d5,mobile
DEV_000217,1998d45c9d1a1429,mobile
DEV_000218,43a124a55a27ab03,tablet
DEV_000219,7a6121c43f8508cd,mobile
DEV_000220,0d47a3f23fb4d975,mobile
DEV_000221,9ce445b3d2894207,desktop
DEV_000222,4c2910e152dcfb18,mobile
DEV_000223,864fe8ef9d7ccf3c,mobile
DEV_000224,9d24b57268f34518,mobile
DEV_000225,040bf3c404a17684,tablet
DEV_000226,16f8f62df6cc74a6,tablet
DEV_000227,20a27cd74047133e,mobile
DEV_000228,ec7d54df92f92994,mobile
DEV_000229,74be4362ec99a732,desktop
DEV_000230,3c4499461c49d95f,desktop
DEV_000231,7d59475b85710da4,desktop
DEV_000232,8c3a33a22b2a86df,desktop
DEV_000233,d9174fa8f790de8e,desktop
DEV_000234,0875f01d3fe143c4,desktop
DEV_000235,9d883559e96dd6d5,desktop
DEV_000236,7ccdc2f1a3c603b3,tablet
DEV_000237,f2368d223b8bc39c,mobile
DEV_000238,ffe113802ad62660,desktop
DEV_000239,ac25120826617055,mobile
DEV_000240,83ee89ab3078f235,mobile
DEV_000241,ee3cf5b4fc9c9226,desktop
DEV_000242,841cf7288caa0ce3,tablet
DEV_000243,34471663ea6ebf28,tablet
DEV_000244,aef972d41e06b8eb,mobile
DEV_000245,0741c92947c0324a,mobile
DEV_000246,42fe728266be5c4f,desktop
DEV_000247,2eb59f56377e10a0,mobile
DEV_000248,86668f940d47e971,mobile
DEV_000249,beaa530e6f7f5bf1,desktop
DEV_000250,b289cf7d02ed23d1,mobile
DEV_000251,073e1792fdd248f6,mobile
DEV_000252,68ada4b59b19b38f,desktop
DEV_000253,df9f1404937c3f18,mobile
DEV_000254,1781631cce402772,mobile
DEV_000255,2d09b10f17f4cde7,mobile
DEV_000256,9e8ee7eb4e92b530,desktop
DEV_000257,67a5f0efc32981c6,mobile
DEV_000258,757d680484709889,mobile
DEV_000259,dd9947f95989e3f5,mobile
DEV_000260,92763d2fe9939f91,desktop
DEV_000261,8fe010c5f361c752,mobile
DEV_000262,621aae32a5bd9119,mobile
DEV_000263,d6593830f8a50236,mobile
DEV_000264,acb5a26be90f601e,mobile
DEV_000265,ab2220ea2b419d0d,mobile
DEV_000266,e0e48ccd64bb4121,mobile
DEV_000267,f9a4cef83e02033e,desktop
DEV_000268,8a077c71c683c873,mobile
DEV_000269,406597b5e25fa829,desktop
DEV_000270,b357f77b74bc6c8c,mobile
DEV_000271,a14fca295ae8594b,tablet
DEV_000272,5881267bdec7bfa3,mobile
DEV_000273,f4e78822f35e76a0,mobile
DEV_000274,61eae3a7f7e63ec8,desktop
DEV_000275,52a0ff14781b1d1e,desktop
DEV_000276,9678f6b70d5238a0,desktop
DEV_000277,a5ec5b1efe208fad,mobile
DEV_000278,f53306ad5273aa9f,mobile
DEV_000279,445c0155137fbc4f,mobile
DEV_000280,66b2aa11ac7e1815,mobile
DEV_000281,152eae6e12f4a82e,mobile
DEV_000282,b664666f1394f962,mobile
DEV_000283,52e75e016c941759,desktop
DEV_000284,c1478d2876c9b78d,mobile
DEV_000285,55a3937e61f1e77b,desktop
DEV_000286,f784238af4b11325,desktop
DEV_000287,9db6119cb6bab524,desktop
DEV_000288,f6dac42e7c3a385b,mobile
DEV_000289,379b62183330bbd6,tablet
DEV_000290,40cb4c10ae3c0bd0,desktop
DEV_000291,3ef81799aa4c570d,tablet
DEV_000292,c275bc26c5685686,desktop
DEV_000293,5cad11a2e1a1f421,desktop
DEV_000294,2d49a066fe0f1e6a,mobile
DEV_000295,956c36440180e8e1,mobile
DEV_000296,cb7fc0cbdd41ee53,mobile
DEV_000297,090c329acb9b3bef,mobile
DEV_000298,03d79c688d7abebf,desktop
DEV_000299,590eccc7c23f1e40,desktop
DEV_000300,57f6de6bc061cbdf,mobile
DEV_000301,0eda3428fd030431,tablet
DEV_000302,2d64c3bcf240086f,mobile
DEV_000303,4f1fae6206a35cab,mobile
DEV_000304,0a8289d02a4036bc,mobile
DEV_000305,4946f2be8f2d421b,mobile
DEV_000306,3ab5069f003142a3,mobile
DEV_000307,59ebc5e5904aa797,desktop
DEV_000308,2dc9fb45e08d78c3,tablet
DEV_000309,c30695a4df220af7,mobile
DEV_000310,a2e8abedc9e8c7cf,mobile
DEV_000311,5b08642965a8a889,tablet
DEV_000312,66adabac1e45cbb4,mobile
DEV_000313,0f150e2e7e0281b5,mobile
DEV_000314,aaeda4af9576779b,mobile
DEV_000315,de3bb64e38a6f46d,mobile
DEV_000316,80777ea613bd61ec,mobile
DEV_000317,be5689e72a748aa3,desktop
DEV_000318,959c0ad7e19ce59b,desktop
DEV_000319,bc5561a03b960597,mobile
DEV_000320,6b2c0ab691f9938c,desktop
DEV_000321,77688d2d624613b0,mobile
DEV_000322,cdedeb9b75ffa81f,desktop
DEV_000323,245523a3cf8602e4,mobile
DEV_000324,41d3ddf4b389dd3b,tablet
DEV_000325,38d98bd5708934c3,mobile
DEV_000326,502081af7831730e,desktop
DEV_000327,e138d11180eea0a7,mobile
DEV_000328,d85d6c6cee2b6cd1,mobile
DEV_000329,bde67ffd7751d63e,desktop
DEV_000330,f474d1a4f334147e,desktop
DEV_000331,f10459468195b871,mobile
DEV_000332,b31e23a22fa27541,mobile
DEV_000333,c0a5a426f466e0cd,mobile
DEV_000334,f2a7f23cf974403c,desktop
DEV_000335,1dc6dc0a9b536fa0,desktop
DEV_000336,e0c9ab8e00ddea71,mobile
DEV_000337,caa1805c9e156905,mobile
DEV_000338,d935d960ae36fec5,tablet
DEV_000339,3be84a154ebed8b0,mobile
DEV_000340,ddc60286e7448b17,tablet
DEV_000341,987005c26fe84ee2,mobile
DEV_000342,b98f1993a7a391a2,mobile
DEV_000343,2d0bf4fef1c60855,mobile
DEV_000344,3fe99b9b1a32caa3,mobile
DEV_000345,d541c7b18b8b5456,desktop
DEV_000346,12b3f2ead542899c,mobile
DEV_000347,ef2d04ea6281242a,mobile
DEV_000348,f17100faf87c0cbd,mobile
DEV_000349,bc5054a271686d03,desktop
DEV_000350,9cfbe7543a581025,mobile
DEV_000351,4c97fb3533abf84a,mobile
DEV_000352,dcdba323e5707196,mobile
DEV_000353,e010babe38fa1a24,mobile
DEV_000354,5c7be10ad8d9cb40,mobile
DEV_000355,a7bc48eee8760979,mobile
DEV_000356,441a820fff036d4e,mobile
DEV_000357,34df9fdd649fda4e,mobile
DEV_000358,1f7318eb1c53cdd0,tablet
DEV_000359,7e3db8b77902109c,desktop
DEV_000360,0967322c9ac41f94,desktop
DEV_000361,026dd1f54f233dc2,mobile
DEV_000362,1ec1fed4582cd1e2,desktop
DEV_000363,dd4b14a462ebd1ce,desktop
DEV_000364,3ea0dad04cf1adb9,desktop
DEV_000365,2269c51270081a69,mobile
DEV_000366,b9e8ef86148e6c59,mobile
DEV_000367,a9a96b6baf28e1ba,desktop
DEV_000368,93b4c48c71431e14,mobile
DEV_000369,d5e94ec8485d351c,mobile
DEV_000370,e8ea3c37371467e9,desktop
DEV_000371,555fcc9ec75655a7,mobile
DEV_000372,fad59de6856e8adc,tablet
DEV_000373,c750ef15f412d713,mobile
DEV_000374,44e297686c99c6b8,desktop
DEV_000375,82b000ac6cbd5f41,mobile
DEV_000376,a3b118f2278fc2b0,mobile
DEV_000377,41b786a22674df47,desktop
DEV_000378,b2517cc65534ad77,tablet
DEV_000379,be574006e85f13a7,desktop
DEV_000380,6cbe24a499d72371,tablet
DEV_000381,ce8cadd88a79f735,desktop
DEV_000382,693be2c0376903f9,desktop
DEV_000383,59ad6ec9f70e7624,tablet
DEV_000384,ad29a97f1c180503,desktop
DEV_000385,62c6e08527cb13a7,desktop
DEV_000386,a58736f549c7ad6e,mobile
DEV_000387,4015776cd487966e,mobile
DEV_000388,ed80218443ec1d0b,desktop
DEV_000389,616032bc6f69f37f,desktop
DEV_000390,4327f49a03430aee,desktop
DEV_000391,1ee61eba52e086b7,mobile
DEV_000392,9a1823d41057e073,mobile
DEV_000393,592f4a2c00de4f53,mobile
DEV_000394,6b3ea1e5c9923fd9,mobile
DEV_000395,ff41b3e5ec769de2,mobile
DEV_000396,6a8911f90afe98b7,mobile
DEV_000397,4aff4540648cbeda,desktop
DEV_000398,d6d73ad1c921fa6d,mobile
DEV_000399,75e5369dfc526a3f,mobile
DEV_000400,3bf8e01ec90874ee,mobile
DEV_000401,5891d38c9b2c4d26,desktop
DEV_000402,293f42c102104bbf,desktop
DEV_000403,382b87d290a7d86b,desktop
DEV_000404,0054cd4b4914b51c,mobile
DEV_000405,b7f205f933e471bf,mobile
DEV_000406,f627a67c573cd6fd,mobile
DEV_000407,adfc34e3b4b03961,mobile
DEV_000408,d41a9ed92b39a8db,mobile
DEV_000409,2aa26e56a62fc613,desktop
DEV_000410,7ec57bec13f7f1fc,tablet
DEV_000411,d5302cb39f2ec952,tablet
DEV_000412,632ba4df230ea745,desktop
DEV_000413,fbb6d5cbaaf42f99,desktop
DEV_000414,197baf60a8f4706a,mobile
DEV_000415,d1967d9048b19591,desktop
DEV_000416,12b459d53cd2426c,desktop
DEV_000417,2e8485fe58e54a12,desktop
DEV_000418,1276dfde82fd486d,mobile
DEV_000419,53dbdf56ed96c8fc,desktop
DEV_000420,f289415486cce9e0,mobile
DEV_000421,c4cf3c2222f66442,desktop
DEV_000422,39138dc62cc34858,desktop
DEV_000423,3aa9c6e5dad60ceb,mobile
DEV_000424,14646b2fffc65532,tablet
DEV_000425,e75d819530fc6bd4,mobile
DEV_000426,e824b99c4bd1bee8,mobile
DEV_000427,9b6ca5fddf25dd18,mobile
DEV_000428,0802edfae9050ea2,mobile
DEV_000429,40068968b30607a0,desktop
DEV_000430,fc901e8829327883,mobile
DEV_000431,a68e3c8b4a466d47,mobile
DEV_000432,d0fea38f6af4fc4c,mobile
DEV_000433,1f65b183b65e77d8,tablet
DEV_000434,b825b4642ce80863,mobile
DEV_000435,0e952bacd3881494,mobile
DEV_000436,7aabdcfcc7025ec5,desktop
DEV_000437,fd56269fbdbb08fd,desktop
DEV_000438,79ee8afcc12eb927,desktop
DEV_000439,0d7f6300d1219a5f,mobile
DEV_000440,1f7efd22f5dbb563,mobile
DEV_000441,a520d5afa32dcb17,desktop
DEV_000442,cf83eb6423c05481,mobile
DEV_000443,c50a72268731cac0,mobile
DEV_000444,be83a3cc75026396,mobile
DEV_000445,712fac40b09a7954,desktop
DEV_000446,30164675283d3ff3,mobile
DEV_000447,331c423d2ddf4b35,mobile
DEV_000448,ef296ddf562a4b3b,mobile
DEV_000449,f222fa81cd180bd3,desktop
DEV_000450,4d3a160bbb297cd8,desktop
DEV_000451,90e16a4213d89e20,desktop
DEV_000452,e13c1948c7d7bc45,mobile
DEV_000453,deebcb128bba8457,mobile
DEV_000454,c36ced4f6c518b70,desktop
DEV_000455,b44bfcff26742911,desktop
DEV_000456,939401bfeff11d55,mobile
DEV_000457,00e44aa23116ee4f,mobile
DEV_000458,05c6db928ce166bc,desktop
DEV_000459,b792e49257cc9bad,desktop
DEV_000460,f514152d14156f85,desktop
DEV_000461,cac091c17b0c38f0,tablet
DEV_000462,625749eebc5c1388,mobile
DEV_000463,a2ab0b0e20c3307e,tablet
DEV_000464,597b708b4daea349,mobile
DEV_000465,df77526004003a8f,desktop
DEV_000466,7d1972fe75c68c5f,desktop
DEV_000467,ca963d306a2de848,desktop
DEV_000468,4dee3b8c67d5d9db,desktop
DEV_000469,333bf7ca6cd42fb7,mobile
DEV_000470,0d4d5b3175df827d,mobile
DEV_000471,afb157ef78c11b8d,desktop
DEV_000472,3ffd0be6a5a518a0,mobile
DEV_000473,2e8bc854d5bcbb5e,desktop
DEV_000474,5ca909d6d002f632,desktop
DEV_000475,4d59a97021b8d012,mobile
DEV_000476,e5e08d81fac4dd0e,desktop
DEV_000477,2b46c722dd272c22,mobile
DEV_000478,ea1020ac38773d93,mobile
DEV_000479,411e9431c1bae729,mobile
DEV_000480,32e53285338a3f7e,desktop
DEV_000481,018b60dbd03729f3,tablet
DEV_000482,b7fea8ed0e12c30f,mobile
DEV_000483,7430546b5311c412,mobile
DEV_000484,4263e0309cfa953a,mobile
DEV_000485,cc13dcc1c088eb65,tablet
DEV_000486,bae0320de3f7d5d9,mobile
DEV_000487,324840d4ed64716e,desktop
DEV_000488,5a7b5b6122443490,mobile
DEV_000489,caebdab3c6695c0f,desktop
DEV_000490,94d47dcd814f098b,desktop
DEV_000491,bbd45f515072e3c5,desktop
DEV_000492,80d8c445ab6cfc83,mobile
DEV_000493,42725c9be4c60ed5,desktop
DEV_000494,70b08d840406a9b6,mobile
DEV_000495,bfdf7ef35ae411b5,mobile
DEV_000496,56441605a6e5625f,desktop
DEV_000497,1adedab7d0cb02e6,desktop
DEV_000498,149f105b490b218b,desktop
DEV_000499,b8f96e760801469a,tablet
DEV_000500,572838b058fb8678,mobile
DEV_000501,0d4760d4963f3fd0,desktop
DEV_000502,9c0c3f0205995644,desktop
DEV_000503,8f3faa1300daf62a,tablet
DEV_000504,bebaccd4b5195fd6,desktop
DEV_000505,f86d37592a457e46,mobile
DEV_000506,6e4fc79fecd6f26e,mobile
DEV_000507,fd2c76dee3feb4b2,mobile
DEV_000508,9648974373b40962,mobile
DEV_000509,1c644a2d771caed5,mobile
DEV_000510,d0d3f9d1f69b2f15,mobile
DEV_000511,aedd81c0569651bc,mobile
DEV_000512,45de116e8495077c,mobile
DEV_000513,331090fe9730eaae,desktop
DEV_000514,b004a0d863064c43,mobile
DEV_000515,d14461afca469278,tablet
DEV_000516,abc43aa3bf42204d,desktop
DEV_000517,623229ad35362931,desktop
DEV_000518,48819f01c18859d2,desktop
DEV_000519,c8e971343bb913b4,mobile
DEV_000520,89045b9616b43374,mobile
DEV_000521,71946da4bf311e97,mobile
DEV_000522,e715036d91b10f31,mobile
DEV_000523,cbf231667c5e3f72,mobile
DEV_000524,6c6dc3c6808d9305,mobile
DEV_000525,b32ce491add9a8a3,desktop
DEV_000526,be7ed4de10f13691,mobile
DEV_000527,bb63d3384052b4dd,tablet
DEV_000528,bd88d2eedd5d988a,tablet
DEV_000529,99f87e7a47eba2d8,mobile
DEV_000530,947d07be3d5582aa,mobile
DEV_000531,b63bb33935b77a46,desktop
DEV_000532,1d2b23380e90ffda,mobile
DEV_000533,05f34a3fe0b3fc49,tablet
DEV_000534,5636fa72b88a0d32,mobile
DEV_000535,04a8c5d284122d32,mobile
DEV_000536,b5c68a7d83491991,tablet
DEV_000537,59d2d1cd6cd8ef90,desktop
DEV_000538,550e25d5b3d53a2a,tablet
DEV_000539,242bed391d85662d,desktop
DEV_000540,98e4eaccb00663c3,mobile
DEV_000541,e75970e3f766e828,desktop
DEV_000542,04ef03378fd1f3dd,desktop
DEV_000543,f8fdb42e6f9ab291,desktop
DEV_000544,fc73f05877e29f9b,mobile
DEV_000545,4ca5dc605ba48713,mobile
DEV_000546,756462caede52c55,mobile
DEV_000547,8344bcdc9f48ae32,desktop
DEV_000548,c54b1f9454def55f,mobile
DEV_000549,0ada80088c6b5b32,tablet
DEV_000550,27f398b2a33f0164,desktop
DEV_000551,054dfa1891a23c7b,desktop
DEV_000552,62e5ac6bd7f3bcea,mobile
DEV_000553,cd468e1d1543e9e6,mobile
DEV_000554,5911d1e984b9652d,mobile
DEV_000555,602f4f6af579c970,desktop
DEV_000556,83d887df29815ba4,mobile
DEV_000557,a88ff27d648f1f94,mobile
DEV_000558,4b15955de5d38dab,mobile
DEV_000559,1a6a31f4e3f5386b,mobile
DEV_000560,355239bfa184a1be,mobile
DEV_000561,f921dc2a5faaa7e0,mobile
DEV_000562,84dfc6739e53a7c4,mobile
DEV_000563,ecd7c259c557bd5d,mobile
DEV_000564,7cad323ca102e5b7,desktop
DEV_000565,05bfdce36eb6927b,desktop
DEV_000566,4d2936e7d59039f5,mobile
DEV_000567,a7ba7fab1896bdb7,mobile
DEV_000568,b5d3d3e86501dac2,mobile
DEV_000569,f194eb1312e12000,mobile
DEV_000570,29b4a955682cefb6,tablet
DEV_000571,7915fa147e539502,desktop
DEV_000572,95c3e1cccfc0d7ac,mobile
DEV_000573,aab0644ca55fd3ad,tablet
DEV_000574,faca2d014189e588,mobile
DEV_000575,8afc5add62afd5e7,mobile
DEV_000576,d46a02c224aead26,mobile
DEV_000577,45cf7d30848aae1b,desktop
DEV_000578,5ae5e3387d85e9b0,mobile
DEV_000579,c16124684ece9df2,mobile
DEV_000580,cb0fa737c6e90b4e,mobile
DEV_000581,34f801c115783dbb,mobile
DEV_000582,e456d65a825acc12,desktop
DEV_000583,a78cf5b0f679d529,desktop
DEV_000584,a614d2e0915ed523,mobile
DEV_000585,e5e3173320016237,desktop
DEV_000586,41d1127ec486b77a,mobile
DEV_000587,fc71a87733e1b6c2,desktop
DEV_000588,6fbdde6b053d851a,mobile
DEV_000589,c1736455a3ffb574,mobile
DEV_000590,289f8b8fd55a26a5,mobile
DEV_000591,d4fe57783f8d49a7,tablet
DEV_000592,23521ab15fa359af,mobile
DEV_000593,2d04b1985b66bc57,mobile
DEV_000594,7bf3c8755d11a8c6,mobile
DEV_000595,4c7592edfdcf8cb4,mobile
DEV_000596,e05f7a3e7727a498,mobile
DEV_000597,3808350b0b4df7ba,mobile
DEV_000598,447d10ad6223ae78,desktop
DEV_000599,014881404ebcbb36,mobile
DEV_000600,d9b91d8dd4fa14df,tablet
DEV_000601,1716d59db7ecd4c3,mobile
DEV_000602,5e8b8a3721026563,mobile
DEV_000603,4ff8d4dbe153ac4e,mobile
DEV_000604,2a33fea0a9939cb2,mobile
DEV_000605,521ec1b8717fa18a,mobile
DEV_000606,21faf0fcfb712dcb,mobile
DEV_000607,02b0997e00a9d4a8,mobile
DEV_000608,6e8939ff8c8f360e,tablet
DEV_000609,a6b08002e70ff483,mobile
DEV_000610,36f860a33637574e,desktop
DEV_000611,83e77e603997bef3,desktop
DEV_000612,ca71e13f8269b342,mobile
DEV_000613,8491cee5850b7d46,mobile
DEV_000614,875d9d96c39af6fd,mobile
DEV_000615,09bccdc4ab2b0626,desktop
DEV_000616,68986f6db130ea29,mobile
DEV_000617,acd35d1209be3329,mobile
DEV_000618,1a53e5c514047038,desktop
DEV_000619,f850ed2eb746bd5a,mobile
DEV_000620,fb107126404df648,tablet
DEV_000621,715793ba38f97abb,mobile
DEV_000622,61d06f11f4436336,desktop
DEV_000623,7135c9a4119fa554,tablet
DEV_000624,a3f4487e4fa2cacc,mobile
DEV_000625,45bad3569c98967a,mobile
DEV_000626,746860f70c6e52a9,tablet
DEV_000627,6854877c88fcb537,desktop
DEV_000628,58c6147f3a718513,desktop
DEV_000629,cfb98e37befc8106,mobile
DEV_000630,0d491546688867b5,desktop
DEV_000631,ebd501a05a689f2f,mobile
DEV_000632,1ddc6dd62153a776,mobile
DEV_000633,104dbc6b13575fbd,desktop
DEV_000634,2cc006fc96c1bf78,mobile
DEV_000635,1dbf5b0ca4273680,mobile
DEV_000636,deaa647433cc7f17,desktop
DEV_000637,6a2b5aa58aacbea4,mobile
DEV_000638,50bef8c7a1438f76,mobile
DEV_000639,653e83f49a30ea2f,mobile
DEV_000640,eaebc444779ec6f7,mobile
DEV_000641,e26954e3ddad5a74,mobile
DEV_000642,4193a9c3fbca73d2,tablet
DEV_000643,608d7116c20fae90,mobile
DEV_000644,cb06451350c5cf57,desktop
DEV_000645,4027fa33ccabb083,mobile
DEV_000646,b478ad4d84d5e17f,desktop
DEV_000647,7e91f7a9dab44bdd,mobile
DEV_000648,54e463b8dc6f0b9b,mobile
DEV_000649,94e0ca122a9deec1,tablet
DEV_000650,46d235c8103e8875,desktop
DEV_000651,2b38d457def76266,mobile
DEV_000652,b29b4951f097947f,desktop
DEV_000653,5f5dec682b52f333,desktop
DEV_000654,80530b6d78c34611,mobile
DEV_000655,7d772a581c233c85,mobile
DEV_000656,8797f74c0b3d84ca,mobile
DEV_000657,98dcdff74192b910,tablet
DEV_000658,9e9ab1b28f3deb40,desktop
DEV_000659,df5ae2b92bc0513f,mobile
DEV_000660,b545eda9c056ebf0,desktop
DEV_000661,e2d01b469a76a41b,tablet
DEV_000662,b1f24ea052b7e390,desktop
DEV_000663,d44d7f19ced94a8f,tablet
DEV_000664,2572ab7a05948218,desktop
DEV_000665,090a0ddc32a55a29,desktop
DEV_000666,822b3874c3db08f6,tablet
DEV_000667,fd66441b15d1fad5,mobile
DEV_000668,7ee2c63567e58f42,mobile
DEV_000669,999430c59738d723,tablet
DEV_000670,d6aeb773a3faae28,mobile
DEV_000671,8e05224c5435ff89,mobile
DEV_000672,dd1cb4118eb508e3,desktop
DEV_000673,ae33b6030a0902ee,desktop
DEV_000674,565d4f46c77b116f,mobile
DEV_000675,322b37062449e81c,tablet
DEV_000676,2200da19ba83816f,desktop
DEV_000677,a89f352386e118d1,mobile
DEV_000678,8b4b1eb37c1d9a3d,mobile
DEV_000679,6d42936651084f4e,mobile
DEV_000680,cadd9a8bca318122,desktop
DEV_000681,0bf5b48694e7cc2d,mobile
DEV_000682,059c2f8736fc12db,mobile
DEV_000683,e0f0435a0e078039,mobile
DEV_000684,74686a16008a0355,desktop
DEV_000685,917502856e3d76f0,mobile
DEV_000686,5130b01ab8b0e473,mobile
DEV_000687,10cb88f4ad3c74f4,desktop
DEV_000688,b945c79e667bd26c,tablet
DEV_000689,5ef4d1b1124c8a30,tablet
DEV_000690,350c486667d8ecb5,mobile
DEV_000691,7fefbde05f4f13c1,tablet
DEV_000692,da7efd8c476970ef,desktop
DEV_000693,de0914fb66075da3,desktop
DEV_000694,b5fc094933b23318,mobile
DEV_000695,f0342d6a9c8dc790,desktop
DEV_000696,75871961520b4b4d,tablet
DEV_000697,8fffa8b751374fd5,mobile
DEV_000698,e79426f8952f9403,mobile
DEV_000699,bfdace6cef038e39,desktop
DEV_000700,5392e825d4cb0801,mobile
DEV_000701,4101bbbf6468c36f,tablet
DEV_000702,843f672add9015ff,desktop
DEV_000703,07ce9a908c78e52e,mobile
DEV_000704,91e95a86bae39d70,desktop
DEV_000705,6af956369a3f2d66,desktop
DEV_000706,3b96111a0405ebf2,mobile
DEV_000707,b306763565a5fe9a,mobile
DEV_000708,3afbdf59be421bee,desktop
DEV_000709,225e750aacb8da02,desktop
DEV_000710,973f9fa012933c05,mobile
DEV_000711,3941cb5ecb005ff9,mobile
DEV_000712,ebaf8a8b719276d2,mobile
DEV_000713,795c0461e04cb26f,mobile
DEV_000714,b17bff11620134a2,desktop
DEV_000715,acf3e2080ce03bb0,desktop
DEV_000716,d2812e008ab185f1,mobile
DEV_000717,1e680d52ee7c5dd9,mobile
DEV_000718,3de46b86030379a7,mobile
DEV_000719,4ea8a5f2a4e4e515,mobile
DEV_000720,7623f42644ece980,mobile
DEV_000721,fe8c7c5ec167860c,mobile
DEV_000722,10ec5d9b9e9a3d00,desktop
DEV_000723,784be29c03a30382,mobile
DEV_000724,7184c6ee9a67feb4,desktop
DEV_000725,d153662c4b8598f6,desktop
DEV_000726,b0cca52880fa8b6c,mobile
DEV_000727,1fdd177c1ef579eb,mobile
DEV_000728,db3f3b92af033520,mobile
DEV_000729,e22d6f01ecf4f124,desktop
DEV_000730,1c3760220506a28b,mobile
DEV_000731,4b0c2d2e64d7e760,mobile
DEV_000732,00877a29ad56cd4f,tablet
DEV_000733,cb253aed62de5ac1,mobile
DEV_000734,4776a1f0852593e2,desktop
DEV_000735,86b785549e8bc60d,mobile
DEV_000736,1e30d7e8274d8939,mobile
DEV_000737,0aaa5278d77770b0,desktop
DEV_000738,6f94d024d417978f,mobile
DEV_000739,35ffee1c02c2a34e,tablet
DEV_000740,dfa65afe11daa0fc,mobile
DEV_000741,209ac69081798918,desktop
DEV_000742,d4f26928bce3cb5d,desktop
DEV_000743,f266473def16697b,mobile
DEV_000744,1f95eb4ffc9f70e9,mobile
DEV_000745,84e73dc084768cfd,tablet
DEV_000746,3ac2aff60044430e,mobile
DEV_000747,05c4951f2dbf5063,tablet
DEV_000748,dc6bbf7c11f94bd2,desktop
DEV_000749,76a6f41d12e7f26d,mobile
DEV_000750,d649e4651963dcda,mobile
DEV_000751,68f4d60fb143dd4f,mobile
DEV_000752,0e08782efb5e5aad,mobile
DEV_000753,0ca071def79fea03,mobile
DEV_000754,be38eef2ebdd1824,mobile
DEV_000755,e83c0b8622c213ec,desktop
DEV_000756,dc69549d93a17fe0,desktop
DEV_000757,bf99ea3e6709258e,mobile
DEV_000758,203ccc4dbf0e4166,mobile
DEV_000759,6752ee7ea09816db,mobile
DEV_000760,7a23d1d2baf7a23a,mobile
DEV_000761,9d93e9d88f3fae35,mobile
DEV_000762,651995529d5b9ba9,mobile
DEV_000763,82bd14191745d27b,desktop
DEV_000764,642fa370d9d0ada7,desktop
DEV_000765,384b34b2de0311b6,mobile
DEV_000766,e5cb3e357b2fb009,tablet
DEV_000767,a7a470dcbdbf095e,desktop
DEV_000768,2890c670c937a98a,mobile
DEV_000769,64d7d11c09939783,desktop
DEV_000770,cc2cf4620c0a07fc,mobile
DEV_000771,9cb3fabbdfd2b037,desktop
DEV_000772,70cca636b1415158,tablet
DEV_000773,f038beacf18cba6e,desktop
DEV_000774,9357bdeec16deddd,mobile
DEV_000775,c2771e022345e172,desktop
DEV_000776,b67598ede8fa6fbc,mobile
DEV_000777,2fcad16939644aaf,mobile
DEV_000778,a0e78fa6ec433cbf,mobile
DEV_000779,5bdf9960097ed06e,mobile
DEV_000780,9bf6d974d226c071,tablet
DEV_000781,5832bd0c7909f67b,mobile
DEV_000782,02d4868a7675d7eb,desktop
DEV_000783,bace846b08bcc831,tablet
DEV_000784,2dc04a1c09079da2,mobile
DEV_000785,63be4af230db3291,desktop
DEV_000786,00bef24c00eb1c14,mobile
DEV_000787,4527ead006e67472,mobile
DEV_000788,6bb8305a321d4432,mobile
DEV_000789,7933c28ed3118450,desktop
DEV_000790,8715e9b8931eaf78,desktop
DEV_000791,e5e57e07b709f3a4,mobile
DEV_000792,5388363a1dd699d0,desktop
DEV_000793,6c4b4c2829e0e872,desktop
DEV_000794,a704f1c92dfe73b3,mobile
DEV_000795,e11e9b3d2ec14f51,desktop
DEV_000796,ca52470de7636212,mobile
DEV_000797,e9a85496260a89c2,desktop
DEV_000798,492f4c32a07aa5c9,mobile
DEV_000799,fdf3085524aabd01,mobile
DEV_000800,af648e849223c184,desktop
DEV_000801,8672699a3f398117,tablet
DEV_000802,24918ecd82740b53,mobile
DEV_000803,374d078c1cc3f361,mobile
DEV_000804,1327a184077f5257,desktop
DEV_000805,24c6c6f499d32df9,desktop
DEV_000806,0d811b92dcf0670f,desktop
DEV_000807,f559e79739acbd30,desktop
DEV_000808,9eabcb4a66974536,tablet
DEV_000809,4e590a8f577de61e,mobile
DEV_000810,d1dd71a883021b10,desktop
DEV_000811,f468c37f32d6ed38,mobile
DEV_000812,b1005d2f7cecdf5c,mobile
DEV_000813,fe50882c0f62906c,desktop
DEV_000814,d7fc77fd55305190,desktop
DEV_000815,175dff1a7a3d9968,mobile
DEV_000816,077cfa5fd8e50681,desktop
DEV_000817,ed8173e86f6b581d,desktop
DEV_000818,2c2eb2a35480c6cf,mobile
DEV_000819,59d035a872b1ca1c,mobile
DEV_000820,1fbefe300594e986,mobile
DEV_000821,05425bc3e8dc2195,mobile
DEV_000822,977d05e72cbb9b8c,desktop
DEV_000823,6296d1cbc000fcfc,desktop
DEV_000824,51aa823260a3033b,mobile
DEV_000825,f063860ee8ba1d37,mobile
DEV_000826,2b185773d72639c6,mobile
DEV_000827,d8488159e2530b29,desktop
DEV_000828,d4420d277f3262ad,mobile
DEV_000829,65e75f533b88d1f2,mobile
DEV_000830,5c32de7766eeefe4,mobile
DEV_000831,7b4d82affaf16a2b,mobile
DEV_000832,4933b0243aea7e91,desktop
DEV_000833,849e0a8df51699e1,desktop
DEV_000834,612734452cf702bc,mobile
DEV_000835,25bb8174f2370734,mobile
DEV_000836,3ed16f6c94b5e8e2,mobile
DEV_000837,aa1c2becb456e0c7,mobile
DEV_000838,58e4649895978ad5,mobile
DEV_000839,7eeeeb4d64fe362f,tablet
DEV_000840,a641865eb2e1012a,mobile
DEV_000841,90d66205a1816cd0,desktop
DEV_000842,04343d6a8f1543cf,desktop
DEV_000843,0a84a229f031d2dd,desktop
DEV_000844,0ded5a928ef37b6d,mobile
DEV_000845,6b7f17f3f11558dc,mobile
DEV_000846,6f774970ec65ae8c,mobile
DEV_000847,3983cee3552f9cfe,mobile
DEV_000848,454aac4cb8e089cf,mobile
DEV_000849,57e5ed91b9bdc65b,desktop
DEV_000850,7014769023179828,mobile
DEV_000851,9dc0762159594169,tablet
DEV_000852,504c89556715eb05,mobile
DEV_000853,99fc5a1b5fbf46e1,desktop
DEV_000854,9d99125b7fffa4ce,mobile
DEV_000855,ae66f8982ba0e272,mobile
DEV_000856,540de105f91919f3,tablet
DEV_000857,64a1873ccd1f8bf1,tablet
DEV_000858,26a1406dd19ac22f,mobile
DEV_000859,e3c5635646d7c367,desktop
DEV_000860,6b6e0c071c2b18d1,desktop
DEV_000861,71583260d4d4eabd,mobile
DEV_000862,8f58ac2121c1b441,mobile
DEV_000863,863272846241e222,mobile
DEV_000864,6a1a7d716419727a,mobile
DEV_000865,60bad36e671e9096,mobile
DEV_000866,e7978afdba8461a8,mobile
DEV_000867,7ae0e082153073fb,desktop
DEV_000868,0c2619966bf261e1,mobile
DEV_000869,65907b3e6ec49fc6,mobile
DEV_000870,d18edbac59d52157,desktop
DEV_000871,dd04208d7947c31e,mobile
DEV_000872,5294df173c039462,mobile
DEV_000873,6e3bcb47657069d7,mobile
DEV_000874,7c06a8de96e9a231,mobile
DEV_000875,f3a8f789a24a2b11,mobile
DEV_000876,dae71ef6b73c098c,desktop
DEV_000877,8cae10db4a67e25f,mobile
DEV_000878,51d0156007faa986,tablet
DEV_000879,11d00707be276460,desktop
DEV_000880,96957f4491547fd1,mobile
DEV_000881,5f35a08889d4c6c4,mobile
DEV_000882,e501da2395aed111,desktop
DEV_000883,075a77bbc7ccaaf3,mobile
DEV_000884,4e8900d73f88eec4,mobile
DEV_000885,4c7f483b0d28b71e,tablet
DEV_000886,46bec345cd512627,mobile
DEV_000887,41c65524bfc83e8d,mobile
DEV_000888,2c99becb935313c9,mobile
DEV_000889,69900de263f38cbd,desktop
DEV_000890,82b8b227fa67c415,mobile
DEV_000891,592ff7d342766fc1,mobile
DEV_000892,15169853d7f13762,mobile
DEV_000893,b9bf5206494218c7,tablet
DEV_000894,65793bd1153e0595,mobile
DEV_000895,0c51d7e49e4f7c80,desktop
DEV_000896,05e5feb9b3cb369f,desktop
DEV_000897,5aaca59083dfa171,mobile
DEV_000898,7b624e3a584d9f0f,desktop
DEV_000899,6cc71862cfefd59c,tablet
DEV_000900,87ab66e330db751d,mobile
DEV_000901,76e09b695d741fb5,desktop
DEV_000902,081df75abeca7d84,desktop
DEV_000903,6f7d8195e0fad3b7,mobile
DEV_000904,79ea494db903ebc3,desktop
DEV_000905,b10a4e1ab3ef71cc,mobile
DEV_000906,900c1f6b9a2f95a7,mobile
DEV_000907,1ac0857e448ad207,mobile
DEV_000908,60bd283378dbcc38,mobile
DEV_000909,66e6855b1c7ac859,tablet
DEV_000910,0cf043afae935329,desktop
DEV_000911,344ba6339c00be8e,desktop
DEV_000912,d1ab557942a90968,mobile
DEV_000913,afba375f3525339b,desktop
DEV_000914,b900359d01edb8da,mobile
DEV_000915,1a1b327f826099ed,tablet
DEV_000916,9aae8e1f4bfcbbc6,desktop
DEV_000917,f013c940596bd890,mobile
DEV_000918,76920b31afcd48c4,mobile
DEV_000919,19bb299d6a6f98e1,tablet
DEV_000920,a142458de7bd0f9a,mobile
DEV_000921,6f686c2bddabc9b3,tablet
DEV_000922,3b8021cf4732b2f3,desktop
DEV_000923,a1340d6617d5889f,mobile
DEV_000924,9992bc05b7bcb834,desktop
DEV_000925,6a494916727010be,desktop
DEV_000926,4004aa956577beae,mobile
DEV_000927,a4637d451487dd28,mobile
DEV_000928,95f1ea2aa3740b27,mobile
DEV_000929,30c493c06621ee03,mobile
DEV_000930,389c616da634fa1f,mobile
DEV_000931,4ce6bdb660dbd000,mobile
DEV_000932,41bb7bea594bf3aa,mobile
DEV_000933,9e9c72bea736b69b,desktop
DEV_000934,679e68a74aa5938e,mobile
DEV_000935,a3ffacb18c5db8e4,mobile
DEV_000936,b03d068555ecada7,mobile
DEV_000937,2647347e641d817d,mobile
DEV_000938,fa1ed6a43149f991,mobile
DEV_000939,eb2d4c7e3245f866,mobile
DEV_000940,43ac817b8239b453,desktop
DEV_000941,4c11e439bf872234,mobile
DEV_000942,29d0fb59ab6ffbc9,mobile
DEV_000943,714853a9d98d72ba,mobile
DEV_000944,57ce1af3b1e24733,tablet
DEV_000945,e62fe68938505467,mobile
DEV_000946,df357842d3503bb3,mobile
DEV_000947,5c6956cf302ce883,mobile
DEV_000948,db5f66859d9e71de,desktop
DEV_000949,7579b806694d30a3,mobile
DEV_000950,9523841ebbde6af9,tablet
DEV_000951,d86d2af4aa561e3d,tablet
DEV_000952,0f78548fc95cea34,mobile
DEV_000953,2b28be60025fa05f,desktop
DEV_000954,5c0659e66d75f905,mobile
DEV_000955,963b8dc21a05aa4a,tablet
DEV_000956,91248c0ee554f3f2,mobile
DEV_000957,6dc61b422381d273,desktop
DEV_000958,d156c9368eeb6903,tablet
DEV_000959,45e95b6023717cc7,desktop
DEV_000960,fc25da1a778325a2,mobile
DEV_000961,fd44278ce22f7b9d,mobile
DEV_000962,76e879c5b8a7ed8e,desktop
DEV_000963,138978834ec3e32f,mobile
DEV_000964,23463c567f0bf6de,tablet
DEV_000965,54237cb796596cec,mobile
DEV_000966,dd0efd4866e01a9e,mobile
DEV_000967,de19a945925aa6d1,desktop
DEV_000968,2c3870bc3b6f0e11,desktop
DEV_000969,3714b7b914cb7e23,desktop
DEV_000970,83d35f0a90446a59,desktop
DEV_000971,305ef2d66f86b929,tablet
DEV_000972,91bc1984dacdfccd,tablet
DEV_000973,69c35ff9962b1a65,tablet
DEV_000974,124c24370fb4847f,mobile
DEV_000975,fd03affa884efcf5,desktop
DEV_000976,0a66de4c52d0035e,mobile
DEV_000977,0baeea2544770089,desktop
DEV_000978,069b4f03a6b5757e,mobile
DEV_000979,db2404456b3d65ce,mobile
DEV_000980,b50e43b0951af550,mobile
DEV_000981,fba043bb4abdeac3,mobile
DEV_000982,339e3d9b75b9bc07,mobile
DEV_000983,633f1899b28d6045,desktop
DEV_000984,b4f735c21ef0c7a8,desktop
DEV_000985,d3fd79fa55eca982,mobile
DEV_000986,351f28e86fb70368,mobile
DEV_000987,2339d35da0e0c911,tablet
DEV_000988,47b293faeecec2fc,desktop
DEV_000989,a300b6fc44e74c63,desktop
DEV_000990,3bf046ae344684c1,mobile
DEV_000991,40a0b8a84c744aba,desktop
DEV_000992,a90fdcf4981e3562,mobile
DEV_000993,197cdc20221134fe,desktop
DEV_000994,ba92ce1687189ab6,mobile
DEV_000995,7fdc6c2e3d0ccebc,mobile
DEV_000996,1a91e2ecee39bc34,mobile
DEV_000997,136a41e121dce5c2,mobile
DEV_000998,1cf8c3391f4e4d92,mobile
DEV_000999,04ab382f014209e6,mobile
DEV_001000,6c08310c9ee7023b,mobile
DEV_001001,9fc49edc8a0fd921,desktop
DEV_001002,a13deaedff679cc6,mobile
DEV_001003,d8505b7cbc0a0dfc,desktop
DEV_001004,e6c4af52d3ce4cfe,mobile
DEV_001005,d8bada067dd64aea,tablet
DEV_001006,8cc6425b125cb184,mobile
DEV_001007,c55da7d868ea49c4,desktop
DEV_001008,cccfcd9e7f3011db,mobile
DEV_001009,c0b4f4d4316c71c4,mobile
DEV_001010,5980022b5d0e6d81,mobile
DEV_001011,bec9b2be4a045218,mobile
DEV_001012,a705236c7e90d3ca,mobile
DEV_001013,2a5cf59a2c20d9cd,desktop
DEV_001014,abf8a1782c31fa81,mobile
DEV_001015,8043a4c5a79aee25,mobile
DEV_001016,a6674f96b7d1bd7d,mobile
DEV_001017,c67217434249e735,mobile
DEV_001018,5b2426e4d456a822,mobile
DEV_001019,b090a037b17e4866,mobile
DEV_001020,213645abf17c4411,mobile
DEV_001021,26baefb22df08453,tablet
DEV_001022,a2dd20a73ffd0db8,mobile
DEV_001023,283c9e96f1215921,desktop
DEV_001024,f851dc1d41922df1,mobile
DEV_001025,88db7e17cc025dc8,tablet
DEV_001026,c836f0a5d3ade2a2,mobile
DEV_001027,56552e9701685f40,mobile
DEV_001028,02c007bd463ba3ba,desktop
DEV_001029,7c3758f368de6ad4,desktop
DEV_001030,233d96ad00d92103,desktop
DEV_001031,6a1c8ec24e423f35,mobile
DEV_001032,9b0a6fa6ce97eb13,desktop
DEV_001033,d942abe1e125c814,desktop
DEV_001034,131a10d1df0585cc,mobile
DEV_001035,17f3ecd8b529d967,tablet
DEV_001036,a7284d681f69dcbb,tablet
DEV_001037,a4db7db21f9865e7,tablet
DEV_001038,4b1e7caff19cdf0e,desktop
DEV_001039,22d7d5792394a958,mobile
DEV_001040,732430e489ba6495,tablet
DEV_001041,bc199ce67e649c6e,mobile
DEV_001042,f57c6955c467ac62,desktop
DEV_001043,30234363730f565e,desktop
DEV_001044,136fc83ef0cf0145,desktop
DEV_001045,6f98581fb6374b2b,tablet
DEV_001046,af44fb2adcbac6da,mobile
DEV_001047,0b40c15ce7dc8336,mobile
DEV_001048,3109e70526facac0,mobile
DEV_001049,bbb7a26858641ffd,mobile
DEV_001050,8916c807abb1717d,desktop
DEV_001051,815c6cbe0503347e,tablet
DEV_001052,4a27784c1e6f350f,desktop
DEV_001053,22b72253361b05c2,mobile
DEV_001054,058eb1f3c6b92495,desktop
DEV_001055,35dcb07ad158867e,desktop
DEV_001056,42b5ca4393f809a6,mobile
DEV_001057,e500d6591aaf4193,tablet
DEV_001058,71beacfb16e97c8c,desktop
DEV_001059,2fdbe7d4610d32aa,tablet
DEV_001060,051cfd30e97f6aef,mobile
DEV_001061,341ba81f12a9e924,mobile
DEV_001062,7c04aa80b886910f,desktop
DEV_001063,beb77b76de38daf9,desktop
DEV_001064,2d8e14e6285d8b6b,desktop
DEV_001065,c07e8884d042e28d,desktop
DEV_001066,68295d7bba5f85f0,tablet
DEV_001067,1f61ca88d5e739cc,desktop
DEV_001068,c8163246c9777dd6,desktop
DEV_001069,451f17d3f33ec7cb,tablet
DEV_001070,c7c8249911f46c3f,mobile
DEV_001071,b505e348675d6788,mobile
DEV_001072,05957b696f29030b,mobile
DEV_001073,5975d4bd539875c9,mobile
DEV_001074,4ed3ad7a9253eb81,desktop
DEV_001075,1dd540545a4ff264,desktop
DEV_001076,85a7824bf669eb78,mobile
DEV_001077,636313843183967d,mobile
DEV_001078,cc0bc444d42893cd,desktop
DEV_001079,895933aeb2724a53,mobile
DEV_001080,5545f5a53b75321b,mobile
DEV_001081,e7e12e020c2d2932,tablet
DEV_001082,726fbb5f9f9698e4,desktop
DEV_001083,098074751553a4cc,mobile
DEV_001084,9e83665c59466f26,mobile
DEV_001085,1e2b181e76136b09,mobile
DEV_001086,a634599e6881b599,mobile
DEV_001087,f1cd113a4764aaaa,mobile
DEV_001088,e2e7ac2e93ceefe0,mobile
DEV_001089,2e38a5e73a53bf64,desktop
DEV_001090,dd05acf7982e3ec4,mobile
DEV_001091,8fb2b6a9a5cb874e,desktop
DEV_001092,537e5f3ae1de98a7,tablet
DEV_001093,2f842be539467fd8,tablet
DEV_001094,2fcf6253a440eb1b,mobile
DEV_001095,d0362e0f984a4012,mobile
DEV_001096,f30c58666f7c9ba7,mobile
DEV_001097,44b30af689bd1b21,desktop
DEV_001098,a3e6bff202a5c305,mobile
DEV_001099,76525fa6830ef3a0,mobile
DEV_001100,4ec6b030e56be5cb,tablet
DEV_001101,8f691979fbc0e82e,mobile
DEV_001102,158d840b0daad626,mobile
DEV_001103,524ebbd1f9a4a076,mobile
DEV_001104,069fc5bbeea2434d,mobile
DEV_001105,8a37f1839643db11,mobile
DEV_001106,a820bca361d071ce,mobile
DEV_001107,d5fbb5f1773cdf82,mobile
DEV_001108,97a95b50fcb4392e,mobile
DEV_001109,88e9d0945d34f32d,mobile
DEV_001110,d3e9147235135a82,tablet
DEV_001111,ca69b5f822a7666c,mobile
DEV_001112,31ca7a6daef908d7,mobile
DEV_001113,f8e837826eef13d7,desktop
DEV_001114,6d0c4b20cceb3385,mobile
DEV_001115,0592ad9d6ccf6896,desktop
DEV_001116,13441a2ef1b074c3,mobile
DEV_001117,5ce746e6cc9c565f,mobile
DEV_001118,d9cb28a9683b4dac,desktop
DEV_001119,558ae9de771a678c,mobile
DEV_001120,87b711668c2e08fa,mobile
DEV_001121,fa844751c8fd759f,desktop
DEV_001122,b6b4afe8d7cd487c,tablet
DEV_001123,5f06a5cd566868a2,mobile
DEV_001124,4d6d95e40484aa85,mobile
DEV_001125,89aea06cd62c4816,mobile
DEV_001126,e6739dfdc0a2f34d,mobile
DEV_001127,e828c35ac0df8770,mobile
DEV_001128,9f91070ff184302d,mobile
DEV_001129,86a12cb5f5af8288,tablet
DEV_001130,c160aee0701b9e92,mobile
DEV_001131,b817b1c194911ce5,tablet
DEV_001132,9de1bb9c89a230f4,desktop
DEV_001133,05245e90efdc858d,desktop
DEV_001134,7255aaf85024f0e2,desktop
DEV_001135,dd15494d269b2365,mobile
DEV_001136,953c97db1e298a9d,desktop
DEV_001137,30f0a2bf7ab51004,mobile
DEV_001138,d1a421c2dc6d3140,desktop
DEV_001139,ec6cebe5e6cf793b,desktop
DEV_001140,80f9de8ca4e12963,desktop
DEV_001141,43ef6dd8771aa223,mobile
DEV_001142,621d87b036956a2b,mobile
DEV_001143,eb67beaedd668a82,desktop
DEV_001144,cf5f4297b2d470f6,mobile
DEV_001145,3b86b0bd6273b9cc,desktop
DEV_001146,2c3331672cc64a12,mobile
DEV_001147,9829a7b66d57f360,mobile
DEV_001148,cfa6277f5d46e964,tablet
DEV_001149,9186b40d8124b19e,mobile
DEV_001150,b4971fba54058432,tablet
DEV_001151,b05486eae674de2f,tablet
DEV_001152,b19bfc28b993dd27,tablet
DEV_001153,f05c317b974c2e79,mobile
DEV_001154,1268213f946b2b4f,tablet
DEV_001155,c14c31073490fdc7,mobile
DEV_001156,48eaed83c2055880,tablet
DEV_001157,d7199be62d29248e,desktop
DEV_001158,e2b320072d4f71a5,mobile
DEV_001159,908b3601a7578dcf,mobile
DEV_001160,240c6e45aed76d46,desktop
DEV_001161,e9c4b53331cbcedf,mobile
DEV_001162,c8b6cba9dccc7320,mobile
DEV_001163,cd434677d8559e55,mobile
DEV_001164,ede44e01b0597591,mobile
DEV_001165,5976938dee685627,tablet
DEV_001166,20e21c565284cbd4,mobile
DEV_001167,e382c88d3f2e2858,mobile
DEV_001168,28d6be9fdddc98bd,mobile
DEV_001169,c4b40e09c9df9720,mobile
DEV_001170,b707c8eeccac4e60,mobile
DEV_001171,5223113c3d23be66,tablet
DEV_001172,139aa9d1ed012f85,tablet
DEV_001173,c8ac65d37b25816a,desktop
DEV_001174,97bc3d701e8a6aa1,tablet
DEV_001175,e7ea09c9998ac11a,mobile
DEV_001176,c39c5fb98c85bd7f,desktop
DEV_001177,be2c3923155d8052,mobile
DEV_001178,b57b3c660baafd3e,desktop
DEV_001179,254cecc4ff00eba3,tablet
DEV_001180,e006ead1c0753545,mobile
DEV_001181,0026ce726b8351d8,desktop
DEV_001182,757f475b2fece829,mobile
DEV_001183,5eb3c0e5e808bdc9,mobile
DEV_001184,f1fb8233c752a698,mobile
DEV_001185,3686b1874665bdba,mobile
DEV_001186,fddb467b4d7db132,tablet
DEV_001187,b59db96d6779de92,mobile
DEV_001188,3cb9337c6cc3ce6b,mobile
DEV_001189,3913d6ab342b31c5,tablet
DEV_001190,1c2a9ed085c79ab1,desktop
DEV_001191,404ad2c4e363597f,tablet
DEV_001192,66202e5bd2c5fe63,mobile
DEV_001193,fc2b5a060dbaeda9,mobile
DEV_001194,606932e8e5fe48f9,mobile
DEV_001195,a6eba6be476c2ed9,mobile
DEV_001196,2b0b768f5f5fa967,desktop
DEV_001197,af5012cf7c2d9366,tablet
DEV_001198,349d89dc3659a5e8,mobile
DEV_001199,7af38da419ca2c7f,mobile
DEV_001200,f6716736dca37ea8,mobile
DEV_001201,402d80fca15c0fdb,mobile
DEV_001202,c516f1b73804d1fc,desktop
DEV_001203,47c76e5b70a625d1,mobile
DEV_001204,b07fd49bbeab72ab,desktop
DEV_001205,86ff988a2f37353f,tablet
DEV_001206,1c49feaacde1d51f,desktop
DEV_001207,ac1e15d773e87c6a,desktop
DEV_001208,d47282be90a250c8,desktop
DEV_001209,23db9831af497930,mobile
DEV_001210,d829b82d9d6e46a6,mobile
DEV_001211,c76690c5381862e4,tablet
DEV_001212,6e792fa69faa7ca2,tablet
DEV_001213,0a3e2f467552d96e,mobile
DEV_001214,a9fd455aae8fab75,tablet
DEV_001215,68773bfa14c2ad18,tablet
DEV_001216,c9d2621ef1b8afd9,mobile
DEV_001217,8ffb24e63cf3c7ea,tablet
DEV_001218,cd7c2e68a6729e18,mobile
DEV_001219,fe9caaef5084e451,tablet
DEV_001220,6af218c459452504,desktop
DEV_001221,2eaabb32a1521081,tablet
DEV_001222,55a4546e9d4ed327,tablet
DEV_001223,83db0f25cad01f8b,desktop
DEV_001224,91c57d7efd34172f,mobile
DEV_001225,0b4c7991569e2189,desktop
DEV_001226,fa86207b139fb134,desktop
DEV_001227,e6c0220bc0d0e9e7,desktop
DEV_001228,bcb615d3b481f21c,mobile
DEV_001229,f55af14229110c27,mobile
DEV_001230,78193c68a5659e5f,mobile
DEV_001231,0c2ed4d81bf1b3fb,mobile
DEV_001232,27eec6f7e8e41369,mobile
DEV_001233,0a5fb800395100d6,mobile
DEV_001234,521b33f6c7e920f0,desktop
DEV_001235,dccfdcb1f8048863,mobile
DEV_001236,c0b0d0d3a54de8d4,tablet
DEV_001237,bbcc71d26c225fcc,mobile
DEV_001238,1c979c222b04d8bc,mobile
DEV_001239,97a495b98448c02e,mobile
DEV_001240,7d97ed0cb7789f3f,mobile
DEV_001241,82d47c77ac59f226,desktop
DEV_001242,1632e6bb12104830,mobile
DEV_001243,c4496dbda502f010,mobile
DEV_001244,1399d9f76d4bb71c,mobile
DEV_001245,4cd9e1ec1d6060ca,mobile
DEV_001246,942daca72287e113,mobile
DEV_001247,dc914703a9bd90ee,mobile
DEV_001248,2464137d7448cf59,tablet
DEV_001249,1b11361ce224cf04,mobile
DEV_001250,ff1e8530eba322cc,mobile
DEV_001251,30e6c3291f30f275,desktop
DEV_001252,95892e1d940660c2,mobile
DEV_001253,62fdc7e77d795663,mobile
DEV_001254,2dfd94da9db699c7,mobile
DEV_001255,115ccf6572508046,mobile
DEV_001256,57c1373c30a74226,desktop
DEV_001257,053894c41033f4d0,mobile
DEV_001258,ba7be402b74ebbcb,mobile
DEV_001259,1781308567c8f50f,mobile
DEV_001260,a8e90d6a1686b1c9,desktop
DEV_001261,61f2e8f3b9ffcd62,tablet
DEV_001262,f6a9ad39e05d4ae3,mobile
DEV_001263,41e8f21cbffcc0b9,tablet
DEV_001264,97cf981cdc3d4575,desktop
DEV_001265,9b13c7d0dc294c0d,mobile
DEV_001266,2f6afd97b5b171c3,desktop
DEV_001267,c21abe1ca9ffb081,mobile
DEV_001268,2f4f6cdd4edf246c,desktop
DEV_001269,37ee7a55985b141c,desktop
DEV_001270,e4742fe0922e5b34,mobile
DEV_001271,a2b29679c1c6ba2e,desktop
DEV_001272,a6acea07de5e49c6,desktop
DEV_001273,fa39348cdbeee647,desktop
DEV_001274,ef608235ead59f10,mobile
DEV_001275,c21af4bac4f9842b,mobile
DEV_001276,43b55009f7ddc6a0,desktop
DEV_001277,14527e40773e2f4a,tablet
DEV_001278,ea4ad3db555ccf75,mobile
DEV_001279,f9e16eceb789b5dd,desktop
DEV_001280,3c54c1c7644bcd38,tablet
DEV_001281,1053fb4b522da4e8,mobile
DEV_001282,c553ee9515b2fee7,desktop
DEV_001283,11cd593400d595b5,desktop
DEV_001284,c5e4495b09b7ed18,mobile
DEV_001285,4d5a8d19a6667636,desktop
DEV_001286,db097e74b1951588,desktop
DEV_001287,aa88a6f6ea980c67,desktop
DEV_001288,e34bee8ade356b14,mobile
DEV_001289,278a84aff795b64d,desktop
DEV_001290,d1ebfba556f5d9a3,mobile
DEV_001291,92a2015c18432b50,tablet
DEV_001292,19682e001db3d5c8,mobile
DEV_001293,bbe4e52c5a87388d,tablet
DEV_001294,4a7dd2e80907f487,desktop
DEV_001295,550942b6aca61d66,tablet
DEV_001296,d38d0da7fe5c96c9,tablet
DEV_001297,222358cc9f86ad29,desktop
DEV_001298,8f9985035a1d16f1,desktop
DEV_001299,e6474359fceeb5dc,mobile
DEV_001300,1b505d4f9bee44b1,desktop
DEV_001301,92539754ffc24d6b,desktop
DEV_001302,149cc644e6ab454a,desktop
DEV_001303,8af09b7276c1351f,desktop
DEV_001304,f8f4f55d0d599e15,mobile
DEV_001305,1002ec5dd888fb2e,mobile
DEV_001306,f9ee81ccbf64d27c,mobile
DEV_001307,d017070d4f7821ee,mobile
DEV_001308,040938c7d6ebd87e,mobile
DEV_001309,28c3a4f6830180ae,mobile
DEV_001310,561f9c4aae832968,desktop
DEV_001311,4668a83c0059c2ab,tablet
DEV_001312,b71490e3c73d1dd1,mobile
DEV_001313,0b1ac924509976b7,mobile
DEV_001314,689ec9c90b9a8d59,desktop
DEV_001315,ec4a00fb4928b9e2,mobile
DEV_001316,92086c3bec80ebfd,mobile
DEV_001317,61c9e1fc1d973dc7,mobile
DEV_001318,324e7b3d824f31bc,mobile
DEV_001319,2be3c3b4ec62ddb5,mobile
DEV_001320,cdf01e95d4928c3a,desktop
DEV_001321,5b4f88e087d7094c,mobile
DEV_001322,ba02eea153935dc9,mobile
DEV_001323,8fe7ffd2fbad6403,mobile
DEV_001324,ca465bb5db4590e9,mobile
DEV_001325,4941812d1864c51e,mobile
DEV_001326,d159dd5f6e044118,desktop
DEV_001327,e20c52455628fed1,mobile
DEV_001328,e4a2f26cbbdfd482,mobile
DEV_001329,3e22a31af6655725,desktop
DEV_001330,707a66a44d7eb082,desktop
DEV_001331,778afc3a53cfebbb,mobile
DEV_001332,e6cda0f7326b42ca,mobile
DEV_001333,f31bc484ed5a47ae,mobile
DEV_001334,866a23ffc0b8d396,desktop
DEV_001335,d3fef400cea29317,desktop
DEV_001336,b6888f7458c1af7a,desktop
DEV_001337,24c6e591ed47b497,tablet
DEV_001338,460acff03d956ee0,desktop
DEV_001339,c06d921b7095ad3a,desktop
DEV_001340,a14b63fa2a6dd126,mobile
DEV_001341,fddc41e2ac4f5ec5,mobile
DEV_001342,2674636ad3c2cd49,tablet
DEV_001343,bce16715d361a7d0,mobile
DEV_001344,ecb2ee51901417b3,mobile
DEV_001345,aef61b48fc1fd532,tablet
DEV_001346,396a4327f3c83bed,mobile
DEV_001347,ed416a04f8b8adb8,mobile
DEV_001348,c39f5d766b12b6ec,mobile
DEV_001349,9ef3d6e0c7f4cd1b,mobile
DEV_001350,657e26378a75e295,desktop
DEV_001351,107b62f9113581f7,desktop
DEV_001352,306d70671e7c92d0,mobile
DEV_001353,3db32d5de632eb34,tablet
DEV_001354,9e3d3e60b7db909e,mobile
DEV_001355,9b739419ffd7f6b6,desktop
DEV_001356,84dbe9e88e9856a2,desktop
DEV_001357,d5dafceae2149976,mobile
DEV_001358,5f366d126e864287,desktop
DEV_001359,520c5db425fc3e93,mobile
DEV_001360,9d560f7b390b28d4,tablet
DEV_001361,efaed30f32285240,desktop
DEV_001362,0a61be7daf430799,desktop
DEV_001363,54f6e2071f0e8fc1,mobile
DEV_001364,3207bfe0bdb06733,mobile
DEV_001365,0d334e962eaff985,mobile
DEV_001366,e3ffee1786b0d51c,mobile
DEV_001367,a8be7fc3217e832c,tablet
DEV_001368,42a98c5248a4fec9,desktop
DEV_001369,8221e58df25a2721,desktop
DEV_001370,1cb0dc2038cffe29,mobile
DEV_001371,f1b1b7c54b684a45,tablet
DEV_001372,577fc98619005330,mobile
DEV_001373,35454db4d4f95464,desktop
DEV_001374,8d68acd7923924e7,mobile
DEV_001375,c327eaa381010b44,mobile
DEV_001376,6cac6db08ade638a,mobile
DEV_001377,f70b6470a7fd7fc5,desktop
DEV_001378,00980aa485b9a728,desktop
DEV_001379,648b5d9ef718f59b,mobile
DEV_001380,bf2c3256c41edd57,desktop
DEV_001381,90d529d051decabd,mobile
DEV_001382,ca140a5f959bbf04,mobile
DEV_001383,75a8299b005796a1,mobile
DEV_001384,1cd276a1af310955,mobile
DEV_001385,248bef679cd004b9,mobile
DEV_001386,b0c5e7d498729c04,mobile
DEV_001387,bca25f197b46f33e,tablet
DEV_001388,211f241be0da4849,desktop
DEV_001389,fe7b5e6141b23ed4,desktop
DEV_001390,2ebc9eb3612ae094,desktop
DEV_001391,e1ac43128381b626,tablet
DEV_001392,a31c8e965bc6cd07,mobile
DEV_001393,b5467d71c4e9e7a6,mobile
DEV_001394,93ad1f7ed1e99a85,desktop
DEV_001395,fbace0cc612a64ad,mobile
DEV_001396,305ba6ac3fd5468d,mobile
DEV_001397,10db6214256fc954,mobile
DEV_001398,4647ae2398f9a8ff,tablet
DEV_001399,4164578fe02fa983,desktop
DEV_001400,0f4b0ae7c6185ad9,desktop
DEV_001401,2d3dbe39395ed893,tablet
DEV_001402,add8a00e1147bc06,mobile
DEV_001403,7b3b264050ad460e,mobile
DEV_001404,b1ca74af115b9df9,desktop
DEV_001405,1169c607153fdde4,mobile
DEV_001406,da460dd717e9d859,mobile
DEV_001407,c4dbef6f02a9053c,mobile
DEV_001408,a93787f4354b8d37,mobile
DEV_001409,ee70f1c664b1a1b6,mobile
DEV_001410,c2aadca07a858583,desktop
DEV_001411,f5407314c4a5ccd3,mobile
DEV_001412,c6f223e82e1b035a,mobile
DEV_001413,eb4cedd71ba4f90e,mobile
DEV_001414,0e8a3c67dd093059,mobile
DEV_001415,af69fb48329c1548,tablet
DEV_001416,9e9de118e7879377,desktop
DEV_001417,6fd6f601f8a5ecd1,mobile
DEV_001418,87ca3c93a681ec70,tablet
DEV_001419,c1dfbe84a86895d2,mobile
DEV_001420,252393469ac47106,mobile
DEV_001421,c7ad009e0dae9ad7,desktop
DEV_001422,8ac8edd9df0abb07,tablet
DEV_001423,102c3d1bd89a02a4,mobile
DEV_001424,d81860a02c2fde98,mobile
DEV_001425,51c695b467212153,mobile
DEV_001426,fe46c99839ed0a7a,mobile
DEV_001427,cfa5ebfe846bc603,desktop
DEV_001428,f1407c63d3ac3737,tablet
DEV_001429,37ab6a6ec80d34b5,mobile
DEV_001430,8e4e493fd9da7fa0,mobile
DEV_001431,44b50aca71859699,desktop
DEV_001432,f1712324ff69fd61,mobile
DEV_001433,1644c0f41c37b88a,mobile
DEV_001434,c43c820fd4551908,mobile
DEV_001435,8cf99c1f7df315ba,desktop
DEV_001436,37e35216a9d3c4f9,mobile
DEV_001437,ff3b5ea4bf284bfb,mobile
DEV_001438,988d2d3c9530cbec,desktop
DEV_001439,706558f647d6b96c,desktop
DEV_001440,72c5bcb1de5d9531,mobile
DEV_001441,13effde6dc071fcd,mobile
DEV_001442,a5d3942a23351b24,mobile
DEV_001443,872202959134921e,desktop
DEV_001444,4667b2c4ac62936b,mobile
DEV_001445,476ebc621ee3a754,tablet
DEV_001446,9ba5278e869f5e3f,mobile
DEV_001447,9dad5b79176e87e6,mobile
DEV_001448,9528ec11815a98f2,desktop
DEV_001449,049b0bab79caaa6f,mobile
DEV_001450,ef9e2011baadd2e0,tablet
DEV_001451,87175b280adc561c,mobile
DEV_001452,5ef9cb9f40c1504f,mobile
DEV_001453,12a20f12bd08c8b9,tablet
DEV_001454,682f2e7eaa69fe2a,desktop
DEV_001455,b1a7db6078cd135a,mobile
DEV_001456,97cf29544c4d8948,mobile
DEV_001457,639cf1d7abf50751,mobile
DEV_001458,60a97aeb2e630aee,desktop
DEV_001459,643bd6d1d451d45a,tablet
DEV_001460,b506534bf3803621,mobile
DEV_001461,ab24787437ee6488,tablet
DEV_001462,9107a3d1ca824276,mobile
DEV_001463,3deb4591a88a24b4,mobile
DEV_001464,2d32872aa492cb49,mobile
DEV_001465,e6a3f74b35c24a0c,mobile
DEV_001466,26d5f04eacd0c50a,desktop
DEV_001467,15c6a68dbefae04f,mobile
DEV_001468,490f4f42e90d7296,tablet
DEV_001469,846682eb79090de8,mobile
DEV_001470,867e17c1d0561772,desktop
DEV_001471,9dc9b98f8daa0b09,mobile
DEV_001472,40f34804311f81a3,mobile
DEV_001473,1d54a00800c85fc1,tablet
DEV_001474,872de30f7c6c57b2,mobile
DEV_001475,566a4a6e9827924d,mobile
DEV_001476,ab30b557ee273707,desktop
DEV_001477,3d1688013b4b20fe,mobile
DEV_001478,7fafb5ce61be8909,mobile
DEV_001479,29425b59957d7966,desktop
DEV_001480,3888b35536f56cb6,mobile
DEV_001481,a4a5bc3960f06b71,tablet
DEV_001482,e24c729197e6bfd9,desktop
DEV_001483,e40ec24805c6e8fd,mobile
DEV_001484,2d5c442f5aabd155,mobile
DEV_001485,9f5ca29f56e2eb13,mobile
DEV_001486,c7ec128264c86062,desktop
DEV_001487,17e28a82d23413c7,tablet
DEV_001488,51c6f82bf970d01c,mobile
DEV_001489,51a2ce24ccf81dc2,desktop
DEV_001490,19d15d4ec60c2e35,mobile
DEV_001491,1120dc0c97dc6f58,mobile
DEV_001492,fe82411171bd27eb,mobile
DEV_001493,bfae385df09ec6a9,mobile
DEV_001494,1141e4efee37d795,mobile
DEV_001495,632dcce5de997e17,mobile
DEV_001496,f487c289e4f57fec,mobile
DEV_001497,94149a344fdb4c40,mobile
DEV_001498,859f7366e8d99411,mobile
DEV_001499,dd59da49f3c49c52,desktop
DEV_001500,ce7e8800beb93fd0,tablet
DEV_001501,ea057a2f93ded330,desktop
DEV_001502,83ff641ea96360f3,mobile
DEV_001503,3a741cf509183664,mobile
DEV_001504,497ce3e9849a5d33,tablet
DEV_001505,f78ed3f40ac2ad6b,tablet
DEV_001506,2f78d64b441a8a51,mobile
DEV_001507,23aa5a9f43fa05d0,mobile
DEV_001508,166677ee99c88dea,mobile
DEV_001509,777521d9bd31f6b9,mobile
DEV_001510,332c03d95bbac073,mobile
DEV_001511,d546e8602e75dc0d,tablet
DEV_001512,f439ec02fa20844a,desktop
DEV_001513,de5d47630adb1431,mobile
DEV_001514,dad868d21655db93,mobile
DEV_001515,5969183990f357b8,mobile
DEV_001516,c2a12d8062fb766e,mobile
DEV_001517,991fa53730e6358d,desktop
DEV_001518,f2c78953329231f8,tablet
DEV_001519,47f64b51bb9d656c,desktop
DEV_001520,0bae6fb3559185e2,mobile
DEV_001521,e92006a020ffa7f3,desktop
DEV_001522,eeff9a8381760ce4,mobile
DEV_001523,48cb8c84db75f37a,tablet
DEV_001524,c6c50f59454cfc31,tablet
DEV_001525,ba956e1dc75ac4de,mobile
DEV_001526,0dba7cd81fb92970,mobile
DEV_001527,51769ab84d282bd9,mobile
DEV_001528,a7af32c1323028e9,desktop
DEV_001529,0ae3402b90b1b65b,desktop
DEV_001530,5308ac64df2305d7,desktop
DEV_001531,e50f895c3622ebc3,mobile
DEV_001532,be4c2d9c564d0fde,desktop
DEV_001533,9fcdcd16dec741d0,mobile
DEV_001534,1ee8971627e72793,desktop
DEV_001535,c7ef332f49efd5dc,desktop
DEV_001536,5c60f3646f8baba4,mobile
DEV_001537,5b0b0eda77d84034,tablet
DEV_001538,0a6184e80290782d,mobile
DEV_001539,2e9426ea84ac141c,mobile
DEV_001540,3bd48ad6437be432,mobile
DEV_001541,05d21762a6e0a339,mobile
DEV_001542,945b38f0cf5abb25,desktop
DEV_001543,018e1f6295f05de3,desktop
DEV_001544,11d5bbc57f48be70,desktop
DEV_001545,a85c935408905ed8,mobile
DEV_001546,119b337f61488d07,tablet
DEV_001547,e15916391d09d6b6,mobile
DEV_001548,606dff0f5a454618,mobile
DEV_001549,54de438b44ffe28d,desktop
DEV_001550,f6f0aee7d8834420,tablet
DEV_001551,45e6c1ae6bf9e959,mobile
DEV_001552,62a0eab8ba619195,mobile
DEV_001553,f17d09baa0932275,mobile
DEV_001554,76a0e784d85f60b8,mobile
DEV_001555,03c855d9b39b2225,tablet
DEV_001556,55622ab26453015e,mobile
DEV_001557,51312f5ac1769575,desktop
DEV_001558,b0e5a4c1da47dd0d,desktop
DEV_001559,c83a1390d258d6d7,mobile
DEV_001560,6e945428c72141bc,desktop
DEV_001561,ea87d966e72b4f80,mobile
DEV_001562,970a6ec027a0cc7c,desktop
DEV_001563,4a3f55b9ff8c8c72,mobile
DEV_001564,4224a71802850147,mobile
DEV_001565,41b1dd9cd81e90a8,mobile
DEV_001566,da07d07875fc4ab7,desktop
DEV_001567,c7794b25214511a3,mobile
DEV_001568,4cb46e2cb47ba475,mobile
DEV_001569,13ec9afe6cc96c68,mobile
DEV_001570,f8fefd18278b0710,mobile
DEV_001571,1beae3e4fb31eebf,mobile
DEV_001572,1bb8ed9d0214c81f,desktop
DEV_001573,f291589b769c750a,mobile
DEV_001574,299a7f5764e311df,desktop
DEV_001575,f763e4890914e732,mobile
DEV_001576,2ee0da8fa039309f,desktop
DEV_001577,1e4adefbe7f49d35,desktop
DEV_001578,c81dbd10a9fe2ef5,desktop
DEV_001579,08c2dbaeac97d21f,mobile
DEV_001580,70224de640ac4cbb,mobile
DEV_001581,fcb4cb461b6ceb80,mobile
DEV_001582,cdcae50ffb922c8d,mobile
DEV_001583,d8e8fb69c52cef50,mobile
DEV_001584,ba3826a90eb5c7fe,tablet
DEV_001585,49e6ea165a6af738,mobile
DEV_001586,041b0dd4f0a4a55d,mobile
DEV_001587,dd17d9be3c207f8b,desktop
DEV_001588,f5c6947aa1667a8a,mobile
DEV_001589,15ec46d045b148c4,mobile
DEV_001590,7948c7a50a6db978,mobile
DEV_001591,6e88e5c93e80294a,mobile
DEV_001592,dc03d49968d414c2,mobile
DEV_001593,891ba93085782fa3,mobile
DEV_001594,38404e3bdf337cdc,tablet
DEV_001595,6878f80da725d3bb,desktop
DEV_001596,4c8857184d081ef3,mobile
DEV_001597,c1f9c452256031b0,desktop
DEV_001598,86d6360ce810c61b,desktop
DEV_001599,5e321632552bb214,mobile
DEV_001600,6747b70d3e796e1a,mobile
DEV_001601,c6c30b4803779aa0,desktop
DEV_001602,6b4e0bf19bd107fb,desktop
DEV_001603,88878891fdddc3a6,mobile
DEV_001604,42f7a2d3ef8ef95f,mobile
DEV_001605,ff9e561ec2e42554,mobile
DEV_001606,a25c5f785a64422c,mobile
DEV_001607,5cf9a9a85a22f3c4,mobile
DEV_001608,c91f456351ef1085,tablet
DEV_001609,cad4441fad03d7e7,mobile
DEV_001610,1c46a5cd6d957075,mobile
DEV_001611,ec7bb7f923bb6760,mobile
DEV_001612,0ab884b6ba1d5f28,mobile
DEV_001613,0466dc17b6a02f85,mobile
DEV_001614,099084036862a225,desktop
DEV_001615,6604c4a4a3009f88,tablet
DEV_001616,e56632221919bdff,desktop
DEV_001617,e821481fcd0ef3b3,tablet
DEV_001618,e6e9f654b1cf8ba4,mobile
DEV_001619,df5326ae77fa3036,mobile
DEV_001620,80b8716023e06e8a,mobile
DEV_001621,c8681ebcf73d0dd7,desktop
DEV_001622,b8c519d667cc6b31,tablet
DEV_001623,7a8ab8d5c32beccc,mobile
DEV_001624,99531a48367cd13d,mobile
DEV_001625,4ad452b3f7bed587,mobile
DEV_001626,ee126127fa54da9f,mobile
DEV_001627,d90aba83c3061efc,mobile
DEV_001628,1586761f8bca89cc,tablet
DEV_001629,ee4e646069394492,desktop
DEV_001630,82cc44546b8a8f22,mobile
DEV_001631,947d9211a6379212,tablet
DEV_001632,40f418966cc81dec,mobile
DEV_001633,ce759821ab6a4a5f,tablet
DEV_001634,b1f4b8619b5f2033,mobile
DEV_001635,eb878b24ab3afa8c,mobile
DEV_001636,4b6d9105657d14b4,tablet
DEV_001637,45a34ad87fa49dfa,mobile
DEV_001638,8900ed40f9b68c7c,mobile
DEV_001639,275f717686f98858,mobile
DEV_001640,010450281e6d0295,mobile
DEV_001641,b76f648d0f7a7b88,mobile
DEV_001642,6bbc228222bea856,mobile
DEV_001643,876ca3aee7a9badd,mobile
DEV_001644,e8eaa47774e5642b,mobile
DEV_001645,79a811b14e928edd,mobile
DEV_001646,a21cbbfcc569cd4b,desktop
DEV_001647,d52df32e9a5bc63d,desktop
DEV_001648,83ee642ab554cdc2,mobile
DEV_001649,75cc633681d45956,desktop
DEV_001650,27367d339926475e,mobile
DEV_001651,7d7251a4748ce531,mobile
DEV_001652,028580fc9587e361,desktop
DEV_001653,8c2fc2098ee000b9,desktop
DEV_001654,49c1e25edeb23315,mobile
DEV_001655,dbfa7aa0b81fcdd0,tablet
DEV_001656,9f52c6a1f2a71bf1,mobile
DEV_001657,2480065bc0c48114,mobile
DEV_001658,3cf9cec51797f637,mobile
DEV_001659,53402dea6820636a,desktop
DEV_001660,d36684c082c6c917,mobile
DEV_001661,eb35271806de3fc8,mobile
DEV_001662,49a2f8bf1399c3b0,desktop
DEV_001663,67dc0ac839c554fc,mobile
DEV_001664,1dba82ab0e34dbd1,mobile
DEV_001665,41b80575e68227bc,desktop
DEV_001666,ca8c2640ab3b89f3,mobile
DEV_001667,34b851358804e7e7,mobile
DEV_001668,8dfce3156176aed0,mobile
DEV_001669,29398cd7cc11d141,desktop
DEV_001670,01bd3c12aaca9a65,mobile
DEV_001671,150877e00089afea,mobile
DEV_001672,caa97ad302f5f620,mobile
DEV_001673,ed79aa78a772f027,mobile
DEV_001674,04339e21c1d493d3,mobile
DEV_001675,04343be422bf0769,mobile
DEV_001676,08ad079594e09fa2,desktop
DEV_001677,25d7268b806cf9a2,mobile
DEV_001678,b19492482a83b176,mobile
DEV_001679,42d5e6798365bf03,mobile
DEV_001680,91a6fd4bea8124a3,mobile
DEV_001681,49926ca1e96d0cde,desktop
DEV_001682,2facd88b821f149d,tablet
DEV_001683,ebd938b0fcba3712,tablet
DEV_001684,b8bc04b727703d32,tablet
DEV_001685,e3bacb1ac816ff8e,mobile
DEV_001686,6f8fd439d40ae610,mobile
DEV_001687,2f9cc494aa3b7907,tablet
DEV_001688,f9f9be0ac2cd71b7,mobile
DEV_001689,80359bc4c313b30b,mobile
DEV_001690,2754d28a7c71fe8f,desktop
DEV_001691,dc677b88842938f1,mobile
DEV_001692,c69bfe9b1816090b,mobile
DEV_001693,41537fd9472d59d7,desktop
DEV_001694,8398ab9e0af1827e,mobile
DEV_001695,2a49dad2106e4c72,mobile
DEV_001696,b4f92e0061420582,desktop
DEV_001697,33c9dcbf619c0c24,desktop
DEV_001698,5fdc274916d76ec5,mobile
DEV_001699,f15c55aee3fcae1e,mobile
DEV_001700,4b52382825e53ea6,desktop
DEV_001701,09665466a1aebafa,mobile
DEV_001702,14a08949942b6a89,desktop
DEV_001703,f063eaf51bf9cb9b,mobile
DEV_001704,d5c7eee5138b60cf,desktop
DEV_001705,d2384285157e5632,tablet
DEV_001706,e194c8ddb6e2abca,mobile
DEV_001707,422616e7786cac0c,desktop
DEV_001708,493b90730cc80fd2,desktop
DEV_001709,c9fc85c6179a8cdb,tablet
DEV_001710,f341ac39e37f5ad6,mobile
DEV_001711,057ff5364683e47c,mobile
DEV_001712,440262dcb7a49a64,tablet
DEV_001713,60225c0ed51da7d6,mobile
DEV_001714,97a241965cdd2d92,mobile
DEV_001715,e11e8282536a7a53,mobile
DEV_001716,0808681340889acc,mobile
DEV_001717,b96f9aa577e5fd0b,mobile
DEV_001718,49116c098612af12,mobile
DEV_001719,6f04ead03aafc2dd,desktop
DEV_001720,adfb3c555311a0f2,mobile
DEV_001721,2a059189da505c26,mobile
DEV_001722,f0e2992243f1a2f8,desktop
DEV_001723,75b4c12ac3395c5d,mobile
DEV_001724,b35369e6abb48b45,desktop
DEV_001725,7fbc9cc546bad7ed,mobile
DEV_001726,df489f0d882f3118,mobile
DEV_001727,1bddf567c8fd337d,desktop
DEV_001728,7c7b779483042e2e,desktop
DEV_001729,82e2cdfabe0f6321,tablet
DEV_001730,80d59b68beb2815c,mobile
DEV_001731,eec926c732d810da,mobile
DEV_001732,cdd7b3e90d03c8b1,desktop
DEV_001733,b5625ebf6dee9614,mobile
DEV_001734,cc259834e10b969f,mobile
DEV_001735,a57f70b87184a379,mobile
DEV_001736,5a3314d92cdc97f6,mobile
DEV_001737,0700643ef901aca6,mobile
DEV_001738,d4ed4e900ead9523,mobile
DEV_001739,5a0b4c1b9fd1522e,tablet
DEV_001740,a13058f9d69f0a6d,tablet
DEV_001741,96b5aa82295897ae,mobile
DEV_001742,170dc9774cd22719,tablet
DEV_001743,afe195cfc0097e38,desktop
DEV_001744,dbae066688a8f05c,mobile
DEV_001745,e1b8f6af97bec3e1,desktop
DEV_001746,4e39392948de9a6d,desktop
DEV_001747,913afd3eccec6d6a,mobile
DEV_001748,59a35546e6c47804,mobile
DEV_001749,a34d2ed3d031bda6,tablet
DEV_001750,9d73ee8a46b013b5,mobile
DEV_001751,4c52fd2ba63ca24e,desktop
DEV_001752,209f7d93cb11d0cc,desktop
DEV_001753,77b0e0e8044f60e3,mobile
DEV_001754,c98f133e06a0fa86,desktop
DEV_001755,5d4bce2370bf3a35,tablet
DEV_001756,f1620a53e7f770c6,mobile
DEV_001757,6df7a21e86626d69,mobile
DEV_001758,2ad0133aecbf3346,mobile
DEV_001759,f08c50bb6b7968c1,mobile
DEV_001760,eecfd240c26132b8,tablet
DEV_001761,c4f71f8e1bfe2794,mobile
DEV_001762,d9c1366988f6e8bf,mobile
DEV_001763,88626d7a3cb304cb,tablet
DEV_001764,6461b6b0c51780bd,desktop
DEV_001765,aa2c6e2a8548e7c4,mobile
DEV_001766,99a7cd4799f0d327,mobile
DEV_001767,09a04100bd8a6834,desktop
DEV_001768,23b425a5ef02acb5,desktop
DEV_001769,e669d060ce6cdee2,desktop
DEV_001770,3150834a0ee92865,desktop
DEV_001771,93414e990da20e5d,mobile
DEV_001772,ab3c46321ca8dc60,mobile
DEV_001773,20939d9adff7c8e4,mobile
DEV_001774,f0841e6375d040d9,mobile
DEV_001775,89560850d8527f7d,mobile
DEV_001776,1ab1055c43ee71e6,mobile
DEV_001777,c822e12e8f1e0317,tablet
DEV_001778,ad1d0488206dd09c,mobile
DEV_001779,d734a1dc87542721,mobile
DEV_001780,292aeb044a80e718,mobile
DEV_001781,561e24e35a3396ca,mobile
DEV_001782,071ce3d72e6f3978,desktop
DEV_001783,9645f7a0085f7816,mobile
DEV_001784,b4ca27bc98236f06,mobile
DEV_001785,a30cffe244451842,mobile
DEV_001786,206ec84f74fe4410,mobile
DEV_001787,0cdd896938e0aefd,mobile
DEV_001788,bf37eeb9f644bbc6,mobile
DEV_001789,461bf333352f7240,desktop
DEV_001790,ff17e809936bdfc5,desktop
DEV_001791,855b34f51f0df9e5,mobile
DEV_001792,7099bfd710094b34,desktop
DEV_001793,e785368a322650f4,mobile
DEV_001794,0e7dc0ed3b7f4393,mobile
DEV_001795,90efc9476c1df53f,desktop
DEV_001796,e22a74eeb3d7c6f7,mobile
DEV_001797,fb6fd135cf1758f8,mobile
DEV_001798,33d3d41dc3d08528,tablet
DEV_001799,767771e26d6f32ea,desktop
DEV_001800,e82ad18a57ee4a98,mobile
DEV_001801,efde2de3b64288e3,mobile
DEV_001802,dfac59a23464be8c,desktop
DEV_001803,60435c09249333d8,desktop
DEV_001804,87c6d4f8946899e5,tablet
DEV_001805,e289b2c65758ad8b,desktop
DEV_001806,c8810303a062bfbf,mobile
DEV_001807,70273d7780e7ef29,tablet
DEV_001808,46db66c8b19b3bf0,desktop
DEV_001809,c2f4dda86e5e87b5,desktop
DEV_001810,0ce12e77713f47e7,tablet
DEV_001811,c35ab31c9a8b3095,mobile
DEV_001812,f2bab10fa9d24766,mobile
DEV_001813,98ff47cb930fc92e,mobile
DEV_001814,9820a139eb5ef3e3,mobile
DEV_001815,541042bbf35281bf,tablet
DEV_001816,f8b897f41fc10c82,desktop
DEV_001817,4b47a801283923a3,mobile
DEV_001818,2d7df7654a97b646,mobile
DEV_001819,06b391cbda706895,mobile
DEV_001820,57fec53e75d673d1,desktop
DEV_001821,9dc3f0cecbbcce91,tablet
DEV_001822,9d4c29076dac6ace,desktop
DEV_001823,86ffbedba740374a,mobile
DEV_001824,b32063b1fc2a1c2e,desktop
DEV_001825,4e902e6f2abd2211,mobile
DEV_001826,37948d8f41c9e780,desktop
DEV_001827,917ddb9b34bbf3ee,desktop
DEV_001828,bae33ef749d62406,desktop
DEV_001829,e870a14e8a0ce755,tablet
DEV_001830,3d189b3d520a1226,mobile
DEV_001831,9818f1781f41155e,desktop
DEV_001832,8998ead18eeaeb4c,desktop
DEV_001833,25e74ca327113c20,mobile
DEV_001834,bb4fc4ae133b5c8b,tablet
DEV_001835,323a41483cd1af76,mobile
DEV_001836,1e885553ff099231,mobile
DEV_001837,09db8a938da9e949,mobile
DEV_001838,47a5f6a5e474d576,mobile
DEV_001839,b1d8bec5e9bd557d,mobile
DEV_001840,ed760ced1ef1bc6c,desktop
DEV_001841,65a48c14db5548e2,mobile
DEV_001842,3afe8b391e31e0c7,mobile
DEV_001843,9cfaafb96d47c4bb,mobile
DEV_001844,d7bf59283ef878e1,tablet
DEV_001845,25e4623fe72fa420,mobile
DEV_001846,6dc60ed3f8a43379,desktop
DEV_001847,87b9aade6b179d90,desktop
DEV_001848,1138135824c1dfa6,tablet
DEV_001849,2c416e36a0614599,tablet
DEV_001850,cf12e7b42327c1dc,mobile
DEV_001851,16905a22a46b1af1,mobile
DEV_001852,57076f4f7e7ef18c,mobile
DEV_001853,3fa181d168bb19c4,desktop
DEV_001854,c92b5ca02adacd47,desktop
DEV_001855,ab974d7ef88372f9,desktop
DEV_001856,4db0ecd412aa2b9f,mobile
DEV_001857,50897c6b14612bcc,desktop
DEV_001858,12d63cd0326006ba,mobile
DEV_001859,df637d8c989fb60a,desktop
DEV_001860,9f1ffbdc599f746f,mobile
DEV_001861,dba3888721274907,desktop
DEV_001862,b8d3948c1484c3cd,desktop
DEV_001863,c0e67b072f26e0e9,desktop
DEV_001864,dd71f653d8af44f8,desktop
DEV_001865,70bcba8cc44fecf7,mobile
DEV_001866,a9a2f1906e99493e,tablet
DEV_001867,abdfdc958ce7b156,desktop
DEV_001868,ce78f5cf7ea30927,tablet
DEV_001869,c3f9e9dc7b49f513,mobile
DEV_001870,77b956bbe5f41a72,desktop
DEV_001871,6072ac000c5ab8c1,mobile
DEV_001872,349396435ed4e439,desktop
DEV_001873,0657ed507cee0f07,desktop
DEV_001874,e3aacebd2acbb399,desktop
DEV_001875,b154f66b7dffd60a,desktop
DEV_001876,4c8aca8a7891de8a,mobile
DEV_001877,b951321cacb83dfc,desktop
DEV_001878,54d0829cb8957da8,mobile
DEV_001879,06fe1c1df65e26ed,desktop
DEV_001880,e0f067a7a57103ad,mobile
DEV_001881,3c46c289074578ac,mobile
DEV_001882,f13797cb0184f85c,tablet
DEV_001883,3cabdd094c18a6e2,mobile
DEV_001884,af222a591e13ff76,mobile
DEV_001885,376ec4d67146feb5,tablet
DEV_001886,3a1c251d00729c79,desktop
DEV_001887,73a48a7b29fce9e0,mobile
DEV_001888,2d507252ee48ee3d,desktop
DEV_001889,ec8b9f89e5afff1d,desktop
DEV_001890,8cfc73db41fa76b4,desktop
DEV_001891,69e5980b83e432f5,mobile
DEV_001892,f20faa7c9467a10b,mobile
DEV_001893,642c078cc3a56606,desktop
DEV_001894,49470b140bbff601,tablet
DEV_001895,d07f0917fe0dd848,mobile
DEV_001896,a0123fa136cf4dde,desktop
DEV_001897,ba1467faed08148b,tablet
DEV_001898,4e4774144e8133af,mobile
DEV_001899,c97deee5bbe9cbd7,mobile
DEV_001900,ce972d12e06ca64d,mobile
DEV_001901,761eb150fa6c8861,mobile
DEV_001902,443e07dc402d6faf,mobile
DEV_001903,4a0b2a6ec7abf8b3,mobile
DEV_001904,3c2852740f841264,mobile
DEV_001905,bc9731e70bd49366,desktop
DEV_001906,d45d93bbeb612512,desktop
DEV_001907,1c27f67d20632383,tablet
DEV_001908,69d1a8d7e5ebc34c,desktop
DEV_001909,6a7c97e657cdbcb7,tablet
DEV_001910,88657897dd7466fb,tablet
DEV_001911,f3e96bd1bf352bd1,mobile
DEV_001912,83ba1c78af78054b,desktop
DEV_001913,a1ff3687146ae0ff,mobile
DEV_001914,4f81f44138e8ce64,tablet
DEV_001915,7599a71ee04c086f,mobile
DEV_001916,dddbd7103f6b6bcb,mobile
DEV_001917,43033f15188a9b3c,mobile
DEV_001918,5b159cb6bf824153,mobile
DEV_001919,3c342172d3dd76b6,mobile
DEV_001920,aa661a80c0f38fb6,desktop
DEV_001921,6cbfc3baaad31f9f,mobile
DEV_001922,c147b02aa4fda681,mobile
DEV_001923,b7b52ed861bd2307,mobile
DEV_001924,e5c2a8b1e00cdd3b,mobile
DEV_001925,9e34c7e405ec5f94,desktop
DEV_001926,9fc9256e44c43cda,tablet
DEV_001927,35402ccee20b066c,mobile
DEV_001928,475a85a9ddae5f07,mobile
DEV_001929,1d27fe3f76f3a893,mobile
DEV_001930,5e219aceec33c3e3,mobile
DEV_001931,377698ff46f92d23,desktop
DEV_001932,ff25626d8d8e642d,desktop
DEV_001933,9b27ad266189c257,tablet
DEV_001934,0cb6c35d4d19882e,tablet
DEV_001935,be7054e3655fada8,mobile
DEV_001936,c55bbe43f55410eb,desktop
DEV_001937,4806b216a9ff373a,desktop
DEV_001938,c28b135dca92617b,mobile
DEV_001939,7eeabcf0a4f5aebe,desktop
DEV_001940,b420e7938d9aa60d,desktop
DEV_001941,b6f74e2e38f7e1f3,mobile
DEV_001942,c7a45533551a1147,mobile
DEV_001943,49d46346accb2e66,mobile
DEV_001944,3dae96383e1531d4,desktop
DEV_001945,fdc70fcdb34fdb42,mobile
DEV_001946,cac02763ef6da375,tablet
DEV_001947,2ba296cae14cdd09,mobile
DEV_001948,ddc6b642a8b19f63,mobile
DEV_001949,47b4f5a6183c8fad,mobile
DEV_001950,52a379ce34f58ece,tablet
DEV_001951,01883b172370ac64,desktop
DEV_001952,a105a9e9e746a8e6,tablet
DEV_001953,0e0eee0a2f00c969,desktop
DEV_001954,98ba817ea938b938,mobile
DEV_001955,114e679e6c97b8a7,mobile
DEV_001956,6495e657c35f4172,mobile
DEV_001957,6467f8c41314a370,mobile
DEV_001958,08ede5d2213da661,tablet
DEV_001959,29e8a26556f54feb,desktop
DEV_001960,12be14250af7bf6c,mobile
DEV_001961,45fdb03d1ad62086,mobile
DEV_001962,5bfc4b143d182ce7,mobile
DEV_001963,91953d19f5ac85cd,desktop
DEV_001964,7ba8db760efc2b49,mobile
DEV_001965,6ebbf6638d6a32d1,desktop
DEV_001966,6ec518605dba298b,tablet
DEV_001967,a533a5556acf9f4c,mobile
DEV_001968,bf27175e66cc82ea,desktop
DEV_001969,3517bcd86a08b1a7,mobile
DEV_001970,5700f822239d357e,tablet
DEV_001971,b4b0ff67c007822e,mobile
DEV_001972,fbe427cf98009b2d,mobile
DEV_001973,756bea38b2e1361f,mobile
DEV_001974,6495e669af91ffb8,desktop
DEV_001975,8b9f456abde17195,desktop
DEV_001976,36b1bec5067ff360,tablet
DEV_001977,aba31c1396386471,mobile
DEV_001978,4e5de7fe899335bd,mobile
DEV_001979,fe8694d8a56671c1,desktop
DEV_001980,46c1bb9582edd512,desktop
DEV_001981,943b4a41b5c45b43,mobile
DEV_001982,3cda20c94afd2a3e,mobile
DEV_001983,664133e4df42ccc0,desktop
DEV_001984,3cbbbd07df3df64b,mobile
DEV_001985,0e6ebd83ab782ea3,mobile
DEV_001986,c304a6e6afcaeff4,desktop
DEV_001987,c046a7da3a853a10,mobile
DEV_001988,8bef2af2e3b058e5,desktop
DEV_001989,c61496c805c7f48e,mobile
DEV_001990,98714a57d4dc025d,mobile
DEV_001991,073a09525863c48d,mobile
DEV_001992,e48aea625752627b,mobile
DEV_001993,72d9db6da0adc53d,tablet
DEV_001994,d188346fc4de6b13,mobile
DEV_001995,3dacab7fdbf433b9,desktop
DEV_001996,9929b53a9962f72f,desktop
DEV_001997,802c1b5ac44a0b3b,desktop
DEV_001998,cacd99452e57ec0c,desktop
DEV_001999,daecdf233fc88851,mobile
DEV_002000,2c3a6eef66fc4637,tablet
DEV_002001,25df4cea0831afe2,desktop
DEV_002002,d3fe5a36ec259d94,tablet
DEV_002003,7cee91311e6c3409,mobile
DEV_002004,7314589f758f802e,mobile
DEV_002005,3f3baf7bb03768f7,tablet
DEV_002006,9df9ab9a3e22421f,tablet
DEV_002007,0f35cf2f8df01bb2,mobile
DEV_002008,9ee1eb265a47f979,desktop
DEV_002009,bc2795e86112aa7d,mobile
DEV_002010,299fb7ca780eef2a,mobile
DEV_002011,6240a28a3320a779,desktop
DEV_002012,6eaa11f246dfb99c,desktop
DEV_002013,a4fa1d81f760da3f,tablet
DEV_002014,557e85e1a835e5a0,mobile
DEV_002015,9b2ee834c0cb5886,desktop
DEV_002016,f0aa6e015e1f5e94,tablet
DEV_002017,66e2b14f4270182f,desktop
DEV_002018,c1f01f518f61c823,mobile
DEV_002019,66d36bb4b83e344a,tablet
DEV_002020,23d0836ffca0ce4c,desktop
DEV_002021,d123c21a530afeed,desktop
DEV_002022,20feccb2edab44ac,desktop
DEV_002023,c087dface7453ee6,desktop
DEV_002024,c5c0a92210740274,tablet
DEV_002025,2036c81cb0aab0b6,desktop
DEV_002026,2cbd347d6fdd4a2e,mobile
DEV_002027,83a8084ff22c8485,mobile
DEV_002028,fb3aed7600cae850,tablet
DEV_002029,bc6cfc5f874b7ac9,desktop
DEV_002030,6909486dc60542a1,mobile
DEV_002031,194c5a126e9b239e,desktop
DEV_002032,2b2fe4b6099be3b4,desktop
DEV_002033,973c7fe748bc5823,mobile
DEV_002034,52d33cbc2ed60f31,mobile
DEV_002035,ab3ea8a43174032a,mobile
DEV_002036,6cfcf0b829a0f3a7,desktop
DEV_002037,73ea4bcb420b2af4,mobile
DEV_002038,97506ce651b9f656,desktop
DEV_002039,1731b2a583a113b0,desktop
DEV_002040,12609e711fa123bd,mobile
DEV_002041,2e9f55f273000394,mobile
DEV_002042,b1462b422c1ccc44,mobile
DEV_002043,8db10157a53912d8,desktop
DEV_002044,93945fb45fc30ea9,mobile
DEV_002045,88170cf918f51b3b,desktop
DEV_002046,72ab25701daa746f,mobile
DEV_002047,04522b401766d482,desktop
DEV_002048,fac47a8a958d71e6,mobile
DEV_002049,0d0cbf56cf00ee38,mobile
DEV_002050,ccdbffe16df94606,mobile
DEV_002051,7594ee74ffb7dd3a,desktop
DEV_002052,edbb86e8368e16e0,mobile
DEV_002053,fc03cf3a99e95dd0,mobile
DEV_002054,d940a3f5a23ac337,tablet
DEV_002055,19c052c0c0f4a3cc,tablet
DEV_002056,ca2d36dbb185c601,desktop
DEV_002057,966ae6418598d756,mobile
DEV_002058,48352fc427111a22,mobile
DEV_002059,94cea30b56d5c5c5,mobile
DEV_002060,7fb3096766a46fbb,desktop
DEV_002061,4cf8ca45b627b194,tablet
DEV_002062,7b33b0b42cac844b,desktop
DEV_002063,ad48f90dc4afd79e,mobile
DEV_002064,f566768852dbc738,mobile
DEV_002065,e94bc88fad928895,mobile
DEV_002066,5b50ff38def9a83d,mobile
DEV_002067,43833c24fe7a1219,tablet
DEV_002068,6a3d455ef9864522,desktop
DEV_002069,11c0769fc0af70c1,mobile
DEV_002070,fd2b5a204305d89d,desktop
DEV_002071,3abebe7905770ebb,desktop
DEV_002072,dfbb5755b861c1ef,mobile
DEV_002073,ebf14575eec13ab8,mobile
DEV_002074,ad363da0cc79dba4,desktop
DEV_002075,8ae70fa44cd30118,desktop
DEV_002076,c5ac8291b98818a1,mobile
DEV_002077,718122600615ebba,mobile
DEV_002078,a50f5cf0b73ec6b5,tablet
DEV_002079,ce898f9c6061bf8d,desktop
DEV_002080,2641f8ad416d1f0a,desktop
DEV_002081,c692b921f0ad2313,mobile
DEV_002082,e0fd48c4999e5c59,mobile
DEV_002083,4ff5136d42088470,mobile
DEV_002084,b16d12672002a720,desktop
DEV_002085,7ad6c4936ee1b155,mobile
DEV_002086,39d3a2650d87cf3a,mobile
DEV_002087,5bc1434e14c62f58,mobile
DEV_002088,ca3f43ae20a673b9,desktop
DEV_002089,ad07e9cb6d8b44a4,mobile
DEV_002090,4662d68174962a80,desktop
DEV_002091,c36ba2cc546ea5aa,mobile
DEV_002092,4dceef89a0cc5d7d,tablet
DEV_002093,d4ef861df55331c0,mobile
DEV_002094,138ab86f947cafa5,mobile
DEV_002095,460160e0501d43c7,mobile
DEV_002096,ce5ba6408af721cd,desktop
DEV_002097,5b7de78f75bb7158,mobile
DEV_002098,e0f8a046b5e59ba8,desktop
DEV_002099,c923aea94051dfcd,desktop
DEV_002100,5f42c3bb33335da7,mobile
DEV_002101,020619b72851fb36,mobile
DEV_002102,294fa42b983b3634,desktop
DEV_002103,8db23f0bdb98d438,tablet
DEV_002104,c423bea5ae4e3af9,desktop
DEV_002105,72d0a9b6571c8521,desktop
DEV_002106,690328f6a4b278d8,mobile
DEV_002107,cadf07fd34909ad6,tablet
DEV_002108,bc544e11530f2bf6,desktop
DEV_002109,e7299ebf21c60933,mobile
DEV_002110,0221621fcc88064d,tablet
DEV_002111,0de650fe90880d5d,mobile
DEV_002112,7997b0d50cd4242e,mobile
DEV_002113,53ee65533ceb5eed,desktop
DEV_002114,a8a7bf4bcb8208b2,tablet
DEV_002115,c37eb420c5eb4c19,mobile
DEV_002116,81f909e40667a4ff,desktop
DEV_002117,cd0d9ea414b8679f,mobile
DEV_002118,fa9e3575c8585c7d,mobile
DEV_002119,a2d596fb2f3ad1db,desktop
DEV_002120,736d1acfc2d0cf1f,tablet
DEV_002121,1c1b17b63566a9d0,mobile
DEV_002122,145e7d5f990b5252,mobile
DEV_002123,08c8c1681917466b,desktop
DEV_002124,f6c7785c13366ad3,mobile
DEV_002125,e54fa0dccaa926cf,desktop
DEV_002126,38b7d4c7b1588797,desktop
DEV_002127,6d8f3d4ccb5ddd56,desktop
DEV_002128,e28b4cbbc9f07eb1,mobile
DEV_002129,93bf0f0b257c9f95,desktop
DEV_002130,ac6aa36d2a674397,desktop
DEV_002131,1a939b81b3de4cda,mobile
DEV_002132,513f934b442c0f30,mobile
DEV_002133,0e15a1f43cb336f0,mobile
DEV_002134,32832dc91301aaea,desktop
DEV_002135,bf206961ec64e7d6,desktop
DEV_002136,74d85efbb152596b,tablet
DEV_002137,cef5473ef8f13855,mobile
DEV_002138,9fc9822a222a2d0b,mobile
DEV_002139,68eaaee143c51b1f,mobile
DEV_002140,30296f2ade574019,mobile
DEV_002141,e84f3b07330d1697,tablet
DEV_002142,004ad59b180bbc81,mobile
DEV_002143,cd0a944818943479,mobile
DEV_002144,e89c9d921aece6cf,desktop
DEV_002145,da9e7a237f1eed98,mobile
DEV_002146,3c59382215b71df9,tablet
DEV_002147,131f227d4b0dccfb,mobile
DEV_002148,80128331a0a10e40,tablet
DEV_002149,86d4d7e49a884664,mobile
DEV_002150,f63157d5ab33aa22,mobile
DEV_002151,ba849c97656b4189,mobile
DEV_002152,76305056cfba3a66,tablet
DEV_002153,ab9db98cf74914ee,mobile
DEV_002154,02423936860787de,mobile
DEV_002155,03d5f5eb6ffc55c4,mobile
DEV_002156,d897e9cf1755415b,desktop
DEV_002157,1821bde9b969eb9d,desktop
DEV_002158,21d56914a1d33aa5,tablet
DEV_002159,511cdd8e6e67f432,mobile
DEV_002160,81ccc1d53f7bfee2,tablet
DEV_002161,105b520d546a5054,mobile
DEV_002162,32702674824742c6,desktop
DEV_002163,34259f7c95aa1ad6,desktop
DEV_002164,0efe44ff5adc4c97,desktop
DEV_002165,141020be41acb3a0,tablet
DEV_002166,cbed741aa39f4db9,mobile
DEV_002167,04bd5eaac25538d8,mobile
DEV_002168,62186d54268a3dd9,mobile
DEV_002169,fcb41eabb3cb80f2,mobile
DEV_002170,e4afd7a3d250a6b4,desktop
DEV_002171,8bf1326d0ea1f6a7,desktop
DEV_002172,83b5ea3e2829d6c3,mobile
DEV_002173,a12fd582d10f4f49,mobile
DEV_002174,edb8f793555a2b7e,mobile
DEV_002175,bf6183352d59b78e,tablet
DEV_002176,9fbc14653dda32ff,mobile
DEV_002177,02aa0ed072b4761d,mobile
DEV_002178,7e0d136a76fcf5f6,mobile
DEV_002179,d79b6c31d0bfd8fd,mobile
DEV_002180,ef26d3d22df0ce0d,mobile
DEV_002181,e5420706613b905c,mobile
DEV_002182,91e64a76d7c4d7d3,mobile
DEV_002183,a68d17c0be1ced3d,desktop
DEV_002184,70bc130524af3039,desktop
DEV_002185,b6493efba9fc3ab0,desktop
DEV_002186,5a023c6ad13f4829,mobile
DEV_002187,c84b4dc8e87e56ae,mobile
DEV_002188,998b658b96e384c4,mobile
DEV_002189,45afc2f5acac8e3b,mobile
DEV_002190,826118fae60be6a0,mobile
DEV_002191,16b99cd7505210ca,desktop
DEV_002192,c04a117f858c8f9e,mobile
DEV_002193,6d7ccdd5404de108,tablet
DEV_002194,801ff3a1fb8864a1,tablet
DEV_002195,89bebd0dc81a394c,mobile
DEV_002196,b0df9d4edfa876bb,mobile
DEV_002197,bbdf70e7dad3dd59,mobile
DEV_002198,4477ef843918d2d4,mobile
DEV_002199,964c1952d0c6ad78,mobile
DEV_002200,a420f8548d6a736d,desktop
DEV_002201,d05421101e819496,tablet
DEV_002202,10c4863021d3d573,mobile
DEV_002203,a166009352aa6e53,tablet
DEV_002204,bea42ba55b813da4,mobile
DEV_002205,528ca3fbb7bf2bcc,mobile
DEV_002206,bde87d11359c5e1f,mobile
DEV_002207,5a8cd3c864992a5d,mobile
DEV_002208,1076c097a4fac8f7,desktop
DEV_002209,1e2fa601da659efb,tablet
DEV_002210,5d566c305f1b9819,desktop
DEV_002211,8dbd1429cdddbc99,desktop
DEV_002212,324eee7792bf0921,mobile
DEV_002213,3c277783f56fb054,mobile
DEV_002214,a6a60fa8529625bc,mobile
DEV_002215,5604b93cc6b479a4,tablet
DEV_002216,0e7a2d1819ed9cb7,mobile
DEV_002217,af54378356c7a15f,mobile
DEV_002218,f795f2e4bbb45fe7,mobile
DEV_002219,a091d49141ac8978,mobile
DEV_002220,bf8d8f9f41ff5188,desktop
DEV_002221,6602e65670e739b9,mobile
DEV_002222,90552d1010897a00,mobile
DEV_002223,bcd6e54956ccd821,desktop
DEV_002224,991accc88315249d,desktop
DEV_002225,e89d7e549c6b4054,mobile
DEV_002226,9e32caae9ac2725e,desktop
DEV_002227,e1cd2189917f05ed,desktop
DEV_002228,faa7ee3ea49237b1,mobile
DEV_002229,55f6b6a2073f54a9,tablet
DEV_002230,726c5014b8d93a51,mobile
DEV_002231,df9b97c9b6a46331,mobile
DEV_002232,0f9c3c97df615e2c,tablet
DEV_002233,cfb0b47fc4b4d0f6,desktop
DEV_002234,5c028eaf65d1cf59,mobile
DEV_002235,5995ef04fc471619,mobile
DEV_002236,54e7c9b03bff2133,tablet
DEV_002237,1e9c1486da2df62a,mobile
DEV_002238,0204a5055e3f8de1,tablet
DEV_002239,b8fbb450a8105bfa,desktop
DEV_002240,c55ea99b043d80c4,mobile
DEV_002241,39e12cc6d0703ceb,desktop
DEV_002242,402ff1ac810377a2,mobile
DEV_002243,e0a92b99fefe6d6c,tablet
DEV_002244,d169a4f58212c34d,mobile
DEV_002245,c686431866e6c612,mobile
DEV_002246,5055c5ac85b743a6,mobile
DEV_002247,572856cf74a31e14,mobile
DEV_002248,8bf5ef55161f753e,desktop
DEV_002249,eb652a712e3719a7,desktop
DEV_002250,81d743a14c7d8200,mobile
DEV_002251,2d9093da4b49bc93,tablet
DEV_002252,7181eefd38230e95,mobile
DEV_002253,2e416122bfc18c4b,desktop
DEV_002254,ebb88a90d05eb271,desktop
DEV_002255,95ee2b0d81a2d2bb,mobile
DEV_002256,a2d90ad06accb6fc,mobile
DEV_002257,7bcab29c7b3dd741,desktop
DEV_002258,a5574dcb568fad8e,desktop
DEV_002259,7de961607bdf8993,desktop
DEV_002260,f3563fde451cc25d,desktop
DEV_002261,ac6468333c44a67f,desktop
DEV_002262,017b649fa45aeb97,mobile
DEV_002263,467d688884f900b9,tablet
DEV_002264,9a1caee790752c72,desktop
DEV_002265,fd440a5816ba57d6,desktop
DEV_002266,fc74d231b2f53638,mobile
DEV_002267,e46757a98da1f9fe,desktop
DEV_002268,af7318001237b121,desktop
DEV_002269,023cd18707b06182,desktop
DEV_002270,49cb23f8555e5a12,desktop
DEV_002271,5c347af76c0a7cdc,desktop
DEV_002272,eaccc03a7e9d7560,mobile
DEV_002273,a608270f1c457803,desktop
DEV_002274,59bc662acbcc0ee0,mobile
DEV_002275,5a832b18ebe0ec46,desktop
DEV_002276,ef891a7144c3ef88,mobile
DEV_002277,854922ebc228f27d,mobile
DEV_002278,9b0f07cb0e71e19f,desktop
DEV_002279,0978ff2f6284fb41,mobile
DEV_002280,5e066922549880e5,mobile
DEV_002281,4421b378c535368b,desktop
DEV_002282,713350c3260cd367,mobile
DEV_002283,14f40edbc2ff3d62,mobile
DEV_002284,385d05869019db0c,tablet
DEV_002285,fc33abbe3ce41118,mobile
DEV_002286,e4e640e90aed6d27,mobile
DEV_002287,e2fdbd30174d9d4e,mobile
DEV_002288,f44b2339221c867f,mobile
DEV_002289,99cd4dbff77b763b,mobile
DEV_002290,c0c105ef9c29bca7,mobile
DEV_002291,f781a88d6c5a89ef,mobile
DEV_002292,cff5f4a1252eed10,desktop
DEV_002293,085bafa85c6d4f5a,desktop
DEV_002294,0fa12cf63cafe3a4,tablet
DEV_002295,d717c3dfa8174b22,desktop
DEV_002296,25048c7e3078f857,mobile
DEV_002297,06cb4036415baa55,tablet
DEV_002298,8ae730bad32d7f59,desktop
DEV_002299,dc08aeec1558afbd,desktop
DEV_002300,ef86771685922395,mobile
DEV_002301,e402660d8b3307ff,desktop
DEV_002302,a93fa1fd176a6829,tablet
DEV_002303,812f47a53e4b194f,mobile
DEV_002304,c98cfa0411ad2221,desktop
DEV_002305,a40997c665ef4365,mobile
DEV_002306,e1d5d297b3dff40d,desktop
DEV_002307,44ac255ccf2f1386,mobile
DEV_002308,8e36756f3016d348,mobile
DEV_002309,a7acf58845238877,desktop
DEV_002310,9e35087c45354246,mobile
DEV_002311,b75620d989d4dc51,tablet
DEV_002312,0ba5e19c8b6d22ab,desktop
DEV_002313,877b4e371c0dc81c,desktop
DEV_002314,ea344dd764de8dfd,mobile
DEV_002315,b16fedd01e4df733,desktop
DEV_002316,bedffa1b8e0fd4c2,mobile
DEV_002317,4b41b93e1470ff74,mobile
DEV_002318,1d6efbdb8b916ca5,mobile
DEV_002319,a44847a11f9933d1,desktop
DEV_002320,c979ee9493d2a0dc,desktop
DEV_002321,dd3db77daf2152e1,mobile
DEV_002322,e4dd91f36f270eef,mobile
DEV_002323,3716bb2ef90655a9,desktop
DEV_002324,68d6d79672218b85,mobile
DEV_002325,d7082ff2c5d6b611,desktop
DEV_002326,9db130afd89f8622,desktop
DEV_002327,134d3782b6e285cf,mobile
DEV_002328,8b97df4813068a66,desktop
DEV_002329,08bbd09f0d0ed0ec,desktop
DEV_002330,9207bfecb555bd07,desktop
DEV_002331,5145aefca9c374db,mobile
DEV_002332,27f481779886842b,mobile
DEV_002333,2fecbf0ac2ccdd41,desktop
DEV_002334,7b72f6041702e04a,desktop
DEV_002335,b8d45c4a342345a3,mobile
DEV_002336,6fe0619ec2e8a53f,mobile
DEV_002337,ac73aa04302a3550,mobile
DEV_002338,ea564d773e81b5c1,mobile
DEV_002339,193f54f7303eede0,mobile
DEV_002340,2c617e5dc133be47,mobile
DEV_002341,2758d0dc0859600c,mobile
DEV_002342,1841cd3a59c1ea98,mobile
DEV_002343,b03203a5f131fe48,mobile
DEV_002344,40c40ade2212290d,mobile
DEV_002345,5c46f1138773d1a1,mobile
DEV_002346,e7b0180d46ad2d0b,mobile
DEV_002347,dc61a7a8f270177c,tablet
DEV_002348,f24cdd80e2a2a4af,mobile
DEV_002349,03ecec8af059a016,mobile
DEV_002350,8fdc068b73d64a0b,desktop
DEV_002351,716046a05dd159ea,desktop
DEV_002352,a751e83629e5a7b3,tablet
DEV_002353,60b0239285f085cd,tablet
DEV_002354,167d672bcdefecec,desktop
DEV_002355,2280f6025d5dfab9,mobile
DEV_002356,92b3d868c89ded12,mobile
DEV_002357,f7d740606d93441b,mobile
DEV_002358,5a762b01d36a09c0,mobile
DEV_002359,e38248c37883fbf1,mobile
DEV_002360,765d77bbe58991ed,mobile
DEV_002361,2718cbc38058b069,mobile
DEV_002362,93defadc9b451f68,mobile
DEV_002363,b376d22cc8683eea,tablet
DEV_002364,6acc04f282b2248e,mobile
DEV_002365,33dadf51e74b7c1d,tablet
DEV_002366,c1c774bdfb311c5f,mobile
DEV_002367,650650e154911e13,desktop
DEV_002368,82af488ff26e200d,mobile
DEV_002369,250bbeb6fee480ab,mobile
DEV_002370,85ed48fd4c4911a6,mobile
DEV_002371,b1f7974a5712884a,mobile
DEV_002372,4dabfaa0299ac06f,desktop
DEV_002373,544c4de78d0d780e,mobile
DEV_002374,67e8ebf75321d54d,mobile
DEV_002375,f21e32c6fd759fd9,tablet
DEV_002376,5d21536378a6debb,mobile
DEV_002377,32db1c450d3356af,desktop
DEV_002378,9bb6a863414ab392,tablet
DEV_002379,63bb610ad471e9a8,tablet
DEV_002380,e4adca118f950f33,desktop
DEV_002381,5ca3b95633595943,tablet
DEV_002382,873717ff28c32278,mobile
DEV_002383,4e26ec28d6647479,mobile
DEV_002384,a766733b3753bafb,desktop
DEV_002385,869e90dfb620f47c,tablet
DEV_002386,0cb8026a8ac8cc5b,desktop
DEV_002387,da5b484dd386f3e5,desktop
DEV_002388,5a642089cddbb5cf,mobile
DEV_002389,7900b2afe4c5abee,mobile
DEV_002390,3aa8964e25c9ca64,mobile
DEV_002391,cce4b711be9c3998,mobile
DEV_002392,312b6ab33d015aa7,mobile
DEV_002393,7df81ac63bff05fb,mobile
DEV_002394,062bd82c09bdb965,mobile
DEV_002395,ceb38d6d22ed3e0e,mobile
DEV_002396,d9df98d48f389a79,mobile
DEV_002397,2716cd7732daa25b,desktop
DEV_002398,d66f4b30516445ec,mobile
DEV_002399,0d07892fce73e05d,mobile
DEV_002400,9daa4f4792858291,desktop
DEV_002401,9674ec21e2a84e2b,mobile
DEV_002402,a5f417210c9559e4,mobile
DEV_002403,8432436acb1eca85,desktop
DEV_002404,26a1dff6fbfeacec,mobile
DEV_002405,5f048959923fdbe3,mobile
DEV_002406,34fbe8a9b24b9fa5,mobile
DEV_002407,9817573d064a180f,mobile
DEV_002408,919215e1bc0cdaeb,desktop
DEV_002409,8046fb00375db09b,mobile
DEV_002410,802fc1055f3e9b9b,desktop
DEV_002411,3959385e737ca9e2,desktop
DEV_002412,4a83f65a9fb30b46,mobile
DEV_002413,6fc9ae7e214181b0,mobile
DEV_002414,97fb707b6b60257e,mobile
DEV_002415,5b5501940af07781,desktop
DEV_002416,0d531be95e6b4e96,desktop
DEV_002417,9d73c0d2a7dd4c37,tablet
DEV_002418,0f35f0e4bb2ed975,mobile
DEV_002419,3712c2a77ebed4a0,tablet
DEV_002420,06da2370c5615f09,tablet
DEV_002421,770c09ee2e69f079,mobile
DEV_002422,005b6df78396e0f1,desktop
DEV_002423,8525fecea519714d,mobile
DEV_002424,561b31b9a17f18d8,mobile
DEV_002425,2878f3997655e770,desktop
DEV_002426,45ae59f75450565b,mobile
DEV_002427,e6ea33638168f51e,mobile
DEV_002428,69fee0d60c7138ab,desktop
DEV_002429,316c2cef725108e4,desktop
DEV_002430,fbcb178143d9d6c2,desktop
DEV_002431,cf7f194437cd15c0,desktop
DEV_002432,3fda5b839eb0d6e7,mobile
DEV_002433,e5b698e89b4e5bf9,mobile
DEV_002434,834c8709fd566f72,mobile
DEV_002435,6cb533919ca3b174,mobile
DEV_002436,bff6ed0cb5711db1,mobile
DEV_002437,0cd36ef397ba735d,mobile
DEV_002438,c23d024f78112ce9,tablet
DEV_002439,7984ec30925711a0,desktop
DEV_002440,8ae0a2737f6a0d08,desktop
DEV_002441,ab24ed722dcdb2ea,mobile
DEV_002442,64dd55e3df959111,tablet
DEV_002443,25a07b78e07ce25e,desktop
DEV_002444,610780509f192e2d,mobile
DEV_002445,f1119d284be6542c,tablet
DEV_002446,7aebec8c1e0426e3,tablet
DEV_002447,1a6085ab892d2841,mobile
DEV_002448,ac47f6f29b53d8f5,desktop
DEV_002449,e3fcff5af738b0cb,mobile
DEV_002450,fcf8d4dee26bf0e2,tablet
DEV_002451,3dda775ff3e6028e,mobile
DEV_002452,73e6657feaf4fb23,mobile
DEV_002453,5a9ba48ab2d27594,mobile
DEV_002454,1b55cd6ae59303e3,mobile
DEV_002455,75cc6661e06936c2,tablet
DEV_002456,d5ab67d4b65da536,mobile
DEV_002457,34d368ff43aa3c01,mobile
DEV_002458,928220cdda9f82f7,mobile
DEV_002459,415b3eefd7fc78ba,desktop
DEV_002460,e1b699c9a0a6153b,tablet
DEV_002461,6b3193b5564acb4c,tablet
DEV_002462,d62a9c7aa519991d,mobile
DEV_002463,96385f2a9a795de2,mobile
DEV_002464,795327027a04b216,mobile
DEV_002465,80e52e604fead26a,tablet
DEV_002466,a1073b2ce720ca47,desktop
DEV_002467,d58ab0806dc45a36,mobile
DEV_002468,f3034c1f35775bb7,desktop
DEV_002469,f28ab7b5c3f07276,desktop
DEV_002470,40a91cd4a9763be5,desktop
DEV_002471,dbee189f7ad3da79,mobile
DEV_002472,33ad6df3cf1e03f8,tablet
DEV_002473,f52de8d02d614a6d,mobile
DEV_002474,3f84c2f0a0bffab4,mobile
DEV_002475,15eb2de92da5f5db,desktop
DEV_002476,42969a7f4f7893a9,tablet
DEV_002477,5d5c27c2c3f3a5ac,mobile
DEV_002478,22ee128397a92233,tablet
DEV_002479,02e490c0007537fa,mobile
DEV_002480,34d4e4b6bc527a36,desktop
DEV_002481,0fe8f0181d547754,tablet
DEV_002482,9eb778764ee3845c,mobile
DEV_002483,27eeed7c6cc02764,mobile
DEV_002484,35ce98a78f1a15cf,mobile
DEV_002485,2a208f942268ea4f,mobile
DEV_002486,437781620f7a21ce,mobile
DEV_002487,f3eb5e1ad327a99e,mobile
DEV_002488,f516cbf941b2cf29,desktop
DEV_002489,4b7dc2486d8ec3ef,mobile
DEV_002490,91358a6346d0e8f6,desktop
DEV_002491,fb75c69f58d987e3,tablet
DEV_002492,3d0fb2c8567c3ca2,mobile
DEV_002493,af33a715b425b3f5,mobile
DEV_002494,b989cdcedc689d68,desktop
DEV_002495,3a44bcd82e4bd5f9,mobile
DEV_002496,5afa42aff3ee405a,mobile
DEV_002497,38aabdbcb195f715,mobile
DEV_002498,ee2888dcc0f44bff,mobile
DEV_002499,eb96b4dcb252a625,tablet
DEV_002500,0341ddab64a9e119,mobile
DEV_002501,6704e4e05025efae,desktop
DEV_002502,944e59d52bae3488,mobile
DEV_002503,11c2c5c248b43367,desktop
DEV_002504,75c84c974a55582f,mobile
DEV_002505,f51ab9dd917a713e,mobile
DEV_002506,db948ac4519d8573,mobile
DEV_002507,a73cd4bd3299307a,mobile
DEV_002508,efcfc34c04c13564,desktop
DEV_002509,7c8ebff07aeecdcd,mobile
DEV_002510,20b8dbcca83a70e6,desktop
DEV_002511,ea5b30e7685506a7,mobile
DEV_002512,aa029c771865d3ed,mobile
DEV_002513,bbbedc346f40d324,tablet
DEV_002514,eff4ab59745253e8,mobile
DEV_002515,9c16bd93fc177c1a,mobile
DEV_002516,66dca822c8b2b021,desktop
DEV_002517,e59ff2ba6867b118,mobile
DEV_002518,d73ccbdc5291fb61,mobile
DEV_002519,033e64314f6f9543,tablet
DEV_002520,97512d928ff5ce5f,mobile
DEV_002521,d23060b1cf644aea,desktop
DEV_002522,bd97e5ac3ad94046,desktop
DEV_002523,c43820e1bcc39376,desktop
DEV_002524,b63cc627610078f9,desktop
DEV_002525,faa7904983c0ed5e,mobile
DEV_002526,554d2381b94c7470,mobile
DEV_002527,fd54fcb91f7a15b4,desktop
DEV_002528,c880d3ef3b616a6a,desktop
DEV_002529,8284d4edb21965d3,mobile
DEV_002530,ae3c7320c7692e5e,tablet
DEV_002531,0586fa39291498af,tablet
DEV_002532,e5c52ed31d5218d9,mobile
DEV_002533,c9a1b583bcbb9732,tablet
DEV_002534,edffb3d9143edb55,mobile
DEV_002535,5f407d684a778fda,tablet
DEV_002536,65495466113ea328,mobile
DEV_002537,2c32c655e1526eb2,tablet
DEV_002538,6303a6795555abeb,mobile
DEV_002539,3d50008db9b4cd6f,mobile
DEV_002540,d60aa2ee51b11faf,tablet
DEV_002541,2cd916e998f9cc79,desktop
DEV_002542,6d2a8af331740a9e,mobile
DEV_002543,7ec1a9eabbc08d81,desktop
DEV_002544,d117c05767c552a2,mobile
DEV_002545,36da1a727ef31a95,tablet
DEV_002546,822628ab347125ef,mobile
DEV_002547,99b83be7469357d7,desktop
DEV_002548,aec2b2b45d3b8264,desktop
DEV_002549,7ca3ce9ceae369ae,desktop
DEV_002550,5f3d834f7efab15d,mobile
DEV_002551,9c15be53664b7ec3,mobile
DEV_002552,65dfd3649ee36e1a,desktop
DEV_002553,962c1758d62d3573,mobile
DEV_002554,600de3b84f4de347,desktop
DEV_002555,f0c0d7c0ddaff63d,desktop
DEV_002556,9e6876fa166a4883,desktop
DEV_002557,bba0683457b4638c,desktop
DEV_002558,b0d33bcb8db9cebd,mobile
DEV_002559,24ba98b292d5c184,tablet
DEV_002560,b630c8d31bc90dce,desktop
DEV_002561,2452af3f8cdc81d1,tablet
DEV_002562,7692e3787f488973,desktop
DEV_002563,b414b070e28850ca,mobile
DEV_002564,9adfd13b6667a57a,mobile
DEV_002565,e3c5c869147a59ac,tablet
DEV_002566,1dbdc633278e9560,mobile
DEV_002567,381c1d991bdef2d8,desktop
DEV_002568,7195cc79eda89eb7,mobile
DEV_002569,c8efdd8e47b7c640,mobile
DEV_002570,92811e00badb1f28,desktop
DEV_002571,c4b6729f7ee71e62,desktop
DEV_002572,d783f45505618c20,mobile
DEV_002573,00d5dbe090af28f5,mobile
DEV_002574,6c6d071b18e1c45e,tablet
DEV_002575,f0c3e7e50061eb12,tablet
DEV_002576,ef1dc1630dcb7e25,mobile
DEV_002577,d20a7d52b208f6ea,desktop
DEV_002578,69ea16cc4eecdd43,tablet
DEV_002579,e853c5e51e92cd18,mobile
DEV_002580,dfb17182b4c35ce8,mobile
DEV_002581,dc3f91d9d3e9acb2,desktop
DEV_002582,290f8702ba3387b2,mobile
DEV_002583,3988023c9788fdaa,mobile
DEV_002584,11aa24f7252c22c2,mobile
DEV_002585,c48415a02826b3f8,mobile
DEV_002586,e1d8acad75ae4932,mobile
DEV_002587,da5cb4d7f420db6b,tablet
DEV_002588,faeb0f49c576f3de,mobile
DEV_002589,87903851653e43c6,mobile
DEV_002590,e9ba811d2d0405ab,desktop
DEV_002591,194081318eff6444,mobile
DEV_002592,e40971e00875773a,mobile
DEV_002593,59488762ee05e9b7,mobile
DEV_002594,1149043196453767,tablet
DEV_002595,8b0b43779192565a,desktop
DEV_002596,f685dd36713941ca,mobile
DEV_002597,7589c5b37e3cc921,mobile
DEV_002598,9d1c5b825309d5b5,mobile
DEV_002599,c511ef078861136f,mobile
DEV_002600,aec62ad02ddcb09f,mobile
DEV_002601,0f2005b9e120a9e0,desktop
DEV_002602,7e13488e9d17c86d,mobile
DEV_002603,52684b6aff563fed,mobile
DEV_002604,934ab48ecc367162,desktop
DEV_002605,b0823a58e80ac413,desktop
DEV_002606,0bac482a79ca6069,desktop
DEV_002607,bd01fc6e4fa0a226,desktop
DEV_002608,21e626d242b941d1,desktop
DEV_002609,eeb27aef17bf15b6,mobile
DEV_002610,35bee56c29ca949a,mobile
DEV_002611,d5ec59e237762899,mobile
DEV_002612,588276e3e5777b73,mobile
DEV_002613,bd4deecb40158653,mobile
DEV_002614,08557bcac8483044,tablet
DEV_002615,bcf648692f0a6088,desktop
DEV_002616,90b1d19cb9aa3b12,desktop
DEV_002617,6abf698fb0dba2e9,tablet
DEV_002618,ff62a864fa18919f,tablet
DEV_002619,af29619e479c4a57,desktop
DEV_002620,845341d2c095f140,mobile
DEV_002621,e054d40c39cf966b,desktop
DEV_002622,4a296348c7e64985,desktop
DEV_002623,a10c223349d32e84,mobile
DEV_002624,3a667c1c289168d8,desktop
DEV_002625,925bc7108b494d0a,mobile
DEV_002626,306497b62783e41a,mobile
DEV_002627,5d11917e76b1cfe9,tablet
DEV_002628,101ec6ee408b9b71,desktop
DEV_002629,78220c3c01e21736,desktop
DEV_002630,17452bf7ae0f7c6a,desktop
DEV_002631,637e9262d9db350e,mobile
DEV_002632,14e686be2007c9f4,mobile
DEV_002633,456fbad6f2de1ea0,mobile
DEV_002634,3cb63e8e5b82076f,mobile
DEV_002635,5327a1d4bfff1802,mobile
DEV_002636,94e72681a1787a88,desktop
DEV_002637,5635482ce63d23e0,mobile
DEV_002638,361165a024dbf82a,mobile
DEV_002639,aa627c6491c65692,mobile
DEV_002640,e46f96315adff0bd,desktop
DEV_002641,9b98954a3306f8ea,mobile
DEV_002642,d7babb7be53dc5fd,desktop
DEV_002643,408ecdaf7562051c,mobile
DEV_002644,f8c7cbcb50d0d7e9,mobile
DEV_002645,591c6c79d6ee0850,tablet
DEV_002646,227cf5f57f520121,desktop
DEV_002647,3e608fa7d552a4f0,desktop
DEV_002648,c3c150982a6de7ab,mobile
DEV_002649,b6ca56ade8c7cb48,desktop
DEV_002650,878ce2749a39d7b7,mobile
DEV_002651,73397a6fb175f0cb,mobile
DEV_002652,47416348fc95f686,desktop
DEV_002653,3cc943ed81c32ae2,desktop
DEV_002654,07b92160db00edbd,mobile
DEV_002655,70e30738edea1b58,mobile
DEV_002656,6307c1618d622a53,mobile
DEV_002657,25421777e37527a4,mobile
DEV_002658,cc6272997028617c,mobile
DEV_002659,acb57baa0ab4b0c1,desktop
DEV_002660,b73898a520ec366d,mobile
DEV_002661,010f309d32e03dca,mobile
DEV_002662,abbd89e06ca24aca,desktop
DEV_002663,5929d984f6e21fda,mobile
DEV_002664,48f642629217092d,tablet
DEV_002665,58a6acf7123bdf57,mobile
DEV_002666,1b7dedf204b932bd,mobile
DEV_002667,935dd58f9bfb6a6b,desktop
DEV_002668,db312e382fc9e244,mobile
DEV_002669,4b7021575bcd198b,mobile
DEV_002670,384f6249d0314618,desktop
DEV_002671,b3dd051eba318df0,desktop
DEV_002672,8a33c517a64bacf3,desktop
DEV_002673,c694113075653e2a,mobile
DEV_002674,f6bcca67253dd48d,desktop
DEV_002675,590fafbd4067c052,mobile
DEV_002676,5aa9687cbb900165,mobile
DEV_002677,628a312ead28054b,desktop
DEV_002678,305e449d89f2213b,mobile
DEV_002679,51612851fff81f92,mobile
DEV_002680,83a23e475f9566e6,desktop
DEV_002681,b16a4e7d24e1464b,mobile
DEV_002682,9ecdb8bc17c4d155,desktop
DEV_002683,23ac1f25e6d79b57,tablet
DEV_002684,223136f575fa422c,desktop
DEV_002685,e4992113a0e07e86,mobile
DEV_002686,99185dae9ca8c907,mobile
DEV_002687,87255b4ac4efea9b,desktop
DEV_002688,01b819b2befd72d2,mobile
DEV_002689,05e77c2efee98fae,tablet
DEV_002690,8c27d4c73597ec6b,mobile
DEV_002691,54f728ea23a6cad2,mobile
DEV_002692,a4c8cd0d90ab5ba4,mobile
DEV_002693,9196c6594d9c442e,mobile
DEV_002694,416004c500a1e3f2,desktop
DEV_002695,99b158004266b88f,desktop
DEV_002696,45437af68b6714c8,mobile
DEV_002697,5a224665fe7ef72f,tablet
DEV_002698,961eddd987ef8d5a,mobile
DEV_002699,3f640b021db2cd27,mobile
DEV_002700,887384933a65a4bd,mobile
DEV_002701,1bbc7881df85d3e0,mobile
DEV_002702,a779cf90e15d81a6,mobile
DEV_002703,67ec4f8112e34203,mobile
DEV_002704,7c8afec4ed2f9b7b,desktop
DEV_002705,59acd00058e49a99,desktop
DEV_002706,0e47608ba07cc42e,mobile
DEV_002707,0843dcedcb0e9ce8,desktop
DEV_002708,4d585e1f054fad73,mobile
DEV_002709,26105c1501baa344,tablet
DEV_002710,0bc7755e9e118b3c,tablet
DEV_002711,6aaffd60e3f9b358,desktop
DEV_002712,31848357b9ed0cf4,mobile
DEV_002713,ef14a13a1234e3ef,desktop
DEV_002714,bfd0d7ec7629a723,desktop
DEV_002715,2f9cec955f6cbb23,mobile
DEV_002716,5c19dfe5c9996c43,mobile
DEV_002717,c12d2e77694295c6,tablet
DEV_002718,e60b5368559da8c5,mobile
DEV_002719,794cc20c0f0ed891,mobile
DEV_002720,6e4a7fd1d326a207,desktop
DEV_002721,016de9a3bb835ab1,desktop
DEV_002722,73766ba3e1bf82a0,mobile
DEV_002723,0cc40b61ebb9c2b5,mobile
DEV_002724,42e6d4b3d2bf4f35,mobile
DEV_002725,0843e8ec02e7600a,mobile
DEV_002726,5c308e89596d1dc6,tablet
DEV_002727,b72396460b8d9c35,tablet
DEV_002728,9e5fd94510c93bbb,mobile
DEV_002729,c58330c543102ae5,mobile
DEV_002730,7295c576b4c79e4f,tablet
DEV_002731,150b62965b63ea06,mobile
DEV_002732,94749e23141df797,tablet
DEV_002733,2b5be8ec04bd7796,mobile
DEV_002734,60be508c463748f7,desktop
DEV_002735,6456547f0b9e4082,mobile
DEV_002736,abd0ffcd6947cc14,desktop
DEV_002737,cfab242110368f5f,mobile
DEV_002738,07f0c54a4acd2ac7,mobile
DEV_002739,5331c049b7cf2120,mobile
DEV_002740,c376b4c01f5a2a77,mobile
DEV_002741,3d7161016e482ac6,mobile
DEV_002742,0853a5262694c189,desktop
DEV_002743,f0877e68aae94097,desktop
DEV_002744,1e920d61e849e480,desktop
DEV_002745,963f6632d1b38adc,desktop
DEV_002746,477a776e8abf8ba6,mobile
DEV_002747,cdf8156f5a13ea36,mobile
DEV_002748,fa10253f936c88f0,tablet
DEV_002749,56125213c27e3310,mobile
DEV_002750,2694563358079b90,desktop
DEV_002751,087271386087ea12,tablet
DEV_002752,aad9b711764c1a5a,desktop
DEV_002753,f506a6568f204df0,desktop
DEV_002754,1569c26f25405c11,mobile
DEV_002755,89530038c3490e56,desktop
DEV_002756,a2096f709512f758,desktop
DEV_002757,f9d3caa6e8550ed6,mobile
DEV_002758,61cf7083289f1dcb,mobile
DEV_002759,cb5f6b5207b92c08,desktop
DEV_002760,17feef63c8bd1de0,mobile
DEV_002761,51bca5d262a723b2,mobile
DEV_002762,74665c4919f8460c,desktop
DEV_002763,ef2133cd52975a80,tablet
DEV_002764,b961b2b81deeeb7e,mobile
DEV_002765,a172074edd881275,desktop
DEV_002766,d48328a5d6a37054,mobile
DEV_002767,88ba6ee7585857d4,desktop
DEV_002768,5eabb61a78d0401e,mobile
DEV_002769,7f6a6d838fb5a577,mobile
DEV_002770,f1249bc9184a57c3,tablet
DEV_002771,a89fb9214c8b333f,mobile
DEV_002772,d899a61f6cf42b27,mobile
DEV_002773,55e4cd3ba1866568,mobile
DEV_002774,6285a168f0160c91,desktop
DEV_002775,1283360ecf76a7fa,mobile
DEV_002776,4b88ea76c493b187,desktop
DEV_002777,54d17b7a15348ba5,tablet
DEV_002778,58570097baffb02f,mobile
DEV_002779,d25069b970836279,mobile
DEV_002780,c37f13b3d7ab8397,mobile
DEV_002781,9070cbbc0d189c46,desktop
DEV_002782,56f4416db2873d86,mobile
DEV_002783,ec28247bab7ea3b1,desktop
DEV_002784,3f80c1ef4241e58f,desktop
DEV_002785,15354c733be48a2c,mobile
DEV_002786,73d26045949e31f1,mobile
DEV_002787,bc9905b728a1c275,mobile
DEV_002788,1ca9038c4af1bc3d,mobile
DEV_002789,ae8a17a8951c8703,desktop
DEV_002790,bf8c3734223e8c1b,desktop
DEV_002791,fe56c908ef401092,desktop
DEV_002792,55dfe1485a984075,desktop
DEV_002793,8e7962fc77d14d53,tablet
DEV_002794,de3ec6ab0ecfb731,mobile
DEV_002795,54ce4471ef819649,desktop
DEV_002796,f54b6277d6a8cb80,tablet
DEV_002797,74b73e64cfb029d6,tablet
DEV_002798,7b462cde20f07801,desktop
DEV_002799,734a3987386af10c,mobile
DEV_002800,e143f3e5c3ae44ef,tablet
DEV_002801,8ab02c0ebf553221,mobile
DEV_002802,ab6991da26cf8b8d,mobile
DEV_002803,77bbb74dd605e2e2,mobile
DEV_002804,abf0c55bf21a644b,desktop
DEV_002805,d7ec7be18934689a,tablet
DEV_002806,6437e6ca2ce72bfc,mobile
DEV_002807,8108f543d60766d5,mobile
DEV_002808,ad3d841563211226,mobile
DEV_002809,3a65f6525bf0ac1b,mobile
DEV_002810,90c987f04aae0f24,mobile
DEV_002811,6acee847b4dd0c87,mobile
DEV_002812,24c12894bd76b725,tablet
DEV_002813,1ea1b31aab915e06,tablet
DEV_002814,b9e2d945bbc83a6f,desktop
DEV_002815,786600088cd240ea,tablet
DEV_002816,20c6bec9abf7cf30,desktop
DEV_002817,2380d9bd4cbae750,mobile
DEV_002818,e2d8ca5500e1c586,mobile
DEV_002819,42141cb92fadf9fc,tablet
DEV_002820,896b0a0706b5d231,desktop
DEV_002821,125352b0041b6785,mobile
DEV_002822,5f9f08c377616c6b,desktop
DEV_002823,59feea1796a45ec3,tablet
DEV_002824,4217835efc4f5b32,desktop
DEV_002825,4a08c618c31e29e2,mobile
DEV_002826,b268b4edeee8fa1f,desktop
DEV_002827,a75db213ed8cde19,mobile
DEV_002828,bcb039064be7d95d,desktop
DEV_002829,4bb65d7ca45dd2b1,desktop
DEV_002830,3bf47b1f40ad744c,desktop
DEV_002831,056e10f2ead660db,mobile
DEV_002832,920c9639b63d873d,mobile
DEV_002833,a2a0b8c4bbaf6ce1,mobile
DEV_002834,1e74f377f0f57464,mobile
DEV_002835,fdd2e41337f80e70,mobile
DEV_002836,14c235bc024abef8,desktop
DEV_002837,bd3a2579f2677167,desktop
DEV_002838,a96ef969ca15b14b,mobile
DEV_002839,1361999b9d7a2513,mobile
DEV_002840,4149445a860fbfe6,mobile
DEV_002841,14812e6c1c57fa60,mobile
DEV_002842,de7c3ad85279a8eb,mobile
DEV_002843,2dd03110fe6c0a44,desktop
DEV_002844,71196a8edf4685d4,mobile
DEV_002845,dabbd10344880b19,tablet
DEV_002846,79378b08a8c4d2b1,tablet
DEV_002847,63ef35fceb8e17cc,mobile
DEV_002848,2a40602f0e7f773d,tablet
DEV_002849,d7a27f0d443610d6,desktop
DEV_002850,05ba00b2695d6777,mobile
DEV_002851,2498b78d02fe20d4,mobile
DEV_002852,47ff37098826e5a7,mobile
DEV_002853,63c3de2c9405f12c,mobile
DEV_002854,93cd23de5a0e044f,mobile
DEV_002855,37511171d189760e,desktop
DEV_002856,d503527a0f30c82c,mobile
DEV_002857,6d0e49dcd7f08a9e,desktop
DEV_002858,ebe16cf8f7daa1e0,desktop
DEV_002859,fc4d230cbd3e470c,mobile
DEV_002860,b57935a27da41c03,mobile
DEV_002861,da53aec12c7f0dea,mobile
DEV_002862,717a44df886c19ea,mobile
DEV_002863,d69b4229332f51d4,tablet
DEV_002864,f2b1f88af9fb7d86,tablet
DEV_002865,e0bc20808d83720d,desktop
DEV_002866,a467622f2e86b13f,mobile
DEV_002867,2f19b0974aca44d0,tablet
DEV_002868,f9bdbfafa6687794,desktop
DEV_002869,5caf822d5e14e28d,tablet
DEV_002870,1ecbf19be2885483,mobile
DEV_002871,19089c5eaf019f85,desktop
DEV_002872,2ad345884d075f2c,mobile
DEV_002873,ff05296aba0476e2,mobile
DEV_002874,546c5eca45bc9cc9,desktop
DEV_002875,d700238fdbfe2ef3,tablet
DEV_002876,2b08cee57863dbc7,desktop
DEV_002877,c5135d278235b4b8,mobile
DEV_002878,f2efd95f0d299357,tablet
DEV_002879,7594a460ad4d203d,mobile
DEV_002880,c2943a6cee831671,mobile
DEV_002881,4335563df0f96092,tablet
DEV_002882,2bcc4d98fc7b8839,mobile
DEV_002883,cb7425455de45505,mobile
DEV_002884,88084f5f0ba54ff5,mobile
DEV_002885,3bd29c3b9a2dc867,mobile
DEV_002886,e56333053a2e62af,tablet
DEV_002887,b68f4db6b8ea72bf,mobile
DEV_002888,e981c622c683e0eb,tablet
DEV_002889,7873d9aac3f91893,desktop
DEV_002890,67f7612bc9a691fe,mobile
DEV_002891,cda3e1a849dfe411,mobile
DEV_002892,07be6277c4e5d03a,tablet
DEV_002893,dbb4e7245cf36b39,desktop
DEV_002894,3ed8f58abcd2a645,mobile
DEV_002895,ea7f07df3f9de0a2,desktop
DEV_002896,128ff70ef1101d1d,mobile
DEV_002897,15dc706e99369ddf,desktop
DEV_002898,44cabf4d331e248d,tablet
DEV_002899,3edb3e9295d98066,mobile
DEV_002900,2b0ff6f6b64252b2,mobile
DEV_002901,fc6fa49f5121142c,mobile
DEV_002902,4c29748472701b95,desktop
DEV_002903,79949e5d8e59e8f5,tablet
DEV_002904,5cc520140b630cb4,desktop
DEV_002905,f4c7c617e0498b49,desktop
DEV_002906,499d3731b9839a97,tablet
DEV_002907,b7aed2ed5a3d0d72,mobile
DEV_002908,bc0bfad0c9e84022,tablet
DEV_002909,fa0e279ee9e4941f,mobile
DEV_002910,1613cbd4bd6d1af3,mobile
DEV_002911,105a9e6e8e7338c8,mobile
DEV_002912,b60020d6edfc9baf,mobile
DEV_002913,b25f3e56b39b127f,mobile
DEV_002914,199e3a96b0aeed5b,desktop
DEV_002915,368ad5d1047d639a,tablet
DEV_002916,3d53207ffbcf2444,mobile
DEV_002917,0ee2dcbb84a13edb,desktop
DEV_002918,30601b84db73fd02,mobile
DEV_002919,b5e94a135ec721d1,mobile
DEV_002920,d580a47f23bce19e,desktop
DEV_002921,707ba705772cecff,mobile
DEV_002922,c5b4ccd72adc55aa,mobile
DEV_002923,6d5bcab0426151ec,mobile
DEV_002924,78c0b4c4dacd8cf7,desktop
DEV_002925,5bf54d6bf306693a,mobile
DEV_002926,100601e166432586,mobile
DEV_002927,1d5e502254704012,desktop
DEV_002928,85b1279ac03357b5,mobile
DEV_002929,881cf1933068678a,mobile
DEV_002930,10739cc04678846c,mobile
DEV_002931,c98b79379782d268,mobile
DEV_002932,20b2ddbb4d5c9bf1,mobile
DEV_002933,0c8b04d67584a4b9,desktop
DEV_002934,726ffb94540cf4e5,mobile
DEV_002935,6841fa1774acbacd,mobile
DEV_002936,c52c0b63edaf5202,mobile
DEV_002937,5e94bcaf11a1ce6a,mobile
DEV_002938,caf45d63b666a6c0,mobile
DEV_002939,a1803bb800969008,desktop
DEV_002940,fa5e19543093a0ac,desktop
DEV_002941,161cd35ffeaec8c4,mobile
DEV_002942,b621c8bb9a8e9183,mobile
DEV_002943,11e21b98c02c1dc6,mobile
DEV_002944,4e9289beb093fd5b,mobile
DEV_002945,2c3b83acbd10c442,mobile
DEV_002946,d647abb9f02fb600,mobile
DEV_002947,e29526017ae0ddb5,desktop
DEV_002948,1980bb40fbbe2b52,tablet
DEV_002949,c3bdc9934834802b,mobile
DEV_002950,b3e8e3c8ec50e667,tablet
DEV_002951,bda22060174077bf,tablet
DEV_002952,18439a7e43fe537e,desktop
DEV_002953,f5716f56da61ee49,tablet
DEV_002954,2739997162751b53,mobile
DEV_002955,025b8c9b39ac4afc,mobile
DEV_002956,9962155cfbfdcf65,tablet
DEV_002957,9d03450ebad9b6eb,mobile
DEV_002958,0f2997a0035be3fe,desktop
DEV_002959,92c3dc066227e5df,mobile
DEV_002960,b46e76e62542c86d,mobile
DEV_002961,0b47ecdde66f7ee6,mobile
DEV_002962,01d11a88d74a5c67,mobile
DEV_002963,de61c33d8cfdb5e4,desktop
DEV_002964,6307bd2f2a41fc6b,tablet
DEV_002965,c951902a565fb00c,mobile
DEV_002966,5756cebc94a55720,mobile
DEV_002967,9004005d51eead37,mobile
DEV_002968,a8f2aa92d3509bbc,tablet
DEV_002969,9bd169122b7a6ccd,mobile
DEV_002970,ac95d3f368f6ea9e,desktop
DEV_002971,2713b938a190274c,mobile
DEV_002972,5c12e5b5d8743296,desktop
DEV_002973,8ea936c018c41f80,mobile
DEV_002974,340fdfdd1da370e2,desktop
DEV_002975,6cf2377af37bc6ee,mobile
DEV_002976,e73b129796fdb3b5,desktop
DEV_002977,3da3422e99b89e8f,desktop
DEV_002978,3539105f5b8ee105,mobile
DEV_002979,2bd1b5eedffb607a,mobile
DEV_002980,7ccca7baaa3ad6cd,tablet
DEV_002981,d3c703a753d30240,desktop
DEV_002982,915c540a8a59d984,desktop
DEV_002983,957fc82e69748c3e,mobile
DEV_002984,129a2c091344895c,mobile
DEV_002985,3002f17baad7648f,desktop
DEV_002986,25666d45cc3c9e93,desktop
DEV_002987,ff4141e7b620621e,desktop
DEV_002988,0f3b07f7294d0cb3,mobile
DEV_002989,2d0397a2368f89e7,tablet
DEV_002990,1397bebfb366837c,mobile
DEV_002991,1173240870181e2b,mobile
DEV_002992,f2fdd897d64f2310,mobile
DEV_002993,6c4d8eb6f34fa9f4,mobile
DEV_002994,fbe4ee85ddfc8b10,mobile
DEV_002995,04ce7c4dfd3fe9ea,desktop
DEV_002996,c82575824f482197,desktop
DEV_002997,a9727514c5fdeec3,mobile
DEV_002998,46e0f7475eb1702b,tablet
DEV_002999,bb2f56467ebc08ed,tablet
DEV_003000,5b749c7b3bd14c9d,mobile
DEV_003001,64e46b464ed0f394,mobile
DEV_003002,a8bacb787deef8e5,mobile
DEV_003003,bdb8f9f942863674,mobile
DEV_003004,fecf294185c88896,desktop
DEV_003005,8fd730960edecb62,mobile
DEV_003006,bf4b73284dbe1ad3,desktop
DEV_003007,b229fdb23d1a985f,desktop
DEV_003008,37ca23bc9de07388,mobile
DEV_003009,a679ce218362d236,desktop
DEV_003010,1ec21a13bacb0e24,mobile
DEV_003011,403141dccfd9d7b9,mobile
DEV_003012,c2c35fb5fda59b72,tablet
DEV_003013,6c858a1639fc87d4,mobile
DEV_003014,25733c98955199d0,tablet
DEV_003015,9bd8d64c52333213,mobile
DEV_003016,d230a494e86bbe57,mobile
DEV_003017,28e8e9ddf40b3f36,desktop
DEV_003018,c9fe9a87347f1681,mobile
DEV_003019,b53c3dccb45814bb,mobile
DEV_003020,c72f1e624df6f6f7,mobile
DEV_003021,b77297d35d1c0912,mobile
DEV_003022,b428f17d6fae6c0e,desktop
DEV_003023,501e4fcb25ad45e4,mobile
DEV_003024,4fb36bd68bca50d0,mobile
DEV_003025,a86069c2a112daae,mobile
DEV_003026,ca0a13c5e03f2d56,tablet
DEV_003027,776fa90ff7dde68c,mobile
DEV_003028,d794c77c19ac8a8d,tablet
DEV_003029,28f054862ba18a9e,mobile
DEV_003030,e27925cee25108f6,mobile
DEV_003031,8a1bd779f47bf62f,mobile
DEV_003032,945d1918e3038c7f,mobile
DEV_003033,4c8353422c0acc96,desktop
DEV_003034,cbfa72f454056af2,mobile
DEV_003035,508ed309fc077a5d,mobile
DEV_003036,fbacc038b3d911f2,desktop
DEV_003037,091ac4fb58d69994,mobile
DEV_003038,2a65800ee952179d,mobile
DEV_003039,0cd6f3feba149f90,mobile
DEV_003040,e9cdd9c510919aba,desktop
DEV_003041,e96932557c46c66c,mobile
DEV_003042,e4098127649a8f63,tablet
DEV_003043,b9e8c527a64fd89f,mobile
DEV_003044,dd4cecc5ce991d74,desktop
DEV_003045,268e8f1937a56ed1,desktop
DEV_003046,69bd1ac729ebbb3c,mobile
DEV_003047,4ae55adae9e8f60d,desktop
DEV_003048,e4e9a7ae2d5dac8b,desktop
DEV_003049,f263af8a155bf8d1,mobile
DEV_003050,6e19b0172c4841a5,mobile
DEV_003051,851da073249bfc0c,mobile
DEV_003052,3ab62411b3da41dc,desktop
DEV_003053,85102afee9e9b019,desktop
DEV_003054,993bb3cb5c3d88f6,desktop
DEV_003055,ea6f1c7a9d50ae86,desktop
DEV_003056,78c488c62bc43653,tablet
DEV_003057,44da77eea64c7b62,mobile
DEV_003058,a786a95060279639,tablet
DEV_003059,79a6803fa48b09f4,desktop
DEV_003060,7f7ca663c2f4ddcd,mobile
DEV_003061,f0fc5cd8ee371228,mobile
DEV_003062,c1c7168ffa055609,mobile
DEV_003063,a8be6b866b4c9684,mobile
DEV_003064,4a0950cda358de36,desktop
DEV_003065,240cde68d8741d19,mobile
DEV_003066,92ecae423297ea44,mobile
DEV_003067,297243aa9c78f30d,tablet
DEV_003068,cc5e5d7dace56228,desktop
DEV_003069,b307f521451d86a0,mobile
DEV_003070,e31cb0e00b103ffa,mobile
DEV_003071,2691bb23ff67433f,mobile
DEV_003072,824686fed686f279,mobile
DEV_003073,b71b665acc5cf0b1,desktop
DEV_003074,93d4427805c2a3d3,desktop
DEV_003075,0b9d8b0ee8a73886,mobile
DEV_003076,d20e12260fc2f853,mobile
DEV_003077,bd40886d0ee9ff7e,mobile
DEV_003078,9e2f48dad0f30dfa,mobile
DEV_003079,01887e3558413751,mobile
DEV_003080,e6565598a4cc931e,mobile
DEV_003081,a1f83aab706ea798,desktop
DEV_003082,ee71280738d5ed50,mobile
DEV_003083,83c4cdab72847464,mobile
DEV_003084,c4d81f392a36ed45,mobile
DEV_003085,df95c51812595a4e,mobile
DEV_003086,5e420a56c31f3740,desktop
DEV_003087,8b83b2f675838f07,desktop
DEV_003088,4ded91b87ec6a505,mobile
DEV_003089,7283cfcf3f9d06a2,mobile
DEV_003090,3c4444afeb3e1eb4,tablet
DEV_003091,bf7bbdbdee31693a,tablet
DEV_003092,03d71138f0ef970b,mobile
DEV_003093,c15d1a4766c96b68,mobile
DEV_003094,516322c21cafcd8c,desktop
DEV_003095,22d37c8546fe2e4c,desktop
DEV_003096,09179de657b3665c,tablet
DEV_003097,54d1664bcffd31b7,mobile
DEV_003098,365fb8e75727fbc4,mobile
DEV_003099,06952a93046dadbe,mobile
DEV_003100,aa2ae3154af010b0,mobile
DEV_003101,630ff0d14f763cf4,tablet
DEV_003102,f2a004876dd3eead,mobile
DEV_003103,995ef00a0fab62b0,mobile
DEV_003104,702c09b999b202af,desktop
DEV_003105,a8a09808bd7ba842,desktop
DEV_003106,01cb00f4e990e161,mobile
DEV_003107,ec2f63b8ba0290aa,tablet
DEV_003108,8b8e9681c2206def,mobile
DEV_003109,6d1f49829c3d622e,mobile
DEV_003110,b5c6560de6374813,mobile
DEV_003111,8e85e0960a6c4210,mobile
DEV_003112,f75cc74c2efa596e,desktop
DEV_003113,7c29cf0fee5a56fd,mobile
DEV_003114,d6cd9ab79797a9af,tablet
DEV_003115,364e6e1125fc6397,mobile
DEV_003116,5431568d96e259a2,mobile
DEV_003117,cb6a4d1932d9ea3f,mobile
DEV_003118,59374847d4e309f3,mobile
DEV_003119,0677c7ac4f4cba3c,desktop
DEV_003120,81b6e7d32991f568,mobile
DEV_003121,a39ca805b2289c5f,mobile
DEV_003122,c22eee58e294943b,mobile
DEV_003123,575dd659d06070a5,desktop
DEV_003124,068f3a656ff5fc07,desktop
DEV_003125,95059f7b35b4a557,mobile
DEV_003126,52c9db9aa90bde85,mobile
DEV_003127,e89a64648c361244,mobile
DEV_003128,7bb8b1b07f8b6162,desktop
DEV_003129,98a13c873c7c35ff,tablet
DEV_003130,2c050be1ccaf3b9d,desktop
DEV_003131,6eeeae25281f78e8,desktop
DEV_003132,e70b08214358c137,mobile
DEV_003133,7f47e01603c82f01,mobile
DEV_003134,e7af8ada2a2a6442,desktop
DEV_003135,dcb2cb5654e2aaf0,desktop
DEV_003136,eabeadd098c3771e,desktop
DEV_003137,17a0419dcfe3ebf3,desktop
DEV_003138,914c2ed8e6752b47,desktop
DEV_003139,ea9a4f3e988180e5,desktop
DEV_003140,0c16d8c8b8e749de,tablet
DEV_003141,8562062075666a2d,mobile
DEV_003142,5923ee564b56f713,desktop
DEV_003143,b7d98804435f2bf6,mobile
DEV_003144,81352e9a9df39109,mobile
DEV_003145,9e3c16e97927f3c3,mobile
DEV_003146,076d6a32e554960f,desktop
DEV_003147,c0eb66c4d6ce358e,mobile
DEV_003148,d1c3ebb431e0d927,desktop
DEV_003149,c5301ccd728378db,mobile
DEV_003150,8784123f05ad4937,desktop
DEV_003151,8f9e8522544588e5,mobile
DEV_003152,8846f0b9eb3743ab,desktop
DEV_003153,2ea8c64ef38a92b1,mobile
DEV_003154,3c9088017db04620,mobile
DEV_003155,a6be95feb39f5c72,mobile
DEV_003156,0c1dfc63bc956079,desktop
DEV_003157,907d7e2f1a214c3e,desktop
DEV_003158,551c7ba965612114,mobile
DEV_003159,9f3ada4f3254f0bd,mobile
DEV_003160,24e22af8493780a3,tablet
DEV_003161,ad05f8436d2531b3,mobile
DEV_003162,3abca89c2add15f0,mobile
DEV_003163,e85d94e377331853,mobile
DEV_003164,77a944d9bab31d21,mobile
DEV_003165,c981899399df662f,mobile
DEV_003166,afa3fce00a4764d3,mobile
DEV_003167,7f0c98c85ad04477,mobile
DEV_003168,ac19262bb3864349,mobile
DEV_003169,a861719deac98a97,mobile
DEV_003170,4bddd75770587d5b,mobile
DEV_003171,6231f5c90180b90d,mobile
DEV_003172,1be57a5b16364c28,mobile
DEV_003173,ee3a8ff8f6885c50,mobile
DEV_003174,b7e4c8f4cf9eb929,tablet
DEV_003175,32c3411ee976e7db,desktop
DEV_003176,dd6d5f55082f3b83,desktop
DEV_003177,06d78185184df581,desktop
DEV_003178,4a067480ce29c80e,desktop
DEV_003179,2fdb44056bfe71f3,mobile
DEV_003180,cc55565f3a2277b7,mobile
DEV_003181,938f3d18ff67c94e,tablet
DEV_003182,9084c399e0ec4baf,desktop
DEV_003183,f121a9e76121a3c2,mobile
DEV_003184,bbca1b882f613729,mobile
DEV_003185,bdd7928a65de95a6,mobile
DEV_003186,0e07431d50d12d93,mobile
DEV_003187,f3e97730313cd9c2,tablet
DEV_003188,027bd45fa7cf358e,desktop
DEV_003189,805d4c64b74611e9,mobile
DEV_003190,1b0fd3f31db497fd,mobile
DEV_003191,49df67f09cf2582f,mobile
DEV_003192,396877dcf6440f35,mobile
DEV_003193,d44ae467bb9cb311,mobile
DEV_003194,b0d83574891b0e62,desktop
DEV_003195,db91546b6196e669,desktop
DEV_003196,95a1db0ebfbac55b,desktop
DEV_003197,e8e0c023ad95b166,mobile
DEV_003198,913fd4b6996d87ac,tablet
DEV_003199,826f000e05535442,desktop
DEV_003200,e6eadaf087ceb0ac,mobile
DEV_003201,893f41acae50d20f,tablet
DEV_003202,909907df90bed3a2,mobile
DEV_003203,9cfe1d866f0ee2dd,mobile
DEV_003204,52b8ec8c17284eb7,desktop
DEV_003205,770fdac5f341db31,mobile
DEV_003206,8b467ef08a63bc3f,mobile
DEV_003207,fcdbf76e1ba542b5,tablet
DEV_003208,6ad7ae1c88bbefc2,mobile
DEV_003209,7bc1b78d0820d097,tablet
DEV_003210,ec3b45f842c83010,mobile
DEV_003211,d9a0ec9e33760780,tablet
DEV_003212,e7a7ce45aa6720cb,desktop
DEV_003213,c03fe9f791d8edb3,mobile
DEV_003214,6b12753d3b3d28e9,desktop
DEV_003215,04e05dcd5c6419d8,desktop
DEV_003216,4d185e60ad5f3529,mobile
DEV_003217,1af0eb2c6e2adb5c,desktop
DEV_003218,1b067a35a7af66a4,desktop
DEV_003219,2b2924361ee2615e,desktop
DEV_003220,fab137a026c5785f,desktop
DEV_003221,8b373117814b25a3,desktop
DEV_003222,d09f303142f4f7cf,mobile
DEV_003223,4c7a6647cdc60884,mobile
DEV_003224,755867045be08d5b,desktop
DEV_003225,8e3f2c154a654cc6,desktop
DEV_003226,a4951af7a9797e8c,mobile
DEV_003227,7112a03d13f878d9,tablet
DEV_003228,9554281a79598773,mobile
DEV_003229,58b88d38e7ea63db,desktop
DEV_003230,2f950a0ec50e20b2,tablet
DEV_003231,829784172e2d1054,desktop
DEV_003232,3eed93aa9ccc8263,desktop
DEV_003233,19c68c28a9f0cac0,desktop
DEV_003234,8d4547e509ce5d26,desktop
DEV_003235,3e108576f9caf34e,mobile
DEV_003236,14beda0c45439517,tablet
DEV_003237,311630a032912f52,mobile
DEV_003238,c2f2982337d69f13,desktop
DEV_003239,ab16c21f2e4a00d7,desktop
DEV_003240,7dc5d4d52d0fa90f,desktop
DEV_003241,e3d018149f8f78ca,mobile
DEV_003242,690557e16acf46b2,desktop
DEV_003243,f958607699f00183,desktop
DEV_003244,418947debb68d79d,mobile
DEV_003245,0e521a104c99d1d1,desktop
DEV_003246,4ab29ce84815493b,desktop
DEV_003247,8e0382ee5b98c76d,desktop
DEV_003248,9d8add167c9d607e,mobile
DEV_003249,97fbbfbc456225f6,desktop
DEV_003250,ee6aba9d518c95ad,mobile
DEV_003251,d197271865704122,mobile
DEV_003252,6ffa239096d1e629,mobile
DEV_003253,e71cb75a77c24f7d,mobile
DEV_003254,1b18c723b1f6f122,tablet
DEV_003255,a4e4a2e4ed9c235e,mobile
DEV_003256,7cfc61575a0ea680,desktop
DEV_003257,645d78f6ff5b8cc3,mobile
DEV_003258,e71689d677a4dfad,mobile
DEV_003259,b76427319889bbd7,mobile
DEV_003260,f0fc4d1bbc884718,mobile
DEV_003261,6bdb3508e2b7e661,desktop
DEV_003262,8e13125bb94284e2,mobile
DEV_003263,e50b8371cac1f0b6,desktop
DEV_003264,d66b7c0bbf7eedeb,tablet
DEV_003265,cd66ac2416d6a6d6,desktop
DEV_003266,28e3bc898d4660d3,mobile
DEV_003267,5c567063df540bbd,tablet
DEV_003268,e8f6bd52eebc9752,desktop
DEV_003269,58e6b99d00fa27e5,mobile
DEV_003270,393abbe0ab70e07f,mobile
DEV_003271,e5026844bfe23b59,mobile
DEV_003272,a115bc265848eb48,mobile
DEV_003273,9d9f8ba0255d5129,mobile
DEV_003274,976d20fbfdba166c,desktop
DEV_003275,f19a5db1ea84148e,tablet
DEV_003276,33eee029c4a308f9,tablet
DEV_003277,2669a162c3fbc986,desktop
DEV_003278,d0b4b905206d2a01,mobile
DEV_003279,faf721cb503e7107,desktop
DEV_003280,c0a80702b3077591,mobile
DEV_003281,2c9766a09f9ebd8a,mobile
DEV_003282,693b91451aa3b581,mobile
DEV_003283,bfcbfd94542ea167,mobile
DEV_003284,e20ce2b2db01f9ba,mobile
DEV_003285,ccb0b193d166b992,mobile
DEV_003286,2deb906a6ea3d0f2,mobile
DEV_003287,dce5301e807e0744,desktop
DEV_003288,655fa14503f743fe,mobile
DEV_003289,95d3f59039db6527,mobile
DEV_003290,4c3b1a56c145fd8f,mobile
DEV_003291,ecbbc44c779c18e1,mobile
DEV_003292,7968c61908744d54,tablet
DEV_003293,617b7a14134c6e19,tablet
DEV_003294,0aac2187226ee686,mobile
DEV_003295,0e495bdcbdc5659c,desktop
DEV_003296,f2ff25d9bb6d6bab,mobile
DEV_003297,242e34201dbdaf8e,desktop
DEV_003298,400f117c47c6ae97,mobile
DEV_003299,cfb9f4ccbc204d0f,mobile
DEV_003300,55efda39959a7791,desktop
DEV_003301,0165922a0fdb266f,mobile
DEV_003302,4cc609845b74774b,tablet
DEV_003303,e69d847d7885244e,tablet
DEV_003304,3b9ecaaf8fba9772,mobile
DEV_003305,327da6f08803fbc4,mobile
DEV_003306,2ddb3e730dcca672,desktop
DEV_003307,f4a927ab5caf8783,tablet
DEV_003308,81d7fbc6f6e95ee2,mobile
DEV_003309,8ec130c2f81042b1,mobile
DEV_003310,f93049a33decbb8e,mobile
DEV_003311,a0848bf2847f7678,mobile
DEV_003312,16fc3b426d1c933a,desktop
DEV_003313,a37a1d71d9b156ac,mobile
DEV_003314,8bd8bff1e217fa28,tablet
DEV_003315,c3006d377a07ccd7,desktop
DEV_003316,a4452a898715ac8a,mobile
DEV_003317,6dcc3516cb5001c8,desktop
DEV_003318,cc8b4707232852e6,desktop
DEV_003319,5fe0b83335df464b,desktop
DEV_003320,ce8c5eb9bb641a48,mobile
DEV_003321,f1f0acdba055cd9e,desktop
DEV_003322,c4fa0b724a1c6a83,tablet
DEV_003323,22b37de8934e51e4,tablet
DEV_003324,ab80d0af3e13c3a6,tablet
DEV_003325,4d592dbda834ccb2,tablet
DEV_003326,08dec9508d24b121,desktop
DEV_003327,66baaeec78573f23,desktop
DEV_003328,9b2dce480e80f404,desktop
DEV_003329,6c5c29f6f8dabe97,desktop
DEV_003330,01a55d6d03c11e6f,mobile
DEV_003331,a2077ee98a5739fa,tablet
DEV_003332,4131f2aa2e884c69,desktop
DEV_003333,1fd85fb44b7504b6,mobile
DEV_003334,1fc69ab3a35e75bc,mobile
DEV_003335,916132bac5dd4560,mobile
DEV_003336,5baf9726944d9eab,mobile
DEV_003337,f51702c7da128bfa,desktop
DEV_003338,25776d41d29de7c2,desktop
DEV_003339,94a023d00ab2b0c3,desktop
DEV_003340,ecbe573492ceb572,desktop
DEV_003341,1737aa6d314af547,mobile
DEV_003342,96f3eff5a9ca453c,tablet
DEV_003343,9057d8b5363f3c5d,desktop
DEV_003344,738e3ac0deef123d,desktop
DEV_003345,52d63ce8b8509532,desktop
DEV_003346,cf776d6d84085ac2,mobile
DEV_003347,40d052e5c65feb61,mobile
DEV_003348,ebf7b30779004bec,mobile
DEV_003349,27952f1cef80ade4,desktop
DEV_003350,49a317452e31d995,mobile
DEV_003351,136eb10c99ea995c,mobile
DEV_003352,6e0e2f46272dd074,mobile
DEV_003353,5c3881dd10ad350f,mobile
DEV_003354,2c0cc71fd6f5bc60,desktop
DEV_003355,4f60be7b9392430a,desktop
DEV_003356,c048df5ae3187e30,desktop
DEV_003357,7dd51ba528866953,mobile
DEV_003358,2f5bc97aa33e89c3,mobile
DEV_003359,b476e0c11915b1fb,mobile
DEV_003360,e1d87c22d948cabe,desktop
DEV_003361,7dfdb69151393cf4,mobile
DEV_003362,dbcbb0f8f7a44c20,tablet
DEV_003363,05807b03d7464f99,desktop
DEV_003364,1f2246e75a894b5f,desktop
DEV_003365,c2d6b04065b0de47,desktop
DEV_003366,7421bc82080b0cb3,mobile
DEV_003367,879b1fb7cb9a3829,desktop
DEV_003368,d33c1064c5d5a40f,desktop
DEV_003369,729425436caf1c1f,desktop
DEV_003370,13d1a7c857d6c364,mobile
DEV_003371,21e5bcf363de0dee,mobile
DEV_003372,cd9cb3cd998dbdd6,desktop
DEV_003373,5312f96679daa9b1,tablet
DEV_003374,6830361059e4287a,mobile
DEV_003375,5a5d6d470870328d,mobile
DEV_003376,fc92822d4f7cc552,desktop
DEV_003377,864aef3aaecf0ed3,desktop
DEV_003378,5316258551d24fab,mobile
DEV_003379,bc780e9e0ae39314,mobile
DEV_003380,d052a86845413da2,desktop
DEV_003381,0c2a11eba2d584e3,mobile
DEV_003382,3fc194f5684511b9,tablet
DEV_003383,e413e99fdeeed868,mobile
DEV_003384,cd3e7c72b3b7f8b0,mobile
DEV_003385,5ff810c43b17ff66,mobile
DEV_003386,e79fad1f62ec59ab,desktop
DEV_003387,99e41d5e8890d8fe,mobile
DEV_003388,0af7d5ef23f6f43c,desktop
DEV_003389,754d47a246b7a770,tablet
DEV_003390,94989226f2c23a3b,mobile
DEV_003391,59ae1bdbde8b8178,mobile
DEV_003392,015c037e943f88b7,mobile
DEV_003393,fb8a7ae6a58429b0,desktop
DEV_003394,df116281f1b0bd02,mobile
DEV_003395,e98445d6e812021b,mobile
DEV_003396,58fede69fb6b85d6,tablet
DEV_003397,418f2c3e5115e79d,tablet
DEV_003398,1ce562a92bcf5386,mobile
DEV_003399,035336edd3b68b85,mobile
DEV_003400,37480d8c75f73639,mobile
DEV_003401,6710f83f71f14d44,tablet
DEV_003402,6302e8c6dd243b4d,desktop
DEV_003403,1914ca9d45e50c06,desktop
DEV_003404,d0ee002f74e6bce5,mobile
DEV_003405,a00551a65ae2b310,mobile
DEV_003406,7052ed97412c9479,mobile
DEV_003407,a370337d12189e7d,mobile
DEV_003408,2335103cc795f9df,mobile
DEV_003409,d9b281f8bd85fd63,mobile
DEV_003410,74076963391a8fd2,mobile
DEV_003411,cd536eece290e539,mobile
DEV_003412,26ed549b40b96979,mobile
DEV_003413,8850502f008afc99,mobile
DEV_003414,3e3da92646a1874d,mobile
DEV_003415,9d297fb43e230b79,tablet
DEV_003416,7847b4139e4b2ddb,mobile
DEV_003417,0c72cb2d9caf0563,mobile
DEV_003418,6b353655196ff0cc,mobile
DEV_003419,0550908ef8fca79c,tablet
DEV_003420,4fc1828b7a024be7,desktop
DEV_003421,d1b4b5518fe83370,mobile
DEV_003422,cc2954b6b9a419f4,mobile
DEV_003423,bc27c26dbde96aec,desktop
DEV_003424,98b89474427750e0,desktop
DEV_003425,30a5517306513812,mobile
DEV_003426,9617e0a481b86a03,mobile
DEV_003427,e4712cdae75be540,mobile
DEV_003428,09cf6fb82ec1c008,mobile
DEV_003429,bcca51c70fec4c4e,tablet
DEV_003430,3a972fc8797467cb,mobile
DEV_003431,ff69ef04673fecc2,desktop
DEV_003432,8d530a79baea39ae,mobile
DEV_003433,4ef8b3128302e8de,mobile
DEV_003434,e09017b381e34821,desktop
DEV_003435,d7fe2a7c0c07bfc0,mobile
DEV_003436,1862acc0112f7ac4,mobile
DEV_003437,cbec4e59bca97c36,desktop
DEV_003438,0fc2732747ed7dd2,tablet
DEV_003439,1f5e66220e6fe173,mobile
DEV_003440,d1676c61f3c68942,mobile
DEV_003441,040aa98b51b69e2b,mobile
DEV_003442,d20c71126238512e,mobile
DEV_003443,dbe7084a05824616,mobile
DEV_003444,343ded4bfef62f08,mobile
DEV_003445,b67c8668f96dc990,desktop
DEV_003446,3194cfbdf52d2039,mobile
DEV_003447,7b22d33c5b4e0568,mobile
DEV_003448,4cd00ff2969fd4d6,desktop
DEV_003449,77389054e7daa4c4,desktop
DEV_003450,a41406956b09841b,mobile
DEV_003451,cd925d81404b0909,tablet
DEV_003452,760c3c256878cf12,mobile
DEV_003453,6926030e3bcf25e1,mobile
DEV_003454,64330aac658f8f9f,desktop
DEV_003455,1bbdb937c4ef5335,mobile
DEV_003456,501fbb4f31a2cae9,desktop
DEV_003457,9b946ff96d5045fd,mobile
DEV_003458,d6b03a1b8aadcb2e,mobile
DEV_003459,55fd30ad08d2b588,desktop
DEV_003460,f5ed30a437b36558,mobile
DEV_003461,6de3028b90d8c96a,desktop
DEV_003462,e094a32e9869642a,tablet
DEV_003463,f7dcda91413de82c,desktop
DEV_003464,eb6cd7ce6a424b37,mobile
DEV_003465,8c113635cdb9fb3d,mobile
DEV_003466,082737af4581aa4c,desktop
DEV_003467,1465dc46ae6bee26,mobile
DEV_003468,e2b1241d3d9d8d05,mobile
DEV_003469,fbb76c645e5ed845,mobile
DEV_003470,9cee2699d1117f5f,desktop
DEV_003471,84f953ae910f9fc0,mobile
DEV_003472,736010c09f1d2adc,desktop
DEV_003473,65ab06342163d5f5,mobile
DEV_003474,6acbbcb27dbf7a87,desktop
DEV_003475,cf37f3421bc675e8,mobile
DEV_003476,f520359c482d8601,tablet
DEV_003477,70a3f8c295ac0549,mobile
DEV_003478,4fe35d24a86f777a,desktop
DEV_003479,83e282c06d719bcc,mobile
DEV_003480,42ee22177d9e4e06,desktop
DEV_003481,1d91dce6b8c4b10b,desktop
DEV_003482,af038adf8f484b52,tablet
DEV_003483,52f1f81c57370880,desktop
DEV_003484,cbb6661590b3fd55,desktop
DEV_003485,03ef1fcaf73b45e9,desktop
DEV_003486,18fc4dfc0895ef92,mobile
DEV_003487,40d794105dba0f33,mobile
DEV_003488,5b3e7b4bf80e9ffd,mobile
DEV_003489,e7e3831585d47857,mobile
DEV_003490,8248c53660e6b6eb,desktop
DEV_003491,c56ba88ac81c02da,desktop
DEV_003492,f29bfc1ecdf70fa5,mobile
DEV_003493,6c2f2c5513066465,tablet
DEV_003494,342dd5088f1eaccf,desktop
DEV_003495,29808de75ec48271,mobile
DEV_003496,8f03d3fa08e2029c,desktop
DEV_003497,0aaad9d7d219b0d8,mobile
DEV_003498,b598ad9dd7278aed,tablet
DEV_003499,982015122de17787,desktop
DEV_003500,24762ad94f57b4da,mobile
DEV_003501,8a548779c14e6d64,desktop
DEV_003502,3c6d2f00201fe680,tablet
DEV_003503,18abd3abc71b1ea8,desktop
DEV_003504,e728fbe3576aa5c5,mobile
DEV_003505,09ac3b4a30ac4858,tablet
DEV_003506,575763762dfdeea0,mobile
DEV_003507,a61bc701a9453def,mobile
DEV_003508,91825c8b5941bcac,desktop
DEV_003509,497e180fdead5414,mobile
DEV_003510,6818fe35266bd3ba,desktop
DEV_003511,da48e89ef1c69943,mobile
DEV_003512,7c000da34df6cbad,tablet
DEV_003513,63b6e69ce131a5c8,mobile
DEV_003514,bf50c1bc823c200d,mobile
DEV_003515,d8294c4b75f01af1,desktop
DEV_003516,f6ffc7e13e2b4858,tablet
DEV_003517,72565cd449c54ac2,mobile
DEV_003518,5f43b939e8d6c460,tablet
DEV_003519,f36ceacac18d5d7a,mobile
DEV_003520,bdbde8b43e4376b7,desktop
DEV_003521,be50e334d71d53fd,mobile
DEV_003522,be6d87c5f42c46f2,tablet
DEV_003523,6b609b968bde1d5c,mobile
DEV_003524,68ef6f3ab2f169e7,desktop
DEV_003525,977bf72f8fa50184,mobile
DEV_003526,dbf8178376c32610,mobile
DEV_003527,4e67d397eecf50eb,desktop
DEV_003528,0589fcc967740a1c,desktop
DEV_003529,b5731f1c4eecbb1a,mobile
DEV_003530,e9fb37f90943fb2c,desktop
DEV_003531,1fdb82761d51dfe8,mobile
DEV_003532,6c55227c707bd8dc,mobile
DEV_003533,6b2a50c14c11b6d2,mobile
DEV_003534,d00770c96a2b9cdb,tablet
DEV_003535,927ee96206f8f5a8,mobile
DEV_003536,2c9201a29e315c9b,desktop
DEV_003537,a3d54b3642764a41,tablet
DEV_003538,188d1703f75c718f,mobile
DEV_003539,0fb2cf371bf64108,mobile
DEV_003540,f90e460f12432312,mobile
DEV_003541,5f04875264536ac8,mobile
DEV_003542,5cf000d7d990a550,desktop
DEV_003543,256e0b8451965c3e,mobile
DEV_003544,853b908110c0c4d8,desktop
DEV_003545,82dd4eee7fb95eb0,mobile
DEV_003546,9287548993e58453,desktop
DEV_003547,e27016b26643b6ed,mobile
DEV_003548,77e07406222e9b4b,mobile
DEV_003549,d87329f694520b54,desktop
DEV_003550,cdd7b33b0cc45e3b,desktop
DEV_003551,b7fd0a71b0b2cfa9,desktop
DEV_003552,595cdb146c049cca,mobile
DEV_003553,eefefa28d92b20d8,mobile
DEV_003554,467a46c9a3f3e137,desktop
DEV_003555,b46f6ff18a20307a,mobile
DEV_003556,d01a0c3c2abeb10e,desktop
DEV_003557,0810fea98a13fd80,desktop
DEV_003558,2ba96111ea5ec327,mobile
DEV_003559,1380b6d1fcb48e1a,desktop
DEV_003560,4826a13b4a498158,desktop
DEV_003561,c308b7c442c3a3cc,desktop
DEV_003562,1db8fb1a2a3ca134,mobile
DEV_003563,9513e0b82575a802,desktop
DEV_003564,82e3c446f0ca5999,mobile
DEV_003565,0eba9666499181d4,desktop
DEV_003566,32a30dac391af756,mobile
DEV_003567,6b5cef748f5f92b4,mobile
DEV_003568,5a6f98291a1ad083,desktop
DEV_003569,1220147f7e3e211c,mobile
DEV_003570,2bfce3befdb06b78,tablet
DEV_003571,b9e30c96bca8d91a,desktop
DEV_003572,2403dd054bbe0b3b,desktop
DEV_003573,f51ed9675032a1ef,mobile
DEV_003574,05d0c62236318072,desktop
DEV_003575,3c6dd61adc5b03a9,desktop
DEV_003576,55bd2a7b668da024,mobile
DEV_003577,1170d8e4547364c6,mobile
DEV_003578,382bef538594e129,tablet
DEV_003579,1e74f95521c2e0b9,mobile
DEV_003580,d69d7c85ca5a9c7b,mobile
DEV_003581,d60f28e8a9f18b9a,desktop
DEV_003582,de1ebeb0cade7ade,desktop
DEV_003583,e43e55253cdc35bd,mobile
DEV_003584,17fcc043c779582a,mobile
DEV_003585,c5fbb9783c7c87fd,desktop
DEV_003586,be2c2666c0933164,mobile
DEV_003587,177096f2ae063d19,mobile
DEV_003588,96421d306329c7d0,desktop
DEV_003589,14b1b4268833f167,desktop
DEV_003590,badfa273aa44aa7a,mobile
DEV_003591,ae3ae9a2cff95be4,mobile
DEV_003592,7490a9386b8c2b64,desktop
DEV_003593,f55ad3635988fdac,desktop
DEV_003594,fc74920cbee4eec3,mobile
DEV_003595,ce4d95518b3d96bd,mobile
DEV_003596,86d11e5c488a4d07,mobile
DEV_003597,131a78b3825fafa8,desktop
DEV_003598,a5d9bf95f03290f9,mobile
DEV_003599,acb7d50021c75e14,desktop
DEV_003600,69878374950327c4,mobile
DEV_003601,6874170fbfe174e8,desktop
DEV_003602,425eeb17b971b7ad,desktop
DEV_003603,ecc2b0ea0797ce66,desktop
DEV_003604,d76f7e004eaeb877,tablet
DEV_003605,982b52fae5f1f6cd,mobile
DEV_003606,ace515c44ac2846e,mobile
DEV_003607,c8bcb7e85dd17098,mobile
DEV_003608,c7e101d1baf5f185,mobile
DEV_003609,6c57a3f54997ecdb,mobile
DEV_003610,a8bda0ca7e6ca77e,tablet
DEV_003611,60fa2edf33d5e956,desktop
DEV_003612,6d5e40e50492c362,mobile
DEV_003613,0e324dcafdad4dbd,desktop
DEV_003614,0f7ca1d2c60e7719,desktop
DEV_003615,21a1b5dc988e75cc,tablet
DEV_003616,d9298704a5f0e276,desktop
DEV_003617,b1dd08ba5585b4a1,desktop
DEV_003618,3f89008c65f46965,mobile
DEV_003619,a836f7dc80bac21e,desktop
DEV_003620,9cb0e71db4d9ca17,mobile
DEV_003621,877423dac7321ad7,tablet
DEV_003622,6fb71de5c2cd7819,tablet
DEV_003623,30af02d5311d0cbd,mobile
DEV_003624,2d216b1fd29a1fe1,mobile
DEV_003625,40a45f9b3a954bef,mobile
DEV_003626,dd626382bf44f9ae,tablet
DEV_003627,61d51ba740d940dc,desktop
DEV_003628,8208f61df8d2a364,mobile
DEV_003629,820333bbb55ab762,tablet
DEV_003630,109ef90dc435048b,tablet
DEV_003631,d048f8cb7056f5e6,desktop
DEV_003632,7c85bc27699a918e,mobile
DEV_003633,73304665770df2b1,desktop
DEV_003634,168d2ca608f94c56,mobile
DEV_003635,cde878c2763e5776,mobile
DEV_003636,1ea927d4e81201dd,mobile
DEV_003637,4ecda3e68fc892b2,tablet
DEV_003638,cb2b4192ac27d009,mobile
DEV_003639,66ffa4c5f76f8636,mobile
DEV_003640,1d1e538098e50c3c,desktop
DEV_003641,6118f1e324900eeb,mobile
DEV_003642,efad29c133a8072a,desktop
DEV_003643,6f5258a06f35cbd1,desktop
DEV_003644,0d25c7cc5d4b44c0,tablet
DEV_003645,34bbdf5469dfbab9,tablet
DEV_003646,4130391b8b8bf8bc,desktop
DEV_003647,0c573735416d758d,mobile
DEV_003648,fa6167b12c9a42d7,desktop
DEV_003649,f9207d1ffcc0200d,mobile
DEV_003650,f9110276988f60ae,mobile
DEV_003651,f8afbd8e6eb73b90,desktop
DEV_003652,70cff06fed906427,mobile
DEV_003653,816f26c359a3524e,desktop
DEV_003654,7b425ead3031eb77,mobile
DEV_003655,23f96c5bbf7187fc,tablet
DEV_003656,c6b2920f91aa6f72,mobile
DEV_003657,96b094d6fe8daf7b,mobile
DEV_003658,dbce51257b1b505f,mobile
DEV_003659,2f1ab087f772ad19,tablet
DEV_003660,28f36508e9c891b5,mobile
DEV_003661,288d0eac379c2e2c,mobile
DEV_003662,4ade9d7e6d8efbd7,tablet
DEV_003663,dc45e25326065655,mobile
DEV_003664,917b4e37a10b253a,mobile
DEV_003665,7042c246f718429d,mobile
DEV_003666,a3978e036de56164,mobile
DEV_003667,1804601d281d97e5,tablet
DEV_003668,a44eb70faa4be5fd,mobile
DEV_003669,48fb45fad91e9d34,mobile
DEV_003670,ac975d699d7d3f1b,desktop
DEV_003671,2079c8fafd6a8924,desktop
DEV_003672,de7009a2105370b5,mobile
DEV_003673,5c29dda4fe6c391c,tablet
DEV_003674,af5f536a71756890,mobile
DEV_003675,6de77f220c0c1825,mobile
DEV_003676,2bdd77949baae1f9,desktop
DEV_003677,093a75933af88f4f,mobile
DEV_003678,8f35cf3fe11f499f,tablet
DEV_003679,d0b2dc7591d9ba71,desktop
DEV_003680,d499ad209b3a0612,mobile
DEV_003681,2b5e83b3ae177167,mobile
DEV_003682,99e02a2bd5e9fe41,tablet
DEV_003683,99e9a1e4860c81d4,mobile
DEV_003684,f5844e1461c4efcb,desktop
DEV_003685,19031541b955a3c9,tablet
DEV_003686,be6d9aa3186015ff,tablet
DEV_003687,17087911d231e5be,mobile
DEV_003688,779ab8381c4a96fb,mobile
DEV_003689,e9e28cb0205c9213,desktop
DEV_003690,beb33513c1c0a09a,desktop
DEV_003691,0d81015dd2e76aad,mobile
DEV_003692,ad064519be03400a,desktop
DEV_003693,101d7d6170d217b0,mobile
DEV_003694,4ce5f8523a9006d6,mobile
DEV_003695,5331c73101217d12,mobile
DEV_003696,11282c4c1b248deb,desktop
DEV_003697,3e8c32db57e47d74,desktop
DEV_003698,2cdcf717c4dd2512,mobile
DEV_003699,11df0677346e2169,mobile
DEV_003700,27baa50ec3087c2c,desktop
DEV_003701,3b0aa3801de4067a,mobile
DEV_003702,999f65bb14677c47,desktop
DEV_003703,f45a5ae5c2343cbe,desktop
DEV_003704,6dec030554e8ed8e,mobile
DEV_003705,327bfb21528ad950,mobile
DEV_003706,51b9001ddaf25b50,mobile
DEV_003707,40c3cb15ab829998,desktop
DEV_003708,5252a749ed2a4404,desktop
DEV_003709,acfe46372bd79a6d,mobile
DEV_003710,6989efd910e7b1a3,mobile
DEV_003711,5a7a08639fc6ac94,mobile
DEV_003712,4450f43af79601d1,mobile
DEV_003713,172cd385954ef0e8,desktop
DEV_003714,85c4f53a3cc7014d,desktop
DEV_003715,3615870950e45092,mobile
DEV_003716,1ab7dd8f5ce2aba1,desktop
DEV_003717,61a1405f223d3927,mobile
DEV_003718,77b6b67363a3c2d9,desktop
DEV_003719,670a211026794fe5,mobile
DEV_003720,73f58845d4296aa4,desktop
DEV_003721,d39583f9151c598f,desktop
DEV_003722,a2ced79ec51e346f,mobile
DEV_003723,c16cb082c2fdc3ac,mobile
DEV_003724,0fd01e00fdbebca1,mobile
DEV_003725,6b50b30ef6eee671,mobile
DEV_003726,a6e1aed30162ee42,desktop
DEV_003727,657a1e809903d5d4,tablet
DEV_003728,18e094a7b1945819,desktop
DEV_003729,c9ffec07801a638e,tablet
DEV_003730,20516b3d3d3b6b88,desktop
DEV_003731,5024640f5c6ef5cd,mobile
DEV_003732,bf250c1eb9d78835,mobile
DEV_003733,0bf4c12d387d2976,desktop
DEV_003734,6ca9f8fe2d01a04d,mobile
DEV_003735,4379375398e03864,mobile
DEV_003736,2c6a262c0ef3e1ff,mobile
DEV_003737,677958d66520914b,mobile
DEV_003738,9dce8cdfce7211ea,desktop
DEV_003739,3d8b63db59767a90,mobile
DEV_003740,2879a63ec0be3968,desktop
DEV_003741,e016d6f0621edf20,mobile
DEV_003742,fd1d5c5ab4b8fc0c,mobile
DEV_003743,fd069b86ad185941,mobile
DEV_003744,ea1d47775f5e7bd3,tablet
DEV_003745,344ec7a581931a41,mobile
DEV_003746,b975bb43b5a90e28,tablet
DEV_003747,77cb9a4e646cf928,tablet
DEV_003748,e58e02ab78e80ad8,desktop
DEV_003749,159d9b4bf5c7a3bc,mobile
DEV_003750,1f75b1207793104a,mobile
DEV_003751,1277032f1d783472,desktop
DEV_003752,c50432627b3a197b,desktop
DEV_003753,f746a5c8506647ef,mobile
DEV_003754,a1c7bff40ec825f3,desktop
DEV_003755,ce065f0e459e8812,mobile
DEV_003756,1c4f95a35a77a1c3,tablet
DEV_003757,72c5056859fe951a,desktop
DEV_003758,67d995c65f15d0e1,mobile
DEV_003759,781bea3b82031c8d,mobile
DEV_003760,25c694608f2b6269,desktop
DEV_003761,560b88c4d2062b01,desktop
DEV_003762,3aab5dcb4fa20ad8,tablet
DEV_003763,a9915ad703058271,desktop
DEV_003764,c923cce1cf7247c2,desktop
DEV_003765,a3de08c456a6b408,desktop
DEV_003766,4315e07c9df3bf52,desktop
DEV_003767,0f623ccba5ecff65,tablet
DEV_003768,b1f68bb89fda7663,tablet
DEV_003769,ece585b291e6b267,mobile
DEV_003770,47bae6d887aeb13c,desktop
DEV_003771,5349ffb9ba577875,mobile
DEV_003772,ccccb794d772d1c8,tablet
DEV_003773,4129364b71d4024f,desktop
DEV_003774,0b6d85c143a1d362,mobile
DEV_003775,7ab4cc03125902e4,mobile
DEV_003776,d811eeb34d0215cc,mobile
DEV_003777,66fa133133d4e723,mobile
DEV_003778,c47958af88dab5fe,desktop
DEV_003779,20960dc6b135053b,desktop
DEV_003780,414e77a5000c1161,mobile
DEV_003781,805f59c4db7757d9,mobile
DEV_003782,676b23fffdbea151,mobile
DEV_003783,231bf171ee01825c,mobile
DEV_003784,7f23ee3c808b28dd,mobile
DEV_003785,44aac0db9c2e8c1d,desktop
DEV_003786,ab6593e12ef840d8,mobile
DEV_003787,18fc60f82931da2f,mobile
DEV_003788,64fa82ac969cc041,tablet
DEV_003789,4c47e20d9a414849,desktop
DEV_003790,dfb139574afd3bce,desktop
DEV_003791,d95f4dbca7c85469,mobile
DEV_003792,6d5cf3127662fb67,mobile
DEV_003793,2eabeb30c355329b,mobile
DEV_003794,d545c3d925c19b36,desktop
DEV_003795,839eb22b5fff2ad4,mobile
DEV_003796,e8ece1602d663975,tablet
DEV_003797,a6a29d66d5ab28e2,desktop
DEV_003798,cdd3df238602d216,mobile
DEV_003799,f9d6c204fd8209a7,mobile
DEV_003800,3b93a23734ff6022,mobile
DEV_003801,b9ff9da61e60859a,mobile
DEV_003802,8d5a7eb4705fc862,tablet
DEV_003803,238166d5f7aada84,mobile
DEV_003804,485961d872a3e87a,tablet
DEV_003805,a4e797f8f2a906cb,desktop
DEV_003806,a89a71ff321b0565,tablet
DEV_003807,05e44c5e92d3a333,desktop
DEV_003808,ba4f73c53cb6d2bb,mobile
DEV_003809,ca3d27df1286402c,mobile
DEV_003810,a153aa56aba02bc6,desktop
DEV_003811,1718f0f4bee150d3,mobile
DEV_003812,f972aa6e71c01308,desktop
DEV_003813,92aad2b4c4ae74b2,mobile
DEV_003814,9fbfe66302df60cd,desktop
DEV_003815,20d90ec79f83ed6b,mobile
DEV_003816,dcd140934699ec8b,tablet
DEV_003817,4f1983a118461294,mobile
DEV_003818,b053ac2c4c64c390,tablet
DEV_003819,7599c0766fc596d2,desktop
DEV_003820,e2b40f69d40d65c8,mobile
DEV_003821,2ac357b9d0b295a7,mobile
DEV_003822,74a35b6e816aa369,tablet
DEV_003823,6a6ac55043723211,desktop
DEV_003824,53dec6dbd3cf56fb,mobile
DEV_003825,f874915daba6745a,mobile
DEV_003826,31672070dc4179ec,mobile
DEV_003827,a60e783b789b71b5,mobile
DEV_003828,8ba92d2faaec3b75,desktop
DEV_003829,855339e214a8e47f,mobile
DEV_003830,f7b0ce537f024d57,mobile
DEV_003831,dafe584c769cbbcc,mobile
DEV_003832,e1a8c5dcb7aaf597,desktop
DEV_003833,f6b1dc081e054440,tablet
DEV_003834,037a9f7b187ce05e,tablet
DEV_003835,701ed08af2b2d2a9,tablet
DEV_003836,b2124aeb68728286,desktop
DEV_003837,22820dfa7118d70d,mobile
DEV_003838,ad6dc26e82bea9e9,desktop
DEV_003839,8dbeee1738de5f9f,desktop
DEV_003840,5962eb193c6a89d2,desktop
DEV_003841,8c82df61b7199ee4,mobile
DEV_003842,657f1c8a19b2bca1,tablet
DEV_003843,d9cc10f055b034aa,desktop
DEV_003844,7b3582c38783bece,mobile
DEV_003845,97013fd3a637b000,mobile
DEV_003846,ebef52d05a765d06,mobile
DEV_003847,1682cfcc29ea39a0,mobile
DEV_003848,c486a7a04ce79e43,desktop
DEV_003849,d1074620687faf5a,tablet
DEV_003850,5309ee9390cd78a4,mobile
DEV_003851,a1625c1005587b3d,mobile
DEV_003852,e46b58011195069c,mobile
DEV_003853,086af7a59b2fed67,mobile
DEV_003854,68237680e150b015,mobile
DEV_003855,23923f196e252d80,mobile
DEV_003856,dbbce8ec5e495c9f,desktop
DEV_003857,83dfb978447e8101,desktop
DEV_003858,b7310dd04c811b8c,mobile
DEV_003859,d2ce00c39024f56c,desktop
DEV_003860,241682f33f427de3,mobile
DEV_003861,a740d158386ff266,mobile
DEV_003862,af8bdd1836b34f36,desktop
DEV_003863,59d4041a787d5610,desktop
DEV_003864,fa74d5afe886288c,mobile
DEV_003865,5e173b5e495a9ab4,mobile
DEV_003866,9a5c9e8d010ab364,mobile
DEV_003867,55c759814dda5b4b,desktop
DEV_003868,c6f367ce3b8edf81,mobile
DEV_003869,dd251f7634c194c8,desktop
DEV_003870,b5708df7bd07a6ae,desktop
DEV_003871,449a11a4d2b67bc3,tablet
DEV_003872,0e97952063087ede,desktop
DEV_003873,0747f0eacec606bb,desktop
DEV_003874,688a0933102274cc,mobile
DEV_003875,5c442386c9e69997,tablet
DEV_003876,9dda9c7c61c18e31,mobile
DEV_003877,078de4fcc012a552,mobile
DEV_003878,097949c97945be73,mobile
DEV_003879,6df848d496d2f725,tablet
DEV_003880,cfe93a3071ebe7de,mobile
DEV_003881,871a665923cb700c,tablet
DEV_003882,ab17aba76c0745fc,desktop
DEV_003883,4e486da61790ae62,mobile
DEV_003884,192e1eaf603f0e80,mobile
DEV_003885,2f8c34c83151ba68,mobile
DEV_003886,9c36d65230e33aa8,desktop
DEV_003887,bf4d14c1bf28e849,desktop
DEV_003888,169175940f4152ae,mobile
DEV_003889,862210f43ac90cfb,mobile
DEV_003890,b72425df6328bb83,desktop
DEV_003891,c8005adfe9db4d6d,mobile
DEV_003892,959844f5cfba3842,tablet
DEV_003893,8f13691f7d7f9ca0,mobile
DEV_003894,e35d4ef56c09ff74,mobile
DEV_003895,4d70cc5202c70038,mobile
DEV_003896,2436278342c495bd,mobile
DEV_003897,63cfd27f49905bdc,mobile
DEV_003898,9047120aa101506e,tablet
DEV_003899,c67ab0778893b9ee,mobile
DEV_003900,f599d758f78bb119,desktop
DEV_003901,2c32dc4e00dc7b7e,mobile
DEV_003902,a00acb8e677ea063,desktop
DEV_003903,9bad1cbb80eb145b,desktop
DEV_003904,105fe83ddf522c7a,tablet
DEV_003905,09984e33568893d2,desktop
DEV_003906,126c53896eecfcdc,mobile
DEV_003907,ce8c835b71414f00,desktop
DEV_003908,ea336836a1c1b85c,mobile
DEV_003909,f497dc9bac64a20d,mobile
DEV_003910,9417bdb66e685dfc,mobile
DEV_003911,994f43ff2af55902,mobile
DEV_003912,025a4d28d249605e,desktop
DEV_003913,334c483a1f5446af,mobile
DEV_003914,9b1a54f10e5f5d7b,mobile
DEV_003915,388c19623f8d478d,desktop
DEV_003916,74c0bf6a79f5e7bc,mobile
DEV_003917,4178dac7f629ca03,mobile
DEV_003918,9a6c75c8bb936ac2,desktop
DEV_003919,3d226883f4ed9ece,mobile
DEV_003920,481ccca1f02dd955,desktop
DEV_003921,4d69bb904641619c,mobile
DEV_003922,d7f050b795dde880,mobile
DEV_003923,ad4a09c660e02bab,desktop
DEV_003924,d4d73c29e8cec30c,desktop
DEV_003925,db424c9fc61715f2,tablet
DEV_003926,722fb336af3c4959,mobile
DEV_003927,71c0b8f5f67734d2,mobile
DEV_003928,bbb8f4173de2c0eb,mobile
DEV_003929,36503caec54d1a84,mobile
DEV_003930,bdab90f9dc85001b,mobile
DEV_003931,f1a61c342bc11b1f,mobile
DEV_003932,409b491b6c22909e,mobile
DEV_003933,ed4ae3751683bdae,mobile
DEV_003934,bb33b89360ff97dc,tablet
DEV_003935,fbb9d9d5f6845224,mobile
DEV_003936,2b5890b03520663c,desktop
DEV_003937,e736d5d43dcd34b6,tablet
DEV_003938,d14b15e216758115,mobile
DEV_003939,ace840be6b90854f,mobile
DEV_003940,9ab0399f60982ea5,mobile
DEV_003941,0d333ff7874a3043,desktop
DEV_003942,6f72f44b008ccb80,desktop
DEV_003943,f504212025facf3c,tablet
DEV_003944,879d2a6999709a1c,mobile
DEV_003945,275025a19f2716a0,desktop
DEV_003946,225d82d914f4d48a,mobile
DEV_003947,42db5ac34e03c0e3,desktop
DEV_003948,12f343639a1ba996,mobile
DEV_003949,ff5f5b1e5b5435b1,mobile
DEV_003950,597bac63b080d671,mobile
DEV_003951,254d9e0417dfc2cd,desktop
DEV_003952,a66c5525e79b925c,desktop
DEV_003953,50d499193309b249,tablet
DEV_003954,ed68c6217b891fde,mobile
DEV_003955,644e4bb2c0c26bb0,mobile
DEV_003956,89465100ec5d922f,mobile
DEV_003957,191edf0d8541fb3b,desktop
DEV_003958,1898aecdb25a5529,mobile
DEV_003959,c8c001f16d80dd6a,mobile
DEV_003960,ef8dd6aed3846233,tablet
DEV_003961,7821c8743580a0f2,desktop
DEV_003962,1f27cff32d18944c,desktop
DEV_003963,19dbc773fcd83b4b,desktop
DEV_003964,2dd8cb11ecc31910,tablet
DEV_003965,d87a99f21c500dba,desktop
DEV_003966,bd482fba80292433,mobile
DEV_003967,0945a85106070446,tablet
DEV_003968,84c13d5bd4ae5718,mobile
DEV_003969,bc1bbae2f3e85c09,mobile
DEV_003970,da7daa38ccc92f09,desktop
DEV_003971,7b3366ba3b6cf712,desktop
DEV_003972,884ab2d863d770f1,mobile
DEV_003973,a49055f462ee53fe,desktop
DEV_003974,c12e3a689daf65d1,desktop
DEV_003975,d3dd1d011433c5b3,mobile
DEV_003976,65806400b67b8e52,mobile
DEV_003977,6386c5fae24660b4,mobile
DEV_003978,9637197b3631dba8,mobile
DEV_003979,d42be962e17e316e,desktop
DEV_003980,dd138788353ec81d,mobile
DEV_003981,1ce3cc687a4320d3,tablet
DEV_003982,8f1d592821c630d1,mobile
DEV_003983,babc5625dd82d11c,mobile
DEV_003984,f974a2ebb2c8211b,mobile
DEV_003985,aced8a652539830d,mobile
DEV_003986,00cb75daef77a922,mobile
DEV_003987,b850113a0f512c46,mobile
DEV_003988,531fa4ca85c96178,tablet
DEV_003989,618077ba58c1cf5f,desktop
DEV_003990,741fe51c96c31b95,desktop
DEV_003991,7e97cd4fc722e980,mobile
DEV_003992,31bbdba5d952ea98,mobile
DEV_003993,9109b8b2fd63cc8b,mobile
DEV_003994,925108d03c862abf,mobile
DEV_003995,8835da110d3724f6,mobile
DEV_003996,ef411ab8b10eab01,mobile
DEV_003997,d6ec99fc5034cee4,mobile
DEV_003998,872eb2ba94a7a59b,tablet
DEV_003999,d74bf106ce5a0d92,tablet
DEV_004000,43c97106d9e267b4,desktop
DEV_004001,a37dfe792c46ba10,mobile
DEV_004002,815f68c72bb16b7b,mobile
DEV_004003,074f95b182b5c7bc,mobile
DEV_004004,f74234fda81bfd75,desktop
DEV_004005,563a09c33c5544a7,mobile
DEV_004006,4b520bc24938e8ea,desktop
DEV_004007,97758194fe6eaac7,mobile
DEV_004008,a1d7f712a3f29f21,mobile
DEV_004009,b010ba3e69f83ff7,mobile
DEV_004010,f73e8ad07ebb39fd,mobile
DEV_004011,d5ef49d22b44e40d,mobile
DEV_004012,6aea6e03bf717b3d,mobile
DEV_004013,52b5a269393db69e,desktop
DEV_004014,85340ee36f8a55b3,desktop
DEV_004015,8abc557d5803caf9,desktop
DEV_004016,5c7d2eff2003ae33,mobile
DEV_004017,2b070e1cfe1375b2,desktop
DEV_004018,e7b0d5718e8134e8,desktop
DEV_004019,9c766dd1e55aa5bc,mobile
DEV_004020,bed6acd0fb8b377f,desktop
DEV_004021,95d0a7e100ac54b3,mobile
DEV_004022,e0b50af3dd589485,mobile
DEV_004023,a2e68d9cb2cd0185,mobile
DEV_004024,0419af6c111d0a7e,tablet
DEV_004025,8a329512f30da754,tablet
DEV_004026,dd0164d47c228652,tablet
DEV_004027,381dcb2408b5ff20,mobile
DEV_004028,ab6ee0f473859d37,tablet
DEV_004029,148c22f82e130924,tablet
DEV_004030,aadbe04add9722d9,mobile
DEV_004031,0b996bdc036df513,desktop
DEV_004032,f483e7ad649e4055,mobile
DEV_004033,30e341547ad17fbd,desktop
DEV_004034,c4ca13208c2432dd,mobile
DEV_004035,4977e963a1f0f132,desktop
DEV_004036,73d2230915fcb86a,desktop
DEV_004037,8b19d99b91cc9b9c,mobile
DEV_004038,1e16dbe1c9389b25,mobile
DEV_004039,eccba9049ceab70b,mobile
DEV_004040,c2603d92b29ccbad,desktop
DEV_004041,048f01ff0b4084f3,mobile
DEV_004042,7b56298c73b3cf0c,mobile
DEV_004043,f7dfb9dcd037500a,mobile
DEV_004044,0a66a5abff44088b,desktop
DEV_004045,7df54a80757b2a8c,desktop
DEV_004046,c129abcce2e49d2e,mobile
DEV_004047,ecba3aeede945cc5,desktop
DEV_004048,ce9f02cc73643c7b,tablet
DEV_004049,08a76c1dc1244dbe,mobile
DEV_004050,eeff9a80bfb3bc4d,mobile
DEV_004051,4cee09cd48b2f52b,desktop
DEV_004052,ac84630471c4db80,desktop
DEV_004053,4347992cd60d5225,desktop
DEV_004054,11b6c1c01a92e9b0,desktop
DEV_004055,b74e4e042574f038,mobile
DEV_004056,0d44d600188ffd84,mobile
DEV_004057,a557ea6e86de8042,mobile
DEV_004058,84d6b80bace4cb32,mobile
DEV_004059,1fc627f7395ededa,mobile
DEV_004060,c3b09b6e6401973f,mobile
DEV_004061,755142c36f0aa61e,mobile
DEV_004062,d8d50a3b598bb652,desktop
DEV_004063,91422667bd9e00ff,tablet
DEV_004064,6c04a64b95b3f056,desktop
DEV_004065,b8f18b030105854c,mobile
DEV_004066,9de15e79ab39cc65,desktop
DEV_004067,82a08d3c874b71f5,tablet
DEV_004068,82993eed9028c069,desktop
DEV_004069,3548575f3af01293,mobile
DEV_004070,0cdbafdaf7b0d38d,mobile
DEV_004071,4df9bd3f8de2e133,tablet
DEV_004072,1ecfa76e9f014987,mobile
DEV_004073,0fadc8a8f0dd0dee,mobile
DEV_004074,d6e13cfb24c6c815,desktop
DEV_004075,c356daf37ac37bcb,mobile
DEV_004076,c29c1adbf21e20cf,tablet
DEV_004077,61fc082d9793ebcf,desktop
DEV_004078,ddc2feb413170251,tablet
DEV_004079,b3be88d2385e285a,tablet
DEV_004080,32076ff8ff7a9c96,mobile
DEV_004081,876468f9a79a625c,desktop
DEV_004082,1395dcdd43b301d3,desktop
DEV_004083,07a51891caa03cc6,mobile
DEV_004084,094ca15926b700e3,mobile
DEV_004085,9c16a34c7f9d9bc6,mobile
DEV_004086,9f796a87c779266b,mobile
DEV_004087,ebd407aa6c1eb150,desktop
DEV_004088,e0a0911d1aaf3030,mobile
DEV_004089,9748212acebf9b6c,tablet
DEV_004090,52250fa44d64e83b,mobile
DEV_004091,381be61178cd71eb,mobile
DEV_004092,70195bc2851d416b,desktop
DEV_004093,01e717cd383b3b05,desktop
DEV_004094,eafc31d596d68e01,mobile
DEV_004095,67699d44401a12b4,desktop
DEV_004096,565cf375f7d6aaad,mobile
DEV_004097,da94ab7a5f1413e0,tablet
DEV_004098,d44155b678fdca6e,mobile
DEV_004099,6f8df7136937b49a,desktop
DEV_004100,3a9a770552493ac7,mobile
DEV_004101,3f2d4c8b60599f5c,mobile
DEV_004102,f7a4b05cc20efe26,mobile
DEV_004103,df11927abc190a8d,mobile
DEV_004104,78301a542824841e,mobile
DEV_004105,e11f4f2eeac48a30,desktop
DEV_004106,319c009178d3d064,mobile
DEV_004107,7b59c51f9ed9a38d,desktop
DEV_004108,610a4a604b08a3ae,mobile
DEV_004109,b4e2af36fd682828,desktop
DEV_004110,365c5e0dc6f183f5,mobile
DEV_004111,8bc272cd367463d6,desktop
DEV_004112,a8dc5a9eb73d10c8,tablet
DEV_004113,cf547e6732865342,mobile
DEV_004114,679f89a463b32b9f,desktop
DEV_004115,2f14c9cb38e7e835,tablet
DEV_004116,e0d3dcd6029c0186,tablet
DEV_004117,732981e6ddebfc61,tablet
DEV_004118,1def1ee4e850d5ee,mobile
DEV_004119,fc5185986c260bc4,tablet
DEV_004120,f140155ff9c943e0,mobile
DEV_004121,d6822d9f09d1a4be,mobile
DEV_004122,731bed9136b0bea9,desktop
DEV_004123,b5926661a4b8f7f4,desktop
DEV_004124,e46d342e8554677d,tablet
DEV_004125,eb7742db0f92e8a3,mobile
DEV_004126,fd96c11028fce892,desktop
DEV_004127,7357e4c68eeaa512,desktop
DEV_004128,9ce86ce8476b6ee2,mobile
DEV_004129,a36056897a804074,mobile
DEV_004130,33e636a701b78c0c,tablet
DEV_004131,778a0c26e6369b43,mobile
DEV_004132,5a6248fe10886df4,mobile
DEV_004133,4af94deb3db3f2bd,tablet
DEV_004134,53e4bd94f3fff5b0,mobile
DEV_004135,94c29462beff8dbb,mobile
DEV_004136,ff1e18e9f2b98de8,mobile
DEV_004137,61b8acf5c350d0da,mobile
DEV_004138,92213b37b46843ad,mobile
DEV_004139,e44a8768aac63cda,mobile
DEV_004140,8af8895c1b45fbb3,desktop
DEV_004141,5a62d986bcb8c682,tablet
DEV_004142,02f63666600caaca,tablet
DEV_004143,47091da999992be2,mobile
DEV_004144,183ebc6c0c19f34a,tablet
DEV_004145,9cff7ca8b88b35e7,mobile
DEV_004146,4ca6daaa795f4d59,mobile
DEV_004147,fb60e913d92b2226,mobile
DEV_004148,0063dde49b6de042,tablet
DEV_004149,885564397f0844a0,mobile
DEV_004150,776b20f1ed8a4b7a,desktop
DEV_004151,54f0b76cbe5831a0,tablet
DEV_004152,13814fc3bc66b43c,mobile
DEV_004153,6f62dd302fee1173,mobile
DEV_004154,43fa4142dd470dea,mobile
DEV_004155,64625798dbe63a3e,mobile
DEV_004156,a12968586347939b,desktop
DEV_004157,86202e24d78a179b,mobile
DEV_004158,7bf3aa77ec4f2c26,desktop
DEV_004159,53615063c0bc5dbd,mobile
DEV_004160,4ca4105ff4840346,mobile
DEV_004161,c9c04dd2a57ab201,mobile
DEV_004162,5a4124c764b5f933,desktop
DEV_004163,57fe9130521da95d,mobile
DEV_004164,3961bff89fdd6c82,tablet
DEV_004165,239508132b31d57e,desktop
DEV_004166,1f7bb01b381b71cb,mobile
DEV_004167,fd905d80d104e43a,mobile
DEV_004168,da4ec1f916dc5f91,tablet
DEV_004169,bb4ca94544c06fea,desktop
DEV_004170,32e36ef8d4529a9c,mobile
DEV_004171,842373d49b4e7d06,mobile
DEV_004172,ba03741d5d1623e9,desktop
DEV_004173,80962fca87dfecb2,desktop
DEV_004174,7e4ba545a9bb3944,tablet
DEV_004175,2690bd564a036aba,mobile
DEV_004176,07cf8dbd4ce221a8,desktop
DEV_004177,57b737198a60c07e,mobile
DEV_004178,93ff3a0c55b2c959,tablet
DEV_004179,302204f4a2b83bf9,mobile
DEV_004180,6a53172d2be9d5c0,mobile
DEV_004181,16a2d2dd375ac7f4,mobile
DEV_004182,c9b7469cb40fa770,mobile
DEV_004183,19aada772caf7421,tablet
DEV_004184,42e23204dda35794,mobile
DEV_004185,99dba29e5f185d74,tablet
DEV_004186,70eaae3734f83362,desktop
DEV_004187,35ae8432941b8b5a,mobile
DEV_004188,7f26a211f348f7ba,desktop
DEV_004189,aa9eb14b9a026cf0,mobile
DEV_004190,e6565fbe0efa936d,desktop
DEV_004191,ace51b001c2668f6,mobile
DEV_004192,8fe6591ebf712768,mobile
DEV_004193,80e8576c226e9d4b,mobile
DEV_004194,fdf324a2baa9afb4,desktop
DEV_004195,eccb638518758a81,desktop
DEV_004196,59543e9dfc416430,mobile
DEV_004197,0dafb494bb1e8b04,mobile
DEV_004198,6ca065b4dc47c06e,mobile
DEV_004199,dbbec5093fa9f3cc,tablet
DEV_004200,ef2614b35716b51e,mobile
DEV_004201,68ba7ae0ae10935c,mobile
DEV_004202,6264b84113ee6ef7,tablet
DEV_004203,2ac6b9e90c9a8585,tablet
DEV_004204,05d11e2cb4a810fd,desktop
DEV_004205,fad2bb341a257d05,mobile
DEV_004206,7c43ce8d7e88027b,desktop
DEV_004207,9103fdee0259ecfe,mobile
DEV_004208,c5fc51e6955862f8,mobile
DEV_004209,8b8b4154c5715881,mobile
DEV_004210,b2fce9324871dbdb,desktop
DEV_004211,11caf98f12d241d7,mobile
DEV_004212,6e6a24245f5fd929,tablet
DEV_004213,5112db89323dae5a,mobile
DEV_004214,92e01d3341bba5ee,tablet
DEV_004215,70be930ed48a0e80,mobile
DEV_004216,96ef80c1a9e7f95d,mobile
DEV_004217,22d4fc26b798f194,mobile
DEV_004218,2c84d031221fc12b,mobile
DEV_004219,5a47e8de8707ca2a,desktop
DEV_004220,8e42aa797c8d9606,desktop
DEV_004221,372d2fdede1199fb,tablet
DEV_004222,f0f7ac3e080af023,tablet
DEV_004223,b2137015c22159a7,mobile
DEV_004224,cfdc27e463e9443d,mobile
DEV_004225,6650b63a8652822e,tablet
DEV_004226,f22b237af6644120,tablet
DEV_004227,5ce9a92211fff4f5,desktop
DEV_004228,9b6dc92260c9d6a3,desktop
DEV_004229,ec288ee8423c3de7,mobile
DEV_004230,03c415d9c985754b,desktop
DEV_004231,5c21d6ac875fa0a2,mobile
DEV_004232,f65e2a920b8276c8,mobile
DEV_004233,7d969523467e7cab,mobile
DEV_004234,479b0f93d1652c8b,mobile
DEV_004235,9ac71d04c20ab375,mobile
DEV_004236,d55613d663df380c,desktop
DEV_004237,51760ea21e4dd80c,mobile
DEV_004238,68cfb89c43a71714,desktop
DEV_004239,40c33c9229c8d777,mobile
DEV_004240,730f35e3174e4f0b,desktop
DEV_004241,604a55e3b898d376,mobile
DEV_004242,c57f7358e4ed8d7d,mobile
DEV_004243,89aa541358f56ad1,desktop
DEV_004244,f70017fa86e168bd,mobile
DEV_004245,389e2ca58ae7d62a,mobile
DEV_004246,3bcd99267fe367c5,mobile
DEV_004247,bb6f8cb4da2024ae,desktop
DEV_004248,43fb13cd5d54377a,mobile
DEV_004249,56483acfdd52673c,tablet
DEV_004250,69a1b6a04ca4cd53,desktop
DEV_004251,793cad2fa0a7bd84,mobile
DEV_004252,e745d3fd690fe4d9,tablet
DEV_004253,4fbf874f99953eff,tablet
DEV_004254,2cc3114cdf71d426,tablet
DEV_004255,55cfbf094cfaab45,mobile
DEV_004256,ec2d2f5b0f9fbeaa,mobile
DEV_004257,e14ad94afb0425e1,mobile
DEV_004258,6ad52241b8bf15dd,tablet
DEV_004259,546d46c962aba282,desktop
DEV_004260,74d208969f63d6f3,desktop
DEV_004261,a688189440dffca2,tablet
DEV_004262,2e68d5b3d4969d60,mobile
DEV_004263,8fa2eefa925595b1,mobile
DEV_004264,66ffbbdff4b14ab6,mobile
DEV_004265,b42bcec85712bf62,tablet
DEV_004266,3b1f889639a95f58,desktop
DEV_004267,d2dbe1a1c45e3844,mobile
DEV_004268,c33716a586f2b6d8,mobile
DEV_004269,6f3bf9dec142d4e0,desktop
DEV_004270,cd0d10b45951e3bf,tablet
DEV_004271,f2d22f9462370049,mobile
DEV_004272,d6ac7f8364f00ab4,desktop
DEV_004273,c4f8bd6fc8b59301,desktop
DEV_004274,d69817164bb3d34a,desktop
DEV_004275,98b3eec13a3610ce,mobile
DEV_004276,574a5b81e9e76014,mobile
DEV_004277,e9b6ef1c791e7662,mobile
DEV_004278,b62ee4814ce4860f,mobile
DEV_004279,5b2d7309c8d91991,desktop
DEV_004280,c6ac6e15db0f366a,tablet
DEV_004281,064424fbec5fb6e3,desktop
DEV_004282,70327e295c169808,desktop
DEV_004283,a776a67cf730e5ee,desktop
DEV_004284,30f7281b332e73e0,desktop
DEV_004285,69d802a460679479,mobile
DEV_004286,e7725ea04e598542,mobile
DEV_004287,491a239edc4d9590,desktop
DEV_004288,c66ea070f6ed3331,tablet
DEV_004289,8945833c5cb16bd9,mobile
DEV_004290,7cb6e066598c486f,desktop
DEV_004291,3464bb135adb7a9f,mobile
DEV_004292,bae539d4471c6e01,mobile
DEV_004293,e9e6f718614bf2b3,mobile
DEV_004294,7bc2ec1659ac1086,mobile
DEV_004295,0720e474fb5871ca,desktop
DEV_004296,7547da25aaf13765,desktop
DEV_004297,a91dff6d4650b110,desktop
DEV_004298,c67ce25c177f602f,desktop
DEV_004299,1fb39f2bc30d33f0,mobile
DEV_004300,3bdddc5ccebf7524,tablet
DEV_004301,796b3e4c2eae0e70,mobile
DEV_004302,72f4e02cffc8e91c,desktop
DEV_004303,1e2f8f49541fd022,mobile
DEV_004304,60b19e5915c1ce2c,tablet
DEV_004305,c3b72c5b2167a0c6,mobile
DEV_004306,169908cd411b9483,desktop
DEV_004307,a2be2e0dd3940eb9,tablet
DEV_004308,8fb34117fbb714c7,mobile
DEV_004309,031b3d12a957da53,mobile
DEV_004310,23f51dd929e4b6ff,tablet
DEV_004311,cbcb589f8bc53691,tablet
DEV_004312,7917a6baff68e9f3,desktop
DEV_004313,d72cb9300ac6db4b,mobile
DEV_004314,6f92ea9f36bcb5d9,mobile
DEV_004315,90b220bf914aa89c,tablet
DEV_004316,a54c5d8194fd693d,mobile
DEV_004317,a711612926abba76,desktop
DEV_004318,a1f8705bb6caccc2,tablet
DEV_004319,474b397fa48e6853,mobile
DEV_004320,8435498bc5d542de,mobile
DEV_004321,f14ed3ea33d1abda,mobile
DEV_004322,cefee78b2d3fed03,desktop
DEV_004323,0af3908446995f5c,desktop
DEV_004324,7231f263c4a9a4a7,tablet
DEV_004325,11ad02149b701ca5,tablet
DEV_004326,fff1d5b66357f72f,tablet
DEV_004327,939dc11d350ff458,mobile
DEV_004328,6d38de2744039ec9,mobile
DEV_004329,e7b340f99d9b2702,desktop
DEV_004330,5c3e9ab40d9fdd92,tablet
DEV_004331,eec2fc3f846ee278,mobile
DEV_004332,1a5efc42f5473cf9,mobile
DEV_004333,1201101e78044cc2,tablet
DEV_004334,c70b53aab30e3ba8,mobile
DEV_004335,e16c81ef9281413e,mobile
DEV_004336,93769e6a899ab9b4,desktop
DEV_004337,46b93210cb45ff55,tablet
DEV_004338,3379d03235229a5a,mobile
DEV_004339,8d39b4e62317833d,tablet
DEV_004340,b6ff332a43d52681,tablet
DEV_004341,7b515aeafae39570,mobile
DEV_004342,e93d5363dabba95b,mobile
DEV_004343,d2312eff19e00015,tablet
DEV_004344,24fed9265488d30b,desktop
DEV_004345,936ef7df0151796e,tablet
DEV_004346,482ad98ee447e139,desktop
DEV_004347,fa70af10c7e23a53,mobile
DEV_004348,09bbabc22623aa2d,mobile
DEV_004349,74a0d3071a5d95f5,mobile
DEV_004350,0e72515b518b91e9,tablet
DEV_004351,d4edc1062940eae4,desktop
DEV_004352,6a59d48da187427e,mobile
DEV_004353,74aa820071473175,desktop
DEV_004354,b88665d359aab196,mobile
DEV_004355,dfcab53b18d79222,desktop
DEV_004356,b3d13955677491b9,desktop
DEV_004357,4df5f924b64cab09,desktop
DEV_004358,e0d0bc218149460f,mobile
DEV_004359,7ab3ab8f2eae9c9a,tablet
DEV_004360,c2c70eac8c4b95bc,desktop
DEV_004361,a468ea91d890691e,mobile
DEV_004362,4e1b4e34ef656a46,mobile
DEV_004363,4042407db03e4921,mobile
DEV_004364,4091817fe8d352b9,mobile
DEV_004365,756aaeb5421e0196,desktop
DEV_004366,e761c5262cc5187f,tablet
DEV_004367,5a3240c3ca865af6,mobile
DEV_004368,7fb1a1146cb227a0,mobile
DEV_004369,a0a48a65672d8683,mobile
DEV_004370,5c3274c7a9690e20,desktop
DEV_004371,6979dead9c80b663,mobile
DEV_004372,e7d81675c86adbce,mobile
DEV_004373,7ff88ba48a055940,mobile
DEV_004374,5094cac2bbe32b96,desktop
DEV_004375,eccc6c1d4bdeabe6,desktop
DEV_004376,fe564838c55ea2b8,desktop
DEV_004377,eebc7b004f9533e5,mobile
DEV_004378,59409872f4312288,mobile
DEV_004379,48448198901cb362,mobile
DEV_004380,02a04ffbda1660d4,mobile
DEV_004381,6c5fd82d787047eb,mobile
DEV_004382,a58afc1bb466b927,mobile
DEV_004383,ef2cc9716e91691d,mobile
DEV_004384,b7c5daaeb053876b,tablet
DEV_004385,06e790479450387b,desktop
DEV_004386,c00f20bddcdf7008,mobile
DEV_004387,a8347eefcc60c0a0,mobile
DEV_004388,c0d880557fc69d7d,desktop
DEV_004389,615b5692d63e3277,mobile
DEV_004390,0a7e7f358cf3c6b4,desktop
DEV_004391,0a2b7ae3d7c222c2,mobile
DEV_004392,7d5d0c40f604e53d,mobile
DEV_004393,9b56aeaae8fa8f64,mobile
DEV_004394,80e568224a1a1ae9,mobile
DEV_004395,94b554575c5cb6d2,tablet
DEV_004396,f0a1039542c4175f,mobile
DEV_004397,955401da9ee83c17,mobile
DEV_004398,58ce6992b7df18ef,mobile
DEV_004399,43e6b7d607637600,mobile
DEV_004400,7e0b1bd3c26ef532,tablet
DEV_004401,ffc0469408065a2f,desktop
DEV_004402,3640d46f014d36cf,desktop
DEV_004403,87cee8319e32d7ab,mobile
DEV_004404,8248aedd763690cd,desktop
DEV_004405,e8ffceaf05f9bbf1,desktop
DEV_004406,08aca6b7bbe030d1,mobile
DEV_004407,21ec738dacfea4af,tablet
DEV_004408,5ca9f9207d23292f,mobile
DEV_004409,464f880e80007e4a,desktop
DEV_004410,d1dc8d3c44caac4e,desktop
DEV_004411,a1d4b6d77609eb61,mobile
DEV_004412,fa0711c2b7fa9379,mobile
DEV_004413,dd0fa6e9cc0f209a,mobile
DEV_004414,035dc69738a05f89,mobile
DEV_004415,75ec06c686f5187d,desktop
DEV_004416,f96b4370843464f4,mobile
DEV_004417,6551e1c0a0766726,mobile
DEV_004418,043313e10e400ba8,mobile
DEV_004419,06703d33735c2c98,mobile
DEV_004420,f2b0122af0492629,desktop
DEV_004421,9135d6d7dc65fa70,mobile
DEV_004422,149c6d29cf9f7c7a,mobile
DEV_004423,d335ae9fdba82304,mobile
DEV_004424,529c4a4063d14505,mobile
DEV_004425,0e4265c3bc607e7b,mobile
DEV_004426,22b30ad641d89cab,desktop
DEV_004427,54d2194ceb0f60fd,desktop
DEV_004428,f2e8ef9c23999b71,desktop
DEV_004429,58c9f83dd3c3418a,tablet
DEV_004430,53dee666f26c75d7,mobile
DEV_004431,f1424f9e061b536a,desktop
DEV_004432,3e2e84da617508d7,mobile
DEV_004433,37749d871112423e,mobile
DEV_004434,d7d1ed41339f844a,mobile
DEV_004435,920c1c683f7cc7fd,desktop
DEV_004436,93ad7f95b55b3fac,mobile
DEV_004437,6f551571f4ca2e7b,tablet
DEV_004438,f7f571f2a55f2be4,mobile
DEV_004439,7728907e39fb78f4,desktop
DEV_004440,09695ff0f98a40ac,tablet
DEV_004441,3187757f1c7ec232,tablet
DEV_004442,abc11710c4d2a9ec,desktop
DEV_004443,89aa6f9e85d47c17,desktop
DEV_004444,415da6de3726a0b5,mobile
DEV_004445,c5763224971fb4e2,tablet
DEV_004446,745ce7a4fc8b0503,mobile
DEV_004447,54a83d9d781e0bf3,mobile
DEV_004448,9ed181fffbc3eacb,mobile
DEV_004449,31b82421ada02c28,desktop
DEV_004450,0274197f653bb1cb,mobile
DEV_004451,0b41e538cd57f439,mobile
DEV_004452,78722eab08f09690,mobile
DEV_004453,863690a642fa37f8,desktop
DEV_004454,bf61d8c87281718f,mobile
DEV_004455,c59a3645c7e129af,desktop
DEV_004456,382bc4d2adf48310,desktop
DEV_004457,b3cf74c66723c30a,mobile
DEV_004458,bd3ec348ec50840a,mobile
DEV_004459,7271c4fafd7fe49b,desktop
DEV_004460,0f0669196e26ca82,tablet
DEV_004461,8ed552723858e1ed,desktop
DEV_004462,1c6b2a47688c523e,mobile
DEV_004463,290ace2240f78788,mobile
DEV_004464,0ccd3a377d872bfa,mobile
DEV_004465,8038c4929ae55188,mobile
DEV_004466,9385445de9abbd24,mobile
DEV_004467,e5e58e9515c4cce7,desktop
DEV_004468,24f92d9f565aa06b,mobile
DEV_004469,42c2e9cab775cd6e,mobile
DEV_004470,a56098e108356d95,desktop
DEV_004471,c53ead857273788e,desktop
DEV_004472,b6012aec4723a330,mobile
DEV_004473,4cf53e9e33536a8f,mobile
DEV_004474,aaddfc34e45fcf06,mobile
DEV_004475,f1ae4092ce6d1fd3,mobile
DEV_004476,b067bc9543de7cbf,desktop
DEV_004477,1b28733017849c65,desktop
DEV_004478,6d0d39f8b8328be8,desktop
DEV_004479,c28879545e6afe2e,tablet
DEV_004480,3ccea1fe5e370e20,desktop
DEV_004481,932e9a45ca4818cf,mobile
DEV_004482,42a2e6ef5764ace2,mobile
DEV_004483,de98e970c9b759fe,desktop
DEV_004484,43bf706ba3a50c50,desktop
DEV_004485,f3f1f371047fd9a5,desktop
DEV_004486,1ec12ebd768f4b2b,tablet
DEV_004487,a533ff3a4f2089e9,mobile
DEV_004488,7c8c3e94fef6184b,mobile
DEV_004489,051ff717f0149838,mobile
DEV_004490,a15f6a3c1b122ec3,mobile
DEV_004491,288a649243069790,desktop
DEV_004492,84b7b8dcfe54bd58,mobile
DEV_004493,6aecb93df4ab85fc,desktop
DEV_004494,4737bc27addef47a,mobile
DEV_004495,4d5d4b54d98b9099,mobile
DEV_004496,050de7b166735d7f,desktop
DEV_004497,c7d6d18857b804ac,desktop
DEV_004498,dc5ce7a81492a1c6,mobile
DEV_004499,c228ea72273c30f9,mobile
DEV_004500,f8d7a905bbfb3394,mobile
DEV_004501,ce006c84bda840b0,mobile
DEV_004502,9c5edceb0d3c6990,desktop
DEV_004503,2fc0c53250309c3e,mobile
DEV_004504,0ebc851e07101eae,mobile
DEV_004505,a4d320b6b5f79ffc,desktop
DEV_004506,7d501f8d389bf6b0,desktop
DEV_004507,0859696ef9504e38,mobile
DEV_004508,eccfac04b0fc44f8,desktop
DEV_004509,94edb06d4ea18913,mobile
DEV_004510,a52746dfba1cf61f,mobile
DEV_004511,9da3221b36732044,tablet
DEV_004512,c4d17ad2af752ee7,mobile
DEV_004513,6c99d821783ae7eb,mobile
DEV_004514,209f800842632da2,mobile
DEV_004515,48147f7ec0dba2e8,mobile
DEV_004516,54a5012f576b9ea1,desktop
DEV_004517,5904ef56e24e1543,mobile
DEV_004518,8e2105c8ec642df8,mobile
DEV_004519,88a72f4819e59a28,desktop
DEV_004520,646fa61460c3571b,mobile
DEV_004521,4bb82518749ff539,mobile
DEV_004522,007cba9836db2e3c,mobile
DEV_004523,9838334c7fe20bf3,mobile
DEV_004524,d9828223857d8891,mobile
DEV_004525,c68b2ce969119195,mobile
DEV_004526,3b8e5f3717fe8e08,mobile
DEV_004527,69392900d1af9e9e,mobile
DEV_004528,81b21d2f734559fe,mobile
DEV_004529,5d7ec877732b8a94,desktop
DEV_004530,0e226e1d32d2f40d,mobile
DEV_004531,1106e12b6c26ef77,desktop
DEV_004532,b05d8596b61a8a02,mobile
DEV_004533,e9cbcd89708f81be,desktop
DEV_004534,682735865f36862b,mobile
DEV_004535,8a74568835a0a1fd,tablet
DEV_004536,d9af2ea06eb37675,mobile
DEV_004537,3472662ede4182c7,mobile
DEV_004538,d171ab74915055e1,desktop
DEV_004539,d4b381558f2816f5,tablet
DEV_004540,4cfae860c7faa8ee,tablet
DEV_004541,7bbeb69da7d74941,desktop
DEV_004542,ff934e16d39ba9b7,desktop
DEV_004543,a562154e74d175ce,mobile
DEV_004544,2ec4219bf170740b,desktop
DEV_004545,ec17cc7f7964d19d,mobile
DEV_004546,b1c640b7de6da15d,desktop
DEV_004547,125accadb92e32d9,mobile
DEV_004548,459bed22400249ea,mobile
DEV_004549,8ea188a03047a533,mobile
DEV_004550,78060286c936bc93,desktop
DEV_004551,f0a566fd5b22c8b4,desktop
DEV_004552,d5a6d4fcfb2d096a,desktop
DEV_004553,82000070f94bae46,desktop
DEV_004554,d19c7183d61673a9,desktop
DEV_004555,998176a63e2b4b75,mobile
DEV_004556,284282de3113427c,mobile
DEV_004557,ea9fc01b023d94af,tablet
DEV_004558,9605378f62928643,mobile
DEV_004559,cfb17d6474d9d5eb,tablet
DEV_004560,01fc91547a281a0e,mobile
DEV_004561,4f049593eab2c8c2,mobile
DEV_004562,0188e6a22925f514,desktop
DEV_004563,7c9b0759ba0d3e08,desktop
DEV_004564,2cae18688c7d7a17,mobile
DEV_004565,7cc74de5cf9189ae,mobile
DEV_004566,6b93a3ace1b6da2b,desktop
DEV_004567,57dc5a91b4096f7a,mobile
DEV_004568,e6751fb63fcf815b,desktop
DEV_004569,0be56a303679099b,mobile
DEV_004570,d265841fa66e2763,mobile
DEV_004571,219976c7ae06a1b2,tablet
DEV_004572,c8aba8ef45841c52,mobile
DEV_004573,2c1060c511480270,mobile
DEV_004574,febbb37f082b2257,mobile
DEV_004575,9d6e93725f73d9eb,mobile
DEV_004576,418890af83902bfb,mobile
DEV_004577,d2bca6097043bb0d,desktop
DEV_004578,24c9f9bf7bf26018,desktop
DEV_004579,72feae89d6fbeded,mobile
DEV_004580,bc25919a0da5699f,mobile
DEV_004581,fb468f23c2f630d5,tablet
DEV_004582,8ee088b69b259f7e,mobile
DEV_004583,8ff664ba20dd33c2,mobile
DEV_004584,7183bbb63a0136bb,tablet
DEV_004585,4bd7a30faef268f1,mobile
DEV_004586,5acf527c7516d199,desktop
DEV_004587,a04c78b62d758903,tablet
DEV_004588,55527782e4909567,mobile
DEV_004589,56d429508c88d226,desktop
DEV_004590,697701b327b5a933,mobile
DEV_004591,73c8cb848a544ea5,tablet
DEV_004592,dccbc45f004ce83d,mobile
DEV_004593,365f8f1de8aa15f5,tablet
DEV_004594,9990f557ccfcd2cd,desktop
DEV_004595,6b0dc7a273d14b83,mobile
DEV_004596,2b65ecfc9a69efbe,desktop
DEV_004597,ce5d97912e24fa51,desktop
DEV_004598,26fca3df7307f231,mobile
DEV_004599,f148779f0df46b27,tablet
DEV_004600,1e00528807631da7,desktop
DEV_004601,f5dea83b8be6fa5a,mobile
DEV_004602,24d1c4aeb70d2e24,mobile
DEV_004603,0f93a285f8cfaaae,mobile
DEV_004604,274e4002b23105e2,mobile
DEV_004605,1db825001ef186e2,mobile
DEV_004606,80ac7b0f67043af1,mobile
DEV_004607,70102f251e21da9a,mobile
DEV_004608,e4d7ec4eae07b0fb,tablet
DEV_004609,7c1780bdf94d8a33,tablet
DEV_004610,1f605af50cf58565,desktop
DEV_004611,bd85b868c9737dea,desktop
DEV_004612,f2a3df99b83a5edd,mobile
DEV_004613,2a90530b24c864ae,mobile
DEV_004614,322448357e36083f,desktop
DEV_004615,49fee36d855640ea,desktop
DEV_004616,0683fc62c6c3cac5,mobile
DEV_004617,f4e587d54d44313c,mobile
DEV_004618,610c35807372ffb2,mobile
DEV_004619,859aef5ddf5418cb,mobile
DEV_004620,495665d53be6990f,mobile
DEV_004621,dfefcf3ac85d7535,mobile
DEV_004622,3bc6cf5a6e30dbdd,mobile
DEV_004623,f22e3b61220dbf82,desktop
DEV_004624,fd1c38c780f3943d,mobile
DEV_004625,9b94e5f33c5a292d,mobile
DEV_004626,ffff8a8b90167e7a,desktop
DEV_004627,b44aef1f43647cb6,desktop
DEV_004628,de7bf558af40f3a8,desktop
DEV_004629,91ef827fbc510d67,desktop
DEV_004630,9c661bc6c0d88670,mobile
DEV_004631,66ddabd75fc92b86,mobile
DEV_004632,76450383777d79b0,mobile
DEV_004633,2c0ab911ee32707e,tablet
DEV_004634,b34eb440176acabe,mobile
DEV_004635,cbe724c01098b3a5,mobile
DEV_004636,b3e1ef930496a4a5,mobile
DEV_004637,17c2090cbe18825d,mobile
DEV_004638,65c2934c3b506a61,mobile
DEV_004639,9cfbbb1c5fdc22ee,desktop
DEV_004640,8172285f8c77c9f7,mobile
DEV_004641,3c6ba54506e2b385,desktop
DEV_004642,56f3b29e3a21a907,tablet
DEV_004643,ad0d8f796a7ee51e,desktop
DEV_004644,6e2c43232fb2d05a,mobile
DEV_004645,379a200405a13484,mobile
DEV_004646,96d7b2641b9ca0d6,desktop
DEV_004647,0b668f297b081594,mobile
DEV_004648,751420588059b93e,desktop
DEV_004649,4a35e1035b8ced6b,mobile
DEV_004650,c8573b50a7860abe,tablet
DEV_004651,4901a12d4d874545,tablet
DEV_004652,23b2709fa2cb45b9,desktop
DEV_004653,f425f2cc29da83f2,desktop
DEV_004654,7f5282aaa862bddf,mobile
DEV_004655,822b12eeeaa6ac1b,desktop
DEV_004656,59b89dd75004b82f,desktop
DEV_004657,806209c7198fe256,mobile
DEV_004658,e93057cd7b0d51ff,tablet
DEV_004659,d9457753379e7412,mobile
DEV_004660,c38bf89c5a0ae375,desktop
DEV_004661,d098150f40cfed5a,mobile
DEV_004662,ef56c2f095f105d6,desktop
DEV_004663,79047c4cf0b96385,mobile
DEV_004664,c7730508c9f36d93,desktop
DEV_004665,8fae7dadd374f07c,desktop
DEV_004666,b6992ae94fa8c4ef,desktop
DEV_004667,4fd7410bd4fe57e1,mobile
DEV_004668,beb66b6a896d95fa,mobile
DEV_004669,8e1780dec2078d70,desktop
DEV_004670,bbb57d69701b143b,mobile
DEV_004671,5d9b3c7996226475,tablet
DEV_004672,9febb24cbefe9f5e,mobile
DEV_004673,1f3cecc103fb3aa6,mobile
DEV_004674,97d4108deb3e05f3,mobile
DEV_004675,016ee73274194f0d,mobile
DEV_004676,371a558b84d97053,mobile
DEV_004677,c7767ef3b4649134,desktop
DEV_004678,d84b029041a6a5c3,tablet
DEV_004679,8bf7764dff11f133,mobile
DEV_004680,7cdc47f073b18a96,mobile
DEV_004681,8c9d95079db798db,mobile
DEV_004682,ee7729ccfb4e088b,desktop
DEV_004683,f4749d78921f3a47,desktop
DEV_004684,7a75f718eff406ca,desktop
DEV_004685,1d6119960df53a0e,mobile
DEV_004686,d766e8622a9a4b65,mobile
DEV_004687,f27d97bab2d882f6,mobile
DEV_004688,00cf3562e854c28f,tablet
DEV_004689,beb3f4e0bcf54764,mobile
DEV_004690,172b18be663659fd,mobile
DEV_004691,a4b152784926a6e9,tablet
DEV_004692,276f0febbd333707,desktop
DEV_004693,8a5dda2dda43c05a,mobile
DEV_004694,2d5c5b1dacdf289d,desktop
DEV_004695,c041239ee8aad1b5,mobile
DEV_004696,7ff290225cb58af7,mobile
DEV_004697,591b183b546b9d6f,tablet
DEV_004698,1b4461d8303ca1fb,tablet
DEV_004699,49529748f805e5a3,desktop
DEV_004700,95739ce44ad387a5,mobile
DEV_004701,b6b08319fba4b11b,mobile
DEV_004702,3954e2cbe8f6f740,mobile
DEV_004703,fe476129e5140e54,mobile
DEV_004704,0af8c65bb6bd4cea,tablet
DEV_004705,9e2fd4156998e644,mobile
DEV_004706,30172ee2053bc95f,mobile
DEV_004707,d94b2a9b1b2d0369,tablet
DEV_004708,cff156dc51a3215e,mobile
DEV_004709,a49a1538676d72f1,mobile
DEV_004710,1b03972f75f3a0d3,desktop
DEV_004711,5fe91e964ccdbf5b,tablet
DEV_004712,c3b08c784e092866,tablet
DEV_004713,4603f8fefeefb593,desktop
DEV_004714,e43f0d0427372dce,mobile
DEV_004715,331082f24ed8ac69,mobile
DEV_004716,35c715062c8d2b8b,mobile
DEV_004717,8b8db41ef4efc1bf,mobile
DEV_004718,50f8e6233ffffaa8,desktop
DEV_004719,104b0bdc438451b2,mobile
DEV_004720,6dd896d6880cf78f,desktop
DEV_004721,a7376df0542ae425,mobile
DEV_004722,70ae377d04542443,mobile
DEV_004723,a2a22c168bf602e8,desktop
DEV_004724,c55a5cfd86c64da2,mobile
DEV_004725,17402425374a8d3f,mobile
DEV_004726,da6f173bd6c4a1eb,desktop
DEV_004727,641c0a9140ce14c6,desktop
DEV_004728,a7d3d3833f85a6a4,mobile
DEV_004729,1cd9e180aab92a9d,mobile
DEV_004730,86b2903fcfbcdc8e,tablet
DEV_004731,35ccfb58cebdac3e,tablet
DEV_004732,7218faa4f7932261,mobile
DEV_004733,ecc914d65a07f01c,mobile
DEV_004734,476b8379e97d3ae0,mobile
DEV_004735,361f608587123d01,mobile
DEV_004736,a4bbde7844e17765,mobile
DEV_004737,a15215a5253caaf1,mobile
DEV_004738,3c66383800a26135,desktop
DEV_004739,9e1aa8e3f6312468,mobile
DEV_004740,57f6a7dce40996af,mobile
DEV_004741,bd5c80d8e5563ec5,tablet
DEV_004742,b83839f0b1937c87,mobile
DEV_004743,511862c1c4886e02,mobile
DEV_004744,200dd4fbb42cc0e5,tablet
DEV_004745,bde6a59d427ccca6,mobile
DEV_004746,b16d8049507a1a4d,mobile
DEV_004747,5df9ad3f6590d668,mobile
DEV_004748,e617d1e9711383e2,desktop
DEV_004749,7e5ca625fe49e23e,mobile
DEV_004750,708760d4620e1f5c,mobile
DEV_004751,aad25df2e258f70c,tablet
DEV_004752,75bf400d3790aa77,mobile
DEV_004753,13e0be2878f397e7,mobile
DEV_004754,e09be418cb10d38f,desktop
DEV_004755,f0b4e57e280ee2ed,mobile
DEV_004756,4c54c4a44d07c70d,mobile
DEV_004757,220bb56340378e2b,mobile
DEV_004758,1101c2aa31f48766,mobile
DEV_004759,2faa8c896f89af20,mobile
DEV_004760,0c6900c121008e35,desktop
DEV_004761,c7be81548216ef79,tablet
DEV_004762,27f451673af1ef44,mobile
DEV_004763,449054733b9818f4,desktop
DEV_004764,78924c2bab235ba9,mobile
DEV_004765,f28387ddda1df40a,tablet
DEV_004766,76a778db3eaaafb4,desktop
DEV_004767,c9627bcd8cec167d,mobile
DEV_004768,5c36e9f2eb1504fb,desktop
DEV_004769,8a7f445c2e9b3082,tablet
DEV_004770,0f206ed73408a38a,desktop
DEV_004771,8beeb301bc85f6c9,desktop
DEV_004772,04e4ea0190ca6010,tablet
DEV_004773,937dea89ae4c45f7,mobile
DEV_004774,5d849efc4277c228,mobile
DEV_004775,5f9d64eb6111bd81,tablet
DEV_004776,90dbf1d0fb981d94,mobile
DEV_004777,445220637688255e,tablet
DEV_004778,b4dcfadc31e62b06,mobile
DEV_004779,82d8cf44d5908c65,desktop
DEV_004780,69d08a1948e48508,desktop
DEV_004781,a047441267503b09,mobile
DEV_004782,a64160ae2e7c58d9,mobile
DEV_004783,00f748d6fb779d29,desktop
DEV_004784,89cbbe1feb70d98b,mobile
DEV_004785,0adaad27880ec08c,mobile
DEV_004786,9a47c3d57d0fc20e,mobile
DEV_004787,93e639d5503374d8,mobile
DEV_004788,e47811257a9e96bb,desktop
DEV_004789,992c2023c095a8d8,mobile
DEV_004790,8331cede578896e2,desktop
DEV_004791,6dd30e66da35a283,desktop
DEV_004792,6c857e84f60ef03a,mobile
DEV_004793,cbeff8ef2276d227,tablet
DEV_004794,3af56f026e929458,mobile
DEV_004795,e36fcd18fb68dc82,mobile
DEV_004796,14ca252ff8172f9d,desktop
DEV_004797,09be608a9d12822b,mobile
DEV_004798,051e7af7cdd10b59,mobile
DEV_004799,5e80b3b79626a41b,desktop
DEV_004800,e1fb3074e75a9441,mobile
DEV_004801,9c9fe9bdb9ccd360,mobile
DEV_004802,0118cbeb4c6dba7d,mobile
DEV_004803,8a762d6c8a3f9a19,mobile
DEV_004804,e77c848ad9525833,mobile
DEV_004805,c4a9cb367c07a627,desktop
DEV_004806,ed88916ad538e37c,mobile
DEV_004807,75d73ab577157730,mobile
DEV_004808,7bf4d41e6a30b461,mobile
DEV_004809,3c013fb3cedac367,desktop
DEV_004810,97ecb7000dd7e13b,mobile
DEV_004811,c5a94999322a5870,tablet
DEV_004812,1a5b284b6ba0d731,tablet
DEV_004813,d41b5537fcf6d34a,desktop
DEV_004814,f420f4aaff1ed602,mobile
DEV_004815,2c19996cae72257c,mobile
DEV_004816,a0ecf0857f4bad95,desktop
DEV_004817,b74c29b01eaaa844,tablet
DEV_004818,48b0ee6b49777ebf,mobile
DEV_004819,45275b50c7a5c4fa,mobile
DEV_004820,77d918ca1a44454f,desktop
DEV_004821,6e48a1d60556d991,tablet
DEV_004822,453d7f62127ff3d8,desktop
DEV_004823,4c78c40260511806,mobile
DEV_004824,a900c5ed4bc982a1,mobile
DEV_004825,7074dace170e572c,desktop
DEV_004826,038c0a41e4c9df97,desktop
DEV_004827,a41a6f8d3da50364,tablet
DEV_004828,e6f9119838f628d5,mobile
DEV_004829,bb3ffcb562cb7f11,mobile
DEV_004830,30ead57581c1509b,mobile
DEV_004831,1ef896b5f981f2d0,mobile
DEV_004832,e78ebff9c7cfa1f1,tablet
DEV_004833,a3493e2d10274573,desktop
DEV_004834,63e8d6d5cc5e10de,desktop
DEV_004835,4ad2bc055d043477,mobile
DEV_004836,477d1d82f5b2499f,mobile
DEV_004837,464688168de1b1d3,tablet
DEV_004838,6c9b696e95fd0281,tablet
DEV_004839,a7025010b2eda40d,mobile
DEV_004840,348f40c21e8cc99d,mobile
DEV_004841,c20f631f9c893819,desktop
DEV_004842,03f4f71802391152,desktop
DEV_004843,77a8364146c4cce2,desktop
DEV_004844,486642fdb447fcbb,desktop
DEV_004845,498830228caf30ec,tablet
DEV_004846,e3b23db0e72ef805,mobile
DEV_004847,db49d885f001d7c2,mobile
DEV_004848,86e4d2470d70700d,mobile
DEV_004849,5d494d3c76115c92,mobile
DEV_004850,ef80198820d4a704,mobile
DEV_004851,03172ea0c19e9e3e,desktop
DEV_004852,6ef8d8463998602b,mobile
DEV_004853,454f985a6367a5a9,desktop
DEV_004854,3daf52ee918d8d87,mobile
DEV_004855,dec88b23c7a6afa7,tablet
DEV_004856,8c5a0124ebd4cd29,desktop
DEV_004857,610623ae478a9e39,tablet
DEV_004858,f1dac42276e6c0cb,mobile
DEV_004859,789e7080c5ea98fc,mobile
DEV_004860,85f96ff867c8dd69,tablet
DEV_004861,a4de4d41ce85ab09,desktop
DEV_004862,171f9796ead661fb,mobile
DEV_004863,1986c4b3e7fbc3bc,mobile
DEV_004864,31e2ed905758be40,mobile
DEV_004865,5efac4c9c7777ac4,mobile
DEV_004866,484afbe7220159f5,mobile
DEV_004867,47adb82cf626c824,mobile
DEV_004868,2fef9cfa3dd13d63,mobile
DEV_004869,5a35bfac204744dc,desktop
DEV_004870,867efd161d9e57de,desktop
DEV_004871,c45895136b79d562,mobile
DEV_004872,c7489dd2cfa3f252,mobile
DEV_004873,46d6426c36b24d62,desktop
DEV_004874,e0f5ea03a45dec92,desktop
DEV_004875,406650e232e56cf1,mobile
DEV_004876,9a7d25671f886c90,tablet
DEV_004877,6afdbefae2be9052,mobile
DEV_004878,e2eb389defed6d2e,tablet
DEV_004879,d43aab5e5eaaf860,mobile
DEV_004880,d125f9584b233d64,mobile
DEV_004881,d062310676855867,mobile
DEV_004882,ba40795bd4e4970c,mobile
DEV_004883,61180f14b9ded2f5,mobile
DEV_004884,35fc003e6527fb08,desktop
DEV_004885,cc519996e2fe3ec2,tablet
DEV_004886,468d56353cfdd608,mobile
DEV_004887,0b4e5ca44ced9d7a,mobile
DEV_004888,280aaeb34e9eeace,mobile
DEV_004889,b636bfed0db97066,mobile
DEV_004890,cc99ec2ede39be30,mobile
DEV_004891,5c7afe23eba30fea,tablet
DEV_004892,57546daf5d281637,mobile
DEV_004893,0cc31458afb6cdea,desktop
DEV_004894,b19e7930244aefb3,mobile
DEV_004895,7cd72d8b97d30e7b,mobile
DEV_004896,8873cc9cfed8c1d1,mobile
DEV_004897,2ede1cd754daa6d5,desktop
DEV_004898,1c9a6c70d6b2bef1,desktop
DEV_004899,eb574e9cd79b7e70,desktop
DEV_004900,c407109a9e3a020d,mobile
DEV_004901,a79c893f207ca83c,mobile
DEV_004902,dd4cc83e4479b9ee,mobile
DEV_004903,fe885b08dce6a4f7,tablet
DEV_004904,6958be65fdcbeaa0,mobile
DEV_004905,db976c1872bafb50,mobile
DEV_004906,f3e08e38469792cf,desktop
DEV_004907,d3be8197bfecfec1,mobile
DEV_004908,f7f3d3199762e220,mobile
DEV_004909,fc0ac150ac208863,mobile
DEV_004910,6bf15a7405145c7f,mobile
DEV_004911,b8c947963d5a423a,desktop
DEV_004912,8ce3b56ba4a00c29,tablet
DEV_004913,2b4dfe9ee924613f,tablet
DEV_004914,c8707bdfbe5fb9c4,mobile
DEV_004915,c8b5bfc20211396f,desktop
DEV_004916,26c5c58b6a54098a,mobile
DEV_004917,ca4d3b91b25007f3,mobile
DEV_004918,53ca340c975bebf2,mobile
DEV_004919,363faef7f8d2e61f,mobile
DEV_004920,7c937070e5775666,tablet
DEV_004921,3d067183b0564489,mobile
DEV_004922,950d554ce39fccea,desktop
DEV_004923,30267ad83d2615e7,mobile
DEV_004924,3112de9d738e9bdc,mobile
DEV_004925,23955af0308ceb52,desktop
DEV_004926,3df71347402c6b27,desktop
DEV_004927,4d7b5dd9fe5ce014,desktop
DEV_004928,ff66f849dd82df94,mobile
DEV_004929,d0737479fd38f876,desktop
DEV_004930,78a612f3b5b711f5,desktop
DEV_004931,9b5c5a7240bcc9f9,desktop
DEV_004932,a181d77c48f0fa92,mobile
DEV_004933,e3b4a46ab923ce84,mobile
DEV_004934,ca5667f790064613,mobile
DEV_004935,1920b75d0b52fc53,mobile
DEV_004936,7d4025462f5d28e3,mobile
DEV_004937,3db1e100798ae96b,mobile
DEV_004938,1b5a595c90edb362,mobile
DEV_004939,2b088e45e3e7681c,mobile
DEV_004940,291f4aeeaf4b4efa,tablet
DEV_004941,f005eb0d08ab2bd5,mobile
DEV_004942,5d8d639a794e560c,desktop
DEV_004943,f8684194587b5d08,desktop
DEV_004944,d36a84aa95ec24e8,desktop
DEV_004945,40293afea19950e2,tablet
DEV_004946,2ca43a6918b71d28,tablet
DEV_004947,c144c2a6c7441426,mobile
DEV_004948,9e6ba517cd0834a0,mobile
DEV_004949,e979b30eb9992819,mobile
DEV_004950,91da7e877b002354,tablet
DEV_004951,985dc70a13b97a0e,mobile
DEV_004952,242701892046d3cc,mobile
DEV_004953,bad86526d796cf64,tablet
DEV_004954,adb165d9aee24d4b,desktop
DEV_004955,7fcf2c6d4ea50a95,mobile
DEV_004956,e6ba7ab221d10fe2,mobile
DEV_004957,dcbce48bacbcae93,mobile
DEV_004958,fefcb2d5cbcae234,mobile
DEV_004959,192c2e59262c86ec,mobile
DEV_004960,4299e00e92f87c74,tablet
DEV_004961,7590e48dc43b60fa,mobile
DEV_004962,548b3a51ee74cc6c,desktop
DEV_004963,7dfc3fa40345b565,mobile
DEV_004964,b7c3121cdfe87d6a,tablet
DEV_004965,bcf16e6f7b19fa20,desktop
DEV_004966,8ca206f79247308b,mobile
DEV_004967,b68172977bd3e23d,mobile
DEV_004968,6311139a8ffa6aa5,mobile
DEV_004969,68f652869c22a063,desktop
DEV_004970,5195ec5107f8721d,desktop
DEV_004971,b43c543dba1349aa,tablet
DEV_004972,223af5f1e6ac4c97,mobile
DEV_004973,a6be9fe5b8a47199,mobile
DEV_004974,18953d409a171f94,mobile
DEV_004975,2b942c8d64bf7809,mobile
DEV_004976,0a2847191c2098c3,mobile
DEV_004977,9dee6d69b03b3e81,mobile
DEV_004978,6ea94b74774010f4,desktop
DEV_004979,4bb1616985f95060,mobile
DEV_004980,7ae0925197c3372e,mobile
DEV_004981,ee9a9e22f7b93ecd,mobile
DEV_004982,48e75327a68765fa,mobile
DEV_004983,56a5a1b2f7c52d64,desktop
DEV_004984,b63b0d064d0babe1,mobile
DEV_004985,a628bef5f9c7e10c,desktop
DEV_004986,bc161e32a6edec98,desktop
DEV_004987,d52b7912b8ce67ea,desktop
DEV_004988,84e99d8b8bff3d8b,mobile
DEV_004989,9be9d333d272caab,mobile
DEV_004990,8d731c467136ab1e,desktop
DEV_004991,ac968b6ce1ae31ed,mobile
DEV_004992,e5ae5f79c29bea6d,desktop
DEV_004993,8ed1ffc7d377213c,tablet
DEV_004994,a39ca1b16e22afa3,mobile
DEV_004995,f522aa7bf5581f8b,mobile
DEV_004996,5fd09ba0b1dad276,mobile
DEV_004997,5e567f7301b2f5a8,mobile
DEV_004998,d15be514771c1623,mobile
DEV_004999,f79891d94b032830,mobile
DEV_005000,2381f012f0022751,mobile
DEV_005001,dc55c1365d54edc5,mobile
DEV_005002,e762899148daf46f,desktop
DEV_005003,0f1cd53f9dcfa670,tablet
DEV_005004,b4b3e0dacd65d694,mobile
DEV_005005,623e70433b24318c,desktop
DEV_005006,64c7c364cd717959,mobile
DEV_005007,2559b0b5c7afb650,mobile
DEV_005008,5ae6ffd4221ee547,mobile
DEV_005009,a467a1c0717179e3,desktop
DEV_005010,dfac886af31db54d,mobile
DEV_005011,5d3b0385f45d6c05,mobile
DEV_005012,1572b73a6f14eca5,mobile
DEV_005013,4e669ae85f2fb2a4,desktop
DEV_005014,ed71a009de750284,mobile
DEV_005015,ec4957f8cbfcc3f4,mobile
DEV_005016,12401c4453db0bd5,mobile
DEV_005017,e765787b9ea0ce86,mobile
DEV_005018,07242cf28d6dbe0a,mobile
DEV_005019,a11681d9f8f6b16e,desktop
DEV_005020,634bb0c3fda58216,mobile
DEV_005021,246e20d2f5f600b3,desktop
DEV_005022,ca5a5e8d10c1b208,mobile
DEV_005023,d3c60739a53372c7,desktop
DEV_005024,72efab2a4dd6a30b,mobile
DEV_005025,d5ce0e0dc81b1ba8,mobile
DEV_005026,cc0ef6ae4b1736fe,desktop
DEV_005027,50326e3b5a2edda0,mobile
DEV_005028,602e952ee7f12ef2,mobile
DEV_005029,d39e4bc8f90a9f1b,mobile
DEV_005030,67a122f0faadaaf8,tablet
DEV_005031,054bf38b5640cd4f,mobile
DEV_005032,9cdf6ef64d0e8198,desktop
DEV_005033,5816f381163cfe81,mobile
DEV_005034,a459adef34fcb313,tablet
DEV_005035,fe657e3a8afa73c6,mobile
DEV_005036,09ffa0b895c364f5,mobile
DEV_005037,e9693c908ecc3ef0,mobile
DEV_005038,f1f5bf05495be0c3,mobile
DEV_005039,7c32fa7696545f7d,mobile
DEV_005040,51770fc1bf6db580,mobile
DEV_005041,7ffed058ad2088d3,tablet
DEV_005042,12f27eea6e43ec24,desktop
DEV_005043,7756cad5bc61b7be,mobile
DEV_005044,c1d353d164c16ad2,mobile
DEV_005045,31cd38c6fb33e47e,mobile
DEV_005046,2f015f29f2ac12b5,mobile
DEV_005047,4d850491e77f55f2,mobile
DEV_005048,3e54d3ac9c8d684e,desktop
DEV_005049,c1ebea37cf031f0e,mobile
DEV_005050,38856887501adb9c,desktop
DEV_005051,b21c72f4d0d61beb,mobile
DEV_005052,8c47a7bd248a07ce,mobile
DEV_005053,149fb021e20851ad,mobile
DEV_005054,54ec5ea3dbd21afe,tablet
DEV_005055,3dd18af2f204b440,mobile
DEV_005056,ab7fd97343837c71,desktop
DEV_005057,4c40f113f7dfce11,tablet
DEV_005058,7a37fa75a6028f6f,mobile
DEV_005059,70123f8de98c9abd,mobile
DEV_005060,6bf5c057db605eba,mobile
DEV_005061,a7afc952637e8f09,desktop
DEV_005062,a3b350b948e143e6,mobile
DEV_005063,7fe4a9d843d3bf51,mobile
DEV_005064,9f14eafed62f16be,mobile
DEV_005065,45b6d594a6d25416,mobile
DEV_005066,0547e9604fe7b890,mobile
DEV_005067,b455e5f3f72f96e8,desktop
DEV_005068,2e8f7e3c90671668,desktop
DEV_005069,0e1ebdd4cf837b41,mobile
DEV_005070,666c3a26f919a7b9,desktop
DEV_005071,4c3b4fc4d062fddb,desktop
DEV_005072,0ab2d4511562928f,mobile
DEV_005073,b5e509c8d0842e86,desktop
DEV_005074,6ba034bfddef146a,desktop
DEV_005075,e2770157c3d329ae,mobile
DEV_005076,5135e649e8ff5fbe,mobile
DEV_005077,aea87e03454d9377,desktop
DEV_005078,00c70eb9d2dfc33a,desktop
DEV_005079,c532e08b0b9dfcb5,desktop
DEV_005080,1bfeefc7b1c4d1d8,mobile
DEV_005081,e82f51443e3301d0,mobile
DEV_005082,a66862f8dd893e92,desktop
DEV_005083,fe5c876cb7c32a46,mobile
DEV_005084,ff946298b0ea09d6,mobile
DEV_005085,2046076a99957dfa,mobile
DEV_005086,2a886a44e650201b,desktop
DEV_005087,7cbfa439ff4cb016,mobile
DEV_005088,f2649335f22b75ff,mobile
DEV_005089,fbb7c46addd38989,mobile
DEV_005090,bff4e9cd3d666796,desktop
DEV_005091,43aa24bf3a800c04,mobile
DEV_005092,e8e2ef89b1144f2c,mobile
DEV_005093,d37096b9bf5a73a7,mobile
DEV_005094,6e9270010dba52f6,desktop
DEV_005095,e3ec6e439e6ca456,desktop
DEV_005096,2cda108c0373a59c,mobile
DEV_005097,c2b3e6b3a2df1577,mobile
DEV_005098,ae814c5060900afb,mobile
DEV_005099,85e3edb860710e08,mobile
DEV_005100,9e03b16e9ec6f0ce,tablet
DEV_005101,f9c01d16d037fc4b,mobile
DEV_005102,bf19c9714f412d88,mobile
DEV_005103,337f1b76146d6580,mobile
DEV_005104,25302a7acd33a425,mobile
DEV_005105,5205f474c2857932,desktop
DEV_005106,b1b340fa49cef617,mobile
DEV_005107,40a0b595433c32bb,mobile
DEV_005108,f4fa06c3081e3abe,mobile
DEV_005109,1f9fc6ab289d4c05,mobile
DEV_005110,88fb9491f2038933,mobile
DEV_005111,02a903033fbfb36f,mobile
DEV_005112,771a76bb9b5dc614,mobile
DEV_005113,b0f5103d7869e023,mobile
DEV_005114,d93d3e4e6f32ed59,desktop
DEV_005115,30c2db3066010ba9,mobile
DEV_005116,f0215724b0adc925,desktop
DEV_005117,0825f121721d2fed,tablet
DEV_005118,3a4e0e7f230276fe,desktop
DEV_005119,19bb4575039f2750,desktop
DEV_005120,f19a51e39a9c6b30,desktop
DEV_005121,c3c274fabe30ea8b,tablet
DEV_005122,ff688dccb06f4603,mobile
DEV_005123,aaf1941b9d9fa549,mobile
DEV_005124,2d2bb28a7f685c16,tablet
DEV_005125,34a3dbe2a0cc0dfb,mobile
DEV_005126,0d430a38f47e0170,mobile
DEV_005127,457432f38b500ae1,mobile
DEV_005128,1c5b5ceedae665a7,mobile
DEV_005129,08f4b6b6f1ecb74b,desktop
DEV_005130,60253160da19acb2,mobile
DEV_005131,dcfcf7cc0854a9ca,mobile
DEV_005132,18e967a64b140860,tablet
DEV_005133,16ee20c6402646c4,mobile
DEV_005134,2c5537dcc8d6d092,mobile
DEV_005135,8bcd7306cce7878a,tablet
DEV_005136,4e1bc1724033fa96,mobile
DEV_005137,952d6bb9c2299855,desktop
DEV_005138,9520ef8686e94cb0,mobile
DEV_005139,4f6418b69e1809a1,mobile
DEV_005140,540008ba6ffd9125,mobile
DEV_005141,865a7b153b6dd027,mobile
DEV_005142,8a78558ca17fc3fc,mobile
DEV_005143,97776818660a722c,mobile
DEV_005144,0a1e959f44c5adeb,mobile
DEV_005145,e89c58946b88dd91,mobile
DEV_005146,6cf7d5d96f0dd323,mobile
DEV_005147,46b5c19d6d3e9432,mobile
DEV_005148,e3c76caddf05d8ad,desktop
DEV_005149,70d94e9ff3424ef3,tablet
DEV_005150,09d10df107c365b8,desktop
DEV_005151,c0435b37162e8900,tablet
DEV_005152,ec54fc01f55d42cf,desktop
DEV_005153,5dd6c663a79eae45,desktop
DEV_005154,d2a13c4acfe2778a,desktop
DEV_005155,98707fba142ca7d2,mobile
DEV_005156,a4a81256d8374eed,mobile
DEV_005157,1fd0ac81a80cb31a,mobile
DEV_005158,d120d0e19b917d6e,mobile
DEV_005159,0781aeaf550a901e,mobile
DEV_005160,c4d7b6ff7c0fca6c,desktop
DEV_005161,f03c4a7edc4c790e,desktop
DEV_005162,aba3ae6a88a8988b,mobile
DEV_005163,77625b1ac57a69de,mobile
DEV_005164,3e84a081d7703fb0,desktop
DEV_005165,00a516418f72f7f8,mobile
DEV_005166,1d1c4466160a243a,mobile
DEV_005167,a87dc7ecdae0928c,mobile
DEV_005168,f753ee8e8d4da706,mobile
DEV_005169,f8d1dd38322a1ff2,mobile
DEV_005170,78be222e3d13f3b0,mobile
DEV_005171,f7f205cb4932fb5c,tablet
DEV_005172,3c865560e1f5e198,mobile
DEV_005173,3b8e8173749c3a6a,desktop
DEV_005174,1dccfe578aae97ba,tablet
DEV_005175,7886f4a362cffb7f,tablet
DEV_005176,c1d25c0e42e9d404,mobile
DEV_005177,523ba30c972adaed,mobile
DEV_005178,c38a5f6ebb8d05f3,tablet
DEV_005179,eb221f88d0a32732,mobile
DEV_005180,8f22eef2508abb70,desktop
DEV_005181,d08a2021e645d42d,mobile
DEV_005182,7ed708f07f03e0bc,tablet
DEV_005183,7959dafac2f7571c,mobile
DEV_005184,8c61affcfe2db6c3,mobile
DEV_005185,84485f16dad30ede,mobile
DEV_005186,1dbaa2474116c45b,tablet
DEV_005187,deeeb6cfc706eb76,mobile
DEV_005188,a8fc9913ecc69955,mobile
DEV_005189,0357b6892e938a28,mobile
DEV_005190,c0a8b7e1d119b323,mobile
DEV_005191,a2e2044adcb6770c,mobile
DEV_005192,05d134d378dea14f,mobile
DEV_005193,a6e78cd0a911e578,mobile
DEV_005194,53b1f6c261c02bda,mobile
DEV_005195,7f5a405eab5d4dbe,mobile
DEV_005196,a2bf83b2f6afefe6,tablet
DEV_005197,05b9d56bdcab20bd,desktop
DEV_005198,9cab730302557449,mobile
DEV_005199,5da68247d3409741,mobile
DEV_005200,b7e6b78c634e69c9,mobile
DEV_005201,82de86b6e9380bd6,mobile
DEV_005202,c10aa297c161e449,tablet
DEV_005203,edbbaae06d7d3d09,tablet
DEV_005204,334cfa8171fa5f1b,desktop
DEV_005205,082e7e727d251fa3,mobile
DEV_005206,7cd9f136592f0080,mobile
DEV_005207,349bc7a343545110,mobile
DEV_005208,4cbab6bdf8785bdc,tablet
DEV_005209,ea639ac79822a103,desktop
DEV_005210,2620b3801c6ef467,desktop
DEV_005211,cfafce9e0c199063,mobile
DEV_005212,1af773de648c3bd3,tablet
DEV_005213,ba9eb1da388d9b10,mobile
DEV_005214,6c2bab56b849baa1,desktop
DEV_005215,4c4ac2155bba8c67,desktop
DEV_005216,e407fe53594e3b1a,tablet
DEV_005217,a938d579d94d379e,mobile
DEV_005218,5d725ea571ebb550,mobile
DEV_005219,e1cba461a6d8d302,mobile
DEV_005220,1ba72d3cd546e57d,mobile
DEV_005221,b1d84ed007698cd2,mobile
DEV_005222,79efc2339fdb774c,desktop
DEV_005223,5e927fca2a41c959,tablet
DEV_005224,d41e276fcaf72037,tablet
DEV_005225,baf9bea54cc9cf27,mobile
DEV_005226,59d668fe0927e9e4,mobile
DEV_005227,2d1a477e94263bc1,mobile
DEV_005228,d73931924c6c4dae,mobile
DEV_005229,002e851a748be4f2,desktop
DEV_005230,dd258d5ce93a61d6,mobile
DEV_005231,1efa74c720f4445b,desktop
DEV_005232,bca8c56412d8b831,mobile
DEV_005233,e157d060999a1a61,mobile
DEV_005234,1665769c74d03bc4,mobile
DEV_005235,827d8807d837a551,desktop
DEV_005236,dee424a580427ba3,desktop
DEV_005237,06c66b2830376465,tablet
DEV_005238,9a2cbb079a147cba,tablet
DEV_005239,5595d019f2c8056b,mobile
DEV_005240,8002cddbaade26b5,tablet
DEV_005241,022f982143a4dcc3,mobile
DEV_005242,7a3a72b0a5901229,mobile
DEV_005243,842d9ab092b43af1,desktop
DEV_005244,a826dbc115156987,mobile
DEV_005245,83ce85b76150182f,tablet
DEV_005246,6d163ac19056a7b8,mobile
DEV_005247,d13fbb5b3a022e38,mobile
DEV_005248,572fc1cc63174d27,mobile
DEV_005249,a7bad4af53d64b66,mobile
DEV_005250,76005a444e318a11,mobile
DEV_005251,439585073fc24817,mobile
DEV_005252,e625266058d2a40f,mobile
DEV_005253,b39dae54b59893dd,mobile
DEV_005254,51d3511aef97d0ad,mobile
DEV_005255,a83e9d76bd9067ba,desktop
DEV_005256,c769c84882d3fa2f,desktop
DEV_005257,12c6c0f6d6a3045e,desktop
DEV_005258,bcf0c021b01b7c67,desktop
DEV_005259,38f23383e8384a94,mobile
DEV_005260,bc3cc9241c04a246,desktop
DEV_005261,73fbc7bbed5614f3,mobile
DEV_005262,7d27c8e66c062707,tablet
DEV_005263,07f9d0bc018feb07,desktop
DEV_005264,3e04c894699326ff,desktop
DEV_005265,b30682ad4de6f0d9,desktop
DEV_005266,0bf2bbb4733a2001,mobile
DEV_005267,971047ba493ce09d,desktop
DEV_005268,cc7ea431399b68c7,tablet
DEV_005269,5839c45ddea0a8f8,desktop
DEV_005270,82a8f6f76722eca3,desktop
DEV_005271,44f9360c537a0a7e,mobile
DEV_005272,3df9ae8d663a5a7f,mobile
DEV_005273,bacb2f7ed2585a07,tablet
DEV_005274,4d444c7319576f5b,mobile
DEV_005275,b9ee81b7b9d101c9,mobile
DEV_005276,13e11565fbcaea9d,tablet
DEV_005277,f0f18e893c11a241,tablet
DEV_005278,64809596e05acebc,mobile
DEV_005279,4e2141472d3e7a45,desktop
DEV_005280,93e54986d08d203d,mobile
DEV_005281,055494103dfb70a3,mobile
DEV_005282,ed9ddb78c274bf14,mobile
DEV_005283,88c920522c6e46c0,mobile
DEV_005284,455a50ad70ebce84,tablet
DEV_005285,cc9909f1c024edc8,mobile
DEV_005286,ae93b021dcddf20b,mobile
DEV_005287,0d251215f9087f07,mobile
DEV_005288,0a2e015f7b431aee,mobile
DEV_005289,597c5756527629de,tablet
DEV_005290,b5d062276f4c2d65,mobile
DEV_005291,4ce8d156e256024a,desktop
DEV_005292,bd59373e8c4cd2dd,desktop
DEV_005293,461b1777207d5705,mobile
DEV_005294,c56ebe4fc215556c,mobile
DEV_005295,50968b13d517786e,mobile
DEV_005296,900ddd97fc23dd1e,mobile
DEV_005297,8bb176a91aa9fb48,desktop
DEV_005298,15ff1bcd271caed1,tablet
DEV_005299,5b88bb9c23b9360c,desktop
DEV_005300,0767d92357a7bfb4,mobile
DEV_005301,42528745505c82a3,desktop
DEV_005302,30228e6a10ab1981,mobile
DEV_005303,177a2b6f1cdbf63a,mobile
DEV_005304,364ddf0998e7a0a3,tablet
DEV_005305,f22db980a9d28f8a,desktop
DEV_005306,6f6a6ba23aeaed29,tablet
DEV_005307,e6bedfd7b0ba4527,mobile
DEV_005308,0423d37eb49d1218,mobile
DEV_005309,bf1381182a78e271,mobile
DEV_005310,e8e2f61b3bb003f8,desktop
DEV_005311,800d5a6a5ab7aec5,mobile
DEV_005312,3dd91112330bd15d,mobile
DEV_005313,215f64a10b919945,mobile
DEV_005314,dff0753b27b0dc0b,mobile
DEV_005315,15387da4cb1e2045,mobile
DEV_005316,e469b5478c5bd72a,desktop
DEV_005317,9fb7f716ce2aecad,tablet
DEV_005318,1644a4da4ed46b93,desktop
DEV_005319,1b0620d5d1d8632f,tablet
DEV_005320,d8587be353e76626,mobile
DEV_005321,328ac15600e1db30,mobile
DEV_005322,d3ec8417e1d2a00f,mobile
DEV_005323,525def0c0fefd8c0,desktop
DEV_005324,aee2871a3414a03b,mobile
DEV_005325,8a2c0381e5a94115,mobile
DEV_005326,4b79d5b99f808408,desktop
DEV_005327,b645a38cab659402,desktop
DEV_005328,780b96801a0ad732,desktop
DEV_005329,8e4fdac009d8a373,desktop
DEV_005330,28380ebed07ea167,mobile
DEV_005331,49eaf8eac63d3b17,tablet
DEV_005332,505baa029d3e79ec,mobile
DEV_005333,c9cfcd60563e043e,mobile
DEV_005334,e6eb6755576e4dcc,mobile
DEV_005335,bb83fa62fd250385,mobile
DEV_005336,29457bfbba5142fd,mobile
DEV_005337,af6e035e7ed3253e,mobile
DEV_005338,d0bfc1e411e8346e,desktop
DEV_005339,3af70d5eb9168118,mobile
DEV_005340,629b989c00c8d806,desktop
DEV_005341,4470726dc35da900,mobile
DEV_005342,7df2e172dd9a0889,mobile
DEV_005343,95c35341a15491fb,mobile
DEV_005344,6eb25b59ccb3a0ca,tablet
DEV_005345,1ffc9bc5612502cd,tablet
DEV_005346,3b15944e0106ff86,desktop
DEV_005347,983ef1d5ce649e6c,mobile
DEV_005348,3af152fa66e80e37,mobile
DEV_005349,09b77c270f9265d6,mobile
DEV_005350,e5c7aa63b2f45728,tablet
DEV_005351,7b5d2303d73f7edf,mobile
DEV_005352,ee713999cb0303de,desktop
DEV_005353,08644ce391c688c8,mobile
DEV_005354,96f281932ef7018a,mobile
DEV_005355,168f26999ec43c88,mobile
DEV_005356,edc8d2c6e09e9582,mobile
DEV_005357,2d68fc0619ccecde,desktop
DEV_005358,211b3eeea826b19c,desktop
DEV_005359,6a083669f0527c28,mobile
DEV_005360,8ae8a4c94bb31cd6,mobile
DEV_005361,927cf700cd28f438,mobile
DEV_005362,d89fc42d25437e7e,desktop
DEV_005363,14954493403938dc,mobile
DEV_005364,113c706b3eb3e515,mobile
DEV_005365,8ce1badd8bd5bd15,mobile
DEV_005366,f1748ec560c60aac,tablet
DEV_005367,af7ecfc7f969b897,mobile
DEV_005368,191bb7204c21a0d8,tablet
DEV_005369,f9394098023872e4,desktop
DEV_005370,d9f884ed6ddd8465,mobile
DEV_005371,df1c16bdd7b2fbd2,desktop
DEV_005372,6eb567ec1523b979,desktop
DEV_005373,0f38d6126082baf2,mobile
DEV_005374,46b92d2fa7ea54eb,mobile
DEV_005375,4dfbbbac7a725302,mobile
DEV_005376,6442e8b8d25f6414,mobile
DEV_005377,ae41b26f18d98797,mobile
DEV_005378,90f91a60759b9255,desktop
DEV_005379,193b22aab149202c,mobile
DEV_005380,4bd5f3c45387960e,mobile
DEV_005381,791861424c1f2348,mobile
DEV_005382,cad8c5c4e43a2112,mobile
DEV_005383,d8a27050c02daef4,tablet
DEV_005384,1b4ebdb5156ed186,desktop
DEV_005385,eebaf3953bea22e0,mobile
DEV_005386,33d95ea2ced7f8ca,desktop
DEV_005387,d2d41eb98d0a83fe,mobile
DEV_005388,d64e0114c3b50b2d,mobile
DEV_005389,4778eb6b5be250bb,mobile
DEV_005390,77ca55df5bfc69f3,mobile
DEV_005391,5d4470ba1bad321b,tablet
DEV_005392,22b8577041c88d15,desktop
DEV_005393,40fe1df09284318e,mobile
DEV_005394,51da520ef30811ae,tablet
DEV_005395,02a4e0680f69751a,desktop
DEV_005396,b19ece1f6c2b068a,desktop
DEV_005397,6f11e8aae3ec792a,mobile
DEV_005398,689ff356fee5920d,mobile
DEV_005399,72aaaea128247740,mobile
DEV_005400,66d3ecc76c37ccca,desktop
DEV_005401,b6d60f83a2c34999,mobile
DEV_005402,aedcd9e28ee80147,mobile
DEV_005403,85d1c89c0d5f657d,mobile
DEV_005404,4247b768f6581f8f,mobile
DEV_005405,372af25a5e94a635,desktop
DEV_005406,1c0163430d2c0779,mobile
DEV_005407,dcfb3d4eda71bd5b,mobile
DEV_005408,31d1619e56e14def,tablet
DEV_005409,1936c43014af871c,mobile
DEV_005410,08a1a32d702aa0d9,mobile
DEV_005411,765956d28d42fb17,desktop
DEV_005412,af4c30c724cdd57f,mobile
DEV_005413,ab7fc6caa3ac5e5d,desktop
DEV_005414,52926787c0a8a30e,mobile
DEV_005415,b43112c10aaf32f7,mobile
DEV_005416,3397fb170dc08c48,desktop
DEV_005417,9264abe52b6869ae,desktop
DEV_005418,527bf17dfdca225b,mobile
DEV_005419,50605e1f00d52789,mobile
DEV_005420,0625a170f3e96cc4,desktop
DEV_005421,8d638c96d442221d,desktop
DEV_005422,6d83bfc91fc6df37,tablet
DEV_005423,dcea18b2fc5df6f1,desktop
DEV_005424,f39b9b0477f00c2a,mobile
DEV_005425,a4651f34264eb148,mobile
DEV_005426,83c215c2f2d851b5,desktop
DEV_005427,c0990ebb7860ac31,mobile
DEV_005428,dc05555b79d2432c,mobile
DEV_005429,e4a4ff86f763e098,mobile
DEV_005430,28bc99755279b5ad,mobile
DEV_005431,10d4e30f26e435a0,mobile
DEV_005432,3474ec65bdaffa15,mobile
DEV_005433,e856444ce46f688c,mobile
DEV_005434,be31d051cce9631b,desktop
DEV_005435,9be976cf6bb68db8,desktop
DEV_005436,aa6d617124370d46,tablet
DEV_005437,5c5a6d5991ff5e10,mobile
DEV_005438,73b2c3727e7412b4,tablet
DEV_005439,8dc30c262609f607,tablet
DEV_005440,db1c77ee3762addb,mobile
DEV_005441,77991e65f7b37819,mobile
DEV_005442,0869f671b5376f5e,mobile
DEV_005443,18914dded63dff6b,desktop
DEV_005444,86c41b59f5912b83,mobile
DEV_005445,09d10ed53f9881dc,desktop
DEV_005446,c7db89b03c02d667,mobile
DEV_005447,b34dae0b2d893e2c,mobile
DEV_005448,7b846e05bd9ca609,mobile
DEV_005449,9a0327acc08e2f14,mobile
DEV_005450,d12f0890fac1522b,tablet
DEV_005451,a32afd2470af3db9,desktop
DEV_005452,896dd0babb07348c,mobile
DEV_005453,cae3a4dac28238c4,desktop
DEV_005454,9b0510750b471df4,desktop
DEV_005455,13d48be202e83e7e,desktop
DEV_005456,a3285c6c63dcabfe,mobile
DEV_005457,61e7cbc7cb0522ef,mobile
DEV_005458,03a2ff4c2b315f09,mobile
DEV_005459,2ffc68000f734149,mobile
DEV_005460,73e3e88650c60cf8,tablet
DEV_005461,a2e638fbba0c2385,mobile
DEV_005462,d3e5551d1fcc84b4,mobile
DEV_005463,2158178dda408659,tablet
DEV_005464,b6cffca94c15c957,mobile
DEV_005465,3b5cdd0cc5222b86,mobile
DEV_005466,a6aff8f01dc1eb85,tablet
DEV_005467,fcf5ded597971339,tablet
DEV_005468,b8c50d2237264512,desktop
DEV_005469,af8fc3017acff5a2,tablet
DEV_005470,5cb1cf8692d742f4,mobile
DEV_005471,4b6eed089fd161d9,tablet
DEV_005472,a634779e9617ee9b,desktop
DEV_005473,0acd62d7ea43d576,desktop
DEV_005474,1b1f13202abafe65,mobile
DEV_005475,9e4737305d21baab,mobile
DEV_005476,15ad9ba400125816,mobile
DEV_005477,7d49b730ff7c3215,mobile
DEV_005478,0ca540c6a037ae61,desktop
DEV_005479,d41f38164638a360,mobile
DEV_005480,ca6a70b1d799a91c,mobile
DEV_005481,d2ddc9b6f734d49a,desktop
DEV_005482,cf50263b2055ba46,mobile
DEV_005483,827645d1718a06a3,tablet
DEV_005484,ee5c685458beddb7,mobile
DEV_005485,dfd266cceb1618d2,tablet
DEV_005486,a8a0307e9398c583,mobile
DEV_005487,3c1126c0266c29bf,mobile
DEV_005488,decf6b58a75cafa7,desktop
DEV_005489,ab459fe1fe92d67f,desktop
DEV_005490,629fce25833a2e91,mobile
DEV_005491,8272eb2092ddb60b,mobile
DEV_005492,dc8b5afddce490ee,mobile
DEV_005493,875264b92ece6256,mobile
DEV_005494,0fdec02f1f1aec1f,mobile
DEV_005495,a03c483e6ef9e50f,mobile
DEV_005496,39d40de4a2ae39d7,mobile
DEV_005497,32cd4a5a038ea5d9,desktop
DEV_005498,fc142a259a2003f7,mobile
DEV_005499,83b4d239405d20bb,mobile
DEV_005500,51465ada61885598,mobile
DEV_005501,fd32f8a0960597da,mobile
DEV_005502,808e271883afd0ab,desktop
DEV_005503,c5e4c8ace6b1b8b5,desktop
DEV_005504,2689f194db6555d9,mobile
DEV_005505,ffcf08f78bc46070,mobile
DEV_005506,00fed179c50e2933,desktop
DEV_005507,ef020de9146c4feb,tablet
DEV_005508,2ebc69efe7a02e24,tablet
DEV_005509,3ce19fde98c7c391,desktop
DEV_005510,52b317109f4d0a72,mobile
DEV_005511,0e07facd9945eb2c,mobile
DEV_005512,5fe875eb1becc999,mobile
DEV_005513,2aced8669fa9ce47,desktop
DEV_005514,feda5085a615ab2f,mobile
DEV_005515,8e0507bfe4650c01,mobile
DEV_005516,b970a0565abad48e,mobile
DEV_005517,adef4a50c97d774a,mobile
DEV_005518,ed9678e447aacd0a,desktop
DEV_005519,be740ea4f7c8c4a7,desktop
DEV_005520,f015d2a4fced357e,desktop
DEV_005521,b45d415f87b4afdd,tablet
DEV_005522,d2f513288b6c2dec,desktop
DEV_005523,1030b124a19a776b,mobile
DEV_005524,d342f022e81c8dee,mobile
DEV_005525,5b0e98d79f435798,mobile
DEV_005526,b4865a6f5acf6079,desktop
DEV_005527,7742601b714209cb,mobile
DEV_005528,25e83182b4b3c61b,mobile
DEV_005529,f1d7ff451e0efd88,desktop
DEV_005530,a9e04464dbd63269,desktop
DEV_005531,8f19c5a5f1e2ba80,mobile
DEV_005532,a49b1061815c7c1d,desktop
DEV_005533,f6f9171767c41216,mobile
DEV_005534,d7bdf0bb71231034,desktop
DEV_005535,438bac145c4ef127,mobile
DEV_005536,a81d47330c202a6a,mobile
DEV_005537,81922f245b1f249f,mobile
DEV_005538,2821ffd0d48b5087,desktop
DEV_005539,e5bf7d3ec5b9b732,tablet
DEV_005540,3b8bc0dd0da1dd8b,mobile
DEV_005541,063c7c036583e95a,tablet
DEV_005542,3fc51ff765043e1b,mobile
DEV_005543,4cf65e5b9652a2a9,mobile
DEV_005544,98bca9eb3f2ffa91,mobile
DEV_005545,003e3365cdc4e637,tablet
DEV_005546,0f8f3c7e0e679b26,desktop
DEV_005547,efcba27ff61d8f7c,mobile
DEV_005548,728417ed77ac3c47,mobile
DEV_005549,b545840ee8c77887,tablet
DEV_005550,ecd6889238dca9ea,mobile
DEV_005551,ab950151df2d6575,mobile
DEV_005552,526b13442d286331,mobile
DEV_005553,bd4b828bef9aa2cd,mobile
DEV_005554,9dc731deb9c8056d,tablet
DEV_005555,77cf8aadddcc40ce,desktop
DEV_005556,4e8de19402966652,tablet
DEV_005557,5a7cf272fa4f1f02,desktop
DEV_005558,a6c1d16388a69f16,mobile
DEV_005559,1f17362868f629a3,desktop
DEV_005560,4dbdf8f8f1eddf9a,mobile
DEV_005561,b2443ef853485211,mobile
DEV_005562,baa20f5a05f7d0df,desktop
DEV_005563,a71f6db6cd22339f,mobile
DEV_005564,b72a000ca3a32583,mobile
DEV_005565,0c668cb0d747fc39,desktop
DEV_005566,09f0fec678c29025,mobile
DEV_005567,850292c7d8031c0b,desktop
DEV_005568,b948d210f957d933,desktop
DEV_005569,0a0d963086b03e6d,desktop
DEV_005570,a85ac133667f2bc7,mobile
DEV_005571,c16ccf454e9cad0a,desktop
DEV_005572,756aa31ab11f7520,desktop
DEV_005573,84a6bfabdca0b9fc,desktop
DEV_005574,fd79bf96d63214b1,mobile
DEV_005575,ac1e73956e21d299,mobile
DEV_005576,846cc53aaca4f3bd,mobile
DEV_005577,c1639096fcdb873d,desktop
DEV_005578,aaf38b5f05a37172,mobile
DEV_005579,bf4d310f9bf1fcc4,desktop
DEV_005580,18bff6c2cd6c6dbc,tablet
DEV_005581,9aed2a692383cf11,desktop
DEV_005582,8520cc030c8e20ce,mobile
DEV_005583,16617471fbca51ed,mobile
DEV_005584,b9efd7a888e4e870,mobile
DEV_005585,54a55a47eb5db11f,tablet
DEV_005586,064d2865afcb5c03,desktop
DEV_005587,80282f683913bbd8,mobile
DEV_005588,89228b198dcfc94e,mobile
DEV_005589,a24167b2ae2d118d,mobile
DEV_005590,82c564303ab6add0,mobile
DEV_005591,d7d2c91f550ca96e,mobile
DEV_005592,a8c47cfb81de919b,tablet
DEV_005593,4cc484f5ed2dc236,mobile
DEV_005594,945f3bbd8148bbdd,tablet
DEV_005595,61b190d3aeb5677e,desktop
DEV_005596,ca886fbcfc4e2834,mobile
DEV_005597,e767fd5e8ff6af38,mobile
DEV_005598,6bac3f65c1f2bace,desktop
DEV_005599,2c19c6efad237dd2,desktop
DEV_005600,45ecd175a0ffb116,desktop
DEV_005601,5f4933256f9b8797,tablet
DEV_005602,974cacb318bc3800,mobile
DEV_005603,0a5bf88e75c1fcd9,desktop
DEV_005604,0796658e45345e8f,desktop
DEV_005605,61a7076bb323b2fd,mobile
DEV_005606,d95ab12d2c4d01cb,desktop
DEV_005607,b379abc051c5ddd1,mobile
DEV_005608,fc9f1e5e88b7b71a,desktop
DEV_005609,5b197fe44a4d09c9,desktop
DEV_005610,db9a489b9724852c,tablet
DEV_005611,234705e82619206b,tablet
DEV_005612,00d5b0f3e90ad21f,desktop
DEV_005613,f6d35aff6fcaa7e5,desktop
DEV_005614,22567d7458e6466c,mobile
DEV_005615,d6bb12db781d6a1a,mobile
DEV_005616,0a71c75856d4a59d,mobile
DEV_005617,a826997e2197b8f5,desktop
DEV_005618,7208e07b08532337,mobile
DEV_005619,11ba0beb3d979bd2,desktop
DEV_005620,7bbfa631ef33b5b3,mobile
DEV_005621,d47c3f55883c6249,mobile
DEV_005622,af6563e81aa7ee7d,desktop
DEV_005623,6137ee71f2b1f6b6,mobile
DEV_005624,407d335d59c00aeb,desktop
DEV_005625,5281fcae5f367c8c,tablet
DEV_005626,c4404b06a63c2016,desktop
DEV_005627,83bc524cb2c8dd22,desktop
DEV_005628,a60c5029676ba495,mobile
DEV_005629,989cfddcc08b2221,mobile
DEV_005630,2d4a38c169d69b54,mobile
DEV_005631,69d3d0ab874bb5f8,tablet
DEV_005632,f5d3e28ea470e3a2,desktop
DEV_005633,47a6eb22cb72a588,desktop
DEV_005634,c90e9c4db7b3f22c,mobile
DEV_005635,4b1845dc8fd33455,tablet
DEV_005636,832f125aa2f34ad7,mobile
DEV_005637,04d0cf5bda32cf40,mobile
DEV_005638,67ae6f946aa094e7,mobile
DEV_005639,0ebf2eca39bf4926,desktop
DEV_005640,44d37846a8d5262c,mobile
DEV_005641,c3b43868019212f7,mobile
DEV_005642,d45d56ddc8dbd06f,mobile
DEV_005643,7459d9909799b140,desktop
DEV_005644,0900da62540d7c45,desktop
DEV_005645,f1fc04777f2b9827,mobile
DEV_005646,1f4d183fe9df794a,mobile
DEV_005647,c682cff92d5aef49,desktop
DEV_005648,ab449d452bf87198,mobile
DEV_005649,e39d12cb1cd8d0cf,mobile
DEV_005650,c4f2095ce34a4d57,mobile
DEV_005651,298307b4dcb1cbd5,mobile
DEV_005652,84638db65ec8a3b9,desktop
DEV_005653,c6a3db997f997053,tablet
DEV_005654,d4143877d218c8de,mobile
DEV_005655,d202c264491a1c17,mobile
DEV_005656,a02ca4b64c757a83,tablet
DEV_005657,4a83caf989ba12e6,mobile
DEV_005658,d435852ab4ced7f8,mobile
DEV_005659,d5d45fc79af11d76,mobile
DEV_005660,b34bbb1c886ab573,mobile
DEV_005661,0a1a815c6fe44b3a,mobile
DEV_005662,69d74dcc1efd4c37,mobile
DEV_005663,5f346fbe9c7196c9,mobile
DEV_005664,7962f58f2c920d12,mobile
DEV_005665,daea642b2f644506,mobile
DEV_005666,a2d121e1f3ce2c7e,mobile
DEV_005667,83714d0f8c8dffe6,mobile
DEV_005668,53daf359b4dc0c72,mobile
DEV_005669,26dfcc51b7209a8a,mobile
DEV_005670,92a6ea31faa20b36,mobile
DEV_005671,c3cc2865107dfa22,mobile
DEV_005672,fd263241a2b190a8,tablet
DEV_005673,81ac879fde28aca8,mobile
DEV_005674,af9038b1d6e26fc3,mobile
DEV_005675,572c07c44e1134ee,mobile
DEV_005676,967f18a5f9e59280,desktop
DEV_005677,a71f98f80fe2b032,mobile
DEV_005678,84988b9fc775a502,desktop
DEV_005679,69175cb7b0fbdbbc,mobile
DEV_005680,dd3eceeccd6a0a32,mobile
DEV_005681,b7fee78eb0cb4302,tablet
DEV_005682,4db27a3daac6799d,mobile
DEV_005683,b705cd219fdddd61,mobile
DEV_005684,fac6e31e20f9b794,tablet
DEV_005685,bb137d35e185abdc,mobile
DEV_005686,ecc0bc1691c7b9bd,tablet
DEV_005687,25bff1e2d26eebff,desktop
DEV_005688,37a886cd2e0aefa8,mobile
DEV_005689,2e4875c29d901f86,mobile
DEV_005690,d002fa258836459d,mobile
DEV_005691,3ce882271b5a381d,mobile
DEV_005692,1deec78d85958a26,mobile
DEV_005693,1b6a84a3eacbdd8e,mobile
DEV_005694,19936d474c856cb5,tablet
DEV_005695,da646a03f86cef85,mobile
DEV_005696,0de1480dc300c69a,mobile
DEV_005697,5209b3ba7b1086d4,mobile
DEV_005698,8574ff7118265a94,mobile
DEV_005699,198eb29f471f1d30,desktop
DEV_005700,a686736d80d1c122,desktop
DEV_005701,1891eabe550d9360,tablet
DEV_005702,ae4ba3b4c10c922c,desktop
DEV_005703,c828c11efe088ad7,mobile
DEV_005704,2148ea870f2628d6,desktop
DEV_005705,29c085fdac7f3498,desktop
DEV_005706,bc0ac4c30ef23368,tablet
DEV_005707,533162e719b1ddf4,desktop
DEV_005708,b06eea567192aafe,mobile
DEV_005709,bc1191cf26985a5f,desktop
DEV_005710,6152e58e35f48ac2,desktop
DEV_005711,bc42324a37d3e658,tablet
DEV_005712,1ef1b4df59c96770,tablet
DEV_005713,8f7fbfc1a2081326,desktop
DEV_005714,152f9b0d21a9845f,desktop
DEV_005715,1aebb774e3230e3b,mobile
DEV_005716,7884ba5a50c12371,desktop
DEV_005717,22ddbe06d6e1f384,desktop
DEV_005718,6d3c1cf2c331ce48,mobile
DEV_005719,ee1fe44b07f4751e,desktop
DEV_005720,ee394b235a135ca8,desktop
DEV_005721,d1349f336bb438e9,mobile
DEV_005722,023e100dc471bc50,desktop
DEV_005723,572d44cdb48ce909,mobile
DEV_005724,1f9658c2d831c99b,mobile
DEV_005725,575f79c8d7154444,mobile
DEV_005726,b93e6b8f955ca918,tablet
DEV_005727,ba4049a4cc3f8096,mobile
DEV_005728,f41c6b3eaf4774a3,mobile
DEV_005729,f72d5af16d5e3901,desktop
DEV_005730,92dc51f7db2b1b46,tablet
DEV_005731,7ae958a06cf17bda,mobile
DEV_005732,87d5534d59d4db41,mobile
DEV_005733,7b7cfd910cc07391,mobile
DEV_005734,33447ca54f10f69d,mobile
DEV_005735,44e3f2e9e26a171e,mobile
DEV_005736,11500e0171761a3f,mobile
DEV_005737,463ef83069d3a8b8,desktop
DEV_005738,6109e660ed00324a,mobile
DEV_005739,b1d8b0dc75061823,mobile
DEV_005740,f0a657db4abe9b13,mobile
DEV_005741,273d00cf73be6263,desktop
DEV_005742,db76c1e95b652584,mobile
DEV_005743,95e43756b1118951,mobile
DEV_005744,0df285857d09be6c,mobile
DEV_005745,34352c31795c7e3e,mobile
DEV_005746,a8c977458e20b4fb,desktop
DEV_005747,df3308ed5ad0364d,mobile
DEV_005748,41bbd3f934fd482a,mobile
DEV_005749,baba530a56db7fe1,desktop
DEV_005750,f32df4aa16d4ae93,desktop
DEV_005751,e063708c85f21bd9,mobile
DEV_005752,aa7b860684bc21f6,mobile
DEV_005753,ac843ff41906dacf,mobile
DEV_005754,38c8f59a1b66c6af,tablet
DEV_005755,a203a726f443ea43,tablet
DEV_005756,967732695c494b2c,desktop
DEV_005757,71a9145adeb26a29,tablet
DEV_005758,d68ba059ab1bcfb3,mobile
DEV_005759,81259bf75d38649d,desktop
DEV_005760,f805084cebc157d6,mobile
DEV_005761,c6f0b64edf135798,tablet
DEV_005762,ba9c5bae8b6e6189,mobile
DEV_005763,b5a606d2d1e7293c,mobile
DEV_005764,afd25e4708530f30,mobile
DEV_005765,ffe830db0643c0b9,mobile
DEV_005766,77cf86edac1f754f,desktop
DEV_005767,44b5fd56a1d3d715,mobile
DEV_005768,f8107ed83daf78c6,desktop
DEV_005769,ea372b24ae68d240,mobile
DEV_005770,28d2d3e5d74ad6be,desktop
DEV_005771,60e487423bcb5158,mobile
DEV_005772,d89008ddeb9a5414,desktop
DEV_005773,0670aac9d5a15bf6,mobile
DEV_005774,c862f51ee4419702,desktop
DEV_005775,ef13f297c26f6194,mobile
DEV_005776,6a0d41d70afd07da,mobile
DEV_005777,986be5e87a0af9f4,desktop
DEV_005778,29b2b9ce6ab049d8,tablet
DEV_005779,94fef39625756a94,mobile
DEV_005780,ff219fd2de9f9ce5,mobile
DEV_005781,ed7386f87b193598,mobile
DEV_005782,eb6f36cf988f104f,mobile
DEV_005783,87e081ef1ed5fe1c,desktop
DEV_005784,3b0f60085d642957,tablet
DEV_005785,1808f9a915c35f0a,mobile
DEV_005786,68ee5c8804b125a9,mobile
DEV_005787,7005b294c9ad36c7,mobile
DEV_005788,34157bfc3887c270,tablet
DEV_005789,a67f7650772cdd13,desktop
DEV_005790,9148bfdbcfded4b3,mobile
DEV_005791,017000f1f1024e60,desktop
DEV_005792,579c9663dc8aaa8a,mobile
DEV_005793,41f7a1d5ae97ad23,mobile
DEV_005794,a06406bcb479503a,mobile
DEV_005795,c8f48e93b9f773bf,mobile
DEV_005796,135bbc51185ff90d,tablet
DEV_005797,8ed4bd8fccca86c8,mobile
DEV_005798,05e2c3ab62869862,tablet
DEV_005799,2a662d3cf77a85e2,desktop
DEV_005800,5fac5b2749ecd474,desktop
DEV_005801,3f1c0cba0ffe89b8,desktop
DEV_005802,5b5cb016f3cf1771,mobile
DEV_005803,43fdd59044f6e801,mobile
DEV_005804,22b1c316fe092f10,desktop
DEV_005805,2c075eb8bcddf4ae,desktop
DEV_005806,6e7a8ed389432bc7,mobile
DEV_005807,950e1a0a246180d7,mobile
DEV_005808,c8e641869109d569,mobile
DEV_005809,74f8199633eb32c7,mobile
DEV_005810,94583d9f722b3813,desktop
DEV_005811,153ce8276d4be95c,mobile
DEV_005812,88538d7dbfc5a1dc,mobile
DEV_005813,2e535c03b86627af,mobile
DEV_005814,0f117ab6936c4751,mobile
DEV_005815,b39169865ef0c798,mobile
DEV_005816,53c43995811dee3e,mobile
DEV_005817,6821f32502fac93b,desktop
DEV_005818,4f894460bdee2a6e,desktop
DEV_005819,02decbfae0771328,mobile
DEV_005820,38e97c8c8fc7ddff,mobile
DEV_005821,e8509311a8197e15,mobile
DEV_005822,4a101b3f1caed269,mobile
DEV_005823,88b65ba11ca9896d,mobile
DEV_005824,5e40e41f456999e4,mobile
DEV_005825,89bdb0281399775a,desktop
DEV_005826,733480d3a7dd4a14,mobile
DEV_005827,89d40ccfb498b01f,mobile
DEV_005828,919098913d0e0484,mobile
DEV_005829,a8c1a76df5783261,desktop
DEV_005830,2724406b1e94b254,tablet
DEV_005831,543e829c4a41b40c,desktop
DEV_005832,8e7a4449da130bd2,desktop
DEV_005833,d7e4f6f424812a04,mobile
DEV_005834,a062a6f7ea60997a,mobile
DEV_005835,4b5787000a737dec,desktop
DEV_005836,251666beba1a66fa,desktop
DEV_005837,4f9bceeef755cd79,desktop
DEV_005838,ef15c59feab0f9e2,desktop
DEV_005839,605afd999a6c159f,mobile
DEV_005840,4b7c2ca03fd7be98,desktop
DEV_005841,4d1b92cb4c7ebe1d,desktop
DEV_005842,c125927a5e8e15a6,mobile
DEV_005843,fe0592502e76efad,mobile
DEV_005844,c72433d06821a026,tablet
DEV_005845,e642aafaf28d55a1,mobile
DEV_005846,6438c995bc27438f,mobile
DEV_005847,d33b0edf15cef4ae,desktop
DEV_005848,4f6494bf5826404c,desktop
DEV_005849,a5ab1601c151abde,desktop
DEV_005850,4c37aa854d8bbd03,mobile
DEV_005851,770543b2a5bee95b,mobile
DEV_005852,b71f660f2473ee1c,mobile
DEV_005853,986294fc50f823da,desktop
DEV_005854,7d17a14b7b37804f,tablet
DEV_005855,e197eb01a4e854a3,desktop
DEV_005856,fbaa692aabcb7c52,mobile
DEV_005857,a8a6eb9fd0aaf57f,tablet
DEV_005858,36bcbd45b2825191,mobile
DEV_005859,8355091fe2918997,mobile
DEV_005860,b54d15d1ecfe719f,desktop
DEV_005861,2df0e2cdb4e7c750,mobile
DEV_005862,34898d3bd5c83ef7,desktop
DEV_005863,16c16cb6e1865bcd,desktop
DEV_005864,16edf713c979876d,mobile
DEV_005865,12cbc4469c1e7d5e,mobile
DEV_005866,77a754c47b982f30,desktop
DEV_005867,9d118a926875679f,mobile
DEV_005868,bbe91d43725bfee6,mobile
DEV_005869,33de23c0a85cc44e,desktop
DEV_005870,e2fcaec3e8ccae4f,mobile
DEV_005871,c19326ad89c7b1ea,tablet
DEV_005872,fd13b8a2edbe23dc,mobile
DEV_005873,f6dd4d3f083fb5b8,desktop
DEV_005874,0f013071f9f4074e,desktop
DEV_005875,e8f55e11cbf952fa,mobile
DEV_005876,162055233a879c65,tablet
DEV_005877,78a2b93dfd0c14ad,mobile
DEV_005878,567e7bac4639803b,tablet
DEV_005879,12d9300e59d9da37,mobile
DEV_005880,161ae79804ddd445,tablet
DEV_005881,a3bd996823b0c9c9,tablet
DEV_005882,a9a2051ab172b9bb,mobile
DEV_005883,d92a3815dc3f1b08,tablet
DEV_005884,e7bebb3c140db4fb,desktop
DEV_005885,1ea726cd46707a06,tablet
DEV_005886,ac51f1fa6a7f5cfc,mobile
DEV_005887,eac1d4564a57aed4,tablet
DEV_005888,c38f5a4758bfb54a,tablet
DEV_005889,e582a827252885de,desktop
DEV_005890,03fd9a1d12476f24,tablet
DEV_005891,e410cc423926e9e2,desktop
DEV_005892,d99143faa72eed31,tablet
DEV_005893,8783eed82f062f70,desktop
DEV_005894,f0445664f97e4930,mobile
DEV_005895,b99d290a3f8105a9,desktop
DEV_005896,7746b8f6036c7bd0,mobile
DEV_005897,29f892683975b8a0,tablet
DEV_005898,6a169c549c643298,desktop
DEV_005899,7df909c23f969f71,tablet
DEV_005900,a06c63b95d6e635b,mobile
DEV_005901,1680db99f8ee8387,mobile
DEV_005902,71c77665ca0e322e,desktop
DEV_005903,09d2f1b97a782ffd,desktop
DEV_005904,8f2c2612034f02de,mobile
DEV_005905,6d40dd669cb74c09,mobile
DEV_005906,20d11c99afc2378c,mobile
DEV_005907,fca607bed839f172,mobile
DEV_005908,62fd82adeb86ffbd,tablet
DEV_005909,b6fa03849c8e7c0e,tablet
DEV_005910,0437c98fa1be85d2,mobile
DEV_005911,70a7b547829d3557,desktop
DEV_005912,3d6c497dac74460e,mobile
DEV_005913,f0c7f468545e5a6b,mobile
DEV_005914,e26edf3e8be89553,desktop
DEV_005915,4964f2479b493d75,tablet
DEV_005916,491df830148c6d21,mobile
DEV_005917,0aacbc8d82a43031,desktop
DEV_005918,85b6c8f8d5348810,mobile
DEV_005919,52a923d39538cc2b,mobile
DEV_005920,f79c79cebb586bab,mobile
DEV_005921,af0ebfbbc7f90ce9,desktop
DEV_005922,2673b3e8e1eaae72,tablet
DEV_005923,bfc4d4079b853328,mobile
DEV_005924,ce0ac07b4012ae4a,tablet
DEV_005925,4830dd60aed79672,mobile
DEV_005926,8620aa5b17490738,desktop
DEV_005927,ff480a668699f81c,desktop
DEV_005928,8bd93c3ae2d63cee,mobile
DEV_005929,19ca1a50feb850b2,desktop
DEV_005930,e4d621e6cecfda9b,desktop
DEV_005931,1f4de463438f4136,mobile
DEV_005932,815247a1e7baa3e5,mobile
DEV_005933,b97e6e04224e7170,mobile
DEV_005934,f3a38b5181ce3ea2,desktop
DEV_005935,bd0cf8a7d54e6467,mobile
DEV_005936,d8b7fb445988b288,mobile
DEV_005937,ec2a22375f4f8aab,mobile
DEV_005938,6de6d825f5472923,mobile
DEV_005939,b42580a257da6c49,desktop
DEV_005940,d7996abbd999f064,tablet
DEV_005941,7148002a040dc7e5,mobile
DEV_005942,f72018372c05af73,mobile
DEV_005943,a35175a740037450,mobile
DEV_005944,1da10787257852f5,mobile
DEV_005945,23bc795133295e82,mobile
DEV_005946,0d14f26ec70412ff,desktop
DEV_005947,b7a6f2e17a564aa5,mobile
DEV_005948,c3611d16681ca683,desktop
DEV_005949,3d9acf3390a96a45,mobile
DEV_005950,3eee9612ed387ca7,tablet
DEV_005951,660907fa7dbcda34,mobile
DEV_005952,bf58040dec87037c,mobile
DEV_005953,dbc40cfc661c88db,desktop
DEV_005954,ca14cadc33d91bba,desktop
DEV_005955,48d30a6ca2404a65,mobile
DEV_005956,1125bd7dc1bb7b3e,desktop
DEV_005957,3ee4b232c7676f1b,tablet
DEV_005958,5b237cf67001e168,mobile
DEV_005959,fe15d3729ca553c3,tablet
DEV_005960,c7a6d9109d9e5a1e,desktop
DEV_005961,9145272018ff7a02,mobile
DEV_005962,d813bf8f70b63368,mobile
DEV_005963,3920e70b3c7d8239,desktop
DEV_005964,853b7a6dca70ae7d,desktop
DEV_005965,5570aecaa23ea88b,mobile
DEV_005966,55edc75a8f12d6b6,mobile
DEV_005967,a2b30b2b077d918c,desktop
DEV_005968,5f4c8e6f8dbc8021,mobile
DEV_005969,4074974283577e72,mobile
DEV_005970,95db82a8286b0215,mobile
DEV_005971,2589a9fc7eb3ad27,mobile
DEV_005972,7a8eb5d82931527a,mobile
DEV_005973,27744257595a33c6,tablet
DEV_005974,dd1c9046a6a314dc,desktop
DEV_005975,78873a6a40b833db,desktop
DEV_005976,a71b1c8c1270eab5,desktop
DEV_005977,15f66bb90df9cd93,tablet
DEV_005978,57c28f1fa7da1c83,tablet
DEV_005979,9379d81c6f268caa,tablet
DEV_005980,5215c412a3f22871,mobile
DEV_005981,a8effc9e00d4a5e6,mobile
DEV_005982,078ad8bff234e63d,tablet
DEV_005983,99541b5fc4df73c2,mobile
DEV_005984,703922a09af9df57,mobile
DEV_005985,ccb142862d29137d,mobile
DEV_005986,e6d34a042f8288d2,mobile
DEV_005987,f243b4d3f6b09397,desktop
DEV_005988,b13e781a997b63a6,mobile
DEV_005989,d304d0ea89d15dc6,tablet
DEV_005990,63fa2984ff5396fc,mobile
DEV_005991,b81e751f29ffc288,tablet
DEV_005992,fda1b03917496869,mobile
DEV_005993,2abf697fbf655a09,desktop
DEV_005994,c78634eb312ff079,mobile
DEV_005995,fecfaf9c4a89ff90,tablet
DEV_005996,f0fa9d83c75a2d8c,tablet
DEV_005997,b4b408b5919027ce,mobile
DEV_005998,f22bc59d7e17118f,desktop
DEV_005999,8c2f21086753cc5a,mobile
DEV_006000,e0b0d1ab7a018b67,desktop
DEV_006001,4567214520ad9477,mobile
DEV_006002,7c0dc66abaab8ad7,tablet
DEV_006003,c7090f4cc2398547,desktop
DEV_006004,8ddfcfbca079d9bf,desktop
DEV_006005,b5e7b5155a64200c,mobile
DEV_006006,70abc972ddfb3d89,tablet
DEV_006007,b01fb1b373f7dde8,mobile
DEV_006008,d4fff02cd58e5a39,desktop
DEV_006009,3cda82e17b2a910f,desktop
DEV_006010,25050a36c060b057,mobile
DEV_006011,6976dd9c74918bd8,desktop
DEV_006012,f22680499bd2721b,tablet
DEV_006013,bfd00bc06ee963d1,desktop
DEV_006014,ee8f7fbf82c0f14b,tablet
DEV_006015,0d30f3c2a5da2dbc,mobile
DEV_006016,3f8ea3c52ba31cd4,tablet
DEV_006017,c908623fcbfbe6e7,mobile
DEV_006018,fda5b052f53bd2c7,mobile
DEV_006019,40eddf7132de4c0c,desktop
DEV_006020,0dfe802838cd6868,mobile
DEV_006021,3da30f7e92fccc3e,desktop
DEV_006022,b862de8035c0f27a,desktop
DEV_006023,9a6f5fa626b3f217,tablet
DEV_006024,8628ec3c4870cc4d,mobile
DEV_006025,2db4c333cff16243,tablet
DEV_006026,0b445781999a0e87,tablet
DEV_006027,5d777c9bfa5ff267,mobile
DEV_006028,5fc2babaf9996c64,mobile
DEV_006029,247115ae0257ee70,tablet
DEV_006030,00548e01d75797fe,tablet
DEV_006031,44443bb28efb08c6,mobile
DEV_006032,c4569bcba22751c6,mobile
DEV_006033,65073cd6c5a051ff,desktop
DEV_006034,fee01ea07216d711,mobile
DEV_006035,f9c3ceecbb5579ba,mobile
DEV_006036,fbc4b8f13b584faf,mobile
DEV_006037,9e0afdd9dff75f78,mobile
DEV_006038,b42389a7ae133934,tablet
DEV_006039,359c28c634331fe3,mobile
DEV_006040,c9029d3d293c7609,tablet
DEV_006041,f4eb5c1506e49750,desktop
DEV_006042,f23ad22396bf9c3f,mobile
DEV_006043,c17095b453e8a81c,tablet
DEV_006044,b404e5ac7ab73dd6,mobile
DEV_006045,3c3787577c685637,mobile
DEV_006046,79ec34c6c44d6028,mobile
DEV_006047,a8ef9a88af5be9b6,desktop
DEV_006048,4c1672ad8d413815,mobile
DEV_006049,8c24b4e8e8c7a20b,desktop
DEV_006050,101388eb0a34d45f,mobile
DEV_006051,7634b202dc9e5e24,mobile
DEV_006052,82722637a171d7fa,mobile
DEV_006053,1b8e4ccc8127b21f,tablet
DEV_006054,672584fae9202a62,mobile
DEV_006055,e7b1f52aecc4090f,mobile
DEV_006056,29c59d6199d9e76d,tablet
DEV_006057,8fa3bfe8e2c701c8,desktop
DEV_006058,27d2ab3df6efafd1,mobile
DEV_006059,d991971a61db3fd3,desktop
DEV_006060,5f73a03da080a357,desktop
DEV_006061,6eb659be187316c2,mobile
DEV_006062,16d020cc4765c247,desktop
DEV_006063,f17c106d2113cad7,mobile
DEV_006064,6b24f9d7ed53d0e7,mobile
DEV_006065,e87d45635ba879d9,desktop
DEV_006066,fc06c0248611c52f,mobile
DEV_006067,9afe7f208e724cc9,mobile
DEV_006068,c823d00bf6e69530,mobile
DEV_006069,0ed58c49ea07d14f,desktop
DEV_006070,968851c93c41a788,desktop
DEV_006071,6a464e17aea7bfd4,mobile
DEV_006072,bf6da1d36a1ec1f7,mobile
DEV_006073,6174b9e509299bdd,mobile
DEV_006074,a0fdcda32296d507,mobile
DEV_006075,67a8a7d1db53b948,desktop
DEV_006076,34984606f727b805,mobile
DEV_006077,113d1faebfdd4fd7,mobile
DEV_006078,c19a7a95630eedb1,mobile
DEV_006079,75c03767a7596fdc,desktop
DEV_006080,d1224661fb0ff217,mobile
DEV_006081,a57c1f55462a4ce3,mobile
DEV_006082,0124731b213f0d55,desktop
DEV_006083,02512faf8b09ee4b,tablet
DEV_006084,56d210e33b01ff0e,desktop
DEV_006085,42c678a147eee847,mobile
DEV_006086,b59e33bb0e52208b,mobile
DEV_006087,ecfd6cfc0d285015,mobile
DEV_006088,2531d26a519ad888,desktop
DEV_006089,a37705488dcd4ee1,mobile
DEV_006090,db81366bcc29734e,mobile
DEV_006091,bf5463ba229bbd89,mobile
DEV_006092,d5ed32cd8409dd2a,mobile
DEV_006093,8e630b8844524e7f,mobile
DEV_006094,7e05ff98f0454b59,mobile
DEV_006095,eeb900ab919bda95,desktop
DEV_006096,f53ac46d65a50568,tablet
DEV_006097,7f45dd5ed9bb4582,tablet
DEV_006098,9c012ea16f90452e,desktop
DEV_006099,e6f93c17137d86c6,tablet
DEV_006100,e39fd6534590797d,mobile
DEV_006101,5098f1e4dd0b11bf,desktop
DEV_006102,e6258b67430ac1d8,desktop
DEV_006103,6701215698565d69,mobile
DEV_006104,83b2b3cc556aa696,desktop
DEV_006105,b324b0c1cf595db0,mobile
DEV_006106,7faeb57e9529c567,tablet
DEV_006107,069ac868a2937687,mobile
DEV_006108,3485c73b9caf7ef3,mobile
DEV_006109,f06c30ed38b77f25,desktop
DEV_006110,3721590cfc5c3750,mobile
DEV_006111,c05a14059e19dbb1,desktop
DEV_006112,1e545febc7ed9869,desktop
DEV_006113,4c27641004a89f7d,mobile
DEV_006114,87bf636332bff5ef,tablet
DEV_006115,c87d3918fea70348,mobile
DEV_006116,61d3409ab745076c,mobile
DEV_006117,0fb28f592c3e9e13,tablet
DEV_006118,95ed0348a020c9c1,mobile
DEV_006119,8d4e3a254f662a35,desktop
DEV_006120,fbbe6381cc2f244f,desktop
DEV_006121,8bc46b7c60479665,desktop
DEV_006122,e7807c1d190f9685,mobile
DEV_006123,979d0005b0379521,tablet
DEV_006124,d4327f2da973cc8e,mobile
DEV_006125,3c7803e7f943e26c,mobile
DEV_006126,334776696ad41b5c,tablet
DEV_006127,6697307c9e331090,tablet
DEV_006128,aa16ed3be1f43b1d,desktop
DEV_006129,1de85d7c626606b7,mobile
DEV_006130,e487094f6c0b44f6,mobile
DEV_006131,1a34a6e096af0e58,mobile
DEV_006132,dba9cf30c8d306cd,desktop
DEV_006133,363e495e34853b9c,desktop
DEV_006134,3a464db70209aeda,mobile
DEV_006135,5da8e8b420b4042e,tablet
DEV_006136,7ee5503baaad16d5,mobile
DEV_006137,cfdd202de946394f,mobile
DEV_006138,7bc0859fd1c43406,desktop
DEV_006139,8f7850cce9485fe5,mobile
DEV_006140,6456eab92324fb51,mobile
DEV_006141,1c6467d95ae16013,mobile
DEV_006142,fce2dec8f2111281,tablet
DEV_006143,cb25581a7c9a4143,mobile
DEV_006144,89d2250c5813b554,mobile
DEV_006145,30bb964105d3847b,mobile
DEV_006146,f41d3e6caef284ff,mobile
DEV_006147,ae9b13f11bf5e69b,tablet
DEV_006148,ca414c6b9cff8738,desktop
DEV_006149,123a40aad65460a4,mobile
DEV_006150,1cd8fa1d93093cf2,mobile
DEV_006151,7adc8d49e5877e2e,mobile
DEV_006152,01b90dc8d30e6d66,mobile
DEV_006153,94b84b95bb67c819,desktop
DEV_006154,b835dd1fdf2a2a4b,mobile
DEV_006155,d7fca6ce85d41b19,desktop
DEV_006156,d777fa1de74dba46,desktop
DEV_006157,40419d0dc088255f,mobile
DEV_006158,0efd55bf1686ff7e,mobile
DEV_006159,762b2f6c289babbc,mobile
DEV_006160,235dc9e22efd5a5b,desktop
DEV_006161,f7f94c8ce85f4fc1,desktop
DEV_006162,7a4cfac7bb2a7c3c,mobile
DEV_006163,61f308adae16630c,mobile
DEV_006164,acf8d9d6ca63b6f9,mobile
DEV_006165,c7d9d36058c12d24,mobile
DEV_006166,4b6c9c963579eaf2,tablet
DEV_006167,765a9b44957bdb68,desktop
DEV_006168,3e08e566fadf005d,mobile
DEV_006169,a7911ea704a19a57,desktop
DEV_006170,7517a092aefa140e,desktop
DEV_006171,c32e4e4d3130b31c,desktop
DEV_006172,9ee37e3f55a842be,tablet
DEV_006173,ba5c4eb2b5fd735a,desktop
DEV_006174,86c40cd45cdbac80,mobile
DEV_006175,62ed25948c894c55,tablet
DEV_006176,ee68a737456449ab,desktop
DEV_006177,f76d14b298e048c4,desktop
DEV_006178,b723dd7a57d74119,mobile
DEV_006179,e568159026c73aed,desktop
DEV_006180,6022e9b3f2ed994f,mobile
DEV_006181,5318ef377bcd3be8,mobile
DEV_006182,9ed49fd2b9e8e64a,desktop
DEV_006183,919559c1a67b4c7c,mobile
DEV_006184,61f3652971574119,desktop
DEV_006185,c75fd87fa9eda1ac,desktop
DEV_006186,f95c48e1150384b4,mobile
DEV_006187,08f70c6d1819f607,mobile
DEV_006188,6fc0ea991abdc069,mobile
DEV_006189,177d6f9fb772c5af,mobile
DEV_006190,0638f6271a53198c,tablet
DEV_006191,b449d031a131f5f5,mobile
DEV_006192,80c64bb073cb9a7e,tablet
DEV_006193,21dd3122d223d0fe,desktop
DEV_006194,0ca607b1daf365a9,mobile
DEV_006195,8247f5961d09d01a,mobile
DEV_006196,82ff3b04dd190e7d,desktop
DEV_006197,2413ae65cd6e2ee7,mobile
DEV_006198,4061ce6a0136859d,desktop
DEV_006199,9b0c29066c118425,desktop
DEV_006200,7ba720443c253cff,tablet
DEV_006201,9041ef80180b37b5,mobile
DEV_006202,5a5dd3b084c54f42,tablet
DEV_006203,6ca97fdc9ac2513e,mobile
DEV_006204,c44f70acc4ffdd08,desktop
DEV_006205,242088e24e09c8cb,desktop
DEV_006206,a9855dcd32920eb3,mobile
DEV_006207,8f8cbd649cbde968,mobile
DEV_006208,14e88f1ed9766efe,mobile
DEV_006209,3ff535e83a7d331a,mobile
DEV_006210,17bbc26e2f9aa500,tablet
DEV_006211,306f1612319a872b,mobile
DEV_006212,f2f5c7aa6231b2ed,mobile
DEV_006213,eba3497640d79852,mobile
DEV_006214,75aa730b0a1a84e9,mobile
DEV_006215,330285379b145137,mobile
DEV_006216,d124d10321630d60,tablet
DEV_006217,6f8d565be28c3d65,mobile
DEV_006218,5da6cc620d001a43,mobile
DEV_006219,6fa781574d761356,mobile
DEV_006220,27750fe4abc946c9,tablet
DEV_006221,05da6a200d34bf7b,mobile
DEV_006222,d7cd82f892ef65e1,mobile
DEV_006223,ded5a30727a7af15,desktop
DEV_006224,c427afb88ee46ee3,desktop
DEV_006225,d328d99b553abd7d,mobile
DEV_006226,3697f124556e7fb9,mobile
DEV_006227,bb5e5911c1915065,mobile
DEV_006228,b9ba72197b3b6080,tablet
DEV_006229,1ee027afd8bd6746,mobile
DEV_006230,7fbc1c47d4cc28d8,mobile
DEV_006231,b22cdfadb8784a7d,mobile
DEV_006232,0042a16c929f1926,desktop
DEV_006233,6d7fd783e8fe29a3,mobile
DEV_006234,069f2c71d5aa6f8e,mobile
DEV_006235,719ec9d767ba73a6,mobile
DEV_006236,9a8c2b73697b2646,desktop
DEV_006237,b67a6c4a881260a3,mobile
DEV_006238,49636fc7f54d83e4,tablet
DEV_006239,32ff997ed161f707,mobile
DEV_006240,77507c25d4a3f07d,mobile
DEV_006241,c8ccab2f0c1080f2,mobile
DEV_006242,07e155de92eec0e7,mobile
DEV_006243,20ef62e2635a65eb,mobile
DEV_006244,724f764e13fb68bf,mobile
DEV_006245,d7f48b95384cbd11,desktop
DEV_006246,e9dc07b390125440,desktop
DEV_006247,092b47fe1576f059,mobile
DEV_006248,38c471b24e49330b,mobile
DEV_006249,ee9fe10857013a7d,mobile
DEV_006250,cf1dccf35995fcc1,mobile
DEV_006251,88b97ed1d68ce030,desktop
DEV_006252,a21e4d8a5b02fde3,mobile
DEV_006253,a35e11a8928f4f50,desktop
DEV_006254,8bdeed5b44085aa8,desktop
DEV_006255,051316d367de2e07,mobile
DEV_006256,cb3024fdca76753f,desktop
DEV_006257,f5d922bdeee5906b,mobile
DEV_006258,fa2d7a3e3bbd73b9,mobile
DEV_006259,2dad31a312961a3d,desktop
DEV_006260,7c1c381a9a5328d6,mobile
DEV_006261,df5b51c7d92c3c0b,mobile
DEV_006262,21a17e2263c741e9,mobile
DEV_006263,b29ea9f8807cedc6,desktop
DEV_006264,7f220a17121f2ddc,desktop
DEV_006265,e154938f76daede9,mobile
DEV_006266,fbe7a428cbd85d16,mobile
DEV_006267,6eec9b252dc08615,tablet
DEV_006268,d0d7b97871934b59,mobile
DEV_006269,a7faf5a8269ca931,mobile
DEV_006270,333c6230bf62d3c1,mobile
DEV_006271,1dbe5a05f36792e5,mobile
DEV_006272,e962e5bf468be2dc,mobile
DEV_006273,a53e5f213459e8a9,mobile
DEV_006274,e3739b2be2f00733,mobile
DEV_006275,89d7b94fa44ccc54,mobile
DEV_006276,10bc487950c20acd,mobile
DEV_006277,4bf1b26c0dfab7e3,mobile
DEV_006278,909c7955155bb90b,mobile
DEV_006279,fb4e7b25f73f0ebe,mobile
DEV_006280,6202b0510b742e67,tablet
DEV_006281,4ea498a2116df264,desktop
DEV_006282,66e1f9e75240d68b,mobile
DEV_006283,690169c92f905bf4,desktop
DEV_006284,afb35eb54838db9a,desktop
DEV_006285,f544f542e39885d9,mobile
DEV_006286,358a3de389f39451,desktop
DEV_006287,27600e4455911a19,mobile
DEV_006288,ae60554287359697,tablet
DEV_006289,823d7f9161829ef9,mobile
DEV_006290,941f0c419f8e8da6,mobile
DEV_006291,86556383a71fe19f,tablet
DEV_006292,24233447f193eb60,mobile
DEV_006293,7979839a1f699d8e,mobile
DEV_006294,39abc788317d50c0,mobile
DEV_006295,f1402028785cacfa,mobile
DEV_006296,bba463f5262c9d7b,desktop
DEV_006297,68b7d588c90dd404,tablet
DEV_006298,1a62761a81fb8477,mobile
DEV_006299,092208335f6a69cb,mobile
DEV_006300,7fc47d50f7fb91a3,mobile
DEV_006301,d4bf1d2505690923,desktop
DEV_006302,951f78a79865500c,mobile
DEV_006303,46e0d4d7df95d578,mobile
DEV_006304,5066b10749117037,mobile
DEV_006305,5f76952698feb2ca,desktop
DEV_006306,bab1f875c953b3d2,mobile
DEV_006307,67b0daf2560b7758,desktop
DEV_006308,0358003f8641ea5f,mobile
DEV_006309,d605509b904c68c2,mobile
DEV_006310,f9f4730d8457fe1b,desktop
DEV_006311,9bd5ba976b6d3470,mobile
DEV_006312,8f42ac0a99b2bbaf,desktop
DEV_006313,8480783870aa3430,tablet
DEV_006314,c2472b55b607d9b3,mobile
DEV_006315,683db3902d0e3699,mobile
DEV_006316,79318f3d0d048d79,mobile
DEV_006317,d260462f636532e9,mobile
DEV_006318,b09d11ef1b2949fd,mobile
DEV_006319,f523d7aaaf99004d,desktop
DEV_006320,e2e8aed112e3f909,desktop
DEV_006321,f017bec96b31b130,desktop
DEV_006322,1b8e6ece00b8809e,mobile
DEV_006323,f78a60213a22e97d,mobile
DEV_006324,035b091a27d97502,mobile
DEV_006325,e1336aa1122a8379,mobile
DEV_006326,5169539133abad50,mobile
DEV_006327,74de8f59e1b92ea4,desktop
DEV_006328,af92e02f2e506bec,mobile
DEV_006329,289474f6328db9a9,tablet
DEV_006330,7ce107b58ab3297d,mobile
DEV_006331,e665b2deed3564fa,mobile
DEV_006332,922afd9af0377960,mobile
DEV_006333,2c91d1b4e798ad04,mobile
DEV_006334,8e0da1822d1ff3c0,mobile
DEV_006335,c4e9526db1b1c7f6,desktop
DEV_006336,1f71a7cf6d1091ad,desktop
DEV_006337,9a5ac6e8c9d2592c,tablet
DEV_006338,3546fa470b8feec5,desktop
DEV_006339,d43626f665137fc9,desktop
DEV_006340,2d92902321fadf78,tablet
DEV_006341,16dda8445781eb2f,mobile
DEV_006342,bb61e9b1856b3dc6,mobile
DEV_006343,a3537ce84d99c63f,tablet
DEV_006344,4895bfa3b8e71b3f,tablet
DEV_006345,ed63ae62120aa53f,desktop
DEV_006346,548ca73759bf8207,mobile
DEV_006347,4dc8c9a264451af9,tablet
DEV_006348,69b2dede273ba0a2,tablet
DEV_006349,9d04a86c864894f6,tablet
DEV_006350,57d49d4e12b2e071,desktop
DEV_006351,1a32bc85bb2415e5,mobile
DEV_006352,03f93b30b015c78d,mobile
DEV_006353,50acfce6557c7714,mobile
DEV_006354,d4b2add02303c561,mobile
DEV_006355,4b9330eacf78cbcd,mobile
DEV_006356,18ebb78b8b8aa326,desktop
DEV_006357,df3494aaa43220f5,mobile
DEV_006358,3068236eef251695,mobile
DEV_006359,2d9e22085fe8e40f,mobile
DEV_006360,1c4d4da08a1ae257,mobile
DEV_006361,46f67ded41a251a7,mobile
DEV_006362,ce792497eca31c1b,desktop
DEV_006363,b1bc89658367e8a4,mobile
DEV_006364,6485b552bdf739c3,tablet
DEV_006365,e106c5e7d96e9514,desktop
DEV_006366,3232ab33fd2b9d23,desktop
DEV_006367,03aa6e32feea4bd3,mobile
DEV_006368,906d0c7d430ee755,desktop
DEV_006369,161b93e6fcc032ba,mobile
DEV_006370,c63da8efa82bd05e,mobile
DEV_006371,1fbd270003375244,mobile
DEV_006372,4bfcb0c949e2d40f,mobile
DEV_006373,65ee3698bdea10b1,desktop
DEV_006374,12b5d4bc967f8766,mobile
DEV_006375,84c7a39821d89ba0,mobile
DEV_006376,139d4bc95055c5a4,tablet
DEV_006377,9bb436980fb5bc12,mobile
DEV_006378,2ad2c40a57ea9dc3,mobile
DEV_006379,1ddec269f275ae0c,desktop
DEV_006380,7556d3941410d259,desktop
DEV_006381,a8ffabe02f8b306a,tablet
DEV_006382,297603644265a84e,mobile
DEV_006383,08df84a664e8927e,desktop
DEV_006384,b9d720ce974249e0,mobile
DEV_006385,e17dbe4d6e8c410c,desktop
DEV_006386,54bc74e1ce2f0bb1,desktop
DEV_006387,d06c30da0ed80cf9,desktop
DEV_006388,9e127598eb7bb7d3,tablet
DEV_006389,0c06c73c4bee0c1c,mobile
DEV_006390,59bcfe2ed5acb139,mobile
DEV_006391,b73a5bb4d409c383,desktop
DEV_006392,a76d4d551324783d,mobile
DEV_006393,07399a5cf1e53324,desktop
DEV_006394,f0938f3887f5333f,mobile
DEV_006395,580d92a0059ba5b8,desktop
DEV_006396,67777c3374963b93,desktop
DEV_006397,65d8c4144dec0701,tablet
DEV_006398,c003730a92ea330f,mobile
DEV_006399,1497cce07b4770d7,mobile
DEV_006400,ecedbaff1a357de2,mobile
DEV_006401,d6197d1cb957eb7a,mobile
DEV_006402,c5fef4be5752a808,desktop
DEV_006403,38700f96686804f9,mobile
DEV_006404,b0ab5e5286543236,mobile
DEV_006405,017285f04803c7ca,desktop
DEV_006406,93f62d06ef17ac68,tablet
DEV_006407,d64d9d7c18de77cd,tablet
DEV_006408,2d164157b0e351ce,mobile
DEV_006409,00ab7333b0eb80cd,tablet
DEV_006410,e147b302ae5f27b9,mobile
DEV_006411,d8c41a77bd1c06ce,desktop
DEV_006412,590fdf94185f7cd0,desktop
DEV_006413,78d63eeff4666dba,mobile
DEV_006414,719c629ac48adcf6,tablet
DEV_006415,198d3916a11cdc33,desktop
DEV_006416,21533939892dba78,tablet
DEV_006417,2e7f201d7beb146b,desktop
DEV_006418,bf4871b1e1793601,mobile
DEV_006419,cd0d9239efa446d5,mobile
DEV_006420,1cc6d9416f19bb81,mobile
DEV_006421,250be9bc822e8655,mobile
DEV_006422,f85affa323f24e2c,mobile
DEV_006423,4450f007c49fc97a,mobile
DEV_006424,32ac076a7d3629b3,mobile
DEV_006425,da1d196fb338b9db,desktop
DEV_006426,085902f09ac0d155,desktop
DEV_006427,4191c57dd17357e9,tablet
DEV_006428,311fe9fd38ce8efe,mobile
DEV_006429,76759cfcc61f2c6c,desktop
DEV_006430,c676b599aabf3ed2,desktop
DEV_006431,7bb72559efb1de8b,desktop
DEV_006432,6269ba36bc3c3b2a,desktop
DEV_006433,154f21d12328064f,desktop
DEV_006434,02090e36a3ce3466,mobile
DEV_006435,26d2c3b711e62fd3,mobile
DEV_006436,14d4d748cd6946c5,tablet
DEV_006437,dc2c052d4d4ad9ce,mobile
DEV_006438,b9f50261cc1a9d7f,mobile
DEV_006439,d00211ada0a0cd6e,mobile
DEV_006440,f2bfc2e3d57a80e4,mobile
DEV_006441,27dcd751380cb69c,mobile
DEV_006442,ede0cad96a557d1f,desktop
DEV_006443,d75a166d4098c0b8,mobile
DEV_006444,6db30852a5e43366,desktop
DEV_006445,cef45ecf4d343846,mobile
DEV_006446,94599b11dcbd0d98,mobile
DEV_006447,83e58c460dbf83ad,mobile
DEV_006448,0df5cc48008052b2,desktop
DEV_006449,bcde34dba4d3ab84,tablet
DEV_006450,65a8acd4c5de4f61,mobile
DEV_006451,1258def918533cbc,desktop
DEV_006452,fd62f46f11fcec8f,mobile
DEV_006453,dcc49ab52f7ea326,mobile
DEV_006454,7f892365dfa21f7d,desktop
DEV_006455,838c0eb6924c862a,mobile
DEV_006456,8fed59c8b6b74c05,desktop
DEV_006457,8a36bae0e474d0a5,tablet
DEV_006458,cf92b6525c6522ae,mobile
DEV_006459,6c2b8f39eb08a027,mobile
DEV_006460,d323571f84d6953c,desktop
DEV_006461,b35ceae059def65e,mobile
DEV_006462,d39f71a31fe173fd,mobile
DEV_006463,7890b13767ab11c4,desktop
DEV_006464,f71f6b79810b5f39,mobile
DEV_006465,08f42dd12e2fad30,mobile
DEV_006466,20d0a6c3ac1b71ef,mobile
DEV_006467,7df86ca49e88eace,desktop
DEV_006468,5770aac58ac7f9cc,mobile
DEV_006469,7ae8289cfa3ff6c3,mobile
DEV_006470,f399edcefbd5b64d,mobile
DEV_006471,6e87c62163a2c627,mobile
DEV_006472,0ca4994050a2f1f4,tablet
DEV_006473,cc1945aa697f8443,mobile
DEV_006474,0da91dd5ca7ca858,mobile
DEV_006475,74bd0975a5ca601d,tablet
DEV_006476,aff48f5e77484c5b,mobile
DEV_006477,4e6283a1fd4447cf,tablet
DEV_006478,002e8ab7d7664ca1,mobile
DEV_006479,9950b01f496bdab8,mobile
DEV_006480,b61f9802fe62d6b6,tablet
DEV_006481,4ba44c9bc8ae130e,mobile
DEV_006482,0b35174209aaac17,mobile
DEV_006483,357e6e5894442af0,mobile
DEV_006484,b45bc7fe7f849879,mobile
DEV_006485,30573159b5462eee,mobile
DEV_006486,145f4432e3df38d6,mobile
DEV_006487,3a8936e28536049a,desktop
DEV_006488,bf896949303f99c4,desktop
DEV_006489,c39a6c8858351fbb,mobile
DEV_006490,015223def0fbf46f,mobile
DEV_006491,f44bdbc72298496f,desktop
DEV_006492,2d639094287e0d88,desktop
DEV_006493,7ba21aa3cb064493,mobile
DEV_006494,6a58ddc1ae51ef6a,tablet
DEV_006495,02640217ce8bb339,desktop
DEV_006496,b9fb25a9abfa65cf,tablet
DEV_006497,b8f8fa4a997d455f,mobile
DEV_006498,489de541d55b9b60,desktop
DEV_006499,cd0f3e990aa64755,tablet
DEV_006500,b47bfd6624964794,mobile
DEV_006501,2933573f2da36f76,mobile
DEV_006502,86cae26691d99abd,desktop
DEV_006503,34d35ef78127a4e7,mobile
DEV_006504,ebdd18ce5df53ce8,mobile
DEV_006505,40d9823ba2194a59,desktop
DEV_006506,2f195932c5d991d9,mobile
DEV_006507,5528efdf9062f94b,desktop
DEV_006508,882f56bfce3b9a71,mobile
DEV_006509,f63cebc26df3e5a7,tablet
DEV_006510,eaea4feb762d8ccb,mobile
DEV_006511,de1a986c9bdd2615,mobile
DEV_006512,c71d9e2ef3100a2b,mobile
DEV_006513,87dcfb462e147f6a,mobile
DEV_006514,545c7ed32a3d77d2,tablet
DEV_006515,af7ee0d6ce406253,desktop
DEV_006516,d8937fb1a6130715,tablet
DEV_006517,1e43ff10b3d985aa,tablet
DEV_006518,0e1f218c5cb4ed77,tablet
DEV_006519,f437025a24b02476,desktop
DEV_006520,c6ace3287a28b7dc,mobile
DEV_006521,ccfaeedc9746c231,tablet
DEV_006522,6cc56f21c5b321f8,mobile
DEV_006523,3837313ffdaf0ffd,mobile
DEV_006524,0edc5df5e39ab4a0,mobile
DEV_006525,7fbd1e71255a849d,mobile
DEV_006526,e1df828310d4f027,tablet
DEV_006527,ebbf32d916f0e1da,mobile
DEV_006528,e641ecb74aab6d56,desktop
DEV_006529,80c5dbeca63aa0dd,mobile
DEV_006530,6ec7f1fe57aba6de,mobile
DEV_006531,ef4f65e9dd937667,desktop
DEV_006532,1c0ef19fcde6c9b6,mobile
DEV_006533,224f5d6421049533,mobile
DEV_006534,f5408ee777de1d89,mobile
DEV_006535,6aff0d179d74fa5e,mobile
DEV_006536,b4206c04f2e83216,desktop
DEV_006537,5ffced4da5c6088d,mobile
DEV_006538,3767354f40371d30,mobile
DEV_006539,c1bc69d1ecaff9d8,mobile
DEV_006540,7094a6518ed9f1ac,desktop
DEV_006541,6ef9a3eb332afa44,mobile
DEV_006542,1779512e1bb9ab6a,desktop
DEV_006543,710da8fb043bcdc3,mobile
DEV_006544,fae5b15f088f897f,tablet
DEV_006545,f0d23f10b30d2549,mobile
DEV_006546,77243a9c69274920,mobile
DEV_006547,3b4e3c95f326e714,mobile
DEV_006548,992e24bbbe086279,desktop
DEV_006549,c0d1516edc4e4c18,mobile
DEV_006550,3d329afd764d842f,desktop
DEV_006551,28bc27acd7b3d44c,mobile
DEV_006552,0a47aca59f574f81,tablet
DEV_006553,1fd0672eedaaacc2,mobile
DEV_006554,fcee58e86ac271e4,mobile
DEV_006555,60d2d6156bc63518,mobile
DEV_006556,8c099dc6995a8c92,mobile
DEV_006557,bad73040725e66d1,mobile
DEV_006558,61e705e756b8fcd2,desktop
DEV_006559,d2a72f2279c38053,desktop
DEV_006560,9b0cb30756abdc06,mobile
DEV_006561,dc8359be7abcd372,mobile
DEV_006562,4148ca255b45a218,mobile
DEV_006563,4c9505ef2f3b0dc5,desktop
DEV_006564,211b34e093311d58,desktop
DEV_006565,18e55b31c419d400,mobile
DEV_006566,fd46e4279a8b49cd,tablet
DEV_006567,ec99f39ba825b0c3,mobile
DEV_006568,6200d4e7fe09beed,mobile
DEV_006569,85eca1ff6e736a2f,mobile
DEV_006570,4f81b580e0d8320a,mobile
DEV_006571,1f90c228eb1ca14f,tablet
DEV_006572,1de06585b137bdd8,mobile
DEV_006573,84c049d4f396a34c,mobile
DEV_006574,6bccfaf8e1046400,tablet
DEV_006575,07b488f1e98dc95e,mobile
DEV_006576,7c1f4f5873703c44,desktop
DEV_006577,9d5249a5ece429a7,mobile
DEV_006578,8d140707c19d4c5c,mobile
DEV_006579,92387b3804871ea1,mobile
DEV_006580,64badb5c29705801,mobile
DEV_006581,5ee0e6fee8d9e3f9,desktop
DEV_006582,d377e2d06c8f089a,mobile
DEV_006583,b2373ab502bd8f0d,desktop
DEV_006584,44a087da7bbeb37d,desktop
DEV_006585,617263a7370af26b,mobile
DEV_006586,631a114715bf7d41,mobile
DEV_006587,18ee2c3f4db7a84f,mobile
DEV_006588,b1ae5bdf4c9e5785,mobile
DEV_006589,7c0e6d6c292a0887,desktop
DEV_006590,3a955cb865b645d7,desktop
DEV_006591,55d515c7806580a7,mobile
DEV_006592,eaab23be58dfd2fd,mobile
DEV_006593,269482e64ba4f60a,desktop
DEV_006594,2337d73000be825e,mobile
DEV_006595,70778cb92fc55142,desktop
DEV_006596,1f0c6c5d38e92b63,tablet
DEV_006597,f83c8cb075b416bb,mobile
DEV_006598,b12c0e5795994a1d,desktop
DEV_006599,a0ba7af448b77e75,desktop
DEV_006600,7ae115dd90a9a35e,mobile
DEV_006601,6870131b0a5d41c0,desktop
DEV_006602,97c77909681b2def,mobile
DEV_006603,6cc196155d51dadc,tablet
DEV_006604,652773f45d4bc495,mobile
DEV_006605,3883146ea1ac60f0,mobile
DEV_006606,3597eb17c20150b0,mobile
DEV_006607,bacd811350ecf27f,mobile
DEV_006608,dfc26b846e09dd09,desktop
DEV_006609,63a1c9c2cdfc5f5f,mobile
DEV_006610,3e1335bec842fb77,desktop
DEV_006611,aade69adbc7d348f,mobile
DEV_006612,70bd2cd3b1b13ba0,mobile
DEV_006613,daafe24b1f88afec,desktop
DEV_006614,3f4cf91a5ce6d803,desktop
DEV_006615,b7505f9bbab6424e,mobile
DEV_006616,656f25ac50f69557,mobile
DEV_006617,ebd38fc6862001f3,tablet
DEV_006618,3304add0f282e8ee,mobile
DEV_006619,af59ca23228fd1ba,mobile
DEV_006620,b2f25f2bcbd4591d,mobile
DEV_006621,546cd428d2cb0fff,mobile
DEV_006622,6afaedc6aab70cca,mobile
DEV_006623,91f1eb0f1efa10d5,mobile
DEV_006624,475d8c9c10bf5492,desktop
DEV_006625,ffe50c7bcfe49ed3,mobile
DEV_006626,159a65f10fcb5b35,mobile
DEV_006627,9be0a2bb0787c28d,desktop
DEV_006628,de3c7bb59904792f,mobile
DEV_006629,0a5db008551f9446,desktop
DEV_006630,4c3c88f6861944e1,tablet
DEV_006631,4840a77aad260962,mobile
DEV_006632,adc6fbc3658972b0,mobile
DEV_006633,038b7eae816f9112,desktop
DEV_006634,dd860b9d754a3bcd,tablet
DEV_006635,b9dcef9b7329261b,mobile
DEV_006636,a4afea01847da297,mobile
DEV_006637,c497c783e5c1a587,desktop
DEV_006638,bf862f11cb516eba,tablet
DEV_006639,17b7b8276af0e37c,mobile
DEV_006640,6cf961f18e532f2a,desktop
DEV_006641,ed8bf26cacca2cfe,tablet
DEV_006642,7569966e56a66f7e,desktop
DEV_006643,044af1d9f781717d,desktop
DEV_006644,c9420a8ee0b1d118,mobile
DEV_006645,9522711d8e694c79,desktop
DEV_006646,fa67a3f5726fc227,mobile
DEV_006647,a3b903e1e9b172e3,desktop
DEV_006648,e60ac3e58b597e11,mobile
DEV_006649,e840a86dd2bd9452,desktop
DEV_006650,e565421c6c720144,desktop
DEV_006651,dea2416c121ac6c0,mobile
DEV_006652,70c9f310e6c90c10,mobile
DEV_006653,2c9445c315a9dbcb,mobile
DEV_006654,ad804fbd1fa36ef3,desktop
DEV_006655,6ac797ddae59154d,mobile
DEV_006656,2d197d73d6afec25,mobile
DEV_006657,5ca7cf20384caecc,mobile
DEV_006658,9d67cec2940617d6,mobile
DEV_006659,ec8b700477753e18,desktop
DEV_006660,476668920e9dd970,mobile
DEV_006661,2c6ff4b150c135a8,mobile
DEV_006662,c6ab063e4708e91e,mobile
DEV_006663,7810d4795ac4863d,mobile
DEV_006664,dd115bb1bd204063,mobile
DEV_006665,10d13d60daa6d9f8,desktop
DEV_006666,4a057c77e95905fe,desktop
DEV_006667,16de23d2a2d29687,mobile
DEV_006668,942d228137817c14,desktop
DEV_006669,bf5084502c3e65ea,mobile
DEV_006670,0ec39123744dc013,tablet
DEV_006671,ad70cc3f989e4f20,mobile
DEV_006672,8d4e47a3d7154667,mobile
DEV_006673,68a075f370ddb57e,mobile
DEV_006674,848126fe608ae393,mobile
DEV_006675,45298ecee77378bb,desktop
DEV_006676,cb2e04b6f0312045,desktop
DEV_006677,ee195a3edecc77af,mobile
DEV_006678,ea3b2beabd62ae17,desktop
DEV_006679,bc1a88ae14946341,mobile
DEV_006680,57c6c0b23d324045,mobile
DEV_006681,f74f71990e6e0d26,mobile
DEV_006682,2abcc2302c3d6b52,desktop
DEV_006683,4a7dd22bae81f6dd,mobile
DEV_006684,950a012c85dd9224,mobile
DEV_006685,c8faefad9ee498a0,desktop
DEV_006686,abf7f33633329b24,mobile
DEV_006687,3b80feaff0c5898d,mobile
DEV_006688,96bce7e8a472e77a,mobile
DEV_006689,b79b810c9412c733,mobile
DEV_006690,92785b04eb2a2dfb,desktop
DEV_006691,8a02fcd7b0842cf9,mobile
DEV_006692,ca4ff65e73c9efc7,mobile
DEV_006693,29545c01e057885f,mobile
DEV_006694,1155ab0b926631ba,mobile
DEV_006695,626547956d3eef00,mobile
DEV_006696,47035dad6daf33e9,desktop
DEV_006697,1a1af4ab392d3f5d,mobile
DEV_006698,63e2d9854103623c,tablet
DEV_006699,eb2b0fb1c6abaaeb,mobile
DEV_006700,ee2a9e6e65193334,mobile
DEV_006701,a07221fb97197b9c,tablet
DEV_006702,02f25b1a7cd6b79c,mobile
DEV_006703,54580c2c5a5eb670,mobile
DEV_006704,05d8c845ea837a18,mobile
DEV_006705,de2d4087f1a77ed9,tablet
DEV_006706,e391b3bf58750333,mobile
DEV_006707,447e2e6b3e844e5b,mobile
DEV_006708,c45382029d473fa3,desktop
DEV_006709,cf651dcc043720be,desktop
DEV_006710,906151735d548e20,mobile
DEV_006711,0f7e5a6cd0cf934e,mobile
DEV_006712,daf1e635b5505ba9,mobile
DEV_006713,48e22266231cd86a,mobile
DEV_006714,c361fdb5604d3ecb,mobile
DEV_006715,6ba5b0261d94b690,desktop
DEV_006716,4e1d734d868d4bc2,desktop
DEV_006717,9722b5f011bbf29b,mobile
DEV_006718,fb8d8c17c8516984,tablet
DEV_006719,638918af5cc2f2fe,tablet
DEV_006720,2d35b0bfabcac488,mobile
DEV_006721,bffd64c3e4e63e0a,mobile
DEV_006722,c2dffe0166331715,mobile
DEV_006723,9b09d76e74b91959,mobile
DEV_006724,4cc2d3149f34aa79,desktop
DEV_006725,6a5ec4c75cd68b72,desktop
DEV_006726,066b78d1517b331e,desktop
DEV_006727,9dfc982dc886a5cc,mobile
DEV_006728,68460fe0eaca6543,desktop
DEV_006729,0ae4a9574ed906a3,mobile
DEV_006730,2861bde78918d0a0,tablet
DEV_006731,ff28e396f5d83de3,mobile
DEV_006732,4e12e00181d3aedb,mobile
DEV_006733,87cd7d61fd2f5634,mobile
DEV_006734,6281dabb913a4ed1,mobile
DEV_006735,147bf55a6ab46a30,tablet
DEV_006736,f25d95fb43853103,desktop
DEV_006737,8867f27dd57d770b,desktop
DEV_006738,03c2525e4a0d2694,desktop
DEV_006739,b1b4e9b15474107a,mobile
DEV_006740,cc87a8d0cb91951b,desktop
DEV_006741,f0214688a06ca4f8,mobile
DEV_006742,569468120fe3ea11,mobile
DEV_006743,ea4bfbe8bef140c8,desktop
DEV_006744,43ff098e930e4989,tablet
DEV_006745,d2a248a6d0aa31fc,desktop
DEV_006746,34069ac1f66a36a7,desktop
DEV_006747,522460901a86ab20,mobile
DEV_006748,bcbeb81bfaf67437,mobile
DEV_006749,a58c70039753f84d,desktop
DEV_006750,25678ac44af07139,mobile
DEV_006751,abfb03710e4d07ee,mobile
DEV_006752,28423914fad07401,desktop
DEV_006753,18584a63b69491a0,tablet
DEV_006754,529e6b4edf5ef64b,desktop
DEV_006755,468ee9734c7f1913,desktop
DEV_006756,84404c1006589edd,desktop
DEV_006757,ca1a740547daf9d4,mobile
DEV_006758,a79b18868c7fca39,mobile
DEV_006759,6d16d9dcb7bb8032,mobile
DEV_006760,f6959c9eee6631cb,mobile
DEV_006761,411bee895cb5c827,mobile
DEV_006762,87d2018e814872f2,mobile
DEV_006763,dc2acbe147d8ab78,desktop
DEV_006764,64944ba25eb24172,mobile
DEV_006765,a5b0533fe25f9f09,desktop
DEV_006766,f03a5b0336edeb62,mobile
DEV_006767,94269cea3d9be015,desktop
DEV_006768,5cf94f28d3a0aaa7,tablet
DEV_006769,11fbb2d11760472a,mobile
DEV_006770,00b97c61274c7730,mobile
DEV_006771,f6628c3283ff855b,mobile
DEV_006772,339d2076e67992e5,mobile
DEV_006773,e003c6df51ab3757,mobile
DEV_006774,577fcd66328fb340,desktop
DEV_006775,75e645a3b8456335,desktop
DEV_006776,1a9c09f61a94087d,tablet
DEV_006777,b62d91cbe880b0f7,mobile
DEV_006778,27f5b9c82f517161,mobile
DEV_006779,33c3bcfff8a35f1a,mobile
DEV_006780,091293bbe620ab79,mobile
DEV_006781,f6b659319ec9b686,desktop
DEV_006782,55c0535e408f3f9f,desktop
DEV_006783,a234c5cfddef2ae3,desktop
DEV_006784,54fda5fd7d1a3583,mobile
DEV_006785,01f60e5bb0cbe7f8,tablet
DEV_006786,8ed5a2b7001df0ff,desktop
DEV_006787,1fccd3b27da9fef1,mobile
DEV_006788,f811537fb3db5ffc,desktop
DEV_006789,bbea12176328e6a9,desktop
DEV_006790,4cd85fcaa761d2ed,mobile
DEV_006791,934435997a7d446f,tablet
DEV_006792,5ac9571ee9020cdf,mobile
DEV_006793,2b557da2b91e9846,mobile
DEV_006794,eaefa3dda1f8e534,desktop
DEV_006795,4cbc5f78c0f708e2,mobile
DEV_006796,e893b248478bdced,mobile
DEV_006797,670431e6582bedf8,mobile
DEV_006798,796b5f6f7cb77b91,mobile
DEV_006799,9d12c59ff30031b4,tablet
DEV_006800,aeac62b9424731c8,mobile
DEV_006801,d86eb691bbaddbf9,tablet
DEV_006802,41c2d2b0951b7404,desktop
DEV_006803,41fde8d7c715e051,tablet
DEV_006804,3369e6e645b7e9f6,mobile
DEV_006805,e21e51cff72ba703,mobile
DEV_006806,2896cab4f6408328,desktop
DEV_006807,4d7a6350f5178be5,tablet
DEV_006808,b1fcad52799f6255,desktop
DEV_006809,84c063e9b4ede78f,mobile
DEV_006810,63ab36a9b0e78f7c,desktop
DEV_006811,3f03290cbf033ae2,mobile
DEV_006812,1aa68268fbd343be,tablet
DEV_006813,7879a6b262da3721,mobile
DEV_006814,eb5c3c90940eacd4,mobile
DEV_006815,055cd103fe152bad,desktop
DEV_006816,0075407c8950f5a3,tablet
DEV_006817,f3d0eb60195e6d80,desktop
DEV_006818,a9f465c6b6254c50,desktop
DEV_006819,d346ae122746b2ca,desktop
DEV_006820,9f2520e922f59f37,desktop
DEV_006821,ac2be3e231712212,desktop
DEV_006822,5a06cb1052080fa1,mobile
DEV_006823,b29c2ea2704238e7,mobile
DEV_006824,f66c49f8b08b59f1,mobile
DEV_006825,6f227d2c51c34a43,mobile
DEV_006826,75810c9221cfc765,desktop
DEV_006827,56e49ca5250b9f2e,desktop
DEV_006828,d52ffa3bf7250535,mobile
DEV_006829,421098a3f79a4c34,tablet
DEV_006830,f165a6319ead8725,mobile
DEV_006831,50e0cdedb22339ad,desktop
DEV_006832,59f220b7ae8cf3ae,mobile
DEV_006833,68ceeafc821d8007,mobile
DEV_006834,b06aefad529210c2,mobile
DEV_006835,aa73315a17b75265,mobile
DEV_006836,d7300bbf3b7fdfd1,tablet
DEV_006837,b0f08c9ac11d1c2c,tablet
DEV_006838,a2c4be3614324c28,mobile
DEV_006839,b4246d0a35058509,mobile
DEV_006840,f3d8187397774f2e,mobile
DEV_006841,93628ff2c47ac7f7,mobile
DEV_006842,a1ee5ac7aa9c6fcb,mobile
DEV_006843,65e4d384364a4e5e,desktop
DEV_006844,94983a72ed87c127,tablet
DEV_006845,363bf6cc33db454e,mobile
DEV_006846,08653504f43a82cc,mobile
DEV_006847,52b85f009c484c10,tablet
DEV_006848,b8b29365a50c15b7,desktop
DEV_006849,e8faaed0d93583dd,mobile
DEV_006850,9c55da298b28ffa1,tablet
DEV_006851,4476f42af63e47ed,desktop
DEV_006852,b46d6b6eb28415f7,desktop
DEV_006853,49bf5031615d3d37,mobile
DEV_006854,e36905838d2d5c7d,mobile
DEV_006855,5d1c75d4f0b46346,desktop
DEV_006856,c26a880befb39d92,mobile
DEV_006857,faedffcb54b0f6a9,desktop
DEV_006858,bc75b57a1b63a232,mobile
DEV_006859,28aaa4900c4fb300,tablet
DEV_006860,f55852cef666cf9c,mobile
DEV_006861,abac57547a74c10e,tablet
DEV_006862,6b10a05a0e01a0fd,desktop
DEV_006863,e65ec2c6bef60b4a,desktop
DEV_006864,e1acbf99e964c4e5,mobile
DEV_006865,fc89164e1cf33e6e,mobile
DEV_006866,fdd9d837c30ba434,mobile
DEV_006867,81e0df4776487348,mobile
DEV_006868,eb1ae2faa0ae032a,mobile
DEV_006869,fff66ceb3aeeedf2,desktop
DEV_006870,b378746141f83d92,mobile
DEV_006871,4cb11b6101dc7b6c,desktop
DEV_006872,ec0014a4c090e8c2,mobile
DEV_006873,fd9ead7d892126e1,tablet
DEV_006874,c34e038b6241d170,mobile
DEV_006875,2084e5a9abf4a81d,desktop
DEV_006876,1af1e15c71ebb4ba,mobile
DEV_006877,b34907103a1ef727,desktop
DEV_006878,b7c3ab5e8972a3e4,desktop
DEV_006879,4ea4707fc2dfdbbf,desktop
DEV_006880,d4c8758a55b5ad9f,tablet
DEV_006881,9f74775cd0547c94,mobile
DEV_006882,f0c9bcfb686e7db7,mobile
DEV_006883,5f0fc164ecba7f06,desktop
DEV_006884,8111182d799d17e0,desktop
DEV_006885,9945267358e8df70,desktop
DEV_006886,321c3210d236e909,mobile
DEV_006887,4171f8d37688ff9b,desktop
DEV_006888,4f36a045217e4416,mobile
DEV_006889,4b560e101b7053fa,mobile
DEV_006890,ae48c74871d05214,desktop
DEV_006891,2b1a37235bd60275,desktop
DEV_006892,05f1918dba2091e9,desktop
DEV_006893,544ff3fb013cd046,tablet
DEV_006894,c39008d25365fb35,desktop
DEV_006895,c8a7eb8b1a82a695,mobile
DEV_006896,02bada875a25e9b2,mobile
DEV_006897,0cf8b223291a0b7f,desktop
DEV_006898,1b28a63b9fba584a,mobile
DEV_006899,39da1322c1e92973,mobile
DEV_006900,57e92c31b042d548,desktop
DEV_006901,ab3fba56e4b782f2,desktop
DEV_006902,3e60ab9a0cf08ffc,mobile
DEV_006903,3cfaab39f49c8d6a,mobile
DEV_006904,26c2b80105d88fa8,mobile
DEV_006905,5443c540851ad465,mobile
DEV_006906,075333f0987ebf03,tablet
DEV_006907,2465dfaeb93979c3,mobile
DEV_006908,774b2a25021c7071,mobile
DEV_006909,c38ff259c6884b55,mobile
DEV_006910,5365ef9f52cbf306,desktop
DEV_006911,044c86ed50a3919f,tablet
DEV_006912,7ddc9908e17157eb,desktop
DEV_006913,8624f7e47ecf9400,desktop
DEV_006914,b6e7f51d485a49f2,mobile
DEV_006915,2c5368c04bdecd54,desktop
DEV_006916,d8005a1798dfa4d7,mobile
DEV_006917,92b20adf6563fc50,tablet
DEV_006918,9dd3b5f153cffca7,desktop
DEV_006919,9506b6cc4a898463,mobile
DEV_006920,a043067f72e7fee9,desktop
DEV_006921,2b2276de32e5a10c,mobile
DEV_006922,0e5e31691fe5c416,tablet
DEV_006923,8c52e595b356f059,mobile
DEV_006924,481891ec7d94163f,mobile
DEV_006925,d6c6ea42eeaf0bc9,mobile
DEV_006926,e420f296df4e35e7,desktop
DEV_006927,b82cb92aeb775703,tablet
DEV_006928,f34e9c49f954914f,desktop
DEV_006929,a4c6b3c703c9c8d5,tablet
DEV_006930,586edb684e808727,mobile
DEV_006931,988ecbbf0eb7757a,tablet
DEV_006932,deb582a75d522fd3,tablet
DEV_006933,cd01f3ac37e8d36f,mobile
DEV_006934,324687e6dbc8ea9d,mobile
DEV_006935,1fb902ba59edf8c5,mobile
DEV_006936,060d1bc767babadf,mobile
DEV_006937,d30fc4256250905f,mobile
DEV_006938,0f3fe14a545cae06,mobile
DEV_006939,dc89bba58ebb80bc,desktop
DEV_006940,042228d6ac039e2f,desktop
DEV_006941,c70c9de30d52f0c0,mobile
DEV_006942,26b5b9496e0b6483,mobile
DEV_006943,00ab7b1f00fb2846,tablet
DEV_006944,1de4b21755b9db73,mobile
DEV_006945,4aadf83d6c495830,mobile
DEV_006946,a8293737b1978699,mobile
DEV_006947,c76066a9cebb2306,mobile
DEV_006948,1e3bf0c4c4126a78,mobile
DEV_006949,a2c112d205407252,mobile
DEV_006950,3414b696e181f822,desktop
DEV_006951,64bda48ba8ead66f,mobile
DEV_006952,bb74da0af23da77a,mobile
DEV_006953,cae68ee7497ede51,mobile
DEV_006954,b8671444c32a36f4,mobile
DEV_006955,0d842bcc8d7b14b0,tablet
DEV_006956,b8ef6b9867b4752c,mobile
DEV_006957,de2d864e1844d0a1,tablet
DEV_006958,8bebdfc3ad5e8143,mobile
DEV_006959,94e135a0c4899d34,mobile
DEV_006960,89537dc2a885151d,mobile
DEV_006961,b541e856859ff988,mobile
DEV_006962,fa8d56b5bb01b006,tablet
DEV_006963,56c6c317c8ca2249,mobile
DEV_006964,da43b22c2d1d996b,tablet
DEV_006965,1c2acbc86e45e764,mobile
DEV_006966,4956a1bb6c0cb8aa,mobile
DEV_006967,67eed31720251a50,mobile
DEV_006968,04507940218ccc93,mobile
DEV_006969,da9e4005cf3547c4,desktop
DEV_006970,0868628ddd48a314,mobile
DEV_006971,9efabf9aa5d87fa9,mobile
DEV_006972,d8b85911e0e103a3,desktop
DEV_006973,312400de2821efb6,mobile
DEV_006974,0541502199b8d0a6,mobile
DEV_006975,474c2f83e9dbac1b,desktop
DEV_006976,9b019207135a9d05,desktop
DEV_006977,c205cff1b8239b76,tablet
DEV_006978,2a709d867b2ff88a,desktop
DEV_006979,8f6267f4206bcd69,tablet
DEV_006980,758240b39ce2f019,desktop
DEV_006981,3e766f22cbbef1cc,mobile
DEV_006982,5f29a2684b786ccc,mobile
DEV_006983,46a8d0316981913b,mobile
DEV_006984,ed343cbc946f5549,mobile
DEV_006985,743074cc5f3fe8b0,desktop
DEV_006986,7039e8b3785ef075,mobile
DEV_006987,e7c41f6a27af8ea8,desktop
DEV_006988,46ee49dddf8e08c3,tablet
DEV_006989,ae30c4335e852327,mobile
DEV_006990,ef45683f000c8060,mobile
DEV_006991,76211f0a39da73ab,tablet
DEV_006992,36ce83dc7aef00ad,tablet
DEV_006993,4d22848e4df791cb,tablet
DEV_006994,625cb0ce50cb4c5f,mobile
DEV_006995,98df70f4d606d961,mobile
DEV_006996,25e1b07d50c8d5c4,mobile
DEV_006997,185d8da1e5dd9a2d,mobile
DEV_006998,0be0aaafe7a3ce7e,mobile
DEV_006999,584000fcadd3278b,desktop
DEV_007000,1893702955c48b00,desktop
DEV_007001,fc5ee6a7e8d1a67b,mobile
DEV_007002,29dd601b75e31af3,desktop
DEV_007003,42d4f1ddce2c932c,mobile
DEV_007004,f5b876f6ef0eb501,desktop
DEV_007005,09b9d3ba608df980,mobile
DEV_007006,a92c7e3e6e44813f,tablet
DEV_007007,45c60204f613fc4e,mobile
DEV_007008,2db241f52ca0d0c2,desktop
DEV_007009,6527db0cf46b9396,mobile
DEV_007010,75e94a7cf0b44d70,mobile
DEV_007011,8f9b40453b25ff78,mobile
DEV_007012,8fe94707cdcae27c,mobile
DEV_007013,6996d4d43119408f,desktop
DEV_007014,7a8fac9396cfc685,mobile
DEV_007015,ea91335f417317af,mobile
DEV_007016,61f91fdcf750e4bf,tablet
DEV_007017,5ef7d48f4d98ed60,mobile
DEV_007018,3f530bf93148314a,mobile
DEV_007019,865f2336b626405d,mobile
DEV_007020,5d89afb64f8232f5,mobile
DEV_007021,7408515c36d2b092,tablet
DEV_007022,d2f074617a3a1b72,mobile
DEV_007023,ff0285e0f9eb6b72,mobile
DEV_007024,afcc7df4f825ab54,mobile
DEV_007025,c48b10d77dcb283e,desktop
DEV_007026,1f1b86bca8ee6bc8,desktop
DEV_007027,d16ca908572b4730,mobile
DEV_007028,b4f3d50f8fc3e770,mobile
DEV_007029,97c173ce1592454c,mobile
DEV_007030,5f025050c87f858d,mobile
DEV_007031,ca18b139ab97a0b5,mobile
DEV_007032,d722c0239a326d23,tablet
DEV_007033,67bfc4bf75bed201,mobile
DEV_007034,ed257a77c2b964fc,mobile
DEV_007035,02d5f9bb177a280c,mobile
DEV_007036,dbb37d7004ebb6cb,mobile
DEV_007037,daf1b2210d3fd321,tablet
DEV_007038,c689d8ee10ba03a7,mobile
DEV_007039,27c594cc559e7bc1,desktop
DEV_007040,f0f2bf19e5af1bab,mobile
DEV_007041,22170af4a0784712,mobile
DEV_007042,123210a3c5438aaa,desktop
DEV_007043,e433ebc74e222cc6,mobile
DEV_007044,2ef0b32e1bf64ec7,desktop
DEV_007045,96578f653557e799,mobile
DEV_007046,1f8cffaf2c79de0b,desktop
DEV_007047,04fedfac54a0b476,mobile
DEV_007048,128794e648812581,desktop
DEV_007049,d09f54adb0f41976,desktop
DEV_007050,62e8b8f4fd42f3be,desktop
DEV_007051,aecefaee013999dc,mobile
DEV_007052,6fb3a75d364cc4cb,tablet
DEV_007053,5ad7f5cabd21302f,desktop
DEV_007054,fd4d991a8d82cea1,mobile
DEV_007055,46421f3c15c4aca9,mobile
DEV_007056,60daf53803648c03,mobile
DEV_007057,accaaf7adfbc937b,mobile
DEV_007058,d4b5483c36d722f4,mobile
DEV_007059,e82078b887508c58,desktop
DEV_007060,590a964a0d989cfb,desktop
DEV_007061,008faeb8b61e0bee,desktop
DEV_007062,e305ba0c011ea725,desktop
DEV_007063,cc2a71eee66a5934,desktop
DEV_007064,98d801070f13b16a,tablet
DEV_007065,47378286583869e1,desktop
DEV_007066,08c3cab7e7b7e98b,mobile
DEV_007067,3cee34ff27e5b8da,tablet
DEV_007068,4fda2954487179c9,tablet
DEV_007069,0b7548da02b3809c,desktop
DEV_007070,27695c538c91910f,desktop
DEV_007071,849f62156588f501,mobile
DEV_007072,062003b1e6d64e4b,desktop
DEV_007073,5d4a2c0585dcc26f,mobile
DEV_007074,64d7bf54bb317c89,mobile
DEV_007075,cef44e5b81d7f644,desktop
DEV_007076,ea3d3a8f9466c8bb,desktop
DEV_007077,c17a7f4dcc7d9954,desktop
DEV_007078,2e8ed18caea9bee9,mobile
DEV_007079,67216c34ffee2fe8,desktop
DEV_007080,74d47e4b1d1563d0,mobile
DEV_007081,f2d4f3efd4680d83,mobile
DEV_007082,d198840910105392,mobile
DEV_007083,6ea19563f6fbe588,mobile
DEV_007084,9792a369c960a17a,mobile
DEV_007085,a6942ac7367121d3,mobile
DEV_007086,308a7a1ab9b8c6aa,mobile
DEV_007087,28c88d0e4015a9c5,tablet
DEV_007088,54b5a28068ae6b58,desktop
DEV_007089,36e2165b8ab7c4cc,desktop
DEV_007090,4aabba31efe7b5d4,mobile
DEV_007091,4158d678629f6475,mobile
DEV_007092,76c9ae22bade1ab7,tablet
DEV_007093,835f8a8165456f88,desktop
DEV_007094,0fef2147e7ab54ce,desktop
DEV_007095,772b08512d488187,desktop
DEV_007096,af71a268410822b6,desktop
DEV_007097,360d06fa3dabdaa8,desktop
DEV_007098,dcc59d6927fc1012,tablet
DEV_007099,f638ab5087966888,desktop
DEV_007100,a60a90f4430dfd59,mobile
DEV_007101,b55722808e01f64b,mobile
DEV_007102,d302c93c0f2a9c75,mobile
DEV_007103,bca12053ee82a49b,mobile
DEV_007104,283c4f27c376676b,desktop
DEV_007105,b5a01d3950332bc5,mobile
DEV_007106,dedd695afe0922c7,mobile
DEV_007107,be92e420d8c46520,mobile
DEV_007108,dc93ad905e81dfcf,mobile
DEV_007109,f83df40ce3b51e82,tablet
DEV_007110,5deae8f65b9e6a24,mobile
DEV_007111,e1ee43b646cb1647,mobile
DEV_007112,c5645c10ebb0e0bc,desktop
DEV_007113,61870ff181b376da,mobile
DEV_007114,a8f949c38741f64c,tablet
DEV_007115,9b004d8495382366,desktop
DEV_007116,78cf3b4bdaeefe7d,mobile
DEV_007117,ecc761ba90438619,mobile
DEV_007118,56df460cc360dfac,mobile
DEV_007119,091775df83eac9ae,desktop
DEV_007120,33130fcb2c5d4cf9,desktop
DEV_007121,cec0e190767cb778,mobile
DEV_007122,14ba92ba14967fa8,tablet
DEV_007123,a7d0e268a35da7de,mobile
DEV_007124,3c74cf533c3b56a8,mobile
DEV_007125,4df49c6ab3ed3c73,mobile
DEV_007126,092ce8a046166c68,tablet
DEV_007127,c45cb305c14e792a,mobile
DEV_007128,3e913ab4a8555391,desktop
DEV_007129,a8bf9c1a3232f70f,desktop
DEV_007130,6da90754f9df6591,mobile
DEV_007131,1a969006f5a266fa,tablet
DEV_007132,51de04c4f0c38ac4,mobile
DEV_007133,4c3da8984b62f6ed,mobile
DEV_007134,63e5edc9c658b672,mobile
DEV_007135,3b7ad7b43c638518,tablet
DEV_007136,f101579e8da980a4,desktop
DEV_007137,2d730fde3387613d,mobile
DEV_007138,3dee60f009a732af,tablet
DEV_007139,68e878e7a9e8b6fd,mobile
DEV_007140,5750d9ebec625e03,mobile
DEV_007141,dc7395d889376fea,desktop
DEV_007142,7a0bacf35f99be99,mobile
DEV_007143,db5845d4a9d6d6ea,tablet
DEV_007144,54f8689a05f131cf,tablet
DEV_007145,b5404e30b3d35cd6,mobile
DEV_007146,0cc06c2ba3218e1a,desktop
DEV_007147,e8618ed302dd796c,desktop
DEV_007148,6637198a35e5fe3c,desktop
DEV_007149,3daea0834f4e9cb4,mobile
DEV_007150,7d41b73e83c89090,mobile
DEV_007151,b335e80be7b201c5,mobile
DEV_007152,d77656eae3139e72,desktop
DEV_007153,c6e83d7bde4c3cfd,desktop
DEV_007154,833eeb6a8b0cc261,desktop
DEV_007155,d2f77ce6526cd1d6,mobile
DEV_007156,a05758b005a14efc,mobile
DEV_007157,65dc3c7f2a54c062,mobile
DEV_007158,4832bcb728453036,desktop
DEV_007159,e1fab3e5c30d52ce,tablet
DEV_007160,928d718aa85e0c46,mobile
DEV_007161,bf64a7d2297425e4,desktop
DEV_007162,4340d596f9030c1c,tablet
DEV_007163,815d9542c33f0a91,desktop
DEV_007164,ae918aa6c1d6a5ec,tablet
DEV_007165,48c0f504a10eb019,tablet
DEV_007166,457ef765a38cfab8,mobile
DEV_007167,f30a5ae63fb9d199,desktop
DEV_007168,9ae7dadf8fee8255,mobile
DEV_007169,f07442de99837824,mobile
DEV_007170,58d813151d24f7bd,mobile
DEV_007171,8806dda355864309,mobile
DEV_007172,eef1d3105a5788ca,desktop
DEV_007173,905390fb291be6c2,mobile
DEV_007174,131c8e1aa6aeb680,desktop
DEV_007175,428c535b4310dad0,mobile
DEV_007176,6245d762000e28b8,mobile
DEV_007177,5e9faa38c691e15e,mobile
DEV_007178,0433d0c7d1ca685c,mobile
DEV_007179,1ddb034f2ca9516f,mobile
DEV_007180,3ed0f5e1406427e4,desktop
DEV_007181,5c3ba34b20eedf2f,tablet
DEV_007182,3ca1b475649afea7,mobile
DEV_007183,2a0c0433072cadd5,mobile
DEV_007184,ccc1310833af3e78,tablet
DEV_007185,4a1176e114702da2,mobile
DEV_007186,f60e0b5a81a2c203,mobile
DEV_007187,695258901182274a,mobile
DEV_007188,68a1e667b7ab3d5e,mobile
DEV_007189,f4f07f463df89fc6,mobile
DEV_007190,ff13bd6c4ae482b3,desktop
DEV_007191,383d441d4f805d19,tablet
DEV_007192,daa041658f24f3a2,mobile
DEV_007193,489e17f5ee8ddfa9,desktop
DEV_007194,d03978f0d02aa26f,mobile
DEV_007195,87c20c5eb49403c4,desktop
DEV_007196,9feb5c09ccf3a06f,desktop
DEV_007197,f7b93a7734627641,mobile
DEV_007198,e276a17398dbe5b7,mobile
DEV_007199,23402fd0c3496740,tablet
DEV_007200,5a8a6aa6abae535e,mobile
DEV_007201,b7a8592e86dae586,desktop
DEV_007202,b175295d283c11e2,desktop
DEV_007203,2d6cfe53067835b0,desktop
DEV_007204,04e8df3313ae2edd,mobile
DEV_007205,035df9dcb0d7e787,mobile
DEV_007206,ff6d127ecd8e074b,mobile
DEV_007207,d309b4b00fdd780c,mobile
DEV_007208,1ec32e63d5d872f7,mobile
DEV_007209,67291078d3601733,mobile
DEV_007210,22f25a8d26ce98e5,desktop
DEV_007211,5282e42251ca6eb0,desktop
DEV_007212,b13fae8fb19fafde,mobile
DEV_007213,a9ae33a719235053,mobile
DEV_007214,4c4f2c5c34c6777c,mobile
DEV_007215,87953be270ee00f9,tablet
DEV_007216,503170f85dbf07c9,mobile
DEV_007217,8c6633d77b0a427c,mobile
DEV_007218,ae7b4b0c277e4463,mobile
DEV_007219,90f03ceab2b8bca4,desktop
DEV_007220,e3ab59a88e409431,mobile
DEV_007221,f9b0e7dce7ea4e02,mobile
DEV_007222,43cc854dc2e88c84,mobile
DEV_007223,cdc5e18dc560bdc8,desktop
DEV_007224,2350b0a6bce8f39d,mobile
DEV_007225,fbd3f23f3549ca4d,desktop
DEV_007226,4549566fe2bb56f7,desktop
DEV_007227,acb4b8e1dbe021c4,tablet
DEV_007228,1588b26fc0d43066,mobile
DEV_007229,eef7c9d865690896,mobile
DEV_007230,e0f687fcf0a1d530,desktop
DEV_007231,d736f56b09df5870,tablet
DEV_007232,49efda964afd473d,mobile
DEV_007233,53d9ba4c0015d655,mobile
DEV_007234,59050c96d8f3d86d,desktop
DEV_007235,adb10aa0b9739379,tablet
DEV_007236,1379ebd93821767a,mobile
DEV_007237,e3128af3a2025bcd,mobile
DEV_007238,bcf30706ba386b2a,desktop
DEV_007239,63c16dd6b73ff71a,desktop
DEV_007240,34cdf4d6c9b3637a,mobile
DEV_007241,11420bb3030f2f5f,desktop
DEV_007242,e77969a445859eae,desktop
DEV_007243,a6eb034cfa7d86fe,tablet
DEV_007244,d09a31aa3c084d4a,tablet
DEV_007245,61b84cd6e5952ff3,desktop
DEV_007246,baef4cbf43e896af,mobile
DEV_007247,1c54de47fe76658d,mobile
DEV_007248,7bfa053eb93c2937,desktop
DEV_007249,60f5bc8331510b74,mobile
DEV_007250,edbb77c6fd38d03d,mobile
DEV_007251,1356ba9233a56765,tablet
DEV_007252,96b2ed3a0a271431,mobile
DEV_007253,a7a63df0f715c165,tablet
DEV_007254,fbf0e8f2f77b36fb,mobile
DEV_007255,e51e9d1c069d55f6,mobile
DEV_007256,b5e9eb71967931c6,mobile
DEV_007257,0895b11681649c55,tablet
DEV_007258,7b271fabd58e77a6,desktop
DEV_007259,bdca99eb8b825b77,desktop
DEV_007260,95723d7e8a9f72f7,mobile
DEV_007261,a55cc0d2ed1e9c72,mobile
DEV_007262,b8c44ce56e740a84,mobile
DEV_007263,b54cb41beae5e23c,mobile
DEV_007264,9e4d99738f72cf7e,desktop
DEV_007265,633c16179cda80ea,mobile
DEV_007266,6794a32975e437ea,desktop
DEV_007267,93c3f69fa3d4d379,mobile
DEV_007268,a59f7ee000197c2c,mobile
DEV_007269,fb68a425d2571ca8,tablet
DEV_007270,7af8a0a31796f914,mobile
DEV_007271,62baff6c338ecfbb,mobile
DEV_007272,7964967354ca07cc,mobile
DEV_007273,f7f27077f0b9f7e1,desktop
DEV_007274,4d4a1479ff7f751e,mobile
DEV_007275,1863eb277c7a6090,mobile
DEV_007276,cccf80033d08c17f,desktop
DEV_007277,519ad7dc5c4a7032,mobile
DEV_007278,de8224575a0715cd,mobile
DEV_007279,94d0febbb027a4aa,mobile
DEV_007280,1829a354e747fd93,mobile
DEV_007281,335e0b5c143283ba,desktop
DEV_007282,74730c652bc5a7cb,tablet
DEV_007283,c136eef63c974961,tablet
DEV_007284,8cd650fff69b9ef2,tablet
DEV_007285,52261f40afeec2bf,mobile
DEV_007286,456b8f8edaad0211,desktop
DEV_007287,90aa8d40cea5d130,desktop
DEV_007288,9b67550d75a0dc08,desktop
DEV_007289,e722cd725fe49768,tablet
DEV_007290,5cc2ace73f81bbe6,mobile
DEV_007291,5dbe6b8d61160c48,desktop
DEV_007292,521cc6bc373c704e,tablet
DEV_007293,7249372673048a56,mobile
DEV_007294,87fd644fe10dc66a,desktop
DEV_007295,8342fdd5e78c3369,tablet
DEV_007296,e517c9d12c252b50,mobile
DEV_007297,fa5036aad83c4d40,mobile
DEV_007298,0718f4f1144f495c,mobile
DEV_007299,19e171d68767a96e,desktop
DEV_007300,8b71d7660dbbebc3,mobile
DEV_007301,7808008df43b185d,mobile
DEV_007302,bcabe49af9fe0084,mobile
DEV_007303,eff42e1fb982007a,mobile
DEV_007304,9d8768adcf2298fd,mobile
DEV_007305,06c0117ed08d782a,desktop
DEV_007306,0d867dab45fe94f5,mobile
DEV_007307,50ef0d4ffe294d65,desktop
DEV_007308,81c14ef76d535973,desktop
DEV_007309,0d41cbba8d377ae8,desktop
DEV_007310,311b7638baa55369,desktop
DEV_007311,c5d7bda98081d175,mobile
DEV_007312,9b9d00dc59dd3089,tablet
DEV_007313,da719fab552ce28f,mobile
DEV_007314,58ece4a353320090,desktop
DEV_007315,7d3df6fbe273fa0b,tablet
DEV_007316,29556f08264177df,mobile
DEV_007317,bb0a116b8c242c79,tablet
DEV_007318,fceba6f3afab9123,tablet
DEV_007319,54e796cf3b36c863,desktop
DEV_007320,a0e48080e4198d7d,mobile
DEV_007321,0c1906bb187bfa61,desktop
DEV_007322,a621e29f629a706e,desktop
DEV_007323,fe63c74ebf65ca6d,mobile
DEV_007324,6093c393ec326446,tablet
DEV_007325,4b180dc65cbb2c02,mobile
DEV_007326,923b7e9996f0a668,mobile
DEV_007327,784853f4bce3491a,mobile
DEV_007328,4db87d79c5726c84,mobile
DEV_007329,ef356c46984ea8bd,mobile
DEV_007330,1bb95faf8989c9d9,mobile
DEV_007331,31d3cd940781c543,mobile
DEV_007332,f83d20cdfbea6120,desktop
DEV_007333,325460c4577f84d9,desktop
DEV_007334,4d895910e09fe018,desktop
DEV_007335,044e08bb2ac911d6,mobile
DEV_007336,c649e2bb232e36ab,desktop
DEV_007337,3f869e4343b44a84,desktop
DEV_007338,0b98e009aa92119c,mobile
DEV_007339,c46022a1d2a216c4,mobile
DEV_007340,dae8c388b8ba87f3,mobile
DEV_007341,0344dc004b22c804,desktop
DEV_007342,d35bce02e33ce057,desktop
DEV_007343,fb6daf9a5fb25c41,tablet
DEV_007344,6acc74a91d4d763c,desktop
DEV_007345,03a749043786fa78,mobile
DEV_007346,4b2bc462ab9c882f,mobile
DEV_007347,22a5110784ce8cd5,desktop
DEV_007348,b5bf1693a05ed6d8,mobile
DEV_007349,59757fcfcb375c2f,tablet
DEV_007350,d401e69786854b73,tablet
DEV_007351,6ec97df7e98ff84e,desktop
DEV_007352,19b44619ecb0209a,mobile
DEV_007353,6ae0bc1a19f462bc,desktop
DEV_007354,90527a776bc682d8,mobile
DEV_007355,f260815625815e60,mobile
DEV_007356,2e154c6ed5526b29,desktop
DEV_007357,f395ddcfb4ba6053,tablet
DEV_007358,61af51ea82923d42,mobile
DEV_007359,a1ad2576755fecd8,mobile
DEV_007360,d1fdca6ab633dd96,tablet
DEV_007361,34ceca2f0a71e49f,desktop
DEV_007362,26448e64e293f600,mobile
DEV_007363,c157615d02edd6c9,mobile
DEV_007364,f40878cfef27808f,tablet
DEV_007365,e9b91b6e098f538d,desktop
DEV_007366,761d08b0c9d35871,desktop
DEV_007367,d312b270c9314676,desktop
DEV_007368,e4b939eb82dabbfb,desktop
DEV_007369,6cc28e924a75e013,mobile
DEV_007370,a343caffcce2ac26,mobile
DEV_007371,c22c3fc69b47d5b7,desktop
DEV_007372,7c075dd073cf0319,tablet
DEV_007373,07a2e13b30106532,mobile
DEV_007374,42e400ef59943477,mobile
DEV_007375,33d1b5ddb32dacb1,mobile
DEV_007376,203135ca6f1c9d69,mobile
DEV_007377,c375b0b3eb69b711,mobile
DEV_007378,c0b66c92d8949320,mobile
DEV_007379,477ae6729db72018,mobile
DEV_007380,3b07aa7838be341d,mobile
DEV_007381,91ab38aea0967edf,mobile
DEV_007382,882c668e4fac7a90,desktop
DEV_007383,6f2867749cf81393,mobile
DEV_007384,3c568125cb195fb8,mobile
DEV_007385,b10009f455e63f07,mobile
DEV_007386,8589541a4d59c502,mobile
DEV_007387,3c3b334bdaf148b9,tablet
DEV_007388,fb68120ae634669c,mobile
DEV_007389,ce045a2bb8ecb3db,desktop
DEV_007390,475bd83f025b3c07,mobile
DEV_007391,1f11f208cf2ca257,desktop
DEV_007392,04d834cf78d5d594,desktop
DEV_007393,8c0cb96722613d92,mobile
DEV_007394,56d0b71a3882cfed,mobile
DEV_007395,c390e3538b700ef8,mobile
DEV_007396,58316381c647db89,desktop
DEV_007397,7bdad0a613d38006,tablet
DEV_007398,2cd6548046643c63,mobile
DEV_007399,e7a6934ee11fac86,desktop
DEV_007400,7fb84514a3d6c089,mobile
DEV_007401,85ca85e14e162996,mobile
DEV_007402,03a79717aa2af7e6,desktop
DEV_007403,32ae14f39ec5eba7,mobile
DEV_007404,95a99c8c7dc469fa,desktop
DEV_007405,781ff91efb94d496,mobile
DEV_007406,fa49ebfc86a743ea,tablet
DEV_007407,526dfcb6062c74c7,mobile
DEV_007408,e7799299920754b8,desktop
DEV_007409,42d3c4d9354142d3,mobile
DEV_007410,66d4a7b5b8c29a60,mobile
DEV_007411,5071483982f76514,mobile
DEV_007412,1a4dcbcb83287e57,tablet
DEV_007413,3ba2b84da16d20fc,mobile
DEV_007414,7aa870c75d536235,mobile
DEV_007415,42053eb8899593ff,mobile
DEV_007416,071e00183eccef09,mobile
DEV_007417,948f20bc536e4b6f,mobile
DEV_007418,aa16c0f61b0ac0ff,desktop
DEV_007419,eeb86f45600df4a5,mobile
DEV_007420,4afa2e2ca95c8d96,desktop
DEV_007421,b97be6b36a2f7937,mobile
DEV_007422,60f20938c8f09dfd,desktop
DEV_007423,c90d0783847f1169,desktop
DEV_007424,702a0d2138838707,desktop
DEV_007425,ea86bde30577e4fa,mobile
DEV_007426,4bb2c6fd0cdb0ba2,mobile
DEV_007427,1769b193154eaa2a,desktop
DEV_007428,92f9009315ed7180,mobile
DEV_007429,aea2c6da6b84c4cf,mobile
DEV_007430,0bb713c6b832ac0e,mobile
DEV_007431,332ec58cba154af9,mobile
DEV_007432,4e9b1b5c5fbdb645,desktop
DEV_007433,5c8f61c82e2dcba8,mobile
DEV_007434,ec4b3e98b847c412,mobile
DEV_007435,fb56bdc7dcdc0603,tablet
DEV_007436,7e1440811a4e9308,mobile
DEV_007437,550a126b3ef063f2,mobile
DEV_007438,e8b7c0271fff1c47,tablet
DEV_007439,aca314a05ba3da0b,mobile
DEV_007440,3fa8baa407de9d5d,desktop
DEV_007441,623c52cb0da4d336,mobile
DEV_007442,c334085bbddf8503,mobile
DEV_007443,b40fab668072a56a,mobile
DEV_007444,d4920ea4db102092,desktop
DEV_007445,713c7d3b0901a0a9,desktop
DEV_007446,92af9a9b1c900f7b,tablet
DEV_007447,e598d14354eafd31,mobile
DEV_007448,8539bb21627c5409,mobile
DEV_007449,4b90630a39d5aa47,mobile
DEV_007450,e13d0ff7382935c0,tablet
DEV_007451,8a6a33a5e8f3107c,mobile
DEV_007452,83e0112c61c076a1,mobile
DEV_007453,cde22f12ed62f71e,mobile
DEV_007454,0aee1e14a88bd7da,desktop
DEV_007455,35a1d904d766421c,tablet
DEV_007456,d165bd304fee5bad,desktop
DEV_007457,16ff1f434a51ff12,tablet
DEV_007458,bd5b9f6ef0e909e3,mobile
DEV_007459,c4a122069f67f4db,desktop
DEV_007460,1b6f6cc3822c2242,mobile
DEV_007461,bb73095b16bc2072,mobile
DEV_007462,d6ecf517481fdd6d,mobile
DEV_007463,f761027280421f3c,mobile
DEV_007464,ff34a242c4b9e9a9,mobile
DEV_007465,42cc5aad9dcdc200,desktop
DEV_007466,efdd07e2bc736917,tablet
DEV_007467,c03e5f5a94da82ee,desktop
DEV_007468,5d90f011a666d8f6,tablet
DEV_007469,2274e8be5b4e3c74,mobile
DEV_007470,a886b573f83db509,mobile
DEV_007471,24dbb475409c37cf,mobile
DEV_007472,69747c734ceb6be4,tablet
DEV_007473,2794678732c4dfbd,mobile
DEV_007474,efe58c5aad33307b,mobile
DEV_007475,1ff034cfa4f37549,tablet
DEV_007476,f1a1dd5a8b08f4ea,mobile
DEV_007477,42caf8d78da170c0,mobile
DEV_007478,364b5b65e23a9d29,desktop
DEV_007479,cb13a2c4d63395dc,desktop
DEV_007480,c55c9fb787801dce,desktop
DEV_007481,5895696e795a0475,desktop
DEV_007482,2741ad7e98acc35b,mobile
DEV_007483,78f5ed032475b5c2,mobile
DEV_007484,17c680c96845bb6f,desktop
DEV_007485,4cb47b0e5d86e662,mobile
DEV_007486,c3b94739453daaa3,tablet
DEV_007487,c0590ef02b85cf54,tablet
DEV_007488,58ec2bf29166d64a,mobile
DEV_007489,a1cb4b672b8a7cca,desktop
DEV_007490,2daa7e6e3320eb50,desktop
DEV_007491,1e2d1741fda0d03c,mobile
DEV_007492,24979767b3ca8526,mobile
DEV_007493,101273208bf4f7fa,mobile
DEV_007494,ef583417c9ccec09,desktop
DEV_007495,36b96aee5584c6d4,mobile
DEV_007496,a17ce9e7dcf53275,mobile
DEV_007497,ab625626ad0abb16,desktop
DEV_007498,4da60f5c95018708,mobile
DEV_007499,132cd3f7b2e8e81b,mobile
DEV_007500,6bc11464b5cb7093,mobile
DEV_007501,356e17f09e036926,desktop
DEV_007502,f6c3ecb420e8eac5,mobile
DEV_007503,b045d2fdc8c8b3b5,mobile
DEV_007504,ca271890e7264ccb,mobile
DEV_007505,1c3e97d08478d893,desktop
DEV_007506,8c305972b7017fe5,mobile
DEV_007507,8a5ad35fa44196d6,desktop
DEV_007508,0a252f21ae97bda7,desktop
DEV_007509,73677951f027baaa,mobile
DEV_007510,6b0177965683592f,mobile
DEV_007511,ccfc05ef219e1b25,mobile
DEV_007512,fe6dc247816fe474,tablet
DEV_007513,96fe9771e2437dcd,tablet
DEV_007514,aa08087b17a0365f,desktop
DEV_007515,73a8e9635801be3e,mobile
DEV_007516,a52ea112d5957d39,mobile
DEV_007517,2b0e6df2ee989a13,mobile
DEV_007518,6ee9fc928da8d259,mobile
DEV_007519,a06f3160d21042a4,desktop
DEV_007520,922ed5ad51eca6a0,mobile
DEV_007521,9414fea94a56cece,desktop
DEV_007522,5a052871f5ddebd9,tablet
DEV_007523,97309cfd835546ad,mobile
DEV_007524,47a538c4098860b0,mobile
DEV_007525,ba5c3399bddcb12e,desktop
DEV_007526,fbfa7dc671f1551b,mobile
DEV_007527,526f08da9e3d976f,mobile
DEV_007528,155b45b40364d6f3,mobile
DEV_007529,d8d4214259223bc5,mobile
DEV_007530,ccd246fc646c2d47,mobile
DEV_007531,dff1f9319aa4ac54,desktop
DEV_007532,58bcb8b4c3071beb,mobile
DEV_007533,e89cee384dbb4a64,desktop
DEV_007534,4d3c517ae509ea8b,mobile
DEV_007535,1edf5f8ec1ab7e74,desktop
DEV_007536,9a1b4a56683b5869,desktop
DEV_007537,db9a723452109efd,desktop
DEV_007538,71d03aea8f6f1516,mobile
DEV_007539,c2c5391d82960068,mobile
DEV_007540,3f816f9606728817,mobile
DEV_007541,fdf90a9273068aab,mobile
DEV_007542,8479f7a045e9c7df,mobile
DEV_007543,5bb956d824d27569,tablet
DEV_007544,e4fea38aa3808137,desktop
DEV_007545,6e627abc83a04cc3,mobile
DEV_007546,02c73dbc5d2d0592,mobile
DEV_007547,144296d45c645d4e,mobile
DEV_007548,c454be0b83bcb2ca,desktop
DEV_007549,734cc3337269c80d,desktop
DEV_007550,415b8e06f29a1bf7,desktop
DEV_007551,75588121c1f789fc,tablet
DEV_007552,44eec70265cc4a01,mobile
DEV_007553,3e8b7fb404c0f220,desktop
DEV_007554,a65b00cf07ef8af7,tablet
DEV_007555,461b10b7680cbf73,tablet
DEV_007556,667dbfdbe0541081,desktop
DEV_007557,f30553917d642477,mobile
DEV_007558,c863ac6bc8a2bbf2,desktop
DEV_007559,5655472f19095df3,mobile
DEV_007560,07b3800d33d4f521,mobile
DEV_007561,b60016c7a8c9075c,mobile
DEV_007562,4444a940cc5f792b,mobile
DEV_007563,c17cb6c2533b64b7,desktop
DEV_007564,f64163378ab8e3b1,mobile
DEV_007565,77f37f7350fe5fc4,mobile
DEV_007566,79c259b46d2da4ad,desktop
DEV_007567,74cca91897eaaedd,desktop
DEV_007568,21c9de2ae5f26104,mobile
DEV_007569,3efd410608113446,mobile
DEV_007570,19eb5c2b2b886319,desktop
DEV_007571,faec9a224d029f1b,desktop
DEV_007572,d431602c6e8716df,mobile
DEV_007573,d5676680f1d7005b,mobile
DEV_007574,04a5b246d227fc20,mobile
DEV_007575,d6423422c9e67de9,mobile
DEV_007576,7be937d033a0f517,tablet
DEV_007577,e42aadb803d8759b,tablet
DEV_007578,809cb49e29005da5,mobile
DEV_007579,77590f756a186aad,desktop
DEV_007580,69d818872d5715a3,tablet
DEV_007581,57b511c58f829d39,desktop
DEV_007582,6398b6d2ff83af1f,desktop
DEV_007583,1d1879095b110428,mobile
DEV_007584,0c1eeebb7b13a6e4,desktop
DEV_007585,1143da21174289ba,tablet
DEV_007586,3256ae5243659e37,mobile
DEV_007587,e04c0fdc98933c55,tablet
DEV_007588,5e487a999c11cce9,desktop
DEV_007589,c4ed77015c2a3800,tablet
DEV_007590,104fc315db8f2274,mobile
DEV_007591,7a83dee0a21fc184,mobile
DEV_007592,d5a152ddde264146,desktop
DEV_007593,63fde0731d3b29ee,tablet
DEV_007594,cd85119a024415cb,mobile
DEV_007595,35a40c80564e7721,mobile
DEV_007596,db235deb86019197,desktop
DEV_007597,5cbf96dbf21afc4c,desktop
DEV_007598,9af07770af31ca8c,mobile
DEV_007599,a35a4e006bd730b1,mobile
DEV_007600,bf327b4cfbd9cb2d,tablet
DEV_007601,f4586681a7a06d8a,mobile
DEV_007602,868396f3b95405a4,desktop
DEV_007603,a2471ee6d5ef3143,tablet
DEV_007604,759fdeb953097790,mobile
DEV_007605,2e624967a363504e,desktop
DEV_007606,230cf08fe5818b5e,desktop
DEV_007607,ae51d214081e3a3d,tablet
DEV_007608,b2648c66da2f09fb,mobile
DEV_007609,5c8d39760e40e626,mobile
DEV_007610,8b04a33c1a90be25,mobile
DEV_007611,a2762bd5b7c98dab,mobile
DEV_007612,2c8d2f04a6c75fec,tablet
DEV_007613,3078669e37081016,mobile
DEV_007614,2cf5f4dfefff4cb9,mobile
DEV_007615,6bd11887e4b66223,mobile
DEV_007616,1bd13cb021a520fb,tablet
DEV_007617,bb8e875492d154c9,tablet
DEV_007618,bca0e852108bf907,mobile
DEV_007619,5ca955fcc0fca26c,mobile
DEV_007620,434b6707d2dffbe7,mobile
DEV_007621,bbcce6ab8c65dbcd,mobile
DEV_007622,f82875c9ebd048cd,mobile
DEV_007623,ad33b01858fda9fa,mobile
DEV_007624,bcbd327073d623c2,desktop
DEV_007625,a747057797945d1b,mobile
DEV_007626,735d2e800bfa730b,mobile
DEV_007627,88a349b16f757934,desktop
DEV_007628,2e1b972b1b197486,tablet
DEV_007629,c7a04c04aaa45ba0,tablet
DEV_007630,525933f67a4c7f74,desktop
DEV_007631,2f97cff58d9ba7fb,mobile
DEV_007632,150988b54e3efeff,mobile
DEV_007633,6c60ee694a6c1af5,mobile
DEV_007634,8c1c5bec7185b8c1,desktop
DEV_007635,dd22b5997e6468ab,tablet
DEV_007636,1d4b495699374c21,mobile
DEV_007637,878f8070cd2ef63b,mobile
DEV_007638,8dcac43cbd0e5caf,tablet
DEV_007639,ca6fda020aa0d867,mobile
DEV_007640,89953e7727699220,mobile
DEV_007641,bd4329879ac03d84,mobile
DEV_007642,65bf225528100338,tablet
DEV_007643,64954d1fe6548dde,mobile
DEV_007644,65e6ce4c4e8ff854,desktop
DEV_007645,2c9dbe3fa4142ef2,desktop
DEV_007646,83421d8ebc3032d8,desktop
DEV_007647,07b809c4e7d94dbe,mobile
DEV_007648,e9a8f7839a51f2bb,mobile
DEV_007649,f8af1db02a2f6803,mobile
DEV_007650,14fc23f7a84ad8d2,desktop
DEV_007651,1b700bc98d5f8a5f,mobile
DEV_007652,922534d915d95899,tablet
DEV_007653,c07ae978fb772a04,mobile
DEV_007654,ed13ab2f9b147bf0,tablet
DEV_007655,372e840c9d0930fb,mobile
DEV_007656,a5ed8637c9976514,desktop
DEV_007657,c06ea8858d64cc66,mobile
DEV_007658,a58f238d716894dd,desktop
DEV_007659,b73952b40f33bcc2,mobile
DEV_007660,582ee2a346d29a41,mobile
DEV_007661,d9132403c18cb7d8,tablet
DEV_007662,24f5a98e317b33f9,mobile
DEV_007663,0f83456fefb8e8ff,mobile
DEV_007664,56b9f51674758e1a,mobile
DEV_007665,8211948198b1c9dc,tablet
DEV_007666,77187cb04e6e032d,mobile
DEV_007667,aa9d15605fd9f0a3,mobile
DEV_007668,ed1883a2826c9863,desktop
DEV_007669,bb04f8d77e5f2012,tablet
DEV_007670,8ef407b5a9b78cc2,mobile
DEV_007671,c030f7d9e641905f,tablet
DEV_007672,c82de05066f4b0b9,mobile
DEV_007673,182cd4e08a012361,mobile
DEV_007674,819a0b7432465330,mobile
DEV_007675,ca9fb5d520907adc,desktop
DEV_007676,dfb4fa921149d239,mobile
DEV_007677,fc378e8ef69cb818,desktop
DEV_007678,037f5ab8f43d88c3,desktop
DEV_007679,2837c48e0e005088,mobile
DEV_007680,20ff0867c5eadcf4,desktop
DEV_007681,5cc3bc676ce2ab21,desktop
DEV_007682,b46547442a5a3eb9,mobile
DEV_007683,9575d0b4a06a94f6,desktop
DEV_007684,63ace0cd61fbbb01,mobile
DEV_007685,2d5b778367c48236,mobile
DEV_007686,d5c595aadc7600cc,mobile
DEV_007687,0f0127214d5d397a,desktop
DEV_007688,6930483ffb35bd57,mobile
DEV_007689,d2aa509b6f8fd1d9,tablet
DEV_007690,7bcba09517a8b806,tablet
DEV_007691,cd74644e5de0d125,mobile
DEV_007692,29511bfa9ee23c0c,tablet
DEV_007693,529660fc1223e17d,mobile
DEV_007694,ab1c456f292ac270,mobile
DEV_007695,846477a83126c0c4,desktop
DEV_007696,bec12fb93ca5d258,mobile
DEV_007697,3231b7b881f683f3,desktop
DEV_007698,e84c91c584f3ae12,desktop
DEV_007699,d321493cc8ee2d3e,mobile
DEV_007700,20ad3daccfd98f1d,tablet
DEV_007701,5f6f2d894c81a93e,tablet
DEV_007702,7d829a42b44a75f0,desktop
DEV_007703,038485f75f22df20,desktop
DEV_007704,ef3c4f0aa3267969,tablet
DEV_007705,60e08ceb46b83fa4,mobile
DEV_007706,ba74545ecdd438b1,mobile
DEV_007707,c4d371952f008f15,mobile
DEV_007708,48ab3f19a5a6f307,desktop
DEV_007709,8a0ebdf0ad3425c8,mobile
DEV_007710,1a3c348e03786894,mobile
DEV_007711,b492146fdfd200e4,tablet
DEV_007712,79ddec771abb533c,mobile
DEV_007713,08a0916c27a71fd6,desktop
DEV_007714,de8ccb19ca4e76e3,mobile
DEV_007715,d1aa52f896090ea4,mobile
DEV_007716,85504114186fc154,desktop
DEV_007717,d004abfb48e89974,tablet
DEV_007718,75e47414b95eb3c1,desktop
DEV_007719,87c4df74351fb10a,tablet
DEV_007720,7001752301bf24fc,desktop
DEV_007721,71d60f8b09dd0c38,tablet
DEV_007722,14d465a5fb5257a3,desktop
DEV_007723,aa6aa9a38e64e59e,desktop
DEV_007724,f6079533f7ac312b,desktop
DEV_007725,10708529bf80ff5c,tablet
DEV_007726,db5f037b3252a4e5,mobile
DEV_007727,7b1607c68d089505,mobile
DEV_007728,ddda1059e10c1079,desktop
DEV_007729,3ca52278e3030f9f,tablet
DEV_007730,3f8312815ce2178c,desktop
DEV_007731,9b4ef852dec0b7ed,mobile
DEV_007732,8e4e068609bf8a5e,desktop
DEV_007733,9c0287175c124143,mobile
DEV_007734,0f951224d51292ab,desktop
DEV_007735,d3fc8bad69b70da5,desktop
DEV_007736,cdd89f4b6b28dfea,tablet
DEV_007737,fd2eee750770aeca,mobile
DEV_007738,651e3cb1da0e5e12,mobile
DEV_007739,1042a682b28803c9,mobile
DEV_007740,5fc697f37c6a4c67,desktop
DEV_007741,f3d16d5eb965d708,mobile
DEV_007742,b711281a4cdb75f1,mobile
DEV_007743,4c30d2f980c54de5,mobile
DEV_007744,d96ff0e51beae74f,mobile
DEV_007745,c498243bf9b9e8fd,tablet
DEV_007746,d608045159a1e9cc,mobile
DEV_007747,09aae4b6e21fa9bc,tablet
DEV_007748,2f4ecbf8139b6f92,mobile
DEV_007749,5f98d60ce7cc5c04,mobile
DEV_007750,4af381da332fad61,mobile
DEV_007751,f02aeef5878fe1f8,tablet
DEV_007752,b09004f80092e82d,mobile
DEV_007753,bc3768968eeefd57,mobile
DEV_007754,2ed72395de64d5be,desktop
DEV_007755,734efb194c4ff3b2,desktop
DEV_007756,5c314115742ea0bc,mobile
DEV_007757,4f0475d717449260,mobile
DEV_007758,970a5923cc1be8e3,tablet
DEV_007759,05ea257e23f08593,tablet
DEV_007760,4f2a617b625b3867,mobile
DEV_007761,687a05881243348b,mobile
DEV_007762,07dbfab7b4ad1365,mobile
DEV_007763,780c9ea6f8dce368,mobile
DEV_007764,cf8cd3bddc851b0d,mobile
DEV_007765,ae799ebb9ac582bc,desktop
DEV_007766,437ae3c436f4e8e0,mobile
DEV_007767,b051dab50d83313c,mobile
DEV_007768,41f0749e00cfd599,desktop
DEV_007769,5fc2760fb7b2aeeb,mobile
DEV_007770,b5396396f0d100bf,mobile
DEV_007771,0efea2a4296dbc87,mobile
DEV_007772,51232c4742d30fd0,mobile
DEV_007773,7a3eb0561fb76456,mobile
DEV_007774,964f492741d053cf,desktop
DEV_007775,577dab9db55f6a06,mobile
DEV_007776,0fc8cbc4371f4a22,mobile
DEV_007777,52a7094dd15815a5,mobile
DEV_007778,e882bacca5a42d85,desktop
DEV_007779,2bedd9d0d9fdd28b,mobile
DEV_007780,004d7922a4b6c24d,tablet
DEV_007781,d44eb5321f33e515,mobile
DEV_007782,31e169025617b289,tablet
DEV_007783,4f37ab4295cafc5b,tablet
DEV_007784,7070fc2b7ad86b6c,desktop
DEV_007785,a598105e04493b47,mobile
DEV_007786,216af900d1f63814,mobile
DEV_007787,dc9c35f2fbb0c26e,mobile
DEV_007788,1395f9d6bec2751f,tablet
DEV_007789,44b6b9a81e4173c8,tablet
DEV_007790,ef58a79433ae4936,mobile
DEV_007791,353b7d329dd2a6ed,mobile
DEV_007792,b4579604a26cd4ab,mobile
DEV_007793,7de50e2933b04680,desktop
DEV_007794,f352e9b7e13a17d1,tablet
DEV_007795,ad1e978765ae5eaf,mobile
DEV_007796,acfd2601aab4cfde,tablet
DEV_007797,fb3b9a8217c7e2db,tablet
DEV_007798,50c302ff6bd49b08,desktop
DEV_007799,e3ceeebe6f577a6e,mobile
DEV_007800,6f1624818612d88c,tablet
DEV_007801,887c1f34599e6aa0,tablet
DEV_007802,53721d006b9359df,desktop
DEV_007803,af93955894e6b3c6,mobile
DEV_007804,1b5293e3328ccfe8,mobile
DEV_007805,ca2de48af6ba1827,mobile
DEV_007806,93192f1504566d35,mobile
DEV_007807,3203f55d2f6bd893,mobile
DEV_007808,97a6d3fff82dd88d,mobile
DEV_007809,85f5d356e3f34cd9,mobile
DEV_007810,53faaf9ac7702382,mobile
DEV_007811,f608c90b45a218a1,mobile
DEV_007812,5d219baf8557216e,desktop
DEV_007813,52086dc6ac89d0b7,mobile
DEV_007814,6a9f7227800c85d2,mobile
DEV_007815,0e93dd9f60000977,desktop
DEV_007816,173851b74e9cd001,tablet
DEV_007817,ebf67212e0b190d3,mobile
DEV_007818,9105634adcf01b39,mobile
DEV_007819,5b74e61f01f62445,tablet
DEV_007820,3530a2c57881ebcb,mobile
DEV_007821,2ac4033372d4dd76,desktop
DEV_007822,e44e581149d3900b,mobile
DEV_007823,00f5ab87c92fd7e1,mobile
DEV_007824,c2349ba2c78e7670,desktop
DEV_007825,72e40c0febb04ce1,mobile
DEV_007826,27f78dc94c0fc866,mobile
DEV_007827,5ae23b19565aa688,desktop
DEV_007828,38dd40c240291bb5,mobile
DEV_007829,7cc75e51307d2f5d,mobile
DEV_007830,c7d01b5298716124,mobile
DEV_007831,d2cfb9fd9acf99b6,desktop
DEV_007832,2cacf2d75beff7c0,tablet
DEV_007833,e0fe45373e56cef8,mobile
DEV_007834,a2e54469394aa751,mobile
DEV_007835,2abc788b3078fa26,mobile
DEV_007836,9abc1e6d694e41a3,desktop
DEV_007837,3ac635970df283d6,desktop
DEV_007838,a3022c39e7b09c5c,desktop
DEV_007839,5500beff31199cb3,mobile
DEV_007840,95d07e34c8aed240,desktop
DEV_007841,b1e047d58c73e8f6,mobile
DEV_007842,5151e5b3fbe98adc,tablet
DEV_007843,5a434c0690311690,tablet
DEV_007844,e6075cf8e4d3bc45,mobile
DEV_007845,192220566a297664,mobile
DEV_007846,98a498c8b02899eb,desktop
DEV_007847,881ce1a8f226c1c1,mobile
DEV_007848,35219320adccadd9,mobile
DEV_007849,df512ea1a1e06207,mobile
DEV_007850,17fae453ead0e226,mobile
DEV_007851,07b7ae541a10b61d,mobile
DEV_007852,09124bbe3fce789a,mobile
DEV_007853,dd6de4df80c791d7,mobile
DEV_007854,1aad8a5d6bd7ca3a,tablet
DEV_007855,d78e2b9c2af4fb9a,desktop
DEV_007856,8af693fca5085e87,mobile
DEV_007857,08f72196e298fab4,desktop
DEV_007858,b026ce96407b0ede,mobile
DEV_007859,9cf34d97de30d508,mobile
DEV_007860,addb5d3c58932935,mobile
DEV_007861,94cf0d30d1253383,tablet
DEV_007862,0b5dc724b27da367,tablet
DEV_007863,109c8e1b54074a5f,desktop
DEV_007864,c08e2a1e0d88aae5,mobile
DEV_007865,d06fe0f4c97aef63,tablet
DEV_007866,4e9ca3b9555791c4,tablet
DEV_007867,5dee5576e0b231be,mobile
DEV_007868,f28c4ddf51c74c7d,mobile
DEV_007869,923e510e4c788f26,mobile
DEV_007870,fd1907a9b20de98b,tablet
DEV_007871,345d87319bdb4411,mobile
DEV_007872,ea3029a6c6f61117,mobile
DEV_007873,640db6061c6caf06,mobile
DEV_007874,bb0e6c24d744eedc,mobile
DEV_007875,4ef55a4cfce00547,mobile
DEV_007876,d69c13dc2b02ae63,mobile
DEV_007877,92e1861789a8c9f4,desktop
DEV_007878,c99825d337f08731,desktop
DEV_007879,77f0448e668b02ab,desktop
DEV_007880,195c19cbda6c70eb,mobile
DEV_007881,f77dd2babbc38be7,desktop
DEV_007882,2c4fb2c9e5b4e7d1,tablet
DEV_007883,1adbd0029ca49566,tablet
DEV_007884,a327b05d44d07bb1,desktop
DEV_007885,50ffd64b17d57679,mobile
DEV_007886,e4f2a09005ccfddb,mobile
DEV_007887,34e907ed338be201,desktop
DEV_007888,edfe2c2490272ce6,desktop
DEV_007889,a8dc441690d4af73,mobile
DEV_007890,d98f2a47919219ef,desktop
DEV_007891,4bc2503f8bd6451c,mobile
DEV_007892,5eb99499adb76d38,desktop
DEV_007893,178580d0ce763e07,tablet
DEV_007894,44aa961fd77083e5,desktop
DEV_007895,1945940c7ea1f4ae,mobile
DEV_007896,b273dffb8d8a5feb,mobile
DEV_007897,41757fc58490dfdb,mobile
DEV_007898,93437247ca9e37ac,desktop
DEV_007899,5e6edebbb9486155,desktop
DEV_007900,8c4fa2943c3da153,desktop
DEV_007901,39ebc7535297c40a,desktop
DEV_007902,3e27ed7ff3a898dd,mobile
DEV_007903,26fcaf8b1ce40f57,mobile
DEV_007904,259241b35f786afe,desktop
DEV_007905,e3f8dd78e25d696c,mobile
DEV_007906,0b21987a23bbac83,desktop
DEV_007907,e9d2e3c1ea71ac7d,desktop
DEV_007908,257bd713c7ccadd5,desktop
DEV_007909,9f5252458f1a8c67,desktop
DEV_007910,85762a832d68b206,desktop
DEV_007911,07204572cbdfd720,mobile
DEV_007912,dd5fa18d92a2bd78,desktop
DEV_007913,8abc9663c092e4bb,desktop
DEV_007914,c7b90ca80ff40086,mobile
DEV_007915,2ce32f62e2b5f421,tablet
DEV_007916,2e94a4b005284229,mobile
DEV_007917,e93b7eb58178d4d1,desktop
DEV_007918,2777214244a8c939,mobile
DEV_007919,9e1bc364d6acf033,mobile
DEV_007920,4e66e87f4b9f9c50,mobile
DEV_007921,3101ddd261f5143f,desktop
DEV_007922,67decfa3f5c982a3,tablet
DEV_007923,7e2caf36e4e41884,mobile
DEV_007924,f9a6544c31035f4a,desktop
DEV_007925,125ee62a61876371,mobile
DEV_007926,82c74123fc1b2892,mobile
DEV_007927,7ed9852b8774fc3b,mobile
DEV_007928,de908c1f4b9ceb1a,desktop
DEV_007929,2cec7543bfa39fa0,desktop
DEV_007930,3d778457b245d163,tablet
DEV_007931,ef35f1e9726fd15e,tablet
DEV_007932,686b2fe356f33414,mobile
DEV_007933,c4abb83a8a98dab1,desktop
DEV_007934,0b772e136e456c2b,mobile
DEV_007935,551d429678478891,desktop
DEV_007936,db9b3ff75bc24f63,mobile
DEV_007937,29990b04fd3ffba6,mobile
DEV_007938,5194110fa138cebb,tablet
DEV_007939,6ca00ec97fa11742,mobile
DEV_007940,d7d0676208ed8683,mobile
DEV_007941,bf417702eb7b14af,mobile
DEV_007942,45c874116f263ced,mobile
DEV_007943,515ad725a0c54c89,mobile
DEV_007944,35a89cf1574db79a,mobile
DEV_007945,30d21f06aa846231,desktop
DEV_007946,9d65e45410cc427b,desktop
DEV_007947,0c7dbd1648fdc7ed,desktop
DEV_007948,fb7d52c8789787fd,mobile
DEV_007949,a50f9e4228fc7f27,mobile
DEV_007950,2c7649da82bfd74b,desktop
DEV_007951,c45f9de07026c87f,mobile
DEV_007952,49b9b08b10d0f911,tablet
DEV_007953,0cbe709909ee70b9,tablet
DEV_007954,5e124612fe74d37b,desktop
DEV_007955,40fca11ed4f722e5,desktop
DEV_007956,cb78ff26f8cfb5d8,mobile
DEV_007957,be70c84ae662a122,tablet
DEV_007958,177d4bda387fba11,desktop
DEV_007959,a7880f6e4ec73313,mobile
DEV_007960,66894eb166b331e0,mobile
DEV_007961,7c533939d6ecb383,mobile
DEV_007962,e509b9559091b2e1,mobile
DEV_007963,c9393c85a6ca53ab,desktop
DEV_007964,e60d7f421a2fbcda,mobile
DEV_007965,452afd8a32241220,mobile
DEV_007966,17da45c46fc4291e,tablet
DEV_007967,ca2d8a82233d87f3,desktop
DEV_007968,f58363efafcf79db,tablet
DEV_007969,d0d4a92d7c32dad6,mobile
DEV_007970,6d490154ddfbb366,mobile
DEV_007971,d2e4c6d8d528a1d1,mobile
DEV_007972,9caf3a38b23423c2,mobile
DEV_007973,009a8382cd2c35f7,desktop
DEV_007974,cf2f3288c88c6e76,mobile
DEV_007975,fe21ff0f209c7caf,tablet
DEV_007976,47731a1314737799,desktop
DEV_007977,0e6204e0cfff849c,mobile
DEV_007978,05432fbb71f8f78d,mobile
DEV_007979,1ea8f4febfd5e976,mobile
DEV_007980,20eb406c70820ed4,tablet
DEV_007981,fa637398edb8e22a,mobile
DEV_007982,ec54f9ba8934ce67,desktop
DEV_007983,796412f1178d7937,mobile
DEV_007984,73fff09c9386848a,mobile
DEV_007985,68d81f8c83c71d85,desktop
DEV_007986,d5436938c69b0064,desktop
DEV_007987,1f405cef2ea9096c,tablet
DEV_007988,3fb5406a9cc6969c,mobile
DEV_007989,ea4f65456bc8d092,mobile
DEV_007990,eb7bc679f918edd8,mobile
DEV_007991,8e014d22208fd965,desktop
DEV_007992,054f2dda8a36e392,desktop
DEV_007993,7f5a1702d45b2343,desktop
DEV_007994,063992cb05e43ccb,tablet
DEV_007995,2408627d04a20e8e,tablet
DEV_007996,b13a35b05b0efe47,mobile
DEV_007997,abb4c34f93e5a126,tablet
DEV_007998,9584fb09aa705527,tablet
DEV_007999,29b0df79c3c219e2,mobile
DEV_008000,250c457daf16cc95,mobile
DEV_008001,ea06c14df96c39e5,mobile
DEV_008002,4832ae14dda23f76,tablet
DEV_008003,74bacfebd7e93b83,mobile
DEV_008004,3c245722403bc437,mobile
DEV_008005,dc059d39d9ac1d12,mobile
DEV_008006,01ee104cf651e0d4,desktop
DEV_008007,0430a854d3127f2d,mobile
DEV_008008,d5441cb870ce7fcb,mobile
DEV_008009,8a0df93f00c5b6cd,desktop
DEV_008010,629e7243b5c1a7b1,mobile
DEV_008011,f75a715be58d6ad9,tablet
DEV_008012,f5de58f0371d07e0,mobile
DEV_008013,6dc5aa4b75f56aa0,mobile
DEV_008014,03e350d5e88b56ad,mobile
DEV_008015,1e44f2d5ed683897,desktop
DEV_008016,11424e565b55b799,desktop
DEV_008017,dbcae48ff9537473,mobile
DEV_008018,0325dcc9f85d653a,mobile
DEV_008019,4e758f8d517e446a,mobile
DEV_008020,1f7f9044c9636ea0,desktop
DEV_008021,e22eb02cdb1392c8,tablet
DEV_008022,821a8073f85d6714,desktop
DEV_008023,9248b44034054ac9,desktop
DEV_008024,98dce82836660674,desktop
DEV_008025,4784600d19085905,tablet
DEV_008026,8992d162252a8201,desktop
DEV_008027,778693da3d86d775,desktop
DEV_008028,54b98a3db0966df2,mobile
DEV_008029,45a4c9f8fb7aa574,mobile
DEV_008030,31c87d3c53f84bfc,tablet
DEV_008031,e5a571ab572ea797,mobile
DEV_008032,7b5bc36b224c82de,tablet
DEV_008033,4f7529afed3503fb,mobile
DEV_008034,1c5f9d168382be86,tablet
DEV_008035,224e94de6269de79,mobile
DEV_008036,0d305569b5e47069,mobile
DEV_008037,c61d097847e2335e,desktop
DEV_008038,5ec0cc6c0aa460f5,mobile
DEV_008039,d561742af0f0d468,mobile
DEV_008040,0ba9f1a1c7d6de20,mobile
DEV_008041,4591e55d6f590454,mobile
DEV_008042,f2ec63cc5a1f2b1d,mobile
DEV_008043,2bbbd0e48fbc133c,desktop
DEV_008044,c8d6f1be4facc8fe,mobile
DEV_008045,3982612e58c00948,tablet
DEV_008046,d1516a350e0e92b9,mobile
DEV_008047,beac5c7c43af30b7,mobile
DEV_008048,aa164abbe04065d7,tablet
DEV_008049,b5bf13128ca5167c,desktop
DEV_008050,631752d5418be4c2,desktop
DEV_008051,82bfe4887a9a9b3d,tablet
DEV_008052,337a464c8c3660af,mobile
DEV_008053,6b321f65fbd71686,desktop
DEV_008054,95aab96a4afc8642,desktop
DEV_008055,1edab0373a995a1b,tablet
DEV_008056,499b5007c9324efe,mobile
DEV_008057,e54c9110cc1e5f13,desktop
DEV_008058,bf6ea8f0835b359f,desktop
DEV_008059,6797ad4d6787dce3,tablet
DEV_008060,fa5d19090a47c8bd,tablet
DEV_008061,67b1d21d6633b46f,desktop
DEV_008062,c847994d05f554fd,mobile
DEV_008063,6baa13b0df1578ad,mobile
DEV_008064,eb104bacf2144daf,desktop
DEV_008065,79ac0b0b595dc05f,mobile
DEV_008066,e70d48f0d521c82f,mobile
DEV_008067,7e230595cce1deb3,mobile
DEV_008068,fdf65bcd516dc000,mobile
DEV_008069,ce3f0530f623afd4,mobile
DEV_008070,3fc99a6da4edab0b,mobile
DEV_008071,a6e4c557050925ec,mobile
DEV_008072,9b9f679c0e47b14b,desktop
DEV_008073,c95509db65f40540,mobile
DEV_008074,db1852f070835733,desktop
DEV_008075,5bf8deaf37e5eb7f,tablet
DEV_008076,6af309ea5a5af241,tablet
DEV_008077,1986df320f62f091,desktop
DEV_008078,4277885eb49c2fd8,tablet
DEV_008079,1d12081856c91c4c,mobile
DEV_008080,460ba378f61f8ec8,mobile
DEV_008081,32c4679f660f23e3,desktop
DEV_008082,105256f2b25bd5bc,mobile
DEV_008083,a0e16ce3ff9b3be4,mobile
DEV_008084,471ae000e926ffc3,mobile
DEV_008085,814b4c81e445f1e6,mobile
DEV_008086,ed250ff3c4620e0c,desktop
DEV_008087,899b3d96b9bbe0e1,mobile
DEV_008088,e745a9fa54cd621e,mobile
DEV_008089,af5755ae38e04ed2,mobile
DEV_008090,adf34d1536a5b7b1,desktop
DEV_008091,3a2e2e45d1ae6395,desktop
DEV_008092,8cfc1f979df01f51,desktop
DEV_008093,f1d8a1b6867f8a61,desktop
DEV_008094,b28e74d3f8ace5fc,desktop
DEV_008095,dcb1b3796204de22,tablet
DEV_008096,8f1f57e46ad9e403,mobile
DEV_008097,4bda65b4a5cbe6bf,mobile
DEV_008098,f28d8c27d5c71a63,desktop
DEV_008099,3b6ff91c34e06a22,desktop
DEV_008100,dd83fdf9db5f999e,desktop
DEV_008101,3350638f66e2e3fd,mobile
DEV_008102,43d5cb63a29dff2a,desktop
DEV_008103,ecf10f443df91350,desktop
DEV_008104,44ed5031c99c7177,mobile
DEV_008105,57f3c337f885e2c3,tablet
DEV_008106,6cd293f4e655fab1,mobile
DEV_008107,06010bece6d913d3,desktop
DEV_008108,e27cb5b6bb60ed4c,desktop
DEV_008109,0460d14f77ed299c,mobile
DEV_008110,a2d49651697ea7c7,mobile
DEV_008111,6aaa8394f9af7b80,mobile
DEV_008112,061008d0d4d60c36,mobile
DEV_008113,99b779a55f4eb88d,mobile
DEV_008114,b9c45f661fc6126b,mobile
DEV_008115,5a667a3f363e8dad,desktop
DEV_008116,f8e3d78a30b21747,mobile
DEV_008117,154f9a93e8553f8d,mobile
DEV_008118,3d4a474f7beca605,mobile
DEV_008119,a0a95efefc338671,desktop
DEV_008120,c543572d9ca8ef5e,mobile
DEV_008121,409fd8f64c80e5a0,mobile
DEV_008122,ae92835c7b18f085,desktop
DEV_008123,50e57509303251de,mobile
DEV_008124,6fe9e4dfa4f014e5,desktop
DEV_008125,a8f8bf2bc2ed40b8,mobile
DEV_008126,f9574bd8e5fb4da9,mobile
DEV_008127,1aaeff8893b4e24c,mobile
DEV_008128,30e5a6d49cd2ae1f,mobile
DEV_008129,6174120680ee6f1c,desktop
DEV_008130,433a6ff9de1333db,mobile
DEV_008131,c7c942077fdb4ee8,mobile
DEV_008132,c6e3c7513aa430c5,desktop
DEV_008133,e0cfe46cadd47334,desktop
DEV_008134,946e9b02c0a03eb1,tablet
DEV_008135,d82c72e4eb53747e,tablet
DEV_008136,2b5c587101fa9872,tablet
DEV_008137,b27da6531c3a49af,desktop
DEV_008138,ecc1bfefe47b0537,mobile
DEV_008139,7b5ba5617eff1964,mobile
DEV_008140,06639c8309613105,desktop
DEV_008141,f0dfac0d2df1d0ac,mobile
DEV_008142,2e05a24e83cac385,desktop
DEV_008143,e513d2591a045663,mobile
DEV_008144,64120d945ea7d254,tablet
DEV_008145,7498c02f0c0ba1a6,mobile
DEV_008146,5d8f04c74cf5707a,tablet
DEV_008147,37d2edc24cb7a279,desktop
DEV_008148,f13d6cfb57283c12,desktop
DEV_008149,556af85ce641e5da,mobile
DEV_008150,f1c61e895ac4055a,mobile
DEV_008151,a6c4cc83e361bc23,desktop
DEV_008152,50e39d77fe27cca4,tablet
DEV_008153,0bf19aa828b93094,mobile
DEV_008154,e5e7cfa21111dcdc,mobile
DEV_008155,5d50a0722f183f13,desktop
DEV_008156,27c5d11b19900669,mobile
DEV_008157,8682de9b637e883f,desktop
DEV_008158,30e53efbc6c7725f,mobile
DEV_008159,aea0fd9ca4baa5fc,mobile
DEV_008160,5bce1051e3c3a1e2,mobile
DEV_008161,e964d9cb85bd29d0,desktop
DEV_008162,d133e08a7a2b6b22,desktop
DEV_008163,bc215e22bc8b4ad5,desktop
DEV_008164,37d52176b8ecc205,desktop
DEV_008165,c7ac7d482ea2aeee,desktop
DEV_008166,74b06fa8ff91f268,mobile
DEV_008167,b4272c5fcf2884e2,desktop
DEV_008168,c6ae242d86acf09c,mobile
DEV_008169,09d2dfea8e14c942,desktop
DEV_008170,7623068e4c864fea,mobile
DEV_008171,cba425d1cefd17e8,mobile
DEV_008172,33a1d18e37fc6a3d,desktop
DEV_008173,21cd55f483130b6a,mobile
DEV_008174,c338c461287b4011,mobile
DEV_008175,22f324b77935b98f,tablet
DEV_008176,be4d0d490c5d7996,mobile
DEV_008177,f02fb74e11c7220a,desktop
DEV_008178,f92438ec5f1914e8,desktop
DEV_008179,73e9efffa1860f09,mobile
DEV_008180,61cd0de4de19e2b7,desktop
DEV_008181,c25fe6541da8173f,mobile
DEV_008182,746a52214dfb7c67,mobile
DEV_008183,50231dda684805eb,desktop
DEV_008184,dc3b13d7d306ec4a,mobile
DEV_008185,03e9b9d3872ea0dd,mobile
DEV_008186,7d47e3ea45ca845e,mobile
DEV_008187,4fde9134a513b7af,mobile
DEV_008188,f40b374a1a0c5a3f,mobile
DEV_008189,b26b39c4b1727323,tablet
DEV_008190,a94a0fe92ee1ebad,mobile
DEV_008191,2523191b1f9e655d,mobile
DEV_008192,701608e8a7b83492,tablet
DEV_008193,01c8470c13510929,tablet
DEV_008194,87130e229e353a42,desktop
DEV_008195,b49aa363d1af5da2,tablet
DEV_008196,1667e9c0184c0962,mobile
DEV_008197,86c688daa8cd7144,desktop
DEV_008198,6bd97b67f1d8b848,mobile
DEV_008199,0cee46282ce0da7e,mobile
DEV_008200,e189cdf68e84a716,desktop
DEV_008201,a2e2c314a8d81448,tablet
DEV_008202,6e1278691d2203a0,mobile
DEV_008203,19f6a78d0fad8c56,mobile
DEV_008204,fedbbe2b7d660d42,mobile
DEV_008205,364f976952ee2d62,desktop
DEV_008206,d562e1424c31dadc,tablet
DEV_008207,eec89a5cecf27357,mobile
DEV_008208,2dfbde6dc0ca0c98,mobile
DEV_008209,549d4dd5612e56fd,mobile
DEV_008210,b19947adfee05b42,mobile
DEV_008211,fefa77321ae47d65,desktop
DEV_008212,30fb0fc647a9b33b,mobile
DEV_008213,27cefc3955d06929,desktop
DEV_008214,40740c0b0578ee87,mobile
DEV_008215,00a320daba6cec32,mobile
DEV_008216,9d4776ba10f0c3f0,desktop
DEV_008217,81677836213ae0ce,tablet
DEV_008218,e65225f3809acb38,desktop
DEV_008219,a25bff6494271c34,desktop
DEV_008220,b56279056b39a38e,desktop
DEV_008221,b349086b6b454bc3,mobile
DEV_008222,b28b81547752f928,mobile
DEV_008223,db0d26253bd10e43,desktop
DEV_008224,f3f0c376eb44abab,tablet
DEV_008225,a70785bea3eb198b,desktop
DEV_008226,1b5d90fd14a2c03c,tablet
DEV_008227,83c98d148d0c473d,tablet
DEV_008228,4c3bf7f452f3bd3a,mobile
DEV_008229,3282da0e1ba774e5,mobile
DEV_008230,c0ccc6bb93727c48,mobile
DEV_008231,050e8df7b955f6a2,mobile
DEV_008232,44994ca97fadc0a2,desktop
DEV_008233,d1edd5076b62f339,desktop
DEV_008234,d6296ddef5d42bf3,mobile
DEV_008235,3f6193b1d9998a49,tablet
DEV_008236,a8be0d5bb6a883b1,mobile
DEV_008237,94f828e42c1356b6,desktop
DEV_008238,6bff68b8b6057421,desktop
DEV_008239,d9b3beb881725d23,mobile
DEV_008240,d5aab6426f36564a,mobile
DEV_008241,c6af763818590715,desktop
DEV_008242,cac4599a79c58c06,mobile
DEV_008243,36931d5419dc9bbd,mobile
DEV_008244,de90a5a2a87547df,desktop
DEV_008245,1d8e369f28cd8a3d,mobile
DEV_008246,6fd7694ce2a72302,tablet
DEV_008247,be18586ebad91308,tablet
DEV_008248,48bb2e6245119a44,mobile
DEV_008249,242919ad8602f2c5,tablet
DEV_008250,bdfad4a11fa7ed01,mobile
DEV_008251,6e8edc884685577a,desktop
DEV_008252,5851dc5e5608c4e9,tablet
DEV_008253,7a8f94b0c7d3087c,mobile
DEV_008254,e094e1879dfe9a97,mobile
DEV_008255,ca9e019109753307,mobile
DEV_008256,b1104038fe03e7bd,tablet
DEV_008257,7ef9782cb7c78ff5,desktop
DEV_008258,b2d10cb0f8b4f620,mobile
DEV_008259,c3f1e016a697a813,mobile
DEV_008260,fde8ef33802e472d,tablet
DEV_008261,a21f0a55d4cfce69,desktop
DEV_008262,188c4f26d5b44bb6,mobile
DEV_008263,9384329c84b45a96,mobile
DEV_008264,5913fbc73aa05ad2,desktop
DEV_008265,67621d4047ac211d,mobile
DEV_008266,25cade948e7a92c2,desktop
DEV_008267,328097fe440b73b9,mobile
DEV_008268,5ec6f55ae0e09f4b,mobile
DEV_008269,c79aa7331387a2f5,desktop
DEV_008270,47916c790bd9f63f,mobile
DEV_008271,d6ddc54a40297a23,mobile
DEV_008272,42523d75ddebf46a,mobile
DEV_008273,1e5bc370cba4ae71,mobile
DEV_008274,1df00a170327c37e,desktop
DEV_008275,8a3acb996bbd1a4d,tablet
DEV_008276,f5cbb406dfc05ce7,mobile
DEV_008277,b3bd12702dcd483b,desktop
DEV_008278,f4a6008787d63060,tablet
DEV_008279,53f67b02635c52e7,desktop
DEV_008280,1adc81fd5a44df25,mobile
DEV_008281,fa61331993bf9cec,mobile
DEV_008282,c195e662c62c12d7,tablet
DEV_008283,5b32a7a6b2a86be3,desktop
DEV_008284,b9f2b1cbe011ec89,desktop
DEV_008285,383fcb10ea571c0c,mobile
DEV_008286,b8bde8499f87e664,desktop
DEV_008287,3198e3cbf5fb8292,mobile
DEV_008288,fbc608b5bbdd7e5c,mobile
DEV_008289,e683e54c462e37ff,mobile
DEV_008290,66cf46c4da0ddb9e,mobile
DEV_008291,a47fcd1d021dd7d2,mobile
DEV_008292,eb6901f30f187751,mobile
DEV_008293,341c504fcd183b21,mobile
DEV_008294,b902eec3e81a72a4,desktop
DEV_008295,3d40f684df85909f,mobile
DEV_008296,3102e659968da6f8,desktop
DEV_008297,e1516c8a1dafe9f5,mobile
DEV_008298,22105555b744ac01,mobile
DEV_008299,62c536e14ed09209,tablet
DEV_008300,a0371d8e4e8e54e5,mobile
DEV_008301,0f99ab2f7c29fac6,desktop
DEV_008302,8a29f539a4824dd0,mobile
DEV_008303,bf42aad22207cdc4,desktop
DEV_008304,17393aa03518b491,desktop
DEV_008305,4cdce1882b3d8f9c,mobile
DEV_008306,e2c45e769d26f889,mobile
DEV_008307,40be7bdd9ed3e0d2,mobile
DEV_008308,04a060f3be16cb55,mobile
DEV_008309,0aa3fbfa3e01b162,tablet
DEV_008310,8683156edba93f53,mobile
DEV_008311,3c29360260f4bce9,mobile
DEV_008312,f5023c16792e580a,desktop
DEV_008313,915e4a3d017ff44d,mobile
DEV_008314,70984199ab85e7a4,mobile
DEV_008315,752f97945c2b5635,mobile
DEV_008316,062bad071b0b7f10,mobile
DEV_008317,b8f73d84db5ee9ca,mobile
DEV_008318,f36431226d5412e2,desktop
DEV_008319,7f0ca2e6ad655a7d,mobile
DEV_008320,16dccbdcc5bdf340,tablet
DEV_008321,b5768b54a77cb842,mobile
DEV_008322,e22c6a3c610fb147,desktop
DEV_008323,7f50968682311ad1,tablet
DEV_008324,698dbde7ddbdd51f,tablet
DEV_008325,21160b381d5390c0,desktop
DEV_008326,e0b10fd1a9932ac0,desktop
DEV_008327,2b8135593dc3e0e7,tablet
DEV_008328,2e7241a009096304,desktop
DEV_008329,800ea583c573d288,mobile
DEV_008330,ed5e074bad18d28c,mobile
DEV_008331,1b75e0c6bac15ecb,desktop
DEV_008332,ecc3df16bf105cd3,desktop
DEV_008333,eee7c882af2b7605,mobile
DEV_008334,b7fca68e712a7cc6,mobile
DEV_008335,98db3c2ee61ee11a,tablet
DEV_008336,15ac3b339376d74f,mobile
DEV_008337,c2d9d5e0ea921659,tablet
DEV_008338,a9cff5f08155fcd6,mobile
DEV_008339,9afa930b831e0173,mobile
DEV_008340,8382b43b15996ffa,desktop
DEV_008341,69cc8f3e4843b99f,mobile
DEV_008342,9103295952662cbe,mobile
DEV_008343,d6868f7718e25e24,mobile
DEV_008344,d7df96c76bec8245,mobile
DEV_008345,d5d0fb99b7114166,mobile
DEV_008346,5ee3d67374bbc47b,desktop
DEV_008347,a8091cd604015c63,mobile
DEV_008348,79ff5bf556d1fbc8,mobile
DEV_008349,4c53e7abcf1ca021,desktop
DEV_008350,dc497de6c05df6bd,desktop
DEV_008351,a8d335fc1ea52051,desktop
DEV_008352,301a1925744836d9,mobile
DEV_008353,02dd1f94475624d8,desktop
DEV_008354,f900f42c91c86856,desktop
DEV_008355,fea2ca219916c298,mobile
DEV_008356,20aff9bd53dc75b2,mobile
DEV_008357,9079752b2d02d5fa,desktop
DEV_008358,c4ec09364f4dac9d,tablet
DEV_008359,7c2eb270a4099936,mobile
DEV_008360,1135c411f475b498,tablet
DEV_008361,3b48d9c5b6b420f8,desktop
DEV_008362,847c0cff5d45f79f,mobile
DEV_008363,19381e4e98ce2a03,mobile
DEV_008364,4edf79b64f057771,desktop
DEV_008365,cac1eecfd7bf7436,tablet
DEV_008366,26b8714ed7e7d6b1,mobile
DEV_008367,469e1281d22a9682,desktop
DEV_008368,f8380ac16ab05f78,tablet
DEV_008369,0245fa41cc7b81e4,mobile
DEV_008370,f1814a368389478e,mobile
DEV_008371,82edf605bc1f565c,mobile
DEV_008372,a2f0518e90262807,desktop
DEV_008373,1859bac448edd00b,mobile
DEV_008374,45ba8bfcc8a10b0a,mobile
DEV_008375,fe0b872eaf3b890d,desktop
DEV_008376,3da9011ed02a4f2f,tablet
DEV_008377,cee54fae525f92ae,mobile
DEV_008378,4aeeafe950c55376,tablet
DEV_008379,80e294b4197ccbae,mobile
DEV_008380,942b9a701b81a34f,mobile
DEV_008381,5f806cab9d8c1c7f,desktop
DEV_008382,2c619cde9ff0d615,mobile
DEV_008383,2b8ac6c26929514e,tablet
DEV_008384,0cdc0efac273e49b,tablet
DEV_008385,1904d94c4bbaeddb,mobile
DEV_008386,b99182e6f7e12af2,mobile
DEV_008387,8ecc10fff75ba604,desktop
DEV_008388,8d914262cc1bcb1d,desktop
DEV_008389,ea5b4c5c35756342,mobile
DEV_008390,b41f4ecaa8408740,tablet
DEV_008391,6f524839c2106013,tablet
DEV_008392,fa3e3aace4f5da58,desktop
DEV_008393,ac1b858c571c8a16,mobile
DEV_008394,c468e64149c1a0b3,mobile
DEV_008395,81b0975498392390,mobile
DEV_008396,7b09be45933e00e3,mobile
DEV_008397,27b6c44a51e04384,desktop
DEV_008398,e538e7c710a9b0e1,mobile
DEV_008399,ad4c90af411d6263,tablet
DEV_008400,259853b1642f26c7,mobile
DEV_008401,62fd0a572158ea34,tablet
DEV_008402,b598d51470d4121d,desktop
DEV_008403,55d7268be5fe76e0,desktop
DEV_008404,1e51308189e3772b,mobile
DEV_008405,a429b7d2fabf77fd,tablet
DEV_008406,85ed215dbacc715c,mobile
DEV_008407,c0674e10f248ac75,desktop
DEV_008408,ac9b3240bf3d7ad9,mobile
DEV_008409,0dc097184de4741a,mobile
DEV_008410,dc9465579fb3544d,mobile
DEV_008411,d6e9fdd9354fe7f5,mobile
DEV_008412,3d2982a6e31dad4b,mobile
DEV_008413,9d42c72e6144990f,desktop
DEV_008414,fe39caafbf8c883a,mobile
DEV_008415,08899705af9824a0,desktop
DEV_008416,711427badab77c20,mobile
DEV_008417,1a771ae7d9f4373d,mobile
DEV_008418,42d345020bb17947,desktop
DEV_008419,c7dc323d7fac019a,tablet
DEV_008420,e7300ec8d0a1e131,desktop
DEV_008421,3f91fc00d074bafa,mobile
DEV_008422,4fb66b41bb12c973,tablet
DEV_008423,5e25e71388ff90ec,mobile
DEV_008424,0661cc847a8968ef,mobile
DEV_008425,7f987a1ee4a7be85,mobile
DEV_008426,4a3a8deb73a7e9e5,mobile
DEV_008427,bc14bd9c2d1e1f33,desktop
DEV_008428,3a6c5db387a1db31,desktop
DEV_008429,62f011e85c207dce,mobile
DEV_008430,2cebc2eccf54b9ed,mobile
DEV_008431,44c36e9e6a0881e5,desktop
DEV_008432,884e7ce60aab268c,mobile
DEV_008433,13f60516a5446eb4,mobile
DEV_008434,5f7252f705b9c272,mobile
DEV_008435,97ac6817ff563ef6,tablet
DEV_008436,0c2058bc6a9f6b28,mobile
DEV_008437,14ceeb00ba7fda46,mobile
DEV_008438,991c0a4a864d9ff7,mobile
DEV_008439,d3644266c74e19e4,mobile
DEV_008440,fc8c93e643ce2c9e,mobile
DEV_008441,35f5ef3419c8a491,desktop
DEV_008442,a0bf748a1d046bcd,desktop
DEV_008443,c771824724078c9a,mobile
DEV_008444,454d939efc9370fb,mobile
DEV_008445,eb72663a11a4f63e,mobile
DEV_008446,deeeca857078724d,mobile
DEV_008447,71fd1084e98bbf9f,desktop
DEV_008448,3446576d7661cdbf,mobile
DEV_008449,9a7ce7607493b7d5,tablet
DEV_008450,1dc4250ce9d0304b,mobile
DEV_008451,4f462f4926fee03b,mobile
DEV_008452,16a2cad7ebd78e8e,desktop
DEV_008453,858506681fc15bae,mobile
DEV_008454,9c6f202526aa83d2,tablet
DEV_008455,d726e3bb5e370ffc,desktop
DEV_008456,9d96401e2360393d,desktop
DEV_008457,20f38310e2ee83fe,desktop
DEV_008458,fc163a883e4d571f,tablet
DEV_008459,03e93964c38e32d1,desktop
DEV_008460,b1a328ae8aaca81c,tablet
DEV_008461,4487c1b716568dc7,desktop
DEV_008462,68dceb5c72b70792,mobile
DEV_008463,083b7a2de24f5320,desktop
DEV_008464,06c75ad46bb458de,tablet
DEV_008465,7d4141d7c9ba74d3,mobile
DEV_008466,b7f141ae252dda54,desktop
DEV_008467,6ff6a80f0cb3da22,mobile
DEV_008468,a0a0f6346976e68e,tablet
DEV_008469,616705cd27c5998f,mobile
DEV_008470,a2e475ab2e686f6e,mobile
DEV_008471,99fdf6f58b0da55f,tablet
DEV_008472,384670fa0c85f72e,mobile
DEV_008473,05797328ad9f2f96,mobile
DEV_008474,371afc810ee6c385,desktop
DEV_008475,e92f1f06983e0739,mobile
DEV_008476,3b6386b25bb3b621,mobile
DEV_008477,cb2bceffabb0d235,mobile
DEV_008478,04c79716b6819805,mobile
DEV_008479,a3cf7ab9a497a85c,mobile
DEV_008480,688b4061729294f6,desktop
DEV_008481,79a7d9d637902a60,mobile
DEV_008482,cea03ab83fe212be,mobile
DEV_008483,9cce087e8be7ae1c,mobile
DEV_008484,d2544fc254cb2552,mobile
DEV_008485,978deebd7ce5b73f,desktop
DEV_008486,b0ca87eb1c2a0561,mobile
DEV_008487,5dc1be2ff15a8402,mobile
DEV_008488,49b370d36a2cd328,desktop
DEV_008489,a610080179d901d8,desktop
DEV_008490,7db005b3384fb9b5,mobile
DEV_008491,dc33b6ce6e6af34c,mobile
DEV_008492,03e1835a7578da5c,tablet
DEV_008493,180736996080a425,desktop
DEV_008494,f80cb16ff175ab5f,mobile
DEV_008495,97a4e77510f599a0,mobile
DEV_008496,d725ea82e6f0f42b,mobile
DEV_008497,a5c33591c4fc31e8,tablet
DEV_008498,56af13ce6425f0d5,mobile
DEV_008499,46b4cca947630ba2,mobile
DEV_008500,1babc3cf712cf4bb,mobile
DEV_008501,eeb90b5b554f3145,tablet
DEV_008502,873dd53214b18d80,mobile
DEV_008503,80615dfd613a1106,mobile
DEV_008504,1dcaa11804f1a2b0,mobile
DEV_008505,553a3df9a0b6dcb3,desktop
DEV_008506,8bf72e4e5454f190,desktop
DEV_008507,06ce5513d7b421fb,tablet
DEV_008508,e0d2e3d55d655698,mobile
DEV_008509,2c551ea713754825,mobile
DEV_008510,3f9c9f25dff48a6a,mobile
DEV_008511,941efeeef84bfdf3,mobile
DEV_008512,5a62e2a41ee7e48b,mobile
DEV_008513,01bd498dfd796231,tablet
DEV_008514,e3c1f3d1cddae1a8,mobile
DEV_008515,9c2111f259d12482,tablet
DEV_008516,f59f6f3db6678f5a,mobile
DEV_008517,6adfba2b4485f8f5,mobile
DEV_008518,116c24824245b377,desktop
DEV_008519,0f97e9269e68c56a,tablet
DEV_008520,9e675c6e66633ce4,mobile
DEV_008521,a6879b82e1955eae,mobile
DEV_008522,b091e58e1851fb7f,tablet
DEV_008523,8b57868b9e6fa468,mobile
DEV_008524,486b468fe4d30fa8,tablet
DEV_008525,703fc7b6d8c44cb9,desktop
DEV_008526,3a6be490fe67712b,mobile
DEV_008527,30acdb29ab19f0f7,desktop
DEV_008528,447c378821ddb8a4,mobile
DEV_008529,9ee97e1bf9a1d5fc,desktop
DEV_008530,8f84cd7f9c4d6064,desktop
DEV_008531,85afecb5f808c6df,mobile
DEV_008532,66e15a1b12cf9f1e,desktop
DEV_008533,f6d9fa2bc59f7149,desktop
DEV_008534,833b5726ec82ae8f,mobile
DEV_008535,f97594f52eb9bdf7,desktop
DEV_008536,56fad5efdf192ad0,mobile
DEV_008537,b5e32904aaf73eb9,tablet
DEV_008538,a8bbb0d934b48d52,mobile
DEV_008539,497f992a6de53d4c,tablet
DEV_008540,d1124466bc48ae12,mobile
DEV_008541,5a88781010e5345a,desktop
DEV_008542,c323a9a2dfd2a609,mobile
DEV_008543,9cecdc8b2849a312,desktop
DEV_008544,27f8529fcffb3f3e,desktop
DEV_008545,90ba11949fbed20f,tablet
DEV_008546,2b9553dab98e6a5c,desktop
DEV_008547,29c08d8ad5957fd2,mobile
DEV_008548,09db985945e4bda5,mobile
DEV_008549,dd7ae2ca9f87da0d,mobile
DEV_008550,8f883bed64c66538,desktop
DEV_008551,24aa120706777f07,mobile
DEV_008552,c520bcf9c5fbcf53,mobile
DEV_008553,f2bdebf7b03c3fe1,tablet
DEV_008554,77dae1bb0b225e8c,mobile
DEV_008555,f4feda9aa66b5dc6,mobile
DEV_008556,dff887053bf46843,tablet
DEV_008557,7d910bccbe07c92e,mobile
DEV_008558,e2c32d02431b6f0e,mobile
DEV_008559,bd3e187ea8963633,mobile
DEV_008560,53b4dfd49de52982,mobile
DEV_008561,080631469504f571,mobile
DEV_008562,eb9466c99e2f922c,desktop
DEV_008563,ba78d37a27feed86,mobile
DEV_008564,318ec6154192e4de,tablet
DEV_008565,8863652a17a2bbab,mobile
DEV_008566,765a19e20c9263c7,mobile
DEV_008567,aac3e96bcc5d3575,mobile
DEV_008568,6ea07b4d07b70ca4,tablet
DEV_008569,d4f75c59cf7186dd,mobile
DEV_008570,e762fd2c4e505743,mobile
DEV_008571,8d4e17dc12ead71c,mobile
DEV_008572,59d9def7de3d0e90,mobile
DEV_008573,482075174940b650,tablet
DEV_008574,cf2ced71d4027e9c,desktop
DEV_008575,3a6f4b3cc5fa0396,mobile
DEV_008576,1ea9ec6aa634d5cf,mobile
DEV_008577,a6c97368b41655b8,desktop
DEV_008578,379bdee8c68ad13d,desktop
DEV_008579,ad270f8e3f28758c,mobile
DEV_008580,261770fb3ad075b9,desktop
DEV_008581,8be718fae5e7f532,mobile
DEV_008582,ca9f1078ba61fd57,desktop
DEV_008583,346a7c863aef22ff,mobile
DEV_008584,100aeb8a36045fb3,desktop
DEV_008585,dbd8ab9ec82a4042,mobile
DEV_008586,7b10a05a8aac6c27,mobile
DEV_008587,19d164487b01d3bb,tablet
DEV_008588,669b76c2933a40db,mobile
DEV_008589,55cdeb311aa0c657,mobile
DEV_008590,afebe5337b230013,mobile
DEV_008591,b4c8877690100cde,mobile
DEV_008592,9620642e35d1d31e,desktop
DEV_008593,dbbe1c91d5237307,desktop
DEV_008594,1590a0d21b52eb9f,mobile
DEV_008595,92e4cbb499a2a6fb,desktop
DEV_008596,594758c1f6b9e1ba,desktop
DEV_008597,064a710f5c60339f,desktop
DEV_008598,5eae688b624b87f2,desktop
DEV_008599,f9f0a36e0bcb4d18,mobile
DEV_008600,99352c6b8bcbe67f,tablet
DEV_008601,51d596a760c1885a,desktop
DEV_008602,11ef5a3c24905327,mobile
DEV_008603,942f09c6f533ae84,mobile
DEV_008604,7778dde6db9d23be,mobile
DEV_008605,aef1224cabecab85,desktop
DEV_008606,d04f69b9665c84b1,desktop
DEV_008607,4cf8e0bcfba8f5cf,desktop
DEV_008608,09ca18ba199b1214,mobile
DEV_008609,0448e22ef64e2494,desktop
DEV_008610,f80424ed5b4b7e75,tablet
DEV_008611,911b88791414dc6f,mobile
DEV_008612,44e14db3ab2879b9,desktop
DEV_008613,8457d963132a5e4e,mobile
DEV_008614,0b3312b9847637d8,desktop
DEV_008615,b4c82a1ec8ffcaf9,mobile
DEV_008616,756b53ac9f97b61e,mobile
DEV_008617,ee62e59b3920d6e3,mobile
DEV_008618,851e2e251f8d1705,desktop
DEV_008619,0ee567d55c9b3031,mobile
DEV_008620,673cca371b616527,mobile
DEV_008621,32ee0891583eacde,mobile
DEV_008622,1b5d1e758d2e2403,mobile
DEV_008623,f9b676df35fc75b5,desktop
DEV_008624,863ba076a66d7801,mobile
DEV_008625,8b0642f4c1982eee,mobile
DEV_008626,96aef27378ebdb18,mobile
DEV_008627,35bf5f1bc483e1de,mobile
DEV_008628,1902972318671636,mobile
DEV_008629,933cef96faede98d,desktop
DEV_008630,52a6ef5624cc6cec,mobile
DEV_008631,278ab4e490c8fe54,desktop
DEV_008632,1dafa55436dfa94a,mobile
DEV_008633,d1aa17cac01c5c98,desktop
DEV_008634,5c103536de693aa4,mobile
DEV_008635,87ab8742c8a11cb8,mobile
DEV_008636,6d40936643c9afb3,mobile
DEV_008637,2bc45f4672b0b05c,mobile
DEV_008638,1b401e4056c0afe2,mobile
DEV_008639,b32d0f8168ddedd2,desktop
DEV_008640,f2ca3291b742daa5,mobile
DEV_008641,4d28d96be83c9744,desktop
DEV_008642,5c0f5dc202643294,desktop
DEV_008643,60681543c69df71b,mobile
DEV_008644,6457746454745b8a,desktop
DEV_008645,4ca1bc73506c5cee,mobile
DEV_008646,0df728dad5f6f5ac,desktop
DEV_008647,d053a547e000d6fd,mobile
DEV_008648,25323c834ea69f6a,mobile
DEV_008649,76ba808d6672ba73,mobile
DEV_008650,f4486ff409723002,mobile
DEV_008651,1e552cba1c244843,desktop
DEV_008652,1935d48e109cd09f,mobile
DEV_008653,9f35ced82b71caff,tablet
DEV_008654,762612f2d1fded9e,mobile
DEV_008655,85b8c7329c4f2f9d,mobile
DEV_008656,d8db48a85783d048,mobile
DEV_008657,f48887b944f66fdf,desktop
DEV_008658,f2d2fdf3f48f8ee6,mobile
DEV_008659,b1a6c46b1ee21b0a,mobile
DEV_008660,35e04856b401052c,mobile
DEV_008661,4ee030100d5c9634,mobile
DEV_008662,873e669338fb92dc,desktop
DEV_008663,4ea7454bcd557260,tablet
DEV_008664,9ac8220bb1789add,mobile
DEV_008665,df0ed50c742ab428,desktop
DEV_008666,bc460ce4aae83ac5,mobile
DEV_008667,72eede5424335a18,desktop
DEV_008668,6a29471c2561ea97,desktop
DEV_008669,3b246b997bcde6e7,desktop
DEV_008670,9e8421c60afe107a,mobile
DEV_008671,3ce70c0a4260d363,tablet
DEV_008672,f33a93d53962fe27,mobile
DEV_008673,6f78bb54004b91bb,mobile
DEV_008674,7330fca302291a88,desktop
DEV_008675,224f109d8bb10f5f,mobile
DEV_008676,f5e266e6a42b0906,mobile
DEV_008677,8593c74d6c594a39,mobile
DEV_008678,3502727eabbe2a22,mobile
DEV_008679,18e89e91ef08ebed,mobile
DEV_008680,c901c95a92bcd33f,mobile
DEV_008681,e4fddf876a151067,mobile
DEV_008682,5c1a959433e843bf,desktop
DEV_008683,cd2c18a56a8bf499,tablet
DEV_008684,6f787d1801585aa5,desktop
DEV_008685,0a07999f531c07fe,desktop
DEV_008686,521891b543baac82,tablet
DEV_008687,21119754b56ba329,mobile
DEV_008688,17a509a209a2b93b,mobile
DEV_008689,077cfaee80034c0c,desktop
DEV_008690,1b62d50aa6b5040a,desktop
DEV_008691,49708a0f85d0115f,mobile
DEV_008692,afcb154d65a67138,mobile
DEV_008693,898badf69c9ecc62,tablet
DEV_008694,438bcf5276df7bf2,mobile
DEV_008695,29e8be6b11542242,mobile
DEV_008696,55b4fcdadc26ecc3,mobile
DEV_008697,a674522c3c4c4e02,mobile
DEV_008698,888b62f7407c3ab4,mobile
DEV_008699,403b5f13419c23ed,mobile
DEV_008700,796049adf7a16702,mobile
DEV_008701,080bd98987b674b5,desktop
DEV_008702,53f4a932c1fddc4b,tablet
DEV_008703,2cd80b42c7d29f2a,mobile
DEV_008704,0a94fa147713896c,desktop
DEV_008705,bd95237bace3062f,mobile
DEV_008706,fc2c1c2d2033356d,mobile
DEV_008707,13fd08ef0365d002,mobile
DEV_008708,b86aa8629bd05dfe,desktop
DEV_008709,b4e2b723ecdf054c,tablet
DEV_008710,78cdcc40e19b900b,mobile
DEV_008711,750d6b57ee43ad2c,mobile
DEV_008712,87412063000b7547,mobile
DEV_008713,c9b5f06e9c4741d8,desktop
DEV_008714,8c2ba0eeced7eae1,desktop
DEV_008715,798151deef54a9fc,mobile
DEV_008716,cc15e38c1622b168,mobile
DEV_008717,0ea695dc1af4d6ab,mobile
DEV_008718,c157d986fac5865b,mobile
DEV_008719,c06e883c3788ef4b,mobile
DEV_008720,efc7bfba6207b470,mobile
DEV_008721,41482d92709c94b8,tablet
DEV_008722,174e159aa607e613,mobile
DEV_008723,236c71f8030295f1,desktop
DEV_008724,2d136b9070f5caae,mobile
DEV_008725,d62931cf265ae5a9,mobile
DEV_008726,9ccb91968b746a86,mobile
DEV_008727,dc0c4c791f81e79f,mobile
DEV_008728,264daf5184428d7f,mobile
DEV_008729,abae8beba2c41954,desktop
DEV_008730,28b1d5f2929eef3a,desktop
DEV_008731,fe59fa3ff2362d42,desktop
DEV_008732,b2ab707b66cd14b2,mobile
DEV_008733,04f72b93a3bd8c12,desktop
DEV_008734,d2f9246d73358212,tablet
DEV_008735,42493ca889283911,desktop
DEV_008736,f3a4ea290590d9ca,tablet
DEV_008737,cfe49995046f548d,mobile
DEV_008738,31190bc0e25c5e4b,mobile
DEV_008739,e866e7065f2e3d2e,mobile
DEV_008740,d139e3d61c3b0317,desktop
DEV_008741,9d41637200ae28c6,mobile
DEV_008742,e8dbc1450103e21b,mobile
DEV_008743,f38c210041679d10,desktop
DEV_008744,bad396482dddd489,tablet
DEV_008745,1122b4cf5afee327,mobile
DEV_008746,12e623955cd53b57,desktop
DEV_008747,ed61dfe972f6aae6,desktop
DEV_008748,2cf1a138dd261d35,mobile
DEV_008749,ceb1420ac8baa231,mobile
DEV_008750,049ce3c3fee7556d,desktop
DEV_008751,5b384f73379fc276,tablet
DEV_008752,09c4d63b285f4c76,tablet
DEV_008753,ed6d9944d26eb3ea,mobile
DEV_008754,0df9c108bf1c58c2,mobile
DEV_008755,328fd89a726a0a81,tablet
DEV_008756,c83874340a0d64a4,mobile
DEV_008757,8fc1d98ac9c65c56,tablet
DEV_008758,0a0d8a58ba004463,mobile
DEV_008759,f2508cb1019bcba6,mobile
DEV_008760,9b51c14d0564119c,tablet
DEV_008761,7f489cd4f498c92e,tablet
DEV_008762,8fa2539cca62b543,mobile
DEV_008763,a2ffe6942932c544,tablet
DEV_008764,72985e37a98d8d30,mobile
DEV_008765,ebfc89336cff6f09,mobile
DEV_008766,387ea2fdb5053219,mobile
DEV_008767,70e15113c0421a43,mobile
DEV_008768,74f6650eadb1b39b,mobile
DEV_008769,80250b7d9c8a6ea1,mobile
DEV_008770,78c2fbeac6f4bed0,mobile
DEV_008771,4516a556be76c061,mobile
DEV_008772,0d3099b5678b2e8a,desktop
DEV_008773,93e172a0f67df16d,desktop
DEV_008774,afa21918894672f4,desktop
DEV_008775,5391f24f1d32e67b,mobile
DEV_008776,d8297612504644f8,mobile
DEV_008777,1413a4fbf79002ae,desktop
DEV_008778,c9c7e060d75dbcdd,tablet
DEV_008779,387947d84646214c,desktop
DEV_008780,59f6a77f108cc6f8,mobile
DEV_008781,e7ea96083d350914,mobile
DEV_008782,ecf4a7c0f7fba86d,mobile
DEV_008783,20091bbfff150150,mobile
DEV_008784,47088999fa08fa02,desktop
DEV_008785,e0f23067f31c3aac,mobile
DEV_008786,030673691659ea50,mobile
DEV_008787,9fceda8b20f70c68,mobile
DEV_008788,d4b7e32946d60029,desktop
DEV_008789,9386b8c5f22e0d44,mobile
DEV_008790,82bbb612c3533b78,tablet
DEV_008791,1d2a07983f20dd4b,mobile
DEV_008792,af93b60c33042768,desktop
DEV_008793,b207e58ef2666d17,desktop
DEV_008794,9e4e5093cdac50c6,desktop
DEV_008795,894081a57e35561c,mobile
DEV_008796,f93f02904709d494,mobile
DEV_008797,2d9e61e7dd568079,mobile
DEV_008798,b657340f001df656,mobile
DEV_008799,ab6a887da980c5a3,desktop
DEV_008800,4f3f8d01990a96be,desktop
DEV_008801,20db794365b4f217,desktop
DEV_008802,d2a6d6cd8968edc1,mobile
DEV_008803,f1bd30afbf24ad62,desktop
DEV_008804,a9f872f88d3b2ecc,mobile
DEV_008805,d9613388e6cd59c9,mobile
DEV_008806,a958effc7cdf6c28,mobile
DEV_008807,7b9a4fb2a577b508,tablet
DEV_008808,45a868571826bb34,desktop
DEV_008809,42433df534d2ec56,mobile
DEV_008810,a786a2383e846761,mobile
DEV_008811,41f4ad41d6d750cb,tablet
DEV_008812,8e3ab7182023be84,tablet
DEV_008813,5d10eb2e8e181f12,desktop
DEV_008814,1d5d81b23b49ee79,desktop
DEV_008815,32b9283736193cef,desktop
DEV_008816,87ad26e29b2d4f86,mobile
DEV_008817,0a9a391e176640db,desktop
DEV_008818,0299baf1699f4400,desktop
DEV_008819,35cafd0ccbd77c8a,mobile
DEV_008820,4da00cca2f4fbf61,desktop
DEV_008821,7c13ee1d3844089d,desktop
DEV_008822,620aee6301cf92e7,desktop
DEV_008823,24737da2a9519e12,desktop
DEV_008824,e1da6f2202fa4167,mobile
DEV_008825,8f7283882b7fa7f0,desktop
DEV_008826,ef972537f512775f,desktop
DEV_008827,72933c53e3b93a15,mobile
DEV_008828,268241de39d5d8b1,mobile
DEV_008829,fd2ac0b2f165e283,desktop
DEV_008830,f0567e1dc165b215,mobile
DEV_008831,11b3b320dc0a28fe,tablet
DEV_008832,661d33ed1ed95643,mobile
DEV_008833,b5a4ab062e122f5f,mobile
DEV_008834,c5972b10c4d84bfe,tablet
DEV_008835,86714054368f9664,mobile
DEV_008836,300089c04bfc9bc0,mobile
DEV_008837,5525f1273c9dfdd2,desktop
DEV_008838,f18881f51b5d380e,desktop
DEV_008839,5561bd05f9648349,desktop
DEV_008840,a7f3cd64c2693246,tablet
DEV_008841,083f98f823c57cf5,mobile
DEV_008842,b4ff5864adf41eaa,mobile
DEV_008843,a0e419d3c31cc3f7,tablet
DEV_008844,cfe4b9cab7c5d847,tablet
DEV_008845,d75dd0c77b938cb7,tablet
DEV_008846,bd4938e44b1b7787,mobile
DEV_008847,20a5e891a526fbd1,mobile
DEV_008848,36858e6bd50737c7,mobile
DEV_008849,9b5963ac0bafe57c,mobile
DEV_008850,68b2b43d99f59986,tablet
DEV_008851,194843340c71fba0,mobile
DEV_008852,c8527f110c4bdd12,mobile
DEV_008853,6ebaf8cc8c250513,mobile
DEV_008854,58cb428e3a30c6b5,mobile
DEV_008855,f3b8d75f8fe0870c,desktop
DEV_008856,63cb753dd2b457ed,desktop
DEV_008857,fbbdb874d1812070,desktop
DEV_008858,43797520ed0ffb98,desktop
DEV_008859,9e82be948f5114d6,mobile
DEV_008860,ccbe197c1552ce3c,mobile
DEV_008861,b19c7752a94ebbf4,desktop
DEV_008862,13cdd1904d4d42db,mobile
DEV_008863,ac56681efa0e3ff7,mobile
DEV_008864,47a0c88765dd82aa,mobile
DEV_008865,cf0d5da12fd76441,mobile
DEV_008866,28dc57858032c756,mobile
DEV_008867,3b4970163c338a64,tablet
DEV_008868,8f71ca1a8a7db866,desktop
DEV_008869,3cf6438d963bf97b,mobile
DEV_008870,2b88aa0e144a74f2,mobile
DEV_008871,e79cd9f1ddf5b479,mobile
DEV_008872,37306c899709d36f,mobile
DEV_008873,0afa0bfc41907666,mobile
DEV_008874,4277a976709947ff,mobile
DEV_008875,10917d8a22a61cae,mobile
DEV_008876,89d6f1a033e379e1,mobile
DEV_008877,e6eba0997a8ee9ce,mobile
DEV_008878,d73490246464e8d7,mobile
DEV_008879,89f1df8ab6a6b902,tablet
DEV_008880,d3b4e8fe609a24e2,mobile
DEV_008881,8f4fedd8fdd0fdd8,mobile
DEV_008882,c50c7f2b37c25b7d,mobile
DEV_008883,0882292fbd699472,tablet
DEV_008884,fccdd823898fc729,mobile
DEV_008885,bbfa144d8d68bc34,desktop
DEV_008886,e29761492b7b3a3c,desktop
DEV_008887,2708860a7b58f0f5,desktop
DEV_008888,1f724c00e6ab6252,tablet
DEV_008889,a40b3199f554073a,desktop
DEV_008890,b199a6dad846c5f4,mobile
DEV_008891,4cecaf4320cbc030,mobile
DEV_008892,ad15e30d408d4476,mobile
DEV_008893,ca48e2fffcd7c560,mobile
DEV_008894,0dffab3f02620f29,mobile
DEV_008895,c41af2ed2781cee4,tablet
DEV_008896,1c0359b744ebc126,desktop
DEV_008897,4699161c4ea416bf,desktop
DEV_008898,b44ef724354ddc7f,desktop
DEV_008899,6502798776d7f50e,desktop
DEV_008900,041981e9320b846c,mobile
DEV_008901,66a071ec978b7667,tablet
DEV_008902,bd6464705807dce0,mobile
DEV_008903,ecacd93b2d4069e3,tablet
DEV_008904,52f89d5eaf7f005d,mobile
DEV_008905,bce18c7dd78f6fd8,mobile
DEV_008906,0ff4d773b093c2f7,desktop
DEV_008907,fd732a94b7e5d273,mobile
DEV_008908,bb7f1e27bd246ab3,mobile
DEV_008909,9fa8909bc7e41e29,mobile
DEV_008910,d009b1e45e9afad8,tablet
DEV_008911,a0eac0b1a0ff2c62,desktop
DEV_008912,41545b7f1b488a4d,mobile
DEV_008913,071d43aef19a8686,tablet
DEV_008914,321e3551620fc8ef,desktop
DEV_008915,14a1e3614e04f1c2,desktop
DEV_008916,ba257b9e3263176d,mobile
DEV_008917,744144b1ba2b431e,mobile
DEV_008918,8fa8f98849d39f58,desktop
DEV_008919,4c58d4c4c8d22d1f,tablet
DEV_008920,5d9b559436c27044,mobile
DEV_008921,ea6ee7e7477376e8,mobile
DEV_008922,9728a95f05ac0854,tablet
DEV_008923,684b0936300e1689,mobile
DEV_008924,8a710e17225b7b54,desktop
DEV_008925,d402d8ae641b12d3,mobile
DEV_008926,1b04a87a09f38e22,desktop
DEV_008927,af572845916f03c4,mobile
DEV_008928,a102dd981d4910a3,mobile
DEV_008929,427542adf11820d2,mobile
DEV_008930,fd5d40d036443530,tablet
DEV_008931,44465656a5e13d6f,mobile
DEV_008932,a41b7b32c5a7555b,mobile
DEV_008933,eb1bad8fc0e5426d,mobile
DEV_008934,9ce9a9828816d1ca,mobile
DEV_008935,1c9f312451e3748c,desktop
DEV_008936,25c3d1edb3358419,mobile
DEV_008937,0119147eefd00f16,mobile
DEV_008938,f08fae39ecd38565,mobile
DEV_008939,f91e64c1af64fe70,mobile
DEV_008940,6d6d16c4abdd3ec9,tablet
DEV_008941,0c31e8ed7be4739e,desktop
DEV_008942,62ae985eaf317032,tablet
DEV_008943,919bd89e3d27686e,tablet
DEV_008944,ea6ecc36029533b8,mobile
DEV_008945,54186d5132d07936,desktop
DEV_008946,2cd7cf5c07f5e5ba,tablet
DEV_008947,2a924f402c98344f,desktop
DEV_008948,42bf1956198e0f3c,mobile
DEV_008949,d8b42b0d0f8995ea,mobile
DEV_008950,217ff6577df832e2,tablet
DEV_008951,dfa4130711ed327e,tablet
DEV_008952,193d58ccffd2087c,mobile
DEV_008953,6912196595a27fef,mobile
DEV_008954,939b084a1e4d4d15,mobile
DEV_008955,f4eb00ec9b5b917c,mobile
DEV_008956,bbbed81216e2d285,desktop
DEV_008957,af0ea6e9fcce261a,mobile
DEV_008958,0086f9194ff196c1,desktop
DEV_008959,297172cfff099e61,desktop
DEV_008960,f2ff93ccce0b7b1b,mobile
DEV_008961,11127c6f66bdee39,desktop
DEV_008962,f2475efd01270c47,mobile
DEV_008963,523938d91956e992,desktop
DEV_008964,6e8baf47a9fac794,mobile
DEV_008965,4ede564f0fa61e30,mobile
DEV_008966,be82b2d0b08bd730,desktop
DEV_008967,c5e9cd863cc31ca5,mobile
DEV_008968,7a4d3e06ff38de22,mobile
DEV_008969,1fbd147be01f9572,mobile
DEV_008970,d946785f00626163,mobile
DEV_008971,65625eefe521d9aa,mobile
DEV_008972,703f17af2e671a43,desktop
DEV_008973,90c64cd1fdae71af,mobile
DEV_008974,1f58a217cbb6593f,mobile
DEV_008975,90856960021158fe,tablet
DEV_008976,3484592eec78bc53,mobile
DEV_008977,40e7112942987803,mobile
DEV_008978,4ae8da8442db95ae,mobile
DEV_008979,3f922ad91c8639cc,mobile
DEV_008980,3663a885439388d5,mobile
DEV_008981,00109e4b6e40112b,desktop
DEV_008982,ca51ef8266ce17b7,mobile
DEV_008983,de47acbfa3836e8a,desktop
DEV_008984,7bbeec50fa7c019d,mobile
DEV_008985,dc001788bdb82f25,mobile
DEV_008986,2ce5b4a39f3469bf,mobile
DEV_008987,4d02bdc7d0204a78,mobile
DEV_008988,bdddb2c2a53fe9dd,tablet
DEV_008989,bd0c4f9922ed4b5f,mobile
DEV_008990,335837a347c17157,tablet
DEV_008991,1f65928477ce62de,tablet
DEV_008992,5643f8b750038548,desktop
DEV_008993,f62383dd91f6456b,mobile
DEV_008994,097cdd58e6f6f338,mobile
DEV_008995,f90be6fec631f6e0,mobile
DEV_008996,a4d6642e3fe3d8a9,mobile
DEV_008997,2093ffe297496564,mobile
DEV_008998,c036542335a48e71,desktop
DEV_008999,2ef299cb1424f235,mobile
DEV_009000,313e07406fc03ab5,mobile
DEV_009001,9ede30992195ef9e,tablet
DEV_009002,d5e73675ede21019,mobile
DEV_009003,93af3ab713496b0e,desktop
DEV_009004,ec9f4e5d2c5d8c70,tablet
DEV_009005,d13928eba12159fd,mobile
DEV_009006,df4f8eb1a981e383,desktop
DEV_009007,67ce361c2d897dbf,desktop
DEV_009008,3fff3997114fce17,desktop
DEV_009009,395394ef3bdacfb8,mobile
DEV_009010,5f400670a7e25262,mobile
DEV_009011,2e1faf3b7a1356b4,tablet
DEV_009012,85e32b4daed6e27d,tablet
DEV_009013,89ddeb1fd3fc3b54,tablet
DEV_009014,b4d12749dd999c34,desktop
DEV_009015,66c9b42598eb1da3,tablet
DEV_009016,cab427907bec8d0f,mobile
DEV_009017,e6eff0aa5ed5d570,desktop
DEV_009018,962be24c62e89263,tablet
DEV_009019,88ca7a5320bc8d1f,mobile
DEV_009020,76fd80689b6047c9,mobile
DEV_009021,e216bc9a8d5ef945,mobile
DEV_009022,ed9ea4bd5a9ee897,desktop
DEV_009023,c83d4f7b97064ca2,mobile
DEV_009024,075af4e244143ac3,mobile
DEV_009025,61b2e09df0abf059,mobile
DEV_009026,8f4c03d80dbb6d52,desktop
DEV_009027,c622ae5543ff71bb,desktop
DEV_009028,e1a84e2169606f15,mobile
DEV_009029,a2b14bbed4709329,desktop
DEV_009030,56a5e26501b387de,mobile
DEV_009031,6e5f3ad92d7d4855,mobile
DEV_009032,e53b107fa16107d2,tablet
DEV_009033,f9cadb02db4c6983,mobile
DEV_009034,3b2b1ccfe36cc6bc,mobile
DEV_009035,913028657f0afad9,desktop
DEV_009036,5efa79b86f615c5c,mobile
DEV_009037,6c3b0a8540fe00eb,desktop
DEV_009038,0e96040fed21885f,desktop
DEV_009039,f9652939a1305625,mobile
DEV_009040,7e7df89671223e55,tablet
DEV_009041,e949313c0eca6165,desktop
DEV_009042,2d93c93334480e2d,desktop
DEV_009043,12a569593908acbf,desktop
DEV_009044,5f64e6b560a69415,mobile
DEV_009045,95c8012648548d22,desktop
DEV_009046,cea3984ec858710a,desktop
DEV_009047,89180faee1db0f9f,mobile
DEV_009048,0571e2ad87f1737e,mobile
DEV_009049,8cf77a9dfce14b20,mobile
DEV_009050,4e28e06f3681e976,mobile
DEV_009051,15f6550fb98b3b2d,tablet
DEV_009052,ee22ff31449db54a,desktop
DEV_009053,702ed43f4e3cbf2a,tablet
DEV_009054,4cfd4d7a1f1408fe,mobile
DEV_009055,61f438a04df7dc69,mobile
DEV_009056,039009b44c540f89,desktop
DEV_009057,f1340b0443be2d1a,mobile
DEV_009058,980b133f85ed487d,tablet
DEV_009059,5a1398fd91e5fff5,mobile
DEV_009060,1d3efc43e53e078b,tablet
DEV_009061,a8e36759046cd656,desktop
DEV_009062,c5ab54e62f270dd6,desktop
DEV_009063,09674e80a6a11d26,mobile
DEV_009064,041a0a319f3c638e,mobile
DEV_009065,0ea78077ac3d0e42,mobile
DEV_009066,0a2ebadb61351466,mobile
DEV_009067,2bc3abecf1524533,desktop
DEV_009068,63643e8344bb2f9a,desktop
DEV_009069,d768b753a0849175,mobile
DEV_009070,2793655e9e36ed2c,mobile
DEV_009071,b5c512febc15c944,desktop
DEV_009072,862ce9229c1151ec,mobile
DEV_009073,7621590ffc41a80a,desktop
DEV_009074,2139acf08b38f91b,mobile
DEV_009075,29baecf81d4b52c1,tablet
DEV_009076,69496f3d1bad9241,mobile
DEV_009077,8d13213c6e739b89,tablet
DEV_009078,ae326867d915efdd,mobile
DEV_009079,2540d6bdc97ed258,mobile
DEV_009080,e16e66aee79ace11,desktop
DEV_009081,da30550d6f60044b,desktop
DEV_009082,e5a7ef3511058b5a,mobile
DEV_009083,8ddc9ca69b023bf8,desktop
DEV_009084,045fe9d597df5647,desktop
DEV_009085,fecd17ffdfd69b82,mobile
DEV_009086,7e81acaaef9e374a,mobile
DEV_009087,584bb77f39f14694,tablet
DEV_009088,f054a5ea32d666ff,mobile
DEV_009089,dd0b6a9f7134deca,mobile
DEV_009090,8b2dc85bab8f66da,mobile
DEV_009091,441e9349d93bc735,mobile
DEV_009092,02a956ab5772204b,mobile
DEV_009093,d73fb1522f7c1c60,mobile
DEV_009094,0a83f3b3e0b37ed3,tablet
DEV_009095,bfee94b22667a7ad,desktop
DEV_009096,cfbc39b4b1ea2be9,tablet
DEV_009097,d5f2eebcd482eaa4,mobile
DEV_009098,63555c2fc338fa20,desktop
DEV_009099,4ea47faecb52f212,tablet
DEV_009100,f3d79223cdd0555b,mobile
DEV_009101,052e8e8140f743fd,mobile
DEV_009102,1e2aaa369441e4ed,mobile
DEV_009103,52f20217a2977fc4,mobile
DEV_009104,cb2f2597e0bb649d,mobile
DEV_009105,a64bd0f0e1f29a9b,mobile
DEV_009106,b350e250358b5ada,mobile
DEV_009107,63ca1280dcc57505,desktop
DEV_009108,a6dbef2b03d2dbca,mobile
DEV_009109,3b893a6126e34847,mobile
DEV_009110,da304026b7e83723,mobile
DEV_009111,9e49010c57efd9c7,desktop
DEV_009112,70d9af109ae9f648,desktop
DEV_009113,792b91001669e231,desktop
DEV_009114,7ca73359655fc260,desktop
DEV_009115,77e862a1258abc43,mobile
DEV_009116,43823cf06fe7c981,mobile
DEV_009117,43ddadca4f4d6560,desktop
DEV_009118,c005213bec1884ef,tablet
DEV_009119,ce94ecabd2b3198c,desktop
DEV_009120,9dcf5331f709dbbf,desktop
DEV_009121,5cd81fb3c99b8dab,mobile
DEV_009122,c0fe3b1b62f84588,desktop
DEV_009123,f33389aa420c5ca8,mobile
DEV_009124,e45782601b017d14,mobile
DEV_009125,39cfbb4af4c5b0d4,mobile
DEV_009126,291003a3576513d9,mobile
DEV_009127,4dd4adc66271aeed,tablet
DEV_009128,2dda2b5cc5554ddf,mobile
DEV_009129,1b1737c9f3adf802,tablet
DEV_009130,8f8ec18d977ae231,desktop
DEV_009131,1713c3484ae47eee,desktop
DEV_009132,7dd09ffdca34aebf,tablet
DEV_009133,56fd39bc3f208b68,desktop
DEV_009134,51663ea16283e147,mobile
DEV_009135,7b74ea5f9b84242a,desktop
DEV_009136,1bc134f25b2797ca,desktop
DEV_009137,d69caba2c8cb5555,desktop
DEV_009138,17167aab3f83f8b5,desktop
DEV_009139,1102a25d6c9f785d,mobile
DEV_009140,5dfa02a6ee5f3136,desktop
DEV_009141,676e9e4a4e1a467f,tablet
DEV_009142,b517b6104dd6db5d,desktop
DEV_009143,e31e1bda3533f02d,tablet
DEV_009144,c5c7c2378066d577,mobile
DEV_009145,09e14c3a0aea7bf1,mobile
DEV_009146,5f46f8de502ae219,mobile
DEV_009147,217fd698185d3750,mobile
DEV_009148,3571f7b8f2ce56e2,desktop
DEV_009149,9541625b267b3d52,mobile
DEV_009150,5351ade7bbeb3af4,mobile
DEV_009151,944ef49dc52df548,tablet
DEV_009152,f82a3477c4b4dc40,desktop
DEV_009153,90d3151fa2be04af,tablet
DEV_009154,c3c4f2daa46000cd,desktop
DEV_009155,5b72209f821bd836,mobile
DEV_009156,d7d191392fdc1e7a,tablet
DEV_009157,50ce3ef38a254757,desktop
DEV_009158,0f9699c2771dac6e,mobile
DEV_009159,a9a379b39d8af5fd,desktop
DEV_009160,960914bf2fb70625,tablet
DEV_009161,3e5254aebb8ccd53,mobile
DEV_009162,4d47b6ebc7961031,desktop
DEV_009163,a157e7f3233de289,desktop
DEV_009164,226fa681c93d163d,mobile
DEV_009165,766ad5fdade9f0e2,tablet
DEV_009166,f03e826d0b442039,mobile
DEV_009167,566fa34ae44a3380,desktop
DEV_009168,ad73f219be833034,desktop
DEV_009169,b1eef68fa802cd1a,tablet
DEV_009170,0ec8b84d2f1a50b3,mobile
DEV_009171,5a8ab73ea676a6dd,desktop
DEV_009172,90d9086b117d0be6,mobile
DEV_009173,f65c0a752ddb533f,mobile
DEV_009174,69f98322f4808bf1,tablet
DEV_009175,c3f49e14d2db4699,tablet
DEV_009176,4c4f84b4b1074d54,tablet
DEV_009177,1713eb268d5df0f0,mobile
DEV_009178,da81f4832539e2f1,desktop
DEV_009179,8651e8a8790ca733,mobile
DEV_009180,b68917acad23496f,mobile
DEV_009181,d2be343fb07c6504,tablet
DEV_009182,fbc4827306f7925d,mobile
DEV_009183,3effb492e492bbcc,mobile
DEV_009184,5068a8ff64871d2c,tablet
DEV_009185,52bd47adf5a856d0,mobile
DEV_009186,d2b133bd267963d1,mobile
DEV_009187,465a734180b61fcf,tablet
DEV_009188,a04ba4aae0f960f5,mobile
DEV_009189,19013bd2720eb560,desktop
DEV_009190,ebf21d158b95956c,mobile
DEV_009191,4f739a2e4647f30e,mobile
DEV_009192,5c1016e48d45d315,mobile
DEV_009193,859e2a2551dc7e94,mobile
DEV_009194,ab09fbffb648d118,mobile
DEV_009195,4c9da6ab854a88ce,mobile
DEV_009196,0d404ac2833ababb,mobile
DEV_009197,9a9d9e221a749eee,mobile
DEV_009198,39ca8b4fd9ffd3ab,desktop
DEV_009199,b6fa322d096de73e,desktop
DEV_009200,8ed10cc90ebbba7c,tablet
DEV_009201,0e12761955cc500e,mobile
DEV_009202,758132c91a489595,mobile
DEV_009203,2bb0269a5d2d525b,mobile
DEV_009204,8bc6dcfa810e3208,desktop
DEV_009205,1b3a5a9fe25315f1,mobile
DEV_009206,863c635e0f31e087,mobile
DEV_009207,4ef9738c79a49a42,desktop
DEV_009208,b2096a4fe240b509,mobile
DEV_009209,8dc00f9c0f3d7432,tablet
DEV_009210,6c8f273b35fbd1cc,mobile
DEV_009211,2dd615afbd550790,tablet
DEV_009212,d5d5976b841053f4,desktop
DEV_009213,9a0576479b45bfca,mobile
DEV_009214,a57172c295e1f147,mobile
DEV_009215,6536bd2839202dfe,mobile
DEV_009216,cbdaaad4caa8b9bb,mobile
DEV_009217,d99605ebbf55ba17,desktop
DEV_009218,116e5bddefe5cfec,mobile
DEV_009219,8df6200e28437f15,desktop
DEV_009220,c34f61254ef1cdf0,mobile
DEV_009221,c5619aaee0062d89,tablet
DEV_009222,139522788607136e,desktop
DEV_009223,53bd7f17c3ee55f6,desktop
DEV_009224,f47ccb6afdac08a2,desktop
DEV_009225,956344c77d18fab3,mobile
DEV_009226,dbea27244f5da809,desktop
DEV_009227,74defef56121a761,desktop
DEV_009228,4760f05150039723,mobile
DEV_009229,0e6744f81cdabf3f,tablet
DEV_009230,81b92881cc03b5b7,desktop
DEV_009231,282b361327a543f7,tablet
DEV_009232,b41526c9c02fd0bb,desktop
DEV_009233,b98fea3bcfcbbb67,mobile
DEV_009234,d23c7bb18c15f6af,tablet
DEV_009235,1f307486bbcf8e44,desktop
DEV_009236,40c6fa64dd8ea847,desktop
DEV_009237,99fe372becd8177d,mobile
DEV_009238,3fe70a0f4b4f7c08,mobile
DEV_009239,41f341d8548e9110,tablet
DEV_009240,b5604670de9d9294,desktop
DEV_009241,0c003b45a46167b2,desktop
DEV_009242,1754819927e3b35b,mobile
DEV_009243,19e8f9f4369763d7,desktop
DEV_009244,2ffe91eb51e09d6b,mobile
DEV_009245,d07c85a4ce847613,mobile
DEV_009246,52be220ce5dca061,mobile
DEV_009247,9b76322f5eb58d3f,desktop
DEV_009248,171514f0baf2e769,desktop
DEV_009249,cbb14787e7649e78,mobile
DEV_009250,de9c341cac7f1808,mobile
DEV_009251,1984eab24757054a,mobile
DEV_009252,a3a192151cb23939,tablet
DEV_009253,0f3c119f5459133a,desktop
DEV_009254,e3b04a44ae63cd7d,tablet
DEV_009255,0459eb39b6ecd992,mobile
DEV_009256,304a9a42f39ac608,mobile
DEV_009257,704b517cf6f09e55,desktop
DEV_009258,e8feb189bd98640f,desktop
DEV_009259,eff99fb10c23696a,desktop
DEV_009260,3ea67a1ec6ae7f1a,desktop
DEV_009261,b1cc59c85cdc24b7,mobile
DEV_009262,9970933c3d69ac4b,mobile
DEV_009263,4342c0156afc6396,desktop
DEV_009264,2bc888f56ba30bee,mobile
DEV_009265,f1153a4f1759761c,mobile
DEV_009266,3e48390efa2153c3,desktop
DEV_009267,26dc095f60e7a5cf,mobile
DEV_009268,ec38e8155cc7d626,mobile
DEV_009269,bbb5cc7be64def81,mobile
DEV_009270,c791b28b1c60243b,mobile
DEV_009271,8289a49abf8a4283,mobile
DEV_009272,d4d6ec7e3cfdfc5d,tablet
DEV_009273,be06407ea43cdefd,desktop
DEV_009274,10f6ff0db025f33f,mobile
DEV_009275,99efe0b064f0e7db,desktop
DEV_009276,abd77395c9d17731,mobile
DEV_009277,c22fee7459402ac2,desktop
DEV_009278,665f0ba562f0f6f0,mobile
DEV_009279,3b9df7b71d79b49e,desktop
DEV_009280,57258a23f32eee2d,mobile
DEV_009281,b60a51550925215e,mobile
DEV_009282,194cf63e458d0900,tablet
DEV_009283,25b97b85b933df48,mobile
DEV_009284,82846947ba6618be,mobile
DEV_009285,79707ee1ddde93b5,mobile
DEV_009286,06dfac29b22826d5,tablet
DEV_009287,95c81564c69f3dc5,mobile
DEV_009288,9ed82a15fbe2ead1,mobile
DEV_009289,308168173c4d2999,mobile
DEV_009290,9feb486188d5e4da,mobile
DEV_009291,d2033928355c3a99,desktop
DEV_009292,0a383ebe7374181c,tablet
DEV_009293,64523ae6ecd9331b,desktop
DEV_009294,2d5c904e21a3ebb7,mobile
DEV_009295,306d9a6c6eb9f12f,desktop
DEV_009296,43e97de66c7bbd0a,mobile
DEV_009297,41b27cf1b17936e9,mobile
DEV_009298,defdf51dd7bbe2c6,mobile
DEV_009299,2f608c186e8b53b2,tablet
DEV_009300,be41867d126a6fa3,mobile
DEV_009301,8bd9fd159b46bd7f,mobile
DEV_009302,804033552e1b73ff,desktop
DEV_009303,17ddc9386c24b4d3,tablet
DEV_009304,58af6e2ca25d20cc,tablet
DEV_009305,74efad9deb0d6296,desktop
DEV_009306,0e0002bc4ca4039d,desktop
DEV_009307,dc7615e64920d7d5,mobile
DEV_009308,7ab392f290b7a712,mobile
DEV_009309,60267c46e8e9c938,mobile
DEV_009310,0c9bb202a719c805,mobile
DEV_009311,5681039347b7f29a,mobile
DEV_009312,8033f6718076d4ef,desktop
DEV_009313,4042a9556222f61e,mobile
DEV_009314,c70550f6fc92472a,desktop
DEV_009315,bb5ff7fe6fcdcd5c,mobile
DEV_009316,66a797b5ac4cd16f,tablet
DEV_009317,df0236bb42291984,tablet
DEV_009318,1162b003b97ea8b3,mobile
DEV_009319,3f8ea85b55372f25,mobile
DEV_009320,442a39d937d2a42b,tablet
DEV_009321,b8dd57610fdc49ac,mobile
DEV_009322,094b908279a9157c,tablet
DEV_009323,ce719e7a3f4e4c2e,desktop
DEV_009324,863758d817b342a5,desktop
DEV_009325,0ac4498bc38b00e8,mobile
DEV_009326,a8cc9c4e94009e32,tablet
DEV_009327,124976a1fd40b893,mobile
DEV_009328,47f4bacb301a0f65,tablet
DEV_009329,ebf73a966f1bcfd3,desktop
DEV_009330,439eae73792856b0,mobile
DEV_009331,e187c743b0525dbd,desktop
DEV_009332,a23ab4e61d736982,desktop
DEV_009333,34f8f61421711b2e,tablet
DEV_009334,b130445b7aa2fa6d,desktop
DEV_009335,647788a20e61f19f,mobile
DEV_009336,4bd769fa9f960a46,mobile
DEV_009337,bb1ee081ca019665,tablet
DEV_009338,ad8244faca7058df,mobile
DEV_009339,62ad8c601595ef71,desktop
DEV_009340,c356f1a051e68c9c,mobile
DEV_009341,165cecd93f484bc3,tablet
DEV_009342,87d8a571445d9f12,mobile
DEV_009343,d02c845b967825bf,desktop
DEV_009344,e54acfb3496fad28,mobile
DEV_009345,7d3e81dfdebe1bf2,desktop
DEV_009346,d918383f5b08cb9f,mobile
DEV_009347,3e63a2fb14b16508,mobile
DEV_009348,bb1e133c275fe287,mobile
DEV_009349,9f9409fadc3d9100,mobile
DEV_009350,600c25df86078869,mobile
DEV_009351,6067deab13913c6a,mobile
DEV_009352,9fa0b265f64b7c57,desktop
DEV_009353,601764112d4762bc,mobile
DEV_009354,dc79bedfd5a5920a,mobile
DEV_009355,81927d713aeea564,mobile
DEV_009356,a181231aeb624c1a,mobile
DEV_009357,06d179f9c530c515,mobile
DEV_009358,45ebea9e02b45ffd,mobile
DEV_009359,a27dca0755d0ea6d,mobile
DEV_009360,897c6853a71ad311,mobile
DEV_009361,1bc8e45a3d4e4f53,mobile
DEV_009362,8f922bd6ea110a0b,mobile
DEV_009363,ea60db3c899c9538,mobile
DEV_009364,3a9d44ee57e43de6,desktop
DEV_009365,fbbd09903e9c9d82,tablet
DEV_009366,ef67845741f6730a,tablet
DEV_009367,303c80360f9ab5bb,mobile
DEV_009368,47d1be452e5b0343,desktop
DEV_009369,787a148c292f7887,desktop
DEV_009370,f52861160a47c94a,desktop
DEV_009371,7b34a906031e2f57,desktop
DEV_009372,864c8d43db13a4e6,desktop
DEV_009373,e07b6984f5f8710e,desktop
DEV_009374,3a79e7981d5142ff,mobile
DEV_009375,3ab02eb50c838dfb,mobile
DEV_009376,a29b694445ee789e,desktop
DEV_009377,bf34b9e8216d6a4f,mobile
DEV_009378,51b404a923ed5a21,mobile
DEV_009379,4f7be3ab0976da9f,mobile
DEV_009380,f6f4d6cb287c1cbd,desktop
DEV_009381,9ffb4e28365b0fb6,tablet
DEV_009382,adf4689df7ce0424,mobile
DEV_009383,3a604eb893317c99,mobile
DEV_009384,545c4f185223bd08,tablet
DEV_009385,74ce10d91a9570d3,desktop
DEV_009386,20fa216a2837db21,mobile
DEV_009387,8f39a6df43fe68fd,tablet
DEV_009388,fb36e6e8696781ef,desktop
DEV_009389,4e0553feb8be6f41,mobile
DEV_009390,efc614c563de2f22,mobile
DEV_009391,045a7c5bf7f65cac,desktop
DEV_009392,22823ee7370da426,desktop
DEV_009393,755ef065ff3d8851,mobile
DEV_009394,89109e6f588eb755,mobile
DEV_009395,014a873cd61827c2,tablet
DEV_009396,e6f1fc88bd7927f2,mobile
DEV_009397,d3e0c85b99697e7a,mobile
DEV_009398,1cc0f0987e6e62f1,desktop
DEV_009399,380416b072b480e2,mobile
DEV_009400,14753d882a6f66f5,tablet
DEV_009401,a68a7567db6eef01,tablet
DEV_009402,f16c46110edc8f2c,desktop
DEV_009403,170601c88d3feb07,tablet
DEV_009404,07808ae78f025270,desktop
DEV_009405,49a649e073c8d2d4,desktop
DEV_009406,61e3e738e8c3682c,mobile
DEV_009407,6051ecfd552c0af3,mobile
DEV_009408,840e93e5c3652ca8,mobile
DEV_009409,b454c83f2a466349,mobile
DEV_009410,825fe132591d99ed,desktop
DEV_009411,3bf81b1154c8c2f8,desktop
DEV_009412,6c554971555b9119,tablet
DEV_009413,47b9dcad50229cec,desktop
DEV_009414,dd6f7d2d4c2b003b,mobile
DEV_009415,266adbffa977379f,mobile
DEV_009416,3cb5780a592d8f59,mobile
DEV_009417,6d642e260ce27264,mobile
DEV_009418,4e1fcb0d9180536e,mobile
DEV_009419,24799217cf16f187,desktop
DEV_009420,edfa2ead18607ac6,desktop
DEV_009421,4c4f47b404a56af2,desktop
DEV_009422,3b098520724a6539,mobile
DEV_009423,20551a27baadca12,mobile
DEV_009424,f5185e9fd5e6a0dd,mobile
DEV_009425,447ca990c50d4c0b,desktop
DEV_009426,4162d6eaaf4bec42,desktop
DEV_009427,e57d3d2b048658b4,mobile
DEV_009428,bc9f7c7d73ec488d,tablet
DEV_009429,fc3d18db27916153,desktop
DEV_009430,e1ff827e5a01b611,mobile
DEV_009431,80af93bd5b034bd1,mobile
DEV_009432,ea5cbf9e5fc7d656,mobile
DEV_009433,2bab5c39dff614aa,mobile
DEV_009434,685b0c07d624c5da,mobile
DEV_009435,0077ec82dba1cab4,desktop
DEV_009436,fb1f58d2dd9e77d2,mobile
DEV_009437,07b0def38f5d3d68,mobile
DEV_009438,36ecd43877eb39ad,desktop
DEV_009439,a706479570a6d466,mobile
DEV_009440,97d8bc082c2167d5,desktop
DEV_009441,afcaa66540e3b804,desktop
DEV_009442,7f26f23f728d1835,mobile
DEV_009443,d3caa12f41d04dd9,desktop
DEV_009444,3da13d22c36022c7,mobile
DEV_009445,a6f9e65b4b71bc2f,mobile
DEV_009446,70b216af9299a43d,desktop
DEV_009447,c226c8b825277bad,mobile
DEV_009448,89f0d7b5953995ea,tablet
DEV_009449,67e99b4f60777218,tablet
DEV_009450,d3b09f3af224efdf,desktop
DEV_009451,bc87bdfe677f7631,mobile
DEV_009452,4100023ab6045279,mobile
DEV_009453,474942a275e6dd30,desktop
DEV_009454,b93cfc979deb13a1,desktop
DEV_009455,d5574eb500879205,desktop
DEV_009456,87b727bd96598792,mobile
DEV_009457,9be738b737d6387c,mobile
DEV_009458,bc9df639bd480819,mobile
DEV_009459,c794d2387ad5a026,mobile
DEV_009460,c4b5a2b7855537d2,mobile
DEV_009461,bb47e9e65956d15d,tablet
DEV_009462,4e3d15df59a47905,mobile
DEV_009463,b3a2a064327544a2,mobile
DEV_009464,0dda497a110c05fc,mobile
DEV_009465,125d1a9eb4509b58,mobile
DEV_009466,40ffa08815dc5c29,mobile
DEV_009467,17cbd771aeb1f49e,tablet
DEV_009468,f7c88c62363c473e,mobile
DEV_009469,f4a1803a5ac8376c,mobile
DEV_009470,4539337eff6ba3c1,mobile
DEV_009471,01046f8dc3304f0a,desktop
DEV_009472,3af4363dbf3a60fd,mobile
DEV_009473,4c5de0ee0f02f3e6,mobile
DEV_009474,ef98e35a6c332a64,desktop
DEV_009475,d701d514070d7217,desktop
DEV_009476,b9fdc67ba8c829c8,desktop
DEV_009477,b5a4698c7c44662a,desktop
DEV_009478,81124e2dfbc59a61,desktop
DEV_009479,a0b6dc299c39cb7e,mobile
DEV_009480,a72553a2cdb7fa2f,mobile
DEV_009481,a3e6ddb704f12331,desktop
DEV_009482,444a61bad31bf9ce,desktop
DEV_009483,de1b09e96fa5f2ad,desktop
DEV_009484,c1994eaa3e3a4e63,tablet
DEV_009485,2635017060465a38,tablet
DEV_009486,b8329b203de231dd,mobile
DEV_009487,3b4425081774ae99,mobile
DEV_009488,61df24e22a21b94f,desktop
DEV_009489,0c4f98baec4cd829,mobile
DEV_009490,ab338c0e762c335f,mobile
DEV_009491,d4fd04e3c5bb7e33,mobile
DEV_009492,8b97a4c1ef548511,tablet
DEV_009493,b6500c4aacf48531,mobile
DEV_009494,08c06c17699ec119,desktop
DEV_009495,791cfbe6ee27db14,mobile
DEV_009496,c3c2091d5a12a6c9,mobile
DEV_009497,95d6305a3894afc4,mobile
DEV_009498,962989d4db6fc7dd,desktop
DEV_009499,2dd42cca2ef92272,mobile
DEV_009500,007c68634b63a797,desktop
DEV_009501,49a39fe50d1bf319,mobile
DEV_009502,21f4d1ac1f44c041,mobile
DEV_009503,cbe5135b84b36a9b,tablet
DEV_009504,3e8e60beaa2d08dd,mobile
DEV_009505,8e1313de20b4be25,mobile
DEV_009506,ebd0b79c1a048f20,desktop
DEV_009507,b73d955721518ef8,desktop
DEV_009508,ad573379b4b0ea60,mobile
DEV_009509,06f45904f70dc7aa,tablet
DEV_009510,b39a35c27b312d25,mobile
DEV_009511,9ebc4c8a9d5d8a9d,desktop
DEV_009512,2d3f63812a6d3d2c,mobile
DEV_009513,4d4b4d5236f94fab,mobile
DEV_009514,9da08dbd232ed9a4,mobile
DEV_009515,6c1cf30ccbb4c5a0,mobile
DEV_009516,7433015617242904,mobile
DEV_009517,08140343bd297f35,mobile
DEV_009518,907a418c9cd7cd0d,mobile
DEV_009519,cb0fd9f7907a96da,mobile
DEV_009520,eadaf2f9d090ea19,desktop
DEV_009521,c3d10df477eb1a0f,tablet
DEV_009522,c22af5ceb4a56f5d,mobile
DEV_009523,11dbb96fb61cd251,mobile
DEV_009524,362a3f624a39b98b,desktop
DEV_009525,bf10b4dedab4da9f,tablet
DEV_009526,f0a87b301e230000,mobile
DEV_009527,1c312d2e567087b2,mobile
DEV_009528,6a7a2418756a4ca8,mobile
DEV_009529,53044d6493a59083,desktop
DEV_009530,c788d04e0af63bda,mobile
DEV_009531,1746bcc9d6f83c57,mobile
DEV_009532,49fea933433e9d7e,mobile
DEV_009533,426c5367e52fe49a,tablet
DEV_009534,33004cca1a9e4c90,mobile
DEV_009535,4ff6f4e4c88f4a14,tablet
DEV_009536,4f6fbf2b15191f8e,desktop
DEV_009537,fae77d85b3a4db18,desktop
DEV_009538,42cdd0c4458572ec,mobile
DEV_009539,d98520bb0895e7b3,mobile
DEV_009540,08be7df392c9ad37,mobile
DEV_009541,24fa4f216c6e1f91,desktop
DEV_009542,8ece103f5eb0c5de,mobile
DEV_009543,03afeafdd2c74539,mobile
DEV_009544,a3a31326a63e9fac,mobile
DEV_009545,35705b28b76adf2d,desktop
DEV_009546,dd4e6b2597a0b29d,mobile
DEV_009547,b4b601ba3a3c62c8,mobile
DEV_009548,139cdcfb321bbfa9,mobile
DEV_009549,4665c72df3aa9c18,mobile
DEV_009550,eab9754054351d9d,tablet
DEV_009551,8bf64c36597ce393,mobile
DEV_009552,71ff0d3beb632ad2,mobile
DEV_009553,ba043175c9cd7fee,mobile
DEV_009554,bcc04ad8f4c70231,desktop
DEV_009555,850468a5ae9a2b4e,mobile
DEV_009556,2319a035651fe4e6,desktop
DEV_009557,2b5ba1b180b59e69,mobile
DEV_009558,9bb49d4f85cd93ee,mobile
DEV_009559,866241118d31c2dd,mobile
DEV_009560,222be3388a60e1fc,tablet
DEV_009561,81104857b1d140d8,mobile
DEV_009562,31d58720c80eb9d9,desktop
DEV_009563,382ad5550c7a89a2,mobile
DEV_009564,531af8c2b76313ad,mobile
DEV_009565,e11ab1b5068190b2,tablet
DEV_009566,ecc949b9f5ee883c,desktop
DEV_009567,6accd394b849ed92,mobile
DEV_009568,44e1c19a9bb33276,desktop
DEV_009569,5a937d10326084e9,mobile
DEV_009570,387ad7943342a060,desktop
DEV_009571,8c05c3a71fee2629,desktop
DEV_009572,fe4b992844410ee6,mobile
DEV_009573,c489183b9b500f81,mobile
DEV_009574,a530257a447c7391,mobile
DEV_009575,d79d6a9862b50e33,mobile
DEV_009576,490257aad7c98710,tablet
DEV_009577,5daa8a14ece0996e,mobile
DEV_009578,7c3e4eff3f9938ce,mobile
DEV_009579,72eb05e8d983d7a5,mobile
DEV_009580,72484f526fed0927,tablet
DEV_009581,756e9d45cab4b445,desktop
DEV_009582,82c6d9d5009e8bef,mobile
DEV_009583,893d823ed5aec5d3,mobile
DEV_009584,8ace71cfed22c016,tablet
DEV_009585,87062b394eeedcc9,mobile
DEV_009586,f6d846b18373ddd3,desktop
DEV_009587,0bd75682eff0a875,mobile
DEV_009588,52a465b40d404005,mobile
DEV_009589,afdbdfbc760c44c8,desktop
DEV_009590,6911d45cda2242aa,desktop
DEV_009591,0c9ab96876ad58b0,mobile
DEV_009592,dd2adc5de22d6815,mobile
DEV_009593,97025ac865e24030,desktop
DEV_009594,5e5918eeee3f0873,mobile
DEV_009595,65d04976ba2e739c,tablet
DEV_009596,0001880df82ba30d,desktop
DEV_009597,6312561ee14e6774,mobile
DEV_009598,17d8f08f9fa37e0b,mobile
DEV_009599,dd629862b114e8a6,mobile
DEV_009600,40fa0d916d68e7ef,desktop
DEV_009601,48b97ade5bb212d0,mobile
DEV_009602,5d7c01e809154955,mobile
DEV_009603,d1c84a044f45c554,desktop
DEV_009604,bd3f9bdb8b421e40,mobile
DEV_009605,eb55c3aa567b216a,mobile
DEV_009606,e5d6c06fc999c7ef,mobile
DEV_009607,d1286c45d8aa7a46,tablet
DEV_009608,c0bf2ca359b30507,desktop
DEV_009609,8586eae7d59bdbfe,desktop
DEV_009610,21268edcc18ecbb2,mobile
DEV_009611,25b0118618c7bb41,desktop
DEV_009612,9da212dd0d200f40,mobile
DEV_009613,be1c17d1f0071228,desktop
DEV_009614,2818818456c030ba,mobile
DEV_009615,bcb4a35a5ea315d9,desktop
DEV_009616,d996e7d091dfc668,mobile
DEV_009617,5425b40a22fa8acd,mobile
DEV_009618,a0ed82e78b7d9159,mobile
DEV_009619,cc3b7beb91ddea80,mobile
DEV_009620,215db39c22506423,mobile
DEV_009621,342aa38a48382525,mobile
DEV_009622,68b62d127f50e75d,mobile
DEV_009623,6d5e938665831765,tablet
DEV_009624,19b5e2d7336240c5,mobile
DEV_009625,bdbcc1357eb0b16a,desktop
DEV_009626,e991bcf68a685808,tablet
DEV_009627,4e2b419880145bb4,desktop
DEV_009628,5edba4942f412817,tablet
DEV_009629,ff0022029f560970,desktop
DEV_009630,304c598f2d8f49fe,mobile
DEV_009631,5a1bbb6377cfdcb4,tablet
DEV_009632,e8e853e20cf9b0b6,mobile
DEV_009633,5c0e074cfaadb444,mobile
DEV_009634,c1d1e081c6814aa2,desktop
DEV_009635,a48c969ddbfdc1f6,mobile
DEV_009636,a0d2c61e847cb693,tablet
DEV_009637,39902bda02cf17b7,tablet
DEV_009638,59aeb540f5dfa872,desktop
DEV_009639,26c5524130a86f33,tablet
DEV_009640,10102eab107b4759,mobile
DEV_009641,34c55cb762e78697,tablet
DEV_009642,0a78321883316f41,desktop
DEV_009643,9394954455912328,desktop
DEV_009644,4e4ca31ac3925397,mobile
DEV_009645,deded05ea340c1ae,desktop
DEV_009646,06087dc9fddff79f,desktop
DEV_009647,164e4f1d8958257f,desktop
DEV_009648,207b0f6903ebb2a9,mobile
DEV_009649,234fa90bb29aff2f,desktop
DEV_009650,f737dd497dab3795,tablet
DEV_009651,86cba146e19fa9dc,tablet
DEV_009652,2120b6c56fb7de09,mobile
DEV_009653,9d41885460e58a1f,desktop
DEV_009654,8072f80c5aee15ba,mobile
DEV_009655,de7e38aa081aceff,mobile
DEV_009656,51c400d1e6d8fd34,mobile
DEV_009657,59729de73f6a9a1c,mobile
DEV_009658,b6952708cd0b3a7a,mobile
DEV_009659,6d33e50f5269bca2,mobile
DEV_009660,1d5819001db6e5c3,desktop
DEV_009661,a9ffa090316362a6,tablet
DEV_009662,030e1da4d43a884e,mobile
DEV_009663,d86e0d9a4bfc9685,mobile
DEV_009664,d6a7303907a1d037,desktop
DEV_009665,b8d9ea64a30197a6,mobile
DEV_009666,582ed2f1482e91fe,desktop
DEV_009667,7e7c2509895dd5fe,desktop
DEV_009668,ed0618aca7eacf0b,tablet
DEV_009669,0315bf45c2404a7e,desktop
DEV_009670,e467f348f3bf2c5a,desktop
DEV_009671,722510906a44d01f,tablet
DEV_009672,ee7e64adf8cc55b5,mobile
DEV_009673,d630b86e861c3835,desktop
DEV_009674,8fd3281e3d13cf5d,tablet
DEV_009675,9cd3f3ef66203241,mobile
DEV_009676,87c1deacea707422,mobile
DEV_009677,0801c93431ff738a,desktop
DEV_009678,c45702e15de1d1b4,mobile
DEV_009679,ab04f82269b40716,tablet
DEV_009680,c887dbe2012a067b,desktop
DEV_009681,03d8299fbab7aec6,mobile
DEV_009682,2b2f55fb1d4b11ef,tablet
DEV_009683,d9a78efdf7401d8d,mobile
DEV_009684,e05c0a76d2ffd184,desktop
DEV_009685,d12ea1413952db2a,mobile
DEV_009686,486976cafd1f3f2a,mobile
DEV_009687,a56fda3cf065196d,tablet
DEV_009688,fb1994339d0c128e,desktop
DEV_009689,9230b02501de06f4,desktop
DEV_009690,a071495a6dc8f7d3,desktop
DEV_009691,5ad367c43bce6d1b,mobile
DEV_009692,a65da9f1b3371caa,tablet
DEV_009693,c49b5858c2cdad81,mobile
DEV_009694,499401545a50eae5,tablet
DEV_009695,0e73569e5d4d5efc,tablet
DEV_009696,ecaa040520fa517f,desktop
DEV_009697,697d08fbd5c0a352,desktop
DEV_009698,384b92b0e07ae2b8,mobile
DEV_009699,2f40c207c7cd81ab,mobile
DEV_009700,4ed5470619e5aa2c,mobile
DEV_009701,2648dcc6118a66a2,tablet
DEV_009702,072edd672ccb67e5,tablet
DEV_009703,1dbaeb24c2bceaf4,desktop
DEV_009704,3157241dffe7a3bc,desktop
DEV_009705,80003c2c297b14e9,mobile
DEV_009706,0d47cad1c437e821,mobile
DEV_009707,8cd7efd34d4c1fe8,mobile
DEV_009708,5eb6fb8e608cd51b,mobile
DEV_009709,99e741b2c56fe038,tablet
DEV_009710,39b67c7b66dade3e,mobile
DEV_009711,942c5f212d266661,mobile
DEV_009712,2779cefb08f69d1e,mobile
DEV_009713,5063a7edffa726b5,desktop
DEV_009714,7c435d0b9005562b,mobile
DEV_009715,1b0505cbb88c2861,mobile
DEV_009716,c23750bc2f84dc33,mobile
DEV_009717,2357fb8dcb36a97d,mobile
DEV_009718,1e0aef81e48b3242,mobile
DEV_009719,09bfdae32d69043b,mobile
DEV_009720,ed37ffccf08b479d,mobile
DEV_009721,de0036cfcb943307,mobile
DEV_009722,432364b091715dce,mobile
DEV_009723,e4471b37a5497752,desktop
DEV_009724,9901a4aba43ff66f,desktop
DEV_009725,aa30e46667f2fe84,mobile
DEV_009726,7a3337e7daa62bd5,mobile
DEV_009727,4d99d73be8f9be38,desktop
DEV_009728,7f8df92565ca6630,mobile
DEV_009729,8e27ab09a5b44698,mobile
DEV_009730,82f8e64b23866527,mobile
DEV_009731,b47bcdda78b0b1bd,mobile
DEV_009732,8d5f8e3c8111d5d9,mobile
DEV_009733,8c3463862e97edd5,mobile
DEV_009734,569e0e07594964ec,mobile
DEV_009735,3408374b2e667ada,mobile
DEV_009736,4a7fddc11bf1d4fa,mobile
DEV_009737,002631d98ec54d50,tablet
DEV_009738,4ac3f6c525b968dc,mobile
DEV_009739,e65256420422816c,desktop
DEV_009740,b3b8767f88ef1515,desktop
DEV_009741,4012fad473ce3b57,tablet
DEV_009742,fc28d6f4b2f5d6ae,mobile
DEV_009743,1b8b54fa2f05fdc3,tablet
DEV_009744,0275e2aa5f643418,tablet
DEV_009745,e6c5f8dd9970eee8,mobile
DEV_009746,c79fbaa85ab40305,mobile
DEV_009747,91a23c0fe515b89c,desktop
DEV_009748,282657b5129c47b5,desktop
DEV_009749,025e98d6167c0906,mobile
DEV_009750,c43f69c691fd74e6,mobile
DEV_009751,db54b77a6e958ff5,desktop
DEV_009752,f5fa6dd9b67e503a,mobile
DEV_009753,b767efaa7b52719a,desktop
DEV_009754,20e3ac76c29b7d43,tablet
DEV_009755,fcb873bf71e6dcf8,tablet
DEV_009756,4ffdb34f65c7329f,mobile
DEV_009757,71394d7cde3d138e,desktop
DEV_009758,2e2637065a8074b9,mobile
DEV_009759,86987477ed8e3dc2,mobile
DEV_009760,80ffd9d9c41b106d,mobile
DEV_009761,3a2d3bf1e898b70a,mobile
DEV_009762,7817c7833e1d3e85,mobile
DEV_009763,ac591713e4eba785,desktop
DEV_009764,9005f03650b9b618,mobile
DEV_009765,774726d8ab42d51f,mobile
DEV_009766,df8888e6e8dd9e0b,tablet
DEV_009767,5afb39516ea97f4a,mobile
DEV_009768,6237aea8300053f4,mobile
DEV_009769,85fe1f22091935a1,mobile
DEV_009770,771018036d35a19e,mobile
DEV_009771,3154c43c9a7f96c2,mobile
DEV_009772,90c8bdcdbf13b024,tablet
DEV_009773,6b5936d5324eedae,mobile
DEV_009774,69a6075d65122cbd,desktop
DEV_009775,f72dae954fade1d4,desktop
DEV_009776,3902bf535e87d901,desktop
DEV_009777,a371d9b9009903f7,desktop
DEV_009778,a58af1813e22c896,tablet
DEV_009779,b14fdc4c9f27ceb3,desktop
DEV_009780,489003f6be168883,desktop
DEV_009781,0d9eaacdf3f3f3d0,mobile
DEV_009782,4f79e32fb048d966,mobile
DEV_009783,813bc96ceaaf1872,mobile
DEV_009784,9e0248ec3564a4e8,desktop
DEV_009785,a1b4d9430d40745f,mobile
DEV_009786,937392ddfdd47fea,desktop
DEV_009787,39298ddd60589a02,mobile
DEV_009788,cd8cb03de83eb011,tablet
DEV_009789,4b77f51518f03fa0,tablet
DEV_009790,9f711b26d69bfee0,mobile
DEV_009791,68415ca488293f66,mobile
DEV_009792,6e984473628fe13b,desktop
DEV_009793,bc18c0bb4c554c4e,mobile
DEV_009794,6f0bb97b3aad52b9,mobile
DEV_009795,e267c212d71db44d,mobile
DEV_009796,e4c793601ab87097,mobile
DEV_009797,7d39e34be0e6c193,mobile
DEV_009798,088d8fceca0bce55,mobile
DEV_009799,de36bea939fa95f0,tablet
DEV_009800,e7308f62f54b83fc,mobile
DEV_009801,0903c502fceb0c1d,desktop
DEV_009802,52e97ff810f6697d,mobile
DEV_009803,cf2daf99fc0b864d,mobile
DEV_009804,18517aeaa87b7ac1,mobile
DEV_009805,1a2e8959e3380149,mobile
DEV_009806,5c100df809faa21e,mobile
DEV_009807,5b903140a34c1373,tablet
DEV_009808,cce72faf51c8f6fc,mobile
DEV_009809,a3f81d93c03422f2,desktop
DEV_009810,7efd8930fe8920d6,desktop
DEV_009811,8fd0e9e95885572d,mobile
DEV_009812,b67d218d71389e96,mobile
DEV_009813,f8a90684386b5fbf,desktop
DEV_009814,5137b15fff60b726,tablet
DEV_009815,52d1c3a367dd6243,desktop
DEV_009816,d277d11d5893fd0d,mobile
DEV_009817,9fdfd347477c3bae,desktop
DEV_009818,0261a6597365554a,mobile
DEV_009819,0629111a4023dba9,mobile
DEV_009820,63efa8cf2b698b4e,mobile
DEV_009821,8b03eaece2a93c8c,tablet
DEV_009822,568e4dbf9123b80e,mobile
DEV_009823,7ee6d4146e868a57,mobile
DEV_009824,251d618533ef7494,mobile
DEV_009825,85518ec0aa6d527b,tablet
DEV_009826,1e4a8020c7e2c1b5,desktop
DEV_009827,a5078af27b9d4c2a,mobile
DEV_009828,e055442b9b51b60a,tablet
DEV_009829,b713ebc558556324,mobile
DEV_009830,89cd12c0b23f1d40,mobile
DEV_009831,2298bed4d024df10,mobile
DEV_009832,522368fcfd79df28,mobile
DEV_009833,89bdafeec6cd09c9,mobile
DEV_009834,d0ae2c18d789d7de,mobile
DEV_009835,d7709eeb583737c1,tablet
DEV_009836,5dcd663c0bd26322,mobile
DEV_009837,88609e834f2bb4be,desktop
DEV_009838,8a21b6a0c45f8a3f,mobile
DEV_009839,73f39da6683f4278,tablet
DEV_009840,5ffca31c89958685,mobile
DEV_009841,0566937cb82eaf68,mobile
DEV_009842,a12f1a258a40dffd,mobile
DEV_009843,c53e27733c9cf058,tablet
DEV_009844,5fddfcb025b85729,desktop
DEV_009845,dc59814a35149cb4,mobile
DEV_009846,e6ab0c33e7c99ecd,mobile
DEV_009847,ed2685296910e56a,mobile
DEV_009848,6fed2129349839fc,tablet
DEV_009849,de5f03d59b01a509,mobile
DEV_009850,b4bcad538e000e1e,mobile
DEV_009851,98dc1c690c0bc81a,mobile
DEV_009852,e745153c63661542,desktop
DEV_009853,d5e4062f92e5ef09,mobile
DEV_009854,c78f3ac85e2f8851,desktop
DEV_009855,60d923b596b7b44a,desktop
DEV_009856,fa2564fef29c831f,mobile
DEV_009857,aae8a678834e3d0a,tablet
DEV_009858,35765a57b129c6c9,mobile
DEV_009859,090ce2ae25e1ff80,tablet
DEV_009860,9b69c42690a61071,tablet
DEV_009861,e48ebac73195c024,mobile
DEV_009862,8d0d8e2cc8d137b3,desktop
DEV_009863,0b66e5077f8c5c9a,mobile
DEV_009864,fabd5c2b4d89206a,mobile
DEV_009865,305351f56d64a50c,tablet
DEV_009866,3f45871bd2164722,desktop
DEV_009867,f273db7ab7acd5a3,desktop
DEV_009868,5493e02bb3c4b27f,tablet
DEV_009869,83bef51d8139d9ac,mobile
DEV_009870,de40136777509964,tablet
DEV_009871,d47472d92d685912,mobile
DEV_009872,ca3fc98ab63198de,mobile
DEV_009873,4813a9a826dec031,mobile
DEV_009874,ed28501331be69d7,mobile
DEV_009875,3372cd06d61ba240,mobile
DEV_009876,97b6c8de889a90ba,mobile
DEV_009877,d407ac1a7bd691b8,mobile
DEV_009878,d11164ad025a64d3,mobile
DEV_009879,14ab20a351ab1c84,mobile
DEV_009880,1fff3eb2d69a936f,desktop
DEV_009881,5e05ccdcbdfbf08f,desktop
DEV_009882,fa3534da90bae999,mobile
DEV_009883,721c1c7a975579f4,desktop
DEV_009884,4ce4e96824b2cbd3,mobile
DEV_009885,3bace7e63e6e2f62,mobile
DEV_009886,3a60c1deeaf1d8fb,mobile
DEV_009887,e8befefbb12bcbc3,mobile
DEV_009888,8d734e829c0681dd,mobile
DEV_009889,f3d7f29c24c8fb4e,desktop
DEV_009890,030fd3d566623586,mobile
DEV_009891,8f31e9fb74c7617f,tablet
DEV_009892,0026a04a5305571d,mobile
DEV_009893,48118d6a4d9454a3,desktop
DEV_009894,a065e1ec21393782,mobile
DEV_009895,aee72873950eb21c,mobile
DEV_009896,092ed05220a3f652,desktop
DEV_009897,718299648219e67a,tablet
DEV_009898,631464ad6137936f,tablet
DEV_009899,b364dbe839fb9da3,mobile
DEV_009900,8b27378ef0286a52,mobile
DEV_009901,cff251042c485f63,mobile
DEV_009902,1c92e2754eca6a18,mobile
DEV_009903,2ea99c6e90630a16,desktop
DEV_009904,e8d652146c360385,mobile
DEV_009905,cd6b73419ab6edb2,mobile
DEV_009906,7f417e3ffa420333,mobile
DEV_009907,39d5d35ff3ee4fb5,mobile
DEV_009908,efaa11f5bf1e8a86,desktop
DEV_009909,3119f975aaf620bd,mobile
DEV_009910,ac25d004b6161de0,mobile
DEV_009911,2192e3d80a5159fd,desktop
DEV_009912,fac08fb22b1c1b57,desktop
DEV_009913,df93c98056980299,mobile
DEV_009914,66e91e187536a9e2,desktop
DEV_009915,65e75e6a82700c04,mobile
DEV_009916,72437083ca83ff80,mobile
DEV_009917,c05a7b293906c12b,tablet
DEV_009918,109b41e23a9e0eb2,mobile
DEV_009919,5b69caf6386c74b7,mobile
DEV_009920,7892e8503310e65f,desktop
DEV_009921,9b03ac6b86a66fa4,tablet
DEV_009922,f136990cde35aa9a,tablet
DEV_009923,53fdf08a492a8170,mobile
DEV_009924,5c1cdb776fce7299,mobile
DEV_009925,567fe194687b9732,mobile
DEV_009926,d7b45f0a11d72e03,mobile
DEV_009927,e808bca838b11b04,tablet
DEV_009928,2cb5e978986bfc13,mobile
DEV_009929,c915850e6435c62f,mobile
DEV_009930,9a9faa12ab3ee5eb,tablet
DEV_009931,572466eb3eee3d7d,desktop
DEV_009932,6932f8db39fc8e40,mobile
DEV_009933,fea963acb5f71a04,desktop
DEV_009934,c1b778403ca7c007,tablet
DEV_009935,efeadcc54a420605,desktop
DEV_009936,09cf9689d3ed4e31,mobile
DEV_009937,6621ce79d4997261,mobile
DEV_009938,3e3739ec0e43fe99,tablet
DEV_009939,07565f375b1fd716,mobile
DEV_009940,4b52b15a3a56d456,mobile
DEV_009941,f30c3f0fc53493da,mobile
DEV_009942,474e0eedf9cdac00,desktop
DEV_009943,93e77b87f5cb72bc,mobile
DEV_009944,0a27cbeef4e810b0,mobile
DEV_009945,8ff38c4b849faa92,tablet
DEV_009946,0cd8e82147a217a7,desktop
DEV_009947,b33735ad63622e5b,mobile
DEV_009948,9f008dcb30a40289,desktop
DEV_009949,6ed80466ca0d2c38,desktop
DEV_009950,847247c09ebfc7c5,desktop
DEV_009951,00f71ecef9286345,desktop
DEV_009952,0b7bccc5a3f68bef,mobile
DEV_009953,b5232b16ffc1cf34,mobile
DEV_009954,9b89e428a70968d6,mobile
DEV_009955,0f052399f3ad3a97,desktop
DEV_009956,87e6db367c979740,tablet
DEV_009957,8b957e40bb0ca7ce,desktop
DEV_009958,b6429457a1a73b7d,mobile
DEV_009959,40a5ae8777b65904,mobile
DEV_009960,639b1be4b67ecc1b,mobile
DEV_009961,acb1910c68355b90,mobile
DEV_009962,ed4bdffce6e4e7d4,mobile
DEV_009963,b1f6ac698e96442a,mobile
DEV_009964,1c5193149f54ceed,desktop
DEV_009965,e057073ac4872cc5,mobile
DEV_009966,71841e0989aac6d2,mobile
DEV_009967,3e6bf607887e6653,mobile
DEV_009968,53c7a5a20154edd4,mobile
DEV_009969,105c9efe1ccf4ed7,mobile
DEV_009970,05111a453cbb90b2,tablet
DEV_009971,87999eded26cabf0,desktop
DEV_009972,b22960295e82b84a,mobile
DEV_009973,9cfdb4591fc5ab81,desktop
DEV_009974,5883c899e64f39ed,mobile
DEV_009975,8d4f3d98c0d5052b,mobile
DEV_009976,adb47aec5f9301ad,tablet
DEV_009977,79894555901b10d4,mobile
DEV_009978,0a7d18cdacd40a67,mobile
DEV_009979,5c877b2eede1213d,desktop
DEV_009980,3b0d002fa38867cd,mobile
DEV_009981,9b50ecfb101c2870,mobile
DEV_009982,00cd9991be7d6e78,desktop
DEV_009983,7a1ca80dd73507bc,mobile
DEV_009984,d582a2e862356509,tablet
DEV_009985,e8860b041c4152c6,desktop
DEV_009986,766d6fb45f1710d4,mobile
DEV_009987,6d275fb1dfae4cd3,desktop
DEV_009988,7ed91697e09a04c2,mobile
DEV_009989,d53c870c0cf7e26d,tablet
DEV_009990,a3ef68e95d33d7a1,mobile
DEV_009991,566cb7beeb5efd10,mobile
DEV_009992,a9ff4e84a1a1f541,mobile
DEV_009993,df6e4dc02ea87f91,mobile
DEV_009994,1934c93bc7d5b417,desktop
DEV_009995,be0f73bda42ddeea,mobile
DEV_009996,c11930e92c4b2a90,mobile
DEV_009997,e9cd09878c1b237a,mobile
DEV_009998,08976c955f8d24d7,tablet
DEV_009999,4cdb91d76409af0f,mobile
DEV_010000,37e2e2982dacf3a7,mobile
DEV_010001,d188f62561ad53f2,mobile
DEV_010002,f3124dda98411073,mobile
DEV_010003,2849dea0aa7e5512,mobile
DEV_010004,8552415eb47117c5,mobile
DEV_010005,edf481035294ce3b,mobile
DEV_010006,1eb3fbb332a413c3,mobile
DEV_010007,fd922feeeb3a46b7,mobile
DEV_010008,b96d259ef7d787c0,mobile
DEV_010009,a7db3b08dba07668,mobile
DEV_010010,9e362a67f6b7ad1a,mobile
DEV_010011,26b4734823d21182,mobile
DEV_010012,605ec73e021bac28,mobile
DEV_010013,29c9e8130449915a,mobile
DEV_010014,65363fc4e51b0789,desktop
DEV_010015,0bfa774fa7467df5,mobile
DEV_010016,3f8b5d0c9e1ae81f,mobile
DEV_010017,d5d52a6d9f7e746d,mobile
DEV_010018,a92380857fa6c509,mobile
DEV_010019,810565fb5ee98c00,mobile
DEV_010020,f1a3f37b0219876f,tablet
DEV_010021,8a3c0985f52dc3bb,desktop
DEV_010022,2d4a391bd0e07ef8,desktop
DEV_010023,67a46b653cc2e919,tablet
DEV_010024,d1f3622060047969,tablet
DEV_010025,423b1fd578e69f01,tablet
DEV_010026,e0dec70a0b5e6c50,desktop
DEV_010027,9b673e1ad781388e,tablet
DEV_010028,5b088272f2c915cf,mobile
DEV_010029,03665aadfabc18f4,mobile
DEV_010030,bb23fae1ff40c59f,mobile
DEV_010031,b930d81b1ee7c93a,mobile
DEV_010032,d6e1f2be85dc4cd8,tablet
DEV_010033,0184a8ba634e93dc,mobile
DEV_010034,e34c837cc1d92295,tablet
DEV_010035,3aed6ef3607db061,desktop
DEV_010036,35f911928956b8c7,mobile
DEV_010037,c405cd745b8e5dc9,mobile
DEV_010038,1414b97317a7b3d4,desktop
DEV_010039,6a731a393ae683c0,tablet
DEV_010040,7845caeb312c7c19,mobile
DEV_010041,5ceb5b6eeff350c8,mobile
DEV_010042,5219de6f9e173b06,desktop
DEV_010043,db2747858948b766,desktop
DEV_010044,d1337ba6a15bc42a,tablet
DEV_010045,f2a5eccd743aab5e,desktop
DEV_010046,1bd7ea3bd3bb2840,tablet
DEV_010047,d9b7dc26670b0606,desktop
DEV_010048,8da6ac2744639477,mobile
DEV_010049,cc05271e4a666e12,tablet
DEV_010050,5431796d350d0d8e,desktop
DEV_010051,341e2e949059d3e8,mobile
DEV_010052,885f1bb814a45201,mobile
DEV_010053,197f1d0c5d39509d,mobile
DEV_010054,9b0a1444a2ee42db,mobile
DEV_010055,c5ff70d9ec663a35,desktop
DEV_010056,87e4a37da238318a,mobile
DEV_010057,6805547ab90f8357,mobile
DEV_010058,8b776c7c613aa369,desktop
DEV_010059,71414a2175403feb,tablet
DEV_010060,271b811208900856,mobile
DEV_010061,e69af5f3f74a1f79,desktop
DEV_010062,6dd681a3b5827cc5,mobile
DEV_010063,b2a82be7741aedc8,tablet
DEV_010064,1df1389e9bbf30b2,desktop
DEV_010065,2af7a4b72454fae4,desktop
DEV_010066,a721d885f497bd3a,desktop
DEV_010067,1a85f2ede24c69f5,mobile
DEV_010068,bbd51f1f7aa78890,mobile
DEV_010069,8aaa1874c739fd0d,desktop
DEV_010070,a7ceeb0bb55df6ef,mobile
DEV_010071,bad2f81ba73937f9,mobile
DEV_010072,82b45d0ff176a260,tablet
DEV_010073,526e766f314553c9,mobile
DEV_010074,41ae2bc19db5eefc,tablet
DEV_010075,6107e126db5c1b89,mobile
DEV_010076,16eefe3ba0962680,mobile
DEV_010077,f171baf4a80663e0,mobile
DEV_010078,8786ec2c53f95448,mobile
DEV_010079,123e80cccf504aa6,mobile
DEV_010080,c3b2fbdbd63735e1,mobile
DEV_010081,f4fa30159a747857,desktop
DEV_010082,af0d59027d68570d,mobile
DEV_010083,342334711e586264,mobile
DEV_010084,797944b2973b3ad1,tablet
DEV_010085,f58e124dcf98201c,desktop
DEV_010086,1ca59403bf41a717,mobile
DEV_010087,b6d692601ba76051,mobile
DEV_010088,c2f354c48dc75045,mobile
DEV_010089,73cc739329097d49,desktop
DEV_010090,19fedeebeede2222,mobile
DEV_010091,2f6fc41d0d336a16,desktop
DEV_010092,d7bee32fe5d950d9,tablet
DEV_010093,33b61200a40aaff3,tablet
DEV_010094,559339d58ff159e2,tablet
DEV_010095,47e1676b811352cc,desktop
DEV_010096,d70c4f29f27d29d3,mobile
DEV_010097,d5d538989b219712,mobile
DEV_010098,7e63b1def3cb8ca1,desktop
DEV_010099,39e8eeae07c25b10,tablet
DEV_010100,ea4962745f20f3f9,mobile
DEV_010101,988af973d1442410,mobile
DEV_010102,a5483856a664b703,mobile
DEV_010103,b93c65edc78bc2b2,tablet
DEV_010104,68679e7530babc05,desktop
DEV_010105,866211b7b338bb3a,mobile
DEV_010106,c106f5fd6d1869f4,mobile
DEV_010107,892c50c189b24921,mobile
DEV_010108,c808050e01d17744,mobile
DEV_010109,03b4a0d7cc89243e,mobile
DEV_010110,dab68842a43c8714,desktop
DEV_010111,4e74d464591aeb9c,mobile
DEV_010112,d5997fa1e89ea09f,mobile
DEV_010113,6a1cfb4406ac0738,tablet
DEV_010114,72b4749175c7e8ba,desktop
DEV_010115,1d3eac285010b876,mobile
DEV_010116,8119638071b3ef2e,tablet
DEV_010117,c6a0bd94af30ed54,desktop
DEV_010118,36832bf81f0f3438,mobile
DEV_010119,bdda8e37bcb0a839,tablet
DEV_010120,dc3a614268c21bad,mobile
DEV_010121,36bbc42931313d44,mobile
DEV_010122,b2698b6ff604d00e,desktop
DEV_010123,7629c8774ff4e179,mobile
DEV_010124,d0794c514b6f566a,mobile
DEV_010125,efd678e9790409b2,mobile
DEV_010126,9465c0b0cbceb261,mobile
DEV_010127,22998cad19a072a1,tablet
DEV_010128,712343b1c72ff88c,mobile
DEV_010129,d33ef9cd9cf0ad75,tablet
DEV_010130,940d60233713c392,mobile
DEV_010131,02274afebf304252,mobile
DEV_010132,b87da16045223c82,mobile
DEV_010133,de995c55d207b4a2,desktop
DEV_010134,d7daf3854a0caaac,mobile
DEV_010135,44e4d9e51693829f,mobile
DEV_010136,3e05962048a90e69,mobile
DEV_010137,d17979e3f549c230,mobile
DEV_010138,bc5ac93aa8cd0eaa,desktop
DEV_010139,fc1ac25a899bac23,desktop
DEV_010140,383a1501833a9b1e,mobile
DEV_010141,d5761452f808ed5c,mobile
DEV_010142,f40bbdce19096618,mobile
DEV_010143,56a36cc511f761f1,tablet
DEV_010144,763feb48025e6144,mobile
DEV_010145,7fca3dfdd09d78b6,mobile
DEV_010146,72e10f6299ccff14,mobile
DEV_010147,974a2c7b25366384,mobile
DEV_010148,9625ec3a3e07a7f9,mobile
DEV_010149,3227075fab1e0159,mobile
DEV_010150,4428cb17cccd8b8d,tablet
DEV_010151,0043708e1e7dab62,mobile
DEV_010152,7719ac741f3a21ab,desktop
DEV_010153,12a18bb018969b77,desktop
DEV_010154,a7ee15520dfb682e,desktop
DEV_010155,4f176f453d0af34b,mobile
DEV_010156,1755f6ae19240b9d,mobile
DEV_010157,be0945cc9253bd64,mobile
DEV_010158,b65c3c5a84f90a90,desktop
DEV_010159,b24c712e095eb2ef,mobile
DEV_010160,db04b9339ad89bf3,mobile
DEV_010161,f8ffc5fead6a49b8,mobile
DEV_010162,226ef56b687f5ab7,mobile
DEV_010163,6b3e5bfb8e4d541f,desktop
DEV_010164,935453feac7c9e3e,mobile
DEV_010165,c1a19f18c5642db1,mobile
DEV_010166,a04952c329fc4a33,tablet
DEV_010167,9c16791efd739fce,mobile
DEV_010168,c77a957c746d527e,mobile
DEV_010169,fe5ff1404ce8ffce,tablet
DEV_010170,79c6f0547deafaf3,mobile
DEV_010171,9b141e4cae4c11af,mobile
DEV_010172,e1fdccf36fdbb227,mobile
DEV_010173,234507476c18837f,tablet
DEV_010174,43166495da08b1ce,mobile
DEV_010175,e0e6b5763603ab05,mobile
DEV_010176,e705df350cdd864e,mobile
DEV_010177,58aebb25e756b392,desktop
DEV_010178,97128f7fb54c1a96,desktop
DEV_010179,40cd174e0b87864c,mobile
DEV_010180,68009a36364a2a10,tablet
DEV_010181,b27619f7491bdb2e,tablet
DEV_010182,a9524568e3ab5d2b,mobile
DEV_010183,59afda9548156f74,tablet
DEV_010184,093287fff3d9ff32,mobile
DEV_010185,044469ebb4c2f833,desktop
DEV_010186,cd21739ac32861c4,tablet
DEV_010187,bc1e1ad9627aa3e5,tablet
DEV_010188,db20a69497e9b98d,mobile
DEV_010189,cd9968fb67d65a66,desktop
DEV_010190,4eab38d3e69592e4,tablet
DEV_010191,c046f39740c598c2,mobile
DEV_010192,3387465485a28abe,mobile
DEV_010193,da3675448800a1f3,desktop
DEV_010194,90f0ba6aa69f0236,desktop
DEV_010195,d629738a6d542ef1,desktop
DEV_010196,9a40474eb8740db2,mobile
DEV_010197,3a5b716cb53e6245,mobile
DEV_010198,cb69b4818011209a,mobile
DEV_010199,d47833e7ba888410,mobile
DEV_010200,3a3d6ac08e241d2d,desktop
DEV_010201,d66e1d1d9bd70f00,desktop
DEV_010202,4413b199ec796851,desktop
DEV_010203,8d899b483e1466f9,desktop
DEV_010204,291654e257008fc8,desktop
DEV_010205,12fbd975c2a2fe96,mobile
DEV_010206,31db1b56fe430dd1,mobile
DEV_010207,2237f73d49150d50,mobile
DEV_010208,a5104a32b8cfc423,mobile
DEV_010209,2174f3327e8bf94d,desktop
DEV_010210,65521163841525ea,tablet
DEV_010211,73157fa3ab954449,mobile
DEV_010212,ab5db8ffbd6dd35f,desktop
DEV_010213,7a1374a23ae3bd3a,mobile
DEV_010214,e9f9a82d9dc5b60d,desktop
DEV_010215,db192fcd54d30b88,desktop
DEV_010216,1751c2745526967b,tablet
DEV_010217,e872c26621380a24,mobile
DEV_010218,1f99bf90f0d4415a,mobile
DEV_010219,37e9aabf93179c0d,mobile
DEV_010220,d122709ebbdbdfa5,tablet
DEV_010221,0636037c96043fa8,mobile
DEV_010222,4fe4ecdfb14e6698,mobile
DEV_010223,362ad3a18930b32a,tablet
DEV_010224,2fed7692b0bea820,mobile
DEV_010225,518e7e5a16de307f,mobile
DEV_010226,e8f0a95058cbe68b,desktop
DEV_010227,8709244c59055259,mobile
DEV_010228,ed35b43a652d8160,desktop
DEV_010229,0e5db7cc3b8b471f,mobile
DEV_010230,edb226ea31da0c36,desktop
DEV_010231,170d77215eec6575,mobile
DEV_010232,7fcfe7e80a216344,tablet
DEV_010233,e423adbc01973137,desktop
DEV_010234,c00e009a6863bcfe,mobile
DEV_010235,f3f4af75e7323a4f,mobile
DEV_010236,0866db0f0deaeb79,desktop
DEV_010237,1ebbd2f9a5c7e01c,tablet
DEV_010238,d40929d444ce12a1,mobile
DEV_010239,cbe25f6e531500a5,desktop
DEV_010240,759a16771035eb0c,mobile
DEV_010241,1f60fdaf5cae3c89,mobile
DEV_010242,5f151724cb858e3a,desktop
DEV_010243,2f9bfa91b10b6468,mobile
DEV_010244,122ac747c8543fb8,desktop
DEV_010245,00f908f182cc91a9,tablet
DEV_010246,93ee2f49ed2de9b2,desktop
DEV_010247,945c6b2f42be2e33,desktop
DEV_010248,d640b21f4bb91a0c,tablet
DEV_010249,09e871efebb347f8,mobile
DEV_010250,7969aa3b6c7f55a8,mobile
DEV_010251,8bcaac352f4051b7,mobile
DEV_010252,ea818401a9b57e42,desktop
DEV_010253,cd250806e6f80ffd,mobile
DEV_010254,925e17adea882210,tablet
DEV_010255,98ced796f482caaf,desktop
DEV_010256,a115c1cde72a7dbd,desktop
DEV_010257,d77e190ec6d781e3,tablet
DEV_010258,d68a0246ef77e91e,mobile
DEV_010259,4a9a0300b237473a,tablet
DEV_010260,f9c10d7340156c85,mobile
DEV_010261,c93d3b99a8e41009,mobile
DEV_010262,c46f572498ac1ad3,mobile
DEV_010263,15065c9abb6119a1,tablet
DEV_010264,73f526175b02a8e0,desktop
DEV_010265,70ad4d181dab7b1e,mobile
DEV_010266,b07ec62c72e55f63,desktop
DEV_010267,bdb9f1061da7543a,tablet
DEV_010268,971c370d57e0b139,mobile
DEV_010269,af1cf46968a6dcd4,tablet
DEV_010270,556799b563f1e867,desktop
DEV_010271,43267f7d0af7984d,mobile
DEV_010272,37de06ccd37d2d99,mobile
DEV_010273,a57418de673ac127,mobile
DEV_010274,52af3f3efc85d552,mobile
DEV_010275,430fba39c474f901,mobile
DEV_010276,fb661ffaf9b43e7a,mobile
DEV_010277,000980d68c1b10c2,mobile
DEV_010278,750a713d4ca56316,mobile
DEV_010279,54b649352c30e65d,tablet
DEV_010280,1037b9f3cdb62260,mobile
DEV_010281,35467acd35a21e77,desktop
DEV_010282,16900247b3c34c66,desktop
DEV_010283,2af19e7de9797ca3,mobile
DEV_010284,9cd11f5bda8023f6,desktop
DEV_010285,154b90fa346f7371,desktop
DEV_010286,cf74e7f7c69e1031,mobile
DEV_010287,60b522f19547fd9a,tablet
DEV_010288,167e99c4c67d47b0,desktop
DEV_010289,177c22ce9f12d502,mobile
DEV_010290,b3543e0fd14afe45,desktop
DEV_010291,137d6325c917c606,desktop
DEV_010292,dc585efb10aff566,desktop
DEV_010293,c5c3701776d5576a,desktop
DEV_010294,57dd2e1d954869ee,mobile
DEV_010295,82797847cbc8d46d,mobile
DEV_010296,408568dfd0e032e6,mobile
DEV_010297,c434f390f6c1ac57,tablet
DEV_010298,50924f709c7bd115,tablet
DEV_010299,ab9a38c25535849c,mobile
DEV_010300,62586291da95daae,desktop
DEV_010301,e33008bd28f24bff,desktop
DEV_010302,2d9c87ccfa73b404,mobile
DEV_010303,fff81c422aad3ae9,mobile
DEV_010304,db0d934fe805c10b,tablet
DEV_010305,ea241285103fd96b,desktop
DEV_010306,ed19d991a65698f9,mobile
DEV_010307,58cd2dce1d59bc1c,tablet
DEV_010308,b16168ecf97c4b90,mobile
DEV_010309,be2577268cefe8c1,tablet
DEV_010310,96985c819bca14a7,desktop
DEV_010311,b89c548d7bbc3710,mobile
DEV_010312,f428aa41b0bcfd5b,mobile
DEV_010313,366303dd22de8d6e,mobile
DEV_010314,5cc0181991a1125c,desktop
DEV_010315,d9ef7d729b27abfb,desktop
DEV_010316,4e6ceb6a1376b0b8,desktop
DEV_010317,1636699cdf2ce97d,desktop
DEV_010318,48506e1ce12279e5,desktop
DEV_010319,1f6d32a32f794ef2,mobile
DEV_010320,4370b3e6bfcb6645,mobile
DEV_010321,3cc764feab83996c,desktop
DEV_010322,c968d2a31e9a422b,mobile
DEV_010323,c90c001d15f12437,mobile
DEV_010324,e51188e7c213b4be,mobile
DEV_010325,48f93667aa606e6e,desktop
DEV_010326,d237ecf8b36c5375,tablet
DEV_010327,00c0533d4f35f787,desktop
DEV_010328,7f73e91f4c2a250a,desktop
DEV_010329,f52ad277282b0802,desktop
DEV_010330,383eea2f534baa31,desktop
DEV_010331,ac58306cf7d0d913,mobile
DEV_010332,9d80a4d978444a80,mobile
DEV_010333,5ae81d98daaecde8,mobile
DEV_010334,bff056d2a9620d12,mobile
DEV_010335,fae5108ffc7bc920,mobile
DEV_010336,be69b436c4203bbc,tablet
DEV_010337,cf833a761e9e1f31,mobile
DEV_010338,3f4b16830fcf92af,desktop
DEV_010339,a7df060a13df3fc4,mobile
DEV_010340,ccc5fdd8f93e7e39,tablet
DEV_010341,1eb8ebe39ae10254,tablet
DEV_010342,5967221a322cfd2c,mobile
DEV_010343,83aa0dc9c9b7805a,desktop
DEV_010344,224126735dc57de9,tablet
DEV_010345,4fccd75b8eb377bc,tablet
DEV_010346,3ca1d6c88d50c35a,mobile
DEV_010347,70cec2ede002296e,desktop
DEV_010348,82d4830291188ff4,mobile
DEV_010349,8694109d6333a1ab,mobile
DEV_010350,28de4d3138b8847f,tablet
DEV_010351,b14f2c0f222414c3,mobile
DEV_010352,b862bd22f188eada,mobile
DEV_010353,d751dea8690ca346,desktop
DEV_010354,cfc734e7985e4694,desktop
DEV_010355,24bddebb0d40fd5a,desktop
DEV_010356,169a6dfd5f8e6d12,mobile
DEV_010357,32ef4c8aa3134820,mobile
DEV_010358,fd5c67a07e4dea6e,desktop
DEV_010359,b18719a6b900903e,mobile
DEV_010360,d0bffd1e03464ed8,tablet
DEV_010361,b10c68472772f144,mobile
DEV_010362,9a80eb659a863c65,desktop
DEV_010363,53d6372cc3a1dc1b,desktop
DEV_010364,d8088375689ebcbd,desktop
DEV_010365,ff7ba7ac9f0f813b,desktop
DEV_010366,640aae54b8679dbf,mobile
DEV_010367,73ee84134ff6a381,mobile
DEV_010368,a6a03a3dfb52be60,mobile
DEV_010369,226dd33cd8782b18,tablet
DEV_010370,301322c4e2398017,mobile
DEV_010371,347e6f1e539d7f3b,mobile
DEV_010372,766cffcb426ae04b,mobile
DEV_010373,a53ceae298d8efc8,mobile
DEV_010374,b627fa63e5161d42,mobile
DEV_010375,8cde36cf1328c1d7,desktop
DEV_010376,c5a81d1ac60c68c2,mobile
DEV_010377,a160f9b7336b8ee7,mobile
DEV_010378,f6b59120cb9436a0,mobile
DEV_010379,b630389e5ccce419,desktop
DEV_010380,048f5a526a8cfab7,mobile
DEV_010381,c542e60d0ec743c0,desktop
DEV_010382,b6a108d860576ec2,mobile
DEV_010383,8164c780c67f9e61,desktop
DEV_010384,c5fc1fd544fed1fe,mobile
DEV_010385,d697461b65d21e4d,mobile
DEV_010386,588549aa34acaded,mobile
DEV_010387,14cc5aa07f2f5143,mobile
DEV_010388,74f48251daf9c416,mobile
DEV_010389,8646b39d21523e26,mobile
DEV_010390,1a7733805799d5a5,mobile
DEV_010391,198183ccdcf62c95,desktop
DEV_010392,39aaa926572c2c07,desktop
DEV_010393,73eb809097fb2762,desktop
DEV_010394,31f7f36ae925a1a8,mobile
DEV_010395,4565baa564e257cf,desktop
DEV_010396,aa143e47c95b5fa7,tablet
DEV_010397,262eeb3c30e37fe9,mobile
DEV_010398,4bbe5605d024204a,tablet
DEV_010399,56d11edecc6ffc60,mobile
DEV_010400,b084d0e8c2755514,mobile
DEV_010401,bcf6835c7d32787b,mobile
DEV_010402,9ebfc532640209ab,mobile
DEV_010403,c87c235a392029ae,mobile
DEV_010404,7c01fd00466f694b,mobile
DEV_010405,a29f403770e74f35,desktop
DEV_010406,472cd50a689c9c6f,desktop
DEV_010407,f65f9b09326378f0,desktop
DEV_010408,84a937fcb06c4085,mobile
DEV_010409,32581157271b5c32,desktop
DEV_010410,131411303f2cc084,mobile
DEV_010411,07e9c9db0b4cff8f,mobile
DEV_010412,bea0dfee474c0fba,mobile
DEV_010413,c4c52ff0325c0f78,mobile
DEV_010414,7e96dbe6fcaad8a9,tablet
DEV_010415,54005ed76e108d33,mobile
DEV_010416,a07cb8582bd797dc,mobile
DEV_010417,4fe298c950448d7a,desktop
DEV_010418,e8091b7458984fc8,desktop
DEV_010419,ff685233bacfecdd,desktop
DEV_010420,5860da04da957ddb,mobile
DEV_010421,a4f614e5b9cae1c2,tablet
DEV_010422,fe06185e54282d83,desktop
DEV_010423,fe0452a45ec7e31f,mobile
DEV_010424,820532703a51c1c2,tablet
DEV_010425,d3eed7f79b64a26c,desktop
DEV_010426,f635e734c1bb03f4,mobile
DEV_010427,de49f5e8711746cc,mobile
DEV_010428,278a6c4f3d8e41a6,tablet
DEV_010429,b2fa8ecc0fb99275,desktop
DEV_010430,6499f11694c63f11,desktop
DEV_010431,657650b513fbd5da,desktop
DEV_010432,9a3ca5bdc3294e09,tablet
DEV_010433,4c9c0b40cdf6bcf8,desktop
DEV_010434,b82ee7abdbc698ae,desktop
DEV_010435,6370a25c8d61793c,mobile
DEV_010436,cd4462e3219065cd,desktop
DEV_010437,ad8e9b0aece635df,mobile
DEV_010438,ac41ed03555e88b6,mobile
DEV_010439,a11944dc6d9c1553,tablet
DEV_010440,3fc4fc713870acc5,mobile
DEV_010441,78ad3e04936bc7d9,desktop
DEV_010442,52f8ec96a2555bea,tablet
DEV_010443,1a31c23f87fa6863,desktop
DEV_010444,e7acf8631718905b,mobile
DEV_010445,bc3f0cc79f0f0516,mobile
DEV_010446,b7cfc210acb48511,mobile
DEV_010447,6add0b61abcd7663,mobile
DEV_010448,b812588ab1fc0a56,mobile
DEV_010449,f83d9ce989816402,mobile
DEV_010450,05f0080f8db7f500,desktop
DEV_010451,cfa76d13b3465c9d,desktop
DEV_010452,559dbe11a670be95,desktop
DEV_010453,dbf763578375a001,mobile
DEV_010454,0ef8df431e07b9b9,mobile
DEV_010455,f5a7f88b0bf321ec,mobile
DEV_010456,8857cd02dd9805d5,desktop
DEV_010457,8f46061b877aeecf,mobile
DEV_010458,9b732bcd5fdce8b9,tablet
DEV_010459,a068502026a112b8,tablet
DEV_010460,6300caa93b9a8a2b,mobile
DEV_010461,3847cff3ff92b26f,mobile
DEV_010462,b5946b29439de44e,mobile
DEV_010463,1253daf707ffdae0,desktop
DEV_010464,6d2d568027225131,tablet
DEV_010465,cc88a1852d7900f8,mobile
DEV_010466,d5d91690d95c1e7f,mobile
DEV_010467,a87b98b3d799778a,tablet
DEV_010468,833cb7edbd427a92,mobile
DEV_010469,44cb67555e5d6dee,mobile
DEV_010470,e7843ed895a22203,desktop
DEV_010471,4adb59714a7e5a77,mobile
DEV_010472,92ad5a4774cf9f61,mobile
DEV_010473,71ceabb6c04d49c3,mobile
DEV_010474,d38e82f1e317e76a,mobile
DEV_010475,fbd942c48fa03a53,mobile
DEV_010476,fbbd30bbd50462ee,tablet
DEV_010477,d0f7b03510c17c2f,mobile
DEV_010478,2f4fc3602f5ed7d2,tablet
DEV_010479,dfeb78a2ee5adfc9,desktop
DEV_010480,d63af1fc5225cd13,desktop
DEV_010481,7ea57b0847169fc6,mobile
DEV_010482,10ab3bda1c29f974,desktop
DEV_010483,1a521da4511a8aa7,mobile
DEV_010484,a6590d2244794c56,mobile
DEV_010485,ffc0e89300bca7d7,mobile
DEV_010486,2e026a87c6ae2bb9,desktop
DEV_010487,b68a5991d40a9090,mobile
DEV_010488,9b7d2fc69cab6c8f,mobile
DEV_010489,eaf3a8fea58c9604,mobile
DEV_010490,63939223f99e883a,desktop
DEV_010491,b036afc8e90f013e,desktop
DEV_010492,12118efeb486e941,mobile
DEV_010493,f68c9ad7c011b7e0,mobile
DEV_010494,533b5a2bfe53696a,mobile
DEV_010495,821cf4c72df866d0,desktop
DEV_010496,b7963941b594b688,mobile
DEV_010497,c80ecec22f1af51b,mobile
DEV_010498,b03c6315a918b076,mobile
DEV_010499,5278fe5c687b35e5,mobile
DEV_010500,56460fcfe5a75057,mobile
DEV_010501,0fafd553fa56c279,mobile
DEV_010502,b1acf8fe37b3c4a1,desktop
DEV_010503,67642a62c8f21b86,mobile
DEV_010504,1807eb454559fa4b,desktop
DEV_010505,fe332fc66529df89,mobile
DEV_010506,1c6e0d55b6dc83b3,mobile
DEV_010507,e87362e00dada752,tablet
DEV_010508,341a4e391af33974,desktop
DEV_010509,431b3dfafdde6eea,tablet
DEV_010510,08324e23103d7abd,mobile
DEV_010511,368ccd21a3174f2a,desktop
DEV_010512,21b486c395a8cf47,mobile
DEV_010513,ffe31df6826b2b57,desktop
DEV_010514,83f4c2585bc6c5a2,tablet
DEV_010515,5c29d04e3a699b40,mobile
DEV_010516,37a918c17a489e6c,mobile
DEV_010517,c25a60ae1da48c2e,mobile
DEV_010518,b956afedb28b662c,mobile
DEV_010519,257aaf06771ed1bb,tablet
DEV_010520,1f37beaf10be15d0,mobile
DEV_010521,3e6f5af6182d7fcc,mobile
DEV_010522,276416a8bdcecbc9,mobile
DEV_010523,106b23aaef6c40b5,tablet
DEV_010524,dab939776453e145,mobile
DEV_010525,8a1ffd3b65f9ab7f,mobile
DEV_010526,6c3d1e0f0ed50c6d,mobile
DEV_010527,8385cf64de7d9933,desktop
DEV_010528,3e70812da623648a,desktop
DEV_010529,af26d01c882fdb57,desktop
DEV_010530,f5f81225d3efc858,desktop
DEV_010531,016b335629e08ba0,mobile
DEV_010532,85753b5ad5af6331,mobile
DEV_010533,c4a96834939cfe2a,mobile
DEV_010534,d8faac468b6d5eab,desktop
DEV_010535,2e747eed1f94f1b9,mobile
DEV_010536,990ec39a5956b727,mobile
DEV_010537,871feddc606deff6,mobile
DEV_010538,2805af3811173268,mobile
DEV_010539,acf6064a57326b57,desktop
DEV_010540,2b1ddfc450d640f1,desktop
DEV_010541,740aace09e1ae669,desktop
DEV_010542,f10525ec8280734c,mobile
DEV_010543,501ab1539e079f76,mobile
DEV_010544,af04da62c9cab07e,tablet
DEV_010545,eed3cb6e4801b4fe,desktop
DEV_010546,5f5af887c3e79e72,mobile
DEV_010547,aca76bdd15f8dfce,mobile
DEV_010548,7177300e12e10121,tablet
DEV_010549,7d4eb58870fdc2c0,tablet
DEV_010550,fb89dda3f3d1f727,mobile
DEV_010551,123d29cb2468ddb7,desktop
DEV_010552,9c495cb6b4e3c029,tablet
DEV_010553,8469234e9e3df089,mobile
DEV_010554,183514b2a02d219a,mobile
DEV_010555,5eaa0f0af5895a22,mobile
DEV_010556,577747b8f2166968,mobile
DEV_010557,3e0ac0309c5b62e9,mobile
DEV_010558,ad9c4dc881f44134,mobile
DEV_010559,f7f07c1c2a634c03,tablet
DEV_010560,e6efc47d7a877599,desktop
DEV_010561,1e4e7ffdbada5a18,tablet
DEV_010562,6bff644dbe8a43af,mobile
DEV_010563,f6bba67db351550a,mobile
DEV_010564,b60ef715370c260d,desktop
DEV_010565,0ead2caf8e64334c,desktop
DEV_010566,c2bbf3ea0efe14d8,mobile
DEV_010567,886314498a66454a,mobile
DEV_010568,3a6e3620cfef059b,tablet
DEV_010569,327b485f1b5659cc,mobile
DEV_010570,6f1aca5cc5dba8da,desktop
DEV_010571,6884b6cdffe8ed3e,desktop
DEV_010572,0f125df21feed849,mobile
DEV_010573,732fd25dc41f2e58,mobile
DEV_010574,4ea44af4de79a6ca,mobile
DEV_010575,b06493255cc2e08b,desktop
DEV_010576,0b271542d7641a5f,mobile
DEV_010577,0f1bcd081d82c49f,mobile
DEV_010578,98e179ae49d535f1,mobile
DEV_010579,8e6170421550133e,desktop
DEV_010580,89325e40b556a89b,mobile
DEV_010581,8d7ee5fa70900cda,mobile
DEV_010582,3a716e5a4322cf5a,desktop
DEV_010583,60b6ae0db50df85b,desktop
DEV_010584,e586c7ca9268f05f,mobile
DEV_010585,7ee57cdc664ca7fa,mobile
DEV_010586,54ffc855731c19f9,desktop
DEV_010587,b9e72070c9e3f90d,mobile
DEV_010588,0103ba9b8c9f4c0c,mobile
DEV_010589,5dd1754eab3306d6,tablet
DEV_010590,93004edaff3f86ea,desktop
DEV_010591,11e3e7cd83ee808e,desktop
DEV_010592,e3c28879966812c8,desktop
DEV_010593,1069343336645a44,mobile
DEV_010594,0b7d0a3b71ef7e57,desktop
DEV_010595,e372bb2e97631104,desktop
DEV_010596,cf1750ee8546f8c4,desktop
DEV_010597,0be2384a2917c060,mobile
DEV_010598,293bc4eef61db5da,mobile
DEV_010599,a65b7590fc4ebf53,mobile
DEV_010600,29f174ebc2fd17b9,mobile
DEV_010601,b96a49213acc8d0b,mobile
DEV_010602,68addcc019852488,mobile
DEV_010603,ab138d5c0ad47efb,mobile
DEV_010604,6f359c6d1bf72eb5,mobile
DEV_010605,432108f9ef75cf71,mobile
DEV_010606,94fdb598d36bce07,mobile
DEV_010607,4786575718a5f94b,tablet
DEV_010608,a7779321b47b8cbd,desktop
DEV_010609,641731813be4bc42,mobile
DEV_010610,0c2ab2f0c5cfbdcb,desktop
DEV_010611,b2a0a2c23daa1391,mobile
DEV_010612,5296f9e1cc213c2a,desktop
DEV_010613,6bddd5df420b9528,desktop
DEV_010614,9a8a5f4bcdca6512,tablet
DEV_010615,e1dd438cecd49608,desktop
DEV_010616,0bb693828a45542c,mobile
DEV_010617,5f6a1e9ff0074c5c,tablet
DEV_010618,523127c453e1ebe3,mobile
DEV_010619,1a1b5febd2a0d6f1,mobile
DEV_010620,a0776ba15061c138,desktop
DEV_010621,939adb9f43ee0108,tablet
DEV_010622,113455deb927cbc4,desktop
DEV_010623,b01c45922a4cf6c6,mobile
DEV_010624,282153111000bc13,mobile
DEV_010625,ce3224d60eb84453,tablet
DEV_010626,98b68ed1c9d7cc27,mobile
DEV_010627,bfb825943a18405d,desktop
DEV_010628,5459e55adda04c1f,mobile
DEV_010629,7192c9859b7dc6bd,mobile
DEV_010630,d1fefa3047ff6405,mobile
DEV_010631,b3d4e63a8f01e3f9,desktop
DEV_010632,f797939013a0b1f2,desktop
DEV_010633,852216b08727efd1,desktop
DEV_010634,b9ea0db79f9f8316,desktop
DEV_010635,6f249ab8c2520a4d,mobile
DEV_010636,106b09b972fe2303,mobile
DEV_010637,1599d6715a404167,mobile
DEV_010638,535bcbc9d32071bb,desktop
DEV_010639,731ca57a24f19aba,tablet
DEV_010640,22a8342036cd3554,desktop
DEV_010641,42fe4e04c47a33b7,mobile
DEV_010642,57c94fa819cca372,tablet
DEV_010643,1365c934acaf51ee,mobile
DEV_010644,66f4aff6c268db5f,mobile
DEV_010645,d0300948f4fffc99,mobile
DEV_010646,70303208e1ed84fd,mobile
DEV_010647,f8a532563b68c641,desktop
DEV_010648,371e03798da592d2,desktop
DEV_010649,6018700457d734bb,mobile
DEV_010650,a5be8cca5289ecad,desktop
DEV_010651,4d23d5c5e458ff89,tablet
DEV_010652,fbe20bae215f91ee,mobile
DEV_010653,918984bbb3202199,desktop
DEV_010654,d4ff099b23e95847,mobile
DEV_010655,a6602802479ac20e,mobile
DEV_010656,4b2462a8bf6d9832,desktop
DEV_010657,592c1b62e56537ab,desktop
DEV_010658,d2565fe168a31d3c,tablet
DEV_010659,f2bcb9614f2604f7,desktop
DEV_010660,da8c82f19f786945,desktop
DEV_010661,cd3dcc0dc0b832be,mobile
DEV_010662,a22847e64b1b79bd,tablet
DEV_010663,4a0e2bf1cb8e5e14,mobile
DEV_010664,521a67e9126eea5c,desktop
DEV_010665,6a855d3f3f4eda83,mobile
DEV_010666,5593b53dc39c6c9b,mobile
DEV_010667,997c1aec729874c8,desktop
DEV_010668,339224af70feb11a,mobile
DEV_010669,7b4eb0acf03e93e7,mobile
DEV_010670,64d48362d30c4d4a,desktop
DEV_010671,6dd4a09b8f72b41f,mobile
DEV_010672,dc50420b07cbf198,desktop
DEV_010673,c59636fe7960ffd9,tablet
DEV_010674,d734aab4129e2511,mobile
DEV_010675,6ac7af3036a63134,mobile
DEV_010676,c7d98d6a89767a64,mobile
DEV_010677,44dea6f14562a286,desktop
DEV_010678,c1e7e418157892d6,desktop
DEV_010679,0fbe47dea4dd76dc,desktop
DEV_010680,70ba1c840087bc62,tablet
DEV_010681,207429cd69f97e8f,mobile
DEV_010682,bd1bd69775163c2f,tablet
DEV_010683,3e46063ab599b431,mobile
DEV_010684,8ff92c714bacb688,desktop
DEV_010685,44211f3f3227fbca,desktop
DEV_010686,42797b241500e3f9,mobile
DEV_010687,d581b6510b83b95b,desktop
DEV_010688,8c536201f803bf6f,mobile
DEV_010689,01234628b400c392,mobile
DEV_010690,d129751652a8e540,mobile
DEV_010691,b7a7741b3c22966f,mobile
DEV_010692,f4f928f497b9eb60,mobile
DEV_010693,4c85f45fb91c41b7,tablet
DEV_010694,e6d4449af35162b7,desktop
DEV_010695,d5be882146982096,tablet
DEV_010696,07f085a46c0f7be1,desktop
DEV_010697,97139d79bf06e10e,desktop
DEV_010698,2ce89ef8020698fa,desktop
DEV_010699,11b820c7c07e4684,tablet
DEV_010700,6f313d9f50681e7c,mobile
DEV_010701,c81a833a020484bb,desktop
DEV_010702,7daf500eb6ee44d5,tablet
DEV_010703,9b8a387d923836e1,mobile
DEV_010704,2857ba0fd6da9877,tablet
DEV_010705,091dac14abb33a2f,mobile
DEV_010706,0e491767405423e6,mobile
DEV_010707,c457e2a838f15453,mobile
DEV_010708,6bf3280fb8173d98,mobile
DEV_010709,4348ef3d073ff532,desktop
DEV_010710,7faa8aac5eb77a64,mobile
DEV_010711,766b769ac70dc7d3,mobile
DEV_010712,cc66dbcc29346751,desktop
DEV_010713,77d76fd4d7142b27,mobile
DEV_010714,6dbb255ff743aba9,desktop
DEV_010715,1855e3a0ced9e188,mobile
DEV_010716,53ac213f3cf53bde,mobile
DEV_010717,ff68b49c423874ed,desktop
DEV_010718,acc96517d4dbbdc7,mobile
DEV_010719,6a012f30788f6e83,tablet
DEV_010720,2e58d2929ca4fe53,desktop
DEV_010721,fb153d8a491d3602,mobile
DEV_010722,6037bac558c4d2e5,mobile
DEV_010723,71d4019a39d5617a,mobile
DEV_010724,ea4b4fa9c915ded3,desktop
DEV_010725,0ee6a94e6e610814,desktop
DEV_010726,ee84e737b756fae7,mobile
DEV_010727,ffd3f92471fcdadb,desktop
DEV_010728,2bb3018798c6658c,mobile
DEV_010729,261333eb192d701f,mobile
DEV_010730,f715685f0953ba47,mobile
DEV_010731,ef8209e8fd5f552e,desktop
DEV_010732,ad8efff9c37ddec0,mobile
DEV_010733,50976b777e1c9f08,mobile
DEV_010734,e51177c7923afa9e,desktop
DEV_010735,ccd5bf8ccdea35a5,mobile
DEV_010736,4193f15d99646436,mobile
DEV_010737,fda55b7f759f9681,tablet
DEV_010738,c261ed612548d3fd,desktop
DEV_010739,ffe07870fd06a241,desktop
DEV_010740,bf960dee3becf23e,mobile
DEV_010741,35f7791fabb55966,mobile
DEV_010742,ec879c598b68af11,mobile
DEV_010743,83052ee8be1aa7f6,mobile
DEV_010744,35cb998212e37b7b,mobile
DEV_010745,cb6fb641a20ac323,mobile
DEV_010746,e9c9862df21364a7,mobile
DEV_010747,52b7cff93af87f8a,desktop
DEV_010748,8150fb40e345cf71,mobile
DEV_010749,c080b29e75da7aef,mobile
DEV_010750,b7049be6fbb22939,mobile
DEV_010751,b841ae12b171fc04,desktop
DEV_010752,d7f235ac1ab6abc4,mobile
DEV_010753,8e17c48615e1f825,tablet
DEV_010754,0504a8629aacadc3,mobile
DEV_010755,789c8cf71a29c035,mobile
DEV_010756,7476f9ec7b25fd27,mobile
DEV_010757,da4fdf1fc7217d50,tablet
DEV_010758,c70bae56d4934b08,mobile
DEV_010759,c057056b22620d59,tablet
DEV_010760,4ada235ab0cc881e,mobile
DEV_010761,6ecb09f70e2ba4ab,mobile
DEV_010762,f31e3c349f234375,mobile
DEV_010763,2b19f1e6b846feea,mobile
DEV_010764,9d6164a0f066bcb2,mobile
DEV_010765,2c95b298e671f033,tablet
DEV_010766,c93726ace62e33d5,desktop
DEV_010767,b7720a11efdc4921,mobile
DEV_010768,573052f59f9ad736,mobile
DEV_010769,9075b90c2d21c085,desktop
DEV_010770,a001d2b33dc74f3b,desktop
DEV_010771,9e6595f43c183784,desktop
DEV_010772,30af9cd3abb4cd8d,mobile
DEV_010773,f8ac5afd529f860a,mobile
DEV_010774,338e03f2bcf918a0,desktop
DEV_010775,38b9d76443053f53,desktop
DEV_010776,ed46be89656a23dc,mobile
DEV_010777,d81e11d85e2790d5,mobile
DEV_010778,f8101f0f34ba0805,tablet
DEV_010779,01657f429e053db5,tablet
DEV_010780,540a7d50eea42175,mobile
DEV_010781,f4917127d2690fcb,desktop
DEV_010782,56e975709e15461f,desktop
DEV_010783,1ea8a99c548ba671,mobile
DEV_010784,2f55cbcc582a3c66,desktop
DEV_010785,a7aa31277431d043,mobile
DEV_010786,8f1f69674a2b72cb,desktop
DEV_010787,54edcf3e3aec0f55,tablet
DEV_010788,6d5258c926ec08a6,mobile
DEV_010789,b9e4641fe8e85461,mobile
DEV_010790,e115c135f0cd2aea,mobile
DEV_010791,361b9ae4ad2ce172,desktop
DEV_010792,078a893d72fc97f2,mobile
DEV_010793,73e760ef8cdfd3d1,mobile
DEV_010794,8cfe196ec93ad245,mobile
DEV_010795,d02336741de20cb1,mobile
DEV_010796,04a52148d29ec21b,mobile
DEV_010797,e6f5eba64a4fd3e4,mobile
DEV_010798,b576a446fe7aabce,mobile
DEV_010799,28ce1cfaf7a2799c,mobile
DEV_010800,2783e8c97820cc66,desktop
DEV_010801,65e1e46fed02af2a,mobile
DEV_010802,9530f65d006b61e9,mobile
DEV_010803,2c223fe68274d0e2,tablet
DEV_010804,8c4f9ffa9afa5a14,mobile
DEV_010805,80751e2e4c0ba6be,mobile
DEV_010806,069df23dad3fe2db,mobile
DEV_010807,d761ac55dcd73497,tablet
DEV_010808,cc5c2108067789ff,mobile
DEV_010809,42ad3867377bff6e,mobile
DEV_010810,9d5b9ec15a66bc95,mobile
DEV_010811,4c86ebfebc2152a5,mobile
DEV_010812,21eeba0cfc88de94,mobile
DEV_010813,2043e43c32c14a21,mobile
DEV_010814,74ef4fa93d797f11,mobile
DEV_010815,bab3637d1b01d6c3,mobile
DEV_010816,6ee7e521ea214ec4,tablet
DEV_010817,9f73631d0070222b,mobile
DEV_010818,34063c87d71d3b89,tablet
DEV_010819,7290359d2f70da50,desktop
DEV_010820,93edce7f4fd8131e,desktop
DEV_010821,73c705f6e5653871,desktop
DEV_010822,b3182297ec7cfe5b,mobile
DEV_010823,36622fecaf945707,desktop
DEV_010824,dc9e89cc943554b6,desktop
DEV_010825,5bf31c0717b4bbd7,desktop
DEV_010826,e664e0c7d4c22da9,mobile
DEV_010827,8d0a317e170bacf2,mobile
DEV_010828,d12f161e0cd6dc08,mobile
DEV_010829,b1dcdfd03c52fdbd,mobile
DEV_010830,529394ae10ca09de,mobile
DEV_010831,4e6a561de1a54f1b,mobile
DEV_010832,0384c189af91ee43,mobile
DEV_010833,09b6e57ee2217808,mobile
DEV_010834,da990454e8c46f50,mobile
DEV_010835,dbb74eb7412ffe5f,desktop
DEV_010836,2bf99080ca5bb763,tablet
DEV_010837,24c283ea79e28d87,desktop
DEV_010838,1fc5c26720e8ac2e,desktop
DEV_010839,3e448579838cede4,desktop
DEV_010840,18108293f14ef5ed,mobile
DEV_010841,7296b8fd1b6adcaa,mobile
DEV_010842,8d1cf4c34ccd80ca,tablet
DEV_010843,179dd4990004fd0b,mobile
DEV_010844,8af438de405c7bb5,mobile
DEV_010845,0ed575aa18f514af,tablet
DEV_010846,887256b6a10e1ddc,mobile
DEV_010847,70d44d7dd301bbff,mobile
DEV_010848,75dadb26c0b2dd86,desktop
DEV_010849,9d5574198de3849f,mobile
DEV_010850,49c041a37f74813b,mobile
DEV_010851,eebd6862da7a4ff0,mobile
DEV_010852,7e62d7c73e3e160e,tablet
DEV_010853,3adc0ef38c82c293,mobile
DEV_010854,065d8aa20ec43c4d,tablet
DEV_010855,fba37263405af09d,mobile
DEV_010856,2cb5265307edafbc,tablet
DEV_010857,8b605aa65a2cecce,mobile
DEV_010858,8ee565a21a945866,desktop
DEV_010859,7bca1d479e3fe509,desktop
DEV_010860,1dae2e88f215e0e1,mobile
DEV_010861,b3ccc65fe0bc8984,desktop
DEV_010862,12397393f03e86ea,mobile
DEV_010863,1e6ac9670b5fa5f6,mobile
DEV_010864,c6daac7c7bdff4cb,tablet
DEV_010865,d3290a95dc9010c5,mobile
DEV_010866,b9bb04a8e5da435a,tablet
DEV_010867,7fe2228194313326,mobile
DEV_010868,d4141af09e9575ee,mobile
DEV_010869,28d0dc91bea80b87,desktop
DEV_010870,24797104c8a56c20,desktop
DEV_010871,61e78cb396743c0b,desktop
DEV_010872,34341677245faa9b,tablet
DEV_010873,e31a87d4eca93215,mobile
DEV_010874,8aec591f9940d029,desktop
DEV_010875,3885f5cb2be3dc54,desktop
DEV_010876,47a2b016bbc947fd,desktop
DEV_010877,12e8950dfa460cd1,desktop
DEV_010878,f620ef3e03716755,desktop
DEV_010879,68b67c97da655bf8,mobile
DEV_010880,b335bedf2f88babd,mobile
DEV_010881,c93619cb3f6b2128,mobile
DEV_010882,396ebe5c5e981c42,mobile
DEV_010883,d0b01a90337033b9,tablet
DEV_010884,1cd40f0446d97e7b,tablet
DEV_010885,2215fc50f1db1767,desktop
DEV_010886,6d65dcdeda36fbc2,mobile
DEV_010887,d8be67a0c491d58a,mobile
DEV_010888,47e72fbc1020caac,desktop
DEV_010889,cb3ad37eb97a193c,desktop
DEV_010890,ff2c491e5c141de1,desktop
DEV_010891,cf73055d692abf9c,desktop
DEV_010892,4eb2b58a530675b4,desktop
DEV_010893,8bf5ee65bee97c60,desktop
DEV_010894,5f6872f0933a5c8d,mobile
DEV_010895,22695764de0fa3fc,mobile
DEV_010896,b1975aed7f1bcd52,desktop
DEV_010897,390a12bd40589f14,mobile
DEV_010898,1afea0ca00ddd871,mobile
DEV_010899,11486d40e6276d57,mobile
DEV_010900,c03601c10c313a41,mobile
DEV_010901,3de24228d9b668da,desktop
DEV_010902,73493be3463b620a,mobile
DEV_010903,ff137370e3b21e42,mobile
DEV_010904,04cd2c85b46308af,desktop
DEV_010905,1fcac8d5ff0d63fa,mobile
DEV_010906,69896d83644c8bf7,desktop
DEV_010907,73086ba2c699a96a,desktop
DEV_010908,8bfb4bddcdd27684,mobile
DEV_010909,790728530c0fca64,tablet
DEV_010910,13309b828c2039af,mobile
DEV_010911,c69efba1e0e6aaa3,desktop
DEV_010912,577c8a41f075d9f1,mobile
DEV_010913,9a23688163aed11c,tablet
DEV_010914,b28b022f1e833d36,tablet
DEV_010915,a3c0e9e592b25037,tablet
DEV_010916,9c2d5dde8a02fd46,mobile
DEV_010917,1de9f50be82feeec,mobile
DEV_010918,1ce8277b671d3cf0,mobile
DEV_010919,b11f8717bd99ada4,desktop
DEV_010920,b9457a2a18429b6c,tablet
DEV_010921,a2543e01fbe74364,mobile
DEV_010922,e2e1c214adb24c6e,desktop
DEV_010923,a56aa5aad2f19fc9,mobile
DEV_010924,2c93332044e5cae6,mobile
DEV_010925,a183fe769ffa35c4,mobile
DEV_010926,f8d7c61300ccc356,mobile
DEV_010927,f3402ec7ac66d430,mobile
DEV_010928,3b098fdce701fb32,tablet
DEV_010929,d607320278e86f69,tablet
DEV_010930,0993d4c260d19d07,mobile
DEV_010931,425f89ffbfadc5aa,desktop
DEV_010932,df7dc69ac3521181,desktop
DEV_010933,84363a5dd95e465b,mobile
DEV_010934,bf62b28dfb04ffb0,mobile
DEV_010935,d2104a3b8b5f1b78,desktop
DEV_010936,ffaebd02680f8e8a,desktop
DEV_010937,7032f1e601954682,mobile
DEV_010938,2bbb7a103fd7a2f0,mobile
DEV_010939,1ea03193550ce7c4,mobile
DEV_010940,03c1029788a19093,desktop
DEV_010941,7b05c3d2c71eeeb5,mobile
DEV_010942,c8335c940200823d,tablet
DEV_010943,0b17186ff68dc109,mobile
DEV_010944,32f7f996d6a0b341,tablet
DEV_010945,257e7dd51a14c1a8,desktop
DEV_010946,372f99ddb4eb393b,mobile
DEV_010947,6ddc68edc83ffdce,desktop
DEV_010948,bd06030ce09018b7,desktop
DEV_010949,989933334e0efbbe,mobile
DEV_010950,598dfa9688a8641a,tablet
DEV_010951,a33d99f5e7457002,tablet
DEV_010952,09f13d6557b6d6fb,mobile
DEV_010953,4c2a1d6c7ad48cec,mobile
DEV_010954,79fa490e0db48b08,desktop
DEV_010955,308c67be1d07ebde,mobile
DEV_010956,d354af5819b69369,mobile
DEV_010957,2de9fc87cc502ab4,mobile
DEV_010958,fc9d031c6a22bf19,mobile
DEV_010959,7d0104d2fa9ca89b,mobile
DEV_010960,eac2e323f64379bd,mobile
DEV_010961,e0df1ebd9f1480b0,mobile
DEV_010962,5cb4fcedf25a609a,mobile
DEV_010963,0992cd9df19b9471,mobile
DEV_010964,70f918d1a78083fc,tablet
DEV_010965,d35f9b6f3cb15aff,mobile
DEV_010966,b7bfb61dc09e5e18,mobile
DEV_010967,dd9d87cad3c1e156,mobile
DEV_010968,da3f98931ffd36c7,mobile
DEV_010969,1ebf00aa0aa64d75,mobile
DEV_010970,52933abed59a689d,mobile
DEV_010971,937a0e3814fca36f,desktop
DEV_010972,d59dfd55c5c18686,mobile
DEV_010973,80751fe09a177549,mobile
DEV_010974,222dc4183caf9541,mobile
DEV_010975,f4f13a5fcf9abf83,tablet
DEV_010976,a4dec6e227f15b54,desktop
DEV_010977,b358bedf99f2d3fb,tablet
DEV_010978,fc0bb963aef00b23,tablet
DEV_010979,e6ff2f74f640355a,mobile
DEV_010980,ab8c4f26aa8a5030,desktop
DEV_010981,46c70599a54cf865,desktop
DEV_010982,48b3be77895239d5,desktop
DEV_010983,d0e6e9fc151d7ebf,tablet
DEV_010984,434a56b63ad86989,mobile
DEV_010985,954148864dfdaa47,mobile
DEV_010986,7b3db9716910e500,tablet
DEV_010987,2c2d170536fab26b,mobile
DEV_010988,77613b6bc918e11a,mobile
DEV_010989,927dc010d760c101,tablet
DEV_010990,d48371caba47984c,mobile
DEV_010991,8e5a3f707320572a,tablet
DEV_010992,d6bc5e6f374169ce,desktop
DEV_010993,f22c3d3f05bf7afe,mobile
DEV_010994,7dcd20ea7998774b,mobile
DEV_010995,85304b89d3ea44f4,mobile
DEV_010996,dc6dd1022bbd763f,desktop
DEV_010997,e2b053384583583e,mobile
DEV_010998,46ae3f96a0c4da20,tablet
DEV_010999,99ff5fbbc57c8749,tablet
DEV_011000,1d0163df03d3f43e,mobile
DEV_011001,36f1a1ecb1a143cc,desktop
DEV_011002,1a4a7722bbcc86fc,mobile
DEV_011003,b1ee9754d4af5c46,desktop
DEV_011004,f04a918ba9689d44,desktop
DEV_011005,25f1882036abd4b5,tablet
DEV_011006,f1de9385733bcba8,desktop
DEV_011007,c56176a831f83c50,tablet
DEV_011008,d91719eef7731f03,mobile
DEV_011009,4c1f63863bf60cb3,desktop
DEV_011010,23c5bc480e9e222b,desktop
DEV_011011,62f6748558838800,mobile
DEV_011012,a6036a31537dbed9,mobile
DEV_011013,c126abcc54ee2906,tablet
DEV_011014,39d80ced448133aa,mobile
DEV_011015,a8ed3731558a6182,desktop
DEV_011016,9d9fd805d2756c00,desktop
DEV_011017,0aeb274a8a6ba6e5,desktop
DEV_011018,02e0813455ab4933,tablet
DEV_011019,e699f9b6556b22df,mobile
DEV_011020,582a7bbe7259c296,mobile
DEV_011021,375991da5f12e018,mobile
DEV_011022,2a50841c2a2621e9,mobile
DEV_011023,6fd193983f892d5f,mobile
DEV_011024,57d680872c11059e,mobile
DEV_011025,578055ad9e3fcf63,mobile
DEV_011026,4de0590d608280d8,mobile
DEV_011027,30eb376786b39219,desktop
DEV_011028,a28e3a25e574e7e8,mobile
DEV_011029,7e9cd162a3b55499,mobile
DEV_011030,2e42b4bb56da3375,desktop
DEV_011031,dc553c9d46b7fe50,tablet
DEV_011032,76eacff0e9dd7c8e,mobile
DEV_011033,02db8431af8e2e49,desktop
DEV_011034,c606a613f48ac742,mobile
DEV_011035,1dbb3ba94ac6e7bd,mobile
DEV_011036,d6c15d9e7b12c311,mobile
DEV_011037,bc3d84a28d972c76,tablet
DEV_011038,cdad1b210c06cff2,tablet
DEV_011039,460e90fa7ac6b471,desktop
DEV_011040,8afee84738d7416c,mobile
DEV_011041,84a39111fdaf0bff,mobile
DEV_011042,49117de5a0cddb7c,mobile
DEV_011043,1384e86ccf60a9c8,mobile
DEV_011044,f84f85a389d254c8,desktop
DEV_011045,9e95aadc1cc532f1,mobile
DEV_011046,a5a316d8e47c70b2,tablet
DEV_011047,2ed45e406bdc7e12,tablet
DEV_011048,abd4102e3de22325,tablet
DEV_011049,c7e4cba046d84fa6,mobile
DEV_011050,0f7120d8c85195af,mobile
DEV_011051,5ddb018ae2b8f43d,mobile
DEV_011052,6e76ea834a357d7f,mobile
DEV_011053,58ba790e5f52c792,mobile
DEV_011054,fead65bd12eeeb5e,mobile
DEV_011055,2374699d6d75f877,mobile
DEV_011056,b8d79c091ea750ff,mobile
DEV_011057,45d0f5ed80df80bd,mobile
DEV_011058,019cc48e6ec3d75c,tablet
DEV_011059,3ddaac3bc11ee317,mobile
DEV_011060,cec4d646492f2a36,mobile
DEV_011061,a404c8048b041e3f,desktop
DEV_011062,2e9f0d145a50e663,desktop
DEV_011063,f674f802dcfab185,mobile
DEV_011064,365719b3adaec144,desktop
DEV_011065,306133776fca9292,mobile
DEV_011066,621faea746be9e69,mobile
DEV_011067,973b631b079bb07b,mobile
DEV_011068,6658d19fd45f7689,mobile
DEV_011069,ac6d6d8676fb5d75,mobile
DEV_011070,340e40b20b0c30f7,mobile
DEV_011071,fe68d335aa1f41e3,desktop
DEV_011072,9b64d9d05c6ed341,desktop
DEV_011073,a61add7b26656746,mobile
DEV_011074,f7f5a3fc0d7441b7,tablet
DEV_011075,06c9826f6f7353d5,mobile
DEV_011076,8fe9db507c570671,desktop
DEV_011077,6033be4b3910dc14,mobile
DEV_011078,595e352c28258415,tablet
DEV_011079,86f565220dde178e,mobile
DEV_011080,4d3bc0ce49e2ead8,mobile
DEV_011081,150fc3865af0a57f,mobile
DEV_011082,c0927812a146ec84,mobile
DEV_011083,3b127c6d6f9c89ac,mobile
DEV_011084,eba30ae5823b7c78,tablet
DEV_011085,935d2de8a0efd40d,desktop
DEV_011086,3b406807eec1ce88,mobile
DEV_011087,0021281b041b09ef,tablet
DEV_011088,a930e37b9617d8ea,tablet
DEV_011089,d1ec282a0e32e0b5,mobile
DEV_011090,e03b13b892a12c9d,mobile
DEV_011091,f7923d2904675e6b,mobile
DEV_011092,55610bdd783f2887,mobile
DEV_011093,b995c26f7758b9e8,mobile
DEV_011094,31e394299eb56f0c,mobile
DEV_011095,487812689907be4a,mobile
DEV_011096,f9f11f809fe2a3aa,mobile
DEV_011097,6f3d097d45b32432,desktop
DEV_011098,57d8870aad3f4623,mobile
DEV_011099,d446a7785482dc10,mobile
DEV_011100,d82da12bbd0a60c2,mobile
DEV_011101,8d6fd0c73fce47ac,mobile
DEV_011102,7ee8f01ea9adc42a,desktop
DEV_011103,aa03392403f7862d,desktop
DEV_011104,312855fcb00d8e65,desktop
DEV_011105,8ebc2c8442982f7e,mobile
DEV_011106,fefd3e39d299f2f0,tablet
DEV_011107,b36764ed04658e85,desktop
DEV_011108,0c3897dce2df0cf8,tablet
DEV_011109,6bc1acb1955960ba,mobile
DEV_011110,1bed30d282bf0919,mobile
DEV_011111,abec4f81e9f63d15,tablet
DEV_011112,7d0f50f12165f53c,mobile
DEV_011113,87b88b583adb7c85,desktop
DEV_011114,730f6e7656e88507,mobile
DEV_011115,1b2ab29ac8ded64f,desktop
DEV_011116,ac3007a3faff33f3,tablet
DEV_011117,9e09e2bd10a710de,desktop
DEV_011118,d47c0c3fe5752e87,desktop
DEV_011119,59ef5ace4b74ae52,tablet
DEV_011120,36c5dd17da5aba3c,mobile
DEV_011121,14b026f476c6f124,mobile
DEV_011122,020d62b55eb047c3,desktop
DEV_011123,ccb7450f7d1fc1e8,mobile
DEV_011124,005e2975c62c3b6b,desktop
DEV_011125,70621abbc48ab051,mobile
DEV_011126,a2442c39435d3997,mobile
DEV_011127,a0ea72c491c5938a,desktop
DEV_011128,14e67662b7df7960,mobile
DEV_011129,b48eeab4d906c5d0,mobile
DEV_011130,2723d5b2af3e109a,mobile
DEV_011131,4e08ffa2ebafb25d,mobile
DEV_011132,c23c940334eaaa1e,tablet
DEV_011133,14bf16cb524277e2,desktop
DEV_011134,13b39c5fa49234fb,mobile
DEV_011135,cd5221dad0d57eb4,mobile
DEV_011136,6a3138b97976438d,desktop
DEV_011137,b711cf3d1701472b,mobile
DEV_011138,ddde290208ba7c4f,mobile
DEV_011139,56dca7e46314547a,tablet
DEV_011140,b34c5b9d71f30ba4,mobile
DEV_011141,4becc002ff493a63,desktop
DEV_011142,3cfcb2ed448374b9,mobile
DEV_011143,b10c01d69201ea50,tablet
DEV_011144,a55b0f98eb4058ad,tablet
DEV_011145,fcaf2129bb2d18e8,mobile
DEV_011146,76df42d3807d13a3,desktop
DEV_011147,9f16c722b9e71c73,desktop
DEV_011148,1ba4b1b93e9bb215,mobile
DEV_011149,771d2d87b57e8731,desktop
DEV_011150,d21044b038b99bc9,tablet
DEV_011151,c2d4681cbf58a4d7,mobile
DEV_011152,ab50e6b4567ca248,mobile
DEV_011153,79b439b15b6fdf34,mobile
DEV_011154,1954e727d2c7074c,mobile
DEV_011155,4dc18bc2097f3971,tablet
DEV_011156,e7f49ab93e26e0e1,mobile
DEV_011157,dfc7283c9960103c,desktop
DEV_011158,a9283453577caa71,desktop
DEV_011159,340365cc502b51b5,mobile
DEV_011160,bb9b7c4f75f12665,desktop
DEV_011161,ef12cf4ef4e2907f,mobile
DEV_011162,757c3aaa53145460,mobile
DEV_011163,69bdcba0f6c2a207,tablet
DEV_011164,5a8d08db100deffb,mobile
DEV_011165,ebb63adb20b45be2,mobile
DEV_011166,33f0bc2c5d10af90,desktop
DEV_011167,31ba76c843e064c8,mobile
DEV_011168,8124e08f62c1eacf,mobile
DEV_011169,8819302494925668,desktop
DEV_011170,76a2591d00ec3de3,desktop
DEV_011171,4512d8d31adf70af,desktop
DEV_011172,782193af5ac3b81b,tablet
DEV_011173,3c95a0af876e6a4f,desktop
DEV_011174,c1c96b050aee2c09,desktop
DEV_011175,97a4ba886f4b8a57,desktop
DEV_011176,223867b8b6837c26,desktop
DEV_011177,e246b1a740036a20,mobile
DEV_011178,99284c03c833e070,tablet
DEV_011179,3bb1eb9f11acd865,mobile
DEV_011180,34def8b036d2ba9b,mobile
DEV_011181,85f50242e2c94a95,mobile
DEV_011182,c8fe26cdca506282,desktop
DEV_011183,7b09289e4fe34707,mobile
DEV_011184,6ce457da53e64d51,mobile
DEV_011185,cfbc188c022471bd,desktop
DEV_011186,df4d15684427a3bb,desktop
DEV_011187,43bd595b55f89504,desktop
DEV_011188,5022948bfb7130f4,desktop
DEV_011189,39f52162062c4982,desktop
DEV_011190,da71b6dcc6633e30,mobile
DEV_011191,fb80afd75e18ed28,desktop
DEV_011192,85275aa68a21b15b,tablet
DEV_011193,8a597099648f7aa7,desktop
DEV_011194,bb6c50dd8d86dfab,tablet
DEV_011195,99395a63e03f2280,desktop
DEV_011196,b1048f8e855d1942,mobile
DEV_011197,bf4593a85ef6ae62,mobile
DEV_011198,1b79018e9ff4ba2c,desktop
DEV_011199,191fff974a80b1eb,mobile
DEV_011200,e2f1c4f86448c185,desktop
DEV_011201,2cd53f8d881927f6,mobile
DEV_011202,75c2eb13e30fce50,mobile
DEV_011203,5dac71577afe6343,desktop
DEV_011204,03acb1da6549181a,mobile
DEV_011205,88d608a0c2029897,desktop
DEV_011206,68f4813c477261d9,desktop
DEV_011207,4de9c4695e4c00fd,tablet
DEV_011208,8430be90af537f49,desktop
DEV_011209,e5df6dc6dd7a3f83,tablet
DEV_011210,335e449ad064478f,tablet
DEV_011211,84fc824113c5158b,mobile
DEV_011212,f87c1f915d7a435d,desktop
DEV_011213,82348e7e4c8c8080,mobile
DEV_011214,dbde1807c6e649c1,mobile
DEV_011215,aaa767c299b8cf66,desktop
DEV_011216,1b5d1ce746f855d9,mobile
DEV_011217,a9ad75bbce26b755,desktop
DEV_011218,a4a7184261d0a75f,mobile
DEV_011219,d213084c7e389e7d,mobile
DEV_011220,a42e951c35bc55a6,tablet
DEV_011221,0b814330decbfc71,desktop
DEV_011222,7beb0c7f39d72b63,mobile
DEV_011223,8313f0f586411ba7,desktop
DEV_011224,7860176af6abb79f,mobile
DEV_011225,bd65cfa8d23f5a4c,mobile
DEV_011226,1ce7d55bdafbce62,mobile
DEV_011227,71f5122fa83d2790,mobile
DEV_011228,355f1ec3fdca61f6,mobile
DEV_011229,716dc4db31399183,mobile
DEV_011230,a24c933b23c030be,desktop
DEV_011231,87a10dec456d730b,desktop
DEV_011232,5ab578b40ce18876,mobile
DEV_011233,7e2e38cbc732886f,mobile
DEV_011234,0b71a7a9fe6c3f6b,tablet
DEV_011235,53b2fa23225801e0,desktop
DEV_011236,f7c751a80ed8a70b,tablet
DEV_011237,34a33cb6548f8868,tablet
DEV_011238,96d49f2aa785c513,mobile
DEV_011239,e34c669b5797e6f1,tablet
DEV_011240,f9fea466e5fd0a53,mobile
DEV_011241,42419621e108631e,mobile
DEV_011242,76870fdf2d5818c3,mobile
DEV_011243,01eab96c0218f24b,mobile
DEV_011244,a19f6bc182d0c21c,desktop
DEV_011245,de3a841289b8be8e,mobile
DEV_011246,97fbf2ec6941a414,mobile
DEV_011247,12b3a7e02c02d736,tablet
DEV_011248,e1a3df3affac867b,mobile
DEV_011249,546d3092772ea93f,mobile
DEV_011250,fc526f91ee63e4c2,mobile
DEV_011251,50164ac077183d00,desktop
DEV_011252,a2908c9f6d8eb242,mobile
DEV_011253,5b616dc0da6029c8,desktop
DEV_011254,5c526cc80a0a6ba9,desktop
DEV_011255,4b80a47c6b1fe07f,mobile
DEV_011256,2f5b2d70a7934c35,mobile
DEV_011257,6d57a02956bbae41,desktop
DEV_011258,847b3b8ac606edad,mobile
DEV_011259,7bf3ce7db9fc0989,mobile
DEV_011260,2ef8dd9f5d391844,mobile
DEV_011261,d6c5985c50992fd4,tablet
DEV_011262,190a7dd9bd30d1ab,mobile
DEV_011263,c60534895afe7036,tablet
DEV_011264,8cfe112ffadea030,desktop
DEV_011265,7143bfcbab5dbfc6,desktop
DEV_011266,28dc9ae489bacad6,mobile
DEV_011267,9d2cb464224fc7d9,mobile
DEV_011268,5e90af651c27f3e0,desktop
DEV_011269,936bab4e19b5b901,mobile
DEV_011270,f48afe8b8fffa53a,mobile
DEV_011271,8ddbac0d0ea51d97,desktop
DEV_011272,0806cd2a3ff91678,mobile
DEV_011273,09d787075166c607,mobile
DEV_011274,5e53a831bee1ded7,desktop
DEV_011275,f053d1043d951c60,mobile
DEV_011276,3e51361c234d890b,desktop
DEV_011277,775bd12c16e536fe,mobile
DEV_011278,8fe2fa56c3ed32b1,mobile
DEV_011279,d949a1545e7d6f7d,mobile
DEV_011280,491c18f0b82ef01a,tablet
DEV_011281,77bcb888e387407d,desktop
DEV_011282,b47001b20f93d339,mobile
DEV_011283,cec29929d0252862,mobile
DEV_011284,77dbde5502df61eb,mobile
DEV_011285,5ad481179e8769fc,mobile
DEV_011286,f1dd57f100028f61,desktop
DEV_011287,d66e046f9e90b8e2,desktop
DEV_011288,f6022ad1c183d6de,desktop
DEV_011289,f233aeb4cdba8cfb,mobile
DEV_011290,1c37b50d1ab64119,mobile
DEV_011291,1175b106385a85b2,desktop
DEV_011292,41bfed3d538ede2f,desktop
DEV_011293,054b0f7a8270ffd0,mobile
DEV_011294,bf212de7310f1d82,mobile
DEV_011295,d9889ed79a8ffd18,desktop
DEV_011296,3471716a1fca0537,desktop
DEV_011297,ad4374db308fc827,mobile
DEV_011298,ada15e2877860aeb,desktop
DEV_011299,854347e2e436251d,desktop
DEV_011300,34f3cbcc236215c2,mobile
DEV_011301,be36da11542b99ae,desktop
DEV_011302,9ddb15170e7a9445,mobile
DEV_011303,ed16a625ee8aaedc,desktop
DEV_011304,5fe9103bf61105c7,mobile
DEV_011305,84db1cc7ed0fc5e9,desktop
DEV_011306,df3c6bd0b6d0fcaf,mobile
DEV_011307,87c6bbf0232c9fbf,tablet
DEV_011308,a1308689a1e35fb2,tablet
DEV_011309,f1566953cb5d053e,desktop
DEV_011310,2a583f0095562c76,tablet
DEV_011311,620eb771051bae90,desktop
DEV_011312,68586b30849a993e,desktop
DEV_011313,821b5fdb3344fbc3,desktop
DEV_011314,a0a2690b17a73a88,mobile
DEV_011315,41555f7e05019325,tablet
DEV_011316,da17362cd0e79789,mobile
DEV_011317,f354bc3dcee1d67a,desktop
DEV_011318,6aca81cf31eaf47f,mobile
DEV_011319,d6776d3a22eb95d8,tablet
DEV_011320,6d2e4f961c6ca2dd,mobile
DEV_011321,12fdd3530c34cfff,desktop
DEV_011322,4d5fe9bf2743768a,desktop
DEV_011323,f0036e32a4f516aa,tablet
DEV_011324,172e0a644dfd5fc6,desktop
DEV_011325,451fc4a788f33f00,tablet
DEV_011326,496c212b1fdae0a4,mobile
DEV_011327,a0e3270a92b861fc,mobile
DEV_011328,629822d53d835b54,desktop
DEV_011329,139da1ff6bc7b3f4,desktop
DEV_011330,dadff5c424c2a0fd,mobile
DEV_011331,6c07db9be16519a3,tablet
DEV_011332,0d4cfd7db6550218,tablet
DEV_011333,168742dc5c86a3ef,tablet
DEV_011334,95f144fdd3fb9c32,mobile
DEV_011335,8460178858d08e56,mobile
DEV_011336,5069a3e98d27da88,mobile
DEV_011337,e8c4d550f3bbd863,tablet
DEV_011338,3dbf75854cb6787f,mobile
DEV_011339,03213c23177b59ae,tablet
DEV_011340,0298949a184794a9,tablet
DEV_011341,ac1ae66d8c239119,mobile
DEV_011342,c9d6ed9c52f42d0c,mobile
DEV_011343,64801f15ae03e46b,mobile
DEV_011344,5f7573be32ccdfbe,desktop
DEV_011345,9ed31484a51776e4,tablet
DEV_011346,a4a7a1f5ef530954,mobile
DEV_011347,e772e40c0eaa2a4c,mobile
DEV_011348,dffb47f506d75f44,desktop
DEV_011349,dfe5e48c6984113e,mobile
DEV_011350,39382009385b10d6,mobile
DEV_011351,48312764fcc86831,tablet
DEV_011352,e33b5307c2280381,tablet
DEV_011353,ecbdcd229c55179d,tablet
DEV_011354,82024617dd66f7cc,desktop
DEV_011355,aca2144dfcde1703,desktop
DEV_011356,7f13920e3c33837d,desktop
DEV_011357,611eaf3c1f1d41e4,mobile
DEV_011358,d500a384edf410ea,desktop
DEV_011359,57543f1120b65f73,mobile
DEV_011360,8b600d355cccf62a,desktop
DEV_011361,95f118561b92517f,mobile
DEV_011362,0abacd93d507703f,mobile
DEV_011363,5fd1afd717d1dfcd,desktop
DEV_011364,6553236deb493f87,desktop
DEV_011365,575c3b71ed94be4e,desktop
DEV_011366,01dd716dcbbe4be4,desktop
DEV_011367,fc3ad042a26571d6,desktop
DEV_011368,8367252a1162226b,desktop
DEV_011369,a7f2a1ccb3b05c09,mobile
DEV_011370,85c85e1df1922982,tablet
DEV_011371,876b6af6f8970ce4,mobile
DEV_011372,55c1e643a185561d,mobile
DEV_011373,b98b493172bb0945,tablet
DEV_011374,7f16583254c05678,mobile
DEV_011375,77b0090d8417ecc2,tablet
DEV_011376,fa4cd4b611e5df35,mobile
DEV_011377,6de9ebb032fb8a43,desktop
DEV_011378,d20c1e6aed203a68,mobile
DEV_011379,53cd27e7eac51866,mobile
DEV_011380,88195c41342a2036,mobile
DEV_011381,b7231b0afe56d63c,mobile
DEV_011382,1ac69983e0c2716d,desktop
DEV_011383,4539985da183518d,desktop
DEV_011384,bc2b5d2a508ad0bf,desktop
DEV_011385,6ec4d8d82bc7f12e,mobile
DEV_011386,cb78766796a94a8e,mobile
DEV_011387,8466993ecfbed72d,desktop
DEV_011388,7cc5ffbf44c37e7b,mobile
DEV_011389,8fd923b3fbe2224d,desktop
DEV_011390,26598d80a22a53aa,mobile
DEV_011391,7bb552b4936c21e7,tablet
DEV_011392,cd5db61a53387fc7,mobile
DEV_011393,46ee74454d876105,mobile
DEV_011394,18b7dbe8569f7132,mobile
DEV_011395,bd0f4ac61fd39854,desktop
DEV_011396,7a25e99ba7a59d58,desktop
DEV_011397,72f0029eb90131d0,tablet
DEV_011398,11b70aa2d39cd36c,mobile
DEV_011399,92dd2cde7faae5d0,desktop
DEV_011400,004e5807ab39ac48,mobile
DEV_011401,c0f2da37e8a20a3d,desktop
DEV_011402,9f384f8e698ed4e4,desktop
DEV_011403,72f8b3431875edcb,tablet
DEV_011404,81e86b7c450a216a,mobile
DEV_011405,0e55ec5c03c9158e,mobile
DEV_011406,0497c65e6c26802a,desktop
DEV_011407,780c3e755321c55b,tablet
DEV_011408,524da2862d1726b1,desktop
DEV_011409,05aeea07ed5b16b9,mobile
DEV_011410,4a8405e55899d03f,mobile
DEV_011411,f754635d7f6604bc,mobile
DEV_011412,821a7d2774e44542,mobile
DEV_011413,4d35466ba9a95ad4,tablet
DEV_011414,809ae74f744c6c6b,desktop
DEV_011415,96eea52e0a6a1502,desktop
DEV_011416,6b52cb1edb9f891d,desktop
DEV_011417,bb2bb2eb5c359c48,mobile
DEV_011418,f346305ac35d2ce0,tablet
DEV_011419,6639bf6870348493,desktop
DEV_011420,0e059be583b40554,mobile
DEV_011421,7434e87ed0779ccb,desktop
DEV_011422,e64b4e2df1982676,mobile
DEV_011423,2fbc7cb305bd34cd,mobile
DEV_011424,4306e6a9f84a6e29,tablet
DEV_011425,02990423d7f1514e,mobile
DEV_011426,61dcb94430a1c7c0,desktop
DEV_011427,55270f8a1f6e7096,mobile
DEV_011428,8a5d685d75932c55,mobile
DEV_011429,634f215a02206d91,mobile
DEV_011430,af84a68dcbd70417,desktop
DEV_011431,a447e57004a81e2f,mobile
DEV_011432,fdcdfb1247bcc901,desktop
DEV_011433,bf0e2ccdc650a782,desktop
DEV_011434,f50518d18ecbaf18,tablet
DEV_011435,f8356a5ca89fb2ed,mobile
DEV_011436,69960963b0951712,desktop
DEV_011437,44fd4d202132ff1d,mobile
DEV_011438,c9db36ae094e5bca,tablet
DEV_011439,8ea9c305026b93c8,desktop
DEV_011440,223f0977db6e21dc,tablet
DEV_011441,b7fe471b010be680,desktop
DEV_011442,cdd9db99cf3a7c99,mobile
DEV_011443,440dc65431fb57d8,tablet
DEV_011444,3e240091a0d7fa27,mobile
DEV_011445,9c6b455644621637,desktop
DEV_011446,7dcd91cd0be58d4b,mobile
DEV_011447,75112fb07deef226,mobile
DEV_011448,9eafa49aa87333e7,mobile
DEV_011449,1a6d52428c88bf5d,mobile
DEV_011450,c697b864487cafdc,desktop
DEV_011451,a646844f6b68e0e3,mobile
DEV_011452,a842b213ba15b56a,mobile
DEV_011453,19471d88a173bc36,mobile
DEV_011454,6829b3f972f4f489,tablet
DEV_011455,5a47cc6e6dda2e9f,desktop
DEV_011456,b1650781ead58e0b,mobile
DEV_011457,e4768bea2ca04deb,desktop
DEV_011458,c1e0a4d5d158e2f8,mobile
DEV_011459,4ebcb8fc9aef1201,mobile
DEV_011460,c82403fe14cae9b5,desktop
DEV_011461,481ba79962d74ca8,mobile
DEV_011462,8ec871dfc512579a,tablet
DEV_011463,6d49a1650531005e,mobile
DEV_011464,9c2edbf14a49db71,desktop
DEV_011465,ca6b1e62e13ad65e,mobile
DEV_011466,eb70b2bb73ec3b95,desktop
DEV_011467,2c4d305f9e37ef1b,mobile
DEV_011468,a8aa9f04e1fcd9f1,desktop
DEV_011469,0f1fdec75619bcfd,mobile
DEV_011470,57377824f27d9284,mobile
DEV_011471,11d38e2fb9b2b8a0,mobile
DEV_011472,b4911a7fa3d99124,mobile
DEV_011473,8d1568300f5dbd8f,tablet
DEV_011474,c80f9ce154acab7f,mobile
DEV_011475,43c91c29f39ebe73,mobile
DEV_011476,f8974127661fe0f2,mobile
DEV_011477,5dd9c2a29cfb09a7,mobile
DEV_011478,47efbf5391478a0e,desktop
DEV_011479,282341d23856ac34,mobile
DEV_011480,10f359c6bb28c400,tablet
DEV_011481,bf26367d63eb1a26,desktop
DEV_011482,c66fcb18ed5ab784,mobile
DEV_011483,af293e5fedcb7894,tablet
DEV_011484,9cde9bfb730b9c09,desktop
DEV_011485,f1f97fa1cc29c0bd,desktop
DEV_011486,8d552e577cb681c5,desktop
DEV_011487,b126158d2607ed13,mobile
DEV_011488,b77a3b1dda58bc68,mobile
DEV_011489,9a4762231032d180,tablet
DEV_011490,d0247080354a4c7e,desktop
DEV_011491,d25134440b3ea489,tablet
DEV_011492,47bde232cf28fba0,tablet
DEV_011493,b1392ed10e4d6f6e,desktop
DEV_011494,2cd5569f8cfad511,tablet
DEV_011495,bc2f9e7b7c8ee390,desktop
DEV_011496,63c94bbfb5f4ea8c,mobile
DEV_011497,c09a7ab2c5f1cd55,tablet
DEV_011498,1763b22eae93ebc2,desktop
DEV_011499,86020147150dd1e8,mobile
DEV_011500,87b1bf2c3795c5a2,desktop
DEV_011501,1ceac916ea3b01e8,mobile
DEV_011502,cd19fa7991ee336f,mobile
DEV_011503,15705406cde8a97d,tablet
DEV_011504,264754d79408a64e,mobile
DEV_011505,7f1ea13778bed011,tablet
DEV_011506,bf493e5a6d5cf59d,desktop
DEV_011507,b3e2c33d61f721d7,mobile
DEV_011508,0278b0f703700aaa,desktop
DEV_011509,52c5aca694c5db7e,desktop
DEV_011510,446ad7816a07f2ee,mobile
DEV_011511,b12205c708d10135,desktop
DEV_011512,f3653ebb8719c7b3,desktop
DEV_011513,8d3565c0cb199972,mobile
DEV_011514,a6e73e6ee43ea879,mobile
DEV_011515,8cac1d68950f26a5,mobile
DEV_011516,f50293377945584e,desktop
DEV_011517,2fe56cdbc2420894,mobile
DEV_011518,2740299d02c9f2f5,mobile
DEV_011519,2cc60ff3f1b3ed95,tablet
DEV_011520,80cf60bc7de4808e,mobile
DEV_011521,3ee324bb13491484,desktop
DEV_011522,7fd0c5b7c1fbf8e5,desktop
DEV_011523,ebd84ad348fef77e,desktop
DEV_011524,99d54dce84d244c5,tablet
DEV_011525,9583ca350b35b52b,tablet
DEV_011526,8c10c9d671d38028,mobile
DEV_011527,01f2ee7ca83626a9,tablet
DEV_011528,8d723e2c1a02fb7f,tablet
DEV_011529,1e65d458b71ccd60,desktop
DEV_011530,8e28248bbcd5014e,tablet
DEV_011531,c340c9a93f3c0aeb,mobile
DEV_011532,d22b31c8fc635c7b,desktop
DEV_011533,c828a14088da0d41,desktop
DEV_011534,4db5ec94a66dbf69,mobile
DEV_011535,4a660f0e6aaa8536,desktop
DEV_011536,0c093c48926a90ae,mobile
DEV_011537,7998e6381bca36ab,mobile
DEV_011538,09a51058354c9221,desktop
DEV_011539,0a89ad44b168632f,desktop
DEV_011540,6c3336c93fc58d79,mobile
DEV_011541,80f4970f78ce273b,mobile
DEV_011542,12d6d43569f9f0f3,mobile
DEV_011543,155fd49b33da5a92,desktop
DEV_011544,e5ca96d7cdd6edb6,mobile
DEV_011545,2c3442c38c033280,mobile
DEV_011546,842fbce0fb9d58fa,mobile
DEV_011547,bf3ea013a89907bc,mobile
DEV_011548,b23259b3f519c96f,mobile
DEV_011549,67ef7c8a1bdc4bf5,mobile
DEV_011550,098e234dc6d55fbc,desktop
DEV_011551,58d3f5b6deeb7d6d,mobile
DEV_011552,41f61d612a70156f,desktop
DEV_011553,1988375efdff4597,mobile
DEV_011554,86750e64c2465d02,desktop
DEV_011555,f7188a7d4cbdf1b9,mobile
DEV_011556,9e0ca8aeec2110ef,mobile
DEV_011557,9dd9015bbf2cd10d,desktop
DEV_011558,1a3b8f2c1b1602ec,desktop
DEV_011559,699ddab5ce102b26,mobile
DEV_011560,689d41e55929d299,mobile
DEV_011561,ba7b724404c80d66,desktop
DEV_011562,28e3506fb0154f9d,desktop
DEV_011563,b53ded963786e888,desktop
DEV_011564,b60d01719c8e3fc9,desktop
DEV_011565,93f5b2ee07d88fd5,mobile
DEV_011566,f9e225dc616787bb,tablet
DEV_011567,a6b36f3eab21aba5,desktop
DEV_011568,9dc383b6cb729f5f,desktop
DEV_011569,633ed64d0b29c160,desktop
DEV_011570,130ac32e2155b10e,mobile
DEV_011571,5aed7fdecb2f29c5,mobile
DEV_011572,064798504bcaf53b,desktop
DEV_011573,ef7e93be8915a812,mobile
DEV_011574,1bd93373dc12816a,mobile
DEV_011575,41d142a72fc7d51a,mobile
DEV_011576,9aa989e61530c185,mobile
DEV_011577,3a08d2e4b98f34e0,mobile
DEV_011578,e87f445dab557175,mobile
DEV_011579,100720e5a5d2cbf2,tablet
DEV_011580,965f721e0656e6f3,mobile
DEV_011581,312ceb0698744cf5,tablet
DEV_011582,8fa11c1a45e1bb24,mobile
DEV_011583,a88fda4b10caff4a,mobile
DEV_011584,b44bd9636d4a5d5e,desktop
DEV_011585,f3bccfbab4e90f43,desktop
DEV_011586,3c53ed36f25f399f,desktop
DEV_011587,81b69553283aa0cc,mobile
DEV_011588,e01b2567b783a2bd,mobile
DEV_011589,c9357f6245b0ca54,desktop
DEV_011590,a9b6bffd02f0f548,desktop
DEV_011591,b2e4f2c9cf14b3f1,desktop
DEV_011592,e73f39a023877451,mobile
DEV_011593,1027babe0a5e4003,mobile
DEV_011594,9ccf47b3871a15d6,desktop
DEV_011595,c888087b63f21ecd,mobile
DEV_011596,28041ab8638d7ca4,desktop
DEV_011597,bddf39a2635045ab,mobile
DEV_011598,76f60cab5432d4d9,mobile
DEV_011599,a11e929059f5f715,mobile
DEV_011600,659dd8f60d4214af,desktop
DEV_011601,9ba1aa4c2da15508,mobile
DEV_011602,82a3731cff6af0d6,tablet
DEV_011603,fd5d966ad72855b4,desktop
DEV_011604,25864bb8952a479a,mobile
DEV_011605,0aff34eecbbe0e4f,mobile
DEV_011606,07c3e3b63d8f1bba,tablet
DEV_011607,247643136289bf35,mobile
DEV_011608,a703382c2cb001f1,desktop
DEV_011609,1c393527f63d6b44,desktop
DEV_011610,4f361cdcaafa708f,mobile
DEV_011611,1d10e332c3f33966,mobile
DEV_011612,f7c3f70025fb4496,mobile
DEV_011613,9c951118d4bcacfc,mobile
DEV_011614,5e07488656c5ea2a,mobile
DEV_011615,4a0d3823c294fe27,tablet
DEV_011616,e34bed966ba5e3d8,desktop
DEV_011617,2108f98cf093d628,mobile
DEV_011618,138af45f26871029,mobile
DEV_011619,1eb0918197e33e32,mobile
DEV_011620,80fc0833a696b28b,desktop
DEV_011621,818baba50676e524,tablet
DEV_011622,ca346e7ac95cb322,desktop
DEV_011623,a9cf6121c74dc52d,mobile
DEV_011624,e4f2ed55a4c1cd35,mobile
DEV_011625,4878ecadc2e3bc4a,mobile
DEV_011626,5168ca19621959dd,mobile
DEV_011627,2f3bb3015285f8cb,mobile
DEV_011628,586a78533ea4f0b6,mobile
DEV_011629,bf47493dac7b1499,tablet
DEV_011630,0bdc59c77996bd8a,mobile
DEV_011631,45e6660984602bbb,mobile
DEV_011632,97591c4938587c78,desktop
DEV_011633,c1140c5a56988695,mobile
DEV_011634,caa121e9bd694523,mobile
DEV_011635,e8ff283b4fc39106,mobile
DEV_011636,f5673cbd72d02adf,desktop
DEV_011637,3242f613210a4458,mobile
DEV_011638,857b85977fe5eafc,mobile
DEV_011639,d1c68f484128e467,desktop
DEV_011640,4b9e35131f5cdc49,tablet
DEV_011641,fb43e33238fb4d70,desktop
DEV_011642,bbbb70675c41be20,mobile
DEV_011643,20a7d436cec388e9,mobile
DEV_011644,8422129b31472a4f,tablet
DEV_011645,a0d6075dd41b4bb0,mobile
DEV_011646,cbcff358ca7f6920,tablet
DEV_011647,2bd949c356455f5d,desktop
DEV_011648,63188cef430f4852,mobile
DEV_011649,7268116740893418,desktop
DEV_011650,edde3ab54aea59ca,mobile
DEV_011651,d3b6006f3f2509c3,mobile
DEV_011652,3dafb05f20b5815a,desktop
DEV_011653,a79f6eb82bb7b276,mobile
DEV_011654,6f7bcd859b566291,tablet
DEV_011655,2cea9a51366f0ff7,desktop
DEV_011656,049a30b2f99260bc,mobile
DEV_011657,f2bd3ee364c16e30,mobile
DEV_011658,e707c067bbf3ff3e,desktop
DEV_011659,0273f2538a0e1dc1,mobile
DEV_011660,0117d1fbb6447c95,mobile
DEV_011661,f193bf111e068a4b,mobile
DEV_011662,77a0beedd2a6825e,desktop
DEV_011663,f7dbde950c37ebe1,mobile
DEV_011664,46d3ffbe6d66945a,tablet
DEV_011665,a40d12bcd56962cd,mobile
DEV_011666,cb625aff9d927a21,mobile
DEV_011667,fdfb2cd56fef1386,desktop
DEV_011668,2e81be67ccc478bd,desktop
DEV_011669,20c30fdde9a5dbc8,mobile
DEV_011670,1adb47c3588ba5f7,mobile
DEV_011671,9f5025eb73b6d925,desktop
DEV_011672,1f0808c342dd0a02,mobile
DEV_011673,d5bae5e4b9548287,mobile
DEV_011674,eab13af08f9f0e23,mobile
DEV_011675,112626d6bef1397b,tablet
DEV_011676,b73373220a389be0,desktop
DEV_011677,f5ca6016ec52073e,mobile
DEV_011678,cea5a4c16132df49,desktop
DEV_011679,ecd0c9064697351d,tablet
DEV_011680,c9da3bb418b954f0,desktop
DEV_011681,f2584d2b9ec5c750,desktop
DEV_011682,c0f60b5aadc6203c,mobile
DEV_011683,06d8bec487d55858,mobile
DEV_011684,2b12466d3362d0d4,mobile
DEV_011685,b8cf7fb7f499119a,desktop
DEV_011686,3d4d78ca4d32585d,tablet
DEV_011687,34248ce9d5d26b4f,desktop
DEV_011688,9a099fe930d9ed8d,desktop
DEV_011689,4810b7e450e72940,desktop
DEV_011690,2f2ff751202a396e,mobile
DEV_011691,4700fe68f625d7d7,desktop
DEV_011692,f6de55a408526cec,mobile
DEV_011693,0241fa9f2a7ccfc9,mobile
DEV_011694,6f00790a5127ed42,desktop
DEV_011695,830125988ca6814f,desktop
DEV_011696,aed9f78a9d4dba90,tablet
DEV_011697,bb82832f5bd0666b,mobile
DEV_011698,9382bfe0995a248f,mobile
DEV_011699,58553d77933b1770,mobile
DEV_011700,8d9976a327a334e1,mobile
DEV_011701,eb2d6e61dae616b8,tablet
DEV_011702,64d6807f6dfab613,mobile
DEV_011703,efd8b74a241224f8,mobile
DEV_011704,7d0163b635ee051f,desktop
DEV_011705,c8c549b619a662cb,desktop
DEV_011706,dc6358c135eb5254,mobile
DEV_011707,aa7b54fb65d10db6,mobile
DEV_011708,e410f09cc9017fa3,desktop
DEV_011709,e684248c2aeb972b,mobile
DEV_011710,0b5d8d1e42d74484,mobile
DEV_011711,f1d8ef147d8eb9e5,desktop
DEV_011712,95a0b9bbf864e7ad,tablet
DEV_011713,3211cc49b0d49f3b,desktop
DEV_011714,d5506eae0708260b,mobile
DEV_011715,74e1e44add2e37cc,tablet
DEV_011716,112d3a40c9352be0,mobile
DEV_011717,a43559e46f0f6394,mobile
DEV_011718,b2175d2eda377291,mobile
DEV_011719,f7fc93f865ee2ae5,desktop
DEV_011720,d9643659ce3f4286,mobile
DEV_011721,3aa389c75a9191f2,desktop
DEV_011722,fcb8615e0d76bc8e,mobile
DEV_011723,0f586d91309e2a6c,tablet
DEV_011724,f0060dff4284254b,desktop
DEV_011725,fa9dbc55a7dacf6e,mobile
DEV_011726,21d4d15d86cfc1c6,desktop
DEV_011727,9bd6686726ccbac5,mobile
DEV_011728,3e9e44baaa524e52,desktop
DEV_011729,824caf6175c1ec72,mobile
DEV_011730,8789ad6339716760,tablet
DEV_011731,0ab8455236375678,mobile
DEV_011732,523ebd2f05768cf8,mobile
DEV_011733,3b889c0dd5fd7ab5,mobile
DEV_011734,0cf774f3ff4682a4,mobile
DEV_011735,3b79f44c55d279f9,mobile
DEV_011736,dcfea0b7d7de710a,mobile
DEV_011737,0bc525e49ae43946,desktop
DEV_011738,a881643b4fae4615,mobile
DEV_011739,dfc564c71cbf3e11,tablet
DEV_011740,6053cca187248b94,mobile
DEV_011741,16c8024bb88833f6,mobile
DEV_011742,818cbe2173acdf57,mobile
DEV_011743,9a8fe629fc1931a3,tablet
DEV_011744,4b39c40504aac258,desktop
DEV_011745,d468276765bb96f3,mobile
DEV_011746,b36d3b0147575459,tablet
DEV_011747,d3f79eef98888d20,mobile
DEV_011748,b21938196ce02f2e,tablet
DEV_011749,77ecd8caee3a2408,mobile
DEV_011750,de46469bedc51868,desktop
DEV_011751,b9981a745b20eb3d,mobile
DEV_011752,a33dac507520e975,desktop
DEV_011753,f0c5d4606acfe8e0,mobile
DEV_011754,0da60678e808c83f,tablet
DEV_011755,930dd18340883d89,mobile
DEV_011756,3347a7d713f5d0d6,desktop
DEV_011757,cf59d9b30c37bd3b,mobile
DEV_011758,7388623a6eba8cdd,tablet
DEV_011759,d1b200cd90282d23,desktop
DEV_011760,0ce8f3e5fcecf4bb,tablet
DEV_011761,3a56694d3236fad1,desktop
DEV_011762,a29f8971729819a4,desktop
DEV_011763,8e490d042d3a0713,mobile
DEV_011764,d307308ee3c2c962,mobile
DEV_011765,cd392f33fd0d04db,tablet
DEV_011766,9b56ec45a2143944,tablet
DEV_011767,49f8c8f36982fecf,mobile
DEV_011768,f50828b3f7b117f4,desktop
DEV_011769,9d44c37af53b1f37,mobile
DEV_011770,4e21c014ab2b1cc4,desktop
DEV_011771,aa89329689d222e4,mobile
DEV_011772,655bb4c2c54eeb43,mobile
DEV_011773,faf85fc5435e6e56,mobile
DEV_011774,6c0dfa99671cd5fe,mobile
DEV_011775,9584b96ddf7ed964,desktop
DEV_011776,ce034622758c64dc,mobile
DEV_011777,e312f9919377a522,desktop
DEV_011778,14ba6119e1f4675e,mobile
DEV_011779,3fbe447135ed3ebc,mobile
DEV_011780,00c0a1239cb04614,desktop
DEV_011781,1fa57514f75efe9a,mobile
DEV_011782,2c052ffdbba3076a,mobile
DEV_011783,8791e82e2badc1a1,mobile
DEV_011784,64dc54cf50da2442,desktop
DEV_011785,7525006fac03b2d0,desktop
DEV_011786,cbe01904d8095014,mobile
DEV_011787,a11b913fbff0261f,mobile
DEV_011788,d73b7dae108a03a9,mobile
DEV_011789,e0f6461231b99e91,desktop
DEV_011790,bcdfc89ed2d30b30,tablet
DEV_011791,81c5eee8a76fd0a4,mobile
DEV_011792,cc0c84b3d49d9113,mobile
DEV_011793,602cd69b02958b9b,mobile
DEV_011794,23fdbaeebaf32718,tablet
DEV_011795,2f419f05d449c5b5,mobile
DEV_011796,60782022201b1d63,desktop
DEV_011797,0901e1a5d4edfd30,mobile
DEV_011798,a2dc5b8d53c45738,mobile
DEV_011799,aa9f9801decbb655,desktop
DEV_011800,4639a6a70f9d7c08,tablet
DEV_011801,54cf52cfac003d05,tablet
DEV_011802,9524d404b910ea1b,mobile
DEV_011803,6ee0fa6ce63fddb2,tablet
DEV_011804,55e4aa4c822fd37b,mobile
DEV_011805,fdc5b52a2b420dd4,tablet
DEV_011806,42d518729c7eb56c,mobile
DEV_011807,d8b91dc4d484df03,mobile
DEV_011808,40c59a7476749074,desktop
DEV_011809,93098a1fd959cfa0,mobile
DEV_011810,1b152d54328d9dae,mobile
DEV_011811,2345e6b8315213a8,mobile
DEV_011812,41406d09d80a4d35,mobile
DEV_011813,99de3beec78cf93a,desktop
DEV_011814,9d54fc0e8ab476c8,desktop
DEV_011815,d8b60662aa0ef8dd,mobile
DEV_011816,c076192a36bab4da,desktop
DEV_011817,05f538e98677d1a9,desktop
DEV_011818,c0d70242106a0119,desktop
DEV_011819,6a2715a42709bb5d,desktop
DEV_011820,e1db91104c2722e0,mobile
DEV_011821,1b7f5d36114976a8,tablet
DEV_011822,08d872fd0f92664e,mobile
DEV_011823,be0d9cbc3b06c58a,tablet
DEV_011824,73d19199ace68bda,tablet
DEV_011825,ef06a9c9fe1049f6,tablet
DEV_011826,613ca84ad89d53ab,mobile
DEV_011827,ecd484882aaf682c,desktop
DEV_011828,58b82bdfd26b1242,tablet
DEV_011829,d1b15531d312a181,tablet
DEV_011830,ea597b92e83ab003,mobile
DEV_011831,dfe2d3091e4420b5,mobile
DEV_011832,5ef9ddf3aeb92e68,tablet
DEV_011833,e1c96e5987f27a1c,mobile
DEV_011834,856da251b5423b3b,mobile
DEV_011835,242ad32240bb074d,mobile
DEV_011836,366178522e1c0287,mobile
DEV_011837,8b09a09bc1dae1d9,mobile
DEV_011838,4a8d07692c6b51fb,mobile
DEV_011839,2a6ac4562d410b4a,mobile
DEV_011840,7f90c83ac0f73832,mobile
DEV_011841,67b146c9fdb98a51,tablet
DEV_011842,59ae1fe75bd74a0a,mobile
DEV_011843,e5bf3911fa37b1d1,desktop
DEV_011844,171821b5599ecce8,mobile
DEV_011845,f0953e7ce6c210b1,mobile
DEV_011846,f2e5c5cb5d82890d,mobile
DEV_011847,26cd1cc22f92f8ad,desktop
DEV_011848,4fd4ade0068f85cd,mobile
DEV_011849,c3f77089d36b9d8f,tablet
DEV_011850,09bcb5ce8b3193b8,mobile
DEV_011851,90b06f0da45ead0b,desktop
DEV_011852,5fce9eb962d42229,desktop
DEV_011853,595c2f4ec22c6bff,desktop
DEV_011854,6b3360c809be3afa,mobile
DEV_011855,63a35cb00023d2ec,mobile
DEV_011856,467efe8de53bc86d,desktop
DEV_011857,a279d0a25abc3c2a,desktop
DEV_011858,591bdff0648052bb,mobile
DEV_011859,29166259e6ae5f88,desktop
DEV_011860,3a86ef29244de561,desktop
DEV_011861,913be022f7ba6051,desktop
DEV_011862,659eb971753dc0b9,mobile
DEV_011863,6a6126a740278300,mobile
DEV_011864,9ed7cea32a720a25,desktop
DEV_011865,2d2bc6b87d79534a,mobile
DEV_011866,307b1baadfcc52f8,mobile
DEV_011867,c71affa402ed87b9,mobile
DEV_011868,5f247f203a9deed3,desktop
DEV_011869,ed2d35b50336e8c5,tablet
DEV_011870,3688e2a8f5a425a7,desktop
DEV_011871,b6fe61b55fcaddc1,mobile
DEV_011872,f47cc3d83d0c7b0b,mobile
DEV_011873,36521de62eec173e,mobile
DEV_011874,307175384335ec8a,desktop
DEV_011875,409787e46f85d406,mobile
DEV_011876,400adff4bc32f944,mobile
DEV_011877,0a4645520e7cfe16,tablet
DEV_011878,abcfdd222c4c717e,tablet
DEV_011879,98ec868a377d14b4,mobile
DEV_011880,345fe1178ed42dc4,tablet
DEV_011881,bc28e8b9c7c00a95,tablet
DEV_011882,eea75e9201d32fca,desktop
DEV_011883,f7d060199529738c,mobile
DEV_011884,26588da78688fad9,mobile
DEV_011885,e1721600076226d5,desktop
DEV_011886,414908c34a0d7061,desktop
DEV_011887,adcb53286f895bff,mobile
DEV_011888,b1e37a2a643b912a,mobile
DEV_011889,7e067a9108bbc69e,mobile
DEV_011890,d1e4d608b7ab0b32,desktop
DEV_011891,24455063fbbdd709,mobile
DEV_011892,8d9b4b262f1c1e19,mobile
DEV_011893,ed54718fd2cee002,mobile
DEV_011894,23bc8f7b84d571ba,desktop
DEV_011895,d331d6bc29826eee,mobile
DEV_011896,14d3bae06360043b,mobile
DEV_011897,d754141daf234e21,desktop
DEV_011898,b07f3a3e1bdae61d,desktop
DEV_011899,1052e1d280594d29,desktop
DEV_011900,b3aa959d67eadf9b,mobile
DEV_011901,6c0e9590d2eec451,mobile
DEV_011902,1af08fa7ee7a7bb5,desktop
DEV_011903,bc25133eee3db7c5,mobile
DEV_011904,593f50c0a2ecf5fd,tablet
DEV_011905,1e05303b0a849b81,mobile
DEV_011906,53bf81fec8e5fc6e,tablet
DEV_011907,cf6a846fe3d04f25,mobile
DEV_011908,cd1df5d1287f76a8,desktop
DEV_011909,f5b37e7fbd90e994,desktop
DEV_011910,25da07e683be72d4,mobile
DEV_011911,8323d669b5720a4d,mobile
DEV_011912,df0ff1a53cc4a94b,desktop
DEV_011913,e3889abb18887e3f,mobile
DEV_011914,0b8ee9de9a451f37,mobile
DEV_011915,ba3eaad4ad4081e7,mobile
DEV_011916,c1eb7a5c3c454529,tablet
DEV_011917,f80061d46afacb16,mobile
DEV_011918,b0e7194bcef46f42,tablet
DEV_011919,67f0c3131d140808,desktop
DEV_011920,231649c7ad739817,mobile
DEV_011921,a6291b1e56c1bfbd,mobile
DEV_011922,454e52f55325a8f6,mobile
DEV_011923,5c5b43240c954a3f,mobile
DEV_011924,7c3d3daf6590a8dd,mobile
DEV_011925,89ec7e5e27392000,mobile
DEV_011926,a2031e8e40774b09,mobile
DEV_011927,ffba0537ea629ebf,tablet
DEV_011928,f7236954e7d44291,mobile
DEV_011929,c6c561bf46c328e9,mobile
DEV_011930,0c666664ac3d1331,mobile
DEV_011931,a444edbfcf98b54a,desktop
DEV_011932,95a00ecf56aa82ea,mobile
DEV_011933,b1763d808c994316,mobile
DEV_011934,9e2ccb262d25f61b,mobile
DEV_011935,09ca8657723b248c,mobile
DEV_011936,444b429a0e64f040,mobile
DEV_011937,0d82a7414887139a,mobile
DEV_011938,e58ea689ad78c097,mobile
DEV_011939,43981f8a4b426f98,tablet
DEV_011940,c69b45ab4da97898,desktop
DEV_011941,7ac5378f53a9dafb,mobile
DEV_011942,f0bc036e8bdf146d,mobile
DEV_011943,e13d205045d633fc,desktop
DEV_011944,01c5071c6acef934,tablet
DEV_011945,7f17566fa10d3bd9,desktop
DEV_011946,a0fff1d6199ecd6d,mobile
DEV_011947,9de133fcbd4d7bc2,tablet
DEV_011948,e2e19e3d7f126aa6,mobile
DEV_011949,6834e7bb1ac68ee0,desktop
DEV_011950,ee38e6b4f51ab0d5,tablet
DEV_011951,ad0c7672f38cde13,desktop
DEV_011952,8726c8baddb382a9,mobile
DEV_011953,de61ecec04ef99b3,tablet
DEV_011954,dee92bcc10f06e0f,tablet
DEV_011955,d62d78e5e5dd686e,mobile
DEV_011956,408a2757c19aaf2e,mobile
DEV_011957,0f78080b5cbf8447,mobile
DEV_011958,926e6f5101f707ff,mobile
DEV_011959,08bdbd7a25ebf478,mobile
DEV_011960,1fdd3af3929b5728,mobile
DEV_011961,3443a33362febe2f,tablet
DEV_011962,d5dc92748db144c0,mobile
DEV_011963,394b6e756b698ad5,desktop
DEV_011964,9702fb114a0bc89a,mobile
DEV_011965,ad0b0affa5ecc407,tablet
DEV_011966,838c6881b3260fb7,mobile
DEV_011967,faf555e5b071f771,mobile
DEV_011968,83a35fc2f3e22820,mobile
DEV_011969,28be3033150ddcb1,desktop
DEV_011970,98c4c64d9512ab23,mobile
DEV_011971,8583b268b38210fa,desktop
DEV_011972,c116a01c83228958,mobile
DEV_011973,9dafba963215b6ca,mobile
DEV_011974,830b51c911330daf,tablet
DEV_011975,90ca07e662e613d2,desktop
DEV_011976,2b2752eb805a2fed,tablet
DEV_011977,048a471d90705476,desktop
DEV_011978,930d0bcd80705e56,desktop
DEV_011979,78ac269d2345717f,desktop
DEV_011980,6419811044b0df5b,desktop
DEV_011981,a4285f0aa737e522,mobile
DEV_011982,a8fe270bf51b7124,desktop
DEV_011983,de27f1849c1b1b5e,desktop
DEV_011984,91ca0c5a4d4ca11b,mobile
DEV_011985,23f64c3a264e4719,desktop
DEV_011986,bf764dd06a60adef,mobile
DEV_011987,73c5db6bc6df1e7e,mobile
DEV_011988,33cf8f853fdf47c1,mobile
DEV_011989,f4ae177c1c0900ef,mobile
DEV_011990,c9ca357a6c29884c,desktop
DEV_011991,8a00d1d5a17602e2,mobile
DEV_011992,08268bdf559e0ac3,desktop
DEV_011993,2eac769277e6543b,desktop
DEV_011994,e877b863d2996405,tablet
DEV_011995,cdc49518d4ca49a2,desktop
DEV_011996,a8493d8083fc8a2d,desktop
DEV_011997,871ebae0ddeb8b53,mobile
DEV_011998,e4beb547b79b2e9c,mobile
DEV_011999,16e7a6c14e7a5fdb,mobile
DEV_012000,735d8fc30b6d03c2,mobile
DEV_012001,a7275a1dc7add7ac,desktop
DEV_012002,fbda5b55649511c3,desktop
DEV_012003,900b3194e10dd344,mobile
DEV_012004,acc2e01bb80309df,mobile
DEV_012005,893fe8f84a774ff3,mobile
DEV_012006,642e8b095aa9c1e6,desktop
DEV_012007,959be7cab5cd540a,mobile
DEV_012008,650211b5a24b7ef1,desktop
DEV_012009,960df361ff979c46,desktop
DEV_012010,6d9e0033f6d9f69f,mobile
DEV_012011,9e6ee579b9e4098f,mobile
DEV_012012,2f7bcf1d84f5a4eb,desktop
DEV_012013,85a7e69571b0620a,mobile
DEV_012014,466bc096b290c829,mobile
DEV_012015,1bf7fc9bf8f3fe57,desktop
DEV_012016,d582465d8932b064,desktop
DEV_012017,cceb482bef477a12,mobile
DEV_012018,72856eca2976cd32,desktop
DEV_012019,b589cf4907d79eb1,mobile
DEV_012020,f039d13dd28e016a,tablet
DEV_012021,f9e73601a55001a7,mobile
DEV_012022,c019faebfe29ed3e,desktop
DEV_012023,bfd7894c599b4b45,mobile
DEV_012024,6f9a6b0633b406ad,mobile
DEV_012025,63b09234b1c9966d,tablet
DEV_012026,ced7c429bf618cec,mobile
DEV_012027,a76cd24005607fd9,mobile
DEV_012028,b348a497e9c7427b,mobile
DEV_012029,2b9f6b672b7448b5,desktop
DEV_012030,1e6b4dd5e0f11cdf,desktop
DEV_012031,dc86d1dd1c66dbf9,mobile
DEV_012032,aa9a5c69256240f0,desktop
DEV_012033,b9214f749d8334a1,tablet
DEV_012034,eefa1b17ec1011de,desktop
DEV_012035,bf1a83207eb270d5,mobile
DEV_012036,dd57278fa5e56eb7,mobile
DEV_012037,e770d716e9cf024d,tablet
DEV_012038,edf27c301ab6663b,mobile
DEV_012039,9b19e86873c39385,mobile
DEV_012040,9f03b5c58887dcd9,mobile
DEV_012041,f24d56a03e56a9a8,mobile
DEV_012042,f6db856bd1ad4fb1,desktop
DEV_012043,437f9e9de4d96f7c,mobile
DEV_012044,b90b60bebd86811a,desktop
DEV_012045,b9152827bf51152a,mobile
DEV_012046,c262e3c52807cac2,mobile
DEV_012047,6380916c47de7ed3,mobile
DEV_012048,8389febd823ce445,tablet
DEV_012049,5a326f098297b27a,mobile
DEV_012050,4d09bda5cb5edc50,mobile
DEV_012051,c8902427e26ac7d8,mobile
DEV_012052,0fff029be273a991,tablet
DEV_012053,f969f8889026257f,mobile
DEV_012054,9d8eee3d0617acd4,desktop
DEV_012055,eb9fad55f9f32f7b,mobile
DEV_012056,5e00ad1e5707f09b,desktop
DEV_012057,3306665544ae58cf,mobile
DEV_012058,5f8e83284e273aec,mobile
DEV_012059,e88a8e8a1922c881,mobile
DEV_012060,9cc8302c98d0f64d,mobile
DEV_012061,c6f9340ec2bbac20,mobile
DEV_012062,4cf7da5fa06727f1,desktop
DEV_012063,7cc4d32401aaf39b,mobile
DEV_012064,b9c36d87356eee22,mobile
DEV_012065,c6cd47bf4418361b,mobile
DEV_012066,62cf7079c9398c22,mobile
DEV_012067,f4badbfef86be787,mobile
DEV_012068,24ae6e31d2ccae2a,mobile
DEV_012069,779e8553d6a30cc4,mobile
DEV_012070,90eb2962657d16c7,tablet
DEV_012071,5c9534c20b4c4d3a,mobile
DEV_012072,f55c200c5b72c609,mobile
DEV_012073,3c1056ca299fcc18,desktop
DEV_012074,c4b31c8e1729fdfb,tablet
DEV_012075,e7968deda875968d,mobile
DEV_012076,110ded237a2fe7ea,mobile
DEV_012077,4104766d7b66aee5,mobile
DEV_012078,8785cfe431c61896,mobile
DEV_012079,112e224cb0315ade,mobile
DEV_012080,c55b21e94389703a,mobile
DEV_012081,4809d88188cd6afa,desktop
DEV_012082,c463d50f4fbe6131,desktop
DEV_012083,d1685fe93d7955f7,tablet
DEV_012084,99ced62f89b1a46e,mobile
DEV_012085,cb60085527217b92,mobile
DEV_012086,8e4d880efad27f03,mobile
DEV_012087,2e930a1b577f19fd,mobile
DEV_012088,f0ff548239f8d175,mobile
DEV_012089,fdeba3ec20a28030,mobile
DEV_012090,a214e9bd90d7c994,mobile
DEV_012091,342c7052048db453,mobile
DEV_012092,3abbc61707ab4f00,desktop
DEV_012093,0e6c6fce42343270,mobile
DEV_012094,2cb84cc70af8f4e1,desktop
DEV_012095,e116de3e839a9f29,mobile
DEV_012096,98d97495ef07ba12,desktop
DEV_012097,5f78a2a503f0360d,mobile
DEV_012098,10b9a925df92142b,mobile
DEV_012099,9d71c332310364d2,mobile
DEV_012100,0e8aad4c70c8dd0e,desktop
DEV_012101,eaf3725b13581d8c,tablet
DEV_012102,224d23740a82fc02,desktop
DEV_012103,f58895f071026c31,mobile
DEV_012104,a1c5764708ab0921,desktop
DEV_012105,85286f5cc5f42007,mobile
DEV_012106,99c30a40b7018df5,tablet
DEV_012107,c0692c1aec8b7959,mobile
DEV_012108,68bc1c540dc7c855,mobile
DEV_012109,c3d12e553762396a,tablet
DEV_012110,10f5402db2384469,desktop
DEV_012111,7765c22757a7956a,desktop
DEV_012112,b033e34343c13afd,tablet
DEV_012113,e2927f752339801d,tablet
DEV_012114,f19e47a911c8da1c,mobile
DEV_012115,de2545cdf711856b,tablet
DEV_012116,8b721b8c7433f4ae,tablet
DEV_012117,21cae4782377e0c6,desktop
DEV_012118,b169b5de6adccfdc,mobile
DEV_012119,f0bbe679d0a177eb,desktop
DEV_012120,53e9d456b4af6dc8,tablet
DEV_012121,cce6335fa3712c14,mobile
DEV_012122,0b6b9abef9d6f19a,mobile
DEV_012123,f3e5db3823636dc8,tablet
DEV_012124,dcb2dc5f602744ee,mobile
DEV_012125,e56e0e95f8d6de39,desktop
DEV_012126,0b343f5ee01dbf5f,mobile
DEV_012127,d5b25e43a1f982fa,desktop
DEV_012128,69a0bd39b61d2a44,desktop
DEV_012129,a00eb119cbd48192,mobile
DEV_012130,7220049dcd824850,mobile
DEV_012131,f1cab71011544cc6,mobile
DEV_012132,b8dcb826e34daea1,mobile
DEV_012133,964f512dd38f1a40,mobile
DEV_012134,0a0d9e75e3209dd4,desktop
DEV_012135,bdfdc88a91b48d68,mobile
DEV_012136,c5d7bcc732b27008,tablet
DEV_012137,e8a95fdabb6b55e7,mobile
DEV_012138,9a4633203118de5a,mobile
DEV_012139,611595b115dc9ac8,mobile
DEV_012140,23568663f18d28fe,mobile
DEV_012141,e8454b2675950ffc,mobile
DEV_012142,5a190a8996189026,mobile
DEV_012143,153b647569f1673e,desktop
DEV_012144,8be7eb91118b4014,desktop
DEV_012145,5dbff533c57f41b7,desktop
DEV_012146,36090bf47e2991f6,mobile
DEV_012147,84e6d46e4f60d472,desktop
DEV_012148,f5ffaf052e2a2e1e,desktop
DEV_012149,c617332a76d86c7a,mobile
DEV_012150,66a9da36a57c5b8c,desktop
DEV_012151,a8de23f37d2d2fe6,desktop
DEV_012152,1e993b1450c3afc1,desktop
DEV_012153,e71659cd751d8f55,desktop
DEV_012154,6179ecc4bab04166,mobile
DEV_012155,07792d7aa1bed74a,mobile
DEV_012156,3ce4f84795afe9f7,mobile
DEV_012157,9416f305d22b1e69,mobile
DEV_012158,4a2a35ed1797f53e,mobile
DEV_012159,501c5e873fe926c6,mobile
DEV_012160,ce69896f7be126e2,mobile
DEV_012161,6a47b334badd3fc1,desktop
DEV_012162,625a304cc4c3b0e2,tablet
DEV_012163,b186eddc5ae9a652,desktop
DEV_012164,a6afb867d5c5e7cc,mobile
DEV_012165,66f1816f5c47e4ac,mobile
DEV_012166,03ffa9196cb5b3b3,desktop
DEV_012167,661c3b986727879f,mobile
DEV_012168,80f09b5afa4cd7cf,mobile
DEV_012169,163b16a6d19bb593,mobile
DEV_012170,1a110ec1e0b7ca8b,mobile
DEV_012171,2ecb7fdf3bda8944,desktop
DEV_012172,6b5e5cc926c08419,desktop
DEV_012173,8e520ab56a5a5bdc,mobile
DEV_012174,5e0b39be5558834c,tablet
DEV_012175,4720729ae35da706,mobile
DEV_012176,208c0669751ed35a,mobile
DEV_012177,a167132507551284,mobile
DEV_012178,070865f459d752a8,tablet
DEV_012179,f61b9ec2e1bf7e0d,mobile
DEV_012180,7c9419253f992836,mobile
DEV_012181,f453fd80e7a1c94e,mobile
DEV_012182,7a6a130da3a842b8,mobile
DEV_012183,8213973551a65613,mobile
DEV_012184,8ac59c8e9f535e7f,mobile
DEV_012185,08b0b1e0f0ed4da4,tablet
DEV_012186,d9c238a4bc24df60,mobile
DEV_012187,b8f58e3de2c52f19,desktop
DEV_012188,3084301bfe5369dc,desktop
DEV_012189,6007a3c3de1fab3e,mobile
DEV_012190,fcc3c1f1034912bf,mobile
DEV_012191,30d4acd9c7325446,mobile
DEV_012192,4a3c70bf693bf0a6,mobile
DEV_012193,0571c84bf7e559e9,tablet
DEV_012194,331066006bf4ed27,desktop
DEV_012195,07ed29a19f705563,mobile
DEV_012196,1ca2c2013fd9e795,mobile
DEV_012197,d94034836a4bd92d,tablet
DEV_012198,7263d5e36a4334f4,mobile
DEV_012199,04b284d612e9fde2,mobile
DEV_012200,f60a0374b5fef386,desktop
DEV_012201,f3422fdf4db01414,mobile
DEV_012202,4aaf86dd113cf08d,mobile
DEV_012203,5116b485e408fd26,mobile
DEV_012204,f2f77f854912feca,desktop
DEV_012205,bbb4fcf7d1d2b749,mobile
DEV_012206,38b762ab847886e6,desktop
DEV_012207,457a69d98801741f,mobile
DEV_012208,d4917cf9f3f9a636,desktop
DEV_012209,7cf018d5b37f9bd9,mobile
DEV_012210,bd40c0cea3cddf3c,mobile
DEV_012211,0ff77514c2c49eb2,mobile
DEV_012212,3d6bce4287eaeb23,mobile
DEV_012213,b1a08741691b669b,desktop
DEV_012214,f74af21d1da2e079,desktop
DEV_012215,b6ffa52a9a68951f,desktop
DEV_012216,429b0bb53a3830f9,tablet
DEV_012217,42fee630c9ffd8e7,mobile
DEV_012218,247b67c6b5fa1008,tablet
DEV_012219,b81411ab7e9e461a,tablet
DEV_012220,196b242248a97805,tablet
DEV_012221,24e894bbca15e8e0,mobile
DEV_012222,cabf08603d797075,desktop
DEV_012223,cf00673f44e8c513,mobile
DEV_012224,4687d25964905e39,desktop
DEV_012225,1982bd41de2643a8,mobile
DEV_012226,02d4792338bbda0a,mobile
DEV_012227,f764c88b467dc3c2,desktop
DEV_012228,b9db9fb226a71e95,mobile
DEV_012229,a2163916db06fee1,desktop
DEV_012230,e33bbc83acc53d1d,desktop
DEV_012231,88086e7b02f3aad5,mobile
DEV_012232,8746d3b637c12ec0,mobile
DEV_012233,9bade54affce4326,mobile
DEV_012234,c9fa4f81b53187bc,desktop
DEV_012235,e8ee5ca2159c45b1,desktop
DEV_012236,e0a004ac1273cdda,mobile
DEV_012237,bfcacbc3b8b6940d,desktop
DEV_012238,42f8fb9059f3bb67,mobile
DEV_012239,19f7145df36a3c01,mobile
DEV_012240,cb06a815509bc169,mobile
DEV_012241,e34b61ea79493ef4,mobile
DEV_012242,ad89713aef8db645,mobile
DEV_012243,84c8961909bd90e6,desktop
DEV_012244,002c5e880ac50320,tablet
DEV_012245,a3e72bcbb50618dc,desktop
DEV_012246,fb88403955265e9f,desktop
DEV_012247,28196c02f7546aa5,mobile
DEV_012248,af35057c635638fd,desktop
DEV_012249,ba59fdec85d2795e,mobile
DEV_012250,c6715cebfce8f6d9,mobile
DEV_012251,7dbd4dd7ee64c86e,mobile
DEV_012252,ce6c4929f0ba4eb9,mobile
DEV_012253,67759d907238b07f,mobile
DEV_012254,8ec4ef137ae5933a,mobile
DEV_012255,d2f5a4a159032b91,mobile
DEV_012256,2a01f7dcd8747c85,desktop
DEV_012257,6f8e657a0542c46a,desktop
DEV_012258,89f74167f4edd91d,mobile
DEV_012259,1eae82fbc3407ab7,tablet
DEV_012260,b209458312d837d0,mobile
DEV_012261,d575d0f81ab8d459,mobile
DEV_012262,faa3d64c98633f15,desktop
DEV_012263,ece8b42de5656418,tablet
DEV_012264,ec036da79f3c259d,tablet
DEV_012265,0b3095e28fe48622,desktop
DEV_012266,ab327821d3896f73,mobile
DEV_012267,e80346b9a89e8087,desktop
DEV_012268,4708d99449947dec,mobile
DEV_012269,fe38b243d1ae671b,mobile
DEV_012270,a0c2feaa443c900e,mobile
DEV_012271,6a800e28accbc298,tablet
DEV_012272,626c147213d68425,mobile
DEV_012273,a6dde45663f07520,mobile
DEV_012274,635b26b9c3f330c1,mobile
DEV_012275,2027c2ee6945c956,mobile
DEV_012276,fde31364ea54b032,mobile
DEV_012277,60b3ed98f5aff5c6,mobile
DEV_012278,6d5ba95a516186af,desktop
DEV_012279,bb18e188fa3c9cce,mobile
DEV_012280,8f2a6a2e8cda677c,mobile
DEV_012281,0b148bfced05cdb7,mobile
DEV_012282,2e33907bc6dae7bc,desktop
DEV_012283,7790a55e6a20dd6f,tablet
DEV_012284,e5e5be3f33cc31a1,desktop
DEV_012285,121dabab90ab1f58,mobile
DEV_012286,212b1700ad955dcd,mobile
DEV_012287,32d8951fc704b621,tablet
DEV_012288,704065a43f10bba4,mobile
DEV_012289,41bec44085fa6362,desktop
DEV_012290,7172a96dc5d9374d,mobile
DEV_012291,f22a97be708ad9eb,desktop
DEV_012292,26cf39662d7ea6b7,desktop
DEV_012293,db799d6041578095,tablet
DEV_012294,665c488f8cdcc89e,mobile
DEV_012295,1eb8814163f0a25e,mobile
DEV_012296,3f65a27c0a11a44f,desktop
DEV_012297,3aa1ade1a795c75e,mobile
DEV_012298,11fea9155d9a2586,desktop
DEV_012299,cdc8f8909bc0af73,mobile
DEV_012300,5789613528391336,mobile
DEV_012301,1be767c64d6d250b,mobile
DEV_012302,938ed14c8baac1a4,mobile
DEV_012303,4c3d7eea391b7fa6,desktop
DEV_012304,1cb417f6f0a84e3b,mobile
DEV_012305,e837a3e0e7ffeb2e,mobile
DEV_012306,8d9a45828369c40d,desktop
DEV_012307,1fe2949f4b263ef9,tablet
DEV_012308,ad553e0a75ef7806,mobile
DEV_012309,2cf096ed5d88f571,desktop
DEV_012310,96c9addc911f37f2,mobile
DEV_012311,2dbc268c937aa2da,mobile
DEV_012312,ff819ec4b5dddbea,mobile
DEV_012313,ca2b907eecb7d8fc,desktop
DEV_012314,1edc5436f1efdae5,desktop
DEV_012315,28283fcd260e18d3,desktop
DEV_012316,4b09772f924f1adb,mobile
DEV_012317,139a1fa1cf40bb70,mobile
DEV_012318,80be7aa1e1e042d1,mobile
DEV_012319,40e12e6530b643a5,desktop
DEV_012320,54ea80b8c7ae0f2f,mobile
DEV_012321,df186797791734a8,mobile
DEV_012322,679598c6813c9702,mobile
DEV_012323,b3139eab5b794179,mobile
DEV_012324,6fc87daf2adbf89f,tablet
DEV_012325,720dc703c9f63e49,mobile
DEV_012326,88cda76f2c71aa36,mobile
DEV_012327,c737a8c6dbf97f9d,desktop
DEV_012328,058a6beebeb3e8a9,desktop
DEV_012329,dd1a7ee62feed5da,mobile
DEV_012330,6acc67a62309d89d,mobile
DEV_012331,c0ac3836006d5ef9,tablet
DEV_012332,e053d8ac6ef4967f,mobile
DEV_012333,3ea088e162234b3c,mobile
DEV_012334,b46cb0eba4863b28,tablet
DEV_012335,0b5a124fa5ac4689,desktop
DEV_012336,8a6ff8f4bdf4ea24,desktop
DEV_012337,59072b305431d11b,desktop
DEV_012338,71b391a793de7f55,desktop
DEV_012339,488623bb92615d8a,mobile
DEV_012340,35bcbe785065a3f3,mobile
DEV_012341,09aa7eb9c8e4914f,tablet
DEV_012342,6a4c042835716e37,mobile
DEV_012343,9e31fc39d3013cfc,mobile
DEV_012344,6ead50c49d286974,mobile
DEV_012345,9c3a393c1019cb9c,mobile
DEV_012346,41f51036707ac76b,mobile
DEV_012347,df8911a94c9338f8,tablet
DEV_012348,d7fa3487aa7151bd,mobile
DEV_012349,957005cab9ec3f58,tablet
DEV_012350,cfb856944e0ed312,tablet
DEV_012351,bdec7d908b62833d,mobile
DEV_012352,274a014cefd2efbf,mobile
DEV_012353,70f5a5ef3ae03ca4,desktop
DEV_012354,bbc566ac0b1239f6,tablet
DEV_012355,352ceefe5922501d,mobile
DEV_012356,3986d1a654a9394c,desktop
DEV_012357,a3c2058a27ee4169,desktop
DEV_012358,dacf3b7cac72f11d,desktop
DEV_012359,d919b6a921744cf3,tablet
DEV_012360,8aaad6e65d5949c6,tablet
DEV_012361,257582f63bd0b497,mobile
DEV_012362,6ff95ef98aa22908,mobile
DEV_012363,ace6fe2975458a05,mobile
DEV_012364,c478d037ef6c6756,mobile
DEV_012365,30bcea3633439edd,tablet
DEV_012366,efbc531991018848,mobile
DEV_012367,a2752469368015fb,tablet
DEV_012368,a2a9fde7f6646ea3,mobile
DEV_012369,1aa4cda1daea0043,desktop
DEV_012370,0e8cd72294bb7a45,mobile
DEV_012371,b62db9bff38734f5,mobile
DEV_012372,d7d7ec8c7045c0cf,mobile
DEV_012373,828f57348e448bc3,mobile
DEV_012374,9efc03b83e697622,desktop
DEV_012375,69aa392042994370,mobile
DEV_012376,2abb467af7941899,mobile
DEV_012377,329f0c7acc992953,desktop
DEV_012378,a2ff32029c9dec2d,mobile
DEV_012379,9a38380bf9f2118c,mobile
DEV_012380,a14bc001fb754c6a,mobile
DEV_012381,0da9314754784041,desktop
DEV_012382,b260ec4901438325,mobile
DEV_012383,582f6e6321f2c80f,mobile
DEV_012384,0450df31ca5f8841,mobile
DEV_012385,cd8f25d41b53533c,mobile
DEV_012386,e120bf0ad1fbd1db,desktop
DEV_012387,166253e1953f4422,mobile
DEV_012388,769b061797f8c7e5,tablet
DEV_012389,b9669de37424f063,mobile
DEV_012390,2b85678b40013159,desktop
DEV_012391,b675f4d5c676a87c,desktop
DEV_012392,b730153ea7c049c5,mobile
DEV_012393,296d1d297f2d722b,mobile
DEV_012394,08b8c3c5d0574028,desktop
DEV_012395,66558c942da08a03,mobile
DEV_012396,b520f8dab363ae15,mobile
DEV_012397,ee166df6931b9e6d,mobile
DEV_012398,77c2572cc0b409e1,desktop
DEV_012399,66117b334397bd97,mobile
DEV_012400,776cb01efe42b98d,mobile
DEV_012401,f38aa66a93253445,desktop
DEV_012402,0d7b29dcf3c4f4fa,tablet
DEV_012403,97e56360c1aba6c4,mobile
DEV_012404,75aa726963453bce,desktop
DEV_012405,2dc0b3fe5370ab9f,mobile
DEV_012406,423382cbb20dd296,tablet
DEV_012407,29b7254842ad283c,tablet
DEV_012408,4a1a97770f8b0efb,mobile
DEV_012409,4d52ea93bfa17174,tablet
DEV_012410,99ba8dee2099b6dd,desktop
DEV_012411,93b2005a483de4b0,tablet
DEV_012412,de9b723de1089d1d,mobile
DEV_012413,db4dbb297262fa3f,mobile
DEV_012414,9a28e6d4712c738e,mobile
DEV_012415,e3cefe1d9c69c2d3,mobile
DEV_012416,daa0952752f1e666,mobile
DEV_012417,6d95d2592eeb6619,desktop
DEV_012418,eb8d15cd53c97534,mobile
DEV_012419,0238bf6e64d44049,desktop
DEV_012420,2d28e776f1bd9700,mobile
DEV_012421,e22abc9309ebeea5,desktop
DEV_012422,389b2159ee5da43f,mobile
DEV_012423,0545748ac34a0e7f,desktop
DEV_012424,34a66ef5dba75772,desktop
DEV_012425,665cae601052a044,mobile
DEV_012426,63fc08e65a991329,mobile
DEV_012427,0b2a06bde97c8cf1,tablet
DEV_012428,5dc125804ddaf740,mobile
DEV_012429,6ce4767c58297bc0,mobile
DEV_012430,e72a3918811b8296,desktop
DEV_012431,8981d3be80374bfe,desktop
DEV_012432,49ddbd8a9b9f0bc7,mobile
DEV_012433,0d48ed80268a78e9,desktop
DEV_012434,012f26f57f42c6bc,mobile
DEV_012435,18cb62db760c0ee9,desktop
DEV_012436,2f7bf97ed12a524b,desktop
DEV_012437,0c607fb008954d40,mobile
DEV_012438,ed182edd4d5610ca,desktop
DEV_012439,2c8fd9380bd8465f,desktop
DEV_012440,bc4c778d1901a69b,mobile
DEV_012441,43bb3ffd1660fef3,tablet
DEV_012442,0a85b1dac132db38,mobile
DEV_012443,0cdbdf39c80e5a20,desktop
DEV_012444,20049c04e628427e,tablet
DEV_012445,5260d9e43ad87ce0,mobile
DEV_012446,1b95d8b96e7b6be0,mobile
DEV_012447,11c3e4d813d753fd,mobile
DEV_012448,1bd795378d3de58d,desktop
DEV_012449,d41f2d4e3fc65318,mobile
DEV_012450,2b2b4a8f3e0cb2b8,mobile
DEV_012451,e70bfb17591703e0,desktop
DEV_012452,c8d9d8d0aa29b9c6,mobile
DEV_012453,885863ecb580beb1,mobile
DEV_012454,3eba8a4ddd5cb10e,mobile
DEV_012455,fd4a05f90164013a,desktop
DEV_012456,03eac13ec2df80ab,tablet
DEV_012457,d2f40a5e3751ce3b,tablet
DEV_012458,7cec6973d5a6b07a,mobile
DEV_012459,f9cf2b5ba7080281,tablet
DEV_012460,23d7916fca03e530,mobile
DEV_012461,cce3c443ce9668c4,mobile
DEV_012462,dd9fa14d63355de1,mobile
DEV_012463,ae927fd3901fbfdd,desktop
DEV_012464,8107cb157c005c84,mobile
DEV_012465,5ba0599cf79ca70b,desktop
DEV_012466,ecfcf955eb3dea71,mobile
DEV_012467,53e222884d64d88b,desktop
DEV_012468,5a900ecab9136af2,desktop
DEV_012469,31c436cd592eb879,mobile
DEV_012470,7b1e5ad7434e397e,mobile
DEV_012471,e0a48172cdc06293,desktop
DEV_012472,74243331d346950a,desktop
DEV_012473,9c9b61fd003722ea,desktop
DEV_012474,e5f9f3601aa5ff5a,mobile
DEV_012475,cd4c52ad3f8d577d,mobile
DEV_012476,cd4b9f4a46985c89,mobile
DEV_012477,8da744bac3b7374d,mobile
DEV_012478,d3c66735ea17acde,mobile
DEV_012479,dd8cc3c60fcfcf0b,desktop
DEV_012480,3498ef20bd19563e,mobile
DEV_012481,e2f8c4dce6ca9160,mobile
DEV_012482,78401b11778e1d94,mobile
DEV_012483,814591c6f3500157,desktop
DEV_012484,c4a4c5de9c1189d6,mobile
DEV_012485,f2f1b653de7deb16,mobile
DEV_012486,d46689638f73f682,tablet
DEV_012487,cfd5ed52b49ff731,mobile
DEV_012488,008ea20283999874,mobile
DEV_012489,52fa404d48f75025,desktop
DEV_012490,442f8419d15e4023,mobile
DEV_012491,9f3717d0b9c0407b,mobile
DEV_012492,9d1fe4ed445949da,mobile
DEV_012493,160ffc1b9552bf15,mobile
DEV_012494,0c7aef1e82d66a01,desktop
DEV_012495,0cdca18c0942892e,desktop
DEV_012496,d5b6de3939fe8c0a,mobile
DEV_012497,23ba8d6b866bbec0,desktop
DEV_012498,005cafd2a18dff35,mobile
DEV_012499,0d2c03bc5e5eaf3c,desktop
DEV_012500,eddadd39cf352ac3,desktop
DEV_012501,35eebf00a4df2328,tablet
DEV_012502,e74dedf5cee970c6,mobile
DEV_012503,a178c1ced5b6aa4a,desktop
DEV_012504,6a6b573744f3c44b,desktop
DEV_012505,97a85f3bdaafc94a,mobile
DEV_012506,668d1a3c0f3cabd6,mobile
DEV_012507,87ed64074a45dd9d,mobile
DEV_012508,6fbf0ba8a35e4574,desktop
DEV_012509,8dbded1ee5e10144,tablet
DEV_012510,a4bd98711a285ab2,desktop
DEV_012511,55a2f908cf7e606e,mobile
DEV_012512,201dc4b90703addb,tablet
DEV_012513,95fecda1857c330f,mobile
DEV_012514,e176958cd6723f05,mobile
DEV_012515,3949dea338775f11,tablet
DEV_012516,225b1b27992e781a,mobile
DEV_012517,d292abad54e20661,mobile
DEV_012518,035550ef147707ce,mobile
DEV_012519,033d3d806000e233,mobile
DEV_012520,60d3bcb30e1e935e,desktop
DEV_012521,f14103566b000272,mobile
DEV_012522,9046fa6f2d81c18d,desktop
DEV_012523,7c327cd9e65bca3a,desktop
DEV_012524,f36cd499913c59a3,desktop
DEV_012525,c12144f9a28dfadd,mobile
DEV_012526,b585f4811f0ba007,mobile
DEV_012527,e207cbacb77f8288,desktop
DEV_012528,983e2986e499a559,mobile
DEV_012529,d119151faf1b3628,desktop
DEV_012530,4b463e03f783d3c4,desktop
DEV_012531,e03497135c172db6,desktop
DEV_012532,c7e6e7c1032ee43e,desktop
DEV_012533,554b8959ebf10b3f,desktop
DEV_012534,51e744ea1fa4056c,mobile
DEV_012535,2c59e07d286c935f,mobile
DEV_012536,40bdfbf2053cff2b,mobile
DEV_012537,8500531bb263ac83,mobile
DEV_012538,6d80f05a14e469f1,mobile
DEV_012539,c5a5ab2793d31744,mobile
DEV_012540,ab66edad5480cf94,desktop
DEV_012541,a99f0eb3ccab4eda,mobile
DEV_012542,66bb09fc393f5115,desktop
DEV_012543,61f0a6b3f2311d27,mobile
DEV_012544,8ea842801d4634ba,tablet
DEV_012545,a81211eb3f91579d,desktop
DEV_012546,fe1595518fe6c4cf,desktop
DEV_012547,5351a9dd7a479a72,desktop
DEV_012548,5a92b50e48ee19a3,desktop
DEV_012549,2e99f17cfadbeaa2,mobile
DEV_012550,2af93266ccdcf4ba,mobile
DEV_012551,a62b7ec430707e7b,tablet
DEV_012552,8889a7ae02f6ad50,mobile
DEV_012553,47f1fecb221c5899,mobile
DEV_012554,49cfd7584ff8a46f,mobile
DEV_012555,85d7680b6a3393a7,desktop
DEV_012556,bfcfbc12d72dc3a8,mobile
DEV_012557,aef1441cef1eacac,desktop
DEV_012558,1e0db7241022e272,mobile
DEV_012559,f6206c73d022b493,desktop
DEV_012560,29beda66e6fad440,desktop
DEV_012561,959798b54a00a466,desktop
DEV_012562,743d304bcb0714be,mobile
DEV_012563,4f1287d2c586822c,mobile
DEV_012564,1759cb3867389a55,mobile
DEV_012565,f7c8defb105c3cb6,mobile
DEV_012566,8c5b1a77ba9f3d41,desktop
DEV_012567,bebb182c36f16cb7,desktop
DEV_012568,2d1493b71cc68513,desktop
DEV_012569,e9b63b873034e3e2,mobile
DEV_012570,848022ee243dd18f,desktop
DEV_012571,ef87f41bcbf09b11,desktop
DEV_012572,c6b092298eb61e06,mobile
DEV_012573,d06700256ba81e5a,desktop
DEV_012574,74b233a075d06069,desktop
DEV_012575,8bf8e63d4f306a95,mobile
DEV_012576,3e5fc916cc4809de,tablet
DEV_012577,df39eb5e8112a42b,desktop
DEV_012578,23dc8b172c927c48,mobile
