id,full_name,dob,gender,passport_no
PAT_000001,John Green,1995-08-30,M,NG7591742
PAT_000002,Kristina Baker,1968-05-27,M,PK2300812
PAT_000003,Christopher Duncan,1950-08-01,F,US4559893
PAT_000004,Charles Davis,1997-06-08,F,BD8444675
PAT_000005,Sarah Harmon,2000-08-20,F,PK2798810
PAT_000006,Matthew Allen,1960-02-02,M,BD3218217
PAT_000007,Anthony Melton,1984-08-21,M,BD1369858
PAT_000008,Toni Brewer,1976-11-05,F,DE8209208
PAT_000009,Jim Lewis,1960-11-14,M,GB5660117
PAT_000010,Mitchell Robinson,1959-07-24,F,US7674700
PAT_000011,Lauren Lopez,1998-08-02,M,BD8738831
PAT_000012,Alyssa White,2002-04-14,F,AU1928107
PAT_000013,Tyler Browning,2004-09-22,M,AU6107695
PAT_000014,Jason Jackson,1990-03-22,F,BD6318767
PAT_000015,Jeffery Murphy,1990-03-04,M,PK5978466
PAT_000016,Angela Turner,1998-01-14,F,AU2575964
PAT_000017,Briana Mosley,1993-11-27,M,GB5886426
PAT_000018,Jack Brandt,1986-01-11,F,US7833109
PAT_000019,Savannah Fernandez,1986-04-07,M,GB9594317
PAT_000020,Todd Adams,1989-10-27,F,RU9950382
PAT_000021,Nathaniel Ford,1967-11-29,M,DE9124658
PAT_000022,Katherine Martin,1987-05-29,M,GB3165901
PAT_000023,David Smith,1986-02-04,M,RU1379741
PAT_000024,Sean Lane,1959-09-13,M,SA1323874
PAT_000025,Kathleen Baldwin,1963-12-12,F,NG5684461
PAT_000026,Steven Munoz,1952-03-23,F,BD4177400
PAT_000027,Lauren Smith,1986-04-12,M,BD6877543
PAT_000028,Jessica Martin,1956-07-01,X,GB5361609
PAT_000029,Melvin Carlson,1989-11-22,M,KE8811257
PAT_000030,Susan Higgins,1975-05-19,M,KE1036150
PAT_000031,Michael Roth,1977-09-08,F,SA2484148
PAT_000032,Trevor Bautista,2003-05-26,M,GB5663473
PAT_000033,Bianca Johnson,1975-10-27,F,BD6171459
PAT_000034,Valerie Taylor,1957-03-06,M,US5751591
PAT_000035,Nicholas Barber,1951-06-10,M,US3204274
PAT_000036,Colin Johnson,1974-05-07,M,BD4965544
PAT_000037,Philip Burns,1962-07-22,F,AU1114888
PAT_000038,Melissa Owens,1984-04-07,F,SA2070698
PAT_000039,Sharon Gonzales,1958-11-14,F,BD6429383
PAT_000040,Melissa Bowen,1975-11-15,F,DE9943686
PAT_000041,Mary Howard,1956-01-08,F,DE2733898
PAT_000042,Joseph Glass,1966-05-24,M,BD2027080
PAT_000043,Tammy Tyler,1987-05-19,F,KE4998544
PAT_000044,Amanda Smith,1976-12-18,F,BD6635643
PAT_000045,Cynthia Hughes,1958-07-23,F,KE8983747
PAT_000046,Kenneth Bauer,1985-07-27,M,BD4545343
PAT_000047,Joe Reed,1972-09-07,F,GB4128661
PAT_000048,Tiffany Wiggins,1952-10-25,M,RU7465463
PAT_000049,Tanya Davis,2002-04-02,M,
PAT_000050,Maria Jackson,1967-07-13,F,SA7167544
PAT_000051,Teresa Curry,1976-03-06,M,US9647805
PAT_000052,Anna Gonzalez,1981-03-23,F,SA1906828
PAT_000053,Sean Dixon,1962-09-20,F,RU1054500
PAT_000054,Rodney Buck,2005-05-25,M,AU1616903
PAT_000055,Wendy Miller,2001-09-20,F,AU7252780
PAT_000056,Kathryn Franklin,1997-05-09,M,PK4593466
PAT_000057,James Schultz,1953-01-15,F,DE6355208
PAT_000058,Ashley Moore,1981-07-25,F,DE9215437
PAT_000059,Tammy Choi,1969-09-01,M,BD2254882
PAT_000060,Paul Taylor,1997-11-28,M,SA5305572
PAT_000061,Raymond Nunez,1977-02-28,M,GB5755857
PAT_000062,James Garcia,1959-06-11,M,US2266760
PAT_000063,Amanda Williamson,1985-11-16,M,NG3197634
PAT_000064,Chad Cooper,2001-05-12,F,BD7549962
PAT_000065,Kendra Kim,1990-06-01,M,RU7035450
PAT_000066,Timothy Francis,1996-05-27,M,PK2245828
PAT_000067,Edward Lee,1984-04-24,M,GB8352439
PAT_000068,Daniel Smith,1995-04-11,F,US1630970
PAT_000069,Matthew Ortega,1980-02-02,F,US6831118
PAT_000070,Joseph Hernandez,1950-06-03,M,US2482584
PAT_000071,Casey Davis,1956-05-28,F,GB1802494
PAT_000072,Justin Foster,1954-04-12,F,GB2367792
PAT_000073,Tammy Heath,1957-01-24,M,GB7210782
PAT_000074,Erin Taylor,1953-03-23,M,BD4258212
PAT_000075,Jaime Smith,1996-01-24,F,BD4539562
PAT_000076,Cheryl Bradford,2005-12-30,M,US6615459
PAT_000077,Hannah James PhD,1983-03-31,F,GB6762519
PAT_000078,Nancy Smith,1976-11-29,M,DE2913831
PAT_000079,Michelle Carroll,1958-12-21,M,GB2647402
PAT_000080,Richard Silva,1956-04-11,F,NG3534509
PAT_000081,Paula Perez,1964-02-03,M,US6436610
PAT_000082,Charles Lee,1971-06-14,M,PK3187092
PAT_000083,Krista Fernandez,1963-10-15,F,US8991330
PAT_000084,Phillip Anderson,1955-01-30,F,US9120028
PAT_000085,Deanna Jones,1960-05-12,F,GB3430345
PAT_000086,Brooke Thomas,1957-02-13,M,GB1793457
PAT_000087,Mr. Bryce Mendez,1980-11-20,M,AU7679632
PAT_000088,Justin Ramirez,1965-10-21,M,KE5736010
PAT_000089,Manuel Ramos,1987-07-19,M,US1090769
PAT_000090,Angela Simmons,1953-03-25,F,AU3144993
PAT_000091,Jennifer Anderson,2002-01-12,F,NG1126189
PAT_000092,Kiara Landry,1953-04-22,F,SA9161066
PAT_000093,Francisco Benton,1997-04-18,M,NG8313221
PAT_000094,Shawn Welch,1983-01-25,M,RU6642607
PAT_000095,Michael Delacruz,1975-01-16,M,AU1203672
PAT_000096,Anthony Smith,1955-11-24,M,DE2895125
PAT_000097,Taylor Frye,1955-06-09,M,RU7242187
PAT_000098,Patricia Hayes,1980-03-07,F,PK7428485
PAT_000099,Richard Dean,1980-09-25,M,BD7623630
PAT_000100,Kevin Osborne,1951-02-04,M,SA6886513
PAT_000101,Dustin Bridges,1951-09-03,M,DE9508921
PAT_000102,Danielle Skinner,1950-10-25,F,NG9481656
PAT_000103,Robert Murray,1954-04-15,F,SA1682461
PAT_000104,Andrew Brown,1967-02-23,F,
PAT_000105,Richard Martinez,1968-06-01,F,NG6091389
PAT_000106,Robert Doyle,2004-01-11,F,BD4104682
PAT_000107,David Cole,1997-04-26,F,US7006333
PAT_000108,Tony Burns,1968-01-24,M,
PAT_000109,Andrew Smith,1980-07-18,M,US1991382
PAT_000110,Nicholas Diaz,1954-08-22,M,AU5639805
PAT_000111,Kevin Oneill,1986-10-11,X,US3973812
PAT_000112,Grant Brown,2003-01-25,M,AU6319544
PAT_000113,Jordan Ortiz,1994-08-18,F,SA4227478
PAT_000114,Anthony Marquez,1990-02-21,F,BD5283356
PAT_000115,Wayne Hess,1989-07-13,F,BD1296933
PAT_000116,Wayne Finley,1977-09-28,F,AU9273191
PAT_000117,Curtis Morales Jr.,2005-12-13,M,AU9108458
PAT_000118,Alan Graham,1973-01-16,F,DE8861235
PAT_000119,Scott Rhodes,2000-03-29,M,GB8884563
PAT_000120,Michael Carlson,1982-09-10,F,NG1240797
PAT_000121,Daniel Hoffman MD,1970-04-02,M,PK3897566
PAT_000122,Dr. Paula Lawson MD,1956-07-17,X,BD8600868
PAT_000123,Teresa Weeks,1977-09-14,F,AU5765873
PAT_000124,Stacy Kim,1958-02-20,M,DE5395837
PAT_000125,Harry Brown,1950-12-18,F,US5092436
PAT_000126,Charles Nash,1975-09-01,M,
PAT_000127,Anthony Adams,1973-10-18,M,KE7018302
PAT_000128,Brett Hanna,1961-04-29,M,NG5640324
PAT_000129,Allison Jones,1998-08-08,M,GB5678962
PAT_000130,Jeremy Tucker,1993-08-31,F,GB4554103
PAT_000131,Thomas Johnson,2003-10-14,M,BD6488999
PAT_000132,Deborah Young,1981-06-14,F,BD8829254
PAT_000133,Kristen Hoover,2000-02-05,F,BD9930122
PAT_000134,Melissa Zimmerman,1955-03-23,F,AU4744558
PAT_000135,Laura Edwards,1987-05-22,M,AU3409318
PAT_000136,Michelle Stewart,1984-08-01,F,DE9911364
PAT_000137,David Lynch,2003-09-23,M,US7835468
PAT_000138,Kevin Lucas,1988-04-05,M,US9094963
PAT_000139,Kathleen Gaines,1990-05-19,F,US9163046
PAT_000140,Kendra Vasquez,1955-12-11,M,RU3359628
PAT_000141,Austin Ford,1983-03-05,M,PK4097676
PAT_000142,Bryan Perry,1956-12-24,F,NG5589150
PAT_000143,Nicole Garcia,1962-11-23,M,KE9008246
PAT_000144,Tina Hernandez,1963-06-26,X,GB1582788
PAT_000145,Dr. John Duncan,1956-02-06,F,PK9694677
PAT_000146,Ronald Gill,1986-10-17,M,BD9996948
PAT_000147,Daniel Barker,1963-01-27,M,BD7386016
PAT_000148,Leslie Roberts,1993-09-27,F,GB9349898
PAT_000149,Ashley Bishop,1956-05-20,M,US5945214
PAT_000150,Andrea Carson,1968-03-24,M,DE7165083
PAT_000151,Stephen Charles,1977-01-27,M,US7140004
PAT_000152,Brenda Lewis,1961-04-06,F,AU4416700
PAT_000153,Joe Strong,1956-06-12,F,US6522288
PAT_000154,Ashley Jenkins,1968-11-04,M,GB3421582
PAT_000155,Mary Hopkins,1989-12-06,F,GB5310153
PAT_000156,Mary Green,1968-02-07,M,AU7921613
PAT_000157,Stephanie Gardner,1952-06-11,M,RU5270064
PAT_000158,Angela Wood,1950-11-04,F,AU6556850
PAT_000159,Lisa Palmer,1998-06-13,M,GB2090482
PAT_000160,Wendy Richards,1979-11-07,F,RU6367042
PAT_000161,Stephanie Miller,1951-10-11,F,DE5991207
PAT_000162,Alex Huff,1979-11-06,M,PK5212256
PAT_000163,Laurie Roberts,1971-08-03,M,KE9547073
PAT_000164,Amanda Hoover,1970-11-15,X,AU1486284
PAT_000165,Joshua Ross,1994-04-24,F,KE5062910
PAT_000166,Joseph Martin,1954-04-01,M,AU7580823
PAT_000167,Travis Stephenson,1996-11-16,F,DE5463294
PAT_000168,Nancy Hall,1977-01-26,X,PK8140167
PAT_000169,Dr. Jacqueline Randolph,1950-12-09,F,SA7744764
PAT_000170,Amy Johnson,1958-10-22,F,US8302133
PAT_000171,Jennifer Flores,1970-10-30,M,SA4255071
PAT_000172,Sandra White,1958-03-11,M,PK5984742
PAT_000173,Justin Evans,1953-12-02,M,SA4968823
PAT_000174,Phillip Contreras,1967-08-17,M,GB7309545
PAT_000175,Kayla Porter,1987-05-29,M,PK9866069
PAT_000176,Debra Martin,1968-10-11,F,PK2774750
PAT_000177,Kristin Wagner,1987-01-30,M,DE5032269
PAT_000178,Paul Lane,1972-04-11,F,GB1509208
PAT_000179,Dr. Karen Reid MD,1989-06-04,M,GB5424090
PAT_000180,Crystal Wilson,1959-01-31,M,PK1680644
PAT_000181,Ann Carpenter,1997-09-27,M,RU9503696
PAT_000182,Jeffery Snyder,1973-01-01,F,PK8402052
PAT_000183,Danielle Freeman,1964-07-12,M,KE2382128
PAT_000184,Rhonda Tran,1982-01-17,M,US9999574
PAT_000185,Nathan Gomez,1973-05-10,M,GB2008469
PAT_000186,Julia Yates,1977-06-05,M,GB2746145
PAT_000187,Meagan Sanders,1962-02-23,F,AU4873701
PAT_000188,Andrew Jacobs,1976-08-31,F,
PAT_000189,Mark Conley,1997-08-31,M,RU7787239
PAT_000190,Joshua Le,1996-11-13,M,SA9519607
PAT_000191,Jessica Baker,1952-02-25,M,RU1083889
PAT_000192,Brittany Wallace,1964-10-18,M,RU3369341
PAT_000193,George Cruz,1988-06-06,F,GB1803237
PAT_000194,Timothy Carpenter,1988-08-12,M,GB4893663
PAT_000195,Mark Hill,2001-09-17,F,SA2667179
PAT_000196,April Ponce,1982-09-16,M,US1919590
PAT_000197,Peggy Adams,1976-01-01,F,PK8516931
PAT_000198,Michael Perez,1975-09-03,F,
PAT_000199,Jeffrey Mercer,1954-10-03,M,PK2932106
PAT_000200,Christian Archer,1962-10-14,M,US6646349
PAT_000201,Lindsay Jones,1967-08-06,F,PK3521667
PAT_000202,Roy Davis,1989-11-18,F,RU1289061
PAT_000203,Zachary Rodriguez,2005-04-11,F,GB5681774
PAT_000204,Wendy Wright,1972-11-26,M,DE4378940
PAT_000205,Victoria Bowman,1992-03-22,M,KE5570565
PAT_000206,Robert Harris,2001-12-01,M,NG4019940
PAT_000207,David Alvarez,1999-07-17,F,US8183743
PAT_000208,Aaron Lopez,1969-07-06,F,GB3852711
PAT_000209,Thomas Morris,1988-09-24,F,US6081549
PAT_000210,Jennifer Chan,1965-02-12,M,US3381815
PAT_000211,Susan Ward,1953-03-03,M,AU8876423
PAT_000212,Nicole Simpson,1963-08-06,M,BD7532786
PAT_000213,Luis Patterson,1961-08-31,M,RU7364553
PAT_000214,Shelley Terry,1998-05-21,M,US2580127
PAT_000215,Richard Butler,2002-11-03,F,PK8644622
PAT_000216,Julie Yang,1983-12-21,F,PK7582794
PAT_000217,Tara Jones,2003-02-10,M,SA9716185
PAT_000218,Melody Wheeler,1997-08-06,M,GB5356485
PAT_000219,Kimberly Williams,2001-11-25,M,
PAT_000220,Susan Smith,1961-01-12,F,US1671731
PAT_000221,Roy Thomas,1996-10-06,F,PK4001128
PAT_000222,Jeremy Gutierrez,1981-05-12,F,KE2602580
PAT_000223,Ashley Perez,2005-06-18,M,KE7529778
PAT_000224,Cody Foster,1999-03-21,F,US8516782
PAT_000225,Derek Henderson,1997-05-15,F,PK1710123
PAT_000226,Lisa Herman,1960-10-08,F,
PAT_000227,Lauren Horton,1978-04-23,X,AU7281046
PAT_000228,Emily Hunter,1993-02-15,M,AU4254275
PAT_000229,Melissa Delacruz,2003-05-21,M,KE2789921
PAT_000230,Kevin Werner,1995-03-20,F,KE6752395
PAT_000231,Amber Martinez,1971-12-12,F,RU9765508
PAT_000232,Kyle White,1951-06-02,M,PK6287775
PAT_000233,Priscilla Vang,1978-11-19,M,US6936134
PAT_000234,Timothy Small,1990-07-13,F,KE4437712
PAT_000235,Brian Wells,1956-08-15,F,GB2429916
PAT_000236,Nicholas Perez,1986-03-14,M,SA4889031
PAT_000237,Nicole Peters,2005-12-31,F,US1167984
PAT_000238,Jason Wright,1985-04-22,M,BD5733303
PAT_000239,Maria Garcia,2001-02-15,M,US1639923
PAT_000240,Erin Greene,1964-11-25,F,DE7463892
PAT_000241,Adam Johnson,1985-04-22,M,PK6465463
PAT_000242,Laura Roman,1981-05-05,M,AU8490435
PAT_000243,Wesley Wright,2003-02-07,F,AU3362042
PAT_000244,Thomas Lutz,1992-10-16,F,NG3436146
PAT_000245,Denise Leach,1951-05-30,F,DE3798176
PAT_000246,Lisa Reynolds,2002-12-26,F,GB5691908
PAT_000247,Gabriel Graham,1956-04-26,F,BD9648829
PAT_000248,Robert Velazquez,1987-07-20,F,NG8534206
PAT_000249,Sean Burns,1984-05-18,M,NG2087298
PAT_000250,Joshua Johnson,1992-11-25,M,GB9438569
PAT_000251,Troy Tate,1975-01-03,F,RU6675444
PAT_000252,Cheryl Hunter,1954-02-10,F,SA5064476
PAT_000253,Jessica Sanchez,1976-08-19,M,GB7849567
PAT_000254,Deanna Sullivan,1972-04-14,M,SA5310350
PAT_000255,Carlos Schultz,1979-05-23,F,AU2683995
PAT_000256,Gabrielle Roberts,1962-11-22,F,US7988741
PAT_000257,Mark Munoz,2003-11-14,M,SA8659319
PAT_000258,Timothy Smith,1964-07-23,F,US3697895
PAT_000259,Jessica Foley,1950-06-08,M,PK3548155
PAT_000260,Christian White,1995-10-07,M,US5293953
PAT_000261,Jodi Brandt,1952-01-26,F,AU3491386
PAT_000262,Matthew Collins,1961-12-10,M,NG6362712
PAT_000263,Eugene Jones,1971-01-12,F,US5356158
PAT_000264,Bob Campbell,2005-04-08,F,GB8247031
PAT_000265,Mrs. Susan Christian,1966-01-23,F,AU8674368
PAT_000266,Danielle Robles,1985-06-05,M,PK2340000
PAT_000267,Wendy Smith,1960-10-11,M,RU3074923
PAT_000268,Kimberly Rodriguez,1997-05-11,F,US2703785
PAT_000269,Vicki Olson,2000-09-04,M,RU8334205
PAT_000270,Justin Gonzalez Jr.,1974-03-21,M,PK5548105
PAT_000271,Sonya Howard,1964-04-07,M,GB9590010
PAT_000272,Stephanie Galvan,1982-10-15,M,
PAT_000273,Chad Higgins,1956-04-08,M,
PAT_000274,Sarah Little,1973-11-19,M,PK3672547
PAT_000275,Charles Rodriguez,1979-02-25,M,KE3188540
PAT_000276,Damon King,2000-05-11,M,AU2829744
PAT_000277,Stacey Peterson,1954-03-02,X,PK4526887
PAT_000278,Michael Blair,2005-07-19,F,GB2437737
PAT_000279,Kim Murray,1991-10-12,M,DE9053197
PAT_000280,Robert Jackson,1996-12-06,M,GB7938505
PAT_000281,Dr. Carrie Anderson,1992-10-26,F,KE1090800
PAT_000282,Melissa Hall,1980-12-24,F,PK9863251
PAT_000283,David Robles,1980-07-29,M,GB1781724
PAT_000284,Debra Johnson,1961-04-29,M,RU1779020
PAT_000285,Dawn Delgado,1972-11-05,F,
PAT_000286,John Singh,1979-03-18,M,SA6129349
PAT_000287,Sarah Jones,1975-01-07,M,KE7106042
PAT_000288,Cory Michael,1994-09-15,F,US7503428
PAT_000289,Mrs. Kimberly Cannon,1953-07-03,M,GB4749136
PAT_000290,Katherine Bentley,1966-02-09,M,SA8559116
PAT_000291,Victoria Hayes,1954-01-18,F,AU8109925
PAT_000292,Jennifer Clark,1970-04-28,F,BD7680676
PAT_000293,Maria Gregory,1980-07-31,M,RU5143484
PAT_000294,Christopher Lee,1954-07-14,M,RU2932802
PAT_000295,Kimberly Cohen,1966-12-27,F,RU2935163
PAT_000296,Stephanie Gomez,1977-06-17,M,AU5095075
PAT_000297,Joshua Solis,1950-04-14,F,US9654648
PAT_000298,Richard Rivers,1974-05-12,F,RU4198913
PAT_000299,Dawn Espinoza,1972-06-05,F,BD3215322
PAT_000300,James Gamble,1977-05-24,F,US5779275
PAT_000301,Erika Gardner,1958-08-16,M,US4369199
PAT_000302,Debra English,1958-09-24,M,GB6286755
PAT_000303,David Torres,1982-09-11,M,PK1155803
PAT_000304,Thomas Graves,1994-11-07,F,NG4859301
PAT_000305,Ashley Jones,1994-07-28,F,GB1746140
PAT_000306,Jessica Wagner,1971-07-20,F,
PAT_000307,Andrea Coleman,1954-05-19,M,
PAT_000308,Diana King DDS,1990-09-03,F,KE5660755
PAT_000309,Dennis Brown,1989-11-14,M,GB7019382
PAT_000310,Sabrina Koch,1979-03-24,F,SA2943112
PAT_000311,Karen Harvey,2003-03-09,F,US1239597
PAT_000312,Richard Rodriguez,1959-11-04,M,KE8066406
PAT_000313,Marilyn Lozano,1996-07-20,M,DE5401885
PAT_000314,Erica Schneider,1964-09-16,F,AU3655410
PAT_000315,Joshua Horne,1966-09-01,F,US8350387
PAT_000316,Dawn Ryan,1998-04-30,M,GB7404198
PAT_000317,Marcus Riley,1975-06-11,M,GB8972288
PAT_000318,Kelsey Frank DVM,2005-03-28,F,GB7492152
PAT_000319,Linda Torres,1967-10-18,M,NG2109725
PAT_000320,Mrs. Michele Monroe,1988-05-16,M,DE2794274
PAT_000321,Ryan Becker,1954-12-21,F,SA6187862
PAT_000322,David Patrick,1958-04-04,M,SA9359371
PAT_000323,Victoria Fernandez,1974-03-30,M,
PAT_000324,Michelle Thompson,1976-12-30,M,GB2189525
PAT_000325,Dalton Hawkins,1982-04-19,F,SA5167775
PAT_000326,Jerry Boyd,1984-03-13,F,PK6103818
PAT_000327,Ricky Hernandez,1955-09-28,M,KE6952215
PAT_000328,Matthew Dunn,2002-06-05,M,GB7821192
PAT_000329,Thomas Moore,1996-12-24,F,
PAT_000330,Christine Jackson,1968-07-01,F,GB6268451
PAT_000331,Tammy Joseph,1963-09-10,F,GB9924408
PAT_000332,Christy Thomas,1974-06-21,F,NG8239536
PAT_000333,Bruce Lopez,1951-08-16,M,NG2689608
PAT_000334,Aaron Brown,1969-07-06,F,GB2906721
PAT_000335,Julia Gray,1966-10-13,M,US1832616
PAT_000336,Allen Skinner,1956-03-11,F,SA8160755
PAT_000337,Shawna Gillespie,1957-04-21,F,US8110874
PAT_000338,Michelle Martinez,1981-07-22,F,
PAT_000339,Sabrina Lopez,1985-06-14,M,GB3236647
PAT_000340,Brandon Brown,1972-07-26,M,RU1435994
PAT_000341,Stephanie Roberts,1979-05-25,F,US9434657
PAT_000342,David Harding,1964-04-27,M,US2107294
PAT_000343,Nicole Hartman,1986-12-21,F,
PAT_000344,Richard Miranda,1975-10-03,M,US7978983
PAT_000345,Brenda Edwards,1996-10-20,F,PK2488517
PAT_000346,William Stewart,1986-09-04,F,US8447649
PAT_000347,Anne Smith,1994-01-19,F,PK4247370
PAT_000348,Wendy Bryant,1998-12-30,F,US3205873
PAT_000349,Sydney Smith,1966-06-10,F,AU9009323
PAT_000350,Diana Rivera,1955-01-08,F,US9445462
PAT_000351,Jamie Flowers,2002-07-31,M,BD5070211
PAT_000352,Steven Williams,1962-10-08,F,RU8215132
PAT_000353,Steven Price,1954-01-19,M,NG1977860
PAT_000354,Benjamin Stein,1987-12-04,F,GB3126017
PAT_000355,Jacob Dillon,1968-07-02,M,GB2598555
PAT_000356,Michele Snow,1997-10-12,F,BD6261835
PAT_000357,Victoria Smith,1969-01-11,F,SA6690166
PAT_000358,Fred Ross,1984-05-18,F,AU4214783
PAT_000359,Sydney Adams,1953-11-12,F,NG9672641
PAT_000360,Amanda Gilbert,1985-10-07,F,DE8078917
PAT_000361,Justin Lee,1976-05-24,F,BD5519430
PAT_000362,Dale Spencer,1965-06-15,M,SA2978954
PAT_000363,Nicholas Cunningham,1982-03-25,M,GB2528898
PAT_000364,James Stevens,1992-06-16,M,PK1520382
PAT_000365,David Hamilton,1998-07-02,F,GB7227911
PAT_000366,Stephanie Knight,1983-12-13,M,DE9196539
PAT_000367,Zachary Guerrero,1999-08-04,M,NG5776332
PAT_000368,Mr. Jackson Watson,1974-02-20,F,GB3492057
PAT_000369,Catherine Chavez,1986-05-26,F,RU8787111
PAT_000370,Jesse Bennett,2004-02-26,M,GB2155175
PAT_000371,Cynthia Johnson,2005-08-08,M,GB2851797
PAT_000372,Jeffrey Miles,1998-08-12,F,US7121039
PAT_000373,Jordan Richmond DDS,1955-01-19,M,GB5501162
PAT_000374,Shelley James,1973-02-05,M,AU8038593
PAT_000375,Blake Bond,1962-08-29,M,
PAT_000376,Veronica Duncan,1950-11-06,M,PK4871864
PAT_000377,Teresa Bowers,1965-11-20,M,GB4457157
PAT_000378,Jordan Mata,1961-07-05,F,RU9650612
PAT_000379,John Carter,1975-08-03,F,AU3376628
PAT_000380,Paul Freeman,1989-08-09,M,KE7502960
PAT_000381,Cody Jones,1992-12-07,M,GB1136932
PAT_000382,Rebecca Newman,1979-04-01,M,BD3281848
PAT_000383,Brandon Marquez,1951-08-23,M,GB1430142
PAT_000384,Chad Adams,1958-02-23,F,PK1289406
PAT_000385,Larry Woods,1975-12-26,F,SA5364067
PAT_000386,Angela Brown,1974-01-11,F,NG9319083
PAT_000387,Whitney Henson,1971-01-11,F,US3611642
PAT_000388,Holly Hendricks,1998-11-25,M,
PAT_000389,Juan Becker,2003-01-24,F,AU2544067
PAT_000390,Roy Williams,1977-10-17,F,US5210509
PAT_000391,Jonathan Smith,1981-02-25,M,BD9620628
PAT_000392,Beth Kane,1981-06-08,M,GB7973794
PAT_000393,Aaron Andrews DVM,1974-04-22,F,
PAT_000394,Mark Robinson,2002-01-07,F,NG3278610
PAT_000395,Gloria Hill,1964-09-12,F,AU3620936
PAT_000396,Christopher Wilcox,1965-04-15,M,GB8364089
PAT_000397,Sean Braun,2005-07-11,F,DE7865224
PAT_000398,Tamara Carr,1987-08-02,M,US5861224
PAT_000399,Stacey Ramirez,1987-10-21,M,US7426247
PAT_000400,John Pearson,1998-10-01,M,DE8285864
PAT_000401,Kellie Martin,1982-12-17,F,GB7061222
PAT_000402,Jesse Davis,1974-03-14,F,NG8687501
PAT_000403,Andrea David DDS,1979-03-16,M,SA8959606
PAT_000404,Patricia Smith,1981-06-01,M,BD5497157
PAT_000405,Richard Hahn,1962-10-25,M,US2702831
PAT_000406,Nicole Brown,1960-03-19,M,SA6565280
PAT_000407,Jacob Smith,1957-10-23,F,DE5168875
PAT_000408,John Aguirre,1981-05-07,F,DE5786145
PAT_000409,Miss Emily Simmons,1972-01-28,M,GB4547614
PAT_000410,Amanda Cox,1950-05-19,F,GB3780158
PAT_000411,Shannon Alexander,1992-10-15,F,SA5249937
PAT_000412,Brandy Williams,1996-11-08,M,BD7397475
PAT_000413,Robert Wheeler,1999-01-13,M,AU4797549
PAT_000414,Abigail Webb,1969-12-17,M,BD8805993
PAT_000415,Sandra Valdez,2004-05-11,M,GB4358404
PAT_000416,Laura Collins,1980-08-30,F,US1242865
PAT_000417,Melissa Perez,1991-07-14,M,DE5665396
PAT_000418,Rebecca Boyd,1952-11-24,F,AU2945669
PAT_000419,Justin Lewis,2003-11-11,M,BD4148435
PAT_000420,Haley Larson,1990-12-24,M,GB6735516
PAT_000421,John Wilson,1951-10-12,F,AU5429208
PAT_000422,Anita Weber,1985-05-15,F,DE5995647
PAT_000423,Tammy Madden,1999-03-09,M,US5497251
PAT_000424,Eric Ryan,1987-11-21,M,SA8913016
PAT_000425,Randy Ayala,1974-12-28,M,BD8508476
PAT_000426,Gary Hernandez,1965-12-31,F,AU4464880
PAT_000427,Mary Powell,1986-04-19,F,PK8710476
PAT_000428,Andrea Stafford,1968-06-30,M,AU7904919
PAT_000429,Stephen Gibbs,1976-01-05,F,SA2056107
PAT_000430,David Gallagher,1953-08-30,F,DE3132699
PAT_000431,Gail Hull,1974-05-22,F,GB6214511
PAT_000432,Antonio Atkins,1974-07-21,F,BD1984453
PAT_000433,Jessica Mcgee,1976-06-04,M,US5973305
PAT_000434,Kevin Robinson,1968-02-18,M,GB2229543
PAT_000435,Danielle Evans,1998-07-15,F,US9397304
PAT_000436,Christie Torres,1972-08-12,F,BD7395892
PAT_000437,Robert Reyes,1984-12-21,F,US5466766
PAT_000438,Dr. Tracy Evans,1988-10-31,M,US2831027
PAT_000439,Kimberly Rivera,1951-10-20,M,DE8604977
PAT_000440,Robert Mcintosh,1995-06-15,F,RU7545033
PAT_000441,Jennifer Cole,1990-10-11,M,SA4206581
PAT_000442,Bobby Woodward,1974-12-05,M,AU3473042
PAT_000443,Justin Daniel,2001-05-04,F,BD6740821
PAT_000444,Andrew Giles,1987-10-24,F,PK7546480
PAT_000445,Erika Williams,1972-03-01,M,GB6804644
PAT_000446,Emily Johnson,1950-04-16,F,RU1067301
PAT_000447,Ashley Hall DVM,1956-08-28,M,US7330812
PAT_000448,Julie Romero MD,1962-05-14,F,US7052149
PAT_000449,Melissa Thomas,1983-09-30,M,BD8154757
PAT_000450,Michele Wallace,1975-03-30,F,GB1958845
PAT_000451,Michael Thompson,1995-05-19,M,US6415227
PAT_000452,Jennifer Oliver,1953-09-15,M,DE2507381
PAT_000453,Emily Gillespie,2000-10-08,F,GB5223418
PAT_000454,Todd Fleming,1993-03-03,F,RU6941246
PAT_000455,Dr. Mary White DVM,1997-02-27,F,DE1285798
PAT_000456,Stephanie Howard,2005-11-18,M,GB8018693
PAT_000457,Alexandra Heath,1976-02-14,M,DE9618432
PAT_000458,Melissa Williams,1998-11-25,F,NG1658342
PAT_000459,George Roy,1987-08-17,F,PK1534515
PAT_000460,Susan Reed,2005-08-11,M,RU2388035
PAT_000461,Melissa Chapman,1973-01-09,F,PK1811525
PAT_000462,Steven Morgan,1974-08-03,M,GB2263562
PAT_000463,Andrew Davenport,1993-09-10,M,US1883056
PAT_000464,Jeremy Lee,1996-09-02,M,GB3599989
PAT_000465,Kurt Williams,1956-12-02,F,BD7484903
PAT_000466,Patrick Craig,1992-12-12,M,US5286081
PAT_000467,Susan Estrada,1978-07-30,M,DE3019070
PAT_000468,Amber Haas,1981-08-18,F,SA5296522
PAT_000469,Michael Robinson,1961-11-28,F,GB3703280
PAT_000470,Nathan Harris,1991-10-30,M,BD6684511
PAT_000471,Bailey Ramirez,1978-08-10,M,BD2177472
PAT_000472,Andre Lewis,1962-11-04,F,GB5930576
PAT_000473,Logan Compton,1982-04-09,F,KE5139711
PAT_000474,Benjamin Evans,1954-02-06,F,GB1631893
PAT_000475,Anna Walker,1958-05-11,M,AU9381859
PAT_000476,Shirley Jensen,1995-12-23,F,DE2990004
PAT_000477,Joshua Reed,1966-10-30,M,SA4856268
PAT_000478,Susan Parks,1993-03-15,F,US6695662
PAT_000479,Angel Hughes,1988-09-25,M,KE8208396
PAT_000480,Jason Tucker,2000-03-18,M,BD8023368
PAT_000481,Alexis Smith,2001-07-21,F,PK5716190
PAT_000482,Terri Stout,1951-05-05,M,NG7191273
PAT_000483,Angela Hughes,1970-08-12,F,RU4844986
PAT_000484,Dennis Osborne,1978-12-22,M,AU1744391
PAT_000485,Whitney Mason,1992-06-28,M,AU1914684
PAT_000486,Beth Preston,1981-01-17,F,
PAT_000487,Cory Charles,2005-11-12,F,US8137657
PAT_000488,Michael Downs,1983-01-10,M,PK4353758
PAT_000489,Alicia Long,1961-10-04,M,US6237299
PAT_000490,Peter Bradford,1979-04-27,F,US5293729
PAT_000491,Adam Martin,1952-04-14,M,US1353323
PAT_000492,Adam Snyder,1981-05-08,M,DE2172354
PAT_000493,Mrs. Beverly Myers,1956-05-06,M,AU1517540
PAT_000494,Joe Scott,1991-08-04,F,BD5013892
PAT_000495,Lori Stanley,1957-05-27,F,
PAT_000496,Peggy Robinson,1985-06-04,M,RU4976893
PAT_000497,Gary Davis,1966-10-11,M,KE6961867
PAT_000498,Richard Duncan,1965-06-28,F,SA5085758
PAT_000499,Stephanie Combs,2005-07-04,M,AU7317056
PAT_000500,David Walsh,2002-11-13,F,GB9539563
PAT_000501,Kristi Gutierrez,1996-12-06,F,DE6503336
PAT_000502,Adrian Tanner,1974-07-08,M,
PAT_000503,James Wallace,1985-01-02,M,SA4494490
PAT_000504,Lisa Smith,1997-01-23,F,
PAT_000505,Felicia Hester,1993-06-17,F,AU7423371
PAT_000506,Felicia Walter,1978-01-17,F,KE6964622
PAT_000507,Rachel Daniels,1954-01-12,F,SA8905402
PAT_000508,Keith Lopez,1979-02-22,F,NG5130233
PAT_000509,Norman Wise,1967-01-07,F,
PAT_000510,James Hall,2003-06-02,F,PK7446756
PAT_000511,Jennifer Brock,1995-07-16,F,GB8529288
PAT_000512,Adam Benson,1954-08-13,F,PK9328491
PAT_000513,Hector Lopez,1956-03-05,M,US8939084
PAT_000514,William Wu,1956-07-31,M,AU2009596
PAT_000515,Beth Solomon,2004-11-09,F,US3873383
PAT_000516,Robert Wilkinson,1963-09-12,M,DE7973619
PAT_000517,Paul Smith,1989-11-05,F,AU5108872
PAT_000518,Michael Jackson,1964-08-04,M,US6362920
PAT_000519,Lisa Keller,1967-03-12,M,AU4432648
PAT_000520,Terry Warren,1984-02-23,M,
PAT_000521,Kenneth Burns,1999-06-04,F,US3180163
PAT_000522,Jacob Davis,1994-11-20,F,RU5662373
PAT_000523,Brian Kim,1999-07-26,M,US1637789
PAT_000524,Evelyn Pierce,1953-05-25,F,GB4480327
PAT_000525,Shirley Carroll,1951-01-05,M,US8793717
PAT_000526,William Jackson,1987-07-26,F,US1502635
PAT_000527,Jane Black,1950-10-08,M,GB1753986
PAT_000528,Nicole Mejia,1983-06-13,F,GB3746943
PAT_000529,Karen Cannon,1995-09-25,F,GB3726120
PAT_000530,Shannon Jones,1986-07-15,F,NG7172433
PAT_000531,Lisa Moore,1987-07-15,M,PK6419750
PAT_000532,Karen Jackson,1964-12-28,F,SA4435920
PAT_000533,Erin Macias,1978-08-21,F,DE4770587
PAT_000534,Mary Cowan,1990-03-09,M,KE1191730
PAT_000535,Nathan Woods,1997-11-16,M,US3412885
PAT_000536,Christopher Lewis,1964-03-26,M,KE5321647
PAT_000537,Cameron House,1986-06-28,M,US7490977
PAT_000538,Brandy Dougherty,1991-11-25,M,BD6489210
PAT_000539,Brandon Ramirez,1966-10-27,M,GB6691821
PAT_000540,Miss Monique Middleton,1988-10-14,M,US4857727
PAT_000541,Nicole Jones,1986-12-04,M,GB5008665
PAT_000542,Tina Ray,1991-02-05,M,NG3273968
PAT_000543,Meredith Nunez,1986-08-06,F,DE7410225
PAT_000544,Morgan Anderson,1961-09-17,F,US2882272
PAT_000545,Veronica Hill,2002-03-16,M,GB2487867
PAT_000546,Brittany Phelps,2003-10-06,M,GB9965417
PAT_000547,Jeffrey Howard,1964-09-22,F,US8158095
PAT_000548,Melissa Garcia,2003-01-17,F,GB2316294
PAT_000549,Cory Roach,1979-06-26,M,BD4887926
PAT_000550,Kathy Butler,2001-03-20,F,AU1098754
PAT_000551,Jennifer Foster,1994-12-18,F,NG2048167
PAT_000552,William Brown,1972-05-27,F,GB9020537
PAT_000553,Linda Donovan,1981-04-08,F,US2767835
PAT_000554,Joe Sanders,1977-01-10,M,US6939816
PAT_000555,Lisa Walker,1979-09-05,F,US6054055
PAT_000556,Melinda Pearson,1982-04-01,M,
PAT_000557,Ann Fleming PhD,1966-07-04,M,NG3587692
PAT_000558,Angela Evans,1954-06-22,F,KE3177069
PAT_000559,Amanda Duffy,1951-09-02,M,PK6717950
PAT_000560,Tina Robinson,1968-10-27,F,US9407543
PAT_000561,Alyssa Wright,1952-08-12,F,US3557900
PAT_000562,Kimberly Hill,1965-08-22,M,NG5343287
PAT_000563,Jenna Hernandez,1988-11-29,F,US3552516
PAT_000564,Sean Mcmillan,1980-10-09,M,GB5194189
PAT_000565,Adrian Brown,1985-08-21,M,US9852412
PAT_000566,Stephen Novak,1988-03-17,X,US7863322
PAT_000567,Wayne Long,1991-09-26,X,DE6583541
PAT_000568,Sherri Williams,2003-11-04,M,US5075615
PAT_000569,James Hernandez,1967-04-21,F,BD5217328
PAT_000570,Regina Cox,1977-04-03,F,AU2090591
PAT_000571,Kevin Maxwell,1992-07-01,M,GB7828579
PAT_000572,Elizabeth Johnson,1979-06-02,F,SA4344964
PAT_000573,Jenna Gonzalez,1984-08-05,M,GB8281508
PAT_000574,Randy Love,1989-04-22,F,DE8573664
PAT_000575,Hailey Turner,1951-10-03,M,AU5374477
PAT_000576,Carol Lopez,1993-07-14,F,PK1208844
PAT_000577,Janice Hamilton,1959-09-24,F,US6490330
PAT_000578,Ann Schmitt,2002-05-13,M,DE4701936
PAT_000579,Richard Wade,1957-10-19,M,GB8349219
PAT_000580,Nancy Everett,1976-08-26,F,AU9406666
PAT_000581,Erica Nunez,1965-02-22,M,NG2300773
PAT_000582,Jose Palmer,2003-10-03,M,NG4014943
PAT_000583,Amanda Moss,1976-07-19,M,NG8469718
PAT_000584,Linda Mcdaniel,1981-08-19,M,US4986541
PAT_000585,Marcus Russell,1984-05-23,M,US2230070
PAT_000586,Misty Solomon,1996-02-05,M,RU2720806
PAT_000587,Mary Duncan,1984-04-08,M,RU3208703
PAT_000588,Daniel Castro,1985-12-06,F,DE4829243
PAT_000589,Stacy Cortez,1972-08-01,F,GB2888606
PAT_000590,Diane Murray,1969-03-06,F,RU7157910
PAT_000591,Stacy Estrada,1968-08-04,X,US3336708
PAT_000592,David Sanchez,1979-12-14,M,
PAT_000593,Tiffany Johnson,1975-12-10,M,PK6245030
PAT_000594,Angela Mccarthy,1950-05-10,M,PK5006087
PAT_000595,Michael Porter,1985-12-28,M,BD6262444
PAT_000596,William Adams,1980-08-07,M,US6364854
PAT_000597,Paula Myers,1958-01-04,F,GB7537538
PAT_000598,Megan Porter,1999-10-10,F,DE9978738
PAT_000599,Jennifer Joseph,1972-11-13,F,PK8988679
PAT_000600,Wanda Griffith,1950-11-26,M,RU2779707
PAT_000601,Sydney Rogers,1996-01-07,F,US1702014
PAT_000602,Walter Kim,1958-10-14,M,
PAT_000603,Wendy Nelson,2004-09-24,M,RU8902251
PAT_000604,Nicholas Frank,1984-03-14,M,RU3844584
PAT_000605,Robert Jordan,1983-09-08,F,BD3733450
PAT_000606,Beth Thompson,1955-12-03,F,GB3561729
PAT_000607,Alex Wolfe,1975-02-03,M,NG2835107
PAT_000608,Gary Roberson,2003-01-29,M,DE2565812
PAT_000609,Teresa Romero,1998-09-24,F,BD8850742
PAT_000610,Cathy Ross,1968-02-21,F,SA7914347
PAT_000611,Richard Watson,1966-07-30,F,SA8837864
PAT_000612,Eric Griffin,1979-01-01,M,SA1225470
PAT_000613,Thomas Smith,1989-05-25,F,PK3597219
PAT_000614,Desiree Allen,2003-10-21,F,US6742031
PAT_000615,Leah Wilson,1958-03-05,F,RU3768053
PAT_000616,Bryan Cervantes,1973-02-25,M,BD3930187
PAT_000617,Michael Baker,1974-10-18,M,NG9600692
PAT_000618,Christie Sparks,1965-04-01,M,US1305902
PAT_000619,Jason Wilson,1963-01-11,M,AU6235417
PAT_000620,Stacey Lewis,1967-05-24,M,RU5481356
PAT_000621,Jodi Gutierrez,2004-08-11,M,DE1548634
PAT_000622,Judith Garcia,1963-04-20,M,US8084921
PAT_000623,Stephanie Johnson,2005-04-13,F,GB4895139
PAT_000624,Monica Simpson,1973-01-21,M,GB5492994
PAT_000625,Heather Jackson,1962-05-28,M,GB2022515
PAT_000626,Angela Blair,1991-08-19,F,BD4370511
PAT_000627,Thomas Hawkins,1963-08-13,X,SA5851418
PAT_000628,Daniel Ochoa,1979-04-04,M,BD4067830
PAT_000629,Nancy Thompson,1964-04-10,F,AU5536719
PAT_000630,Kathy Murray,1975-07-16,F,NG4148251
PAT_000631,Michael Zamora,1994-06-01,M,
PAT_000632,Mr. Cory Hanna PhD,1991-03-04,F,SA9039143
PAT_000633,Megan Holt,1968-02-19,F,PK9758544
PAT_000634,Glenn Harmon,1972-05-01,F,NG8081932
PAT_000635,Taylor Ford,1970-02-10,F,US6706876
PAT_000636,Jeffrey Fleming,1999-04-23,M,DE2165959
PAT_000637,Cory Smith,1963-10-17,F,DE7015745
PAT_000638,Antonio Wilcox,1956-06-26,F,BD3683382
PAT_000639,Lori Howard,1975-07-11,M,
PAT_000640,Jeffrey Herrera,1970-12-11,F,US3708622
PAT_000641,Timothy Nguyen,1978-10-06,M,SA6684311
PAT_000642,Victoria Johnson,1999-08-12,M,KE9044854
PAT_000643,Karen Fleming,1978-01-07,M,BD4793060
PAT_000644,Ana Lopez,1991-03-27,M,AU1616748
PAT_000645,Ryan Lee,1964-12-25,M,US2481672
PAT_000646,Larry Perez,1991-05-07,M,AU9608423
PAT_000647,Rebecca Hammond,1956-01-17,M,GB8408110
PAT_000648,James Drake,1954-02-26,M,
PAT_000649,Kathleen Martin,1955-03-05,M,SA5766145
PAT_000650,Bryan Gray,1981-04-17,M,BD5821971
PAT_000651,Michael Holmes,2001-08-20,F,GB8987228
PAT_000652,Terrence Johnson,1981-06-04,F,KE4087682
PAT_000653,Laura Welch,1988-02-15,M,PK6030642
PAT_000654,Mr. Carl Brooks,1996-04-23,F,KE2125985
PAT_000655,Samantha Heath,1976-12-18,M,BD5654138
PAT_000656,Susan Hernandez,2004-06-30,F,BD4726181
PAT_000657,Michael Briggs,2001-08-19,M,PK1745799
PAT_000658,Luis English,1971-12-16,M,AU2092068
PAT_000659,Carrie Mitchell,1967-05-21,F,PK2472343
PAT_000660,Melissa Clayton,1988-04-07,F,US4077260
PAT_000661,Courtney Gomez,2002-04-18,F,US9194517
PAT_000662,Jay Miller,1964-04-09,M,
PAT_000663,Andrew Sanders,1957-04-20,M,NG1085924
PAT_000664,Kristen Stevens,1975-10-16,M,GB3681577
PAT_000665,Jasmine Jimenez,1971-04-28,F,US9961902
PAT_000666,Pamela Roman,1979-10-31,M,US6092186
PAT_000667,Christina Johnson,1962-08-28,F,BD4616197
PAT_000668,Caleb Sanders,2001-08-06,F,NG3300436
PAT_000669,Ryan Colon,1980-10-27,M,US5283035
PAT_000670,Stephanie Grant,1954-02-16,M,GB3105854
PAT_000671,Tonya Mccarthy,1981-12-02,M,US1242635
PAT_000672,Katherine Leon,1959-10-23,F,AU4397897
PAT_000673,Tammy Gill,1996-09-28,F,GB6782018
PAT_000674,Deanna Powell,1990-09-06,M,US9946506
PAT_000675,Jeremy Baker,1975-08-27,F,AU8194295
PAT_000676,William Brandt,1963-02-06,F,GB7682292
PAT_000677,Dr. Brenda Martin,1994-07-18,M,AU7281104
PAT_000678,Alice Rodriguez,2004-11-05,M,US9443631
PAT_000679,Dawn Moore,1955-08-05,F,DE7962234
PAT_000680,Meagan Yang,1975-01-22,F,BD6823148
PAT_000681,Robert Ewing,1990-08-09,F,KE8558365
PAT_000682,Cathy Navarro,2000-01-19,F,US7393565
PAT_000683,Anthony White,2002-04-21,M,DE8937189
PAT_000684,Wendy Morgan,1980-09-02,F,GB8279969
PAT_000685,Anthony Price,1960-09-29,M,RU9421276
PAT_000686,Madison Bowen,1981-10-08,M,GB8980841
PAT_000687,Dana Wyatt,1979-11-27,M,
PAT_000688,Anthony Sanders,1956-12-02,M,NG7591481
PAT_000689,Desiree Carey,1957-03-04,M,
PAT_000690,Michael Perez,1953-05-27,M,RU4966132
PAT_000691,Elizabeth Martinez,2005-09-26,F,US2377172
PAT_000692,Brittany Beasley,1986-02-15,F,NG5448386
PAT_000693,Raymond Thompson,1978-02-12,M,PK8083734
PAT_000694,Katie Mitchell,1968-06-12,F,RU6473766
PAT_000695,Kenneth Cortez,1959-08-09,M,GB1028335
PAT_000696,Jasmin Edwards,1960-07-06,F,GB9465823
PAT_000697,John Ward,2001-07-16,M,US9929405
PAT_000698,Benjamin Thompson,1973-07-19,F,PK2715966
PAT_000699,Andrea Miller,1968-08-20,M,
PAT_000700,Debra Jones,1955-04-10,M,RU8272134
PAT_000701,Megan Rivera,1993-03-19,M,AU9346521
PAT_000702,Keith Lambert,1955-11-12,F,DE8715271
PAT_000703,Jamie Mercer,1962-12-31,F,BD8483479
PAT_000704,Joanne Crawford,1968-03-17,M,US3930059
PAT_000705,Amy Lara,2005-04-26,F,SA2151308
PAT_000706,Alicia Jackson,2003-01-11,M,PK7110966
PAT_000707,Mary Jones,1962-09-07,M,US5375799
PAT_000708,Kathleen Taylor,1984-10-26,F,US8099848
PAT_000709,Brittany Jones,1953-07-08,M,RU5850852
PAT_000710,David Moran,1952-10-21,F,AU9127218
PAT_000711,Lisa Ford,1986-11-02,M,US1719666
PAT_000712,Jordan Johnson,1956-03-28,F,PK1092267
PAT_000713,Karen Jones,1997-08-14,M,AU7881702
PAT_000714,Steven Hall,1993-09-08,F,
PAT_000715,Victoria Lopez,1991-12-12,F,DE1949629
PAT_000716,James Duran,1963-09-19,F,DE2450290
PAT_000717,Gerald Ray,1975-10-11,M,US5586298
PAT_000718,Lisa Wong,1969-08-12,F,US5360723
PAT_000719,David Walsh,1998-07-19,M,DE2240826
PAT_000720,Mark Armstrong,1994-12-16,M,GB9992119
PAT_000721,Melissa Harris,2005-01-07,F,PK4539537
PAT_000722,Lorraine Reyes,1967-05-13,M,US6758715
PAT_000723,Andre Hunt,1997-01-15,M,RU2401000
PAT_000724,Laura Rogers,1981-04-03,M,BD1663466
PAT_000725,Charles Moore,1983-07-19,M,US5288397
PAT_000726,Heather Johnson,1999-11-02,F,BD3557222
PAT_000727,Robert Nelson,1979-07-29,F,US7197050
PAT_000728,Mark Marsh,1957-04-22,F,GB9416537
PAT_000729,Adam Williams,2004-12-20,F,US8421355
PAT_000730,Walter Marshall,1959-01-31,M,
PAT_000731,Joshua Farmer,1965-09-30,F,US4356491
PAT_000732,Edward West MD,1979-08-27,F,DE4551945
PAT_000733,Todd Barnes,1957-10-05,F,AU4975782
PAT_000734,Steve Simmons,1963-05-22,M,GB8042538
PAT_000735,Dawn Rivera MD,1974-07-01,F,US1046759
PAT_000736,Ernest Walker,1995-09-20,M,PK3792105
PAT_000737,Kevin Hughes,1974-12-25,X,AU8607438
PAT_000738,Jeffery Lopez,1988-11-27,F,DE7093155
PAT_000739,Bob Andrade,1984-02-21,M,GB8283788
PAT_000740,Heather Hudson,1970-07-07,F,RU7595407
PAT_000741,Frank Williams,1962-02-15,M,GB7782016
PAT_000742,John Smith,1970-07-23,M,RU6217392
PAT_000743,Brian Rice,2002-11-20,F,GB3448073
PAT_000744,Michael Simmons,1963-12-17,M,GB1373238
PAT_000745,Blake Edwards,1992-08-01,M,PK7917793
PAT_000746,Joseph Horn,2004-12-22,F,GB9848034
PAT_000747,Pamela Carr,1968-06-19,M,AU3212760
PAT_000748,Douglas Sandoval,1951-11-29,M,GB1125553
PAT_000749,William Molina,1965-06-11,M,US8325906
PAT_000750,Terri Carter,1995-10-03,M,RU7433586
PAT_000751,Michael Floyd,1973-05-06,F,US5617860
PAT_000752,Elizabeth Martinez,1955-02-01,F,DE6511878
PAT_000753,Lindsey Sanchez,1976-11-01,X,AU8733751
PAT_000754,Sandra Duffy,1978-01-05,M,BD6010742
PAT_000755,Kenneth Mitchell,1960-03-22,M,PK8840416
PAT_000756,Debra Ortiz,1986-04-29,F,GB9193223
PAT_000757,Peter Copeland,1963-09-14,F,
PAT_000758,Carolyn Walker,1967-07-21,F,US2124430
PAT_000759,Kathryn Anderson,2002-07-26,M,DE6886720
PAT_000760,Misty Robinson,2004-10-01,M,GB8839524
PAT_000761,Ruth Day,1998-05-13,F,SA2141024
PAT_000762,Lauren Peck,1974-03-04,M,NG2606692
PAT_000763,Christopher Coffey,2003-05-14,F,
PAT_000764,Dr. Jill Brown MD,1950-03-14,F,US7416244
PAT_000765,Pamela Mendoza,1960-03-30,M,PK9670959
PAT_000766,Samuel Bailey,1985-05-15,F,GB6207846
PAT_000767,Michael Gutierrez,2002-06-12,F,US7255795
PAT_000768,Robert Anderson,1986-08-02,M,GB3978202
PAT_000769,Amanda Smith,1974-07-14,F,RU7024679
PAT_000770,Keith Charles,1962-07-31,F,US8988869
PAT_000771,Austin Cummings,1977-08-28,F,RU8007245
PAT_000772,Anthony Johnson,1967-09-23,F,AU7904908
PAT_000773,Shelly Rodriguez,1975-10-19,M,BD9514395
PAT_000774,Christina Shields,1951-07-26,M,US2280076
PAT_000775,James Kelly,1961-11-18,M,KE9141899
PAT_000776,Jenna Rivera,1997-07-31,F,BD2278826
PAT_000777,Michael Ruiz,1974-04-03,M,AU2103923
PAT_000778,Todd Arellano,2000-07-01,M,DE8451829
PAT_000779,Kenneth Robinson,1992-08-02,M,KE8520446
PAT_000780,Michael Tran,1990-11-21,F,AU4024379
PAT_000781,Michael Sanders,1978-04-15,F,GB7791376
PAT_000782,Benjamin Michael,1970-07-08,M,GB1984259
PAT_000783,Amber Harris,1967-06-17,F,US5737740
PAT_000784,Cheryl Russell,1985-11-08,F,RU4107429
PAT_000785,Natalie Johnson,1962-03-19,M,US8305480
PAT_000786,Eric Carter,1965-01-19,F,PK9671059
PAT_000787,Daniel Rodriguez,1987-07-24,F,GB2630016
PAT_000788,Matthew Klein,2002-10-25,F,
PAT_000789,Patrick Leonard,1951-05-18,F,US3505726
PAT_000790,Rachael Fernandez,1981-08-18,F,
PAT_000791,Juan Valenzuela,1989-03-02,M,US9865710
PAT_000792,Emily Zimmerman,1970-08-06,F,SA8060843
PAT_000793,Scott James,1979-07-21,M,AU3821233
PAT_000794,Amber Mercado,1968-03-07,F,GB6004901
PAT_000795,Maria Compton,1978-02-19,F,SA1573820
PAT_000796,Dustin Owens,1987-07-11,M,GB5309077
PAT_000797,Andrew Clark,1975-01-08,M,PK4704703
PAT_000798,Christopher Herrera,1963-02-04,F,NG4543154
PAT_000799,Holly Williams,1981-06-15,F,PK3258306
PAT_000800,Justin Blackburn,1969-03-07,F,DE2547825
PAT_000801,George West,1964-01-28,M,US3353474
PAT_000802,Shane Nielsen,2002-12-09,M,SA6261900
PAT_000803,Curtis Meyer,1950-03-20,F,SA9871809
PAT_000804,Ricky Smith,1958-04-03,M,US6301187
PAT_000805,Gary Berry,1951-10-18,M,PK5955314
PAT_000806,Dan Smith,2005-04-26,M,AU3310884
PAT_000807,Craig Ortiz,2005-11-05,F,GB3713970
PAT_000808,Nicholas Martinez,1962-06-15,F,GB7046952
PAT_000809,Rachel Diaz,1958-11-14,M,RU4604673
PAT_000810,Jessica Simmons,1977-03-22,F,US2674719
PAT_000811,Lisa Reed,1975-06-05,F,NG6202306
PAT_000812,Danielle Goodman,1994-08-08,F,GB7795288
PAT_000813,Martin Clark,1967-03-27,M,PK4213573
PAT_000814,Steven Kent,1976-09-08,F,BD2226366
PAT_000815,Kristi Green,1953-03-08,M,KE9140092
PAT_000816,David Robinson DDS,1985-10-31,F,GB4870910
PAT_000817,Bonnie Martinez,1994-03-03,F,SA5159059
PAT_000818,Barry Stanton,1991-01-14,M,SA7874026
PAT_000819,Natalie Kidd,1977-02-11,F,US1250774
PAT_000820,Ann Robbins,2002-08-16,F,RU6809753
PAT_000821,Mary Anderson,1992-06-17,M,NG7092582
PAT_000822,James Gonzales,1992-12-21,M,US1521585
PAT_000823,Jennifer Guerra,1994-06-12,F,GB7228322
PAT_000824,Kimberly Blair,1950-07-26,M,US1583743
PAT_000825,Sandra Alvarez,2001-10-18,F,GB4487427
PAT_000826,Kathleen Summers,1996-12-30,F,US3694202
PAT_000827,Marcus Collier,1964-06-17,X,PK9048300
PAT_000828,Catherine Baker,1988-05-11,M,RU4953637
PAT_000829,Mark Perez,1998-11-06,M,SA7209847
PAT_000830,Jessica Kramer,2000-06-23,M,US3097638
PAT_000831,Charles Wagner,1953-12-22,F,SA9135205
PAT_000832,Catherine Stewart,2004-08-01,F,BD9079154
PAT_000833,Tyler Casey,1978-02-08,M,NG4914727
PAT_000834,James Ferguson,1960-08-30,F,DE1627306
PAT_000835,Suzanne Hardy,1999-06-23,M,GB6542481
PAT_000836,David Wright,1989-08-27,M,GB7352835
PAT_000837,Kenneth Shepard,1973-05-01,F,GB2504749
PAT_000838,Ariel Miller,1966-12-15,F,GB9258682
PAT_000839,Barbara Ellis,1992-07-21,F,RU5457508
PAT_000840,Cynthia Reed,1957-07-16,M,BD9465952
PAT_000841,Jennifer Hull,1999-10-12,F,DE2938591
PAT_000842,Mckenzie Macdonald,1973-08-19,M,GB2862613
PAT_000843,Jordan Williams,1952-06-18,F,RU5933378
PAT_000844,Doris Johnson,2001-08-21,M,GB7507971
PAT_000845,Courtney Hernandez,2001-04-11,M,US7257976
PAT_000846,Wesley Williamson,1975-07-06,M,NG4833734
PAT_000847,Cassandra Flores,1986-12-06,M,BD1918889
PAT_000848,Pamela Snyder,1982-01-30,F,DE8974313
PAT_000849,Charles Vasquez,1957-03-27,F,US2094712
PAT_000850,David Robinson,1965-06-19,M,DE5442257
PAT_000851,Christopher Ward,1966-12-24,F,US3000981
PAT_000852,Charles Bennett,1974-12-25,X,SA6337444
PAT_000853,Frank Cochran,1988-05-22,F,US9123636
PAT_000854,Maria Horn,1998-12-14,F,SA3614755
PAT_000855,Cory Fitzgerald,1979-10-28,M,US9285916
PAT_000856,Rose Harris,1994-05-15,M,NG6483789
PAT_000857,Eric Wiley,2000-11-01,F,DE8654441
PAT_000858,Elizabeth Pittman,1978-12-06,F,US9242127
PAT_000859,Mr. Thomas Smith MD,1956-05-10,M,PK7036146
PAT_000860,Alexandra Brooks,1992-10-05,M,GB4422365
PAT_000861,Pamela Cohen,1969-10-30,F,AU9915388
PAT_000862,Ralph Edwards,1954-04-13,M,NG7900502
PAT_000863,Joan Scott,1989-12-05,F,NG7783587
PAT_000864,Catherine Simmons,1959-03-20,M,GB8441334
PAT_000865,Caitlin Rich,1995-04-02,M,NG5698694
PAT_000866,Jennifer Adams,1978-05-20,F,US5429557
PAT_000867,Jonathan Flores,1978-12-01,F,GB3501104
PAT_000868,Thomas Bradley,1959-09-06,F,BD8498339
PAT_000869,Bobby Ross,1961-10-11,F,GB5252357
PAT_000870,Brenda Jacobs,1977-08-05,M,GB1596886
PAT_000871,Jacob Hardy,1971-09-11,M,GB3492696
PAT_000872,Kevin Wilson,1976-07-31,F,US8891266
PAT_000873,Sean Hickman,1958-11-23,F,NG7793288
PAT_000874,Andrew Vargas,1991-11-10,F,PK8959675
PAT_000875,Maurice Perkins,1988-02-27,F,DE1114538
PAT_000876,David Barnett,1952-10-09,F,KE3331943
PAT_000877,Maria Jackson,1950-12-23,F,AU5148388
PAT_000878,Elizabeth Gallagher,1952-04-07,F,US2750334
PAT_000879,Jeffrey Jones,1965-06-28,F,PK9436341
PAT_000880,Loretta Johnson,2001-07-16,M,DE9390189
PAT_000881,Gina Lee,1991-10-01,M,RU9574725
PAT_000882,Courtney Medina,2001-04-18,M,GB7099543
PAT_000883,Amanda Berry,1972-10-26,F,BD2056651
PAT_000884,Courtney Foley,1956-12-03,F,DE7830240
PAT_000885,Martin Thompson,1972-12-31,M,GB2647325
PAT_000886,Travis Thompson,1992-02-17,M,RU5303931
PAT_000887,Paul Dixon,1985-10-28,F,US2949158
PAT_000888,Ashley Watson,1962-12-17,F,SA4983699
PAT_000889,Jeffrey Butler,2004-03-18,F,US2820441
PAT_000890,Mr. Steven Garcia MD,1986-11-14,F,KE6021864
PAT_000891,Deborah Medina,1963-02-26,F,AU5378200
PAT_000892,William Brady,1964-04-07,M,AU3076854
PAT_000893,Megan Williams,1971-01-29,M,GB5282985
PAT_000894,Kelly Shaw,1993-11-08,M,DE5521694
PAT_000895,Jessica Warren,1959-07-24,M,AU8492438
PAT_000896,Erik Murphy,1957-01-11,M,DE8363910
PAT_000897,Jasmine Morales,1988-11-17,F,US4753719
PAT_000898,Jennifer Collins,1959-01-23,F,
PAT_000899,Linda Ramsey,1950-06-28,M,AU2483433
PAT_000900,Matthew Rodriguez,1969-11-28,F,
PAT_000901,Timothy Stokes,1955-06-24,F,AU9235892
PAT_000902,Corey Smith,2005-02-01,F,GB4810559
PAT_000903,Amber Martin,1989-12-11,M,AU6950240
PAT_000904,Daniel Kaufman,1970-08-16,M,PK1649128
PAT_000905,John Dixon,1967-11-23,F,BD1213463
PAT_000906,Patricia Graves,1952-11-14,F,US2276254
PAT_000907,John Gilbert,1966-11-16,F,BD2942578
PAT_000908,Philip Chapman,1982-07-10,F,GB3737521
PAT_000909,Lisa Johnston,1950-02-24,F,BD4679287
PAT_000910,Marissa Palmer,1988-02-08,M,KE9825822
PAT_000911,Nicolas Smith,1990-07-20,M,KE3069170
PAT_000912,Jeffrey Ortiz,1979-06-07,M,PK4889760
PAT_000913,Natasha Mccarthy,1994-08-05,M,SA7013723
PAT_000914,Gregory Gonzalez,1982-06-22,M,BD7853196
PAT_000915,George Stephens,1972-07-07,F,SA3178891
PAT_000916,Brent Morris,1978-12-27,F,GB9686454
PAT_000917,Robert Nelson,1980-10-14,X,NG2156943
PAT_000918,Stephanie Pierce,1951-07-13,M,NG4284154
PAT_000919,Henry Norris,1970-05-15,M,GB9209087
PAT_000920,Sarah Gilbert,1951-10-11,M,GB2838494
PAT_000921,Kristy Carr,2000-03-10,X,GB2627107
PAT_000922,James Terry,2005-04-03,F,RU7000031
PAT_000923,Jim Graham,2005-06-10,M,GB6896330
PAT_000924,Darren Anthony,1983-12-18,F,
PAT_000925,Christine Wiggins DDS,1965-10-23,F,PK5242644
PAT_000926,Richard Moyer,1994-06-07,M,KE7642521
PAT_000927,John Mccullough,1995-05-12,M,NG4196247
PAT_000928,George Wilson,1984-07-19,F,RU5096195
PAT_000929,Kimberly Shepherd,1959-07-07,M,RU9878803
PAT_000930,Jennifer Sanders,2004-03-13,M,PK7287338
PAT_000931,Jeffrey Torres,1984-02-19,F,PK7701306
PAT_000932,April Jones,1961-05-31,F,BD5513919
PAT_000933,Jonathan Moore,1951-09-24,F,DE8390954
PAT_000934,Michelle Hernandez,1997-12-06,M,SA8043248
PAT_000935,Sarah Simon,1994-07-07,F,KE3092868
PAT_000936,Steven Murray,1990-03-31,F,GB1321910
PAT_000937,Savannah Rice,1994-07-27,M,RU8100927
PAT_000938,Todd Doyle,1960-06-20,M,US3128345
PAT_000939,Jennifer Huang,1957-06-05,F,SA1894796
PAT_000940,Brandon Williams DDS,1987-09-02,M,GB4850655
PAT_000941,Samantha Jackson,1950-08-09,F,US8537858
PAT_000942,Taylor Mills,1993-07-01,M,US8088126
PAT_000943,Robin Wright,1991-11-19,M,NG6975571
PAT_000944,Cameron Lawson,1956-12-02,F,US8912941
PAT_000945,Audrey Hull,2003-08-28,M,GB5274028
PAT_000946,Heather Watkins,1987-10-11,M,PK3198591
PAT_000947,Kim Wright,1992-04-17,X,BD6504758
PAT_000948,Hannah Jimenez,1996-06-12,M,AU8916042
PAT_000949,Alice Moran,1965-03-11,F,GB1941475
PAT_000950,Meredith Bennett,1956-03-29,M,GB7818523
PAT_000951,Samantha Ferguson,1966-12-29,F,US4843072
PAT_000952,Lisa Gomez,1974-06-29,F,GB5351144
PAT_000953,Brenda West,1968-10-02,M,GB3736799
PAT_000954,Jordan Cunningham,1980-04-11,F,GB6580181
PAT_000955,Gwendolyn Walker,2005-12-01,F,AU5689924
PAT_000956,Jeffrey Fields,1978-11-21,M,PK2841383
PAT_000957,Nancy Tanner,2004-04-30,M,US1990323
PAT_000958,Lisa Wallace,2004-01-27,M,GB3085617
PAT_000959,Brenda Williamson,1989-11-20,M,BD7053006
PAT_000960,William Torres,1950-01-01,F,AU6076270
PAT_000961,Laura Sanders,1995-10-24,M,RU3790067
PAT_000962,Aaron Casey,2001-02-20,M,PK6197673
PAT_000963,Michael Jimenez,1959-08-19,M,BD9209094
PAT_000964,Melissa Jefferson,1966-08-22,M,GB8285761
PAT_000965,Donald Mckay,1965-03-05,M,US6582963
PAT_000966,Lee Gordon,1988-10-22,M,US9525988
PAT_000967,Jason Sanchez,1971-04-03,X,GB5904795
PAT_000968,Kelly Soto,1967-12-08,F,US7322586
PAT_000969,Nicholas Herrera,1970-04-05,F,BD3161480
PAT_000970,Yolanda Carter,1960-06-10,M,DE2181407
PAT_000971,Alyssa Roberts,1994-02-26,F,NG6828862
PAT_000972,Larry Bates,1993-11-03,F,BD1722097
PAT_000973,Jennifer Smith,1999-12-19,F,GB8478021
PAT_000974,Bailey Clay,1991-11-09,F,GB4868707
PAT_000975,James Woodward,1976-01-23,M,SA9591540
PAT_000976,James Tran,1962-02-08,M,RU7205797
PAT_000977,Alicia Stephens,1954-05-11,M,DE5812073
PAT_000978,Roy Howard,1959-02-13,F,PK2019664
PAT_000979,Daniel Hawkins,1979-10-06,F,PK8182466
PAT_000980,Kristi Golden,1957-01-23,M,
PAT_000981,Erin Torres,1985-03-09,F,PK2114346
PAT_000982,Kristen Montgomery,1953-03-01,M,PK7086481
PAT_000983,Deborah Bond,1999-06-02,F,GB4416764
PAT_000984,Kristen Perry DVM,2005-04-21,F,DE4926263
PAT_000985,Timothy West,1982-10-30,M,US2168078
PAT_000986,Adam Smith,1956-07-15,M,US4176119
PAT_000987,Gregory Myers,1958-09-04,M,GB4070400
PAT_000988,Ashley Oneal,1983-09-19,M,
PAT_000989,Heather Harris,1976-02-02,M,GB8822998
PAT_000990,Tiffany Hughes,1952-11-12,F,GB4551280
PAT_000991,Dean Cunningham,1965-05-03,M,US9945462
PAT_000992,Veronica Ortega,1972-09-02,F,BD6566611
PAT_000993,Elizabeth Cole,1971-04-29,M,US1638861
PAT_000994,Philip Sloan,1962-12-05,F,AU8481262
PAT_000995,Martha Schmidt,1972-07-25,F,BD4258963
PAT_000996,Shawn Lara,1964-10-22,M,US9692951
PAT_000997,Mark Harris,1983-05-10,F,US4766970
PAT_000998,Michael Williams,1994-07-17,M,RU1970535
PAT_000999,Edward Herring,1999-11-27,M,SA2334246
PAT_001000,Kyle Hurley,1978-09-21,F,KE3386248
PAT_001001,Donald Cooper,2003-06-12,F,GB3377140
PAT_001002,Steven Morales,1989-04-02,F,KE9172554
PAT_001003,Carmen Case,1976-03-15,M,US7074446
PAT_001004,Richard Martinez,1956-12-12,M,DE7956468
PAT_001005,Gregory Harper,2003-12-01,M,US7972397
PAT_001006,Breanna Randolph,1962-05-06,F,KE3964661
PAT_001007,Cathy Wyatt,1994-08-05,F,US3872463
PAT_001008,Adam Young,1989-03-08,M,NG4087937
PAT_001009,Maria Phillips,2002-03-29,F,GB1852849
PAT_001010,Deanna Parker,1982-10-02,M,US3570441
PAT_001011,Elizabeth Roberts,1990-02-16,M,PK2145584
PAT_001012,Jacqueline Walker,1990-06-11,F,BD3645328
PAT_001013,Christopher Charles,1964-04-18,M,RU1316704
PAT_001014,Kimberly Edwards,1952-12-11,F,US9361308
PAT_001015,Brad Taylor MD,1974-04-02,X,SA1952437
PAT_001016,Brian Miles,1969-05-24,M,RU7910778
PAT_001017,Linda Smith,1959-09-25,M,RU7218924
PAT_001018,Carl Lopez,1955-05-25,M,DE3959188
PAT_001019,Sean Noble,1986-02-26,F,US1526025
PAT_001020,Cynthia Maxwell,1986-01-19,M,DE6717824
PAT_001021,Wayne Simpson,1998-01-01,M,BD3301016
PAT_001022,Devin Day,1960-09-22,M,GB2250704
PAT_001023,Lisa Peters,1985-02-13,F,PK1910266
PAT_001024,Erica Nguyen,1973-01-05,M,PK8837901
PAT_001025,Michael Jackson,1967-12-28,F,BD4646829
PAT_001026,Brenda Villarreal,1984-04-15,F,NG3959465
PAT_001027,Brian Shaw,1953-11-06,M,GB4480139
PAT_001028,Lucas West Jr.,1951-08-27,F,AU6727485
PAT_001029,Kendra Walsh,1966-09-25,M,BD6632732
PAT_001030,Kyle Green,1995-07-29,F,AU9082154
PAT_001031,Derrick Hall,2003-07-06,M,PK2988186
PAT_001032,Daniel Barton,1962-10-11,M,US3769499
PAT_001033,Shane Dennis,1991-03-25,F,GB3177451
PAT_001034,Elizabeth Whitaker,1974-02-02,M,GB8060778
PAT_001035,Barbara Carpenter,1952-07-26,M,DE8942743
PAT_001036,Veronica Stevens,1954-04-20,M,AU5873668
PAT_001037,Ryan Morrison,1954-06-03,M,
PAT_001038,David Dixon,2002-09-15,M,RU5456267
PAT_001039,Cory Moreno,2000-12-13,X,GB9724683
PAT_001040,Shane Jones,1971-03-24,M,US4798439
PAT_001041,Roger Boyd,1984-07-06,M,SA6094475
PAT_001042,Catherine Mayer,1988-01-01,M,BD9855298
PAT_001043,Katie Preston,1964-07-04,F,AU2356489
PAT_001044,Kristin Gomez,1955-02-08,F,PK2832472
PAT_001045,Joshua Gonzalez,1960-02-15,M,GB6224551
PAT_001046,Justin White,1998-11-22,M,NG6064255
PAT_001047,Emily Martinez,1952-09-02,F,US7443009
PAT_001048,Jennifer Decker,1996-09-09,F,BD9644234
PAT_001049,Garrett Perez,1959-10-16,F,US9946362
PAT_001050,Rachel Williams,1978-03-30,F,RU5326381
PAT_001051,Sharon Kelly,1979-02-13,F,BD1449294
PAT_001052,Chelsea Ramirez,1995-01-30,M,GB9465030
PAT_001053,Brandon Mendoza,1955-11-20,M,DE4349020
PAT_001054,Taylor Vargas,1950-02-10,M,DE4619982
PAT_001055,Timothy Benitez,1973-05-31,M,SA4906873
PAT_001056,Robert Taylor,1959-02-27,M,NG9057730
PAT_001057,Dawn Bennett,1985-03-25,F,US4778837
PAT_001058,Deborah Escobar,1954-09-21,M,SA5742804
PAT_001059,Kevin Willis,1990-02-01,F,US1486006
PAT_001060,Andrew Williams,1954-06-25,M,BD4943619
PAT_001061,Gina Perez,1956-05-11,F,DE7175198
PAT_001062,Taylor Wall,1988-12-01,M,GB2373353
PAT_001063,Gina Davis,1970-10-23,F,GB4373293
PAT_001064,Kristopher Alvarado,1984-07-28,M,BD5104889
PAT_001065,Dustin Santos,1973-02-16,M,SA2561044
PAT_001066,Noah Robertson,1971-02-10,M,SA4579342
PAT_001067,Lisa Crosby,2002-12-24,X,RU4160695
PAT_001068,Lisa Ellis,1955-04-18,M,AU1119827
PAT_001069,Christopher Bartlett,1981-11-23,M,BD1580707
PAT_001070,Reginald Henry,1985-01-23,F,NG2848209
PAT_001071,Laura Webster,1952-04-12,F,US3819753
PAT_001072,Joseph Rodriguez,1967-04-22,M,GB3687039
PAT_001073,Cassidy Jones,1995-01-09,F,DE4051535
PAT_001074,Julie Ryan,1952-07-13,F,GB8298760
PAT_001075,Mary Welch,1999-06-05,F,NG5416601
PAT_001076,Chad Rice,2000-09-07,M,BD2951895
PAT_001077,Lee Heath,1951-05-25,M,GB4976308
PAT_001078,Julia Howe,1993-01-27,M,
PAT_001079,Kendra Moon,1969-05-21,F,GB4528653
PAT_001080,Gary Garcia,1958-10-23,F,RU8924091
PAT_001081,Timothy Coleman,1971-05-21,M,AU6272423
PAT_001082,Caitlin Cooley,1994-09-18,M,NG8921755
PAT_001083,Mrs. Catherine Robinson,1967-10-28,F,SA8710452
PAT_001084,Joseph Peterson,1976-06-18,M,RU7030788
PAT_001085,Joshua Rowe,1981-03-19,M,GB4233638
PAT_001086,Lisa Odom,1973-07-27,F,GB7299876
PAT_001087,Angela Landry,1970-01-02,M,GB6428189
PAT_001088,Adam Nicholson,1971-11-19,F,RU7302444
PAT_001089,Lisa Stark,2002-09-12,F,GB5370753
PAT_001090,Michelle Mccoy,1993-06-09,F,PK3123089
PAT_001091,Brian Mcdonald,1958-07-26,F,KE8247373
PAT_001092,Ethan Castro,1996-11-17,F,SA3294421
PAT_001093,Jay Clark,1990-01-16,F,AU1030086
PAT_001094,Jacqueline Burton,1998-05-18,F,GB2676032
PAT_001095,Natasha Ryan,2005-10-10,M,NG5392479
PAT_001096,Nathan Woodward,1997-02-05,F,RU8004812
PAT_001097,Russell Flores,2000-12-15,M,PK6840916
PAT_001098,James Reese,1977-10-25,F,US4512775
PAT_001099,Kenneth Cobb,1959-09-18,F,SA2571599
PAT_001100,David Mathews,1961-05-16,F,GB3740706
PAT_001101,Kenneth Wells,2000-02-26,M,RU5509476
PAT_001102,Sean Bailey,1958-08-24,M,AU4109614
PAT_001103,Jeffery Berry,1974-09-20,F,US7671847
PAT_001104,Erin Nichols,1957-01-13,M,GB4620061
PAT_001105,Jonathan Martinez,1974-07-10,M,AU8916089
PAT_001106,Antonio Taylor,1984-09-12,M,NG5338707
PAT_001107,Joel Morales,1987-12-16,F,BD6965347
PAT_001108,Tasha Pope,1988-01-07,F,AU4508471
PAT_001109,Christine Todd,1953-10-17,F,KE1667014
PAT_001110,Jeremiah Robinson,1964-05-31,M,US9018917
PAT_001111,Nathan Morales,1950-03-21,M,US2157402
PAT_001112,Harry Lindsey,2001-08-09,M,AU6672357
PAT_001113,Adam Cook,1978-07-11,M,RU1403459
PAT_001114,Shane Potter,1960-01-01,M,AU3108058
PAT_001115,Ann Chen,1959-05-25,F,
PAT_001116,Max Miller,2002-09-18,M,NG5171300
PAT_001117,James Bennett,1999-12-27,F,DE6033803
PAT_001118,Laura Kelly,1990-01-01,F,NG4997291
PAT_001119,Ashley James,1978-02-26,F,PK6455160
PAT_001120,Tyler Austin,1958-11-16,F,BD1801686
PAT_001121,Sara Bartlett,1999-12-02,M,DE9618375
PAT_001122,Christopher Johnson,1978-09-29,F,PK4401719
PAT_001123,Kristopher Barajas,1994-04-24,F,SA9616118
PAT_001124,Jennifer Cooper,1986-03-05,F,US4682246
PAT_001125,Christopher Miller,1963-11-11,F,
PAT_001126,Dawn Montoya,1994-10-14,F,SA3286818
PAT_001127,Angela Barry,1983-05-02,F,RU2823126
PAT_001128,Melissa Haley,1959-07-14,F,GB1897755
PAT_001129,Steven Cook,2000-08-28,F,US9478952
PAT_001130,Madison Evans,1957-02-26,F,BD9342258
PAT_001131,Amanda Brooks,1986-04-03,M,BD6908345
PAT_001132,Colin Castro,1956-02-08,M,PK9394904
PAT_001133,John Lewis,1985-10-07,M,US8885244
PAT_001134,John Clark,1998-02-05,F,KE7154446
PAT_001135,Scott Brennan,1969-04-15,M,NG8688335
PAT_001136,David Nelson,1968-12-15,F,US1211391
PAT_001137,Paul Hall,1967-07-29,F,NG4952034
PAT_001138,Daniel Smith,2003-06-17,M,SA9060044
PAT_001139,Robert Barnes,1997-09-09,M,
PAT_001140,Michael Valencia,1986-05-21,F,DE4021322
PAT_001141,Lisa Sanford,1989-03-17,F,US6979762
PAT_001142,Laura Thompson,1981-06-22,F,US4199634
PAT_001143,Shannon Mays,1985-06-04,F,KE2413966
PAT_001144,Pamela Pitts,1972-04-21,F,BD5888721
PAT_001145,Heather Foley,1994-11-28,F,NG7357522
PAT_001146,Ronald Murphy,1964-03-17,F,PK4379738
PAT_001147,Jody Singleton,1979-07-29,M,GB1148962
PAT_001148,Derek Gonzalez,1960-09-30,M,US9436260
PAT_001149,Jessica Tran,1965-07-21,F,DE3439541
PAT_001150,Barbara Garcia,1969-02-02,F,BD5499871
PAT_001151,Ronnie Nelson,1967-09-20,M,US3421857
PAT_001152,Sandra Harris,2001-06-29,F,US8465214
PAT_001153,Leslie Wolf,1954-08-27,F,DE1301414
PAT_001154,Katie Harris,1989-04-15,M,
PAT_001155,Matthew Howard,1973-03-04,F,DE2652977
PAT_001156,Morgan Lewis,1968-04-25,F,SA4862233
PAT_001157,John Smith,1962-12-10,F,
PAT_001158,David Smith,1991-10-11,M,US8796024
PAT_001159,Thomas Mcmahon,1987-07-11,F,GB5717172
PAT_001160,Jose Walsh,2002-11-22,M,PK3892629
PAT_001161,Alexander Gardner,1986-12-14,F,GB5491969
PAT_001162,Gregory Cobb,1998-01-24,M,US9716072
PAT_001163,Tammy Jones,1973-11-01,F,GB4151352
PAT_001164,Shannon Hall,1970-12-12,M,DE8916982
PAT_001165,Andrew Pearson,1955-10-30,M,AU2387844
PAT_001166,Cesar Adams,1967-05-09,M,RU5797059
PAT_001167,Alejandro Zimmerman,1958-07-01,M,US8229011
PAT_001168,Kevin Padilla Jr.,1960-02-08,F,SA6691097
PAT_001169,Devin Cuevas,2001-02-03,M,RU4089863
PAT_001170,Juan Jones,1991-10-26,M,US3999126
PAT_001171,Michelle Collins,1986-06-24,M,GB2022387
PAT_001172,Tammy Thomas,2003-10-13,F,KE7772881
PAT_001173,Tristan Johnson,1987-06-13,F,AU2466164
PAT_001174,Kristin Hernandez,1980-08-04,F,AU2287258
PAT_001175,David Mahoney,1979-05-07,M,GB6314266
PAT_001176,Clifford Brooks,1997-04-03,M,US3376256
PAT_001177,Sarah Leon MD,1968-05-20,M,US4075068
PAT_001178,Ronnie Benson,1958-05-13,M,US9653867
PAT_001179,Carrie Garcia,1957-05-30,M,AU7668436
PAT_001180,Lisa Johnson,1979-05-12,M,BD1226213
PAT_001181,Joseph Garcia,1991-09-24,F,US1134047
PAT_001182,Anthony Smith,1974-06-08,F,AU4330224
PAT_001183,Joan Delgado,1999-01-21,M,GB4635146
PAT_001184,Timothy Maxwell,1999-05-22,F,NG8234946
PAT_001185,George Sparks,1977-02-18,M,GB2920679
PAT_001186,Robert Griffith,1984-06-08,F,PK7379830
PAT_001187,Isaac Ortiz,1960-01-25,M,SA4895852
PAT_001188,Amanda Morgan,1956-11-12,F,SA9269457
PAT_001189,Erik Brown,1973-01-11,X,RU2711109
PAT_001190,Chad Moses MD,1989-06-04,F,AU6490323
PAT_001191,Robert Robinson,1958-05-05,F,NG7530460
PAT_001192,Collin Osborne,1975-10-10,F,US2215540
PAT_001193,Carolyn Davis,1981-03-23,F,BD3137536
PAT_001194,Robert Knight,1975-11-19,F,BD4256250
PAT_001195,Kaitlyn Jones,1951-03-01,F,GB2904787
PAT_001196,Charles Wilson,1963-06-05,M,US7143861
PAT_001197,Dawn Berg,1979-02-20,F,US4039891
PAT_001198,Diana Russell,1974-01-11,F,PK9941381
PAT_001199,Jon Hudson,1968-08-10,M,AU3757940
PAT_001200,Wendy Jones,1951-04-27,M,US7717287
PAT_001201,Jordan Torres,1959-09-19,M,AU3713180
PAT_001202,William Thomas,1984-08-04,F,US7732517
PAT_001203,Eric Vincent,1964-03-16,F,GB6346467
PAT_001204,Bonnie Ward,1984-04-03,M,AU8246967
PAT_001205,James Thomas,1954-08-10,F,KE7859084
PAT_001206,Thomas Nelson,2005-05-07,M,GB3929000
PAT_001207,Troy Sloan,1970-05-03,F,DE2849539
PAT_001208,Alice Nelson,1979-05-19,M,SA8493773
PAT_001209,Jill Kirby,1973-10-27,F,KE2673569
PAT_001210,Jamie Johnson,1983-10-08,M,AU7001779
PAT_001211,Jennifer Garrett,1995-08-26,M,DE1518719
PAT_001212,Danny Anderson,1971-12-29,M,US7088018
PAT_001213,Matthew Morrison,1960-05-14,F,AU2722710
PAT_001214,Justin Waller,1974-09-22,M,AU5763695
PAT_001215,Debra Cooper,1996-01-07,F,PK4518628
PAT_001216,Lauren Bell,1984-01-26,M,US3351771
PAT_001217,Carlos Rodriguez,1964-06-28,F,PK6518694
PAT_001218,Emma Conrad,1951-08-16,M,SA2523672
PAT_001219,Sarah Jackson,1980-02-07,M,DE4013985
PAT_001220,Stanley Holder,1985-07-22,M,GB8736982
PAT_001221,Morgan Lang,1956-03-22,M,US2682030
PAT_001222,Dawn Hawkins,1951-04-07,F,US4833474
PAT_001223,Susan Palmer,1981-02-27,M,BD8923748
PAT_001224,Daniel Gray,1988-05-31,M,PK2557542
PAT_001225,Adam Fox,1998-03-24,F,AU4687926
PAT_001226,David Dixon,1951-02-07,F,AU6374290
PAT_001227,Robert Grant,1953-11-14,M,
PAT_001228,Justin Armstrong,1971-03-25,F,BD8651479
PAT_001229,Manuel Bradley Jr.,1987-11-28,M,DE4433419
PAT_001230,Anthony Duncan,1985-12-26,F,GB3492868
PAT_001231,Kendra Colon,1964-05-05,F,US6717484
PAT_001232,Vanessa Long,1985-11-14,F,BD1574461
PAT_001233,Lori Bass,1997-03-26,M,NG7850298
PAT_001234,Veronica Ramirez,1975-01-11,F,DE3324246
PAT_001235,Jeffrey Cole,2003-07-05,F,RU1840033
PAT_001236,Kathy Wilson,1965-11-29,F,US2996881
PAT_001237,Kelsey Flores,1976-12-20,F,DE8522883
PAT_001238,Charles Foley,1956-04-03,F,NG8596326
PAT_001239,Zachary Gonzalez,1964-07-29,M,US4145406
PAT_001240,Melissa Newton,1957-07-02,M,AU1062566
PAT_001241,Heather Murphy,1983-10-23,F,GB3077296
PAT_001242,Pam Smith,1995-06-30,M,DE5085059
PAT_001243,Joshua Bennett,1976-12-08,M,US5691429
PAT_001244,Natasha Mcknight,1962-02-02,M,US3548091
PAT_001245,Kirk Salazar,1963-12-30,M,US8225183
PAT_001246,Joseph Tate,1988-01-28,M,PK3079749
PAT_001247,Ann King,2001-11-28,F,NG3404931
PAT_001248,Aaron Riley,1997-02-26,M,US5272638
PAT_001249,Anna Bradley,1959-07-21,F,PK1834891
PAT_001250,Brittany Young,2002-05-18,F,DE2756794
PAT_001251,Christina Bryant,1950-07-26,F,RU8175767
PAT_001252,Megan Landry,1982-01-27,M,GB1825324
PAT_001253,Julia Moran,2004-01-23,M,DE3906462
PAT_001254,Adam Pope,1950-08-17,M,AU4280572
PAT_001255,Joshua Kirby,1990-04-07,F,GB5071252
PAT_001256,Scott Browning,1971-06-14,F,BD4402812
PAT_001257,Zachary Price,1950-02-19,M,GB1540755
PAT_001258,Alexander Carlson,1987-12-30,F,PK8425194
PAT_001259,Leah Ramirez,1952-08-09,F,GB3354883
PAT_001260,Jeffrey Zamora,1981-01-04,F,US7943659
PAT_001261,Dana Griffin,1977-08-27,M,BD2650063
PAT_001262,Kelly Miller,2001-02-20,M,AU1182095
PAT_001263,Larry Brewer,1951-08-01,F,US1987805
PAT_001264,Erin Thomas,1995-01-13,F,PK4741366
PAT_001265,Renee Hernandez,1950-11-21,F,RU4595547
PAT_001266,Mark Ballard,1995-05-07,F,BD1692097
PAT_001267,Andrea Harris,2002-08-27,F,BD6746494
PAT_001268,Diamond Jenkins,1963-01-30,M,DE9619210
PAT_001269,James Andrews,1955-08-29,F,US5310170
PAT_001270,Diane Zamora,1967-05-19,M,BD8736123
PAT_001271,Jared Alexander,1980-01-26,M,PK9024442
PAT_001272,Anna Pierce,1969-02-13,M,KE1991210
PAT_001273,Mathew Smith,1962-07-24,F,NG2421678
PAT_001274,Randy Kent,1985-10-23,M,RU4903448
PAT_001275,Brittany Taylor,1965-12-27,F,DE7960277
PAT_001276,Jeremy Nielsen,1961-10-07,M,DE9768588
PAT_001277,Aaron Woodward,1951-06-12,M,DE7399763
PAT_001278,Andrew Reed,1968-02-18,M,GB4636103
PAT_001279,Kathleen Barker,1959-03-19,F,US1613136
PAT_001280,Julie Clarke,1972-12-14,M,AU3617525
PAT_001281,Wesley Jenkins,1996-09-15,F,SA3444580
PAT_001282,Timothy Cooper,1963-07-16,M,PK9144009
PAT_001283,Adam Miller,1996-06-18,M,BD1995561
PAT_001284,Wendy Castro,1959-09-13,M,US5223382
PAT_001285,Michael Rodriguez,1990-07-23,M,US6878842
PAT_001286,Jason Jones,1972-09-01,M,
PAT_001287,Mark Murphy,1985-05-30,M,SA8884143
PAT_001288,Donna Cline,1959-10-30,M,SA5484037
PAT_001289,Stephen Brown,2001-07-21,M,US7432387
PAT_001290,Colleen Baker,1986-01-19,M,GB9756068
PAT_001291,Anthony Anderson,1997-03-08,F,GB1325066
PAT_001292,Charles Miller,1957-08-04,F,KE5060037
PAT_001293,Shawn Solomon,1970-11-24,M,SA7376834
PAT_001294,Stuart Bradley,1956-06-24,M,US9847277
PAT_001295,Lori Jones MD,1971-12-20,M,AU2775428
PAT_001296,Tanner Potts,1991-08-10,M,AU2161430
PAT_001297,Alexandra Moss,1975-01-04,F,US8220969
PAT_001298,Frederick Sosa,1991-07-29,M,RU4225591
PAT_001299,Monica Beltran,1976-08-14,F,KE6189581
PAT_001300,James Williams,1969-01-22,F,BD2520690
PAT_001301,Mary English,1995-05-14,F,RU5650854
PAT_001302,Jennifer Robinson,1950-04-04,F,RU5773549
PAT_001303,Janet Burch,1989-10-19,F,NG5495604
PAT_001304,Brandon Young,1959-11-25,M,
PAT_001305,Nathan Lindsey,1980-06-02,F,US7984880
PAT_001306,Dr. Ellen Bruce,1998-03-05,F,AU6929995
PAT_001307,Gregory Woodward,1954-06-22,M,SA8507099
PAT_001308,Zachary Nichols,1975-10-30,M,PK4139086
PAT_001309,Evan Garcia,2002-03-30,F,US1137609
PAT_001310,Samantha Barnett,1978-04-23,M,US1813134
PAT_001311,Jesse Smith,1993-11-25,F,BD4916856
PAT_001312,Jason Lamb,1985-05-15,M,KE3588170
PAT_001313,Tara Logan,1983-10-12,M,US4366098
PAT_001314,Savannah Hill,1950-08-10,F,AU1162165
PAT_001315,Timothy Suarez,2004-12-05,F,US8327976
PAT_001316,Jennifer Gardner,2003-03-22,M,GB1165256
PAT_001317,Sarah Tyler,1967-05-30,M,US8328801
PAT_001318,John Miller,1995-02-09,M,US5574115
PAT_001319,Anthony Clark,1965-04-25,F,BD9037777
PAT_001320,Jason Cantu,1970-04-22,F,US7644234
PAT_001321,Elizabeth Cunningham,1981-10-23,F,PK1987355
PAT_001322,Valerie Martinez MD,1989-06-02,M,US9567994
PAT_001323,Daniel Brown,1980-12-21,M,BD6461665
PAT_001324,Sherry Molina,1969-09-15,F,NG3935119
PAT_001325,Theresa Hernandez,1974-07-06,M,GB4375840
PAT_001326,Mark Bridges,1999-08-19,F,RU4371082
PAT_001327,Nicole Martin,1952-06-18,M,BD9225809
PAT_001328,Richard Smith,1982-08-13,F,BD6917352
PAT_001329,Michael Owen,2001-11-06,F,NG8330297
PAT_001330,Anita Martinez,1997-09-05,M,AU7635199
PAT_001331,Lisa Schroeder,1967-10-20,M,GB3840521
PAT_001332,Angela Thomas,1989-12-07,F,AU3456369
PAT_001333,Scott Patterson,1953-08-26,M,US5763436
PAT_001334,George Willis,1984-09-28,M,PK5611804
PAT_001335,Shannon Shaw,1966-09-13,M,US2245527
PAT_001336,Austin Black,1960-02-02,F,BD9682105
PAT_001337,Jennifer Johnson,1971-02-27,F,RU1417719
PAT_001338,David Schroeder,1959-01-31,M,GB8859525
PAT_001339,Brett Garcia,1973-09-19,X,SA6898494
PAT_001340,Brandon Ochoa,1952-11-27,M,GB6127239
PAT_001341,Craig Brady,1956-11-10,M,NG3749152
PAT_001342,Nicholas Wright,1999-08-20,F,
PAT_001343,Michael Williams,1997-10-05,M,US7562180
PAT_001344,Tiffany Coleman,1980-08-17,M,BD5302044
PAT_001345,Cynthia Thomas,1954-09-02,M,AU2775118
PAT_001346,Maria Wagner,1961-04-01,X,GB1268185
PAT_001347,Anthony Martin,1985-09-12,F,NG4971086
PAT_001348,Mrs. Linda Pierce DDS,1983-08-19,F,RU2318634
PAT_001349,Tina Miller,1973-05-21,M,NG9623943
PAT_001350,Amanda Smith,1998-07-16,F,NG8635565
PAT_001351,Timothy Li,2005-05-16,M,KE7512928
PAT_001352,Paul Crawford,1999-02-04,M,SA2283179
PAT_001353,Rodney Gill,1995-04-16,M,AU9276411
PAT_001354,Amber Curry,2003-03-30,F,US5618884
PAT_001355,Nina Henson,1968-09-16,F,BD9274089
PAT_001356,William Kelly,1969-03-02,F,AU5345824
PAT_001357,Vanessa Ewing,1961-06-18,F,
PAT_001358,Deanna Perkins,1991-05-10,F,PK9916181
PAT_001359,William Owens,1987-01-04,F,BD2079668
PAT_001360,Sharon Morse,1964-05-11,M,GB5362717
PAT_001361,Angela Mullen,1984-06-13,M,PK6394733
PAT_001362,George Martin,1962-11-25,F,SA5125075
PAT_001363,John Jackson,1951-03-26,M,AU4928591
PAT_001364,Sharon Wallace,1987-10-15,M,SA5530385
PAT_001365,Kaitlyn Chan,1980-01-22,F,AU1838664
PAT_001366,Amy Perez,1977-08-12,M,GB9185511
PAT_001367,Jason Simmons,1964-11-13,F,GB5693717
PAT_001368,Kayla Maxwell,1996-06-30,M,AU4157190
PAT_001369,Ruben Anderson,1988-10-12,M,NG8729689
PAT_001370,Kyle Chang,1956-04-29,F,PK2148810
PAT_001371,Janet Castillo,1995-06-16,F,BD5208115
PAT_001372,Kimberly Washington,1996-12-02,F,US6853978
PAT_001373,Amanda Johns,1965-04-12,F,SA2572115
PAT_001374,Ashley Leach,1975-06-07,F,BD2560544
PAT_001375,Dustin Smith,2003-12-26,F,US7732808
PAT_001376,Kimberly Mueller,1996-12-08,X,GB2987375
PAT_001377,Wesley Johnson,1956-10-17,F,NG6621451
PAT_001378,David Parrish,1956-05-13,F,GB8353868
PAT_001379,Randy Lewis,1996-11-18,M,GB3756557
PAT_001380,Cody Cordova,1993-10-21,F,RU4698201
PAT_001381,Kevin Clarke,1963-07-02,M,AU4974686
PAT_001382,Michael Reyes,1972-08-15,F,NG8140776
PAT_001383,Jesus Ross,1962-03-05,F,DE2002895
PAT_001384,James Ramos,1986-02-27,F,US4217294
PAT_001385,Andrea Harvey,1956-12-21,F,DE5923722
PAT_001386,Kenneth Haas,1997-10-12,F,PK9645158
PAT_001387,Melissa Ayers,1972-09-30,F,BD8172751
PAT_001388,Ann Brown,1997-04-20,F,
PAT_001389,Jason Evans,1994-03-28,M,GB2830384
PAT_001390,Benjamin Castillo,1964-04-27,M,AU7386862
PAT_001391,Craig Williams,1976-12-31,X,SA8884770
PAT_001392,Robin Mills,1972-08-01,M,PK5937066
PAT_001393,Richard Campbell,1985-11-13,M,US4061099
PAT_001394,Paul Rodriguez,2004-04-13,M,DE9686903
PAT_001395,Courtney Taylor,1986-09-21,M,DE6852366
PAT_001396,Eileen Jones,2000-02-09,M,PK1148926
PAT_001397,Eric Rodriguez,2005-09-09,M,US2493473
PAT_001398,Robert Jones,1964-11-12,M,NG1461019
PAT_001399,Scott Williams,1974-11-01,M,SA7767266
PAT_001400,Thomas Bennett,1995-08-21,F,NG1403294
PAT_001401,Pamela Klein,1979-06-18,M,NG4616235
PAT_001402,Melissa Powell PhD,1987-10-10,M,PK7099034
PAT_001403,Sean Mendez,1951-07-03,M,
PAT_001404,Eric Davis,1999-10-24,M,SA4506043
PAT_001405,Alan Wilson,1953-06-15,F,BD6153025
PAT_001406,Susan Fisher,2003-06-10,F,US1069530
PAT_001407,Brittney Wagner,1991-05-18,F,US3068211
PAT_001408,Rachel Foley,1990-10-22,M,PK4422987
PAT_001409,John Arnold,1954-12-24,F,AU4124128
PAT_001410,Phillip Lin,1965-01-20,F,US7163470
PAT_001411,Randy Bullock,1976-07-31,M,PK6229890
PAT_001412,Erin Garcia,1986-12-19,F,US2916358
PAT_001413,Jacob Hart,1996-08-21,M,US4058051
PAT_001414,Gloria Green,2001-11-03,F,PK9991260
PAT_001415,Todd Williams,1967-07-29,F,DE1672646
PAT_001416,Linda Martin,1985-02-22,M,KE8760072
PAT_001417,Alicia Phillips,1977-02-09,M,BD9415433
PAT_001418,Peter Kirby,1985-12-03,M,
PAT_001419,Douglas Mejia,1966-12-01,F,GB2601393
PAT_001420,Andrew Brown,1955-09-15,F,AU1008305
PAT_001421,Joe Brown,1960-11-15,F,PK9877911
PAT_001422,Barbara Cruz,1955-01-23,F,AU9061261
PAT_001423,Matthew Schmidt,1996-10-10,M,AU7854557
PAT_001424,Crystal Beck,1999-01-07,M,SA4238317
PAT_001425,Brent Stewart,2003-11-20,F,US3118637
PAT_001426,Kerri Parsons,1953-05-28,M,KE1164108
PAT_001427,Elizabeth Jones,1961-01-25,M,GB1252214
PAT_001428,Ryan Thornton,1965-12-14,F,PK9380001
PAT_001429,Janet Martin,1987-12-18,M,AU2867421
PAT_001430,David Walton,1992-09-29,F,
PAT_001431,Jennifer Hernandez,1963-12-08,M,PK1598920
PAT_001432,Justin Bass,1980-07-03,F,
PAT_001433,Joan Patterson MD,1967-09-07,F,BD1684830
PAT_001434,Steven Vega,1966-05-20,F,RU7506626
PAT_001435,Tracy Heath,2003-12-30,M,GB9358239
PAT_001436,Terri Clark,1956-08-10,M,SA1906840
PAT_001437,Tammie Alvarez,1961-03-28,F,RU9929924
PAT_001438,Heather Martinez,1982-01-18,F,DE2173245
PAT_001439,Jessica Gordon,1980-07-14,F,PK5190124
PAT_001440,Anthony Huang,1983-09-05,M,PK4736374
PAT_001441,Rebecca Holmes,1984-02-22,F,DE6097163
PAT_001442,Wendy Garza,2003-05-20,F,
PAT_001443,Anthony Cook,1984-11-28,F,US2393004
PAT_001444,David Smith,1961-06-09,M,
PAT_001445,Melissa Acevedo,1957-09-19,F,SA6721931
PAT_001446,Brianna Gonzalez,2004-05-01,M,GB8562626
PAT_001447,Bradley Conway,1956-05-18,M,RU6970692
PAT_001448,Joanna Lynn,1969-01-24,M,
PAT_001449,Emily Maldonado,1953-06-27,F,US1144437
PAT_001450,Jennifer Brown,1998-07-30,F,BD5626557
PAT_001451,Kurt Ford,1983-12-19,F,
PAT_001452,Hailey Moore,1979-10-24,M,SA7891791
PAT_001453,Laurie Huffman,1986-08-21,M,US6650123
PAT_001454,Richard Green,1998-04-29,M,US8087881
PAT_001455,Karen Dalton,1993-10-29,F,GB1939077
PAT_001456,Bianca Chandler,1997-12-11,M,PK9668879
PAT_001457,Michael Thompson,1960-12-20,F,RU3868625
PAT_001458,Karen Rodriguez,1959-07-12,M,AU6697442
PAT_001459,John Watson,1951-04-26,M,GB3238210
PAT_001460,Jessica Martinez,1973-03-06,M,NG2785786
PAT_001461,Jay Brown IV,1973-07-18,M,SA2214061
PAT_001462,Kimberly Wilson,1998-10-01,M,GB1147351
PAT_001463,Juan Ray,2001-10-23,F,AU7259382
PAT_001464,James Case,1962-09-18,F,US9576858
PAT_001465,Tina Smith,1972-08-31,M,BD3008202
PAT_001466,Renee Lopez,1953-04-14,M,GB4516544
PAT_001467,Nicole Cooley,1971-10-27,F,US7870523
PAT_001468,Dr. Alexis Shea,1961-06-17,M,GB4326239
PAT_001469,Cathy Sanders,1974-04-26,M,NG3449009
PAT_001470,Billy Henderson Jr.,1992-02-09,F,NG9826162
PAT_001471,John Eaton,1959-03-05,M,DE5363495
PAT_001472,Daniel Cuevas,1989-12-02,F,SA8439702
PAT_001473,Cory Eaton,1991-02-11,F,AU3460505
PAT_001474,Grant Smith,1980-06-17,F,SA4305949
PAT_001475,Kevin Clark,1985-06-28,F,BD3647595
PAT_001476,Jimmy King,1977-03-16,M,KE7472830
PAT_001477,Kenneth Farrell,1964-09-14,F,AU6900274
PAT_001478,Jessica Hart,1969-09-16,F,GB2978833
PAT_001479,Jessica Allen,1972-11-29,M,BD8956749
PAT_001480,Kimberly Rubio,1992-01-06,M,PK8284426
PAT_001481,James Spears,1958-06-21,F,US8680578
PAT_001482,Christopher Bailey,1976-06-04,F,KE1684302
PAT_001483,Sabrina Pierce,2002-02-20,M,AU8135520
PAT_001484,Larry Rojas,1958-08-04,F,NG5161766
PAT_001485,Joel Moore,1960-01-04,F,SA1111574
PAT_001486,Catherine Callahan,2002-09-21,M,US5831677
PAT_001487,Kenneth Short,1951-11-14,M,SA9224775
PAT_001488,Matthew Evans,1982-05-29,F,GB3401960
PAT_001489,Ruth Brown,1998-06-19,M,BD2590018
PAT_001490,Michelle Chavez,1999-03-24,F,GB4125614
PAT_001491,Samantha Chavez,1962-10-02,M,US1799044
PAT_001492,Matthew Kelly,1959-04-15,F,
PAT_001493,John Hanson,1987-08-08,F,DE5010852
PAT_001494,Jacqueline Chavez,2002-05-22,M,GB5778148
PAT_001495,Scott Graham,2000-10-31,M,AU6914868
PAT_001496,Jennifer Simpson,2005-03-11,F,
PAT_001497,Jason Pitts,1970-09-06,M,
PAT_001498,Joshua Ortega,2004-11-09,F,SA9448109
PAT_001499,Krystal Kirby,1990-12-20,M,NG6033430
PAT_001500,Anthony Lopez,1974-12-11,F,US2187852
PAT_001501,Jacob Bryan,1961-08-12,F,US4344618
PAT_001502,Robert Harvey,1952-02-09,M,GB6980273
PAT_001503,Joshua Sloan,1953-05-25,F,GB3000029
PAT_001504,Carrie Moore,1992-02-03,F,DE7254831
PAT_001505,Danielle Thompson,1965-04-20,M,US1412944
PAT_001506,Dana Jones,1984-01-02,M,US6900281
PAT_001507,James Pearson,1967-05-01,F,US7217824
PAT_001508,Scott Brown,1989-03-05,F,PK8404556
PAT_001509,Monica Hays,1990-11-28,F,BD3148195
PAT_001510,Robert Vega,1975-07-01,M,US7006128
PAT_001511,Scott Carpenter,1969-04-25,F,US1011829
PAT_001512,Rhonda Mitchell,1966-05-25,M,SA1930975
PAT_001513,Loretta Fischer,1976-02-06,M,US9713364
PAT_001514,Shaun Phillips,1968-10-21,M,GB2931696
PAT_001515,Thomas Vargas,1971-10-28,F,US7760511
PAT_001516,Robert Johnson,1972-06-30,F,US3134192
PAT_001517,Natalie Cooke,1973-12-14,M,RU8719415
PAT_001518,Cameron Church,2000-07-03,M,KE3472123
PAT_001519,Devin Martin,2002-01-12,F,KE7963065
PAT_001520,Jill Cook,1989-10-31,M,AU9608054
PAT_001521,Emily Baxter,2000-04-18,M,NG8358194
PAT_001522,Brandi Brown,1999-02-23,M,AU7609862
PAT_001523,Walter Morales,1997-09-02,F,PK9409469
PAT_001524,Joe Chapman,1990-11-07,F,NG5980377
PAT_001525,Austin Smith,1967-01-19,F,KE9658900
PAT_001526,Reginald Adams,1958-12-17,M,US4184957
PAT_001527,Dale West,1986-10-12,M,
PAT_001528,Rebecca Willis,1971-07-27,F,AU9737874
PAT_001529,Jeremy Warner,1976-11-29,M,GB8598041
PAT_001530,Jaime Sharp,1989-04-08,F,BD5086053
PAT_001531,Jeff Sampson,1998-11-21,M,
PAT_001532,Chris Farrell,1963-03-04,F,SA3765926
PAT_001533,Jennifer Reyes,1996-04-14,M,US4831148
PAT_001534,Brenda Johnson,1984-11-04,F,PK4723889
PAT_001535,Barbara Stokes,1952-03-16,F,DE4014699
PAT_001536,Aaron Watkins,1999-01-18,F,SA7237015
PAT_001537,Sherry Barrera,1977-06-23,M,NG4864642
PAT_001538,Chad Brown,2002-12-28,F,KE5806170
PAT_001539,Brian Gomez,1960-03-17,F,DE6464654
PAT_001540,Gary Smith,1988-02-08,F,AU8835678
PAT_001541,Daniel Ingram,1995-03-04,F,BD2028273
PAT_001542,Mark Evans,1989-09-26,F,NG1630651
PAT_001543,Amber York,1990-12-24,M,PK3598291
PAT_001544,Mr. Mark Green,2004-12-19,M,US7491462
PAT_001545,Beth Schwartz,1976-12-04,M,BD5490869
PAT_001546,Carlos Arellano,1978-08-29,F,GB5239750
PAT_001547,Cynthia Cardenas,1955-09-15,M,NG9041878
PAT_001548,Megan Graves,1996-04-19,M,PK5255692
PAT_001549,Ashley White,1982-07-15,F,US2416547
PAT_001550,Adrienne Ingram,1972-05-31,F,US6944308
PAT_001551,Mr. Johnathan Reyes,1963-11-26,M,SA8397488
PAT_001552,Tonya Gilmore,1995-02-04,F,BD1552512
PAT_001553,Leah Andersen,1953-03-28,F,US1192115
PAT_001554,Brandon Salas,1987-09-14,F,PK3246756
PAT_001555,Carol Mcdonald,1977-08-30,F,GB8219007
PAT_001556,Donna Hamilton,1951-06-16,F,GB5155133
PAT_001557,Joseph Fields,2004-12-21,F,BD4585975
PAT_001558,Heather Rose,1991-03-21,M,BD3070265
PAT_001559,Patrick Jackson,1972-08-31,F,DE8078289
PAT_001560,Melissa Page,1989-06-12,F,BD7605546
PAT_001561,Jared Jackson,1968-08-05,X,BD3233897
PAT_001562,Deborah Olson,1993-11-24,M,US8024429
PAT_001563,Peggy Cox,2000-12-07,F,DE1115743
PAT_001564,Shannon Walsh,1950-03-31,X,GB7564792
PAT_001565,James Floyd,2001-07-04,M,US8242299
PAT_001566,Justin Thompson,1972-04-01,F,US1874840
PAT_001567,Alexa Rodriguez,1991-12-28,F,AU4879611
PAT_001568,Nicholas Alvarado,1951-01-21,F,US1618459
PAT_001569,Carol Andrade,1974-06-30,X,
PAT_001570,Christopher Jenkins,1960-01-25,M,
PAT_001571,Darlene White,1979-11-01,M,GB8778075
PAT_001572,Samuel Jackson,2005-02-21,M,US3506853
PAT_001573,Thomas Miller,1988-08-20,M,US9955730
PAT_001574,Carrie Smith,1977-04-19,F,KE6597185
PAT_001575,Michael Butler,1980-02-01,F,
PAT_001576,Michael Williams,1991-07-20,M,US6926139
PAT_001577,Aaron Sellers,1991-08-24,F,NG9426629
PAT_001578,Samantha Williams,1977-02-23,F,AU1269807
PAT_001579,Jessica Lopez,1989-07-22,F,SA5491833
PAT_001580,Dustin Williams,1962-02-02,F,GB2547832
PAT_001581,Lisa Williams,1980-11-07,F,GB6784669
PAT_001582,Laura Sanchez,1951-03-12,M,DE3363193
PAT_001583,Kimberly Thompson,1977-04-18,F,DE5015948
PAT_001584,Russell Davis,1969-05-21,M,PK5045542
PAT_001585,Courtney Phelps,1987-05-12,M,SA6367301
PAT_001586,Jennifer Smith,1986-07-12,M,US3852880
PAT_001587,Julia Hopkins,1971-07-15,M,GB5414870
PAT_001588,Douglas Rodriguez,1960-10-06,F,DE3178769
PAT_001589,Jennifer Pittman,1994-01-13,M,GB6801565
PAT_001590,Jeffrey Anderson,1990-01-10,M,US4217163
PAT_001591,Michael Reeves,1967-04-16,M,GB2196937
PAT_001592,Adrian Nguyen,1962-03-13,M,DE9345353
PAT_001593,Curtis Henderson,1972-11-16,F,DE7319118
PAT_001594,Jeffery Thomas,1973-07-28,F,US6061666
PAT_001595,Brian Bird,1992-01-04,F,US9168604
PAT_001596,Rachel Wilson,1961-05-07,M,NG4414758
PAT_001597,Rebecca Green,1964-04-18,M,GB7086455
PAT_001598,Traci Evans,1953-06-21,M,GB4361570
PAT_001599,Michelle Price,1959-12-19,M,GB6782014
PAT_001600,Robert Wilson,1975-04-13,M,US7352123
PAT_001601,Julia Marshall,1983-11-25,M,DE5491007
PAT_001602,Jasmine Cox,1955-11-30,F,US8556243
PAT_001603,Stephanie Goodwin,1954-10-10,F,US8179411
PAT_001604,Michael Tyler,1996-06-01,F,US9937642
PAT_001605,Catherine Villegas,2005-09-16,M,GB6789627
PAT_001606,Sheryl Lamb,1976-09-22,M,SA3573291
PAT_001607,Scott Garcia,1964-02-12,M,US3861244
PAT_001608,Alicia Miller,1976-03-13,M,AU4919808
PAT_001609,Lisa Cunningham,2002-09-13,X,DE6454289
PAT_001610,Michael Williams,2001-05-14,F,SA5763200
PAT_001611,Justin Griffin,1951-01-05,M,NG4544542
PAT_001612,Derek Mack,2003-02-03,F,RU8595055
PAT_001613,Derrick Patterson,1993-06-19,F,GB7549916
PAT_001614,Craig Holloway,1968-10-11,M,DE4088216
PAT_001615,Joan Hodges,1963-03-13,M,BD5846423
PAT_001616,Ian Carter,1957-01-23,M,PK8530038
PAT_001617,Nichole Gray,1951-05-20,F,US8614528
PAT_001618,Jennifer Bradley,1988-08-18,F,GB5016581
PAT_001619,John Gonzalez,2004-09-08,M,NG5604908
PAT_001620,Michael Brown,1992-12-28,F,DE1937490
PAT_001621,Tyler Larson,1983-11-28,F,US2432463
PAT_001622,Shannon Garrett,1975-06-28,F,NG2779038
PAT_001623,Patrick Adams,1963-06-22,M,US9249223
PAT_001624,Nicholas Young,1958-04-06,M,RU2049548
PAT_001625,Lindsey Conley,1971-02-02,F,NG1607333
PAT_001626,Richard Woods,1982-06-28,M,KE1533884
PAT_001627,Michael Williams,1989-01-24,M,US2267042
PAT_001628,Matthew Jenkins Jr.,1961-03-29,M,US3648160
PAT_001629,Jonathan Knox,1956-12-12,F,US8410344
PAT_001630,Daniel Williams,1992-10-31,M,GB2039828
PAT_001631,Angela Goodwin,1961-04-23,F,AU7729712
PAT_001632,Tonya Bell,1953-07-22,M,
PAT_001633,Steven Sweeney,1959-09-05,M,US8621584
PAT_001634,Shawn Fischer,1969-09-10,F,US1631009
PAT_001635,Tim Valenzuela,1969-02-18,M,NG9057456
PAT_001636,Holly Phillips,1973-12-13,F,SA3220854
PAT_001637,Kelly Velasquez,1984-01-11,M,BD1623718
PAT_001638,Laura Mays,1977-06-29,F,US8922507
PAT_001639,John Dominguez,1971-04-04,M,GB8965150
PAT_001640,Ashley Waters,1998-05-19,M,US1350393
PAT_001641,Andrew Gibson,1956-02-20,M,AU4163531
PAT_001642,Kristina Smith,1975-12-21,M,SA9351721
PAT_001643,Heidi Mullins,1951-02-03,F,KE2689002
PAT_001644,George Johnson,1971-09-13,F,GB8746758
PAT_001645,Jill Melendez,1963-09-27,F,
PAT_001646,Danielle Johnson,1959-07-10,F,NG1402331
PAT_001647,Mr. Daniel Roth,1987-08-01,F,GB8013306
PAT_001648,Rick Conway,1975-11-25,F,NG6605356
PAT_001649,Brandy Moss,1973-12-09,M,KE7173160
PAT_001650,Stephen Alvarez,1992-05-06,F,DE9243615
PAT_001651,Diana Miller,1965-01-05,M,BD4789894
PAT_001652,Jose Romero,1998-04-03,M,BD9169754
PAT_001653,Erin Shaw,1982-02-02,M,DE1196675
PAT_001654,Kyle Serrano,1950-05-22,M,GB8562041
PAT_001655,Paul Armstrong,1962-01-09,F,AU7037694
PAT_001656,Michael Jackson,1969-02-16,M,US4246688
PAT_001657,Lisa Abbott,1965-12-02,M,US3872647
PAT_001658,Victoria Johnson,1963-05-07,X,GB5545814
PAT_001659,Rebecca Little,1985-01-01,F,PK2715315
PAT_001660,Sarah Walsh,1958-09-01,F,RU5422856
PAT_001661,Brenda Wilson,1971-07-20,M,DE6790565
PAT_001662,Dennis Gates,1972-06-18,F,NG4994778
PAT_001663,Michael Jones,1976-04-22,F,US2501962
PAT_001664,Melanie Ramos,1972-08-08,F,SA7389190
PAT_001665,Daniel Combs,1977-04-14,M,US1805709
PAT_001666,Jennifer Martin,1983-09-13,M,DE6776724
PAT_001667,Megan Hobbs,1978-04-18,M,GB9780070
PAT_001668,Tony Carpenter,1969-10-20,M,NG2973131
PAT_001669,Russell Combs,1975-05-06,F,GB4454600
PAT_001670,Zachary Velasquez,1987-01-20,M,DE8019071
PAT_001671,Katherine Hoffman,2002-12-20,F,AU2556990
PAT_001672,Frank Stephenson,1975-01-28,M,GB7174603
PAT_001673,Robert Ford,1965-01-18,F,GB6503517
PAT_001674,Thomas Smith,1988-07-01,X,GB3349343
PAT_001675,Ronald Bishop,1988-03-26,M,DE9221586
PAT_001676,Kevin Moore,1992-10-14,F,KE5131273
PAT_001677,Michael Nichols,1975-09-27,M,AU2321197
PAT_001678,Cynthia Wilkerson,1970-01-07,F,US1691845
PAT_001679,Cynthia Murphy,1966-05-23,M,AU8139087
PAT_001680,Margaret Schwartz,1962-10-29,M,BD3356949
PAT_001681,Ian Cunningham,1988-06-26,X,GB8809279
PAT_001682,Joanna Mcknight,1962-11-04,F,PK2539345
PAT_001683,Amy Morgan,1957-01-23,M,GB7525952
PAT_001684,Cheryl Richardson,1961-11-05,M,NG3799379
PAT_001685,Kerry Benjamin MD,1976-04-07,X,GB6614782
PAT_001686,Kayla Parsons,1957-07-17,F,RU5174320
PAT_001687,Danielle Brown,1994-12-27,M,GB2453605
PAT_001688,Seth Gregory,2002-11-29,F,PK3969137
PAT_001689,Julie Ryan,1953-04-20,F,NG5307291
PAT_001690,Jonathan Pennington,1988-02-10,M,RU4285529
PAT_001691,James Davidson,1980-12-07,F,US7997599
PAT_001692,Megan Cooper,1972-05-27,F,US5487412
PAT_001693,Lauren Campos,1960-01-18,M,US8180744
PAT_001694,Amber Gray,1959-05-22,M,NG2120683
PAT_001695,Sonya Carpenter,1980-06-30,F,PK8355064
PAT_001696,Brenda Horn,1958-03-24,M,SA1853075
PAT_001697,Erin Gonzalez,1957-03-22,F,SA6789759
PAT_001698,Anthony Alvarez,1965-05-01,F,US4274025
PAT_001699,Vanessa Gutierrez,1989-06-04,F,PK9804607
PAT_001700,Jeremy Williams,2001-11-02,M,US1394690
PAT_001701,Mark Johnson,1992-04-10,M,US3628556
PAT_001702,Sharon Trevino,1985-12-11,F,AU8389225
PAT_001703,James Rice,1954-12-17,M,GB8904756
PAT_001704,Jennifer Thompson,1974-10-04,F,AU4179195
PAT_001705,Elizabeth Evans,1964-11-28,M,AU2605961
PAT_001706,Nicole Johnson,1989-02-28,M,NG3954705
PAT_001707,Judith Black,1972-03-08,M,NG4522597
PAT_001708,Tracy Bean,1972-03-15,F,AU4652753
PAT_001709,Matthew Welch,2005-02-05,F,US3557121
PAT_001710,Jason Smith,1969-10-01,F,AU9858074
PAT_001711,Melissa Ball,1999-12-05,M,SA7158721
PAT_001712,Janice Rodriguez,1973-11-17,F,AU5335101
PAT_001713,Jennifer Anderson,1962-12-03,M,US2178798
PAT_001714,Kerry Pittman,1954-07-19,M,BD1230784
PAT_001715,Bryan Brown,1996-08-29,F,PK1794761
PAT_001716,Casey Livingston,1983-08-20,F,US3976099
PAT_001717,Steven Baker,1983-11-26,F,PK4874601
PAT_001718,Gabriel Larson,1950-03-29,M,
PAT_001719,Catherine King,2004-08-19,F,NG3004688
PAT_001720,Miss Sheri Yoder MD,1972-02-21,M,NG7588063
PAT_001721,Paul Cochran,1983-12-23,M,GB9291768
PAT_001722,Brenda Martin,1959-05-11,M,KE7714244
PAT_001723,Cindy Carlson,1970-03-11,F,AU3679043
PAT_001724,Teresa Moore,1993-05-26,F,PK1460141
PAT_001725,Jackson Smith,1979-07-13,F,
PAT_001726,Deborah Hayes,1986-10-09,M,US6614743
PAT_001727,Tammy Brown,1956-05-10,M,SA2132899
PAT_001728,Mariah Cole,1977-08-07,F,BD3088182
PAT_001729,Paul Allen,1983-04-13,M,US2681471
PAT_001730,Ryan Vance,1991-04-20,M,US8031589
PAT_001731,Harold Walker,1951-10-11,M,
PAT_001732,Dawn Molina,1962-05-29,F,GB4113549
PAT_001733,Robin Clarke,1974-08-27,M,SA3265288
PAT_001734,Diana Smith,1971-08-23,F,KE7446096
PAT_001735,James Miles,1996-06-03,F,US2060624
PAT_001736,Stephanie Payne,1956-01-22,F,US6958716
PAT_001737,Shannon Hudson,1969-11-05,F,AU6457161
PAT_001738,Mrs. Jaclyn Crosby MD,1967-05-16,F,US6019041
PAT_001739,Craig Martinez,1998-01-19,F,BD2921023
PAT_001740,James Roman,1954-12-23,F,KE6970781
PAT_001741,Lori Rice,1978-09-20,M,KE9715916
PAT_001742,Benjamin Watson,1967-02-08,M,PK4117152
PAT_001743,Robert Faulkner,1964-04-04,M,US9704794
PAT_001744,Mary Thompson,1969-12-23,M,NG1586918
PAT_001745,Tiffany Lopez,1994-11-22,F,PK2871934
PAT_001746,Cathy Ali,1981-06-24,M,
PAT_001747,Betty Reyes,1954-08-17,M,BD7577567
PAT_001748,Vincent Fry,1996-07-28,M,RU8206841
PAT_001749,Jennifer Lopez,1997-05-22,M,US3848878
PAT_001750,Leonard Lawrence,1998-09-28,F,PK4423202
PAT_001751,Lindsay Nicholson,1986-11-03,M,RU7682864
PAT_001752,Nancy Moody,1968-10-10,M,GB5180235
PAT_001753,Danielle Flores,1983-09-02,M,US9435800
PAT_001754,Karen Kaufman,1982-08-18,F,NG3183445
PAT_001755,Julie Simpson,2004-01-28,M,KE4715225
PAT_001756,Jacqueline Norman,1978-09-23,F,
PAT_001757,Bryan Scott,1998-08-16,M,US5621313
PAT_001758,Joseph Camacho,1967-09-07,M,GB5975920
PAT_001759,Lawrence Wright,1984-04-06,M,PK6751398
PAT_001760,Larry Reese,2003-04-11,F,KE2682233
PAT_001761,Linda Moore,1985-07-23,M,GB4280880
PAT_001762,Adam Smith,1992-08-03,M,US6857543
PAT_001763,Edward Pearson,2000-10-22,F,BD9571730
PAT_001764,Julie Ross,1958-05-17,M,US2502293
PAT_001765,Misty Acevedo,2003-04-18,F,
PAT_001766,Elizabeth Pearson,1992-10-01,M,DE9718828
PAT_001767,Andrew Mitchell,1967-03-08,M,AU3247032
PAT_001768,Andrea Turner,1973-08-10,F,KE5150798
PAT_001769,Jose Andrews,1979-12-01,F,BD4445898
PAT_001770,Steven Bridges,1975-11-16,F,NG9569311
PAT_001771,Andrew Salazar,1982-07-21,F,NG6303653
PAT_001772,Garrett Powers,1990-06-11,M,
PAT_001773,Patrick Estrada,1964-08-05,F,SA8062675
PAT_001774,Elizabeth Smith,1973-07-22,M,GB4167001
PAT_001775,Michelle Hernandez,1951-12-04,M,RU1970805
PAT_001776,Cynthia Decker,2002-05-05,F,
PAT_001777,Timothy Holder,1999-05-16,F,GB5659828
PAT_001778,Tommy Garcia,2002-12-06,F,AU9398780
PAT_001779,Kristin Oliver,1968-06-05,F,US7126537
PAT_001780,Todd Bentley,2002-08-19,M,US8371221
PAT_001781,Kimberly Kaufman,1961-07-15,M,GB7225038
PAT_001782,Mariah Mathews,1967-03-17,M,US2292947
PAT_001783,Carlos Smith,1978-10-22,M,AU8903335
PAT_001784,Jacob Burton,1989-12-16,F,GB3259961
PAT_001785,Luis Ortiz,1951-11-09,F,
PAT_001786,Jessica Cook,1978-09-12,M,AU2257085
PAT_001787,Dr. Matthew Oconnor,1954-08-10,F,SA1207507
PAT_001788,Donna Bradford,1981-07-08,F,RU7927403
PAT_001789,Robert Parker,1963-08-16,M,RU9378428
PAT_001790,Michael Stewart,1971-12-24,F,DE5580968
PAT_001791,Mary Olson,2003-06-30,M,GB1072760
PAT_001792,Sarah Davis,1993-06-19,F,AU7544699
PAT_001793,John Gonzalez,1999-12-13,M,NG9867727
PAT_001794,Jon Arellano,1956-06-14,F,US1925787
PAT_001795,Jason Todd,1980-01-14,F,BD9094663
PAT_001796,Cassie Williams,1974-11-21,M,GB7018382
PAT_001797,Sandra Garner,1974-02-25,F,GB3993198
PAT_001798,Miranda Garza,1963-12-25,F,GB1662243
PAT_001799,Cheryl Stevens,1987-05-21,M,BD4694065
PAT_001800,Nicholas Patrick,1987-04-04,M,DE3671039
PAT_001801,Emily Bradford,1991-05-30,F,PK6077340
PAT_001802,Lee Chan,1977-09-15,F,DE7635895
PAT_001803,Alexander Brady MD,1989-04-04,F,SA8749701
PAT_001804,Patricia Edwards,2004-09-30,F,GB1254461
PAT_001805,Wayne Smith,1991-04-01,F,BD2424593
PAT_001806,Jennifer Jones,1966-06-03,M,PK3867156
PAT_001807,Andrea Ruiz,1973-11-23,X,
PAT_001808,Thomas Grant,1954-11-24,F,SA6247418
PAT_001809,Heather Webb,1969-09-09,F,PK7536932
PAT_001810,Matthew Shields,1981-04-11,M,GB2729775
PAT_001811,Angela Bell,2005-08-14,M,PK4224688
PAT_001812,David Jacobs,1981-07-17,M,SA8544946
PAT_001813,Robert Hicks,1960-04-13,F,AU6103528
PAT_001814,Joshua Miller,1991-10-30,M,KE1362103
PAT_001815,Anna Woodard,1999-11-30,M,GB6704507
PAT_001816,Devon Owen,1996-06-01,M,SA8473093
PAT_001817,Jacob Guzman,1956-10-21,F,BD8890884
PAT_001818,James Lucas,1972-11-29,F,SA2290214
PAT_001819,April Mitchell,1977-03-05,F,AU2927640
PAT_001820,Stephanie Owen,1957-06-22,F,US4466683
PAT_001821,Emma Collins,1951-09-13,F,GB3494553
PAT_001822,Victoria Vang,1960-06-20,F,
PAT_001823,Thomas Joseph,1954-03-19,X,
PAT_001824,Brad Ryan,1973-10-16,F,SA2218108
PAT_001825,Leah Long,1972-06-29,F,US4926047
PAT_001826,Todd Simon,1980-11-26,F,US5181895
PAT_001827,Jacob Hoover,1992-05-21,M,SA3509757
PAT_001828,Melinda Ramirez,1983-12-21,F,SA3279102
PAT_001829,Natasha Keller,1953-05-28,M,PK1483009
PAT_001830,Alexandria Myers,1986-09-23,F,US6125641
PAT_001831,Michael Davis,1980-06-13,M,US7582122
PAT_001832,Diane Kim,1952-10-22,F,BD3085312
PAT_001833,Sharon Bowen,1985-01-15,M,KE4965427
PAT_001834,Jason Gonzalez,1962-10-20,F,BD5664716
PAT_001835,Lisa Mcdonald,1956-03-24,F,KE9939358
PAT_001836,Alex Velez,1999-07-16,M,US6800190
PAT_001837,Pamela Pittman,1962-03-08,F,RU9874956
PAT_001838,Mr. Vincent Hansen,1979-10-23,F,US4097851
PAT_001839,Amanda Jackson DVM,1981-01-02,M,GB3882458
PAT_001840,Linda Gilbert,1964-05-08,F,DE7268096
PAT_001841,Miranda Schwartz,1968-01-09,F,SA3075887
PAT_001842,Diane Walker,1977-07-30,M,AU1159614
PAT_001843,Michael Lozano,1998-02-20,F,AU7921457
PAT_001844,Jamie Davis,1962-03-06,F,BD9801034
PAT_001845,Kristen Hoffman,1981-09-08,F,DE8813304
PAT_001846,Robert Allen,1980-05-14,F,AU6162356
PAT_001847,Ashley Douglas,1967-08-17,F,AU6892622
PAT_001848,Zachary Lindsey,1959-05-23,F,US7897021
PAT_001849,Caitlin Smith,1958-09-01,X,GB4969198
PAT_001850,Taylor Gregory,1979-09-01,F,SA9643058
PAT_001851,Trevor Cox,1956-02-22,F,US7612975
PAT_001852,John Wolfe,1993-09-28,M,DE5692286
PAT_001853,Sharon Shelton,1995-01-23,F,SA1942914
PAT_001854,Brenda Davidson,1962-09-10,F,PK9840126
PAT_001855,Jeremy Brown,1990-06-27,M,NG3672575
PAT_001856,Benjamin Williamson,1990-11-05,M,GB5867154
PAT_001857,David Nelson,1962-04-10,F,KE3666233
PAT_001858,Katelyn Hughes,1968-05-12,M,PK4941588
PAT_001859,Shane White,1962-02-07,F,US5142736
PAT_001860,Peter Bennett,1972-07-05,M,KE4930449
PAT_001861,David Smith,2000-10-06,F,PK6738189
PAT_001862,Angela Nichols,1973-10-09,M,GB9131583
PAT_001863,James Hess,1975-02-11,F,GB5801294
PAT_001864,Abigail Meadows,1962-07-21,F,KE1560909
PAT_001865,Amber Reilly,1955-12-03,M,NG8265553
PAT_001866,David Foster,1968-04-29,M,RU8956801
PAT_001867,Ronald Watson,2002-12-22,F,US8125449
PAT_001868,Joseph Davidson,2005-01-20,M,RU6630137
PAT_001869,Jessica Monroe,1998-05-10,M,GB1281796
PAT_001870,Laurie Smith,1952-03-30,M,US2377913
PAT_001871,Andrew Wilson,1974-12-15,M,US8408150
PAT_001872,Robert Young,2003-07-26,F,KE1935711
PAT_001873,Jacob Johnson,1952-03-11,M,US4708710
PAT_001874,Christopher Gonzalez,1952-09-10,F,AU8249099
PAT_001875,Nicole Carroll,1977-08-15,M,NG5811770
PAT_001876,Holly Mathews,1956-10-01,M,NG2158031
PAT_001877,Samantha Costa,1966-11-01,F,AU6623276
PAT_001878,Marcus Ferguson,2003-11-20,M,
PAT_001879,Scott Ford,1963-06-07,M,BD9965283
PAT_001880,Theresa Michael,1981-07-08,M,GB8155852
PAT_001881,Deanna Nelson,1978-01-03,F,SA6178569
PAT_001882,Tiffany Williams,1959-12-26,M,PK9887402
PAT_001883,Justin Jacobs,1965-03-09,M,NG5727249
PAT_001884,Tammy Perez,1983-06-26,F,BD2561789
PAT_001885,Justin Mccoy,1993-02-27,F,US5519718
PAT_001886,Joshua Price,1951-06-10,F,SA7052447
PAT_001887,Kendra Campbell,1982-02-20,M,AU6008383
PAT_001888,Diane Rivera,1984-12-11,M,US8117091
PAT_001889,Mrs. Carol Bauer,2005-01-10,F,GB2685066
PAT_001890,Caleb Jensen,1984-12-28,F,GB3804870
PAT_001891,Michael James,1990-11-05,F,BD4167455
PAT_001892,Robert Garcia,1993-03-16,M,GB6750081
PAT_001893,Charles Weaver,1959-03-27,M,GB3862384
PAT_001894,Adam Cole,1982-06-22,F,BD6297340
PAT_001895,Norma Winters,1965-09-11,M,
PAT_001896,Carlos Gomez,1974-07-02,F,PK9488154
PAT_001897,Holly Diaz MD,1986-11-02,M,GB9060825
PAT_001898,Melanie Jones,1957-04-18,F,GB8110500
PAT_001899,Nicholas Tapia,2004-07-19,M,
PAT_001900,Robert Stewart,1993-02-07,F,
PAT_001901,Joseph Armstrong,1986-01-16,M,GB8385288
PAT_001902,Christopher Turner,1958-04-23,M,KE2098458
PAT_001903,Kevin Parker,1970-07-20,M,AU9072432
PAT_001904,Amy Bennett,1988-11-23,M,AU7872720
PAT_001905,Patrick Lewis,2000-04-27,M,GB3395887
PAT_001906,Erica Mcmillan,1966-01-22,M,
PAT_001907,Lauren Flores,1972-05-16,M,PK6885199
PAT_001908,Kenneth Moss,1986-04-05,M,US7555017
PAT_001909,Tara Walsh,1976-04-14,F,US4910549
PAT_001910,Jessica Manning,1954-08-30,F,US7344197
PAT_001911,Nathan Carpenter,1979-10-24,F,US8185434
PAT_001912,James Martinez,1980-11-11,M,RU7416049
PAT_001913,Stanley Reeves,1973-12-07,F,US6597648
PAT_001914,Mark Hansen MD,1973-08-04,F,RU5471062
PAT_001915,Jacqueline Harrison,1958-02-24,M,BD1000165
PAT_001916,Tracy Chaney,2002-03-08,M,US5402240
PAT_001917,Sarah Solis,1998-03-24,M,US7112353
PAT_001918,Derek Foley,1990-09-17,M,RU5800435
PAT_001919,Ariel Lopez,1974-05-18,X,US3915815
PAT_001920,Ian Burns,1988-09-04,F,BD4547062
PAT_001921,Samuel Thomas,1973-01-26,M,US6416405
PAT_001922,Melissa Lewis,1962-02-17,M,SA4341778
PAT_001923,Christine Murillo,1971-11-15,M,NG8773157
PAT_001924,David Lopez,1986-12-17,F,PK6549999
PAT_001925,Brandi Allen,1979-10-12,F,PK9584857
PAT_001926,James Lara,1975-02-15,F,SA6533180
PAT_001927,Jamie Villarreal,1985-09-13,F,SA6512849
PAT_001928,Deanna Gonzales,1980-03-11,M,US8245873
PAT_001929,Lisa Fletcher,1991-07-07,M,NG9834974
PAT_001930,Joseph Morgan,1990-05-09,F,GB7676533
PAT_001931,Chad Parks,1984-06-26,F,US6209994
PAT_001932,Brandon Barker,1952-09-08,F,PK2063406
PAT_001933,Jay Lopez,1965-07-04,M,NG3042090
PAT_001934,Casey Ramirez,1956-11-01,F,US1799608
PAT_001935,Tyrone Simpson,2004-06-14,M,KE9293604
PAT_001936,Kevin Hernandez,1975-12-04,M,PK2607681
PAT_001937,Rebecca Webb,1975-07-21,M,BD9599775
PAT_001938,Shannon Murphy,1963-10-16,F,
PAT_001939,Glenn Mosley,1981-06-29,M,US6077320
PAT_001940,Timothy Morris,1968-10-06,F,GB4740290
PAT_001941,Lisa Jones,1975-12-13,F,PK3051829
PAT_001942,Connie Johnson,2004-05-04,F,AU2002927
PAT_001943,Jennifer Mitchell,1991-03-30,F,PK7388173
PAT_001944,Michael Lopez,1963-09-15,M,GB5699374
PAT_001945,Wendy Hardy,1995-12-18,M,
PAT_001946,Carl Cole,1971-06-11,M,US5654693
PAT_001947,Dalton Jones,1951-10-19,F,SA8923617
PAT_001948,Katie Choi,1956-05-13,M,US8227339
PAT_001949,Jennifer Evans,1959-01-03,M,DE8596226
PAT_001950,Timothy Ramos,1989-08-06,M,PK8211731
PAT_001951,Isaiah Young,1959-09-29,M,AU7775990
PAT_001952,Frances Edwards,1989-03-28,F,US5691968
PAT_001953,Rebecca Taylor,1968-04-04,M,DE1266279
PAT_001954,Nicholas Johnson,1958-06-10,M,GB8439402
PAT_001955,Michael Luna,1991-06-20,F,DE2055243
PAT_001956,Jon Smith,1973-02-11,F,PK7871186
PAT_001957,Jessica Harrington,1986-11-22,M,AU2673006
PAT_001958,Christopher Chavez,1985-07-07,M,PK9188811
PAT_001959,Keith Smith,1967-04-23,F,PK5950137
PAT_001960,Sandra Smith,1989-09-17,M,US6277293
PAT_001961,Michael Lee,1981-11-27,M,
PAT_001962,Vickie Walters,1986-10-01,M,
PAT_001963,Terri Ware,1974-06-14,M,GB1966173
PAT_001964,Theresa Daniel,1966-02-03,F,RU7247301
PAT_001965,Jerome Edwards,1974-04-29,F,SA1825072
PAT_001966,Mr. Brian Schaefer,1970-06-14,F,KE3156958
PAT_001967,Miss Laura Washington,1982-05-18,F,
PAT_001968,Kimberly Ramirez,1998-06-25,F,SA8226907
PAT_001969,Rachel Scott DVM,1962-08-21,F,BD9474257
PAT_001970,Amanda Singh,1953-05-31,M,US8456669
PAT_001971,Robin Smith,1983-03-25,F,GB4207192
PAT_001972,Michael Stanley,1975-11-01,F,NG2565368
PAT_001973,Jason Brennan,1995-07-27,M,PK7530891
PAT_001974,Cameron Mcgee,1983-12-08,F,DE1376017
PAT_001975,Dawn James,1952-07-22,F,US1034848
PAT_001976,Christopher Kelley,1962-03-24,M,US6749624
PAT_001977,Shirley Shaffer,1950-10-27,F,GB7121601
PAT_001978,Sean Garcia,1968-02-02,M,US7215298
PAT_001979,Kristina Morgan,1985-01-28,M,US2171335
PAT_001980,Aaron Jones,1989-05-02,M,US8245782
PAT_001981,Jessica Hale,1996-07-13,M,AU8740989
PAT_001982,Carla Browning,1965-07-28,M,KE3088115
PAT_001983,Valerie Warner,1982-09-29,F,DE8759996
PAT_001984,Jonathan Thompson,1969-11-04,M,
PAT_001985,Mallory Peterson,1955-06-15,M,US3025962
PAT_001986,Nicole Horton,1954-06-09,M,AU5692698
PAT_001987,Jose Mason,1984-03-07,F,GB8330012
PAT_001988,Vincent Harris,1978-07-23,F,GB1837719
PAT_001989,Kimberly Webb,1963-11-15,F,GB5323569
PAT_001990,Joshua Abbott,1984-07-12,F,GB5637984
PAT_001991,Joseph Cruz,1999-12-02,M,GB7105075
PAT_001992,Nicholas Wolfe,2002-08-06,F,GB7757374
PAT_001993,Marvin Morales,1993-01-04,F,AU9262722
PAT_001994,William Greene,1958-04-22,M,SA8761893
PAT_001995,Tracy Myers,1967-03-13,F,AU5983508
PAT_001996,Erika Patterson,1964-07-30,M,US1829286
PAT_001997,Derrick Hampton,2005-01-26,M,NG7241059
PAT_001998,Stephen Weaver,2002-05-29,F,DE6919355
PAT_001999,Selena Hodge,1986-04-29,F,AU4263411
PAT_002000,Dakota Brock,1987-11-04,M,NG8738933
PAT_002001,Joshua Berry,1969-06-17,F,US5884615
PAT_002002,Bradley Morales,1954-06-23,F,US3648007
PAT_002003,Jason Kelly,1991-03-19,M,US7414187
PAT_002004,Jerry Hunter,1981-03-24,F,GB1185185
PAT_002005,Erin Wade,1967-01-02,M,PK8297851
PAT_002006,Jennifer Murphy,1962-03-16,M,PK2515159
PAT_002007,Stacy Bell,1966-05-29,F,SA5918700
PAT_002008,Carolyn Harrison MD,1967-06-05,M,BD7720259
PAT_002009,James Griffin,1968-08-17,M,BD8949388
PAT_002010,Rhonda Stokes,1958-05-29,M,KE5620405
PAT_002011,Doris Brown,1977-01-09,M,SA2315118
PAT_002012,James Scott,1963-02-17,F,KE8657471
PAT_002013,Christopher Scott,1961-02-04,M,
PAT_002014,Barry Hunt,2000-04-23,M,GB1152584
PAT_002015,Tasha Smith,1992-07-10,M,RU7403764
PAT_002016,Sandra Harris,1963-01-23,M,GB7307684
PAT_002017,Joseph Simmons,1961-12-22,M,RU8522095
PAT_002018,Cynthia Flores,1982-04-20,F,GB5616927
PAT_002019,Andrew Brown,1997-10-29,M,RU6001020
PAT_002020,David Lee,2000-10-03,M,PK8024626
PAT_002021,Elizabeth Zuniga,1995-06-28,M,DE2318988
PAT_002022,Daniel Day,1955-07-20,F,BD3491412
PAT_002023,Andrew Steele,1967-06-16,F,US1939256
PAT_002024,Kimberly Fitzgerald,1961-05-29,F,BD7218588
PAT_002025,William Frank,2005-02-06,F,KE1048355
PAT_002026,Benjamin Adams,1993-06-05,F,US8754923
PAT_002027,Lauren Hamilton,1973-05-21,F,NG1642054
PAT_002028,Lawrence Carlson,1979-05-03,M,DE2339790
PAT_002029,Tamara Woodard,1952-11-16,M,US9276058
PAT_002030,Brandy Nelson,1965-12-03,F,SA8167886
PAT_002031,Kristi Rodriguez MD,2003-11-16,F,BD2633404
PAT_002032,Kelsey Evans,1963-01-05,M,PK2399729
PAT_002033,Julie Gomez,1950-02-20,M,DE4667320
PAT_002034,Nicole Vasquez,1955-10-17,M,US7189637
PAT_002035,Valerie Smith MD,1978-03-25,F,US5381234
PAT_002036,Tiffany Berry,1994-07-30,M,RU1264000
PAT_002037,Stacy Silva,1983-09-09,F,US5810790
PAT_002038,Kimberly Taylor,1994-07-11,M,PK8375771
PAT_002039,Mrs. Michelle King,1964-07-12,M,GB1387758
PAT_002040,Shane Gates,1969-03-16,M,GB4628973
PAT_002041,Tracy Gomez,1994-04-17,F,GB6657300
PAT_002042,Vanessa Taylor,1978-08-06,F,SA5774416
PAT_002043,Lisa Pitts,1957-05-09,F,US3609905
PAT_002044,Ryan Hernandez,1961-05-13,M,DE6254408
PAT_002045,Justin Alexander,1959-11-24,F,GB7928434
PAT_002046,Dustin Kim,1980-10-19,M,GB4148216
PAT_002047,Jacob Fry,1965-09-11,F,GB8119321
PAT_002048,Andrea Lam,1960-09-18,M,US5792382
PAT_002049,Wendy Mcdaniel,1991-06-04,M,KE7889597
PAT_002050,Christina Mason,2002-07-01,F,GB6981646
PAT_002051,Betty Obrien,1955-04-05,M,NG8638701
PAT_002052,Kelly Sanders,1978-06-22,M,US8732915
PAT_002053,Teresa Rodriguez,1985-04-25,F,US4012708
PAT_002054,David Miranda,1953-02-22,F,AU8870371
PAT_002055,Steven Johnson,1981-03-21,F,GB8859567
PAT_002056,Miranda Bennett,1984-04-14,F,DE8772554
PAT_002057,Diana Stevens,1967-07-19,F,
PAT_002058,Ebony Black,1954-02-23,F,GB9516873
PAT_002059,William Lee,1951-01-15,F,US6900487
PAT_002060,Jamie Bridges,1979-05-30,F,BD1184204
PAT_002061,Vincent Melendez,1988-03-20,M,US5245295
PAT_002062,Brandon Cain,1980-06-24,F,BD9128426
PAT_002063,Rebecca Davis,1966-09-17,M,NG5140548
PAT_002064,Brittany Maxwell,1972-01-12,F,SA3505341
PAT_002065,Samantha Underwood,1956-04-11,M,US1248624
PAT_002066,Jennifer Dunn,2001-09-05,M,BD7303337
PAT_002067,Taylor Reilly,1986-02-20,M,DE6389472
PAT_002068,Joe Thomas,1950-03-27,F,US8907586
PAT_002069,Barbara Weber,1959-03-14,M,BD7332301
PAT_002070,Alyssa Hernandez,2001-09-07,M,GB2330627
PAT_002071,John Carey,1971-12-07,M,US9386551
PAT_002072,Michael Hogan,1951-01-16,F,AU5883468
PAT_002073,Emily Nelson,1995-03-13,M,US7167574
PAT_002074,Kimberly Little,1992-08-26,M,BD9191006
PAT_002075,Stephen Ramirez,1955-05-20,M,US6849394
PAT_002076,Jeremy Morris,1966-02-13,F,US3320618
PAT_002077,Mark Wallace,1992-10-28,F,SA8644935
PAT_002078,Erik Watkins Jr.,1964-02-09,F,SA4330313
PAT_002079,Sharon Fernandez,2000-06-08,M,US9963199
PAT_002080,Sarah Curry,1972-02-07,F,GB4855980
PAT_002081,Austin Aguilar,1963-12-22,M,DE4146456
PAT_002082,Lance Grant,1981-11-15,M,US4728932
PAT_002083,Jordan Franklin,1987-06-04,F,US4029062
PAT_002084,Jeanette Sullivan,1981-09-25,F,DE1570523
PAT_002085,Kathy Pierce,1971-04-20,F,US7097446
PAT_002086,Daniel Johnson,1966-10-11,F,GB2414945
PAT_002087,Alan Mendoza,1971-12-03,F,NG9850325
PAT_002088,David Ross,1954-09-30,F,RU8662789
PAT_002089,Brian Welch,1951-08-17,F,BD5851647
PAT_002090,Alyssa Atkinson,1980-08-31,M,AU2525919
PAT_002091,Kimberly Aguirre,1983-10-15,M,GB8426352
PAT_002092,Timothy Holland,1959-08-20,F,GB8429842
PAT_002093,Maria Boone,1968-11-25,M,KE2905476
PAT_002094,Annette Wang,1961-06-04,M,GB2084949
PAT_002095,Alyssa Carey,1992-10-03,F,AU1989239
PAT_002096,James Espinoza,2003-01-31,F,GB4931251
PAT_002097,Linda Marks,2005-09-27,M,BD8571650
PAT_002098,Kevin Robinson,1975-08-27,M,GB5781115
PAT_002099,Leah Thomas,1998-02-19,F,KE9483522
PAT_002100,Stephanie Walker,1955-09-10,M,BD2484286
PAT_002101,Kayla Spears,1998-09-26,F,BD8328596
PAT_002102,Eric Barrera,2001-02-13,M,KE4966374
PAT_002103,Dana Stewart,2000-09-09,M,GB6453438
PAT_002104,Garrett Dixon,1983-05-04,F,KE5128415
PAT_002105,Joseph Blair,2002-01-15,F,GB4807729
PAT_002106,William Morgan,1992-03-25,F,GB3058140
PAT_002107,Alexis Tucker,1993-02-05,M,BD6711362
PAT_002108,Brian Jackson,2003-12-22,F,NG7295643
PAT_002109,Stephanie Robinson,1957-07-04,F,DE4600273
PAT_002110,Gerald Williams,1991-07-09,F,NG3491557
PAT_002111,Emily Lowe,1970-07-29,F,PK9909754
PAT_002112,Cameron Davis,1997-02-03,F,US3743152
PAT_002113,Larry Wiley,1982-10-09,F,PK1635470
PAT_002114,Donald Short,1958-10-09,F,KE4007382
PAT_002115,Eric Holden,1994-02-14,F,GB3483522
PAT_002116,Ashley Jones,1994-12-18,F,GB6101576
PAT_002117,Stephen Tapia,1956-12-22,F,RU6286163
PAT_002118,Meredith Goodwin,1994-09-28,F,US1035665
PAT_002119,Vanessa Mcguire,1980-08-09,M,GB8651913
PAT_002120,Christina Nichols,1962-06-07,M,RU5511913
PAT_002121,Frederick Brady,1950-02-26,M,US5844486
PAT_002122,Paula Guzman,1980-03-20,M,US6783662
PAT_002123,Lauren Kim,1954-04-17,F,SA5166323
PAT_002124,Lisa Medina,1985-11-04,M,NG8338368
PAT_002125,Brenda Fowler,1990-08-23,M,KE7151584
PAT_002126,Richard Adams,1950-09-18,M,US7188447
PAT_002127,Edgar Jenkins,1979-04-28,F,
PAT_002128,Robert Johnson,1986-02-27,M,NG1418726
PAT_002129,Crystal Barton,1975-06-15,F,
PAT_002130,Jessica Evans,1995-09-10,M,GB8479598
PAT_002131,Jeffrey Pace,1950-03-06,F,SA5507925
PAT_002132,Karen Chang,1999-11-06,M,SA5744047
PAT_002133,Christine Wilson,1953-03-12,F,US4385739
PAT_002134,Kathleen Chavez,1984-07-11,F,SA8225939
PAT_002135,Lindsay Warner,1967-08-11,M,NG1547013
PAT_002136,Jeffrey Garcia,1957-01-31,F,US4630001
PAT_002137,Justin Paul,1984-10-24,F,PK2704288
PAT_002138,Breanna Gallegos,1993-09-11,M,PK1935014
PAT_002139,Jacob Thornton,1981-05-17,F,
PAT_002140,Christopher Underwood,1962-01-04,F,BD9684030
PAT_002141,Eric Bennett,1961-09-07,X,GB7982062
PAT_002142,Jacqueline Pierce DDS,1972-03-07,F,SA9570758
PAT_002143,David Reynolds,1964-03-28,X,US3605165
PAT_002144,Travis Lozano,2005-01-29,F,PK2924507
PAT_002145,Robert Bradford,1998-02-18,F,DE9435839
PAT_002146,Jasmine Acosta,1979-12-30,F,GB1054317
PAT_002147,Mark Kelly,2000-06-18,F,GB5145073
PAT_002148,Bradley Burton,1981-11-20,X,US3523700
PAT_002149,Timothy Hickman,1977-10-18,F,BD4522736
PAT_002150,Arthur Smith,1951-03-11,M,DE8116069
PAT_002151,Christopher Martin,1975-06-20,F,GB4054043
PAT_002152,Anna Cunningham,1994-09-19,F,SA3620079
PAT_002153,Roy Mitchell,1981-01-05,F,DE9429519
PAT_002154,Mrs. Pamela Monroe DDS,2002-01-09,M,NG6061226
PAT_002155,Steve Thornton,1996-11-10,M,DE9462556
PAT_002156,Justin Benson,1968-12-11,M,DE9607532
PAT_002157,Donna Fitzgerald,1955-02-07,F,SA8283410
PAT_002158,Robert Villarreal,1985-02-11,M,NG7220573
PAT_002159,Donna Walsh,2002-03-14,F,PK8978871
PAT_002160,Dakota Villa,1990-12-04,M,PK1895832
PAT_002161,Jessica Farrell,1963-02-12,F,GB1211702
PAT_002162,Timothy Johnson,1963-05-31,F,GB1348414
PAT_002163,Lauren Mann,1983-09-07,F,US3441859
PAT_002164,Justin Lopez,1986-01-13,M,US3710020
PAT_002165,Joe Greene,1959-05-13,F,DE8249411
PAT_002166,Jason Graham,2001-05-18,M,US3050970
PAT_002167,Charles Edwards,2004-10-13,F,GB7189420
PAT_002168,David Thompson,2000-05-09,M,AU5728384
PAT_002169,Amanda Leon,1961-03-22,M,US3155528
PAT_002170,Brandi Hale,1993-05-04,M,GB3051906
PAT_002171,Louis Stephens,1999-09-17,M,AU4644735
PAT_002172,William Hardy,1993-05-22,F,NG2310985
PAT_002173,Kristen Vance,1995-05-23,M,AU3463776
PAT_002174,Luis Smith MD,2002-09-14,M,GB8672788
PAT_002175,Benjamin Hernandez,1971-03-21,M,RU8699396
PAT_002176,Robert Martinez,2000-05-23,M,SA8087829
PAT_002177,Luis Lewis,1957-01-05,M,GB2105796
PAT_002178,Hayley Ellis,1989-03-08,M,GB9121336
PAT_002179,Susan Hamilton,1966-10-03,M,DE7513099
PAT_002180,Sean Bennett,1989-04-01,F,RU5423637
PAT_002181,Joshua Sanchez,1960-02-02,M,GB2936979
PAT_002182,Jamie Jones,1971-01-10,F,PK2268345
PAT_002183,Nicole Moss,2000-10-04,M,KE7425647
PAT_002184,Stephanie Schultz,1984-09-12,M,PK1970295
PAT_002185,Peter Fowler,1975-09-18,M,BD1038218
PAT_002186,Mr. Samuel Baker,1961-04-03,F,SA5464427
PAT_002187,Lawrence Johnson,2001-07-23,M,PK6928492
PAT_002188,Tracy Calhoun,1975-04-13,M,US9010005
PAT_002189,April White,1950-09-06,F,US6181094
PAT_002190,Gwendolyn Chandler,1969-05-15,M,AU5404797
PAT_002191,Sandra Casey,1973-10-14,M,DE6432816
PAT_002192,Dylan Vega,1969-01-14,F,BD6313755
PAT_002193,Jennifer Taylor,1968-04-22,M,DE5901193
PAT_002194,Kimberly Armstrong,2001-11-02,F,
PAT_002195,Paul Frye,1981-09-07,F,GB1853262
PAT_002196,Timothy Hill,1973-06-17,M,BD3710210
PAT_002197,Melissa Brooks,1976-09-21,F,DE7536307
PAT_002198,Mr. Craig Howard,2003-12-08,F,DE1639087
PAT_002199,Michael Chapman,1969-05-25,F,BD6877187
PAT_002200,Julie Holloway,2003-12-02,F,AU6278722
PAT_002201,Cesar Watts,1962-02-07,M,SA2818572
PAT_002202,Kevin Mitchell,1964-03-21,F,AU3468705
PAT_002203,Matthew Coleman,1992-04-15,F,US6468776
PAT_002204,Amber Rice,1965-06-07,F,US5609160
PAT_002205,Anthony Garcia,1976-11-02,M,NG9366333
PAT_002206,Karen Sanchez,1955-09-08,F,DE5421897
PAT_002207,Kevin Nguyen,1970-03-20,F,US8382440
PAT_002208,Danielle Hamilton,1953-09-11,F,
PAT_002209,Carolyn Garcia,1969-02-26,M,US7978917
PAT_002210,Katelyn Dunn,1974-07-23,M,KE4105623
PAT_002211,Anne Gilbert,1968-12-31,F,DE8626961
PAT_002212,Joseph Henderson,2000-10-16,F,DE2973747
PAT_002213,Philip Combs,1977-07-06,M,SA5589566
PAT_002214,Joshua Monroe,1988-06-19,M,US1947794
PAT_002215,Jeffrey Lane,1963-01-02,M,BD2437948
PAT_002216,Tim Griffith,1958-01-16,M,US5624032
PAT_002217,Dennis Mann,1980-07-14,M,DE4586839
PAT_002218,Jared Brown,1968-10-25,F,US1080712
PAT_002219,Cody Shaw,1957-05-18,F,PK6931482
PAT_002220,Vanessa Vazquez,1969-10-03,F,US5477498
PAT_002221,Michael Leonard,1953-11-10,F,GB3187687
PAT_002222,Brenda Roberts,1987-07-10,M,US4842354
PAT_002223,Dylan Hernandez,2005-07-03,F,BD2046370
PAT_002224,John Garcia,1973-12-02,M,US2059630
PAT_002225,Francisco Chapman,1957-12-28,M,US9525891
PAT_002226,Brandon Heath,1968-08-27,M,SA7059258
PAT_002227,David Allison,1992-11-29,M,RU5881833
PAT_002228,Betty Farrell,1971-11-22,M,US7193238
PAT_002229,Andre Flores,1980-10-04,M,DE2842741
PAT_002230,Laurie Lopez,1989-06-29,M,GB3975966
PAT_002231,Jaime Taylor,1970-07-27,F,SA8661983
PAT_002232,Tyler Stevenson,1977-05-14,F,SA5346238
PAT_002233,Sarah Wilson,1982-08-16,F,SA2603565
PAT_002234,Joseph Clark,1951-11-03,F,GB7595375
PAT_002235,Cheryl May,2003-10-09,F,AU3609460
PAT_002236,Jose Moses,1999-12-30,F,AU2340572
PAT_002237,Daniel Sanchez,1977-08-15,F,GB1447045
PAT_002238,Gabriela Heath,1984-10-26,F,AU6856234
PAT_002239,Felicia Robinson,1971-11-25,X,GB5115275
PAT_002240,James Barton,1985-08-17,M,US3500219
PAT_002241,Jeremy Mcguire,2002-05-05,M,US9737083
PAT_002242,Kevin Jordan,1984-10-02,M,GB2302904
PAT_002243,Christopher Brown,1971-07-03,X,GB1244153
PAT_002244,Tiffany Wright,1963-11-10,F,NG6699166
PAT_002245,Mallory Wells,1999-04-21,M,RU6349701
PAT_002246,Samantha Hill,1980-03-06,M,RU7410108
PAT_002247,Mallory Ward,1965-07-16,F,NG3999685
PAT_002248,Sandra Kelly,2005-09-15,M,DE8537477
PAT_002249,Anna Barker,1972-04-29,M,DE4535768
PAT_002250,Vicki Powell PhD,1997-06-03,M,GB2248795
PAT_002251,Andrea Freeman,1987-02-19,M,US9943027
PAT_002252,Toni Wood,1968-08-16,F,RU3309429
PAT_002253,Mark Brown,1984-06-16,M,PK1255578
PAT_002254,Jennifer Garcia,1997-05-21,M,US8066975
PAT_002255,Willie Robinson,1974-12-13,F,BD5114968
PAT_002256,Kevin Wood,1981-01-10,M,US9290794
PAT_002257,Jeremy Riddle,1999-05-09,F,KE8240747
PAT_002258,Phillip Hamilton,1999-03-28,F,US9070045
PAT_002259,David Clark,1990-12-16,M,PK6542217
PAT_002260,Melissa Howe,1955-11-25,F,GB8382812
PAT_002261,Mark Cannon,1984-07-21,F,GB3967867
PAT_002262,Gina Wright,2002-12-10,F,SA5618166
PAT_002263,Shawn Mann,1964-03-13,F,RU1859091
PAT_002264,Katherine Vargas MD,1953-10-11,F,SA8546155
PAT_002265,Brad Davidson,1978-11-15,F,NG5564296
PAT_002266,Melissa Barnes,2005-03-28,F,GB5749710
PAT_002267,Mario Velazquez,1967-07-14,F,SA2456971
PAT_002268,Daniel Hopkins,1956-07-01,M,GB1822159
PAT_002269,Gary Curry,1992-11-22,F,NG9946245
PAT_002270,Kenneth Gutierrez,1982-09-17,F,US4978854
PAT_002271,Nicholas Thomas,1988-02-28,F,GB7957851
PAT_002272,Leslie Young,1953-08-09,M,KE2902588
PAT_002273,Stacy Payne,1981-12-08,M,NG2368002
PAT_002274,Jennifer Gomez,1973-12-23,M,US7666588
PAT_002275,Travis Miller,1974-03-19,X,US3002424
PAT_002276,Richard Rios,1993-01-22,M,AU6489311
PAT_002277,Anita Sanchez,1991-04-18,F,US2220943
PAT_002278,Daniel Anderson Jr.,2005-01-28,M,RU7915157
PAT_002279,Patricia Mejia,1980-09-01,M,AU1799624
PAT_002280,Denise Austin,1968-05-04,M,GB7737132
PAT_002281,Tina Mckee,1980-08-03,M,US3092767
PAT_002282,Steven Hughes,1984-05-28,F,BD3045191
PAT_002283,Daniel Anderson,1969-02-20,M,
PAT_002284,Dustin Bowers,1982-09-13,F,DE9264854
PAT_002285,Elizabeth Mejia,2004-06-03,M,SA4201331
PAT_002286,Frank Ramirez,2005-01-16,F,NG1695614
PAT_002287,Kenneth Guerra,1983-03-04,F,BD5984333
PAT_002288,Ryan Phillips,1971-01-05,F,AU1799515
PAT_002289,Christine Cabrera,1957-12-01,F,GB7741801
PAT_002290,Julia Adkins,1958-01-31,F,US2756823
PAT_002291,Renee Mccoy,1977-10-31,F,US7044006
PAT_002292,Daniel Hoover,1972-06-05,M,GB4977948
PAT_002293,Ryan Miller,2003-07-19,F,GB4086035
PAT_002294,Catherine Gutierrez,1960-03-06,M,RU9368271
PAT_002295,Michelle Bradley,2005-09-13,M,US1946860
PAT_002296,Jason Mayo,1987-03-13,M,PK1051458
PAT_002297,Michael Pierce,1996-09-27,F,AU7290916
PAT_002298,Daniel Rodriguez,1981-05-12,F,RU9334329
PAT_002299,James Jackson,1973-11-01,M,NG2748743
PAT_002300,Laura Wilson,1972-12-09,M,US1297367
PAT_002301,Danielle Guzman,1979-08-05,F,US6013264
PAT_002302,Amanda Webster,2004-03-08,F,KE9696521
PAT_002303,David Stanton,1989-03-05,M,DE8266295
PAT_002304,Thomas Barnes,1979-09-16,F,AU4902695
PAT_002305,Dr. Tyler Hill,1989-02-14,F,US5151133
PAT_002306,Diana Petersen,2000-03-18,F,GB6486716
PAT_002307,Melissa Davis,1969-07-07,F,KE7335987
PAT_002308,Benjamin Hamilton,1960-09-21,F,GB6845697
PAT_002309,Amanda Mcknight,1999-12-16,M,US4309507
PAT_002310,Anna Morales,1952-03-14,M,AU7955522
PAT_002311,Laura Page,1988-08-11,F,KE3484493
PAT_002312,Angela Johnson,1986-05-13,M,US4392618
PAT_002313,Mary Livingston,1950-05-24,M,DE6444665
PAT_002314,Amanda Moreno,1970-06-21,F,PK7490387
PAT_002315,Jennifer Butler,1957-10-10,F,GB6999267
PAT_002316,Thomas Kidd,1971-01-18,M,US6881744
PAT_002317,Andrea Oliver,1981-06-26,M,AU9152415
PAT_002318,Edgar Martinez,2003-06-17,M,GB9233752
PAT_002319,Christina Shaw,1959-03-12,M,GB9600759
PAT_002320,Erin Spencer,1973-05-30,M,KE7138915
PAT_002321,Whitney Clark,2005-04-29,F,NG2280595
PAT_002322,Jeffery Dominguez,1982-04-30,X,RU6570218
PAT_002323,Megan Tucker,1955-04-21,M,US4406627
PAT_002324,Leslie Harris,1992-09-24,F,GB8582604
PAT_002325,Amy Nguyen,1999-07-28,F,NG5501851
PAT_002326,Dr. Stephen Gibbs,1969-11-24,F,DE7015477
PAT_002327,Shawn Patton,1979-07-01,M,RU6952411
PAT_002328,Michael Howe,1985-08-24,M,PK9472006
PAT_002329,Whitney Turner,1963-01-26,M,PK5183960
PAT_002330,Sean Martin,2000-07-20,F,SA6288531
PAT_002331,Kristi Rios,2003-06-13,F,AU5633511
PAT_002332,Bryan Pittman,2001-05-23,M,BD7022152
PAT_002333,Mark Stewart,1973-02-15,F,GB8223595
PAT_002334,Taylor Jones,1965-07-24,M,RU6854518
PAT_002335,Christy Graham,1956-11-27,M,NG4822303
PAT_002336,Isabella James,1988-05-24,M,RU3283400
PAT_002337,Chelsea Jones,1970-11-29,X,BD5291678
PAT_002338,Tracey Johnson,1950-07-19,F,PK1935443
PAT_002339,Elizabeth Arellano,1985-10-19,M,GB6729385
PAT_002340,Jamie Patton,1958-09-08,F,US7412334
PAT_002341,Mrs. Margaret Wilson MD,1960-01-15,M,BD7532194
PAT_002342,Michael Miller,1984-05-01,F,AU6126833
PAT_002343,Gary Jenkins,2005-09-26,M,SA1091957
PAT_002344,Tracy Lopez,1965-04-12,M,RU8661339
PAT_002345,Joshua Olsen,1969-09-20,X,BD7670716
PAT_002346,Zachary Thompson,2001-12-22,M,GB4856477
PAT_002347,Nancy Barry,1995-09-04,X,US9905046
PAT_002348,Mark Campbell,1973-02-21,M,RU7528882
PAT_002349,Ana Zimmerman,1967-11-25,F,AU7152630
PAT_002350,Linda Austin,1985-11-20,F,US9550887
PAT_002351,Suzanne Howard,1954-06-09,F,KE5238797
PAT_002352,Douglas Hudson,1987-09-06,F,
PAT_002353,Connie Brown,1977-08-18,F,KE7950086
PAT_002354,Kevin Fuller,1962-08-26,F,AU7773936
PAT_002355,Jessica Bailey,1959-02-08,F,NG3015022
PAT_002356,Jennifer Diaz,1992-09-14,F,RU4082610
PAT_002357,Elizabeth Thomas,1960-04-16,F,US1493270
PAT_002358,Joan Ramsey DDS,1980-07-20,F,KE7944961
PAT_002359,Casey Valdez,1993-06-18,M,GB6637936
PAT_002360,Alexander Reyes,1999-12-15,F,BD1478694
PAT_002361,Alexander Williams,1966-01-11,F,US5677180
PAT_002362,Zachary Mccall,2000-01-12,F,DE7993274
PAT_002363,Daniel Hatfield,1986-10-08,F,DE2758477
PAT_002364,Matthew Woodward,1987-04-15,M,SA8689515
PAT_002365,Debbie Cobb,2000-03-12,F,GB4703124
PAT_002366,Paula Garcia,1952-10-22,F,GB1688153
PAT_002367,Warren Hooper,2004-05-10,M,US5896049
PAT_002368,Joshua Brown,1971-12-21,M,PK6122456
PAT_002369,William Malone,1974-12-11,F,AU6300399
PAT_002370,Mr. Adam Russell,1995-09-02,F,
PAT_002371,Nathan Martinez,1976-09-03,F,GB7537916
PAT_002372,Mary Taylor,1993-12-03,M,GB8751367
PAT_002373,Charles Thompson,1971-10-14,F,BD5843820
PAT_002374,Adam Ramirez,1975-11-02,M,RU5895264
PAT_002375,Christopher Lee,1991-04-28,M,NG5275162
PAT_002376,Ms. Elizabeth Smith MD,1958-02-24,F,SA9489628
PAT_002377,Kristen Chavez,1962-03-02,M,NG7838936
PAT_002378,Crystal Wu,1951-01-13,F,KE2919362
PAT_002379,Brian Sanchez,1974-12-22,F,PK9874814
PAT_002380,Samantha Bautista,1971-06-20,F,BD8098788
PAT_002381,Fernando Chan,1999-05-03,M,GB8053705
PAT_002382,Charles Miranda,2005-09-25,M,RU6769585
PAT_002383,Bonnie Petersen,2000-10-09,F,NG6799418
PAT_002384,Jessica Wilson,2004-12-10,M,SA1936168
PAT_002385,Mary Huber,2003-09-22,F,
PAT_002386,Amanda Malone,2005-05-07,F,RU1389312
PAT_002387,Alyssa House,1968-08-24,M,GB8587480
PAT_002388,Benjamin Jacobson,1950-08-08,F,NG7669563
PAT_002389,Dwayne Delacruz,1952-07-09,M,US6580151
PAT_002390,Dana Jones,1984-10-16,M,PK7516825
PAT_002391,Peter Buchanan,1977-04-22,F,US7445779
PAT_002392,Susan Spears,1955-05-28,M,
PAT_002393,John Ortiz,1979-02-21,F,US7229021
PAT_002394,Nicholas Fuller,1953-10-09,M,AU5456275
PAT_002395,Casey May,1967-04-15,M,BD2531090
PAT_002396,Tammy Walker,1965-05-28,M,US3995381
PAT_002397,Peter Jimenez,1966-12-18,M,GB9063987
PAT_002398,Maria Donaldson,1992-05-20,F,GB3395018
PAT_002399,Crystal Grant,1968-05-23,M,GB7249579
PAT_002400,Mary Davis,1979-11-06,F,SA8036227
PAT_002401,Lisa Stein,1993-10-27,F,RU4242687
PAT_002402,Timothy Mckee,1951-08-21,M,SA9415476
PAT_002403,Jennifer Johnston,1989-05-01,F,GB9702853
PAT_002404,Gary Morris,1954-01-17,F,DE9022366
PAT_002405,Johnny Watson,1950-01-07,F,AU5672212
PAT_002406,Melissa Smith,1988-02-22,F,KE5905135
PAT_002407,Chelsea Jacobson,1958-03-14,F,BD1145825
PAT_002408,Jason Oconnell,1974-12-15,M,US2634444
PAT_002409,Amber Evans,1977-08-31,F,SA2785301
PAT_002410,Kelly Owen,1992-10-05,M,
PAT_002411,James Luna,1959-06-08,M,RU4035994
PAT_002412,Jason Allen,1979-07-07,M,KE6433908
PAT_002413,Donald Wallace,2001-11-24,M,RU2771458
PAT_002414,James Thomas,1995-12-21,F,PK6035964
PAT_002415,Timothy Barnes,1981-09-05,M,RU3828867
PAT_002416,Elizabeth Nolan,1984-12-01,M,
PAT_002417,Hunter Reid,2003-03-10,M,AU9204258
PAT_002418,Cheyenne Sharp,1978-12-27,M,AU2258685
PAT_002419,Caitlyn Salazar,1976-06-26,F,GB1529193
PAT_002420,Derrick Stevens,1974-01-15,X,DE6381325
PAT_002421,Shannon White,2001-11-08,M,DE8004533
PAT_002422,Robin Schmidt,2004-11-01,F,DE7388655
PAT_002423,Cynthia Taylor,1975-08-10,M,NG9116181
PAT_002424,Daniel Hunt,1961-12-06,M,PK5704667
PAT_002425,Denise Gibson,1968-08-03,F,NG3940596
PAT_002426,Brian Rivera,1990-08-12,M,SA3845970
PAT_002427,Shane Burke,1978-02-08,M,GB6710691
PAT_002428,George Ellis,1973-10-20,M,DE6519271
PAT_002429,Lauren Johnson,1993-08-23,F,US6082655
PAT_002430,Jonathan Lamb,1951-04-16,M,PK2505039
PAT_002431,Donald Wood,1975-03-23,M,KE6956849
PAT_002432,Zachary Lewis,1990-02-19,F,RU1337915
PAT_002433,Lisa Morgan,1950-05-29,F,PK3102023
PAT_002434,Heather Galvan,1978-10-13,M,AU6168375
PAT_002435,Erica Medina,1998-09-17,M,US6179507
PAT_002436,Kelly Perez,1995-04-09,F,GB7226846
PAT_002437,Thomas Taylor,1972-05-28,M,US4828821
PAT_002438,Clinton Macias,1996-03-07,F,US3666210
PAT_002439,Ann Moore,1980-03-16,M,PK9554860
PAT_002440,Dr. Kyle Calderon,1998-10-27,F,PK4144191
PAT_002441,Brandon Marshall,1984-02-16,F,SA5795300
PAT_002442,Cassandra Wilson,1996-10-07,F,US8305451
PAT_002443,Leslie Yoder,1998-09-04,F,GB3798603
PAT_002444,Daniel Garrison,1972-03-23,M,AU8246337
PAT_002445,Jennifer Andersen,1991-12-20,M,AU1980835
PAT_002446,Nicole Maddox,1983-10-26,F,
PAT_002447,David Moore,1955-04-02,F,
PAT_002448,Joseph Pace,1978-02-12,F,GB8031691
PAT_002449,Cody Williams,1991-06-10,F,RU2865597
PAT_002450,Kevin Rodriguez,1971-03-27,F,KE6867724
PAT_002451,David Brooks,1999-10-06,M,US5470675
PAT_002452,Larry Miller,1983-02-26,M,SA2395310
PAT_002453,Anthony Smith,1993-08-31,F,KE1356446
PAT_002454,Maria Jordan,1976-12-29,M,SA3878134
PAT_002455,Clinton Peterson,2002-01-28,M,US1660303
PAT_002456,Megan Graves,1978-11-25,F,BD1180508
PAT_002457,Patrick Gomez,1959-04-05,F,US3990492
PAT_002458,April Cole,2004-01-04,M,GB3746637
PAT_002459,Robin Thomas MD,1954-07-04,F,DE4931007
PAT_002460,Hailey Lara,1960-03-28,M,AU9813394
PAT_002461,Patrick Miller,1989-05-25,M,SA1935921
PAT_002462,Mark Owens,1963-01-07,F,SA8748660
PAT_002463,Patricia Mitchell,1999-04-27,M,RU6406237
PAT_002464,Jeremy Roberts,1992-08-24,M,
PAT_002465,Adam Singh,1992-02-03,F,BD7767405
PAT_002466,Theresa Gomez,1974-08-30,M,PK3289074
PAT_002467,Melissa Garcia,1990-04-06,F,BD5446816
PAT_002468,Jerry Porter,1984-07-17,F,NG2701975
PAT_002469,Michelle Morgan,1954-01-25,F,BD6163844
PAT_002470,Matthew Wong,1969-05-10,F,NG4251825
PAT_002471,Andrea Johnson,1985-09-10,M,KE9079784
PAT_002472,Kristen Underwood,1980-11-17,F,US7485571
PAT_002473,Karen Brown,1987-08-13,F,PK6492163
PAT_002474,Rebecca Weber,1994-10-10,M,US6495194
PAT_002475,David Leonard,1982-09-05,M,GB3406551
PAT_002476,Mark Frazier,1989-03-02,M,PK2362392
PAT_002477,James Petersen,2004-07-08,M,RU8640057
PAT_002478,Christine Sanchez,1997-12-03,M,GB6692642
PAT_002479,Michael Martinez,1950-11-14,M,
PAT_002480,Christopher Melton,1993-10-08,X,PK3488227
PAT_002481,Mark Le,1965-09-02,F,GB3222864
PAT_002482,Holly Walker,1969-04-23,M,
PAT_002483,Mr. Ryan Obrien Jr.,1988-03-08,M,DE3921236
PAT_002484,Todd Sanchez,2001-08-13,F,GB3637198
PAT_002485,Patricia Sanchez,1972-10-22,F,GB7277990
PAT_002486,Kristy Terry,1983-04-26,F,NG3342172
PAT_002487,Michele Jones,1978-07-29,M,DE1269538
PAT_002488,Jeffrey Greene,1989-12-23,M,AU6385889
PAT_002489,Sarah James,1992-06-14,M,US3018551
PAT_002490,Wesley Fischer,1967-04-20,F,GB3494255
PAT_002491,Deanna Henry,1987-05-27,F,AU5962075
PAT_002492,Rebecca Crawford,1982-09-15,F,GB9251090
PAT_002493,Benjamin Duke,1960-01-27,M,RU5380150
PAT_002494,Tamara Taylor,1955-04-30,X,US3996479
PAT_002495,Richard Contreras,1979-06-11,M,US3814852
PAT_002496,James Gomez,1999-06-25,M,US1711162
PAT_002497,Jenna White,1996-09-17,M,US1508969
PAT_002498,Ricky Robinson,1982-04-21,F,GB8186038
PAT_002499,Amy Thomas,1977-02-23,F,DE6998886
PAT_002500,Douglas Hahn,1994-04-06,F,DE9678633
PAT_002501,Robert Wright,1990-12-14,F,NG3930393
PAT_002502,Holly Myers,1972-12-22,M,KE1680201
PAT_002503,Jasmin Harrison,1975-08-24,M,
PAT_002504,Joseph Dixon,1970-08-13,F,GB7176744
PAT_002505,Caitlin Ramirez,2001-10-13,M,RU7977856
PAT_002506,Donna Richardson,1997-07-10,F,SA5676837
PAT_002507,Eric Garrett,1978-05-17,X,US2747125
PAT_002508,Tyler Lane,1960-12-23,F,US3732905
PAT_002509,Jennifer Reyes,1956-07-28,F,AU6259941
PAT_002510,Shannon Thomas,1991-07-22,F,AU8949397
PAT_002511,Sharon Cannon,1989-09-15,X,NG2625983
PAT_002512,Sheri Dawson,2005-06-13,M,US5617978
PAT_002513,Tony Singh,1952-06-25,M,DE3157584
PAT_002514,Lisa Silva,1964-06-30,F,BD5609387
PAT_002515,Michael Adams,1950-03-02,M,BD3434406
PAT_002516,Carlos Rodriguez,2005-04-15,M,PK3359967
PAT_002517,Richard Watson,1978-01-01,F,GB5398680
PAT_002518,Charles Gonzalez,1959-12-23,F,PK5242798
PAT_002519,Julia Riggs,1971-02-24,F,PK7621153
PAT_002520,Sarah Barnett,1988-12-16,F,DE3951998
PAT_002521,Donna Cooper,1998-01-16,M,GB5460817
PAT_002522,Keith Hodge Jr.,2002-09-02,M,BD2357006
PAT_002523,Joseph Wolfe,1977-09-11,M,GB9276195
PAT_002524,Alexander Hall,1969-07-15,F,SA5056182
PAT_002525,Brandi Carter,1957-08-09,F,GB2021980
PAT_002526,Sarah Acevedo,1980-10-22,F,KE4268106
PAT_002527,Patricia Lee,1983-06-23,M,DE8636123
PAT_002528,Shirley Steele,1992-03-21,F,RU8809852
PAT_002529,Melissa Nelson,2004-02-29,F,AU1294810
PAT_002530,Thomas Freeman,1988-06-25,F,US8713299
PAT_002531,Jill Foster,1969-09-17,M,AU6924962
PAT_002532,Daniel Taylor,1993-11-16,M,GB1639523
PAT_002533,Veronica Meyer,1996-07-15,M,GB9497700
PAT_002534,Brian Hinton,1966-03-29,F,SA5158669
PAT_002535,Samantha Johnson,1954-09-02,M,BD4001092
PAT_002536,Amber Beasley,1991-02-17,F,GB5814694
PAT_002537,Dorothy Hull,1962-01-13,F,DE4025345
PAT_002538,Robert Mejia,1951-07-22,M,SA9182223
PAT_002539,Christina Haney,2000-09-28,F,BD1811539
PAT_002540,Samuel Lowe,1957-08-18,M,GB9629086
PAT_002541,Travis Hicks,1958-10-24,M,AU6812561
PAT_002542,Melissa Jacobs,1978-05-25,M,NG6710539
PAT_002543,Dr. Brady Clark Jr.,1971-11-19,F,US7068822
PAT_002544,Michael Obrien,2005-12-03,F,US8336069
PAT_002545,Jeffrey Moon,1958-12-26,F,US5060930
PAT_002546,Justin Wood,1970-12-29,F,NG1936942
PAT_002547,Keith Flowers,1970-06-22,F,GB2782317
PAT_002548,Cole Green,1951-07-10,M,BD3277508
PAT_002549,Sean Odonnell,1978-11-28,F,SA4599085
PAT_002550,Jacqueline Summers,1959-04-27,M,PK1631296
PAT_002551,Shelly Jones,1973-07-28,M,US5791030
PAT_002552,Dorothy Rodriguez,2004-03-16,M,PK9838173
PAT_002553,Steven Baldwin,1962-03-21,M,GB6089222
PAT_002554,Maria Fernandez,1977-07-15,F,US8484329
PAT_002555,Trevor Gross,1980-09-16,M,
PAT_002556,Nicole Moss,1993-05-20,M,GB1179729
PAT_002557,Mark Brown,1992-08-15,M,BD6786340
PAT_002558,David Bailey,1977-05-13,F,RU6188300
PAT_002559,Jordan Jones,2003-08-05,M,
PAT_002560,Gary Boyd,1995-02-22,F,SA5162137
PAT_002561,Denise Brewer,1953-10-18,M,
PAT_002562,Jimmy Bell,1979-10-05,F,BD4126253
PAT_002563,Andrew Fowler,2001-01-01,F,NG5420620
PAT_002564,Jamie Velazquez,1973-05-26,F,SA4088471
PAT_002565,Jermaine Tucker,1950-06-17,F,US4444552
PAT_002566,Kimberly Johnson,1953-06-16,F,GB8723535
PAT_002567,Lisa Moore,1997-04-28,F,US8503383
PAT_002568,Thomas Garcia,2004-01-12,M,SA4069530
PAT_002569,Kelsey Hansen,1969-11-14,F,AU1538134
PAT_002570,Karen Garcia,1973-05-18,M,PK9078890
PAT_002571,Jacob Reilly,2000-05-15,M,GB4209500
PAT_002572,Robert Levine,1977-02-19,M,US1143726
PAT_002573,Keith Harrison,1998-03-29,F,US9777353
PAT_002574,Jessica Riley,2000-05-11,F,GB2972445
PAT_002575,Christina Gonzalez,1978-12-13,M,DE7471249
PAT_002576,John Williams,1969-03-05,M,US7822481
PAT_002577,Alfred Montes,1975-08-12,F,AU9806741
PAT_002578,Jade Scott,2004-05-17,F,KE9203325
PAT_002579,Andrea Bailey,2004-04-26,F,PK6886332
PAT_002580,Michael Gardner,1993-10-12,F,RU7694160
PAT_002581,Trevor Archer,1991-03-12,M,GB7833816
PAT_002582,Leslie Juarez,1972-03-26,F,US4478412
PAT_002583,Christopher Ross,1979-01-23,M,BD7244560
PAT_002584,John Frank,1979-06-29,F,GB3976055
PAT_002585,Mr. Austin Rivera,1988-12-31,M,GB7801654
PAT_002586,Tanya Patterson,1995-04-19,M,BD1609293
PAT_002587,Dr. Aaron Golden,1971-02-21,F,BD4832105
PAT_002588,Christian Robertson,1973-03-22,M,AU2963071
PAT_002589,Steven Murray,1960-03-30,M,GB2380540
PAT_002590,James Watkins,1985-04-07,F,US1272309
PAT_002591,Courtney Stewart,1995-04-27,F,BD9099628
PAT_002592,Roberta Mckinney,1971-12-30,F,KE9023801
PAT_002593,Calvin Holmes,1998-07-10,F,RU3356615
PAT_002594,Jessica Donaldson,1978-02-20,F,DE1250978
PAT_002595,Joshua Meyers,1963-01-17,M,US3112524
PAT_002596,Adrienne Moon,1953-08-05,M,DE5443123
PAT_002597,Beth Bowen,2002-04-22,M,RU7983154
PAT_002598,Jesus Poole,1955-06-18,M,NG2997397
PAT_002599,Michelle Jackson,1982-03-16,M,US3347735
PAT_002600,Mr. Jesus Burgess,1990-09-08,F,SA5886064
PAT_002601,Barbara Wolf,1952-04-21,M,GB4223922
PAT_002602,Francis Steele,1994-03-01,X,US1622045
PAT_002603,Mr. James Smith,1998-02-20,M,BD2134184
PAT_002604,Alexa Solomon,1972-11-16,F,RU7877378
PAT_002605,Anthony Thomas,1998-01-16,M,KE9556812
PAT_002606,Brenda Phillips,1980-11-25,M,DE7903955
PAT_002607,Daniel Byrd,1963-12-03,F,DE6185155
PAT_002608,Patrick Webb,1976-02-22,F,RU6111574
PAT_002609,Mary Duke,1977-12-30,F,PK9716247
PAT_002610,Manuel Reilly,1977-10-27,M,NG8883378
PAT_002611,Jessica Martinez,2005-05-04,M,DE5920333
PAT_002612,Lynn Rodriguez,1959-07-03,F,US7629965
PAT_002613,Leonard Bailey,1964-10-27,F,US8581472
PAT_002614,Randy Russell,1956-11-23,F,BD3460091
PAT_002615,Leon Maldonado,1956-04-28,M,PK8049576
PAT_002616,Cynthia Roberts,1957-02-27,F,RU7291145
PAT_002617,Alan Reeves,2004-02-25,F,PK9781562
PAT_002618,Timothy Franco,1960-08-21,F,AU1737174
PAT_002619,Victoria James,2005-11-21,M,US2506056
PAT_002620,Christina Ellis,2002-10-22,M,PK1062504
PAT_002621,Michael Martinez,1970-04-07,M,DE6944886
PAT_002622,Bill Green,1956-09-23,F,NG3075781
PAT_002623,Dr. Judy Cox,1988-04-16,M,AU7591115
PAT_002624,Michael Fisher,2004-04-15,M,DE4878504
PAT_002625,Felicia Kramer,1997-03-20,M,BD9741644
PAT_002626,Angela Duffy,1996-05-01,M,DE7134685
PAT_002627,Michael Williams,2003-04-26,F,DE4771396
PAT_002628,Ronald Hernandez,1970-06-30,F,AU8025867
PAT_002629,Jonathan Taylor,1994-01-02,M,
PAT_002630,Kenneth Clark,1980-10-13,F,US6824987
PAT_002631,John Rogers,1968-11-26,F,US2525455
PAT_002632,Justin Nash,2002-08-16,F,AU9313118
PAT_002633,Dylan Mason,1952-10-09,F,NG4952770
PAT_002634,John Davis,1969-03-17,F,SA5143527
PAT_002635,Drew Powell,1968-01-07,M,RU5032730
PAT_002636,Sabrina Cruz,1974-03-15,F,SA4671076
PAT_002637,Michelle Glass,1960-07-25,F,NG6642151
PAT_002638,Mrs. Diane Decker,1990-03-01,F,US6142078
PAT_002639,Allison Clark,1959-12-08,M,AU6007101
PAT_002640,Tiffany Schwartz,1981-04-09,M,RU1868168
PAT_002641,Jennifer Diaz,1980-09-25,M,US1882502
PAT_002642,Brenda Long,1978-12-04,F,GB5832614
PAT_002643,Scott Vargas,1972-05-16,M,NG5389204
PAT_002644,Nathan Santiago,1956-03-04,F,AU1275627
PAT_002645,Andrew Johnson,1989-06-18,M,PK4607220
PAT_002646,Megan Thomas,1964-12-01,M,NG4164214
PAT_002647,Mary Miller,1979-09-20,M,DE2196177
PAT_002648,Jamie Smith,1969-04-13,F,US4075498
PAT_002649,Alexander Cannon,1993-07-18,M,GB6707415
PAT_002650,Rodney Simpson,1964-11-03,F,AU4025522
PAT_002651,Troy Harris,1976-08-12,M,US5295160
PAT_002652,Matthew Swanson,1998-09-15,M,US4714022
PAT_002653,Erica Fisher DDS,2003-11-24,F,GB7634984
PAT_002654,Kyle Farmer,1998-07-12,M,KE1589362
PAT_002655,Robin Davis,1986-05-08,F,US6507790
PAT_002656,Nathan Lawrence,1951-01-02,M,AU8222526
PAT_002657,Linda Young,1998-07-06,M,PK7710117
PAT_002658,Kelly Acosta,1953-10-11,M,US7814158
PAT_002659,Emily Holloway,1954-10-17,F,PK2836758
PAT_002660,Carrie Schneider,1972-10-06,M,NG3595676
PAT_002661,Gabriella Crane,1997-03-21,F,GB3216175
PAT_002662,Joshua Harding,1997-07-19,M,BD2435977
PAT_002663,Lori Williams,1998-12-26,X,GB6429088
PAT_002664,Amber Baker,2000-03-14,F,KE7060004
PAT_002665,Jeremy Coleman,1972-06-28,M,NG2471998
PAT_002666,Jason Jackson,1988-02-14,F,RU1045371
PAT_002667,Allison Mccormick,1997-11-01,F,GB4928776
PAT_002668,William Craig,1960-04-05,M,US5532256
PAT_002669,Austin Farrell,1963-07-23,F,GB9081444
PAT_002670,Laura Chan,2004-12-03,F,GB7224244
PAT_002671,Vicki Hammond,1991-05-17,M,DE3588775
PAT_002672,Shelby Pruitt,1985-07-01,M,PK3275224
PAT_002673,Wyatt Roy,1981-05-25,M,
PAT_002674,William Becker,2001-03-19,M,AU4158109
PAT_002675,Megan Harmon,1983-05-07,F,GB9723413
PAT_002676,Louis Crawford,1970-08-07,M,GB1727329
PAT_002677,Jerome Gordon,1954-12-10,X,GB5696991
PAT_002678,Anna Richards,1955-11-28,F,NG1087002
PAT_002679,Eric Contreras,1995-05-12,X,SA5191838
PAT_002680,Kara Russell,1977-09-01,M,SA3303602
PAT_002681,Maria Todd,1987-01-23,F,GB9472435
PAT_002682,Robert Simmons,2002-10-18,M,SA3025892
PAT_002683,Annette Simpson,1956-12-23,M,KE3683118
PAT_002684,Steven Barrett,1957-10-11,M,AU3136210
PAT_002685,Tina Ortiz,1999-09-28,M,US1883499
PAT_002686,Joshua Escobar,1987-02-13,M,US8786905
PAT_002687,Allison Chandler,1984-06-26,F,DE6953704
PAT_002688,Ricardo Bowman,1983-04-26,M,DE3946547
PAT_002689,James Vargas,1988-07-10,F,US2122406
PAT_002690,Jeffrey Wallace,2003-11-09,M,RU7112790
PAT_002691,Kayla Hudson,1991-10-28,M,KE4618951
PAT_002692,Jillian Sanders,1959-11-05,M,DE5720567
PAT_002693,Virginia Nguyen,1961-06-06,F,SA6239096
PAT_002694,Thomas Guzman,1985-07-07,M,GB9695422
PAT_002695,Kimberly Lynch,1992-08-28,F,PK5505534
PAT_002696,Kevin Allen,1986-03-28,M,SA3347693
PAT_002697,Joseph Taylor,1999-01-30,M,RU6777001
PAT_002698,John Marshall,2000-03-11,M,AU9269955
PAT_002699,William Huff,1979-03-20,M,KE2513967
PAT_002700,Alexander Roberson,1973-04-12,F,SA6053902
PAT_002701,Jaclyn Harmon,2000-03-28,M,GB8858213
PAT_002702,Allen Jones,2001-10-03,M,PK4543807
PAT_002703,Taylor Martinez,2004-04-07,F,NG2096107
PAT_002704,Steven Norman,1991-03-17,F,DE9354739
PAT_002705,Juan Lopez,1971-10-31,F,KE1887918
PAT_002706,Rodney Lawrence,1998-08-05,M,
PAT_002707,Heather Sanders,2004-01-31,F,RU3826067
PAT_002708,Kimberly Alexander,1998-09-30,F,RU8552071
PAT_002709,Sarah Parker,1954-09-14,F,AU9363657
PAT_002710,Anthony Pearson,1993-07-21,M,GB6650547
PAT_002711,April Morrison,1970-11-10,M,GB6474393
PAT_002712,Kristopher Little,1982-01-20,F,GB5528885
PAT_002713,Jillian Conley,1999-06-09,F,US9805490
PAT_002714,Mark Riddle DDS,1981-08-10,M,AU2844923
PAT_002715,Patricia Lawrence,1988-07-27,F,AU4992065
PAT_002716,Brian Wiley,1968-02-10,F,KE5850119
PAT_002717,Adam Schneider,1968-10-01,M,RU2879764
PAT_002718,Mario Snyder,1979-11-07,F,US7306069
PAT_002719,Paul Johnson,1987-07-21,M,US2169478
PAT_002720,Lindsay Hernandez,2001-05-07,M,KE1971030
PAT_002721,Darren Lopez,1967-09-21,M,RU5833044
PAT_002722,Samantha Walters,1976-08-23,F,BD3700180
PAT_002723,Christopher Williams,1981-03-16,M,AU5928029
PAT_002724,Kathleen Gonzalez,1966-08-30,M,US8772373
PAT_002725,Robin Floyd,1983-12-12,M,US8348810
PAT_002726,Marilyn Henderson,1960-11-20,F,
PAT_002727,Robert Hayes,1974-08-21,F,DE2338821
PAT_002728,Tony Navarro,1995-05-14,F,BD5134726
PAT_002729,Alexander Lamb,1974-04-12,M,DE3726473
PAT_002730,Richard Davis DDS,1952-03-21,M,PK9685842
PAT_002731,James Alvarado,1987-03-01,M,PK8855224
PAT_002732,Stephanie Gregory,2003-11-08,M,KE4837655
PAT_002733,Dawn Le,1964-04-03,F,
PAT_002734,Katherine Clark,1976-06-19,F,KE7734275
PAT_002735,Dawn Watson,1970-08-10,X,KE1047345
PAT_002736,Nathaniel Campbell,2005-09-20,M,SA3013471
PAT_002737,Stephanie Hester,1966-02-24,F,NG7930704
PAT_002738,Jennifer Pennington,1953-09-11,F,DE7295504
PAT_002739,Mary Brennan,1956-04-15,M,KE3058274
PAT_002740,Rachel Hoffman,1965-01-05,M,RU1709306
PAT_002741,Mary Mcintosh,1998-05-19,F,GB8076039
PAT_002742,Theresa Soto,1955-12-12,F,NG4486567
PAT_002743,Sandra Lewis,1963-07-01,M,AU9933421
PAT_002744,Sandra Holmes,1998-05-26,X,SA4201380
PAT_002745,Allen Alvarado,1994-05-25,F,GB7349596
PAT_002746,Jacob Ruiz,1973-11-02,X,NG9424388
PAT_002747,Stephanie Roberts,1995-07-09,F,PK3429708
PAT_002748,Stephen Ortiz,1950-12-08,F,US7149020
PAT_002749,Kristina Sandoval,1983-10-12,F,NG2719410
PAT_002750,Elizabeth Savage,1986-12-23,M,RU5342938
PAT_002751,Yesenia Vaughn,1999-09-12,X,SA8298991
PAT_002752,Amanda Johnson,1964-11-23,M,AU7728645
PAT_002753,Elizabeth Marsh,1976-03-27,M,DE8667930
PAT_002754,Nathan Carlson,1982-04-17,M,
PAT_002755,Jennifer Martin,1987-12-18,F,AU2232154
PAT_002756,Amber Gonzalez,1963-11-08,F,DE4723086
PAT_002757,William Munoz,1959-02-11,M,RU7868364
PAT_002758,Angel Mcdonald,1953-04-15,F,NG3648911
PAT_002759,Oscar Meadows,1980-10-30,F,GB2041333
PAT_002760,Leslie Nelson,1971-10-27,F,AU2629296
PAT_002761,Haley Fuller,1960-07-27,F,DE8640791
PAT_002762,Dana Schaefer,1995-05-05,F,SA9586742
PAT_002763,Chad Hansen,1950-05-27,F,US4872039
PAT_002764,Hector Rhodes,1953-10-25,F,GB2167309
PAT_002765,Makayla Evans,1999-09-28,M,US7106185
PAT_002766,Matthew Chung,1958-03-19,M,GB4728371
PAT_002767,Daniel Perez,1964-06-30,F,US6159017
PAT_002768,Terry Carlson,1968-01-17,F,US3939946
PAT_002769,Melissa Cohen,1971-08-27,M,US2268711
PAT_002770,Nicole Oliver,1976-10-13,F,NG9899819
PAT_002771,Erin Miller,1981-09-20,F,GB6731017
PAT_002772,Susan Rodriguez,1988-07-07,F,NG8940205
PAT_002773,Harold Johnson,2000-04-08,M,US8751694
PAT_002774,Carol Howard DVM,1959-07-30,M,BD5534559
PAT_002775,Brittany Hamilton,1963-07-22,F,RU8208035
PAT_002776,Susan Drake,1968-03-27,M,SA4006024
PAT_002777,Michael Mills,1980-09-27,M,RU3495733
PAT_002778,Joseph Spencer DDS,1995-04-29,F,PK1202517
PAT_002779,Gordon Miller,1963-06-17,F,AU7381470
PAT_002780,Jessica Williams,1963-11-06,M,RU4086039
PAT_002781,Susan Miller,1967-06-04,M,DE3783939
PAT_002782,Brandon Woods,1971-05-05,M,US5866044
PAT_002783,Elizabeth Poole,1978-10-21,M,GB4366073
PAT_002784,Michael Barker,1999-05-31,F,KE7423461
PAT_002785,Tammy Butler,1965-01-16,M,PK9641243
PAT_002786,Joshua Rodriguez,1985-07-27,M,SA2708028
PAT_002787,David Wright,1973-07-23,M,KE1143773
PAT_002788,Ryan Singleton,1986-08-08,M,GB4997529
PAT_002789,Sandra Brooks,1982-06-06,F,NG6765184
PAT_002790,Nathan Booth,1984-02-08,F,AU5122422
PAT_002791,Jeffery Andrade,1975-10-17,M,US8159970
PAT_002792,Jeff Palmer,1958-11-17,F,DE2109676
PAT_002793,Kayla Bowers,1969-08-26,F,DE8876875
PAT_002794,Christopher Lawrence,1956-01-01,F,RU6808973
PAT_002795,Jessica Young,1978-08-04,F,RU8468828
PAT_002796,Jessica Smith,1950-04-11,M,AU4929652
PAT_002797,Tammy Harper,1976-03-02,M,GB3328633
PAT_002798,Jessica Snyder,1987-08-27,F,BD2112233
PAT_002799,George Joseph,1958-09-18,M,NG9691486
PAT_002800,Samantha Fernandez,1985-02-18,M,DE8918304
PAT_002801,Beth Byrd,1954-04-30,F,AU5727843
PAT_002802,Jessica Rhodes,1950-05-14,M,US6879130
PAT_002803,Christopher Hodges,1989-07-14,F,BD9353033
PAT_002804,Daryl Rowe,1971-03-09,F,AU7763623
PAT_002805,Kerry Johnson,1971-02-06,F,RU3536357
PAT_002806,Sarah Davis,1973-09-08,M,
PAT_002807,Christian Thomas,1971-02-11,F,
PAT_002808,Dana Evans,1993-09-16,F,GB2676208
PAT_002809,Michael Tran,1980-11-17,M,DE1471318
PAT_002810,Cynthia Sanchez,2005-07-19,M,SA6014987
PAT_002811,Ivan Watson,1998-09-05,F,BD4625045
PAT_002812,Cody Lynch,1981-11-19,F,AU6230197
PAT_002813,Gary Garza,1957-08-15,F,DE5412401
PAT_002814,Lori Lee,1988-10-01,F,NG6846702
PAT_002815,Samuel Harris,1956-12-03,F,AU4426833
PAT_002816,Jeffrey Gilbert,1974-08-22,F,RU3210471
PAT_002817,Robert Tanner,1966-12-11,F,PK6096898
PAT_002818,Savannah Beck,1962-02-08,M,PK7336952
PAT_002819,Karen Gregory,1953-11-06,M,SA5726613
PAT_002820,Alan Thomas,1966-08-08,M,RU9987561
PAT_002821,Tiffany Mayer,1979-01-04,F,PK1297611
PAT_002822,Jean Casey,1956-03-12,F,PK1649410
PAT_002823,Austin Hayes,1981-01-14,M,RU9340569
PAT_002824,Katrina Wilkinson,1951-09-05,F,PK8696876
PAT_002825,Lucas Manning,1954-01-20,M,US6634113
PAT_002826,Katherine Wilkins,1960-06-16,M,US4869396
PAT_002827,Brent Pierce,1966-08-17,M,PK7534370
PAT_002828,Steven Buchanan,2002-11-12,M,US1920976
PAT_002829,Michael Graham,1983-10-16,M,SA3158304
PAT_002830,Dr. Ian Cunningham,1957-04-21,M,US4387224
PAT_002831,Katherine Ramos,1969-10-17,F,US6773972
PAT_002832,Samuel Yang,1975-08-08,M,RU4178359
PAT_002833,Angela Boyer,1959-05-02,M,DE4113956
PAT_002834,Donald Williams,1984-03-14,F,BD7959826
PAT_002835,Cassandra Anderson,1994-04-04,M,GB1718621
PAT_002836,Natalie Meyer,1957-08-12,F,SA6062868
PAT_002837,Kristen Johnson,1953-04-20,F,GB4752415
PAT_002838,Todd Little,1967-01-02,M,SA6418692
PAT_002839,Carolyn Stewart,1989-12-09,M,US4123540
PAT_002840,Philip Williams,1983-03-07,F,GB4659955
PAT_002841,Amber Smith,1958-12-02,M,GB2930275
PAT_002842,Rachel Nelson,1960-03-30,F,US9437694
PAT_002843,Judy Bailey,1977-07-24,M,BD1194308
PAT_002844,Kimberly Cummings,1990-04-29,F,SA4568618
PAT_002845,Jeff Wagner,1973-09-19,F,PK3587514
PAT_002846,Stephen Greer,1974-12-10,F,US1730405
PAT_002847,Jill Jones,1997-06-28,M,KE6142493
PAT_002848,Emily Sanchez,1992-02-17,F,GB9503907
PAT_002849,Antonio Gardner,1957-03-19,F,KE8743523
PAT_002850,Aaron Young,1988-12-09,M,US3304160
PAT_002851,Caroline Flynn,1980-03-17,M,GB1150381
PAT_002852,Ray Singh,1979-11-22,F,NG1472873
PAT_002853,Angela Goodwin,1955-04-07,F,SA3708839
PAT_002854,Bryan Chan,1964-10-25,M,BD8757157
PAT_002855,Jason Smith,2000-03-09,F,AU5848131
PAT_002856,Megan Frazier,1954-10-07,F,GB3842522
PAT_002857,Meredith Mooney,1981-08-10,M,PK8870092
PAT_002858,Lindsay Owens,1994-04-10,F,GB1167320
PAT_002859,Michelle Wong,1951-07-31,M,BD1569797
PAT_002860,Clinton Williams,1996-04-30,F,DE9952673
PAT_002861,Bobby Hale,1983-06-30,M,KE4305826
PAT_002862,Anthony Wells,1987-01-24,M,AU6102265
PAT_002863,Brian Allen,2004-12-02,M,BD5233014
PAT_002864,Shelby Johnson,1968-09-17,M,BD6764556
PAT_002865,Kim Obrien,1956-04-18,M,US7741015
PAT_002866,Daniel Smith,1991-11-12,M,US8368547
PAT_002867,Phillip Khan,1980-04-04,F,GB9382097
PAT_002868,Angela Baker,1961-07-21,M,DE8195017
PAT_002869,Heidi Donovan,1985-02-27,F,GB2614558
PAT_002870,John Jensen,1960-02-19,M,SA2804772
PAT_002871,James Wilson,2004-05-08,F,SA6485228
PAT_002872,Jeffrey Miller,1953-11-28,M,NG8266192
PAT_002873,Nicholas Cochran,1997-12-26,M,
PAT_002874,Megan Mason,1958-12-05,F,RU4692629
PAT_002875,Sarah Allen,1974-12-20,M,GB9914692
PAT_002876,Brian Harmon,1987-06-17,M,KE3438057
PAT_002877,Jane Frank,1969-02-23,F,KE7449928
PAT_002878,Teresa Watson,1973-01-12,M,
PAT_002879,Jimmy Gonzalez PhD,1959-01-26,M,DE3668233
PAT_002880,Nicole Morrow,1976-07-21,F,GB2944050
PAT_002881,Nicholas Robinson,1972-10-02,F,BD6448532
PAT_002882,Michelle Moses,1967-08-23,F,DE7581250
PAT_002883,Tonya Turner,1966-06-22,F,US1001141
PAT_002884,Stacey Thompson,1964-04-01,M,RU3731162
PAT_002885,Nicholas Smith,1964-08-04,M,PK1571377
PAT_002886,Ashley Trujillo,1956-10-12,F,US5368619
PAT_002887,Brent Evans,1955-12-06,F,DE6399903
PAT_002888,Ashley Lopez,1969-09-10,M,NG5939321
PAT_002889,Ashley Sanders,1957-10-28,F,PK3097737
PAT_002890,Jennifer Eaton,1967-09-15,M,NG6009140
PAT_002891,John Skinner,1991-11-21,M,BD1541644
PAT_002892,James Davila,1972-08-09,F,SA7296974
PAT_002893,Jordan Webb,1969-07-18,M,US9293712
PAT_002894,James Hansen,1968-06-07,M,AU3837120
PAT_002895,April Ramirez,1967-06-07,F,
PAT_002896,Michael Knapp,1993-04-09,M,US8071604
PAT_002897,Nicholas Vaughn,2001-11-27,F,SA2840526
PAT_002898,Gregory Cantrell,1957-07-19,F,AU8986504
PAT_002899,Brianna Friedman,1961-07-25,M,BD9344041
PAT_002900,Linda Stanley MD,1985-04-12,F,GB6504279
PAT_002901,Janet George,1969-02-07,M,GB2867652
PAT_002902,Andrew Baker,1997-09-09,F,US1017633
PAT_002903,Timothy Thomas,2000-05-12,F,US9791686
PAT_002904,Joshua Jackson,1952-07-02,M,GB8819513
PAT_002905,Diana Martinez,1998-03-04,F,NG1183187
PAT_002906,Brandon Wilson,1951-12-10,M,US7855229
PAT_002907,Patricia Shah,1994-04-16,M,RU8968829
PAT_002908,Sarah Castillo,1972-03-25,M,DE5046634
PAT_002909,Kelly Daniel,1974-05-09,M,RU6738529
PAT_002910,Kelly King,1954-03-30,M,BD1113210
PAT_002911,Stephanie Perkins,1961-01-17,F,PK6200030
PAT_002912,Kyle Stewart,1961-05-29,F,GB6897928
PAT_002913,Brandy Henry,1950-06-24,M,US9199340
PAT_002914,Joshua Ortiz,1961-01-28,M,
PAT_002915,Jason Black,1956-05-29,F,DE7778401
PAT_002916,Manuel Alvarado,1977-07-04,F,PK7725170
PAT_002917,Stephanie Smith MD,2000-09-11,M,RU2929133
PAT_002918,Robert Dickerson,2005-01-18,M,US7346371
PAT_002919,Emily Hensley,1961-11-13,M,KE4137532
PAT_002920,Jason Calderon,2001-03-07,M,GB1792336
PAT_002921,Joel Friedman,1966-07-22,M,PK9613243
PAT_002922,Joan Thompson,1988-03-10,M,AU2580514
PAT_002923,Jennifer Barnes,1977-01-17,M,DE4362122
PAT_002924,Jason Freeman,1998-12-12,M,KE7317313
PAT_002925,Andrea Berry,1998-09-27,M,RU7788429
PAT_002926,Kelly Norris,1993-11-26,F,GB4329555
PAT_002927,Lauren Richards,1994-09-30,F,RU9399227
PAT_002928,William Jackson,1979-06-02,F,NG5923516
PAT_002929,Phillip Day,1984-05-25,M,AU2061661
PAT_002930,Billy Ritter,1954-10-08,F,NG4095964
PAT_002931,Robert Dominguez,1969-06-07,F,BD4681035
PAT_002932,Daniel Terrell,1989-05-06,F,GB8186121
PAT_002933,Thomas Lang,1985-11-03,F,US7462483
PAT_002934,John Callahan,1985-05-29,M,
PAT_002935,Kenneth Webster,1973-05-21,F,GB7454082
PAT_002936,Michael Davenport,1952-01-03,F,SA9298430
PAT_002937,Michael Guzman,1967-05-14,F,NG3981369
PAT_002938,Jacqueline Frank,1971-07-09,F,NG3222685
PAT_002939,Gloria Fisher,1982-09-06,M,US6619997
PAT_002940,Sharon Frazier,1970-11-27,F,
PAT_002941,Kimberly Rivas,1997-02-09,F,BD6380560
PAT_002942,Samuel Kidd,1984-12-17,F,BD6371833
PAT_002943,Mark Thomas,1982-01-29,M,AU5944923
PAT_002944,Tyler Peterson,1995-12-28,F,US2363562
PAT_002945,Dominic Bass,1994-05-27,F,DE9059249
PAT_002946,Cathy Grant,1981-08-04,M,SA5186413
PAT_002947,Lori Cameron,1988-07-17,M,GB7066393
PAT_002948,Sandra Collier,1959-10-16,F,PK4410893
PAT_002949,Stephanie Conway,1960-01-12,M,BD4332453
PAT_002950,Michael White,1961-12-21,M,NG3243973
PAT_002951,Robert Martinez,1956-08-26,F,PK2156205
PAT_002952,Cynthia George,1995-03-27,F,US2014915
PAT_002953,Brent Clark,1968-05-22,F,
PAT_002954,Darlene Hall,1999-07-02,M,BD2656253
PAT_002955,Daniel Brown,1988-04-14,F,GB8662330
PAT_002956,Steven Owen,1952-09-06,M,GB6527019
PAT_002957,Kelly Doyle,1976-08-17,F,
PAT_002958,Lisa Curtis,1983-03-03,F,NG6999765
PAT_002959,Matthew Cox,1957-05-24,F,SA6450110
PAT_002960,Kimberly Taylor,1963-02-11,M,GB3664432
PAT_002961,Nicholas Hart,1997-04-24,M,BD1030278
PAT_002962,Lisa Thompson,1957-01-02,M,US7538677
PAT_002963,John Frank,1976-02-23,M,US6483520
PAT_002964,Matthew Hodges,1994-01-03,M,NG1344442
PAT_002965,James Brown,1995-07-24,F,
PAT_002966,Cindy Howell,1984-03-18,M,KE1116929
PAT_002967,Jeffrey Johnson,1988-09-16,F,RU1676270
PAT_002968,Barbara Sandoval,1956-08-26,M,
PAT_002969,Vanessa Mccarthy,1995-09-23,M,AU3921487
PAT_002970,Casey Jackson,1987-05-16,M,PK7609220
PAT_002971,Samuel Nelson,1998-07-08,M,KE3530578
PAT_002972,Kelly Conner,1974-04-04,F,SA7308271
PAT_002973,Rita Brown,1996-07-11,M,US5590480
PAT_002974,Danielle Quinn,2004-05-02,F,AU8758496
PAT_002975,Eric Smith,1992-01-13,M,DE9282279
PAT_002976,Ariel Gibbs,1965-06-09,M,PK8353974
PAT_002977,Christopher Hodges,1962-08-24,M,AU4282958
PAT_002978,Sarah Moore,2001-06-11,M,SA4924174
PAT_002979,Mrs. Melissa Sanchez,1953-07-24,M,US2237851
PAT_002980,Holly Wolfe,2001-02-16,F,RU5262765
PAT_002981,Jason Miles,1969-03-14,F,GB8982686
PAT_002982,Bailey Fitzgerald,1959-05-09,F,BD4697072
PAT_002983,Austin Rogers,1985-08-23,M,SA7191873
PAT_002984,Aimee Lang MD,1953-06-11,F,US4775912
PAT_002985,Gregory Oliver,1973-12-20,M,BD8079521
PAT_002986,Ana Lee,1974-06-27,F,KE8821034
PAT_002987,Eric Fields,1955-03-23,M,BD8642291
PAT_002988,Frederick Davis,1977-05-26,M,SA7634581
PAT_002989,Amy Blankenship,1968-10-20,F,GB3288663
PAT_002990,Scott Contreras,1983-08-06,F,BD8124023
PAT_002991,Andrea Day,1957-08-22,F,KE9187562
PAT_002992,Francisco Adams,1991-08-09,F,PK5310762
PAT_002993,Linda Thompson,1967-05-30,F,
PAT_002994,Carrie Castillo,1962-07-29,F,AU7005454
PAT_002995,Jessica Beck,1971-11-22,F,SA8868603
PAT_002996,Ms. Patricia Hudson MD,1993-02-04,F,SA7615679
PAT_002997,Anna Wright,1980-10-01,F,SA5104245
PAT_002998,Lori Weaver,1952-11-02,F,NG1008739
PAT_002999,Lisa Smith,1966-12-27,F,DE9184098
PAT_003000,Crystal Bauer,1954-12-12,F,US3898963
PAT_003001,Matthew Trevino,1987-09-26,F,US3163585
PAT_003002,James Nunez,2004-05-25,M,
PAT_003003,Chelsea Ortiz,1966-11-21,F,KE3161424
PAT_003004,Elijah Holmes,1983-10-15,F,PK9061374
PAT_003005,Tiffany Scott,1954-02-10,M,RU6419304
PAT_003006,Brian Krueger,1993-01-01,M,US5215698
PAT_003007,Jessica Salazar,1995-05-06,M,BD2208506
PAT_003008,Katie Parsons,1989-05-23,F,GB8923996
PAT_003009,Dwayne Mitchell,1979-06-28,F,GB4328015
PAT_003010,Cassandra Acevedo,1966-10-16,F,GB5901465
PAT_003011,Kristen Cooper,1957-10-03,F,AU8535066
PAT_003012,Dan Nicholson,1963-02-21,F,KE5154466
PAT_003013,Scott Martin,1977-06-07,F,PK9156248
PAT_003014,Kristin Berger,1979-11-12,M,PK4531733
PAT_003015,Lisa Brooks,1968-12-05,M,
PAT_003016,William Mendoza,1998-09-26,F,GB4089688
PAT_003017,Alejandra Hudson,1962-08-01,F,PK6918102
PAT_003018,Lisa Choi,1996-03-04,F,NG5278484
PAT_003019,Daniel Burke,1974-06-01,X,DE8736350
PAT_003020,Julie Murphy,1982-06-18,F,DE8199483
PAT_003021,Caleb Dunn,1989-02-10,M,RU9420215
PAT_003022,Andrew Vargas,1970-08-24,F,BD5752877
PAT_003023,Denise Pierce,1991-07-19,M,GB7812406
PAT_003024,Christy Hill,1996-02-29,F,BD8765908
PAT_003025,Nicholas Newman,1979-05-12,M,GB7261305
PAT_003026,Kelli Hamilton,1982-11-02,F,GB7689745
PAT_003027,Joshua Riley,1980-06-26,F,NG9346157
PAT_003028,Jason Rodriguez,1984-05-11,M,
PAT_003029,Sarah Johnson,1963-04-09,M,GB8415377
PAT_003030,Sarah Silva,1993-11-26,F,US4443094
PAT_003031,Dean Alexander,2003-04-10,M,KE7042797
PAT_003032,Alexander Blake,1992-12-16,M,NG3266089
PAT_003033,Debbie Bean,1970-05-24,F,SA5040456
PAT_003034,Theresa Garcia,1956-08-21,M,US7996823
PAT_003035,Ronald Barnes,1955-05-30,M,DE9055713
PAT_003036,April Morgan,1975-03-03,M,RU6543796
PAT_003037,Kathy Acevedo,1960-07-10,M,NG3665571
PAT_003038,Janice Bates,1970-11-08,M,RU3002875
PAT_003039,Stephen Vega,1995-12-31,F,DE6934917
PAT_003040,Michael Booker,1978-05-10,F,GB3686766
PAT_003041,Stephen Lucero,1970-11-29,F,SA7712237
PAT_003042,Erin Andrade,1956-06-08,M,DE8201049
PAT_003043,Diana Malone MD,1973-09-10,F,US7123860
PAT_003044,Jason Vincent,1984-06-07,M,US6010374
PAT_003045,Tiffany Washington,1961-08-18,F,US5106173
PAT_003046,Chad Joseph,1956-02-27,F,NG5598902
PAT_003047,Stephanie Pope,2001-08-12,M,GB4608714
PAT_003048,John Warner,1998-08-01,M,BD1913027
PAT_003049,Stephanie Solis,1964-11-27,F,PK9586989
PAT_003050,Tyler Richard,1970-07-15,F,US1952688
PAT_003051,William Fleming,1997-02-18,M,US4865768
PAT_003052,Franklin Thornton,1985-12-30,F,NG2185810
PAT_003053,Patrick Campos PhD,1953-05-20,F,US4961088
PAT_003054,Willie Jones,1977-03-14,F,SA5532886
PAT_003055,Peter Holmes,1995-08-18,M,BD3571015
PAT_003056,David Goodman,2005-05-07,X,US6968236
PAT_003057,Sheena Lambert,2000-06-15,M,KE1206660
PAT_003058,Jose Walker,1951-11-11,M,BD3711753
PAT_003059,Angela Carrillo,1975-10-04,F,RU1969481
PAT_003060,Brenda Dunn,1980-12-30,M,AU1074682
PAT_003061,Gavin Rasmussen,2001-02-04,F,US1823536
PAT_003062,Christine Malone,1989-09-29,M,PK3111096
PAT_003063,Kathy Wood,1968-11-25,M,GB5184426
PAT_003064,Stephanie Burns,1951-06-22,M,BD4200725
PAT_003065,James Wells,1989-03-29,M,GB5672805
PAT_003066,Jasmine Perry,1950-06-17,M,KE1295470
PAT_003067,Cory Henderson,1989-03-18,F,KE7217806
PAT_003068,Michael Lewis,1999-05-13,M,US1082989
PAT_003069,Jennifer Norman,1950-08-01,F,GB8426402
PAT_003070,Parker Sanchez,1978-01-08,F,SA4460925
PAT_003071,Benjamin Mccarty,1999-04-09,F,PK1673450
PAT_003072,Jacob Frazier,2005-08-03,M,KE4031389
PAT_003073,Miguel Newton,1961-04-17,M,US7364953
PAT_003074,Stephen Massey,1997-08-21,F,RU3604326
PAT_003075,Elizabeth Delacruz,1959-10-31,F,AU6079259
PAT_003076,Stephen Thompson,1995-06-20,M,AU4876722
PAT_003077,Chad Sanchez,1983-05-13,F,KE4980081
PAT_003078,Joshua Horton,2005-02-28,M,BD7273084
PAT_003079,Stephanie Spencer,1979-10-14,F,
PAT_003080,Katherine Simpson,2003-11-11,M,
PAT_003081,Tracy Trevino,1991-06-04,M,PK1487844
PAT_003082,Melinda Santos,1989-09-26,F,AU8804805
PAT_003083,Sara Marquez,2000-06-10,F,GB8461806
PAT_003084,Hector Lee,1966-03-12,M,AU1769117
PAT_003085,Rachel Humphrey,1961-04-01,M,PK4456962
PAT_003086,Tonya Bowers,1973-03-28,M,PK7623895
PAT_003087,John Grant,2000-11-17,F,US7314372
PAT_003088,Derek Hernandez,1966-01-08,M,PK7259508
PAT_003089,Karen Mcdonald,1971-02-18,F,GB7567865
PAT_003090,Kyle Bell,1960-07-09,M,NG8906853
PAT_003091,Billy Webster,1970-10-29,F,SA6119401
PAT_003092,Marissa Clark,1951-01-17,M,US3606226
PAT_003093,Amy Johnson,1992-11-23,M,DE1677698
PAT_003094,Laura Ramirez,1991-03-18,M,SA4451166
PAT_003095,Jason Ross,1984-07-28,M,GB6706725
PAT_003096,Brittany Garner,1975-06-28,M,SA6306439
PAT_003097,Gwendolyn Fox,1958-02-19,M,PK3959052
PAT_003098,Felicia Sandoval,1987-07-13,F,US7712445
PAT_003099,Glenn White,1980-05-31,F,GB9930162
PAT_003100,Michael David,1985-02-08,F,GB6160365
PAT_003101,Andres Sutton,1992-06-12,M,
PAT_003102,Pamela Hensley,1986-12-19,F,SA6317204
PAT_003103,John Foley,1993-04-25,M,US4557206
PAT_003104,Angela Brown,1966-08-18,M,PK4716898
PAT_003105,Eric Mayo,1985-04-13,M,RU8987365
PAT_003106,Samantha Miller,1955-11-14,F,GB4288314
PAT_003107,Pamela Shaw,1965-10-19,M,RU6606713
PAT_003108,Jennifer Edwards,1970-04-25,M,US4218673
PAT_003109,Joshua Vega,1966-01-01,F,SA5065536
PAT_003110,Daniel Nixon,1987-10-01,F,BD8286447
PAT_003111,Destiny Simmons,1955-12-06,F,KE7966448
PAT_003112,Eric West,1957-10-14,M,
PAT_003113,Kayla Duran,1986-01-31,F,DE1616656
PAT_003114,John Smith,2005-11-04,F,AU3530401
PAT_003115,Morgan Jenkins,1972-12-18,M,SA8341444
PAT_003116,Shannon Bass,1961-09-23,F,DE5923405
PAT_003117,Bridget Mendez,2002-02-16,F,US1431432
PAT_003118,Michelle Wood,1966-04-26,F,KE2725523
PAT_003119,Kyle Brooks,1994-09-17,M,SA7632214
PAT_003120,Lisa Hill,1986-05-15,M,SA9609068
PAT_003121,David Hall,1955-12-15,M,US3206659
PAT_003122,Laura Lopez,1995-03-17,M,KE7404864
PAT_003123,Dustin Smith,1999-12-29,M,
PAT_003124,John Allen,1968-04-29,F,NG2046534
PAT_003125,Carrie Moore,1983-08-19,M,SA9479622
PAT_003126,Henry Robinson,2003-08-23,F,KE1438480
PAT_003127,James Johnson,1989-04-26,F,DE5990203
PAT_003128,Mr. David Arnold,1997-06-21,M,BD2812814
PAT_003129,Dawn Quinn,1980-05-12,M,PK7947997
PAT_003130,Carol Gibson,1994-08-17,F,PK7735566
PAT_003131,Samantha Smith,1966-01-30,M,GB2188272
PAT_003132,Dennis Garcia,1987-10-29,M,NG4087166
PAT_003133,Nicole Chambers,1956-01-02,F,NG2985429
PAT_003134,Courtney Wagner,1954-11-10,F,US6059672
PAT_003135,Sara Gay,2003-08-10,F,GB9465261
PAT_003136,Nicole Lyons,1993-04-19,M,US9449711
PAT_003137,Jennifer Frost,1965-06-25,M,SA6395870
PAT_003138,Karen Davis,1986-11-30,M,SA1873556
PAT_003139,Dalton Richardson,1980-10-31,F,SA8511499
PAT_003140,Chelsea Thomas,1960-08-26,M,SA6663672
PAT_003141,Christina Lester,1987-05-30,M,SA9010363
PAT_003142,Patricia Nichols,1982-09-30,M,NG9873965
PAT_003143,Daniel Howell,1977-08-29,M,AU7082802
PAT_003144,Kimberly Little,2004-05-07,M,
PAT_003145,Katherine Guzman,1955-03-16,M,GB1933441
PAT_003146,Marcus Harvey,1962-05-29,M,US1100590
PAT_003147,Kelly Mccarthy,1965-11-25,M,US7033753
PAT_003148,Valerie Rangel,1957-07-23,F,NG8958562
PAT_003149,Kristen Brooks,1964-07-16,F,KE8685824
PAT_003150,Joseph Eaton,1975-11-19,F,DE6748229
PAT_003151,Jamie Reed,1987-05-18,F,PK9955419
PAT_003152,Cindy Harris,1998-04-05,M,SA2673874
PAT_003153,Laurie Collins,1998-11-21,M,US3257689
PAT_003154,Laura Kelley,1990-12-29,X,US2688885
PAT_003155,Amanda Brown,1984-10-19,F,NG1943614
PAT_003156,Joseph Fuentes,1989-04-01,F,PK2381092
PAT_003157,Chelsea Martinez,2002-01-13,F,NG4890214
PAT_003158,Rose Collins,1988-05-18,F,US7737813
PAT_003159,Michael Walter,1956-03-14,F,US6525403
PAT_003160,Natasha Allen,1994-03-11,F,BD2615110
PAT_003161,Amber Matthews,1993-08-05,M,PK6177970
PAT_003162,Carrie Robertson,1957-08-16,M,KE7723784
PAT_003163,Tanner Phillips,1966-12-21,M,BD2096037
PAT_003164,Elizabeth Morales MD,2004-01-10,M,PK3897178
PAT_003165,Stephen Kelly,1977-10-05,F,AU8323355
PAT_003166,Anthony Brown,1962-01-24,M,RU3583716
PAT_003167,Colton Stokes,1978-04-06,M,AU7363881
PAT_003168,Jerry Patel,1950-03-12,F,SA4530432
PAT_003169,Ariel Williams,1997-09-07,M,AU4400426
PAT_003170,Dr. Heather Dunn DDS,2002-01-21,M,GB8406284
PAT_003171,Jesus Figueroa,2004-06-28,M,NG4576071
PAT_003172,Cynthia Mcbride,1971-06-15,M,US4145756
PAT_003173,Stephen Wilson,1984-11-04,F,DE3295932
PAT_003174,Valerie Harper,1982-06-21,F,DE4002889
PAT_003175,Jason Austin,1963-07-26,F,US1590927
PAT_003176,Debra Hernandez,1951-06-11,M,PK6429562
PAT_003177,Michael Donovan,1973-02-08,M,BD2165511
PAT_003178,Regina Johnson,1990-07-22,F,NG6800936
PAT_003179,Tabitha Goodman,1987-09-04,M,AU6874720
PAT_003180,Mrs. Lisa Smith,1992-08-11,F,NG5607520
PAT_003181,Stacy Horn,1994-01-17,M,NG6894965
PAT_003182,Mallory Moore,1991-05-01,M,US1075446
PAT_003183,Robert Martinez,1996-07-30,F,
PAT_003184,Jennifer Gordon,1963-05-12,M,GB4542783
PAT_003185,Michael Chen,1959-11-06,F,NG5657200
PAT_003186,Dr. James Santos MD,1994-01-24,F,US6087998
PAT_003187,Peggy Blevins,1980-12-03,M,RU2924020
PAT_003188,Cory Nelson,1978-06-04,F,SA1717258
PAT_003189,Tara Miller,1961-02-13,F,BD5313488
PAT_003190,Gregory Hall,1984-01-05,F,US8490687
PAT_003191,Madison Nielsen,2002-06-24,F,US4452074
PAT_003192,Heather Anderson,1959-11-08,M,DE5940622
PAT_003193,Mark Williams,2005-11-06,F,AU8670911
PAT_003194,Charles Williams,1975-03-23,F,GB2684449
PAT_003195,Julie Bruce,1951-05-28,M,GB5048284
PAT_003196,Lisa Moss,2000-02-08,F,BD1133874
PAT_003197,Corey Ford,1956-04-22,M,AU1210790
PAT_003198,Leonard Davis,1993-08-24,F,SA7902309
PAT_003199,Steven Shepherd,1981-10-01,F,PK9733087
PAT_003200,Zachary Wilkerson,1966-12-24,F,PK9177005
PAT_003201,Allison Spears,1972-03-06,F,BD9983173
PAT_003202,Theresa Ross,1990-10-16,M,PK9920826
PAT_003203,Amanda Tran,1979-05-19,F,US8753973
PAT_003204,Timothy White,1953-02-01,M,RU2872375
PAT_003205,Richard Boone,2000-01-02,F,AU3464273
PAT_003206,Deborah Blevins,1987-09-17,M,
PAT_003207,William Church,1965-03-29,X,US7552193
PAT_003208,Kevin Scott,1953-09-08,F,US5898196
PAT_003209,Jonathan Chandler,1989-07-19,M,PK3732673
PAT_003210,Jessica Mccarty,1962-11-07,F,GB4611791
PAT_003211,Andrew Lester,1958-06-23,F,AU5899129
PAT_003212,Ryan Reynolds,1990-07-03,F,GB3992510
PAT_003213,Jose Vasquez,1981-05-09,F,GB7262837
PAT_003214,Kayla Luna,1987-09-30,M,US7765513
PAT_003215,Jeffery Haas,1986-02-16,M,KE5691037
PAT_003216,Loretta Young,1979-07-30,F,US5275028
PAT_003217,Matthew Williams,1962-08-11,M,DE5698390
PAT_003218,Stacey Taylor,1979-11-01,M,GB3882285
PAT_003219,Stacey Gay,1995-01-10,F,US3172346
PAT_003220,Sheena Hawkins,1953-08-03,M,AU2622465
PAT_003221,Douglas Rivas,1989-03-01,M,NG7816149
PAT_003222,Paul Orr,1960-06-22,M,SA1176800
PAT_003223,Kenneth Smith,2002-05-26,F,RU1948958
PAT_003224,Christine Martinez,1955-09-30,M,GB4914294
PAT_003225,Dawn Cooley,1972-11-23,F,DE4907844
PAT_003226,Wanda Morris,1968-03-21,F,US9345792
PAT_003227,Christopher Higgins,1962-03-09,F,US6730958
PAT_003228,Benjamin Dawson,1976-04-24,M,NG5080106
PAT_003229,Joe Elliott,1998-09-20,F,BD1613988
PAT_003230,Isaiah Parker,1976-03-08,M,BD1378370
PAT_003231,David Howard,1966-03-29,M,SA6945586
PAT_003232,Nicolas Wells,1964-12-22,F,AU4936889
PAT_003233,Samantha Rivera,1961-03-29,M,NG9471833
PAT_003234,Matthew Long,1987-03-06,M,KE7209068
PAT_003235,Justin Lin,1951-02-19,F,GB8656127
PAT_003236,Jennifer Sims,1975-06-23,M,DE6970572
PAT_003237,Jennifer Marsh,2004-06-03,F,
PAT_003238,Matthew Watkins,1992-08-06,M,PK5506341
PAT_003239,Raymond Crosby,1954-10-19,F,GB3149132
PAT_003240,Charlene Blackwell,1967-05-19,M,AU2174779
PAT_003241,Carmen Herrera,2003-06-03,F,BD8694109
PAT_003242,Phillip Rose,1991-05-12,F,
PAT_003243,James Williams,1982-07-08,M,NG5930394
PAT_003244,Kayla Simmons,1975-06-29,M,US4839952
PAT_003245,Melanie Decker,1993-11-05,F,SA1734050
PAT_003246,Mr. Jon Smith,1989-04-22,M,BD9041691
PAT_003247,Diana Solis,1965-07-29,M,GB1153333
PAT_003248,William Gross,1991-12-29,F,DE8128206
PAT_003249,Sandra Wells,1977-07-02,M,GB8037901
PAT_003250,David Fields,1953-06-12,F,US2684380
PAT_003251,John Merritt,1960-04-23,F,NG9672113
PAT_003252,Michelle Greene,1970-08-29,M,AU1370992
PAT_003253,Jonathan Dean,2000-04-15,F,BD8393093
PAT_003254,Michael Sanford,1969-06-16,F,SA2416515
PAT_003255,Michael Thornton,2005-08-23,F,DE4830174
PAT_003256,Joseph Sutton,1978-09-17,F,NG3295403
PAT_003257,Mrs. Jill Hodges,2003-12-15,M,GB3069144
PAT_003258,Marissa Tyler,2001-06-03,M,GB1726516
PAT_003259,Jessica Cook,2001-12-30,F,DE3027439
PAT_003260,Jared Cobb,1954-11-02,F,US2299589
PAT_003261,Hunter Davidson,1998-09-24,F,BD8925203
PAT_003262,Brian Powell,1959-10-31,F,DE2984824
PAT_003263,Jessica Mcconnell,1979-12-31,F,BD5063954
PAT_003264,Robert Knight,2005-09-07,M,DE3850815
PAT_003265,Noah Meyers,1966-08-16,F,PK8068361
PAT_003266,Brian Mueller,1970-11-14,F,NG3828070
PAT_003267,Angelica Doyle,1986-12-07,F,NG4387558
PAT_003268,Marissa Moore,1976-02-16,M,PK5296059
PAT_003269,Brianna Warren,2003-08-19,F,DE1094657
PAT_003270,Rebecca Lewis,1981-03-25,M,US6118762
PAT_003271,Lindsay Mendoza,1970-03-26,F,DE2970284
PAT_003272,Anthony Fuller,1979-01-13,F,US6330533
PAT_003273,Jessica Benson,1954-08-16,F,GB4519553
PAT_003274,Regina Sawyer,1992-06-25,M,GB7347736
PAT_003275,Denise Leon,2004-04-04,F,AU8829385
PAT_003276,Elijah Smith,1993-12-16,M,PK3522028
PAT_003277,Felicia Robinson,1961-07-10,F,GB6331325
PAT_003278,Jade Ibarra,1968-01-10,F,GB1357797
PAT_003279,William Tucker,2001-05-23,M,DE9176519
PAT_003280,Erin Nelson,1973-03-08,F,SA2952673
PAT_003281,Haley Willis,1962-12-05,F,AU9729695
PAT_003282,Amanda Zamora,1981-07-25,M,US3552135
PAT_003283,Mr. Paul Ewing,1979-05-14,M,RU4612985
PAT_003284,Brenda Taylor,1989-11-20,F,US8242377
PAT_003285,Nicole Foster,1967-08-21,X,US8647284
PAT_003286,Rebecca Hanson,1981-02-16,F,PK7041966
PAT_003287,Kyle Hernandez,1960-06-15,M,US6263302
PAT_003288,Vicki Ortiz,1985-04-21,M,NG8255573
PAT_003289,Tammy Hernandez,1953-08-23,F,GB3929198
PAT_003290,Nancy Jackson,1963-03-26,M,GB2847706
PAT_003291,Stanley Howard,1969-03-06,X,KE5813488
PAT_003292,Stephen Mueller,2004-02-25,F,PK1081478
PAT_003293,Claudia Sanchez,1965-09-10,M,GB3429510
PAT_003294,Jonathan Peterson,1954-12-08,F,PK4111533
PAT_003295,Charles Sloan,2003-11-09,F,RU1891055
PAT_003296,Jason Robinson,1998-04-22,F,BD7368621
PAT_003297,Jennifer Davidson,2004-12-25,F,US5524992
PAT_003298,Paul Smith,1998-05-21,M,BD8208265
PAT_003299,Paula Johnson,1971-03-26,F,US6285665
PAT_003300,Mr. Melvin English,1979-02-24,M,SA6536980
PAT_003301,Teresa Lawson,1998-12-15,F,NG7692983
PAT_003302,John Wood,1981-11-10,M,RU1366230
PAT_003303,Michael Ramirez,1957-04-06,F,RU7371542
PAT_003304,Eric Norman,1952-09-21,M,AU3890087
PAT_003305,Michael Jordan,1994-02-01,M,GB4406927
PAT_003306,Joshua Meyer,1989-06-12,M,RU9264161
PAT_003307,Dana Norman,1981-04-18,M,PK4523534
PAT_003308,Kelly Nelson,1959-02-15,M,PK5336161
PAT_003309,Gregory Deleon,1993-04-26,F,AU6521809
PAT_003310,Amanda Smith,1978-07-12,M,DE1100005
PAT_003311,Nicholas Baker,1993-10-18,F,AU2704339
PAT_003312,Christine Conley,1971-03-27,M,KE3098818
PAT_003313,Ralph Herrera,1960-02-19,F,NG6028922
PAT_003314,Ashley Heath,2002-11-13,F,GB4845742
PAT_003315,Carrie Thomas,1960-05-18,F,AU1532961
PAT_003316,Kevin Saunders,1985-01-19,F,GB2448048
PAT_003317,Amy Sullivan,1991-06-18,F,US9087066
PAT_003318,Daisy Grimes,1997-12-11,F,GB1182304
PAT_003319,Ian Ford,1999-02-02,F,US5189929
PAT_003320,Anthony Williams,1968-11-28,F,US7833270
PAT_003321,Gary King,2000-05-09,F,DE5960564
PAT_003322,Darryl Roberts,1975-06-21,M,AU2075489
PAT_003323,Cynthia Jones,1988-07-19,F,GB3648146
PAT_003324,Deborah Herrera,1979-08-27,F,BD9261524
PAT_003325,Harold Diaz,1951-08-22,F,GB6024743
PAT_003326,Gabrielle Scott,2004-06-09,F,GB6958372
PAT_003327,Devin Burch,2001-02-22,F,AU8290489
PAT_003328,Ellen Long,1981-11-23,F,
PAT_003329,Matthew Mcdonald,1984-02-16,M,SA7884998
PAT_003330,Emily Young,1965-07-24,M,AU7683280
PAT_003331,Jacob Watson,2005-04-23,F,AU6885641
PAT_003332,Sandra Craig,1981-08-25,M,SA2355821
PAT_003333,Tracy Cooper,1952-10-01,F,US2121744
PAT_003334,Elizabeth Freeman,1980-01-01,M,RU8468974
PAT_003335,Anne Ortiz,1958-05-22,M,US5751107
PAT_003336,Richard Kent,1979-10-07,M,RU6364312
PAT_003337,Deborah Bowman,1989-01-25,F,KE7788397
PAT_003338,Jennifer Allen,1975-12-28,M,BD6949178
PAT_003339,Mary Rivers,1951-06-07,M,GB6157760
PAT_003340,Aaron Smith,2004-02-14,M,BD2375086
PAT_003341,James Watkins,1973-05-09,F,GB4057945
PAT_003342,Madeline Davis,1995-08-21,M,AU2599829
PAT_003343,Katherine Lawrence,1960-06-23,M,SA1743149
PAT_003344,Renee Steele,1983-06-16,F,US5426431
PAT_003345,Belinda Bailey,1987-06-25,M,GB9518724
PAT_003346,Gerald Williams,1998-05-03,F,NG1859554
PAT_003347,Kathryn Campbell,1997-07-26,F,GB5865264
PAT_003348,Jennifer Martinez,1982-01-17,F,PK4255051
PAT_003349,Lee Price,1964-07-19,F,SA6306366
PAT_003350,Joe Gilbert,2005-03-29,F,US4397931
PAT_003351,Ryan Chang,1983-09-10,F,GB4967906
PAT_003352,Andrew Reyes,1986-03-18,F,AU1119092
PAT_003353,Maria Andrews,1955-05-08,M,NG8159160
PAT_003354,Jeffrey Harper DVM,1962-09-26,M,US2237856
PAT_003355,Michael Sanders,1960-04-14,F,BD5030385
PAT_003356,Ashley Yates,1959-10-22,F,RU4640902
PAT_003357,Phyllis Beck,1964-05-19,M,
PAT_003358,Tammy Coleman,1957-12-28,M,PK4219449
PAT_003359,David Bolton,1973-07-23,M,SA1907652
PAT_003360,Katelyn Allen,1973-02-19,M,NG9483976
PAT_003361,Rebecca Warner,1971-04-12,F,GB9801028
PAT_003362,Amber Brown,1972-01-27,F,NG7205176
PAT_003363,Joseph Lewis,1951-06-25,M,NG8917769
PAT_003364,Tracy Hall,1989-11-27,F,
PAT_003365,Brian Lee,1989-09-15,M,AU5884051
PAT_003366,Dillon Williams,1993-11-17,M,AU2938202
PAT_003367,Scott Martin,1976-02-20,F,NG3738080
PAT_003368,Vanessa Perez,1998-02-23,M,US5293399
PAT_003369,Michael Walker,1976-10-22,M,BD1405048
PAT_003370,Raymond Bradley,1990-07-10,M,NG6944801
PAT_003371,Robert Brown,1962-01-10,F,US6857714
PAT_003372,Kelly Johnson,1995-11-11,M,PK9987579
PAT_003373,Sarah Vance,1989-05-30,F,
PAT_003374,Anthony Bryant,1974-03-01,F,GB6435871
PAT_003375,Regina Schroeder,1960-05-10,M,SA2644957
PAT_003376,Jacob Cervantes,1955-01-24,M,NG6722775
PAT_003377,Alexander Thompson,1981-08-26,M,DE5331774
PAT_003378,Catherine Frey,1950-01-28,M,US6986657
PAT_003379,Steven Ruiz,1952-01-07,F,DE1473452
PAT_003380,Deborah Osborne,1985-07-16,M,AU1296653
PAT_003381,Stephen Shields,1972-03-30,M,GB8796876
PAT_003382,Jessica Aguilar,1953-10-18,M,NG6963915
PAT_003383,Cameron Anderson,1983-11-03,M,SA3720177
PAT_003384,Robert Jones,1956-12-28,F,RU5121561
PAT_003385,Carol Delacruz,1982-12-25,F,NG7227682
PAT_003386,Angela Rodriguez,1958-05-09,F,US6945351
PAT_003387,Martin Bradley DVM,1983-01-07,M,GB9907048
PAT_003388,Rhonda Grimes,1950-01-13,M,AU6486179
PAT_003389,Peter Flores,1954-04-01,M,NG6636240
PAT_003390,Lori Nelson,1957-06-17,F,DE1875195
PAT_003391,Melissa White,1994-12-04,F,BD9643754
PAT_003392,Emily Mitchell,2003-01-26,M,SA5572586
PAT_003393,Joseph Salinas,1975-10-23,F,US3519173
PAT_003394,Mary Duran,1993-06-14,F,KE6415054
PAT_003395,Angela Reyes,1993-10-23,F,US2155369
PAT_003396,Jorge Smith,1996-11-30,M,US6777779
PAT_003397,Anthony Tran,1975-12-13,M,US4526470
PAT_003398,Kimberly Vaughn,1981-06-28,M,BD3691126
PAT_003399,Ryan Bowen,2000-02-12,M,US3434128
PAT_003400,Phyllis Herrera,1994-12-19,M,GB1870958
PAT_003401,Shannon Crosby,1985-08-30,F,US2246947
PAT_003402,Michael Martin,1971-10-01,F,GB4237142
PAT_003403,Debbie Boyd,1999-05-24,F,SA3738945
PAT_003404,Franklin Proctor,1981-04-14,F,DE8705670
PAT_003405,Ashley Ramos,1976-05-16,F,
PAT_003406,Susan Smith,2001-09-18,F,AU9044396
PAT_003407,John Strickland,1983-09-30,F,AU8739721
PAT_003408,Julie Webb,2005-09-04,M,US7572601
PAT_003409,Alexandra Fisher,1999-12-16,F,DE1991791
PAT_003410,Jessica Mata,1982-08-29,F,GB5589405
PAT_003411,John Thomas,2001-04-29,F,NG4310988
PAT_003412,April Fisher,2005-01-08,M,RU2700814
PAT_003413,Dr. Mark Lopez,1955-10-19,M,NG1182561
PAT_003414,Charles Campbell,1951-04-02,M,US6669849
PAT_003415,Kelli Hoffman,1994-03-20,F,US3437246
PAT_003416,Ashley Price,1959-11-02,F,AU1313898
PAT_003417,Amanda Mercado,1989-10-02,M,KE8297607
PAT_003418,Jasmine Evans,1988-03-11,F,SA6796058
PAT_003419,James Mendez,1964-02-23,F,DE3828902
PAT_003420,Brian Salazar,1961-12-20,F,KE1580582
PAT_003421,Frank Escobar,1984-08-11,F,AU1622831
PAT_003422,Lisa Smith,1950-05-02,M,AU6258463
PAT_003423,Danielle Salinas,1962-05-03,M,SA4700530
PAT_003424,Justin Mckinney,1982-02-13,M,US5857751
PAT_003425,Mr. Edwin Rogers,1987-12-15,F,DE6809502
PAT_003426,Ashley Ali,1972-08-15,M,BD7544423
PAT_003427,Anthony Tran,1980-07-18,M,DE5456287
PAT_003428,Jacqueline Berry,2003-10-13,M,DE4184284
PAT_003429,Wyatt Thomas,1992-01-11,F,GB7653116
PAT_003430,Troy Ford,1972-11-26,M,GB5485137
PAT_003431,Tyler Nielsen,1992-08-29,F,GB9978448
PAT_003432,David Valenzuela,1968-07-20,F,GB5225574
PAT_003433,Priscilla Peterson,1992-04-05,F,US1921392
PAT_003434,Robert Taylor,1960-04-18,F,GB7105287
PAT_003435,Kenneth Hickman,1997-08-13,M,NG6205793
PAT_003436,Michael Gibson,1951-05-25,F,GB9770585
PAT_003437,Kayla Thomas,1996-09-26,M,BD5805385
PAT_003438,Lindsey Gonzalez,1994-09-22,F,NG2213738
PAT_003439,Kimberly Avila DVM,1980-08-01,M,GB9728579
PAT_003440,Ryan Fowler,1966-05-26,X,DE8566460
PAT_003441,Ivan Allen,1961-09-17,F,SA6309056
PAT_003442,Sarah Castillo,2003-04-14,M,PK6015287
PAT_003443,David Berry,1998-12-08,F,US3213998
PAT_003444,Michelle Martinez,1957-05-30,M,BD4955945
PAT_003445,Morgan Torres,1995-10-01,M,GB5002051
PAT_003446,Pamela Hernandez,1975-03-07,M,RU5172733
PAT_003447,Chelsey Duncan,1983-10-04,F,US8280744
PAT_003448,Trevor Aguilar,1997-04-02,F,DE3442510
PAT_003449,Mr. Timothy Morgan,1974-09-09,F,PK4210623
PAT_003450,Lindsey Garcia,1998-01-29,M,KE5087569
PAT_003451,Angela Tucker,1971-06-17,M,PK8355179
PAT_003452,Andrew Jenkins,1997-07-02,F,DE5483990
PAT_003453,Anthony Berry,1987-05-09,M,DE7165496
PAT_003454,David Cantu,1993-03-10,F,DE8317667
PAT_003455,Gary Richmond,1997-06-05,F,BD3194945
PAT_003456,Robert Hodges,1995-06-22,M,US8735774
PAT_003457,Leslie Clark,1986-04-25,M,US5250171
PAT_003458,Justin Wilson,1984-07-02,F,NG6561683
PAT_003459,Pamela Powell,2004-04-13,F,KE7598309
PAT_003460,Michael Mathews,1950-04-24,M,US9028331
PAT_003461,Douglas Collins,1987-05-22,M,PK3452402
PAT_003462,Mary Klein,1996-11-27,F,GB8065911
PAT_003463,Michelle Rhodes,1999-05-04,M,GB5492385
PAT_003464,Crystal Miller,1998-06-08,F,US8343098
PAT_003465,Paige Williams,1993-07-14,F,US2807701
PAT_003466,Dennis Moody,1995-01-31,X,DE3418571
PAT_003467,Miranda Hayes,1985-09-14,M,DE8382126
PAT_003468,Victoria Kemp,1950-08-22,M,AU6136090
PAT_003469,Sean Wilson,1991-05-24,F,US4314345
PAT_003470,Joshua Prince,1956-12-14,F,AU5675070
PAT_003471,Laurie Haynes,1992-08-08,M,GB2738172
PAT_003472,Dr. Claudia Wilson,2005-12-28,F,GB8823423
PAT_003473,Gregory Smith,1972-11-07,M,NG3017923
PAT_003474,Dylan Webb,1962-12-01,M,PK3403038
PAT_003475,Richard Silva,1970-09-14,F,NG2531723
PAT_003476,Sabrina Robbins,1982-11-21,F,BD2600446
PAT_003477,John Collier,1988-06-05,M,PK1451965
PAT_003478,Anthony Ashley,1994-04-25,M,GB6171861
PAT_003479,Jenna Ibarra,1999-09-07,X,GB3515348
PAT_003480,Michael Bell,1956-12-28,F,AU7900887
PAT_003481,Chris Cunningham,1977-11-25,M,
PAT_003482,Christopher Vega,1968-10-14,F,BD8598226
PAT_003483,Jonathon Adams,1996-11-14,M,RU2880673
PAT_003484,Allison Harris MD,1984-10-31,F,DE8325869
PAT_003485,Tina James,1991-12-20,F,AU6371309
PAT_003486,Natalie Smith,1978-03-12,F,KE8586356
PAT_003487,Nathaniel Daniel,1955-12-13,F,KE3355152
PAT_003488,Sean Santos,1972-12-11,M,GB1912041
PAT_003489,Andrea Stone,1950-02-14,M,SA1055745
PAT_003490,Rachael Alvarez,1971-11-01,F,PK6819568
PAT_003491,Shannon Ware,1975-11-10,F,NG2450338
PAT_003492,Jessica Brooks,1971-09-14,M,DE3577980
PAT_003493,Matthew Hudson,1992-08-18,M,AU7835047
PAT_003494,Jennifer Bennett,1995-02-24,F,GB8016675
PAT_003495,Kevin Suarez PhD,1990-06-27,F,NG6594816
PAT_003496,Andrea Floyd,1982-10-03,M,US6809133
PAT_003497,Jeffrey Allen,1991-12-26,F,BD6875537
PAT_003498,Carlos Harper,2000-04-17,F,AU7862637
PAT_003499,Matthew Johnson,1964-10-30,M,DE5110875
PAT_003500,Stephanie Hendricks,1984-03-30,F,DE5709240
PAT_003501,Christopher Lee,1977-01-31,F,GB8101478
PAT_003502,Dana French,1992-08-07,X,NG2311478
PAT_003503,Kevin Hall,1986-02-12,F,
PAT_003504,Alexander Morales,1972-06-21,M,PK3450096
PAT_003505,Alyssa Charles,1963-07-04,M,RU2679405
PAT_003506,Kylie Mccann,1970-07-25,F,RU6171166
PAT_003507,Melanie Smith,1955-12-20,F,RU4947275
PAT_003508,Martha Lee,1998-09-24,M,BD1052980
PAT_003509,Spencer Morris,1959-07-25,M,AU7039199
PAT_003510,Eric Taylor,1991-04-02,M,AU4435302
PAT_003511,John Davenport,1983-05-29,F,RU6762676
PAT_003512,James Bentley,1957-12-09,F,DE7164972
PAT_003513,Stephen Peters,1951-04-04,F,BD6779035
PAT_003514,John Valentine,1998-02-15,F,PK2524522
PAT_003515,Bruce Lane,2003-06-30,F,US6768066
PAT_003516,Rebecca Logan,1976-05-01,M,US5618722
PAT_003517,Ivan Mccarty,1995-01-16,M,GB1177659
PAT_003518,Kendra Smith,1969-05-29,F,AU2313232
PAT_003519,Jeremy Wolf,1964-09-27,M,NG8959854
PAT_003520,Carlos Cook,2003-11-20,M,US3188273
PAT_003521,Justin Arellano,1996-02-04,F,DE7919850
PAT_003522,Joseph Yu,1999-12-25,M,PK1792340
PAT_003523,Alyssa White,1985-04-28,F,GB2678863
PAT_003524,Kevin Anderson,1972-05-01,M,US9530074
PAT_003525,Stephen Stark,1967-08-16,F,PK6223572
PAT_003526,Steven Howell,1973-07-18,M,SA9560968
PAT_003527,Erika Morales,2004-11-05,F,NG9329417
PAT_003528,Daniel Vargas,1984-05-25,F,US9915168
PAT_003529,Bonnie Shepherd,1972-03-20,M,KE1308689
PAT_003530,Paula Moore,1957-03-02,F,GB3948955
PAT_003531,Kathleen Mckenzie,1990-07-09,F,DE6483036
PAT_003532,Darlene Moore,1978-08-29,M,US5352931
PAT_003533,Jack Ortiz,1993-09-29,M,DE3394293
PAT_003534,Ashley Sexton,1952-05-13,M,AU3960018
PAT_003535,Emily Wilson,1954-01-19,X,GB7849220
PAT_003536,Cory White,1950-01-11,F,NG5850913
PAT_003537,Adriana Smith,1996-10-18,F,PK1342986
PAT_003538,Michael White,1981-05-06,F,NG1725079
PAT_003539,George Miller DVM,1989-05-10,F,US9024882
PAT_003540,Christopher Warner,1953-06-04,M,AU2850920
PAT_003541,Angela Clay,2004-07-23,F,US4392506
PAT_003542,Jacob Nelson,1974-06-21,M,US4844405
PAT_003543,Joseph Harvey,1978-03-18,F,SA7259053
PAT_003544,Melissa Brown,1953-12-01,M,GB7810495
PAT_003545,Jennifer Anderson,1982-02-06,M,SA1903244
PAT_003546,Matthew Smith,1967-11-20,F,AU3738619
PAT_003547,Christopher Becker,1990-03-16,F,US2551721
PAT_003548,Dawn Jackson,1982-10-29,F,BD2259587
PAT_003549,Sean Sanders,1970-12-27,F,PK9073267
PAT_003550,Dr. Glenn Moss,1970-01-01,X,US5239548
PAT_003551,Renee Harris,1984-08-26,F,PK2124034
PAT_003552,Jacqueline Farley,1952-03-09,M,RU4454799
PAT_003553,David Peters,1983-03-17,M,
PAT_003554,Michael Smith,1952-11-29,M,US7774433
PAT_003555,Brandon Green,1957-05-21,F,NG9054602
PAT_003556,Kristopher Perez,1952-06-25,F,DE3631209
PAT_003557,Bernard Figueroa,1964-12-28,F,DE6334619
PAT_003558,Kathryn Garcia,1968-08-30,M,NG9426756
PAT_003559,Adriana Diaz,1968-12-29,F,AU9849463
PAT_003560,Krystal Crawford,1983-08-05,F,SA2473351
PAT_003561,Dr. Maureen Johnson,1993-10-07,M,GB6521690
PAT_003562,Benjamin Anderson,1970-12-08,M,NG6744991
PAT_003563,Justin Dunn,1954-06-14,F,BD9671077
PAT_003564,Beth Perez,1972-02-22,M,GB2689849
PAT_003565,Keith Wilkinson,1993-06-08,M,BD8734615
PAT_003566,Laura Rosales,2002-09-07,F,US1863688
PAT_003567,Lauren Wagner,1960-11-19,M,US6937318
PAT_003568,Ashley Nichols,1973-12-03,M,GB6860863
PAT_003569,Susan Rocha,1981-07-04,F,RU5465841
PAT_003570,Angela Kirby,1959-09-18,M,GB8113961
PAT_003571,Maria Miller,1998-02-13,M,BD4544358
PAT_003572,Valerie Mckee,1999-02-25,F,DE8543370
PAT_003573,Ronald Stevens,1997-05-02,M,RU1837417
PAT_003574,Ashley Conner,1979-06-12,M,US9209048
PAT_003575,Clifford Hoffman,1964-07-01,M,KE7795667
PAT_003576,David Jenkins,1998-03-12,F,BD6872573
PAT_003577,Gregory Miller,1990-05-15,F,GB5905316
PAT_003578,Cynthia Jones,1995-04-16,F,RU1886975
PAT_003579,Kenneth Davila,1962-10-03,M,GB9340313
PAT_003580,Julie Cole,1970-11-16,F,BD4583182
PAT_003581,Maria Erickson,2002-09-03,F,US4683432
PAT_003582,Christopher Walton,1974-10-05,F,US3213357
PAT_003583,Mark Gonzalez,1965-12-29,M,NG4793778
PAT_003584,Shannon Dean,1991-05-13,M,RU8538890
PAT_003585,Jon Munoz,1969-04-10,M,NG7743751
PAT_003586,Heidi Rodriguez,1980-02-07,M,SA3089123
PAT_003587,Nicole York,1998-03-31,M,AU9246161
PAT_003588,Joseph Rhodes,1994-02-19,M,US5293670
PAT_003589,Christopher Moon,2003-04-02,F,PK6427764
PAT_003590,Robert Nelson,1967-01-13,F,PK9831791
PAT_003591,Alicia Phillips,1955-08-14,F,US8042978
PAT_003592,Kevin Barnes,1999-04-08,M,GB3333820
PAT_003593,Andre Williams,1983-09-03,M,SA7619269
PAT_003594,Kyle Barnes,1988-04-26,F,AU4056722
PAT_003595,Darren Perry,1970-07-05,M,NG6917224
PAT_003596,Christopher Reyes,1958-03-17,F,PK2738013
PAT_003597,Melissa Taylor,1976-01-04,F,BD7208814
PAT_003598,Kirk Livingston,1991-08-20,M,NG5827102
PAT_003599,Richard Hall,1952-10-19,F,GB7486557
PAT_003600,Angela Bernard,1984-03-24,M,PK2984634
PAT_003601,Lori Brown,2002-09-13,F,NG1803412
PAT_003602,Gary Owens,1986-12-19,M,SA6586193
PAT_003603,Michael Goodwin,1991-11-24,F,BD3696091
PAT_003604,Clarence Collins,1979-07-02,M,BD9585904
PAT_003605,John Cline,1984-07-11,F,US7774876
PAT_003606,Wayne Smith,1993-09-30,M,NG4888185
PAT_003607,Austin Adams,1986-04-19,M,GB4491269
PAT_003608,Rebecca Robinson,1953-08-20,F,NG6885048
PAT_003609,Joseph Mclaughlin,1956-10-15,F,BD9985147
PAT_003610,Eric Moore,1969-07-08,F,BD9647740
PAT_003611,Dana Bauer,1979-04-09,F,GB6433091
PAT_003612,Pamela Jensen,1991-07-29,M,BD6322452
PAT_003613,Susan Olson,1964-04-23,M,KE3659442
PAT_003614,Timothy Bird,1984-04-23,F,KE7556742
PAT_003615,Kurt Clarke,1952-10-09,M,RU2391393
PAT_003616,Randy Martin,1987-10-13,F,SA6513557
PAT_003617,Nicholas Young,1971-07-05,F,PK6836146
PAT_003618,Andrew Harris,2004-07-04,M,GB7468279
PAT_003619,Alexis Johnson,1967-04-02,M,PK6155099
PAT_003620,Amy Turner,1995-07-07,M,BD8952196
PAT_003621,Austin Pittman,1983-11-27,F,RU7530837
PAT_003622,Charles Gordon,1950-02-28,M,GB1998037
PAT_003623,Omar Nguyen,1950-12-16,F,GB8958084
PAT_003624,Todd Klein,2003-09-25,F,SA3340215
PAT_003625,Martin Martinez,1953-12-14,F,SA2300880
PAT_003626,Linda Ramsey,1958-06-10,M,GB4937093
PAT_003627,Morgan Ramos,1990-08-31,M,DE8199131
PAT_003628,Scott Shah,1989-10-09,F,NG9631741
PAT_003629,Craig Blanchard,1958-05-07,M,
PAT_003630,Jennifer Smith,1983-09-15,M,PK5388921
PAT_003631,Daniel Strickland,1982-10-10,F,AU8085434
PAT_003632,Catherine Esparza,1951-08-13,F,PK9716870
PAT_003633,Jose Grant,1950-12-30,F,NG8917708
PAT_003634,Jesus Wright,1953-04-27,F,GB8401770
PAT_003635,Kayla Mcclain,1976-03-27,M,RU9884648
PAT_003636,Timothy Hall,1955-01-23,M,RU9162843
PAT_003637,Mark Massey,1987-10-09,M,SA8875497
PAT_003638,Christopher Hall,1960-07-02,M,US4089348
PAT_003639,Ryan Hernandez,2001-04-30,M,RU1421253
PAT_003640,Taylor Smith,2002-06-08,F,GB3158006
PAT_003641,Jacqueline Klein,1988-09-21,M,NG7737987
PAT_003642,Anthony Hall,1963-12-11,M,NG8297592
PAT_003643,Thomas Ross,1994-03-27,M,RU2320023
PAT_003644,Roberto Murphy,2000-10-10,F,GB1448515
PAT_003645,Katherine Davis,1962-08-18,F,GB2047355
PAT_003646,Erika Villarreal,1970-05-20,F,GB9419463
PAT_003647,Kevin Burch,1967-07-12,F,SA8970716
PAT_003648,Melissa Hill,1967-12-09,M,US2876667
PAT_003649,Matthew Mcdaniel,1963-11-27,M,RU9672870
PAT_003650,Glen Torres,1984-06-26,F,SA9810701
PAT_003651,Marc Watson,1970-12-17,F,RU2908504
PAT_003652,Brandon Flores,1981-12-21,F,PK9377777
PAT_003653,Robin Pugh,1953-04-02,M,DE5219903
PAT_003654,Angela Davis,1991-07-18,F,DE6760069
PAT_003655,William Beltran,1972-07-22,M,BD2064348
PAT_003656,Alex Baldwin,2000-09-17,F,BD2188398
PAT_003657,Michael Carr,1990-07-11,F,NG6270877
PAT_003658,Philip Jones,1986-10-08,M,KE3035035
PAT_003659,Julie Cook,1950-02-19,M,RU7491270
PAT_003660,Peter Howard DVM,1961-03-25,F,NG2263669
PAT_003661,Jenna Salinas,1997-12-08,M,DE5280957
PAT_003662,Jose Banks,1968-08-14,M,NG4976004
PAT_003663,Mrs. Alicia Bowers,1962-04-30,F,US5284518
PAT_003664,Jason Bruce,2003-07-08,F,GB1029999
PAT_003665,Michael Herrera,2004-05-03,M,US5648664
PAT_003666,Travis Reynolds,1967-10-11,M,AU5931322
PAT_003667,Adam Maxwell,1995-07-17,F,GB3982397
PAT_003668,Todd Edwards,1991-10-17,F,KE3134590
PAT_003669,Anthony Lawson,1963-04-25,F,US4309766
PAT_003670,Kathryn Howard,1966-10-23,F,RU7015921
PAT_003671,Linda Murray,1979-03-03,M,GB6234449
PAT_003672,Colton Lewis,1997-05-30,M,DE2988038
PAT_003673,Allison Mahoney,1999-08-05,F,GB3764454
PAT_003674,Preston Johnson,1976-01-20,M,PK2912209
PAT_003675,Thomas Hubbard,1987-12-09,F,AU1499459
PAT_003676,Brendan Williams,1956-08-27,M,GB9631952
PAT_003677,Charles Guerra,1980-10-08,F,BD5341114
PAT_003678,Kristin Medina,2002-12-22,F,KE7995014
PAT_003679,Douglas Dickson,1959-10-21,M,RU7461252
PAT_003680,Brian Mays,2000-03-22,M,US4993595
PAT_003681,Ashley Rasmussen,1996-04-20,M,DE9264753
PAT_003682,Joseph Gomez,1980-04-22,M,DE5312867
PAT_003683,Melinda Cantu,1973-03-06,M,GB3512341
PAT_003684,Amber Bell,1964-11-19,F,BD4309913
PAT_003685,Kevin Cook,1982-11-26,F,DE7687171
PAT_003686,Justin Blake,1964-06-06,M,AU1872187
PAT_003687,Christopher Johnson,1959-04-07,F,AU5650151
PAT_003688,Christopher Freeman,1964-02-20,M,AU1534179
PAT_003689,Misty Lucero,1974-06-25,M,GB9033257
PAT_003690,Michael Hancock,1971-10-28,M,KE3545971
PAT_003691,Mark Ellis,1969-12-21,F,DE7621566
PAT_003692,Douglas Owens,1981-04-02,F,BD7676074
PAT_003693,Nathaniel Norman,1997-05-26,M,RU8570667
PAT_003694,Courtney Mack,1993-07-28,F,PK4744574
PAT_003695,Tiffany Meyer,1990-01-25,F,GB1232862
PAT_003696,Lori Hudson,2005-12-17,F,RU9046940
PAT_003697,David Davila,1978-05-26,M,
PAT_003698,Christine Murray,2001-04-25,M,KE2493521
PAT_003699,James Baker,1996-02-25,F,SA9120648
PAT_003700,Jeffrey Rose,1981-02-24,M,US1215681
PAT_003701,Joanna Jones,1961-01-15,M,PK1372059
PAT_003702,Pamela Barry,1995-11-10,F,SA3153353
PAT_003703,Eric Jordan,1973-03-22,M,AU1315350
PAT_003704,Lawrence Diaz,1989-07-16,F,US2499813
PAT_003705,Zachary Wright,2000-06-28,F,GB7530573
PAT_003706,Kathy Moon,2004-06-21,F,US7652778
PAT_003707,Christine Frederick,1988-03-04,M,BD5728621
PAT_003708,Andrew Bailey,1977-01-12,F,PK4159776
PAT_003709,Hannah Rivera,1958-03-25,M,GB3623254
PAT_003710,Cynthia Harrison,1972-10-06,F,RU7851365
PAT_003711,Robert Smith,1993-05-25,M,US7752926
PAT_003712,James Watts,1952-04-15,F,AU4184585
PAT_003713,Mr. Christopher Perry,1973-03-31,F,US1724769
PAT_003714,Joshua Nunez,2003-01-02,M,AU5283413
PAT_003715,Brian Baker,1953-01-22,F,US3434572
PAT_003716,Troy Moses,1974-06-29,M,SA8051222
PAT_003717,Frank Barrett,1951-09-16,F,BD2748400
PAT_003718,Elizabeth Riddle DDS,1957-10-02,F,US4150836
PAT_003719,Amanda Elliott,1992-07-30,F,PK8642760
PAT_003720,Sarah Bradley,2004-06-07,M,GB9311997
PAT_003721,Mark Young MD,1995-04-17,M,BD5758488
PAT_003722,James Myers,1978-01-17,F,SA1595733
PAT_003723,Robert Ingram,1957-03-24,M,BD4784838
PAT_003724,Daniel Lambert,2002-04-26,M,NG8515424
PAT_003725,Kevin Carter,1987-01-10,F,SA2469283
PAT_003726,Luis Montgomery,2001-08-12,F,KE7956568
PAT_003727,Albert Holt,1974-03-02,M,GB7503516
PAT_003728,Ashley Frey,2001-03-18,M,US8498394
PAT_003729,Maria Edwards,1950-01-30,M,BD1158785
PAT_003730,Paul Hernandez,1953-09-06,M,SA1527256
PAT_003731,Melissa Howard,1988-08-05,F,RU5079472
PAT_003732,Rebecca Moore,1959-11-30,M,AU5168760
PAT_003733,Jesse Murphy,1993-10-14,F,GB8562829
PAT_003734,Aaron Anderson,1996-03-23,M,SA6160452
PAT_003735,Danny Finley,1969-10-27,M,KE1303880
PAT_003736,James Mcdonald,1982-12-03,M,DE3733236
PAT_003737,Vanessa Garcia,1951-06-01,M,GB1438775
PAT_003738,Matthew Stone,1993-10-09,F,KE9519484
PAT_003739,Samantha Garcia,1962-02-05,M,GB2296432
PAT_003740,Lori Barton,1961-10-25,F,SA2676427
PAT_003741,Susan Rogers,1995-06-17,F,RU4527861
PAT_003742,Jeffrey Mckinney,1969-07-15,F,DE5124812
PAT_003743,Sarah Robinson,1952-07-25,F,GB9374962
PAT_003744,Joseph Carter,1956-11-27,M,SA8125710
PAT_003745,Mark Johnson,1952-06-21,F,US5767096
PAT_003746,Rebecca Butler,1998-06-21,F,DE1046126
PAT_003747,John Carr,1953-06-26,M,US2509246
PAT_003748,Rita Foley,1988-06-10,F,SA8050293
PAT_003749,Eric Smith,1962-05-01,F,DE8067060
PAT_003750,William Benson,2002-10-12,F,US2680312
PAT_003751,Joshua Copeland,1964-10-14,F,PK1772919
PAT_003752,Benjamin Oneill,1979-11-05,F,SA4668846
PAT_003753,Billy Richardson,1962-03-23,M,RU6846291
PAT_003754,Benjamin Houston,1978-07-12,F,US2832790
PAT_003755,Joseph Dominguez,1975-07-20,M,AU1473352
PAT_003756,James Matthews,1958-01-24,F,US2210949
PAT_003757,Dennis Martinez,1963-12-13,M,US6384383
PAT_003758,Maureen Ortiz,1993-01-05,F,DE4465971
PAT_003759,Alexander Gibson,1992-11-02,F,AU5596896
PAT_003760,Anna Mason,1994-10-12,X,PK5420296
PAT_003761,Becky Garcia,2002-01-08,M,
PAT_003762,Rebecca Martinez,1963-12-22,F,AU1614196
PAT_003763,Travis Huber,1992-12-18,F,GB1050196
PAT_003764,Brenda Torres,1987-12-13,F,US7576941
PAT_003765,Mr. Michael Lewis,1980-11-18,M,US5993727
PAT_003766,Andrew Green,1991-02-01,M,AU4695106
PAT_003767,Craig Jones,1963-11-27,F,GB1761760
PAT_003768,Tony Key,1970-08-28,F,DE7313608
PAT_003769,Ashley Smith,1987-02-17,M,BD8403684
PAT_003770,Dr. Melissa Hall,1964-12-17,M,US3713080
PAT_003771,Brian Russo,1985-07-09,M,AU3976824
PAT_003772,Emily Cole,2003-02-02,F,BD9867339
PAT_003773,Jennifer Armstrong,1957-05-21,F,US1814115
PAT_003774,Anthony Kidd,1969-08-27,M,BD4952073
PAT_003775,Brett Guerrero,1954-12-08,M,
PAT_003776,Kelsey Jones,1983-06-03,F,BD7465066
PAT_003777,Dennis Aguirre,1953-05-18,M,GB6186734
PAT_003778,Jean Edwards,1993-08-11,F,BD9090410
PAT_003779,Phillip Ellis,1961-10-22,F,GB7234108
PAT_003780,Kaitlyn Adams,1983-07-14,M,DE4758329
PAT_003781,Nicholas Johnson,1975-06-01,F,US6066537
PAT_003782,Willie Cole,1951-06-15,F,
PAT_003783,Mark Austin,1964-11-19,F,
PAT_003784,Joanna Munoz,1968-07-30,M,NG1524131
PAT_003785,Lee Erickson,1996-01-04,M,US2237837
PAT_003786,Wayne Mendez,1987-05-07,M,BD7054628
PAT_003787,Robert Sullivan,1981-03-19,M,AU5947473
PAT_003788,Aaron Cruz,1986-03-10,F,GB5296848
PAT_003789,Jeffery Lamb,1972-04-29,F,SA9640051
PAT_003790,Todd Warner,1958-11-09,M,
PAT_003791,Hannah Schaefer,1966-11-03,F,PK9450528
PAT_003792,Brandon Copeland,1995-02-15,F,AU2690864
PAT_003793,Zachary Morrison,1977-03-18,M,US2878799
PAT_003794,Elizabeth Buchanan,2004-02-16,F,GB4617581
PAT_003795,Darrell Johnson,1964-12-18,F,NG8677939
PAT_003796,Alison Campbell,1998-06-26,M,AU1691233
PAT_003797,Joseph Marshall,1965-06-25,F,SA9207474
PAT_003798,Justin Hampton,1966-02-11,M,AU1072278
PAT_003799,Rose Garza,1980-09-11,F,AU6302209
PAT_003800,Kellie Mcdonald,1968-04-22,F,NG2809518
PAT_003801,Danielle Morton,1972-04-14,F,NG1453546
PAT_003802,Anthony Mcclain,1951-02-03,M,US6468297
PAT_003803,April Jones,1962-01-13,M,US4572118
PAT_003804,Dr. Scott Valdez,1958-05-16,F,US9499661
PAT_003805,Terry Larson,1982-05-23,F,BD4677011
PAT_003806,Rose Villa,1999-11-01,M,KE5502439
PAT_003807,Brian Huynh,2001-03-28,F,PK6106939
PAT_003808,Brian Warner,1982-12-03,F,SA4364607
PAT_003809,Anthony Johnson,1954-09-02,M,
PAT_003810,Carolyn Davis,1980-01-17,M,BD4420382
PAT_003811,Brandon Bonilla,1960-01-05,F,GB9248599
PAT_003812,Samuel Henderson,1957-02-13,F,AU3948803
PAT_003813,David Wade,2001-07-22,F,US4634726
PAT_003814,Mary Cross,1998-02-28,F,GB6067055
PAT_003815,Dr. Jacqueline Martin,1964-06-19,F,BD1519904
PAT_003816,Ashley Parsons,1956-12-27,M,SA4388335
PAT_003817,Daniel Young,1992-12-02,M,AU4754236
PAT_003818,Aaron Zuniga,1989-05-18,M,GB1305424
PAT_003819,Luis Robles,1991-02-08,F,KE4189679
PAT_003820,Janice Powell,1953-07-04,F,GB8103570
PAT_003821,Nathan Robbins,1951-03-19,F,AU7130895
PAT_003822,Lisa Holland,2004-02-16,F,AU2498799
PAT_003823,Brian Gibson,1951-10-04,M,US3576842
PAT_003824,Sheila Hines,1966-10-09,M,US3682895
PAT_003825,Brittney Hunter,1970-03-26,F,NG2014982
PAT_003826,Brittany Hull,1987-10-08,F,
PAT_003827,Robin Carson,1992-12-05,M,SA7347344
PAT_003828,Jamie Rivera,1994-02-03,X,US9756794
PAT_003829,Sara Hernandez,1976-04-03,F,US9580992
PAT_003830,Robert Tran,2004-01-26,M,KE7190682
PAT_003831,Debbie Miller,1962-03-05,M,GB1467094
PAT_003832,Dana Ray,1963-11-12,M,US8714078
PAT_003833,Stephanie Olson,1989-07-29,M,KE9831693
PAT_003834,Jessica Johnson,1992-09-06,M,PK6220307
PAT_003835,Jack Davidson,2000-05-11,M,NG4596557
PAT_003836,Daryl Flores,1953-02-14,F,US1701447
PAT_003837,Bailey Love,1962-08-27,M,PK7757811
PAT_003838,Gerald Long,1960-06-07,F,AU1227855
PAT_003839,Kristin Lopez,1951-03-13,M,NG5899735
PAT_003840,Nicole Long,1975-05-02,F,AU1218128
PAT_003841,Robert Nichols,1954-11-22,M,US1514507
PAT_003842,Alexis Mcmillan,1958-10-09,M,US2481858
PAT_003843,Lori Murphy,1982-08-28,M,DE2042575
PAT_003844,Dr. David Love,1977-04-10,F,SA8714136
PAT_003845,Carlos Dominguez,2000-02-22,M,GB1454323
PAT_003846,Dr. Victoria Sanders,1984-02-16,M,GB3184342
PAT_003847,Traci Cox,1986-08-26,F,US7464984
PAT_003848,Roy Wong,2001-12-14,M,
PAT_003849,Marc Thompson,1991-09-06,M,US1049872
PAT_003850,Mrs. Mary Bowers,2000-02-08,F,US2485592
PAT_003851,Ashley Townsend,1972-12-09,F,AU7086304
PAT_003852,Robert Coleman,1960-08-09,M,NG2261731
PAT_003853,Ryan Stevens,1978-06-21,F,NG9387347
PAT_003854,Rachel Faulkner,1980-05-07,F,BD6777422
PAT_003855,Lori Miller,1977-04-23,F,AU6684204
PAT_003856,Savannah Smith,1953-03-21,F,DE1421869
PAT_003857,Kristi Taylor,1996-07-23,M,KE8513503
PAT_003858,Kiara Turner,2001-02-27,F,
PAT_003859,Sandra Weber,2005-08-26,F,DE3324087
PAT_003860,Melissa Preston,1980-05-07,F,
PAT_003861,Kristina Sullivan,1958-10-14,F,AU1479452
PAT_003862,Michael Robinson,1957-08-20,F,NG1622253
PAT_003863,Maurice Moreno,1979-08-19,M,GB7562564
PAT_003864,Stephen Werner DVM,1996-09-07,F,SA8345094
PAT_003865,William Chase,1986-10-09,F,BD1206535
PAT_003866,Tracy Hardy,1986-03-06,F,US9399259
PAT_003867,Charles Huerta,1953-12-22,F,BD1442079
PAT_003868,Kerri Taylor,1971-02-07,F,AU5479031
PAT_003869,Jason Christensen,1986-05-29,M,DE7768122
PAT_003870,Victoria Short,1951-10-06,M,NG1938224
PAT_003871,James Little,1954-10-04,F,GB8840305
PAT_003872,Michelle Poole,1960-11-20,F,KE2896433
PAT_003873,Jason Duran,1973-02-02,F,NG4061192
PAT_003874,Jessica Allen,1990-10-06,M,RU8952404
PAT_003875,Emily Garrett,1974-01-19,F,US9269715
PAT_003876,Jennifer Ford,1996-12-06,F,US6634556
PAT_003877,Russell Hernandez,1991-10-28,M,NG5918113
PAT_003878,Mary Marquez,1975-12-11,M,GB1626141
PAT_003879,Mary Madden,1983-10-02,M,SA4391611
PAT_003880,Steven Hernandez,1977-11-04,M,GB3424973
PAT_003881,Renee Trujillo,1991-02-05,M,AU2930047
PAT_003882,Carrie Barron,1999-12-24,M,PK5692836
PAT_003883,Kevin Jacobs,1962-03-10,M,DE7197580
PAT_003884,Erica Dalton,1963-08-03,F,GB4191216
PAT_003885,Emily Meadows,1968-03-05,M,GB4716450
PAT_003886,David Turner,1966-06-08,F,DE5971665
PAT_003887,Olivia Wright,1961-06-30,F,BD1715067
PAT_003888,Lori Wang,1998-07-29,F,BD6656869
PAT_003889,Jessica Rodriguez,1999-12-16,M,GB5298114
PAT_003890,Audrey Parker,1973-06-25,M,PK9834253
PAT_003891,Connie Simmons,1990-04-15,F,DE1445800
PAT_003892,Michael Johnson,1998-09-12,M,GB3388122
PAT_003893,Karen Randall,1955-12-09,F,AU5897119
PAT_003894,Gregory Leonard,1952-12-04,M,NG3442586
PAT_003895,Amy Bowman,1993-04-06,M,US2636105
PAT_003896,Stephen Deleon,1985-03-04,F,SA4081536
PAT_003897,Tanya Williams,1963-12-28,F,US4281890
PAT_003898,Laura Watts,2000-03-23,F,
PAT_003899,Nicholas Blevins,1971-03-21,F,DE2036413
PAT_003900,Julie Wilson,1960-02-08,F,GB4099137
PAT_003901,Nathaniel Sanders,1973-11-16,M,GB2989170
PAT_003902,Cindy Lee,1997-08-07,F,BD6860327
PAT_003903,Andrea Hogan,1973-10-15,F,PK5873870
PAT_003904,Francisco Barrett,2003-03-04,F,PK5651218
PAT_003905,Tiffany Mcdonald,1994-03-17,F,KE5074615
PAT_003906,Jesus Stark,1956-02-03,M,GB9305459
PAT_003907,Lindsay Howard,1957-12-04,F,US6482242
PAT_003908,Kent Gallagher Jr.,2001-01-25,F,PK3803202
PAT_003909,Rose Scott,1962-10-20,F,NG4850423
PAT_003910,Michael Jones,2005-05-16,F,KE7654500
PAT_003911,Daniel Myers,1971-01-15,F,BD2415957
PAT_003912,Alexandra Page,1998-07-17,M,GB2440263
PAT_003913,Tyrone Long,1953-06-17,M,AU5266285
PAT_003914,Shari Garcia,1984-02-19,M,NG7979127
PAT_003915,Travis Carter,1987-06-08,F,US2445265
PAT_003916,Christine Johnson,1975-10-15,F,DE6930277
PAT_003917,Andrew Sanders,2005-01-02,M,RU9216121
PAT_003918,Patrick Romero,1951-06-16,M,US3653289
PAT_003919,Victor Fuller,1986-01-20,M,GB4758456
PAT_003920,Kristin Dixon MD,1960-12-16,F,AU7102227
PAT_003921,Sharon Lloyd,1960-07-22,M,AU6304347
PAT_003922,John Moran,1978-03-17,F,KE7804591
PAT_003923,Angela Fields,1983-11-08,F,SA2135659
PAT_003924,Jeffery Gomez,1989-10-19,M,SA4774050
PAT_003925,Kimberly Hernandez,1978-06-15,F,GB8448149
PAT_003926,Casey Brown,1954-03-11,M,GB5852165
PAT_003927,Alexander Phillips,1971-03-09,F,BD3753267
PAT_003928,Dawn Nunez,1952-04-24,F,BD5279762
PAT_003929,Mitchell Burns,1960-04-06,F,KE2384255
PAT_003930,Pamela Clark,1967-03-05,F,GB1345694
PAT_003931,Austin Weber,2005-03-21,M,US9662575
PAT_003932,Heather Davis,1963-12-30,M,NG6529053
PAT_003933,Alicia Cox,1960-06-17,M,KE4535779
PAT_003934,Jose Montgomery,2001-08-01,M,GB1329100
PAT_003935,Patricia Mckinney,1981-06-24,M,NG5040737
PAT_003936,Shawn Clark,1981-02-02,F,AU5515890
PAT_003937,Daniel Smith,2002-11-02,M,AU8344247
PAT_003938,Carl Morris,1995-11-15,M,NG6659219
PAT_003939,Matthew Hall,2005-06-14,F,NG7179499
PAT_003940,Cheryl Nelson,1972-07-13,F,PK4496217
PAT_003941,Robert Hill,1956-09-12,M,GB6766068
PAT_003942,Erin Harris MD,1952-02-17,M,GB1505733
PAT_003943,Kenneth Atkinson,1963-12-03,M,SA2482852
PAT_003944,Sharon Rodriguez,2000-08-20,F,SA6435242
PAT_003945,James Martinez,1976-02-13,F,NG2460357
PAT_003946,Rachel Salazar,2003-04-23,X,NG5226426
PAT_003947,Kaitlin Lowe,2004-10-02,M,GB4733000
PAT_003948,Daniel Smith,1959-02-11,M,GB3384368
PAT_003949,Theodore Brown,1987-10-16,X,KE8920949
PAT_003950,Brett Myers,1968-01-20,F,US9137458
PAT_003951,April Jennings,1977-08-03,M,SA9004328
PAT_003952,Richard Rivera,1965-10-24,F,RU1203078
PAT_003953,Gary Rios,1988-10-17,M,GB1918532
PAT_003954,Edwin Carpenter MD,1995-07-23,F,AU5581214
PAT_003955,Kelli Willis,1954-02-06,M,AU5426379
PAT_003956,Bryan Smith,1962-06-03,M,KE8517941
PAT_003957,Martha Brandt,1965-02-23,F,DE6385389
PAT_003958,Kenneth Thornton,1970-09-07,F,BD4679091
PAT_003959,Nathan Lee,1994-02-03,M,KE1515824
PAT_003960,Christopher Rivera,1987-08-04,F,PK4464304
PAT_003961,David Martin,1976-08-03,M,DE1794012
PAT_003962,Veronica Walls,1982-07-23,M,BD8811998
PAT_003963,Ryan Lee,2004-07-15,F,NG2561158
PAT_003964,Jeremy Torres,1959-07-16,M,PK4629478
PAT_003965,Devin Brown,1976-09-13,M,NG5884195
PAT_003966,Michelle Crawford,1996-02-27,F,US4246237
PAT_003967,Todd Reese,1964-12-18,F,AU2367607
PAT_003968,Linda Williams,1950-11-23,F,NG9029145
PAT_003969,Brian Rivera,1973-04-27,M,NG4755322
PAT_003970,Frederick Hunter,1978-12-01,F,BD9128455
PAT_003971,Christopher Griffin,2000-08-21,F,RU5487632
PAT_003972,Kimberly Morales,1995-09-26,F,DE7512597
PAT_003973,William Hill,1980-05-17,M,PK7512706
PAT_003974,Tracy Smith,2001-10-30,M,US6481733
PAT_003975,Heather Barrera,1954-12-06,F,US6826002
PAT_003976,Katie Mann,1991-05-09,M,DE3870025
PAT_003977,Autumn Stephens,1981-11-28,M,AU3155628
PAT_003978,Stephen Bridges,1982-04-21,M,US6206963
PAT_003979,Bonnie Lynch,1968-05-16,F,RU5803438
PAT_003980,Isabel Park,1960-09-28,F,DE9839133
PAT_003981,Patricia Guerrero,1979-10-04,M,BD3190489
PAT_003982,Shawn Williams,1989-07-07,F,RU8096404
PAT_003983,Heather Russell,2002-12-14,F,AU5705727
PAT_003984,Jon Lawson,2001-01-01,F,PK8361911
PAT_003985,Ashley Lopez,1980-10-17,M,
PAT_003986,Kevin Kelley,1961-03-09,F,US6869826
PAT_003987,Eric Rivera,1992-05-01,M,BD6582696
PAT_003988,Charles Sawyer,1995-12-05,M,SA6236694
PAT_003989,Sean Garcia,1958-03-13,F,DE9528678
PAT_003990,April Hudson DVM,1967-03-17,M,US6583599
PAT_003991,Joseph Marshall,1988-07-13,F,GB2667624
PAT_003992,Rebecca Rodriguez,1961-01-05,M,GB6372116
PAT_003993,Timothy Jackson,1974-05-29,F,US6374568
PAT_003994,Daniel Gray,1960-03-23,F,GB7532605
PAT_003995,Paula Brown,1960-06-23,F,US4377768
PAT_003996,Christina Ellis,1995-04-08,F,GB9482412
PAT_003997,Andrea Powers,1987-07-15,M,NG2222468
PAT_003998,Stacy Willis,1989-09-08,F,DE6844822
PAT_003999,Adriana Mcneil,1970-09-04,F,GB6560866
PAT_004000,James Rodriguez Jr.,1981-03-06,F,KE5584893
PAT_004001,Russell Munoz,1997-07-02,M,PK9744294
PAT_004002,Laura Dalton,1953-02-04,F,SA9498120
PAT_004003,Julie Schultz,1996-02-06,M,PK1933587
PAT_004004,Melissa Donovan,1986-01-27,M,SA7617186
PAT_004005,Selena Robinson,1994-09-19,M,PK9832819
PAT_004006,Karla Weaver,1954-01-24,M,DE9397751
PAT_004007,Heather Poole,1955-11-25,F,PK6905820
PAT_004008,Morgan Richmond,1976-05-24,M,BD3654997
PAT_004009,Lisa Sanders,1989-02-20,F,PK9164071
PAT_004010,Kimberly Wang,1971-02-06,F,NG5783661
PAT_004011,Tracy Mcdonald,1972-01-24,M,RU5434557
PAT_004012,Amber Blankenship,1964-04-02,F,NG7951731
PAT_004013,Maria Ruiz,1956-02-27,M,BD8184666
PAT_004014,Dustin Aguilar DDS,1962-03-05,M,GB7056503
PAT_004015,Monica Colon,1956-11-09,F,AU1168862
PAT_004016,Emily Sutton,1952-05-24,F,NG1006379
PAT_004017,Dawn Marsh,1969-03-28,F,BD9036792
PAT_004018,Samuel Williams,1960-03-02,M,AU8204244
PAT_004019,Taylor Jackson,1955-08-17,M,SA1230104
PAT_004020,James Wise,1957-03-08,M,SA4748781
PAT_004021,Matthew Evans,1979-02-10,M,AU9279401
PAT_004022,Henry Bradley,1975-04-09,F,RU3847995
PAT_004023,Amanda Mcbride,1950-05-07,F,BD2576663
PAT_004024,Glen Pearson,1954-09-16,M,US1961558
PAT_004025,Tammie Black,1989-11-14,M,BD3351114
PAT_004026,Mallory Atkins,1961-02-14,F,
PAT_004027,Julia Obrien,1996-11-20,M,DE3578640
PAT_004028,Tracy Cox,2000-12-07,F,SA8845279
PAT_004029,Joanna Avila,1963-11-18,M,GB6106888
PAT_004030,Kathleen Butler,1985-03-30,M,US9989515
PAT_004031,Ms. Jamie Fox,2005-05-05,F,
PAT_004032,Colleen Parker MD,1998-05-30,M,GB8421408
PAT_004033,Melissa Brown,1986-08-27,M,
PAT_004034,Michael Drake,1990-08-24,F,AU1437148
PAT_004035,Julie Hughes,1985-05-01,F,AU6163456
PAT_004036,Melissa Heath,1988-03-28,F,US3552634
PAT_004037,Alexander Sims,1993-04-04,M,
PAT_004038,Joseph Hughes Jr.,1955-10-29,F,AU1228290
PAT_004039,Mike Mason,1972-09-22,F,RU4508414
PAT_004040,David Lopez,1999-12-14,F,PK4950025
PAT_004041,Lindsey Anderson,1952-02-24,F,AU6464285
PAT_004042,Melanie Williams,1998-04-09,F,US9120451
PAT_004043,Brandon Key,1985-05-22,F,
PAT_004044,Roberto Owen,1997-12-18,M,DE5684083
PAT_004045,Christopher Young,1969-12-22,F,US1332930
PAT_004046,Michelle Lamb,1968-01-05,F,SA1638028
PAT_004047,Jerry Baker,1998-06-28,F,SA6688913
PAT_004048,Chelsea Schmitt,1955-06-08,M,DE7105509
PAT_004049,John Jones,1982-01-21,M,BD4818365
PAT_004050,Logan Mercado,1985-01-14,M,BD1783688
PAT_004051,Michelle Edwards,1971-03-09,F,PK5929165
PAT_004052,Jesse Hinton,1992-08-15,M,AU8102480
PAT_004053,Brittany Williams,1993-11-28,F,
PAT_004054,David Lee,1957-02-02,M,PK6686949
PAT_004055,Deborah Mahoney,1973-07-20,M,GB6094900
PAT_004056,Donald Harrison,2005-05-22,F,US4608395
PAT_004057,Ralph Rodriguez,1984-02-25,F,GB4349160
PAT_004058,Tammy Harper,1991-03-23,M,PK7953187
PAT_004059,Brittany Rhodes,1988-01-20,F,
PAT_004060,Alexis Barnes,1955-07-28,F,GB1162540
PAT_004061,Nicholas Garcia,2004-07-05,M,GB1339406
PAT_004062,Sean Escobar,1951-11-14,F,PK3078229
PAT_004063,Cynthia Mckinney,2005-05-26,F,US7974541
PAT_004064,James Campbell,1957-01-29,M,GB7574053
PAT_004065,Heather Lambert,1999-12-31,F,
PAT_004066,Jacqueline Nguyen,1968-10-20,F,SA7532268
PAT_004067,Lauren Williams,1966-08-20,F,BD7592761
PAT_004068,Christy Cook,1959-05-26,M,NG9321557
PAT_004069,Jonathan Tate,1957-05-19,X,US3904332
PAT_004070,Megan Livingston,1988-10-03,M,GB7236166
PAT_004071,Matthew Freeman,1993-10-03,F,US7749785
PAT_004072,Cheryl Cummings,2001-07-08,F,AU5426436
PAT_004073,Michael Jenkins,1991-09-19,M,PK2401729
PAT_004074,Christopher Harmon,1972-09-04,M,SA1269141
PAT_004075,Keith Le,1974-12-22,F,US6774067
PAT_004076,Dr. Tiffany Coleman,1951-10-02,F,GB2130072
PAT_004077,Alicia Arroyo,1999-12-21,M,GB8867572
PAT_004078,Antonio Wallace,1977-03-08,F,KE5131461
PAT_004079,Megan Morales,1977-09-26,M,US6531938
PAT_004080,Larry Reynolds,1987-04-08,M,BD2210673
PAT_004081,Julia Hardin,1971-08-20,M,DE7645094
PAT_004082,Glen Rodriguez,2000-12-15,F,RU6880512
PAT_004083,Daniel Charles,1965-10-11,F,RU2449255
PAT_004084,Logan Bryant,1972-07-15,M,PK6064998
PAT_004085,Stephanie Gaines,1994-09-05,M,GB8039789
PAT_004086,Nicholas Arnold,1994-07-26,F,BD2199596
PAT_004087,David Parks,1959-08-23,M,RU7180151
PAT_004088,Nicholas Wyatt,1978-01-17,F,GB6833632
PAT_004089,Kyle Lane,1986-04-13,F,GB9544450
PAT_004090,Matthew Thomas,1972-08-02,X,SA3301920
PAT_004091,George Johnson,1968-12-11,F,SA4519288
PAT_004092,Christopher Butler,1982-06-30,M,KE8983926
PAT_004093,Stephanie Martinez,1987-05-13,M,US1097337
PAT_004094,David Ford,1962-05-08,M,
PAT_004095,Catherine Chan,1969-08-29,M,SA9833567
PAT_004096,Marc Nguyen,1989-04-11,M,DE6316235
PAT_004097,Kimberly Wallace,1996-06-02,F,
PAT_004098,Joshua Thomas,1963-11-09,M,BD2616069
PAT_004099,Chris Steele,1987-09-15,F,DE4821995
PAT_004100,Melissa Newton,1976-03-04,M,RU5092133
PAT_004101,Veronica Jackson,1983-08-06,M,US4592156
PAT_004102,Kristen Valenzuela,1975-05-16,M,GB3335564
PAT_004103,Michael Diaz,1976-01-29,F,NG1048201
PAT_004104,Brenda Ibarra,2001-04-16,M,NG2573670
PAT_004105,Adam Bradley PhD,1950-11-28,F,KE8693607
PAT_004106,Maria Mercado,1952-12-04,F,US6824514
PAT_004107,Jessica Neal,1975-07-27,X,NG4080331
PAT_004108,Robert Cooper,1951-07-09,M,AU2102569
PAT_004109,Daniel Pierce,1972-07-08,F,PK5515670
PAT_004110,Julie Kelley,1992-09-26,M,GB8326070
PAT_004111,Alexis Smith,1995-05-07,F,GB5018839
PAT_004112,Lisa Butler,1982-05-15,F,BD2067452
PAT_004113,Jimmy Dillon,1973-05-03,M,SA3775567
PAT_004114,Angelica Stein DDS,1977-08-01,M,GB6797938
PAT_004115,Tiffany Hernandez,1987-05-06,F,US6366034
PAT_004116,James Brown,1988-07-04,M,NG8377460
PAT_004117,Kayla Zhang,1993-11-15,M,BD4129903
PAT_004118,Melissa Jones,1963-11-10,M,NG8740218
PAT_004119,Jamie Wilson,1990-11-03,M,US1592332
PAT_004120,Glenn Glenn,1989-01-01,F,BD8895970
PAT_004121,Jose Coleman,1980-07-15,F,RU6389463
PAT_004122,Nicholas Sanders,1974-06-01,X,NG5250101
PAT_004123,Rebecca Jones,1959-05-31,M,PK2659306
PAT_004124,Margaret Gray,1981-06-14,M,AU1836542
PAT_004125,Dr. Laura Richardson MD,1976-02-10,F,US3686128
PAT_004126,Joseph Merritt,2004-12-14,M,BD4113689
PAT_004127,Paige Barajas,1953-05-25,M,NG4270061
PAT_004128,Michael Allen,1977-05-09,M,DE1603826
PAT_004129,Michael Miller,2001-12-31,F,US6840207
PAT_004130,Albert Ray,1960-08-04,M,AU7199265
PAT_004131,Luis Becker,1968-10-27,M,RU6373472
PAT_004132,Kelly Smith,1981-04-17,M,AU5828521
PAT_004133,Kaitlin Holt,1995-10-08,M,KE1488595
PAT_004134,Melinda Tucker,1957-04-22,F,PK3910674
PAT_004135,Holly Williams,1970-05-31,F,GB4201724
PAT_004136,Brian Rush,1996-02-06,F,GB6019751
PAT_004137,Dustin Mitchell,1978-08-04,M,US1717202
PAT_004138,William Riley,1999-06-12,F,PK5677848
PAT_004139,Linda Chavez,1973-05-20,F,PK2848748
PAT_004140,Thomas Gutierrez,1952-09-11,M,RU9005069
PAT_004141,Erin Jones,2004-05-06,M,GB7646209
PAT_004142,Ronald Buckley,2003-12-12,M,
PAT_004143,John Ochoa,1992-12-19,F,BD8616219
PAT_004144,Norman Johnson Jr.,1970-01-22,M,US6312614
PAT_004145,Charles Ortega,1972-11-26,M,NG7460687
PAT_004146,Carla Farmer,1953-02-19,M,DE5928548
PAT_004147,Michele Williamson,1983-03-13,F,DE3837216
PAT_004148,Adam Craig,1983-11-22,M,AU9891130
PAT_004149,Stacey Diaz,1973-12-31,F,US9929248
PAT_004150,Lindsey Adams,1951-03-11,F,AU6247499
PAT_004151,Michael Alvarado,2004-01-18,M,SA2385154
PAT_004152,Margaret Parrish,1955-04-25,M,US2150678
PAT_004153,Kurt Goodman,1986-03-18,F,AU9416701
PAT_004154,Eric Guerra,1990-03-10,M,AU9843741
PAT_004155,Christian Alvarado,2003-05-09,X,GB2937320
PAT_004156,Pamela Scott,1982-10-18,M,PK5743640
PAT_004157,Amy Miller,1976-04-25,F,DE6242500
PAT_004158,Gregory Higgins,1962-10-11,F,PK2108736
PAT_004159,Andrew Leon,1956-05-08,F,AU8874149
PAT_004160,Holly Lester,1993-06-08,M,US7058495
PAT_004161,Cynthia Pineda DVM,2004-05-24,F,BD1412917
PAT_004162,Sheena Clarke,1967-08-08,F,GB5888862
PAT_004163,Jennifer Berry,1950-12-05,F,SA6424377
PAT_004164,Lisa Gray,1965-08-13,F,RU3607911
PAT_004165,Michael Bennett,1954-07-04,M,SA6466131
PAT_004166,Sara Flores,1958-08-31,F,PK5904615
PAT_004167,Brandon Flynn MD,1990-02-23,X,DE1047386
PAT_004168,Rebecca Meyer,2002-06-26,M,SA2328383
PAT_004169,Jeanne Hicks,1977-02-02,F,US4512997
PAT_004170,Kevin Johnson,1982-10-04,F,KE6870199
PAT_004171,Tyler Robles,1978-05-09,F,PK2078319
PAT_004172,Carolyn Navarro,1986-10-06,M,AU4330259
PAT_004173,Jill Baker,1965-04-07,F,US3606884
PAT_004174,Luis Grant,1964-01-06,M,GB7939549
PAT_004175,David Hubbard,1983-11-27,M,DE3511538
PAT_004176,William Doyle,1984-05-05,F,
PAT_004177,Steven Davis,1990-09-14,F,
PAT_004178,Susan Holmes,1955-03-27,M,AU3600249
PAT_004179,Shannon Hayden,1981-02-09,F,DE6983290
PAT_004180,Michael Prince,1969-07-26,F,AU8940063
PAT_004181,Mary Acosta,1971-01-04,F,GB1684186
PAT_004182,Sabrina Jones,1975-10-16,M,GB4248372
PAT_004183,Kenneth Wilson,1970-05-14,F,AU3073885
PAT_004184,Amy Hopkins,1997-01-01,M,KE4233741
PAT_004185,Christina Hill,1983-04-22,M,PK3036541
PAT_004186,Kim Rich,1975-04-14,F,PK6414963
PAT_004187,Christopher Douglas,1973-12-18,F,PK6910645
PAT_004188,Christopher Jensen,1995-05-25,M,BD8814996
PAT_004189,Mary Anderson,1987-06-06,M,US7530377
PAT_004190,Gary Payne,1975-01-27,F,US9425966
PAT_004191,Kenneth Kane,1953-09-25,F,DE2683988
PAT_004192,Tammy Kelley,1975-10-12,M,AU3388187
PAT_004193,Leonard Schmitt,1957-11-02,F,US5112345
PAT_004194,Regina Ruiz,1971-03-01,F,GB8600395
PAT_004195,Lisa Fernandez,1968-01-05,M,US4100440
PAT_004196,James Phillips,1969-04-21,M,US1563662
PAT_004197,Taylor Mullen,2002-01-16,M,GB2901994
PAT_004198,Mr. David Wells,1983-02-02,F,NG7279220
PAT_004199,Catherine Baker,1957-03-21,M,GB8037100
PAT_004200,Clifford Rogers,2002-06-01,F,PK6026891
PAT_004201,Devon Mcbride,1971-10-24,F,SA7921914
PAT_004202,Stephanie Coleman,1973-06-30,M,GB5292564
PAT_004203,Sara Harvey,1989-11-13,F,GB2430026
PAT_004204,Mariah Gibson,1950-09-15,M,PK4446233
PAT_004205,Kelly Shepard MD,1994-08-07,M,GB3095091
PAT_004206,Jose Stephenson,1980-02-23,F,US9102861
PAT_004207,Tracy Young,1966-01-22,M,US9383345
PAT_004208,Thomas Howe,1967-12-31,M,SA2153967
PAT_004209,Timothy Ritter,1959-01-23,F,US9472972
PAT_004210,Mrs. Stephanie Smith,1971-05-08,F,US8774436
PAT_004211,Lance White,1963-07-03,F,NG9452125
PAT_004212,Matthew Brown,1979-12-17,F,BD4474259
PAT_004213,Christine Bennett,1966-11-22,F,US9861924
PAT_004214,Larry Rodriguez,1998-03-31,M,AU8499762
PAT_004215,Sarah Rice,1989-02-07,F,DE8668115
PAT_004216,Karen Sanchez,1956-09-06,F,NG7212596
PAT_004217,Maureen Russell,1954-03-19,F,NG5296721
PAT_004218,Andrea Ward,1984-09-05,F,NG1312806
PAT_004219,Jennifer Thornton,1964-11-16,M,SA8880455
PAT_004220,Cynthia Kemp,1990-06-01,M,GB7761776
PAT_004221,Roberta Johnson,1970-03-28,M,US4032096
PAT_004222,Louis Stone,1959-06-10,F,DE7626286
PAT_004223,Tracy Garcia,1973-11-05,M,AU8908289
PAT_004224,Michael Cole,1999-08-22,M,PK3169031
PAT_004225,Daisy Brown,1977-08-01,M,US8429731
PAT_004226,Toni Thompson,1986-09-13,M,AU1098732
PAT_004227,Marie Christensen,1950-07-20,F,GB8539627
PAT_004228,Joshua Reid Jr.,1959-11-27,F,NG4166422
PAT_004229,Shane Bell,1985-10-06,M,NG4169519
PAT_004230,Arthur Drake,1955-06-06,M,GB8801282
PAT_004231,Billy Stephens,1962-08-24,M,GB4700053
PAT_004232,Joshua Lopez,2000-09-30,M,NG6799416
PAT_004233,Kimberly Yates,2000-11-13,F,GB8057613
PAT_004234,Jennifer Flores,1970-05-25,M,BD6949894
PAT_004235,Hannah Hensley,1998-03-09,F,SA5233428
PAT_004236,James Hall,1966-11-10,M,DE6308732
PAT_004237,Michael Phillips,2001-02-22,F,BD8848841
PAT_004238,Alyssa Fuller,1979-05-29,F,SA5154983
PAT_004239,Kelly Morgan,1978-09-01,F,US6152591
PAT_004240,Christopher Bates,1998-02-06,F,DE5357673
PAT_004241,Jane Silva,1952-08-12,M,SA1460725
PAT_004242,Emily Farley,1976-05-28,F,BD8222384
PAT_004243,Kevin Espinoza,1973-04-20,F,BD8009497
PAT_004244,Emily Herrera,1991-01-08,M,DE4655107
PAT_004245,Wendy Pittman,1992-09-20,F,GB5777116
PAT_004246,Joann Johnson MD,1952-04-21,F,NG3378564
PAT_004247,Michael Franco,1993-05-27,X,BD7914784
PAT_004248,Luis Peters,1966-06-08,F,
PAT_004249,Anna Gross,1980-06-02,F,US2719522
PAT_004250,Christine Moore,1995-08-03,F,GB1355659
PAT_004251,Sean Duffy,1968-08-27,F,US5150534
PAT_004252,Veronica Martinez,1964-12-07,F,US6735012
PAT_004253,Shane Castillo,2001-10-11,F,BD9346065
PAT_004254,Jeffrey Weaver,1973-01-10,M,GB8996551
PAT_004255,Gail Ruiz,1952-04-03,M,US5851655
PAT_004256,Nancy Jarvis,1999-05-24,F,US6429208
PAT_004257,Brittany Wagner,1978-03-09,F,KE5280765
PAT_004258,Joann Perez,1990-08-06,M,US4004067
PAT_004259,Wayne Frye,1956-02-19,F,SA9361026
PAT_004260,Christopher Herrera,1967-05-16,F,DE1980103
PAT_004261,Deborah Schultz,1980-09-21,F,NG2271860
PAT_004262,Nicole Irwin,1977-06-16,M,DE3390851
PAT_004263,Isabella Sanchez,1990-02-01,F,AU1880895
PAT_004264,Carrie Finley,1975-06-22,F,US4758422
PAT_004265,Robert Combs,1977-10-13,F,BD6283388
PAT_004266,Dr. Andrew Scott II,1952-09-23,M,NG8118205
PAT_004267,Michele Harrison,1991-02-05,F,PK1710357
PAT_004268,Calvin Ford,1984-03-15,M,NG7127827
PAT_004269,Maureen Martinez,2003-02-08,M,BD9529966
PAT_004270,Robyn Patrick,1970-12-21,M,DE9415040
PAT_004271,Alison Fletcher,1987-02-14,M,BD3137350
PAT_004272,Amanda Acosta,1960-11-24,M,GB5203318
PAT_004273,Gordon Roberts,1965-01-15,F,AU8520948
PAT_004274,Larry Clarke,1980-02-24,M,BD3111211
PAT_004275,Veronica Flynn,1962-03-14,M,DE4459977
PAT_004276,Victoria Banks,1988-08-11,F,US4388127
PAT_004277,Brian Woods,1980-01-15,F,PK5456446
PAT_004278,Sarah Jones,1971-08-07,F,RU4180736
PAT_004279,Jennifer Mueller,1968-01-07,M,KE2709173
PAT_004280,Sean Stevens,1976-05-09,M,NG6179822
PAT_004281,Sarah Downs,1988-03-12,M,SA7849145
PAT_004282,Lee Phillips,1974-10-17,F,US5631313
PAT_004283,Kayla Pennington,1950-10-04,M,NG2558429
PAT_004284,Michael Porter,1976-05-23,F,AU6590810
PAT_004285,Cody White,1959-04-28,M,US8145620
PAT_004286,Traci Martin,1994-11-29,M,
PAT_004287,Erin Nichols,1954-01-21,M,DE8775609
PAT_004288,Jessica Smith,1957-03-05,M,RU9615232
PAT_004289,Stephanie Allen,1968-05-11,M,DE4947822
PAT_004290,Teresa Aguilar,1999-10-26,F,US3768191
PAT_004291,Sarah Haley,1979-06-01,M,KE1616113
PAT_004292,Andres Gutierrez,2000-09-18,F,BD4156422
PAT_004293,Linda Clark,1958-09-26,M,US1914300
PAT_004294,Tony Williams,1961-09-18,F,GB6825424
PAT_004295,Danielle Hunt,1952-10-05,M,NG6294198
PAT_004296,Daisy Dougherty,1992-05-20,M,GB6365311
PAT_004297,Dr. James Stephens II,1984-04-29,M,AU2010208
PAT_004298,Marcus Flores,1992-06-25,F,
PAT_004299,Patricia Jones,1955-12-25,M,AU3089164
PAT_004300,Alice Wilson,1973-09-17,F,SA5636695
PAT_004301,Christine Ramirez,1964-12-19,F,US5486331
PAT_004302,Erika Ellis,2005-04-28,F,AU7298467
PAT_004303,Matthew Henry,2001-08-15,M,US8553298
PAT_004304,Julia Bolton,1954-04-20,M,GB9102226
PAT_004305,Holly Reynolds,1972-12-19,M,GB6690404
PAT_004306,Julie Rangel,1950-03-29,F,GB1967101
PAT_004307,Elizabeth Yu,1997-07-07,F,GB5335470
PAT_004308,Greg Hudson,1951-05-14,F,AU5398499
PAT_004309,Allison Cooper,1960-07-22,M,AU8350514
PAT_004310,Cynthia Soto,1981-12-03,M,PK5929297
PAT_004311,Michael Miller,1991-11-01,X,KE7159798
PAT_004312,Jose Hutchinson,1979-01-04,M,DE3081560
PAT_004313,Donna Jones,1962-02-08,M,US3150258
PAT_004314,Gregory Martin,1996-07-15,F,GB6090682
PAT_004315,Patrick Bates,1995-12-06,M,US9131779
PAT_004316,Robert Brown,1954-12-16,F,BD1060028
PAT_004317,Michael Moreno,1955-12-23,F,NG4956076
PAT_004318,Carly Malone,2002-06-13,M,PK2309798
PAT_004319,Erik Russo,1990-04-05,F,NG5678822
PAT_004320,Michelle Davis,1977-10-14,F,GB1768562
PAT_004321,Jacqueline Phillips,1982-08-25,F,RU8016125
PAT_004322,Chase Lara,2000-11-13,F,DE8566825
PAT_004323,Robert Taylor,1985-10-04,X,RU9411987
PAT_004324,Pamela Keith,1957-11-17,M,KE3258795
PAT_004325,Alexander Cross,2004-07-16,F,AU8154143
PAT_004326,Elizabeth Brown,2004-09-04,F,PK5232548
PAT_004327,Heidi Garrison,1975-05-16,F,GB9319139
PAT_004328,Timothy Floyd,1993-06-19,F,RU6551254
PAT_004329,Dominique Esparza,1983-05-03,F,BD5128976
PAT_004330,Michael Aguilar,2002-11-20,M,RU3341204
PAT_004331,Mrs. Donna Houston PhD,1991-03-04,F,GB1018454
PAT_004332,Ann Robles,2004-10-25,M,NG9841636
PAT_004333,Juan Williams,1968-10-08,F,NG7307725
PAT_004334,Mary Gomez,1986-11-17,F,US3575207
PAT_004335,Lauren Brown,1990-02-08,M,AU8674933
PAT_004336,Timothy Mendoza,1950-04-01,M,SA5615528
PAT_004337,Ann Mcbride,1953-01-18,F,GB2808777
PAT_004338,Sue Nguyen,1964-05-12,M,PK3001474
PAT_004339,Brandon Yoder,1960-02-27,M,BD9000970
PAT_004340,Vincent Wilson,2002-01-19,F,KE1258716
PAT_004341,Natalie Blair,1965-12-09,F,SA7008901
PAT_004342,Robert Mckinney,1985-08-08,M,SA9916131
PAT_004343,Dale Burke,1950-10-05,M,DE6836737
PAT_004344,Jessica Thompson,1986-04-17,F,AU7899552
PAT_004345,Joshua Miller,1972-03-12,F,SA4520952
PAT_004346,Dylan Anderson DDS,1996-11-21,M,AU8873403
PAT_004347,Raymond Harvey,1973-07-25,M,GB5920333
PAT_004348,Michelle Shaw,1974-01-18,F,PK1555660
PAT_004349,Amanda Roberts DVM,1987-12-05,M,SA7630723
PAT_004350,Carla Fox,1980-05-04,M,NG6933139
PAT_004351,Kristi Newman,1990-03-16,M,DE3696590
PAT_004352,Laura Byrd,1968-09-10,F,US9667832
PAT_004353,Isaac Lopez,1999-11-17,M,RU1559125
PAT_004354,Ashley Johnston,1987-11-05,M,GB1307416
PAT_004355,Kayla Jones,1995-01-01,M,US5507426
PAT_004356,Frank Brandt,1997-09-15,F,AU8297639
PAT_004357,Melissa Davis,1969-03-06,M,BD7126821
PAT_004358,Cynthia Jordan,1975-07-21,M,US4902008
PAT_004359,Jennifer Brown,1953-02-23,M,PK1344770
PAT_004360,Timothy Beard,1968-05-31,F,AU5028182
PAT_004361,Susan Miller DVM,1979-12-20,F,BD4211746
PAT_004362,Joshua Hart,1999-04-17,M,GB4646962
PAT_004363,Stacy Mcguire,2001-09-11,M,US4574349
PAT_004364,Andrew Li,1985-06-10,M,BD4580888
PAT_004365,David Harris,1967-05-16,M,DE4894696
PAT_004366,Phillip Andersen,1989-12-02,F,BD5103634
PAT_004367,Robert Vargas,1976-05-31,F,US9032835
PAT_004368,Tyler Jones,2001-12-20,F,BD4113617
PAT_004369,Karen Myers,1990-02-11,F,DE6392585
PAT_004370,Mike Chavez,1986-12-13,M,KE2682023
PAT_004371,Brittany Zimmerman,1975-06-14,F,DE1029273
PAT_004372,Brittany Jones,1952-02-29,F,BD6268011
PAT_004373,Paul Wilson,1951-10-21,F,US2114313
PAT_004374,Craig Jimenez,1992-03-07,M,US1352646
PAT_004375,Monica Davis,2003-01-07,F,RU9492304
PAT_004376,Megan Bray,1958-12-25,M,US7336106
PAT_004377,Randy Vaughn,1951-04-13,M,DE2581722
PAT_004378,Ryan Johnson,1964-10-06,X,US9121042
PAT_004379,Scott Salazar,1968-10-01,F,GB9429906
PAT_004380,Christine Coleman,1950-05-16,F,RU5515877
PAT_004381,Alison Reed,1959-05-25,F,KE1576697
PAT_004382,Jennifer Harper,1964-05-01,F,AU7984730
PAT_004383,Jennifer Parks,1997-10-19,F,BD7434238
PAT_004384,Mike Hatfield,1999-10-18,F,US5652240
PAT_004385,Michael Brown,1954-08-24,F,NG8703255
PAT_004386,Patrick Flores PhD,1966-10-03,M,PK2950666
PAT_004387,Lauren Delacruz,1962-06-04,F,NG1681395
PAT_004388,Matthew Hansen,1984-02-18,M,BD4634717
PAT_004389,Clayton Evans,1999-05-24,F,SA2977948
PAT_004390,Rebecca Sullivan,1988-09-27,M,KE2256072
PAT_004391,Paula Carter,1999-01-23,M,GB6488721
PAT_004392,Kimberly Fox,1960-05-29,F,SA4230567
PAT_004393,Shaun Jackson,1980-01-12,F,DE7006986
PAT_004394,Kyle Smith,1993-03-12,M,GB2174171
PAT_004395,Charlotte Warren,1964-08-15,M,US4384114
PAT_004396,Susan Roberson,2002-02-09,F,PK6710997
PAT_004397,James Dougherty,1994-08-16,F,US6462816
PAT_004398,Heather Duarte,1954-04-05,M,NG9229595
PAT_004399,Manuel Wilson,2000-06-19,M,US2728100
PAT_004400,Jennifer Johnson,2002-07-22,F,GB3127040
PAT_004401,Eric Atkins,1993-09-14,M,NG3639942
PAT_004402,Cynthia Simpson,1994-01-24,F,US9538826
PAT_004403,Christine Page,1986-08-21,F,PK5076232
PAT_004404,Shawn Randall,1958-04-06,F,BD5587026
PAT_004405,Troy Patel,1983-03-13,F,GB2207451
PAT_004406,Michael Jenkins,2002-10-10,F,BD5155481
PAT_004407,Joseph Gutierrez,1990-04-25,F,DE6476865
PAT_004408,Denise Jordan,1954-07-14,F,US4723251
PAT_004409,Michael Garcia,2004-10-20,F,US1129088
PAT_004410,Randall Anderson,2003-12-03,M,DE9016618
PAT_004411,Brian Cook,1996-01-27,M,PK7612990
PAT_004412,Laura Castillo,2005-05-22,F,US5260771
PAT_004413,David Palmer,1951-03-29,F,BD7196626
PAT_004414,Brian Curry,1996-10-09,M,RU4015597
PAT_004415,Robert Wood,1986-02-12,M,BD7722061
PAT_004416,Brian Collins,1978-11-07,M,KE7707461
PAT_004417,James Jones,1951-09-06,M,BD7614376
PAT_004418,James Garcia,1996-03-04,F,DE5692320
PAT_004419,Andre Gonzalez,1965-01-20,F,GB6393319
PAT_004420,Brandon Lawson,1952-06-16,M,AU8456507
PAT_004421,Paul Patton,2005-11-12,M,NG2917235
PAT_004422,Michael Nelson,2001-10-08,M,NG1531547
PAT_004423,Susan Thompson,1980-11-13,M,GB4594936
PAT_004424,Wayne James,1954-04-24,M,SA6936544
PAT_004425,Tammy Hahn,2002-08-01,M,PK5503926
PAT_004426,Wendy Porter,1990-03-17,M,
PAT_004427,Derek Johnson,1970-03-28,M,GB7573635
PAT_004428,Robert Nelson,1959-02-08,M,GB8413329
PAT_004429,Diana Morgan,2000-10-03,F,NG6176903
PAT_004430,Megan French,1981-04-07,M,DE5103092
PAT_004431,David Smith,1962-01-14,F,PK7552717
PAT_004432,Kyle Gutierrez,2002-08-06,M,SA5895721
PAT_004433,Brittany Rowe,1961-08-16,F,RU5403935
PAT_004434,Tracy Bennett,1972-02-06,M,BD4815284
PAT_004435,Susan Mcdaniel,1992-10-14,F,PK2749575
PAT_004436,Marissa Acosta,1973-02-10,F,AU5334282
PAT_004437,Natasha Pratt,1990-11-30,M,US2419703
PAT_004438,Joseph Nichols,1965-05-08,M,BD2078078
PAT_004439,Shelly Dunlap,1996-07-07,M,AU6309357
PAT_004440,Michael Hayes,2004-07-24,F,SA2172053
PAT_004441,Lauren Green,1973-08-06,M,AU6867782
PAT_004442,Lindsey Miller,1994-08-04,F,AU8030604
PAT_004443,Susan Johnson,1962-11-05,M,GB4050292
PAT_004444,Colin Lara,1959-03-17,M,SA9928422
PAT_004445,Savannah Molina,1972-11-16,M,GB4686531
PAT_004446,Cynthia Velasquez,1987-05-02,F,BD8226415
PAT_004447,Kristina Lopez,2005-12-29,M,US7597995
PAT_004448,Kara Ford,1959-08-21,M,US3383650
PAT_004449,Jason Cochran,1962-03-20,F,GB5636848
PAT_004450,Erin Guerrero,1974-08-08,F,GB2741682
PAT_004451,Michael Torres,1982-04-01,X,RU1451720
PAT_004452,Troy Scott,1963-05-31,M,US8127356
PAT_004453,Jasmine Johnston,1972-03-04,F,GB7398257
PAT_004454,Russell Pollard,1977-07-09,M,RU9521078
PAT_004455,Karen Dominguez,1979-10-23,F,GB2699912
PAT_004456,Sarah Anderson,1997-08-11,M,AU2655054
PAT_004457,Jonathan Coffey,1989-05-09,F,PK1052879
PAT_004458,Walter Newton,1997-05-26,F,PK6999894
PAT_004459,Tara Lin DDS,1989-06-04,M,GB9480432
PAT_004460,Devin Murray,1962-09-28,M,NG1875944
PAT_004461,Dominique Potter,1978-09-01,F,
PAT_004462,Cynthia Craig,1966-10-28,M,US4499610
PAT_004463,Michelle Pierce,2003-04-13,M,GB7747327
PAT_004464,Jenny Blankenship,1954-07-31,M,RU8232671
PAT_004465,Katelyn Davis,1962-05-29,F,AU6966925
PAT_004466,Sarah Brown,1964-10-29,F,GB3349399
PAT_004467,John Church,1994-06-05,F,SA7938944
PAT_004468,Michael Dean,1966-10-01,F,BD5675442
PAT_004469,Gail Sullivan,1988-01-27,F,PK4176358
PAT_004470,Oscar Williams,1968-07-23,F,GB3552048
PAT_004471,Zachary Potts,1987-12-27,M,KE6595559
PAT_004472,Kristin Davis,1986-12-06,M,SA4346210
PAT_004473,Donna Garrett,2000-01-05,F,DE6784903
PAT_004474,Sarah Mcbride,1971-01-19,M,GB3270580
PAT_004475,Gregory Hernandez,1971-09-19,F,RU2607252
PAT_004476,Robin Weaver DDS,2004-11-16,F,AU3737722
PAT_004477,Mr. Robert Marquez,1977-12-26,M,GB9917157
PAT_004478,Mary Berry,1963-01-11,M,US1427213
PAT_004479,Mary Williams,1950-12-23,F,GB9827967
PAT_004480,Stephen Gray,2005-02-24,M,GB8624096
PAT_004481,Tiffany Kennedy,1997-08-08,F,AU8888213
PAT_004482,Gloria Castro,2003-11-09,M,BD1750174
PAT_004483,Monica Brown,1956-12-27,M,
PAT_004484,Victoria Harrison,1960-06-11,F,GB9552223
PAT_004485,Steve Tyler,1951-07-21,F,
PAT_004486,Timothy Boyle,1977-10-01,F,AU2005217
PAT_004487,Kenneth Wilson MD,1999-12-27,M,GB3445997
PAT_004488,Timothy Scott,1982-02-09,F,BD5388416
PAT_004489,Matthew Faulkner,1960-04-19,F,AU6830907
PAT_004490,Dr. Daisy Chang DDS,1978-10-19,M,NG9600071
PAT_004491,Carrie Saunders,2001-11-18,F,PK7187745
PAT_004492,Katherine Moyer,2005-01-07,M,GB4520287
PAT_004493,Meagan Stark,1992-03-18,F,PK9035585
PAT_004494,Pamela Cordova,1968-09-15,M,GB6449370
PAT_004495,Jonathan Griffith,1971-04-15,F,US5659561
PAT_004496,Mr. Michael Mata,1997-03-30,F,DE4850850
PAT_004497,Aaron Harrison MD,1996-10-19,F,US5022968
PAT_004498,Charles Allen,1973-06-23,M,SA7848347
PAT_004499,Brandon Miller,1992-09-17,F,AU3256065
PAT_004500,Patricia Clayton,1980-12-08,M,AU8175648
PAT_004501,Carla Martin,1951-01-18,M,PK6658932
PAT_004502,Dr. Antonio Ortiz,2001-10-12,M,DE2325004
PAT_004503,Nicholas Hernandez,1960-07-21,F,BD8748010
PAT_004504,Thomas Bridges,1961-09-08,M,US6589382
PAT_004505,Cindy Duncan,1991-07-09,F,KE4924845
PAT_004506,Julia Ortiz MD,1977-06-18,F,US6661924
PAT_004507,Kendra Hester,1992-05-20,F,SA5867378
PAT_004508,April Smith,1985-06-23,F,RU1657517
PAT_004509,Natasha Smith,1986-10-02,F,DE7943072
PAT_004510,Linda Riggs,1975-08-17,M,GB3050217
PAT_004511,Robert Freeman,1952-09-12,F,GB5923546
PAT_004512,Kelsey Hunt,1977-10-24,M,BD2268812
PAT_004513,Tamara Thornton,1972-10-23,M,PK1976366
PAT_004514,Robert Carpenter,1987-10-03,F,BD7838497
PAT_004515,Jonathan Pittman,1954-10-05,F,AU1292941
PAT_004516,Amanda Maynard,1957-03-08,X,US7191246
PAT_004517,Cynthia Wagner,1992-12-04,M,BD6943822
PAT_004518,Megan Holt,2000-08-13,F,GB2963660
PAT_004519,Eric Alexander MD,1965-08-29,M,PK6375838
PAT_004520,Lisa Bailey,1966-12-21,M,US3863528
PAT_004521,Rebecca Nunez,2000-08-06,F,BD1473920
PAT_004522,Gerald Stewart,1994-11-18,M,SA1523023
PAT_004523,John Ward,1985-06-01,M,GB3134145
PAT_004524,Raymond Hicks,1990-12-18,F,US3425843
PAT_004525,Jillian Willis,1994-08-05,M,SA1164148
PAT_004526,Mr. Aaron Calhoun Jr.,1955-11-16,F,DE4696361
PAT_004527,Phillip Fischer,1997-09-03,F,US7539269
PAT_004528,Jeffrey White,1958-07-11,M,BD3718894
PAT_004529,Vanessa Brown,1998-06-23,F,DE8972427
PAT_004530,Patrick Alvarado,1970-07-31,M,DE7529956
PAT_004531,Haley Benton,1999-12-21,M,GB3232794
PAT_004532,Jeremy Allen,1995-05-29,M,PK3038485
PAT_004533,Michelle Johnson,1970-11-30,M,RU4614661
PAT_004534,Nicole Wilkins PhD,1999-12-25,M,AU3096478
PAT_004535,James Rogers,1977-11-23,M,US6939730
PAT_004536,Grant Holland,1964-04-04,M,GB5399210
PAT_004537,James Mendoza,1971-02-28,F,DE3159584
PAT_004538,Grant Grant,1979-10-24,F,KE4578747
PAT_004539,Mr. Kevin Johnson,1963-10-18,M,BD4230667
PAT_004540,Heather Massey,1957-03-17,M,PK2022936
PAT_004541,Nathaniel Wang,1979-07-11,M,KE9321342
PAT_004542,Christine Taylor,1988-11-08,M,GB3410343
PAT_004543,Daniel Scott,1951-06-17,M,BD5555316
PAT_004544,Tony Terry,1963-12-22,M,
PAT_004545,Travis Stone,1955-04-26,M,
PAT_004546,Steven Wall,1957-01-06,M,GB4919838
PAT_004547,Kathleen Thompson,1972-02-03,F,BD9303542
PAT_004548,Kevin Garcia,1967-08-07,M,US8306520
PAT_004549,Dave Ruiz,1995-05-05,F,DE4662572
PAT_004550,Melissa Mcclure,1998-09-26,F,US7569534
PAT_004551,Michael Collins,1968-09-03,M,DE7577869
PAT_004552,Danielle Kemp,1952-10-20,M,
PAT_004553,Jeremy Adams,2003-07-17,F,KE4858037
PAT_004554,Stephen Gonzalez,1980-06-15,F,GB5625597
PAT_004555,Mark Eaton,1961-03-11,F,DE8192927
PAT_004556,Kim Richardson,1994-03-17,M,RU8322122
PAT_004557,Tracy Anderson,1957-10-17,F,GB8964247
PAT_004558,Stephanie Garrett,1984-01-13,M,US3019238
PAT_004559,John Gonzales,1952-10-01,M,DE1877517
PAT_004560,Rebecca May,1966-05-29,F,
PAT_004561,Timothy Byrd,2003-09-01,F,DE4732267
PAT_004562,Jason Hopkins,1993-07-14,M,US9498063
PAT_004563,Stephanie Delgado,1970-01-21,M,BD2905145
PAT_004564,Jacob Mccarthy,1952-06-10,M,
PAT_004565,Nicholas Vazquez,1971-01-08,M,GB4699135
PAT_004566,John Horton,1950-03-19,M,DE4420042
PAT_004567,Julie Barnett,1957-09-17,F,DE6902194
PAT_004568,Alvin Clark,1957-01-22,M,RU8185685
PAT_004569,Rodney Gonzalez,1996-01-14,F,GB7626217
PAT_004570,Tracy Patterson,1996-07-10,F,NG8042000
PAT_004571,Lisa Baker,1967-07-11,F,NG7292471
PAT_004572,Kelsey Hawkins,2001-07-28,F,SA4777597
PAT_004573,Laura Walker,1994-01-08,F,AU9809925
PAT_004574,Thomas Harrison,1984-11-22,M,US8823345
PAT_004575,Megan Huffman,1992-02-01,F,US3832507
PAT_004576,Angela Watson,1972-10-01,F,AU5774161
PAT_004577,Brandon Hicks,1996-03-23,M,GB8856723
PAT_004578,Samantha Fisher,1981-01-28,F,NG9957488
PAT_004579,Jack Miller,1975-11-26,M,US9375098
PAT_004580,Amanda Rivera,1982-12-18,M,GB3116470
PAT_004581,Jeffrey Buck,1972-08-03,M,AU4477230
PAT_004582,Jennifer Lambert,1960-04-25,M,BD7160916
PAT_004583,Matthew Walker,1962-08-13,F,US3534852
PAT_004584,Jason Davis,1962-06-26,M,DE6499697
PAT_004585,Keith Gregory,1983-07-26,M,US9878572
PAT_004586,Charles Silva,1991-03-11,M,NG1332905
PAT_004587,Ann Cross,1953-08-01,F,BD7613728
PAT_004588,George Collins,1951-12-04,F,DE7908279
PAT_004589,Jane Hernandez,2000-12-02,F,US3327385
PAT_004590,Keith Morales,1956-02-04,M,BD8827322
PAT_004591,Jessica Harris,1980-11-27,F,US2445925
PAT_004592,Jennifer Carlson,1988-12-14,M,AU2609306
PAT_004593,George Carlson,1970-05-06,F,US2414628
PAT_004594,Justin Bailey,1991-01-31,F,NG1397670
PAT_004595,Donna Cox,1987-03-18,F,KE6667115
PAT_004596,Marissa Gonzalez,1976-03-28,F,AU8104917
PAT_004597,Jose Robinson,1975-06-27,M,DE8589807
PAT_004598,Oscar Davis,1984-03-27,M,NG8207839
PAT_004599,Nancy Duffy,1984-01-20,M,
PAT_004600,Jamie Bennett,1962-09-12,F,BD9584090
PAT_004601,Valerie Bell,1982-02-11,F,PK7655812
PAT_004602,Robert Harris,1958-02-11,F,AU4738896
PAT_004603,Charlene Valentine,1993-11-27,M,AU5641086
PAT_004604,Thomas Hayes,1997-12-13,F,US9769985
PAT_004605,Linda Jones,1981-08-03,M,PK8406561
PAT_004606,Abigail Davis,1952-04-07,X,AU4790433
PAT_004607,Larry Turner,1963-10-05,F,DE5165147
PAT_004608,Jennifer Cordova,1964-10-07,F,DE6744107
PAT_004609,Jeremy Cherry,2005-07-07,F,US1350110
PAT_004610,Jennifer Torres,2004-10-05,M,US7087661
PAT_004611,Patricia Grant,1961-03-28,F,US5926800
PAT_004612,Melissa Beck,1958-07-16,M,US9682079
PAT_004613,Lisa Mccoy,1992-05-21,M,KE6263003
PAT_004614,John Jordan,2003-05-04,M,GB8000178
PAT_004615,Robert Lambert,1960-09-30,M,DE3421199
PAT_004616,Kathleen Sellers,1967-01-30,X,US2026191
PAT_004617,Todd Mann,1991-01-31,F,KE2579300
PAT_004618,Margaret Hansen,1964-07-03,M,GB7120958
PAT_004619,Gregory Henry,1965-07-01,M,AU5788845
PAT_004620,Dillon Graham,1958-01-16,F,US1267775
PAT_004621,Elizabeth Sloan,1964-05-31,F,GB2719556
PAT_004622,Melissa Schmitt,1985-05-02,F,GB6445042
PAT_004623,Patricia Khan,2002-07-27,F,US3456560
PAT_004624,Rachel Duffy,1991-12-02,M,GB7560689
PAT_004625,Jonathan Armstrong,1984-04-12,M,US9353361
PAT_004626,Jasmine Cooper,1995-11-10,F,US9518189
PAT_004627,Ms. Jessica Lindsey,1959-05-13,F,RU9876783
PAT_004628,Jerry Davis,1970-06-02,F,PK8648294
PAT_004629,Nicole Shaw,1955-09-10,F,AU8587576
PAT_004630,Denise Ochoa,1967-08-12,M,US9722756
PAT_004631,Larry Powell,1979-08-30,F,KE6209952
PAT_004632,Daniel Williams,1988-09-10,M,US6776245
PAT_004633,Frank Hernandez,1967-05-05,M,AU3868552
PAT_004634,Scott Newman,1960-07-13,F,US5604544
PAT_004635,Jean Long,1995-08-05,F,US5367553
PAT_004636,Margaret Baker,1981-07-03,F,
PAT_004637,Raymond Hall,1969-04-11,M,GB1194962
PAT_004638,Jared Rivera,1972-09-25,M,US9310480
PAT_004639,Chelsea Garcia MD,1986-05-13,M,DE9730529
PAT_004640,David Hayes,2000-06-13,M,PK3356107
PAT_004641,Joshua Clark,1960-11-04,M,SA1706774
PAT_004642,Jennifer Roberts,1980-02-01,M,GB4955526
PAT_004643,Tanner Matthews,1987-07-01,F,PK7729301
PAT_004644,John Green,1977-05-09,F,GB3781446
PAT_004645,Jeffrey Sloan,1970-03-06,F,AU1021174
PAT_004646,Patrick Miller,2001-05-25,F,GB7178677
PAT_004647,Christopher Burnett,1962-11-25,M,US3859014
PAT_004648,Paul Acosta,1970-07-04,F,KE1724238
PAT_004649,Jennifer Edwards,2002-09-23,M,SA1501298
PAT_004650,Richard Mckinney,1992-11-08,M,BD2743429
PAT_004651,Mia Little,1970-04-17,M,GB7433805
PAT_004652,Amanda French,1977-05-23,F,US4672148
PAT_004653,Erik Guzman,1982-10-18,M,US6520017
PAT_004654,Jake Bruce,1985-04-18,F,GB7343847
PAT_004655,Mike Morales,1992-05-22,M,
PAT_004656,Danny Edwards,1962-08-04,F,GB7128271
PAT_004657,Pamela Johnson,1987-06-15,M,
PAT_004658,Rachel Olson,1956-01-25,M,SA4759388
PAT_004659,Alexandra Frey,1980-05-02,M,KE7022432
PAT_004660,Andrea Foley,1952-09-15,F,BD8844489
PAT_004661,Savannah Davis,1997-06-23,M,US8907300
PAT_004662,Susan Hansen,1964-12-22,M,SA8328317
PAT_004663,Thomas Stokes,1961-11-17,M,US2783997
PAT_004664,Lisa Townsend,1980-01-10,M,NG8254712
PAT_004665,Thomas Garrett,1993-01-15,F,GB8976294
PAT_004666,Amanda Kelly,1982-09-21,F,RU2375929
PAT_004667,Brandon Hess,1962-05-09,M,US6570011
PAT_004668,Courtney Mcfarland,1975-05-25,M,NG6480722
PAT_004669,Jeffrey Shaw,1982-04-08,M,NG7052947
PAT_004670,Katherine Webb,1983-05-02,F,US9349937
PAT_004671,Maria Bishop,1968-12-30,M,GB4932195
PAT_004672,Samuel Mann,1987-01-26,F,
PAT_004673,Theresa Atkinson,1978-07-10,M,
PAT_004674,Tiffany Abbott,1986-06-28,F,RU6287990
PAT_004675,Alicia Hull DDS,1964-09-05,M,BD6486174
PAT_004676,Angela Estes,1986-11-18,F,AU6758589
PAT_004677,Robert Jones,1998-03-23,F,US4811922
PAT_004678,Kenneth Martin,1984-10-16,M,US1752364
PAT_004679,Justin Mcmahon,1985-01-08,F,BD1012403
PAT_004680,Deborah Wade,1966-02-07,F,GB4941072
PAT_004681,Samantha Woods,1960-04-01,F,US2767803
PAT_004682,Taylor Ruiz,1996-05-14,F,PK3726273
PAT_004683,Justin Cruz,1984-02-11,M,DE8934590
PAT_004684,Dawn Smith,1972-05-30,M,
PAT_004685,Barry Hull,1996-11-02,F,KE6635825
PAT_004686,Catherine Perry,1965-09-03,F,NG2690021
PAT_004687,Bonnie Johnson,1970-12-18,M,BD8908627
PAT_004688,Anthony Price,1988-04-12,F,US3652876
PAT_004689,Jacqueline Jones MD,1986-04-23,F,DE4042844
PAT_004690,Carol Wilson,1985-09-07,F,US8042636
PAT_004691,Ronald Brown,2004-01-18,M,US1785008
PAT_004692,Bryan Blair,1992-07-25,F,AU1297365
PAT_004693,Michelle Chan,1972-06-02,M,US7788821
PAT_004694,Lisa Franklin,1975-01-28,M,GB2731845
PAT_004695,Anthony Nguyen,1999-06-07,F,AU9053864
PAT_004696,Nichole Mack,1997-11-12,F,US6671350
PAT_004697,Suzanne Brown,1957-02-05,F,AU7353283
PAT_004698,Connie Gibbs,1996-09-09,M,BD5597104
PAT_004699,Gina Jordan,2004-11-22,M,KE2772899
PAT_004700,Kathy Jacobs,1952-09-26,F,GB1345406
PAT_004701,Ashley Smith,1998-02-11,M,DE1863410
PAT_004702,Jasmine Rodriguez,1976-12-10,F,US4483207
PAT_004703,Shannon Williams,1974-06-10,M,US9421050
PAT_004704,Andre Martin,1969-08-13,M,US5160206
PAT_004705,Paul Kirby,1999-07-23,M,NG2187112
PAT_004706,Abigail Martinez,1982-07-21,M,GB3474610
PAT_004707,Patty Pugh,1986-06-08,M,KE1237250
PAT_004708,Patricia King,1984-06-14,F,US5006981
PAT_004709,Renee Larsen,1971-08-17,M,
PAT_004710,Meredith Holt,1978-02-26,F,GB9688820
PAT_004711,Mr. Andrew Schroeder PhD,1991-03-03,F,NG8155472
PAT_004712,Justin Baker,1961-01-16,F,US3929725
PAT_004713,Heather Wilkins,1979-04-24,F,GB6102998
PAT_004714,Michael Atkinson,1998-03-04,F,
PAT_004715,Terry Mason,1978-10-05,F,PK2455918
PAT_004716,Carlos Duffy,1985-06-16,F,AU4623873
PAT_004717,James Wheeler,1993-08-07,F,PK9771567
PAT_004718,Luke Payne,1969-07-30,M,BD9184869
PAT_004719,Laura Williams,1953-10-21,F,RU2909556
PAT_004720,Lee Hill,1959-04-07,F,
PAT_004721,Maurice Barrett,1981-10-08,M,US7611692
PAT_004722,Ian Spears,1965-12-19,M,NG4801494
PAT_004723,Jessica Jordan MD,1989-04-23,M,GB5138663
PAT_004724,Philip Ferguson,1998-07-05,F,DE6279555
PAT_004725,Paul Jacobs,1965-01-01,F,DE2405362
PAT_004726,Renee Lee,1994-09-24,M,DE7131846
PAT_004727,Todd Coffey,1978-12-10,M,SA6135368
PAT_004728,Joseph Mccoy Jr.,1969-12-08,F,
PAT_004729,Megan Bennett DDS,1959-01-22,F,
PAT_004730,Alexis Church,1950-08-12,F,SA3639246
PAT_004731,Jasmine Franklin,1956-09-29,F,BD5673834
PAT_004732,James Martinez,1988-08-23,F,BD7653930
PAT_004733,Chad Ball,1993-10-02,F,US1729493
PAT_004734,Adam Lopez,1953-07-21,F,DE7369722
PAT_004735,Bethany Morton,1996-04-24,F,
PAT_004736,Joshua Lowery,1955-10-24,M,
PAT_004737,Miss Karen Williams MD,1986-06-07,F,PK9762728
PAT_004738,Ryan Reese,1954-02-27,M,GB5921062
PAT_004739,Elizabeth Moore,1963-03-13,F,DE6420234
PAT_004740,Samantha Crawford,1965-01-20,F,US9268263
PAT_004741,Brandon Pace,1977-03-21,M,SA5459031
PAT_004742,Donald Woodward,1995-08-13,M,US1431420
PAT_004743,Glenn Newton,1987-01-12,M,RU2581985
PAT_004744,April Morris,1956-01-03,F,GB5223900
PAT_004745,Sara Parker,2005-11-21,F,KE2342806
PAT_004746,Arthur White,1975-08-02,F,BD4075751
PAT_004747,Samuel Morgan,1962-07-06,F,US4836930
PAT_004748,Mark Odonnell,1985-10-22,F,US8464886
PAT_004749,Erin Saunders,2004-12-27,F,BD6048264
PAT_004750,Bryan Nelson,1977-11-04,M,AU2658610
PAT_004751,Alice Salazar,1974-11-03,M,GB3071009
PAT_004752,Crystal Beck,1986-02-11,F,
PAT_004753,Cameron Robbins,2005-01-20,F,GB2517993
PAT_004754,Larry Ware,1950-05-29,F,GB1067008
PAT_004755,Lauren Hendricks,1986-02-25,M,US2599406
PAT_004756,Courtney Rodriguez,1999-04-03,M,DE5890185
PAT_004757,Susan Davidson,1980-09-25,F,NG4687800
PAT_004758,Scott Aguirre,1950-11-17,F,BD6136112
PAT_004759,Rachel Hunt,1987-08-19,F,GB4035381
PAT_004760,Terry Hodge,1983-11-09,F,RU3140181
PAT_004761,Madison Liu,1957-08-27,M,DE7635989
PAT_004762,Dr. Chris Russo,1975-03-19,F,AU8148653
PAT_004763,Charles Reilly,1992-09-13,M,GB2145190
PAT_004764,Joseph Perez,1961-10-28,M,DE9290546
PAT_004765,Marcus Knight,1993-04-21,M,US7273211
PAT_004766,Nichole Miller,1987-03-15,F,AU3407162
PAT_004767,Alan Williams,1981-01-30,F,AU3986421
PAT_004768,Janet Hensley,2000-02-23,M,PK1541783
PAT_004769,Jason Holder,1965-05-22,M,GB1048514
PAT_004770,Lisa Trujillo,1991-01-13,M,US5533978
PAT_004771,Meghan Ward,1988-10-28,M,PK9529771
PAT_004772,William Parsons,1954-05-30,F,DE4614213
PAT_004773,Sharon Butler,1984-02-05,M,US8465374
PAT_004774,Elizabeth Mills,1953-05-07,M,GB6320761
PAT_004775,Christie Todd,1968-06-10,M,DE1570798
PAT_004776,Mark Edwards V,1996-04-24,F,SA2108633
PAT_004777,Mark Harris,1987-11-01,M,US2935252
PAT_004778,Steven Cordova,1988-02-23,M,GB5180214
PAT_004779,Nicole Spencer,2003-10-26,F,BD9074515
PAT_004780,William King,1971-10-19,F,SA2581611
PAT_004781,Julian Rose,1964-06-17,F,US1286690
PAT_004782,Kaitlyn Smith,1995-03-15,M,PK8555323
PAT_004783,James Graham,1964-08-29,M,AU2227723
PAT_004784,Michelle Patel,1978-03-14,M,AU6540102
PAT_004785,Tracy Evans,1989-05-04,M,US7384182
PAT_004786,Samantha Griffin,1984-10-27,M,US2361413
PAT_004787,Beverly Garrett,1950-08-26,M,DE7120987
PAT_004788,Benjamin Wilkinson,1966-05-12,F,GB3866278
PAT_004789,Thomas Peters,1984-08-04,M,KE9267909
PAT_004790,Ashley Waters,2002-03-22,M,NG8541899
PAT_004791,Jennifer Davis,1977-06-04,M,RU7404434
PAT_004792,Karen Phillips,1972-11-29,F,BD5134294
PAT_004793,Angela Tyler,1992-12-31,M,DE7033613
PAT_004794,Aaron Fuentes,1962-07-25,M,PK7328536
PAT_004795,James Ramirez,1987-12-29,F,PK5491257
PAT_004796,Charles Kramer,2002-09-16,M,DE4178399
PAT_004797,Tara Gomez,1981-03-21,M,AU2387999
PAT_004798,Devin Harris,1969-03-18,M,GB4767189
PAT_004799,Robert Horn,1988-10-16,F,GB6957041
PAT_004800,Bryan York,1953-07-18,M,AU4768922
PAT_004801,Robert Eaton,1966-10-12,M,
PAT_004802,Tasha Martin,1990-05-18,F,US8784032
PAT_004803,Luis Johnson,1962-02-04,F,KE4694843
PAT_004804,Angel Harris,1996-06-19,F,GB2217453
PAT_004805,Courtney Turner,1959-04-08,M,KE9701811
PAT_004806,Helen Dawson,1973-06-19,M,AU5685118
PAT_004807,Robin Love,1962-07-04,M,NG6739000
PAT_004808,Morgan Mills,1984-07-24,F,BD7155446
PAT_004809,Timothy Hunt,1951-12-10,M,BD3989212
PAT_004810,Michael Arias,1956-12-25,M,DE1713835
PAT_004811,Ashley Armstrong,2002-10-26,F,GB3404055
PAT_004812,Lawrence Robinson,1996-01-08,F,BD1654024
PAT_004813,Thomas Robertson,1964-01-20,F,GB4169904
PAT_004814,Dylan Dillon DVM,2004-06-12,F,PK9609051
PAT_004815,Bruce Jackson,2004-09-16,F,DE8426920
PAT_004816,Lance Baker,2001-08-26,M,SA3643639
PAT_004817,Shawn Smith,2004-10-04,F,GB4927492
PAT_004818,Michael Hooper,1961-06-05,M,AU8619414
PAT_004819,Sherry Humphrey,1974-03-02,M,AU4901227
PAT_004820,Rebecca Peters,2004-01-01,F,KE3302854
PAT_004821,John Garrison,1976-06-26,F,BD6860990
PAT_004822,Jimmy Walker,2005-10-21,F,RU3785640
PAT_004823,Scott Hendrix,1954-05-24,F,GB3362592
PAT_004824,Adam Chambers,1961-07-01,M,PK3908622
PAT_004825,Victor Taylor,1954-12-02,F,DE1006791
PAT_004826,Krista Moore,1956-10-05,M,US1430158
PAT_004827,Catherine Mcdaniel,2004-12-14,M,SA8672838
PAT_004828,Barbara Calderon,1958-04-05,F,SA5214270
PAT_004829,Scott Perry,1965-06-08,F,PK2078168
PAT_004830,Carmen Peters,1960-03-12,M,US2309743
PAT_004831,Jeremiah Simmons,1969-02-20,F,NG8021285
PAT_004832,Cindy Harris,1965-12-09,F,SA9273027
PAT_004833,Susan Bowen,2001-02-11,F,AU4865277
PAT_004834,Kevin Roberson,1957-07-16,F,GB2895878
PAT_004835,Mary Johnson,1995-04-27,M,US9633174
PAT_004836,Matthew Sanders,1987-05-17,F,AU7014044
PAT_004837,Kimberly Hinton,1969-03-10,M,RU5339602
PAT_004838,Dale Valdez,1953-02-04,F,US3217835
PAT_004839,Zachary Meyer,1967-01-02,M,US2246482
PAT_004840,Laura Key,1968-12-13,F,NG9597342
PAT_004841,Vincent Barrett,1992-11-16,F,DE9375465
PAT_004842,Dr. Heather Moore,1974-04-23,M,BD2516774
PAT_004843,Bryan Salas,1975-07-23,M,NG1068099
PAT_004844,Julie Fleming,1999-05-06,F,AU8856697
PAT_004845,Michael Parker,1991-08-06,F,US5477639
PAT_004846,Teresa Mccormick,1974-01-11,M,US1412291
PAT_004847,Travis Davis,1979-08-18,M,US6341486
PAT_004848,Molly Riley,1954-03-08,M,RU3038256
PAT_004849,Nancy Wilkins,1957-10-03,M,AU1165049
PAT_004850,Michelle Armstrong,1976-02-21,M,BD7903282
PAT_004851,Benjamin Wright,1975-06-11,F,AU9065235
PAT_004852,Christina Garcia,1971-02-19,M,AU1177005
PAT_004853,Jennifer Browning,1992-11-04,F,NG4749626
PAT_004854,Kenneth Thompson,1970-04-19,M,DE6025334
PAT_004855,Jeffrey Vasquez,1969-04-02,F,NG2957548
PAT_004856,Keith Ward MD,1978-01-21,M,US8985030
PAT_004857,Roy Parker,1991-10-03,M,US6107133
PAT_004858,Dr. Benjamin Reed,2001-07-02,M,RU7379102
PAT_004859,Whitney Johnson,1977-04-13,M,
PAT_004860,Kimberly Evans,2004-04-06,M,DE6887966
PAT_004861,John Anderson,1964-06-10,F,US3407059
PAT_004862,Lawrence Frazier,2003-11-18,M,GB8022413
PAT_004863,Jared Cox Jr.,1998-01-24,M,GB4087190
PAT_004864,Bradley Lynch,1961-05-03,F,DE5662767
PAT_004865,Joseph Smith,1992-06-23,F,KE3201325
PAT_004866,Paul Gutierrez,1967-01-09,M,NG4358170
PAT_004867,Luke Chang,1951-05-08,F,US2260173
PAT_004868,Kevin Smith,1981-04-27,F,AU3153378
PAT_004869,Nicholas Sampson,1987-12-15,M,US9082598
PAT_004870,Timothy Waters,1960-06-21,M,US8776468
PAT_004871,Danielle Stevens,1977-08-12,M,US8168485
PAT_004872,Emily Fuller,1956-11-17,M,KE7776240
PAT_004873,Lindsey Sosa,1954-08-05,F,US9318950
PAT_004874,Taylor Walker,1960-02-02,M,US2098958
PAT_004875,Alyssa Gibson,1974-07-12,F,RU1420614
PAT_004876,Jane Estrada,1954-09-13,M,US8966267
PAT_004877,Christopher Johnson,1961-05-01,M,US2978441
PAT_004878,Bailey Owen,1984-04-01,F,PK3916713
PAT_004879,Judith Reynolds,1995-06-14,F,US2673793
PAT_004880,Christopher Cox,1980-05-04,M,GB7064187
PAT_004881,Latoya Gonzales,1988-12-02,F,US9686456
PAT_004882,Derek Cox,1973-05-01,M,GB2940602
PAT_004883,Mrs. Sarah Brewer,1981-09-04,F,US4623408
PAT_004884,Michael Williamson,1992-10-26,M,GB6171411
PAT_004885,Shawn Owens,1985-02-27,F,PK9965395
PAT_004886,Michael Parker,1964-12-07,X,BD6165322
PAT_004887,Sandra Owens,1951-03-14,F,US2925663
PAT_004888,Mr. Clayton Copeland MD,1965-08-17,M,BD1587047
PAT_004889,Laurie Romero,1995-01-07,M,DE2849478
PAT_004890,Juan Herrera,1968-01-02,M,PK2408370
PAT_004891,Krista Webster,1960-09-18,F,US5501559
PAT_004892,Peter Cooper,1975-03-15,M,GB4794201
PAT_004893,Christina Reed,1977-10-03,F,SA8150998
PAT_004894,Walter Atkins,2000-05-05,F,KE4086823
PAT_004895,Sandra Carter,1984-05-23,F,GB7371056
PAT_004896,Michael Lee,1980-10-16,F,PK6154560
PAT_004897,Denise Stephenson,1970-10-21,F,KE6804752
PAT_004898,James Hernandez,1957-09-02,M,GB7296718
PAT_004899,Johnathan Coleman,1958-01-08,F,
PAT_004900,Shelly Wheeler,1975-06-21,F,PK9068514
PAT_004901,Rebecca Moss,1991-08-17,F,RU7490971
PAT_004902,Mary Hughes,1969-09-28,X,BD5319022
PAT_004903,Sabrina Schultz,1990-08-12,M,DE6881939
PAT_004904,Natasha Bailey,2004-11-27,M,US8039168
PAT_004905,Rhonda Allen,1997-07-12,M,PK2214078
PAT_004906,Susan Boyer,1975-01-16,F,GB1141259
PAT_004907,Michelle Anderson,1978-08-06,F,BD8119110
PAT_004908,Jacob Ramos,1962-05-29,M,SA3417768
PAT_004909,Matthew Hansen,1952-12-17,F,BD7965270
PAT_004910,Ronald Warren,1989-08-25,F,NG4424402
PAT_004911,Shawn May,1958-01-19,F,BD1570603
PAT_004912,Shawn Young,1987-06-04,F,GB1056710
PAT_004913,Hannah Spencer,1951-12-17,M,BD3971086
PAT_004914,Patricia Olson,1983-10-10,M,NG6844528
PAT_004915,David Robinson,1955-07-01,M,US8568802
PAT_004916,Jacqueline Powell,1997-06-07,F,RU9593162
PAT_004917,Nathan Martinez,1954-02-21,M,US5683286
PAT_004918,James Cherry,1957-04-19,F,GB9814630
PAT_004919,Melissa Hill,1987-07-10,M,US7862612
PAT_004920,Karen Ellis,1995-10-14,M,NG8059138
PAT_004921,Robert Hill,1976-03-14,M,AU8372358
PAT_004922,Nathan Hughes,1952-06-08,F,RU4121925
PAT_004923,William Scott,1990-06-13,F,BD2747816
PAT_004924,Brian Pham,2000-12-23,F,AU9844866
PAT_004925,Jennifer Black,1973-01-28,F,RU7066076
PAT_004926,Jodi Perkins,1998-01-27,M,AU1320285
PAT_004927,Steven Middleton,1991-10-03,M,KE7881501
PAT_004928,Matthew Adams,1995-07-13,M,BD4920811
PAT_004929,Dr. Stephanie Shields,1957-09-10,F,US9903976
PAT_004930,Danielle Rosales,1955-06-24,F,DE6954903
PAT_004931,Stephanie Gonzalez,2005-08-15,M,AU8883097
PAT_004932,Lisa Baker,1990-10-27,F,DE4847391
PAT_004933,Charles Brown,1999-06-10,F,US7955984
PAT_004934,Laura Meyers,1951-02-02,M,NG7326002
PAT_004935,Shawn Smith,1963-06-30,M,BD4247598
PAT_004936,Jessica Webb,1980-04-13,F,SA6952871
PAT_004937,Melanie Carlson,1999-06-29,M,US8724186
PAT_004938,Edwin Holmes,1973-01-07,F,BD8886630
PAT_004939,Julia Knight,1985-10-08,X,SA4612175
PAT_004940,Joseph Forbes,2004-06-27,F,GB2074150
PAT_004941,Alison Miller,1984-02-15,M,GB6218228
PAT_004942,Steve West,1981-06-27,M,SA9501911
PAT_004943,Debra Potts,2005-03-30,F,DE1504701
PAT_004944,Christine Peterson,1984-11-19,M,NG7654118
PAT_004945,Susan Barnett,1956-11-21,F,US9014386
PAT_004946,Melissa Ortiz,1990-10-31,F,
PAT_004947,John Barber,1989-03-23,F,BD3071764
PAT_004948,Julie Reynolds,2003-08-24,M,SA1977645
PAT_004949,John Fields,2003-08-10,F,PK8249563
PAT_004950,Kimberly Dunlap,1969-11-02,F,BD1737122
PAT_004951,Linda Allen,1955-11-20,M,US2123376
PAT_004952,Tammy Huffman,1981-02-21,F,NG5552534
PAT_004953,Bethany Vasquez,1969-05-16,F,AU9866770
PAT_004954,Kyle Chapman,1953-05-12,F,AU4911375
PAT_004955,Toni Garcia,1999-12-02,F,PK4284721
PAT_004956,Christine Gentry,1967-10-28,F,NG7140243
PAT_004957,Dr. Jeremy Cook DDS,1971-03-14,M,US4977629
PAT_004958,Alexandra Riley,1969-10-13,M,GB9052471
PAT_004959,Lori Molina,1987-02-14,M,SA6247786
PAT_004960,Heidi Tanner,1985-04-01,F,NG3929597
PAT_004961,Debra Crawford,1986-09-03,F,GB5285855
PAT_004962,Kelsey Juarez,2002-02-03,M,GB5577381
PAT_004963,Elizabeth Schmidt,1991-07-25,M,AU6530417
PAT_004964,Wayne Trujillo,1972-07-03,F,BD3995852
PAT_004965,Joseph Mack,1991-08-23,M,US9638258
PAT_004966,Jeffrey Cline,1999-02-24,M,RU6653168
PAT_004967,Melissa Smith,1959-12-07,M,US4744354
PAT_004968,Dennis Anderson,1985-05-29,F,
PAT_004969,Anthony Smith,1965-03-28,M,GB6506263
PAT_004970,Jesse Booth,1967-01-25,M,DE6371193
PAT_004971,Rebecca Hartman,2000-07-27,M,RU8925009
PAT_004972,Dawn Stevenson,1990-04-14,M,NG4135356
PAT_004973,Johnathan Stone,1957-02-14,M,
PAT_004974,Kathryn Adams,1993-12-26,F,BD2435191
PAT_004975,Derek Williams,2005-05-15,F,DE1870604
PAT_004976,Laura Stewart,1991-10-18,F,BD8712402
PAT_004977,Cindy Gonzalez,1961-01-30,M,US7204650
PAT_004978,Mario Murray,2001-06-02,F,AU7450762
PAT_004979,Jessica Kirk,1977-11-02,F,PK6230881
PAT_004980,Brittany Harvey,1995-03-28,F,NG9055368
PAT_004981,Becky Ward,1993-11-10,M,GB1588387
PAT_004982,Thomas Johnson,2004-01-28,F,BD9753637
PAT_004983,Travis Barrett,1981-10-15,F,NG6912918
PAT_004984,Craig Smith,1963-06-29,M,BD5495201
PAT_004985,Stephanie Kent,2002-01-31,F,
PAT_004986,Vincent Gomez,1976-02-15,F,GB1228920
PAT_004987,Veronica Johnson,1999-06-22,M,US7138346
PAT_004988,Leslie Pratt,2000-12-13,M,SA6188736
PAT_004989,Robert Brown,1994-03-17,F,PK8830432
PAT_004990,Joel Glass,1969-07-16,M,
PAT_004991,Charles Villegas,1980-11-12,F,US3887940
PAT_004992,Cindy Hansen,1964-11-27,F,SA8816668
PAT_004993,April Carter,1961-04-01,F,SA5527074
PAT_004994,Matthew Schmidt,1956-10-02,M,RU1389407
PAT_004995,Norma Schwartz,1971-06-12,M,GB1370256
PAT_004996,Jose Morton,1997-09-11,M,AU8229953
PAT_004997,Joseph Martinez,1964-10-06,M,NG2156393
PAT_004998,Lacey Kent,1997-06-12,F,BD3502980
PAT_004999,Tyler Evans,1998-03-03,F,DE1944744
PAT_005000,Jerome Herman,1977-05-25,F,BD7295108
PAT_005001,Peter Washington,1990-01-07,F,US3806116
PAT_005002,Daniel Shepherd,1953-04-20,M,DE6944380
PAT_005003,Brittany Guerra,1968-04-12,M,GB6791174
PAT_005004,Michael Young,2000-05-20,F,GB4745062
PAT_005005,Jade Miller,1998-08-17,M,US5897391
PAT_005006,Charles Gregory,1989-07-22,F,US7816195
PAT_005007,Sheila Kim,1975-03-08,M,RU8840964
PAT_005008,Carlos Kelly,1993-06-03,M,AU6327955
PAT_005009,Kathy Lopez,2002-12-17,F,RU3581011
PAT_005010,Matthew Jennings,1995-01-21,F,AU7175559
PAT_005011,Rachel Stanley,1990-12-08,M,US9770231
PAT_005012,Taylor Vargas,1953-11-27,M,DE1475251
PAT_005013,Timothy Martinez,1999-10-22,M,AU3670926
PAT_005014,Nicholas Rivas,1998-10-16,F,AU2091635
PAT_005015,Eric Harmon,1997-01-22,F,SA3422788
PAT_005016,Brian Lloyd,1960-11-24,M,
PAT_005017,Michael Phillips,1979-04-22,M,AU8985580
PAT_005018,Lauren Wilson,1991-07-03,F,
PAT_005019,Erika Johnson,1973-08-28,F,KE2396763
PAT_005020,Martha Roberts,1998-10-22,M,US9390244
PAT_005021,Amanda Lowery,1982-01-22,M,SA9855581
PAT_005022,Timothy Gutierrez,1977-03-24,F,AU6662173
PAT_005023,Hannah Bell,1982-01-02,M,BD3416107
PAT_005024,Patricia Clark,1960-04-10,M,BD7855483
PAT_005025,Katie Miller,1985-02-25,M,NG1737243
PAT_005026,Peter Anderson,1969-02-05,F,US7352685
PAT_005027,Jeffrey Rivera,2000-02-07,M,US6515060
PAT_005028,Russell Burton,1982-06-22,M,PK3345041
PAT_005029,Denise Andrews,2001-07-29,M,US5391235
PAT_005030,Drew Erickson,1975-09-13,F,AU3043603
PAT_005031,Jose Hernandez,1961-02-07,F,US4209867
PAT_005032,Kevin Shepherd,1964-08-30,M,BD7734151
PAT_005033,Mr. Andrew Snyder,1990-07-18,M,AU5666238
PAT_005034,Shelly Orozco,1985-04-16,M,GB4030990
PAT_005035,Diane Collier,1991-01-12,F,US4052772
PAT_005036,Nancy Murray,1993-08-25,M,DE3390755
PAT_005037,Nathan Stafford,1986-07-21,M,
PAT_005038,Casey Byrd,1990-10-08,F,US9655126
PAT_005039,Javier Bruce,1957-06-24,M,US7573149
PAT_005040,Gary Willis,2005-05-13,M,
PAT_005041,Allen Jackson,1956-10-12,M,US6301458
PAT_005042,Jeremy Hanson,1981-11-14,M,US4773287
PAT_005043,Jaime Martinez,1992-09-29,F,AU2688107
PAT_005044,Ricardo Hernandez,1978-05-17,M,DE5283418
PAT_005045,John Ward,1999-12-04,F,US6980455
PAT_005046,Teresa Montoya,1974-01-13,F,AU6203447
PAT_005047,Melissa Harris,2005-11-30,F,PK8531006
PAT_005048,Terrence Walsh,1975-04-29,M,SA8234620
PAT_005049,Gerald Horne,1967-07-09,F,BD7640959
PAT_005050,David Roberts,1994-03-02,F,BD4309686
PAT_005051,Victor Barron,1955-05-04,M,AU5033328
PAT_005052,Jeffrey Lopez,1990-05-04,M,US5419106
PAT_005053,Willie Huber,1977-06-14,M,DE2231270
PAT_005054,Christina Bauer,1990-10-28,F,GB8066375
PAT_005055,Karen Waller,1993-05-12,F,
PAT_005056,Jennifer Brown,1957-12-10,F,SA5714732
PAT_005057,Lisa Blake,1996-06-30,F,GB7760932
PAT_005058,Robert Carpenter,1955-05-27,M,US9449914
PAT_005059,Jason Robbins,1969-11-15,F,GB7134454
PAT_005060,Bobby Davis,1993-12-13,M,AU6593309
PAT_005061,Melanie Hansen,1983-02-21,F,DE4460631
PAT_005062,Anna Robbins,2000-01-30,M,DE4692563
PAT_005063,David Myers,1975-05-20,F,NG3186203
PAT_005064,Angel Hurley,1974-05-05,F,GB4947861
PAT_005065,Dana Jones,1990-03-09,F,US5605389
PAT_005066,Amanda Johnston,1965-05-11,M,SA8454994
PAT_005067,Kelly Hunter,1979-01-16,F,RU3980400
PAT_005068,Michael Petty,1974-05-09,F,NG6385811
PAT_005069,Jacob Farmer,1962-10-30,M,US5065868
PAT_005070,Blake Rodriguez,1980-12-14,M,US2956825
PAT_005071,Carrie Martin,2002-12-18,F,AU3729187
PAT_005072,Andrew Erickson,1986-10-26,F,NG2627581
PAT_005073,Morgan Zimmerman,1961-02-22,F,GB3857910
PAT_005074,Jessica Porter,1982-04-16,F,RU8074060
PAT_005075,Theodore Wade,1960-07-12,F,PK5112006
PAT_005076,Kimberly Fields,1954-05-24,M,US5390826
PAT_005077,Terri Gamble,1986-05-14,M,DE6560240
PAT_005078,Joseph Lewis,2003-01-30,M,SA7275977
PAT_005079,Troy Cole,2003-04-08,M,GB6278398
PAT_005080,Peter Mejia,1972-11-16,M,SA8545656
PAT_005081,David Macias,1951-01-31,M,US2845317
PAT_005082,Regina Stevenson,1973-10-29,M,BD1628087
PAT_005083,Elizabeth Lyons,1952-05-11,M,BD6663332
PAT_005084,Cody Cannon,1953-04-15,M,GB6092506
PAT_005085,John Hernandez,2002-03-08,F,BD3902694
PAT_005086,Elizabeth Charles,1960-12-13,F,US7025190
PAT_005087,Matthew Lee,1983-12-08,M,NG7325747
PAT_005088,Carol Simpson,1965-10-15,M,NG3332012
PAT_005089,Jennifer Ramos,1999-03-29,F,US9479946
PAT_005090,Erin Davis,2004-10-21,M,AU9596775
PAT_005091,Kara Summers,1951-06-18,M,
PAT_005092,Leon Jackson,1955-06-16,F,SA6743080
PAT_005093,Jeremy Davis,2000-05-16,M,US9372415
PAT_005094,Dawn Ochoa,1973-02-14,M,PK5352985
PAT_005095,Ricky Jensen,1975-10-19,F,US5593553
PAT_005096,Brandon Murphy,2004-03-04,M,SA9350792
PAT_005097,Jennifer Valdez,1998-03-06,F,
PAT_005098,Douglas David,2002-05-15,F,GB8349836
PAT_005099,Rebecca Aguilar,1960-11-24,M,SA2244744
PAT_005100,Justin Cunningham,1980-09-16,M,US3355073
PAT_005101,Ralph Lawrence,1990-09-09,F,DE5979322
PAT_005102,Michael Morton,1997-02-04,M,BD9581482
PAT_005103,Steven Stanley,1975-06-19,M,GB9761150
PAT_005104,Sara Ray,2001-02-15,M,NG2758584
PAT_005105,Dana Barton,1953-05-22,F,US1459464
PAT_005106,Sierra Taylor,1990-09-13,M,NG3386263
PAT_005107,John Lopez,1985-10-17,M,KE9649192
PAT_005108,John Hall,2005-01-16,M,DE7907801
PAT_005109,Patricia Brown,1953-01-23,X,SA8327538
PAT_005110,Michael Harris,1958-10-09,F,RU2593458
PAT_005111,Thomas Mann,2000-03-22,M,KE2666661
PAT_005112,Tracey Simpson MD,1973-08-20,M,KE3087463
PAT_005113,Rachel Murphy,1952-12-10,F,NG3350430
PAT_005114,Robert Preston,1995-02-03,F,US7787567
PAT_005115,Joann Ross,1994-04-04,F,AU8824052
PAT_005116,Sydney Pollard,2002-12-08,M,SA7071190
PAT_005117,Julia Cruz,1976-02-14,F,US8124668
PAT_005118,Amy Gomez,1958-04-01,F,
PAT_005119,Nicholas Rangel,1974-02-12,M,SA6170076
PAT_005120,Karen Coleman,1972-08-24,F,AU3987713
PAT_005121,Teresa Baker,1981-08-14,M,BD9309765
PAT_005122,Suzanne Martin,1987-11-24,F,
PAT_005123,Jason Scott,1966-07-30,M,PK2874252
PAT_005124,Corey King,1984-06-09,M,AU2025007
PAT_005125,Andrew Carter,1970-11-01,M,BD8165726
PAT_005126,Michael Reynolds,1966-02-23,M,SA5746046
PAT_005127,Mike Grimes,1982-05-14,F,US1521369
PAT_005128,David Miller,1973-11-18,F,DE5356304
PAT_005129,Laura Rose,1956-03-16,M,AU2375053
PAT_005130,Mary Ballard,1996-08-16,F,SA5754286
PAT_005131,Mark Young,1968-02-02,F,
PAT_005132,Samuel Flores,1967-01-02,M,GB2953203
PAT_005133,Lori Zhang,1992-09-19,F,RU5955857
PAT_005134,Sandra Mckinney,1956-03-01,F,AU4053592
PAT_005135,Tanya Nolan,1970-04-10,M,NG4516860
PAT_005136,Zachary Lopez,1984-09-09,M,SA9991818
PAT_005137,Kevin Moran DDS,1988-01-08,F,KE2950559
PAT_005138,Dan Davis,1973-05-15,F,KE5916050
PAT_005139,Thomas Manning,1994-12-09,M,US5460410
PAT_005140,Tracy Doyle,1982-10-10,M,NG1457746
PAT_005141,Andrew Hernandez DDS,1988-07-18,M,GB7763507
PAT_005142,Hannah Mccullough,1997-02-25,M,US8292393
PAT_005143,Sandra Phillips,1967-05-23,F,AU5256921
PAT_005144,Jennifer Montgomery,1998-12-20,M,US9269978
PAT_005145,Ryan Kennedy,1970-10-23,M,GB6636739
PAT_005146,Heather Oliver,1992-09-12,F,DE9735375
PAT_005147,Brian Roberts,1961-07-09,M,NG5040329
PAT_005148,William Underwood,1972-05-02,F,US5224105
PAT_005149,Tom Smith,1976-11-01,M,NG1198132
PAT_005150,Dr. Patrick Diaz,1993-07-16,F,SA6659120
PAT_005151,Jeffrey Smith,1953-05-03,F,SA3751644
PAT_005152,Stephanie Good,1986-12-14,F,US8596821
PAT_005153,Joshua Bryant,1982-07-16,F,US9424422
PAT_005154,Timothy Morrow,1970-07-29,M,PK5083151
PAT_005155,Zachary Allen,1965-05-12,F,KE3643196
PAT_005156,Amanda Sanchez,1964-11-18,M,GB1466437
PAT_005157,Jill Wright,1952-09-16,M,DE6509419
PAT_005158,Jason Jenkins,1962-06-08,F,PK5533595
PAT_005159,Andrew Walker,1957-10-15,F,
PAT_005160,Tanner Faulkner,1962-06-28,F,RU3705945
PAT_005161,Alex Farmer,1966-07-18,M,RU6435567
PAT_005162,Gabriel Morgan,1974-05-07,X,BD9218206
PAT_005163,Todd Shannon,1994-09-08,F,AU3537047
PAT_005164,Jennifer Snow,1973-12-14,F,BD2501725
PAT_005165,Brianna Ramsey,1958-10-06,F,GB2785605
PAT_005166,Adam Choi,1975-04-10,M,US9527423
PAT_005167,Sarah Lowery,1981-11-10,F,US8742235
PAT_005168,Krista Williams,1985-04-12,F,US1590009
PAT_005169,Emma Krueger,1952-08-24,M,US5698284
PAT_005170,Valerie Miller,1972-06-21,F,KE8194885
PAT_005171,Sarah Chavez,1968-09-20,M,AU9666815
PAT_005172,Christina White,1957-08-20,M,DE3314089
PAT_005173,Robert Lopez,1965-07-05,M,DE5814621
PAT_005174,Paige Ellison,1993-04-03,M,NG9620829
PAT_005175,Sean Nelson,1978-07-19,F,AU2248096
PAT_005176,Kevin Flores,1968-06-06,M,AU1870821
PAT_005177,Seth Rivera,1993-11-27,M,
PAT_005178,Stephanie Perkins,1973-08-04,M,PK1971042
PAT_005179,Scott Mccarthy,1994-05-09,M,PK6273621
PAT_005180,Charles Thompson,1981-07-06,M,NG9666251
PAT_005181,Jennifer Rice,1992-04-15,M,RU2860863
PAT_005182,Timothy Rivera,1970-06-07,M,AU8584312
PAT_005183,Alexander Le,2004-10-09,F,US4902794
PAT_005184,Scott Delgado,1999-12-20,F,SA2682731
PAT_005185,Michael Stephens,1955-10-29,M,US2610393
PAT_005186,Eugene Williams,1978-10-22,M,RU1597374
PAT_005187,Duane Hampton,1968-05-22,F,
PAT_005188,Courtney Butler,2001-12-18,M,US1652751
PAT_005189,Abigail Olson,1977-06-15,M,BD5112580
PAT_005190,Melissa Lee,1973-11-18,F,DE9157268
PAT_005191,Amy Lane,1995-01-20,F,US6412011
PAT_005192,Diane Sullivan,1953-07-25,M,RU7322734
PAT_005193,Cynthia Hickman MD,2002-05-26,M,RU7268655
PAT_005194,Anne Ford,1972-04-14,F,US8592335
PAT_005195,Nicole Alexander,1951-06-25,M,US3230027
PAT_005196,Clinton Padilla,1985-07-22,F,PK2354623
PAT_005197,Carolyn Roach,1979-10-30,M,
PAT_005198,Courtney Lewis,1957-06-03,M,US4988098
PAT_005199,Sally Garner,1984-02-01,M,US1456242
PAT_005200,Martin Bradford,2002-06-13,F,SA5727690
PAT_005201,Joseph Gibson,1994-05-18,F,NG9958304
PAT_005202,Jaime Gomez,1992-11-28,F,GB8500695
PAT_005203,Trevor Young,1973-08-06,F,DE3509569
PAT_005204,Kristine Johnson,1992-07-05,F,BD1605739
PAT_005205,Veronica Jennings,1991-02-09,M,KE5299764
PAT_005206,Stephanie Lawrence,1976-07-23,F,PK3167777
PAT_005207,Lisa Kelley,1986-09-10,F,US2630841
PAT_005208,Matthew Freeman,1973-07-19,F,US6204687
PAT_005209,Steve Roberts,2004-08-01,M,KE3283785
PAT_005210,Mr. Micheal Scott V,1986-02-16,F,PK7714257
PAT_005211,Michael Solis,1984-06-23,M,AU3141567
PAT_005212,Willie Kelly,1972-04-08,F,BD4145930
PAT_005213,Patrick Duncan,1989-05-06,M,AU4415209
PAT_005214,Isabella Smith,1999-10-09,M,AU2478617
PAT_005215,Todd Reyes MD,1997-03-02,F,US4238494
PAT_005216,Jenna Booth,1965-02-08,F,PK7345549
PAT_005217,Spencer Flores,1987-02-10,M,
PAT_005218,Todd White,1957-07-09,M,RU7784416
PAT_005219,Matthew Moore,1970-11-09,F,AU7933848
PAT_005220,Carl Randolph,1961-11-08,F,US9716989
PAT_005221,Janet Singh,1969-10-28,F,AU3234880
PAT_005222,Barbara Graham,1987-12-16,F,PK2766057
PAT_005223,Alicia Wilson,1968-06-18,M,DE4302336
PAT_005224,Stacey French MD,2000-11-13,M,NG4235450
PAT_005225,Matthew Lawrence,1959-06-28,M,US7244853
PAT_005226,April Peters,1996-06-30,M,DE2163244
PAT_005227,Amber Brennan,1969-09-30,F,BD2678180
PAT_005228,Kathryn Sullivan MD,1953-05-14,F,AU8030859
PAT_005229,Timothy Pham,1951-01-23,X,US6203088
PAT_005230,Kelly Marshall,2005-10-24,M,GB6793080
PAT_005231,Jon Williams III,1951-10-23,F,RU8184079
PAT_005232,Brandi Cruz,1988-03-24,F,DE1249623
PAT_005233,Tyler Garcia,1970-07-12,M,GB8049857
PAT_005234,Matthew Mejia,1959-03-08,F,GB2993579
PAT_005235,Jennifer Hamilton,1955-08-21,F,US7107031
PAT_005236,Joanna Reid,2003-09-25,F,PK2650650
PAT_005237,Heidi Dominguez,1990-02-07,M,KE6902366
PAT_005238,Ashley Watkins,1980-12-13,M,US3875448
PAT_005239,Andrew Grimes,1979-02-23,M,GB4272380
PAT_005240,Barbara Harris,1952-05-01,M,BD1928171
PAT_005241,Scott Daniel,1966-10-31,M,AU2668269
PAT_005242,Nancy Stevens,1980-07-25,M,US2323796
PAT_005243,Joseph Santiago,1971-08-05,F,SA8449517
PAT_005244,Andrew Crawford,1964-01-10,M,KE3443500
PAT_005245,John Baker,1956-05-23,F,RU8714395
PAT_005246,Kelly Fowler,1985-02-08,M,PK1452813
PAT_005247,Joshua Arnold,1963-01-04,F,US1810942
PAT_005248,Katherine Crawford,1961-09-04,F,
PAT_005249,Terri Campbell,1969-07-31,M,US7433129
PAT_005250,David Boyer,1975-03-29,M,AU1190535
PAT_005251,Lisa Gregory,1986-10-15,M,PK2151510
PAT_005252,Joshua Robinson,1992-04-12,F,
PAT_005253,James Lane,1989-01-14,F,NG8685923
PAT_005254,Caleb Bell,1965-09-03,F,KE4362431
PAT_005255,Sarah Carr,1980-09-15,X,GB3838485
PAT_005256,James King,1961-10-27,F,NG2891081
PAT_005257,Barbara James,1957-11-09,M,SA5536640
PAT_005258,Kenneth Carroll DVM,1975-09-19,F,BD5023765
PAT_005259,Christine Allen,1971-09-19,M,
PAT_005260,Mark Sanchez,1984-12-17,F,SA8498379
PAT_005261,Kristin Williams,1986-01-05,F,SA1465174
PAT_005262,Kerry Robertson,1969-12-26,F,PK4540986
PAT_005263,Rachel Brooks,1987-12-12,M,GB6265584
PAT_005264,Ryan Thompson,1994-03-21,M,NG8595646
PAT_005265,Amy George,1974-12-11,F,BD7224689
PAT_005266,Joshua Henry,1952-08-01,M,SA6625975
PAT_005267,Caleb Lopez,1998-03-03,F,BD1439634
PAT_005268,Kevin Beck,1966-08-13,M,AU8935193
PAT_005269,Paul Martinez,1974-04-18,F,
PAT_005270,William Owen,1966-05-17,M,GB5150326
PAT_005271,Daniel Alexander,1956-11-06,M,US5890701
PAT_005272,Jeffrey Bullock,1964-10-21,F,DE7544689
PAT_005273,David Curtis,1999-02-22,M,GB6362809
PAT_005274,Roberta Gonzales,1953-05-10,F,AU4898955
PAT_005275,Maria Brown,1955-03-08,F,US1451533
PAT_005276,John Keller,1962-09-03,X,NG9575067
PAT_005277,Priscilla Hart,1964-01-23,F,SA2909760
PAT_005278,Damon Melendez,1970-10-27,M,RU8388264
PAT_005279,Christine Davidson,1952-01-08,M,PK4579389
PAT_005280,David Buckley,1967-01-21,M,
PAT_005281,Michael Simpson,1961-07-12,F,GB9672701
PAT_005282,Kevin Yoder,1966-05-10,M,GB3979706
PAT_005283,Anthony Nelson,1974-08-20,M,BD1640340
PAT_005284,Richard James,1981-12-21,M,GB9719010
PAT_005285,Jacqueline Schneider,1984-06-16,M,PK8454300
PAT_005286,Charlotte Carr MD,1982-11-09,M,BD6138346
PAT_005287,Jennifer Gray,2004-01-06,F,BD4278864
PAT_005288,Julia Smith,1995-01-24,F,US5538064
PAT_005289,Emily Smith,1992-07-29,F,DE7382502
PAT_005290,Denise Schroeder,1974-03-08,M,DE3221652
PAT_005291,Sydney Adams,1973-12-08,M,SA3983008
PAT_005292,Richard Jones,1954-01-16,M,PK1526515
PAT_005293,Scott Chan,1956-05-20,M,US2160745
PAT_005294,Debbie Lee,1990-07-23,M,GB1757842
PAT_005295,Kevin Wilson,1964-05-04,F,US9522702
PAT_005296,Ashley Warren,2003-12-28,F,NG7445272
PAT_005297,Joshua Bowman,2003-07-22,M,GB7418625
PAT_005298,Steven Dean,1991-12-12,F,PK1011916
PAT_005299,Tyler Farmer,1961-11-10,F,NG4485975
PAT_005300,Laurie Wood,2001-02-23,M,GB4965318
PAT_005301,Erica Rice,1973-09-03,M,NG4736236
PAT_005302,Stacy Jones,1992-07-11,M,NG1043526
PAT_005303,Mitchell Johnson,1994-05-25,M,SA8502049
PAT_005304,Jimmy Foster,1971-07-22,M,PK3595592
PAT_005305,Sheila Hood,1952-01-25,M,BD9451169
PAT_005306,Timothy Mcdaniel,1979-02-27,M,NG9990001
PAT_005307,Eric Everett,1964-11-09,M,PK9677013
PAT_005308,Diane Hays,2005-04-04,M,
PAT_005309,Christopher Martinez,1970-09-09,M,AU6681436
PAT_005310,Michael Mcguire,1992-03-27,M,SA3306135
PAT_005311,Melissa Thomas,2003-08-14,M,AU2714385
PAT_005312,Duane Henry,1957-02-14,F,KE3319710
PAT_005313,Nicole Sanchez,1956-06-18,M,DE4211364
PAT_005314,Donald Reyes,1999-12-16,M,
PAT_005315,Trevor Weber,1983-09-04,F,NG6152694
PAT_005316,Timothy Kennedy,1981-02-08,M,KE9850879
PAT_005317,Matthew Butler,1962-01-17,M,DE5422243
PAT_005318,Danielle Duncan,1982-06-26,F,PK3601665
PAT_005319,Angela Alexander,1955-11-14,M,PK3352653
PAT_005320,Heather Myers MD,1950-02-26,M,DE4137090
PAT_005321,Mark Rojas,1999-05-07,F,US7931939
PAT_005322,April Jackson,1952-08-20,F,GB8119095
PAT_005323,Brian Morgan,1998-12-31,M,GB9774078
PAT_005324,Jose Whitehead,2003-02-23,F,DE2016065
PAT_005325,David Greer,1992-12-02,F,PK5223672
PAT_005326,Tiffany Rogers,2000-11-27,F,GB7447718
PAT_005327,Daniel Gonzalez,1998-03-15,F,DE4131092
PAT_005328,Nicholas Smith,1972-04-04,F,NG9314192
PAT_005329,Veronica Harper,1999-07-03,F,US4284250
PAT_005330,Erin Jordan,1980-10-08,F,BD9934342
PAT_005331,Emma Wilson,1991-07-01,F,GB5189251
PAT_005332,Annette Brooks,1997-06-04,F,
PAT_005333,Christopher Brown,1974-10-24,F,DE8888600
PAT_005334,Oscar Torres,1996-08-16,M,NG4003996
PAT_005335,Bradley Richards,1957-08-11,F,DE3668339
PAT_005336,Michael Santos,1983-12-15,M,KE2552124
PAT_005337,Kevin Lawson,2001-11-21,M,BD4801853
PAT_005338,Donna Mitchell,1967-07-23,M,GB6119014
PAT_005339,Cindy Palmer,1954-11-20,M,DE7305186
PAT_005340,Michael Valenzuela,1990-12-14,F,KE6828318
PAT_005341,Lauren Mitchell,1971-08-26,F,PK6025739
PAT_005342,Frank Smith,1962-05-23,F,NG2691236
PAT_005343,Christopher Page,1959-07-17,F,GB1507132
PAT_005344,Eric Williams,1962-07-19,F,PK4530045
PAT_005345,Steven Lucas,1988-04-13,M,RU2731197
PAT_005346,Jessica Petty,1993-11-26,M,GB5714609
PAT_005347,Kelly Powell,2003-04-15,F,AU7367880
PAT_005348,Kimberly Vazquez,1995-06-08,M,RU5392161
PAT_005349,Cody Lloyd,1996-01-01,F,RU8303378
PAT_005350,Matthew Bryant,1952-01-05,M,AU1002506
PAT_005351,Tiffany Lynn,1966-04-22,M,RU6937636
PAT_005352,Emily Nelson,1976-07-29,M,DE8197845
PAT_005353,Becky Stout,1957-11-13,M,RU4767788
PAT_005354,Robert Ball,1965-09-22,F,GB5221264
PAT_005355,Allison Davis,1993-12-31,M,PK4697755
PAT_005356,Joseph Andrade,1972-09-03,M,DE8224991
PAT_005357,Ian Poole,1960-10-23,F,NG8019101
PAT_005358,Carolyn Oconnell,1954-02-14,M,GB2421768
PAT_005359,Joshua Villa,1990-01-24,F,US5400991
PAT_005360,Monica Hernandez,1984-01-19,M,KE9401472
PAT_005361,Morgan King,1983-12-24,F,DE2119034
PAT_005362,James Bass,1987-11-14,F,GB3107880
PAT_005363,Yvonne Moore,1999-04-10,F,KE7235429
PAT_005364,Emily Pineda DVM,1983-04-09,M,
PAT_005365,Caitlin Herrera,1969-08-02,F,RU1417857
PAT_005366,Andrew West,1957-07-15,M,AU8216332
PAT_005367,Eric Taylor,1998-06-06,F,BD9539514
PAT_005368,Christina Haney,1964-02-17,M,PK3884954
PAT_005369,Mary Potter,2000-01-11,M,US1722562
PAT_005370,Michael Yoder DDS,1989-03-09,F,US5815861
PAT_005371,Elizabeth Mata,1963-12-09,F,US7061752
PAT_005372,Stephanie Porter,1971-05-05,M,GB5914592
PAT_005373,Angela Cole,1995-05-09,M,GB9977714
PAT_005374,Ricky Cameron,1966-01-08,M,BD7095263
PAT_005375,David Robinson,1958-03-10,F,PK3487363
PAT_005376,Rick Bond,1976-03-08,M,BD9326739
PAT_005377,Michael Lara,1997-09-23,M,DE1284722
PAT_005378,Shari Levy,1952-02-12,M,DE8736178
PAT_005379,Robert Brock,1961-10-15,F,AU9243610
PAT_005380,Donald Reynolds,1965-01-03,M,NG7535798
PAT_005381,Austin Mcgee,1951-06-06,F,US2012167
PAT_005382,Kim Lambert,1997-10-11,F,US2111404
PAT_005383,Karina Anthony,1991-01-29,M,BD2769897
PAT_005384,Tiffany Mckinney,1971-10-05,M,GB6288253
PAT_005385,Juan Lyons,1999-09-28,F,AU5840709
PAT_005386,Matthew Ballard,1962-01-10,F,DE4981513
PAT_005387,Timothy Ray,1972-10-01,F,
PAT_005388,Maria Cordova,1999-05-31,M,NG4242869
PAT_005389,Paula Stevens,2002-07-19,F,US5919356
PAT_005390,Kelli Mendoza,1985-04-25,F,AU9626179
PAT_005391,Dr. Denise Curtis,1980-04-15,M,SA2525698
PAT_005392,Steven Bryant,1993-08-04,M,GB7778305
PAT_005393,Angela Mendez,1972-07-07,M,GB9253955
PAT_005394,David Hoover,1966-11-21,M,NG3204546
PAT_005395,Melanie Watkins,1972-07-20,M,RU6939732
PAT_005396,Marilyn Flores,2000-02-19,F,BD4925646
PAT_005397,John Brown,1990-08-29,F,BD6779229
PAT_005398,John Bond,1988-06-11,F,US1190260
PAT_005399,Kathleen Brooks,1953-12-22,F,BD8408809
PAT_005400,Kristen Schroeder,1969-06-24,M,US9666829
PAT_005401,Douglas Lane,1997-03-04,F,AU2357221
PAT_005402,Susan Gonzalez,1999-01-02,M,AU4781475
PAT_005403,James Butler,1955-12-18,F,
PAT_005404,Beth Jones,1997-02-28,M,GB7672223
PAT_005405,Alexandra Nguyen,1983-10-03,M,KE8829952
PAT_005406,Angel Harrington,1987-03-10,F,DE1282794
PAT_005407,Douglas Howard,1979-01-16,M,AU8259020
PAT_005408,Carla Wood,1987-01-02,F,GB6355592
PAT_005409,Brian Montoya,1978-03-19,F,NG2671056
PAT_005410,Michelle Newton,1974-08-14,F,NG3741945
PAT_005411,Heather Davis,1995-03-29,F,NG1366643
PAT_005412,Matthew Gomez,1961-10-22,M,AU5001747
PAT_005413,Michele Rangel,1993-09-13,F,NG4232672
PAT_005414,Jason Parker,1984-10-08,F,KE2378781
PAT_005415,David Valencia,1991-01-30,M,RU7306306
PAT_005416,Crystal Avila,1987-10-03,M,SA1243225
PAT_005417,Alexandra Castaneda,1951-05-14,M,SA3030089
PAT_005418,Darlene Henry,1962-02-05,M,GB9227556
PAT_005419,Thomas Thomas II,1977-04-10,F,US1394273
PAT_005420,Sean Tucker,1985-12-01,M,SA7978175
PAT_005421,Rhonda Oneill,1981-10-02,M,KE8717965
PAT_005422,Wendy Gonzalez,1992-11-23,M,NG7255984
PAT_005423,Meghan Robinson,1993-12-17,F,SA4706787
PAT_005424,Ashley Black,1999-08-21,M,NG6888084
PAT_005425,Stephen Marks,1979-05-10,M,PK7394851
PAT_005426,Martha Hudson,2001-07-30,F,NG8784643
PAT_005427,Tony Parker,1994-01-31,M,BD9014178
PAT_005428,Michael Curry,1966-03-10,F,PK3419115
PAT_005429,Tiffany Wilson,2005-07-22,M,RU9538747
PAT_005430,Jessica Stewart,1987-05-13,F,DE3533268
PAT_005431,Dana Gates,1956-01-03,X,KE2013052
PAT_005432,Claudia Miller,1990-07-12,M,US1535819
PAT_005433,Tiffany Allen,1973-04-08,F,KE3584659
PAT_005434,Stephanie Davies DDS,1969-12-31,M,SA9039486
PAT_005435,David Velasquez,1969-03-27,M,KE6598645
PAT_005436,Felicia Maddox,2000-01-04,F,AU9089329
PAT_005437,Megan Johnson,1981-06-24,M,RU4253077
PAT_005438,Timothy Davis,1989-09-21,F,SA3969186
PAT_005439,Dana Butler,1985-02-17,M,KE7834785
PAT_005440,Jacqueline Davis,1969-11-27,X,DE2881473
PAT_005441,Andrew Jones,1960-07-10,M,
PAT_005442,Bill King,1957-09-23,M,US1406845
PAT_005443,Jo Taylor,1994-08-15,F,NG9457443
PAT_005444,Jay Coleman,2000-06-21,M,PK2033887
PAT_005445,Kim May,1994-04-01,F,BD6370776
PAT_005446,Catherine Brown,1983-12-24,F,GB2537295
PAT_005447,Laura Atkins,1977-06-22,M,US2311682
PAT_005448,Christine Anderson,2003-05-19,F,AU2887975
PAT_005449,Cody Collins,1968-11-27,M,PK6519542
PAT_005450,Daniel Harris MD,1980-10-07,F,GB1040462
PAT_005451,Jason Jones,2001-02-01,M,NG3534452
PAT_005452,Alex Bridges,1957-04-22,F,BD5163389
PAT_005453,Adam Carter,1964-10-04,M,BD9852428
PAT_005454,David Richardson,1966-02-16,M,GB9979916
PAT_005455,Jordan Turner,1950-02-26,F,US5356349
PAT_005456,John Daugherty,1959-12-14,M,BD5020099
PAT_005457,Michael Shelton,1965-08-05,M,US5019162
PAT_005458,Heather Fischer,1996-03-16,M,AU7827804
PAT_005459,Julie Sandoval DDS,1993-04-18,F,GB3671892
PAT_005460,Angela Mills,1974-09-22,F,GB7272816
PAT_005461,Stephanie Hansen,1950-01-08,M,GB2958980
PAT_005462,Kathleen Spencer,1955-02-28,F,SA3638634
PAT_005463,Jordan Henderson,1960-08-12,M,NG3843754
PAT_005464,Tabitha Hancock,1956-05-26,F,US4968973
PAT_005465,John Douglas,2001-02-07,M,NG8677092
PAT_005466,Daniel Herrera,1987-01-21,M,US1951737
PAT_005467,Laura Mendez,1983-08-12,M,US4803308
PAT_005468,Rebecca Williams,2004-03-04,M,GB2833980
PAT_005469,Courtney Hill,1980-07-22,F,GB4468617
PAT_005470,David Peterson,1963-03-23,F,GB9059896
PAT_005471,Tanya Stokes,1982-09-25,F,AU3726310
PAT_005472,Noah Bryant,1997-12-05,M,RU5903696
PAT_005473,Diana Ryan,1957-05-07,F,PK8249271
PAT_005474,Amanda Nixon,2002-03-31,F,US2025396
PAT_005475,Jennifer Collins,1981-07-23,M,GB7286384
PAT_005476,Danielle Schultz,1960-08-09,M,
PAT_005477,Shawn Ballard,1994-09-16,F,GB1750567
PAT_005478,Lisa Meadows,1980-01-07,M,KE7915122
PAT_005479,William Walsh,1989-10-09,M,NG5304345
PAT_005480,James Taylor,2002-06-18,F,SA7491301
PAT_005481,Douglas Torres,1956-08-29,F,DE7331936
PAT_005482,David White,1959-02-18,M,AU9066160
PAT_005483,Justin King,1973-09-03,F,PK7362404
PAT_005484,Crystal Edwards,2002-11-18,F,US5958716
PAT_005485,Jesus Taylor,1957-10-18,M,US1811401
PAT_005486,John Reid,2005-07-04,M,US4801004
PAT_005487,Christina Hansen,1966-10-11,M,US1974139
PAT_005488,Anthony Woodard,1983-08-24,M,DE4359657
PAT_005489,Matthew Ball,1959-03-11,F,GB8476347
PAT_005490,Megan Adams,2004-02-24,M,US9700987
PAT_005491,Sarah Cole,1979-06-01,F,GB4144175
PAT_005492,Kelli Watkins,2000-04-14,M,GB9347893
PAT_005493,John Ponce,1987-05-26,F,PK5533460
PAT_005494,Kimberly Lang,1986-05-18,F,NG8572725
PAT_005495,Carmen Baldwin,1959-05-10,F,US9741844
PAT_005496,Vanessa Lloyd,1955-05-16,M,GB4154134
PAT_005497,Amanda Williams,1959-10-27,F,GB2944474
PAT_005498,Meghan Smith,1960-06-30,F,SA4348678
PAT_005499,Randy Montgomery,1956-05-29,F,
PAT_005500,Wayne Benitez DDS,1956-11-16,M,BD8084513
PAT_005501,Brian Wallace,1977-03-19,M,GB9277149
PAT_005502,Kimberly Smith,1975-03-28,M,NG1454746
PAT_005503,Anna Barron,1975-12-02,F,US8108572
PAT_005504,Victoria Arnold,1995-11-11,M,GB2776493
PAT_005505,Brad Barnes,1962-03-23,F,
PAT_005506,Brittany Hamilton,1960-02-02,F,RU1044931
PAT_005507,Elizabeth Valentine,2003-05-18,F,DE9475998
PAT_005508,Mr. Justin Perry Jr.,1953-01-29,M,RU1710875
PAT_005509,Veronica Shaw,1950-09-22,F,GB1534377
PAT_005510,Adam Allen,1980-08-23,F,GB7529147
PAT_005511,Ricardo Schwartz,1993-05-05,F,NG5982283
PAT_005512,Courtney Fischer,1983-11-16,M,US6115200
PAT_005513,Chad Larsen,1985-10-13,M,PK5901821
PAT_005514,Patricia Knight,1989-06-18,M,US2318971
PAT_005515,Karen Mcclain,1989-03-27,M,BD7077624
PAT_005516,Rita Brown,1950-11-20,M,GB6703185
PAT_005517,Ricardo Green,1961-11-16,M,RU3962246
PAT_005518,Kayla Garcia,2000-12-26,F,AU9475269
PAT_005519,Marcus Johns,2000-06-04,M,BD3991827
PAT_005520,Leslie Thomas,1966-01-15,F,
PAT_005521,Kenneth Campbell,1950-03-10,M,SA6822495
PAT_005522,Scott Martinez,1950-09-07,F,
PAT_005523,Melanie Brown,1974-08-17,M,SA2000030
PAT_005524,Patricia Roberts,1976-05-24,F,GB8818536
PAT_005525,Bradley Baker,1990-08-18,M,AU2110763
PAT_005526,James Watson,2000-10-14,M,RU5264345
PAT_005527,Belinda Ford,1952-08-11,M,US3911607
PAT_005528,Stephanie Wells,1972-02-16,M,KE5335374
PAT_005529,Devin Berger,1956-03-24,F,KE8031114
PAT_005530,Craig Cameron,1982-10-14,F,SA1583226
PAT_005531,James Fleming,2000-11-08,M,US3330741
PAT_005532,William Bauer,1987-05-27,F,GB2247605
PAT_005533,Erin James,1977-11-15,M,RU2340628
PAT_005534,Shaun Powers,1955-12-31,M,US1131653
PAT_005535,Benjamin Rogers,1989-07-09,M,PK1444758
PAT_005536,Austin Vargas,1965-03-29,F,GB4237265
PAT_005537,Alyssa Taylor,1970-01-14,F,KE4381307
PAT_005538,John Wright,1996-02-28,F,KE1932046
PAT_005539,Kevin Brown,1950-03-26,F,GB3368701
PAT_005540,Seth Thompson,1958-02-03,M,
PAT_005541,Ellen Martin,1954-12-04,F,NG6993803
PAT_005542,Rachel Kim,1976-05-03,F,US7942636
PAT_005543,Mrs. Nicole Velasquez,1951-05-22,F,RU2415233
PAT_005544,Mckenzie Stewart,1950-08-01,F,GB2466538
PAT_005545,Caleb Ortiz,1981-06-15,M,SA7224781
PAT_005546,Emily Duran,1992-07-06,F,US8615639
PAT_005547,Lisa Nelson,1965-02-19,M,US5249370
PAT_005548,Ricky Miller,1981-08-05,M,PK9529330
PAT_005549,Ronald Edwards,1988-06-20,M,NG1099906
PAT_005550,Raymond Humphrey,1987-08-04,F,BD3503790
PAT_005551,Brittany Moreno,1957-03-18,M,AU8332432
PAT_005552,Lori Brown,1964-11-04,M,
PAT_005553,Samuel Carpenter,1979-05-04,M,BD1163208
PAT_005554,Emily Johnson,1963-12-23,M,AU8543488
PAT_005555,Brandi Reed,1975-06-02,F,RU4092004
PAT_005556,David Bailey,1999-05-21,M,GB5274037
PAT_005557,Daniel Caldwell,2005-04-28,F,GB3531153
PAT_005558,Felicia Newman,1960-03-25,F,AU8724682
PAT_005559,Amanda Johnson,1994-12-04,M,DE7531697
PAT_005560,Emily Salas,1992-07-31,M,AU7527068
PAT_005561,Katie Willis,1989-01-10,F,US6227314
PAT_005562,Lydia Hayes,1971-11-18,M,
PAT_005563,David Tyler,1970-04-24,F,AU5664804
PAT_005564,Carlos White,1999-09-28,F,US4445181
PAT_005565,Kara Burns,1999-11-18,M,SA8412273
PAT_005566,Richard Hill,1969-11-03,M,NG5529070
PAT_005567,Robert Sanchez,1967-03-11,M,US5266565
PAT_005568,Douglas Brown,1991-09-08,F,PK2802191
PAT_005569,James Patel,1988-09-03,F,US3258360
PAT_005570,Brandy Evans,1968-06-01,F,US2916728
PAT_005571,Tyler Powers,1980-01-05,M,RU5428906
PAT_005572,Jacob Clark,1977-06-29,F,BD7769028
PAT_005573,Darren Blackwell,1958-07-28,M,GB6651297
PAT_005574,Mrs. Marisa Roberts PhD,1962-11-04,M,DE1810775
PAT_005575,Brian Martinez,1972-11-24,M,
PAT_005576,Dawn Mcdonald,2003-03-22,M,BD5456710
PAT_005577,Dawn Levine,1978-12-11,F,AU1628327
PAT_005578,Lindsey Williams,1988-03-10,M,US1409356
PAT_005579,Amy Bass,1962-01-15,F,US5358701
PAT_005580,Victoria Walker,1961-01-15,F,GB9012912
PAT_005581,Natalie Harrison,1988-02-29,M,GB3819744
PAT_005582,Charles Farley,1955-01-14,M,US5633961
PAT_005583,Todd Bauer,2003-07-13,M,NG4223851
PAT_005584,Elizabeth Martinez,1963-01-10,F,SA2718739
PAT_005585,Anthony Anderson,2003-09-16,M,NG8751339
PAT_005586,Roger Brady,1959-07-08,M,AU4980407
PAT_005587,Paula Phillips,1984-08-23,F,US7037697
PAT_005588,Linda Michael,2000-01-23,M,RU7191676
PAT_005589,Derek Moore,1982-08-23,F,US2799379
PAT_005590,Heather Jennings,1989-03-30,F,GB4597932
PAT_005591,Brandon Rosales,1989-07-10,F,PK8637504
PAT_005592,Deborah Perry,1972-05-19,M,AU8998405
PAT_005593,Timothy Torres,1985-01-11,M,PK1673752
PAT_005594,Stephanie Dawson,1967-09-06,F,DE4511679
PAT_005595,Jesus Hunter,1997-08-15,M,BD9265353
PAT_005596,Jerry Lee,1961-03-10,F,AU7227131
PAT_005597,Michael Roberts,2005-10-03,M,KE2613813
PAT_005598,Mary Thomas,1958-01-20,M,DE8880784
PAT_005599,Kendra Anderson,1998-10-18,M,DE4689526
PAT_005600,Michael Barrera,1973-03-24,F,DE5264107
PAT_005601,Kyle Clark,1966-10-23,F,GB7915491
PAT_005602,Suzanne Alvarez,1965-03-25,F,NG6613779
PAT_005603,Jason Cabrera,1998-04-09,F,DE1337783
PAT_005604,Pamela Hill,1976-03-04,F,NG4495473
PAT_005605,Nicholas Price,1951-03-26,F,GB4033658
PAT_005606,Annette Martin,1951-03-06,F,PK8806987
PAT_005607,Jonathan Krueger,1978-07-28,X,SA2347057
PAT_005608,Hayley Pace,1980-01-20,M,DE9065220
PAT_005609,Regina Patel,1980-02-20,F,RU4441555
PAT_005610,Amanda Hampton,1992-08-17,X,NG2017435
PAT_005611,Mark Matthews,1966-06-03,F,SA1313120
PAT_005612,Tracy Fox,1975-06-13,M,PK1258587
PAT_005613,Brandy Chan,1988-05-07,F,
PAT_005614,Katherine Norton,1997-06-07,X,SA9490444
PAT_005615,Mario Flores,1965-01-06,F,US4601771
PAT_005616,Thomas Perez,1961-11-01,F,SA8332309
PAT_005617,Shirley Lee,1965-07-18,F,GB7334030
PAT_005618,Michelle Meyer,1952-11-30,M,RU2181736
PAT_005619,Jason Francis,1978-10-31,M,BD9417326
PAT_005620,Roger Cooper,1950-01-28,M,PK7662305
PAT_005621,Chad Smith,2000-05-02,F,DE6352650
PAT_005622,Christopher Scott,1968-09-04,F,GB2382589
PAT_005623,Lori Mckay,1982-03-03,F,AU8050976
PAT_005624,Janice Wiley,1980-04-01,F,US2380470
PAT_005625,Janet Tyler,1991-02-01,M,
PAT_005626,Claire Crawford,1953-11-23,F,US6559027
PAT_005627,Herbert Wright,1956-12-08,F,
PAT_005628,Heather Smith,1979-06-30,F,SA6393203
PAT_005629,Cheyenne Hawkins,1956-04-06,M,BD1090998
PAT_005630,Maurice Carroll,2001-02-26,F,DE9137021
PAT_005631,John Clark,1954-03-30,F,SA6887065
PAT_005632,Jerry Gallegos,2005-06-12,F,AU1671637
PAT_005633,William Salazar,2005-07-02,F,RU7478064
PAT_005634,Stacy Hill MD,1989-10-11,M,SA6053840
PAT_005635,Gerald English,1974-07-10,M,SA4471726
PAT_005636,Melinda Chavez,1975-10-19,M,SA9367725
PAT_005637,Jacqueline Fowler,1982-03-21,F,NG5993747
PAT_005638,Alyssa Hernandez,1984-07-07,F,DE3598956
PAT_005639,Alicia Lawson,1985-03-27,M,US8539230
PAT_005640,Christopher Castro,2000-07-09,X,RU4167055
PAT_005641,Angela Moore,1968-01-24,M,DE7892412
PAT_005642,Kelly Bruce,1983-11-19,F,GB2100142
PAT_005643,Hannah Sanchez,1982-01-05,F,BD9078023
PAT_005644,Melissa Hudson PhD,1993-07-18,F,SA9493251
PAT_005645,Daniel Hess,1954-09-05,M,GB7941407
PAT_005646,Susan English,1991-11-03,F,
PAT_005647,Julie Bell,1986-12-31,F,GB1822414
PAT_005648,Jeremy Oliver,1981-12-13,F,SA4511585
PAT_005649,Craig Fuentes,2002-11-16,F,US8767148
PAT_005650,Kimberly Bauer,1960-02-29,F,DE2756308
PAT_005651,Stacey Campbell,1999-11-01,F,RU8082717
PAT_005652,George Jackson,1993-02-08,X,GB2804043
PAT_005653,Diana Arroyo,1987-05-27,M,DE3756444
PAT_005654,Amber Palmer,1988-08-10,F,GB8485021
PAT_005655,Katherine Bailey,1974-06-29,F,SA2966609
PAT_005656,Kari Peterson,1957-10-07,M,GB6615289
PAT_005657,Tiffany Smith,1974-08-15,M,KE5108743
PAT_005658,Paul Torres,1957-10-12,F,RU4204251
PAT_005659,Luke Kerr,1981-01-26,M,GB2600224
PAT_005660,David Gutierrez,1995-03-02,F,PK4896371
PAT_005661,James Griffin,1975-11-09,M,GB6532875
PAT_005662,Tina Garcia,1957-08-02,M,AU2222797
PAT_005663,Donna Norris,1981-06-07,F,US2775054
PAT_005664,Ricky Ellison,1980-09-15,F,DE3815683
PAT_005665,Debra Bates,1964-06-14,M,PK5568785
PAT_005666,Melanie Barker,1957-10-07,M,SA6015535
PAT_005667,Brianna Tucker,1982-07-04,F,US2908310
PAT_005668,Matthew Hickman,2003-12-16,M,US8643671
PAT_005669,Christina Berry,1965-01-16,M,US2591124
PAT_005670,Jeffery Koch,1962-05-17,F,RU3437111
PAT_005671,Nicole Gray,1963-11-07,F,DE7336464
PAT_005672,Andrew Peters,1973-12-29,F,BD6713066
PAT_005673,Megan Neal,1989-07-01,F,DE6877978
PAT_005674,Nancy Hancock,1971-02-13,F,BD3529758
PAT_005675,Sara Ward,1982-02-08,F,AU8225677
PAT_005676,Devin Jones,1953-10-05,M,GB4262094
PAT_005677,Amy Brewer,1986-04-26,M,PK4899401
PAT_005678,Judith Hernandez,1958-09-17,F,GB9250063
PAT_005679,Travis Gordon,1988-10-01,M,GB5687126
PAT_005680,Marissa Cole,1980-12-19,F,US2327749
PAT_005681,Emily Gibson,1982-09-09,F,AU9690712
PAT_005682,Walter Ramirez,1990-03-03,M,RU1858065
PAT_005683,Ryan Reynolds,1988-05-26,M,SA9750900
PAT_005684,Michael Harper,1974-01-05,F,GB7207984
PAT_005685,Dr. Deanna Wright DVM,1954-04-14,F,GB6110811
PAT_005686,Debra Smith,1966-03-31,F,GB3302389
PAT_005687,Mark Harris,2000-06-27,F,GB3627789
PAT_005688,Robert Massey,1990-07-21,M,
PAT_005689,Richard White,2001-03-06,F,US7181464
PAT_005690,Michael Lawrence,1969-02-04,X,US2277527
PAT_005691,Sandra Ayala,1963-09-14,M,GB3897192
PAT_005692,Connie Costa,1956-11-10,M,GB4072014
PAT_005693,Julie Clark,1955-09-26,M,SA5075417
PAT_005694,Jon Thomas,1996-07-26,M,AU9931922
PAT_005695,John Lopez,1974-01-19,F,DE6153074
PAT_005696,Samuel Smith,1965-07-03,M,US4886623
PAT_005697,Gloria Keller,1964-12-06,F,GB9655772
PAT_005698,Hannah Matthews,1973-07-23,M,US3618306
PAT_005699,Charles Torres,1995-01-05,F,US3107417
PAT_005700,James Smith,2002-02-15,M,US3496384
PAT_005701,Rachel Dickerson,1965-02-28,F,US2356596
PAT_005702,Felicia Henry,1982-05-15,M,US1932577
PAT_005703,Jennifer Obrien,1963-05-18,F,AU5255686
PAT_005704,Christine Harris,2001-12-12,M,GB6167384
PAT_005705,Angel Kent,1992-01-15,M,SA4536671
PAT_005706,Mark Morgan,1959-10-26,M,BD8594965
PAT_005707,Kevin Morris,1980-10-25,M,GB3398466
PAT_005708,Kimberly Jensen,1988-08-15,M,PK3221866
PAT_005709,Yolanda Wallace,1971-01-18,M,US2465744
PAT_005710,Jessica Sanford,1999-01-24,F,DE2650059
PAT_005711,Rebecca Simmons,1999-01-13,F,US5430751
PAT_005712,Dominic Bennett,1990-07-01,F,
PAT_005713,Rachel Wright,1951-11-12,F,AU6583214
PAT_005714,Willie Bowers,1978-07-28,M,BD5923734
PAT_005715,Angela Dillon,1986-04-30,M,AU6197362
PAT_005716,Eric Dodson Jr.,1956-05-27,F,GB8802374
PAT_005717,Angela Chandler,1959-12-05,F,US2685720
PAT_005718,Stephanie Allen,1971-10-24,M,
PAT_005719,Judy Lopez,1969-06-03,F,GB1088679
PAT_005720,Hunter Woods,1978-06-30,M,BD3887871
PAT_005721,Eric Smith MD,1977-12-19,M,GB2476400
PAT_005722,Sandra Kim,1971-07-16,M,NG9826596
PAT_005723,Chase Wolf,1950-07-25,F,GB2737371
PAT_005724,Elizabeth Hill,1969-11-25,M,SA2592370
PAT_005725,Isaiah Hall Jr.,1974-05-29,M,GB8427651
PAT_005726,Nicholas Gordon,1988-03-02,M,NG1528676
PAT_005727,Jason Fletcher,1979-11-15,M,SA1230101
PAT_005728,Carolyn Schultz,1960-09-18,F,SA3963841
PAT_005729,Miguel Johnston,2001-03-17,F,US2440776
PAT_005730,Rebecca Prince,1964-10-11,M,KE7374431
PAT_005731,Caitlin Edwards,1972-12-09,M,DE5072919
PAT_005732,Alexis Hale,1952-12-02,F,PK5892169
PAT_005733,Scott Taylor,2004-04-30,F,DE5978300
PAT_005734,Donna Nelson,1982-12-12,F,KE1190332
PAT_005735,Tammy Bell,1984-11-25,F,GB3127512
PAT_005736,Robert Jones,1974-02-08,F,
PAT_005737,Mary Rodriguez,1958-09-20,M,KE1451587
PAT_005738,Marie James,1955-08-08,M,PK9238248
PAT_005739,Ethan Kelley,1980-03-03,F,AU4090639
PAT_005740,Laura Mcclain,1952-12-02,M,AU7297465
PAT_005741,Robert Collins,1987-08-06,M,BD9910821
PAT_005742,James Knapp,1969-02-13,F,BD1301922
PAT_005743,Theresa Walton,1952-06-29,M,RU7688765
PAT_005744,Jaime Wells,1986-11-03,F,RU3198465
PAT_005745,James King,1978-09-24,M,US3543396
PAT_005746,Amber Gomez,1979-07-23,M,GB4211489
PAT_005747,Michael Hebert,1956-11-26,M,KE3831379
PAT_005748,Brenda Graham,1996-07-30,F,DE7175022
PAT_005749,Frank Lopez,1977-06-28,M,BD1790253
PAT_005750,Antonio Berry MD,2002-07-26,F,SA9624489
PAT_005751,Chad Grant MD,1978-04-10,F,DE6752334
PAT_005752,Isaac Yang,1984-06-21,F,DE2051626
PAT_005753,Aaron Jones,1967-12-17,F,US1122641
PAT_005754,Heidi Williams,1984-07-12,M,RU3493987
PAT_005755,Carolyn Serrano,1953-01-14,M,DE2492432
PAT_005756,Michael Brewer,1982-10-23,M,NG8579098
PAT_005757,Michael Johnson,1959-07-05,F,GB1544128
PAT_005758,John Torres,1980-12-30,M,NG8667198
PAT_005759,Jessica Silva,1982-07-28,F,PK6564644
PAT_005760,Robert Miller,1988-11-11,F,DE9404919
PAT_005761,Cory Stephens,1994-05-28,F,
PAT_005762,Keith Hurst,1979-02-27,F,
PAT_005763,Alejandro Miller,1952-04-10,M,GB4577758
PAT_005764,Rebecca Romero,1958-12-19,M,GB9803532
PAT_005765,Jennifer King,1961-09-26,M,NG4712861
PAT_005766,Grace Jimenez,1976-06-23,F,US9489269
PAT_005767,Michael Kelly,2003-03-08,M,GB2595454
PAT_005768,Ashley Jones,1952-12-08,F,DE9178841
PAT_005769,Lee Mayer,1965-10-17,M,GB2337714
PAT_005770,Michael Mills,1955-05-06,M,US3006792
PAT_005771,Timothy Rosario,2004-01-17,M,BD8779432
PAT_005772,Christina Shaw,1954-05-27,F,SA9741724
PAT_005773,Ann Allen,1961-08-21,F,US4100467
PAT_005774,James Coleman,1979-11-03,M,US6192420
PAT_005775,Valerie Wright,2001-07-12,F,RU5302039
PAT_005776,Dr. Kimberly Shaffer,1998-04-02,M,NG3213407
PAT_005777,Stephen Medina,1957-06-20,F,US2821051
PAT_005778,Andrea Valdez,1981-01-04,M,PK3393253
PAT_005779,Erin Fleming,1974-04-30,M,SA4602755
PAT_005780,Melissa Greene,1996-12-07,M,NG6143118
PAT_005781,Wendy Hampton,1976-07-12,M,AU9989807
PAT_005782,Jessica Baker,1998-10-21,F,
PAT_005783,Lance Schultz,2003-01-17,M,AU5786655
PAT_005784,Travis Vargas,1962-06-14,F,NG3933707
PAT_005785,Stephen Boyle,1953-02-12,F,US8144220
PAT_005786,Jeffrey Heath,1978-08-19,F,US2844584
PAT_005787,Karina Lawrence,1968-05-11,F,US2884406
PAT_005788,John Acosta,1957-10-18,F,BD5810685
PAT_005789,Victoria Davis,1951-01-21,M,RU4128453
PAT_005790,Bonnie Travis,1988-09-02,F,US5561728
PAT_005791,Kathleen Jones,1999-04-22,F,US5100702
PAT_005792,Meghan Shea,2000-02-18,F,GB7880451
PAT_005793,Nathan Lowe,1991-07-11,M,NG8629076
PAT_005794,Adam Fernandez,2003-12-13,M,PK3373823
PAT_005795,Caitlin Herman,1958-12-03,F,SA2442031
PAT_005796,Scott Diaz,1967-10-18,F,AU6204660
PAT_005797,Andrew Hill,1976-06-30,M,GB6856942
PAT_005798,Robert Jackson,1989-02-16,F,AU4512311
PAT_005799,William Nelson,2000-08-28,F,DE3473307
PAT_005800,Brittany Davis,1991-06-27,F,US2149216
PAT_005801,Jason Chen,1999-07-11,M,GB7334019
PAT_005802,Daniel Gregory,1973-05-18,F,US6109707
PAT_005803,Christopher Lopez,1959-01-25,M,AU1667502
PAT_005804,Carl Allen,1994-06-20,F,BD9718295
PAT_005805,Tiffany Smith,1975-05-16,F,RU7199534
PAT_005806,Johnny Edwards,1985-11-20,F,GB9927072
PAT_005807,Nicole Massey,1999-03-11,F,US9682046
PAT_005808,Donald Moore,1969-02-24,F,US7471099
PAT_005809,Douglas Evans,2004-07-18,F,GB3099807
PAT_005810,Hannah Freeman,1960-10-31,F,RU8271771
PAT_005811,Peter Reese,1953-02-23,F,PK4055832
PAT_005812,Sean David,1959-03-05,M,GB4755627
PAT_005813,Sarah Bowman,1990-11-25,M,DE5165598
PAT_005814,Lisa Owens,1960-04-30,M,KE2122078
PAT_005815,Derrick Turner,1986-01-12,M,NG7151400
PAT_005816,Angelica Solomon,1981-10-25,F,US2169385
PAT_005817,John Caldwell,1966-04-01,F,GB1847700
PAT_005818,Michael Park,1995-03-08,F,AU2554584
PAT_005819,Timothy Avila,1987-07-21,F,KE9621041
PAT_005820,Mark Walker MD,1960-08-13,M,GB5725726
PAT_005821,Jeremiah Brown,1981-09-07,M,GB2755389
PAT_005822,Howard Arroyo,1971-04-25,M,DE5922637
PAT_005823,Eric Mcintosh,1985-08-27,F,BD4356608
PAT_005824,Timothy White,1967-01-03,F,BD2450124
PAT_005825,Jeffrey Morgan,2002-11-07,M,GB8515331
PAT_005826,Lauren Lindsey,1980-03-30,M,NG5116297
PAT_005827,Sheila Lawson,1974-09-08,M,PK4943885
PAT_005828,Michael Collier,1987-05-12,M,DE8560179
PAT_005829,Haley Peck,1995-12-05,F,AU9862339
PAT_005830,Stephen Rivas,1957-05-01,M,AU9867215
PAT_005831,David Williams,1976-08-19,M,DE9350530
PAT_005832,Luke Yang,1990-12-25,F,SA6249093
PAT_005833,Maria Rivera,1960-10-02,F,GB9736675
PAT_005834,Dwayne Griffin,1987-01-03,M,SA2628204
PAT_005835,Michael Collier,1961-08-24,M,US5009570
PAT_005836,Carlos Hancock,1974-12-23,M,DE8519059
PAT_005837,Connie Ellison,1994-10-04,F,AU1823448
PAT_005838,Ashley Downs,1980-10-15,M,PK5794096
PAT_005839,David Terry,1959-03-19,M,SA1299313
PAT_005840,Joel Mora,1965-06-29,M,SA8706865
PAT_005841,Rebekah Miller,1979-10-05,M,AU5759863
PAT_005842,Jennifer Nunez,1998-10-09,F,NG6135562
PAT_005843,Mrs. Tammy Myers,1956-06-25,M,
PAT_005844,Megan George,1994-03-30,F,US9561077
PAT_005845,Mitchell Flowers,1963-09-26,F,US7080037
PAT_005846,David Lewis,1984-11-22,F,NG9607643
PAT_005847,David Colon,1977-11-11,M,BD9621941
PAT_005848,Kristine Bauer,1998-01-01,F,GB4034037
PAT_005849,Dawn Moore,1951-06-17,F,PK8270594
PAT_005850,Tammy Smith,1976-02-11,F,GB7692178
PAT_005851,Mark Martin,1962-02-25,F,AU3842666
PAT_005852,Jessica Robbins,1962-03-24,M,US7545030
PAT_005853,Christopher Romero,1985-03-16,M,BD9772696
PAT_005854,Katie Khan,2004-10-05,M,US4513516
PAT_005855,Joshua Barnett,1997-12-30,M,DE2244326
PAT_005856,Kyle Robinson,1978-08-03,F,NG6720720
PAT_005857,Jacqueline Williams,1990-03-11,F,DE1240574
PAT_005858,Andrew Brown,1976-07-24,F,BD9854065
PAT_005859,Mark Taylor,1986-06-21,F,BD1017928
PAT_005860,Shannon Brewer,1976-12-19,F,GB3120831
PAT_005861,Jeremy Rivera,1992-12-24,F,GB5070996
PAT_005862,Juan Martinez,1965-12-18,M,BD7574915
PAT_005863,Matthew Maynard,1980-11-26,F,RU6074357
PAT_005864,Daisy Hill,1971-12-22,M,PK8221259
PAT_005865,Daniel White,1999-03-15,F,
PAT_005866,James Wong,1999-05-03,M,US9283226
PAT_005867,Meagan Foley,1999-07-12,X,US1942259
PAT_005868,Teresa Wise,1979-01-16,F,KE9261518
PAT_005869,Paul Navarro,1996-02-16,F,AU1050176
PAT_005870,John Simpson,1954-05-04,F,BD8553595
PAT_005871,William Jones,1980-01-02,M,DE1509693
PAT_005872,Holly Cobb DVM,1999-06-30,M,BD1955053
PAT_005873,Mr. James Padilla MD,1979-12-31,M,BD5158277
PAT_005874,Jennifer Mccormick,1962-05-08,M,RU8592827
PAT_005875,Richard Davidson,1954-09-18,F,BD2473693
PAT_005876,Tanya Thornton,1968-08-30,F,GB5963626
PAT_005877,Ernest White,1971-12-23,X,US2677080
PAT_005878,Nancy Black,1980-10-29,M,DE6798233
PAT_005879,Anita Elliott,1971-12-09,F,US8580543
PAT_005880,Stephen Nguyen,1992-06-04,F,PK1909984
PAT_005881,Gina Castillo,1961-09-06,F,GB2904737
PAT_005882,Isabella Le,1956-11-13,M,NG6036246
PAT_005883,Carlos Washington,2004-12-04,F,US7574224
PAT_005884,Don Mitchell,1958-07-16,M,GB5949526
PAT_005885,Elizabeth Brown,1967-05-23,M,SA2438090
PAT_005886,Kaitlyn Gardner,1959-10-29,M,GB5265082
PAT_005887,John White,1991-01-09,M,NG4267216
PAT_005888,Barbara Harvey,2005-06-14,F,PK6970004
PAT_005889,Mark Hernandez,2002-08-17,F,RU3020388
PAT_005890,Megan Obrien,1957-12-09,M,NG2107107
PAT_005891,Mark Johnson,1956-10-03,M,GB2608670
PAT_005892,Megan Raymond,1977-07-28,F,KE6695794
PAT_005893,James Anderson,1988-03-16,M,DE9849019
PAT_005894,Joel Reynolds,1959-11-20,M,US5577675
PAT_005895,Leslie Murphy,1987-10-16,F,US2799645
PAT_005896,Tammy Mcdonald,1982-05-26,M,US3741921
PAT_005897,Mary Douglas,1987-09-18,F,PK8547413
PAT_005898,Jennifer Mcdaniel,1963-11-17,M,NG7030424
PAT_005899,Trevor Gonzales,1980-12-11,F,BD8642012
PAT_005900,Eric Jordan,1958-12-22,M,PK6000675
PAT_005901,Lawrence Watts,1957-01-24,M,AU1273546
PAT_005902,Timothy Weiss,1977-08-28,X,SA4760447
PAT_005903,Krystal Parker,2002-07-20,M,US9921580
PAT_005904,Kathy Koch,1992-11-29,M,
PAT_005905,Susan Smith,1955-02-03,M,AU3732933
PAT_005906,Kerry Cook,1996-02-11,F,NG8799939
PAT_005907,Carmen Woods,2003-02-04,F,NG4624603
PAT_005908,James Potter,1950-11-13,F,
PAT_005909,Robert Strickland,1979-11-12,M,SA1025793
PAT_005910,Nicholas Moore,1951-03-31,F,GB4332548
PAT_005911,Tony Robbins,1981-11-09,F,KE1050439
PAT_005912,Tammy Wilkins,1977-01-07,M,AU7243757
PAT_005913,Carol Woodward,1976-09-04,M,NG4640488
PAT_005914,Debra Thompson,1993-02-21,M,US7875026
PAT_005915,Melanie King,1963-03-04,F,KE5774977
PAT_005916,Shawn Jordan,1982-12-10,X,AU5662857
PAT_005917,Angel Garcia,1991-05-11,F,PK2209492
PAT_005918,Linda Manning,1955-05-19,M,US9281977
PAT_005919,Anthony Gray,1995-01-10,M,
PAT_005920,Caroline Cervantes,1970-07-21,M,GB5694014
PAT_005921,Patrick Meyer,2001-08-30,F,US3366636
PAT_005922,Kaitlin Whitney,1972-10-30,F,SA8321546
PAT_005923,Denise King,1970-11-30,F,
PAT_005924,Dawn Smith,1993-02-03,F,US3050203
PAT_005925,Timothy Malone,2000-07-14,M,BD2042720
PAT_005926,Lisa Miller,1955-03-13,M,RU4610878
PAT_005927,Lisa Nguyen,1962-07-26,M,PK6058836
PAT_005928,Crystal Evans,1954-04-16,F,GB5493956
PAT_005929,Justin Fernandez,1989-10-24,M,RU1968173
PAT_005930,Cynthia Garcia,1980-05-02,M,NG8701266
PAT_005931,Alexander Foster,1960-04-29,X,KE4608887
PAT_005932,Debra Fisher,1987-09-11,F,GB9319899
PAT_005933,Chad Wall,1952-09-22,M,KE3854678
PAT_005934,Kathleen Snyder,2002-11-21,F,RU6804425
PAT_005935,Danielle Booker,1959-08-29,X,PK9750206
PAT_005936,April Parsons,2000-02-04,F,PK4954855
PAT_005937,Caitlin Marsh,1964-11-25,F,DE1741231
PAT_005938,Daniel Mason,1993-09-04,F,PK8155608
PAT_005939,Andre Burton,1971-03-25,F,DE4827627
PAT_005940,Brett Hernandez,1956-01-31,F,AU9760061
PAT_005941,Cory Cervantes,1980-05-10,M,KE8584006
PAT_005942,Peter Robinson,1953-08-15,M,GB5149316
PAT_005943,Randy Wheeler,1970-07-19,M,NG1116706
PAT_005944,Christopher Williams,1961-08-06,X,SA4000552
PAT_005945,Joshua Herman,1968-10-06,M,SA9343863
PAT_005946,Mr. Brian Dean,1962-08-11,M,BD8393635
PAT_005947,Stephanie Fry,1984-05-30,F,SA9018827
PAT_005948,Raymond Tucker,1993-06-29,M,DE5536527
PAT_005949,Stuart Terry,2000-05-24,F,GB6875436
PAT_005950,Michael Vaughn,1970-01-02,M,RU5052749
PAT_005951,Margaret Walton,1997-02-15,F,SA4893549
PAT_005952,Joel Melton,1970-07-10,M,
PAT_005953,Sophia Hoover,1952-01-21,F,US7588914
PAT_005954,Edward Parker,1983-12-20,M,BD4327837
PAT_005955,William Mueller,1966-02-05,F,DE3858249
PAT_005956,Paula Wilson,1968-01-07,M,AU7443939
PAT_005957,Emily Higgins,1986-06-30,F,US4069072
PAT_005958,Malik Wilson,1977-02-06,F,
PAT_005959,Amy Baldwin,1950-10-21,F,AU1783259
PAT_005960,Alexandra Webb,2004-12-11,F,BD4964358
PAT_005961,Charlotte Johnson,1971-04-01,F,RU9446514
PAT_005962,Anthony Young,1951-09-14,F,PK3743343
PAT_005963,Michelle Smith DVM,1979-05-22,F,KE9756345
PAT_005964,Christina Burton,1999-03-09,M,BD4149748
PAT_005965,Ashley Monroe,1974-05-14,F,NG5709010
PAT_005966,James Maldonado,1956-03-02,F,GB1237904
PAT_005967,Scott Harrell,1957-01-17,F,KE5166150
PAT_005968,Derek Jones,1966-07-30,F,DE5836059
PAT_005969,Michael Webster,1962-02-06,M,BD4390887
PAT_005970,Jerry Martin,1991-06-07,F,NG7003609
PAT_005971,Sean Henson,1976-02-11,M,US3077599
PAT_005972,Brian Kim,1968-06-18,M,US7885983
PAT_005973,Molly Martin,1971-05-25,F,SA3884914
PAT_005974,Natasha Jackson,1998-12-31,F,GB2614445
PAT_005975,Michael Garcia,1957-05-04,M,PK1980519
PAT_005976,Jennifer Wagner,2005-01-15,F,GB8866271
PAT_005977,Jeffrey Leblanc,1960-10-24,F,GB1100045
PAT_005978,Natalie Jenkins,1959-06-21,M,US4000785
PAT_005979,Kyle White,1982-12-12,M,DE7182808
PAT_005980,Colin Sanders,1983-02-25,M,PK6391832
PAT_005981,Christopher Ramos,1992-01-26,M,RU7928237
PAT_005982,Carolyn Williams,1982-02-26,M,US7197633
PAT_005983,Angela Jennings,1998-12-02,M,GB9129704
PAT_005984,Gina Davidson,1967-01-08,M,SA9685139
PAT_005985,Tony Smith,1953-04-06,F,US3615349
PAT_005986,Angela Boyd,1954-01-01,M,NG8417083
PAT_005987,Amy Cooper,1999-04-20,F,RU5010703
PAT_005988,Robert Smith,1964-01-16,F,
PAT_005989,Francisco Kelley,1962-11-23,M,GB5225597
PAT_005990,John Brown,2004-10-11,F,US5934991
PAT_005991,Kathy Graham,1955-02-28,M,PK4882398
PAT_005992,Amber Smith,1985-04-04,F,US8751886
PAT_005993,Crystal Johnson,1973-08-30,F,RU2654828
PAT_005994,Dominic Phillips,1969-07-25,F,GB3628697
PAT_005995,Timothy Hall,1961-07-29,M,PK8627838
PAT_005996,Steven Miller,1989-07-24,M,DE9807607
PAT_005997,Jessica Gibson,1975-08-19,M,DE2277172
PAT_005998,Jessica Spears,1960-06-17,M,GB7933550
PAT_005999,Cody Johnson,1995-08-19,F,US5995317
PAT_006000,Kimberly Young,1997-01-05,M,AU9804971
PAT_006001,Brian Walton,1955-03-25,F,US9646782
PAT_006002,Corey Johnson,1958-02-02,F,
PAT_006003,Sarah Ferguson,1995-01-26,F,PK7432845
PAT_006004,Luke Williams,1994-08-25,F,DE7520147
PAT_006005,Eric Morales,1992-10-24,F,US6559235
PAT_006006,Michael Little,1981-09-20,F,GB4353350
PAT_006007,Savannah Wells,1968-07-01,M,SA8021498
PAT_006008,Brandon Williams,1983-09-09,F,GB5394089
PAT_006009,Joshua Crosby,1955-12-01,F,SA4068992
PAT_006010,Lacey Gaines,1984-04-17,F,GB3240370
PAT_006011,Tiffany Mccoy,1974-06-30,F,US9213058
PAT_006012,Steven Floyd,1956-05-11,M,SA7562536
PAT_006013,Anthony Rodgers,2000-05-01,M,GB2458693
PAT_006014,Elizabeth Evans,1951-06-26,M,US3708888
PAT_006015,Teresa Daniels,1969-01-24,M,BD5941081
PAT_006016,Barbara Brown,1967-09-22,F,SA3964484
PAT_006017,Zachary Rush,1976-01-22,F,GB1298790
PAT_006018,Terry Hale,1981-07-07,M,AU7062172
PAT_006019,Mr. John Butler Jr.,1998-10-12,M,NG9589252
PAT_006020,Beverly Cunningham,1960-08-17,M,US5480530
PAT_006021,Anne Williams,1977-05-03,M,US8948629
PAT_006022,Brandon Henderson,1950-08-25,M,DE6388787
PAT_006023,Timothy Webb,1973-10-02,M,BD2369348
PAT_006024,Olivia Williams,1973-12-15,F,AU5820998
PAT_006025,Mary Peters,1960-11-18,F,DE9283486
PAT_006026,William Bernard,1975-09-25,M,GB7519646
PAT_006027,Jonathan Martin,1962-01-31,F,PK6547037
PAT_006028,Chad Atkins,1968-04-02,M,RU9300092
PAT_006029,Amy Lowery,1977-08-24,M,GB3820109
PAT_006030,Maria White,1974-10-17,M,RU8413355
PAT_006031,Justin Wells,1980-07-20,M,GB8274492
PAT_006032,Michael Porter,1966-05-08,F,DE3957007
PAT_006033,Tina Harvey,1955-06-12,M,AU1282254
PAT_006034,Cheryl Fuller,1974-04-22,M,DE7664866
PAT_006035,John Cohen,1973-05-03,F,
PAT_006036,Michael Scott,1955-01-21,M,DE1589085
PAT_006037,Lisa Johnston,1965-11-09,F,GB5135431
PAT_006038,Jeff Reeves,1977-08-08,F,SA1768346
PAT_006039,Elizabeth Cruz,2005-09-12,M,KE2712989
PAT_006040,Deborah Byrd,1986-09-20,F,US7458939
PAT_006041,Justin Flores,1974-01-14,F,AU5775788
PAT_006042,Rebecca Reed,1979-06-29,F,RU3594699
PAT_006043,Lindsey Tran,1961-08-25,F,SA1081252
PAT_006044,Mary Sullivan,2001-01-13,M,GB8069068
PAT_006045,Brittney Wright,1975-10-13,F,AU4445043
PAT_006046,Sharon Rivas,1968-05-20,M,US2132154
PAT_006047,Stephanie Crosby,1981-07-27,M,US3345635
PAT_006048,Amy Garcia,2000-12-28,F,AU3984601
PAT_006049,David Chan,1974-10-21,F,GB9109185
PAT_006050,Michael Anderson,1978-07-05,F,GB1862743
PAT_006051,Michael Scott,1956-02-10,M,NG5830386
PAT_006052,Gwendolyn Compton,2002-04-06,M,AU5162001
PAT_006053,James Marsh,1958-07-17,F,DE5015331
PAT_006054,Jennifer Eaton,1962-12-24,F,GB7450006
PAT_006055,Joe Campbell,1989-03-17,F,AU9700232
PAT_006056,Jack Moran,1987-03-20,M,US8489567
PAT_006057,Stacey Harding,1984-10-04,F,AU6815317
PAT_006058,Seth Villa,1971-06-12,M,PK6336862
PAT_006059,Brian Morgan,1964-07-16,F,RU6058464
PAT_006060,Deborah Frey,1952-03-09,F,SA6991817
PAT_006061,Martin Jackson,1993-08-29,M,US6135777
PAT_006062,Lynn Schmidt,1968-03-18,M,US1898803
PAT_006063,Scott Tate,1956-10-06,F,BD4366609
PAT_006064,Jonathan Nolan,1955-12-16,F,NG1624815
PAT_006065,Marcus Martinez,1999-11-10,M,GB2905031
PAT_006066,Denise Henry,1958-04-05,F,DE5687091
PAT_006067,Stephanie Guerrero,1982-04-09,F,AU2170177
PAT_006068,Kevin Johns,1993-12-06,M,BD3079652
PAT_006069,Carrie Alexander MD,1973-09-06,M,BD1718545
PAT_006070,Terry Montgomery,2005-09-08,F,GB5337765
PAT_006071,Jade Brewer,1950-04-04,F,DE6630857
PAT_006072,Heather Dickerson,1992-06-03,M,GB9306752
PAT_006073,Eugene Wilson,1977-04-05,M,NG1893503
PAT_006074,Tony Jones,1977-09-10,M,GB1604866
PAT_006075,Shannon Castillo,1978-03-30,M,GB9746695
PAT_006076,Sylvia Hurst,1962-06-04,M,US1424899
PAT_006077,Tyler Hess,2000-12-27,M,PK6608840
PAT_006078,Debbie Singh,1951-07-31,M,BD1734985
PAT_006079,Mrs. Kathy Taylor MD,1988-03-15,M,SA3886575
PAT_006080,Travis Newton,1993-02-23,F,US9743478
PAT_006081,Melanie Good,1975-01-18,M,GB5142583
PAT_006082,Elizabeth Garner,1992-07-01,F,NG3795788
PAT_006083,Madison Mccall DDS,1962-08-05,M,BD7976996
PAT_006084,Jason Paul,1954-03-09,F,US1555087
PAT_006085,Nicholas Gray,1988-08-18,M,GB7088232
PAT_006086,Lori Allen,1977-10-07,M,BD1297168
PAT_006087,Eric Garcia,1988-04-02,M,AU1697500
PAT_006088,Rebecca Flynn,2004-04-12,F,RU5413372
PAT_006089,Katherine Sosa,1990-07-17,M,PK9024249
PAT_006090,Janice Smith,1971-09-24,F,PK7351779
PAT_006091,Raymond Kim,1963-06-19,M,BD9391144
PAT_006092,Adam Rodriguez,2004-04-21,F,DE4043271
PAT_006093,Aaron Acosta,1961-07-11,X,US1641810
PAT_006094,Jason Smith,1961-03-27,F,AU5721167
PAT_006095,Anthony Lozano,1954-08-16,F,US4680461
PAT_006096,Mr. Robert Weaver,1984-04-10,F,GB1113280
PAT_006097,Tonya Dixon,1962-09-30,F,NG4842988
PAT_006098,Casey Schaefer,1997-11-06,F,NG2995784
PAT_006099,James Miller,1978-08-24,M,AU6520206
PAT_006100,Lisa Phillips,1993-06-05,F,US1033786
PAT_006101,Samuel Montgomery,1999-01-13,M,US6968928
PAT_006102,Lisa Olsen,1981-01-18,M,US1534183
PAT_006103,Jodi Golden,1996-12-12,M,PK5402708
PAT_006104,Timothy Holland,1995-04-16,M,BD5626806
PAT_006105,Donald Nelson,1983-10-15,F,
PAT_006106,Adam Alvarez,2000-10-26,F,US4155862
PAT_006107,Carolyn Thornton,1985-03-27,F,US5864027
PAT_006108,Jenny Higgins,2000-05-20,F,KE7923792
PAT_006109,Jacob Stone,1979-06-03,F,GB7938860
PAT_006110,Erica George,2001-04-18,M,AU7503964
PAT_006111,Denise Hester,2001-05-03,F,GB1950700
PAT_006112,Melissa Lewis,1987-02-22,F,US5382533
PAT_006113,Katherine Hubbard,1982-11-14,F,BD8395081
PAT_006114,Leslie Johnson,1984-03-06,M,GB5154133
PAT_006115,John Harrison,2005-08-07,M,PK7386591
PAT_006116,Margaret Allison,2002-06-03,F,BD8224867
PAT_006117,Jeremy Smith,1964-05-07,M,BD4270078
PAT_006118,Mario Williams,1979-05-06,M,RU6142135
PAT_006119,Lisa Blair,1993-02-17,M,NG1445584
PAT_006120,Emily Ingram,1958-06-16,M,GB9996371
PAT_006121,Crystal Brown,1990-04-09,X,DE5846250
PAT_006122,William Hamilton,1986-06-25,F,US3894227
PAT_006123,Casey Kelly,1955-12-17,F,NG8273369
PAT_006124,Jennifer Chen,2000-09-29,F,PK2665207
PAT_006125,Mitchell Bond,1961-09-08,F,AU3263549
PAT_006126,Howard Rhodes,1982-11-14,M,KE9561786
PAT_006127,Jenna Knox,1982-06-18,F,GB8961545
PAT_006128,Bradley Jackson,1970-11-20,M,NG7127641
PAT_006129,Jonathan Anderson,2005-01-23,F,NG6361446
PAT_006130,Chad Collins,1962-09-15,M,RU8390582
PAT_006131,Suzanne Fox,1979-12-28,M,KE1970872
PAT_006132,Bianca Ramirez,1964-09-22,M,US3437855
PAT_006133,Amy Bailey,1994-06-19,M,US6134152
PAT_006134,Madeline Morris,1993-08-25,M,US7462371
PAT_006135,George Owen,1968-07-21,F,BD5637068
PAT_006136,Julie Chavez,1959-11-09,M,AU6084557
PAT_006137,Leslie Johnson,1953-11-02,F,US4313822
PAT_006138,Steven Morse,1986-10-23,F,GB6044712
PAT_006139,Patricia Morris,1972-10-29,M,RU6412662
PAT_006140,Katelyn Heath,1992-04-20,F,GB4606061
PAT_006141,Nicole Acosta,1990-03-12,F,NG7219998
PAT_006142,Nicole Rivera,1996-11-09,M,NG8190843
PAT_006143,Tony Hurley,1964-12-03,F,GB3352647
PAT_006144,Sandra Barnes,1985-01-14,M,KE4337882
PAT_006145,Sarah Williams,1998-07-27,F,US4628607
PAT_006146,Renee Mejia,1990-05-24,F,GB2859141
PAT_006147,Sarah Chapman,1988-02-23,F,DE9158789
PAT_006148,Casey Hill,2003-09-30,F,GB7397599
PAT_006149,Sarah Patterson,1986-03-26,M,PK4762160
PAT_006150,Christine Weber,1958-08-23,M,
PAT_006151,Michael Richards DVM,1998-10-07,M,DE2356762
PAT_006152,Brenda Wilkins,1961-04-14,F,GB5659233
PAT_006153,Gina Johnson,2002-09-08,M,PK4521794
PAT_006154,Justin Malone,1954-11-09,F,PK3218545
PAT_006155,Miguel Pugh,1979-12-19,F,US7398924
PAT_006156,Jason Singh,1987-06-06,F,US7068421
PAT_006157,Francisco Hood,1986-02-18,M,NG9246879
PAT_006158,Andrea Kaiser,2003-11-15,M,US4164541
PAT_006159,Lisa Olson,1965-09-16,F,RU7930937
PAT_006160,Felicia Gilbert,1994-03-29,M,RU6033977
PAT_006161,Erik Sharp,1963-09-10,F,DE8218355
PAT_006162,Alison Brown,1956-09-13,F,NG2752537
PAT_006163,Alex Gibbs,1994-07-01,F,DE8485858
PAT_006164,Stephen Jones,2001-02-02,M,GB9195525
PAT_006165,Kathleen Crawford,1951-10-29,M,US1350083
PAT_006166,Joseph Curtis,2000-08-04,M,US9732530
PAT_006167,Yesenia Orozco,1963-05-03,M,RU4814910
PAT_006168,Daniel Romero,1981-12-18,F,GB1030281
PAT_006169,Michael Austin,1981-09-19,F,US1669982
PAT_006170,Dr. Robert Williams,1962-02-20,F,US7625424
PAT_006171,William Rojas,1957-06-01,F,BD8649008
PAT_006172,Amy Ochoa,1996-06-02,M,GB5694896
PAT_006173,Brandon Santos,1999-02-01,M,KE6501945
PAT_006174,Matthew Hancock,1986-05-07,M,US9942677
PAT_006175,Christopher Smith,1952-08-31,F,PK5628743
PAT_006176,Christina Walker,1991-12-14,F,US8172565
PAT_006177,Kimberly Simon,1957-05-06,M,KE2308090
PAT_006178,Andrea Carpenter,1982-08-08,M,GB3026862
PAT_006179,Karla Bray,1955-06-15,M,PK7512587
PAT_006180,Kathleen Ellis,1989-06-03,M,BD8552750
PAT_006181,David Perry,1992-01-18,F,GB9290120
PAT_006182,Joy Collins,1999-01-17,F,GB5342815
PAT_006183,Gary Blackwell,1978-06-17,M,PK9285964
PAT_006184,Steven Gordon,1954-04-04,F,GB2106650
PAT_006185,Renee Dominguez,1977-02-28,M,SA6262568
PAT_006186,Raymond Bowen,1972-07-17,M,BD4598158
PAT_006187,Anthony Reyes,1977-12-27,F,GB1944388
PAT_006188,Ethan Harris,1971-11-03,F,GB7636473
PAT_006189,Kimberly Dennis,1986-11-02,F,AU9323947
PAT_006190,Michael Lopez,1975-08-21,F,US6311148
PAT_006191,Angela Diaz,1965-10-29,F,NG6056490
PAT_006192,Andrea Dickson,1977-12-27,M,DE6755693
PAT_006193,Gabrielle Floyd,1991-11-19,M,NG8928374
PAT_006194,Charles Wright,1958-06-17,M,BD2302323
PAT_006195,Robert Henderson,1980-12-06,F,BD1082424
PAT_006196,Douglas Rodriguez,2004-09-02,M,SA1644528
PAT_006197,Barbara Summers,1974-12-23,F,DE3263857
PAT_006198,Jonathon Kim,1980-12-24,F,GB9255466
PAT_006199,Timothy Irwin,2004-05-13,F,RU7942472
PAT_006200,Kristina Sanchez,1963-02-04,F,GB9557734
PAT_006201,Mary Chavez DVM,1979-12-05,F,AU9186982
PAT_006202,Jody Brown,1997-02-01,M,GB3534826
PAT_006203,Amy Knight,1954-09-28,M,
PAT_006204,Tamara Cooper,1988-10-13,F,US1374845
PAT_006205,Brooke Yang,1996-01-16,M,NG7231983
PAT_006206,Heather Harvey,2002-07-16,F,DE5111145
PAT_006207,Randy Martin,1982-01-25,F,US2199461
PAT_006208,Kimberly Schmidt,1987-01-16,M,GB6462877
PAT_006209,Lindsey Miller,1979-01-09,F,NG2570270
PAT_006210,Samantha Lawrence,1996-01-24,F,GB9261438
PAT_006211,Sandra Howard,1950-07-29,F,SA4780357
PAT_006212,Michael Cook,1970-01-09,M,DE2959652
PAT_006213,Nicole Graves,1968-02-13,F,US1569156
PAT_006214,Russell Long,1981-01-16,F,US6029553
PAT_006215,Dr. Jessica Saunders MD,2001-09-12,F,
PAT_006216,Abigail Scott,1983-10-02,M,GB7289303
PAT_006217,Carolyn Salas,1973-06-30,M,SA1130655
PAT_006218,Sherry Mclaughlin,1968-04-06,M,SA6428736
PAT_006219,Joshua Rivera,1985-08-16,M,KE2580771
PAT_006220,Adam Jones MD,2001-05-19,M,AU5716110
PAT_006221,Linda Reed,1977-05-11,F,NG6836702
PAT_006222,Steven Turner,1961-04-26,M,SA9825324
PAT_006223,Andrew Mahoney,1990-04-05,M,NG5385986
PAT_006224,Crystal Henry,1982-05-30,F,SA7883524
PAT_006225,Tiffany Mckee,1951-03-30,M,US1129426
PAT_006226,Susan Wolfe,2004-11-29,M,RU4134630
PAT_006227,Michael Wade,1993-09-07,F,DE2925128
PAT_006228,Steven Johnson,1981-05-30,F,SA5933777
PAT_006229,Daisy Haynes,1983-04-10,F,
PAT_006230,Michael Rodriguez,2003-08-08,M,AU9826801
PAT_006231,Matthew Smith,1998-01-17,X,US6029900
PAT_006232,Mr. Robert Reese,1972-11-29,M,BD7213483
PAT_006233,Derrick Olson,1955-08-05,F,DE2787029
PAT_006234,Katherine Roberts,1977-12-05,M,BD6669952
PAT_006235,Jonathan Dorsey,1970-10-01,F,BD9505451
PAT_006236,Sheila Wolf,1996-02-09,M,RU5665552
PAT_006237,Katherine Nolan,1982-03-06,M,GB5119892
PAT_006238,Brandon Kelly,1970-02-06,M,KE1726205
PAT_006239,Terry Myers,1986-07-03,F,AU1614749
PAT_006240,Andrea Howard,1966-10-16,F,PK3008563
PAT_006241,Michael Diaz,1961-04-29,M,KE5960051
PAT_006242,Jason Heath,1982-09-16,F,AU3344990
PAT_006243,William Snow,1966-03-08,M,RU2602411
PAT_006244,Ms. Jennifer Francis,1988-06-21,F,US8474476
PAT_006245,Jason Smith,2000-08-17,F,
PAT_006246,Jacqueline Wilson,1996-01-21,M,AU1152838
PAT_006247,Scott Jones,1959-04-25,M,US4713284
PAT_006248,Geoffrey Joyce,1962-07-23,M,US6842110
PAT_006249,Dean Watson,1973-08-23,F,PK9777352
PAT_006250,Charles Foster,1969-07-26,X,AU2605252
PAT_006251,Kevin Miller,1998-12-07,F,DE4222082
PAT_006252,Michael Berger,1999-03-29,M,
PAT_006253,Patrick Collins,2005-06-24,M,US5561078
PAT_006254,Melissa Hughes,2003-02-24,F,DE4236570
PAT_006255,Mr. John Molina,1959-01-18,M,DE8705295
PAT_006256,Lisa Ortiz,1968-01-01,M,US3232853
PAT_006257,Kenneth Spears,1981-02-20,F,SA4304367
PAT_006258,Christopher Sims,1989-10-04,M,RU7360118
PAT_006259,Daniel Duncan,1979-06-20,F,US2878793
PAT_006260,Catherine Gill,1965-04-12,M,DE3254225
PAT_006261,Monique Henderson,1979-12-15,M,RU9517817
PAT_006262,Aaron Martinez,1973-10-07,M,KE1268800
PAT_006263,Mr. Thomas Miranda,1965-08-23,M,KE6018357
PAT_006264,James Dudley,1974-11-23,F,GB6209363
PAT_006265,Ann Petersen,1962-06-09,X,BD2538058
PAT_006266,Dana Ferrell,1997-09-18,F,GB8238792
PAT_006267,Sara Cox,1999-12-15,F,US9580456
PAT_006268,Robert Smith,1989-03-14,M,US1989114
PAT_006269,Carrie Smith,1987-11-23,M,GB1272217
PAT_006270,Jason Harris,1994-02-26,F,GB3160014
PAT_006271,Katherine Brooks,1981-08-10,F,US9354288
PAT_006272,Donna Miranda,1963-06-25,F,BD4705083
PAT_006273,Rebecca Smith,2003-04-06,F,PK8112870
PAT_006274,Adam Mccann,1976-12-23,F,US4218835
PAT_006275,Scott Moore,1994-05-01,F,PK1332359
PAT_006276,Daniel Anderson,1985-12-22,M,
PAT_006277,Carrie Wallace,1976-05-10,M,GB8442239
PAT_006278,Victoria Clark,1982-08-15,M,US7501580
PAT_006279,Bethany Hardy,1985-11-25,M,AU1617012
PAT_006280,Sara Miller,1996-04-29,M,NG7196981
PAT_006281,Melissa Hernandez,1983-12-26,F,RU3679441
PAT_006282,Sandy Fernandez,1978-10-12,F,RU9739502
PAT_006283,Jessica Holloway,1976-02-14,M,
PAT_006284,Lauren Wagner,1989-04-26,M,SA4690578
PAT_006285,Dr. Mary Hart,1968-12-09,M,US9863699
PAT_006286,Matthew Ortega,1992-09-04,F,US4295836
PAT_006287,Brian Rios,1964-12-03,M,PK7803281
PAT_006288,Philip Owens,1951-10-23,M,PK8860176
PAT_006289,Amanda Crosby,1994-10-08,F,US1179010
PAT_006290,Jessica Long,1990-06-04,F,GB5110080
PAT_006291,Nathan Jensen,1973-06-08,F,GB7252604
PAT_006292,Jonathon Santos,1953-03-22,M,GB9386944
PAT_006293,Trevor Nguyen,1954-02-10,F,NG3093986
PAT_006294,Gabrielle Lee,1995-03-23,F,AU7622749
PAT_006295,Katherine Williams,2005-08-19,M,GB4576584
PAT_006296,Matthew Ramirez,1984-09-19,F,BD2562175
PAT_006297,Sandra Henry MD,2001-02-06,F,GB6590389
PAT_006298,Christina Newton,1957-03-15,F,GB6594206
PAT_006299,Brittney King,1966-06-01,M,DE4852597
PAT_006300,Ryan West,1951-03-19,F,US9651899
PAT_006301,Jennifer Rivas,1983-04-12,F,GB1018056
PAT_006302,Gloria Li,1954-12-06,F,SA6489790
PAT_006303,Monique Brown,1968-12-29,F,PK3159335
PAT_006304,Jesse Brown,1954-01-24,F,BD7864952
PAT_006305,Beth Hodge,1998-01-11,F,GB3288256
PAT_006306,Christian Sweeney,1967-04-15,X,RU7547614
PAT_006307,Rebecca Munoz,1970-07-13,F,NG3417405
PAT_006308,Caitlin Cummings,1950-06-23,M,GB9766089
PAT_006309,Cynthia Shaw,1996-10-31,M,NG1313998
PAT_006310,Aaron Marquez,1997-02-02,F,NG7954774
PAT_006311,Donald Owens,2002-01-11,F,NG3779464
PAT_006312,Derrick Davis MD,1982-05-26,M,GB2533550
PAT_006313,Scott Alexander,1954-03-14,F,DE9502564
PAT_006314,Brenda Barrera,1997-11-04,F,PK6263356
PAT_006315,Cesar Arroyo,1981-02-22,F,RU9308148
PAT_006316,Ashley Bradley,1973-05-19,F,US3893666
PAT_006317,Derrick Hickman,1994-11-29,X,AU6428364
PAT_006318,Allison Mathews,1994-12-20,F,GB3163312
PAT_006319,Eric Foley,1975-07-15,M,RU7588920
PAT_006320,Elizabeth Lambert,1988-02-16,F,GB6250511
PAT_006321,Dawn Garrison,1990-10-29,F,RU4435227
PAT_006322,Roy Hatfield,1996-10-18,F,
PAT_006323,Angela Keith,1951-08-03,F,NG6991157
PAT_006324,Kimberly Kim,1996-12-05,F,GB8012044
PAT_006325,Alice Doyle,1956-10-11,M,AU1207550
PAT_006326,Amanda Jacobson,1973-01-12,F,AU2255527
PAT_006327,Melissa Wheeler,1981-11-07,M,BD8514706
PAT_006328,Natasha Robertson,1985-03-03,M,US3006448
PAT_006329,Daniel Terry,1988-09-21,F,BD6227586
PAT_006330,Rachel Diaz,1973-03-27,M,NG8337862
PAT_006331,Leslie Lopez,1982-07-24,M,NG6420060
PAT_006332,Tammy Riley,1953-11-30,F,AU5493794
PAT_006333,Christian Stevens,1963-01-21,F,BD4226705
PAT_006334,Brian Hampton,1977-12-08,F,PK9555704
PAT_006335,Jennifer Thornton,1956-08-28,F,AU1225393
PAT_006336,Andrew Boyle Jr.,1994-08-19,F,GB5743645
PAT_006337,Alyssa Hodge,1962-04-04,X,KE2732308
PAT_006338,Mark Lewis,1971-12-04,X,SA1276871
PAT_006339,Ariel Jones,1953-12-03,M,NG3202401
PAT_006340,Thomas Williamson,1977-08-24,M,PK2530279
PAT_006341,John Good,1973-03-27,M,US2006944
PAT_006342,Tony Gonzalez,1983-10-23,F,SA3725361
PAT_006343,Edward Wright,1979-04-16,M,US5525551
PAT_006344,Steven Ward,2004-10-07,F,DE6291868
PAT_006345,Mr. Brian Fuller,1982-10-10,M,SA3334046
PAT_006346,Jared Vincent,1986-03-29,M,US9609057
PAT_006347,Dustin Atkins Jr.,1994-11-29,M,AU2753513
PAT_006348,John Stewart,1964-08-18,M,AU2521726
PAT_006349,Jerry Burke,1961-12-04,M,AU9414814
PAT_006350,David Harper,1960-08-26,F,SA4992360
PAT_006351,Natalie Peterson,1965-06-18,F,DE1847958
PAT_006352,Stephanie Valdez DDS,1978-05-13,M,DE9016751
PAT_006353,Michelle Williams,1992-01-16,M,US7833805
PAT_006354,Walter Patterson,1995-01-12,F,US3503601
PAT_006355,Samuel Rivera,1968-11-12,F,US6241230
PAT_006356,Mrs. Leslie Thompson,1987-09-04,F,
PAT_006357,Jennifer Stewart,1976-01-29,F,NG6390524
PAT_006358,Dr. Stephanie Parks,1996-04-21,M,AU6761530
PAT_006359,Kelli Torres,1975-09-11,M,BD3512620
PAT_006360,Penny Hughes,1978-04-24,F,US5949911
PAT_006361,Lisa Owens,1973-01-04,M,BD6028895
PAT_006362,Amanda Jones,1976-12-29,F,NG4949811
PAT_006363,Amy Small,2001-01-25,M,GB4742454
PAT_006364,Daniel Hunter,1977-11-26,F,US1697133
PAT_006365,James Hardin,1964-09-26,M,US5527714
PAT_006366,Lynn Chandler,1983-12-29,F,NG5462686
PAT_006367,Ryan Mullins,1985-11-04,X,GB6050094
PAT_006368,Kenneth Montes,1951-02-10,F,SA3881496
PAT_006369,Desiree Clark,1996-07-27,F,SA6010571
PAT_006370,Emily Johnston,1991-03-28,M,SA9680403
PAT_006371,Mr. Charles Harris Jr.,1970-01-28,F,NG4966795
PAT_006372,Timothy Weaver,1991-06-24,F,PK5699916
PAT_006373,Ricky Thompson,1963-05-17,F,RU1949424
PAT_006374,Ashley Levy,1973-11-07,F,DE6353262
PAT_006375,Amanda Campos,1955-01-08,M,US1564164
PAT_006376,Shannon Smith,1991-12-26,M,US4439645
PAT_006377,Matthew Campbell,1985-02-12,M,GB2419642
PAT_006378,Emily West,1991-10-08,M,AU1091613
PAT_006379,Samantha Johnson,1968-12-08,F,US6436196
PAT_006380,Paige Taylor,1961-01-13,F,DE2140187
PAT_006381,Michelle Shelton,2002-09-23,M,RU8741774
PAT_006382,Mrs. Jessica Chaney,1977-01-28,M,SA1377433
PAT_006383,Christopher Luna,2004-03-23,M,BD5579785
PAT_006384,Erica Cowan,1962-12-28,M,NG4478003
PAT_006385,Dale Rush,1974-08-26,M,GB9906663
PAT_006386,Matthew Elliott,2005-07-03,F,BD2317918
PAT_006387,Julie Robinson,1996-01-19,M,BD8243794
PAT_006388,Dylan Lyons,1968-11-29,F,DE4421182
PAT_006389,Joseph Dixon,1992-12-06,M,US7160926
PAT_006390,Christopher Avila,1971-07-05,F,AU3490950
PAT_006391,Madeline Salas,1964-03-12,F,GB5871572
PAT_006392,Michele White,1991-09-24,M,US2299394
PAT_006393,Dana Jackson,1980-02-26,F,
PAT_006394,Bryan Mahoney,1959-09-20,X,US7734719
PAT_006395,Kristen Wilson,1991-11-10,F,DE5087649
PAT_006396,Sean Jones,1964-04-01,F,AU5121421
PAT_006397,Jason Peterson,1985-05-07,F,AU8546376
PAT_006398,Jennifer Chavez,1985-06-15,M,US2861920
PAT_006399,Chad Bush,2000-04-11,F,AU4800768
PAT_006400,Mary Tran,1988-11-11,F,DE5986423
PAT_006401,Andrew Perez,1990-03-30,M,KE1055602
PAT_006402,Kerry Haas,1952-07-21,F,GB6066705
PAT_006403,Robert Nelson,1983-06-04,M,
PAT_006404,Marcus Odonnell,2002-11-17,M,GB1713587
PAT_006405,Russell Clark,1991-07-29,F,
PAT_006406,Jeffrey Moreno,1950-01-28,M,RU4278432
PAT_006407,Shane Jackson,1985-06-20,F,GB9315299
PAT_006408,Kaitlyn Mcfarland,1952-06-06,M,DE5088290
PAT_006409,Glenn Gilmore,1996-12-23,M,RU5414949
PAT_006410,Thomas Campbell,2002-10-07,M,PK5625636
PAT_006411,Karen Green,1970-06-08,F,PK5425191
PAT_006412,Michael Parker,1966-01-03,M,DE8974706
PAT_006413,Herbert Thompson,1975-11-27,M,GB9477227
PAT_006414,Eric Roman,1980-03-02,F,US6770688
PAT_006415,Tiffany Holmes,1988-05-20,F,US5214786
PAT_006416,Scott Taylor,1992-08-13,F,GB2325170
PAT_006417,Ryan Munoz,1968-03-04,M,US3340178
PAT_006418,Michelle Velasquez,2005-06-30,M,GB1209549
PAT_006419,Brian Schaefer,1988-03-01,M,DE2034807
PAT_006420,Emily Reynolds,1975-04-06,F,KE5070910
PAT_006421,Rachel Stephens,1971-06-02,X,US3595631
PAT_006422,Francisco Patterson,1953-04-21,F,US5643751
PAT_006423,Kathleen Johnson,1994-12-05,F,RU8653904
PAT_006424,Matthew Potter,1970-02-11,F,GB1179379
PAT_006425,Kim Waller,2002-08-14,F,PK7259325
PAT_006426,Kathy Clark,1999-09-11,F,GB1401665
PAT_006427,Kevin Green,1991-07-09,M,US1695287
PAT_006428,Antonio Malone,1980-07-28,F,NG7149431
PAT_006429,Troy Williams,1995-03-16,M,GB8205750
PAT_006430,Elizabeth Reese,1957-01-29,F,US6380538
PAT_006431,Dale Allen,1999-02-11,X,GB1215147
PAT_006432,Joshua Hernandez,1979-02-09,F,BD5269002
PAT_006433,Wesley Ward,1989-04-25,M,KE5015385
PAT_006434,Frank Brown,1961-03-09,M,BD9140793
PAT_006435,Scott Russo,1981-03-12,M,SA5944894
PAT_006436,Sarah Mays,1971-11-26,F,US2439462
PAT_006437,Jennifer Nichols,1965-10-29,M,GB2091902
PAT_006438,Mark Brock,1992-10-11,F,US3551657
PAT_006439,Whitney Stevenson,1953-01-18,F,US3348525
PAT_006440,Julie Gray,1977-05-22,F,GB4094131
PAT_006441,Nicole Price,1983-05-19,M,PK2798809
PAT_006442,Timothy Dixon,1989-12-31,F,PK6839823
PAT_006443,Lauren Ford,1952-03-05,F,
PAT_006444,Karen Cummings,1993-06-28,M,AU3956490
PAT_006445,Steven Lewis,1977-03-15,M,
PAT_006446,Daniel Hawkins,1967-11-17,F,RU8267826
PAT_006447,Diana Castro,1992-03-20,F,GB1232578
PAT_006448,Seth Lopez,1996-02-08,M,DE8641537
PAT_006449,Laura Parrish,1988-11-27,M,BD4188874
PAT_006450,Rebecca Moore,2003-12-10,F,US8800970
PAT_006451,Tiffany Davis,1978-09-29,M,PK8627829
PAT_006452,Tonya Fitzpatrick,1981-03-17,F,DE2012187
PAT_006453,Brenda Molina,1960-10-22,F,US5666702
PAT_006454,Todd Duarte,2001-04-16,M,AU1735348
PAT_006455,Gregory Jennings,2004-05-17,F,GB4774091
PAT_006456,Nicholas Pruitt,1970-08-27,X,KE9184104
PAT_006457,Glenn Ramirez,1950-10-13,M,US9765227
PAT_006458,Lisa Flores,1984-07-23,F,SA9846587
PAT_006459,Stacy Hendricks,2003-08-24,F,PK4038180
PAT_006460,Ralph Williams,2004-06-04,F,US5181232
PAT_006461,James Johnson,2003-07-10,F,KE4460899
PAT_006462,Brooke Hernandez,1963-09-29,M,GB4290373
PAT_006463,Gabriel Turner,1971-06-12,M,US1848959
PAT_006464,Elizabeth Griffin,1964-01-06,M,SA3297171
PAT_006465,Kimberly James,1973-01-03,M,KE5701331
PAT_006466,Jeffery Mcguire,1980-07-29,F,NG2304709
PAT_006467,Jessica Taylor,1992-10-14,F,US3795876
PAT_006468,Richard Leon,1975-09-30,F,US5471765
PAT_006469,Jason Jefferson,1955-01-19,F,RU7440552
PAT_006470,Joshua Cruz,1968-10-13,F,GB3031772
PAT_006471,Christine Gonzales,1959-01-09,M,GB6084023
PAT_006472,Michael Holloway,2002-01-21,F,DE4961875
PAT_006473,Carrie Smith,1950-04-13,F,DE8656125
PAT_006474,Isaiah Gonzales,1999-06-19,M,US7364468
PAT_006475,Raven Bowman,1992-08-01,F,DE6978164
PAT_006476,Timothy Beck,1986-11-16,F,
PAT_006477,Blake Harris,1964-08-06,F,US3289509
PAT_006478,Julian Hughes,1965-08-29,X,GB5017679
PAT_006479,Christopher Long,1988-10-28,M,DE7507487
PAT_006480,Kayla Smith,1992-10-30,F,RU7462244
PAT_006481,Meredith Sullivan,1995-10-14,M,GB5299980
PAT_006482,Kaylee Patrick,1982-12-27,F,GB5663323
PAT_006483,Mary Campbell,1951-10-09,F,
PAT_006484,Brandon Roman,1987-05-08,M,BD2740120
PAT_006485,Samuel Zimmerman,1997-08-20,M,PK8575416
PAT_006486,Melanie Perez,2001-03-17,F,DE4437181
PAT_006487,Micheal Norris,2004-10-13,M,KE2499888
PAT_006488,David Bennett,1966-12-08,F,US3883709
PAT_006489,Paul Thomas,1966-02-22,F,RU8766193
PAT_006490,Russell Torres,1965-04-08,M,PK1835676
PAT_006491,Aaron Reid,1967-08-25,F,NG3925231
PAT_006492,Thomas Castaneda,1981-12-01,M,NG6472957
PAT_006493,Christopher Andrews,1950-07-02,M,SA2321379
PAT_006494,Ryan Schultz,1977-12-04,M,NG9220529
PAT_006495,Kelsey Miller,1952-04-05,M,NG9218051
PAT_006496,William Perry,1959-08-02,M,DE7271734
PAT_006497,Matthew Brown,1979-11-04,F,RU3080449
PAT_006498,Stephanie Phillips,1956-07-03,M,SA2844483
PAT_006499,Mandy Ramos,1957-12-27,M,SA2892057
PAT_006500,Gabriela Dixon,2004-11-24,M,
PAT_006501,Ashley Carson,2001-06-05,F,
PAT_006502,Robert Valenzuela,2005-06-15,F,AU7315087
PAT_006503,Vincent Butler,1955-09-15,M,NG9310998
PAT_006504,Kimberly Roberts,1996-08-22,F,GB4577844
PAT_006505,Dr. Connie Carey,1961-05-12,M,US2683799
PAT_006506,Jessica Brown,1951-10-25,M,BD4580737
PAT_006507,Michael Hernandez,1977-03-11,M,RU5539350
PAT_006508,Joseph Lee,1972-11-07,F,KE3273429
PAT_006509,David Houston,1954-11-05,F,SA4769524
PAT_006510,Robert May,1968-06-21,F,BD6854904
PAT_006511,John Jackson,2001-03-05,F,SA6429231
PAT_006512,Allison Sanchez,1979-01-15,M,US8768715
PAT_006513,Wanda Fowler,1999-08-05,M,US3315324
PAT_006514,Sara Hamilton,1977-08-24,F,GB2569168
PAT_006515,Joshua Young,1973-03-07,M,US6858963
PAT_006516,Curtis Martinez,1982-07-24,M,AU2998437
PAT_006517,Dawn Andrews,1998-05-19,F,AU6014587
PAT_006518,David Patrick,1958-02-25,F,KE7715990
PAT_006519,Thomas Cline,1959-04-07,F,GB6109686
PAT_006520,Eileen Chang,1959-09-28,M,
PAT_006521,Aaron Logan,1971-04-07,F,KE2842241
PAT_006522,Megan Dunn,1993-07-28,X,DE8792715
PAT_006523,Matthew Williams,2001-07-03,F,GB6060145
PAT_006524,Yvonne Gomez,1976-09-18,M,GB4276609
PAT_006525,Jeremiah Long,1964-09-03,M,DE4348920
PAT_006526,William Moore,1999-10-07,F,SA8907510
PAT_006527,Carol Hanna,1966-01-29,M,SA1990647
PAT_006528,Olivia Woods,1984-02-21,F,SA6749796
PAT_006529,Micheal Ramirez,1963-05-24,F,RU9132276
PAT_006530,Amy Clay,1956-07-02,M,KE1843167
PAT_006531,Anthony Cardenas,1978-08-31,F,US7553055
PAT_006532,Caroline Williams,1983-01-03,F,US5348041
PAT_006533,Katelyn Burke,1987-09-26,M,GB1410467
PAT_006534,Rachel Allen,2002-07-17,M,GB8303606
PAT_006535,Tyler Phillips,2002-05-20,M,SA2432749
PAT_006536,Tara Dudley,1981-08-06,F,BD1814051
PAT_006537,Crystal Day,1975-12-04,M,GB6702074
PAT_006538,Daniel Silva,2000-07-20,F,PK5193715
PAT_006539,Ryan Hart,1998-06-01,F,US3670184
PAT_006540,Joseph Lee,1974-04-03,F,US8651628
PAT_006541,Ms. Margaret Nicholson,1981-09-13,M,SA3516294
PAT_006542,Jason Sanchez,1965-05-14,F,GB8120598
PAT_006543,Matthew Robertson,1976-07-16,M,AU4666583
PAT_006544,Faith Brown,2004-06-09,X,
PAT_006545,Teresa Dixon,1991-07-02,F,AU6095229
PAT_006546,Brian Richards PhD,1971-02-15,F,DE3685994
PAT_006547,Calvin Lewis,2004-01-11,M,
PAT_006548,Brian Mendez MD,1985-08-20,F,SA1845783
PAT_006549,John Vazquez,1977-03-25,F,US6639821
PAT_006550,Melissa Ruiz,1986-09-14,M,NG3556618
PAT_006551,Mr. Miguel Johnson,1952-12-11,M,PK9595649
PAT_006552,Heather Rice,1960-12-10,M,DE4554890
PAT_006553,Melissa Sexton,1964-11-08,M,US4423638
PAT_006554,Erin Mahoney,2000-09-23,F,DE2055496
PAT_006555,Karen Norman,1969-02-15,M,SA2368578
PAT_006556,Jennifer Dougherty,1994-07-29,F,PK8406885
PAT_006557,Daniel Gray,1976-05-23,M,DE4807790
PAT_006558,Eduardo Keith,1958-02-14,M,US1616560
PAT_006559,Brian Smith,2005-10-16,M,BD8217724
PAT_006560,Aaron Graham,1985-04-02,F,US2385364
PAT_006561,Kathryn Moore,1969-10-18,M,GB9966460
PAT_006562,Brandi Ferguson,1960-08-23,F,PK9588950
PAT_006563,Lori Smith,2005-02-05,F,NG1566761
PAT_006564,David Diaz,1960-11-14,M,NG3994673
PAT_006565,Chad Lawson,1976-12-07,M,BD5770906
PAT_006566,Karen Alexander,1984-04-23,M,US2052578
PAT_006567,Thomas Barnes,1956-01-09,M,PK4467737
PAT_006568,Justin Williams,1976-01-03,F,US6076627
PAT_006569,Annette Gonzalez,2001-08-17,F,RU4847219
PAT_006570,Benjamin Edwards,1995-04-03,M,RU5143847
PAT_006571,Matthew Jones,2001-10-30,M,GB1553341
PAT_006572,John Tanner,1979-04-17,F,GB2121011
PAT_006573,Ronald Arroyo,1987-12-29,M,US7467497
PAT_006574,Louis Smith,1991-02-18,M,AU3852211
PAT_006575,Pamela Howard,1985-02-18,F,GB1927401
PAT_006576,Brandy Wolfe,1969-08-30,M,RU8190729
PAT_006577,Amanda Valdez,1994-04-25,M,GB6257344
PAT_006578,Mrs. Lindsay Hansen,1971-08-17,M,GB8967104
PAT_006579,David Bush,1975-05-06,M,KE7710405
PAT_006580,Bradley Harvey,1992-05-23,F,GB9663379
PAT_006581,Sara Torres,1987-03-24,F,AU7628452
PAT_006582,Denise Burns,1952-01-11,M,NG1551267
PAT_006583,Martha Chase,1969-12-13,F,DE1382786
PAT_006584,Philip Cisneros,1952-04-01,F,SA7158545
PAT_006585,William Ellis,1967-11-21,M,GB2317645
PAT_006586,Eric Carson,1964-03-29,F,PK9816210
PAT_006587,Scott Andrews,1979-07-20,F,GB7688885
PAT_006588,Crystal Cruz,1968-08-11,M,PK1115428
PAT_006589,Amanda Gonzalez,1977-12-13,M,US5344436
PAT_006590,Alisha Harrison,2003-03-29,M,AU3741647
PAT_006591,Jennifer Mckee,1977-05-11,M,
PAT_006592,Anne Williams,1959-03-06,F,PK3131700
PAT_006593,Alicia Patrick,1998-12-15,M,GB8811983
PAT_006594,Kathleen Stephenson,1974-12-28,M,US8243798
PAT_006595,Mark Zamora,2000-06-14,F,GB9037293
PAT_006596,Scott Barr,1983-09-11,F,US8782793
PAT_006597,Stephanie Shaw,1967-09-01,F,BD2629781
PAT_006598,Joyce Gibson,1977-06-27,F,GB6836741
PAT_006599,Nathan Benton,1959-12-19,F,AU3642562
PAT_006600,Ashlee Flores,1958-09-20,M,DE8955357
PAT_006601,David Wright,1956-07-01,M,US9874709
PAT_006602,Barbara Baker,1968-06-11,F,US7629314
PAT_006603,Jessica Peters,1961-08-16,F,AU6189244
PAT_006604,Joann Durham,2001-08-06,F,BD8281071
PAT_006605,Janice Lamb,1971-09-17,F,SA8557953
PAT_006606,Kirsten Jones,1974-05-21,F,SA8913714
PAT_006607,Sarah Matthews,1980-01-30,F,SA2810772
PAT_006608,Samuel Chang,1992-09-27,F,SA3999199
PAT_006609,Sarah Hicks,1971-04-06,F,US2790112
PAT_006610,Carmen Ray,1974-08-16,F,NG7661352
PAT_006611,Amy Suarez,1990-12-07,F,GB3444562
PAT_006612,Joseph Garcia,1978-06-05,M,GB5612232
PAT_006613,Megan Castro,1954-04-06,M,US3277298
PAT_006614,Jacob Marshall,1964-03-08,M,AU3868367
PAT_006615,Michael Ramirez,2005-05-27,M,RU1113466
PAT_006616,Jason Martinez,1986-04-10,F,NG7665969
PAT_006617,Keith Maddox,1966-09-20,F,PK9443814
PAT_006618,Roberto Graham,1986-06-12,F,US7504281
PAT_006619,Dawn Kelley,1951-03-20,M,SA6388681
PAT_006620,Anna Brady,1950-11-13,M,BD5251231
PAT_006621,Anthony Navarro,1983-06-25,M,SA4730919
PAT_006622,Jeremy Jenkins,1971-05-08,F,SA8526402
PAT_006623,Raymond Cooley,1967-05-14,M,RU7214001
PAT_006624,Jay Novak,1987-05-30,F,AU7898265
PAT_006625,Randy Lawson,1982-05-10,F,US1123302
PAT_006626,Jason Yang,1999-07-27,F,AU7403797
PAT_006627,Justin Stanley,1950-03-14,F,KE8298364
PAT_006628,Ricky Moore,1953-04-28,M,US1280792
PAT_006629,Natalie Green,1985-11-17,F,NG9683948
PAT_006630,Karina Carson,1961-06-08,M,US3584318
PAT_006631,Stephanie Brooks,1951-08-17,M,US5330310
PAT_006632,Maria Carlson,1962-11-20,M,US9563170
PAT_006633,Robin Russell,1994-03-22,F,US9362098
PAT_006634,Erica Hill,1950-12-02,M,BD4108356
PAT_006635,Holly Valenzuela,1958-01-22,F,AU5865875
PAT_006636,Justin Good,1975-08-16,F,SA9338903
PAT_006637,Monica Blevins,2002-08-31,F,NG7581205
PAT_006638,Mr. Anthony Haynes,1956-08-16,M,BD2091507
PAT_006639,Kevin Dominguez,1953-09-02,M,DE3173089
PAT_006640,Miguel Brown,2002-12-26,M,PK9028768
PAT_006641,Robert Stevens,1951-06-19,F,
PAT_006642,Chloe Morales,1952-07-09,F,
PAT_006643,Ashley Roberts,1995-06-07,M,US1779165
PAT_006644,Alejandro Brown,1978-09-07,M,DE2561203
PAT_006645,Hayley Finley,1977-01-08,F,KE5051939
PAT_006646,Edward Harris,1972-12-30,F,GB1474986
PAT_006647,Michael Bradford,1950-03-02,F,US7682132
PAT_006648,Charles Frank,1973-11-19,F,BD8013459
PAT_006649,Brian Moore,1973-10-16,X,US1763277
PAT_006650,Willie Moss,1979-12-03,F,US3963189
PAT_006651,Jeffrey Lewis,1995-05-30,F,
PAT_006652,Alexandra Marks,1953-10-23,F,SA1567182
PAT_006653,Cassandra Horton,1979-10-13,M,US6378660
PAT_006654,Nathan Rangel,1964-03-21,M,AU9786539
PAT_006655,Christine Kelley,1966-06-09,M,US4995504
PAT_006656,Terry Russell,1955-03-09,M,AU8330258
PAT_006657,Timothy Jackson,1998-10-18,F,AU1278638
PAT_006658,Amanda Rojas,1987-07-23,F,
PAT_006659,Trevor Foster,1988-10-14,M,
PAT_006660,Mrs. Andrea Dixon,1998-02-17,F,KE7013959
PAT_006661,Denise Olson MD,2002-06-13,M,
PAT_006662,Douglas Roman,1984-03-21,F,NG4525457
PAT_006663,Kayla Zavala MD,1960-10-12,M,US7701429
PAT_006664,Manuel Myers,1980-10-08,M,PK2568207
PAT_006665,Erica Pope,1965-08-06,M,PK6896222
PAT_006666,Matthew Lopez,1995-09-05,M,DE6000081
PAT_006667,Cynthia Johnson,1994-04-27,M,BD1748551
PAT_006668,Wanda Perez,2005-08-14,F,US2238584
PAT_006669,Brittney Townsend,2001-03-27,M,BD2069071
PAT_006670,Robert Reynolds,1995-10-26,F,US1260668
PAT_006671,Jared Morris,2002-12-14,F,DE2747163
PAT_006672,Erika Fitzgerald,1950-02-20,M,US2694979
PAT_006673,Christopher Bonilla,1986-11-26,M,BD8926254
PAT_006674,Scott Levine,1962-09-15,M,US6892287
PAT_006675,George Haynes,1950-07-23,F,AU9134660
PAT_006676,Kathryn Hamilton,1971-03-15,M,AU1890657
PAT_006677,Joshua Smith,1999-08-18,M,GB4857570
PAT_006678,Andrea Daugherty,1950-05-28,F,NG4297018
PAT_006679,Tiffany Chavez,1977-05-08,F,US2064622
PAT_006680,Danny Parsons,1996-03-17,M,DE3538033
PAT_006681,Justin Mcconnell,1962-09-29,F,US4980213
PAT_006682,Janice Kelly,1998-05-26,M,GB4254492
PAT_006683,Brandi Rodriguez,1972-05-28,M,NG1696751
PAT_006684,Jeremiah Haney,1958-07-30,F,US9504114
PAT_006685,Jacob Jimenez,1976-11-17,F,US3438496
PAT_006686,Tyler Dean,1995-04-10,M,RU3746184
PAT_006687,Justin Schmidt,1992-09-27,F,GB5057547
PAT_006688,Debra Davis,1973-04-04,M,US3341369
PAT_006689,Hailey Nunez,1957-12-11,M,GB5317179
PAT_006690,Sarah Hale,1971-01-14,F,DE5392050
PAT_006691,Mary Cantu,1950-08-27,F,PK1025247
PAT_006692,James Hernandez,1993-11-20,M,GB3831933
PAT_006693,Erik Johnson,1961-01-28,M,BD5535413
PAT_006694,Cody Wade,1955-05-13,F,SA5887965
PAT_006695,Brandon Mcbride,1983-05-20,F,BD9200583
PAT_006696,Shelia Griffin,1998-01-08,M,KE6449203
PAT_006697,Angela Richards,1977-01-05,F,KE5857302
PAT_006698,Joseph Matthews,1974-03-31,F,PK7119973
PAT_006699,Russell Thompson,1976-03-07,F,GB6947580
PAT_006700,Debra Oneill,1972-04-01,F,DE8048100
PAT_006701,Felicia Lucas,1979-10-26,F,SA3825077
PAT_006702,Lori Vasquez,1976-10-14,M,NG2740541
PAT_006703,Ashley Hurley,1991-06-23,M,AU5694349
PAT_006704,Brandon Ramirez,1995-03-24,M,KE1035956
PAT_006705,Francisco Mays,1998-01-17,M,BD9591627
PAT_006706,Jessica Rogers,1957-06-28,F,US8974100
PAT_006707,Charles Bradford,1961-11-11,M,NG9960047
PAT_006708,Stephanie Ayala,1991-08-23,F,GB7291660
PAT_006709,Michael Davis,1956-08-16,F,NG7541592
PAT_006710,Ashley Rice MD,1992-12-21,M,US7548181
PAT_006711,Jessica Gilbert,2001-03-23,M,US1534900
PAT_006712,Amanda Larsen,1965-02-28,F,PK7567908
PAT_006713,Tracy King,2001-04-07,F,BD5274801
PAT_006714,Richard Turner,1971-05-21,F,NG4866810
PAT_006715,Sylvia Wong,1981-10-13,X,DE7442903
PAT_006716,Sierra Pacheco,1987-03-13,M,SA6796465
PAT_006717,Kaylee Freeman,1971-04-02,F,US3691532
PAT_006718,Danielle Luna,1954-08-03,M,BD2487254
PAT_006719,Alicia Robertson,2002-12-22,M,US6247274
PAT_006720,Lisa Smith,1976-04-03,F,RU9608461
PAT_006721,Susan Romero,1971-12-22,F,BD7412487
PAT_006722,Debra Lee,1988-11-02,F,US7444118
PAT_006723,Ryan Morgan,1989-03-09,F,AU1383438
PAT_006724,Ryan Rodriguez,1984-12-02,F,US9179279
PAT_006725,Amber Bennett,1990-06-06,F,AU4855593
PAT_006726,Connie Krueger,2002-12-01,M,DE5401350
PAT_006727,Samantha Reynolds,1999-08-11,M,SA2501291
PAT_006728,Leslie Walters,1969-07-09,F,US5516511
PAT_006729,Paula Key,1958-10-23,F,GB4766749
PAT_006730,Michael Carroll,1984-08-14,M,US6848896
PAT_006731,Steve Yu,1998-12-28,M,DE4184058
PAT_006732,Thomas Beard,1970-06-30,F,US2404548
PAT_006733,Tonya Gallegos,1970-09-16,F,US1638329
PAT_006734,Brianna Wilson,1993-05-12,F,KE3445002
PAT_006735,Misty Reed,1954-08-10,F,DE1746729
PAT_006736,Cheryl Waters,1961-07-25,M,AU8987279
PAT_006737,Robert Adams,1958-08-27,M,US1233032
PAT_006738,Kristin Combs,1963-06-03,M,BD6884625
PAT_006739,Melissa Morris,1951-01-04,F,SA4776189
PAT_006740,Christopher Smith,1962-12-01,F,US6666899
PAT_006741,April Walker,1991-08-20,F,GB1625394
PAT_006742,Debbie Reynolds,1953-07-02,F,SA2150264
PAT_006743,Michael Simpson,1959-05-26,F,GB1172378
PAT_006744,Barbara Barnes,1984-08-11,F,GB2454927
PAT_006745,Samuel Ellison,1987-07-08,M,AU2087018
PAT_006746,Christine Mitchell,1956-01-12,M,US1927599
PAT_006747,Haley Brown,1978-09-05,F,
PAT_006748,Jonathan Leonard,1996-08-29,M,AU6489233
PAT_006749,Matthew Sanders,1991-08-11,F,KE3421807
PAT_006750,Joseph Thomas,1954-11-07,F,SA7099407
PAT_006751,Tara Rich,1979-01-22,F,KE4070435
PAT_006752,Stephen Mack,1967-02-02,M,GB8586175
PAT_006753,Allison Ferrell,2005-04-30,M,PK7962383
PAT_006754,Stephanie Werner DDS,1955-07-07,F,
PAT_006755,David Rangel MD,1966-06-23,F,SA4243301
PAT_006756,Maureen Carroll,1972-02-03,F,US8694000
PAT_006757,Tara Cox,1966-06-24,M,SA4811493
PAT_006758,Joshua Wilson,1971-12-23,M,US2444922
PAT_006759,Melissa Wyatt,1978-06-17,M,SA4483693
PAT_006760,David Wilkerson,1965-09-25,F,
PAT_006761,Daniel Nelson,1971-02-10,F,GB8717113
PAT_006762,Diana Taylor,1955-04-15,F,BD2481374
PAT_006763,Kayla Gomez,1972-07-26,F,GB9364260
PAT_006764,Katrina Lawrence,1958-03-26,M,
PAT_006765,Logan Watson,1961-05-08,M,AU7131335
PAT_006766,Cassandra Beck,1977-12-07,F,BD8349925
PAT_006767,Rhonda Crane,1977-05-08,F,DE9623427
PAT_006768,Christopher Allen,1966-05-31,F,GB5166070
PAT_006769,Angela Thompson,2003-10-30,F,GB1555477
PAT_006770,Taylor Martinez,1971-08-08,F,BD6032753
PAT_006771,Patrick Padilla,1993-07-26,M,NG7883488
PAT_006772,Dr. Madison Ruiz DDS,1967-09-02,M,US7701447
PAT_006773,Tiffany Martin,1950-08-02,M,GB1232460
PAT_006774,Tanya Horn,1954-12-12,F,US4429470
PAT_006775,Jose Miller,1954-04-11,F,KE7006990
PAT_006776,Bobby Mcpherson,1959-02-27,F,BD7831358
PAT_006777,Justin Cox,1978-03-01,F,BD1117504
PAT_006778,Brandi Hughes,1951-10-30,M,SA2416880
PAT_006779,Donna Gibson,2003-11-29,M,US2197224
PAT_006780,Mary Ramirez,1954-08-05,F,US7531023
PAT_006781,Sara Campbell MD,2005-03-26,M,GB3430278
PAT_006782,Patrick Lopez,1987-08-29,M,DE5412634
PAT_006783,Michael Wilcox,1952-02-19,F,
PAT_006784,Matthew Simmons,2003-05-31,M,AU7757451
PAT_006785,Kenneth Williams,2000-05-27,F,GB2533975
PAT_006786,Mark Moyer,1960-08-22,M,US9960477
PAT_006787,John Walters,2005-06-06,F,DE3381005
PAT_006788,Michelle Davis,1985-08-29,F,GB7718482
PAT_006789,Amy Smith,2001-08-23,M,SA8234949
PAT_006790,David Harmon,1959-03-26,M,AU9855152
PAT_006791,Carrie Smith,2001-05-10,F,KE1241576
PAT_006792,Joshua Harrison,1977-10-16,F,AU7007927
PAT_006793,Marc Reed,1980-07-10,F,SA4076898
PAT_006794,Sean Burgess,1985-06-14,F,
PAT_006795,Casey Lewis,1975-02-28,F,SA3111613
PAT_006796,Luis Anderson,1997-12-02,M,BD8847312
PAT_006797,Stephen Vasquez,1977-04-24,M,PK7239385
PAT_006798,Christopher Bryant,1992-03-31,M,KE8368237
PAT_006799,Michael Williams,1993-12-07,M,GB2653345
PAT_006800,Mary Boyd DVM,1950-02-28,F,BD7466367
PAT_006801,Brett Frost,1953-05-05,M,DE4123771
PAT_006802,Jessica Johnson,1989-09-30,F,SA2043486
PAT_006803,Chelsey Hall,1975-12-16,F,RU4430246
PAT_006804,Michelle Ferguson,2002-08-12,F,
PAT_006805,Kathy Evans,1955-01-11,M,GB9144677
PAT_006806,Alexis Adkins,1955-11-03,F,BD7607835
PAT_006807,Julia Mccullough,1969-05-05,M,NG3558804
PAT_006808,Stacey Ingram,1990-12-27,F,US8730684
PAT_006809,Matthew Moody,1990-05-02,F,GB4598689
PAT_006810,Paul Brown,1956-12-03,M,KE3299574
PAT_006811,Michael Bowen,1990-06-23,M,GB2734009
PAT_006812,Kevin Fox,1956-12-05,F,PK5388650
PAT_006813,Matthew Brown,1975-07-23,F,AU5771017
PAT_006814,Taylor Collins MD,1972-11-20,F,BD1669295
PAT_006815,Maurice Brewer,1965-03-28,F,NG4859948
PAT_006816,Donna Reese,1978-04-02,M,BD6182341
PAT_006817,Jesse Beck,1985-10-06,F,SA6089672
PAT_006818,Wyatt Hudson,1981-04-04,F,US1094994
PAT_006819,Cindy Perry,2002-01-14,M,AU4418748
PAT_006820,Shelley Kane,1986-11-10,M,BD3971582
PAT_006821,Nathan Deleon,1971-05-30,M,BD7673249
PAT_006822,Richard Taylor,2004-08-26,F,PK5327846
PAT_006823,Ashley Castro,1961-02-28,F,GB2133274
PAT_006824,Carrie Benton,1998-10-31,F,US3357341
PAT_006825,Mark Miller,1957-10-05,F,US9231599
PAT_006826,Daniel Freeman,1985-07-26,M,RU6362373
PAT_006827,James Gonzalez,1968-10-25,M,AU7260543
PAT_006828,Lauren Ware,1973-03-16,M,US5009087
PAT_006829,Ralph Hart,2005-07-30,X,RU8326228
PAT_006830,Katherine Marshall,1997-09-30,M,AU6304920
PAT_006831,John Sims,1976-02-01,F,KE4873103
PAT_006832,Sean Taylor,1965-02-01,F,DE6097903
PAT_006833,Nathan Martinez,1977-05-31,M,BD6969758
PAT_006834,Anne Scott,1984-09-20,F,SA5814769
PAT_006835,Jennifer Butler,1972-04-28,F,BD7453954
PAT_006836,Clarence Miller,1974-10-31,F,PK5827791
PAT_006837,Kevin Rodriguez PhD,1994-04-25,F,PK7504763
PAT_006838,Paige Cunningham,1951-12-02,M,BD8272077
PAT_006839,Brett Terry,1967-04-01,M,NG3982943
PAT_006840,Regina Beck,1950-11-30,M,NG3486437
PAT_006841,Micheal Welch,1985-01-28,F,DE2285517
PAT_006842,Michael Mccullough,1973-03-20,M,DE9879945
PAT_006843,Matthew Webb,1977-02-26,M,RU2920368
PAT_006844,Margaret Mcdowell,2003-08-27,F,GB2437506
PAT_006845,Leah Long,1988-12-27,M,GB9530365
PAT_006846,Matthew Harvey,1958-01-06,F,US9891354
PAT_006847,Christina Williams,1980-05-07,M,RU9829788
PAT_006848,Ashley Martinez DDS,1952-12-29,M,SA7816986
PAT_006849,Amy Delgado,1978-04-19,M,RU1166983
PAT_006850,Dawn Blake,1977-07-02,M,RU3433214
PAT_006851,David Reynolds,1965-04-25,F,
PAT_006852,Jermaine Webb,1977-12-01,M,US1043990
PAT_006853,David Bowen,1976-11-01,M,GB4570818
PAT_006854,Jasmine Whitaker,1968-06-02,M,US6845730
PAT_006855,Scott Morris,1985-09-28,M,AU9194638
PAT_006856,Benjamin Evans,1995-11-11,F,NG6126095
PAT_006857,Jessica Davis,1978-12-08,F,US4688239
PAT_006858,Thomas Jones,1974-12-18,F,KE5725849
PAT_006859,Lori Dillon,1991-02-05,M,US5575942
PAT_006860,Richard Miller,1970-08-03,M,PK7647797
PAT_006861,Laura Johnson,1974-08-08,F,SA4721480
PAT_006862,Whitney Long,1978-07-02,M,GB6331842
PAT_006863,Jennifer Hines,1954-07-01,F,NG7802552
PAT_006864,Denise Hernandez,1998-07-19,M,AU6279810
PAT_006865,Sydney Davis,1990-05-20,F,GB4737036
PAT_006866,Timothy Roberts,1982-11-29,F,BD5081043
PAT_006867,James Mason,1973-02-22,M,US1042555
PAT_006868,Rachel Moss,2003-10-18,F,PK8930010
PAT_006869,Gregory Gonzalez,1973-08-18,M,AU2538835
PAT_006870,Sarah Armstrong,1984-07-07,F,US5847535
PAT_006871,Sophia Nguyen,2003-04-03,F,DE5486198
PAT_006872,Noah James,2004-04-29,M,NG3881285
PAT_006873,Nicholas Wells,1980-01-13,M,RU2233356
PAT_006874,Anna Brown,1982-07-18,F,SA5308237
PAT_006875,Mr. Danny Larson PhD,1960-09-11,M,GB3277124
PAT_006876,Debra Barber,1956-07-30,M,NG7017017
PAT_006877,Traci Jones,1972-03-08,M,US5854446
PAT_006878,Anita Lynch,1997-01-19,F,PK9445425
PAT_006879,Lisa Douglas,1992-05-02,M,US2405300
PAT_006880,Cynthia Wise,1969-03-15,F,KE2770793
PAT_006881,Scott Rangel,1969-11-29,M,SA3689455
PAT_006882,Michael Scott,1959-04-15,M,RU5855051
PAT_006883,Pamela Aguilar,1964-10-04,M,BD4737705
PAT_006884,Larry Rogers,1998-08-04,M,NG3756536
PAT_006885,Jennifer Duarte,1958-06-26,M,US6775206
PAT_006886,James Price,1954-11-21,F,DE5128074
PAT_006887,Bailey Ewing,1972-08-31,F,GB1405882
PAT_006888,Billy Green,1979-05-20,F,US7922064
PAT_006889,Joel Figueroa,1958-08-21,F,GB9257853
PAT_006890,Michelle Wong,1981-05-23,M,SA9270829
PAT_006891,Sara Mason,1969-06-26,M,NG2031638
PAT_006892,Patrick Cox,1962-08-05,M,GB1729943
PAT_006893,Nicole Russo,1985-03-24,M,US9542894
PAT_006894,Karen Welch,1976-06-27,F,AU9952074
PAT_006895,Danielle Perry,1952-05-03,F,KE9679630
PAT_006896,Karen Fuller,1955-10-15,X,US5675205
PAT_006897,Robert Stewart,1995-08-16,F,
PAT_006898,Jenna Murray,1956-10-30,M,DE7402107
PAT_006899,Felicia Evans,1970-05-13,F,GB8049235
PAT_006900,Michelle Johnson,1957-03-13,M,
PAT_006901,Christopher Matthews,2000-03-03,F,PK3047821
PAT_006902,Lisa Guzman,1961-02-27,F,
PAT_006903,Eduardo Dunn,1988-06-22,F,GB4033976
PAT_006904,Teresa Smith,2000-12-09,M,GB1454522
PAT_006905,Laura Robinson,1982-11-25,F,RU4917447
PAT_006906,Ashley Hooper,1978-12-01,M,PK9591322
PAT_006907,Kenneth Ruiz,1951-03-04,X,DE8074722
PAT_006908,Alejandro Brown,1981-10-02,M,
PAT_006909,Joshua Nichols,1966-03-02,M,US3633872
PAT_006910,Jonathan Miller,1967-05-25,F,NG2935524
PAT_006911,Lawrence Jones,1971-08-06,F,US9206641
PAT_006912,Michael Lucas,1972-08-20,M,BD8253238
PAT_006913,Kevin Hogan,1953-11-30,M,BD2103379
PAT_006914,Kaitlyn Estrada,1982-08-28,F,AU8581956
PAT_006915,Gabriella Greene,1956-08-08,F,RU8039210
PAT_006916,Michael Ward,1990-09-12,M,BD6081699
PAT_006917,Joshua Hawkins,1965-11-23,F,US9875981
PAT_006918,Sheila Villanueva,1957-07-29,M,NG4301907
PAT_006919,Richard Hernandez,1969-04-24,F,NG7803120
PAT_006920,Richard Reeves,1961-05-02,M,US1499224
PAT_006921,Courtney Young,1976-11-03,F,AU7633575
PAT_006922,Kimberly Gonzales,1981-05-10,X,DE2663798
PAT_006923,Ashley Barber,1985-02-02,M,RU2395311
PAT_006924,Robert George,1991-02-25,M,US4890408
PAT_006925,John Moore,1963-12-16,M,RU6210879
PAT_006926,Emily Mclaughlin,1994-11-13,F,RU2569367
PAT_006927,Donald Ward,1984-12-12,M,GB5419097
PAT_006928,Michael Prince,1998-03-08,F,US7038873
PAT_006929,Peter Leblanc,1990-07-14,F,BD9118700
PAT_006930,Juan Gomez,1950-05-31,M,US8541753
PAT_006931,Kelsey Williams,1988-03-27,F,BD2182663
PAT_006932,Emily Singh,1977-04-28,F,AU3515108
PAT_006933,Teresa Christensen,1987-11-01,F,GB2077676
PAT_006934,Gina Rodriguez,1963-08-03,F,AU3963261
PAT_006935,Joseph Rodriguez,1980-08-03,M,NG5525231
PAT_006936,Maria Preston,1996-01-30,M,RU1583869
PAT_006937,Katelyn Vasquez,1996-12-04,M,PK4821955
PAT_006938,Dawn Graham,1994-03-04,F,AU8387111
PAT_006939,Jill Shepherd,1996-09-23,M,BD8760543
PAT_006940,Tina Bennett,2002-02-10,F,GB5032090
PAT_006941,Rachel Phillips,1985-09-18,F,BD9690681
PAT_006942,Dana Robinson,1997-12-28,M,RU3890941
PAT_006943,Jeremy Hill,1965-07-16,M,RU6907277
PAT_006944,Valerie Gonzalez,1987-02-09,M,AU1149237
PAT_006945,Steven Hernandez,1982-11-27,M,RU5579666
PAT_006946,Tara Jordan,1968-12-10,F,AU2083442
PAT_006947,Kathryn Jensen,1990-07-08,M,KE7362997
PAT_006948,Aaron Robinson,1963-10-13,F,DE6208445
PAT_006949,Joshua Fowler,1989-03-28,M,US5609192
PAT_006950,William Williams,1961-09-06,M,US4949209
PAT_006951,Ashley Roberts,1976-01-04,M,GB2552181
PAT_006952,Mark King,1952-09-12,F,KE6453719
PAT_006953,Jason Weber,1982-07-21,F,US8661818
PAT_006954,Margaret Simmons,1999-02-19,M,US4425143
PAT_006955,Debra Herring,1980-08-28,M,SA7381620
PAT_006956,Mr. Wesley Gray,1982-10-01,F,NG5523923
PAT_006957,Nicole Boyle,2003-07-27,F,AU3439798
PAT_006958,Lisa Davis,1991-04-26,M,US4591657
PAT_006959,Kari Le,1954-04-17,F,SA3907751
PAT_006960,Jacob Mendez,1989-07-11,M,GB5344806
PAT_006961,Kelsey Warren,1981-09-09,M,US3177994
PAT_006962,Katie Larson,1990-11-16,M,DE9056655
PAT_006963,Stephanie Wiggins,1985-06-10,F,GB8617502
PAT_006964,David Marsh,1983-09-08,F,RU5501251
PAT_006965,Dawn Baker,1964-04-27,M,AU4289619
PAT_006966,Miranda Cantu,1954-09-17,F,DE8978849
PAT_006967,Jeffrey Richard,1999-11-21,F,GB2434607
PAT_006968,Gerald King,1987-09-22,M,PK8977591
PAT_006969,Donald Gonzales,1981-03-01,F,PK2312301
PAT_006970,Charles Romero,1993-06-28,M,PK3830236
PAT_006971,Jill Reyes,2005-01-09,M,BD4652111
PAT_006972,Rachel Lowery,1992-04-09,F,AU5387126
PAT_006973,Joshua Hart,1967-11-20,M,US8949298
PAT_006974,Evelyn Vasquez,1984-09-03,M,GB8511960
PAT_006975,Kimberly Mcpherson,1976-04-18,F,GB1607385
PAT_006976,Cody Wheeler,1966-02-27,M,RU8418895
PAT_006977,Alyssa Brown,1981-05-30,F,BD5635667
PAT_006978,Emma Bell,1964-01-16,M,DE2853286
PAT_006979,David Morris,1966-09-20,F,GB8262785
PAT_006980,Andrew Daniel,1954-11-02,M,RU3101789
PAT_006981,Danny Turner,1996-05-03,M,AU6620231
PAT_006982,Jason Heath,1994-02-25,F,
PAT_006983,Julie Hooper,1963-05-22,M,NG8161517
PAT_006984,David Pace,1964-08-31,M,PK6016238
PAT_006985,Patricia Hines,1980-08-25,M,NG4974132
PAT_006986,Dale Wiley,1996-09-08,M,KE7732667
PAT_006987,Miguel Salazar,1989-04-29,M,DE1586807
PAT_006988,Timothy Nicholson,1958-12-20,F,DE5598422
PAT_006989,Alicia Foster,1976-01-10,M,RU1871915
PAT_006990,Kathy Cross,1950-01-11,M,AU9769749
PAT_006991,Jamie Smith,1969-08-16,M,US4291250
PAT_006992,John Soto DDS,1955-12-06,M,DE4633881
PAT_006993,Shannon Thomas,2001-10-08,F,PK2374533
PAT_006994,Karen Lee,1989-09-02,M,GB1327643
PAT_006995,Jessica Williams,1967-12-14,M,RU5147900
PAT_006996,Joy Carpenter,1984-05-06,M,GB6066668
PAT_006997,Misty Dillon,1989-06-07,M,GB6439489
PAT_006998,Jennifer Carroll,1987-05-18,F,GB1573726
PAT_006999,Whitney Gordon,1951-04-18,F,US6733833
PAT_007000,George Smith,1957-07-06,F,BD7395364
PAT_007001,Amy Day,1979-08-03,F,AU3491599
PAT_007002,Jack Williams,1989-05-06,M,GB1930631
PAT_007003,Lindsay Moore,1988-12-30,F,PK6077019
PAT_007004,Valerie Mayo,1997-01-31,F,DE7228427
PAT_007005,Alyssa Miller,1963-06-08,F,NG3981196
PAT_007006,Lisa Page,1993-07-30,F,BD8774577
PAT_007007,Brittany Kelly,1982-09-27,M,US4647869
PAT_007008,Christopher Roberts,1965-12-08,M,AU6697107
PAT_007009,Gary Torres,1962-01-07,F,PK9936388
PAT_007010,Gregory Porter,1986-12-10,M,PK2617298
PAT_007011,Jeremy Harris,2004-11-06,X,PK7054398
PAT_007012,Patricia Hardy,1992-08-23,F,US5641453
PAT_007013,Carmen Solis,1974-08-19,M,AU3027685
PAT_007014,Brandon Suarez,1999-05-07,X,
PAT_007015,Sarah Stevens,1989-02-08,F,AU1269251
PAT_007016,Jonathan Mason,1979-09-11,F,BD4443832
PAT_007017,Gary Stewart,1978-03-26,M,
PAT_007018,Juan Smith,2000-10-23,F,AU9726601
PAT_007019,James Montgomery,1991-08-09,F,US8271692
PAT_007020,Jeffrey Robinson,1977-11-07,M,RU6361371
PAT_007021,Jacqueline Hammond,1972-01-01,M,AU9456393
PAT_007022,Valerie Bailey,1957-04-17,M,GB4885284
PAT_007023,Sarah Ortiz,1994-11-22,F,NG4443313
PAT_007024,Christopher Chan,1990-05-09,M,GB1386969
PAT_007025,Emily Kelley,1998-01-05,F,AU5268511
PAT_007026,Rachael Clayton,1994-12-21,M,DE3827958
PAT_007027,Sean Meyer,1953-11-08,F,
PAT_007028,Jerry Rich,1951-11-21,F,NG9162885
PAT_007029,Brittney Roberts,1975-10-29,M,PK6304416
PAT_007030,Laura Collins,1977-04-25,M,KE9908991
PAT_007031,Brian Allen,1950-12-18,M,SA7321912
PAT_007032,Jessica Lee,2003-11-07,F,PK5886745
PAT_007033,Tyler Watson,1953-03-12,F,DE9668289
PAT_007034,Jason Green,1984-11-04,M,BD6904165
PAT_007035,Christina Dalton,1978-07-01,F,US4071853
PAT_007036,Pamela Hickman,2001-07-16,M,SA9529075
PAT_007037,Christopher Nichols,1963-03-10,F,US5949350
PAT_007038,Melvin Williams,1985-01-26,M,US1970907
PAT_007039,John Forbes,1998-08-21,F,NG9550421
PAT_007040,Henry Mueller,1992-06-23,F,RU8601433
PAT_007041,Nicole Murphy,1955-04-15,F,SA5753694
PAT_007042,Aaron Harding,1971-11-17,M,BD6036543
PAT_007043,Maureen Ramos,1971-12-06,F,AU7401919
PAT_007044,Bonnie Rowland,1952-04-27,M,NG7847042
PAT_007045,Christopher Barker,1955-12-31,M,PK1588437
PAT_007046,Kim Mendez,1982-11-16,M,GB9498625
PAT_007047,Amy Fuller,1980-10-27,F,NG6300927
PAT_007048,Renee Rice,1966-09-09,F,NG6238901
PAT_007049,Grant Gordon,2001-04-14,M,
PAT_007050,Rachel Soto,1995-12-17,F,US2263857
PAT_007051,Alex Roberts,1972-05-28,F,BD1065550
PAT_007052,Ricky Miller,2003-01-28,F,SA6368216
PAT_007053,John Dodson,1983-09-15,F,
PAT_007054,Lauren Wilson,1980-07-27,M,US3880537
PAT_007055,Joseph Wilson,1976-05-14,M,US9952574
PAT_007056,Samantha Miller,1956-02-15,F,DE8935425
PAT_007057,Lori Costa,1975-03-10,F,DE2253487
PAT_007058,Matthew Smith,1987-10-15,F,US6282171
PAT_007059,Matthew Kelly,1979-07-28,F,
PAT_007060,Seth Collins,1965-03-28,M,US4913597
PAT_007061,Amanda Davidson,1954-02-12,F,PK9860021
PAT_007062,Beverly Woods,1983-03-30,M,BD7113827
PAT_007063,Steven Dean,1953-03-06,M,BD9829432
PAT_007064,Matthew Collins,1961-02-27,M,NG9542376
PAT_007065,Loretta Rivera,1998-06-20,M,PK6567814
PAT_007066,Nancy Phelps,1952-04-30,M,AU8297199
PAT_007067,Katie Williams,1965-04-16,M,SA6857605
PAT_007068,Rachel Long,1964-04-28,M,KE6653373
PAT_007069,Jennifer Freeman,1956-06-04,F,GB2474599
PAT_007070,Elizabeth Nguyen,2003-05-29,M,GB9376565
PAT_007071,Natasha Washington,1990-08-11,M,US6691114
PAT_007072,Connie Bailey,1999-09-24,F,
PAT_007073,Patricia Pitts,1955-03-10,X,SA5894322
PAT_007074,Debbie Lucas,1982-06-18,F,US4094899
PAT_007075,Lisa Gallegos,1997-12-28,F,DE5486535
PAT_007076,Michael Lambert,2004-09-04,M,GB5512219
PAT_007077,Andrew Johnson,1954-06-09,F,BD8591057
PAT_007078,Kevin Vaughan,1983-06-09,M,SA8608501
PAT_007079,Denise Dudley,1972-04-29,F,
PAT_007080,Krista Hodges,1961-12-01,M,GB4935088
PAT_007081,Jennifer Chen,1996-10-24,M,US2646692
PAT_007082,Ashley Smith,1996-11-01,F,AU3213108
PAT_007083,Ashley Kim,1975-07-17,F,SA2927607
PAT_007084,Kathryn West,1993-01-13,F,PK7548842
PAT_007085,Roger Farley,1998-12-07,F,DE1619006
PAT_007086,Ashley Sanders,1987-07-11,M,US8902072
PAT_007087,Joseph Hoffman,1955-10-31,F,US5039380
PAT_007088,Albert Hodge,1987-07-03,F,US8243178
PAT_007089,Jamie Rodriguez,1997-09-02,F,BD2156884
PAT_007090,Brendan Brown,1963-03-27,F,KE3358060
PAT_007091,Gabriel Pennington,1998-07-17,M,SA5632561
PAT_007092,Christian Gonzales,1962-06-14,M,US4532521
PAT_007093,Sean Robinson,1956-06-02,M,KE5491236
PAT_007094,Jeremy Watkins,1956-04-25,M,BD1741089
PAT_007095,Christopher Camacho,1984-03-12,F,GB9904605
PAT_007096,Terry Silva,1996-08-07,F,GB7804625
PAT_007097,Rebecca Fowler,1963-04-11,F,NG6743470
PAT_007098,Katherine Cox,1983-08-06,F,GB5319018
PAT_007099,Lynn Holland,1990-11-25,F,KE7852254
PAT_007100,Jocelyn Owens,1968-11-05,F,AU8990461
PAT_007101,Daniel Chang,1973-05-21,F,BD5968697
PAT_007102,Anna Coleman,1990-12-05,F,PK7918855
PAT_007103,Carrie Pace,1987-11-25,F,BD6537271
PAT_007104,Deborah Odonnell,1960-12-22,M,US2714611
PAT_007105,Brandon Butler,1969-05-06,M,RU1449625
PAT_007106,Derek Miranda,1993-07-24,F,
PAT_007107,Jeffrey Campbell,1993-10-07,M,BD6307369
PAT_007108,Matthew Singh,1977-02-12,M,US6622488
PAT_007109,Steven Gutierrez,1992-07-07,F,PK9271245
PAT_007110,Monica Wood,1989-06-15,F,PK8800498
PAT_007111,Michael Berry,1960-08-04,M,GB2304690
PAT_007112,Sara Frederick,1994-05-24,M,US8897762
PAT_007113,Kristin King,1973-09-15,F,AU9850298
PAT_007114,Sandra Taylor,1953-08-02,M,GB4185431
PAT_007115,Rita Morton,1965-07-21,M,US9675501
PAT_007116,Kristopher Galvan,1988-12-16,M,KE4341584
PAT_007117,Emily Thompson,1958-10-01,M,SA3760416
PAT_007118,Jason Bush,1983-04-08,M,BD3235253
PAT_007119,Mr. Bryan Kim,1975-03-08,M,AU5279500
PAT_007120,Stephanie Smith,1958-01-10,M,BD8994963
PAT_007121,Michael Lee,1955-12-02,M,US7667403
PAT_007122,Christopher Gomez,1975-04-29,F,RU9281047
PAT_007123,Justin Thomas,1980-05-17,F,US7125047
PAT_007124,Michelle Guerra,1998-01-06,F,KE2446906
PAT_007125,David Martinez,1966-03-29,M,PK7613190
PAT_007126,Haley Kirby,1990-01-24,F,NG6570280
PAT_007127,Heather Spears,1950-01-07,M,KE7950446
PAT_007128,Lori Mejia,2002-04-14,M,
PAT_007129,Gina Richardson,1995-09-19,F,RU9114444
PAT_007130,Kathy Brown,2005-05-22,F,DE6874422
PAT_007131,Maria Fox,1972-08-31,F,NG8987333
PAT_007132,Adam Moore,1974-06-10,M,SA3120808
PAT_007133,James Harris,1978-09-16,F,GB5339032
PAT_007134,Matthew Douglas,2002-05-07,M,SA5851804
PAT_007135,Joseph Garcia,1954-11-06,M,AU7040989
PAT_007136,Brittany Harrison,2003-01-22,X,US2732249
PAT_007137,David Johns,1965-03-31,M,DE1214787
PAT_007138,Jeremy Le,1992-02-07,M,RU6772725
PAT_007139,Jeffrey Mendez,1983-11-08,M,US2639107
PAT_007140,Rebecca Heath,1960-01-09,M,DE2538024
PAT_007141,Sarah Farmer,1967-02-04,M,DE7878081
PAT_007142,Jill Mccarthy,1954-10-26,F,US6508921
PAT_007143,Lauren Hernandez,1971-04-08,M,US2702849
PAT_007144,Debra Bishop,1969-05-22,M,RU3675559
PAT_007145,Christina Burns,1967-04-22,F,DE1094282
PAT_007146,Kathleen Mcneil,1998-05-26,M,RU5318347
PAT_007147,Nicole Powell,2000-06-19,M,US7601382
PAT_007148,Michelle Munoz,1959-02-15,M,US9304866
PAT_007149,Susan Rivera,1978-06-21,F,AU9256954
PAT_007150,Jay Gonzales,1998-10-22,M,PK6302911
PAT_007151,Pamela Johnson,1971-09-22,F,US6402562
PAT_007152,Caleb Reeves,1996-01-22,M,NG9106334
PAT_007153,Shelly Webb,1960-11-11,F,SA2729008
PAT_007154,Gloria Turner,1986-06-26,M,US1743347
PAT_007155,Kristen Ferguson,1982-05-27,F,DE6465515
PAT_007156,Brian Flores,2005-02-19,F,AU9784651
PAT_007157,Teresa Chandler,1979-01-31,F,US3775462
PAT_007158,Ashley Powell,1956-03-31,F,SA1156589
PAT_007159,Alexandra Wright,1963-10-08,X,NG5064898
PAT_007160,Anthony Wilson,1987-03-13,F,US6196191
PAT_007161,Kathryn Copeland,1955-05-30,M,KE9719601
PAT_007162,Lisa Marks,1961-12-09,M,GB9303726
PAT_007163,Andrea Gomez,1989-06-15,M,RU3242434
PAT_007164,Mary Allen,1967-12-07,X,DE4081683
PAT_007165,Dr. Ian Sanchez,1954-02-23,F,US9868306
PAT_007166,Shannon Riley,1976-12-03,F,GB1716402
PAT_007167,Michael Hampton,1961-05-05,M,GB6324672
PAT_007168,Jason White,1992-10-19,F,US6279181
PAT_007169,Heather Roberts,2001-02-02,M,DE1449320
PAT_007170,Charles Durham,1954-11-11,M,DE2164696
PAT_007171,Rhonda Collins,2000-03-25,F,US8892086
PAT_007172,Kristen Jacobs,1989-02-20,M,GB3154830
PAT_007173,Thomas Rogers,1956-07-11,F,US5475464
PAT_007174,Krista Horton,1982-10-13,M,US9760105
PAT_007175,Stephanie Nixon,1973-02-26,F,NG2405361
PAT_007176,Ricky Sanchez,1950-10-08,M,SA4601103
PAT_007177,Jason Brown,1967-05-02,F,RU7011387
PAT_007178,Amanda Morris,1996-01-30,F,NG2337282
PAT_007179,Louis Perkins,1983-03-06,F,AU1212409
PAT_007180,Alicia Taylor,1978-07-15,F,NG2858630
PAT_007181,Kelly Johnson,1997-05-22,M,
PAT_007182,Mrs. Heather Camacho MD,1953-05-30,F,PK6361666
PAT_007183,Timothy Williams,1966-03-13,M,GB2339783
PAT_007184,Jennifer Davis,1956-12-19,F,SA1484099
PAT_007185,Timothy Nunez,1951-02-22,M,SA2942626
PAT_007186,Earl Ramos,2003-05-06,F,AU5636758
PAT_007187,William Brown,1980-09-08,M,BD3875243
PAT_007188,Jody Mclean,1962-01-19,F,SA4725829
PAT_007189,Laura Lee,1978-12-30,F,AU4924684
PAT_007190,Steven Moore,1983-08-12,F,US5514217
PAT_007191,Gloria Tyler,1986-10-18,F,US1205245
PAT_007192,Cassandra Flynn,1969-12-17,F,SA3196498
PAT_007193,Mr. William Walls,1959-12-16,F,US7092076
PAT_007194,Jose Nguyen DDS,1991-10-08,M,RU4047506
PAT_007195,Michelle Cameron,1987-05-25,F,US7299183
PAT_007196,Amy Jackson,1952-05-12,M,GB7229416
PAT_007197,Bruce Rivera,1997-05-11,F,DE2055396
PAT_007198,Kyle Mckenzie,1996-01-11,M,RU6901645
PAT_007199,Kenneth Lambert,1987-02-10,F,AU2700926
PAT_007200,Randy Scott,1992-09-28,F,AU1716165
PAT_007201,Kevin Castaneda,1976-04-19,M,GB3298700
PAT_007202,Michael Singleton,1975-02-20,M,GB2729801
PAT_007203,Randy Richardson,1968-07-15,M,BD2289281
PAT_007204,Bradley Herrera,1979-12-05,F,AU5043550
PAT_007205,Heather Adams,1998-11-08,F,RU7262950
PAT_007206,Amy Cervantes,1952-10-15,M,PK6378022
PAT_007207,Laura Doyle,1968-04-29,F,GB2036464
PAT_007208,Jeffrey Ross,1993-05-12,F,AU4328578
PAT_007209,Dr. Dana Kirby,1975-05-11,F,US5680640
PAT_007210,Mark Diaz,1999-12-08,M,
PAT_007211,Ronald Rogers,1973-04-24,F,US3712116
PAT_007212,Johnathan Williams,1952-07-03,F,SA5298945
PAT_007213,Kathryn Marshall,2004-08-11,F,GB2775353
PAT_007214,Kevin Dennis,1957-09-20,F,SA2661114
PAT_007215,Richard Davis,1981-03-06,F,DE2065192
PAT_007216,Rebecca Cannon,1958-09-30,M,GB4996622
PAT_007217,Michelle Smith MD,1984-04-03,F,RU5757642
PAT_007218,Robert Brooks,1958-12-05,F,AU4700770
PAT_007219,Jason Smith,1958-07-03,M,BD6247507
PAT_007220,Erik Johnson,2004-04-20,M,BD1127848
PAT_007221,Megan Zhang,1992-07-14,F,PK7388577
PAT_007222,Erin Smith,1992-11-29,F,US5791815
PAT_007223,Carol Thompson,1966-08-22,M,US6873745
PAT_007224,Amy Bradley,1968-11-04,F,DE7050327
PAT_007225,James Hill,1960-11-11,F,RU3652644
PAT_007226,Jennifer Giles,1951-12-29,X,RU4660251
PAT_007227,James Carter,1966-10-10,M,BD4043458
PAT_007228,Tiffany Lee,1968-01-15,F,US1523780
PAT_007229,John Vazquez,2004-02-22,M,US8769046
PAT_007230,Riley Phillips,2002-01-31,F,RU2821253
PAT_007231,Oscar Williams,1994-04-24,F,DE5291303
PAT_007232,Lindsey Walsh,1996-02-13,M,KE1549381
PAT_007233,Julian Harper,1979-01-16,M,SA7056501
PAT_007234,Abigail Greer,1990-06-13,M,KE9602217
PAT_007235,Jennifer Alexander,1983-06-25,F,BD9391995
PAT_007236,Marcia Moore,1978-10-13,M,KE9756405
PAT_007237,Darius George,2005-02-16,M,US2768017
PAT_007238,Robert Allen,1994-10-25,M,SA2076368
PAT_007239,Brian Pearson,1955-12-08,F,NG8556182
PAT_007240,Michael Drake,1991-07-05,M,PK5491120
PAT_007241,Rachel Bennett,1995-07-30,M,BD4178463
PAT_007242,Amy Perry PhD,2000-12-14,F,NG3136834
PAT_007243,Edward Jackson,1993-07-08,F,DE4406430
PAT_007244,Stephen Alexander,1950-12-25,M,BD5368006
PAT_007245,Matthew Carpenter,1961-08-31,F,GB9687962
PAT_007246,Bradley Rogers,2001-11-14,F,SA1858037
PAT_007247,Micheal Shields,2000-02-19,M,PK8582869
PAT_007248,Lisa Huff,1997-01-07,F,US9755302
PAT_007249,Megan Bailey,2002-03-29,M,KE9909798
PAT_007250,Bryan Rose,1966-08-08,M,NG4367208
PAT_007251,Kelly Warner,1965-08-14,M,DE8944022
PAT_007252,Kelly Aguirre,1965-09-18,F,DE2130128
PAT_007253,Robert Spencer,1950-08-15,M,GB1699851
PAT_007254,John Rodriguez,1972-06-02,F,US6577969
PAT_007255,Ashley Jones,1962-09-26,M,RU3499708
PAT_007256,Dennis Moore,1981-12-13,F,SA5808772
PAT_007257,Kathryn Mcknight,1986-07-19,M,RU8171566
PAT_007258,Tracy Gonzales,1959-06-05,F,PK1643789
PAT_007259,Michael Harris,1982-02-18,F,GB7937565
PAT_007260,Patrick Huang,1959-03-06,F,BD5471168
PAT_007261,Deborah Berry,1962-01-07,F,PK2746114
PAT_007262,Melanie Morales,1978-07-19,F,GB8274293
PAT_007263,Tanner Stewart,1986-04-04,F,BD6036521
PAT_007264,Harold Yang,1962-07-13,M,SA5018635
PAT_007265,David Orozco,2002-03-13,F,US3107388
PAT_007266,Rebecca Fitzpatrick,2000-05-05,M,US5455357
PAT_007267,Terrence Murray,1981-02-14,F,PK3178477
PAT_007268,Daniel Mcdowell,1966-12-31,F,US3275112
PAT_007269,Michael Hayes,1952-07-08,F,RU4855002
PAT_007270,Shannon Ortega,1956-04-18,F,GB8535175
PAT_007271,Sandra Miller,1950-03-17,F,DE3553912
PAT_007272,Timothy Hanna,1979-03-28,M,BD3826928
PAT_007273,James Friedman,1985-06-03,F,
PAT_007274,Adam Brown,2004-03-02,M,KE8764546
PAT_007275,Raymond Santos,1988-11-24,M,GB5392384
PAT_007276,Emily Foley,1962-09-05,F,GB2432332
PAT_007277,Miranda Mckinney,1996-10-24,M,GB1117577
PAT_007278,Kristen Chung,2004-06-24,F,GB6105458
PAT_007279,Angela Fisher,1970-12-26,M,SA4286486
PAT_007280,Devon Barker,1955-01-01,F,US5511066
PAT_007281,Matthew Hatfield,2000-12-07,F,NG9262354
PAT_007282,Bryan Johns,1950-03-05,M,
PAT_007283,Shawn Hopkins,1970-03-28,F,KE9158210
PAT_007284,Brianna Browning,1972-03-18,M,BD6101774
PAT_007285,Beth Farley,1985-10-28,F,PK1867325
PAT_007286,Jeffery Haney,1962-03-19,M,US5430012
PAT_007287,Patrick Hogan,1958-07-29,F,BD2350804
PAT_007288,Jorge Ross,2001-09-24,F,US3109597
PAT_007289,Robert Pugh,1963-04-24,F,US8492697
PAT_007290,Anne Miles,2004-02-03,M,US6772754
PAT_007291,Cynthia Calhoun,1958-02-17,F,RU8515456
PAT_007292,Fernando Brown,1970-05-11,M,AU8425128
PAT_007293,Donna Scott,1960-04-28,F,US6553949
PAT_007294,Timothy Garcia,1969-10-05,F,US4570130
PAT_007295,Sean Carpenter,1990-05-14,M,GB4668279
PAT_007296,Jeffrey Maxwell,1954-04-08,F,GB3565064
PAT_007297,Donna Davis,1957-10-27,M,GB1602703
PAT_007298,Karen Kidd,1957-07-11,M,US3178789
PAT_007299,Tara May,1970-07-23,F,RU9729808
PAT_007300,Jeffery Dyer,1962-01-08,X,KE3656123
PAT_007301,Brian Sutton,1978-08-14,F,PK7592817
PAT_007302,Kimberly Abbott,1992-08-12,M,NG2245985
PAT_007303,John Patterson,1994-07-04,F,US4778463
PAT_007304,Nicole Chavez,1986-08-15,M,US5676828
PAT_007305,Brian Owen,1999-05-30,M,
PAT_007306,Victoria Hill,1989-09-23,M,DE6009898
PAT_007307,Erica Trevino,1976-11-29,F,GB8268427
PAT_007308,Drew Torres,1979-01-20,F,
PAT_007309,Mr. Michael Watson DDS,1958-12-30,F,GB6429665
PAT_007310,Lisa Wright,1974-02-13,F,US7706928
PAT_007311,Karen Davis,1999-02-18,M,
PAT_007312,Raymond Moore,1983-11-27,F,RU4954592
PAT_007313,Sara Jones,1961-11-24,M,US8875326
PAT_007314,Michaela Robles,1994-08-15,M,GB9003039
PAT_007315,David Smith,1988-03-22,F,BD1515063
PAT_007316,Kara Miller,1968-06-15,M,GB5624108
PAT_007317,Kelly Howell,1954-01-11,F,RU1285050
PAT_007318,Melissa Adams,1986-04-25,F,SA6810007
PAT_007319,Manuel Jackson,1987-03-02,F,US5910858
PAT_007320,Nathaniel Sandoval,1984-08-12,F,US5601508
PAT_007321,Kyle Webb,2005-06-24,F,US7806788
PAT_007322,Kathryn Schmidt,1960-05-27,F,GB8481435
PAT_007323,Christian Sanders,2003-07-30,F,GB3118236
PAT_007324,Travis Figueroa,1989-07-03,F,DE9562969
PAT_007325,Madison Jackson,1978-11-15,M,RU4673266
PAT_007326,Todd Davis,1975-08-10,F,SA7018517
PAT_007327,Shannon Johnson,1992-06-10,M,PK5027942
PAT_007328,Misty Roach,1986-01-13,M,SA7680418
PAT_007329,Rachel Thompson,1950-02-11,F,KE1094793
PAT_007330,Matthew Stafford Jr.,2000-01-26,F,KE5234635
PAT_007331,Yesenia Mcgee,1991-08-21,M,US9978859
PAT_007332,Jonathan Harris,1993-08-27,F,PK2376362
PAT_007333,Brittany Contreras,1951-05-08,F,PK3350381
PAT_007334,Timothy Cook,1974-02-13,F,PK7970675
PAT_007335,Julian Osborne,1996-01-12,M,BD2444824
PAT_007336,Christine Sosa,1958-08-07,F,GB5299661
PAT_007337,James Jimenez,1996-04-05,F,US2251562
PAT_007338,Roger Erickson,2000-12-23,M,DE8078800
PAT_007339,Samuel Hahn,1951-02-25,M,DE2108774
PAT_007340,Barbara Thompson,1972-05-27,M,KE5948832
PAT_007341,Brian Hanna,1954-10-28,F,PK4640310
PAT_007342,Douglas Thompson,1978-12-20,M,US8517317
PAT_007343,Kathleen Thomas,1975-12-28,F,DE1007233
PAT_007344,John Lyons,1966-08-06,M,DE8334633
PAT_007345,Catherine Mueller,1979-09-10,M,US1914961
PAT_007346,Emily Hernandez,1964-11-29,F,GB3925734
PAT_007347,Cathy Gonzales,1993-11-30,M,US3026463
PAT_007348,John Rodriguez,1977-10-09,X,NG5914253
PAT_007349,Jordan Williamson,1983-09-27,M,US9046363
PAT_007350,Briana Williams,1982-11-18,M,US4548021
PAT_007351,Erin Knight,1994-01-16,F,GB7016944
PAT_007352,Sarah Rivera,1979-05-10,M,GB5303378
PAT_007353,Stephanie Roman,2003-10-28,M,GB9542035
PAT_007354,Ralph Diaz,1977-07-10,F,NG6032303
PAT_007355,Nancy Kelley,1977-10-08,F,US6315062
PAT_007356,Robert Mccarthy II,2000-08-14,M,US5122966
PAT_007357,Richard Freeman,1953-07-07,F,US5465363
PAT_007358,Gregory Hernandez,1950-10-12,X,NG2629105
PAT_007359,Lori Henderson,1986-10-07,F,GB2215182
PAT_007360,Summer Anderson,1991-06-14,F,
PAT_007361,David Garcia,1959-05-20,F,RU1744289
PAT_007362,Mallory Allen,1966-11-03,M,US9692491
PAT_007363,Brian Alvarez,1989-04-01,F,PK8856587
PAT_007364,Tony Rhodes,1977-04-21,F,BD6761931
PAT_007365,David Mccann,1961-03-24,F,BD9766392
PAT_007366,Joseph Parsons,1950-09-07,M,US5335074
PAT_007367,Nicholas Garcia,1971-06-15,M,NG1934640
PAT_007368,Rodney Martinez,2005-09-17,F,PK7601097
PAT_007369,Christopher Johnson,1952-10-24,M,AU4819364
PAT_007370,Mr. Paul Tanner,1961-11-01,F,AU3378900
PAT_007371,Karen Pugh,1982-11-03,F,PK8656009
PAT_007372,Michelle Torres,1992-05-09,M,KE4067370
PAT_007373,Sandra Wright,1979-05-05,M,DE9076627
PAT_007374,Joseph Gomez,1972-06-01,F,KE6121763
PAT_007375,Tina Harris,1979-11-03,M,NG7461993
PAT_007376,Becky Dodson,1963-04-26,F,DE6957083
PAT_007377,Robert Yang,1972-06-08,F,SA6256813
PAT_007378,James Brown,1952-08-25,M,DE9166845
PAT_007379,Zachary Carlson,1968-05-22,F,SA5919214
PAT_007380,Jaime Weber,1967-02-22,M,RU7548937
PAT_007381,Jerry Stephens,1973-02-13,M,GB2247728
PAT_007382,Kyle Hansen,1976-06-04,M,BD5539472
PAT_007383,Danielle Smith,1958-08-30,F,DE5359526
PAT_007384,Donald Santos,1982-03-24,F,DE9037393
PAT_007385,Regina Stephens,1965-08-09,M,DE4953274
PAT_007386,Ricky Griffin,1981-01-16,F,US9701637
PAT_007387,Laura Foster,1965-09-28,M,US5115170
PAT_007388,Jacob Parker,1993-08-10,F,DE1740175
PAT_007389,John Terrell,1990-04-18,F,DE2314578
PAT_007390,Thomas Hull,1992-03-13,M,NG8944901
PAT_007391,Tony Stone,1967-08-17,F,GB7396375
PAT_007392,Sylvia Arnold,2003-08-05,M,SA6319592
PAT_007393,Caleb Dixon,1967-12-03,F,PK3918503
PAT_007394,Roberta Cunningham,1968-06-27,F,NG8327986
PAT_007395,Kelly Morris,1978-12-26,F,AU4143304
PAT_007396,Brandy Lozano,1968-10-05,F,GB4019823
PAT_007397,John Hester,1961-02-09,M,BD3985474
PAT_007398,Tonya Robertson,1977-05-04,F,GB6517701
PAT_007399,Colleen Jones,2004-04-29,F,AU1307264
PAT_007400,Randy Garcia,1957-10-25,F,DE9347804
PAT_007401,Renee Young,1972-05-11,F,PK6971299
PAT_007402,Jill Smith,2005-04-22,F,DE6610321
PAT_007403,Michael Snyder,1985-10-04,F,AU3052441
PAT_007404,Mary Morales,1992-08-23,F,
PAT_007405,Crystal Garcia,1986-09-28,M,AU3656449
PAT_007406,Andrea Jordan,1965-05-22,F,US2731196
PAT_007407,Brian Mccarty,1987-06-09,F,GB8932853
PAT_007408,Patrick Johnson,1996-08-03,M,
PAT_007409,Daniel Wilson,1992-06-16,F,AU2417583
PAT_007410,Michael Hall,1963-04-13,M,PK5118275
PAT_007411,Billy Owens DDS,1991-05-13,F,US7092544
PAT_007412,Kenneth Pearson,1982-12-21,F,US5440476
PAT_007413,Brent Ryan,1985-07-03,F,BD4522699
PAT_007414,Anthony Smith,1999-06-26,M,PK6473638
PAT_007415,Mrs. Beverly Woods,2003-02-15,M,DE8875696
PAT_007416,Jeanne Clayton,2002-05-25,M,AU6813378
PAT_007417,Michael Martinez,2002-11-23,M,GB2153096
PAT_007418,Devin Mendoza,1968-02-19,F,SA6127235
PAT_007419,Shawn Mccall,1998-08-15,M,NG6555394
PAT_007420,Jeff Murphy,1997-09-02,F,AU1887002
PAT_007421,Matthew Johnson,1951-02-10,F,US4865812
PAT_007422,Colleen Roman,1953-12-02,M,DE1380627
PAT_007423,Lori Wilson,1997-06-02,M,US3600858
PAT_007424,Jerry Moore,1966-08-01,M,PK9838641
PAT_007425,Monica Howell,1960-11-26,F,AU4160737
PAT_007426,Robert Booker,1962-11-12,M,DE2512154
PAT_007427,David Dominguez,1989-01-26,M,US5363714
PAT_007428,Alexandra Good,1961-06-11,F,GB5989034
PAT_007429,Larry Pham,1983-04-18,M,DE6278102
PAT_007430,Jennifer Heath,1960-10-10,M,DE9476703
PAT_007431,Nicole Ramirez,1963-06-11,M,GB2673024
PAT_007432,Trevor Griffin,1999-05-28,M,AU9466468
PAT_007433,Melissa Ryan MD,1996-06-26,F,SA7636203
PAT_007434,Deborah Ferrell,1955-09-12,M,GB5041995
PAT_007435,Ernest Brown,1956-09-23,F,NG6098656
PAT_007436,Heidi Miller,1982-03-20,F,GB3185064
PAT_007437,Jacqueline Vaughn,1982-05-20,F,KE6372749
PAT_007438,John Benitez,1967-10-28,M,BD9612788
PAT_007439,Richard Williams,1973-09-13,F,
PAT_007440,Maria Lindsey,1976-08-29,F,SA1563347
PAT_007441,Linda Sanchez,1998-12-26,F,GB4683510
PAT_007442,Allison Walker,1950-08-06,M,DE4516131
PAT_007443,Mark Turner,1964-01-25,F,PK5697956
PAT_007444,Oscar Ryan,1955-08-19,F,US3381037
PAT_007445,John Duncan,2005-11-28,M,BD7676158
PAT_007446,Rachel Nelson,1967-02-08,M,BD3965967
PAT_007447,Eric Scott,1988-02-29,F,KE1865495
PAT_007448,Alexis Preston,1964-05-10,F,BD2391965
PAT_007449,Edward Gutierrez,1952-08-06,M,AU9145195
PAT_007450,Darlene Murray,1973-11-27,M,
PAT_007451,Christine Dennis,1996-03-18,M,DE5655947
PAT_007452,Jessica Jackson,1996-10-28,F,BD7592128
PAT_007453,Douglas Woodard,2005-03-23,M,US7436082
PAT_007454,Brenda Campbell,1987-11-20,F,SA6914596
PAT_007455,Eugene Henderson,1990-01-08,M,SA7281004
PAT_007456,Corey Williams,1962-11-05,F,PK2396460
PAT_007457,Gary Miller,1970-04-06,M,US9819853
PAT_007458,Ashley Contreras MD,1989-01-10,F,SA7223231
PAT_007459,Heather Maldonado,1956-07-19,M,SA3993804
PAT_007460,Justin Wilson,1954-12-23,M,
PAT_007461,Lindsay Parker,1990-08-06,X,SA7931864
PAT_007462,Todd Gonzales,1960-08-01,F,US7409288
PAT_007463,Sarah Parsons,1996-01-10,M,PK4718079
PAT_007464,Mark Sutton,1963-04-19,F,GB1424927
PAT_007465,Dr. Scott Arellano,1994-10-16,F,DE6234871
PAT_007466,Sherry Cardenas,1996-01-22,M,KE4019465
PAT_007467,Ashley Williams,1962-09-20,F,NG1811390
PAT_007468,Crystal Morrow,1987-12-20,M,SA2146369
PAT_007469,Barbara Ellis,1986-11-27,X,RU7977006
PAT_007470,Christopher Parker,1969-10-17,F,DE4047388
PAT_007471,Jason King,1989-09-07,M,NG5825971
PAT_007472,James Barnes,2002-11-29,F,SA4796269
PAT_007473,Travis Wagner,1969-02-12,M,
PAT_007474,Catherine Vega,1974-05-30,F,BD8206052
PAT_007475,Matthew Perez,1981-06-10,M,US5255580
PAT_007476,Patricia Delacruz,1956-06-20,F,AU1670819
PAT_007477,Rebecca Shields,1987-01-04,M,
PAT_007478,Denise Reese,1976-12-29,F,PK6242131
PAT_007479,Patricia Mahoney,1985-04-28,M,PK9220780
PAT_007480,Michelle Norman,1997-02-15,M,BD3076091
PAT_007481,Mitchell Werner,1990-12-26,M,BD5942322
PAT_007482,Scott Sexton,2004-08-13,M,SA2222052
PAT_007483,Joseph Mccall,1960-05-30,F,NG6283439
PAT_007484,Alicia Smith DDS,1987-05-20,M,DE9535743
PAT_007485,Samuel Shields,1978-03-06,M,NG1067133
PAT_007486,Jared Macias,1969-11-25,M,
PAT_007487,Brittney Goodman,1973-12-01,F,BD5473904
PAT_007488,Sarah Gordon,2002-09-24,F,NG2646126
PAT_007489,Maria Woods,1996-09-06,M,US6618522
PAT_007490,James Little,1988-05-04,F,AU9527855
PAT_007491,Jennifer Scott,1969-05-29,F,GB4256169
PAT_007492,Tammy Chavez,1977-05-11,M,
PAT_007493,David Gates,1974-04-06,M,AU4289114
PAT_007494,Justin Wyatt,1988-02-14,F,AU7466522
PAT_007495,Jay Bradford,1970-06-18,F,BD1298020
PAT_007496,Elizabeth Graham,1966-11-09,F,SA4112364
PAT_007497,Jeffery Clements,1999-09-09,M,GB3399852
PAT_007498,Melissa Miller,1955-11-19,F,DE5819800
PAT_007499,Colton Diaz,1993-12-07,M,GB3457086
PAT_007500,David Peterson,1972-04-24,F,DE6361701
PAT_007501,Lisa Wilson,1975-06-09,F,US5582184
PAT_007502,Kerry Bruce,1998-09-23,M,GB6365561
PAT_007503,Kiara Kelly,1976-09-21,X,RU7190041
PAT_007504,Jillian Andrews,2005-05-16,F,KE9726138
PAT_007505,James Delgado,1965-01-12,M,SA8402844
PAT_007506,Christy Vance,1973-04-12,F,GB3553262
PAT_007507,Megan Baird,1971-11-01,M,SA1784443
PAT_007508,Mr. Scott Glover,1974-12-03,F,DE9292090
PAT_007509,John Summers,1963-03-25,X,GB2284277
PAT_007510,Andrew Ballard,1974-03-23,M,PK8146549
PAT_007511,Julie Schaefer,1986-02-03,M,RU8862873
PAT_007512,Jacob Lynn,1985-05-10,M,GB2815364
PAT_007513,Bradley Richardson,1995-02-15,M,DE3680025
PAT_007514,Luke Johnson,1975-06-13,F,BD9702290
PAT_007515,Lisa Dean,1997-11-28,M,US7967558
PAT_007516,Judy Morris,1957-06-08,M,GB1527942
PAT_007517,Wyatt Robinson,1972-11-09,F,SA8457148
PAT_007518,Terrence Peck,1950-12-28,F,AU1641563
PAT_007519,Heather Oconnor,1975-05-18,M,GB5466736
PAT_007520,Martha Myers,1994-12-30,M,NG8429917
PAT_007521,Nicole Ortiz,1990-03-27,F,BD5542956
PAT_007522,George Nelson,1980-12-31,F,DE2090313
PAT_007523,Michael Mcgrath,1998-02-04,M,NG7760113
PAT_007524,Keith Peterson,1969-02-26,M,PK4567521
PAT_007525,Adam Cole,1968-04-22,F,
PAT_007526,Nicholas Anderson,1976-08-07,M,NG5425299
PAT_007527,Melissa Thomas,1988-07-28,M,BD8168827
PAT_007528,Gabriel Romero,1975-05-17,F,SA9240637
PAT_007529,Amy Love,1981-09-08,F,AU2065872
PAT_007530,Denise Mays,1984-02-12,F,PK4370179
PAT_007531,Stanley Haas,1967-07-31,M,GB6585542
PAT_007532,Allison Ortiz,1979-05-31,M,AU5383524
PAT_007533,Leonard Johnson,1952-07-15,F,GB4533088
PAT_007534,Paula Graham,1956-06-13,F,DE6591393
PAT_007535,Deborah Thompson,1957-05-22,M,NG9085465
PAT_007536,Lindsay Colon,1999-12-31,F,US1261451
PAT_007537,Christina Ward MD,1980-05-06,F,DE9648547
PAT_007538,Dr. Robert Reynolds,1964-11-04,F,BD7727483
PAT_007539,Jon Norman,1960-07-22,M,BD7917347
PAT_007540,Dawn Ramirez,1997-08-27,M,US3747508
PAT_007541,Xavier Elliott,1963-07-20,M,
PAT_007542,Brian Lee,1997-04-29,M,AU4410984
PAT_007543,Lauren Smith,1974-02-19,M,DE2791098
PAT_007544,Julie Thompson,1995-06-12,F,PK7055156
PAT_007545,Hailey Garcia,1953-05-09,M,US9551907
PAT_007546,Hannah Austin,1993-09-07,M,AU5735689
PAT_007547,Karen Hicks,1956-10-27,M,DE2574775
PAT_007548,John Williams,1988-06-01,M,PK2489516
PAT_007549,Christina Webster,1986-10-23,M,GB3370816
PAT_007550,Samantha Riley,1977-10-16,M,GB4889931
PAT_007551,Travis Castillo,2005-03-05,M,
PAT_007552,Ronald Reynolds,1959-09-22,M,KE9287510
PAT_007553,Casey Deleon,1958-02-15,M,BD7750924
PAT_007554,Anne Smith,1954-07-08,F,US5254952
PAT_007555,Megan Fowler,1959-12-30,M,SA3895973
PAT_007556,Lisa Wilson,1994-10-12,F,PK5962584
PAT_007557,Laura Turner,1974-05-04,F,NG5602481
PAT_007558,Amanda Jones,1969-03-12,M,RU6570397
PAT_007559,Christopher Murray,1963-06-03,F,DE5038215
PAT_007560,Anna Hamilton,1957-12-14,M,US7236309
PAT_007561,Gregory Madden,2003-01-10,M,DE8592102
PAT_007562,Alyssa Lopez,1957-03-25,F,PK7943408
PAT_007563,Robert Curry,2003-04-20,M,GB4927140
PAT_007564,Jacob Crane,1955-11-28,M,SA3859336
PAT_007565,Miss Maria King,1979-10-22,M,SA4554357
PAT_007566,Travis Roberts,1960-08-11,M,US1572958
PAT_007567,Michael Le,1995-06-23,M,AU6152780
PAT_007568,Scott Reese,1978-04-06,F,SA2949425
PAT_007569,Stacie Moreno MD,1960-02-02,M,KE7945049
PAT_007570,Nathan Allen,1999-10-19,M,BD4714831
PAT_007571,Lori Nguyen,1990-09-09,M,PK3710077
PAT_007572,Alexandra Zavala,1960-11-15,M,US8556459
PAT_007573,Jerry Tyler,2005-08-15,F,RU5280786
PAT_007574,Angela Gibson,1980-11-26,M,KE9207083
PAT_007575,Benjamin Moore,1958-02-02,F,KE8620913
PAT_007576,Ryan Gomez,1979-12-15,M,PK8141702
PAT_007577,Jeremy Obrien,1958-01-03,F,AU2536479
PAT_007578,Ryan Schultz,1974-12-02,M,BD4052495
PAT_007579,Michele Sanchez,2005-01-17,M,US1349223
PAT_007580,James Grant,1978-07-15,F,SA1879269
PAT_007581,Michael Lawrence,1962-01-03,F,GB1076996
PAT_007582,Jordan Wade,1981-02-04,F,KE9427892
PAT_007583,Debra Wheeler,1994-09-07,F,US4182848
PAT_007584,Sarah Ponce,2003-08-31,F,GB2626499
PAT_007585,Jonathan Castillo,1984-08-29,F,US1410249
PAT_007586,Mr. Thomas Miller IV,1951-06-16,M,US8767790
PAT_007587,Michael Vincent,1986-12-05,F,AU1452269
PAT_007588,James Oliver,2005-10-06,F,GB9669761
PAT_007589,Emily Davenport,1992-06-27,M,SA5015422
PAT_007590,Patrick Tucker,1973-02-10,M,NG7388773
PAT_007591,Jose Taylor,1959-04-14,M,PK7419771
PAT_007592,Dennis Bush,1985-03-12,X,NG6128587
PAT_007593,Robert Knight,1961-09-09,F,GB6761457
PAT_007594,Reginald Ramirez,1983-11-24,F,
PAT_007595,Danielle Brown,1977-01-15,M,AU8441951
PAT_007596,Jennifer Kim,2003-11-26,F,DE1635225
PAT_007597,Doris Foster,1992-01-26,F,US5054034
PAT_007598,Emily Miller,1983-03-23,M,GB2175815
PAT_007599,Daniel Brown,1983-02-24,M,RU7140254
PAT_007600,Stephen Ball,1960-08-13,F,US2338779
PAT_007601,Jaclyn Ramos,2003-05-06,F,DE8152984
PAT_007602,Shaun Hess,1957-11-10,X,
PAT_007603,Michael Ramsey,1952-05-07,M,GB3866359
PAT_007604,Victoria Steele,1964-01-27,M,KE9342556
PAT_007605,Connor Stein,1993-12-09,F,KE7255168
PAT_007606,Jason Johnson,1975-02-10,M,GB1561254
PAT_007607,Mr. Cody Garcia DVM,1977-07-01,M,SA8345104
PAT_007608,Dr. Jill Chavez MD,2004-07-22,M,US7902192
PAT_007609,Roberta Hopkins,1951-04-23,M,US4053640
PAT_007610,Stephen Smith,1973-11-02,M,RU2776307
PAT_007611,Terry Knight,1984-04-27,M,NG1894671
PAT_007612,Billy Lindsey,1968-12-11,M,GB5605182
PAT_007613,Sarah Calhoun,1980-02-01,M,US6789554
PAT_007614,Nicholas Mosley,1981-07-03,F,BD1363929
PAT_007615,Aaron Jones,1951-11-07,F,RU9823247
PAT_007616,Felicia Mathis,1962-04-15,F,US7303422
PAT_007617,Tammy Brown,1952-05-23,M,DE1791910
PAT_007618,Emily Miller,1969-05-02,M,DE5781836
PAT_007619,Danielle Daniels,1966-11-02,M,GB6612569
PAT_007620,Donald Ruiz,1954-06-01,M,US4708826
PAT_007621,Justin Castaneda,1991-09-07,F,NG6522633
PAT_007622,Amanda Turner MD,1990-09-16,F,BD6990969
PAT_007623,Nicole Livingston,1986-06-07,M,AU7037960
PAT_007624,Laura Murphy,2003-02-13,F,BD2780813
PAT_007625,Stephanie Mccall,2005-06-10,F,GB1597989
PAT_007626,Amy Maynard,1971-04-11,M,AU4653767
PAT_007627,Mr. Connor Oneal,1994-05-16,F,PK4895749
PAT_007628,Rebecca Zavala,1990-08-15,M,BD8810171
PAT_007629,John Kim Jr.,1975-04-23,F,KE5445867
PAT_007630,Thomas Kirby,1956-11-09,F,US8382025
PAT_007631,Chase Kennedy,1997-05-12,F,US6729924
PAT_007632,Donald White,1954-11-07,M,PK3469839
PAT_007633,Dean Brown,1961-11-07,M,BD8344233
PAT_007634,Deborah Reese,1993-04-27,F,GB6097068
PAT_007635,Nicole Deleon,1964-07-08,M,AU2251815
PAT_007636,Gail Scott,1960-04-18,M,GB5858550
PAT_007637,Joseph Jimenez,1950-03-18,M,US6834324
PAT_007638,Dr. Eric Grant DDS,1965-06-02,F,BD4627216
PAT_007639,Jacob Hawkins,1994-02-04,F,DE1351288
PAT_007640,Latoya Lambert,1950-02-23,F,AU1667269
PAT_007641,Heather Henry,1962-01-15,F,GB2216033
PAT_007642,Jennifer Rojas,1999-07-12,M,US1449367
PAT_007643,Tyler Clay,1979-01-10,F,
PAT_007644,Nicholas Davis,1952-08-21,M,AU4958383
PAT_007645,William Francis,1965-09-20,F,DE8062811
PAT_007646,Tammy Cannon,1978-12-11,M,SA9395410
PAT_007647,Katherine Soto,1983-09-29,M,US1281769
PAT_007648,Amy Reed,1991-08-15,X,US1058027
PAT_007649,Gary Martinez,1994-07-09,M,SA7743726
PAT_007650,Jorge Perry,1972-05-02,F,US8517294
PAT_007651,Cassandra Hicks,1973-10-13,F,GB3107981
PAT_007652,Theresa Wallace,1988-09-05,M,BD8954956
PAT_007653,David Jenkins,1998-01-27,F,GB6817377
PAT_007654,Kathy Phillips,1979-04-02,M,KE3574603
PAT_007655,Tammy Griffin,1966-02-03,M,AU8736109
PAT_007656,Joshua Gonzales,1964-11-30,M,US2080584
PAT_007657,Jeffrey Miller,1990-02-11,F,NG1289682
PAT_007658,Jeffery Ray,1995-04-02,F,RU6481695
PAT_007659,Timothy Carlson,1978-10-02,F,KE3201443
PAT_007660,Julie Jenkins,1988-09-28,F,AU5509630
PAT_007661,Anthony King,1969-03-01,F,
PAT_007662,Rachel Morris,1968-07-15,M,AU3783636
PAT_007663,Johnny Smith,2002-11-10,F,KE7705648
PAT_007664,Shelby Bailey,1984-11-15,F,US5464756
PAT_007665,Michelle Herrera,2005-04-05,M,US4504382
PAT_007666,Steven Gaines,1986-10-14,F,US5244415
PAT_007667,Cassidy Campbell,1981-10-04,M,DE7897307
PAT_007668,Jesus Garcia,1976-12-18,F,GB7134961
PAT_007669,Tammy Olson,1991-09-13,F,BD7784256
PAT_007670,Jeffrey Anderson,2004-03-01,F,SA4434621
PAT_007671,Nicholas Yates,1994-06-15,M,NG2824305
PAT_007672,Peter Evans,1964-09-13,M,SA1505371
PAT_007673,Deanna Smith,2004-01-29,M,SA9978872
PAT_007674,Rebecca Rodriguez,1979-05-13,F,KE7122206
PAT_007675,Tristan Mcgee,1999-05-14,M,PK9747461
PAT_007676,Kimberly Gonzalez,1952-10-06,X,US5444012
PAT_007677,Julie Dudley,1957-10-20,F,BD2761877
PAT_007678,Amy Warren,1972-09-12,F,GB6228691
PAT_007679,Carolyn Townsend,1966-01-20,F,US6648180
PAT_007680,Kevin Adams,1979-05-07,M,AU9257483
PAT_007681,John Humphrey,1971-12-03,M,NG2243871
PAT_007682,Nicholas Ferguson,1984-08-25,M,DE9116984
PAT_007683,Alyssa Thompson,1970-03-17,M,US7207450
PAT_007684,Gloria Sullivan,1973-03-05,F,DE7716894
PAT_007685,Joseph Perry,2003-11-18,M,US1448556
PAT_007686,Shannon Fernandez,1960-01-30,F,AU3287384
PAT_007687,John Barrett,1964-05-06,M,US1368016
PAT_007688,Sarah Golden,1988-04-24,M,RU1944814
PAT_007689,Anthony Valdez,1993-11-16,F,NG8668716
PAT_007690,Judith Perez,2004-08-02,M,KE6502030
PAT_007691,George Bell,1967-05-20,M,NG3135195
PAT_007692,Ashley Martinez,1991-11-07,M,RU7199582
PAT_007693,James Jones,1968-06-18,M,US4439807
PAT_007694,Brittany Armstrong,1953-07-10,F,SA6564314
PAT_007695,Tracy Weaver,1980-07-21,F,GB3879062
PAT_007696,Shane Lee,1970-07-06,M,DE5453644
PAT_007697,Amy Norman,1966-07-11,F,SA8395117
PAT_007698,Scott Palmer,1989-04-13,M,US1947029
PAT_007699,Charles Brown,1990-09-22,F,GB7585478
PAT_007700,Gabriel Hill,1987-01-21,M,GB1174953
PAT_007701,Joshua Landry,1958-07-03,M,US3588482
PAT_007702,Lucas Smith,1955-01-07,M,AU1692446
PAT_007703,Robert Ford,1986-03-31,F,DE3013064
PAT_007704,Tyler Banks,1994-07-08,M,BD4411806
PAT_007705,Susan Montoya,2002-01-31,M,US4006420
PAT_007706,Christina Oneal,1985-07-23,M,BD2867963
PAT_007707,Nicole Hendrix,1988-03-28,F,PK2198170
PAT_007708,Jessica Morris,1982-06-29,M,AU2620426
PAT_007709,Dustin Choi,1985-04-24,M,US7170544
PAT_007710,Sarah Fischer,1995-02-22,M,PK1225415
PAT_007711,Crystal Johnson,1979-01-06,M,AU5258959
PAT_007712,Jeffrey Perez,1956-01-20,M,NG3798751
PAT_007713,Sara Klein,1986-03-31,F,DE4153908
PAT_007714,Joseph Horton,1954-12-18,F,US1612273
PAT_007715,Kathleen Johnson,1959-04-23,M,SA7913199
PAT_007716,Scott Vega,1965-09-27,F,DE3703594
PAT_007717,Marcus Smith,1966-12-15,F,GB1498152
PAT_007718,Stephen Madden,1951-03-26,M,BD1067563
PAT_007719,Theresa Adkins,1959-05-28,M,NG4204651
PAT_007720,Amy Harrison,2001-09-25,F,BD5582491
PAT_007721,Matthew Ray,1958-08-09,F,AU5543512
PAT_007722,Jesus Baker,2005-02-05,F,DE8816666
PAT_007723,Cole Jennings,2004-01-23,F,
PAT_007724,Erica Mccoy,1983-01-19,F,US4186574
PAT_007725,Scott Jacobson,1978-05-27,M,SA8112269
PAT_007726,Tiffany Sexton,1999-09-19,M,PK3896820
PAT_007727,John Leach,1993-07-07,M,US5708635
PAT_007728,April Campbell,1957-07-26,F,SA1076820
PAT_007729,Mr. Christopher Martin,1999-04-21,F,DE7861939
PAT_007730,Aaron Martin,1998-06-06,M,PK8180965
PAT_007731,Clinton Wood,1988-08-23,M,SA2045917
PAT_007732,Joshua Jones,2005-08-22,F,PK7609693
PAT_007733,Stephanie Wilson,1985-09-05,F,US5802944
PAT_007734,David Miller,2002-12-09,F,US5863991
PAT_007735,Kristen Wells,1988-07-13,F,BD8644873
PAT_007736,Patricia Smith,1994-01-22,M,RU9052208
PAT_007737,Daniel Grimes,1996-06-09,F,GB4210099
PAT_007738,Barbara Schmidt,1988-08-19,F,US2664412
PAT_007739,Jose Howard,1955-11-18,M,GB1921337
PAT_007740,Dylan Martinez,2002-11-07,M,GB6207048
PAT_007741,Taylor Smith,1972-12-10,M,AU3662750
PAT_007742,Timothy Madden,1988-01-18,F,US8498496
PAT_007743,Jacqueline Rivera,1985-10-31,F,
PAT_007744,Suzanne Lewis,1975-04-30,F,RU2600970
PAT_007745,Brittany Russell,1950-04-01,F,AU2752210
PAT_007746,Rachel Reyes,1978-08-19,M,BD5269567
PAT_007747,Sylvia Baker,1981-02-06,F,NG5540259
PAT_007748,John Carr,1998-04-10,M,RU2169260
PAT_007749,Timothy Craig,1988-11-19,F,AU3033482
PAT_007750,Dalton Williams,2001-05-11,M,GB2559432
PAT_007751,Holly Gonzalez,1981-08-27,M,US4006566
PAT_007752,Jessica Hernandez,1969-05-02,M,US5856970
PAT_007753,Sarah Harris,2003-06-05,M,NG4725890
PAT_007754,Ryan Gilbert,2004-07-05,M,SA6696085
PAT_007755,Erik Hinton,1982-01-16,F,
PAT_007756,Daniel Jordan,1960-04-27,F,SA8820060
PAT_007757,Sheila Jordan,2002-09-10,M,KE1111078
PAT_007758,Jeffrey Gregory,1985-12-01,M,US7069941
PAT_007759,Matthew Santana,1979-10-11,M,DE1213952
PAT_007760,Melissa Carlson,1984-03-09,F,BD7320155
PAT_007761,Jacqueline Fisher,1985-10-18,F,NG5092912
PAT_007762,Isabel Webster,1964-11-19,F,BD1953391
PAT_007763,Wendy Hendricks,1963-01-03,F,SA2702386
PAT_007764,David Delgado,1950-04-29,M,GB5157487
PAT_007765,Kimberly Williamson,1982-02-04,F,US9655081
PAT_007766,Sherry Norman,2005-05-13,F,NG7597016
PAT_007767,Michael Williams,1967-02-02,F,GB4416015
PAT_007768,Douglas Cochran,1983-08-15,F,SA7579886
PAT_007769,Robert Holt,1951-10-12,M,US2034625
PAT_007770,Olivia Garcia,1974-01-27,F,NG4944721
PAT_007771,April Thomas,1954-06-10,F,NG6755241
PAT_007772,Nicholas Hopkins,1977-10-06,M,GB4218434
PAT_007773,David Johnson MD,2002-04-26,F,PK2347797
PAT_007774,Kimberly Graham,1956-04-11,M,RU6407091
PAT_007775,Jose Mcdonald,1991-07-22,M,GB9597376
PAT_007776,Marissa Price,1963-12-06,M,BD2118687
PAT_007777,Julie Woods,1978-09-09,M,US8822420
PAT_007778,Jennifer Simmons,1950-02-06,M,BD3555631
PAT_007779,Allen Harris,1981-08-30,F,US6143046
PAT_007780,Cheryl Brown DDS,2001-07-20,F,AU2206593
PAT_007781,Tonya Harris,1974-10-30,M,DE2579241
PAT_007782,Amanda Stevens,1963-04-06,M,
PAT_007783,Robert Carpenter,1973-04-10,M,US4516619
PAT_007784,John Williams,2003-11-28,F,US8294705
PAT_007785,Heidi Mills,1987-07-03,M,KE9381661
PAT_007786,Brenda Smith,1956-12-04,M,GB8012320
PAT_007787,Lori Flynn,1992-11-16,M,US5119039
PAT_007788,Jennifer Lopez,1966-12-31,M,GB8790570
PAT_007789,Timothy Jennings,1961-10-22,M,
PAT_007790,Marie Suarez,1980-07-11,F,NG6381056
PAT_007791,Laura Smith,1975-04-18,M,SA5020706
PAT_007792,Stephen Ross,1979-03-29,M,SA7986006
PAT_007793,Melanie Mills,1967-11-08,M,US1466883
PAT_007794,Caitlin Chapman,1950-04-08,F,NG1116438
PAT_007795,Sean Wood,2001-08-03,M,NG6809387
PAT_007796,Deborah Morris,2002-07-26,F,DE6907903
PAT_007797,Jennifer Parsons,2004-06-04,F,US8524813
PAT_007798,Linda Moore,1971-07-04,M,NG3218957
PAT_007799,Maxwell Lynch,1970-07-06,F,KE5124900
PAT_007800,Larry Smith,1952-11-27,F,GB5951594
PAT_007801,Justin Schmidt,1981-09-02,M,PK7713803
PAT_007802,Nathaniel Williamson,1960-10-28,F,US7708077
PAT_007803,Haley Swanson,1962-08-15,F,AU1815188
PAT_007804,Joseph Bryant,1953-08-31,M,AU3027796
PAT_007805,Terry Yates,1955-08-07,M,GB1143208
PAT_007806,Tony Wright,1968-06-27,M,GB4001588
PAT_007807,Steven Flores,1972-09-23,M,GB2180114
PAT_007808,Michael Moon,1975-02-14,F,BD8218193
PAT_007809,Jasmine White,1971-01-04,M,NG2670544
PAT_007810,Michael Gordon,2004-09-24,F,SA5519445
PAT_007811,Michael Adkins,1989-06-15,F,DE4927517
PAT_007812,Anthony Weeks,1998-12-21,M,KE6176955
PAT_007813,Laura Reid,2003-09-24,F,DE3151929
PAT_007814,Martin Schmidt,1961-04-23,M,NG7467684
PAT_007815,Alexa Park,1976-01-09,F,US6287979
PAT_007816,Christopher Cantrell,1979-02-24,F,KE6228916
PAT_007817,Michelle Randall,1959-02-07,M,
PAT_007818,Cameron Moss,1975-11-07,F,AU9488708
PAT_007819,Kelsey Johnson,1963-03-14,X,AU3802017
PAT_007820,Angela Buchanan MD,1954-05-25,M,BD7473162
PAT_007821,Mallory Young,1999-07-06,M,BD8969053
PAT_007822,Christina Miller,1950-03-12,M,AU1815500
PAT_007823,Valerie Wilson,1958-02-19,M,
PAT_007824,George Hendrix,1998-10-11,F,DE9040845
PAT_007825,Kristopher Hill,1980-04-18,F,KE1307687
PAT_007826,Danielle Conley,1965-08-12,M,RU3394789
PAT_007827,Joshua Cole DDS,1966-12-10,M,NG4508319
PAT_007828,Matthew Jensen,2000-11-07,M,GB1563527
PAT_007829,Chad Rice,1957-11-11,F,KE6573555
PAT_007830,Tammy Alexander,1984-11-02,F,BD4744867
PAT_007831,Thomas King,2004-10-11,M,SA8569094
PAT_007832,Brian Ramos,1985-08-27,M,GB3453786
PAT_007833,Wesley Taylor,1978-07-05,F,PK2691881
PAT_007834,Melissa Dixon,1997-10-07,M,US9095989
PAT_007835,Jeffery Welch,1983-11-17,F,DE3909820
PAT_007836,Greg Dickerson,1952-07-03,F,RU1159407
PAT_007837,Geoffrey Kramer,1967-09-07,M,NG5004609
PAT_007838,Christopher White,1960-10-06,M,
PAT_007839,Wendy Martin,1968-03-17,M,BD3871564
PAT_007840,Mrs. Lisa Williams,1983-04-10,X,GB6053997
PAT_007841,Annette Hays,1984-06-27,F,DE5023390
PAT_007842,Darren Martin,1982-07-03,F,KE4481533
PAT_007843,Tanya Hawkins,1982-08-01,F,NG8460017
PAT_007844,Kelly Zhang,1958-06-30,F,KE8994341
PAT_007845,Regina Flowers,1967-07-11,M,NG3784222
PAT_007846,Lisa Myers,1969-01-25,F,RU5711599
PAT_007847,Matthew King,1973-03-17,M,RU7767137
PAT_007848,Nancy Lopez,1989-12-06,M,NG5501871
PAT_007849,Jeffrey Miller,1957-04-15,M,US8454484
PAT_007850,James Crawford,1962-04-30,X,PK3879734
PAT_007851,Amber Sloan,1958-03-13,M,US6219323
PAT_007852,Matthew Miller,1993-12-09,F,AU2207194
PAT_007853,Raymond Martin,1994-11-25,M,PK1300918
PAT_007854,David Diaz,1979-11-17,M,GB9256635
PAT_007855,Amanda Blair,2002-01-20,F,PK3011003
PAT_007856,Jeffrey Hensley,1972-04-19,F,DE8008405
PAT_007857,Mallory Johnson,1988-03-19,M,PK9664822
PAT_007858,Angela Jacobs,1990-01-11,M,SA9347882
PAT_007859,Terry Miller,1992-08-24,F,US3219790
PAT_007860,Brian Myers,2005-03-22,F,SA1862738
PAT_007861,Leslie Morris,1965-08-08,M,
PAT_007862,Eric Cortez,1967-11-14,M,PK7720195
PAT_007863,Brendan Dyer,1994-01-06,M,SA2164482
PAT_007864,Sarah Anderson,2004-07-23,M,PK1411830
PAT_007865,Katherine Evans,1974-10-25,M,
PAT_007866,Melissa Brock,1990-06-26,M,AU9124353
PAT_007867,Matthew White,1964-05-30,M,BD7707330
PAT_007868,Gina Leonard,1953-07-19,F,GB5443522
PAT_007869,Taylor Ellis,1983-01-15,M,US6192821
PAT_007870,Christina Porter,1957-03-02,F,US7082214
PAT_007871,Brooke Jenkins,1974-08-24,M,RU1097464
PAT_007872,Roberto Santana,1959-05-12,X,KE3610673
PAT_007873,Ashley Brady,1996-12-01,M,SA1394961
PAT_007874,Joseph Contreras,1964-07-02,M,BD2018770
PAT_007875,Ana Wilson,1992-09-16,M,NG7079002
PAT_007876,Daniel Durham Jr.,1995-06-09,F,GB8325523
PAT_007877,Andrew Johnson,1967-11-05,M,KE2737011
PAT_007878,Charles Ellis,1993-10-16,F,
PAT_007879,Richard Sanchez,1997-01-03,F,BD4636026
PAT_007880,Maria Farmer,1954-08-30,F,GB7470158
PAT_007881,Charles Jordan,1955-07-17,M,AU9034239
PAT_007882,Heather Boone,1969-10-07,M,GB5360618
PAT_007883,Diane Oneal,1993-04-18,M,US9605473
PAT_007884,Deborah Miller,1959-04-12,M,NG1171308
PAT_007885,Christopher Brooks,1976-04-13,F,BD6854225
PAT_007886,Heather Love,1987-08-31,M,GB5386673
PAT_007887,Dr. Kimberly Jimenez,1984-02-18,F,RU6276476
PAT_007888,Mark Hoffman,1952-02-20,M,DE6487854
PAT_007889,Kristy Rodgers,1976-09-29,M,PK9176734
PAT_007890,Nathaniel Nunez,1963-07-26,M,PK1018806
PAT_007891,Carla Clarke,1951-03-30,F,US9930034
PAT_007892,Rachel Stark,1987-10-03,F,US1566472
PAT_007893,Amber Atkins,1985-09-15,F,AU1911678
PAT_007894,Todd Chandler,1992-02-14,M,BD1372514
PAT_007895,Matthew Burton,1975-03-23,M,NG3068555
PAT_007896,Lindsey Simpson DDS,1977-01-04,M,GB5764191
PAT_007897,Raymond Perez,1999-04-18,F,US2533549
PAT_007898,Vanessa Watkins,1994-09-10,F,NG7023271
PAT_007899,Michael Fox,1970-12-17,F,DE1389333
PAT_007900,Suzanne Steele,1976-04-27,F,NG6382745
PAT_007901,Sherry Brown,2000-12-05,M,GB8425932
PAT_007902,Stephanie Hahn MD,1965-04-11,M,PK7205144
PAT_007903,Pamela Ball,1979-05-08,M,DE3986948
PAT_007904,Karen Cobb,1996-02-16,F,GB3843544
PAT_007905,Renee Clark,1968-09-28,M,GB5955706
PAT_007906,Ashley Pope,1966-09-03,X,NG1652714
PAT_007907,Mark Sparks,1973-12-21,F,GB2186478
PAT_007908,Alison Carlson,2005-06-08,M,NG4428367
PAT_007909,Eddie Joyce,1988-05-17,F,GB5650697
PAT_007910,Carmen Hudson,1954-09-19,M,PK4081344
PAT_007911,Mark Anderson,1964-03-29,F,RU1293162
PAT_007912,Cameron Kelly,1965-11-09,M,AU1410984
PAT_007913,Larry Montes,2001-11-01,F,SA4872722
PAT_007914,Thomas Miranda,2003-06-12,F,PK7961238
PAT_007915,Kevin Smith,1989-11-01,F,GB5982206
PAT_007916,Julie Berry,1984-08-15,M,BD8312504
PAT_007917,Randall Calderon,1993-12-27,F,GB4741919
PAT_007918,Crystal Gregory,2002-09-28,F,NG1415532
PAT_007919,James Ali,1954-11-21,M,
PAT_007920,Wendy Walker,1988-04-20,M,NG5178061
PAT_007921,Derek Brown,1981-11-20,F,US3516237
PAT_007922,Melissa Palmer,1965-12-21,F,SA5001229
PAT_007923,Samuel Robinson,1954-01-16,F,BD4369625
PAT_007924,Cynthia Murphy,1973-11-19,M,US2172988
PAT_007925,Cynthia Fitzpatrick,1989-04-19,F,NG9116174
PAT_007926,Rachel Hendricks,1976-06-24,F,GB8176034
PAT_007927,Lisa Newton,1983-06-19,M,GB3888556
PAT_007928,Michael Wall,1983-10-10,M,DE6496741
PAT_007929,Christopher Walsh,1994-12-13,M,SA2193956
PAT_007930,Catherine Parker,1960-03-05,M,NG8173409
PAT_007931,William Dixon,1956-11-16,M,
PAT_007932,Dennis Simpson,1979-07-03,F,NG5086089
PAT_007933,Lauren Saunders,1982-08-29,F,DE6898990
PAT_007934,Joy Freeman,1981-03-06,M,GB6953153
PAT_007935,Alfred Johnson,1997-01-11,F,BD4261716
PAT_007936,Matthew Smith,1960-10-23,M,US3851686
PAT_007937,Carlos Barnett,2000-01-20,F,GB3671047
PAT_007938,Jared Huynh,2005-11-06,F,GB7323314
PAT_007939,Shelley Rich,1999-01-05,F,
PAT_007940,Jeffery Chavez,2003-05-31,M,DE2937735
PAT_007941,Randy Obrien,1959-06-28,F,BD3340265
PAT_007942,Parker Williams,1977-10-18,F,US8034577
PAT_007943,Yvonne Newton,1974-11-09,M,GB3873381
PAT_007944,Jessica Middleton,1962-02-26,F,DE3449713
PAT_007945,Mr. Christopher Waller Jr.,1953-02-01,F,BD8817522
PAT_007946,Jessica Flowers,1973-04-28,M,AU1081985
PAT_007947,Robert Cochran,1968-05-28,M,GB3716457
PAT_007948,Donald Rodriguez,1962-03-16,M,GB7323009
PAT_007949,Laurie Nunez,1973-08-21,M,DE8097238
PAT_007950,Dr. Jodi Higgins,1972-07-05,M,DE2683256
PAT_007951,Kelsey Ross,2003-11-16,M,NG7936644
PAT_007952,Larry Garcia,1990-03-06,F,BD7296624
PAT_007953,Heather Stewart,1997-08-01,F,PK7938655
PAT_007954,Emily Olson,1952-02-03,F,US6681352
PAT_007955,Samuel Daniels,1951-12-12,F,RU6705455
PAT_007956,Kathleen Garcia,1950-06-08,X,AU9222898
PAT_007957,Morgan Lee,1962-05-06,F,US3328070
PAT_007958,William Griffin,1975-01-07,M,US1187484
PAT_007959,Crystal Mcguire,1997-07-28,F,US6543797
PAT_007960,Edwin Simpson,1993-02-05,F,US3395521
PAT_007961,Sheryl Jensen,1953-09-02,M,PK3007829
PAT_007962,Brandon Marshall,1978-09-01,M,US3239359
PAT_007963,Anthony Rodriguez,1983-10-18,M,SA6468638
PAT_007964,Alex Williams,1983-02-04,F,KE8085587
PAT_007965,Mr. Matthew Wise MD,1980-12-17,F,NG9626393
PAT_007966,Kelly Herman,1990-01-17,M,US2533736
PAT_007967,Julie Mack,2005-11-06,F,GB9482089
PAT_007968,Mark Dunlap,1970-05-18,M,RU9537550
PAT_007969,Steven Brown,2004-03-10,F,GB3610503
PAT_007970,Jennifer Davis,1974-04-30,F,GB5924787
PAT_007971,Erin Lewis,1960-10-25,F,
PAT_007972,Steven Andersen II,1957-07-26,F,NG8456631
PAT_007973,Julie Johnston,2000-08-29,F,NG9243749
PAT_007974,Carol Pitts,1996-10-17,M,PK4577488
PAT_007975,Donna Kirby,1956-05-03,M,GB8759235
PAT_007976,Cody Foster,1979-05-18,M,
PAT_007977,Lisa Stewart,1974-07-29,M,US8836557
PAT_007978,Paul Bailey,2002-03-19,F,PK3822854
PAT_007979,Olivia Clark,1973-02-02,M,DE6192819
PAT_007980,Scott Johnson MD,1979-02-22,F,SA6738987
PAT_007981,Morgan Collins,1999-08-12,M,SA9243426
PAT_007982,Danielle Franklin,1958-12-07,F,BD1704399
PAT_007983,Rebecca Wheeler,1971-12-11,M,US1064141
PAT_007984,Mary Stewart,1971-02-21,M,GB2428939
PAT_007985,Valerie Wolf,1955-07-15,F,SA4885308
PAT_007986,Casey Baker,1960-02-17,F,US9755680
PAT_007987,Donald Church,1980-12-15,F,
PAT_007988,Michelle Thomas,1974-08-01,F,DE2718513
PAT_007989,Todd Jones MD,1989-05-23,F,SA8556425
PAT_007990,Crystal Fields,2002-09-01,F,BD3310664
PAT_007991,Abigail Wallace,1962-04-17,M,GB6806810
PAT_007992,Brian Weaver,1992-08-01,F,US8237230
PAT_007993,Matthew Wilson,1970-11-27,F,BD4551963
PAT_007994,Corey Delgado,1991-08-12,M,SA8699785
PAT_007995,Carlos Smith,1998-04-29,M,NG1771786
PAT_007996,Brian Ramirez,1989-10-04,F,BD7482298
PAT_007997,Jennifer Bean,1990-03-27,F,
PAT_007998,Jason Powell,2002-11-06,M,US8213048
PAT_007999,James Smith,2003-08-04,M,US8087974
PAT_008000,Gary Moran,1997-01-27,M,GB4983809
PAT_008001,Zachary Mack,1998-04-02,F,GB6904603
PAT_008002,Cody Valdez,1962-05-29,M,US7390899
PAT_008003,James Torres,1956-02-03,X,NG3467031
PAT_008004,Ryan Singleton,2003-11-05,M,US7709977
PAT_008005,Jennifer Reese,1994-04-18,M,PK4349605
PAT_008006,Molly Matthews,1983-12-02,F,US9033367
PAT_008007,William Miller,1985-11-19,F,GB4719420
PAT_008008,Aaron Stone,2001-12-23,F,
PAT_008009,Rebecca Pham,1998-12-05,F,
PAT_008010,David Salazar,1955-03-03,F,BD4678006
PAT_008011,Shane Hodges,1999-07-03,M,AU9376487
PAT_008012,Eric Washington,1984-03-08,M,RU7813787
PAT_008013,Jason Davis,1958-09-11,F,KE3299693
PAT_008014,Roy Robinson,1962-01-22,M,KE9035337
PAT_008015,Julie Huff,1985-06-28,M,US2547859
PAT_008016,Erica Parsons,2000-01-21,M,
PAT_008017,Carmen Carlson,2001-10-21,M,BD2542578
PAT_008018,Michelle Jones,1950-10-26,M,DE5183066
PAT_008019,Jennifer Riley,1980-02-12,M,SA2519226
PAT_008020,Kenneth Banks,1973-05-24,F,DE9068562
PAT_008021,Sean Mendoza,1950-10-04,M,RU5133596
PAT_008022,Amber Sanders,1961-09-13,F,PK7940337
PAT_008023,Anthony Hamilton,1953-03-23,M,SA4220493
PAT_008024,Amy Johnston,1973-04-25,M,BD1672184
PAT_008025,Bryan Sandoval,1987-01-13,M,US5925855
PAT_008026,Sarah Harrison,1965-04-13,M,US5367908
PAT_008027,Megan Garcia,1951-01-02,F,US6768573
PAT_008028,Dominique Ramos,1999-09-03,M,US2977956
PAT_008029,Lisa Nunez,1988-01-16,F,GB2824421
PAT_008030,Denise Fisher,1977-01-10,F,NG9481456
PAT_008031,Charles Jacobs,1955-09-25,M,NG5851071
PAT_008032,Colleen Palmer,1970-05-28,M,BD4540371
PAT_008033,Kimberly Collins,1989-05-30,M,BD2589429
PAT_008034,Samuel Ryan,1954-05-24,M,US6408884
PAT_008035,Brittany Strickland,2003-04-26,M,NG3990589
PAT_008036,Marc Andersen,1964-11-23,M,DE1288867
PAT_008037,Kimberly Jordan,1950-06-09,M,US1792103
PAT_008038,William Knapp,1994-12-27,M,NG8361308
PAT_008039,Michael Smith,1962-11-19,F,NG5933511
PAT_008040,Amanda Marquez,1966-05-02,F,DE6064839
PAT_008041,Frederick Freeman,1956-10-10,F,US6184636
PAT_008042,William Smith,2003-10-19,F,RU3539216
PAT_008043,Cheyenne Juarez,1987-10-15,M,DE7034692
PAT_008044,Janice Hodge,1983-02-15,M,GB5596856
PAT_008045,Anita Conley,1968-11-23,M,NG1206318
PAT_008046,Phillip Boyd,1999-09-18,F,GB6185114
PAT_008047,Albert Moore,1978-11-02,M,RU9588893
PAT_008048,Theresa Goodwin,1959-02-15,X,RU6876903
PAT_008049,Todd Day,1997-10-19,F,GB1027502
PAT_008050,Roberta Wilson,1983-10-06,M,RU6116967
PAT_008051,Bobby Conner,1978-12-22,F,DE7294982
PAT_008052,Donald Bowman,1974-12-24,M,AU1200351
PAT_008053,Rachel Guerrero,1992-11-14,M,GB1035503
PAT_008054,Kelly Fowler,2001-12-16,M,BD4680214
PAT_008055,Joshua Hogan,1952-08-17,F,PK3284741
PAT_008056,Matthew Carr,1973-03-26,M,BD4783599
PAT_008057,Jose Jones,2001-03-29,M,DE8336176
PAT_008058,Robert Pratt,1996-12-25,F,GB9126565
PAT_008059,Steven Wheeler,1991-03-05,F,NG1062443
PAT_008060,Nicholas Campbell,1972-03-19,F,GB6975161
PAT_008061,Randy Fleming,1954-01-11,F,DE8995101
PAT_008062,Erin Jacobs,1987-11-24,M,NG7711119
PAT_008063,David Moore,1994-06-26,M,US9493935
PAT_008064,Stacie Key,1951-07-30,M,BD6541061
PAT_008065,Vanessa Dean,1985-11-10,M,DE3430310
PAT_008066,Jessica Wilkinson,1999-09-06,M,SA5378006
PAT_008067,Alisha Mason,1999-04-27,F,KE5920443
PAT_008068,Tina Williams MD,1989-06-03,M,US5256764
PAT_008069,Angel Ali,1970-01-21,F,SA9380058
PAT_008070,Scott Patterson,1999-03-15,F,RU6432019
PAT_008071,Shelby Price,1989-05-23,M,PK3542563
PAT_008072,Peter Cohen,1958-06-11,M,PK4682236
PAT_008073,Diana Waller,2001-04-29,M,KE7655828
PAT_008074,Sean Williams,1950-05-10,M,BD8568576
PAT_008075,Gloria Stone,1971-02-24,F,US8183019
PAT_008076,Kristen Ramirez,1961-07-18,M,PK3812401
PAT_008077,Dawn Holland,1958-01-17,F,BD1262861
PAT_008078,Mr. William Morris,2003-02-05,M,US4798905
PAT_008079,Mr. Adam Hall,1995-03-25,F,
PAT_008080,Jacob Francis,1957-03-05,F,PK6698819
PAT_008081,Jennifer West,1972-06-25,F,GB8964817
PAT_008082,Lisa Thompson,1968-11-24,F,AU3798135
PAT_008083,Eric Torres,1956-03-29,M,US3326573
PAT_008084,Jennifer Brewer,1978-04-15,M,DE3934330
PAT_008085,Devin Sanford,1964-03-20,F,DE2838851
PAT_008086,Jonathan Lewis,1983-07-09,M,PK9612979
PAT_008087,Angela Armstrong MD,1983-09-12,M,RU7344304
PAT_008088,Scott Powell,1983-07-22,M,GB8374495
PAT_008089,Timothy Conley,1970-08-21,M,SA7331857
PAT_008090,Mrs. Nicole Terry,1971-06-08,M,US4110256
PAT_008091,Joseph Ray,1973-06-10,M,US9921502
PAT_008092,Carol Hunter,1977-01-22,M,AU8655058
PAT_008093,Matthew Ward,1965-11-01,F,GB8953820
PAT_008094,Craig Ramirez,1953-06-05,F,NG4724676
PAT_008095,Catherine Allen,1988-04-08,F,BD1165083
PAT_008096,Autumn Edwards,1985-08-30,M,NG4150455
PAT_008097,Karen Guzman,2000-03-08,F,US8586202
PAT_008098,Megan Wood,1950-11-06,F,US8082544
PAT_008099,Christine Gardner,2000-07-11,F,NG6662644
PAT_008100,Vickie Shaffer,1967-03-11,X,GB5865866
PAT_008101,Taylor Harris,1997-07-17,M,RU1705355
PAT_008102,Jonathan Lewis,1993-09-02,M,PK6510723
PAT_008103,Bruce Flores Jr.,1996-01-26,M,US2085032
PAT_008104,Michael Love,1967-05-13,M,BD8743251
PAT_008105,David Hale,1997-10-17,M,
PAT_008106,Daniel Bailey,1957-06-10,F,PK9582168
PAT_008107,Rebecca Blackwell,1989-09-26,F,AU1882885
PAT_008108,Jeffrey Arnold,1994-10-14,M,BD8031606
PAT_008109,Stephen Brooks Jr.,1990-12-26,M,GB7997949
PAT_008110,Shannon Nguyen,1969-12-23,M,AU2526793
PAT_008111,Joseph Duarte,1994-11-26,F,SA5038916
PAT_008112,Joseph Austin,2001-03-20,F,PK3348907
PAT_008113,John Shelton,2002-04-16,F,DE1727356
PAT_008114,James Diaz,1972-05-01,F,GB7103716
PAT_008115,Jeremiah White,1968-09-18,M,AU3362873
PAT_008116,Nicholas Hayes,1967-10-19,F,BD5623583
PAT_008117,Sherri Moore,1964-12-25,M,
PAT_008118,Sheila Lynn,1966-10-05,M,DE4918027
PAT_008119,Jamie Mills,1968-04-11,M,GB8501522
PAT_008120,Joshua Mckenzie,1990-09-14,M,DE5565665
PAT_008121,Charles Harris,2005-11-08,F,SA7879292
PAT_008122,Angela Ortiz,1964-06-24,F,BD8244999
PAT_008123,Samuel Brown,1962-09-13,F,AU3481876
PAT_008124,Samuel Fields,1978-02-06,M,US6346994
PAT_008125,Alexander Rowe,1968-01-08,M,GB7767715
PAT_008126,Pamela Calderon,1989-10-09,M,US3466821
PAT_008127,Teresa Wallace,1981-09-22,M,BD9228024
PAT_008128,Nicole Rosales,1974-05-11,M,GB2782162
PAT_008129,Melissa Fisher,1965-12-21,F,US6428470
PAT_008130,Ann Archer,1961-03-08,M,SA8148152
PAT_008131,Ms. Kaitlyn Warren,1951-05-02,F,RU8099231
PAT_008132,Melissa Sweeney,1965-05-05,F,GB3548189
PAT_008133,Cody Donovan,1997-04-10,M,DE5777868
PAT_008134,Whitney Yates,1990-11-04,F,GB2659308
PAT_008135,Mary Frank,1976-01-03,F,NG4989835
PAT_008136,Dr. Jeanette Carey,1956-04-10,F,DE5328592
PAT_008137,Paul Kirk,1986-12-15,M,DE6230180
PAT_008138,Katelyn Malone,1964-07-13,F,DE9407340
PAT_008139,Dwayne Wilson,1992-02-29,M,GB4751637
PAT_008140,Tammy Moore,1979-09-15,F,BD8634863
PAT_008141,Adam Oconnell,1955-02-25,F,DE9108866
PAT_008142,Rachel Ingram,1995-06-27,F,NG2953996
PAT_008143,Megan Marsh,1980-05-13,M,RU5854928
PAT_008144,Keith Gross,2002-02-14,F,BD2704675
PAT_008145,Joseph West,1961-05-06,M,AU6356833
PAT_008146,Sonya Bennett,1991-08-23,M,KE4420173
PAT_008147,Jessica Watkins,2004-11-28,F,SA3984416
PAT_008148,Lisa Baker,1953-06-10,M,GB7442308
PAT_008149,Trevor Barrett,1962-03-23,F,GB6520793
PAT_008150,Kelly Hernandez,2001-05-05,F,PK8048826
PAT_008151,James Mccann,1961-01-03,F,US7261285
PAT_008152,Monica Smith,1986-11-29,M,DE9273777
PAT_008153,Kari Brooks,1985-02-28,M,US2127195
PAT_008154,Robert Christensen II,1951-12-22,F,BD3259237
PAT_008155,Madison Ward,2000-04-08,F,PK8858763
PAT_008156,Marisa Santos,1974-12-23,M,GB2525614
PAT_008157,Christopher Sims,1997-12-19,M,GB3934944
PAT_008158,Janet Evans,1974-01-02,F,US6945323
PAT_008159,Francis Payne,1995-04-26,F,PK7781730
PAT_008160,Lauren Leon,1957-08-22,F,GB4004023
PAT_008161,Vincent Kelley,1976-04-27,M,SA5299487
PAT_008162,Pamela Boyle,1977-07-24,F,DE2097917
PAT_008163,Kelly Davis,1958-10-08,F,NG8940812
PAT_008164,Julia Campbell,2000-06-18,F,NG5563464
PAT_008165,Suzanne Harris,1986-12-11,M,GB7871296
PAT_008166,David Mcpherson,1954-07-03,M,US6249194
PAT_008167,Katie Cook,1964-05-01,M,GB7438967
PAT_008168,Kathy Green,2001-03-01,F,RU6734896
PAT_008169,Christine Wall,1974-06-10,F,AU6709474
PAT_008170,Brian Gonzalez,1979-09-14,F,PK4887593
PAT_008171,Richard Page,1971-12-11,F,GB6366064
PAT_008172,Sarah Lewis DDS,1986-03-29,F,NG4443005
PAT_008173,Patty Jones,1955-08-20,F,US9130222
PAT_008174,Melinda Gordon,1980-11-05,F,GB8905746
PAT_008175,Crystal Mcclain,1987-11-09,M,GB9731868
PAT_008176,Amber Garza,1974-06-29,M,KE1491955
PAT_008177,Warren Rivera,1959-06-28,M,BD9192149
PAT_008178,Kayla Cobb,1950-04-17,F,GB9084348
PAT_008179,Justin Hawkins,1973-07-12,M,PK2108844
PAT_008180,Ana Fox,1983-04-08,M,AU8380127
PAT_008181,Diana Martin,1955-02-05,M,US2898533
PAT_008182,Troy Macdonald,1975-08-30,F,GB4883681
PAT_008183,Christopher Hughes,1992-01-18,M,AU6687459
PAT_008184,Jessica Hughes,1953-07-17,F,BD3429175
PAT_008185,Carlos Lewis,1987-07-06,F,
PAT_008186,John Wilson,2002-05-18,M,DE4113854
PAT_008187,Alice Thompson,1972-03-28,F,GB1630692
PAT_008188,Charles Chase,1951-11-03,M,US6346596
PAT_008189,Kristen Salas,1979-01-29,F,BD1319273
PAT_008190,Lisa Jackson,2001-05-14,M,GB7103361
PAT_008191,Alexander Green,1951-12-12,M,KE6512187
PAT_008192,Carlos Chavez,1972-02-26,M,BD5205144
PAT_008193,Ann Beasley,2000-02-09,M,NG4977150
PAT_008194,Kenneth Perez,1954-12-03,F,AU6948061
PAT_008195,Alicia Nolan,1999-05-02,F,BD8142048
PAT_008196,Lance Combs,1968-02-20,M,US6401411
PAT_008197,Amy Sanders,1996-07-13,F,NG9263293
PAT_008198,Brittney Daniels,1987-03-30,M,NG2675084
PAT_008199,Daniel Cole,1968-12-01,M,KE2748215
PAT_008200,Allen Knight,1951-10-24,F,US5304989
PAT_008201,Stacy Davis,2002-06-07,M,GB2680542
PAT_008202,Abigail Glenn,1977-05-01,F,GB8714883
PAT_008203,Jasmine Hughes,2001-06-11,F,SA6141987
PAT_008204,Cynthia Powell,1981-11-01,M,BD7864368
PAT_008205,Kathleen Kline,1964-05-23,F,BD2059069
PAT_008206,Mark Campbell,1962-01-14,M,PK1492096
PAT_008207,Micheal Blanchard,2001-10-19,F,RU9999158
PAT_008208,Noah Kemp,1958-07-08,F,PK6160072
PAT_008209,Stacy Bell,1966-03-26,F,GB6184253
PAT_008210,Daniel Johnson,1980-10-10,F,DE7858378
PAT_008211,Michelle Fisher,1996-11-16,F,AU2456240
PAT_008212,Barry Collins,2000-02-26,M,PK6481687
PAT_008213,Denise Mays,1982-04-30,F,DE7642052
PAT_008214,Mr. Steven Wade,2002-07-14,M,DE4360323
PAT_008215,Theresa Garcia,1977-11-14,M,KE7085214
PAT_008216,Calvin Vargas,1996-09-18,F,BD8602103
PAT_008217,Anthony Hancock,1954-08-31,F,BD7641048
PAT_008218,Taylor Mcguire,2004-02-23,F,AU9487388
PAT_008219,Aaron Parker,1991-07-18,M,NG5595574
PAT_008220,Christina Bradley,1978-01-29,M,BD7332345
PAT_008221,Jennifer Allen,1992-07-30,F,PK4838253
PAT_008222,Courtney Reyes,1984-12-18,F,US8159666
PAT_008223,Kelly Cisneros,1996-05-21,M,NG3445897
PAT_008224,Mr. Larry Chapman,1986-02-02,F,BD7853518
PAT_008225,Alicia Smith,1992-06-08,M,BD3423908
PAT_008226,Elizabeth Myers,1977-08-03,M,NG3180697
PAT_008227,Katherine Williams,1974-07-09,M,SA2877460
PAT_008228,Jessica Allen,1997-12-22,F,
PAT_008229,James Smith,1991-02-17,M,SA9653787
PAT_008230,Alicia Ray,1993-09-20,M,US6883870
PAT_008231,Sue Wood,2004-04-27,M,GB6359236
PAT_008232,Kayla Lowe,1973-06-03,F,NG1558428
PAT_008233,Donna Dalton,1982-02-18,M,NG3880820
PAT_008234,Christopher Davis,1995-03-01,M,GB1372883
PAT_008235,Matthew Harper,1974-07-10,M,GB6949175
PAT_008236,Christopher Davis,1970-09-21,F,US8220989
PAT_008237,Ashley Boyd,1984-02-03,M,BD3493650
PAT_008238,Adriana Manning,1989-01-26,F,GB2726136
PAT_008239,Ashley Tucker,1978-07-12,X,NG5409998
PAT_008240,Jesus Cooper,1981-12-06,M,
PAT_008241,Natalie Buckley,1954-11-20,F,BD4080689
PAT_008242,Steven Kennedy,1966-12-19,M,BD5318375
PAT_008243,Alex Morales,1962-08-17,M,
PAT_008244,Maria Stanley,1962-07-29,M,GB7060874
PAT_008245,Susan Burton,1992-12-01,F,BD5934791
PAT_008246,Craig Munoz,1950-12-19,F,DE6208539
PAT_008247,Jeffery Hobbs,1958-08-31,F,GB6317908
PAT_008248,Kristin Blake,1979-10-30,M,SA4934990
PAT_008249,Dr. Adam Beasley III,1955-11-15,F,AU6180090
PAT_008250,Kristi Tucker,1966-05-05,M,US6079150
PAT_008251,Sandra Reyes,1982-02-21,M,
PAT_008252,Crystal Freeman,1956-04-07,F,GB6600195
PAT_008253,Anita Carter,1982-12-27,M,GB5349150
PAT_008254,Victor Valencia,2004-03-29,M,GB5992502
PAT_008255,Michael Perkins,1974-11-19,M,SA8286602
PAT_008256,Edward Robinson,1988-07-22,F,RU1407940
PAT_008257,Heidi Richardson,1961-05-26,F,PK4536410
PAT_008258,Justin Williams,1989-09-26,M,DE9472252
PAT_008259,Luis Smith,1987-05-31,M,SA9925401
PAT_008260,Kevin Torres,1964-05-18,M,US4798259
PAT_008261,Ethan Pruitt,1983-05-07,M,US6927018
PAT_008262,Robert Watts,1953-04-08,F,DE8759017
PAT_008263,Christina Soto,1952-10-19,M,US6999715
PAT_008264,Richard Johnson,2003-01-05,F,GB7911199
PAT_008265,Caitlin Morris,1989-05-16,M,KE6430643
PAT_008266,Audrey Mckinney,1963-04-25,M,US1959814
PAT_008267,Jessica Hernandez,2004-08-11,F,DE2791474
PAT_008268,Aaron Phillips,1987-09-10,F,AU4961838
PAT_008269,Richard Smith Jr.,1993-04-02,F,RU2381417
PAT_008270,Frank Moon,1998-09-14,M,RU5698038
PAT_008271,Angela Scott,1964-02-16,M,AU7844117
PAT_008272,Jason Mcknight,1984-03-14,F,KE4527704
PAT_008273,Susan Reed,1991-08-07,F,AU5179830
PAT_008274,Katherine Adams,1994-03-28,F,NG1631872
PAT_008275,James Madden,1996-06-28,F,GB9145277
PAT_008276,Andrew Wise,2005-01-28,M,NG4821808
PAT_008277,Christopher Wilson,1959-06-08,F,DE7884817
PAT_008278,Dan Fischer,1955-07-22,M,AU3907825
PAT_008279,Jennifer Mccoy,2000-02-26,F,US2795698
PAT_008280,Philip Moyer,1969-05-18,M,PK5954303
PAT_008281,Kimberly Solis,1967-07-01,M,BD2704016
PAT_008282,Matthew Gomez,2000-04-23,M,KE3261330
PAT_008283,Breanna Brown,1963-08-19,M,AU5110669
PAT_008284,Janet Hughes,1964-03-08,M,
PAT_008285,Sara Cooke,1962-06-12,F,US3523731
PAT_008286,John Velasquez,1991-07-21,M,SA3274621
PAT_008287,Gary Williams,1985-12-31,F,SA8034695
PAT_008288,Harry Garner,1952-10-25,M,NG6639873
PAT_008289,Sean Blackwell,1972-06-10,M,SA9331162
PAT_008290,Robert Clayton,1977-02-13,F,RU9118672
PAT_008291,Krystal Kelly,1980-07-22,M,RU5512795
PAT_008292,Shirley Riley,1966-07-10,F,AU3543618
PAT_008293,Jeffrey Smith,1986-12-31,F,AU9853036
PAT_008294,Lori Duran,1991-01-03,M,SA9614969
PAT_008295,David Lowe,1985-04-16,M,GB2153256
PAT_008296,Michael Thomas,1978-10-13,M,SA4164227
PAT_008297,Todd Chambers,1964-09-24,M,US7806830
PAT_008298,Pam Rogers,1986-09-12,M,US6358211
PAT_008299,Kimberly Oconnell,1985-11-25,M,SA4657631
PAT_008300,Kristine Dickerson,1981-12-23,F,US1644997
PAT_008301,Gregory Moreno,2001-12-25,M,PK4786060
PAT_008302,Larry Key,2003-08-29,M,GB3603533
PAT_008303,Scott Lee,1956-01-01,M,KE5382158
PAT_008304,Katherine Preston,1975-07-28,M,US9635246
PAT_008305,Kimberly Cain,1999-08-28,M,GB4767826
PAT_008306,Steven Roberts,2005-05-15,M,GB5851913
PAT_008307,Jeffrey Wells,1968-04-23,M,US3115903
PAT_008308,Leslie Horton,1988-08-16,M,GB7638205
PAT_008309,Lauren Lucas,1952-09-13,M,GB4417827
PAT_008310,Erin Kirk,1969-09-02,M,US1321801
PAT_008311,Lauren Johnson,1969-03-27,M,AU7723765
PAT_008312,John Mata,1976-07-21,M,
PAT_008313,Hannah Mann,1974-05-10,F,PK4224236
PAT_008314,Jeffrey Acevedo,1989-07-06,M,GB6276088
PAT_008315,Stacy Wright DDS,1985-01-01,M,BD3445079
PAT_008316,Daniel Schneider,1962-03-19,F,DE8733530
PAT_008317,Raymond Frost,1993-01-23,M,AU9159261
PAT_008318,Robert Gutierrez,1987-12-31,X,GB5305702
PAT_008319,Ernest Melendez,1952-01-21,F,BD7788870
PAT_008320,Kristine White,1964-07-22,M,GB5241518
PAT_008321,Christopher Alvarez,1958-06-01,M,US9064600
PAT_008322,Dennis Perez,1981-10-31,M,BD9502016
PAT_008323,Cheryl Hensley,1965-02-10,M,DE3446334
PAT_008324,Laura Mcneil,1987-07-26,M,AU8222431
PAT_008325,Jared Morris,1996-05-06,F,
PAT_008326,Ashley Mayer,1988-03-30,X,NG8525986
PAT_008327,David Lee,1968-11-08,M,US2049171
PAT_008328,Jennifer Pearson,1976-02-09,M,KE2172787
PAT_008329,Travis Deleon,1969-03-17,F,BD7718085
PAT_008330,Robert Kelley,1971-12-18,F,US6851918
PAT_008331,Nicole Johnson,1993-03-18,M,DE3418103
PAT_008332,Nathan Miller,1980-09-28,M,BD7682539
PAT_008333,Ricky Moore,1963-02-14,F,AU2722324
PAT_008334,Sean Patterson,2001-05-06,F,SA2389372
PAT_008335,David Stanley,1976-12-14,M,BD8908934
PAT_008336,Joseph Jones,1961-05-17,M,US6624272
PAT_008337,Kelly Baker,1980-01-14,F,GB5417240
PAT_008338,Colin Villarreal,2001-01-15,F,
PAT_008339,Mr. Jeffrey Hoffman,1983-09-21,M,SA8152338
PAT_008340,Austin Yang,1967-04-24,M,AU9649322
PAT_008341,James Prince,1996-05-09,F,NG6953377
PAT_008342,Daniel Murray,1969-05-20,M,GB8496987
PAT_008343,Dr. Darryl Cooper,1958-05-28,M,NG3305329
PAT_008344,Roger Morris,1968-07-11,M,BD7195378
PAT_008345,Timothy Pitts,1982-10-25,F,
PAT_008346,Timothy Lee,1978-02-03,M,DE1293568
PAT_008347,Paula Hunt,1959-03-16,M,DE7864021
PAT_008348,Christopher Powell,1957-03-17,F,RU1768879
PAT_008349,Nicholas Smith,1965-04-17,F,BD1358843
PAT_008350,Kelly Munoz,1970-02-17,M,DE2092920
PAT_008351,Cory Martinez,1953-09-02,F,US7870900
PAT_008352,Holly Hunter,1983-11-25,M,US7630198
PAT_008353,Ashley Brooks MD,1996-12-24,X,US7305546
PAT_008354,Tracy Wu,1996-06-13,M,US1161315
PAT_008355,Deborah Jones,1998-09-25,M,PK2113644
PAT_008356,Amanda Dodson,2002-09-11,M,PK4129040
PAT_008357,Duane Morales,1967-10-16,M,GB7991323
PAT_008358,Kristi Casey,1964-08-13,F,PK1121573
PAT_008359,John Baker,1953-02-17,M,BD3294312
PAT_008360,Timothy Cain,1963-01-15,F,KE2952843
PAT_008361,Phillip Hamilton,1994-12-25,M,GB3930884
PAT_008362,Dennis Lee,2000-05-20,M,DE4340546
PAT_008363,Bradley Hayes,1992-10-03,F,AU7493997
PAT_008364,Christian Rojas,1967-11-11,F,NG2327445
PAT_008365,Whitney Torres,1972-12-14,M,RU8857558
PAT_008366,Daryl Parsons,2001-07-10,M,BD8464242
PAT_008367,Rachel Hall,1970-03-24,F,RU7560558
PAT_008368,Mary Morales,1973-03-27,F,US9136417
PAT_008369,David Lopez MD,2001-11-30,M,SA7540329
PAT_008370,Valerie Peters,1955-10-12,M,BD5073287
PAT_008371,Shawn Frost,1985-12-08,F,US8879156
PAT_008372,Carlos Hale,1978-10-09,M,SA5830533
PAT_008373,Rhonda Norman,1983-09-03,F,GB3708531
PAT_008374,Benjamin Reed,1965-04-25,M,DE4504460
PAT_008375,Kevin Diaz,1988-11-23,F,RU7302656
PAT_008376,Danielle Randolph,2000-04-29,F,AU1693477
PAT_008377,James Brown,1969-07-08,M,US8194695
PAT_008378,David Gordon,1951-09-11,M,GB5469846
PAT_008379,Nicholas Malone,1969-11-15,F,
PAT_008380,Adam Dixon,1996-07-30,F,AU1783023
PAT_008381,Zachary Kennedy,1960-06-30,F,PK5305832
PAT_008382,Michael King,1955-10-11,F,GB7105246
PAT_008383,April Neal,2002-01-07,F,US4140050
PAT_008384,Brandon Castillo,1980-12-20,M,AU6796627
PAT_008385,Joseph Caldwell,1983-07-04,M,PK2669700
PAT_008386,Mark Guzman,1968-09-09,M,PK2728739
PAT_008387,Susan Bradley,1970-06-13,M,PK8353701
PAT_008388,Whitney Waters,1992-05-18,F,SA5786842
PAT_008389,Tracie Mcguire,1965-08-29,M,GB5890790
PAT_008390,Maria Black,1953-12-31,F,
PAT_008391,Kenneth Wright,2000-12-22,F,US4808366
PAT_008392,Ronald Fisher,1981-12-31,M,NG9195760
PAT_008393,Brittany Potts,1964-11-13,M,US5109280
PAT_008394,Amanda Jackson,1960-05-09,F,
PAT_008395,Jorge Garcia,1968-11-22,F,US7531410
PAT_008396,Gina Marsh,1972-08-28,F,PK6458350
PAT_008397,Rachel Goodwin,1956-10-01,M,BD6232080
PAT_008398,Anthony Neal,1958-06-03,F,BD3495651
PAT_008399,Mr. Michael Ramirez MD,1986-05-20,F,US6502988
PAT_008400,Destiny Terrell DVM,1980-04-17,M,GB7909305
PAT_008401,Whitney Scott,1965-03-11,M,DE1972103
PAT_008402,William Eaton,1994-08-13,M,RU5998507
PAT_008403,William Harris,1977-05-17,F,US6883923
PAT_008404,Dustin Griffin,1957-08-29,M,US2675664
PAT_008405,Jennifer Lewis,1966-05-16,F,PK2576767
PAT_008406,Matthew Hawkins,1980-04-03,F,BD8854807
PAT_008407,Karen Walker,1998-11-13,F,US3850920
PAT_008408,Rebecca Stevens,1990-02-19,F,US6700747
PAT_008409,Michael Mccann,1979-05-24,M,NG6486648
PAT_008410,Shawn Parks,1996-11-10,M,AU3498121
PAT_008411,Michele Russell,1980-06-04,F,DE8719658
PAT_008412,Lauren Simmons,1977-03-17,M,US9952552
PAT_008413,Dorothy Wolfe,1958-10-31,F,RU7588363
PAT_008414,Danielle Robinson,1990-04-21,M,US7710121
PAT_008415,Jennifer Erickson,1962-11-03,F,AU5756046
PAT_008416,Karen Flowers,1966-01-11,F,PK8914286
PAT_008417,Richard Escobar,1957-08-13,M,SA2341134
PAT_008418,Heather Cooper,1962-10-27,F,SA4568558
PAT_008419,Miguel Small,1973-07-18,F,PK5845451
PAT_008420,Charles Lynch,1962-01-13,F,AU4022727
PAT_008421,Kathy Gutierrez,1955-07-06,M,BD3679130
PAT_008422,Melanie Ballard,2001-06-19,M,KE3260599
PAT_008423,Cheryl Carter,1987-12-28,F,RU6085471
PAT_008424,Krystal Martin,1958-03-16,M,US7155471
PAT_008425,Stacie Bennett,1969-02-27,M,NG2603336
PAT_008426,Derrick Nguyen,1989-03-30,F,AU1085193
PAT_008427,Ronnie Price,1962-10-25,M,GB6243675
PAT_008428,Brittney Andersen,1988-07-13,M,PK1439323
PAT_008429,Carrie Cook,1965-12-08,M,AU5539705
PAT_008430,Kristi Durham,1987-08-28,X,NG9329348
PAT_008431,Olivia Cummings,1996-09-22,M,GB8984309
PAT_008432,Jessica Jenkins,1966-05-11,F,GB7578801
PAT_008433,Leah Smith,1965-09-06,F,DE5179286
PAT_008434,Katie Weiss,1960-05-03,M,RU6968972
PAT_008435,Elizabeth Henry,1988-02-20,M,BD8335553
PAT_008436,Christopher Carr,1973-07-08,M,GB1686039
PAT_008437,Teresa Hunt,1974-03-20,M,PK5057359
PAT_008438,Francis Wilson,1971-01-01,M,US3094747
PAT_008439,Paula Garcia,1953-01-20,M,GB1917086
PAT_008440,Julia Hooper,1976-01-31,F,US8923629
PAT_008441,Sarah Francis,1992-06-15,M,US3129928
PAT_008442,Richard Gregory,1963-03-02,F,KE7284580
PAT_008443,Marcus Johnson,1991-10-15,F,GB2983438
PAT_008444,Rebecca Chapman,1974-09-10,F,AU1473531
PAT_008445,Steven Jones,1988-07-18,M,BD7738232
PAT_008446,Jacqueline Diaz,1998-05-08,M,NG7092590
PAT_008447,Eric Gray,2005-06-23,M,GB6301907
PAT_008448,Kristi Kaufman,1960-01-28,M,BD8408880
PAT_008449,Mary Caldwell,2004-09-28,M,GB1681295
PAT_008450,Rachel Long,1988-09-12,M,KE3149618
PAT_008451,Gail Edwards,1969-11-22,F,
PAT_008452,Mitchell Hines,1979-01-23,M,RU9228245
PAT_008453,Ashley Armstrong,2003-03-04,M,NG5475350
PAT_008454,Allen Reynolds,2001-08-18,F,KE2909064
PAT_008455,Bruce Johns,1984-12-19,F,GB1239776
PAT_008456,Shannon Keller,1983-08-04,M,AU3513687
PAT_008457,Bobby Gray,1956-05-29,F,PK1803832
PAT_008458,Michael Carter,1979-07-29,F,US9909610
PAT_008459,Jamie Ford,1962-12-08,M,AU1445448
PAT_008460,Katrina Carter,1984-06-30,F,KE9117200
PAT_008461,Michael Koch,1968-09-27,M,DE3261122
PAT_008462,Manuel Hayes,1969-06-11,F,
PAT_008463,Ryan Cox,1959-08-23,M,GB8044447
PAT_008464,Alan Hawkins,1974-09-15,M,US1310185
PAT_008465,Zachary Butler,1975-09-17,F,GB7797340
PAT_008466,David Warren,1955-11-15,F,AU6966033
PAT_008467,Mark Franklin,2002-11-10,M,GB3654953
PAT_008468,Jessica Ross,1963-10-31,M,NG8913060
PAT_008469,Kimberly Harrington,1951-08-07,M,PK6397592
PAT_008470,Robin Wilson,1995-08-04,M,DE4795060
PAT_008471,Francisco Hawkins,1980-04-27,F,US2226431
PAT_008472,Dylan Smith,1975-11-13,M,SA3012256
PAT_008473,Daniel Torres,1998-10-10,M,GB3020751
PAT_008474,Gavin Taylor,1959-12-02,M,DE3644920
PAT_008475,Barbara Elliott,1979-11-12,M,GB6090003
PAT_008476,Jerry Brown,1996-07-13,F,AU2172113
PAT_008477,Matthew English,1955-06-01,M,BD8124847
PAT_008478,Alex Lucas,1956-01-30,F,GB5047153
PAT_008479,Daniel Ayers,1961-07-26,M,DE8367457
PAT_008480,Angela Gonzalez,1995-05-18,F,DE3980561
PAT_008481,Michelle Rivera MD,1976-05-26,F,NG3384874
PAT_008482,Amanda Williams,1965-05-01,F,US7956269
PAT_008483,James Harrington,1983-07-17,M,DE4630222
PAT_008484,Kristin Anderson,1980-07-29,F,DE5246728
PAT_008485,James Clark,1991-11-19,F,NG1160259
PAT_008486,Jeremy Rose,1958-12-30,M,PK3827753
PAT_008487,Michael Holland,1999-03-23,M,PK4801624
PAT_008488,Vincent Williams,1993-02-24,F,BD7286435
PAT_008489,James Gibson,1964-02-06,F,DE4445117
PAT_008490,Yesenia Obrien,1997-01-17,M,NG7737493
PAT_008491,Mary Schneider,2003-05-24,F,US7028712
PAT_008492,Michelle Anderson,1988-07-03,M,AU8010208
PAT_008493,Janet Robinson,1978-02-13,F,US6215641
PAT_008494,Javier Edwards,1986-09-26,M,SA3851367
PAT_008495,Lauren Wilson,1972-09-12,M,US5285023
PAT_008496,Ryan Torres,1998-07-16,F,KE5598267
PAT_008497,Alexander Martin,1971-11-12,M,DE5504826
PAT_008498,Sophia Ramirez,1975-10-26,F,US2041464
PAT_008499,Justin Doyle,1958-07-21,F,AU4408415
PAT_008500,Ryan Griffin,2005-10-09,F,BD9483019
PAT_008501,Tina Young,1950-01-22,M,DE8012307
PAT_008502,John Miranda,1991-09-27,F,GB7950647
PAT_008503,Sarah Munoz,1998-04-16,F,US8390965
PAT_008504,Lindsey Smith,1957-08-19,F,RU3625415
PAT_008505,Kelly Hall,1962-05-19,M,NG9856494
PAT_008506,Victoria Phillips,1976-01-19,F,GB4300186
PAT_008507,Cynthia Silva,1975-12-22,F,PK9752787
PAT_008508,Stephanie Mitchell,2003-10-23,F,US3464098
PAT_008509,Douglas Carter,1962-01-31,M,RU3048211
PAT_008510,Cody Brown,1989-10-10,F,US7069065
PAT_008511,Eric Cooper,1968-05-28,F,AU9627357
PAT_008512,Justin Brown,1983-09-24,M,US1682523
PAT_008513,Dawn Wilcox,1985-09-07,F,BD3292071
PAT_008514,John Conway,1961-07-26,M,PK8357034
PAT_008515,William Wiggins,1998-11-03,M,US8927453
PAT_008516,Caleb King,1990-10-30,M,US2646029
PAT_008517,Cynthia Payne,1976-04-08,M,BD2827890
PAT_008518,Dr. Amanda Edwards,1975-04-29,F,
PAT_008519,Linda Norris,1989-11-04,X,AU3121077
PAT_008520,Alicia Pearson,1967-02-09,F,SA4634226
PAT_008521,Johnny Stevens,1957-08-06,F,SA4727802
PAT_008522,Julie Johnson,1952-08-01,F,US9660034
PAT_008523,Matthew Hanson,1975-08-18,F,PK3816574
PAT_008524,Lindsay Thompson,1968-09-29,M,US5933145
PAT_008525,Warren Hayes,1981-09-12,M,GB3517803
PAT_008526,Whitney Riddle,1985-02-06,M,GB8455860
PAT_008527,Elizabeth Rhodes,1952-02-17,F,AU2486806
PAT_008528,David Hines,1991-07-04,F,PK4936249
PAT_008529,John Stone,1982-03-05,M,SA9075067
PAT_008530,Jason Gonzales,1968-06-23,M,KE1443181
PAT_008531,Kelsey Jones,1961-02-07,M,RU8365449
PAT_008532,Rebecca Cannon,1978-05-27,F,NG7312907
PAT_008533,Rick Wilson,1966-09-11,F,PK7770637
PAT_008534,Craig Garner,1962-06-09,F,
PAT_008535,Eric Fuentes,1997-05-06,F,NG1104299
PAT_008536,Elizabeth Bishop,2002-01-14,M,
PAT_008537,Jacob Bryan,1997-04-10,F,SA5883679
PAT_008538,Jodi Strickland,1958-07-21,M,BD3128222
PAT_008539,Edward Stuart,1968-11-02,F,
PAT_008540,Ruth Church,1972-03-08,M,AU1683220
PAT_008541,Donna Anderson,1995-03-14,F,SA9946158
PAT_008542,Jamie Williams,1975-09-18,F,US6033558
PAT_008543,Amanda Jones,2004-05-19,M,PK7449218
PAT_008544,Joseph Wright,1994-05-12,F,
PAT_008545,Jordan Patel,1983-09-11,F,US3482714
PAT_008546,Rachel Lawrence,2005-12-04,M,NG4325790
PAT_008547,Heather Garrison,1963-08-05,F,RU2521340
PAT_008548,Dylan Kelly,1971-03-23,F,SA4917463
PAT_008549,Lisa George,1974-04-17,F,DE7122001
PAT_008550,Bobby Jackson,1990-06-16,F,SA3505844
PAT_008551,Brandon Escobar,1997-06-19,F,GB5163803
PAT_008552,Eric Herring,1974-01-27,F,AU3926686
PAT_008553,Barbara Edwards,1961-08-09,F,GB1201411
PAT_008554,Jose Adams,1970-04-29,F,AU9460740
PAT_008555,Julia Holmes,1975-11-14,F,AU1245888
PAT_008556,Anna Cochran,1991-05-14,F,RU4025868
PAT_008557,Dr. Nicholas Wilkinson,1983-07-14,M,GB3355325
PAT_008558,Christina Allen,1968-12-28,F,NG5249684
PAT_008559,Gary Mcmillan,2002-05-29,M,
PAT_008560,Summer Smith,1984-12-20,F,SA6594729
PAT_008561,Dawn Flores,1954-11-06,X,
PAT_008562,James Perry,1982-03-16,M,SA6290851
PAT_008563,Mary Thompson,1987-09-28,F,KE8374325
PAT_008564,Sandra Espinoza,1957-04-23,F,GB8960734
PAT_008565,Nicholas Campbell,1999-05-12,F,US9866809
PAT_008566,Blake Parker,2000-04-10,M,US7254029
PAT_008567,Teresa Esparza,2003-11-05,F,KE6015638
PAT_008568,Mary Little,1987-07-30,F,US8226876
PAT_008569,Charles Scott,1967-08-24,M,NG2664267
PAT_008570,Mrs. Stephanie Cox MD,1996-04-20,F,KE5290163
PAT_008571,Robert Mcbride,1989-03-05,F,AU4943662
PAT_008572,Peter Ramirez,1953-07-31,M,
PAT_008573,Jordan Thompson,1977-12-06,M,GB1031633
PAT_008574,Michael Jones,1985-01-20,M,AU5021648
PAT_008575,Samantha Palmer,1965-11-05,F,DE3860049
PAT_008576,William Villanueva,1980-01-24,M,AU7417221
PAT_008577,Eric Clark,1976-08-04,F,SA6745900
PAT_008578,Daniel Walter,2004-08-28,M,US7898492
PAT_008579,Samantha Cooper,1953-01-28,M,US7267152
PAT_008580,Sabrina Martinez,1976-06-05,F,SA2727382
PAT_008581,Miss Jenny Adkins,1952-04-16,F,GB2558432
PAT_008582,Michael Dixon,1954-12-11,X,US7310451
PAT_008583,Danielle Bernard,1996-09-24,M,RU3603117
PAT_008584,Tracy Gibson,1951-09-20,F,PK8275752
PAT_008585,Benjamin Stevenson,1955-02-11,M,BD3087562
PAT_008586,Andrew Chambers,1994-09-26,M,RU8536384
PAT_008587,Kathryn Moss,1998-01-24,M,GB3527659
PAT_008588,Michael Nichols,1955-01-11,F,NG9487051
PAT_008589,Mckenzie Williams,1986-11-01,M,NG4341913
PAT_008590,Timothy Mack,1958-09-05,M,SA5617400
PAT_008591,Gregory Anderson,1968-06-23,M,
PAT_008592,Alexander Burton,1998-02-15,F,DE8214413
PAT_008593,Brendan Arroyo,1990-10-09,M,BD9187634
PAT_008594,Patricia Gibson,1969-09-23,F,PK9936296
PAT_008595,Brittney Allen,1982-05-23,F,US8500174
PAT_008596,Bryan Nichols,2003-12-27,M,SA7562570
PAT_008597,Darren Gallagher,1996-02-13,M,SA8559725
PAT_008598,Denise Flowers,2003-04-18,F,US4325776
PAT_008599,Alan Flores,1996-03-21,F,
PAT_008600,Amy Fritz,1961-10-10,F,AU4022331
PAT_008601,Monique Clark,1957-01-21,F,US6696583
PAT_008602,Taylor Williams,1955-05-03,F,GB3040340
PAT_008603,Jon Smith,1996-11-04,M,AU5146809
PAT_008604,Melinda Perkins,1959-12-21,F,GB6748846
PAT_008605,Cynthia Nelson,1984-03-05,F,RU7270144
PAT_008606,Mackenzie Dougherty,1980-10-10,F,NG5611974
PAT_008607,Caitlin Price,1951-12-12,M,RU1970793
PAT_008608,Gary Diaz,1953-10-17,F,
PAT_008609,Michelle Ayers,1981-05-16,F,DE9745224
PAT_008610,Janet Hernandez,1965-02-24,M,RU2681069
PAT_008611,Lisa Watson,2002-07-10,M,BD9568598
PAT_008612,Morgan Ramos,1958-12-16,F,RU3817529
PAT_008613,Sandra Patrick,1969-07-06,M,US3962087
PAT_008614,Lindsey Mejia,1983-02-22,M,AU1376845
PAT_008615,Allen Fleming,1979-10-14,M,NG2808216
PAT_008616,Joshua Romero,1982-01-30,M,AU3776740
PAT_008617,Kimberly Schmidt,1961-09-09,F,
PAT_008618,Spencer Bentley,1952-03-08,M,GB8078584
PAT_008619,Ryan Peterson,1956-05-28,M,NG3131823
PAT_008620,Sean Hicks,1978-05-19,M,RU6705888
PAT_008621,Kelly Smith,1981-11-10,F,
PAT_008622,Kristina Hart,1954-09-14,M,PK9018650
PAT_008623,Lynn Chapman,1986-04-20,M,
PAT_008624,Kelly Powell,1982-03-23,F,
PAT_008625,Melissa Smith,1991-06-15,F,GB3702481
PAT_008626,Eduardo Booth,1981-06-03,F,US9630566
PAT_008627,Francisco Francis,1954-04-04,M,GB7335728
PAT_008628,April Clark,1965-11-24,M,BD3470393
PAT_008629,Brett Ferguson,1975-06-10,F,RU9860305
PAT_008630,Jillian Meyer,1970-01-29,M,PK2229071
PAT_008631,Amy Riley,1957-07-06,F,US7154682
PAT_008632,Mary Johnson,1951-08-08,F,GB2527074
PAT_008633,William Escobar,1984-01-11,F,DE2573518
PAT_008634,James Shannon,1973-07-03,M,AU4529025
PAT_008635,Stacie Pollard,1997-03-13,F,US6020699
PAT_008636,Alex Ross,1997-11-13,F,KE7813800
PAT_008637,Joseph Castillo,1953-09-29,F,KE1335277
PAT_008638,Louis Williams V,1962-11-27,F,GB3745766
PAT_008639,Samantha Maxwell,1973-11-20,M,KE6337763
PAT_008640,John Reid,1955-10-18,M,BD1250290
PAT_008641,Angela Weaver,2000-05-07,M,AU6737075
PAT_008642,Megan Martinez,1989-11-17,M,
PAT_008643,Peter Todd,1983-10-17,F,NG6673089
PAT_008644,Christopher Maldonado DDS,1972-01-03,F,US8407580
PAT_008645,Lisa Mccoy,1975-03-09,M,PK7130936
PAT_008646,Stephanie Miller,1950-08-01,F,AU1604627
PAT_008647,Vicki Perry,1970-09-26,M,SA8588854
PAT_008648,John Ritter,1955-04-15,M,NG9178245
PAT_008649,Kenneth Reed MD,1978-03-22,F,DE2580721
PAT_008650,Chad Haynes,1974-07-07,F,AU7795964
PAT_008651,David Mckay,2005-11-22,M,KE7970300
PAT_008652,Pamela Lee,1979-05-30,M,PK3871228
PAT_008653,Angela Hughes,1980-05-01,M,PK9651726
PAT_008654,Kelly White,1985-07-20,F,DE6917919
PAT_008655,William Donovan,1974-02-20,M,NG5115049
PAT_008656,Troy Phillips,1990-08-21,M,SA4789268
PAT_008657,Janet Gray,1984-09-24,M,SA9905413
PAT_008658,Christine Johnson,1955-09-22,F,RU2584212
PAT_008659,Robert Hernandez,1956-07-09,M,US1441758
PAT_008660,Cynthia Sanders,1951-01-26,F,GB5772702
PAT_008661,Carlos Esparza,1991-05-14,F,NG9443830
PAT_008662,Patrick Duke,1956-06-11,F,DE1137090
PAT_008663,Andrew Williams,1970-06-26,F,NG7520374
PAT_008664,Jeffrey Chung,1999-08-05,M,US8011352
PAT_008665,Terry Rice,1961-03-24,M,
PAT_008666,Carmen Scott,1952-05-22,M,AU5324977
PAT_008667,Amanda Stevens,1997-01-28,M,US6970371
PAT_008668,Allison Guerrero,2000-12-01,M,
PAT_008669,Robert Decker,1998-05-18,M,DE6870452
PAT_008670,Molly Rios,1979-07-18,M,PK2847873
PAT_008671,Nicholas Saunders,1996-10-24,F,US7843665
PAT_008672,Mark Gregory,1968-04-18,M,BD9698014
PAT_008673,Kimberly Wood,2003-08-02,F,GB3805994
PAT_008674,Joanna Smith,1952-03-02,M,US5820656
PAT_008675,Nicholas Ross,1977-04-09,F,SA5052753
PAT_008676,Nicholas Schultz,1998-05-17,F,AU7045200
PAT_008677,Tammy Tate,2004-02-07,F,US9450368
PAT_008678,Vanessa Bass,1986-02-22,F,BD2886904
PAT_008679,Kevin Williamson,1993-03-24,F,DE8148948
PAT_008680,Sara Robinson,1991-06-25,M,PK2877003
PAT_008681,Karen Campbell,1989-03-08,F,NG8147965
PAT_008682,Jennifer Martin,1966-02-28,M,NG9522945
PAT_008683,Kimberly Roberts,1989-06-09,F,PK2251070
PAT_008684,Cheryl Wiley,1955-05-24,F,GB6395687
PAT_008685,Logan Stephens,1962-03-31,M,PK1315221
PAT_008686,Joel Johnson,1955-09-24,F,KE8460770
PAT_008687,James Hammond,1975-09-27,X,NG6615411
PAT_008688,Dennis Reed,2005-06-07,F,US5890267
PAT_008689,Patty Hamilton,1953-11-05,F,DE9374953
PAT_008690,Michael Fry,2003-04-09,F,US8899096
PAT_008691,Charles Miller,1972-07-30,F,GB8725765
PAT_008692,Robert Wilkins,2005-09-29,M,KE5688382
PAT_008693,Amy Cameron,1976-05-25,M,DE1080328
PAT_008694,Christopher Wells,1985-06-20,F,US6395146
PAT_008695,Vicki Frye,1978-06-19,M,DE5940812
PAT_008696,Sharon Stephens,1958-10-02,F,US7549308
PAT_008697,Rachel Goodman,1964-02-11,M,DE1947501
PAT_008698,Timothy Cameron,1971-12-23,M,NG7587849
PAT_008699,Marcia Nichols,2003-08-02,F,BD6288518
PAT_008700,Michelle Gilmore,1984-01-15,M,SA1498678
PAT_008701,Christopher Richardson,1960-08-11,M,DE1901923
PAT_008702,Eric Hobbs,1971-04-27,F,BD1635972
PAT_008703,William Maldonado,1971-01-09,M,US7727296
PAT_008704,Tammy Martinez,1980-04-28,M,PK4849705
PAT_008705,Jeremy Park,1980-08-15,F,RU8361169
PAT_008706,April Schmidt,2004-03-05,F,AU9791322
PAT_008707,William Keller,1985-08-09,F,KE2426937
PAT_008708,Jason Patterson,2004-05-24,F,NG5381166
PAT_008709,Jacob Miller,1969-09-28,F,DE1218303
PAT_008710,Jason Harris,1962-01-02,M,BD3068870
PAT_008711,Ashley Smith,1966-07-09,F,BD1515391
PAT_008712,Taylor Ferguson,1959-05-16,F,GB7471312
PAT_008713,Jessica Barnes,1950-01-05,M,BD9865865
PAT_008714,Elizabeth Carter,1974-12-30,M,GB3373445
PAT_008715,Hannah Lawson,1993-02-12,F,PK8734302
PAT_008716,Joshua Rogers,1995-12-13,F,US9929706
PAT_008717,Dorothy Lopez,1996-02-02,F,US1603626
PAT_008718,Joe Schaefer,1951-11-04,M,BD3013462
PAT_008719,Sandra Bowman,1982-07-29,M,GB7892942
PAT_008720,John Molina DDS,1997-09-30,M,
PAT_008721,Ann Sims,1972-10-12,F,GB9363334
PAT_008722,Danny Martin,1973-02-21,F,US3280628
PAT_008723,Danielle Castillo,1979-12-27,F,NG5210165
PAT_008724,Ariel Rhodes,1974-03-10,M,GB4775984
PAT_008725,Lucas Marquez,1970-02-01,M,AU7825275
PAT_008726,Meghan Flynn,1982-01-22,F,GB2153856
PAT_008727,Heather Cowan,1953-04-15,M,GB1366791
PAT_008728,Leonard James,1950-04-14,F,BD5564724
PAT_008729,Nancy Taylor,1995-03-20,F,NG7826202
PAT_008730,Eric Bartlett,1996-02-07,F,NG9930300
PAT_008731,Mitchell Barnes,1956-03-17,F,NG3565777
PAT_008732,Heather Oconnell,1974-06-22,M,KE1435108
PAT_008733,Michele Parks,1982-08-20,F,PK3368184
PAT_008734,Crystal Brock,1995-09-01,M,US3752057
PAT_008735,Doris Long,1983-02-11,F,PK8887063
PAT_008736,Virginia Velasquez,1990-09-27,F,PK7590314
PAT_008737,Susan Schroeder,1982-09-06,M,GB3831933
PAT_008738,Joshua Gallagher,1986-11-30,F,US5765283
PAT_008739,Nathan Daniel,1952-04-07,F,GB3445120
PAT_008740,Matthew Moody,1997-07-28,F,GB2344331
PAT_008741,Wesley Johnston,2001-09-03,F,US4493659
PAT_008742,Todd Fowler,1983-06-15,M,NG4928324
PAT_008743,Timothy Hill,1976-07-03,M,AU1890142
PAT_008744,Jennifer Morris,1998-09-16,F,
PAT_008745,Melissa Cantu,1984-09-26,M,US4896816
PAT_008746,Mr. Thomas Church II,1984-09-10,F,
PAT_008747,Mr. Michael Davis,1987-10-05,F,US2781606
PAT_008748,James Davis,1998-07-10,M,RU3043388
PAT_008749,Natasha Allen,2005-05-10,F,PK7360574
PAT_008750,Donna Turner,1969-10-03,F,GB7453013
PAT_008751,Christina Myers,1966-02-16,F,US7988263
PAT_008752,Eric Webb,1951-06-02,F,BD3635575
PAT_008753,Tiffany Jackson,1989-06-13,M,DE2865272
PAT_008754,Ashley Powers,1952-12-24,M,DE5772441
PAT_008755,Leah Hawkins,1990-04-01,F,US9680654
PAT_008756,Joseph Moore,2001-06-28,M,GB8586780
PAT_008757,John Harris,1959-06-21,F,GB3776046
PAT_008758,Tim Morgan,1984-01-08,M,NG8804898
PAT_008759,Michael Tapia,1980-01-18,M,NG8578853
PAT_008760,Julie Mcgrath,1996-08-07,M,US4521322
PAT_008761,Adam Salinas,1961-02-25,F,PK7706258
PAT_008762,Vanessa Newton,1986-08-04,F,KE6802917
PAT_008763,William Coleman,1994-11-01,F,BD1103273
PAT_008764,Sarah Anderson,1960-11-08,M,AU3689055
PAT_008765,Levi Black,1972-07-11,F,GB6908887
PAT_008766,Phillip Gutierrez,2003-10-30,F,SA7795458
PAT_008767,John Jones,1990-02-10,M,NG6509262
PAT_008768,Jacob Sandoval,1959-05-03,X,AU8072371
PAT_008769,Elizabeth Green,1992-06-27,M,DE7687456
PAT_008770,Michael Flowers,1955-07-13,M,KE6744843
PAT_008771,Alexander Shaffer,1961-11-18,F,BD8098024
PAT_008772,Michael Fletcher,1959-06-15,F,RU7908481
PAT_008773,Kari Barnes,2001-08-01,M,AU2898020
PAT_008774,Kelly Wilson,1975-09-19,M,KE7452129
PAT_008775,Danielle White,1957-03-18,F,SA3413231
PAT_008776,Jon Mejia,2003-06-09,F,US9217343
PAT_008777,Lawrence Fernandez,1950-02-07,F,US8897335
PAT_008778,Shelly Anderson,1976-02-11,F,PK4023599
PAT_008779,Cameron Mckenzie,2001-07-23,F,NG3130801
PAT_008780,Kimberly Wilson,2002-09-19,F,PK6196374
PAT_008781,Mary Hobbs,1971-09-08,M,SA5060999
PAT_008782,Ellen Freeman,1953-04-02,F,US1144448
PAT_008783,Heather Russell,1967-01-18,F,SA2053643
PAT_008784,Annette Newman,1962-07-21,M,BD3212625
PAT_008785,Ashley Valdez,1955-03-21,M,DE5527724
PAT_008786,Ricardo Lin,1961-11-04,F,NG3230442
PAT_008787,Mary Tanner,1959-11-28,F,US1254286
PAT_008788,Sandra Hunter,1953-10-18,M,RU1732399
PAT_008789,Teresa Edwards,1972-01-12,M,BD7757254
PAT_008790,Justin Woodard,1995-08-29,F,RU6356940
PAT_008791,Brett Ellis,1961-07-22,M,US9280278
PAT_008792,Stephen Petty,1999-06-07,M,PK5522019
PAT_008793,Suzanne Cruz,1967-07-17,M,NG1903467
PAT_008794,Gina Carey,1976-04-09,M,GB6549574
PAT_008795,Sandra Davis,1958-07-26,F,GB1836631
PAT_008796,Devon Hudson,1996-07-16,F,BD7197625
PAT_008797,Alexis Fox,1964-09-20,F,RU7232090
PAT_008798,Alyssa Pham,1996-06-11,F,BD1185003
PAT_008799,Kimberly Gross,2002-05-30,M,PK9156198
PAT_008800,Mark Atkins,1965-03-13,F,AU7253746
PAT_008801,Brent Williamson,1977-12-19,F,US4039727
PAT_008802,Justin Phillips,2004-07-26,F,PK9455697
PAT_008803,Karl Marshall,1960-07-04,M,GB4585688
PAT_008804,Cameron Perry,1997-03-16,F,NG2286898
PAT_008805,Jesse Anderson,1981-03-24,F,KE9138370
PAT_008806,Christopher Pierce,1966-01-19,M,GB7254339
PAT_008807,Jason Ewing,1976-02-22,F,AU5688440
PAT_008808,Adam Smith,1957-11-24,F,AU2118141
PAT_008809,Allison Melton,1992-12-28,M,BD6406599
PAT_008810,Patricia Dixon,1958-02-15,M,GB7464466
PAT_008811,David Smith,1978-06-08,F,RU1679999
PAT_008812,Joy Hernandez,1955-05-14,M,AU1695227
PAT_008813,Sharon Fitzgerald,1963-04-14,F,GB4332186
PAT_008814,Rachel Rios,1968-01-10,F,US7549782
PAT_008815,Amber Campos,1953-12-30,M,KE1254354
PAT_008816,Jesse Brown,1979-09-25,M,PK7973339
PAT_008817,Amy Gallagher,1969-08-01,F,GB5922503
PAT_008818,Carolyn Martin,1982-02-18,M,GB9993924
PAT_008819,Leslie Gray,1976-04-14,M,AU4128060
PAT_008820,Carol Diaz,1996-12-15,X,DE2156844
PAT_008821,Samuel Terry,1994-12-24,M,US2696644
PAT_008822,Wendy Brown,1968-03-16,M,AU9628556
PAT_008823,Richard Jacobson,1993-12-13,M,GB5911208
PAT_008824,Cesar Alvarado,2002-08-01,F,DE4191530
PAT_008825,Melissa Parker,2004-11-29,F,SA3543844
PAT_008826,Brittney Hansen,1970-08-21,F,PK2403963
PAT_008827,Joshua Christian,1952-09-04,F,
PAT_008828,Christopher Macias,2001-05-16,F,GB8493807
PAT_008829,Kevin Huang,1989-06-02,F,SA2985748
PAT_008830,Katherine Pena,1966-03-14,F,PK3634148
PAT_008831,Heather Davis,1977-07-05,F,AU9234527
PAT_008832,Patricia Francis,1977-12-12,F,US6152208
PAT_008833,Heather Sweeney,1987-11-18,M,US7166690
PAT_008834,Joy Burch,1964-09-10,M,SA1709294
PAT_008835,Marie Baker,1956-06-16,M,US3251454
PAT_008836,Maria Cabrera,1961-11-25,F,GB6848206
PAT_008837,Jeffrey Bates,1957-12-08,M,PK9567178
PAT_008838,Frank Kent,1973-05-01,F,PK4569614
PAT_008839,Daniel Wolfe Jr.,1981-12-22,F,PK5072941
PAT_008840,Dillon Richards,1961-09-02,F,BD9698429
PAT_008841,Amy Clarke,1952-03-31,M,AU5654647
PAT_008842,Samantha Lynch,1976-01-07,M,DE6072811
PAT_008843,John Murphy,1975-06-17,M,KE5051292
PAT_008844,Marissa Lopez,1969-04-17,M,PK6423973
PAT_008845,Sydney Gilbert,1952-05-04,M,US4377864
PAT_008846,Anne Murphy,1965-08-26,M,GB9113807
PAT_008847,Joshua Pacheco,1959-07-24,F,GB2357337
PAT_008848,Lisa Martinez,1984-06-29,M,BD1379527
PAT_008849,Kayla Rogers,1976-09-12,F,NG9018651
PAT_008850,Kimberly Webb,1972-02-15,F,KE3310586
PAT_008851,Amanda Williams,1962-07-04,F,US7910242
PAT_008852,Jennifer Tran,1966-08-15,M,GB8989359
PAT_008853,Tracy Reed,1958-12-21,M,AU5597860
PAT_008854,Alison Mcclure,1974-09-25,M,GB4835253
PAT_008855,Victoria Clayton,1990-08-15,F,GB5928801
PAT_008856,Mary Kelly,1957-05-30,F,PK7876604
PAT_008857,Angela Berger,1989-10-03,X,US6893354
PAT_008858,Daniel Farmer,1967-03-20,F,BD1645098
PAT_008859,Erica Morris,1977-02-12,M,DE6784866
PAT_008860,Terry Anderson,1994-11-24,M,DE3071797
PAT_008861,Robert Terry,1999-07-15,F,DE6145353
PAT_008862,Mark Porter,1954-05-10,F,BD5356309
PAT_008863,Kimberly Coleman,1959-09-07,F,NG1558805
PAT_008864,Alexis Garcia,2004-02-12,M,DE8156893
PAT_008865,Kristina Anderson,1966-10-08,M,AU1970465
PAT_008866,Scott Nelson,1957-11-02,F,KE1471993
PAT_008867,Marc Zavala,1987-04-09,M,NG3654617
PAT_008868,John Johnson,1975-07-09,M,PK4180736
PAT_008869,Thomas Wilson,2003-01-04,F,GB2910091
PAT_008870,Jennifer Curtis,1982-06-17,M,GB9136996
PAT_008871,Elizabeth Adams,1990-08-04,F,KE7652730
PAT_008872,Marc Ward,1951-05-14,M,BD9644918
PAT_008873,Melissa Merritt,2000-07-30,M,US7728995
PAT_008874,Kim Washington,1986-11-10,M,GB1363614
PAT_008875,David Hurst,1998-06-30,M,RU2462249
PAT_008876,Michael Lewis,1966-09-01,M,US8781465
PAT_008877,Michael Morrison,1992-11-02,M,NG7490474
PAT_008878,Anna Mueller,1982-07-12,F,DE8516805
PAT_008879,Mike Gallegos,1964-12-15,M,GB8287346
PAT_008880,Martin Parker,1955-02-05,M,KE7552161
PAT_008881,Angela Smith,1990-01-02,M,KE5164153
PAT_008882,Reginald Williams,1987-11-28,M,RU7539692
PAT_008883,Cory Stewart,1966-04-26,M,NG3664192
PAT_008884,Karen Cooper,1971-01-13,M,DE5049286
PAT_008885,William Mckenzie,1953-03-28,F,US9292626
PAT_008886,Patricia Potter DVM,1997-03-22,M,GB8962631
PAT_008887,Jamie Rosario,1981-11-14,M,PK7983411
PAT_008888,Howard Taylor,1970-01-13,M,BD1051517
PAT_008889,Kristin Shepard,1985-05-29,M,US1671989
PAT_008890,Heather Hardy,1982-05-27,M,GB1654640
PAT_008891,James Odom,2002-08-01,F,GB2400585
PAT_008892,Kelly Barrett,1970-08-30,F,US1722015
PAT_008893,William Kennedy,1964-03-13,M,NG1926092
PAT_008894,Anthony Thompson,1966-09-30,M,GB5345785
PAT_008895,Jared Baker,1978-10-23,M,US2376804
PAT_008896,Cynthia Wallace,1958-05-25,F,AU3507566
PAT_008897,Brandy Baker,1994-06-04,M,NG9742918
PAT_008898,Katie Roberts,2005-01-16,F,GB9526623
PAT_008899,Robert Norris,1992-10-08,F,BD8915268
PAT_008900,Andrew Estrada,1990-03-25,F,BD3175947
PAT_008901,Phillip Olson,1968-08-13,F,BD1848755
PAT_008902,Theodore Banks,2000-01-20,M,RU1897604
PAT_008903,Kelly Garza,1973-02-25,F,SA8727055
PAT_008904,Christina Newman,1953-02-04,F,US6174085
PAT_008905,Helen Jensen,1989-08-04,M,GB9758598
PAT_008906,Douglas Thompson,1950-10-06,F,NG2601632
PAT_008907,Ashley Lee,2004-01-17,M,BD8788192
PAT_008908,Maria Roberts,1970-11-25,F,US1418190
PAT_008909,Lisa Boone,1968-02-12,F,GB8180681
PAT_008910,Michelle Miller,2004-02-24,F,US5470782
PAT_008911,Brian Steele,1996-08-07,M,SA4109582
PAT_008912,Richard Phillips,1964-06-01,F,KE7750294
PAT_008913,Jamie Gallegos,1986-09-01,F,DE9055126
PAT_008914,Valerie Cline,1991-07-07,F,GB9878111
PAT_008915,Lindsey Gonzales,1978-01-17,F,GB8333760
PAT_008916,Courtney Perry PhD,1965-01-21,F,NG5715542
PAT_008917,Zachary Harris,1961-12-07,F,US2234127
PAT_008918,Patricia Myers,1988-04-01,F,NG7287729
PAT_008919,Kim Lewis,1973-03-08,F,GB4475536
PAT_008920,Angela Welch,1956-04-29,F,US6519458
PAT_008921,Thomas Ortega,1971-08-04,F,US7872386
PAT_008922,Janet Ponce,1964-10-22,F,SA8802545
PAT_008923,Michael Fernandez,1950-11-09,M,GB1350793
PAT_008924,Richard Perry,1985-04-24,F,GB2705726
PAT_008925,Nicholas Stein,1980-07-07,F,RU2963912
PAT_008926,Justin Johnson,1950-05-19,M,US9683079
PAT_008927,Shannon Lee,1971-03-26,F,RU1973361
PAT_008928,Willie Smith,1980-06-05,F,RU1482819
PAT_008929,Ryan Evans,1958-06-30,F,US4551236
PAT_008930,Mark Marsh,1990-08-24,F,US5567936
PAT_008931,Elizabeth Rogers,1985-09-22,M,GB6583879
PAT_008932,Phillip Dunlap,1971-02-12,F,GB3415798
PAT_008933,Frank Cunningham,2005-10-26,F,SA4277468
PAT_008934,Margaret Perry,1985-03-31,M,BD9283205
PAT_008935,Andrew Stone,1968-09-08,F,US6403870
PAT_008936,Daniel Harrington,2005-07-30,M,GB8164265
PAT_008937,Dana Perkins,1987-10-05,F,US8574247
PAT_008938,Christopher Young,1973-02-28,F,GB1527040
PAT_008939,Deborah Aguilar,1967-12-06,M,SA9503372
PAT_008940,Christopher Wood,1998-10-25,M,SA3255278
PAT_008941,Traci White,1994-02-24,M,GB1707104
PAT_008942,Russell Jones,1993-06-27,M,GB6539301
PAT_008943,James White,1976-12-26,M,US5521056
PAT_008944,Debra Clark,1980-02-12,X,KE6584608
PAT_008945,Richard Carlson,1971-10-22,M,BD4324404
PAT_008946,Jennifer Anderson,1983-07-16,F,AU6660619
PAT_008947,Brittany Garcia,1986-03-21,F,NG1887119
PAT_008948,Steven Johnson,1987-07-29,X,PK8200196
PAT_008949,Angela Rivers,1970-08-14,F,NG5331181
PAT_008950,Mark Washington,1992-02-06,F,
PAT_008951,Edward Clark,1988-08-22,M,AU3285263
PAT_008952,Jason White,1985-11-01,M,GB5495588
PAT_008953,Dr. Jaime Choi MD,1982-08-01,F,US6940144
PAT_008954,Donald Page,1983-06-13,M,SA7179493
PAT_008955,Leslie Kelley,1997-02-10,M,GB9836741
PAT_008956,Amanda Jackson,1955-01-04,M,GB4432049
PAT_008957,Ian Bowen,1968-03-22,F,SA7618206
PAT_008958,Michael Frye,2003-01-06,M,US5377241
PAT_008959,Gregory Brennan,1954-07-04,M,US9640575
PAT_008960,Matthew Barnett,1954-06-18,M,GB6250000
PAT_008961,Holly Baker,1961-11-04,F,AU5088795
PAT_008962,Mary Herrera,1968-03-07,F,US3643406
PAT_008963,Anthony Stephenson,1963-03-30,F,
PAT_008964,Nathan Sanchez,1985-07-21,M,US3973632
PAT_008965,John Wiley,1962-02-09,F,BD7542158
PAT_008966,Steven Pennington,1982-08-01,M,DE5948304
PAT_008967,Rebekah Mosley,2001-03-07,M,US3786075
PAT_008968,Jared Jones,1998-11-07,F,SA5794431
PAT_008969,Darius Smith,1970-12-20,X,US6775464
PAT_008970,Matthew Durham,1979-02-13,X,NG4727653
PAT_008971,Jack Walters,1952-10-31,M,PK8642097
PAT_008972,Anthony Vasquez,1957-04-22,F,DE6758632
PAT_008973,Jennifer Norton,1989-06-18,F,DE1014500
PAT_008974,Miss Colleen Diaz,1953-01-22,M,PK5551334
PAT_008975,David Wood,1975-10-27,F,SA8542475
PAT_008976,Kelly Moore,1980-06-01,M,DE4819103
PAT_008977,Daniel Elliott,1965-07-02,M,BD9571281
PAT_008978,Joseph Price,1986-02-17,F,GB8027393
PAT_008979,Amanda Reed,1950-09-11,X,BD9194489
PAT_008980,Michael Clark,1957-12-16,F,SA7596005
PAT_008981,Christina Warren,1956-03-22,F,DE8779478
PAT_008982,William Montes,1966-02-28,M,BD2420409
PAT_008983,James Lane,1969-01-23,F,KE9140859
PAT_008984,Eric Bryant,1998-10-14,M,GB3367640
PAT_008985,Allison Gibson,1983-03-14,M,GB4380593
PAT_008986,Gary Shelton,1977-03-12,M,SA2258487
PAT_008987,Richard Black,1964-02-06,M,
PAT_008988,Madeline Adkins,1977-05-14,F,AU2584549
PAT_008989,Erica Mahoney,1958-02-20,F,GB6885486
PAT_008990,Kathleen Mccormick,1965-10-08,M,AU9779104
PAT_008991,Brandi Harris,1996-06-16,F,GB3562705
PAT_008992,Andrew Allen,1950-06-09,F,US1531468
PAT_008993,David Brown,1963-08-07,M,US3429253
PAT_008994,Andrew Jordan,1990-05-25,M,GB5324783
PAT_008995,Sara Garcia,1953-07-27,M,BD1314391
PAT_008996,Janet Allen,1956-05-11,F,US2050342
PAT_008997,Pamela Robles,1952-07-19,F,GB9710410
PAT_008998,Eric Higgins,1951-09-14,F,RU4091676
PAT_008999,Vanessa Moore,1999-07-04,F,GB4653305
PAT_009000,Casey Thomas,1961-03-23,M,US3584326
PAT_009001,Jason Chase,1959-11-02,M,NG8863743
PAT_009002,Barbara Smith,1967-05-13,F,AU3685649
PAT_009003,Makayla Spears,1997-01-23,F,NG2667833
PAT_009004,Charles Rojas,1999-02-12,F,GB8214041
PAT_009005,Dustin Johnson,2004-07-13,M,BD9104515
PAT_009006,Carlos Park,1991-07-11,F,GB1475545
PAT_009007,Brent Anderson,1968-09-07,F,SA6219375
PAT_009008,Lindsey Stephens,1996-02-19,M,BD2784296
PAT_009009,Deborah Young,1952-12-17,F,GB5606481
PAT_009010,Kevin Freeman,1988-07-31,M,GB5752844
PAT_009011,Timothy Rogers,1952-08-20,F,GB5257425
PAT_009012,Lindsey Mcpherson,1993-07-08,F,NG9793157
PAT_009013,Todd Bright,1999-05-04,M,NG2096383
PAT_009014,Douglas Doyle,1957-05-13,M,BD1503317
PAT_009015,Jennifer Freeman,2002-09-10,M,BD6519421
PAT_009016,Anthony Saunders,1998-05-19,M,GB1302692
PAT_009017,Stephanie Carlson,1989-06-05,M,BD8553474
PAT_009018,Kevin Cox,1980-09-19,F,KE7138360
PAT_009019,Taylor Smith,1973-10-26,X,AU4520755
PAT_009020,Martin Williams,1974-07-17,M,SA5218852
PAT_009021,David Spears,1979-05-31,M,AU7265512
PAT_009022,Carl Fry,1954-07-22,M,GB4563656
PAT_009023,Mikayla Cook,1990-12-10,F,BD7279087
PAT_009024,Nathaniel Fisher,1965-02-22,F,DE7034892
PAT_009025,Timothy Norman MD,1971-10-03,M,US2229626
PAT_009026,Dorothy Cain,1961-02-24,M,NG6037052
PAT_009027,Laura Zimmerman,2005-07-15,M,AU1390417
PAT_009028,Christie Barber,1994-08-30,M,
PAT_009029,Eric Potts,1988-06-20,M,RU8882074
PAT_009030,Douglas Martin,1960-05-22,F,PK9437920
PAT_009031,Cody Martin,1984-07-27,F,PK1722059
PAT_009032,Courtney Boyd,1954-05-15,F,GB9292830
PAT_009033,Christina Mcmillan,1952-11-19,F,RU7991909
PAT_009034,Nathan Robinson,1969-10-04,F,GB5546316
PAT_009035,Alyssa Thomas,1993-05-07,M,
PAT_009036,Patricia Hensley,1952-09-03,F,PK7361606
PAT_009037,William York,1958-08-07,M,AU2954219
PAT_009038,Melissa Lutz,1971-06-11,M,AU6241735
PAT_009039,Christopher Morgan,1991-02-13,F,DE5664579
PAT_009040,Kevin Moore,1960-01-05,F,
PAT_009041,Jasmine Leonard,1970-06-03,F,PK8186253
PAT_009042,Samantha Bradley,1962-05-22,M,AU3877865
PAT_009043,Cristina Baxter,1980-12-25,M,US9695393
PAT_009044,Amanda Perry,1996-12-09,M,DE6708962
PAT_009045,Vincent Holt,1997-02-09,F,AU2011079
PAT_009046,Troy Ramirez,1981-05-01,F,US2204831
PAT_009047,Craig Peterson,1966-06-24,F,NG4219876
PAT_009048,Monica Hickman,1991-12-21,M,DE3239651
PAT_009049,Mike Griffin,1970-10-25,M,NG1653835
PAT_009050,Lauren French,1968-12-08,F,AU2635025
PAT_009051,Taylor Howe,1952-09-15,F,DE6062987
PAT_009052,David Johnson,1982-10-31,M,DE4925974
PAT_009053,Debra Hoffman,1981-07-29,M,AU1709588
PAT_009054,Gregory Hicks,1991-04-21,F,BD3202255
PAT_009055,Haley Stout MD,2000-10-24,F,GB3327747
PAT_009056,Michael Lee,1953-07-07,F,GB6444628
PAT_009057,Aaron Fisher,1964-09-16,F,US8357226
PAT_009058,Kristin Morrison,1977-05-18,F,US8148816
PAT_009059,Roger Long,1957-10-26,F,BD1963052
PAT_009060,John Mccoy,2000-06-13,F,BD9667364
PAT_009061,Patrick Garcia,1977-12-19,F,US8529822
PAT_009062,Natalie Finley,2002-05-18,M,SA8656088
PAT_009063,Jack Hawkins,1981-02-22,F,AU6090905
PAT_009064,Laura Beck,1974-12-31,M,KE7474034
PAT_009065,Ryan Lin,1986-12-21,F,GB9464543
PAT_009066,Nicole Cook,1986-03-08,F,NG1149929
PAT_009067,Michael Pratt,1951-02-22,F,SA2138785
PAT_009068,Michelle Stafford,1959-09-19,M,US2308155
PAT_009069,Brian Contreras,1957-06-03,M,US1340137
PAT_009070,Shelly Kelly,1965-04-19,F,NG9266309
PAT_009071,Matthew Good,1952-02-25,F,DE5718917
PAT_009072,Matthew Griffin,1966-03-09,F,KE5172064
PAT_009073,Katie Hartman,1994-09-12,F,US5572015
PAT_009074,Samantha Herring,1987-10-26,F,KE8959376
PAT_009075,Laura Turner,2005-11-28,M,GB6023537
PAT_009076,Curtis Underwood,1994-02-17,F,GB5177660
PAT_009077,Dylan Cannon,1992-12-25,F,GB7382090
PAT_009078,Veronica Moore,1979-01-01,M,US4910845
PAT_009079,Devin Barber,1999-07-20,F,GB1575578
PAT_009080,William Walters,1993-07-16,F,AU7088680
PAT_009081,Daniel Oneill,1958-12-29,F,SA1329826
PAT_009082,Susan Randall,1982-07-18,M,GB4516478
PAT_009083,Christine Jones MD,1983-10-04,F,US2861737
PAT_009084,Deborah Norton,2001-12-24,F,US9265399
PAT_009085,Austin Lowe,1952-02-29,F,DE8650177
PAT_009086,Kim Santos,1990-07-19,F,RU2419538
PAT_009087,Thomas Mclaughlin,1999-09-17,M,GB8210432
PAT_009088,Walter Miller,1957-01-15,F,NG5398493
PAT_009089,Mrs. Heidi Rojas,1962-02-10,M,
PAT_009090,Desiree Wallace,1991-01-05,M,SA8580073
PAT_009091,John Graham,1963-12-09,M,SA9512602
PAT_009092,Mary Roberts,2005-07-18,F,BD5837426
PAT_009093,Jason Mayer,1992-08-10,M,GB3000202
PAT_009094,John Hopkins,1988-08-19,F,DE7098742
PAT_009095,Joseph Navarro,1994-03-11,M,NG8017118
PAT_009096,Morgan Rodriguez,1979-02-04,F,DE8833318
PAT_009097,Ryan Roberts,1992-11-30,M,US5010067
PAT_009098,Jacqueline Obrien,1952-05-09,M,AU2436629
PAT_009099,Carl Rodriguez,1998-10-22,M,BD1535096
PAT_009100,Elizabeth Willis,1957-06-03,M,BD1128340
PAT_009101,Douglas Silva,1965-11-29,F,BD3663231
PAT_009102,Mary Maxwell,1953-04-24,M,US3422157
PAT_009103,Christopher Lee,1956-09-26,M,AU4733334
PAT_009104,Ryan Carter,1978-02-20,M,US3388161
PAT_009105,Yvonne Campbell,2002-02-02,M,AU7074168
PAT_009106,Alexis Rosario,1965-02-22,F,RU6635369
PAT_009107,Stephen Miller,1992-12-18,M,BD7668790
PAT_009108,Jimmy Lambert,1981-05-18,F,BD9045806
PAT_009109,Walter Jones,1952-12-24,M,AU6802512
PAT_009110,Jacqueline Smith,1951-04-10,M,PK3065515
PAT_009111,Nicholas Palmer,1954-11-30,F,GB2012852
PAT_009112,Amanda Perry,1980-07-31,M,
PAT_009113,Jill Patrick,1977-01-21,F,US1074403
PAT_009114,Debra Baker,1953-03-12,M,NG7811520
PAT_009115,Timothy Cook,1974-07-20,M,AU8044628
PAT_009116,Gregory Adams,1997-08-07,F,RU4615933
PAT_009117,Jimmy Williams,1970-09-19,M,SA6736115
PAT_009118,Grant Hall,1956-06-21,M,NG8430412
PAT_009119,Brian Rogers,1973-12-13,F,GB2085030
PAT_009120,Terry Hamilton,1996-11-14,M,US4961439
PAT_009121,Kaitlin Davis,1984-08-03,F,DE1009074
PAT_009122,Jacob Lee,1974-01-29,F,US5271017
PAT_009123,James Holland,1973-05-23,M,PK7236926
PAT_009124,Gabriel Welch,1975-09-09,M,NG2134650
PAT_009125,Shelley Lopez,1968-03-30,M,US4729911
PAT_009126,Daniel Atkinson,1965-08-13,M,DE3680713
PAT_009127,Curtis Mosley,1960-06-22,M,RU5901991
PAT_009128,Adam Thomas,1976-11-02,F,BD1716296
PAT_009129,Kimberly Hinton,1956-05-14,F,GB6238882
PAT_009130,Nathaniel Thompson,1990-09-17,M,US5272033
PAT_009131,Kimberly Kim,1963-12-08,M,RU7712482
PAT_009132,Nancy Patterson,1977-04-01,F,GB7975836
PAT_009133,Emily Landry,1974-08-31,M,GB2488163
PAT_009134,Jennifer Garcia,1994-11-20,M,KE3598869
PAT_009135,Timothy Moss,1975-08-01,F,RU5807259
PAT_009136,Cynthia Jones,1994-10-04,F,BD8725144
PAT_009137,Victoria Raymond,1967-10-09,F,BD6695911
PAT_009138,Debra Brown,1969-08-29,F,GB2212212
PAT_009139,Lisa Wagner,1971-02-26,M,BD5922219
PAT_009140,Nathan Weber,1975-01-23,M,BD8961191
PAT_009141,Ashley Moody,1965-05-15,F,AU1608670
PAT_009142,Michael Sparks,2005-05-15,M,US8010302
PAT_009143,Joseph Mathews,1996-01-29,F,BD5934016
PAT_009144,Billy Mckinney,1994-09-05,F,GB7704030
PAT_009145,Dawn Hernandez,1998-10-15,F,
PAT_009146,Mark Evans,1950-08-20,M,DE2043138
PAT_009147,Andrew Sullivan,1962-07-23,M,US6856232
PAT_009148,Christopher Sanchez,1998-11-23,F,PK3480365
PAT_009149,Jessica Larson,1955-05-24,M,PK8321478
PAT_009150,Jeffrey Ramirez,1981-01-31,M,US3662597
PAT_009151,Bradley Cook,1984-01-07,F,PK8396685
PAT_009152,Carolyn Davidson,1993-11-02,F,GB7903026
PAT_009153,Shawn Hernandez,2004-07-04,F,NG7991031
PAT_009154,Alec Simmons,1982-08-26,M,SA1029157
PAT_009155,Luke Hall,1992-01-26,M,BD6161309
PAT_009156,Jimmy Jones,1982-01-10,M,DE3321508
PAT_009157,Jorge Macdonald III,1969-05-22,M,PK3933259
PAT_009158,Leonard Walker,1980-08-05,M,DE7398418
PAT_009159,Mike Callahan,1985-10-20,F,KE9801069
PAT_009160,Patrick Davis,1955-11-07,F,KE9360842
PAT_009161,Kenneth Brown,1960-11-16,M,KE2251126
PAT_009162,David Reynolds,2005-08-16,F,DE3871458
PAT_009163,Michael Day,1993-10-10,F,GB4080310
PAT_009164,Jeremy Villegas,1968-03-25,M,
PAT_009165,Robert Nguyen,1964-10-20,F,PK1515073
PAT_009166,Charles Newman,1997-08-16,M,GB3922881
PAT_009167,Amy Fleming,1970-04-03,M,US8219198
PAT_009168,Jennifer Willis,1978-08-05,M,GB8035687
PAT_009169,Vanessa Rosales,1967-11-06,M,DE1597496
PAT_009170,Devin Nunez,2001-10-13,M,NG1616984
PAT_009171,Natalie White,1980-02-16,F,BD5704544
PAT_009172,Theresa Woods,1979-09-29,M,KE6133837
PAT_009173,Cindy Jenkins,2003-12-13,F,RU6315439
PAT_009174,Jennifer Barron,1974-12-06,M,US6331941
PAT_009175,Robert Larson,1956-03-07,M,GB4467792
PAT_009176,Amanda Myers,1967-09-22,F,
PAT_009177,Zachary Patterson,1969-01-21,F,RU2540045
PAT_009178,Gina Smith,1988-12-10,M,NG4614701
PAT_009179,Mariah Morgan,1967-05-18,M,US2784782
PAT_009180,Meghan Brown,1956-07-03,F,US6747964
PAT_009181,Jason Howell,1990-10-10,M,US6848757
PAT_009182,Michael Garza,1981-05-12,F,SA8787414
PAT_009183,Amanda Terrell,1953-12-10,M,US9785826
PAT_009184,Stephanie Reilly,1967-02-17,F,US5248538
PAT_009185,Blake Berry,1976-07-27,M,BD5627077
PAT_009186,Austin Martinez,2004-12-26,F,AU4759339
PAT_009187,Austin Williams,1969-05-24,M,NG3248429
PAT_009188,Christopher Reid,1951-01-31,M,GB7325330
PAT_009189,Lisa Williams,1950-12-13,M,SA7724406
PAT_009190,Kevin Farmer,1966-09-04,F,GB3986390
PAT_009191,Natalie Mccullough,1984-07-13,F,BD6674974
PAT_009192,Kimberly Gutierrez,1969-03-20,M,US2308979
PAT_009193,Lisa Young,1996-06-04,F,GB6880590
PAT_009194,Anna Ramos,1971-04-08,M,US9682900
PAT_009195,Tina Davis,1979-01-29,M,DE2628861
PAT_009196,John Gonzales,1963-06-18,M,KE2575474
PAT_009197,Wayne Shea,1987-02-26,M,GB6771490
PAT_009198,Diana Petersen,1959-08-07,F,SA4314896
PAT_009199,Seth Rojas,1998-01-20,F,US1132014
PAT_009200,Robert Gomez,1992-07-03,F,AU7457372
PAT_009201,Shannon Barry,1997-10-08,F,DE1694443
PAT_009202,Amy Ryan,1965-07-19,F,BD2377965
PAT_009203,Jennifer Meadows,2000-07-23,M,RU5973047
PAT_009204,Amy Coleman,1997-07-19,F,DE4737165
PAT_009205,Jeffrey Jefferson,1997-07-03,M,SA6473427
PAT_009206,Kaitlyn Richardson,2003-08-05,F,BD4289577
PAT_009207,Robert Dunlap,2001-04-29,F,US1144817
PAT_009208,Danielle Stanley,2001-11-05,M,BD5515789
PAT_009209,Mrs. Christina Villa,1984-06-08,M,US5734305
PAT_009210,Joseph Jackson MD,1950-02-08,M,SA6955409
PAT_009211,Ronald Johnson,1985-12-15,M,BD7216465
PAT_009212,Brandon Smith Jr.,1964-12-16,M,AU9804903
PAT_009213,Rebekah Smith,1977-06-28,X,AU3570660
PAT_009214,David Knox,1996-07-01,F,US3934150
PAT_009215,Jennifer Harper,1988-02-05,M,US2439141
PAT_009216,Laura Bailey,1996-04-03,F,RU2765351
PAT_009217,Kimberly Robles,1959-08-24,F,NG8807243
PAT_009218,James Miller,2004-06-06,M,AU7625654
PAT_009219,Spencer Green,1957-05-25,M,SA6188693
PAT_009220,Kyle Campbell,1967-06-28,F,US6377545
PAT_009221,Donna Powers,1994-06-18,F,US3044732
PAT_009222,Jennifer Jones,1967-04-08,F,
PAT_009223,Brenda Norris,2003-07-12,X,PK7470440
PAT_009224,Miss Sierra Anderson,1985-02-25,F,NG4383174
PAT_009225,Gilbert Deleon,1986-12-12,M,SA1368816
PAT_009226,Theresa Jackson,1968-12-27,F,DE6273350
PAT_009227,Patrick White,1950-04-18,F,RU7401521
PAT_009228,Sarah Gutierrez,1966-12-25,F,GB3564523
PAT_009229,Lauren Orr,1971-01-27,F,GB4690777
PAT_009230,Laurie Reyes,1963-09-25,F,AU6869916
PAT_009231,Jennifer Wright,1997-06-29,M,AU1332226
PAT_009232,Laura Robinson,1965-03-29,M,US6849260
PAT_009233,Kevin Krause,1969-10-27,M,US7060284
PAT_009234,Shawn Richmond,1967-07-28,M,US8464283
PAT_009235,Casey Weaver,1974-04-05,F,KE3481976
PAT_009236,Jennifer Glover,1958-06-04,M,DE6710260
PAT_009237,David Dennis,1956-05-08,F,DE9242772
PAT_009238,Mckenzie Tate,1980-12-14,F,KE1973118
PAT_009239,Jamie Schneider,2000-09-27,F,US2928426
PAT_009240,Wayne Brown,1993-07-03,M,NG9046429
PAT_009241,Gerald Strickland,1989-06-09,F,BD5261895
PAT_009242,Eric Long,1967-09-13,M,NG1345133
PAT_009243,Joseph Robinson,1990-05-22,M,US9270922
PAT_009244,Michael Smith,1987-04-15,F,DE3338340
PAT_009245,Timothy Martin,1997-01-10,M,SA2832536
PAT_009246,Dr. Glenn Bradford,1999-10-03,F,GB7943874
PAT_009247,Nathaniel Barrett,1988-07-02,M,GB1491055
PAT_009248,Richard Merritt,2004-03-10,X,US1275152
PAT_009249,Pedro Simmons,1955-12-29,F,AU3617274
PAT_009250,Aaron Mills,1992-01-26,F,
PAT_009251,Amanda Smith,1960-05-09,M,DE1704291
PAT_009252,Jessica Stewart,1958-01-09,F,
PAT_009253,Jill Byrd,1984-06-05,X,GB9503165
PAT_009254,Beverly Wood,1997-10-02,F,BD5218175
PAT_009255,Juan Campos,1954-03-26,M,US9513152
PAT_009256,Robert King,1961-12-08,F,KE5773832
PAT_009257,Amanda Hopkins,1956-07-21,F,GB4657776
PAT_009258,Lori Smith,1998-03-07,F,PK5253910
PAT_009259,Kenneth Ross,1985-02-18,M,BD3198457
PAT_009260,Susan Francis,1969-07-08,F,NG6258160
PAT_009261,Travis Price,1952-08-05,M,RU1136815
PAT_009262,Kelly Duarte,1965-02-22,M,GB5269282
PAT_009263,Joseph Davies,1955-07-04,F,AU1297994
PAT_009264,Michael Leon,1952-05-22,M,KE2062240
PAT_009265,Catherine Peters DVM,1962-03-10,F,AU7853655
PAT_009266,Haley Walls,1968-08-20,M,AU6007054
PAT_009267,Alan Mcclain,1976-06-11,M,AU9998372
PAT_009268,Ashley Williams,1984-08-03,F,BD7448760
PAT_009269,Joseph Crawford,1965-12-13,F,
PAT_009270,Alexander Howard,1978-07-20,M,NG8665713
PAT_009271,Pamela Solis,1993-03-01,F,US8415316
PAT_009272,Cynthia Davies,1981-07-10,M,PK9256149
PAT_009273,Andrea Obrien,1974-01-16,M,GB5743091
PAT_009274,William Manning,1963-10-25,F,
PAT_009275,Paul Romero,1987-04-16,F,NG9232700
PAT_009276,Jon Meyer,1978-02-25,M,BD6425077
PAT_009277,John Escobar,1968-11-22,M,BD1068898
PAT_009278,Stephen Johnson,1979-07-09,F,BD3264908
PAT_009279,Elizabeth Fox,1973-12-27,M,US3831211
PAT_009280,Robert Larson,1988-03-26,M,AU6687469
PAT_009281,Amy Dawson,1958-06-30,M,US2138858
PAT_009282,Jordan West,1951-12-16,F,GB8442999
PAT_009283,Felicia Johnson,1979-08-30,M,BD9947761
PAT_009284,Wesley Flores,1977-12-21,M,AU5552384
PAT_009285,Sarah Chen,2005-09-25,M,GB1320176
PAT_009286,Michelle Pearson,2005-02-13,F,GB1372757
PAT_009287,Jesse Robinson,1973-06-11,F,US5508465
PAT_009288,Derrick Stanton,1984-06-12,M,GB3418533
PAT_009289,Bradley Kelly,1951-08-02,M,RU3640384
PAT_009290,Sandra Navarro,1979-04-01,F,DE5889714
PAT_009291,Eugene Perry,1995-02-12,M,
PAT_009292,Donald Ibarra,1962-08-28,F,RU9631062
PAT_009293,Melissa Yu,1956-01-15,M,
PAT_009294,David Turner,1978-05-03,M,AU2908364
PAT_009295,Jeremy Martin,1973-01-14,F,GB4873197
PAT_009296,Isaiah Simpson,1950-05-02,M,DE3007628
PAT_009297,Phillip Jones,1986-02-05,M,AU7431286
PAT_009298,Jeanne Miller,1967-10-03,M,SA1736517
PAT_009299,Pamela Larson,1961-05-14,M,US6956151
PAT_009300,Steven Brown,1956-07-06,F,BD6945349
PAT_009301,Leah Murphy,1959-11-12,F,BD6093744
PAT_009302,Rachel Stein,1962-07-29,M,SA8595679
PAT_009303,Tammy Pena,1959-11-25,M,GB5273620
PAT_009304,Cameron Meyer,1950-05-27,M,
PAT_009305,Tracey Wells,2002-09-10,M,NG1225416
PAT_009306,Gary Smith,1991-10-08,M,DE3896902
PAT_009307,Todd Ruiz,1967-09-17,F,BD7221420
PAT_009308,Gregory Blackwell,1987-09-13,F,SA3936381
PAT_009309,Matthew Smith,2003-05-15,M,GB1707729
PAT_009310,Matthew Martin,1984-01-30,F,US6142863
PAT_009311,Rebecca Newman,1954-09-21,F,GB7545226
PAT_009312,Glenn Hudson,1955-08-09,F,US8940484
PAT_009313,Jamie Cox,1953-04-28,F,US8864417
PAT_009314,Jacob King,1971-06-11,F,US9589991
PAT_009315,Deanna Young,1987-11-06,F,SA1428301
PAT_009316,Mark Dixon,1980-05-11,M,
PAT_009317,Ms. Lisa Ward,1964-05-30,F,AU8762425
PAT_009318,David Douglas,1957-08-13,F,US2575561
PAT_009319,Caroline Jennings,1968-06-12,M,NG9087253
PAT_009320,Deborah Johnson,1960-12-24,F,US3101329
PAT_009321,David Glenn,1996-09-10,F,BD3010681
PAT_009322,Shawn Hale,1976-10-08,F,DE6801641
PAT_009323,Veronica Zimmerman,1972-09-23,M,KE9912266
PAT_009324,Andrea Hart,1994-08-16,M,SA4895529
PAT_009325,Janice Vazquez,1965-05-22,F,KE9942316
PAT_009326,Sandy Brown,1998-08-09,F,US6047949
PAT_009327,Kayla Rivera,1950-03-30,M,US3064637
PAT_009328,Sharon Stone,1985-02-27,F,PK7793768
PAT_009329,Shawn Hammond,1968-11-01,F,NG4832214
PAT_009330,Denise Compton,1965-01-11,M,NG3747388
PAT_009331,Courtney Anderson,1959-08-05,F,BD3856156
PAT_009332,Melissa Owens,1973-06-12,F,AU1924081
PAT_009333,Kimberly Collins,1980-04-20,M,RU5376683
PAT_009334,Cassandra Ramirez,2004-12-07,F,GB7802252
PAT_009335,Steven Hammond,1954-05-15,M,BD9179240
PAT_009336,Kimberly Smith,1970-01-01,M,AU2883880
PAT_009337,Kaylee Cruz,1977-04-10,F,BD4526898
PAT_009338,Lori Dawson,1985-01-21,M,SA9855162
PAT_009339,Lisa Ryan,1978-06-08,M,PK8947878
PAT_009340,Curtis Prince,1966-11-02,F,SA1752310
PAT_009341,Matthew Freeman,1997-07-25,F,SA9957863
PAT_009342,Robert Garcia,1999-06-16,M,SA8644963
PAT_009343,Joshua Lee,1962-08-06,F,AU1779788
PAT_009344,Kimberly Peterson,1961-10-17,F,GB4361324
PAT_009345,Ryan Powell,1958-03-08,X,PK9414780
PAT_009346,John Gray,1979-01-17,F,SA6205791
PAT_009347,Brady Harmon,1952-08-07,X,
PAT_009348,Christina Carter,1962-04-27,M,RU9662080
PAT_009349,Vicki Bullock,2003-11-10,F,RU3973321
PAT_009350,Sarah Sanders,1974-11-05,F,BD6297756
PAT_009351,Raymond Martinez,1972-04-01,M,
PAT_009352,Paul Guerrero,1985-07-19,F,BD1613657
PAT_009353,Kimberly Sharp,1952-12-05,F,PK8041010
PAT_009354,Jessica Hobbs,1990-05-05,M,DE8146321
PAT_009355,Timothy Jones,1973-09-01,M,GB4013544
PAT_009356,Eric Hudson,1969-07-07,M,GB4635866
PAT_009357,Catherine Scott,1999-01-15,M,AU5850900
PAT_009358,William Hebert,1986-12-23,M,GB3403869
PAT_009359,Andrew Mcdaniel,1971-07-17,F,US6130650
PAT_009360,Ryan Davis,1981-02-13,F,BD7786456
PAT_009361,Max Howard,1987-05-14,M,GB1688347
PAT_009362,Felicia Herrera,1987-06-17,F,US7554447
PAT_009363,Cheryl Stewart,1956-03-18,M,US9329775
PAT_009364,Jonathan Zavala,1996-09-19,M,
PAT_009365,Manuel Carter,1982-05-11,M,US8388973
PAT_009366,Richard Allen,1977-08-12,F,AU2510190
PAT_009367,Carl Mitchell,1985-12-29,M,GB7411359
PAT_009368,Sabrina Davis,1988-09-08,M,DE8664973
PAT_009369,Shawn Holmes,1983-05-25,F,US5805662
PAT_009370,Christopher Jones,2004-01-17,F,GB9434680
PAT_009371,Keith Miller,1990-09-07,F,RU8332322
PAT_009372,Larry Smith,1995-07-02,M,PK5417003
PAT_009373,Jessica Kennedy,1986-08-20,M,DE8973801
PAT_009374,Michael Gonzalez,1965-03-28,F,PK5216514
PAT_009375,Christine Leon,1957-01-09,F,AU2997096
PAT_009376,Scott Edwards,1977-02-01,M,SA5208378
PAT_009377,Cheryl Preston,1955-10-03,M,BD5187402
PAT_009378,Frank Smith,1989-05-10,M,
PAT_009379,Isaac Sanchez,1956-06-05,M,SA3950893
PAT_009380,Nicole Levy,1953-04-17,F,AU9109626
PAT_009381,Ann Garcia,1973-01-06,F,RU4654691
PAT_009382,Elijah Powell,1961-04-14,M,AU6740763
PAT_009383,Scott Jones,1963-09-10,M,PK7479503
PAT_009384,Mary Howard,1995-05-05,M,US8559242
PAT_009385,Sarah Cole,1964-08-06,M,GB1486244
PAT_009386,Brandon Ballard,1959-11-14,M,NG5217659
PAT_009387,Jeffrey Barrett,1986-03-06,F,US6515728
PAT_009388,Juan Lopez,1971-09-16,F,SA8637894
PAT_009389,Derek Livingston,1980-09-05,F,GB6891787
PAT_009390,Jacob Ballard,1971-02-17,M,GB2946184
PAT_009391,Rachel Golden,1986-05-20,M,US3083863
PAT_009392,Kelli Lara,1953-08-12,F,US5445954
PAT_009393,Jessica Hamilton,1991-02-18,F,US5471721
PAT_009394,Samuel Evans,1971-10-17,F,US9171871
PAT_009395,Michelle Hurst,1980-11-11,M,NG7372998
PAT_009396,Autumn Stanley,1992-08-25,F,RU8854088
PAT_009397,Cheyenne Anderson,1953-01-17,F,KE1868474
PAT_009398,Jerry Lee,1978-03-06,F,
PAT_009399,Alexander Hoover,1996-02-23,F,US5714803
PAT_009400,Denise Dillon,1993-06-08,F,BD2865780
PAT_009401,Bridget Bishop,1987-02-04,F,NG4939563
PAT_009402,Billy Mendez,1968-02-01,F,BD1926516
PAT_009403,Jeremy Krueger,1994-04-01,M,NG3810137
PAT_009404,Rebecca Peterson,1977-08-02,F,US4411146
PAT_009405,Matthew Weaver,1994-03-31,M,SA6793942
PAT_009406,Kenneth Rojas,1952-09-01,M,SA4849827
PAT_009407,Brandy Wilson,1968-11-01,F,BD6252019
PAT_009408,Albert Hunt,1985-02-03,F,SA5444143
PAT_009409,Lisa Lee,1985-10-07,F,BD8948114
PAT_009410,Valerie Beard,1989-03-09,M,AU2521061
PAT_009411,Ashley Oneal,1967-11-05,M,US7580979
PAT_009412,Tiffany Byrd,1955-12-16,M,DE3899385
PAT_009413,Gregory Evans,1984-08-23,M,US8341226
PAT_009414,Mrs. Kristin Walton,1955-06-29,F,
PAT_009415,Vanessa Hunt,1956-11-09,X,BD6261312
PAT_009416,Amanda Luna,1995-02-19,F,RU9059825
PAT_009417,Abigail Compton,1954-05-20,F,US7702379
PAT_009418,Melissa Berg,1988-02-01,M,PK1125744
PAT_009419,Angela Haynes,1953-05-08,M,KE9665077
PAT_009420,Robert Orr,1971-11-26,F,SA1295809
PAT_009421,David Smith,1990-05-04,F,US1831610
PAT_009422,Dennis Lopez,2002-12-18,F,US9089437
PAT_009423,Ashley Kent,1977-11-02,F,PK7153230
PAT_009424,Kenneth Harvey,1974-08-22,M,GB4455969
PAT_009425,Maria Anderson,1972-09-16,X,BD7342192
PAT_009426,Michael Larson,1958-11-13,M,NG9229194
PAT_009427,Linda Kirby,1960-03-07,F,AU6531424
PAT_009428,Lisa Barrett DDS,1966-12-05,F,US7474575
PAT_009429,James Jones,1974-01-01,F,
PAT_009430,Emily Lyons,1957-09-14,M,US3716420
PAT_009431,Terry Serrano,1954-03-30,F,
PAT_009432,Elizabeth Walters,1998-08-03,M,US1375042
PAT_009433,Allison Hudson,2004-08-17,M,GB1285649
PAT_009434,Shawn Jones,1955-02-22,F,US3250570
PAT_009435,Alexis Avila,1960-10-02,F,GB6049627
PAT_009436,William Stanley,1970-10-27,M,SA8056628
PAT_009437,Jennifer Hanson MD,2005-10-09,F,DE7333293
PAT_009438,Helen Kirk,1953-03-11,F,SA1100808
PAT_009439,Derek Franklin,1971-03-27,M,PK2657679
PAT_009440,Anthony Horn,2004-10-19,F,RU9143997
PAT_009441,Tracy Watson,2002-06-11,F,DE2081218
PAT_009442,Robert Rollins,2003-09-01,M,DE4389946
PAT_009443,Heather White,1978-08-17,M,US6933226
PAT_009444,Traci Mcgee,1962-03-11,M,US9495066
PAT_009445,Megan Bright,2004-06-17,F,US3886742
PAT_009446,Shannon Lucas,1950-10-05,M,
PAT_009447,Tracy Smith,1985-03-19,M,RU5109815
PAT_009448,Wendy Simpson,1953-10-03,M,GB4495742
PAT_009449,Donald Stephenson,2002-07-15,F,AU1125238
PAT_009450,Henry Ewing,1993-03-08,F,RU5021740
PAT_009451,Laura Clark,1958-09-27,M,GB9715093
PAT_009452,Amanda Cook,1976-11-08,M,NG3393005
PAT_009453,Stephanie Sherman,1989-03-30,F,SA6061203
PAT_009454,Rachael Garcia,1999-03-04,F,US3806523
PAT_009455,Krystal Wood,1974-08-22,F,GB8258710
PAT_009456,Lori Young,1963-09-12,M,GB8467163
PAT_009457,Lauren Steele,1998-06-11,M,US3095380
PAT_009458,Jennifer Alexander,1969-01-19,F,
PAT_009459,Sean Riggs,1973-10-09,F,US9798204
PAT_009460,William Sloan,1985-06-12,M,US8749409
PAT_009461,Jonathan Cherry,1995-05-04,M,BD4607156
PAT_009462,Michelle Green,1972-03-16,M,PK3917211
PAT_009463,Lisa Thomas MD,1995-01-14,F,BD1425468
PAT_009464,Kayla Keller DDS,1951-08-23,M,RU5954202
PAT_009465,Raymond French,1975-10-02,M,NG5936508
PAT_009466,Erika Palmer,1965-12-18,M,SA4644832
PAT_009467,Miguel Yu,1990-08-20,M,GB1879674
PAT_009468,John Lewis,1970-02-16,F,US9189796
PAT_009469,Paul Hernandez,1951-02-16,F,BD4053882
PAT_009470,Juan Peters,1965-11-18,F,GB8708872
PAT_009471,Melissa Stone,1999-04-28,F,DE3478235
PAT_009472,Antonio King,1986-05-31,F,BD1790025
PAT_009473,Juan Lara,1977-10-22,F,US5385692
PAT_009474,Alex Watkins,1994-07-15,F,US8762969
PAT_009475,Autumn Hill,2002-10-14,M,US6178604
PAT_009476,Patrick Spencer,1959-11-12,F,US6563879
PAT_009477,Ryan Hughes,1958-10-21,M,GB1778142
PAT_009478,Andrew Johnson III,1980-05-06,M,DE8064455
PAT_009479,Elizabeth Sandoval,1957-09-02,M,
PAT_009480,Patricia Figueroa,2003-07-23,F,GB1204429
PAT_009481,Mary Hunter,1963-08-23,M,AU6024796
PAT_009482,Shaun Aguilar,1998-03-17,F,GB1258855
PAT_009483,Carol Murphy,1993-08-23,M,DE7654480
PAT_009484,Kenneth Thomas,1989-11-17,F,US7523973
PAT_009485,Jessica Nelson,1961-11-15,F,US2534463
PAT_009486,Christopher Woodward,1996-06-06,M,US3843178
PAT_009487,Penny Madden,1971-10-27,M,PK1096432
PAT_009488,Amy Pruitt,2002-07-22,F,US9880048
PAT_009489,Connor Anderson,1953-02-27,M,SA1620894
PAT_009490,Kevin Rodriguez,1976-04-25,M,GB1943131
PAT_009491,Ashley Davis,1983-12-05,F,US3520889
PAT_009492,Kaylee Young,1990-01-21,F,
PAT_009493,Michael George,1951-06-24,F,US2711172
PAT_009494,Tanya Taylor,1994-08-08,M,US9809327
PAT_009495,Robin Anderson,1990-03-22,M,AU7822180
PAT_009496,Richard Davies,1957-09-26,X,AU7876244
PAT_009497,Kelli Rangel,1953-03-26,F,GB7288839
PAT_009498,Amy Jones,1990-09-18,X,US5918986
PAT_009499,Daniel Rowland,1962-05-01,M,US2864629
PAT_009500,Jason Riley,1974-12-12,M,DE9583873
PAT_009501,William Garrett,1956-04-28,M,US9820037
PAT_009502,John Sanchez,2005-05-23,F,GB6647459
PAT_009503,Nicholas Lindsey,1963-08-20,F,DE2784135
PAT_009504,Mrs. Elizabeth Carter,1964-06-22,M,GB5212270
PAT_009505,James Jackson,1985-07-02,F,AU7940613
PAT_009506,Alison Tucker,2005-01-09,F,KE4512715
PAT_009507,Maria Edwards,1999-10-22,F,AU6084138
PAT_009508,Michael Heath,1987-10-21,F,AU9038554
PAT_009509,Margaret Cooper,1972-12-23,M,PK7515213
PAT_009510,Adrienne Hines,1995-04-15,F,NG5347950
PAT_009511,Tracy Martin,1974-08-02,M,GB5294782
PAT_009512,Jessica Hall,1985-07-12,M,AU9634114
PAT_009513,Troy Vasquez,1966-09-12,M,RU9184784
PAT_009514,Michael Henry,1952-08-30,F,US1336502
PAT_009515,Troy Martinez,1979-09-26,M,DE1544081
PAT_009516,Todd Aguilar,1994-05-21,M,US3159728
PAT_009517,Susan Figueroa,1977-12-17,F,RU7114670
PAT_009518,Laura Adkins,1954-03-11,M,GB7927335
PAT_009519,Angela Morgan,1973-03-04,M,RU2032726
PAT_009520,Eric Howard,1995-12-26,X,DE3760407
PAT_009521,Isabel Dean,1985-05-07,F,PK9973555
PAT_009522,Mark Taylor,1955-08-04,F,AU2593770
PAT_009523,Craig Arnold,1992-08-09,M,DE3650935
PAT_009524,Ricardo Mendoza,1958-08-29,M,US1330977
PAT_009525,Carolyn Nichols,1978-08-20,M,DE2000971
PAT_009526,Alison Moore,1987-11-06,M,GB2835916
PAT_009527,Timothy Zhang,1980-11-20,M,AU5847535
PAT_009528,Reginald Valdez,1958-04-19,F,BD4295649
PAT_009529,Dennis Johnson,1970-05-05,M,US7925073
PAT_009530,Sarah Black,1953-10-15,F,NG8537678
PAT_009531,William Rodriguez,1957-06-02,M,SA4285420
PAT_009532,Philip James,1966-04-21,F,AU9538602
PAT_009533,Crystal Robinson,1978-12-12,F,KE5417385
PAT_009534,Diana Jones,1989-05-05,F,BD2921636
PAT_009535,Brian Clark,1983-07-04,M,US4520786
PAT_009536,Eric Parker,1985-04-16,F,NG3972351
PAT_009537,David May,1952-06-09,M,KE3595880
PAT_009538,Shelly Johnson,1984-10-03,F,US2595779
PAT_009539,Gabriella Odonnell,1991-10-05,M,AU1197262
PAT_009540,Casey Mendoza,2005-02-21,M,BD2213642
PAT_009541,Tommy Martinez,1963-03-15,M,DE8232879
PAT_009542,Eric Owens,1971-08-22,M,BD6823716
PAT_009543,Marie Salazar,2004-09-20,F,US3517213
PAT_009544,Kelly Cole,2003-05-08,F,GB5954051
PAT_009545,Jamie Vargas,1991-08-10,F,PK4969599
PAT_009546,Elizabeth Brown,1990-03-25,M,
PAT_009547,Scott Vazquez,1991-10-28,M,NG4195354
PAT_009548,Lisa James,1986-02-24,M,US4592171
PAT_009549,Jeremy Powell,2004-06-21,F,DE2740144
PAT_009550,Jason Johnson,1993-05-26,M,KE2427482
PAT_009551,Brian Rodriguez,1961-01-13,F,SA1791612
PAT_009552,Kathryn Williams,1990-04-24,F,US9386496
PAT_009553,Heather White,1982-04-14,F,PK8563849
PAT_009554,Austin Wilkerson,1971-07-26,M,US4164947
PAT_009555,Karen Cochran,1965-08-27,M,GB7323155
PAT_009556,Douglas Anderson,2000-06-12,M,
PAT_009557,Tara Hardy,1956-11-28,M,US6334528
PAT_009558,Mitchell Taylor,1972-09-17,F,BD2093824
PAT_009559,Angelica Torres,1977-09-29,F,RU1098268
PAT_009560,Jared Davila,1989-04-09,F,US8840640
PAT_009561,William Rodgers,1953-04-12,M,SA2441607
PAT_009562,Mary Parker,1969-02-11,M,PK7076977
PAT_009563,Shawn Perkins,1964-04-09,M,GB1882794
PAT_009564,Brian Munoz,1951-12-22,F,US3060173
PAT_009565,Michelle Rivera,1996-04-22,M,SA4554580
PAT_009566,Brian Wood,1964-03-05,M,GB5289398
PAT_009567,Jody Allen,1957-02-25,M,
PAT_009568,Craig Wilson,1992-03-10,F,KE9905608
PAT_009569,Taylor Black,1999-06-21,M,US5922377
PAT_009570,James Anderson,1998-04-27,M,KE3935367
PAT_009571,Christopher Pittman,1979-03-30,F,RU6945660
PAT_009572,Jordan Griffith,1996-06-17,F,BD2004233
PAT_009573,James Carpenter,1981-03-28,F,DE2524564
PAT_009574,Benjamin Campbell,1984-06-25,F,KE6500921
PAT_009575,Kathleen Lin,1957-12-21,M,KE2946919
PAT_009576,Allison Lucas,1961-12-23,F,AU9229548
PAT_009577,Austin Small,1986-01-03,M,NG1692586
PAT_009578,Kathleen Scott,1992-04-23,F,AU7465475
PAT_009579,Anthony Moore,1950-02-12,F,PK8106767
PAT_009580,Mr. Jordan Scott,1995-02-14,F,GB3716640
PAT_009581,Timothy Alexander,1970-04-05,F,KE9338955
PAT_009582,Jennifer Patterson,1976-11-22,M,GB2051408
PAT_009583,Eric Campos,1959-02-08,F,RU9470407
PAT_009584,Morgan Wilson,1987-07-24,M,NG4877955
PAT_009585,Angela Jones,1982-11-16,F,US3753808
PAT_009586,John Alexander,1957-08-07,M,
PAT_009587,Rodney Ford,1955-10-31,M,US2190717
PAT_009588,Jessica Holmes,1961-08-14,F,BD5887323
PAT_009589,Michael Ford,1962-01-13,M,SA8879866
PAT_009590,William May,1989-05-12,M,NG3952652
PAT_009591,Margaret Gallegos,1983-05-25,M,KE2385473
PAT_009592,Ashley Perry,1964-09-18,F,AU4015467
PAT_009593,Dustin Weiss,1962-09-30,M,RU2744263
PAT_009594,Destiny Saunders,2001-09-23,F,AU4281230
PAT_009595,Gwendolyn Kim,2005-07-09,M,SA7688504
PAT_009596,Robert Ramsey,2005-09-13,M,GB5602108
PAT_009597,Michelle Alvarez,1965-06-12,F,AU5673058
PAT_009598,Anthony Parker,2000-04-01,F,AU2839122
PAT_009599,Gail Clark,1953-05-03,F,GB1669846
PAT_009600,Andrea Gonzalez PhD,1960-10-22,M,NG3504358
PAT_009601,Christian Jackson,1993-01-01,F,GB7463662
PAT_009602,Christopher Little,1981-09-11,F,RU2075920
PAT_009603,Kristen Reyes,1956-02-22,F,
PAT_009604,Deanna Richardson,2004-09-16,M,DE1280436
PAT_009605,Matthew Sims,1985-01-06,F,NG1262794
PAT_009606,Ryan Jimenez,1961-10-03,F,NG6534873
PAT_009607,Joseph Jordan,1975-05-25,F,NG3961675
PAT_009608,Matthew Parker,1986-02-09,X,BD9299947
PAT_009609,Shawn Nelson,1969-08-12,F,DE8852831
PAT_009610,Christopher Garner,1960-03-12,F,AU9035188
PAT_009611,Allison Martinez,1954-07-26,F,GB6950607
PAT_009612,Aaron Carter,1991-05-08,F,DE7475453
PAT_009613,Amanda Martin,2002-03-18,M,DE6974523
PAT_009614,Miguel Finley,2003-09-09,F,RU6939549
PAT_009615,Ashley Ramirez,2005-07-12,F,RU8375799
PAT_009616,Anthony Jenkins,1982-07-08,F,US6583631
PAT_009617,Jessica Brooks,1968-05-21,F,AU2189079
PAT_009618,David Martin,2004-12-05,F,BD3692217
PAT_009619,Kenneth Price,1994-04-01,F,SA8293263
PAT_009620,Lisa Mccormick,2003-04-18,F,US5260574
PAT_009621,Nicholas Henderson,1974-11-17,F,BD8474600
PAT_009622,James Carroll,1963-12-10,F,PK1785790
PAT_009623,Ashley Le,1983-06-10,F,PK6154371
PAT_009624,Dr. Kelly Nelson,1987-11-29,M,NG3087115
PAT_009625,Daniel Wright,1956-10-30,M,US1927107
PAT_009626,Andrea Whitehead,1964-04-22,F,DE8935839
PAT_009627,Andrew Oneal,1987-12-07,M,US7864360
PAT_009628,Joshua Brooks,1977-06-01,M,RU7877373
PAT_009629,Andrew Brown,2001-10-16,M,GB9994373
PAT_009630,Briana Dougherty,1978-08-17,M,AU6383789
PAT_009631,Jack Horton,1984-10-29,M,DE7565006
PAT_009632,Emily Guzman,1950-10-24,F,
PAT_009633,Ricky Zamora,1997-04-10,M,SA2627666
PAT_009634,George Jordan,1988-11-04,M,DE5787990
PAT_009635,Travis Shelton,1973-09-12,F,AU3168753
PAT_009636,Steven White,2000-12-02,F,
PAT_009637,Anthony Mitchell Jr.,2001-04-26,M,BD6918809
PAT_009638,Tara Ellis,1995-07-23,M,DE3828805
PAT_009639,Justin King,1978-10-03,F,PK2594176
PAT_009640,Linda Cook,1953-04-10,M,PK8622532
PAT_009641,Cheryl Ross,1982-09-29,M,SA1489200
PAT_009642,Carly Luna,1978-05-11,M,AU2627907
PAT_009643,John Myers,1981-10-23,M,US5874706
PAT_009644,Margaret Contreras,1973-11-28,F,US7424636
PAT_009645,Tina Whitehead,1988-11-17,M,GB2969883
PAT_009646,Kelli Wilson,1999-05-02,M,NG9375829
PAT_009647,Daniel Delgado,1958-06-18,F,DE5919248
PAT_009648,Timothy Hernandez,1981-02-15,M,GB1350024
PAT_009649,Daniel Bradshaw,1987-03-18,M,US6885987
PAT_009650,Daniel Snyder,1995-09-26,F,AU9721821
PAT_009651,Dustin Warren,1952-09-19,M,DE4867247
PAT_009652,Matthew Soto,1982-06-21,F,BD1950028
PAT_009653,Joshua Lynch,1990-11-01,M,GB1672328
PAT_009654,Jennifer Ramirez,2002-03-16,F,GB2880712
PAT_009655,Timothy Jackson,2005-03-03,F,SA2553917
PAT_009656,Nathaniel Richardson,1952-10-01,F,BD9351016
PAT_009657,Beverly Richards,1959-01-03,F,US2724562
PAT_009658,Kevin Harrison,1994-10-22,M,NG5195757
PAT_009659,Stephen Evans,2000-02-15,M,NG5132593
PAT_009660,Patrick Salazar,1969-05-02,F,US9694255
PAT_009661,Amanda Wells,1970-03-23,M,DE6665093
PAT_009662,Anthony Sanford,1954-11-11,M,BD3420269
PAT_009663,Mary Wong,1969-09-10,F,AU1456666
PAT_009664,Deborah Miller PhD,1950-08-30,F,AU6043513
PAT_009665,Deborah Burns,1973-11-16,F,DE8307988
PAT_009666,Carol Keller,1968-09-14,M,US4776645
PAT_009667,Shawn Rivera,1998-11-09,M,US3474255
PAT_009668,Jason Wilcox,1977-06-06,M,AU7550141
PAT_009669,Travis Roth,2002-05-06,M,US4280822
PAT_009670,Mrs. Mary Ingram,1974-07-02,M,NG5587390
PAT_009671,Dr. Alexandra Medina,1958-02-28,M,BD3719130
PAT_009672,Heather Miller,1998-11-29,M,
PAT_009673,Amanda Sullivan,1958-08-23,M,US3919058
PAT_009674,Monique Thompson,1986-01-11,M,NG9832732
PAT_009675,Jared Jacobs,1991-01-26,F,GB6447701
PAT_009676,Angela Henry,2001-03-17,X,GB3287771
PAT_009677,Christopher Morrison,1978-03-31,F,US6896917
PAT_009678,Jesse Hogan,1953-12-06,F,DE6611679
PAT_009679,Jennifer Carter,1967-07-18,M,NG6226381
PAT_009680,Charles Beard,1983-07-10,M,US1303711
PAT_009681,Tammy Wright,1992-08-11,F,SA3586185
PAT_009682,Juan Rivera,1958-08-24,M,US8350924
PAT_009683,Tracy Myers,1986-05-16,M,AU9632359
PAT_009684,James Washington Jr.,2003-11-18,F,BD6330363
PAT_009685,Thomas Cox,1962-05-25,M,DE9076480
PAT_009686,Sabrina Davila,1961-11-12,M,PK6487289
PAT_009687,Jessica Smith,1965-06-11,M,DE9267207
PAT_009688,Cindy Osborn,1953-07-27,M,RU5410144
PAT_009689,Jose Quinn,2001-12-07,M,US7499028
PAT_009690,Kaitlyn Robinson,2005-11-25,F,NG5541232
PAT_009691,Ashley Whitaker,1996-02-02,M,GB4951533
PAT_009692,Sarah Perry,1988-11-18,M,AU3503242
PAT_009693,Matthew Johnson,1951-06-14,F,DE3764799
PAT_009694,Karen Wood,1967-03-12,M,NG4088783
PAT_009695,Anthony Williams,1993-10-14,M,KE5845199
PAT_009696,Kari Diaz,1971-05-23,M,AU2773847
PAT_009697,Melissa Hopkins,2004-02-08,M,PK6080052
PAT_009698,John Smith,2005-10-14,M,KE6475280
PAT_009699,Andrew Jacobson,1960-10-09,F,AU9608350
PAT_009700,Brandon Thomas,1969-12-07,F,US1913271
PAT_009701,Robert Roberts,1968-04-03,F,US5079929
PAT_009702,Kathleen Carroll,1958-10-17,M,SA2677451
PAT_009703,Lynn Jennings,1952-01-30,M,US2620565
PAT_009704,Michele Howell DVM,1999-01-28,F,DE5365484
PAT_009705,Christopher Morrow,1960-08-13,M,GB3897507
PAT_009706,Beth Sanchez,2005-09-25,F,KE7610681
PAT_009707,Danielle Foster,1963-02-08,M,KE5455557
PAT_009708,Tracy Lewis,1997-06-18,F,US1168489
PAT_009709,Amanda Ruiz,1963-05-19,M,AU4938524
PAT_009710,Kaylee Casey,2003-12-29,M,PK9976528
PAT_009711,Haley Shaw,1979-08-31,F,GB5616899
PAT_009712,Mary Mora,1982-08-03,M,AU5794433
PAT_009713,Allison Lloyd,1992-04-14,F,GB1649513
PAT_009714,Amanda Ferguson,1969-03-30,F,GB3204496
PAT_009715,Deborah Weber,1983-05-13,F,GB5990748
PAT_009716,Nathaniel Kim,1969-02-06,F,SA7073045
PAT_009717,Paula Murphy MD,1965-01-28,M,US6095369
PAT_009718,Mr. Chad Freeman,1965-02-23,M,PK9321914
PAT_009719,Melissa Page,1997-07-06,F,SA9934760
PAT_009720,Mr. Charles Mcbride,1954-01-06,M,US9259491
PAT_009721,Cynthia Flores PhD,1991-08-06,M,US2268310
PAT_009722,Sean Lopez,1977-10-12,F,
PAT_009723,Lacey Velez,1959-11-05,M,
PAT_009724,Brent Bush,1953-06-08,M,BD3156533
PAT_009725,Robert Hinton,2005-05-24,F,SA4417574
PAT_009726,Jennifer Payne,1976-10-20,M,NG6805708
PAT_009727,Tyler Whitaker,1957-03-27,F,KE5392192
PAT_009728,Sherry Walker,1966-10-17,M,KE3522785
PAT_009729,Jessica Griffith,1999-05-09,M,RU4469541
PAT_009730,Tiffany Clayton,2002-02-05,F,US4049673
PAT_009731,Chase Andrews,1961-01-16,F,GB7590707
PAT_009732,Eric Moyer,1984-01-03,F,AU4485616
PAT_009733,Michael Hunt,1977-12-27,F,GB6148801
PAT_009734,Steven Barrett,2005-06-30,F,NG2534248
PAT_009735,Corey Berry,1982-11-17,M,KE9350056
PAT_009736,Anita Baker,1989-12-02,M,PK1118919
PAT_009737,Timothy Dalton,1975-09-08,M,GB1658813
PAT_009738,Teresa Reynolds,1950-02-17,M,
PAT_009739,Shannon Peterson,1988-10-10,M,US7103425
PAT_009740,Amy Gray,2003-01-12,M,GB2196728
PAT_009741,Sheila Banks,1967-07-03,M,RU7299699
PAT_009742,Manuel Crosby,1986-11-14,F,RU3893677
PAT_009743,Teresa Harper,1971-04-01,F,SA9605863
PAT_009744,Mrs. Jessica Brown MD,1984-02-11,X,SA3572686
PAT_009745,Donald Torres,1984-09-18,F,BD7860860
PAT_009746,Rebecca Bailey,1980-08-02,M,BD9987655
PAT_009747,Dylan Cole,1976-07-22,M,US5059170
PAT_009748,Derrick Clay,1982-10-02,F,GB7166634
PAT_009749,Christopher Lawson,1989-04-21,F,RU5231816
PAT_009750,Brittney Gonzalez,1985-12-29,F,PK9838860
PAT_009751,John Nelson DVM,1962-12-05,F,DE4173389
PAT_009752,Charles Hodge,2005-02-23,M,SA9364125
PAT_009753,Bonnie Brewer,2002-09-25,F,PK3835237
PAT_009754,Rebecca Skinner,1982-12-21,M,PK8196489
PAT_009755,Jose Barnett,1955-03-30,F,KE5051773
PAT_009756,Melanie Johnson,1973-09-09,M,
PAT_009757,Jeremy Garcia,1954-03-10,M,GB5080723
PAT_009758,Andre Thompson,1976-12-06,F,SA2417190
PAT_009759,Kimberly Chandler,1962-01-12,M,PK4236788
PAT_009760,Jonathan Harris,1988-03-29,F,US7772271
PAT_009761,Brian Evans,2001-08-15,F,GB4968658
PAT_009762,Tyler Miller,1969-03-22,M,BD7020685
PAT_009763,Matthew Dennis,1993-07-16,F,US2841149
PAT_009764,Dr. Whitney Jones,1966-08-10,M,PK2362764
PAT_009765,Blake Nunez,1953-12-30,M,SA3185100
PAT_009766,Amy Cooke,1979-12-12,F,NG2369580
PAT_009767,Robert Malone,1990-08-06,M,KE3914623
PAT_009768,Mark Miles,2003-01-08,M,
PAT_009769,Sharon Clark,1983-01-30,M,US2956474
PAT_009770,Madeline Landry,1967-02-19,M,US9930660
PAT_009771,Eric Washington,1983-11-25,M,SA7991619
PAT_009772,Kenneth Taylor,1974-11-21,F,DE5022945
PAT_009773,Amanda Leblanc,2005-11-10,F,AU9313044
PAT_009774,Travis Vargas,1994-06-28,F,GB9889963
PAT_009775,Glenda Arnold,1969-10-19,M,GB8188864
PAT_009776,Timothy Velazquez,1961-06-12,M,SA6565697
PAT_009777,Bryan Hawkins,2003-07-25,M,PK6240918
PAT_009778,Melissa Garcia,2003-07-17,F,RU4970063
PAT_009779,Maria Bonilla,1968-08-31,F,US6980454
PAT_009780,Christopher Pugh,1952-07-27,F,
PAT_009781,Christie Mora,1955-06-22,F,DE3236340
PAT_009782,Nicholas Morgan,1971-07-04,F,DE2548687
PAT_009783,Thomas Burch,1986-07-26,F,BD7758496
PAT_009784,Daniel Owens,1963-01-31,M,BD5208999
PAT_009785,James Jordan,1975-05-07,F,DE1843476
PAT_009786,Adam Nelson,1959-01-28,M,SA8491788
PAT_009787,Michael Webb,2001-05-28,F,SA1608414
PAT_009788,Melissa Young,1963-05-06,F,GB2116787
PAT_009789,Cameron Haynes,1993-06-19,F,SA4038641
PAT_009790,Mr. Paul Dickerson,1992-03-24,M,US3173810
PAT_009791,Regina Thompson,1957-11-02,M,GB1120499
PAT_009792,Joseph Cannon,1951-04-02,F,BD3426845
PAT_009793,Aaron Mcdaniel,1988-05-25,F,US6546513
PAT_009794,Joanne Archer,2005-08-30,F,US9088210
PAT_009795,William Dickerson,1991-04-15,F,BD3946536
PAT_009796,Justin Jackson,1971-08-03,F,US5699869
PAT_009797,Luis Levine,1993-10-30,M,SA1301765
PAT_009798,Stacy Arnold,1952-02-03,M,GB8521784
PAT_009799,Jodi Paul,1993-07-18,F,AU7301343
PAT_009800,Janice Scott,2001-02-04,M,GB6978345
PAT_009801,Alexis Maxwell,1991-08-08,F,RU2250938
PAT_009802,Robert Little,1970-11-08,F,US4296603
PAT_009803,Shawn Chavez,1988-06-17,F,AU1823031
PAT_009804,Robert Green,1954-06-18,F,GB9471448
PAT_009805,Jessica Phillips,2002-06-06,F,US5704481
PAT_009806,Ryan Orr,1981-03-01,M,AU3172303
PAT_009807,Darrell Marks,1989-10-15,M,BD6504127
PAT_009808,James Rogers,1982-11-08,F,SA6487955
PAT_009809,Jason Chapman,2004-07-03,F,GB4551703
PAT_009810,Edward Scott,1951-02-16,M,NG2371777
PAT_009811,Matthew Brown,1990-04-06,M,BD3484683
PAT_009812,Craig Byrd,2003-11-13,F,RU8210618
PAT_009813,Jordan Lucas,1984-12-07,F,AU6095921
PAT_009814,Perry Lopez,1996-02-19,F,KE4810178
PAT_009815,Daniel Williamson,1961-06-25,F,DE9665016
PAT_009816,Katelyn Robinson DVM,1954-06-05,M,PK9482595
PAT_009817,Timothy Nichols,1964-03-01,M,BD8960547
PAT_009818,Holly Riley,1967-10-04,M,DE5346152
PAT_009819,Julie Rowe,1997-06-02,F,AU3200237
PAT_009820,Jose Hunt,1965-06-13,F,GB3278782
PAT_009821,Robert Johnston,1954-07-16,F,KE4061697
PAT_009822,Micheal Wolfe,1985-01-06,F,DE9902285
PAT_009823,John Russell,1997-04-26,F,GB2287949
PAT_009824,Christopher Crawford,1996-05-04,M,DE2546953
PAT_009825,Robert Hanna,1960-04-11,M,DE1914923
PAT_009826,Scott Sanford,1991-03-25,F,GB9192370
PAT_009827,Peter Reed,1987-09-14,F,KE4742162
PAT_009828,Derrick Wood,1999-04-14,F,US8699657
PAT_009829,Maurice Boyd,1952-07-11,F,GB7697312
PAT_009830,Richard Anderson,1994-12-28,F,KE1300699
PAT_009831,Jason Casey,1984-08-09,M,KE3633512
PAT_009832,Kenneth Murray,1980-12-19,M,SA1038852
PAT_009833,Gavin Neal,1976-03-10,F,DE7133930
PAT_009834,Jeremy Harris,1986-12-19,M,
PAT_009835,Lisa Gaines,2001-03-26,M,GB6245929
PAT_009836,Steven Bush,1962-03-18,M,AU8192692
PAT_009837,Thomas Kelly,1982-08-27,M,NG1357943
PAT_009838,Shane Sawyer,1981-09-06,F,GB6030179
PAT_009839,Julie Price,1986-05-01,M,DE8645942
PAT_009840,Charles Finley,1990-06-14,M,GB4745156
PAT_009841,Dennis Parker,1985-01-08,F,NG7448834
PAT_009842,Jacqueline Garner,1951-05-11,F,DE6705148
PAT_009843,Mallory Marshall,1973-04-12,F,AU1304686
PAT_009844,Alicia Richardson,1995-07-03,M,DE4753461
PAT_009845,Jessica Peck,1966-11-07,F,US9723451
PAT_009846,Crystal Oconnell,1962-10-12,F,SA9694970
PAT_009847,Mary Alexander,1961-08-24,M,GB2469410
PAT_009848,Katherine Jones,1986-01-28,M,PK1398545
PAT_009849,Lauren Foster,1953-06-13,F,AU3126692
PAT_009850,Pamela Burch,1962-05-13,F,US5922542
PAT_009851,Samuel Johnson,1961-02-22,F,AU7982850
PAT_009852,Robert Perez,1989-03-08,F,GB7886368
PAT_009853,Jennifer Cox,1976-04-29,M,SA2293282
PAT_009854,Bryan Yang,1972-03-01,M,NG9780824
PAT_009855,Mr. Justin Taylor MD,1953-05-18,M,DE3914603
PAT_009856,Anita Graves,1992-02-28,M,NG7960014
PAT_009857,April Richards,2000-08-24,M,SA1481777
PAT_009858,Austin Fitzgerald,1988-01-01,F,SA7360202
PAT_009859,David Craig,1952-11-21,F,DE8646245
PAT_009860,Cassandra Armstrong,1953-09-05,F,SA9654150
PAT_009861,Yvonne Morris,1975-01-31,F,DE6609650
PAT_009862,Jonathan Benson,1988-08-24,F,GB7142486
PAT_009863,Louis Herman,1957-04-20,M,
PAT_009864,Michael Carter,1975-11-03,F,PK1106980
PAT_009865,Joshua Campbell,1969-09-22,M,DE4551515
PAT_009866,Crystal Clark,1989-05-03,F,NG3840070
PAT_009867,Paula Rosales,2002-06-11,M,KE3425731
PAT_009868,Stephanie Wilkerson,1988-05-29,F,KE4132333
PAT_009869,Grace Duncan,2000-04-09,M,BD6026064
PAT_009870,Micheal Hoffman,1979-07-02,M,AU3019405
PAT_009871,Kristin Phillips,1993-08-25,F,SA6309874
PAT_009872,Bruce Norton,1998-10-23,F,US1095169
PAT_009873,Ray Scott,1974-01-10,M,RU5498069
PAT_009874,Deborah Perkins,1967-02-05,F,BD1577315
PAT_009875,Mark Knight,1965-03-28,M,US2664089
PAT_009876,Donna Cantu,1973-04-12,F,GB4676960
PAT_009877,Melanie Stevenson,1950-04-19,M,DE4203631
PAT_009878,Cheyenne Mitchell,2002-01-10,M,US6435355
PAT_009879,Cynthia Potter,1976-11-17,F,RU9516945
PAT_009880,Tina Warner,1971-08-31,F,
PAT_009881,Jordan Payne,1981-09-07,M,DE6263022
PAT_009882,Sandra Garcia,1976-11-22,M,SA1868916
PAT_009883,Caitlin Owen,1985-03-12,F,AU6828612
PAT_009884,Stacey Ortega,1961-11-15,F,US9800888
PAT_009885,Tonya Jones,1951-08-21,F,GB6138400
PAT_009886,Julia Walters,1951-07-12,M,RU4302833
PAT_009887,Megan Stanley,1952-02-26,M,SA6402709
PAT_009888,Kimberly Vaughan,1962-07-17,M,RU3740750
PAT_009889,Timothy Young,1984-10-13,M,DE8608621
PAT_009890,Daisy Ross,1983-10-24,M,PK1261184
PAT_009891,Karen Smith,1958-12-08,F,NG8781699
PAT_009892,Rebecca Santiago,1994-02-27,M,US8746018
PAT_009893,Lee Stewart,1960-05-15,M,US3923302
PAT_009894,Jenny Nelson,1958-05-12,F,GB9362547
PAT_009895,Benjamin Rios,1973-02-15,F,RU5687374
PAT_009896,Edgar Deleon,1967-12-31,F,PK8184382
PAT_009897,Kelly Wright,1990-04-06,M,SA7542532
PAT_009898,Meredith Martin,1985-10-18,F,PK7864134
PAT_009899,Mary Hall,1990-06-06,F,DE6037670
PAT_009900,Tracy Thomas,1950-06-03,M,GB6024377
PAT_009901,John Cooper,1969-06-02,M,
PAT_009902,Frank Lawson,1980-06-17,M,BD1966729
PAT_009903,Allison Lee,1958-02-20,M,
PAT_009904,Pamela Taylor,1973-01-31,M,US3034412
PAT_009905,Lisa Mendez,1966-04-13,F,BD5816596
PAT_009906,Trevor Casey,1964-05-05,F,GB6639878
PAT_009907,Ann Reyes,2005-02-27,F,RU1533170
PAT_009908,Courtney Lewis,1987-01-13,X,PK2537324
PAT_009909,Jill Cordova,1967-07-26,M,DE6468937
PAT_009910,Daniel Juarez,1992-07-30,F,SA8900847
PAT_009911,Amy Thompson,1984-10-24,F,US6964915
PAT_009912,James Boyd,2003-04-29,M,US8176012
PAT_009913,Carolyn Mccarty,1950-09-18,M,RU9161826
PAT_009914,Gregory Rivera,1965-12-19,M,NG5933369
PAT_009915,Benjamin Frazier,1957-03-08,F,NG7581721
PAT_009916,Mark Tapia,1968-10-02,F,DE4309044
PAT_009917,Robin Diaz,1956-03-29,F,GB2111592
PAT_009918,Raymond Pierce,1997-10-04,F,SA7676650
PAT_009919,Kristopher Smith,1950-06-01,F,GB3787828
PAT_009920,Jacob Lindsey,1992-01-31,F,PK2814366
PAT_009921,Kirsten Waller,1962-04-16,M,PK5035270
PAT_009922,Colin Taylor,1975-11-25,F,GB9045665
PAT_009923,Matthew Bryant,1962-07-02,F,US2952785
PAT_009924,Amy Cooper,1963-06-03,M,PK4380851
PAT_009925,Steven Harper,1957-11-13,M,BD9274304
PAT_009926,Daisy Jones DVM,1973-12-01,F,GB7365659
PAT_009927,Aaron Hill,1972-09-07,M,SA1968799
PAT_009928,Crystal Tucker,1976-06-02,F,PK9688627
PAT_009929,Andrea Archer,1984-01-08,M,RU3615200
PAT_009930,Sierra Gibson,1959-11-29,F,GB2201789
PAT_009931,Ruth West,1970-02-10,F,SA7190724
PAT_009932,Stacey Wilson MD,1985-05-22,F,DE6680925
PAT_009933,Mason Snyder,1973-01-13,F,GB4927204
PAT_009934,Patricia Frederick,1956-10-31,F,SA5464869
PAT_009935,Christine Johnson,1963-12-22,F,AU6909989
PAT_009936,Gregory Owens,2005-05-29,M,DE8277799
PAT_009937,Russell Dean,1984-02-08,F,GB5726497
PAT_009938,Terrance Burns,1989-08-26,F,AU5715849
PAT_009939,Brett Clark,1964-10-02,M,
PAT_009940,Kenneth Love,1972-11-26,M,BD6979658
PAT_009941,Margaret Arroyo,1968-11-01,M,KE9156361
PAT_009942,Taylor Sanders,1969-04-12,M,KE1884359
PAT_009943,Troy Harper,1983-03-17,F,SA6139262
PAT_009944,Sarah Johnson,2004-09-20,F,GB9680562
PAT_009945,Latasha Golden,1966-08-14,M,GB9214972
PAT_009946,Edwin Diaz,1961-11-03,F,RU2012696
PAT_009947,Jeffrey Singleton,1982-09-15,F,KE9712418
PAT_009948,Paige Meadows,2000-09-03,M,
PAT_009949,Casey Ali,1997-06-09,M,BD9629536
PAT_009950,Patricia Gomez,2004-04-01,M,US7878417
PAT_009951,Eric Jimenez,1955-01-17,M,US7179765
PAT_009952,Hunter Beck,1956-08-25,M,
PAT_009953,Katelyn Smith,1978-05-30,F,US2128855
PAT_009954,Jason Diaz,1989-05-29,F,RU8546306
PAT_009955,Jennifer George,1994-01-18,F,GB1347465
PAT_009956,Jennifer Ramirez,1966-03-11,F,US7465293
PAT_009957,Brett Willis,1989-08-01,F,DE2331920
PAT_009958,Luis Russo,1998-01-08,F,US1326969
PAT_009959,Jennifer Bryant,1970-07-03,M,SA7935175
PAT_009960,Christopher Baker,1983-12-15,M,BD8157683
PAT_009961,Kathryn Howard,1967-03-08,F,US2297261
PAT_009962,Kimberly Glover,2001-06-05,M,BD5325601
PAT_009963,James Combs,1969-12-14,M,
PAT_009964,Lori Robinson,1982-11-03,M,DE3838431
PAT_009965,Sabrina White,1971-01-01,M,AU1250946
PAT_009966,Mike Garcia,1972-03-31,M,RU6740154
PAT_009967,John Smith,1994-11-22,F,
PAT_009968,Margaret Johnson,1969-03-06,F,DE4351947
PAT_009969,Catherine Thompson,1962-10-18,F,DE3595401
PAT_009970,Reginald Walker,1968-02-23,F,SA9489223
PAT_009971,Kevin Powers,1958-09-24,F,AU8576504
PAT_009972,Michael Reyes,2003-12-05,M,BD6526163
PAT_009973,Dr. Stephanie Gray,2005-01-29,F,US5170304
PAT_009974,Nathan Eaton,1990-08-11,M,GB8959266
PAT_009975,John Lawrence,1982-02-03,M,US6178580
PAT_009976,Brandon Santiago,1965-07-14,M,SA5094036
PAT_009977,Kyle Murphy,1968-06-27,M,RU5457653
PAT_009978,Robert George,1989-10-29,M,RU7073310
PAT_009979,Kimberly Walker,1985-07-23,F,US4686181
PAT_009980,Sharon Rivera,1965-08-11,M,KE6014384
PAT_009981,Elaine Lynch,1991-01-03,M,US5656997
PAT_009982,Melanie Bridges,1956-12-19,F,GB1569831
PAT_009983,Kevin Walker,1956-11-06,M,DE7939863
PAT_009984,Philip Holland,1980-09-13,M,US8599094
PAT_009985,Briana Pierce,1977-10-03,F,BD7074650
PAT_009986,Michael Miller,1950-06-18,M,BD5495037
PAT_009987,Laura Williams DDS,1959-09-10,F,DE7399207
PAT_009988,Eric Andrews II,1956-04-02,M,RU5435348
PAT_009989,Bobby English,1976-03-01,F,RU8993699
PAT_009990,Daniel Jefferson,1988-01-20,F,US9943693
PAT_009991,Lisa Davis,1975-03-27,M,AU3177206
PAT_009992,Emily Smith,1968-03-11,M,US4179074
PAT_009993,Nicole Jacobs,1979-05-05,M,NG9098086
PAT_009994,Samuel Montgomery,1996-01-24,M,GB2722036
PAT_009995,Matthew Adams,1986-03-07,M,DE9187429
PAT_009996,Michael Jensen,1999-05-05,F,US7668068
PAT_009997,Joseph Green,1969-04-11,M,SA1115953
PAT_009998,Donna Burke,1965-09-06,M,SA8014864
PAT_009999,Brandon Moran,1985-05-07,M,US4903785
PAT_010000,Michael Stein,1985-03-08,F,SA4142712
PAT_010001,Sherri Lopez,1956-03-11,F,SA8160755
PAT_010002,Tiffany Flores,1956-03-11,F,SA8160755
PAT_010003,Sandra Payne,1956-03-11,F,SA8160755
PAT_010004,Gary Mccarthy,1991-06-10,F,RU2865597
PAT_010005,George Eaton,1956-03-11,F,SA8160755
PAT_010006,Laura Ellis,1974-07-10,M,SA4471726
PAT_010007,Olivia Jarvis,1968-11-04,M,GB3421582
PAT_010008,Dr. Sandra Riley,1995-01-05,F,US3107417
