source_id,target_id
PAT_000001,NG
PAT_000002,PK
PAT_000003,US
PAT_000004,BD
PAT_000005,PK
PAT_000006,BD
PAT_000007,BD
PAT_000008,DE
PAT_000009,GB
PAT_000010,US
PAT_000011,BD
PAT_000012,AU
PAT_000013,AU
PAT_000014,BD
PAT_000015,PK
PAT_000016,AU
PAT_000017,GB
PAT_000018,US
PAT_000019,GB
PAT_000020,RU
PAT_000021,DE
PAT_000022,GB
PAT_000023,RU
PAT_000024,SA
PAT_000025,NG
PAT_000026,BD
PAT_000027,BD
PAT_000028,GB
PAT_000029,KE
PAT_000030,KE
PAT_000031,SA
PAT_000032,GB
PAT_000033,BD
PAT_000034,US
PAT_000035,US
PAT_000036,BD
PAT_000037,AU
PAT_000038,SA
PAT_000039,BD
PAT_000040,DE
PAT_000041,DE
PAT_000042,BD
PAT_000043,KE
PAT_000044,BD
PAT_000045,KE
PAT_000046,BD
PAT_000047,GB
PAT_000048,RU
PAT_000049,BD
PAT_000050,SA
PAT_000051,US
PAT_000052,SA
PAT_000053,RU
PAT_000054,AU
PAT_000055,AU
PAT_000056,PK
PAT_000057,DE
PAT_000058,DE
PAT_000059,BD
PAT_000060,SA
PAT_000061,GB
PAT_000062,US
PAT_000063,NG
PAT_000064,BD
PAT_000065,RU
PAT_000066,PK
PAT_000067,GB
PAT_000068,US
PAT_000069,US
PAT_000070,US
PAT_000071,GB
PAT_000072,GB
PAT_000073,GB
PAT_000074,BD
PAT_000075,BD
PAT_000076,US
PAT_000077,GB
PAT_000078,DE
PAT_000079,GB
PAT_000080,NG
PAT_000081,US
PAT_000082,PK
PAT_000083,US
PAT_000084,US
PAT_000085,GB
PAT_000086,GB
PAT_000087,AU
PAT_000088,KE
PAT_000089,US
PAT_000090,AU
PAT_000091,NG
PAT_000092,SA
PAT_000093,NG
PAT_000094,RU
PAT_000095,AU
PAT_000096,DE
PAT_000097,RU
PAT_000098,PK
PAT_000099,BD
PAT_000100,SA
PAT_000101,DE
PAT_000102,NG
PAT_000103,SA
PAT_000104,PK
PAT_000105,NG
PAT_000106,BD
PAT_000107,US
PAT_000108,DE
PAT_000109,US
PAT_000110,AU
PAT_000111,US
PAT_000112,AU
PAT_000113,SA
PAT_000114,BD
PAT_000115,BD
PAT_000116,AU
PAT_000117,AU
PAT_000118,DE
PAT_000119,GB
PAT_000120,NG
PAT_000121,PK
PAT_000122,BD
PAT_000123,AU
PAT_000124,DE
PAT_000125,US
PAT_000126,RU
PAT_000127,KE
PAT_000128,NG
PAT_000129,GB
PAT_000130,GB
PAT_000131,BD
PAT_000132,BD
PAT_000133,BD
PAT_000134,AU
PAT_000135,AU
PAT_000136,DE
PAT_000137,US
PAT_000138,US
PAT_000139,US
PAT_000140,RU
PAT_000141,PK
PAT_000142,NG
PAT_000143,KE
PAT_000144,GB
PAT_000145,PK
PAT_000146,BD
PAT_000147,BD
PAT_000148,GB
PAT_000149,US
PAT_000150,DE
PAT_000151,US
PAT_000152,AU
PAT_000153,US
PAT_000154,GB
PAT_000155,GB
PAT_000156,AU
PAT_000157,RU
PAT_000158,AU
PAT_000159,GB
PAT_000160,RU
PAT_000161,DE
PAT_000162,PK
PAT_000163,KE
PAT_000164,AU
PAT_000165,KE
PAT_000166,AU
PAT_000167,DE
PAT_000168,PK
PAT_000169,SA
PAT_000170,US
PAT_000171,SA
PAT_000172,PK
PAT_000173,SA
PAT_000174,GB
PAT_000175,PK
PAT_000176,PK
PAT_000177,DE
PAT_000178,GB
PAT_000179,GB
PAT_000180,PK
PAT_000181,RU
PAT_000182,PK
PAT_000183,KE
PAT_000184,US
PAT_000185,GB
PAT_000186,GB
PAT_000187,AU
PAT_000188,SA
PAT_000189,RU
PAT_000190,SA
PAT_000191,RU
PAT_000192,RU
PAT_000193,GB
PAT_000194,GB
PAT_000195,SA
PAT_000196,US
PAT_000197,PK
PAT_000198,GB
PAT_000199,PK
PAT_000200,US
PAT_000201,PK
PAT_000202,RU
PAT_000203,GB
PAT_000204,DE
PAT_000205,KE
PAT_000206,NG
PAT_000207,US
PAT_000208,GB
PAT_000209,US
PAT_000210,US
PAT_000211,AU
PAT_000212,BD
PAT_000213,RU
PAT_000214,US
PAT_000215,PK
PAT_000216,PK
PAT_000217,SA
PAT_000218,GB
PAT_000219,DE
PAT_000220,US
PAT_000221,PK
PAT_000222,KE
PAT_000223,KE
PAT_000224,US
PAT_000225,PK
PAT_000226,US
PAT_000227,AU
PAT_000228,AU
PAT_000229,KE
PAT_000230,KE
PAT_000231,RU
PAT_000232,PK
PAT_000233,US
PAT_000234,KE
PAT_000235,GB
PAT_000236,SA
PAT_000237,US
PAT_000238,BD
PAT_000239,US
PAT_000240,DE
PAT_000241,PK
PAT_000242,AU
PAT_000243,AU
PAT_000244,NG
PAT_000245,DE
PAT_000246,GB
PAT_000247,BD
PAT_000248,NG
PAT_000249,NG
PAT_000250,GB
PAT_000251,RU
PAT_000252,SA
PAT_000253,GB
PAT_000254,SA
PAT_000255,AU
PAT_000256,US
PAT_000257,SA
PAT_000258,US
PAT_000259,PK
PAT_000260,US
PAT_000261,AU
PAT_000262,NG
PAT_000263,US
PAT_000264,GB
PAT_000265,AU
PAT_000266,PK
PAT_000267,RU
PAT_000268,US
PAT_000269,RU
PAT_000270,PK
PAT_000271,GB
PAT_000272,AU
PAT_000273,US
PAT_000274,PK
PAT_000275,KE
PAT_000276,AU
PAT_000277,PK
PAT_000278,GB
PAT_000279,DE
PAT_000280,GB
PAT_000281,KE
PAT_000282,PK
PAT_000283,GB
PAT_000284,RU
PAT_000285,US
PAT_000286,SA
PAT_000287,KE
PAT_000288,US
PAT_000289,GB
PAT_000290,SA
PAT_000291,AU
PAT_000292,BD
PAT_000293,RU
PAT_000294,RU
PAT_000295,RU
PAT_000296,AU
PAT_000297,US
PAT_000298,RU
PAT_000299,BD
PAT_000300,US
PAT_000301,US
PAT_000302,GB
PAT_000303,PK
PAT_000304,NG
PAT_000305,GB
PAT_000306,AU
PAT_000307,US
PAT_000308,KE
PAT_000309,GB
PAT_000310,SA
PAT_000311,US
PAT_000312,KE
PAT_000313,DE
PAT_000314,AU
PAT_000315,US
PAT_000316,GB
PAT_000317,GB
PAT_000318,GB
PAT_000319,NG
PAT_000320,DE
PAT_000321,SA
PAT_000322,SA
PAT_000323,RU
PAT_000324,GB
PAT_000325,SA
PAT_000326,PK
PAT_000327,KE
PAT_000328,GB
PAT_000329,RU
PAT_000330,GB
PAT_000331,GB
PAT_000332,NG
PAT_000333,NG
PAT_000334,GB
PAT_000335,US
PAT_000336,SA
PAT_000337,US
PAT_000338,PK
PAT_000339,GB
PAT_000340,RU
PAT_000341,US
PAT_000342,US
PAT_000343,RU
PAT_000344,US
PAT_000345,PK
PAT_000346,US
PAT_000347,PK
PAT_000348,US
PAT_000349,AU
PAT_000350,US
PAT_000351,BD
PAT_000352,RU
PAT_000353,NG
PAT_000354,GB
PAT_000355,GB
PAT_000356,BD
PAT_000357,SA
PAT_000358,AU
PAT_000359,NG
PAT_000360,DE
PAT_000361,BD
PAT_000362,SA
PAT_000363,GB
PAT_000364,PK
PAT_000365,GB
PAT_000366,DE
PAT_000367,NG
PAT_000368,GB
PAT_000369,RU
PAT_000370,GB
PAT_000371,GB
PAT_000372,US
PAT_000373,GB
PAT_000374,AU
PAT_000375,US
PAT_000376,PK
PAT_000377,GB
PAT_000378,RU
PAT_000379,AU
PAT_000380,KE
PAT_000381,GB
PAT_000382,BD
PAT_000383,GB
PAT_000384,PK
PAT_000385,SA
PAT_000386,NG
PAT_000387,US
PAT_000388,RU
PAT_000389,AU
PAT_000390,US
PAT_000391,BD
PAT_000392,GB
PAT_000393,SA
PAT_000394,NG
PAT_000395,AU
PAT_000396,GB
PAT_000397,DE
PAT_000398,US
PAT_000399,US
PAT_000400,DE
PAT_000401,GB
PAT_000402,NG
PAT_000403,SA
PAT_000404,BD
PAT_000405,US
PAT_000406,SA
PAT_000407,DE
PAT_000408,DE
PAT_000409,GB
PAT_000410,GB
PAT_000411,SA
PAT_000412,BD
PAT_000413,AU
PAT_000414,BD
PAT_000415,GB
PAT_000416,US
PAT_000417,DE
PAT_000418,AU
PAT_000419,BD
PAT_000420,GB
PAT_000421,AU
PAT_000422,DE
PAT_000423,US
PAT_000424,SA
PAT_000425,BD
PAT_000426,AU
PAT_000427,PK
PAT_000428,AU
PAT_000429,SA
PAT_000430,DE
PAT_000431,GB
PAT_000432,BD
PAT_000433,US
PAT_000434,GB
PAT_000435,US
PAT_000436,BD
PAT_000437,US
PAT_000438,US
PAT_000439,DE
PAT_000440,RU
PAT_000441,SA
PAT_000442,AU
PAT_000443,BD
PAT_000444,PK
PAT_000445,GB
PAT_000446,RU
PAT_000447,US
PAT_000448,US
PAT_000449,BD
PAT_000450,GB
PAT_000451,US
PAT_000452,DE
PAT_000453,GB
PAT_000454,RU
PAT_000455,DE
PAT_000456,GB
PAT_000457,DE
PAT_000458,NG
PAT_000459,PK
PAT_000460,RU
PAT_000461,PK
PAT_000462,GB
PAT_000463,US
PAT_000464,GB
PAT_000465,BD
PAT_000466,US
PAT_000467,DE
PAT_000468,SA
PAT_000469,GB
PAT_000470,BD
PAT_000471,BD
PAT_000472,GB
PAT_000473,KE
PAT_000474,GB
PAT_000475,AU
PAT_000476,DE
PAT_000477,SA
PAT_000478,US
PAT_000479,KE
PAT_000480,BD
PAT_000481,PK
PAT_000482,NG
PAT_000483,RU
PAT_000484,AU
PAT_000485,AU
PAT_000486,DE
PAT_000487,US
PAT_000488,PK
PAT_000489,US
PAT_000490,US
PAT_000491,US
PAT_000492,DE
PAT_000493,AU
PAT_000494,BD
PAT_000495,KE
PAT_000496,RU
PAT_000497,KE
PAT_000498,SA
PAT_000499,AU
PAT_000500,GB
PAT_000501,DE
PAT_000502,NG
PAT_000503,SA
PAT_000504,RU
PAT_000505,AU
PAT_000506,KE
PAT_000507,SA
PAT_000508,NG
PAT_000509,DE
PAT_000510,PK
PAT_000511,GB
PAT_000512,PK
PAT_000513,US
PAT_000514,AU
PAT_000515,US
PAT_000516,DE
PAT_000517,AU
PAT_000518,US
PAT_000519,AU
PAT_000520,BD
PAT_000521,US
PAT_000522,RU
PAT_000523,US
PAT_000524,GB
PAT_000525,US
PAT_000526,US
PAT_000527,GB
PAT_000528,GB
PAT_000529,GB
PAT_000530,NG
PAT_000531,PK
PAT_000532,SA
PAT_000533,DE
PAT_000534,KE
PAT_000535,US
PAT_000536,KE
PAT_000537,US
PAT_000538,BD
PAT_000539,GB
PAT_000540,US
PAT_000541,GB
PAT_000542,NG
PAT_000543,DE
PAT_000544,US
PAT_000545,GB
PAT_000546,GB
PAT_000547,US
PAT_000548,GB
PAT_000549,BD
PAT_000550,AU
PAT_000551,NG
PAT_000552,GB
PAT_000553,US
PAT_000554,US
PAT_000555,US
PAT_000556,BD
PAT_000557,NG
PAT_000558,KE
PAT_000559,PK
PAT_000560,US
PAT_000561,US
PAT_000562,NG
PAT_000563,US
PAT_000564,GB
PAT_000565,US
PAT_000566,US
PAT_000567,DE
PAT_000568,US
PAT_000569,BD
PAT_000570,AU
PAT_000571,GB
PAT_000572,SA
PAT_000573,GB
PAT_000574,DE
PAT_000575,AU
PAT_000576,PK
PAT_000577,US
PAT_000578,DE
PAT_000579,GB
PAT_000580,AU
PAT_000581,NG
PAT_000582,NG
PAT_000583,NG
PAT_000584,US
PAT_000585,US
PAT_000586,RU
PAT_000587,RU
PAT_000588,DE
PAT_000589,GB
PAT_000590,RU
PAT_000591,US
PAT_000592,US
PAT_000593,PK
PAT_000594,PK
PAT_000595,BD
PAT_000596,US
PAT_000597,GB
PAT_000598,DE
PAT_000599,PK
PAT_000600,RU
PAT_000601,US
PAT_000602,GB
PAT_000603,RU
PAT_000604,RU
PAT_000605,BD
PAT_000606,GB
PAT_000607,NG
PAT_000608,DE
PAT_000609,BD
PAT_000610,SA
PAT_000611,SA
PAT_000612,SA
PAT_000613,PK
PAT_000614,US
PAT_000615,RU
PAT_000616,BD
PAT_000617,NG
PAT_000618,US
PAT_000619,AU
PAT_000620,RU
PAT_000621,DE
PAT_000622,US
PAT_000623,GB
PAT_000624,GB
PAT_000625,GB
PAT_000626,BD
PAT_000627,SA
PAT_000628,BD
PAT_000629,AU
PAT_000630,NG
PAT_000631,US
PAT_000632,SA
PAT_000633,PK
PAT_000634,NG
PAT_000635,US
PAT_000636,DE
PAT_000637,DE
PAT_000638,BD
PAT_000639,AU
PAT_000640,US
PAT_000641,SA
PAT_000642,KE
PAT_000643,BD
PAT_000644,AU
PAT_000645,US
PAT_000646,AU
PAT_000647,GB
PAT_000648,BD
PAT_000649,SA
PAT_000650,BD
PAT_000651,GB
PAT_000652,KE
PAT_000653,PK
PAT_000654,KE
PAT_000655,BD
PAT_000656,BD
PAT_000657,PK
PAT_000658,AU
PAT_000659,PK
PAT_000660,US
PAT_000661,US
PAT_000662,AU
PAT_000663,NG
PAT_000664,GB
PAT_000665,US
PAT_000666,US
PAT_000667,BD
PAT_000668,NG
PAT_000669,US
PAT_000670,GB
PAT_000671,US
PAT_000672,AU
PAT_000673,GB
PAT_000674,US
PAT_000675,AU
PAT_000676,GB
PAT_000677,AU
PAT_000678,US
PAT_000679,DE
PAT_000680,BD
PAT_000681,KE
PAT_000682,US
PAT_000683,DE
PAT_000684,GB
PAT_000685,RU
PAT_000686,GB
PAT_000687,US
PAT_000688,NG
PAT_000689,US
PAT_000690,RU
PAT_000691,US
PAT_000692,NG
PAT_000693,PK
PAT_000694,RU
PAT_000695,GB
PAT_000696,GB
PAT_000697,US
PAT_000698,PK
PAT_000699,SA
PAT_000700,RU
PAT_000701,AU
PAT_000702,DE
PAT_000703,BD
PAT_000704,US
PAT_000705,SA
PAT_000706,PK
PAT_000707,US
PAT_000708,US
PAT_000709,RU
PAT_000710,AU
PAT_000711,US
PAT_000712,PK
PAT_000713,AU
PAT_000714,PK
PAT_000715,DE
PAT_000716,DE
PAT_000717,US
PAT_000718,US
PAT_000719,DE
PAT_000720,GB
PAT_000721,PK
PAT_000722,US
PAT_000723,RU
PAT_000724,BD
PAT_000725,US
PAT_000726,BD
PAT_000727,US
PAT_000728,GB
PAT_000729,US
PAT_000730,US
PAT_000731,US
PAT_000732,DE
PAT_000733,AU
PAT_000734,GB
PAT_000735,US
PAT_000736,PK
PAT_000737,AU
PAT_000738,DE
PAT_000739,GB
PAT_000740,RU
PAT_000741,GB
PAT_000742,RU
PAT_000743,GB
PAT_000744,GB
PAT_000745,PK
PAT_000746,GB
PAT_000747,AU
PAT_000748,GB
PAT_000749,US
PAT_000750,RU
PAT_000751,US
PAT_000752,DE
PAT_000753,AU
PAT_000754,BD
PAT_000755,PK
PAT_000756,GB
PAT_000757,KE
PAT_000758,US
PAT_000759,DE
PAT_000760,GB
PAT_000761,SA
PAT_000762,NG
PAT_000763,GB
PAT_000764,US
PAT_000765,PK
PAT_000766,GB
PAT_000767,US
PAT_000768,GB
PAT_000769,RU
PAT_000770,US
PAT_000771,RU
PAT_000772,AU
PAT_000773,BD
PAT_000774,US
PAT_000775,KE
PAT_000776,BD
PAT_000777,AU
PAT_000778,DE
PAT_000779,KE
PAT_000780,AU
PAT_000781,GB
PAT_000782,GB
PAT_000783,US
PAT_000784,RU
PAT_000785,US
PAT_000786,PK
PAT_000787,GB
PAT_000788,US
PAT_000789,US
PAT_000790,PK
PAT_000791,US
PAT_000792,SA
PAT_000793,AU
PAT_000794,GB
PAT_000795,SA
PAT_000796,GB
PAT_000797,PK
PAT_000798,NG
PAT_000799,PK
PAT_000800,DE
PAT_000801,US
PAT_000802,SA
PAT_000803,SA
PAT_000804,US
PAT_000805,PK
PAT_000806,AU
PAT_000807,GB
PAT_000808,GB
PAT_000809,RU
PAT_000810,US
PAT_000811,NG
PAT_000812,GB
PAT_000813,PK
PAT_000814,BD
PAT_000815,KE
PAT_000816,GB
PAT_000817,SA
PAT_000818,SA
PAT_000819,US
PAT_000820,RU
PAT_000821,NG
PAT_000822,US
PAT_000823,GB
PAT_000824,US
PAT_000825,GB
PAT_000826,US
PAT_000827,PK
PAT_000828,RU
PAT_000829,SA
PAT_000830,US
PAT_000831,SA
PAT_000832,BD
PAT_000833,NG
PAT_000834,DE
PAT_000835,GB
PAT_000836,GB
PAT_000837,GB
PAT_000838,GB
PAT_000839,RU
PAT_000840,BD
PAT_000841,DE
PAT_000842,GB
PAT_000843,RU
PAT_000844,GB
PAT_000845,US
PAT_000846,NG
PAT_000847,BD
PAT_000848,DE
PAT_000849,US
PAT_000850,DE
PAT_000851,US
PAT_000852,SA
PAT_000853,US
PAT_000854,SA
PAT_000855,US
PAT_000856,NG
PAT_000857,DE
PAT_000858,US
PAT_000859,PK
PAT_000860,GB
PAT_000861,AU
PAT_000862,NG
PAT_000863,NG
PAT_000864,GB
PAT_000865,NG
PAT_000866,US
PAT_000867,GB
PAT_000868,BD
PAT_000869,GB
PAT_000870,GB
PAT_000871,GB
PAT_000872,US
PAT_000873,NG
PAT_000874,PK
PAT_000875,DE
PAT_000876,KE
PAT_000877,AU
PAT_000878,US
PAT_000879,PK
PAT_000880,DE
PAT_000881,RU
PAT_000882,GB
PAT_000883,BD
PAT_000884,DE
PAT_000885,GB
PAT_000886,RU
PAT_000887,US
PAT_000888,SA
PAT_000889,US
PAT_000890,KE
PAT_000891,AU
PAT_000892,AU
PAT_000893,GB
PAT_000894,DE
PAT_000895,AU
PAT_000896,DE
PAT_000897,US
PAT_000898,GB
PAT_000899,AU
PAT_000900,PK
PAT_000901,AU
PAT_000902,GB
PAT_000903,AU
PAT_000904,PK
PAT_000905,BD
PAT_000906,US
PAT_000907,BD
PAT_000908,GB
PAT_000909,BD
PAT_000910,KE
PAT_000911,KE
PAT_000912,PK
PAT_000913,SA
PAT_000914,BD
PAT_000915,SA
PAT_000916,GB
PAT_000917,NG
PAT_000918,NG
PAT_000919,GB
PAT_000920,GB
PAT_000921,GB
PAT_000922,RU
PAT_000923,GB
PAT_000924,SA
PAT_000925,PK
PAT_000926,KE
PAT_000927,NG
PAT_000928,RU
PAT_000929,RU
PAT_000930,PK
PAT_000931,PK
PAT_000932,BD
PAT_000933,DE
PAT_000934,SA
PAT_000935,KE
PAT_000936,GB
PAT_000937,RU
PAT_000938,US
PAT_000939,SA
PAT_000940,GB
PAT_000941,US
PAT_000942,US
PAT_000943,NG
PAT_000944,US
PAT_000945,GB
PAT_000946,PK
PAT_000947,BD
PAT_000948,AU
PAT_000949,GB
PAT_000950,GB
PAT_000951,US
PAT_000952,GB
PAT_000953,GB
PAT_000954,GB
PAT_000955,AU
PAT_000956,PK
PAT_000957,US
PAT_000958,GB
PAT_000959,BD
PAT_000960,AU
PAT_000961,RU
PAT_000962,PK
PAT_000963,BD
PAT_000964,GB
PAT_000965,US
PAT_000966,US
PAT_000967,GB
PAT_000968,US
PAT_000969,BD
PAT_000970,DE
PAT_000971,NG
PAT_000972,BD
PAT_000973,GB
PAT_000974,GB
PAT_000975,SA
PAT_000976,RU
PAT_000977,DE
PAT_000978,PK
PAT_000979,PK
PAT_000980,GB
PAT_000981,PK
PAT_000982,PK
PAT_000983,GB
PAT_000984,DE
PAT_000985,US
PAT_000986,US
PAT_000987,GB
PAT_000988,GB
PAT_000989,GB
PAT_000990,GB
PAT_000991,US
PAT_000992,BD
PAT_000993,US
PAT_000994,AU
PAT_000995,BD
PAT_000996,US
PAT_000997,US
PAT_000998,RU
PAT_000999,SA
PAT_001000,KE
PAT_001001,GB
PAT_001002,KE
PAT_001003,US
PAT_001004,DE
PAT_001005,US
PAT_001006,KE
PAT_001007,US
PAT_001008,NG
PAT_001009,GB
PAT_001010,US
PAT_001011,PK
PAT_001012,BD
PAT_001013,RU
PAT_001014,US
PAT_001015,SA
PAT_001016,RU
PAT_001017,RU
PAT_001018,DE
PAT_001019,US
PAT_001020,DE
PAT_001021,BD
PAT_001022,GB
PAT_001023,PK
PAT_001024,PK
PAT_001025,BD
PAT_001026,NG
PAT_001027,GB
PAT_001028,AU
PAT_001029,BD
PAT_001030,AU
PAT_001031,PK
PAT_001032,US
PAT_001033,GB
PAT_001034,GB
PAT_001035,DE
PAT_001036,AU
PAT_001037,BD
PAT_001038,RU
PAT_001039,GB
PAT_001040,US
PAT_001041,SA
PAT_001042,BD
PAT_001043,AU
PAT_001044,PK
PAT_001045,GB
PAT_001046,NG
PAT_001047,US
PAT_001048,BD
PAT_001049,US
PAT_001050,RU
PAT_001051,BD
PAT_001052,GB
PAT_001053,DE
PAT_001054,DE
PAT_001055,SA
PAT_001056,NG
PAT_001057,US
PAT_001058,SA
PAT_001059,US
PAT_001060,BD
PAT_001061,DE
PAT_001062,GB
PAT_001063,GB
PAT_001064,BD
PAT_001065,SA
PAT_001066,SA
PAT_001067,RU
PAT_001068,AU
PAT_001069,BD
PAT_001070,NG
PAT_001071,US
PAT_001072,GB
PAT_001073,DE
PAT_001074,GB
PAT_001075,NG
PAT_001076,BD
PAT_001077,GB
PAT_001078,KE
PAT_001079,GB
PAT_001080,RU
PAT_001081,AU
PAT_001082,NG
PAT_001083,SA
PAT_001084,RU
PAT_001085,GB
PAT_001086,GB
PAT_001087,GB
PAT_001088,RU
PAT_001089,GB
PAT_001090,PK
PAT_001091,KE
PAT_001092,SA
PAT_001093,AU
PAT_001094,GB
PAT_001095,NG
PAT_001096,RU
PAT_001097,PK
PAT_001098,US
PAT_001099,SA
PAT_001100,GB
PAT_001101,RU
PAT_001102,AU
PAT_001103,US
PAT_001104,GB
PAT_001105,AU
PAT_001106,NG
PAT_001107,BD
PAT_001108,AU
PAT_001109,KE
PAT_001110,US
PAT_001111,US
PAT_001112,AU
PAT_001113,RU
PAT_001114,AU
PAT_001115,GB
PAT_001116,NG
PAT_001117,DE
PAT_001118,NG
PAT_001119,PK
PAT_001120,BD
PAT_001121,DE
PAT_001122,PK
PAT_001123,SA
PAT_001124,US
PAT_001125,DE
PAT_001126,SA
PAT_001127,RU
PAT_001128,GB
PAT_001129,US
PAT_001130,BD
PAT_001131,BD
PAT_001132,PK
PAT_001133,US
PAT_001134,KE
PAT_001135,NG
PAT_001136,US
PAT_001137,NG
PAT_001138,SA
PAT_001139,SA
PAT_001140,DE
PAT_001141,US
PAT_001142,US
PAT_001143,KE
PAT_001144,BD
PAT_001145,NG
PAT_001146,PK
PAT_001147,GB
PAT_001148,US
PAT_001149,DE
PAT_001150,BD
PAT_001151,US
PAT_001152,US
PAT_001153,DE
PAT_001154,AU
PAT_001155,DE
PAT_001156,SA
PAT_001157,US
PAT_001158,US
PAT_001159,GB
PAT_001160,PK
PAT_001161,GB
PAT_001162,US
PAT_001163,GB
PAT_001164,DE
PAT_001165,AU
PAT_001166,RU
PAT_001167,US
PAT_001168,SA
PAT_001169,RU
PAT_001170,US
PAT_001171,GB
PAT_001172,KE
PAT_001173,AU
PAT_001174,AU
PAT_001175,GB
PAT_001176,US
PAT_001177,US
PAT_001178,US
PAT_001179,AU
PAT_001180,BD
PAT_001181,US
PAT_001182,AU
PAT_001183,GB
PAT_001184,NG
PAT_001185,GB
PAT_001186,PK
PAT_001187,SA
PAT_001188,SA
PAT_001189,RU
PAT_001190,AU
PAT_001191,NG
PAT_001192,US
PAT_001193,BD
PAT_001194,BD
PAT_001195,GB
PAT_001196,US
PAT_001197,US
PAT_001198,PK
PAT_001199,AU
PAT_001200,US
PAT_001201,AU
PAT_001202,US
PAT_001203,GB
PAT_001204,AU
PAT_001205,KE
PAT_001206,GB
PAT_001207,DE
PAT_001208,SA
PAT_001209,KE
PAT_001210,AU
PAT_001211,DE
PAT_001212,US
PAT_001213,AU
PAT_001214,AU
PAT_001215,PK
PAT_001216,US
PAT_001217,PK
PAT_001218,SA
PAT_001219,DE
PAT_001220,GB
PAT_001221,US
PAT_001222,US
PAT_001223,BD
PAT_001224,PK
PAT_001225,AU
PAT_001226,AU
PAT_001227,AU
PAT_001228,BD
PAT_001229,DE
PAT_001230,GB
PAT_001231,US
PAT_001232,BD
PAT_001233,NG
PAT_001234,DE
PAT_001235,RU
PAT_001236,US
PAT_001237,DE
PAT_001238,NG
PAT_001239,US
PAT_001240,AU
PAT_001241,GB
PAT_001242,DE
PAT_001243,US
PAT_001244,US
PAT_001245,US
PAT_001246,PK
PAT_001247,NG
PAT_001248,US
PAT_001249,PK
PAT_001250,DE
PAT_001251,RU
PAT_001252,GB
PAT_001253,DE
PAT_001254,AU
PAT_001255,GB
PAT_001256,BD
PAT_001257,GB
PAT_001258,PK
PAT_001259,GB
PAT_001260,US
PAT_001261,BD
PAT_001262,AU
PAT_001263,US
PAT_001264,PK
PAT_001265,RU
PAT_001266,BD
PAT_001267,BD
PAT_001268,DE
PAT_001269,US
PAT_001270,BD
PAT_001271,PK
PAT_001272,KE
PAT_001273,NG
PAT_001274,RU
PAT_001275,DE
PAT_001276,DE
PAT_001277,DE
PAT_001278,GB
PAT_001279,US
PAT_001280,AU
PAT_001281,SA
PAT_001282,PK
PAT_001283,BD
PAT_001284,US
PAT_001285,US
PAT_001286,US
PAT_001287,SA
PAT_001288,SA
PAT_001289,US
PAT_001290,GB
PAT_001291,GB
PAT_001292,KE
PAT_001293,SA
PAT_001294,US
PAT_001295,AU
PAT_001296,AU
PAT_001297,US
PAT_001298,RU
PAT_001299,KE
PAT_001300,BD
PAT_001301,RU
PAT_001302,RU
PAT_001303,NG
PAT_001304,RU
PAT_001305,US
PAT_001306,AU
PAT_001307,SA
PAT_001308,PK
PAT_001309,US
PAT_001310,US
PAT_001311,BD
PAT_001312,KE
PAT_001313,US
PAT_001314,AU
PAT_001315,US
PAT_001316,GB
PAT_001317,US
PAT_001318,US
PAT_001319,BD
PAT_001320,US
PAT_001321,PK
PAT_001322,US
PAT_001323,BD
PAT_001324,NG
PAT_001325,GB
PAT_001326,RU
PAT_001327,BD
PAT_001328,BD
PAT_001329,NG
PAT_001330,AU
PAT_001331,GB
PAT_001332,AU
PAT_001333,US
PAT_001334,PK
PAT_001335,US
PAT_001336,BD
PAT_001337,RU
PAT_001338,GB
PAT_001339,SA
PAT_001340,GB
PAT_001341,NG
PAT_001342,US
PAT_001343,US
PAT_001344,BD
PAT_001345,AU
PAT_001346,GB
PAT_001347,NG
PAT_001348,RU
PAT_001349,NG
PAT_001350,NG
PAT_001351,KE
PAT_001352,SA
PAT_001353,AU
PAT_001354,US
PAT_001355,BD
PAT_001356,AU
PAT_001357,GB
PAT_001358,PK
PAT_001359,BD
PAT_001360,GB
PAT_001361,PK
PAT_001362,SA
PAT_001363,AU
PAT_001364,SA
PAT_001365,AU
PAT_001366,GB
PAT_001367,GB
PAT_001368,AU
PAT_001369,NG
PAT_001370,PK
PAT_001371,BD
PAT_001372,US
PAT_001373,SA
PAT_001374,BD
PAT_001375,US
PAT_001376,GB
PAT_001377,NG
PAT_001378,GB
PAT_001379,GB
PAT_001380,RU
PAT_001381,AU
PAT_001382,NG
PAT_001383,DE
PAT_001384,US
PAT_001385,DE
PAT_001386,PK
PAT_001387,BD
PAT_001388,SA
PAT_001389,GB
PAT_001390,AU
PAT_001391,SA
PAT_001392,PK
PAT_001393,US
PAT_001394,DE
PAT_001395,DE
PAT_001396,PK
PAT_001397,US
PAT_001398,NG
PAT_001399,SA
PAT_001400,NG
PAT_001401,NG
PAT_001402,PK
PAT_001403,RU
PAT_001404,SA
PAT_001405,BD
PAT_001406,US
PAT_001407,US
PAT_001408,PK
PAT_001409,AU
PAT_001410,US
PAT_001411,PK
PAT_001412,US
PAT_001413,US
PAT_001414,PK
PAT_001415,DE
PAT_001416,KE
PAT_001417,BD
PAT_001418,GB
PAT_001419,GB
PAT_001420,AU
PAT_001421,PK
PAT_001422,AU
PAT_001423,AU
PAT_001424,SA
PAT_001425,US
PAT_001426,KE
PAT_001427,GB
PAT_001428,PK
PAT_001429,AU
PAT_001430,NG
PAT_001431,PK
PAT_001432,GB
PAT_001433,BD
PAT_001434,RU
PAT_001435,GB
PAT_001436,SA
PAT_001437,RU
PAT_001438,DE
PAT_001439,PK
PAT_001440,PK
PAT_001441,DE
PAT_001442,US
PAT_001443,US
PAT_001444,DE
PAT_001445,SA
PAT_001446,GB
PAT_001447,RU
PAT_001448,AU
PAT_001449,US
PAT_001450,BD
PAT_001451,US
PAT_001452,SA
PAT_001453,US
PAT_001454,US
PAT_001455,GB
PAT_001456,PK
PAT_001457,RU
PAT_001458,AU
PAT_001459,GB
PAT_001460,NG
PAT_001461,SA
PAT_001462,GB
PAT_001463,AU
PAT_001464,US
PAT_001465,BD
PAT_001466,GB
PAT_001467,US
PAT_001468,GB
PAT_001469,NG
PAT_001470,NG
PAT_001471,DE
PAT_001472,SA
PAT_001473,AU
PAT_001474,SA
PAT_001475,BD
PAT_001476,KE
PAT_001477,AU
PAT_001478,GB
PAT_001479,BD
PAT_001480,PK
PAT_001481,US
PAT_001482,KE
PAT_001483,AU
PAT_001484,NG
PAT_001485,SA
PAT_001486,US
PAT_001487,SA
PAT_001488,GB
PAT_001489,BD
PAT_001490,GB
PAT_001491,US
PAT_001492,US
PAT_001493,DE
PAT_001494,GB
PAT_001495,AU
PAT_001496,NG
PAT_001497,GB
PAT_001498,SA
PAT_001499,NG
PAT_001500,US
PAT_001501,US
PAT_001502,GB
PAT_001503,GB
PAT_001504,DE
PAT_001505,US
PAT_001506,US
PAT_001507,US
PAT_001508,PK
PAT_001509,BD
PAT_001510,US
PAT_001511,US
PAT_001512,SA
PAT_001513,US
PAT_001514,GB
PAT_001515,US
PAT_001516,US
PAT_001517,RU
PAT_001518,KE
PAT_001519,KE
PAT_001520,AU
PAT_001521,NG
PAT_001522,AU
PAT_001523,PK
PAT_001524,NG
PAT_001525,KE
PAT_001526,US
PAT_001527,US
PAT_001528,AU
PAT_001529,GB
PAT_001530,BD
PAT_001531,US
PAT_001532,SA
PAT_001533,US
PAT_001534,PK
PAT_001535,DE
PAT_001536,SA
PAT_001537,NG
PAT_001538,KE
PAT_001539,DE
PAT_001540,AU
PAT_001541,BD
PAT_001542,NG
PAT_001543,PK
PAT_001544,US
PAT_001545,BD
PAT_001546,GB
PAT_001547,NG
PAT_001548,PK
PAT_001549,US
PAT_001550,US
PAT_001551,SA
PAT_001552,BD
PAT_001553,US
PAT_001554,PK
PAT_001555,GB
PAT_001556,GB
PAT_001557,BD
PAT_001558,BD
PAT_001559,DE
PAT_001560,BD
PAT_001561,BD
PAT_001562,US
PAT_001563,DE
PAT_001564,GB
PAT_001565,US
PAT_001566,US
PAT_001567,AU
PAT_001568,US
PAT_001569,DE
PAT_001570,US
PAT_001571,GB
PAT_001572,US
PAT_001573,US
PAT_001574,KE
PAT_001575,RU
PAT_001576,US
PAT_001577,NG
PAT_001578,AU
PAT_001579,SA
PAT_001580,GB
PAT_001581,GB
PAT_001582,DE
PAT_001583,DE
PAT_001584,PK
PAT_001585,SA
PAT_001586,US
PAT_001587,GB
PAT_001588,DE
PAT_001589,GB
PAT_001590,US
PAT_001591,GB
PAT_001592,DE
PAT_001593,DE
PAT_001594,US
PAT_001595,US
PAT_001596,NG
PAT_001597,GB
PAT_001598,GB
PAT_001599,GB
PAT_001600,US
PAT_001601,DE
PAT_001602,US
PAT_001603,US
PAT_001604,US
PAT_001605,GB
PAT_001606,SA
PAT_001607,US
PAT_001608,AU
PAT_001609,DE
PAT_001610,SA
PAT_001611,NG
PAT_001612,RU
PAT_001613,GB
PAT_001614,DE
PAT_001615,BD
PAT_001616,PK
PAT_001617,US
PAT_001618,GB
PAT_001619,NG
PAT_001620,DE
PAT_001621,US
PAT_001622,NG
PAT_001623,US
PAT_001624,RU
PAT_001625,NG
PAT_001626,KE
PAT_001627,US
PAT_001628,US
PAT_001629,US
PAT_001630,GB
PAT_001631,AU
PAT_001632,GB
PAT_001633,US
PAT_001634,US
PAT_001635,NG
PAT_001636,SA
PAT_001637,BD
PAT_001638,US
PAT_001639,GB
PAT_001640,US
PAT_001641,AU
PAT_001642,SA
PAT_001643,KE
PAT_001644,GB
PAT_001645,GB
PAT_001646,NG
PAT_001647,GB
PAT_001648,NG
PAT_001649,KE
PAT_001650,DE
PAT_001651,BD
PAT_001652,BD
PAT_001653,DE
PAT_001654,GB
PAT_001655,AU
PAT_001656,US
PAT_001657,US
PAT_001658,GB
PAT_001659,PK
PAT_001660,RU
PAT_001661,DE
PAT_001662,NG
PAT_001663,US
PAT_001664,SA
PAT_001665,US
PAT_001666,DE
PAT_001667,GB
PAT_001668,NG
PAT_001669,GB
PAT_001670,DE
PAT_001671,AU
PAT_001672,GB
PAT_001673,GB
PAT_001674,GB
PAT_001675,DE
PAT_001676,KE
PAT_001677,AU
PAT_001678,US
PAT_001679,AU
PAT_001680,BD
PAT_001681,GB
PAT_001682,PK
PAT_001683,GB
PAT_001684,NG
PAT_001685,GB
PAT_001686,RU
PAT_001687,GB
PAT_001688,PK
PAT_001689,NG
PAT_001690,RU
PAT_001691,US
PAT_001692,US
PAT_001693,US
PAT_001694,NG
PAT_001695,PK
PAT_001696,SA
PAT_001697,SA
PAT_001698,US
PAT_001699,PK
PAT_001700,US
PAT_001701,US
PAT_001702,AU
PAT_001703,GB
PAT_001704,AU
PAT_001705,AU
PAT_001706,NG
PAT_001707,NG
PAT_001708,AU
PAT_001709,US
PAT_001710,AU
PAT_001711,SA
PAT_001712,AU
PAT_001713,US
PAT_001714,BD
PAT_001715,PK
PAT_001716,US
PAT_001717,PK
PAT_001718,BD
PAT_001719,NG
PAT_001720,NG
PAT_001721,GB
PAT_001722,KE
PAT_001723,AU
PAT_001724,PK
PAT_001725,US
PAT_001726,US
PAT_001727,SA
PAT_001728,BD
PAT_001729,US
PAT_001730,US
PAT_001731,NG
PAT_001732,GB
PAT_001733,SA
PAT_001734,KE
PAT_001735,US
PAT_001736,US
PAT_001737,AU
PAT_001738,US
PAT_001739,BD
PAT_001740,KE
PAT_001741,KE
PAT_001742,PK
PAT_001743,US
PAT_001744,NG
PAT_001745,PK
PAT_001746,US
PAT_001747,BD
PAT_001748,RU
PAT_001749,US
PAT_001750,PK
PAT_001751,RU
PAT_001752,GB
PAT_001753,US
PAT_001754,NG
PAT_001755,KE
PAT_001756,NG
PAT_001757,US
PAT_001758,GB
PAT_001759,PK
PAT_001760,KE
PAT_001761,GB
PAT_001762,US
PAT_001763,BD
PAT_001764,US
PAT_001765,PK
PAT_001766,DE
PAT_001767,AU
PAT_001768,KE
PAT_001769,BD
PAT_001770,NG
PAT_001771,NG
PAT_001772,US
PAT_001773,SA
PAT_001774,GB
PAT_001775,RU
PAT_001776,DE
PAT_001777,GB
PAT_001778,AU
PAT_001779,US
PAT_001780,US
PAT_001781,GB
PAT_001782,US
PAT_001783,AU
PAT_001784,GB
PAT_001785,GB
PAT_001786,AU
PAT_001787,SA
PAT_001788,RU
PAT_001789,RU
PAT_001790,DE
PAT_001791,GB
PAT_001792,AU
PAT_001793,NG
PAT_001794,US
PAT_001795,BD
PAT_001796,GB
PAT_001797,GB
PAT_001798,GB
PAT_001799,BD
PAT_001800,DE
PAT_001801,PK
PAT_001802,DE
PAT_001803,SA
PAT_001804,GB
PAT_001805,BD
PAT_001806,PK
PAT_001807,AU
PAT_001808,SA
PAT_001809,PK
PAT_001810,GB
PAT_001811,PK
PAT_001812,SA
PAT_001813,AU
PAT_001814,KE
PAT_001815,GB
PAT_001816,SA
PAT_001817,BD
PAT_001818,SA
PAT_001819,AU
PAT_001820,US
PAT_001821,GB
PAT_001822,PK
PAT_001823,US
PAT_001824,SA
PAT_001825,US
PAT_001826,US
PAT_001827,SA
PAT_001828,SA
PAT_001829,PK
PAT_001830,US
PAT_001831,US
PAT_001832,BD
PAT_001833,KE
PAT_001834,BD
PAT_001835,KE
PAT_001836,US
PAT_001837,RU
PAT_001838,US
PAT_001839,GB
PAT_001840,DE
PAT_001841,SA
PAT_001842,AU
PAT_001843,AU
PAT_001844,BD
PAT_001845,DE
PAT_001846,AU
PAT_001847,AU
PAT_001848,US
PAT_001849,GB
PAT_001850,SA
PAT_001851,US
PAT_001852,DE
PAT_001853,SA
PAT_001854,PK
PAT_001855,NG
PAT_001856,GB
PAT_001857,KE
PAT_001858,PK
PAT_001859,US
PAT_001860,KE
PAT_001861,PK
PAT_001862,GB
PAT_001863,GB
PAT_001864,KE
PAT_001865,NG
PAT_001866,RU
PAT_001867,US
PAT_001868,RU
PAT_001869,GB
PAT_001870,US
PAT_001871,US
PAT_001872,KE
PAT_001873,US
PAT_001874,AU
PAT_001875,NG
PAT_001876,NG
PAT_001877,AU
PAT_001878,US
PAT_001879,BD
PAT_001880,GB
PAT_001881,SA
PAT_001882,PK
PAT_001883,NG
PAT_001884,BD
PAT_001885,US
PAT_001886,SA
PAT_001887,AU
PAT_001888,US
PAT_001889,GB
PAT_001890,GB
PAT_001891,BD
PAT_001892,GB
PAT_001893,GB
PAT_001894,BD
PAT_001895,NG
PAT_001896,PK
PAT_001897,GB
PAT_001898,GB
PAT_001899,AU
PAT_001900,BD
PAT_001901,GB
PAT_001902,KE
PAT_001903,AU
PAT_001904,AU
PAT_001905,GB
PAT_001906,PK
PAT_001907,PK
PAT_001908,US
PAT_001909,US
PAT_001910,US
PAT_001911,US
PAT_001912,RU
PAT_001913,US
PAT_001914,RU
PAT_001915,BD
PAT_001916,US
PAT_001917,US
PAT_001918,RU
PAT_001919,US
PAT_001920,BD
PAT_001921,US
PAT_001922,SA
PAT_001923,NG
PAT_001924,PK
PAT_001925,PK
PAT_001926,SA
PAT_001927,SA
PAT_001928,US
PAT_001929,NG
PAT_001930,GB
PAT_001931,US
PAT_001932,PK
PAT_001933,NG
PAT_001934,US
PAT_001935,KE
PAT_001936,PK
PAT_001937,BD
PAT_001938,GB
PAT_001939,US
PAT_001940,GB
PAT_001941,PK
PAT_001942,AU
PAT_001943,PK
PAT_001944,GB
PAT_001945,AU
PAT_001946,US
PAT_001947,SA
PAT_001948,US
PAT_001949,DE
PAT_001950,PK
PAT_001951,AU
PAT_001952,US
PAT_001953,DE
PAT_001954,GB
PAT_001955,DE
PAT_001956,PK
PAT_001957,AU
PAT_001958,PK
PAT_001959,PK
PAT_001960,US
PAT_001961,RU
PAT_001962,GB
PAT_001963,GB
PAT_001964,RU
PAT_001965,SA
PAT_001966,KE
PAT_001967,AU
PAT_001968,SA
PAT_001969,BD
PAT_001970,US
PAT_001971,GB
PAT_001972,NG
PAT_001973,PK
PAT_001974,DE
PAT_001975,US
PAT_001976,US
PAT_001977,GB
PAT_001978,US
PAT_001979,US
PAT_001980,US
PAT_001981,AU
PAT_001982,KE
PAT_001983,DE
PAT_001984,RU
PAT_001985,US
PAT_001986,AU
PAT_001987,GB
PAT_001988,GB
PAT_001989,GB
PAT_001990,GB
PAT_001991,GB
PAT_001992,GB
PAT_001993,AU
PAT_001994,SA
PAT_001995,AU
PAT_001996,US
PAT_001997,NG
PAT_001998,DE
PAT_001999,AU
PAT_002000,NG
PAT_002001,US
PAT_002002,US
PAT_002003,US
PAT_002004,GB
PAT_002005,PK
PAT_002006,PK
PAT_002007,SA
PAT_002008,BD
PAT_002009,BD
PAT_002010,KE
PAT_002011,SA
PAT_002012,KE
PAT_002013,US
PAT_002014,GB
PAT_002015,RU
PAT_002016,GB
PAT_002017,RU
PAT_002018,GB
PAT_002019,RU
PAT_002020,PK
PAT_002021,DE
PAT_002022,BD
PAT_002023,US
PAT_002024,BD
PAT_002025,KE
PAT_002026,US
PAT_002027,NG
PAT_002028,DE
PAT_002029,US
PAT_002030,SA
PAT_002031,BD
PAT_002032,PK
PAT_002033,DE
PAT_002034,US
PAT_002035,US
PAT_002036,RU
PAT_002037,US
PAT_002038,PK
PAT_002039,GB
PAT_002040,GB
PAT_002041,GB
PAT_002042,SA
PAT_002043,US
PAT_002044,DE
PAT_002045,GB
PAT_002046,GB
PAT_002047,GB
PAT_002048,US
PAT_002049,KE
PAT_002050,GB
PAT_002051,NG
PAT_002052,US
PAT_002053,US
PAT_002054,AU
PAT_002055,GB
PAT_002056,DE
PAT_002057,KE
PAT_002058,GB
PAT_002059,US
PAT_002060,BD
PAT_002061,US
PAT_002062,BD
PAT_002063,NG
PAT_002064,SA
PAT_002065,US
PAT_002066,BD
PAT_002067,DE
PAT_002068,US
PAT_002069,BD
PAT_002070,GB
PAT_002071,US
PAT_002072,AU
PAT_002073,US
PAT_002074,BD
PAT_002075,US
PAT_002076,US
PAT_002077,SA
PAT_002078,SA
PAT_002079,US
PAT_002080,GB
PAT_002081,DE
PAT_002082,US
PAT_002083,US
PAT_002084,DE
PAT_002085,US
PAT_002086,GB
PAT_002087,NG
PAT_002088,RU
PAT_002089,BD
PAT_002090,AU
PAT_002091,GB
PAT_002092,GB
PAT_002093,KE
PAT_002094,GB
PAT_002095,AU
PAT_002096,GB
PAT_002097,BD
PAT_002098,GB
PAT_002099,KE
PAT_002100,BD
PAT_002101,BD
PAT_002102,KE
PAT_002103,GB
PAT_002104,KE
PAT_002105,GB
PAT_002106,GB
PAT_002107,BD
PAT_002108,NG
PAT_002109,DE
PAT_002110,NG
PAT_002111,PK
PAT_002112,US
PAT_002113,PK
PAT_002114,KE
PAT_002115,GB
PAT_002116,GB
PAT_002117,RU
PAT_002118,US
PAT_002119,GB
PAT_002120,RU
PAT_002121,US
PAT_002122,US
PAT_002123,SA
PAT_002124,NG
PAT_002125,KE
PAT_002126,US
PAT_002127,US
PAT_002128,NG
PAT_002129,GB
PAT_002130,GB
PAT_002131,SA
PAT_002132,SA
PAT_002133,US
PAT_002134,SA
PAT_002135,NG
PAT_002136,US
PAT_002137,PK
PAT_002138,PK
PAT_002139,SA
PAT_002140,BD
PAT_002141,GB
PAT_002142,SA
PAT_002143,US
PAT_002144,PK
PAT_002145,DE
PAT_002146,GB
PAT_002147,GB
PAT_002148,US
PAT_002149,BD
PAT_002150,DE
PAT_002151,GB
PAT_002152,SA
PAT_002153,DE
PAT_002154,NG
PAT_002155,DE
PAT_002156,DE
PAT_002157,SA
PAT_002158,NG
PAT_002159,PK
PAT_002160,PK
PAT_002161,GB
PAT_002162,GB
PAT_002163,US
PAT_002164,US
PAT_002165,DE
PAT_002166,US
PAT_002167,GB
PAT_002168,AU
PAT_002169,US
PAT_002170,GB
PAT_002171,AU
PAT_002172,NG
PAT_002173,AU
PAT_002174,GB
PAT_002175,RU
PAT_002176,SA
PAT_002177,GB
PAT_002178,GB
PAT_002179,DE
PAT_002180,RU
PAT_002181,GB
PAT_002182,PK
PAT_002183,KE
PAT_002184,PK
PAT_002185,BD
PAT_002186,SA
PAT_002187,PK
PAT_002188,US
PAT_002189,US
PAT_002190,AU
PAT_002191,DE
PAT_002192,BD
PAT_002193,DE
PAT_002194,DE
PAT_002195,GB
PAT_002196,BD
PAT_002197,DE
PAT_002198,DE
PAT_002199,BD
PAT_002200,AU
PAT_002201,SA
PAT_002202,AU
PAT_002203,US
PAT_002204,US
PAT_002205,NG
PAT_002206,DE
PAT_002207,US
PAT_002208,SA
PAT_002209,US
PAT_002210,KE
PAT_002211,DE
PAT_002212,DE
PAT_002213,SA
PAT_002214,US
PAT_002215,BD
PAT_002216,US
PAT_002217,DE
PAT_002218,US
PAT_002219,PK
PAT_002220,US
PAT_002221,GB
PAT_002222,US
PAT_002223,BD
PAT_002224,US
PAT_002225,US
PAT_002226,SA
PAT_002227,RU
PAT_002228,US
PAT_002229,DE
PAT_002230,GB
PAT_002231,SA
PAT_002232,SA
PAT_002233,SA
PAT_002234,GB
PAT_002235,AU
PAT_002236,AU
PAT_002237,GB
PAT_002238,AU
PAT_002239,GB
PAT_002240,US
PAT_002241,US
PAT_002242,GB
PAT_002243,GB
PAT_002244,NG
PAT_002245,RU
PAT_002246,RU
PAT_002247,NG
PAT_002248,DE
PAT_002249,DE
PAT_002250,GB
PAT_002251,US
PAT_002252,RU
PAT_002253,PK
PAT_002254,US
PAT_002255,BD
PAT_002256,US
PAT_002257,KE
PAT_002258,US
PAT_002259,PK
PAT_002260,GB
PAT_002261,GB
PAT_002262,SA
PAT_002263,RU
PAT_002264,SA
PAT_002265,NG
PAT_002266,GB
PAT_002267,SA
PAT_002268,GB
PAT_002269,NG
PAT_002270,US
PAT_002271,GB
PAT_002272,KE
PAT_002273,NG
PAT_002274,US
PAT_002275,US
PAT_002276,AU
PAT_002277,US
PAT_002278,RU
PAT_002279,AU
PAT_002280,GB
PAT_002281,US
PAT_002282,BD
PAT_002283,SA
PAT_002284,DE
PAT_002285,SA
PAT_002286,NG
PAT_002287,BD
PAT_002288,AU
PAT_002289,GB
PAT_002290,US
PAT_002291,US
PAT_002292,GB
PAT_002293,GB
PAT_002294,RU
PAT_002295,US
PAT_002296,PK
PAT_002297,AU
PAT_002298,RU
PAT_002299,NG
PAT_002300,US
PAT_002301,US
PAT_002302,KE
PAT_002303,DE
PAT_002304,AU
PAT_002305,US
PAT_002306,GB
PAT_002307,KE
PAT_002308,GB
PAT_002309,US
PAT_002310,AU
PAT_002311,KE
PAT_002312,US
PAT_002313,DE
PAT_002314,PK
PAT_002315,GB
PAT_002316,US
PAT_002317,AU
PAT_002318,GB
PAT_002319,GB
PAT_002320,KE
PAT_002321,NG
PAT_002322,RU
PAT_002323,US
PAT_002324,GB
PAT_002325,NG
PAT_002326,DE
PAT_002327,RU
PAT_002328,PK
PAT_002329,PK
PAT_002330,SA
PAT_002331,AU
PAT_002332,BD
PAT_002333,GB
PAT_002334,RU
PAT_002335,NG
PAT_002336,RU
PAT_002337,BD
PAT_002338,PK
PAT_002339,GB
PAT_002340,US
PAT_002341,BD
PAT_002342,AU
PAT_002343,SA
PAT_002344,RU
PAT_002345,BD
PAT_002346,GB
PAT_002347,US
PAT_002348,RU
PAT_002349,AU
PAT_002350,US
PAT_002351,KE
PAT_002352,US
PAT_002353,KE
PAT_002354,AU
PAT_002355,NG
PAT_002356,RU
PAT_002357,US
PAT_002358,KE
PAT_002359,GB
PAT_002360,BD
PAT_002361,US
PAT_002362,DE
PAT_002363,DE
PAT_002364,SA
PAT_002365,GB
PAT_002366,GB
PAT_002367,US
PAT_002368,PK
PAT_002369,AU
PAT_002370,BD
PAT_002371,GB
PAT_002372,GB
PAT_002373,BD
PAT_002374,RU
PAT_002375,NG
PAT_002376,SA
PAT_002377,NG
PAT_002378,KE
PAT_002379,PK
PAT_002380,BD
PAT_002381,GB
PAT_002382,RU
PAT_002383,NG
PAT_002384,SA
PAT_002385,NG
PAT_002386,RU
PAT_002387,GB
PAT_002388,NG
PAT_002389,US
PAT_002390,PK
PAT_002391,US
PAT_002392,BD
PAT_002393,US
PAT_002394,AU
PAT_002395,BD
PAT_002396,US
PAT_002397,GB
PAT_002398,GB
PAT_002399,GB
PAT_002400,SA
PAT_002401,RU
PAT_002402,SA
PAT_002403,GB
PAT_002404,DE
PAT_002405,AU
PAT_002406,KE
PAT_002407,BD
PAT_002408,US
PAT_002409,SA
PAT_002410,US
PAT_002411,RU
PAT_002412,KE
PAT_002413,RU
PAT_002414,PK
PAT_002415,RU
PAT_002416,NG
PAT_002417,AU
PAT_002418,AU
PAT_002419,GB
PAT_002420,DE
PAT_002421,DE
PAT_002422,DE
PAT_002423,NG
PAT_002424,PK
PAT_002425,NG
PAT_002426,SA
PAT_002427,GB
PAT_002428,DE
PAT_002429,US
PAT_002430,PK
PAT_002431,KE
PAT_002432,RU
PAT_002433,PK
PAT_002434,AU
PAT_002435,US
PAT_002436,GB
PAT_002437,US
PAT_002438,US
PAT_002439,PK
PAT_002440,PK
PAT_002441,SA
PAT_002442,US
PAT_002443,GB
PAT_002444,AU
PAT_002445,AU
PAT_002446,GB
PAT_002447,AU
PAT_002448,GB
PAT_002449,RU
PAT_002450,KE
PAT_002451,US
PAT_002452,SA
PAT_002453,KE
PAT_002454,SA
PAT_002455,US
PAT_002456,BD
PAT_002457,US
PAT_002458,GB
PAT_002459,DE
PAT_002460,AU
PAT_002461,SA
PAT_002462,SA
PAT_002463,RU
PAT_002464,US
PAT_002465,BD
PAT_002466,PK
PAT_002467,BD
PAT_002468,NG
PAT_002469,BD
PAT_002470,NG
PAT_002471,KE
PAT_002472,US
PAT_002473,PK
PAT_002474,US
PAT_002475,GB
PAT_002476,PK
PAT_002477,RU
PAT_002478,GB
PAT_002479,US
PAT_002480,PK
PAT_002481,GB
PAT_002482,US
PAT_002483,DE
PAT_002484,GB
PAT_002485,GB
PAT_002486,NG
PAT_002487,DE
PAT_002488,AU
PAT_002489,US
PAT_002490,GB
PAT_002491,AU
PAT_002492,GB
PAT_002493,RU
PAT_002494,US
PAT_002495,US
PAT_002496,US
PAT_002497,US
PAT_002498,GB
PAT_002499,DE
PAT_002500,DE
PAT_002501,NG
PAT_002502,KE
PAT_002503,BD
PAT_002504,GB
PAT_002505,RU
PAT_002506,SA
PAT_002507,US
PAT_002508,US
PAT_002509,AU
PAT_002510,AU
PAT_002511,NG
PAT_002512,US
PAT_002513,DE
PAT_002514,BD
PAT_002515,BD
PAT_002516,PK
PAT_002517,GB
PAT_002518,PK
PAT_002519,PK
PAT_002520,DE
PAT_002521,GB
PAT_002522,BD
PAT_002523,GB
PAT_002524,SA
PAT_002525,GB
PAT_002526,KE
PAT_002527,DE
PAT_002528,RU
PAT_002529,AU
PAT_002530,US
PAT_002531,AU
PAT_002532,GB
PAT_002533,GB
PAT_002534,SA
PAT_002535,BD
PAT_002536,GB
PAT_002537,DE
PAT_002538,SA
PAT_002539,BD
PAT_002540,GB
PAT_002541,AU
PAT_002542,NG
PAT_002543,US
PAT_002544,US
PAT_002545,US
PAT_002546,NG
PAT_002547,GB
PAT_002548,BD
PAT_002549,SA
PAT_002550,PK
PAT_002551,US
PAT_002552,PK
PAT_002553,GB
PAT_002554,US
PAT_002555,US
PAT_002556,GB
PAT_002557,BD
PAT_002558,RU
PAT_002559,NG
PAT_002560,SA
PAT_002561,US
PAT_002562,BD
PAT_002563,NG
PAT_002564,SA
PAT_002565,US
PAT_002566,GB
PAT_002567,US
PAT_002568,SA
PAT_002569,AU
PAT_002570,PK
PAT_002571,GB
PAT_002572,US
PAT_002573,US
PAT_002574,GB
PAT_002575,DE
PAT_002576,US
PAT_002577,AU
PAT_002578,KE
PAT_002579,PK
PAT_002580,RU
PAT_002581,GB
PAT_002582,US
PAT_002583,BD
PAT_002584,GB
PAT_002585,GB
PAT_002586,BD
PAT_002587,BD
PAT_002588,AU
PAT_002589,GB
PAT_002590,US
PAT_002591,BD
PAT_002592,KE
PAT_002593,RU
PAT_002594,DE
PAT_002595,US
PAT_002596,DE
PAT_002597,RU
PAT_002598,NG
PAT_002599,US
PAT_002600,SA
PAT_002601,GB
PAT_002602,US
PAT_002603,BD
PAT_002604,RU
PAT_002605,KE
PAT_002606,DE
PAT_002607,DE
PAT_002608,RU
PAT_002609,PK
PAT_002610,NG
PAT_002611,DE
PAT_002612,US
PAT_002613,US
PAT_002614,BD
PAT_002615,PK
PAT_002616,RU
PAT_002617,PK
PAT_002618,AU
PAT_002619,US
PAT_002620,PK
PAT_002621,DE
PAT_002622,NG
PAT_002623,AU
PAT_002624,DE
PAT_002625,BD
PAT_002626,DE
PAT_002627,DE
PAT_002628,AU
PAT_002629,KE
PAT_002630,US
PAT_002631,US
PAT_002632,AU
PAT_002633,NG
PAT_002634,SA
PAT_002635,RU
PAT_002636,SA
PAT_002637,NG
PAT_002638,US
PAT_002639,AU
PAT_002640,RU
PAT_002641,US
PAT_002642,GB
PAT_002643,NG
PAT_002644,AU
PAT_002645,PK
PAT_002646,NG
PAT_002647,DE
PAT_002648,US
PAT_002649,GB
PAT_002650,AU
PAT_002651,US
PAT_002652,US
PAT_002653,GB
PAT_002654,KE
PAT_002655,US
PAT_002656,AU
PAT_002657,PK
PAT_002658,US
PAT_002659,PK
PAT_002660,NG
PAT_002661,GB
PAT_002662,BD
PAT_002663,GB
PAT_002664,KE
PAT_002665,NG
PAT_002666,RU
PAT_002667,GB
PAT_002668,US
PAT_002669,GB
PAT_002670,GB
PAT_002671,DE
PAT_002672,PK
PAT_002673,BD
PAT_002674,AU
PAT_002675,GB
PAT_002676,GB
PAT_002677,GB
PAT_002678,NG
PAT_002679,SA
PAT_002680,SA
PAT_002681,GB
PAT_002682,SA
PAT_002683,KE
PAT_002684,AU
PAT_002685,US
PAT_002686,US
PAT_002687,DE
PAT_002688,DE
PAT_002689,US
PAT_002690,RU
PAT_002691,KE
PAT_002692,DE
PAT_002693,SA
PAT_002694,GB
PAT_002695,PK
PAT_002696,SA
PAT_002697,RU
PAT_002698,AU
PAT_002699,KE
PAT_002700,SA
PAT_002701,GB
PAT_002702,PK
PAT_002703,NG
PAT_002704,DE
PAT_002705,KE
PAT_002706,AU
PAT_002707,RU
PAT_002708,RU
PAT_002709,AU
PAT_002710,GB
PAT_002711,GB
PAT_002712,GB
PAT_002713,US
PAT_002714,AU
PAT_002715,AU
PAT_002716,KE
PAT_002717,RU
PAT_002718,US
PAT_002719,US
PAT_002720,KE
PAT_002721,RU
PAT_002722,BD
PAT_002723,AU
PAT_002724,US
PAT_002725,US
PAT_002726,RU
PAT_002727,DE
PAT_002728,BD
PAT_002729,DE
PAT_002730,PK
PAT_002731,PK
PAT_002732,KE
PAT_002733,GB
PAT_002734,KE
PAT_002735,KE
PAT_002736,SA
PAT_002737,NG
PAT_002738,DE
PAT_002739,KE
PAT_002740,RU
PAT_002741,GB
PAT_002742,NG
PAT_002743,AU
PAT_002744,SA
PAT_002745,GB
PAT_002746,NG
PAT_002747,PK
PAT_002748,US
PAT_002749,NG
PAT_002750,RU
PAT_002751,SA
PAT_002752,AU
PAT_002753,DE
PAT_002754,KE
PAT_002755,AU
PAT_002756,DE
PAT_002757,RU
PAT_002758,NG
PAT_002759,GB
PAT_002760,AU
PAT_002761,DE
PAT_002762,SA
PAT_002763,US
PAT_002764,GB
PAT_002765,US
PAT_002766,GB
PAT_002767,US
PAT_002768,US
PAT_002769,US
PAT_002770,NG
PAT_002771,GB
PAT_002772,NG
PAT_002773,US
PAT_002774,BD
PAT_002775,RU
PAT_002776,SA
PAT_002777,RU
PAT_002778,PK
PAT_002779,AU
PAT_002780,RU
PAT_002781,DE
PAT_002782,US
PAT_002783,GB
PAT_002784,KE
PAT_002785,PK
PAT_002786,SA
PAT_002787,KE
PAT_002788,GB
PAT_002789,NG
PAT_002790,AU
PAT_002791,US
PAT_002792,DE
PAT_002793,DE
PAT_002794,RU
PAT_002795,RU
PAT_002796,AU
PAT_002797,GB
PAT_002798,BD
PAT_002799,NG
PAT_002800,DE
PAT_002801,AU
PAT_002802,US
PAT_002803,BD
PAT_002804,AU
PAT_002805,RU
PAT_002806,PK
PAT_002807,BD
PAT_002808,GB
PAT_002809,DE
PAT_002810,SA
PAT_002811,BD
PAT_002812,AU
PAT_002813,DE
PAT_002814,NG
PAT_002815,AU
PAT_002816,RU
PAT_002817,PK
PAT_002818,PK
PAT_002819,SA
PAT_002820,RU
PAT_002821,PK
PAT_002822,PK
PAT_002823,RU
PAT_002824,PK
PAT_002825,US
PAT_002826,US
PAT_002827,PK
PAT_002828,US
PAT_002829,SA
PAT_002830,US
PAT_002831,US
PAT_002832,RU
PAT_002833,DE
PAT_002834,BD
PAT_002835,GB
PAT_002836,SA
PAT_002837,GB
PAT_002838,SA
PAT_002839,US
PAT_002840,GB
PAT_002841,GB
PAT_002842,US
PAT_002843,BD
PAT_002844,SA
PAT_002845,PK
PAT_002846,US
PAT_002847,KE
PAT_002848,GB
PAT_002849,KE
PAT_002850,US
PAT_002851,GB
PAT_002852,NG
PAT_002853,SA
PAT_002854,BD
PAT_002855,AU
PAT_002856,GB
PAT_002857,PK
PAT_002858,GB
PAT_002859,BD
PAT_002860,DE
PAT_002861,KE
PAT_002862,AU
PAT_002863,BD
PAT_002864,BD
PAT_002865,US
PAT_002866,US
PAT_002867,GB
PAT_002868,DE
PAT_002869,GB
PAT_002870,SA
PAT_002871,SA
PAT_002872,NG
PAT_002873,SA
PAT_002874,RU
PAT_002875,GB
PAT_002876,KE
PAT_002877,KE
PAT_002878,AU
PAT_002879,DE
PAT_002880,GB
PAT_002881,BD
PAT_002882,DE
PAT_002883,US
PAT_002884,RU
PAT_002885,PK
PAT_002886,US
PAT_002887,DE
PAT_002888,NG
PAT_002889,PK
PAT_002890,NG
PAT_002891,BD
PAT_002892,SA
PAT_002893,US
PAT_002894,AU
PAT_002895,GB
PAT_002896,US
PAT_002897,SA
PAT_002898,AU
PAT_002899,BD
PAT_002900,GB
PAT_002901,GB
PAT_002902,US
PAT_002903,US
PAT_002904,GB
PAT_002905,NG
PAT_002906,US
PAT_002907,RU
PAT_002908,DE
PAT_002909,RU
PAT_002910,BD
PAT_002911,PK
PAT_002912,GB
PAT_002913,US
PAT_002914,DE
PAT_002915,DE
PAT_002916,PK
PAT_002917,RU
PAT_002918,US
PAT_002919,KE
PAT_002920,GB
PAT_002921,PK
PAT_002922,AU
PAT_002923,DE
PAT_002924,KE
PAT_002925,RU
PAT_002926,GB
PAT_002927,RU
PAT_002928,NG
PAT_002929,AU
PAT_002930,NG
PAT_002931,BD
PAT_002932,GB
PAT_002933,US
PAT_002934,KE
PAT_002935,GB
PAT_002936,SA
PAT_002937,NG
PAT_002938,NG
PAT_002939,US
PAT_002940,GB
PAT_002941,BD
PAT_002942,BD
PAT_002943,AU
PAT_002944,US
PAT_002945,DE
PAT_002946,SA
PAT_002947,GB
PAT_002948,PK
PAT_002949,BD
PAT_002950,NG
PAT_002951,PK
PAT_002952,US
PAT_002953,RU
PAT_002954,BD
PAT_002955,GB
PAT_002956,GB
PAT_002957,GB
PAT_002958,NG
PAT_002959,SA
PAT_002960,GB
PAT_002961,BD
PAT_002962,US
PAT_002963,US
PAT_002964,NG
PAT_002965,GB
PAT_002966,KE
PAT_002967,RU
PAT_002968,US
PAT_002969,AU
PAT_002970,PK
PAT_002971,KE
PAT_002972,SA
PAT_002973,US
PAT_002974,AU
PAT_002975,DE
PAT_002976,PK
PAT_002977,AU
PAT_002978,SA
PAT_002979,US
PAT_002980,RU
PAT_002981,GB
PAT_002982,BD
PAT_002983,SA
PAT_002984,US
PAT_002985,BD
PAT_002986,KE
PAT_002987,BD
PAT_002988,SA
PAT_002989,GB
PAT_002990,BD
PAT_002991,KE
PAT_002992,PK
PAT_002993,GB
PAT_002994,AU
PAT_002995,SA
PAT_002996,SA
PAT_002997,SA
PAT_002998,NG
PAT_002999,DE
PAT_003000,US
PAT_003001,US
PAT_003002,KE
PAT_003003,KE
PAT_003004,PK
PAT_003005,RU
PAT_003006,US
PAT_003007,BD
PAT_003008,GB
PAT_003009,GB
PAT_003010,GB
PAT_003011,AU
PAT_003012,KE
PAT_003013,PK
PAT_003014,PK
PAT_003015,NG
PAT_003016,GB
PAT_003017,PK
PAT_003018,NG
PAT_003019,DE
PAT_003020,DE
PAT_003021,RU
PAT_003022,BD
PAT_003023,GB
PAT_003024,BD
PAT_003025,GB
PAT_003026,GB
PAT_003027,NG
PAT_003028,KE
PAT_003029,GB
PAT_003030,US
PAT_003031,KE
PAT_003032,NG
PAT_003033,SA
PAT_003034,US
PAT_003035,DE
PAT_003036,RU
PAT_003037,NG
PAT_003038,RU
PAT_003039,DE
PAT_003040,GB
PAT_003041,SA
PAT_003042,DE
PAT_003043,US
PAT_003044,US
PAT_003045,US
PAT_003046,NG
PAT_003047,GB
PAT_003048,BD
PAT_003049,PK
PAT_003050,US
PAT_003051,US
PAT_003052,NG
PAT_003053,US
PAT_003054,SA
PAT_003055,BD
PAT_003056,US
PAT_003057,KE
PAT_003058,BD
PAT_003059,RU
PAT_003060,AU
PAT_003061,US
PAT_003062,PK
PAT_003063,GB
PAT_003064,BD
PAT_003065,GB
PAT_003066,KE
PAT_003067,KE
PAT_003068,US
PAT_003069,GB
PAT_003070,SA
PAT_003071,PK
PAT_003072,KE
PAT_003073,US
PAT_003074,RU
PAT_003075,AU
PAT_003076,AU
PAT_003077,KE
PAT_003078,BD
PAT_003079,DE
PAT_003080,PK
PAT_003081,PK
PAT_003082,AU
PAT_003083,GB
PAT_003084,AU
PAT_003085,PK
PAT_003086,PK
PAT_003087,US
PAT_003088,PK
PAT_003089,GB
PAT_003090,NG
PAT_003091,SA
PAT_003092,US
PAT_003093,DE
PAT_003094,SA
PAT_003095,GB
PAT_003096,SA
PAT_003097,PK
PAT_003098,US
PAT_003099,GB
PAT_003100,GB
PAT_003101,GB
PAT_003102,SA
PAT_003103,US
PAT_003104,PK
PAT_003105,RU
PAT_003106,GB
PAT_003107,RU
PAT_003108,US
PAT_003109,SA
PAT_003110,BD
PAT_003111,KE
PAT_003112,US
PAT_003113,DE
PAT_003114,AU
PAT_003115,SA
PAT_003116,DE
PAT_003117,US
PAT_003118,KE
PAT_003119,SA
PAT_003120,SA
PAT_003121,US
PAT_003122,KE
PAT_003123,US
PAT_003124,NG
PAT_003125,SA
PAT_003126,KE
PAT_003127,DE
PAT_003128,BD
PAT_003129,PK
PAT_003130,PK
PAT_003131,GB
PAT_003132,NG
PAT_003133,NG
PAT_003134,US
PAT_003135,GB
PAT_003136,US
PAT_003137,SA
PAT_003138,SA
PAT_003139,SA
PAT_003140,SA
PAT_003141,SA
PAT_003142,NG
PAT_003143,AU
PAT_003144,DE
PAT_003145,GB
PAT_003146,US
PAT_003147,US
PAT_003148,NG
PAT_003149,KE
PAT_003150,DE
PAT_003151,PK
PAT_003152,SA
PAT_003153,US
PAT_003154,US
PAT_003155,NG
PAT_003156,PK
PAT_003157,NG
PAT_003158,US
PAT_003159,US
PAT_003160,BD
PAT_003161,PK
PAT_003162,KE
PAT_003163,BD
PAT_003164,PK
PAT_003165,AU
PAT_003166,RU
PAT_003167,AU
PAT_003168,SA
PAT_003169,AU
PAT_003170,GB
PAT_003171,NG
PAT_003172,US
PAT_003173,DE
PAT_003174,DE
PAT_003175,US
PAT_003176,PK
PAT_003177,BD
PAT_003178,NG
PAT_003179,AU
PAT_003180,NG
PAT_003181,NG
PAT_003182,US
PAT_003183,US
PAT_003184,GB
PAT_003185,NG
PAT_003186,US
PAT_003187,RU
PAT_003188,SA
PAT_003189,BD
PAT_003190,US
PAT_003191,US
PAT_003192,DE
PAT_003193,AU
PAT_003194,GB
PAT_003195,GB
PAT_003196,BD
PAT_003197,AU
PAT_003198,SA
PAT_003199,PK
PAT_003200,PK
PAT_003201,BD
PAT_003202,PK
PAT_003203,US
PAT_003204,RU
PAT_003205,AU
PAT_003206,PK
PAT_003207,US
PAT_003208,US
PAT_003209,PK
PAT_003210,GB
PAT_003211,AU
PAT_003212,GB
PAT_003213,GB
PAT_003214,US
PAT_003215,KE
PAT_003216,US
PAT_003217,DE
PAT_003218,GB
PAT_003219,US
PAT_003220,AU
PAT_003221,NG
PAT_003222,SA
PAT_003223,RU
PAT_003224,GB
PAT_003225,DE
PAT_003226,US
PAT_003227,US
PAT_003228,NG
PAT_003229,BD
PAT_003230,BD
PAT_003231,SA
PAT_003232,AU
PAT_003233,NG
PAT_003234,KE
PAT_003235,GB
PAT_003236,DE
PAT_003237,DE
PAT_003238,PK
PAT_003239,GB
PAT_003240,AU
PAT_003241,BD
PAT_003242,US
PAT_003243,NG
PAT_003244,US
PAT_003245,SA
PAT_003246,BD
PAT_003247,GB
PAT_003248,DE
PAT_003249,GB
PAT_003250,US
PAT_003251,NG
PAT_003252,AU
PAT_003253,BD
PAT_003254,SA
PAT_003255,DE
PAT_003256,NG
PAT_003257,GB
PAT_003258,GB
PAT_003259,DE
PAT_003260,US
PAT_003261,BD
PAT_003262,DE
PAT_003263,BD
PAT_003264,DE
PAT_003265,PK
PAT_003266,NG
PAT_003267,NG
PAT_003268,PK
PAT_003269,DE
PAT_003270,US
PAT_003271,DE
PAT_003272,US
PAT_003273,GB
PAT_003274,GB
PAT_003275,AU
PAT_003276,PK
PAT_003277,GB
PAT_003278,GB
PAT_003279,DE
PAT_003280,SA
PAT_003281,AU
PAT_003282,US
PAT_003283,RU
PAT_003284,US
PAT_003285,US
PAT_003286,PK
PAT_003287,US
PAT_003288,NG
PAT_003289,GB
PAT_003290,GB
PAT_003291,KE
PAT_003292,PK
PAT_003293,GB
PAT_003294,PK
PAT_003295,RU
PAT_003296,BD
PAT_003297,US
PAT_003298,BD
PAT_003299,US
PAT_003300,SA
PAT_003301,NG
PAT_003302,RU
PAT_003303,RU
PAT_003304,AU
PAT_003305,GB
PAT_003306,RU
PAT_003307,PK
PAT_003308,PK
PAT_003309,AU
PAT_003310,DE
PAT_003311,AU
PAT_003312,KE
PAT_003313,NG
PAT_003314,GB
PAT_003315,AU
PAT_003316,GB
PAT_003317,US
PAT_003318,GB
PAT_003319,US
PAT_003320,US
PAT_003321,DE
PAT_003322,AU
PAT_003323,GB
PAT_003324,BD
PAT_003325,GB
PAT_003326,GB
PAT_003327,AU
PAT_003328,NG
PAT_003329,SA
PAT_003330,AU
PAT_003331,AU
PAT_003332,SA
PAT_003333,US
PAT_003334,RU
PAT_003335,US
PAT_003336,RU
PAT_003337,KE
PAT_003338,BD
PAT_003339,GB
PAT_003340,BD
PAT_003341,GB
PAT_003342,AU
PAT_003343,SA
PAT_003344,US
PAT_003345,GB
PAT_003346,NG
PAT_003347,GB
PAT_003348,PK
PAT_003349,SA
PAT_003350,US
PAT_003351,GB
PAT_003352,AU
PAT_003353,NG
PAT_003354,US
PAT_003355,BD
PAT_003356,RU
PAT_003357,US
PAT_003358,PK
PAT_003359,SA
PAT_003360,NG
PAT_003361,GB
PAT_003362,NG
PAT_003363,NG
PAT_003364,SA
PAT_003365,AU
PAT_003366,AU
PAT_003367,NG
PAT_003368,US
PAT_003369,BD
PAT_003370,NG
PAT_003371,US
PAT_003372,PK
PAT_003373,SA
PAT_003374,GB
PAT_003375,SA
PAT_003376,NG
PAT_003377,DE
PAT_003378,US
PAT_003379,DE
PAT_003380,AU
PAT_003381,GB
PAT_003382,NG
PAT_003383,SA
PAT_003384,RU
PAT_003385,NG
PAT_003386,US
PAT_003387,GB
PAT_003388,AU
PAT_003389,NG
PAT_003390,DE
PAT_003391,BD
PAT_003392,SA
PAT_003393,US
PAT_003394,KE
PAT_003395,US
PAT_003396,US
PAT_003397,US
PAT_003398,BD
PAT_003399,US
PAT_003400,GB
PAT_003401,US
PAT_003402,GB
PAT_003403,SA
PAT_003404,DE
PAT_003405,US
PAT_003406,AU
PAT_003407,AU
PAT_003408,US
PAT_003409,DE
PAT_003410,GB
PAT_003411,NG
PAT_003412,RU
PAT_003413,NG
PAT_003414,US
PAT_003415,US
PAT_003416,AU
PAT_003417,KE
PAT_003418,SA
PAT_003419,DE
PAT_003420,KE
PAT_003421,AU
PAT_003422,AU
PAT_003423,SA
PAT_003424,US
PAT_003425,DE
PAT_003426,BD
PAT_003427,DE
PAT_003428,DE
PAT_003429,GB
PAT_003430,GB
PAT_003431,GB
PAT_003432,GB
PAT_003433,US
PAT_003434,GB
PAT_003435,NG
PAT_003436,GB
PAT_003437,BD
PAT_003438,NG
PAT_003439,GB
PAT_003440,DE
PAT_003441,SA
PAT_003442,PK
PAT_003443,US
PAT_003444,BD
PAT_003445,GB
PAT_003446,RU
PAT_003447,US
PAT_003448,DE
PAT_003449,PK
PAT_003450,KE
PAT_003451,PK
PAT_003452,DE
PAT_003453,DE
PAT_003454,DE
PAT_003455,BD
PAT_003456,US
PAT_003457,US
PAT_003458,NG
PAT_003459,KE
PAT_003460,US
PAT_003461,PK
PAT_003462,GB
PAT_003463,GB
PAT_003464,US
PAT_003465,US
PAT_003466,DE
PAT_003467,DE
PAT_003468,AU
PAT_003469,US
PAT_003470,AU
PAT_003471,GB
PAT_003472,GB
PAT_003473,NG
PAT_003474,PK
PAT_003475,NG
PAT_003476,BD
PAT_003477,PK
PAT_003478,GB
PAT_003479,GB
PAT_003480,AU
PAT_003481,BD
PAT_003482,BD
PAT_003483,RU
PAT_003484,DE
PAT_003485,AU
PAT_003486,KE
PAT_003487,KE
PAT_003488,GB
PAT_003489,SA
PAT_003490,PK
PAT_003491,NG
PAT_003492,DE
PAT_003493,AU
PAT_003494,GB
PAT_003495,NG
PAT_003496,US
PAT_003497,BD
PAT_003498,AU
PAT_003499,DE
PAT_003500,DE
PAT_003501,GB
PAT_003502,NG
PAT_003503,AU
PAT_003504,PK
PAT_003505,RU
PAT_003506,RU
PAT_003507,RU
PAT_003508,BD
PAT_003509,AU
PAT_003510,AU
PAT_003511,RU
PAT_003512,DE
PAT_003513,BD
PAT_003514,PK
PAT_003515,US
PAT_003516,US
PAT_003517,GB
PAT_003518,AU
PAT_003519,NG
PAT_003520,US
PAT_003521,DE
PAT_003522,PK
PAT_003523,GB
PAT_003524,US
PAT_003525,PK
PAT_003526,SA
PAT_003527,NG
PAT_003528,US
PAT_003529,KE
PAT_003530,GB
PAT_003531,DE
PAT_003532,US
PAT_003533,DE
PAT_003534,AU
PAT_003535,GB
PAT_003536,NG
PAT_003537,PK
PAT_003538,NG
PAT_003539,US
PAT_003540,AU
PAT_003541,US
PAT_003542,US
PAT_003543,SA
PAT_003544,GB
PAT_003545,SA
PAT_003546,AU
PAT_003547,US
PAT_003548,BD
PAT_003549,PK
PAT_003550,US
PAT_003551,PK
PAT_003552,RU
PAT_003553,PK
PAT_003554,US
PAT_003555,NG
PAT_003556,DE
PAT_003557,DE
PAT_003558,NG
PAT_003559,AU
PAT_003560,SA
PAT_003561,GB
PAT_003562,NG
PAT_003563,BD
PAT_003564,GB
PAT_003565,BD
PAT_003566,US
PAT_003567,US
PAT_003568,GB
PAT_003569,RU
PAT_003570,GB
PAT_003571,BD
PAT_003572,DE
PAT_003573,RU
PAT_003574,US
PAT_003575,KE
PAT_003576,BD
PAT_003577,GB
PAT_003578,RU
PAT_003579,GB
PAT_003580,BD
PAT_003581,US
PAT_003582,US
PAT_003583,NG
PAT_003584,RU
PAT_003585,NG
PAT_003586,SA
PAT_003587,AU
PAT_003588,US
PAT_003589,PK
PAT_003590,PK
PAT_003591,US
PAT_003592,GB
PAT_003593,SA
PAT_003594,AU
PAT_003595,NG
PAT_003596,PK
PAT_003597,BD
PAT_003598,NG
PAT_003599,GB
PAT_003600,PK
PAT_003601,NG
PAT_003602,SA
PAT_003603,BD
PAT_003604,BD
PAT_003605,US
PAT_003606,NG
PAT_003607,GB
PAT_003608,NG
PAT_003609,BD
PAT_003610,BD
PAT_003611,GB
PAT_003612,BD
PAT_003613,KE
PAT_003614,KE
PAT_003615,RU
PAT_003616,SA
PAT_003617,PK
PAT_003618,GB
PAT_003619,PK
PAT_003620,BD
PAT_003621,RU
PAT_003622,GB
PAT_003623,GB
PAT_003624,SA
PAT_003625,SA
PAT_003626,GB
PAT_003627,DE
PAT_003628,NG
PAT_003629,RU
PAT_003630,PK
PAT_003631,AU
PAT_003632,PK
PAT_003633,NG
PAT_003634,GB
PAT_003635,RU
PAT_003636,RU
PAT_003637,SA
PAT_003638,US
PAT_003639,RU
PAT_003640,GB
PAT_003641,NG
PAT_003642,NG
PAT_003643,RU
PAT_003644,GB
PAT_003645,GB
PAT_003646,GB
PAT_003647,SA
PAT_003648,US
PAT_003649,RU
PAT_003650,SA
PAT_003651,RU
PAT_003652,PK
PAT_003653,DE
PAT_003654,DE
PAT_003655,BD
PAT_003656,BD
PAT_003657,NG
PAT_003658,KE
PAT_003659,RU
PAT_003660,NG
PAT_003661,DE
PAT_003662,NG
PAT_003663,US
PAT_003664,GB
PAT_003665,US
PAT_003666,AU
PAT_003667,GB
PAT_003668,KE
PAT_003669,US
PAT_003670,RU
PAT_003671,GB
PAT_003672,DE
PAT_003673,GB
PAT_003674,PK
PAT_003675,AU
PAT_003676,GB
PAT_003677,BD
PAT_003678,KE
PAT_003679,RU
PAT_003680,US
PAT_003681,DE
PAT_003682,DE
PAT_003683,GB
PAT_003684,BD
PAT_003685,DE
PAT_003686,AU
PAT_003687,AU
PAT_003688,AU
PAT_003689,GB
PAT_003690,KE
PAT_003691,DE
PAT_003692,BD
PAT_003693,RU
PAT_003694,PK
PAT_003695,GB
PAT_003696,RU
PAT_003697,DE
PAT_003698,KE
PAT_003699,SA
PAT_003700,US
PAT_003701,PK
PAT_003702,SA
PAT_003703,AU
PAT_003704,US
PAT_003705,GB
PAT_003706,US
PAT_003707,BD
PAT_003708,PK
PAT_003709,GB
PAT_003710,RU
PAT_003711,US
PAT_003712,AU
PAT_003713,US
PAT_003714,AU
PAT_003715,US
PAT_003716,SA
PAT_003717,BD
PAT_003718,US
PAT_003719,PK
PAT_003720,GB
PAT_003721,BD
PAT_003722,SA
PAT_003723,BD
PAT_003724,NG
PAT_003725,SA
PAT_003726,KE
PAT_003727,GB
PAT_003728,US
PAT_003729,BD
PAT_003730,SA
PAT_003731,RU
PAT_003732,AU
PAT_003733,GB
PAT_003734,SA
PAT_003735,KE
PAT_003736,DE
PAT_003737,GB
PAT_003738,KE
PAT_003739,GB
PAT_003740,SA
PAT_003741,RU
PAT_003742,DE
PAT_003743,GB
PAT_003744,SA
PAT_003745,US
PAT_003746,DE
PAT_003747,US
PAT_003748,SA
PAT_003749,DE
PAT_003750,US
PAT_003751,PK
PAT_003752,SA
PAT_003753,RU
PAT_003754,US
PAT_003755,AU
PAT_003756,US
PAT_003757,US
PAT_003758,DE
PAT_003759,AU
PAT_003760,PK
PAT_003761,US
PAT_003762,AU
PAT_003763,GB
PAT_003764,US
PAT_003765,US
PAT_003766,AU
PAT_003767,GB
PAT_003768,DE
PAT_003769,BD
PAT_003770,US
PAT_003771,AU
PAT_003772,BD
PAT_003773,US
PAT_003774,BD
PAT_003775,PK
PAT_003776,BD
PAT_003777,GB
PAT_003778,BD
PAT_003779,GB
PAT_003780,DE
PAT_003781,US
PAT_003782,DE
PAT_003783,DE
PAT_003784,NG
PAT_003785,US
PAT_003786,BD
PAT_003787,AU
PAT_003788,GB
PAT_003789,SA
PAT_003790,US
PAT_003791,PK
PAT_003792,AU
PAT_003793,US
PAT_003794,GB
PAT_003795,NG
PAT_003796,AU
PAT_003797,SA
PAT_003798,AU
PAT_003799,AU
PAT_003800,NG
PAT_003801,NG
PAT_003802,US
PAT_003803,US
PAT_003804,US
PAT_003805,BD
PAT_003806,KE
PAT_003807,PK
PAT_003808,SA
PAT_003809,DE
PAT_003810,BD
PAT_003811,GB
PAT_003812,AU
PAT_003813,US
PAT_003814,GB
PAT_003815,BD
PAT_003816,SA
PAT_003817,AU
PAT_003818,GB
PAT_003819,KE
PAT_003820,GB
PAT_003821,AU
PAT_003822,AU
PAT_003823,US
PAT_003824,US
PAT_003825,NG
PAT_003826,DE
PAT_003827,SA
PAT_003828,US
PAT_003829,US
PAT_003830,KE
PAT_003831,GB
PAT_003832,US
PAT_003833,KE
PAT_003834,PK
PAT_003835,NG
PAT_003836,US
PAT_003837,PK
PAT_003838,AU
PAT_003839,NG
PAT_003840,AU
PAT_003841,US
PAT_003842,US
PAT_003843,DE
PAT_003844,SA
PAT_003845,GB
PAT_003846,GB
PAT_003847,US
PAT_003848,DE
PAT_003849,US
PAT_003850,US
PAT_003851,AU
PAT_003852,NG
PAT_003853,NG
PAT_003854,BD
PAT_003855,AU
PAT_003856,DE
PAT_003857,KE
PAT_003858,AU
PAT_003859,DE
PAT_003860,BD
PAT_003861,AU
PAT_003862,NG
PAT_003863,GB
PAT_003864,SA
PAT_003865,BD
PAT_003866,US
PAT_003867,BD
PAT_003868,AU
PAT_003869,DE
PAT_003870,NG
PAT_003871,GB
PAT_003872,KE
PAT_003873,NG
PAT_003874,RU
PAT_003875,US
PAT_003876,US
PAT_003877,NG
PAT_003878,GB
PAT_003879,SA
PAT_003880,GB
PAT_003881,AU
PAT_003882,PK
PAT_003883,DE
PAT_003884,GB
PAT_003885,GB
PAT_003886,DE
PAT_003887,BD
PAT_003888,BD
PAT_003889,GB
PAT_003890,PK
PAT_003891,DE
PAT_003892,GB
PAT_003893,AU
PAT_003894,NG
PAT_003895,US
PAT_003896,SA
PAT_003897,US
PAT_003898,BD
PAT_003899,DE
PAT_003900,GB
PAT_003901,GB
PAT_003902,BD
PAT_003903,PK
PAT_003904,PK
PAT_003905,KE
PAT_003906,GB
PAT_003907,US
PAT_003908,PK
PAT_003909,NG
PAT_003910,KE
PAT_003911,BD
PAT_003912,GB
PAT_003913,AU
PAT_003914,NG
PAT_003915,US
PAT_003916,DE
PAT_003917,RU
PAT_003918,US
PAT_003919,GB
PAT_003920,AU
PAT_003921,AU
PAT_003922,KE
PAT_003923,SA
PAT_003924,SA
PAT_003925,GB
PAT_003926,GB
PAT_003927,BD
PAT_003928,BD
PAT_003929,KE
PAT_003930,GB
PAT_003931,US
PAT_003932,NG
PAT_003933,KE
PAT_003934,GB
PAT_003935,NG
PAT_003936,AU
PAT_003937,AU
PAT_003938,NG
PAT_003939,NG
PAT_003940,PK
PAT_003941,GB
PAT_003942,GB
PAT_003943,SA
PAT_003944,SA
PAT_003945,NG
PAT_003946,NG
PAT_003947,GB
PAT_003948,GB
PAT_003949,KE
PAT_003950,US
PAT_003951,SA
PAT_003952,RU
PAT_003953,GB
PAT_003954,AU
PAT_003955,AU
PAT_003956,KE
PAT_003957,DE
PAT_003958,BD
PAT_003959,KE
PAT_003960,PK
PAT_003961,DE
PAT_003962,BD
PAT_003963,NG
PAT_003964,PK
PAT_003965,NG
PAT_003966,US
PAT_003967,AU
PAT_003968,NG
PAT_003969,NG
PAT_003970,BD
PAT_003971,RU
PAT_003972,DE
PAT_003973,PK
PAT_003974,US
PAT_003975,US
PAT_003976,DE
PAT_003977,AU
PAT_003978,US
PAT_003979,RU
PAT_003980,DE
PAT_003981,BD
PAT_003982,RU
PAT_003983,AU
PAT_003984,PK
PAT_003985,GB
PAT_003986,US
PAT_003987,BD
PAT_003988,SA
PAT_003989,DE
PAT_003990,US
PAT_003991,GB
PAT_003992,GB
PAT_003993,US
PAT_003994,GB
PAT_003995,US
PAT_003996,GB
PAT_003997,NG
PAT_003998,DE
PAT_003999,GB
PAT_004000,KE
PAT_004001,PK
PAT_004002,SA
PAT_004003,PK
PAT_004004,SA
PAT_004005,PK
PAT_004006,DE
PAT_004007,PK
PAT_004008,BD
PAT_004009,PK
PAT_004010,NG
PAT_004011,RU
PAT_004012,NG
PAT_004013,BD
PAT_004014,GB
PAT_004015,AU
PAT_004016,NG
PAT_004017,BD
PAT_004018,AU
PAT_004019,SA
PAT_004020,SA
PAT_004021,AU
PAT_004022,RU
PAT_004023,BD
PAT_004024,US
PAT_004025,BD
PAT_004026,AU
PAT_004027,DE
PAT_004028,SA
PAT_004029,GB
PAT_004030,US
PAT_004031,DE
PAT_004032,GB
PAT_004033,BD
PAT_004034,AU
PAT_004035,AU
PAT_004036,US
PAT_004037,RU
PAT_004038,AU
PAT_004039,RU
PAT_004040,PK
PAT_004041,AU
PAT_004042,US
PAT_004043,BD
PAT_004044,DE
PAT_004045,US
PAT_004046,SA
PAT_004047,SA
PAT_004048,DE
PAT_004049,BD
PAT_004050,BD
PAT_004051,PK
PAT_004052,AU
PAT_004053,NG
PAT_004054,PK
PAT_004055,GB
PAT_004056,US
PAT_004057,GB
PAT_004058,PK
PAT_004059,PK
PAT_004060,GB
PAT_004061,GB
PAT_004062,PK
PAT_004063,US
PAT_004064,GB
PAT_004065,AU
PAT_004066,SA
PAT_004067,BD
PAT_004068,NG
PAT_004069,US
PAT_004070,GB
PAT_004071,US
PAT_004072,AU
PAT_004073,PK
PAT_004074,SA
PAT_004075,US
PAT_004076,GB
PAT_004077,GB
PAT_004078,KE
PAT_004079,US
PAT_004080,BD
PAT_004081,DE
PAT_004082,RU
PAT_004083,RU
PAT_004084,PK
PAT_004085,GB
PAT_004086,BD
PAT_004087,RU
PAT_004088,GB
PAT_004089,GB
PAT_004090,SA
PAT_004091,SA
PAT_004092,KE
PAT_004093,US
PAT_004094,SA
PAT_004095,SA
PAT_004096,DE
PAT_004097,PK
PAT_004098,BD
PAT_004099,DE
PAT_004100,RU
PAT_004101,US
PAT_004102,GB
PAT_004103,NG
PAT_004104,NG
PAT_004105,KE
PAT_004106,US
PAT_004107,NG
PAT_004108,AU
PAT_004109,PK
PAT_004110,GB
PAT_004111,GB
PAT_004112,BD
PAT_004113,SA
PAT_004114,GB
PAT_004115,US
PAT_004116,NG
PAT_004117,BD
PAT_004118,NG
PAT_004119,US
PAT_004120,BD
PAT_004121,RU
PAT_004122,NG
PAT_004123,PK
PAT_004124,AU
PAT_004125,US
PAT_004126,BD
PAT_004127,NG
PAT_004128,DE
PAT_004129,US
PAT_004130,AU
PAT_004131,RU
PAT_004132,AU
PAT_004133,KE
PAT_004134,PK
PAT_004135,GB
PAT_004136,GB
PAT_004137,US
PAT_004138,PK
PAT_004139,PK
PAT_004140,RU
PAT_004141,GB
PAT_004142,DE
PAT_004143,BD
PAT_004144,US
PAT_004145,NG
PAT_004146,DE
PAT_004147,DE
PAT_004148,AU
PAT_004149,US
PAT_004150,AU
PAT_004151,SA
PAT_004152,US
PAT_004153,AU
PAT_004154,AU
PAT_004155,GB
PAT_004156,PK
PAT_004157,DE
PAT_004158,PK
PAT_004159,AU
PAT_004160,US
PAT_004161,BD
PAT_004162,GB
PAT_004163,SA
PAT_004164,RU
PAT_004165,SA
PAT_004166,PK
PAT_004167,DE
PAT_004168,SA
PAT_004169,US
PAT_004170,KE
PAT_004171,PK
PAT_004172,AU
PAT_004173,US
PAT_004174,GB
PAT_004175,DE
PAT_004176,GB
PAT_004177,US
PAT_004178,AU
PAT_004179,DE
PAT_004180,AU
PAT_004181,GB
PAT_004182,GB
PAT_004183,AU
PAT_004184,KE
PAT_004185,PK
PAT_004186,PK
PAT_004187,PK
PAT_004188,BD
PAT_004189,US
PAT_004190,US
PAT_004191,DE
PAT_004192,AU
PAT_004193,US
PAT_004194,GB
PAT_004195,US
PAT_004196,US
PAT_004197,GB
PAT_004198,NG
PAT_004199,GB
PAT_004200,PK
PAT_004201,SA
PAT_004202,GB
PAT_004203,GB
PAT_004204,PK
PAT_004205,GB
PAT_004206,US
PAT_004207,US
PAT_004208,SA
PAT_004209,US
PAT_004210,US
PAT_004211,NG
PAT_004212,BD
PAT_004213,US
PAT_004214,AU
PAT_004215,DE
PAT_004216,NG
PAT_004217,NG
PAT_004218,NG
PAT_004219,SA
PAT_004220,GB
PAT_004221,US
PAT_004222,DE
PAT_004223,AU
PAT_004224,PK
PAT_004225,US
PAT_004226,AU
PAT_004227,GB
PAT_004228,NG
PAT_004229,NG
PAT_004230,GB
PAT_004231,GB
PAT_004232,NG
PAT_004233,GB
PAT_004234,BD
PAT_004235,SA
PAT_004236,DE
PAT_004237,BD
PAT_004238,SA
PAT_004239,US
PAT_004240,DE
PAT_004241,SA
PAT_004242,BD
PAT_004243,BD
PAT_004244,DE
PAT_004245,GB
PAT_004246,NG
PAT_004247,BD
PAT_004248,PK
PAT_004249,US
PAT_004250,GB
PAT_004251,US
PAT_004252,US
PAT_004253,BD
PAT_004254,GB
PAT_004255,US
PAT_004256,US
PAT_004257,KE
PAT_004258,US
PAT_004259,SA
PAT_004260,DE
PAT_004261,NG
PAT_004262,DE
PAT_004263,AU
PAT_004264,US
PAT_004265,BD
PAT_004266,NG
PAT_004267,PK
PAT_004268,NG
PAT_004269,BD
PAT_004270,DE
PAT_004271,BD
PAT_004272,GB
PAT_004273,AU
PAT_004274,BD
PAT_004275,DE
PAT_004276,US
PAT_004277,PK
PAT_004278,RU
PAT_004279,KE
PAT_004280,NG
PAT_004281,SA
PAT_004282,US
PAT_004283,NG
PAT_004284,AU
PAT_004285,US
PAT_004286,NG
PAT_004287,DE
PAT_004288,RU
PAT_004289,DE
PAT_004290,US
PAT_004291,KE
PAT_004292,BD
PAT_004293,US
PAT_004294,GB
PAT_004295,NG
PAT_004296,GB
PAT_004297,AU
PAT_004298,DE
PAT_004299,AU
PAT_004300,SA
PAT_004301,US
PAT_004302,AU
PAT_004303,US
PAT_004304,GB
PAT_004305,GB
PAT_004306,GB
PAT_004307,GB
PAT_004308,AU
PAT_004309,AU
PAT_004310,PK
PAT_004311,KE
PAT_004312,DE
PAT_004313,US
PAT_004314,GB
PAT_004315,US
PAT_004316,BD
PAT_004317,NG
PAT_004318,PK
PAT_004319,NG
PAT_004320,GB
PAT_004321,RU
PAT_004322,DE
PAT_004323,RU
PAT_004324,KE
PAT_004325,AU
PAT_004326,PK
PAT_004327,GB
PAT_004328,RU
PAT_004329,BD
PAT_004330,RU
PAT_004331,GB
PAT_004332,NG
PAT_004333,NG
PAT_004334,US
PAT_004335,AU
PAT_004336,SA
PAT_004337,GB
PAT_004338,PK
PAT_004339,BD
PAT_004340,KE
PAT_004341,SA
PAT_004342,SA
PAT_004343,DE
PAT_004344,AU
PAT_004345,SA
PAT_004346,AU
PAT_004347,GB
PAT_004348,PK
PAT_004349,SA
PAT_004350,NG
PAT_004351,DE
PAT_004352,US
PAT_004353,RU
PAT_004354,GB
PAT_004355,US
PAT_004356,AU
PAT_004357,BD
PAT_004358,US
PAT_004359,PK
PAT_004360,AU
PAT_004361,BD
PAT_004362,GB
PAT_004363,US
PAT_004364,BD
PAT_004365,DE
PAT_004366,BD
PAT_004367,US
PAT_004368,BD
PAT_004369,DE
PAT_004370,KE
PAT_004371,DE
PAT_004372,BD
PAT_004373,US
PAT_004374,US
PAT_004375,RU
PAT_004376,US
PAT_004377,DE
PAT_004378,US
PAT_004379,GB
PAT_004380,RU
PAT_004381,KE
PAT_004382,AU
PAT_004383,BD
PAT_004384,US
PAT_004385,NG
PAT_004386,PK
PAT_004387,NG
PAT_004388,BD
PAT_004389,SA
PAT_004390,KE
PAT_004391,GB
PAT_004392,SA
PAT_004393,DE
PAT_004394,GB
PAT_004395,US
PAT_004396,PK
PAT_004397,US
PAT_004398,NG
PAT_004399,US
PAT_004400,GB
PAT_004401,NG
PAT_004402,US
PAT_004403,PK
PAT_004404,BD
PAT_004405,GB
PAT_004406,BD
PAT_004407,DE
PAT_004408,US
PAT_004409,US
PAT_004410,DE
PAT_004411,PK
PAT_004412,US
PAT_004413,BD
PAT_004414,RU
PAT_004415,BD
PAT_004416,KE
PAT_004417,BD
PAT_004418,DE
PAT_004419,GB
PAT_004420,AU
PAT_004421,NG
PAT_004422,NG
PAT_004423,GB
PAT_004424,SA
PAT_004425,PK
PAT_004426,AU
PAT_004427,GB
PAT_004428,GB
PAT_004429,NG
PAT_004430,DE
PAT_004431,PK
PAT_004432,SA
PAT_004433,RU
PAT_004434,BD
PAT_004435,PK
PAT_004436,AU
PAT_004437,US
PAT_004438,BD
PAT_004439,AU
PAT_004440,SA
PAT_004441,AU
PAT_004442,AU
PAT_004443,GB
PAT_004444,SA
PAT_004445,GB
PAT_004446,BD
PAT_004447,US
PAT_004448,US
PAT_004449,GB
PAT_004450,GB
PAT_004451,RU
PAT_004452,US
PAT_004453,GB
PAT_004454,RU
PAT_004455,GB
PAT_004456,AU
PAT_004457,PK
PAT_004458,PK
PAT_004459,GB
PAT_004460,NG
PAT_004461,SA
PAT_004462,US
PAT_004463,GB
PAT_004464,RU
PAT_004465,AU
PAT_004466,GB
PAT_004467,SA
PAT_004468,BD
PAT_004469,PK
PAT_004470,GB
PAT_004471,KE
PAT_004472,SA
PAT_004473,DE
PAT_004474,GB
PAT_004475,RU
PAT_004476,AU
PAT_004477,GB
PAT_004478,US
PAT_004479,GB
PAT_004480,GB
PAT_004481,AU
PAT_004482,BD
PAT_004483,US
PAT_004484,GB
PAT_004485,DE
PAT_004486,AU
PAT_004487,GB
PAT_004488,BD
PAT_004489,AU
PAT_004490,NG
PAT_004491,PK
PAT_004492,GB
PAT_004493,PK
PAT_004494,GB
PAT_004495,US
PAT_004496,DE
PAT_004497,US
PAT_004498,SA
PAT_004499,AU
PAT_004500,AU
PAT_004501,PK
PAT_004502,DE
PAT_004503,BD
PAT_004504,US
PAT_004505,KE
PAT_004506,US
PAT_004507,SA
PAT_004508,RU
PAT_004509,DE
PAT_004510,GB
PAT_004511,GB
PAT_004512,BD
PAT_004513,PK
PAT_004514,BD
PAT_004515,AU
PAT_004516,US
PAT_004517,BD
PAT_004518,GB
PAT_004519,PK
PAT_004520,US
PAT_004521,BD
PAT_004522,SA
PAT_004523,GB
PAT_004524,US
PAT_004525,SA
PAT_004526,DE
PAT_004527,US
PAT_004528,BD
PAT_004529,DE
PAT_004530,DE
PAT_004531,GB
PAT_004532,PK
PAT_004533,RU
PAT_004534,AU
PAT_004535,US
PAT_004536,GB
PAT_004537,DE
PAT_004538,KE
PAT_004539,BD
PAT_004540,PK
PAT_004541,KE
PAT_004542,GB
PAT_004543,BD
PAT_004544,NG
PAT_004545,PK
PAT_004546,GB
PAT_004547,BD
PAT_004548,US
PAT_004549,DE
PAT_004550,US
PAT_004551,DE
PAT_004552,PK
PAT_004553,KE
PAT_004554,GB
PAT_004555,DE
PAT_004556,RU
PAT_004557,GB
PAT_004558,US
PAT_004559,DE
PAT_004560,GB
PAT_004561,DE
PAT_004562,US
PAT_004563,BD
PAT_004564,US
PAT_004565,GB
PAT_004566,DE
PAT_004567,DE
PAT_004568,RU
PAT_004569,GB
PAT_004570,NG
PAT_004571,NG
PAT_004572,SA
PAT_004573,AU
PAT_004574,US
PAT_004575,US
PAT_004576,AU
PAT_004577,GB
PAT_004578,NG
PAT_004579,US
PAT_004580,GB
PAT_004581,AU
PAT_004582,BD
PAT_004583,US
PAT_004584,DE
PAT_004585,US
PAT_004586,NG
PAT_004587,BD
PAT_004588,DE
PAT_004589,US
PAT_004590,BD
PAT_004591,US
PAT_004592,AU
PAT_004593,US
PAT_004594,NG
PAT_004595,KE
PAT_004596,AU
PAT_004597,DE
PAT_004598,NG
PAT_004599,KE
PAT_004600,BD
PAT_004601,PK
PAT_004602,AU
PAT_004603,AU
PAT_004604,US
PAT_004605,PK
PAT_004606,AU
PAT_004607,DE
PAT_004608,DE
PAT_004609,US
PAT_004610,US
PAT_004611,US
PAT_004612,US
PAT_004613,KE
PAT_004614,GB
PAT_004615,DE
PAT_004616,US
PAT_004617,KE
PAT_004618,GB
PAT_004619,AU
PAT_004620,US
PAT_004621,GB
PAT_004622,GB
PAT_004623,US
PAT_004624,GB
PAT_004625,US
PAT_004626,US
PAT_004627,RU
PAT_004628,PK
PAT_004629,AU
PAT_004630,US
PAT_004631,KE
PAT_004632,US
PAT_004633,AU
PAT_004634,US
PAT_004635,US
PAT_004636,RU
PAT_004637,GB
PAT_004638,US
PAT_004639,DE
PAT_004640,PK
PAT_004641,SA
PAT_004642,GB
PAT_004643,PK
PAT_004644,GB
PAT_004645,AU
PAT_004646,GB
PAT_004647,US
PAT_004648,KE
PAT_004649,SA
PAT_004650,BD
PAT_004651,GB
PAT_004652,US
PAT_004653,US
PAT_004654,GB
PAT_004655,DE
PAT_004656,GB
PAT_004657,KE
PAT_004658,SA
PAT_004659,KE
PAT_004660,BD
PAT_004661,US
PAT_004662,SA
PAT_004663,US
PAT_004664,NG
PAT_004665,GB
PAT_004666,RU
PAT_004667,US
PAT_004668,NG
PAT_004669,NG
PAT_004670,US
PAT_004671,GB
PAT_004672,NG
PAT_004673,GB
PAT_004674,RU
PAT_004675,BD
PAT_004676,AU
PAT_004677,US
PAT_004678,US
PAT_004679,BD
PAT_004680,GB
PAT_004681,US
PAT_004682,PK
PAT_004683,DE
PAT_004684,PK
PAT_004685,KE
PAT_004686,NG
PAT_004687,BD
PAT_004688,US
PAT_004689,DE
PAT_004690,US
PAT_004691,US
PAT_004692,AU
PAT_004693,US
PAT_004694,GB
PAT_004695,AU
PAT_004696,US
PAT_004697,AU
PAT_004698,BD
PAT_004699,KE
PAT_004700,GB
PAT_004701,DE
PAT_004702,US
PAT_004703,US
PAT_004704,US
PAT_004705,NG
PAT_004706,GB
PAT_004707,KE
PAT_004708,US
PAT_004709,GB
PAT_004710,GB
PAT_004711,NG
PAT_004712,US
PAT_004713,GB
PAT_004714,GB
PAT_004715,PK
PAT_004716,AU
PAT_004717,PK
PAT_004718,BD
PAT_004719,RU
PAT_004720,US
PAT_004721,US
PAT_004722,NG
PAT_004723,GB
PAT_004724,DE
PAT_004725,DE
PAT_004726,DE
PAT_004727,SA
PAT_004728,US
PAT_004729,DE
PAT_004730,SA
PAT_004731,BD
PAT_004732,BD
PAT_004733,US
PAT_004734,DE
PAT_004735,GB
PAT_004736,KE
PAT_004737,PK
PAT_004738,GB
PAT_004739,DE
PAT_004740,US
PAT_004741,SA
PAT_004742,US
PAT_004743,RU
PAT_004744,GB
PAT_004745,KE
PAT_004746,BD
PAT_004747,US
PAT_004748,US
PAT_004749,BD
PAT_004750,AU
PAT_004751,GB
PAT_004752,US
PAT_004753,GB
PAT_004754,GB
PAT_004755,US
PAT_004756,DE
PAT_004757,NG
PAT_004758,BD
PAT_004759,GB
PAT_004760,RU
PAT_004761,DE
PAT_004762,AU
PAT_004763,GB
PAT_004764,DE
PAT_004765,US
PAT_004766,AU
PAT_004767,AU
PAT_004768,PK
PAT_004769,GB
PAT_004770,US
PAT_004771,PK
PAT_004772,DE
PAT_004773,US
PAT_004774,GB
PAT_004775,DE
PAT_004776,SA
PAT_004777,US
PAT_004778,GB
PAT_004779,BD
PAT_004780,SA
PAT_004781,US
PAT_004782,PK
PAT_004783,AU
PAT_004784,AU
PAT_004785,US
PAT_004786,US
PAT_004787,DE
PAT_004788,GB
PAT_004789,KE
PAT_004790,NG
PAT_004791,RU
PAT_004792,BD
PAT_004793,DE
PAT_004794,PK
PAT_004795,PK
PAT_004796,DE
PAT_004797,AU
PAT_004798,GB
PAT_004799,GB
PAT_004800,AU
PAT_004801,GB
PAT_004802,US
PAT_004803,KE
PAT_004804,GB
PAT_004805,KE
PAT_004806,AU
PAT_004807,NG
PAT_004808,BD
PAT_004809,BD
PAT_004810,DE
PAT_004811,GB
PAT_004812,BD
PAT_004813,GB
PAT_004814,PK
PAT_004815,DE
PAT_004816,SA
PAT_004817,GB
PAT_004818,AU
PAT_004819,AU
PAT_004820,KE
PAT_004821,BD
PAT_004822,RU
PAT_004823,GB
PAT_004824,PK
PAT_004825,DE
PAT_004826,US
PAT_004827,SA
PAT_004828,SA
PAT_004829,PK
PAT_004830,US
PAT_004831,NG
PAT_004832,SA
PAT_004833,AU
PAT_004834,GB
PAT_004835,US
PAT_004836,AU
PAT_004837,RU
PAT_004838,US
PAT_004839,US
PAT_004840,NG
PAT_004841,DE
PAT_004842,BD
PAT_004843,NG
PAT_004844,AU
PAT_004845,US
PAT_004846,US
PAT_004847,US
PAT_004848,RU
PAT_004849,AU
PAT_004850,BD
PAT_004851,AU
PAT_004852,AU
PAT_004853,NG
PAT_004854,DE
PAT_004855,NG
PAT_004856,US
PAT_004857,US
PAT_004858,RU
PAT_004859,NG
PAT_004860,DE
PAT_004861,US
PAT_004862,GB
PAT_004863,GB
PAT_004864,DE
PAT_004865,KE
PAT_004866,NG
PAT_004867,US
PAT_004868,AU
PAT_004869,US
PAT_004870,US
PAT_004871,US
PAT_004872,KE
PAT_004873,US
PAT_004874,US
PAT_004875,RU
PAT_004876,US
PAT_004877,US
PAT_004878,PK
PAT_004879,US
PAT_004880,GB
PAT_004881,US
PAT_004882,GB
PAT_004883,US
PAT_004884,GB
PAT_004885,PK
PAT_004886,BD
PAT_004887,US
PAT_004888,BD
PAT_004889,DE
PAT_004890,PK
PAT_004891,US
PAT_004892,GB
PAT_004893,SA
PAT_004894,KE
PAT_004895,GB
PAT_004896,PK
PAT_004897,KE
PAT_004898,GB
PAT_004899,NG
PAT_004900,PK
PAT_004901,RU
PAT_004902,BD
PAT_004903,DE
PAT_004904,US
PAT_004905,PK
PAT_004906,GB
PAT_004907,BD
PAT_004908,SA
PAT_004909,BD
PAT_004910,NG
PAT_004911,BD
PAT_004912,GB
PAT_004913,BD
PAT_004914,NG
PAT_004915,US
PAT_004916,RU
PAT_004917,US
PAT_004918,GB
PAT_004919,US
PAT_004920,NG
PAT_004921,AU
PAT_004922,RU
PAT_004923,BD
PAT_004924,AU
PAT_004925,RU
PAT_004926,AU
PAT_004927,KE
PAT_004928,BD
PAT_004929,US
PAT_004930,DE
PAT_004931,AU
PAT_004932,DE
PAT_004933,US
PAT_004934,NG
PAT_004935,BD
PAT_004936,SA
PAT_004937,US
PAT_004938,BD
PAT_004939,SA
PAT_004940,GB
PAT_004941,GB
PAT_004942,SA
PAT_004943,DE
PAT_004944,NG
PAT_004945,US
PAT_004946,US
PAT_004947,BD
PAT_004948,SA
PAT_004949,PK
PAT_004950,BD
PAT_004951,US
PAT_004952,NG
PAT_004953,AU
PAT_004954,AU
PAT_004955,PK
PAT_004956,NG
PAT_004957,US
PAT_004958,GB
PAT_004959,SA
PAT_004960,NG
PAT_004961,GB
PAT_004962,GB
PAT_004963,AU
PAT_004964,BD
PAT_004965,US
PAT_004966,RU
PAT_004967,US
PAT_004968,KE
PAT_004969,GB
PAT_004970,DE
PAT_004971,RU
PAT_004972,NG
PAT_004973,US
PAT_004974,BD
PAT_004975,DE
PAT_004976,BD
PAT_004977,US
PAT_004978,AU
PAT_004979,PK
PAT_004980,NG
PAT_004981,GB
PAT_004982,BD
PAT_004983,NG
PAT_004984,BD
PAT_004985,GB
PAT_004986,GB
PAT_004987,US
PAT_004988,SA
PAT_004989,PK
PAT_004990,NG
PAT_004991,US
PAT_004992,SA
PAT_004993,SA
PAT_004994,RU
PAT_004995,GB
PAT_004996,AU
PAT_004997,NG
PAT_004998,BD
PAT_004999,DE
PAT_005000,BD
PAT_005001,US
PAT_005002,DE
PAT_005003,GB
PAT_005004,GB
PAT_005005,US
PAT_005006,US
PAT_005007,RU
PAT_005008,AU
PAT_005009,RU
PAT_005010,AU
PAT_005011,US
PAT_005012,DE
PAT_005013,AU
PAT_005014,AU
PAT_005015,SA
PAT_005016,US
PAT_005017,AU
PAT_005018,DE
PAT_005019,KE
PAT_005020,US
PAT_005021,SA
PAT_005022,AU
PAT_005023,BD
PAT_005024,BD
PAT_005025,NG
PAT_005026,US
PAT_005027,US
PAT_005028,PK
PAT_005029,US
PAT_005030,AU
PAT_005031,US
PAT_005032,BD
PAT_005033,AU
PAT_005034,GB
PAT_005035,US
PAT_005036,DE
PAT_005037,AU
PAT_005038,US
PAT_005039,US
PAT_005040,PK
PAT_005041,US
PAT_005042,US
PAT_005043,AU
PAT_005044,DE
PAT_005045,US
PAT_005046,AU
PAT_005047,PK
PAT_005048,SA
PAT_005049,BD
PAT_005050,BD
PAT_005051,AU
PAT_005052,US
PAT_005053,DE
PAT_005054,GB
PAT_005055,GB
PAT_005056,SA
PAT_005057,GB
PAT_005058,US
PAT_005059,GB
PAT_005060,AU
PAT_005061,DE
PAT_005062,DE
PAT_005063,NG
PAT_005064,GB
PAT_005065,US
PAT_005066,SA
PAT_005067,RU
PAT_005068,NG
PAT_005069,US
PAT_005070,US
PAT_005071,AU
PAT_005072,NG
PAT_005073,GB
PAT_005074,RU
PAT_005075,PK
PAT_005076,US
PAT_005077,DE
PAT_005078,SA
PAT_005079,GB
PAT_005080,SA
PAT_005081,US
PAT_005082,BD
PAT_005083,BD
PAT_005084,GB
PAT_005085,BD
PAT_005086,US
PAT_005087,NG
PAT_005088,NG
PAT_005089,US
PAT_005090,AU
PAT_005091,RU
PAT_005092,SA
PAT_005093,US
PAT_005094,PK
PAT_005095,US
PAT_005096,SA
PAT_005097,US
PAT_005098,GB
PAT_005099,SA
PAT_005100,US
PAT_005101,DE
PAT_005102,BD
PAT_005103,GB
PAT_005104,NG
PAT_005105,US
PAT_005106,NG
PAT_005107,KE
PAT_005108,DE
PAT_005109,SA
PAT_005110,RU
PAT_005111,KE
PAT_005112,KE
PAT_005113,NG
PAT_005114,US
PAT_005115,AU
PAT_005116,SA
PAT_005117,US
PAT_005118,KE
PAT_005119,SA
PAT_005120,AU
PAT_005121,BD
PAT_005122,US
PAT_005123,PK
PAT_005124,AU
PAT_005125,BD
PAT_005126,SA
PAT_005127,US
PAT_005128,DE
PAT_005129,AU
PAT_005130,SA
PAT_005131,GB
PAT_005132,GB
PAT_005133,RU
PAT_005134,AU
PAT_005135,NG
PAT_005136,SA
PAT_005137,KE
PAT_005138,KE
PAT_005139,US
PAT_005140,NG
PAT_005141,GB
PAT_005142,US
PAT_005143,AU
PAT_005144,US
PAT_005145,GB
PAT_005146,DE
PAT_005147,NG
PAT_005148,US
PAT_005149,NG
PAT_005150,SA
PAT_005151,SA
PAT_005152,US
PAT_005153,US
PAT_005154,PK
PAT_005155,KE
PAT_005156,GB
PAT_005157,DE
PAT_005158,PK
PAT_005159,PK
PAT_005160,RU
PAT_005161,RU
PAT_005162,BD
PAT_005163,AU
PAT_005164,BD
PAT_005165,GB
PAT_005166,US
PAT_005167,US
PAT_005168,US
PAT_005169,US
PAT_005170,KE
PAT_005171,AU
PAT_005172,DE
PAT_005173,DE
PAT_005174,NG
PAT_005175,AU
PAT_005176,AU
PAT_005177,RU
PAT_005178,PK
PAT_005179,PK
PAT_005180,NG
PAT_005181,RU
PAT_005182,AU
PAT_005183,US
PAT_005184,SA
PAT_005185,US
PAT_005186,RU
PAT_005187,PK
PAT_005188,US
PAT_005189,BD
PAT_005190,DE
PAT_005191,US
PAT_005192,RU
PAT_005193,RU
PAT_005194,US
PAT_005195,US
PAT_005196,PK
PAT_005197,PK
PAT_005198,US
PAT_005199,US
PAT_005200,SA
PAT_005201,NG
PAT_005202,GB
PAT_005203,DE
PAT_005204,BD
PAT_005205,KE
PAT_005206,PK
PAT_005207,US
PAT_005208,US
PAT_005209,KE
PAT_005210,PK
PAT_005211,AU
PAT_005212,BD
PAT_005213,AU
PAT_005214,AU
PAT_005215,US
PAT_005216,PK
PAT_005217,NG
PAT_005218,RU
PAT_005219,AU
PAT_005220,US
PAT_005221,AU
PAT_005222,PK
PAT_005223,DE
PAT_005224,NG
PAT_005225,US
PAT_005226,DE
PAT_005227,BD
PAT_005228,AU
PAT_005229,US
PAT_005230,GB
PAT_005231,RU
PAT_005232,DE
PAT_005233,GB
PAT_005234,GB
PAT_005235,US
PAT_005236,PK
PAT_005237,KE
PAT_005238,US
PAT_005239,GB
PAT_005240,BD
PAT_005241,AU
PAT_005242,US
PAT_005243,SA
PAT_005244,KE
PAT_005245,RU
PAT_005246,PK
PAT_005247,US
PAT_005248,US
PAT_005249,US
PAT_005250,AU
PAT_005251,PK
PAT_005252,AU
PAT_005253,NG
PAT_005254,KE
PAT_005255,GB
PAT_005256,NG
PAT_005257,SA
PAT_005258,BD
PAT_005259,BD
PAT_005260,SA
PAT_005261,SA
PAT_005262,PK
PAT_005263,GB
PAT_005264,NG
PAT_005265,BD
PAT_005266,SA
PAT_005267,BD
PAT_005268,AU
PAT_005269,DE
PAT_005270,GB
PAT_005271,US
PAT_005272,DE
PAT_005273,GB
PAT_005274,AU
PAT_005275,US
PAT_005276,NG
PAT_005277,SA
PAT_005278,RU
PAT_005279,PK
PAT_005280,AU
PAT_005281,GB
PAT_005282,GB
PAT_005283,BD
PAT_005284,GB
PAT_005285,PK
PAT_005286,BD
PAT_005287,BD
PAT_005288,US
PAT_005289,DE
PAT_005290,DE
PAT_005291,SA
PAT_005292,PK
PAT_005293,US
PAT_005294,GB
PAT_005295,US
PAT_005296,NG
PAT_005297,GB
PAT_005298,PK
PAT_005299,NG
PAT_005300,GB
PAT_005301,NG
PAT_005302,NG
PAT_005303,SA
PAT_005304,PK
PAT_005305,BD
PAT_005306,NG
PAT_005307,PK
PAT_005308,PK
PAT_005309,AU
PAT_005310,SA
PAT_005311,AU
PAT_005312,KE
PAT_005313,DE
PAT_005314,US
PAT_005315,NG
PAT_005316,KE
PAT_005317,DE
PAT_005318,PK
PAT_005319,PK
PAT_005320,DE
PAT_005321,US
PAT_005322,GB
PAT_005323,GB
PAT_005324,DE
PAT_005325,PK
PAT_005326,GB
PAT_005327,DE
PAT_005328,NG
PAT_005329,US
PAT_005330,BD
PAT_005331,GB
PAT_005332,PK
PAT_005333,DE
PAT_005334,NG
PAT_005335,DE
PAT_005336,KE
PAT_005337,BD
PAT_005338,GB
PAT_005339,DE
PAT_005340,KE
PAT_005341,PK
PAT_005342,NG
PAT_005343,GB
PAT_005344,PK
PAT_005345,RU
PAT_005346,GB
PAT_005347,AU
PAT_005348,RU
PAT_005349,RU
PAT_005350,AU
PAT_005351,RU
PAT_005352,DE
PAT_005353,RU
PAT_005354,GB
PAT_005355,PK
PAT_005356,DE
PAT_005357,NG
PAT_005358,GB
PAT_005359,US
PAT_005360,KE
PAT_005361,DE
PAT_005362,GB
PAT_005363,KE
PAT_005364,SA
PAT_005365,RU
PAT_005366,AU
PAT_005367,BD
PAT_005368,PK
PAT_005369,US
PAT_005370,US
PAT_005371,US
PAT_005372,GB
PAT_005373,GB
PAT_005374,BD
PAT_005375,PK
PAT_005376,BD
PAT_005377,DE
PAT_005378,DE
PAT_005379,AU
PAT_005380,NG
PAT_005381,US
PAT_005382,US
PAT_005383,BD
PAT_005384,GB
PAT_005385,AU
PAT_005386,DE
PAT_005387,RU
PAT_005388,NG
PAT_005389,US
PAT_005390,AU
PAT_005391,SA
PAT_005392,GB
PAT_005393,GB
PAT_005394,NG
PAT_005395,RU
PAT_005396,BD
PAT_005397,BD
PAT_005398,US
PAT_005399,BD
PAT_005400,US
PAT_005401,AU
PAT_005402,AU
PAT_005403,US
PAT_005404,GB
PAT_005405,KE
PAT_005406,DE
PAT_005407,AU
PAT_005408,GB
PAT_005409,NG
PAT_005410,NG
PAT_005411,NG
PAT_005412,AU
PAT_005413,NG
PAT_005414,KE
PAT_005415,RU
PAT_005416,SA
PAT_005417,SA
PAT_005418,GB
PAT_005419,US
PAT_005420,SA
PAT_005421,KE
PAT_005422,NG
PAT_005423,SA
PAT_005424,NG
PAT_005425,PK
PAT_005426,NG
PAT_005427,BD
PAT_005428,PK
PAT_005429,RU
PAT_005430,DE
PAT_005431,KE
PAT_005432,US
PAT_005433,KE
PAT_005434,SA
PAT_005435,KE
PAT_005436,AU
PAT_005437,RU
PAT_005438,SA
PAT_005439,KE
PAT_005440,DE
PAT_005441,GB
PAT_005442,US
PAT_005443,NG
PAT_005444,PK
PAT_005445,BD
PAT_005446,GB
PAT_005447,US
PAT_005448,AU
PAT_005449,PK
PAT_005450,GB
PAT_005451,NG
PAT_005452,BD
PAT_005453,BD
PAT_005454,GB
PAT_005455,US
PAT_005456,BD
PAT_005457,US
PAT_005458,AU
PAT_005459,GB
PAT_005460,GB
PAT_005461,GB
PAT_005462,SA
PAT_005463,NG
PAT_005464,US
PAT_005465,NG
PAT_005466,US
PAT_005467,US
PAT_005468,GB
PAT_005469,GB
PAT_005470,GB
PAT_005471,AU
PAT_005472,RU
PAT_005473,PK
PAT_005474,US
PAT_005475,GB
PAT_005476,RU
PAT_005477,GB
PAT_005478,KE
PAT_005479,NG
PAT_005480,SA
PAT_005481,DE
PAT_005482,AU
PAT_005483,PK
PAT_005484,US
PAT_005485,US
PAT_005486,US
PAT_005487,US
PAT_005488,DE
PAT_005489,GB
PAT_005490,US
PAT_005491,GB
PAT_005492,GB
PAT_005493,PK
PAT_005494,NG
PAT_005495,US
PAT_005496,GB
PAT_005497,GB
PAT_005498,SA
PAT_005499,BD
PAT_005500,BD
PAT_005501,GB
PAT_005502,NG
PAT_005503,US
PAT_005504,GB
PAT_005505,GB
PAT_005506,RU
PAT_005507,DE
PAT_005508,RU
PAT_005509,GB
PAT_005510,GB
PAT_005511,NG
PAT_005512,US
PAT_005513,PK
PAT_005514,US
PAT_005515,BD
PAT_005516,GB
PAT_005517,RU
PAT_005518,AU
PAT_005519,BD
PAT_005520,KE
PAT_005521,SA
PAT_005522,DE
PAT_005523,SA
PAT_005524,GB
PAT_005525,AU
PAT_005526,RU
PAT_005527,US
PAT_005528,KE
PAT_005529,KE
PAT_005530,SA
PAT_005531,US
PAT_005532,GB
PAT_005533,RU
PAT_005534,US
PAT_005535,PK
PAT_005536,GB
PAT_005537,KE
PAT_005538,KE
PAT_005539,GB
PAT_005540,NG
PAT_005541,NG
PAT_005542,US
PAT_005543,RU
PAT_005544,GB
PAT_005545,SA
PAT_005546,US
PAT_005547,US
PAT_005548,PK
PAT_005549,NG
PAT_005550,BD
PAT_005551,AU
PAT_005552,KE
PAT_005553,BD
PAT_005554,AU
PAT_005555,RU
PAT_005556,GB
PAT_005557,GB
PAT_005558,AU
PAT_005559,DE
PAT_005560,AU
PAT_005561,US
PAT_005562,GB
PAT_005563,AU
PAT_005564,US
PAT_005565,SA
PAT_005566,NG
PAT_005567,US
PAT_005568,PK
PAT_005569,US
PAT_005570,US
PAT_005571,RU
PAT_005572,BD
PAT_005573,GB
PAT_005574,DE
PAT_005575,DE
PAT_005576,BD
PAT_005577,AU
PAT_005578,US
PAT_005579,US
PAT_005580,GB
PAT_005581,GB
PAT_005582,US
PAT_005583,NG
PAT_005584,SA
PAT_005585,NG
PAT_005586,AU
PAT_005587,US
PAT_005588,RU
PAT_005589,US
PAT_005590,GB
PAT_005591,PK
PAT_005592,AU
PAT_005593,PK
PAT_005594,DE
PAT_005595,BD
PAT_005596,AU
PAT_005597,KE
PAT_005598,DE
PAT_005599,DE
PAT_005600,DE
PAT_005601,GB
PAT_005602,NG
PAT_005603,DE
PAT_005604,NG
PAT_005605,GB
PAT_005606,PK
PAT_005607,SA
PAT_005608,DE
PAT_005609,RU
PAT_005610,NG
PAT_005611,SA
PAT_005612,PK
PAT_005613,AU
PAT_005614,SA
PAT_005615,US
PAT_005616,SA
PAT_005617,GB
PAT_005618,RU
PAT_005619,BD
PAT_005620,PK
PAT_005621,DE
PAT_005622,GB
PAT_005623,AU
PAT_005624,US
PAT_005625,AU
PAT_005626,US
PAT_005627,GB
PAT_005628,SA
PAT_005629,BD
PAT_005630,DE
PAT_005631,SA
PAT_005632,AU
PAT_005633,RU
PAT_005634,SA
PAT_005635,SA
PAT_005636,SA
PAT_005637,NG
PAT_005638,DE
PAT_005639,US
PAT_005640,RU
PAT_005641,DE
PAT_005642,GB
PAT_005643,BD
PAT_005644,SA
PAT_005645,GB
PAT_005646,BD
PAT_005647,GB
PAT_005648,SA
PAT_005649,US
PAT_005650,DE
PAT_005651,RU
PAT_005652,GB
PAT_005653,DE
PAT_005654,GB
PAT_005655,SA
PAT_005656,GB
PAT_005657,KE
PAT_005658,RU
PAT_005659,GB
PAT_005660,PK
PAT_005661,GB
PAT_005662,AU
PAT_005663,US
PAT_005664,DE
PAT_005665,PK
PAT_005666,SA
PAT_005667,US
PAT_005668,US
PAT_005669,US
PAT_005670,RU
PAT_005671,DE
PAT_005672,BD
PAT_005673,DE
PAT_005674,BD
PAT_005675,AU
PAT_005676,GB
PAT_005677,PK
PAT_005678,GB
PAT_005679,GB
PAT_005680,US
PAT_005681,AU
PAT_005682,RU
PAT_005683,SA
PAT_005684,GB
PAT_005685,GB
PAT_005686,GB
PAT_005687,GB
PAT_005688,SA
PAT_005689,US
PAT_005690,US
PAT_005691,GB
PAT_005692,GB
PAT_005693,SA
PAT_005694,AU
PAT_005695,DE
PAT_005696,US
PAT_005697,GB
PAT_005698,US
PAT_005699,US
PAT_005700,US
PAT_005701,US
PAT_005702,US
PAT_005703,AU
PAT_005704,GB
PAT_005705,SA
PAT_005706,BD
PAT_005707,GB
PAT_005708,PK
PAT_005709,US
PAT_005710,DE
PAT_005711,US
PAT_005712,BD
PAT_005713,AU
PAT_005714,BD
PAT_005715,AU
PAT_005716,GB
PAT_005717,US
PAT_005718,US
PAT_005719,GB
PAT_005720,BD
PAT_005721,GB
PAT_005722,NG
PAT_005723,GB
PAT_005724,SA
PAT_005725,GB
PAT_005726,NG
PAT_005727,SA
PAT_005728,SA
PAT_005729,US
PAT_005730,KE
PAT_005731,DE
PAT_005732,PK
PAT_005733,DE
PAT_005734,KE
PAT_005735,GB
PAT_005736,BD
PAT_005737,KE
PAT_005738,PK
PAT_005739,AU
PAT_005740,AU
PAT_005741,BD
PAT_005742,BD
PAT_005743,RU
PAT_005744,RU
PAT_005745,US
PAT_005746,GB
PAT_005747,KE
PAT_005748,DE
PAT_005749,BD
PAT_005750,SA
PAT_005751,DE
PAT_005752,DE
PAT_005753,US
PAT_005754,RU
PAT_005755,DE
PAT_005756,NG
PAT_005757,GB
PAT_005758,NG
PAT_005759,PK
PAT_005760,DE
PAT_005761,GB
PAT_005762,NG
PAT_005763,GB
PAT_005764,GB
PAT_005765,NG
PAT_005766,US
PAT_005767,GB
PAT_005768,DE
PAT_005769,GB
PAT_005770,US
PAT_005771,BD
PAT_005772,SA
PAT_005773,US
PAT_005774,US
PAT_005775,RU
PAT_005776,NG
PAT_005777,US
PAT_005778,PK
PAT_005779,SA
PAT_005780,NG
PAT_005781,AU
PAT_005782,GB
PAT_005783,AU
PAT_005784,NG
PAT_005785,US
PAT_005786,US
PAT_005787,US
PAT_005788,BD
PAT_005789,RU
PAT_005790,US
PAT_005791,US
PAT_005792,GB
PAT_005793,NG
PAT_005794,PK
PAT_005795,SA
PAT_005796,AU
PAT_005797,GB
PAT_005798,AU
PAT_005799,DE
PAT_005800,US
PAT_005801,GB
PAT_005802,US
PAT_005803,AU
PAT_005804,BD
PAT_005805,RU
PAT_005806,GB
PAT_005807,US
PAT_005808,US
PAT_005809,GB
PAT_005810,RU
PAT_005811,PK
PAT_005812,GB
PAT_005813,DE
PAT_005814,KE
PAT_005815,NG
PAT_005816,US
PAT_005817,GB
PAT_005818,AU
PAT_005819,KE
PAT_005820,GB
PAT_005821,GB
PAT_005822,DE
PAT_005823,BD
PAT_005824,BD
PAT_005825,GB
PAT_005826,NG
PAT_005827,PK
PAT_005828,DE
PAT_005829,AU
PAT_005830,AU
PAT_005831,DE
PAT_005832,SA
PAT_005833,GB
PAT_005834,SA
PAT_005835,US
PAT_005836,DE
PAT_005837,AU
PAT_005838,PK
PAT_005839,SA
PAT_005840,SA
PAT_005841,AU
PAT_005842,NG
PAT_005843,AU
PAT_005844,US
PAT_005845,US
PAT_005846,NG
PAT_005847,BD
PAT_005848,GB
PAT_005849,PK
PAT_005850,GB
PAT_005851,AU
PAT_005852,US
PAT_005853,BD
PAT_005854,US
PAT_005855,DE
PAT_005856,NG
PAT_005857,DE
PAT_005858,BD
PAT_005859,BD
PAT_005860,GB
PAT_005861,GB
PAT_005862,BD
PAT_005863,RU
PAT_005864,PK
PAT_005865,GB
PAT_005866,US
PAT_005867,US
PAT_005868,KE
PAT_005869,AU
PAT_005870,BD
PAT_005871,DE
PAT_005872,BD
PAT_005873,BD
PAT_005874,RU
PAT_005875,BD
PAT_005876,GB
PAT_005877,US
PAT_005878,DE
PAT_005879,US
PAT_005880,PK
PAT_005881,GB
PAT_005882,NG
PAT_005883,US
PAT_005884,GB
PAT_005885,SA
PAT_005886,GB
PAT_005887,NG
PAT_005888,PK
PAT_005889,RU
PAT_005890,NG
PAT_005891,GB
PAT_005892,KE
PAT_005893,DE
PAT_005894,US
PAT_005895,US
PAT_005896,US
PAT_005897,PK
PAT_005898,NG
PAT_005899,BD
PAT_005900,PK
PAT_005901,AU
PAT_005902,SA
PAT_005903,US
PAT_005904,DE
PAT_005905,AU
PAT_005906,NG
PAT_005907,NG
PAT_005908,RU
PAT_005909,SA
PAT_005910,GB
PAT_005911,KE
PAT_005912,AU
PAT_005913,NG
PAT_005914,US
PAT_005915,KE
PAT_005916,AU
PAT_005917,PK
PAT_005918,US
PAT_005919,RU
PAT_005920,GB
PAT_005921,US
PAT_005922,SA
PAT_005923,DE
PAT_005924,US
PAT_005925,BD
PAT_005926,RU
PAT_005927,PK
PAT_005928,GB
PAT_005929,RU
PAT_005930,NG
PAT_005931,KE
PAT_005932,GB
PAT_005933,KE
PAT_005934,RU
PAT_005935,PK
PAT_005936,PK
PAT_005937,DE
PAT_005938,PK
PAT_005939,DE
PAT_005940,AU
PAT_005941,KE
PAT_005942,GB
PAT_005943,NG
PAT_005944,SA
PAT_005945,SA
PAT_005946,BD
PAT_005947,SA
PAT_005948,DE
PAT_005949,GB
PAT_005950,RU
PAT_005951,SA
PAT_005952,GB
PAT_005953,US
PAT_005954,BD
PAT_005955,DE
PAT_005956,AU
PAT_005957,US
PAT_005958,PK
PAT_005959,AU
PAT_005960,BD
PAT_005961,RU
PAT_005962,PK
PAT_005963,KE
PAT_005964,BD
PAT_005965,NG
PAT_005966,GB
PAT_005967,KE
PAT_005968,DE
PAT_005969,BD
PAT_005970,NG
PAT_005971,US
PAT_005972,US
PAT_005973,SA
PAT_005974,GB
PAT_005975,PK
PAT_005976,GB
PAT_005977,GB
PAT_005978,US
PAT_005979,DE
PAT_005980,PK
PAT_005981,RU
PAT_005982,US
PAT_005983,GB
PAT_005984,SA
PAT_005985,US
PAT_005986,NG
PAT_005987,RU
PAT_005988,AU
PAT_005989,GB
PAT_005990,US
PAT_005991,PK
PAT_005992,US
PAT_005993,RU
PAT_005994,GB
PAT_005995,PK
PAT_005996,DE
PAT_005997,DE
PAT_005998,GB
PAT_005999,US
PAT_006000,AU
PAT_006001,US
PAT_006002,BD
PAT_006003,PK
PAT_006004,DE
PAT_006005,US
PAT_006006,GB
PAT_006007,SA
PAT_006008,GB
PAT_006009,SA
PAT_006010,GB
PAT_006011,US
PAT_006012,SA
PAT_006013,GB
PAT_006014,US
PAT_006015,BD
PAT_006016,SA
PAT_006017,GB
PAT_006018,AU
PAT_006019,NG
PAT_006020,US
PAT_006021,US
PAT_006022,DE
PAT_006023,BD
PAT_006024,AU
PAT_006025,DE
PAT_006026,GB
PAT_006027,PK
PAT_006028,RU
PAT_006029,GB
PAT_006030,RU
PAT_006031,GB
PAT_006032,DE
PAT_006033,AU
PAT_006034,DE
PAT_006035,US
PAT_006036,DE
PAT_006037,GB
PAT_006038,SA
PAT_006039,KE
PAT_006040,US
PAT_006041,AU
PAT_006042,RU
PAT_006043,SA
PAT_006044,GB
PAT_006045,AU
PAT_006046,US
PAT_006047,US
PAT_006048,AU
PAT_006049,GB
PAT_006050,GB
PAT_006051,NG
PAT_006052,AU
PAT_006053,DE
PAT_006054,GB
PAT_006055,AU
PAT_006056,US
PAT_006057,AU
PAT_006058,PK
PAT_006059,RU
PAT_006060,SA
PAT_006061,US
PAT_006062,US
PAT_006063,BD
PAT_006064,NG
PAT_006065,GB
PAT_006066,DE
PAT_006067,AU
PAT_006068,BD
PAT_006069,BD
PAT_006070,GB
PAT_006071,DE
PAT_006072,GB
PAT_006073,NG
PAT_006074,GB
PAT_006075,GB
PAT_006076,US
PAT_006077,PK
PAT_006078,BD
PAT_006079,SA
PAT_006080,US
PAT_006081,GB
PAT_006082,NG
PAT_006083,BD
PAT_006084,US
PAT_006085,GB
PAT_006086,BD
PAT_006087,AU
PAT_006088,RU
PAT_006089,PK
PAT_006090,PK
PAT_006091,BD
PAT_006092,DE
PAT_006093,US
PAT_006094,AU
PAT_006095,US
PAT_006096,GB
PAT_006097,NG
PAT_006098,NG
PAT_006099,AU
PAT_006100,US
PAT_006101,US
PAT_006102,US
PAT_006103,PK
PAT_006104,BD
PAT_006105,GB
PAT_006106,US
PAT_006107,US
PAT_006108,KE
PAT_006109,GB
PAT_006110,AU
PAT_006111,GB
PAT_006112,US
PAT_006113,BD
PAT_006114,GB
PAT_006115,PK
PAT_006116,BD
PAT_006117,BD
PAT_006118,RU
PAT_006119,NG
PAT_006120,GB
PAT_006121,DE
PAT_006122,US
PAT_006123,NG
PAT_006124,PK
PAT_006125,AU
PAT_006126,KE
PAT_006127,GB
PAT_006128,NG
PAT_006129,NG
PAT_006130,RU
PAT_006131,KE
PAT_006132,US
PAT_006133,US
PAT_006134,US
PAT_006135,BD
PAT_006136,AU
PAT_006137,US
PAT_006138,GB
PAT_006139,RU
PAT_006140,GB
PAT_006141,NG
PAT_006142,NG
PAT_006143,GB
PAT_006144,KE
PAT_006145,US
PAT_006146,GB
PAT_006147,DE
PAT_006148,GB
PAT_006149,PK
PAT_006150,SA
PAT_006151,DE
PAT_006152,GB
PAT_006153,PK
PAT_006154,PK
PAT_006155,US
PAT_006156,US
PAT_006157,NG
PAT_006158,US
PAT_006159,RU
PAT_006160,RU
PAT_006161,DE
PAT_006162,NG
PAT_006163,DE
PAT_006164,GB
PAT_006165,US
PAT_006166,US
PAT_006167,RU
PAT_006168,GB
PAT_006169,US
PAT_006170,US
PAT_006171,BD
PAT_006172,GB
PAT_006173,KE
PAT_006174,US
PAT_006175,PK
PAT_006176,US
PAT_006177,KE
PAT_006178,GB
PAT_006179,PK
PAT_006180,BD
PAT_006181,GB
PAT_006182,GB
PAT_006183,PK
PAT_006184,GB
PAT_006185,SA
PAT_006186,BD
PAT_006187,GB
PAT_006188,GB
PAT_006189,AU
PAT_006190,US
PAT_006191,NG
PAT_006192,DE
PAT_006193,NG
PAT_006194,BD
PAT_006195,BD
PAT_006196,SA
PAT_006197,DE
PAT_006198,GB
PAT_006199,RU
PAT_006200,GB
PAT_006201,AU
PAT_006202,GB
PAT_006203,PK
PAT_006204,US
PAT_006205,NG
PAT_006206,DE
PAT_006207,US
PAT_006208,GB
PAT_006209,NG
PAT_006210,GB
PAT_006211,SA
PAT_006212,DE
PAT_006213,US
PAT_006214,US
PAT_006215,KE
PAT_006216,GB
PAT_006217,SA
PAT_006218,SA
PAT_006219,KE
PAT_006220,AU
PAT_006221,NG
PAT_006222,SA
PAT_006223,NG
PAT_006224,SA
PAT_006225,US
PAT_006226,RU
PAT_006227,DE
PAT_006228,SA
PAT_006229,BD
PAT_006230,AU
PAT_006231,US
PAT_006232,BD
PAT_006233,DE
PAT_006234,BD
PAT_006235,BD
PAT_006236,RU
PAT_006237,GB
PAT_006238,KE
PAT_006239,AU
PAT_006240,PK
PAT_006241,KE
PAT_006242,AU
PAT_006243,RU
PAT_006244,US
PAT_006245,SA
PAT_006246,AU
PAT_006247,US
PAT_006248,US
PAT_006249,PK
PAT_006250,AU
PAT_006251,DE
PAT_006252,DE
PAT_006253,US
PAT_006254,DE
PAT_006255,DE
PAT_006256,US
PAT_006257,SA
PAT_006258,RU
PAT_006259,US
PAT_006260,DE
PAT_006261,RU
PAT_006262,KE
PAT_006263,KE
PAT_006264,GB
PAT_006265,BD
PAT_006266,GB
PAT_006267,US
PAT_006268,US
PAT_006269,GB
PAT_006270,GB
PAT_006271,US
PAT_006272,BD
PAT_006273,PK
PAT_006274,US
PAT_006275,PK
PAT_006276,AU
PAT_006277,GB
PAT_006278,US
PAT_006279,AU
PAT_006280,NG
PAT_006281,RU
PAT_006282,RU
PAT_006283,AU
PAT_006284,SA
PAT_006285,US
PAT_006286,US
PAT_006287,PK
PAT_006288,PK
PAT_006289,US
PAT_006290,GB
PAT_006291,GB
PAT_006292,GB
PAT_006293,NG
PAT_006294,AU
PAT_006295,GB
PAT_006296,BD
PAT_006297,GB
PAT_006298,GB
PAT_006299,DE
PAT_006300,US
PAT_006301,GB
PAT_006302,SA
PAT_006303,PK
PAT_006304,BD
PAT_006305,GB
PAT_006306,RU
PAT_006307,NG
PAT_006308,GB
PAT_006309,NG
PAT_006310,NG
PAT_006311,NG
PAT_006312,GB
PAT_006313,DE
PAT_006314,PK
PAT_006315,RU
PAT_006316,US
PAT_006317,AU
PAT_006318,GB
PAT_006319,RU
PAT_006320,GB
PAT_006321,RU
PAT_006322,RU
PAT_006323,NG
PAT_006324,GB
PAT_006325,AU
PAT_006326,AU
PAT_006327,BD
PAT_006328,US
PAT_006329,BD
PAT_006330,NG
PAT_006331,NG
PAT_006332,AU
PAT_006333,BD
PAT_006334,PK
PAT_006335,AU
PAT_006336,GB
PAT_006337,KE
PAT_006338,SA
PAT_006339,NG
PAT_006340,PK
PAT_006341,US
PAT_006342,SA
PAT_006343,US
PAT_006344,DE
PAT_006345,SA
PAT_006346,US
PAT_006347,AU
PAT_006348,AU
PAT_006349,AU
PAT_006350,SA
PAT_006351,DE
PAT_006352,DE
PAT_006353,US
PAT_006354,US
PAT_006355,US
PAT_006356,SA
PAT_006357,NG
PAT_006358,AU
PAT_006359,BD
PAT_006360,US
PAT_006361,BD
PAT_006362,NG
PAT_006363,GB
PAT_006364,US
PAT_006365,US
PAT_006366,NG
PAT_006367,GB
PAT_006368,SA
PAT_006369,SA
PAT_006370,SA
PAT_006371,NG
PAT_006372,PK
PAT_006373,RU
PAT_006374,DE
PAT_006375,US
PAT_006376,US
PAT_006377,GB
PAT_006378,AU
PAT_006379,US
PAT_006380,DE
PAT_006381,RU
PAT_006382,SA
PAT_006383,BD
PAT_006384,NG
PAT_006385,GB
PAT_006386,BD
PAT_006387,BD
PAT_006388,DE
PAT_006389,US
PAT_006390,AU
PAT_006391,GB
PAT_006392,US
PAT_006393,US
PAT_006394,US
PAT_006395,DE
PAT_006396,AU
PAT_006397,AU
PAT_006398,US
PAT_006399,AU
PAT_006400,DE
PAT_006401,KE
PAT_006402,GB
PAT_006403,DE
PAT_006404,GB
PAT_006405,US
PAT_006406,RU
PAT_006407,GB
PAT_006408,DE
PAT_006409,RU
PAT_006410,PK
PAT_006411,PK
PAT_006412,DE
PAT_006413,GB
PAT_006414,US
PAT_006415,US
PAT_006416,GB
PAT_006417,US
PAT_006418,GB
PAT_006419,DE
PAT_006420,KE
PAT_006421,US
PAT_006422,US
PAT_006423,RU
PAT_006424,GB
PAT_006425,PK
PAT_006426,GB
PAT_006427,US
PAT_006428,NG
PAT_006429,GB
PAT_006430,US
PAT_006431,GB
PAT_006432,BD
PAT_006433,KE
PAT_006434,BD
PAT_006435,SA
PAT_006436,US
PAT_006437,GB
PAT_006438,US
PAT_006439,US
PAT_006440,GB
PAT_006441,PK
PAT_006442,PK
PAT_006443,RU
PAT_006444,AU
PAT_006445,BD
PAT_006446,RU
PAT_006447,GB
PAT_006448,DE
PAT_006449,BD
PAT_006450,US
PAT_006451,PK
PAT_006452,DE
PAT_006453,US
PAT_006454,AU
PAT_006455,GB
PAT_006456,KE
PAT_006457,US
PAT_006458,SA
PAT_006459,PK
PAT_006460,US
PAT_006461,KE
PAT_006462,GB
PAT_006463,US
PAT_006464,SA
PAT_006465,KE
PAT_006466,NG
PAT_006467,US
PAT_006468,US
PAT_006469,RU
PAT_006470,GB
PAT_006471,GB
PAT_006472,DE
PAT_006473,DE
PAT_006474,US
PAT_006475,DE
PAT_006476,AU
PAT_006477,US
PAT_006478,GB
PAT_006479,DE
PAT_006480,RU
PAT_006481,GB
PAT_006482,GB
PAT_006483,PK
PAT_006484,BD
PAT_006485,PK
PAT_006486,DE
PAT_006487,KE
PAT_006488,US
PAT_006489,RU
PAT_006490,PK
PAT_006491,NG
PAT_006492,NG
PAT_006493,SA
PAT_006494,NG
PAT_006495,NG
PAT_006496,DE
PAT_006497,RU
PAT_006498,SA
PAT_006499,SA
PAT_006500,AU
PAT_006501,US
PAT_006502,AU
PAT_006503,NG
PAT_006504,GB
PAT_006505,US
PAT_006506,BD
PAT_006507,RU
PAT_006508,KE
PAT_006509,SA
PAT_006510,BD
PAT_006511,SA
PAT_006512,US
PAT_006513,US
PAT_006514,GB
PAT_006515,US
PAT_006516,AU
PAT_006517,AU
PAT_006518,KE
PAT_006519,GB
PAT_006520,DE
PAT_006521,KE
PAT_006522,DE
PAT_006523,GB
PAT_006524,GB
PAT_006525,DE
PAT_006526,SA
PAT_006527,SA
PAT_006528,SA
PAT_006529,RU
PAT_006530,KE
PAT_006531,US
PAT_006532,US
PAT_006533,GB
PAT_006534,GB
PAT_006535,SA
PAT_006536,BD
PAT_006537,GB
PAT_006538,PK
PAT_006539,US
PAT_006540,US
PAT_006541,SA
PAT_006542,GB
PAT_006543,AU
PAT_006544,SA
PAT_006545,AU
PAT_006546,DE
PAT_006547,BD
PAT_006548,SA
PAT_006549,US
PAT_006550,NG
PAT_006551,PK
PAT_006552,DE
PAT_006553,US
PAT_006554,DE
PAT_006555,SA
PAT_006556,PK
PAT_006557,DE
PAT_006558,US
PAT_006559,BD
PAT_006560,US
PAT_006561,GB
PAT_006562,PK
PAT_006563,NG
PAT_006564,NG
PAT_006565,BD
PAT_006566,US
PAT_006567,PK
PAT_006568,US
PAT_006569,RU
PAT_006570,RU
PAT_006571,GB
PAT_006572,GB
PAT_006573,US
PAT_006574,AU
PAT_006575,GB
PAT_006576,RU
PAT_006577,GB
PAT_006578,GB
PAT_006579,KE
PAT_006580,GB
PAT_006581,AU
PAT_006582,NG
PAT_006583,DE
PAT_006584,SA
PAT_006585,GB
PAT_006586,PK
PAT_006587,GB
PAT_006588,PK
PAT_006589,US
PAT_006590,AU
PAT_006591,RU
PAT_006592,PK
PAT_006593,GB
PAT_006594,US
PAT_006595,GB
PAT_006596,US
PAT_006597,BD
PAT_006598,GB
PAT_006599,AU
PAT_006600,DE
PAT_006601,US
PAT_006602,US
PAT_006603,AU
PAT_006604,BD
PAT_006605,SA
PAT_006606,SA
PAT_006607,SA
PAT_006608,SA
PAT_006609,US
PAT_006610,NG
PAT_006611,GB
PAT_006612,GB
PAT_006613,US
PAT_006614,AU
PAT_006615,RU
PAT_006616,NG
PAT_006617,PK
PAT_006618,US
PAT_006619,SA
PAT_006620,BD
PAT_006621,SA
PAT_006622,SA
PAT_006623,RU
PAT_006624,AU
PAT_006625,US
PAT_006626,AU
PAT_006627,KE
PAT_006628,US
PAT_006629,NG
PAT_006630,US
PAT_006631,US
PAT_006632,US
PAT_006633,US
PAT_006634,BD
PAT_006635,AU
PAT_006636,SA
PAT_006637,NG
PAT_006638,BD
PAT_006639,DE
PAT_006640,PK
PAT_006641,NG
PAT_006642,US
PAT_006643,US
PAT_006644,DE
PAT_006645,KE
PAT_006646,GB
PAT_006647,US
PAT_006648,BD
PAT_006649,US
PAT_006650,US
PAT_006651,DE
PAT_006652,SA
PAT_006653,US
PAT_006654,AU
PAT_006655,US
PAT_006656,AU
PAT_006657,AU
PAT_006658,SA
PAT_006659,GB
PAT_006660,KE
PAT_006661,DE
PAT_006662,NG
PAT_006663,US
PAT_006664,PK
PAT_006665,PK
PAT_006666,DE
PAT_006667,BD
PAT_006668,US
PAT_006669,BD
PAT_006670,US
PAT_006671,DE
PAT_006672,US
PAT_006673,BD
PAT_006674,US
PAT_006675,AU
PAT_006676,AU
PAT_006677,GB
PAT_006678,NG
PAT_006679,US
PAT_006680,DE
PAT_006681,US
PAT_006682,GB
PAT_006683,NG
PAT_006684,US
PAT_006685,US
PAT_006686,RU
PAT_006687,GB
PAT_006688,US
PAT_006689,GB
PAT_006690,DE
PAT_006691,PK
PAT_006692,GB
PAT_006693,BD
PAT_006694,SA
PAT_006695,BD
PAT_006696,KE
PAT_006697,KE
PAT_006698,PK
PAT_006699,GB
PAT_006700,DE
PAT_006701,SA
PAT_006702,NG
PAT_006703,AU
PAT_006704,KE
PAT_006705,BD
PAT_006706,US
PAT_006707,NG
PAT_006708,GB
PAT_006709,NG
PAT_006710,US
PAT_006711,US
PAT_006712,PK
PAT_006713,BD
PAT_006714,NG
PAT_006715,DE
PAT_006716,SA
PAT_006717,US
PAT_006718,BD
PAT_006719,US
PAT_006720,RU
PAT_006721,BD
PAT_006722,US
PAT_006723,AU
PAT_006724,US
PAT_006725,AU
PAT_006726,DE
PAT_006727,SA
PAT_006728,US
PAT_006729,GB
PAT_006730,US
PAT_006731,DE
PAT_006732,US
PAT_006733,US
PAT_006734,KE
PAT_006735,DE
PAT_006736,AU
PAT_006737,US
PAT_006738,BD
PAT_006739,SA
PAT_006740,US
PAT_006741,GB
PAT_006742,SA
PAT_006743,GB
PAT_006744,GB
PAT_006745,AU
PAT_006746,US
PAT_006747,AU
PAT_006748,AU
PAT_006749,KE
PAT_006750,SA
PAT_006751,KE
PAT_006752,GB
PAT_006753,PK
PAT_006754,DE
PAT_006755,SA
PAT_006756,US
PAT_006757,SA
PAT_006758,US
PAT_006759,SA
PAT_006760,BD
PAT_006761,GB
PAT_006762,BD
PAT_006763,GB
PAT_006764,BD
PAT_006765,AU
PAT_006766,BD
PAT_006767,DE
PAT_006768,GB
PAT_006769,GB
PAT_006770,BD
PAT_006771,NG
PAT_006772,US
PAT_006773,GB
PAT_006774,US
PAT_006775,KE
PAT_006776,BD
PAT_006777,BD
PAT_006778,SA
PAT_006779,US
PAT_006780,US
PAT_006781,GB
PAT_006782,DE
PAT_006783,NG
PAT_006784,AU
PAT_006785,GB
PAT_006786,US
PAT_006787,DE
PAT_006788,GB
PAT_006789,SA
PAT_006790,AU
PAT_006791,KE
PAT_006792,AU
PAT_006793,SA
PAT_006794,AU
PAT_006795,SA
PAT_006796,BD
PAT_006797,PK
PAT_006798,KE
PAT_006799,GB
PAT_006800,BD
PAT_006801,DE
PAT_006802,SA
PAT_006803,RU
PAT_006804,SA
PAT_006805,GB
PAT_006806,BD
PAT_006807,NG
PAT_006808,US
PAT_006809,GB
PAT_006810,KE
PAT_006811,GB
PAT_006812,PK
PAT_006813,AU
PAT_006814,BD
PAT_006815,NG
PAT_006816,BD
PAT_006817,SA
PAT_006818,US
PAT_006819,AU
PAT_006820,BD
PAT_006821,BD
PAT_006822,PK
PAT_006823,GB
PAT_006824,US
PAT_006825,US
PAT_006826,RU
PAT_006827,AU
PAT_006828,US
PAT_006829,RU
PAT_006830,AU
PAT_006831,KE
PAT_006832,DE
PAT_006833,BD
PAT_006834,SA
PAT_006835,BD
PAT_006836,PK
PAT_006837,PK
PAT_006838,BD
PAT_006839,NG
PAT_006840,NG
PAT_006841,DE
PAT_006842,DE
PAT_006843,RU
PAT_006844,GB
PAT_006845,GB
PAT_006846,US
PAT_006847,RU
PAT_006848,SA
PAT_006849,RU
PAT_006850,RU
PAT_006851,US
PAT_006852,US
PAT_006853,GB
PAT_006854,US
PAT_006855,AU
PAT_006856,NG
PAT_006857,US
PAT_006858,KE
PAT_006859,US
PAT_006860,PK
PAT_006861,SA
PAT_006862,GB
PAT_006863,NG
PAT_006864,AU
PAT_006865,GB
PAT_006866,BD
PAT_006867,US
PAT_006868,PK
PAT_006869,AU
PAT_006870,US
PAT_006871,DE
PAT_006872,NG
PAT_006873,RU
PAT_006874,SA
PAT_006875,GB
PAT_006876,NG
PAT_006877,US
PAT_006878,PK
PAT_006879,US
PAT_006880,KE
PAT_006881,SA
PAT_006882,RU
PAT_006883,BD
PAT_006884,NG
PAT_006885,US
PAT_006886,DE
PAT_006887,GB
PAT_006888,US
PAT_006889,GB
PAT_006890,SA
PAT_006891,NG
PAT_006892,GB
PAT_006893,US
PAT_006894,AU
PAT_006895,KE
PAT_006896,US
PAT_006897,DE
PAT_006898,DE
PAT_006899,GB
PAT_006900,US
PAT_006901,PK
PAT_006902,DE
PAT_006903,GB
PAT_006904,GB
PAT_006905,RU
PAT_006906,PK
PAT_006907,DE
PAT_006908,RU
PAT_006909,US
PAT_006910,NG
PAT_006911,US
PAT_006912,BD
PAT_006913,BD
PAT_006914,AU
PAT_006915,RU
PAT_006916,BD
PAT_006917,US
PAT_006918,NG
PAT_006919,NG
PAT_006920,US
PAT_006921,AU
PAT_006922,DE
PAT_006923,RU
PAT_006924,US
PAT_006925,RU
PAT_006926,RU
PAT_006927,GB
PAT_006928,US
PAT_006929,BD
PAT_006930,US
PAT_006931,BD
PAT_006932,AU
PAT_006933,GB
PAT_006934,AU
PAT_006935,NG
PAT_006936,RU
PAT_006937,PK
PAT_006938,AU
PAT_006939,BD
PAT_006940,GB
PAT_006941,BD
PAT_006942,RU
PAT_006943,RU
PAT_006944,AU
PAT_006945,RU
PAT_006946,AU
PAT_006947,KE
PAT_006948,DE
PAT_006949,US
PAT_006950,US
PAT_006951,GB
PAT_006952,KE
PAT_006953,US
PAT_006954,US
PAT_006955,SA
PAT_006956,NG
PAT_006957,AU
PAT_006958,US
PAT_006959,SA
PAT_006960,GB
PAT_006961,US
PAT_006962,DE
PAT_006963,GB
PAT_006964,RU
PAT_006965,AU
PAT_006966,DE
PAT_006967,GB
PAT_006968,PK
PAT_006969,PK
PAT_006970,PK
PAT_006971,BD
PAT_006972,AU
PAT_006973,US
PAT_006974,GB
PAT_006975,GB
PAT_006976,RU
PAT_006977,BD
PAT_006978,DE
PAT_006979,GB
PAT_006980,RU
PAT_006981,AU
PAT_006982,DE
PAT_006983,NG
PAT_006984,PK
PAT_006985,NG
PAT_006986,KE
PAT_006987,DE
PAT_006988,DE
PAT_006989,RU
PAT_006990,AU
PAT_006991,US
PAT_006992,DE
PAT_006993,PK
PAT_006994,GB
PAT_006995,RU
PAT_006996,GB
PAT_006997,GB
PAT_006998,GB
PAT_006999,US
PAT_007000,BD
PAT_007001,AU
PAT_007002,GB
PAT_007003,PK
PAT_007004,DE
PAT_007005,NG
PAT_007006,BD
PAT_007007,US
PAT_007008,AU
PAT_007009,PK
PAT_007010,PK
PAT_007011,PK
PAT_007012,US
PAT_007013,AU
PAT_007014,GB
PAT_007015,AU
PAT_007016,BD
PAT_007017,GB
PAT_007018,AU
PAT_007019,US
PAT_007020,RU
PAT_007021,AU
PAT_007022,GB
PAT_007023,NG
PAT_007024,GB
PAT_007025,AU
PAT_007026,DE
PAT_007027,BD
PAT_007028,NG
PAT_007029,PK
PAT_007030,KE
PAT_007031,SA
PAT_007032,PK
PAT_007033,DE
PAT_007034,BD
PAT_007035,US
PAT_007036,SA
PAT_007037,US
PAT_007038,US
PAT_007039,NG
PAT_007040,RU
PAT_007041,SA
PAT_007042,BD
PAT_007043,AU
PAT_007044,NG
PAT_007045,PK
PAT_007046,GB
PAT_007047,NG
PAT_007048,NG
PAT_007049,SA
PAT_007050,US
PAT_007051,BD
PAT_007052,SA
PAT_007053,AU
PAT_007054,US
PAT_007055,US
PAT_007056,DE
PAT_007057,DE
PAT_007058,US
PAT_007059,BD
PAT_007060,US
PAT_007061,PK
PAT_007062,BD
PAT_007063,BD
PAT_007064,NG
PAT_007065,PK
PAT_007066,AU
PAT_007067,SA
PAT_007068,KE
PAT_007069,GB
PAT_007070,GB
PAT_007071,US
PAT_007072,SA
PAT_007073,SA
PAT_007074,US
PAT_007075,DE
PAT_007076,GB
PAT_007077,BD
PAT_007078,SA
PAT_007079,DE
PAT_007080,GB
PAT_007081,US
PAT_007082,AU
PAT_007083,SA
PAT_007084,PK
PAT_007085,DE
PAT_007086,US
PAT_007087,US
PAT_007088,US
PAT_007089,BD
PAT_007090,KE
PAT_007091,SA
PAT_007092,US
PAT_007093,KE
PAT_007094,BD
PAT_007095,GB
PAT_007096,GB
PAT_007097,NG
PAT_007098,GB
PAT_007099,KE
PAT_007100,AU
PAT_007101,BD
PAT_007102,PK
PAT_007103,BD
PAT_007104,US
PAT_007105,RU
PAT_007106,GB
PAT_007107,BD
PAT_007108,US
PAT_007109,PK
PAT_007110,PK
PAT_007111,GB
PAT_007112,US
PAT_007113,AU
PAT_007114,GB
PAT_007115,US
PAT_007116,KE
PAT_007117,SA
PAT_007118,BD
PAT_007119,AU
PAT_007120,BD
PAT_007121,US
PAT_007122,RU
PAT_007123,US
PAT_007124,KE
PAT_007125,PK
PAT_007126,NG
PAT_007127,KE
PAT_007128,US
PAT_007129,RU
PAT_007130,DE
PAT_007131,NG
PAT_007132,SA
PAT_007133,GB
PAT_007134,SA
PAT_007135,AU
PAT_007136,US
PAT_007137,DE
PAT_007138,RU
PAT_007139,US
PAT_007140,DE
PAT_007141,DE
PAT_007142,US
PAT_007143,US
PAT_007144,RU
PAT_007145,DE
PAT_007146,RU
PAT_007147,US
PAT_007148,US
PAT_007149,AU
PAT_007150,PK
PAT_007151,US
PAT_007152,NG
PAT_007153,SA
PAT_007154,US
PAT_007155,DE
PAT_007156,AU
PAT_007157,US
PAT_007158,SA
PAT_007159,NG
PAT_007160,US
PAT_007161,KE
PAT_007162,GB
PAT_007163,RU
PAT_007164,DE
PAT_007165,US
PAT_007166,GB
PAT_007167,GB
PAT_007168,US
PAT_007169,DE
PAT_007170,DE
PAT_007171,US
PAT_007172,GB
PAT_007173,US
PAT_007174,US
PAT_007175,NG
PAT_007176,SA
PAT_007177,RU
PAT_007178,NG
PAT_007179,AU
PAT_007180,NG
PAT_007181,BD
PAT_007182,PK
PAT_007183,GB
PAT_007184,SA
PAT_007185,SA
PAT_007186,AU
PAT_007187,BD
PAT_007188,SA
PAT_007189,AU
PAT_007190,US
PAT_007191,US
PAT_007192,SA
PAT_007193,US
PAT_007194,RU
PAT_007195,US
PAT_007196,GB
PAT_007197,DE
PAT_007198,RU
PAT_007199,AU
PAT_007200,AU
PAT_007201,GB
PAT_007202,GB
PAT_007203,BD
PAT_007204,AU
PAT_007205,RU
PAT_007206,PK
PAT_007207,GB
PAT_007208,AU
PAT_007209,US
PAT_007210,GB
PAT_007211,US
PAT_007212,SA
PAT_007213,GB
PAT_007214,SA
PAT_007215,DE
PAT_007216,GB
PAT_007217,RU
PAT_007218,AU
PAT_007219,BD
PAT_007220,BD
PAT_007221,PK
PAT_007222,US
PAT_007223,US
PAT_007224,DE
PAT_007225,RU
PAT_007226,RU
PAT_007227,BD
PAT_007228,US
PAT_007229,US
PAT_007230,RU
PAT_007231,DE
PAT_007232,KE
PAT_007233,SA
PAT_007234,KE
PAT_007235,BD
PAT_007236,KE
PAT_007237,US
PAT_007238,SA
PAT_007239,NG
PAT_007240,PK
PAT_007241,BD
PAT_007242,NG
PAT_007243,DE
PAT_007244,BD
PAT_007245,GB
PAT_007246,SA
PAT_007247,PK
PAT_007248,US
PAT_007249,KE
PAT_007250,NG
PAT_007251,DE
PAT_007252,DE
PAT_007253,GB
PAT_007254,US
PAT_007255,RU
PAT_007256,SA
PAT_007257,RU
PAT_007258,PK
PAT_007259,GB
PAT_007260,BD
PAT_007261,PK
PAT_007262,GB
PAT_007263,BD
PAT_007264,SA
PAT_007265,US
PAT_007266,US
PAT_007267,PK
PAT_007268,US
PAT_007269,RU
PAT_007270,GB
PAT_007271,DE
PAT_007272,BD
PAT_007273,AU
PAT_007274,KE
PAT_007275,GB
PAT_007276,GB
PAT_007277,GB
PAT_007278,GB
PAT_007279,SA
PAT_007280,US
PAT_007281,NG
PAT_007282,SA
PAT_007283,KE
PAT_007284,BD
PAT_007285,PK
PAT_007286,US
PAT_007287,BD
PAT_007288,US
PAT_007289,US
PAT_007290,US
PAT_007291,RU
PAT_007292,AU
PAT_007293,US
PAT_007294,US
PAT_007295,GB
PAT_007296,GB
PAT_007297,GB
PAT_007298,US
PAT_007299,RU
PAT_007300,KE
PAT_007301,PK
PAT_007302,NG
PAT_007303,US
PAT_007304,US
PAT_007305,KE
PAT_007306,DE
PAT_007307,GB
PAT_007308,KE
PAT_007309,GB
PAT_007310,US
PAT_007311,SA
PAT_007312,RU
PAT_007313,US
PAT_007314,GB
PAT_007315,BD
PAT_007316,GB
PAT_007317,RU
PAT_007318,SA
PAT_007319,US
PAT_007320,US
PAT_007321,US
PAT_007322,GB
PAT_007323,GB
PAT_007324,DE
PAT_007325,RU
PAT_007326,SA
PAT_007327,PK
PAT_007328,SA
PAT_007329,KE
PAT_007330,KE
PAT_007331,US
PAT_007332,PK
PAT_007333,PK
PAT_007334,PK
PAT_007335,BD
PAT_007336,GB
PAT_007337,US
PAT_007338,DE
PAT_007339,DE
PAT_007340,KE
PAT_007341,PK
PAT_007342,US
PAT_007343,DE
PAT_007344,DE
PAT_007345,US
PAT_007346,GB
PAT_007347,US
PAT_007348,NG
PAT_007349,US
PAT_007350,US
PAT_007351,GB
PAT_007352,GB
PAT_007353,GB
PAT_007354,NG
PAT_007355,US
PAT_007356,US
PAT_007357,US
PAT_007358,NG
PAT_007359,GB
PAT_007360,GB
PAT_007361,RU
PAT_007362,US
PAT_007363,PK
PAT_007364,BD
PAT_007365,BD
PAT_007366,US
PAT_007367,NG
PAT_007368,PK
PAT_007369,AU
PAT_007370,AU
PAT_007371,PK
PAT_007372,KE
PAT_007373,DE
PAT_007374,KE
PAT_007375,NG
PAT_007376,DE
PAT_007377,SA
PAT_007378,DE
PAT_007379,SA
PAT_007380,RU
PAT_007381,GB
PAT_007382,BD
PAT_007383,DE
PAT_007384,DE
PAT_007385,DE
PAT_007386,US
PAT_007387,US
PAT_007388,DE
PAT_007389,DE
PAT_007390,NG
PAT_007391,GB
PAT_007392,SA
PAT_007393,PK
PAT_007394,NG
PAT_007395,AU
PAT_007396,GB
PAT_007397,BD
PAT_007398,GB
PAT_007399,AU
PAT_007400,DE
PAT_007401,PK
PAT_007402,DE
PAT_007403,AU
PAT_007404,BD
PAT_007405,AU
PAT_007406,US
PAT_007407,GB
PAT_007408,US
PAT_007409,AU
PAT_007410,PK
PAT_007411,US
PAT_007412,US
PAT_007413,BD
PAT_007414,PK
PAT_007415,DE
PAT_007416,AU
PAT_007417,GB
PAT_007418,SA
PAT_007419,NG
PAT_007420,AU
PAT_007421,US
PAT_007422,DE
PAT_007423,US
PAT_007424,PK
PAT_007425,AU
PAT_007426,DE
PAT_007427,US
PAT_007428,GB
PAT_007429,DE
PAT_007430,DE
PAT_007431,GB
PAT_007432,AU
PAT_007433,SA
PAT_007434,GB
PAT_007435,NG
PAT_007436,GB
PAT_007437,KE
PAT_007438,BD
PAT_007439,US
PAT_007440,SA
PAT_007441,GB
PAT_007442,DE
PAT_007443,PK
PAT_007444,US
PAT_007445,BD
PAT_007446,BD
PAT_007447,KE
PAT_007448,BD
PAT_007449,AU
PAT_007450,SA
PAT_007451,DE
PAT_007452,BD
PAT_007453,US
PAT_007454,SA
PAT_007455,SA
PAT_007456,PK
PAT_007457,US
PAT_007458,SA
PAT_007459,SA
PAT_007460,GB
PAT_007461,SA
PAT_007462,US
PAT_007463,PK
PAT_007464,GB
PAT_007465,DE
PAT_007466,KE
PAT_007467,NG
PAT_007468,SA
PAT_007469,RU
PAT_007470,DE
PAT_007471,NG
PAT_007472,SA
PAT_007473,KE
PAT_007474,BD
PAT_007475,US
PAT_007476,AU
PAT_007477,NG
PAT_007478,PK
PAT_007479,PK
PAT_007480,BD
PAT_007481,BD
PAT_007482,SA
PAT_007483,NG
PAT_007484,DE
PAT_007485,NG
PAT_007486,NG
PAT_007487,BD
PAT_007488,NG
PAT_007489,US
PAT_007490,AU
PAT_007491,GB
PAT_007492,US
PAT_007493,AU
PAT_007494,AU
PAT_007495,BD
PAT_007496,SA
PAT_007497,GB
PAT_007498,DE
PAT_007499,GB
PAT_007500,DE
PAT_007501,US
PAT_007502,GB
PAT_007503,RU
PAT_007504,KE
PAT_007505,SA
PAT_007506,GB
PAT_007507,SA
PAT_007508,DE
PAT_007509,GB
PAT_007510,PK
PAT_007511,RU
PAT_007512,GB
PAT_007513,DE
PAT_007514,BD
PAT_007515,US
PAT_007516,GB
PAT_007517,SA
PAT_007518,AU
PAT_007519,GB
PAT_007520,NG
PAT_007521,BD
PAT_007522,DE
PAT_007523,NG
PAT_007524,PK
PAT_007525,GB
PAT_007526,NG
PAT_007527,BD
PAT_007528,SA
PAT_007529,AU
PAT_007530,PK
PAT_007531,GB
PAT_007532,AU
PAT_007533,GB
PAT_007534,DE
PAT_007535,NG
PAT_007536,US
PAT_007537,DE
PAT_007538,BD
PAT_007539,BD
PAT_007540,US
PAT_007541,US
PAT_007542,AU
PAT_007543,DE
PAT_007544,PK
PAT_007545,US
PAT_007546,AU
PAT_007547,DE
PAT_007548,PK
PAT_007549,GB
PAT_007550,GB
PAT_007551,SA
PAT_007552,KE
PAT_007553,BD
PAT_007554,US
PAT_007555,SA
PAT_007556,PK
PAT_007557,NG
PAT_007558,RU
PAT_007559,DE
PAT_007560,US
PAT_007561,DE
PAT_007562,PK
PAT_007563,GB
PAT_007564,SA
PAT_007565,SA
PAT_007566,US
PAT_007567,AU
PAT_007568,SA
PAT_007569,KE
PAT_007570,BD
PAT_007571,PK
PAT_007572,US
PAT_007573,RU
PAT_007574,KE
PAT_007575,KE
PAT_007576,PK
PAT_007577,AU
PAT_007578,BD
PAT_007579,US
PAT_007580,SA
PAT_007581,GB
PAT_007582,KE
PAT_007583,US
PAT_007584,GB
PAT_007585,US
PAT_007586,US
PAT_007587,AU
PAT_007588,GB
PAT_007589,SA
PAT_007590,NG
PAT_007591,PK
PAT_007592,NG
PAT_007593,GB
PAT_007594,AU
PAT_007595,AU
PAT_007596,DE
PAT_007597,US
PAT_007598,GB
PAT_007599,RU
PAT_007600,US
PAT_007601,DE
PAT_007602,SA
PAT_007603,GB
PAT_007604,KE
PAT_007605,KE
PAT_007606,GB
PAT_007607,SA
PAT_007608,US
PAT_007609,US
PAT_007610,RU
PAT_007611,NG
PAT_007612,GB
PAT_007613,US
PAT_007614,BD
PAT_007615,RU
PAT_007616,US
PAT_007617,DE
PAT_007618,DE
PAT_007619,GB
PAT_007620,US
PAT_007621,NG
PAT_007622,BD
PAT_007623,AU
PAT_007624,BD
PAT_007625,GB
PAT_007626,AU
PAT_007627,PK
PAT_007628,BD
PAT_007629,KE
PAT_007630,US
PAT_007631,US
PAT_007632,PK
PAT_007633,BD
PAT_007634,GB
PAT_007635,AU
PAT_007636,GB
PAT_007637,US
PAT_007638,BD
PAT_007639,DE
PAT_007640,AU
PAT_007641,GB
PAT_007642,US
PAT_007643,SA
PAT_007644,AU
PAT_007645,DE
PAT_007646,SA
PAT_007647,US
PAT_007648,US
PAT_007649,SA
PAT_007650,US
PAT_007651,GB
PAT_007652,BD
PAT_007653,GB
PAT_007654,KE
PAT_007655,AU
PAT_007656,US
PAT_007657,NG
PAT_007658,RU
PAT_007659,KE
PAT_007660,AU
PAT_007661,NG
PAT_007662,AU
PAT_007663,KE
PAT_007664,US
PAT_007665,US
PAT_007666,US
PAT_007667,DE
PAT_007668,GB
PAT_007669,BD
PAT_007670,SA
PAT_007671,NG
PAT_007672,SA
PAT_007673,SA
PAT_007674,KE
PAT_007675,PK
PAT_007676,US
PAT_007677,BD
PAT_007678,GB
PAT_007679,US
PAT_007680,AU
PAT_007681,NG
PAT_007682,DE
PAT_007683,US
PAT_007684,DE
PAT_007685,US
PAT_007686,AU
PAT_007687,US
PAT_007688,RU
PAT_007689,NG
PAT_007690,KE
PAT_007691,NG
PAT_007692,RU
PAT_007693,US
PAT_007694,SA
PAT_007695,GB
PAT_007696,DE
PAT_007697,SA
PAT_007698,US
PAT_007699,GB
PAT_007700,GB
PAT_007701,US
PAT_007702,AU
PAT_007703,DE
PAT_007704,BD
PAT_007705,US
PAT_007706,BD
PAT_007707,PK
PAT_007708,AU
PAT_007709,US
PAT_007710,PK
PAT_007711,AU
PAT_007712,NG
PAT_007713,DE
PAT_007714,US
PAT_007715,SA
PAT_007716,DE
PAT_007717,GB
PAT_007718,BD
PAT_007719,NG
PAT_007720,BD
PAT_007721,AU
PAT_007722,DE
PAT_007723,US
PAT_007724,US
PAT_007725,SA
PAT_007726,PK
PAT_007727,US
PAT_007728,SA
PAT_007729,DE
PAT_007730,PK
PAT_007731,SA
PAT_007732,PK
PAT_007733,US
PAT_007734,US
PAT_007735,BD
PAT_007736,RU
PAT_007737,GB
PAT_007738,US
PAT_007739,GB
PAT_007740,GB
PAT_007741,AU
PAT_007742,US
PAT_007743,NG
PAT_007744,RU
PAT_007745,AU
PAT_007746,BD
PAT_007747,NG
PAT_007748,RU
PAT_007749,AU
PAT_007750,GB
PAT_007751,US
PAT_007752,US
PAT_007753,NG
PAT_007754,SA
PAT_007755,US
PAT_007756,SA
PAT_007757,KE
PAT_007758,US
PAT_007759,DE
PAT_007760,BD
PAT_007761,NG
PAT_007762,BD
PAT_007763,SA
PAT_007764,GB
PAT_007765,US
PAT_007766,NG
PAT_007767,GB
PAT_007768,SA
PAT_007769,US
PAT_007770,NG
PAT_007771,NG
PAT_007772,GB
PAT_007773,PK
PAT_007774,RU
PAT_007775,GB
PAT_007776,BD
PAT_007777,US
PAT_007778,BD
PAT_007779,US
PAT_007780,AU
PAT_007781,DE
PAT_007782,GB
PAT_007783,US
PAT_007784,US
PAT_007785,KE
PAT_007786,GB
PAT_007787,US
PAT_007788,GB
PAT_007789,US
PAT_007790,NG
PAT_007791,SA
PAT_007792,SA
PAT_007793,US
PAT_007794,NG
PAT_007795,NG
PAT_007796,DE
PAT_007797,US
PAT_007798,NG
PAT_007799,KE
PAT_007800,GB
PAT_007801,PK
PAT_007802,US
PAT_007803,AU
PAT_007804,AU
PAT_007805,GB
PAT_007806,GB
PAT_007807,GB
PAT_007808,BD
PAT_007809,NG
PAT_007810,SA
PAT_007811,DE
PAT_007812,KE
PAT_007813,DE
PAT_007814,NG
PAT_007815,US
PAT_007816,KE
PAT_007817,RU
PAT_007818,AU
PAT_007819,AU
PAT_007820,BD
PAT_007821,BD
PAT_007822,AU
PAT_007823,AU
PAT_007824,DE
PAT_007825,KE
PAT_007826,RU
PAT_007827,NG
PAT_007828,GB
PAT_007829,KE
PAT_007830,BD
PAT_007831,SA
PAT_007832,GB
PAT_007833,PK
PAT_007834,US
PAT_007835,DE
PAT_007836,RU
PAT_007837,NG
PAT_007838,BD
PAT_007839,BD
PAT_007840,GB
PAT_007841,DE
PAT_007842,KE
PAT_007843,NG
PAT_007844,KE
PAT_007845,NG
PAT_007846,RU
PAT_007847,RU
PAT_007848,NG
PAT_007849,US
PAT_007850,PK
PAT_007851,US
PAT_007852,AU
PAT_007853,PK
PAT_007854,GB
PAT_007855,PK
PAT_007856,DE
PAT_007857,PK
PAT_007858,SA
PAT_007859,US
PAT_007860,SA
PAT_007861,BD
PAT_007862,PK
PAT_007863,SA
PAT_007864,PK
PAT_007865,GB
PAT_007866,AU
PAT_007867,BD
PAT_007868,GB
PAT_007869,US
PAT_007870,US
PAT_007871,RU
PAT_007872,KE
PAT_007873,SA
PAT_007874,BD
PAT_007875,NG
PAT_007876,GB
PAT_007877,KE
PAT_007878,KE
PAT_007879,BD
PAT_007880,GB
PAT_007881,AU
PAT_007882,GB
PAT_007883,US
PAT_007884,NG
PAT_007885,BD
PAT_007886,GB
PAT_007887,RU
PAT_007888,DE
PAT_007889,PK
PAT_007890,PK
PAT_007891,US
PAT_007892,US
PAT_007893,AU
PAT_007894,BD
PAT_007895,NG
PAT_007896,GB
PAT_007897,US
PAT_007898,NG
PAT_007899,DE
PAT_007900,NG
PAT_007901,GB
PAT_007902,PK
PAT_007903,DE
PAT_007904,GB
PAT_007905,GB
PAT_007906,NG
PAT_007907,GB
PAT_007908,NG
PAT_007909,GB
PAT_007910,PK
PAT_007911,RU
PAT_007912,AU
PAT_007913,SA
PAT_007914,PK
PAT_007915,GB
PAT_007916,BD
PAT_007917,GB
PAT_007918,NG
PAT_007919,DE
PAT_007920,NG
PAT_007921,US
PAT_007922,SA
PAT_007923,BD
PAT_007924,US
PAT_007925,NG
PAT_007926,GB
PAT_007927,GB
PAT_007928,DE
PAT_007929,SA
PAT_007930,NG
PAT_007931,DE
PAT_007932,NG
PAT_007933,DE
PAT_007934,GB
PAT_007935,BD
PAT_007936,US
PAT_007937,GB
PAT_007938,GB
PAT_007939,SA
PAT_007940,DE
PAT_007941,BD
PAT_007942,US
PAT_007943,GB
PAT_007944,DE
PAT_007945,BD
PAT_007946,AU
PAT_007947,GB
PAT_007948,GB
PAT_007949,DE
PAT_007950,DE
PAT_007951,NG
PAT_007952,BD
PAT_007953,PK
PAT_007954,US
PAT_007955,RU
PAT_007956,AU
PAT_007957,US
PAT_007958,US
PAT_007959,US
PAT_007960,US
PAT_007961,PK
PAT_007962,US
PAT_007963,SA
PAT_007964,KE
PAT_007965,NG
PAT_007966,US
PAT_007967,GB
PAT_007968,RU
PAT_007969,GB
PAT_007970,GB
PAT_007971,BD
PAT_007972,NG
PAT_007973,NG
PAT_007974,PK
PAT_007975,GB
PAT_007976,NG
PAT_007977,US
PAT_007978,PK
PAT_007979,DE
PAT_007980,SA
PAT_007981,SA
PAT_007982,BD
PAT_007983,US
PAT_007984,GB
PAT_007985,SA
PAT_007986,US
PAT_007987,DE
PAT_007988,DE
PAT_007989,SA
PAT_007990,BD
PAT_007991,GB
PAT_007992,US
PAT_007993,BD
PAT_007994,SA
PAT_007995,NG
PAT_007996,BD
PAT_007997,GB
PAT_007998,US
PAT_007999,US
PAT_008000,GB
PAT_008001,GB
PAT_008002,US
PAT_008003,NG
PAT_008004,US
PAT_008005,PK
PAT_008006,US
PAT_008007,GB
PAT_008008,NG
PAT_008009,PK
PAT_008010,BD
PAT_008011,AU
PAT_008012,RU
PAT_008013,KE
PAT_008014,KE
PAT_008015,US
PAT_008016,NG
PAT_008017,BD
PAT_008018,DE
PAT_008019,SA
PAT_008020,DE
PAT_008021,RU
PAT_008022,PK
PAT_008023,SA
PAT_008024,BD
PAT_008025,US
PAT_008026,US
PAT_008027,US
PAT_008028,US
PAT_008029,GB
PAT_008030,NG
PAT_008031,NG
PAT_008032,BD
PAT_008033,BD
PAT_008034,US
PAT_008035,NG
PAT_008036,DE
PAT_008037,US
PAT_008038,NG
PAT_008039,NG
PAT_008040,DE
PAT_008041,US
PAT_008042,RU
PAT_008043,DE
PAT_008044,GB
PAT_008045,NG
PAT_008046,GB
PAT_008047,RU
PAT_008048,RU
PAT_008049,GB
PAT_008050,RU
PAT_008051,DE
PAT_008052,AU
PAT_008053,GB
PAT_008054,BD
PAT_008055,PK
PAT_008056,BD
PAT_008057,DE
PAT_008058,GB
PAT_008059,NG
PAT_008060,GB
PAT_008061,DE
PAT_008062,NG
PAT_008063,US
PAT_008064,BD
PAT_008065,DE
PAT_008066,SA
PAT_008067,KE
PAT_008068,US
PAT_008069,SA
PAT_008070,RU
PAT_008071,PK
PAT_008072,PK
PAT_008073,KE
PAT_008074,BD
PAT_008075,US
PAT_008076,PK
PAT_008077,BD
PAT_008078,US
PAT_008079,BD
PAT_008080,PK
PAT_008081,GB
PAT_008082,AU
PAT_008083,US
PAT_008084,DE
PAT_008085,DE
PAT_008086,PK
PAT_008087,RU
PAT_008088,GB
PAT_008089,SA
PAT_008090,US
PAT_008091,US
PAT_008092,AU
PAT_008093,GB
PAT_008094,NG
PAT_008095,BD
PAT_008096,NG
PAT_008097,US
PAT_008098,US
PAT_008099,NG
PAT_008100,GB
PAT_008101,RU
PAT_008102,PK
PAT_008103,US
PAT_008104,BD
PAT_008105,SA
PAT_008106,PK
PAT_008107,AU
PAT_008108,BD
PAT_008109,GB
PAT_008110,AU
PAT_008111,SA
PAT_008112,PK
PAT_008113,DE
PAT_008114,GB
PAT_008115,AU
PAT_008116,BD
PAT_008117,PK
PAT_008118,DE
PAT_008119,GB
PAT_008120,DE
PAT_008121,SA
PAT_008122,BD
PAT_008123,AU
PAT_008124,US
PAT_008125,GB
PAT_008126,US
PAT_008127,BD
PAT_008128,GB
PAT_008129,US
PAT_008130,SA
PAT_008131,RU
PAT_008132,GB
PAT_008133,DE
PAT_008134,GB
PAT_008135,NG
PAT_008136,DE
PAT_008137,DE
PAT_008138,DE
PAT_008139,GB
PAT_008140,BD
PAT_008141,DE
PAT_008142,NG
PAT_008143,RU
PAT_008144,BD
PAT_008145,AU
PAT_008146,KE
PAT_008147,SA
PAT_008148,GB
PAT_008149,GB
PAT_008150,PK
PAT_008151,US
PAT_008152,DE
PAT_008153,US
PAT_008154,BD
PAT_008155,PK
PAT_008156,GB
PAT_008157,GB
PAT_008158,US
PAT_008159,PK
PAT_008160,GB
PAT_008161,SA
PAT_008162,DE
PAT_008163,NG
PAT_008164,NG
PAT_008165,GB
PAT_008166,US
PAT_008167,GB
PAT_008168,RU
PAT_008169,AU
PAT_008170,PK
PAT_008171,GB
PAT_008172,NG
PAT_008173,US
PAT_008174,GB
PAT_008175,GB
PAT_008176,KE
PAT_008177,BD
PAT_008178,GB
PAT_008179,PK
PAT_008180,AU
PAT_008181,US
PAT_008182,GB
PAT_008183,AU
PAT_008184,BD
PAT_008185,DE
PAT_008186,DE
PAT_008187,GB
PAT_008188,US
PAT_008189,BD
PAT_008190,GB
PAT_008191,KE
PAT_008192,BD
PAT_008193,NG
PAT_008194,AU
PAT_008195,BD
PAT_008196,US
PAT_008197,NG
PAT_008198,NG
PAT_008199,KE
PAT_008200,US
PAT_008201,GB
PAT_008202,GB
PAT_008203,SA
PAT_008204,BD
PAT_008205,BD
PAT_008206,PK
PAT_008207,RU
PAT_008208,PK
PAT_008209,GB
PAT_008210,DE
PAT_008211,AU
PAT_008212,PK
PAT_008213,DE
PAT_008214,DE
PAT_008215,KE
PAT_008216,BD
PAT_008217,BD
PAT_008218,AU
PAT_008219,NG
PAT_008220,BD
PAT_008221,PK
PAT_008222,US
PAT_008223,NG
PAT_008224,BD
PAT_008225,BD
PAT_008226,NG
PAT_008227,SA
PAT_008228,GB
PAT_008229,SA
PAT_008230,US
PAT_008231,GB
PAT_008232,NG
PAT_008233,NG
PAT_008234,GB
PAT_008235,GB
PAT_008236,US
PAT_008237,BD
PAT_008238,GB
PAT_008239,NG
PAT_008240,BD
PAT_008241,BD
PAT_008242,BD
PAT_008243,AU
PAT_008244,GB
PAT_008245,BD
PAT_008246,DE
PAT_008247,GB
PAT_008248,SA
PAT_008249,AU
PAT_008250,US
PAT_008251,US
PAT_008252,GB
PAT_008253,GB
PAT_008254,GB
PAT_008255,SA
PAT_008256,RU
PAT_008257,PK
PAT_008258,DE
PAT_008259,SA
PAT_008260,US
PAT_008261,US
PAT_008262,DE
PAT_008263,US
PAT_008264,GB
PAT_008265,KE
PAT_008266,US
PAT_008267,DE
PAT_008268,AU
PAT_008269,RU
PAT_008270,RU
PAT_008271,AU
PAT_008272,KE
PAT_008273,AU
PAT_008274,NG
PAT_008275,GB
PAT_008276,NG
PAT_008277,DE
PAT_008278,AU
PAT_008279,US
PAT_008280,PK
PAT_008281,BD
PAT_008282,KE
PAT_008283,AU
PAT_008284,SA
PAT_008285,US
PAT_008286,SA
PAT_008287,SA
PAT_008288,NG
PAT_008289,SA
PAT_008290,RU
PAT_008291,RU
PAT_008292,AU
PAT_008293,AU
PAT_008294,SA
PAT_008295,GB
PAT_008296,SA
PAT_008297,US
PAT_008298,US
PAT_008299,SA
PAT_008300,US
PAT_008301,PK
PAT_008302,GB
PAT_008303,KE
PAT_008304,US
PAT_008305,GB
PAT_008306,GB
PAT_008307,US
PAT_008308,GB
PAT_008309,GB
PAT_008310,US
PAT_008311,AU
PAT_008312,PK
PAT_008313,PK
PAT_008314,GB
PAT_008315,BD
PAT_008316,DE
PAT_008317,AU
PAT_008318,GB
PAT_008319,BD
PAT_008320,GB
PAT_008321,US
PAT_008322,BD
PAT_008323,DE
PAT_008324,AU
PAT_008325,AU
PAT_008326,NG
PAT_008327,US
PAT_008328,KE
PAT_008329,BD
PAT_008330,US
PAT_008331,DE
PAT_008332,BD
PAT_008333,AU
PAT_008334,SA
PAT_008335,BD
PAT_008336,US
PAT_008337,GB
PAT_008338,US
PAT_008339,SA
PAT_008340,AU
PAT_008341,NG
PAT_008342,GB
PAT_008343,NG
PAT_008344,BD
PAT_008345,DE
PAT_008346,DE
PAT_008347,DE
PAT_008348,RU
PAT_008349,BD
PAT_008350,DE
PAT_008351,US
PAT_008352,US
PAT_008353,US
PAT_008354,US
PAT_008355,PK
PAT_008356,PK
PAT_008357,GB
PAT_008358,PK
PAT_008359,BD
PAT_008360,KE
PAT_008361,GB
PAT_008362,DE
PAT_008363,AU
PAT_008364,NG
PAT_008365,RU
PAT_008366,BD
PAT_008367,RU
PAT_008368,US
PAT_008369,SA
PAT_008370,BD
PAT_008371,US
PAT_008372,SA
PAT_008373,GB
PAT_008374,DE
PAT_008375,RU
PAT_008376,AU
PAT_008377,US
PAT_008378,GB
PAT_008379,US
PAT_008380,AU
PAT_008381,PK
PAT_008382,GB
PAT_008383,US
PAT_008384,AU
PAT_008385,PK
PAT_008386,PK
PAT_008387,PK
PAT_008388,SA
PAT_008389,GB
PAT_008390,US
PAT_008391,US
PAT_008392,NG
PAT_008393,US
PAT_008394,US
PAT_008395,US
PAT_008396,PK
PAT_008397,BD
PAT_008398,BD
PAT_008399,US
PAT_008400,GB
PAT_008401,DE
PAT_008402,RU
PAT_008403,US
PAT_008404,US
PAT_008405,PK
PAT_008406,BD
PAT_008407,US
PAT_008408,US
PAT_008409,NG
PAT_008410,AU
PAT_008411,DE
PAT_008412,US
PAT_008413,RU
PAT_008414,US
PAT_008415,AU
PAT_008416,PK
PAT_008417,SA
PAT_008418,SA
PAT_008419,PK
PAT_008420,AU
PAT_008421,BD
PAT_008422,KE
PAT_008423,RU
PAT_008424,US
PAT_008425,NG
PAT_008426,AU
PAT_008427,GB
PAT_008428,PK
PAT_008429,AU
PAT_008430,NG
PAT_008431,GB
PAT_008432,GB
PAT_008433,DE
PAT_008434,RU
PAT_008435,BD
PAT_008436,GB
PAT_008437,PK
PAT_008438,US
PAT_008439,GB
PAT_008440,US
PAT_008441,US
PAT_008442,KE
PAT_008443,GB
PAT_008444,AU
PAT_008445,BD
PAT_008446,NG
PAT_008447,GB
PAT_008448,BD
PAT_008449,GB
PAT_008450,KE
PAT_008451,GB
PAT_008452,RU
PAT_008453,NG
PAT_008454,KE
PAT_008455,GB
PAT_008456,AU
PAT_008457,PK
PAT_008458,US
PAT_008459,AU
PAT_008460,KE
PAT_008461,DE
PAT_008462,AU
PAT_008463,GB
PAT_008464,US
PAT_008465,GB
PAT_008466,AU
PAT_008467,GB
PAT_008468,NG
PAT_008469,PK
PAT_008470,DE
PAT_008471,US
PAT_008472,SA
PAT_008473,GB
PAT_008474,DE
PAT_008475,GB
PAT_008476,AU
PAT_008477,BD
PAT_008478,GB
PAT_008479,DE
PAT_008480,DE
PAT_008481,NG
PAT_008482,US
PAT_008483,DE
PAT_008484,DE
PAT_008485,NG
PAT_008486,PK
PAT_008487,PK
PAT_008488,BD
PAT_008489,DE
PAT_008490,NG
PAT_008491,US
PAT_008492,AU
PAT_008493,US
PAT_008494,SA
PAT_008495,US
PAT_008496,KE
PAT_008497,DE
PAT_008498,US
PAT_008499,AU
PAT_008500,BD
PAT_008501,DE
PAT_008502,GB
PAT_008503,US
PAT_008504,RU
PAT_008505,NG
PAT_008506,GB
PAT_008507,PK
PAT_008508,US
PAT_008509,RU
PAT_008510,US
PAT_008511,AU
PAT_008512,US
PAT_008513,BD
PAT_008514,PK
PAT_008515,US
PAT_008516,US
PAT_008517,BD
PAT_008518,NG
PAT_008519,AU
PAT_008520,SA
PAT_008521,SA
PAT_008522,US
PAT_008523,PK
PAT_008524,US
PAT_008525,GB
PAT_008526,GB
PAT_008527,AU
PAT_008528,PK
PAT_008529,SA
PAT_008530,KE
PAT_008531,RU
PAT_008532,NG
PAT_008533,PK
PAT_008534,DE
PAT_008535,NG
PAT_008536,DE
PAT_008537,SA
PAT_008538,BD
PAT_008539,GB
PAT_008540,AU
PAT_008541,SA
PAT_008542,US
PAT_008543,PK
PAT_008544,NG
PAT_008545,US
PAT_008546,NG
PAT_008547,RU
PAT_008548,SA
PAT_008549,DE
PAT_008550,SA
PAT_008551,GB
PAT_008552,AU
PAT_008553,GB
PAT_008554,AU
PAT_008555,AU
PAT_008556,RU
PAT_008557,GB
PAT_008558,NG
PAT_008559,BD
PAT_008560,SA
PAT_008561,US
PAT_008562,SA
PAT_008563,KE
PAT_008564,GB
PAT_008565,US
PAT_008566,US
PAT_008567,KE
PAT_008568,US
PAT_008569,NG
PAT_008570,KE
PAT_008571,AU
PAT_008572,PK
PAT_008573,GB
PAT_008574,AU
PAT_008575,DE
PAT_008576,AU
PAT_008577,SA
PAT_008578,US
PAT_008579,US
PAT_008580,SA
PAT_008581,GB
PAT_008582,US
PAT_008583,RU
PAT_008584,PK
PAT_008585,BD
PAT_008586,RU
PAT_008587,GB
PAT_008588,NG
PAT_008589,NG
PAT_008590,SA
PAT_008591,RU
PAT_008592,DE
PAT_008593,BD
PAT_008594,PK
PAT_008595,US
PAT_008596,SA
PAT_008597,SA
PAT_008598,US
PAT_008599,AU
PAT_008600,AU
PAT_008601,US
PAT_008602,GB
PAT_008603,AU
PAT_008604,GB
PAT_008605,RU
PAT_008606,NG
PAT_008607,RU
PAT_008608,US
PAT_008609,DE
PAT_008610,RU
PAT_008611,BD
PAT_008612,RU
PAT_008613,US
PAT_008614,AU
PAT_008615,NG
PAT_008616,AU
PAT_008617,US
PAT_008618,GB
PAT_008619,NG
PAT_008620,RU
PAT_008621,RU
PAT_008622,PK
PAT_008623,SA
PAT_008624,DE
PAT_008625,GB
PAT_008626,US
PAT_008627,GB
PAT_008628,BD
PAT_008629,RU
PAT_008630,PK
PAT_008631,US
PAT_008632,GB
PAT_008633,DE
PAT_008634,AU
PAT_008635,US
PAT_008636,KE
PAT_008637,KE
PAT_008638,GB
PAT_008639,KE
PAT_008640,BD
PAT_008641,AU
PAT_008642,AU
PAT_008643,NG
PAT_008644,US
PAT_008645,PK
PAT_008646,AU
PAT_008647,SA
PAT_008648,NG
PAT_008649,DE
PAT_008650,AU
PAT_008651,KE
PAT_008652,PK
PAT_008653,PK
PAT_008654,DE
PAT_008655,NG
PAT_008656,SA
PAT_008657,SA
PAT_008658,RU
PAT_008659,US
PAT_008660,GB
PAT_008661,NG
PAT_008662,DE
PAT_008663,NG
PAT_008664,US
PAT_008665,SA
PAT_008666,AU
PAT_008667,US
PAT_008668,GB
PAT_008669,DE
PAT_008670,PK
PAT_008671,US
PAT_008672,BD
PAT_008673,GB
PAT_008674,US
PAT_008675,SA
PAT_008676,AU
PAT_008677,US
PAT_008678,BD
PAT_008679,DE
PAT_008680,PK
PAT_008681,NG
PAT_008682,NG
PAT_008683,PK
PAT_008684,GB
PAT_008685,PK
PAT_008686,KE
PAT_008687,NG
PAT_008688,US
PAT_008689,DE
PAT_008690,US
PAT_008691,GB
PAT_008692,KE
PAT_008693,DE
PAT_008694,US
PAT_008695,DE
PAT_008696,US
PAT_008697,DE
PAT_008698,NG
PAT_008699,BD
PAT_008700,SA
PAT_008701,DE
PAT_008702,BD
PAT_008703,US
PAT_008704,PK
PAT_008705,RU
PAT_008706,AU
PAT_008707,KE
PAT_008708,NG
PAT_008709,DE
PAT_008710,BD
PAT_008711,BD
PAT_008712,GB
PAT_008713,BD
PAT_008714,GB
PAT_008715,PK
PAT_008716,US
PAT_008717,US
PAT_008718,BD
PAT_008719,GB
PAT_008720,GB
PAT_008721,GB
PAT_008722,US
PAT_008723,NG
PAT_008724,GB
PAT_008725,AU
PAT_008726,GB
PAT_008727,GB
PAT_008728,BD
PAT_008729,NG
PAT_008730,NG
PAT_008731,NG
PAT_008732,KE
PAT_008733,PK
PAT_008734,US
PAT_008735,PK
PAT_008736,PK
PAT_008737,GB
PAT_008738,US
PAT_008739,GB
PAT_008740,GB
PAT_008741,US
PAT_008742,NG
PAT_008743,AU
PAT_008744,AU
PAT_008745,US
PAT_008746,BD
PAT_008747,US
PAT_008748,RU
PAT_008749,PK
PAT_008750,GB
PAT_008751,US
PAT_008752,BD
PAT_008753,DE
PAT_008754,DE
PAT_008755,US
PAT_008756,GB
PAT_008757,GB
PAT_008758,NG
PAT_008759,NG
PAT_008760,US
PAT_008761,PK
PAT_008762,KE
PAT_008763,BD
PAT_008764,AU
PAT_008765,GB
PAT_008766,SA
PAT_008767,NG
PAT_008768,AU
PAT_008769,DE
PAT_008770,KE
PAT_008771,BD
PAT_008772,RU
PAT_008773,AU
PAT_008774,KE
PAT_008775,SA
PAT_008776,US
PAT_008777,US
PAT_008778,PK
PAT_008779,NG
PAT_008780,PK
PAT_008781,SA
PAT_008782,US
PAT_008783,SA
PAT_008784,BD
PAT_008785,DE
PAT_008786,NG
PAT_008787,US
PAT_008788,RU
PAT_008789,BD
PAT_008790,RU
PAT_008791,US
PAT_008792,PK
PAT_008793,NG
PAT_008794,GB
PAT_008795,GB
PAT_008796,BD
PAT_008797,RU
PAT_008798,BD
PAT_008799,PK
PAT_008800,AU
PAT_008801,US
PAT_008802,PK
PAT_008803,GB
PAT_008804,NG
PAT_008805,KE
PAT_008806,GB
PAT_008807,AU
PAT_008808,AU
PAT_008809,BD
PAT_008810,GB
PAT_008811,RU
PAT_008812,AU
PAT_008813,GB
PAT_008814,US
PAT_008815,KE
PAT_008816,PK
PAT_008817,GB
PAT_008818,GB
PAT_008819,AU
PAT_008820,DE
PAT_008821,US
PAT_008822,AU
PAT_008823,GB
PAT_008824,DE
PAT_008825,SA
PAT_008826,PK
PAT_008827,GB
PAT_008828,GB
PAT_008829,SA
PAT_008830,PK
PAT_008831,AU
PAT_008832,US
PAT_008833,US
PAT_008834,SA
PAT_008835,US
PAT_008836,GB
PAT_008837,PK
PAT_008838,PK
PAT_008839,PK
PAT_008840,BD
PAT_008841,AU
PAT_008842,DE
PAT_008843,KE
PAT_008844,PK
PAT_008845,US
PAT_008846,GB
PAT_008847,GB
PAT_008848,BD
PAT_008849,NG
PAT_008850,KE
PAT_008851,US
PAT_008852,GB
PAT_008853,AU
PAT_008854,GB
PAT_008855,GB
PAT_008856,PK
PAT_008857,US
PAT_008858,BD
PAT_008859,DE
PAT_008860,DE
PAT_008861,DE
PAT_008862,BD
PAT_008863,NG
PAT_008864,DE
PAT_008865,AU
PAT_008866,KE
PAT_008867,NG
PAT_008868,PK
PAT_008869,GB
PAT_008870,GB
PAT_008871,KE
PAT_008872,BD
PAT_008873,US
PAT_008874,GB
PAT_008875,RU
PAT_008876,US
PAT_008877,NG
PAT_008878,DE
PAT_008879,GB
PAT_008880,KE
PAT_008881,KE
PAT_008882,RU
PAT_008883,NG
PAT_008884,DE
PAT_008885,US
PAT_008886,GB
PAT_008887,PK
PAT_008888,BD
PAT_008889,US
PAT_008890,GB
PAT_008891,GB
PAT_008892,US
PAT_008893,NG
PAT_008894,GB
PAT_008895,US
PAT_008896,AU
PAT_008897,NG
PAT_008898,GB
PAT_008899,BD
PAT_008900,BD
PAT_008901,BD
PAT_008902,RU
PAT_008903,SA
PAT_008904,US
PAT_008905,GB
PAT_008906,NG
PAT_008907,BD
PAT_008908,US
PAT_008909,GB
PAT_008910,US
PAT_008911,SA
PAT_008912,KE
PAT_008913,DE
PAT_008914,GB
PAT_008915,GB
PAT_008916,NG
PAT_008917,US
PAT_008918,NG
PAT_008919,GB
PAT_008920,US
PAT_008921,US
PAT_008922,SA
PAT_008923,GB
PAT_008924,GB
PAT_008925,RU
PAT_008926,US
PAT_008927,RU
PAT_008928,RU
PAT_008929,US
PAT_008930,US
PAT_008931,GB
PAT_008932,GB
PAT_008933,SA
PAT_008934,BD
PAT_008935,US
PAT_008936,GB
PAT_008937,US
PAT_008938,GB
PAT_008939,SA
PAT_008940,SA
PAT_008941,GB
PAT_008942,GB
PAT_008943,US
PAT_008944,KE
PAT_008945,BD
PAT_008946,AU
PAT_008947,NG
PAT_008948,PK
PAT_008949,NG
PAT_008950,US
PAT_008951,AU
PAT_008952,GB
PAT_008953,US
PAT_008954,SA
PAT_008955,GB
PAT_008956,GB
PAT_008957,SA
PAT_008958,US
PAT_008959,US
PAT_008960,GB
PAT_008961,AU
PAT_008962,US
PAT_008963,DE
PAT_008964,US
PAT_008965,BD
PAT_008966,DE
PAT_008967,US
PAT_008968,SA
PAT_008969,US
PAT_008970,NG
PAT_008971,PK
PAT_008972,DE
PAT_008973,DE
PAT_008974,PK
PAT_008975,SA
PAT_008976,DE
PAT_008977,BD
PAT_008978,GB
PAT_008979,BD
PAT_008980,SA
PAT_008981,DE
PAT_008982,BD
PAT_008983,KE
PAT_008984,GB
PAT_008985,GB
PAT_008986,SA
PAT_008987,AU
PAT_008988,AU
PAT_008989,GB
PAT_008990,AU
PAT_008991,GB
PAT_008992,US
PAT_008993,US
PAT_008994,GB
PAT_008995,BD
PAT_008996,US
PAT_008997,GB
PAT_008998,RU
PAT_008999,GB
PAT_009000,US
PAT_009001,NG
PAT_009002,AU
PAT_009003,NG
PAT_009004,GB
PAT_009005,BD
PAT_009006,GB
PAT_009007,SA
PAT_009008,BD
PAT_009009,GB
PAT_009010,GB
PAT_009011,GB
PAT_009012,NG
PAT_009013,NG
PAT_009014,BD
PAT_009015,BD
PAT_009016,GB
PAT_009017,BD
PAT_009018,KE
PAT_009019,AU
PAT_009020,SA
PAT_009021,AU
PAT_009022,GB
PAT_009023,BD
PAT_009024,DE
PAT_009025,US
PAT_009026,NG
PAT_009027,AU
PAT_009028,US
PAT_009029,RU
PAT_009030,PK
PAT_009031,PK
PAT_009032,GB
PAT_009033,RU
PAT_009034,GB
PAT_009035,US
PAT_009036,PK
PAT_009037,AU
PAT_009038,AU
PAT_009039,DE
PAT_009040,PK
PAT_009041,PK
PAT_009042,AU
PAT_009043,US
PAT_009044,DE
PAT_009045,AU
PAT_009046,US
PAT_009047,NG
PAT_009048,DE
PAT_009049,NG
PAT_009050,AU
PAT_009051,DE
PAT_009052,DE
PAT_009053,AU
PAT_009054,BD
PAT_009055,GB
PAT_009056,GB
PAT_009057,US
PAT_009058,US
PAT_009059,BD
PAT_009060,BD
PAT_009061,US
PAT_009062,SA
PAT_009063,AU
PAT_009064,KE
PAT_009065,GB
PAT_009066,NG
PAT_009067,SA
PAT_009068,US
PAT_009069,US
PAT_009070,NG
PAT_009071,DE
PAT_009072,KE
PAT_009073,US
PAT_009074,KE
PAT_009075,GB
PAT_009076,GB
PAT_009077,GB
PAT_009078,US
PAT_009079,GB
PAT_009080,AU
PAT_009081,SA
PAT_009082,GB
PAT_009083,US
PAT_009084,US
PAT_009085,DE
PAT_009086,RU
PAT_009087,GB
PAT_009088,NG
PAT_009089,DE
PAT_009090,SA
PAT_009091,SA
PAT_009092,BD
PAT_009093,GB
PAT_009094,DE
PAT_009095,NG
PAT_009096,DE
PAT_009097,US
PAT_009098,AU
PAT_009099,BD
PAT_009100,BD
PAT_009101,BD
PAT_009102,US
PAT_009103,AU
PAT_009104,US
PAT_009105,AU
PAT_009106,RU
PAT_009107,BD
PAT_009108,BD
PAT_009109,AU
PAT_009110,PK
PAT_009111,GB
PAT_009112,RU
PAT_009113,US
PAT_009114,NG
PAT_009115,AU
PAT_009116,RU
PAT_009117,SA
PAT_009118,NG
PAT_009119,GB
PAT_009120,US
PAT_009121,DE
PAT_009122,US
PAT_009123,PK
PAT_009124,NG
PAT_009125,US
PAT_009126,DE
PAT_009127,RU
PAT_009128,BD
PAT_009129,GB
PAT_009130,US
PAT_009131,RU
PAT_009132,GB
PAT_009133,GB
PAT_009134,KE
PAT_009135,RU
PAT_009136,BD
PAT_009137,BD
PAT_009138,GB
PAT_009139,BD
PAT_009140,BD
PAT_009141,AU
PAT_009142,US
PAT_009143,BD
PAT_009144,GB
PAT_009145,DE
PAT_009146,DE
PAT_009147,US
PAT_009148,PK
PAT_009149,PK
PAT_009150,US
PAT_009151,PK
PAT_009152,GB
PAT_009153,NG
PAT_009154,SA
PAT_009155,BD
PAT_009156,DE
PAT_009157,PK
PAT_009158,DE
PAT_009159,KE
PAT_009160,KE
PAT_009161,KE
PAT_009162,DE
PAT_009163,GB
PAT_009164,US
PAT_009165,PK
PAT_009166,GB
PAT_009167,US
PAT_009168,GB
PAT_009169,DE
PAT_009170,NG
PAT_009171,BD
PAT_009172,KE
PAT_009173,RU
PAT_009174,US
PAT_009175,GB
PAT_009176,NG
PAT_009177,RU
PAT_009178,NG
PAT_009179,US
PAT_009180,US
PAT_009181,US
PAT_009182,SA
PAT_009183,US
PAT_009184,US
PAT_009185,BD
PAT_009186,AU
PAT_009187,NG
PAT_009188,GB
PAT_009189,SA
PAT_009190,GB
PAT_009191,BD
PAT_009192,US
PAT_009193,GB
PAT_009194,US
PAT_009195,DE
PAT_009196,KE
PAT_009197,GB
PAT_009198,SA
PAT_009199,US
PAT_009200,AU
PAT_009201,DE
PAT_009202,BD
PAT_009203,RU
PAT_009204,DE
PAT_009205,SA
PAT_009206,BD
PAT_009207,US
PAT_009208,BD
PAT_009209,US
PAT_009210,SA
PAT_009211,BD
PAT_009212,AU
PAT_009213,AU
PAT_009214,US
PAT_009215,US
PAT_009216,RU
PAT_009217,NG
PAT_009218,AU
PAT_009219,SA
PAT_009220,US
PAT_009221,US
PAT_009222,US
PAT_009223,PK
PAT_009224,NG
PAT_009225,SA
PAT_009226,DE
PAT_009227,RU
PAT_009228,GB
PAT_009229,GB
PAT_009230,AU
PAT_009231,AU
PAT_009232,US
PAT_009233,US
PAT_009234,US
PAT_009235,KE
PAT_009236,DE
PAT_009237,DE
PAT_009238,KE
PAT_009239,US
PAT_009240,NG
PAT_009241,BD
PAT_009242,NG
PAT_009243,US
PAT_009244,DE
PAT_009245,SA
PAT_009246,GB
PAT_009247,GB
PAT_009248,US
PAT_009249,AU
PAT_009250,RU
PAT_009251,DE
PAT_009252,AU
PAT_009253,GB
PAT_009254,BD
PAT_009255,US
PAT_009256,KE
PAT_009257,GB
PAT_009258,PK
PAT_009259,BD
PAT_009260,NG
PAT_009261,RU
PAT_009262,GB
PAT_009263,AU
PAT_009264,KE
PAT_009265,AU
PAT_009266,AU
PAT_009267,AU
PAT_009268,BD
PAT_009269,DE
PAT_009270,NG
PAT_009271,US
PAT_009272,PK
PAT_009273,GB
PAT_009274,GB
PAT_009275,NG
PAT_009276,BD
PAT_009277,BD
PAT_009278,BD
PAT_009279,US
PAT_009280,AU
PAT_009281,US
PAT_009282,GB
PAT_009283,BD
PAT_009284,AU
PAT_009285,GB
PAT_009286,GB
PAT_009287,US
PAT_009288,GB
PAT_009289,RU
PAT_009290,DE
PAT_009291,US
PAT_009292,RU
PAT_009293,PK
PAT_009294,AU
PAT_009295,GB
PAT_009296,DE
PAT_009297,AU
PAT_009298,SA
PAT_009299,US
PAT_009300,BD
PAT_009301,BD
PAT_009302,SA
PAT_009303,GB
PAT_009304,DE
PAT_009305,NG
PAT_009306,DE
PAT_009307,BD
PAT_009308,SA
PAT_009309,GB
PAT_009310,US
PAT_009311,GB
PAT_009312,US
PAT_009313,US
PAT_009314,US
PAT_009315,SA
PAT_009316,US
PAT_009317,AU
PAT_009318,US
PAT_009319,NG
PAT_009320,US
PAT_009321,BD
PAT_009322,DE
PAT_009323,KE
PAT_009324,SA
PAT_009325,KE
PAT_009326,US
PAT_009327,US
PAT_009328,PK
PAT_009329,NG
PAT_009330,NG
PAT_009331,BD
PAT_009332,AU
PAT_009333,RU
PAT_009334,GB
PAT_009335,BD
PAT_009336,AU
PAT_009337,BD
PAT_009338,SA
PAT_009339,PK
PAT_009340,SA
PAT_009341,SA
PAT_009342,SA
PAT_009343,AU
PAT_009344,GB
PAT_009345,PK
PAT_009346,SA
PAT_009347,BD
PAT_009348,RU
PAT_009349,RU
PAT_009350,BD
PAT_009351,KE
PAT_009352,BD
PAT_009353,PK
PAT_009354,DE
PAT_009355,GB
PAT_009356,GB
PAT_009357,AU
PAT_009358,GB
PAT_009359,US
PAT_009360,BD
PAT_009361,GB
PAT_009362,US
PAT_009363,US
PAT_009364,GB
PAT_009365,US
PAT_009366,AU
PAT_009367,GB
PAT_009368,DE
PAT_009369,US
PAT_009370,GB
PAT_009371,RU
PAT_009372,PK
PAT_009373,DE
PAT_009374,PK
PAT_009375,AU
PAT_009376,SA
PAT_009377,BD
PAT_009378,BD
PAT_009379,SA
PAT_009380,AU
PAT_009381,RU
PAT_009382,AU
PAT_009383,PK
PAT_009384,US
PAT_009385,GB
PAT_009386,NG
PAT_009387,US
PAT_009388,SA
PAT_009389,GB
PAT_009390,GB
PAT_009391,US
PAT_009392,US
PAT_009393,US
PAT_009394,US
PAT_009395,NG
PAT_009396,RU
PAT_009397,KE
PAT_009398,US
PAT_009399,US
PAT_009400,BD
PAT_009401,NG
PAT_009402,BD
PAT_009403,NG
PAT_009404,US
PAT_009405,SA
PAT_009406,SA
PAT_009407,BD
PAT_009408,SA
PAT_009409,BD
PAT_009410,AU
PAT_009411,US
PAT_009412,DE
PAT_009413,US
PAT_009414,AU
PAT_009415,BD
PAT_009416,RU
PAT_009417,US
PAT_009418,PK
PAT_009419,KE
PAT_009420,SA
PAT_009421,US
PAT_009422,US
PAT_009423,PK
PAT_009424,GB
PAT_009425,BD
PAT_009426,NG
PAT_009427,AU
PAT_009428,US
PAT_009429,BD
PAT_009430,US
PAT_009431,GB
PAT_009432,US
PAT_009433,GB
PAT_009434,US
PAT_009435,GB
PAT_009436,SA
PAT_009437,DE
PAT_009438,SA
PAT_009439,PK
PAT_009440,RU
PAT_009441,DE
PAT_009442,DE
PAT_009443,US
PAT_009444,US
PAT_009445,US
PAT_009446,SA
PAT_009447,RU
PAT_009448,GB
PAT_009449,AU
PAT_009450,RU
PAT_009451,GB
PAT_009452,NG
PAT_009453,SA
PAT_009454,US
PAT_009455,GB
PAT_009456,GB
PAT_009457,US
PAT_009458,DE
PAT_009459,US
PAT_009460,US
PAT_009461,BD
PAT_009462,PK
PAT_009463,BD
PAT_009464,RU
PAT_009465,NG
PAT_009466,SA
PAT_009467,GB
PAT_009468,US
PAT_009469,BD
PAT_009470,GB
PAT_009471,DE
PAT_009472,BD
PAT_009473,US
PAT_009474,US
PAT_009475,US
PAT_009476,US
PAT_009477,GB
PAT_009478,DE
PAT_009479,NG
PAT_009480,GB
PAT_009481,AU
PAT_009482,GB
PAT_009483,DE
PAT_009484,US
PAT_009485,US
PAT_009486,US
PAT_009487,PK
PAT_009488,US
PAT_009489,SA
PAT_009490,GB
PAT_009491,US
PAT_009492,AU
PAT_009493,US
PAT_009494,US
PAT_009495,AU
PAT_009496,AU
PAT_009497,GB
PAT_009498,US
PAT_009499,US
PAT_009500,DE
PAT_009501,US
PAT_009502,GB
PAT_009503,DE
PAT_009504,GB
PAT_009505,AU
PAT_009506,KE
PAT_009507,AU
PAT_009508,AU
PAT_009509,PK
PAT_009510,NG
PAT_009511,GB
PAT_009512,AU
PAT_009513,RU
PAT_009514,US
PAT_009515,DE
PAT_009516,US
PAT_009517,RU
PAT_009518,GB
PAT_009519,RU
PAT_009520,DE
PAT_009521,PK
PAT_009522,AU
PAT_009523,DE
PAT_009524,US
PAT_009525,DE
PAT_009526,GB
PAT_009527,AU
PAT_009528,BD
PAT_009529,US
PAT_009530,NG
PAT_009531,SA
PAT_009532,AU
PAT_009533,KE
PAT_009534,BD
PAT_009535,US
PAT_009536,NG
PAT_009537,KE
PAT_009538,US
PAT_009539,AU
PAT_009540,BD
PAT_009541,DE
PAT_009542,BD
PAT_009543,US
PAT_009544,GB
PAT_009545,PK
PAT_009546,BD
PAT_009547,NG
PAT_009548,US
PAT_009549,DE
PAT_009550,KE
PAT_009551,SA
PAT_009552,US
PAT_009553,PK
PAT_009554,US
PAT_009555,GB
PAT_009556,GB
PAT_009557,US
PAT_009558,BD
PAT_009559,RU
PAT_009560,US
PAT_009561,SA
PAT_009562,PK
PAT_009563,GB
PAT_009564,US
PAT_009565,SA
PAT_009566,GB
PAT_009567,NG
PAT_009568,KE
PAT_009569,US
PAT_009570,KE
PAT_009571,RU
PAT_009572,BD
PAT_009573,DE
PAT_009574,KE
PAT_009575,KE
PAT_009576,AU
PAT_009577,NG
PAT_009578,AU
PAT_009579,PK
PAT_009580,GB
PAT_009581,KE
PAT_009582,GB
PAT_009583,RU
PAT_009584,NG
PAT_009585,US
PAT_009586,KE
PAT_009587,US
PAT_009588,BD
PAT_009589,SA
PAT_009590,NG
PAT_009591,KE
PAT_009592,AU
PAT_009593,RU
PAT_009594,AU
PAT_009595,SA
PAT_009596,GB
PAT_009597,AU
PAT_009598,AU
PAT_009599,GB
PAT_009600,NG
PAT_009601,GB
PAT_009602,RU
PAT_009603,GB
PAT_009604,DE
PAT_009605,NG
PAT_009606,NG
PAT_009607,NG
PAT_009608,BD
PAT_009609,DE
PAT_009610,AU
PAT_009611,GB
PAT_009612,DE
PAT_009613,DE
PAT_009614,RU
PAT_009615,RU
PAT_009616,US
PAT_009617,AU
PAT_009618,BD
PAT_009619,SA
PAT_009620,US
PAT_009621,BD
PAT_009622,PK
PAT_009623,PK
PAT_009624,NG
PAT_009625,US
PAT_009626,DE
PAT_009627,US
PAT_009628,RU
PAT_009629,GB
PAT_009630,AU
PAT_009631,DE
PAT_009632,SA
PAT_009633,SA
PAT_009634,DE
PAT_009635,AU
PAT_009636,KE
PAT_009637,BD
PAT_009638,DE
PAT_009639,PK
PAT_009640,PK
PAT_009641,SA
PAT_009642,AU
PAT_009643,US
PAT_009644,US
PAT_009645,GB
PAT_009646,NG
PAT_009647,DE
PAT_009648,GB
PAT_009649,US
PAT_009650,AU
PAT_009651,DE
PAT_009652,BD
PAT_009653,GB
PAT_009654,GB
PAT_009655,SA
PAT_009656,BD
PAT_009657,US
PAT_009658,NG
PAT_009659,NG
PAT_009660,US
PAT_009661,DE
PAT_009662,BD
PAT_009663,AU
PAT_009664,AU
PAT_009665,DE
PAT_009666,US
PAT_009667,US
PAT_009668,AU
PAT_009669,US
PAT_009670,NG
PAT_009671,BD
PAT_009672,KE
PAT_009673,US
PAT_009674,NG
PAT_009675,GB
PAT_009676,GB
PAT_009677,US
PAT_009678,DE
PAT_009679,NG
PAT_009680,US
PAT_009681,SA
PAT_009682,US
PAT_009683,AU
PAT_009684,BD
PAT_009685,DE
PAT_009686,PK
PAT_009687,DE
PAT_009688,RU
PAT_009689,US
PAT_009690,NG
PAT_009691,GB
PAT_009692,AU
PAT_009693,DE
PAT_009694,NG
PAT_009695,KE
PAT_009696,AU
PAT_009697,PK
PAT_009698,KE
PAT_009699,AU
PAT_009700,US
PAT_009701,US
PAT_009702,SA
PAT_009703,US
PAT_009704,DE
PAT_009705,GB
PAT_009706,KE
PAT_009707,KE
PAT_009708,US
PAT_009709,AU
PAT_009710,PK
PAT_009711,GB
PAT_009712,AU
PAT_009713,GB
PAT_009714,GB
PAT_009715,GB
PAT_009716,SA
PAT_009717,US
PAT_009718,PK
PAT_009719,SA
PAT_009720,US
PAT_009721,US
PAT_009722,US
PAT_009723,DE
PAT_009724,BD
PAT_009725,SA
PAT_009726,NG
PAT_009727,KE
PAT_009728,KE
PAT_009729,RU
PAT_009730,US
PAT_009731,GB
PAT_009732,AU
PAT_009733,GB
PAT_009734,NG
PAT_009735,KE
PAT_009736,PK
PAT_009737,GB
PAT_009738,KE
PAT_009739,US
PAT_009740,GB
PAT_009741,RU
PAT_009742,RU
PAT_009743,SA
PAT_009744,SA
PAT_009745,BD
PAT_009746,BD
PAT_009747,US
PAT_009748,GB
PAT_009749,RU
PAT_009750,PK
PAT_009751,DE
PAT_009752,SA
PAT_009753,PK
PAT_009754,PK
PAT_009755,KE
PAT_009756,GB
PAT_009757,GB
PAT_009758,SA
PAT_009759,PK
PAT_009760,US
PAT_009761,GB
PAT_009762,BD
PAT_009763,US
PAT_009764,PK
PAT_009765,SA
PAT_009766,NG
PAT_009767,KE
PAT_009768,NG
PAT_009769,US
PAT_009770,US
PAT_009771,SA
PAT_009772,DE
PAT_009773,AU
PAT_009774,GB
PAT_009775,GB
PAT_009776,SA
PAT_009777,PK
PAT_009778,RU
PAT_009779,US
PAT_009780,GB
PAT_009781,DE
PAT_009782,DE
PAT_009783,BD
PAT_009784,BD
PAT_009785,DE
PAT_009786,SA
PAT_009787,SA
PAT_009788,GB
PAT_009789,SA
PAT_009790,US
PAT_009791,GB
PAT_009792,BD
PAT_009793,US
PAT_009794,US
PAT_009795,BD
PAT_009796,US
PAT_009797,SA
PAT_009798,GB
PAT_009799,AU
PAT_009800,GB
PAT_009801,RU
PAT_009802,US
PAT_009803,AU
PAT_009804,GB
PAT_009805,US
PAT_009806,AU
PAT_009807,BD
PAT_009808,SA
PAT_009809,GB
PAT_009810,NG
PAT_009811,BD
PAT_009812,RU
PAT_009813,AU
PAT_009814,KE
PAT_009815,DE
PAT_009816,PK
PAT_009817,BD
PAT_009818,DE
PAT_009819,AU
PAT_009820,GB
PAT_009821,KE
PAT_009822,DE
PAT_009823,GB
PAT_009824,DE
PAT_009825,DE
PAT_009826,GB
PAT_009827,KE
PAT_009828,US
PAT_009829,GB
PAT_009830,KE
PAT_009831,KE
PAT_009832,SA
PAT_009833,DE
PAT_009834,US
PAT_009835,GB
PAT_009836,AU
PAT_009837,NG
PAT_009838,GB
PAT_009839,DE
PAT_009840,GB
PAT_009841,NG
PAT_009842,DE
PAT_009843,AU
PAT_009844,DE
PAT_009845,US
PAT_009846,SA
PAT_009847,GB
PAT_009848,PK
PAT_009849,AU
PAT_009850,US
PAT_009851,AU
PAT_009852,GB
PAT_009853,SA
PAT_009854,NG
PAT_009855,DE
PAT_009856,NG
PAT_009857,SA
PAT_009858,SA
PAT_009859,DE
PAT_009860,SA
PAT_009861,DE
PAT_009862,GB
PAT_009863,DE
PAT_009864,PK
PAT_009865,DE
PAT_009866,NG
PAT_009867,KE
PAT_009868,KE
PAT_009869,BD
PAT_009870,AU
PAT_009871,SA
PAT_009872,US
PAT_009873,RU
PAT_009874,BD
PAT_009875,US
PAT_009876,GB
PAT_009877,DE
PAT_009878,US
PAT_009879,RU
PAT_009880,SA
PAT_009881,DE
PAT_009882,SA
PAT_009883,AU
PAT_009884,US
PAT_009885,GB
PAT_009886,RU
PAT_009887,SA
PAT_009888,RU
PAT_009889,DE
PAT_009890,PK
PAT_009891,NG
PAT_009892,US
PAT_009893,US
PAT_009894,GB
PAT_009895,RU
PAT_009896,PK
PAT_009897,SA
PAT_009898,PK
PAT_009899,DE
PAT_009900,GB
PAT_009901,GB
PAT_009902,BD
PAT_009903,NG
PAT_009904,US
PAT_009905,BD
PAT_009906,GB
PAT_009907,RU
PAT_009908,PK
PAT_009909,DE
PAT_009910,SA
PAT_009911,US
PAT_009912,US
PAT_009913,RU
PAT_009914,NG
PAT_009915,NG
PAT_009916,DE
PAT_009917,GB
PAT_009918,SA
PAT_009919,GB
PAT_009920,PK
PAT_009921,PK
PAT_009922,GB
PAT_009923,US
PAT_009924,PK
PAT_009925,BD
PAT_009926,GB
PAT_009927,SA
PAT_009928,PK
PAT_009929,RU
PAT_009930,GB
PAT_009931,SA
PAT_009932,DE
PAT_009933,GB
PAT_009934,SA
PAT_009935,AU
PAT_009936,DE
PAT_009937,GB
PAT_009938,AU
PAT_009939,US
PAT_009940,BD
PAT_009941,KE
PAT_009942,KE
PAT_009943,SA
PAT_009944,GB
PAT_009945,GB
PAT_009946,RU
PAT_009947,KE
PAT_009948,NG
PAT_009949,BD
PAT_009950,US
PAT_009951,US
PAT_009952,DE
PAT_009953,US
PAT_009954,RU
PAT_009955,GB
PAT_009956,US
PAT_009957,DE
PAT_009958,US
PAT_009959,SA
PAT_009960,BD
PAT_009961,US
PAT_009962,BD
PAT_009963,SA
PAT_009964,DE
PAT_009965,AU
PAT_009966,RU
PAT_009967,US
PAT_009968,DE
PAT_009969,DE
PAT_009970,SA
PAT_009971,AU
PAT_009972,BD
PAT_009973,US
PAT_009974,GB
PAT_009975,US
PAT_009976,SA
PAT_009977,RU
PAT_009978,RU
PAT_009979,US
PAT_009980,KE
PAT_009981,US
PAT_009982,GB
PAT_009983,DE
PAT_009984,US
PAT_009985,BD
PAT_009986,BD
PAT_009987,DE
PAT_009988,RU
PAT_009989,RU
PAT_009990,US
PAT_009991,AU
PAT_009992,US
PAT_009993,NG
PAT_009994,GB
PAT_009995,DE
PAT_009996,US
PAT_009997,SA
PAT_009998,SA
PAT_009999,US
PAT_010000,SA
PAT_010001,SA
PAT_010002,SA
PAT_010003,SA
PAT_010004,RU
PAT_010005,SA
PAT_010006,SA
PAT_010007,GB
PAT_010008,US
PAT_010009,SA
PAT_010010,RU
PAT_010011,GB
PAT_010012,PK
PAT_010013,US
PAT_010014,PK
PAT_010015,US
PAT_010016,KE
PAT_010017,AU
PAT_010018,NG
PAT_010019,KE
PAT_010020,SA
PAT_010021,BD
PAT_010022,AU
PAT_010023,KE
PAT_010024,PK
PAT_010025,GB
PAT_010026,SA
PAT_010027,US
PAT_010028,GB
PAT_010029,GB
PAT_010030,PK
PAT_010031,KE
PAT_010032,US
PAT_010033,US
PAT_010034,SA
PAT_010035,KE
PAT_010036,US
PAT_010037,US
PAT_010038,PK
PAT_010039,KE
PAT_010040,US
PAT_010041,US
PAT_010042,BD
PAT_010043,SA
PAT_010044,DE
PAT_010045,GB
PAT_010046,US
PAT_010047,GB
PAT_010048,BD
PAT_010049,GB
PAT_010050,GB
PAT_010051,DE
PAT_010052,GB
PAT_010053,GB
PAT_010054,NG
PAT_010055,AU
PAT_010056,US
PAT_010057,KE
PAT_010058,PK
PAT_010059,DE
PAT_010060,RU
PAT_010061,GB
PAT_010062,AU
PAT_010063,RU
PAT_010064,AU
PAT_010065,KE
PAT_010066,GB
PAT_010067,AU
PAT_010068,GB
PAT_010069,PK
PAT_010070,KE
PAT_010071,DE
PAT_010072,SA
PAT_010073,RU
PAT_010074,AU
PAT_010075,RU
PAT_010076,DE
PAT_010077,GB
PAT_010078,DE
PAT_010079,AU
PAT_010080,DE
PAT_010081,AU
PAT_010082,AU
PAT_010083,GB
PAT_010084,AU
PAT_010085,GB
PAT_010086,US
PAT_010087,BD
PAT_010088,SA
PAT_010089,US
PAT_010090,US
PAT_010091,SA
PAT_010092,DE
PAT_010093,NG
PAT_010094,AU
PAT_010095,US
PAT_010096,DE
PAT_010097,PK
PAT_010098,DE
PAT_010099,GB
PAT_010100,GB
PAT_010101,BD
PAT_010102,NG
PAT_010103,PK
PAT_010104,US
PAT_010105,US
PAT_010106,GB
PAT_010107,BD
PAT_010108,DE
PAT_010109,GB
PAT_010110,AU
PAT_010111,AU
PAT_010112,US
PAT_010113,AU
PAT_010114,GB
PAT_010115,AU
PAT_010116,RU
PAT_010117,KE
PAT_010118,GB
PAT_010119,KE
PAT_010120,DE
PAT_010121,US
PAT_010122,BD
PAT_010123,AU
PAT_010124,BD
PAT_010125,AU
PAT_010126,BD
PAT_010127,BD
PAT_010128,RU
PAT_010129,US
PAT_010130,US
PAT_010131,US
PAT_010132,US
PAT_010133,KE
PAT_010134,DE
PAT_010135,US
PAT_010136,AU
PAT_010137,PK
PAT_010138,KE
PAT_010139,US
PAT_010140,US
PAT_010141,DE
PAT_010142,PK
PAT_010143,US
PAT_010144,RU
PAT_010145,GB
PAT_010146,US
PAT_010147,DE
PAT_010148,SA
PAT_010149,US
PAT_010150,RU
PAT_010151,NG
PAT_010152,NG
PAT_010153,RU
PAT_010154,DE
PAT_010155,GB
PAT_010156,SA
PAT_010157,RU
PAT_010158,GB
PAT_010159,BD
PAT_010160,AU
PAT_010161,RU
PAT_010162,US
PAT_010163,PK
PAT_010164,NG
PAT_010165,US
PAT_010166,GB
PAT_010167,NG
PAT_010168,US
PAT_010169,PK
PAT_010170,US
PAT_010171,SA
PAT_010172,RU
PAT_010173,US
PAT_010174,US
PAT_010175,US
PAT_010176,DE
PAT_010177,RU
PAT_010178,US
PAT_010179,AU
PAT_010180,PK
PAT_010181,SA
PAT_010182,US
PAT_010183,GB
PAT_010184,US
PAT_010185,US
PAT_010186,US
PAT_010187,US
PAT_010188,GB
PAT_010189,GB
PAT_010190,DE
PAT_010191,NG
PAT_010192,SA
PAT_010193,AU
PAT_010194,NG
PAT_010195,AU
PAT_010196,DE
PAT_010197,GB
PAT_010198,KE
PAT_010199,NG
PAT_010200,DE
PAT_010201,DE
PAT_010202,PK
PAT_010203,GB
PAT_010204,DE
PAT_010205,RU
PAT_010206,BD
PAT_900001,PK
PAT_900002,AU
PAT_900003,GB
PAT_900004,DE
PAT_900005,BD
PAT_900006,BD
PAT_900007,NG
PAT_900008,KE
PAT_900009,SA
PAT_900010,AU
PAT_900011,BD
PAT_900012,BD
PAT_900013,NG
PAT_900014,SA
PAT_900015,SA
PAT_900016,AU
PAT_900017,US
PAT_900018,BD
PAT_900019,RU
