source_id,target_id
CLM_0000001,ACC_000411
CLM_0000002,ACC_000411
CLM_0000003,ACC_000411
CLM_0000004,ACC_000061
CLM_0000005,ACC_000061
CLM_0000006,ACC_000061
CLM_0000007,ACC_000984
CLM_0000008,ACC_000411
CLM_0000009,ACC_000411
CLM_0000010,ACC_000411
CLM_0000011,ACC_000799
CLM_0000012,ACC_001016
CLM_0000013,ACC_000498
CLM_0000014,ACC_000282
CLM_0000015,ACC_000282
CLM_0000016,ACC_000044
CLM_0000017,ACC_000044
CLM_0000018,ACC_000044
CLM_0000019,ACC_000878
CLM_0000020,ACC_000878
CLM_0000021,ACC_000172
CLM_0000022,ACC_000172
CLM_0000023,ACC_000333
CLM_0000024,ACC_000333
CLM_0000025,ACC_000333
CLM_0000026,ACC_000112
CLM_0000027,ACC_001054
CLM_0000028,ACC_001054
CLM_0000029,ACC_001054
CLM_0000030,ACC_001138
CLM_0000031,ACC_001138
CLM_0000032,ACC_001138
CLM_0000033,ACC_000282
CLM_0000034,ACC_001054
CLM_0000035,ACC_001054
CLM_0000036,ACC_001054
CLM_0000037,ACC_000031
CLM_0000038,ACC_000031
CLM_0000039,ACC_000031
CLM_0000040,ACC_000878
CLM_0000041,ACC_000878
CLM_0000042,ACC_000878
CLM_0000043,ACC_000984
CLM_0000044,ACC_000984
CLM_0000045,ACC_000282
CLM_0000046,ACC_000045
CLM_0000047,ACC_000045
CLM_0000048,ACC_000045
CLM_0000049,ACC_000410
CLM_0000050,ACC_000410
CLM_0000051,ACC_000410
CLM_0000052,ACC_000283
CLM_0000053,ACC_000283
CLM_0000054,ACC_000283
CLM_0000055,ACC_001076
CLM_0000056,ACC_001088
CLM_0000057,ACC_001088
CLM_0000058,ACC_001088
CLM_0000059,ACC_001150
CLM_0000060,ACC_001150
CLM_0000061,ACC_000872
CLM_0000062,ACC_000872
CLM_0000063,ACC_000872
CLM_0000064,ACC_000498
CLM_0000065,ACC_000498
CLM_0000066,ACC_001057
CLM_0000067,ACC_000710
CLM_0000068,ACC_000814
CLM_0000069,ACC_000814
CLM_0000070,ACC_000814
CLM_0000071,ACC_000061
CLM_0000072,ACC_000061
CLM_0000073,ACC_000061
CLM_0000074,ACC_000223
CLM_0000075,ACC_000223
CLM_0000076,ACC_000223
CLM_0000077,ACC_000239
CLM_0000078,ACC_000239
CLM_0000079,ACC_000239
CLM_0000080,ACC_000282
CLM_0000081,ACC_000282
CLM_0000082,ACC_000282
CLM_0000083,ACC_000408
CLM_0000084,ACC_000408
CLM_0000085,ACC_000408
CLM_0000086,ACC_000125
CLM_0000087,ACC_000984
CLM_0000088,ACC_000061
CLM_0000089,ACC_000061
CLM_0000090,ACC_000410
CLM_0000091,ACC_000410
CLM_0000092,ACC_000409
CLM_0000093,ACC_000409
CLM_0000094,ACC_000409
CLM_0000095,ACC_001076
CLM_0000096,ACC_001076
CLM_0000097,ACC_001076
CLM_0000098,ACC_000846
CLM_0000099,ACC_001054
CLM_0000100,ACC_001054
CLM_0000101,ACC_000911
CLM_0000102,ACC_000412
CLM_0000103,ACC_000412
CLM_0000104,ACC_000060
CLM_0000105,ACC_000060
CLM_0000106,ACC_000060
CLM_0000107,ACC_000856
CLM_0000108,ACC_000856
CLM_0000109,ACC_000333
CLM_0000110,ACC_000333
CLM_0000111,ACC_000333
CLM_0000112,ACC_001056
CLM_0000113,ACC_001056
CLM_0000114,ACC_000061
CLM_0000115,ACC_000061
CLM_0000116,ACC_000407
CLM_0000117,ACC_000061
CLM_0000118,ACC_000061
CLM_0000119,ACC_000061
CLM_0000120,ACC_000412
CLM_0000121,ACC_000283
CLM_0000122,ACC_000283
CLM_0000123,ACC_000283
CLM_0000124,ACC_000410
CLM_0000125,ACC_000410
CLM_0000126,ACC_000498
CLM_0000127,ACC_001191
CLM_0000128,ACC_000283
CLM_0000129,ACC_000283
CLM_0000130,ACC_000283
CLM_0000131,ACC_001056
CLM_0000132,ACC_001058
CLM_0000133,ACC_000120
CLM_0000134,ACC_000769
CLM_0000135,ACC_000855
CLM_0000136,ACC_000044
CLM_0000137,ACC_000060
CLM_0000138,ACC_000060
CLM_0000139,ACC_000211
CLM_0000140,ACC_000211
CLM_0000141,ACC_000321
CLM_0000142,ACC_000321
CLM_0000143,ACC_000407
CLM_0000144,ACC_000407
CLM_0000145,ACC_000407
CLM_0000146,ACC_000282
CLM_0000147,ACC_000282
CLM_0000148,ACC_000238
CLM_0000149,ACC_000283
CLM_0000150,ACC_000283
CLM_0000151,ACC_000283
CLM_0000152,ACC_000408
CLM_0000153,ACC_000408
CLM_0000154,ACC_000408
CLM_0000155,ACC_000173
CLM_0000156,ACC_000173
CLM_0000157,ACC_000408
CLM_0000158,ACC_000970
CLM_0000159,ACC_000970
CLM_0000160,ACC_000282
CLM_0000161,ACC_000282
CLM_0000162,ACC_000083
CLM_0000163,ACC_001076
CLM_0000164,ACC_001076
CLM_0000165,ACC_001076
CLM_0000166,ACC_000464
CLM_0000167,ACC_000408
CLM_0000168,ACC_000408
CLM_0000169,ACC_000984
CLM_0000170,ACC_000984
CLM_0000171,ACC_000984
CLM_0000172,ACC_000283
CLM_0000173,ACC_001000
CLM_0000174,ACC_000060
CLM_0000175,ACC_000873
CLM_0000176,ACC_000856
CLM_0000177,ACC_000856
CLM_0000178,ACC_000872
CLM_0000179,ACC_000872
CLM_0000180,ACC_000239
CLM_0000181,ACC_000498
CLM_0000182,ACC_000242
CLM_0000183,ACC_000242
CLM_0000184,ACC_000283
CLM_0000185,ACC_000283
CLM_0000186,ACC_001054
CLM_0000187,ACC_001054
CLM_0000188,ACC_001054
CLM_0000189,ACC_000283
CLM_0000190,ACC_000144
CLM_0000191,ACC_000144
CLM_0000192,ACC_001113
CLM_0000193,ACC_000999
CLM_0000194,ACC_000999
CLM_0000195,ACC_000118
CLM_0000196,ACC_000410
CLM_0000197,ACC_000410
CLM_0000198,ACC_000410
CLM_0000199,ACC_000910
CLM_0000200,ACC_000910
CLM_0000201,ACC_000047
CLM_0000202,ACC_000282
CLM_0000203,ACC_001181
CLM_0000204,ACC_001181
CLM_0000205,ACC_001181
CLM_0000206,ACC_000408
CLM_0000207,ACC_000710
CLM_0000208,ACC_000710
CLM_0000209,ACC_000412
CLM_0000210,ACC_000412
CLM_0000211,ACC_000412
CLM_0000212,ACC_000282
CLM_0000213,ACC_000282
CLM_0000214,ACC_000410
CLM_0000215,ACC_000329
CLM_0000216,ACC_000329
CLM_0000217,ACC_000814
CLM_0000218,ACC_000282
CLM_0000219,ACC_000060
CLM_0000220,ACC_000060
CLM_0000221,ACC_000060
CLM_0000222,ACC_001017
CLM_0000223,ACC_001017
CLM_0000224,ACC_001017
CLM_0000225,ACC_000282
CLM_0000226,ACC_000282
CLM_0000227,ACC_000061
CLM_0000228,ACC_000061
CLM_0000229,ACC_000061
CLM_0000230,ACC_000855
CLM_0000231,ACC_000855
CLM_0000232,ACC_000855
CLM_0000233,ACC_000813
CLM_0000234,ACC_000905
CLM_0000235,ACC_000905
CLM_0000236,ACC_000410
CLM_0000237,ACC_000410
CLM_0000238,ACC_000410
CLM_0000239,ACC_000409
CLM_0000240,ACC_000409
CLM_0000241,ACC_000409
CLM_0000242,ACC_000045
CLM_0000243,ACC_000045
CLM_0000244,ACC_000412
CLM_0000245,ACC_000412
CLM_0000246,ACC_000412
CLM_0000247,ACC_001018
CLM_0000248,ACC_000331
CLM_0000249,ACC_000331
CLM_0000250,ACC_000498
CLM_0000251,ACC_000498
CLM_0000252,ACC_000498
CLM_0000253,ACC_000283
CLM_0000254,ACC_000283
CLM_0000255,ACC_000780
CLM_0000256,ACC_000749
CLM_0000257,ACC_000749
CLM_0000258,ACC_000749
CLM_0000259,ACC_000060
CLM_0000260,ACC_000749
CLM_0000261,ACC_000060
CLM_0000262,ACC_000144
CLM_0000263,ACC_000117
CLM_0000264,ACC_000117
CLM_0000265,ACC_000409
CLM_0000266,ACC_000394
CLM_0000267,ACC_000394
CLM_0000268,ACC_000061
CLM_0000269,ACC_000061
CLM_0000270,ACC_000061
CLM_0000271,ACC_001141
CLM_0000272,ACC_001141
CLM_0000273,ACC_001141
CLM_0000274,ACC_000856
CLM_0000275,ACC_001017
CLM_0000276,ACC_001158
CLM_0000277,ACC_001158
CLM_0000278,ACC_000084
CLM_0000279,ACC_000084
CLM_0000280,ACC_000854
CLM_0000281,ACC_000854
CLM_0000282,ACC_000854
CLM_0000283,ACC_000409
CLM_0000284,ACC_000411
CLM_0000285,ACC_000856
CLM_0000286,ACC_000856
CLM_0000287,ACC_000856
CLM_0000288,ACC_000410
CLM_0000289,ACC_000695
CLM_0000290,ACC_000695
CLM_0000291,ACC_000332
CLM_0000292,ACC_000332
CLM_0000293,ACC_000638
CLM_0000294,ACC_000638
CLM_0000295,ACC_000638
CLM_0000296,ACC_001076
CLM_0000297,ACC_000408
CLM_0000298,ACC_000408
CLM_0000299,ACC_000408
CLM_0000300,ACC_000282
CLM_0000301,ACC_000282
CLM_0000302,ACC_000282
CLM_0000303,ACC_000412
CLM_0000304,ACC_000412
CLM_0000305,ACC_001076
CLM_0000306,ACC_001076
CLM_0000307,ACC_001076
CLM_0000308,ACC_000872
CLM_0000309,ACC_000872
CLM_0000310,ACC_000872
CLM_0000311,ACC_000856
CLM_0000312,ACC_000856
CLM_0000313,ACC_000492
CLM_0000314,ACC_000492
CLM_0000315,ACC_000492
CLM_0000316,ACC_000282
CLM_0000317,ACC_001016
CLM_0000318,ACC_001016
CLM_0000319,ACC_000411
CLM_0000320,ACC_000411
CLM_0000321,ACC_001157
CLM_0000322,ACC_001157
CLM_0000323,ACC_000019
CLM_0000324,ACC_000019
CLM_0000325,ACC_000019
CLM_0000326,ACC_001113
CLM_0000327,ACC_000685
CLM_0000328,ACC_000685
CLM_0000329,ACC_000911
CLM_0000330,ACC_000911
CLM_0000331,ACC_000911
CLM_0000332,ACC_000210
CLM_0000333,ACC_000143
CLM_0000334,ACC_000716
CLM_0000335,ACC_000716
CLM_0000336,ACC_000848
CLM_0000337,ACC_001088
CLM_0000338,ACC_001088
CLM_0000339,ACC_001088
CLM_0000340,ACC_000060
CLM_0000341,ACC_000060
CLM_0000342,ACC_000060
CLM_0000343,ACC_000640
CLM_0000344,ACC_000640
CLM_0000345,ACC_000640
CLM_0000346,ACC_000283
CLM_0000347,ACC_000283
CLM_0000348,ACC_000410
CLM_0000349,ACC_000410
CLM_0000350,ACC_000771
CLM_0000351,ACC_000771
CLM_0000352,ACC_000911
CLM_0000353,ACC_000911
CLM_0000354,ACC_000911
CLM_0000355,ACC_001138
CLM_0000356,ACC_001138
CLM_0000357,ACC_000044
CLM_0000358,ACC_000044
CLM_0000359,ACC_000044
CLM_0000360,ACC_001076
CLM_0000361,ACC_001076
CLM_0000362,ACC_001076
CLM_0000363,ACC_000647
CLM_0000364,ACC_000061
CLM_0000365,ACC_000318
CLM_0000366,ACC_000318
CLM_0000367,ACC_000318
CLM_0000368,ACC_000283
CLM_0000369,ACC_000283
CLM_0000370,ACC_000283
CLM_0000371,ACC_000397
CLM_0000372,ACC_000397
CLM_0000373,ACC_000397
CLM_0000374,ACC_000061
CLM_0000375,ACC_000408
CLM_0000376,ACC_000144
CLM_0000377,ACC_000144
CLM_0000378,ACC_000144
CLM_0000379,ACC_000282
CLM_0000380,ACC_000280
CLM_0000381,ACC_000280
CLM_0000382,ACC_000813
CLM_0000383,ACC_000813
CLM_0000384,ACC_000813
CLM_0000385,ACC_000074
CLM_0000386,ACC_000074
CLM_0000387,ACC_000283
CLM_0000388,ACC_000283
CLM_0000389,ACC_000239
CLM_0000390,ACC_000239
CLM_0000391,ACC_000239
CLM_0000392,ACC_000814
CLM_0000393,ACC_000858
CLM_0000394,ACC_000858
CLM_0000395,ACC_000858
CLM_0000396,ACC_000410
CLM_0000397,ACC_000410
CLM_0000398,ACC_000911
CLM_0000399,ACC_000407
CLM_0000400,ACC_000013
CLM_0000401,ACC_000013
CLM_0000402,ACC_000135
CLM_0000403,ACC_000181
CLM_0000404,ACC_000642
CLM_0000405,ACC_000642
CLM_0000406,ACC_000642
CLM_0000407,ACC_000043
CLM_0000408,ACC_000044
CLM_0000409,ACC_000044
CLM_0000410,ACC_000498
CLM_0000411,ACC_000498
CLM_0000412,ACC_000362
CLM_0000413,ACC_000362
CLM_0000414,ACC_000362
CLM_0000415,ACC_000060
CLM_0000416,ACC_000060
CLM_0000417,ACC_000060
CLM_0000418,ACC_001142
CLM_0000419,ACC_001142
CLM_0000420,ACC_001142
CLM_0000421,ACC_000003
CLM_0000422,ACC_000003
CLM_0000423,ACC_000409
CLM_0000424,ACC_000409
CLM_0000425,ACC_000409
CLM_0000426,ACC_001167
CLM_0000427,ACC_000282
CLM_0000428,ACC_000282
CLM_0000429,ACC_000282
CLM_0000430,ACC_000748
CLM_0000431,ACC_000748
CLM_0000432,ACC_000748
CLM_0000433,ACC_000685
CLM_0000434,ACC_000685
CLM_0000435,ACC_000873
CLM_0000436,ACC_000412
CLM_0000437,ACC_000412
CLM_0000438,ACC_000412
CLM_0000439,ACC_000283
CLM_0000440,ACC_000911
CLM_0000441,ACC_000660
CLM_0000442,ACC_000660
CLM_0000443,ACC_000660
CLM_0000444,ACC_000856
CLM_0000445,ACC_000856
CLM_0000446,ACC_000282
CLM_0000447,ACC_000282
CLM_0000448,ACC_000282
CLM_0000449,ACC_000320
CLM_0000450,ACC_000320
CLM_0000451,ACC_000320
CLM_0000452,ACC_001138
CLM_0000453,ACC_000044
CLM_0000454,ACC_000044
CLM_0000455,ACC_000044
CLM_0000456,ACC_000749
CLM_0000457,ACC_000749
CLM_0000458,ACC_000749
CLM_0000459,ACC_000117
CLM_0000460,ACC_000498
CLM_0000461,ACC_000498
CLM_0000462,ACC_000498
CLM_0000463,ACC_000037
CLM_0000464,ACC_000061
CLM_0000465,ACC_000061
CLM_0000466,ACC_000282
CLM_0000467,ACC_000319
CLM_0000468,ACC_000319
CLM_0000469,ACC_000319
CLM_0000470,ACC_000401
CLM_0000471,ACC_000542
CLM_0000472,ACC_000542
CLM_0000473,ACC_000205
CLM_0000474,ACC_000205
CLM_0000475,ACC_000205
CLM_0000476,ACC_000411
CLM_0000477,ACC_000409
CLM_0000478,ACC_000409
CLM_0000479,ACC_000282
CLM_0000480,ACC_000898
CLM_0000481,ACC_000498
CLM_0000482,ACC_000498
CLM_0000483,ACC_000498
CLM_0000484,ACC_000409
CLM_0000485,ACC_000409
CLM_0000486,ACC_000060
CLM_0000487,ACC_000060
CLM_0000488,ACC_000060
CLM_0000489,ACC_000461
CLM_0000490,ACC_000461
CLM_0000491,ACC_000461
CLM_0000492,ACC_000321
CLM_0000493,ACC_000321
CLM_0000494,ACC_000407
CLM_0000495,ACC_000407
CLM_0000496,ACC_000407
CLM_0000497,ACC_000332
CLM_0000498,ACC_000033
CLM_0000499,ACC_000033
CLM_0000500,ACC_000033
CLM_0000501,ACC_000856
CLM_0000502,ACC_000856
CLM_0000503,ACC_000856
CLM_0000504,ACC_000407
CLM_0000505,ACC_000407
CLM_0000506,ACC_000407
CLM_0000507,ACC_000910
CLM_0000508,ACC_000061
CLM_0000509,ACC_000061
CLM_0000510,ACC_000061
CLM_0000511,ACC_000060
CLM_0000512,ACC_000060
CLM_0000513,ACC_000060
CLM_0000514,ACC_000125
CLM_0000515,ACC_000125
CLM_0000516,ACC_000125
CLM_0000517,ACC_000153
CLM_0000518,ACC_000153
CLM_0000519,ACC_000044
CLM_0000520,ACC_000044
CLM_0000521,ACC_000283
CLM_0000522,ACC_000143
CLM_0000523,ACC_000498
CLM_0000524,ACC_000498
CLM_0000525,ACC_000498
CLM_0000526,ACC_000283
CLM_0000527,ACC_000061
CLM_0000528,ACC_000061
CLM_0000529,ACC_000061
CLM_0000530,ACC_000873
CLM_0000531,ACC_000873
CLM_0000532,ACC_000873
CLM_0000533,ACC_001138
CLM_0000534,ACC_001138
CLM_0000535,ACC_001019
CLM_0000536,ACC_001019
CLM_0000537,ACC_001019
CLM_0000538,ACC_000409
CLM_0000539,ACC_000409
CLM_0000540,ACC_000409
CLM_0000541,ACC_000911
CLM_0000542,ACC_000911
CLM_0000543,ACC_000911
CLM_0000544,ACC_000911
CLM_0000545,ACC_000911
CLM_0000546,ACC_000060
CLM_0000547,ACC_000060
CLM_0000548,ACC_000060
CLM_0000549,ACC_001029
CLM_0000550,ACC_001029
CLM_0000551,ACC_000043
CLM_0000552,ACC_000043
CLM_0000553,ACC_000132
CLM_0000554,ACC_000132
CLM_0000555,ACC_000282
CLM_0000556,ACC_000878
CLM_0000557,ACC_000878
CLM_0000558,ACC_000878
CLM_0000559,ACC_000663
CLM_0000560,ACC_001151
CLM_0000561,ACC_001116
CLM_0000562,ACC_000282
CLM_0000563,ACC_000282
CLM_0000564,ACC_000282
CLM_0000565,ACC_000409
CLM_0000566,ACC_000409
CLM_0000567,ACC_000409
CLM_0000568,ACC_001054
CLM_0000569,ACC_001054
CLM_0000570,ACC_001054
CLM_0000571,ACC_000461
CLM_0000572,ACC_000461
CLM_0000573,ACC_000461
CLM_0000574,ACC_000797
CLM_0000575,ACC_000797
CLM_0000576,ACC_000797
CLM_0000577,ACC_000905
CLM_0000578,ACC_000176
CLM_0000579,ACC_000176
CLM_0000580,ACC_000176
CLM_0000581,ACC_000517
CLM_0000582,ACC_000517
CLM_0000583,ACC_000517
CLM_0000584,ACC_000410
CLM_0000585,ACC_000870
CLM_0000586,ACC_001138
CLM_0000587,ACC_001138
CLM_0000588,ACC_001138
CLM_0000589,ACC_001037
CLM_0000590,ACC_000094
CLM_0000591,ACC_000094
CLM_0000592,ACC_001076
CLM_0000593,ACC_001076
CLM_0000594,ACC_000044
CLM_0000595,ACC_000044
CLM_0000596,ACC_000044
CLM_0000597,ACC_000856
CLM_0000598,ACC_000856
CLM_0000599,ACC_000205
CLM_0000600,ACC_000410
CLM_0000601,ACC_000060
CLM_0000602,ACC_000060
CLM_0000603,ACC_000410
CLM_0000604,ACC_000061
CLM_0000605,ACC_000061
CLM_0000606,ACC_000061
CLM_0000607,ACC_000143
CLM_0000608,ACC_001195
CLM_0000609,ACC_001195
CLM_0000610,ACC_001094
CLM_0000611,ACC_001094
CLM_0000612,ACC_000715
CLM_0000613,ACC_000715
CLM_0000614,ACC_000043
CLM_0000615,ACC_000061
CLM_0000616,ACC_000061
CLM_0000617,ACC_000061
CLM_0000618,ACC_000282
CLM_0000619,ACC_000282
CLM_0000620,ACC_000872
CLM_0000621,ACC_000872
CLM_0000622,ACC_000115
CLM_0000623,ACC_000115
CLM_0000624,ACC_000115
CLM_0000625,ACC_000308
CLM_0000626,ACC_000957
CLM_0000627,ACC_000957
CLM_0000628,ACC_000957
CLM_0000629,ACC_000333
CLM_0000630,ACC_000333
CLM_0000631,ACC_000333
CLM_0000632,ACC_001158
CLM_0000633,ACC_000209
CLM_0000634,ACC_000209
CLM_0000635,ACC_000408
CLM_0000636,ACC_000408
CLM_0000637,ACC_000408
CLM_0000638,ACC_000407
CLM_0000639,ACC_000407
CLM_0000640,ACC_000407
CLM_0000641,ACC_000060
CLM_0000642,ACC_000060
CLM_0000643,ACC_000772
CLM_0000644,ACC_000984
CLM_0000645,ACC_000282
CLM_0000646,ACC_000061
CLM_0000647,ACC_000061
CLM_0000648,ACC_000176
CLM_0000649,ACC_000569
CLM_0000650,ACC_000569
CLM_0000651,ACC_000282
CLM_0000652,ACC_000282
CLM_0000653,ACC_000282
CLM_0000654,ACC_000282
CLM_0000655,ACC_000116
CLM_0000656,ACC_000116
CLM_0000657,ACC_000116
CLM_0000658,ACC_000412
CLM_0000659,ACC_000412
CLM_0000660,ACC_000282
CLM_0000661,ACC_000282
CLM_0000662,ACC_000282
CLM_0000663,ACC_000404
CLM_0000664,ACC_000003
CLM_0000665,ACC_000411
CLM_0000666,ACC_000411
CLM_0000667,ACC_000411
CLM_0000668,ACC_000211
CLM_0000669,ACC_000043
CLM_0000670,ACC_000043
CLM_0000671,ACC_000358
CLM_0000672,ACC_000779
CLM_0000673,ACC_000779
CLM_0000674,ACC_000193
CLM_0000675,ACC_000193
CLM_0000676,ACC_000240
CLM_0000677,ACC_000516
CLM_0000678,ACC_000516
CLM_0000679,ACC_000176
CLM_0000680,ACC_000877
CLM_0000681,ACC_000389
CLM_0000682,ACC_000020
CLM_0000683,ACC_000020
CLM_0000684,ACC_000020
CLM_0000685,ACC_001056
CLM_0000686,ACC_000013
CLM_0000687,ACC_000013
CLM_0000688,ACC_000013
CLM_0000689,ACC_001076
CLM_0000690,ACC_001076
CLM_0000691,ACC_000100
CLM_0000692,ACC_000100
CLM_0000693,ACC_000283
CLM_0000694,ACC_000283
CLM_0000695,ACC_000283
CLM_0000696,ACC_000282
CLM_0000697,ACC_000282
CLM_0000698,ACC_000282
CLM_0000699,ACC_000603
CLM_0000700,ACC_000283
CLM_0000701,ACC_000283
CLM_0000702,ACC_000872
CLM_0000703,ACC_000144
CLM_0000704,ACC_000144
CLM_0000705,ACC_000045
CLM_0000706,ACC_000045
CLM_0000707,ACC_000009
CLM_0000708,ACC_000009
CLM_0000709,ACC_000716
CLM_0000710,ACC_000331
CLM_0000711,ACC_000331
CLM_0000712,ACC_000331
CLM_0000713,ACC_000911
CLM_0000714,ACC_000911
CLM_0000715,ACC_000283
CLM_0000716,ACC_000283
CLM_0000717,ACC_000283
CLM_0000718,ACC_000144
CLM_0000719,ACC_000144
CLM_0000720,ACC_000144
CLM_0000721,ACC_000144
CLM_0000722,ACC_000144
CLM_0000723,ACC_000282
CLM_0000724,ACC_000282
CLM_0000725,ACC_000282
CLM_0000726,ACC_000003
CLM_0000727,ACC_000003
CLM_0000728,ACC_000003
CLM_0000729,ACC_000283
CLM_0000730,ACC_000283
CLM_0000731,ACC_000407
CLM_0000732,ACC_000061
CLM_0000733,ACC_000061
CLM_0000734,ACC_000061
CLM_0000735,ACC_001015
CLM_0000736,ACC_000060
CLM_0000737,ACC_000516
CLM_0000738,ACC_000911
CLM_0000739,ACC_000911
CLM_0000740,ACC_000911
CLM_0000741,ACC_000195
CLM_0000742,ACC_000283
CLM_0000743,ACC_000283
CLM_0000744,ACC_000283
CLM_0000745,ACC_000283
CLM_0000746,ACC_000283
CLM_0000747,ACC_001076
CLM_0000748,ACC_000153
CLM_0000749,ACC_000153
CLM_0000750,ACC_000282
CLM_0000751,ACC_000282
CLM_0000752,ACC_000282
CLM_0000753,ACC_000814
CLM_0000754,ACC_000814
CLM_0000755,ACC_000371
CLM_0000756,ACC_000371
CLM_0000757,ACC_001113
CLM_0000758,ACC_001113
CLM_0000759,ACC_001113
CLM_0000760,ACC_000282
CLM_0000761,ACC_001016
CLM_0000762,ACC_001016
CLM_0000763,ACC_000411
CLM_0000764,ACC_000411
CLM_0000765,ACC_000872
CLM_0000766,ACC_000872
CLM_0000767,ACC_000872
CLM_0000768,ACC_000498
CLM_0000769,ACC_000984
CLM_0000770,ACC_000411
CLM_0000771,ACC_000411
CLM_0000772,ACC_000332
CLM_0000773,ACC_001058
CLM_0000774,ACC_000411
CLM_0000775,ACC_000220
CLM_0000776,ACC_000409
CLM_0000777,ACC_000291
CLM_0000778,ACC_000291
CLM_0000779,ACC_000043
CLM_0000780,ACC_000749
CLM_0000781,ACC_000749
CLM_0000782,ACC_000282
CLM_0000783,ACC_000282
CLM_0000784,ACC_000060
CLM_0000785,ACC_000060
CLM_0000786,ACC_000057
CLM_0000787,ACC_000057
CLM_0000788,ACC_000332
CLM_0000789,ACC_000854
CLM_0000790,ACC_000854
CLM_0000791,ACC_000854
CLM_0000792,ACC_000060
CLM_0000793,ACC_000282
CLM_0000794,ACC_000282
CLM_0000795,ACC_001016
CLM_0000796,ACC_001016
CLM_0000797,ACC_001016
CLM_0000798,ACC_000282
CLM_0000799,ACC_000282
CLM_0000800,ACC_000043
CLM_0000801,ACC_000282
CLM_0000802,ACC_000283
CLM_0000803,ACC_000283
CLM_0000804,ACC_000193
CLM_0000805,ACC_000365
CLM_0000806,ACC_000365
CLM_0000807,ACC_000943
CLM_0000808,ACC_000943
CLM_0000809,ACC_001138
CLM_0000810,ACC_001138
CLM_0000811,ACC_000904
CLM_0000812,ACC_000904
CLM_0000813,ACC_000904
CLM_0000814,ACC_000873
CLM_0000815,ACC_000873
CLM_0000816,ACC_000283
CLM_0000817,ACC_000117
CLM_0000818,ACC_000333
CLM_0000819,ACC_001019
CLM_0000820,ACC_001019
CLM_0000821,ACC_000814
CLM_0000822,ACC_000814
CLM_0000823,ACC_000814
CLM_0000824,ACC_001058
CLM_0000825,ACC_000813
CLM_0000826,ACC_000239
CLM_0000827,ACC_000180
CLM_0000828,ACC_000180
CLM_0000829,ACC_000180
CLM_0000830,ACC_000003
CLM_0000831,ACC_000333
CLM_0000832,ACC_001017
CLM_0000833,ACC_001017
CLM_0000834,ACC_000408
CLM_0000835,ACC_001015
CLM_0000836,ACC_000117
CLM_0000837,ACC_000117
CLM_0000838,ACC_000283
CLM_0000839,ACC_000283
CLM_0000840,ACC_000283
CLM_0000841,ACC_000172
CLM_0000842,ACC_000172
CLM_0000843,ACC_000172
CLM_0000844,ACC_000814
CLM_0000845,ACC_000814
CLM_0000846,ACC_000814
CLM_0000847,ACC_000061
CLM_0000848,ACC_001058
CLM_0000849,ACC_000910
CLM_0000850,ACC_000910
CLM_0000851,ACC_000045
CLM_0000852,ACC_000045
CLM_0000853,ACC_000045
CLM_0000854,ACC_000911
CLM_0000855,ACC_000911
CLM_0000856,ACC_000911
CLM_0000857,ACC_000289
CLM_0000858,ACC_000289
CLM_0000859,ACC_000289
CLM_0000860,ACC_000781
CLM_0000861,ACC_000781
CLM_0000862,ACC_000552
CLM_0000863,ACC_000552
CLM_0000864,ACC_000516
CLM_0000865,ACC_000084
CLM_0000866,ACC_000084
CLM_0000867,ACC_000814
CLM_0000868,ACC_000814
CLM_0000869,ACC_001074
CLM_0000870,ACC_001074
CLM_0000871,ACC_000411
CLM_0000872,ACC_000411
CLM_0000873,ACC_001054
CLM_0000874,ACC_001054
CLM_0000875,ACC_001054
CLM_0000876,ACC_001058
CLM_0000877,ACC_001058
CLM_0000878,ACC_001058
CLM_0000879,ACC_000060
CLM_0000880,ACC_000060
CLM_0000881,ACC_000060
CLM_0000882,ACC_000412
CLM_0000883,ACC_000929
CLM_0000884,ACC_000929
CLM_0000885,ACC_001138
CLM_0000886,ACC_000045
CLM_0000887,ACC_000013
CLM_0000888,ACC_000013
CLM_0000889,ACC_000013
CLM_0000890,ACC_000569
CLM_0000891,ACC_000386
CLM_0000892,ACC_000282
CLM_0000893,ACC_000282
CLM_0000894,ACC_000061
CLM_0000895,ACC_000061
CLM_0000896,ACC_000282
CLM_0000897,ACC_000282
CLM_0000898,ACC_000498
CLM_0000899,ACC_000283
CLM_0000900,ACC_000411
CLM_0000901,ACC_000411
CLM_0000902,ACC_000411
CLM_0000903,ACC_000174
CLM_0000904,ACC_000044
CLM_0000905,ACC_000044
CLM_0000906,ACC_000044
CLM_0000907,ACC_000044
CLM_0000908,ACC_000910
CLM_0000909,ACC_000910
CLM_0000910,ACC_000192
CLM_0000911,ACC_000192
CLM_0000912,ACC_000192
CLM_0000913,ACC_000283
CLM_0000914,ACC_000283
CLM_0000915,ACC_000283
CLM_0000916,ACC_000282
CLM_0000917,ACC_001138
CLM_0000918,ACC_000410
CLM_0000919,ACC_000856
CLM_0000920,ACC_000856
CLM_0000921,ACC_000856
CLM_0000922,ACC_001016
CLM_0000923,ACC_001016
CLM_0000924,ACC_000173
CLM_0000925,ACC_000173
CLM_0000926,ACC_000410
CLM_0000927,ACC_000172
CLM_0000928,ACC_000573
CLM_0000929,ACC_000719
CLM_0000930,ACC_000283
CLM_0000931,ACC_000283
CLM_0000932,ACC_000283
CLM_0000933,ACC_000143
CLM_0000934,ACC_000143
CLM_0000935,ACC_000143
CLM_0000936,ACC_000117
CLM_0000937,ACC_000117
CLM_0000938,ACC_000911
CLM_0000939,ACC_000911
CLM_0000940,ACC_000412
CLM_0000941,ACC_000412
CLM_0000942,ACC_000412
CLM_0000943,ACC_000395
CLM_0000944,ACC_000395
CLM_0000945,ACC_000238
CLM_0000946,ACC_000238
CLM_0000947,ACC_000561
CLM_0000948,ACC_000391
CLM_0000949,ACC_000391
CLM_0000950,ACC_000391
CLM_0000951,ACC_000239
CLM_0000952,ACC_000282
CLM_0000953,ACC_000282
CLM_0000954,ACC_001015
CLM_0000955,ACC_001015
CLM_0000956,ACC_000340
CLM_0000957,ACC_000282
CLM_0000958,ACC_000282
CLM_0000959,ACC_000282
CLM_0000960,ACC_000379
CLM_0000961,ACC_000042
CLM_0000962,ACC_000042
CLM_0000963,ACC_000042
CLM_0000964,ACC_000813
CLM_0000965,ACC_000282
CLM_0000966,ACC_000779
CLM_0000967,ACC_000283
CLM_0000968,ACC_000283
CLM_0000969,ACC_000171
CLM_0000970,ACC_000171
CLM_0000971,ACC_000171
CLM_0000972,ACC_000411
CLM_0000973,ACC_000411
CLM_0000974,ACC_000720
CLM_0000975,ACC_000814
CLM_0000976,ACC_000043
CLM_0000977,ACC_000043
CLM_0000978,ACC_000282
CLM_0000979,ACC_000870
CLM_0000980,ACC_000870
CLM_0000981,ACC_000870
CLM_0000982,ACC_000044
CLM_0000983,ACC_000044
CLM_0000984,ACC_000283
CLM_0000985,ACC_000408
CLM_0000986,ACC_000663
CLM_0000987,ACC_000663
CLM_0000988,ACC_000410
CLM_0000989,ACC_000410
CLM_0000990,ACC_000410
CLM_0000991,ACC_000410
CLM_0000992,ACC_000410
CLM_0000993,ACC_001017
CLM_0000994,ACC_000843
CLM_0000995,ACC_000843
CLM_0000996,ACC_000843
CLM_0000997,ACC_000717
CLM_0000998,ACC_000717
CLM_0000999,ACC_000717
CLM_0001000,ACC_000283
CLM_0001001,ACC_000283
CLM_0001002,ACC_000282
CLM_0001003,ACC_000282
CLM_0001004,ACC_000282
CLM_0001005,ACC_000989
CLM_0001006,ACC_000989
CLM_0001007,ACC_000175
CLM_0001008,ACC_000175
CLM_0001009,ACC_000175
CLM_0001010,ACC_000799
CLM_0001011,ACC_000799
CLM_0001012,ACC_000799
CLM_0001013,ACC_000408
CLM_0001014,ACC_000408
CLM_0001015,ACC_000062
CLM_0001016,ACC_000409
CLM_0001017,ACC_000409
CLM_0001018,ACC_001054
CLM_0001019,ACC_001054
CLM_0001020,ACC_001054
CLM_0001021,ACC_001055
CLM_0001022,ACC_000710
CLM_0001023,ACC_000710
CLM_0001024,ACC_000855
CLM_0001025,ACC_000855
CLM_0001026,ACC_000408
CLM_0001027,ACC_000408
CLM_0001028,ACC_000408
CLM_0001029,ACC_000060
CLM_0001030,ACC_000060
CLM_0001031,ACC_000038
CLM_0001032,ACC_000855
CLM_0001033,ACC_000407
CLM_0001034,ACC_000407
CLM_0001035,ACC_000407
CLM_0001036,ACC_000280
CLM_0001037,ACC_000280
CLM_0001038,ACC_000280
CLM_0001039,ACC_000408
CLM_0001040,ACC_000408
CLM_0001041,ACC_000408
CLM_0001042,ACC_000333
CLM_0001043,ACC_001057
CLM_0001044,ACC_000900
CLM_0001045,ACC_000900
CLM_0001046,ACC_000911
CLM_0001047,ACC_000911
CLM_0001048,ACC_000911
CLM_0001049,ACC_000411
CLM_0001050,ACC_000282
CLM_0001051,ACC_000282
CLM_0001052,ACC_000282
CLM_0001053,ACC_000759
CLM_0001054,ACC_000759
CLM_0001055,ACC_000019
CLM_0001056,ACC_000019
CLM_0001057,ACC_000910
CLM_0001058,ACC_000910
CLM_0001059,ACC_001121
CLM_0001060,ACC_001121
CLM_0001061,ACC_000407
CLM_0001062,ACC_000407
CLM_0001063,ACC_000407
CLM_0001064,ACC_000454
CLM_0001065,ACC_000454
CLM_0001066,ACC_000516
CLM_0001067,ACC_000516
CLM_0001068,ACC_000856
CLM_0001069,ACC_000410
CLM_0001070,ACC_000410
CLM_0001071,ACC_000060
CLM_0001072,ACC_000060
CLM_0001073,ACC_000060
CLM_0001074,ACC_000283
CLM_0001075,ACC_001158
CLM_0001076,ACC_001158
CLM_0001077,ACC_000283
CLM_0001078,ACC_000283
CLM_0001079,ACC_000710
CLM_0001080,ACC_000283
CLM_0001081,ACC_000044
CLM_0001082,ACC_000044
CLM_0001083,ACC_000412
CLM_0001084,ACC_000412
CLM_0001085,ACC_000412
CLM_0001086,ACC_000061
CLM_0001087,ACC_000061
CLM_0001088,ACC_000060
CLM_0001089,ACC_000333
CLM_0001090,ACC_000498
CLM_0001091,ACC_000282
CLM_0001092,ACC_000282
CLM_0001093,ACC_000117
CLM_0001094,ACC_000117
CLM_0001095,ACC_000172
CLM_0001096,ACC_000172
CLM_0001097,ACC_000072
CLM_0001098,ACC_000072
CLM_0001099,ACC_000330
CLM_0001100,ACC_000330
CLM_0001101,ACC_001055
CLM_0001102,ACC_001055
CLM_0001103,ACC_001055
CLM_0001104,ACC_001037
CLM_0001105,ACC_001037
CLM_0001106,ACC_001057
CLM_0001107,ACC_000179
CLM_0001108,ACC_000179
CLM_0001109,ACC_000179
CLM_0001110,ACC_000409
CLM_0001111,ACC_000412
CLM_0001112,ACC_000412
CLM_0001113,ACC_000984
CLM_0001114,ACC_000984
CLM_0001115,ACC_000854
CLM_0001116,ACC_000854
CLM_0001117,ACC_000854
CLM_0001118,ACC_000144
CLM_0001119,ACC_000144
CLM_0001120,ACC_000562
CLM_0001121,ACC_000562
CLM_0001122,ACC_000716
CLM_0001123,ACC_000716
CLM_0001124,ACC_000716
CLM_0001125,ACC_000790
CLM_0001126,ACC_000790
CLM_0001127,ACC_000790
CLM_0001128,ACC_000910
CLM_0001129,ACC_000910
CLM_0001130,ACC_000666
CLM_0001131,ACC_000666
CLM_0001132,ACC_000666
CLM_0001133,ACC_000761
CLM_0001134,ACC_000761
CLM_0001135,ACC_000761
CLM_0001136,ACC_001158
CLM_0001137,ACC_001158
CLM_0001138,ACC_001158
CLM_0001139,ACC_000358
CLM_0001140,ACC_000358
CLM_0001141,ACC_000358
CLM_0001142,ACC_000044
CLM_0001143,ACC_000061
CLM_0001144,ACC_000749
CLM_0001145,ACC_000047
CLM_0001146,ACC_000176
CLM_0001147,ACC_000176
CLM_0001148,ACC_000176
CLM_0001149,ACC_000854
CLM_0001150,ACC_000854
CLM_0001151,ACC_000854
CLM_0001152,ACC_000854
CLM_0001153,ACC_000854
CLM_0001154,ACC_000854
CLM_0001155,ACC_000498
CLM_0001156,ACC_000043
CLM_0001157,ACC_000043
CLM_0001158,ACC_000873
CLM_0001159,ACC_000873
CLM_0001160,ACC_000061
CLM_0001161,ACC_000061
CLM_0001162,ACC_000412
CLM_0001163,ACC_000412
CLM_0001164,ACC_001017
CLM_0001165,ACC_000280
CLM_0001166,ACC_000144
CLM_0001167,ACC_000144
CLM_0001168,ACC_000144
CLM_0001169,ACC_001017
CLM_0001170,ACC_000410
CLM_0001171,ACC_000410
CLM_0001172,ACC_000679
CLM_0001173,ACC_000679
CLM_0001174,ACC_000679
CLM_0001175,ACC_000719
CLM_0001176,ACC_000719
CLM_0001177,ACC_000719
CLM_0001178,ACC_000984
CLM_0001179,ACC_000043
CLM_0001180,ACC_000463
CLM_0001181,ACC_000463
CLM_0001182,ACC_000419
CLM_0001183,ACC_000419
CLM_0001184,ACC_000419
CLM_0001185,ACC_000282
CLM_0001186,ACC_000282
CLM_0001187,ACC_000060
CLM_0001188,ACC_000060
CLM_0001189,ACC_000517
CLM_0001190,ACC_000044
CLM_0001191,ACC_000044
CLM_0001192,ACC_000332
CLM_0001193,ACC_000407
CLM_0001194,ACC_000407
CLM_0001195,ACC_000044
CLM_0001196,ACC_000044
CLM_0001197,ACC_000239
CLM_0001198,ACC_000239
CLM_0001199,ACC_000239
CLM_0001200,ACC_000910
CLM_0001201,ACC_000910
CLM_0001202,ACC_001088
CLM_0001203,ACC_000009
CLM_0001204,ACC_000061
CLM_0001205,ACC_000061
CLM_0001206,ACC_000641
CLM_0001207,ACC_000641
CLM_0001208,ACC_000641
CLM_0001209,ACC_000984
CLM_0001210,ACC_000984
CLM_0001211,ACC_000282
CLM_0001212,ACC_000282
CLM_0001213,ACC_000282
CLM_0001214,ACC_000283
CLM_0001215,ACC_000283
CLM_0001216,ACC_000283
CLM_0001217,ACC_000333
CLM_0001218,ACC_000333
CLM_0001219,ACC_000333
CLM_0001220,ACC_000409
CLM_0001221,ACC_000409
CLM_0001222,ACC_000409
CLM_0001223,ACC_000053
CLM_0001224,ACC_000053
CLM_0001225,ACC_000053
CLM_0001226,ACC_000283
CLM_0001227,ACC_000117
CLM_0001228,ACC_000117
CLM_0001229,ACC_000282
CLM_0001230,ACC_000282
CLM_0001231,ACC_000392
CLM_0001232,ACC_000392
CLM_0001233,ACC_000407
CLM_0001234,ACC_000407
CLM_0001235,ACC_000407
CLM_0001236,ACC_000282
CLM_0001237,ACC_000421
CLM_0001238,ACC_000813
CLM_0001239,ACC_000813
CLM_0001240,ACC_000045
CLM_0001241,ACC_000045
CLM_0001242,ACC_000331
CLM_0001243,ACC_000331
CLM_0001244,ACC_000331
CLM_0001245,ACC_000872
CLM_0001246,ACC_000872
CLM_0001247,ACC_000061
CLM_0001248,ACC_000061
CLM_0001249,ACC_000061
CLM_0001250,ACC_000814
CLM_0001251,ACC_000814
CLM_0001252,ACC_000060
CLM_0001253,ACC_000060
CLM_0001254,ACC_000060
CLM_0001255,ACC_000769
CLM_0001256,ACC_000769
CLM_0001257,ACC_000408
CLM_0001258,ACC_000283
CLM_0001259,ACC_000283
CLM_0001260,ACC_000878
CLM_0001261,ACC_000878
CLM_0001262,ACC_000412
CLM_0001263,ACC_000061
CLM_0001264,ACC_000061
CLM_0001265,ACC_000238
CLM_0001266,ACC_000238
CLM_0001267,ACC_000238
CLM_0001268,ACC_000408
CLM_0001269,ACC_000408
CLM_0001270,ACC_000408
CLM_0001271,ACC_000282
CLM_0001272,ACC_000719
CLM_0001273,ACC_000719
CLM_0001274,ACC_000045
CLM_0001275,ACC_000878
CLM_0001276,ACC_000878
CLM_0001277,ACC_000055
CLM_0001278,ACC_000910
CLM_0001279,ACC_000910
CLM_0001280,ACC_000856
CLM_0001281,ACC_000283
CLM_0001282,ACC_000283
CLM_0001283,ACC_000283
CLM_0001284,ACC_000790
CLM_0001285,ACC_000045
CLM_0001286,ACC_000045
CLM_0001287,ACC_000045
CLM_0001288,ACC_000854
CLM_0001289,ACC_000854
CLM_0001290,ACC_000854
CLM_0001291,ACC_000411
CLM_0001292,ACC_000411
CLM_0001293,ACC_000790
CLM_0001294,ACC_000790
CLM_0001295,ACC_000209
CLM_0001296,ACC_000209
CLM_0001297,ACC_000061
CLM_0001298,ACC_000061
CLM_0001299,ACC_000061
CLM_0001300,ACC_000094
CLM_0001301,ACC_000094
CLM_0001302,ACC_000411
CLM_0001303,ACC_000411
CLM_0001304,ACC_000411
CLM_0001305,ACC_000171
CLM_0001306,ACC_000171
CLM_0001307,ACC_000171
CLM_0001308,ACC_000454
CLM_0001309,ACC_000813
CLM_0001310,ACC_000813
CLM_0001311,ACC_000813
CLM_0001312,ACC_000205
CLM_0001313,ACC_000813
CLM_0001314,ACC_000813
CLM_0001315,ACC_000283
CLM_0001316,ACC_000283
CLM_0001317,ACC_000283
CLM_0001318,ACC_000615
CLM_0001319,ACC_000615
CLM_0001320,ACC_000615
CLM_0001321,ACC_000143
CLM_0001322,ACC_000143
CLM_0001323,ACC_000282
CLM_0001324,ACC_000282
CLM_0001325,ACC_001111
CLM_0001326,ACC_001111
CLM_0001327,ACC_001111
CLM_0001328,ACC_000283
CLM_0001329,ACC_000283
CLM_0001330,ACC_001017
CLM_0001331,ACC_001017
CLM_0001332,ACC_001015
CLM_0001333,ACC_000283
CLM_0001334,ACC_000043
CLM_0001335,ACC_000043
CLM_0001336,ACC_000061
CLM_0001337,ACC_000146
CLM_0001338,ACC_000854
CLM_0001339,ACC_000854
CLM_0001340,ACC_000172
CLM_0001341,ACC_000749
CLM_0001342,ACC_000749
CLM_0001343,ACC_000749
CLM_0001344,ACC_000282
CLM_0001345,ACC_000282
CLM_0001346,ACC_000282
CLM_0001347,ACC_000282
CLM_0001348,ACC_000282
CLM_0001349,ACC_000404
CLM_0001350,ACC_000404
CLM_0001351,ACC_000404
CLM_0001352,ACC_001106
CLM_0001353,ACC_000813
CLM_0001354,ACC_000813
CLM_0001355,ACC_000813
CLM_0001356,ACC_000283
CLM_0001357,ACC_000283
CLM_0001358,ACC_000282
CLM_0001359,ACC_000282
CLM_0001360,ACC_000282
CLM_0001361,ACC_000282
CLM_0001362,ACC_000282
CLM_0001363,ACC_000280
CLM_0001364,ACC_000280
CLM_0001365,ACC_000769
CLM_0001366,ACC_000769
CLM_0001367,ACC_000282
CLM_0001368,ACC_000282
CLM_0001369,ACC_001015
CLM_0001370,ACC_000639
CLM_0001371,ACC_000639
CLM_0001372,ACC_000910
CLM_0001373,ACC_000910
CLM_0001374,ACC_000404
CLM_0001375,ACC_000283
CLM_0001376,ACC_000283
CLM_0001377,ACC_000283
CLM_0001378,ACC_000283
CLM_0001379,ACC_000282
CLM_0001380,ACC_000282
CLM_0001381,ACC_000033
CLM_0001382,ACC_000033
CLM_0001383,ACC_000033
CLM_0001384,ACC_000412
CLM_0001385,ACC_000412
CLM_0001386,ACC_001029
CLM_0001387,ACC_001029
CLM_0001388,ACC_000283
CLM_0001389,ACC_000283
CLM_0001390,ACC_000856
CLM_0001391,ACC_000117
CLM_0001392,ACC_000117
CLM_0001393,ACC_000283
CLM_0001394,ACC_000173
CLM_0001395,ACC_000412
CLM_0001396,ACC_000412
CLM_0001397,ACC_000693
CLM_0001398,ACC_000693
CLM_0001399,ACC_000693
CLM_0001400,ACC_000873
CLM_0001401,ACC_000873
CLM_0001402,ACC_000873
CLM_0001403,ACC_000410
CLM_0001404,ACC_000410
CLM_0001405,ACC_000410
CLM_0001406,ACC_000044
CLM_0001407,ACC_000045
CLM_0001408,ACC_000045
CLM_0001409,ACC_000045
CLM_0001410,ACC_000045
CLM_0001411,ACC_000045
CLM_0001412,ACC_000045
CLM_0001413,ACC_000392
CLM_0001414,ACC_000392
CLM_0001415,ACC_000392
CLM_0001416,ACC_000408
CLM_0001417,ACC_000408
CLM_0001418,ACC_001138
CLM_0001419,ACC_001138
CLM_0001420,ACC_001138
CLM_0001421,ACC_000333
CLM_0001422,ACC_000333
CLM_0001423,ACC_000333
CLM_0001424,ACC_001076
CLM_0001425,ACC_001076
CLM_0001426,ACC_001076
CLM_0001427,ACC_000273
CLM_0001428,ACC_000061
CLM_0001429,ACC_000061
CLM_0001430,ACC_000319
CLM_0001431,ACC_000319
CLM_0001432,ACC_000117
CLM_0001433,ACC_000117
CLM_0001434,ACC_000412
CLM_0001435,ACC_000412
CLM_0001436,ACC_000412
CLM_0001437,ACC_000282
CLM_0001438,ACC_000282
CLM_0001439,ACC_000282
CLM_0001440,ACC_000283
CLM_0001441,ACC_000283
CLM_0001442,ACC_000283
CLM_0001443,ACC_000280
CLM_0001444,ACC_000280
CLM_0001445,ACC_000280
CLM_0001446,ACC_000716
CLM_0001447,ACC_000716
CLM_0001448,ACC_000045
CLM_0001449,ACC_000045
CLM_0001450,ACC_000045
CLM_0001451,ACC_001056
CLM_0001452,ACC_001056
CLM_0001453,ACC_000045
CLM_0001454,ACC_001058
CLM_0001455,ACC_000409
CLM_0001456,ACC_000331
CLM_0001457,ACC_000331
CLM_0001458,ACC_000412
CLM_0001459,ACC_000412
CLM_0001460,ACC_000412
CLM_0001461,ACC_000144
CLM_0001462,ACC_000144
CLM_0001463,ACC_000282
CLM_0001464,ACC_000282
CLM_0001465,ACC_000282
CLM_0001466,ACC_000045
CLM_0001467,ACC_000045
CLM_0001468,ACC_001178
CLM_0001469,ACC_001055
CLM_0001470,ACC_001055
CLM_0001471,ACC_000856
CLM_0001472,ACC_000856
CLM_0001473,ACC_001055
CLM_0001474,ACC_001055
CLM_0001475,ACC_001055
CLM_0001476,ACC_001037
CLM_0001477,ACC_001037
CLM_0001478,ACC_000412
CLM_0001479,ACC_000412
CLM_0001480,ACC_000710
CLM_0001481,ACC_000710
CLM_0001482,ACC_000710
CLM_0001483,ACC_000060
CLM_0001484,ACC_000060
CLM_0001485,ACC_000410
CLM_0001486,ACC_000410
CLM_0001487,ACC_000410
CLM_0001488,ACC_001148
CLM_0001489,ACC_001148
CLM_0001490,ACC_000910
CLM_0001491,ACC_001054
CLM_0001492,ACC_001054
CLM_0001493,ACC_000910
CLM_0001494,ACC_000910
CLM_0001495,ACC_000516
CLM_0001496,ACC_000516
CLM_0001497,ACC_000516
CLM_0001498,ACC_000986
CLM_0001499,ACC_000911
CLM_0001500,ACC_000380
CLM_0001501,ACC_000797
CLM_0001502,ACC_000797
CLM_0001503,ACC_000409
CLM_0001504,ACC_000409
CLM_0001505,ACC_000409
CLM_0001506,ACC_000854
CLM_0001507,ACC_000408
CLM_0001508,ACC_000854
CLM_0001509,ACC_000854
CLM_0001510,ACC_000020
CLM_0001511,ACC_000020
CLM_0001512,ACC_000565
CLM_0001513,ACC_000144
CLM_0001514,ACC_000144
CLM_0001515,ACC_000498
CLM_0001516,ACC_000498
CLM_0001517,ACC_000498
CLM_0001518,ACC_000134
CLM_0001519,ACC_000134
CLM_0001520,ACC_000134
CLM_0001521,ACC_000283
CLM_0001522,ACC_000283
CLM_0001523,ACC_000283
CLM_0001524,ACC_000061
CLM_0001525,ACC_001138
CLM_0001526,ACC_001138
CLM_0001527,ACC_001138
CLM_0001528,ACC_000282
CLM_0001529,ACC_001056
CLM_0001530,ACC_001056
CLM_0001531,ACC_001056
CLM_0001532,ACC_000749
CLM_0001533,ACC_000749
CLM_0001534,ACC_000749
CLM_0001535,ACC_001204
CLM_0001536,ACC_001204
CLM_0001537,ACC_001054
CLM_0001538,ACC_001054
CLM_0001539,ACC_001054
CLM_0001540,ACC_000910
CLM_0001541,ACC_000071
CLM_0001542,ACC_000282
CLM_0001543,ACC_000282
CLM_0001544,ACC_000856
CLM_0001545,ACC_000855
CLM_0001546,ACC_000045
CLM_0001547,ACC_000045
CLM_0001548,ACC_000283
CLM_0001549,ACC_000848
CLM_0001550,ACC_000848
CLM_0001551,ACC_000380
CLM_0001552,ACC_000380
CLM_0001553,ACC_000283
CLM_0001554,ACC_000283
CLM_0001555,ACC_000060
CLM_0001556,ACC_000060
CLM_0001557,ACC_000060
CLM_0001558,ACC_000410
CLM_0001559,ACC_000410
CLM_0001560,ACC_000410
CLM_0001561,ACC_000283
CLM_0001562,ACC_000283
CLM_0001563,ACC_000143
CLM_0001564,ACC_000409
CLM_0001565,ACC_000813
CLM_0001566,ACC_000813
CLM_0001567,ACC_000813
CLM_0001568,ACC_000843
CLM_0001569,ACC_000843
CLM_0001570,ACC_000572
CLM_0001571,ACC_000910
CLM_0001572,ACC_000283
CLM_0001573,ACC_000143
CLM_0001574,ACC_000143
CLM_0001575,ACC_000044
CLM_0001576,ACC_000044
CLM_0001577,ACC_000044
CLM_0001578,ACC_000283
CLM_0001579,ACC_000283
CLM_0001580,ACC_000044
CLM_0001581,ACC_000044
CLM_0001582,ACC_000044
CLM_0001583,ACC_000205
CLM_0001584,ACC_000205
CLM_0001585,ACC_000408
CLM_0001586,ACC_000408
CLM_0001587,ACC_000408
CLM_0001588,ACC_001138
CLM_0001589,ACC_001138
CLM_0001590,ACC_000872
CLM_0001591,ACC_000282
CLM_0001592,ACC_000813
CLM_0001593,ACC_000813
CLM_0001594,ACC_000813
CLM_0001595,ACC_001015
CLM_0001596,ACC_000061
CLM_0001597,ACC_000061
CLM_0001598,ACC_000115
CLM_0001599,ACC_000115
CLM_0001600,ACC_001015
CLM_0001601,ACC_001015
CLM_0001602,ACC_001113
CLM_0001603,ACC_001113
CLM_0001604,ACC_001113
CLM_0001605,ACC_000412
CLM_0001606,ACC_000412
CLM_0001607,ACC_000412
CLM_0001608,ACC_000172
CLM_0001609,ACC_000172
CLM_0001610,ACC_000172
CLM_0001611,ACC_000727
CLM_0001612,ACC_000727
CLM_0001613,ACC_001054
CLM_0001614,ACC_000391
CLM_0001615,ACC_000391
CLM_0001616,ACC_000391
CLM_0001617,ACC_000872
CLM_0001618,ACC_000061
CLM_0001619,ACC_000061
CLM_0001620,ACC_000872
CLM_0001621,ACC_000399
CLM_0001622,ACC_000399
CLM_0001623,ACC_000399
CLM_0001624,ACC_000043
CLM_0001625,ACC_000043
CLM_0001626,ACC_000409
CLM_0001627,ACC_000409
CLM_0001628,ACC_000061
CLM_0001629,ACC_000143
CLM_0001630,ACC_000143
CLM_0001631,ACC_000143
CLM_0001632,ACC_001058
CLM_0001633,ACC_001058
CLM_0001634,ACC_001058
CLM_0001635,ACC_000332
CLM_0001636,ACC_000332
CLM_0001637,ACC_000144
CLM_0001638,ACC_000283
CLM_0001639,ACC_000061
CLM_0001640,ACC_000061
CLM_0001641,ACC_000061
CLM_0001642,ACC_000205
CLM_0001643,ACC_000410
CLM_0001644,ACC_000060
CLM_0001645,ACC_000060
CLM_0001646,ACC_000060
CLM_0001647,ACC_000211
CLM_0001648,ACC_000211
CLM_0001649,ACC_000117
CLM_0001650,ACC_000117
CLM_0001651,ACC_000409
CLM_0001652,ACC_000814
CLM_0001653,ACC_000814
CLM_0001654,ACC_000814
CLM_0001655,ACC_000043
CLM_0001656,ACC_000390
CLM_0001657,ACC_000390
CLM_0001658,ACC_000390
CLM_0001659,ACC_000409
CLM_0001660,ACC_000280
CLM_0001661,ACC_000117
CLM_0001662,ACC_000117
CLM_0001663,ACC_000331
CLM_0001664,ACC_000331
CLM_0001665,ACC_000044
CLM_0001666,ACC_000044
CLM_0001667,ACC_000044
CLM_0001668,ACC_000283
CLM_0001669,ACC_000283
CLM_0001670,ACC_000066
CLM_0001671,ACC_000409
CLM_0001672,ACC_000117
CLM_0001673,ACC_000117
CLM_0001674,ACC_000117
CLM_0001675,ACC_000282
CLM_0001676,ACC_000282
CLM_0001677,ACC_000464
CLM_0001678,ACC_000464
CLM_0001679,ACC_001016
CLM_0001680,ACC_001016
CLM_0001681,ACC_000205
CLM_0001682,ACC_000408
CLM_0001683,ACC_000408
CLM_0001684,ACC_000408
CLM_0001685,ACC_000283
CLM_0001686,ACC_000019
CLM_0001687,ACC_000019
CLM_0001688,ACC_000019
CLM_0001689,ACC_001076
CLM_0001690,ACC_000060
CLM_0001691,ACC_000060
CLM_0001692,ACC_000060
CLM_0001693,ACC_000232
CLM_0001694,ACC_000232
CLM_0001695,ACC_000905
CLM_0001696,ACC_000905
CLM_0001697,ACC_000905
CLM_0001698,ACC_000283
CLM_0001699,ACC_000209
CLM_0001700,ACC_000209
CLM_0001701,ACC_000255
CLM_0001702,ACC_001015
CLM_0001703,ACC_001015
CLM_0001704,ACC_000062
CLM_0001705,ACC_000640
CLM_0001706,ACC_000043
CLM_0001707,ACC_000283
CLM_0001708,ACC_001138
CLM_0001709,ACC_001138
CLM_0001710,ACC_001138
CLM_0001711,ACC_000410
CLM_0001712,ACC_000410
CLM_0001713,ACC_000410
CLM_0001714,ACC_000498
CLM_0001715,ACC_000045
CLM_0001716,ACC_000045
CLM_0001717,ACC_000911
CLM_0001718,ACC_000911
CLM_0001719,ACC_000372
CLM_0001720,ACC_000372
CLM_0001721,ACC_000283
CLM_0001722,ACC_000282
CLM_0001723,ACC_000282
CLM_0001724,ACC_000911
CLM_0001725,ACC_000911
CLM_0001726,ACC_000911
CLM_0001727,ACC_000705
CLM_0001728,ACC_000705
CLM_0001729,ACC_000705
CLM_0001730,ACC_000856
CLM_0001731,ACC_000266
CLM_0001732,ACC_000211
CLM_0001733,ACC_000211
CLM_0001734,ACC_000211
CLM_0001735,ACC_001088
CLM_0001736,ACC_001088
CLM_0001737,ACC_000856
CLM_0001738,ACC_000856
CLM_0001739,ACC_000333
CLM_0001740,ACC_000333
CLM_0001741,ACC_000333
CLM_0001742,ACC_000393
CLM_0001743,ACC_000393
CLM_0001744,ACC_000393
CLM_0001745,ACC_000062
CLM_0001746,ACC_000062
CLM_0001747,ACC_000062
CLM_0001748,ACC_000410
CLM_0001749,ACC_000283
CLM_0001750,ACC_000333
CLM_0001751,ACC_000333
CLM_0001752,ACC_000333
CLM_0001753,ACC_000108
CLM_0001754,ACC_001138
CLM_0001755,ACC_001138
CLM_0001756,ACC_001138
CLM_0001757,ACC_000143
CLM_0001758,ACC_000143
CLM_0001759,ACC_000143
CLM_0001760,ACC_000283
CLM_0001761,ACC_000283
CLM_0001762,ACC_000492
CLM_0001763,ACC_000407
CLM_0001764,ACC_001088
CLM_0001765,ACC_001088
CLM_0001766,ACC_000045
CLM_0001767,ACC_000045
CLM_0001768,ACC_000045
CLM_0001769,ACC_000519
CLM_0001770,ACC_000060
CLM_0001771,ACC_000060
CLM_0001772,ACC_000061
CLM_0001773,ACC_000061
CLM_0001774,ACC_000061
CLM_0001775,ACC_001094
CLM_0001776,ACC_000844
CLM_0001777,ACC_000844
CLM_0001778,ACC_000411
CLM_0001779,ACC_000882
CLM_0001780,ACC_000882
CLM_0001781,ACC_000882
CLM_0001782,ACC_000061
CLM_0001783,ACC_000061
CLM_0001784,ACC_000061
CLM_0001785,ACC_000411
CLM_0001786,ACC_000411
CLM_0001787,ACC_001002
CLM_0001788,ACC_001002
CLM_0001789,ACC_001002
CLM_0001790,ACC_000716
CLM_0001791,ACC_000716
CLM_0001792,ACC_000408
CLM_0001793,ACC_000408
CLM_0001794,ACC_000408
CLM_0001795,ACC_000855
CLM_0001796,ACC_000911
CLM_0001797,ACC_000911
CLM_0001798,ACC_001077
CLM_0001799,ACC_000333
CLM_0001800,ACC_000333
CLM_0001801,ACC_000333
CLM_0001802,ACC_001083
CLM_0001803,ACC_001083
CLM_0001804,ACC_000142
CLM_0001805,ACC_000142
CLM_0001806,ACC_000283
CLM_0001807,ACC_000407
CLM_0001808,ACC_000407
CLM_0001809,ACC_000407
CLM_0001810,ACC_000410
CLM_0001811,ACC_000283
CLM_0001812,ACC_000283
CLM_0001813,ACC_001076
CLM_0001814,ACC_000409
CLM_0001815,ACC_000409
CLM_0001816,ACC_000409
CLM_0001817,ACC_000282
CLM_0001818,ACC_000282
CLM_0001819,ACC_000407
CLM_0001820,ACC_000407
CLM_0001821,ACC_000407
CLM_0001822,ACC_000808
CLM_0001823,ACC_000808
CLM_0001824,ACC_000954
CLM_0001825,ACC_000937
CLM_0001826,ACC_000411
CLM_0001827,ACC_000411
CLM_0001828,ACC_000790
CLM_0001829,ACC_000184
CLM_0001830,ACC_000411
CLM_0001831,ACC_001016
CLM_0001832,ACC_000333
CLM_0001833,ACC_000910
CLM_0001834,ACC_000144
CLM_0001835,ACC_000144
CLM_0001836,ACC_001055
CLM_0001837,ACC_000856
CLM_0001838,ACC_000060
CLM_0001839,ACC_000060
CLM_0001840,ACC_000060
CLM_0001841,ACC_000191
CLM_0001842,ACC_000191
CLM_0001843,ACC_000191
CLM_0001844,ACC_000534
CLM_0001845,ACC_000534
CLM_0001846,ACC_000813
CLM_0001847,ACC_000813
CLM_0001848,ACC_000813
CLM_0001849,ACC_000283
CLM_0001850,ACC_000283
CLM_0001851,ACC_000283
CLM_0001852,ACC_000061
CLM_0001853,ACC_000061
CLM_0001854,ACC_000332
CLM_0001855,ACC_000332
CLM_0001856,ACC_000283
CLM_0001857,ACC_000283
CLM_0001858,ACC_000873
CLM_0001859,ACC_000959
CLM_0001860,ACC_000959
CLM_0001861,ACC_000320
CLM_0001862,ACC_000911
CLM_0001863,ACC_000911
CLM_0001864,ACC_000911
CLM_0001865,ACC_000043
CLM_0001866,ACC_000043
CLM_0001867,ACC_000043
CLM_0001868,ACC_000282
CLM_0001869,ACC_000813
CLM_0001870,ACC_000813
CLM_0001871,ACC_000904
CLM_0001872,ACC_000904
CLM_0001873,ACC_000904
CLM_0001874,ACC_000333
CLM_0001875,ACC_000407
CLM_0001876,ACC_000638
CLM_0001877,ACC_000638
CLM_0001878,ACC_000638
CLM_0001879,ACC_000411
CLM_0001880,ACC_000411
CLM_0001881,ACC_001048
CLM_0001882,ACC_001048
CLM_0001883,ACC_001048
CLM_0001884,ACC_000205
CLM_0001885,ACC_000205
CLM_0001886,ACC_000205
CLM_0001887,ACC_000411
CLM_0001888,ACC_000411
CLM_0001889,ACC_000411
CLM_0001890,ACC_001016
CLM_0001891,ACC_001016
CLM_0001892,ACC_000283
CLM_0001893,ACC_000854
CLM_0001894,ACC_000283
CLM_0001895,ACC_000283
CLM_0001896,ACC_000283
CLM_0001897,ACC_000911
CLM_0001898,ACC_000873
CLM_0001899,ACC_001076
CLM_0001900,ACC_001138
CLM_0001901,ACC_001138
CLM_0001902,ACC_001138
CLM_0001903,ACC_000060
CLM_0001904,ACC_000060
CLM_0001905,ACC_000060
CLM_0001906,ACC_000060
CLM_0001907,ACC_000060
CLM_0001908,ACC_000911
CLM_0001909,ACC_000911
CLM_0001910,ACC_000113
CLM_0001911,ACC_000113
CLM_0001912,ACC_000061
CLM_0001913,ACC_000143
CLM_0001914,ACC_000283
CLM_0001915,ACC_000283
CLM_0001916,ACC_000283
CLM_0001917,ACC_001076
CLM_0001918,ACC_001076
CLM_0001919,ACC_001056
CLM_0001920,ACC_001056
CLM_0001921,ACC_000416
CLM_0001922,ACC_000416
CLM_0001923,ACC_000416
CLM_0001924,ACC_000878
CLM_0001925,ACC_000878
CLM_0001926,ACC_000060
CLM_0001927,ACC_000060
CLM_0001928,ACC_000060
CLM_0001929,ACC_000498
CLM_0001930,ACC_000584
CLM_0001931,ACC_000584
CLM_0001932,ACC_000584
CLM_0001933,ACC_000524
CLM_0001934,ACC_000283
CLM_0001935,ACC_000283
CLM_0001936,ACC_000060
CLM_0001937,ACC_000060
CLM_0001938,ACC_000060
CLM_0001939,ACC_000911
CLM_0001940,ACC_000911
CLM_0001941,ACC_000911
CLM_0001942,ACC_000317
CLM_0001943,ACC_000317
CLM_0001944,ACC_000409
CLM_0001945,ACC_000409
CLM_0001946,ACC_000282
CLM_0001947,ACC_000409
CLM_0001948,ACC_000409
CLM_0001949,ACC_000411
CLM_0001950,ACC_000411
CLM_0001951,ACC_000412
CLM_0001952,ACC_000412
CLM_0001953,ACC_000773
CLM_0001954,ACC_000280
CLM_0001955,ACC_000143
CLM_0001956,ACC_000143
CLM_0001957,ACC_000143
CLM_0001958,ACC_001015
CLM_0001959,ACC_001015
CLM_0001960,ACC_000542
CLM_0001961,ACC_000542
CLM_0001962,ACC_000542
CLM_0001963,ACC_000843
CLM_0001964,ACC_000843
CLM_0001965,ACC_001058
CLM_0001966,ACC_000517
CLM_0001967,ACC_000517
CLM_0001968,ACC_000143
CLM_0001969,ACC_000061
CLM_0001970,ACC_000061
CLM_0001971,ACC_000061
CLM_0001972,ACC_000283
CLM_0001973,ACC_000283
CLM_0001974,ACC_000410
CLM_0001975,ACC_000410
CLM_0001976,ACC_000060
CLM_0001977,ACC_000060
CLM_0001978,ACC_000060
CLM_0001979,ACC_000408
CLM_0001980,ACC_000408
CLM_0001981,ACC_000764
CLM_0001982,ACC_000764
CLM_0001983,ACC_000390
CLM_0001984,ACC_000856
CLM_0001985,ACC_000856
CLM_0001986,ACC_000856
CLM_0001987,ACC_000411
CLM_0001988,ACC_000411
CLM_0001989,ACC_000411
CLM_0001990,ACC_001017
CLM_0001991,ACC_001017
CLM_0001992,ACC_000283
CLM_0001993,ACC_000283
CLM_0001994,ACC_000044
CLM_0001995,ACC_000044
CLM_0001996,ACC_001029
CLM_0001997,ACC_001029
CLM_0001998,ACC_001029
CLM_0001999,ACC_000282
CLM_0002000,ACC_000282
CLM_0002001,ACC_000084
CLM_0002002,ACC_000084
CLM_0002003,ACC_000084
CLM_0002004,ACC_000117
CLM_0002005,ACC_001138
CLM_0002006,ACC_001138
CLM_0002007,ACC_000062
CLM_0002008,ACC_000332
CLM_0002009,ACC_000332
CLM_0002010,ACC_000282
CLM_0002011,ACC_000282
CLM_0002012,ACC_000282
CLM_0002013,ACC_000516
CLM_0002014,ACC_000712
CLM_0002015,ACC_000712
CLM_0002016,ACC_000712
CLM_0002017,ACC_000464
CLM_0002018,ACC_000464
CLM_0002019,ACC_000464
CLM_0002020,ACC_000045
CLM_0002021,ACC_000407
CLM_0002022,ACC_000407
CLM_0002023,ACC_000315
CLM_0002024,ACC_000407
CLM_0002025,ACC_000407
CLM_0002026,ACC_000144
CLM_0002027,ACC_000205
CLM_0002028,ACC_000205
CLM_0002029,ACC_000498
CLM_0002030,ACC_000498
CLM_0002031,ACC_000498
CLM_0002032,ACC_000410
CLM_0002033,ACC_000410
CLM_0002034,ACC_000117
CLM_0002035,ACC_000117
CLM_0002036,ACC_000144
CLM_0002037,ACC_000144
CLM_0002038,ACC_000407
CLM_0002039,ACC_000282
CLM_0002040,ACC_000283
CLM_0002041,ACC_000710
CLM_0002042,ACC_000710
CLM_0002043,ACC_000710
CLM_0002044,ACC_000516
CLM_0002045,ACC_000516
CLM_0002046,ACC_000516
CLM_0002047,ACC_000061
CLM_0002048,ACC_000061
CLM_0002049,ACC_000061
CLM_0002050,ACC_001015
CLM_0002051,ACC_001015
CLM_0002052,ACC_001015
CLM_0002053,ACC_000408
CLM_0002054,ACC_000321
CLM_0002055,ACC_000321
CLM_0002056,ACC_000321
CLM_0002057,ACC_000280
CLM_0002058,ACC_000280
CLM_0002059,ACC_000280
CLM_0002060,ACC_000174
CLM_0002061,ACC_000174
CLM_0002062,ACC_000174
CLM_0002063,ACC_000911
CLM_0002064,ACC_000911
CLM_0002065,ACC_000569
CLM_0002066,ACC_000569
CLM_0002067,ACC_001017
CLM_0002068,ACC_001017
CLM_0002069,ACC_001017
CLM_0002070,ACC_000117
CLM_0002071,ACC_000117
CLM_0002072,ACC_000003
CLM_0002073,ACC_001004
CLM_0002074,ACC_001004
CLM_0002075,ACC_001004
CLM_0002076,ACC_000748
CLM_0002077,ACC_000748
CLM_0002078,ACC_000061
CLM_0002079,ACC_000061
CLM_0002080,ACC_000814
CLM_0002081,ACC_000408
CLM_0002082,ACC_000408
CLM_0002083,ACC_000534
CLM_0002084,ACC_001055
CLM_0002085,ACC_001055
CLM_0002086,ACC_000904
CLM_0002087,ACC_000904
CLM_0002088,ACC_000904
CLM_0002089,ACC_001047
CLM_0002090,ACC_001047
CLM_0002091,ACC_000282
CLM_0002092,ACC_000282
CLM_0002093,ACC_000283
CLM_0002094,ACC_000283
CLM_0002095,ACC_000911
CLM_0002096,ACC_000409
CLM_0002097,ACC_000409
CLM_0002098,ACC_000843
CLM_0002099,ACC_000843
CLM_0002100,ACC_000843
CLM_0002101,ACC_000814
CLM_0002102,ACC_000941
CLM_0002103,ACC_000941
CLM_0002104,ACC_000941
CLM_0002105,ACC_000283
CLM_0002106,ACC_000283
CLM_0002107,ACC_000283
CLM_0002108,ACC_000144
CLM_0002109,ACC_000144
CLM_0002110,ACC_000144
CLM_0002111,ACC_000411
CLM_0002112,ACC_000411
CLM_0002113,ACC_000411
CLM_0002114,ACC_000283
CLM_0002115,ACC_000283
CLM_0002116,ACC_000283
CLM_0002117,ACC_000107
CLM_0002118,ACC_000107
CLM_0002119,ACC_000379
CLM_0002120,ACC_000379
CLM_0002121,ACC_000323
CLM_0002122,ACC_000323
CLM_0002123,ACC_000283
CLM_0002124,ACC_000565
CLM_0002125,ACC_000565
CLM_0002126,ACC_000053
CLM_0002127,ACC_000282
CLM_0002128,ACC_000282
CLM_0002129,ACC_000282
CLM_0002130,ACC_000043
CLM_0002131,ACC_000043
CLM_0002132,ACC_000910
CLM_0002133,ACC_000910
CLM_0002134,ACC_000910
CLM_0002135,ACC_000517
CLM_0002136,ACC_000517
CLM_0002137,ACC_000517
CLM_0002138,ACC_000283
CLM_0002139,ACC_000408
CLM_0002140,ACC_000061
CLM_0002141,ACC_000061
CLM_0002142,ACC_000412
CLM_0002143,ACC_000412
CLM_0002144,ACC_001017
CLM_0002145,ACC_001017
CLM_0002146,ACC_001017
CLM_0002147,ACC_000872
CLM_0002148,ACC_000055
CLM_0002149,ACC_000055
CLM_0002150,ACC_000055
CLM_0002151,ACC_000872
CLM_0002152,ACC_000044
CLM_0002153,ACC_000044
CLM_0002154,ACC_000572
CLM_0002155,ACC_000572
CLM_0002156,ACC_000910
CLM_0002157,ACC_001017
CLM_0002158,ACC_001017
CLM_0002159,ACC_001017
CLM_0002160,ACC_000084
CLM_0002161,ACC_000084
CLM_0002162,ACC_000084
CLM_0002163,ACC_000264
CLM_0002164,ACC_000264
CLM_0002165,ACC_000897
CLM_0002166,ACC_000897
CLM_0002167,ACC_000897
CLM_0002168,ACC_000036
CLM_0002169,ACC_000569
CLM_0002170,ACC_001057
CLM_0002171,ACC_001057
CLM_0002172,ACC_000813
CLM_0002173,ACC_000813
CLM_0002174,ACC_000846
CLM_0002175,ACC_000846
CLM_0002176,ACC_001054
CLM_0002177,ACC_001054
CLM_0002178,ACC_001055
CLM_0002179,ACC_001055
CLM_0002180,ACC_000409
CLM_0002181,ACC_000409
CLM_0002182,ACC_000409
CLM_0002183,ACC_000561
CLM_0002184,ACC_000561
CLM_0002185,ACC_000561
CLM_0002186,ACC_000573
CLM_0002187,ACC_000573
CLM_0002188,ACC_000263
CLM_0002189,ACC_000263
CLM_0002190,ACC_000263
CLM_0002191,ACC_000409
CLM_0002192,ACC_000283
CLM_0002193,ACC_000283
CLM_0002194,ACC_000283
CLM_0002195,ACC_000060
CLM_0002196,ACC_000060
CLM_0002197,ACC_000060
CLM_0002198,ACC_001138
CLM_0002199,ACC_001138
CLM_0002200,ACC_000282
CLM_0002201,ACC_000282
CLM_0002202,ACC_000282
CLM_0002203,ACC_000773
CLM_0002204,ACC_000832
CLM_0002205,ACC_000283
CLM_0002206,ACC_000143
CLM_0002207,ACC_000143
CLM_0002208,ACC_000143
CLM_0002209,ACC_000060
CLM_0002210,ACC_000333
CLM_0002211,ACC_000333
CLM_0002212,ACC_000282
CLM_0002213,ACC_000282
CLM_0002214,ACC_000242
CLM_0002215,ACC_000407
CLM_0002216,ACC_000407
CLM_0002217,ACC_000907
CLM_0002218,ACC_000907
CLM_0002219,ACC_000907
CLM_0002220,ACC_000333
CLM_0002221,ACC_000333
CLM_0002222,ACC_000394
CLM_0002223,ACC_000045
CLM_0002224,ACC_000045
CLM_0002225,ACC_000045
CLM_0002226,ACC_000282
CLM_0002227,ACC_000282
CLM_0002228,ACC_000282
CLM_0002229,ACC_000943
CLM_0002230,ACC_000060
CLM_0002231,ACC_000060
CLM_0002232,ACC_000060
CLM_0002233,ACC_000060
CLM_0002234,ACC_000265
CLM_0002235,ACC_000265
CLM_0002236,ACC_001138
CLM_0002237,ACC_001138
CLM_0002238,ACC_000081
CLM_0002239,ACC_000081
CLM_0002240,ACC_000854
CLM_0002241,ACC_000854
CLM_0002242,ACC_000854
CLM_0002243,ACC_000408
CLM_0002244,ACC_000408
CLM_0002245,ACC_000061
CLM_0002246,ACC_000061
CLM_0002247,ACC_000638
CLM_0002248,ACC_001057
CLM_0002249,ACC_001057
CLM_0002250,ACC_001057
CLM_0002251,ACC_000516
CLM_0002252,ACC_000283
CLM_0002253,ACC_000283
CLM_0002254,ACC_000283
CLM_0002255,ACC_001017
CLM_0002256,ACC_001056
CLM_0002257,ACC_001056
CLM_0002258,ACC_001167
CLM_0002259,ACC_000710
CLM_0002260,ACC_001055
CLM_0002261,ACC_001055
CLM_0002262,ACC_000061
CLM_0002263,ACC_000182
CLM_0002264,ACC_000182
CLM_0002265,ACC_000060
CLM_0002266,ACC_000205
CLM_0002267,ACC_000205
CLM_0002268,ACC_000205
CLM_0002269,ACC_000410
CLM_0002270,ACC_000855
CLM_0002271,ACC_000855
CLM_0002272,ACC_000855
CLM_0002273,ACC_000718
CLM_0002274,ACC_000718
CLM_0002275,ACC_000718
CLM_0002276,ACC_000380
CLM_0002277,ACC_001179
CLM_0002278,ACC_000854
CLM_0002279,ACC_000205
CLM_0002280,ACC_000205
CLM_0002281,ACC_000205
CLM_0002282,ACC_000282
CLM_0002283,ACC_000282
CLM_0002284,ACC_000282
CLM_0002285,ACC_001195
CLM_0002286,ACC_001195
CLM_0002287,ACC_001195
CLM_0002288,ACC_000060
CLM_0002289,ACC_000060
CLM_0002290,ACC_001072
CLM_0002291,ACC_001072
CLM_0002292,ACC_001072
CLM_0002293,ACC_000385
CLM_0002294,ACC_000236
CLM_0002295,ACC_000236
CLM_0002296,ACC_000236
CLM_0002297,ACC_000044
CLM_0002298,ACC_000044
CLM_0002299,ACC_000716
CLM_0002300,ACC_000716
CLM_0002301,ACC_000716
CLM_0002302,ACC_000282
CLM_0002303,ACC_000282
CLM_0002304,ACC_000282
CLM_0002305,ACC_000855
CLM_0002306,ACC_000855
CLM_0002307,ACC_000498
CLM_0002308,ACC_000498
CLM_0002309,ACC_000498
CLM_0002310,ACC_000516
CLM_0002311,ACC_000516
CLM_0002312,ACC_000061
CLM_0002313,ACC_000061
CLM_0002314,ACC_000045
CLM_0002315,ACC_000045
CLM_0002316,ACC_000045
CLM_0002317,ACC_000331
CLM_0002318,ACC_000331
CLM_0002319,ACC_000331
CLM_0002320,ACC_000854
CLM_0002321,ACC_000854
CLM_0002322,ACC_000854
CLM_0002323,ACC_000411
CLM_0002324,ACC_001138
CLM_0002325,ACC_001138
CLM_0002326,ACC_001138
CLM_0002327,ACC_000280
CLM_0002328,ACC_000282
CLM_0002329,ACC_000282
CLM_0002330,ACC_000282
CLM_0002331,ACC_001088
CLM_0002332,ACC_001088
CLM_0002333,ACC_001088
CLM_0002334,ACC_000412
CLM_0002335,ACC_000361
CLM_0002336,ACC_000361
CLM_0002337,ACC_000061
CLM_0002338,ACC_000061
CLM_0002339,ACC_000061
CLM_0002340,ACC_000380
CLM_0002341,ACC_000060
CLM_0002342,ACC_000060
CLM_0002343,ACC_000060
CLM_0002344,ACC_000019
CLM_0002345,ACC_000282
CLM_0002346,ACC_000282
CLM_0002347,ACC_000282
CLM_0002348,ACC_000410
CLM_0002349,ACC_000410
CLM_0002350,ACC_000410
CLM_0002351,ACC_001054
CLM_0002352,ACC_000396
CLM_0002353,ACC_000282
CLM_0002354,ACC_000282
CLM_0002355,ACC_000854
CLM_0002356,ACC_000854
CLM_0002357,ACC_000854
CLM_0002358,ACC_000407
CLM_0002359,ACC_000407
CLM_0002360,ACC_000407
CLM_0002361,ACC_000856
CLM_0002362,ACC_000856
CLM_0002363,ACC_000410
CLM_0002364,ACC_000410
CLM_0002365,ACC_000410
CLM_0002366,ACC_000003
CLM_0002367,ACC_000515
CLM_0002368,ACC_000804
CLM_0002369,ACC_000814
CLM_0002370,ACC_000283
CLM_0002371,ACC_000283
CLM_0002372,ACC_000283
CLM_0002373,ACC_000283
CLM_0002374,ACC_000283
CLM_0002375,ACC_001138
CLM_0002376,ACC_001138
CLM_0002377,ACC_001017
CLM_0002378,ACC_000019
CLM_0002379,ACC_000019
CLM_0002380,ACC_000242
CLM_0002381,ACC_000242
CLM_0002382,ACC_000407
CLM_0002383,ACC_000282
CLM_0002384,ACC_000814
CLM_0002385,ACC_000814
CLM_0002386,ACC_000020
CLM_0002387,ACC_000020
CLM_0002388,ACC_000639
CLM_0002389,ACC_000639
CLM_0002390,ACC_000639
CLM_0002391,ACC_000984
CLM_0002392,ACC_000856
CLM_0002393,ACC_000856
CLM_0002394,ACC_000911
CLM_0002395,ACC_000911
CLM_0002396,ACC_000911
CLM_0002397,ACC_000283
CLM_0002398,ACC_000283
CLM_0002399,ACC_000283
CLM_0002400,ACC_000211
CLM_0002401,ACC_000211
CLM_0002402,ACC_000283
CLM_0002403,ACC_000057
CLM_0002404,ACC_000057
CLM_0002405,ACC_000057
CLM_0002406,ACC_000060
CLM_0002407,ACC_000412
CLM_0002408,ACC_000412
CLM_0002409,ACC_000410
CLM_0002410,ACC_000410
CLM_0002411,ACC_000732
CLM_0002412,ACC_000732
CLM_0002413,ACC_000283
CLM_0002414,ACC_000283
CLM_0002415,ACC_000283
CLM_0002416,ACC_000808
CLM_0002417,ACC_000143
CLM_0002418,ACC_000283
CLM_0002419,ACC_000542
CLM_0002420,ACC_000542
CLM_0002421,ACC_000061
CLM_0002422,ACC_000061
CLM_0002423,ACC_000061
CLM_0002424,ACC_000143
CLM_0002425,ACC_000283
CLM_0002426,ACC_000283
CLM_0002427,ACC_000283
CLM_0002428,ACC_000280
CLM_0002429,ACC_000280
CLM_0002430,ACC_000280
CLM_0002431,ACC_000100
CLM_0002432,ACC_000100
CLM_0002433,ACC_000100
CLM_0002434,ACC_000855
CLM_0002435,ACC_000855
CLM_0002436,ACC_000516
CLM_0002437,ACC_000516
CLM_0002438,ACC_000412
CLM_0002439,ACC_000412
CLM_0002440,ACC_001015
CLM_0002441,ACC_000060
CLM_0002442,ACC_000379
CLM_0002443,ACC_000379
CLM_0002444,ACC_000379
CLM_0002445,ACC_000282
CLM_0002446,ACC_000282
CLM_0002447,ACC_000282
CLM_0002448,ACC_000019
CLM_0002449,ACC_000019
CLM_0002450,ACC_000019
CLM_0002451,ACC_000282
CLM_0002452,ACC_000282
CLM_0002453,ACC_000282
CLM_0002454,ACC_000331
CLM_0002455,ACC_000331
CLM_0002456,ACC_000143
CLM_0002457,ACC_000143
CLM_0002458,ACC_000143
CLM_0002459,ACC_000404
CLM_0002460,ACC_000404
CLM_0002461,ACC_000282
CLM_0002462,ACC_000282
CLM_0002463,ACC_000408
CLM_0002464,ACC_000408
CLM_0002465,ACC_000408
CLM_0002466,ACC_001016
CLM_0002467,ACC_000412
CLM_0002468,ACC_000412
CLM_0002469,ACC_000415
CLM_0002470,ACC_000415
CLM_0002471,ACC_000415
CLM_0002472,ACC_000060
CLM_0002473,ACC_000060
CLM_0002474,ACC_000569
CLM_0002475,ACC_000569
CLM_0002476,ACC_000283
CLM_0002477,ACC_000283
CLM_0002478,ACC_000283
CLM_0002479,ACC_000332
CLM_0002480,ACC_000332
CLM_0002481,ACC_000332
CLM_0002482,ACC_000518
CLM_0002483,ACC_000911
CLM_0002484,ACC_000911
CLM_0002485,ACC_000911
CLM_0002486,ACC_000565
CLM_0002487,ACC_000344
CLM_0002488,ACC_000407
CLM_0002489,ACC_000194
CLM_0002490,ACC_000194
CLM_0002491,ACC_000194
CLM_0002492,ACC_000283
CLM_0002493,ACC_000283
CLM_0002494,ACC_001179
CLM_0002495,ACC_001179
CLM_0002496,ACC_001179
CLM_0002497,ACC_000060
CLM_0002498,ACC_000498
CLM_0002499,ACC_000498
CLM_0002500,ACC_000153
CLM_0002501,ACC_000464
CLM_0002502,ACC_000464
CLM_0002503,ACC_000222
CLM_0002504,ACC_000094
CLM_0002505,ACC_000094
CLM_0002506,ACC_000031
CLM_0002507,ACC_000031
CLM_0002508,ACC_000409
CLM_0002509,ACC_000409
CLM_0002510,ACC_000117
CLM_0002511,ACC_000764
CLM_0002512,ACC_000764
CLM_0002513,ACC_000764
CLM_0002514,ACC_000045
CLM_0002515,ACC_000045
CLM_0002516,ACC_000872
CLM_0002517,ACC_000872
CLM_0002518,ACC_000872
CLM_0002519,ACC_000911
CLM_0002520,ACC_000911
CLM_0002521,ACC_000360
CLM_0002522,ACC_000360
CLM_0002523,ACC_000360
CLM_0002524,ACC_000333
CLM_0002525,ACC_000333
CLM_0002526,ACC_001039
CLM_0002527,ACC_001039
CLM_0002528,ACC_001039
CLM_0002529,ACC_000818
CLM_0002530,ACC_000818
CLM_0002531,ACC_000818
CLM_0002532,ACC_000498
CLM_0002533,ACC_000498
CLM_0002534,ACC_000498
CLM_0002535,ACC_000819
CLM_0002536,ACC_000819
CLM_0002537,ACC_000872
CLM_0002538,ACC_000408
CLM_0002539,ACC_001016
CLM_0002540,ACC_001016
CLM_0002541,ACC_000408
CLM_0002542,ACC_001015
CLM_0002543,ACC_001015
CLM_0002544,ACC_001015
CLM_0002545,ACC_000871
CLM_0002546,ACC_000871
CLM_0002547,ACC_001072
CLM_0002548,ACC_001076
CLM_0002549,ACC_001076
CLM_0002550,ACC_001076
CLM_0002551,ACC_001076
CLM_0002552,ACC_001076
CLM_0002553,ACC_001076
CLM_0002554,ACC_000331
CLM_0002555,ACC_000769
CLM_0002556,ACC_000769
CLM_0002557,ACC_000769
CLM_0002558,ACC_000407
CLM_0002559,ACC_000408
CLM_0002560,ACC_000408
CLM_0002561,ACC_000408
CLM_0002562,ACC_000872
CLM_0002563,ACC_000872
CLM_0002564,ACC_000780
CLM_0002565,ACC_000780
CLM_0002566,ACC_000856
CLM_0002567,ACC_000411
CLM_0002568,ACC_000411
CLM_0002569,ACC_000410
CLM_0002570,ACC_000410
CLM_0002571,ACC_000410
CLM_0002572,ACC_000282
CLM_0002573,ACC_000282
CLM_0002574,ACC_000282
CLM_0002575,ACC_000407
CLM_0002576,ACC_000414
CLM_0002577,ACC_000113
CLM_0002578,ACC_001191
CLM_0002579,ACC_001191
CLM_0002580,ACC_001191
CLM_0002581,ACC_000844
CLM_0002582,ACC_000844
CLM_0002583,ACC_000844
CLM_0002584,ACC_000061
CLM_0002585,ACC_000061
CLM_0002586,ACC_000061
CLM_0002587,ACC_000060
CLM_0002588,ACC_000060
CLM_0002589,ACC_000060
CLM_0002590,ACC_000239
CLM_0002591,ACC_000239
CLM_0002592,ACC_000239
CLM_0002593,ACC_000748
CLM_0002594,ACC_000748
CLM_0002595,ACC_000748
CLM_0002596,ACC_000408
CLM_0002597,ACC_000408
CLM_0002598,ACC_000408
CLM_0002599,ACC_000408
CLM_0002600,ACC_001055
CLM_0002601,ACC_001055
CLM_0002602,ACC_001055
CLM_0002603,ACC_000792
CLM_0002604,ACC_000792
CLM_0002605,ACC_000792
CLM_0002606,ACC_000332
CLM_0002607,ACC_000553
CLM_0002608,ACC_000553
CLM_0002609,ACC_000143
CLM_0002610,ACC_000143
CLM_0002611,ACC_000143
CLM_0002612,ACC_000282
CLM_0002613,ACC_000282
CLM_0002614,ACC_000404
CLM_0002615,ACC_000404
CLM_0002616,ACC_000403
CLM_0002617,ACC_000403
CLM_0002618,ACC_000403
CLM_0002619,ACC_000320
CLM_0002620,ACC_000320
CLM_0002621,ACC_000320
CLM_0002622,ACC_000280
CLM_0002623,ACC_000280
CLM_0002624,ACC_000283
CLM_0002625,ACC_000283
CLM_0002626,ACC_000803
CLM_0002627,ACC_000117
CLM_0002628,ACC_000117
CLM_0002629,ACC_000641
CLM_0002630,ACC_000641
CLM_0002631,ACC_000283
CLM_0002632,ACC_000283
CLM_0002633,ACC_000282
CLM_0002634,ACC_000282
CLM_0002635,ACC_000282
CLM_0002636,ACC_000854
CLM_0002637,ACC_000854
CLM_0002638,ACC_000009
CLM_0002639,ACC_000009
CLM_0002640,ACC_000009
CLM_0002641,ACC_000331
CLM_0002642,ACC_000331
CLM_0002643,ACC_000331
CLM_0002644,ACC_000813
CLM_0002645,ACC_000813
CLM_0002646,ACC_000175
CLM_0002647,ACC_000175
CLM_0002648,ACC_000412
CLM_0002649,ACC_000412
CLM_0002650,ACC_000412
CLM_0002651,ACC_000785
CLM_0002652,ACC_000401
CLM_0002653,ACC_000401
CLM_0002654,ACC_000283
CLM_0002655,ACC_000283
CLM_0002656,ACC_000144
CLM_0002657,ACC_000498
CLM_0002658,ACC_000060
CLM_0002659,ACC_000060
CLM_0002660,ACC_000045
CLM_0002661,ACC_000282
CLM_0002662,ACC_000282
CLM_0002663,ACC_000814
CLM_0002664,ACC_000283
CLM_0002665,ACC_000283
CLM_0002666,ACC_000283
CLM_0002667,ACC_000910
CLM_0002668,ACC_000910
CLM_0002669,ACC_000910
CLM_0002670,ACC_000408
CLM_0002671,ACC_000566
CLM_0002672,ACC_000911
CLM_0002673,ACC_000911
CLM_0002674,ACC_000911
CLM_0002675,ACC_000060
CLM_0002676,ACC_000741
CLM_0002677,ACC_000741
CLM_0002678,ACC_000741
CLM_0002679,ACC_000380
CLM_0002680,ACC_000380
CLM_0002681,ACC_000380
CLM_0002682,ACC_000061
CLM_0002683,ACC_000209
CLM_0002684,ACC_000209
CLM_0002685,ACC_000209
CLM_0002686,ACC_001201
CLM_0002687,ACC_000854
CLM_0002688,ACC_000854
CLM_0002689,ACC_000854
CLM_0002690,ACC_000959
CLM_0002691,ACC_000959
CLM_0002692,ACC_000061
CLM_0002693,ACC_000061
CLM_0002694,ACC_000061
CLM_0002695,ACC_000906
CLM_0002696,ACC_000906
CLM_0002697,ACC_000906
CLM_0002698,ACC_000482
CLM_0002699,ACC_000482
CLM_0002700,ACC_000482
CLM_0002701,ACC_000516
CLM_0002702,ACC_000282
CLM_0002703,ACC_000282
CLM_0002704,ACC_000282
CLM_0002705,ACC_000332
CLM_0002706,ACC_000332
CLM_0002707,ACC_000061
CLM_0002708,ACC_000061
CLM_0002709,ACC_000061
CLM_0002710,ACC_000442
CLM_0002711,ACC_000442
CLM_0002712,ACC_000821
CLM_0002713,ACC_000331
CLM_0002714,ACC_000331
CLM_0002715,ACC_000602
CLM_0002716,ACC_000602
CLM_0002717,ACC_000602
CLM_0002718,ACC_000679
CLM_0002719,ACC_000679
CLM_0002720,ACC_000679
CLM_0002721,ACC_000881
CLM_0002722,ACC_000396
CLM_0002723,ACC_000396
CLM_0002724,ACC_000179
CLM_0002725,ACC_000179
CLM_0002726,ACC_000179
CLM_0002727,ACC_000283
CLM_0002728,ACC_000283
CLM_0002729,ACC_000283
CLM_0002730,ACC_000855
CLM_0002731,ACC_000873
CLM_0002732,ACC_000873
CLM_0002733,ACC_000045
CLM_0002734,ACC_000045
CLM_0002735,ACC_000045
CLM_0002736,ACC_000283
CLM_0002737,ACC_000283
CLM_0002738,ACC_000283
CLM_0002739,ACC_000282
CLM_0002740,ACC_000045
CLM_0002741,ACC_000045
CLM_0002742,ACC_000061
CLM_0002743,ACC_000061
CLM_0002744,ACC_000061
CLM_0002745,ACC_000409
CLM_0002746,ACC_000283
CLM_0002747,ACC_000407
CLM_0002748,ACC_000407
CLM_0002749,ACC_000410
CLM_0002750,ACC_000410
CLM_0002751,ACC_000410
CLM_0002752,ACC_000060
CLM_0002753,ACC_000839
CLM_0002754,ACC_000839
CLM_0002755,ACC_000839
CLM_0002756,ACC_000809
CLM_0002757,ACC_000809
CLM_0002758,ACC_000809
CLM_0002759,ACC_000193
CLM_0002760,ACC_000193
CLM_0002761,ACC_000193
CLM_0002762,ACC_000282
CLM_0002763,ACC_000282
CLM_0002764,ACC_001017
CLM_0002765,ACC_000061
CLM_0002766,ACC_000394
CLM_0002767,ACC_000061
CLM_0002768,ACC_000061
CLM_0002769,ACC_000061
CLM_0002770,ACC_000317
CLM_0002771,ACC_000317
CLM_0002772,ACC_000317
CLM_0002773,ACC_000396
CLM_0002774,ACC_001019
CLM_0002775,ACC_001019
CLM_0002776,ACC_000319
CLM_0002777,ACC_000319
CLM_0002778,ACC_000319
CLM_0002779,ACC_000060
CLM_0002780,ACC_000060
CLM_0002781,ACC_001015
CLM_0002782,ACC_001015
CLM_0002783,ACC_001088
CLM_0002784,ACC_001088
CLM_0002785,ACC_001088
CLM_0002786,ACC_001141
CLM_0002787,ACC_001141
CLM_0002788,ACC_001141
CLM_0002789,ACC_000144
CLM_0002790,ACC_000100
CLM_0002791,ACC_000143
CLM_0002792,ACC_000143
CLM_0002793,ACC_000143
CLM_0002794,ACC_000143
CLM_0002795,ACC_000143
CLM_0002796,ACC_000561
CLM_0002797,ACC_000101
CLM_0002798,ACC_000101
CLM_0002799,ACC_000101
CLM_0002800,ACC_000061
CLM_0002801,ACC_000061
CLM_0002802,ACC_000499
CLM_0002803,ACC_000332
CLM_0002804,ACC_000332
CLM_0002805,ACC_000332
CLM_0002806,ACC_000121
CLM_0002807,ACC_000121
CLM_0002808,ACC_000121
CLM_0002809,ACC_000855
CLM_0002810,ACC_000855
CLM_0002811,ACC_000855
CLM_0002812,ACC_000060
CLM_0002813,ACC_000411
CLM_0002814,ACC_000409
CLM_0002815,ACC_000767
CLM_0002816,ACC_000311
CLM_0002817,ACC_000311
CLM_0002818,ACC_001015
CLM_0002819,ACC_001015
CLM_0002820,ACC_001015
CLM_0002821,ACC_000322
CLM_0002822,ACC_000322
CLM_0002823,ACC_000144
CLM_0002824,ACC_000144
CLM_0002825,ACC_000144
CLM_0002826,ACC_000061
CLM_0002827,ACC_000282
CLM_0002828,ACC_000282
CLM_0002829,ACC_000282
CLM_0002830,ACC_000794
CLM_0002831,ACC_000794
CLM_0002832,ACC_000794
CLM_0002833,ACC_000173
CLM_0002834,ACC_000173
CLM_0002835,ACC_001016
CLM_0002836,ACC_000411
CLM_0002837,ACC_000411
CLM_0002838,ACC_000937
CLM_0002839,ACC_000937
CLM_0002840,ACC_000937
CLM_0002841,ACC_000407
CLM_0002842,ACC_000407
CLM_0002843,ACC_000407
CLM_0002844,ACC_001017
CLM_0002845,ACC_001017
CLM_0002846,ACC_001017
CLM_0002847,ACC_000061
CLM_0002848,ACC_000061
CLM_0002849,ACC_000060
CLM_0002850,ACC_000060
CLM_0002851,ACC_001076
CLM_0002852,ACC_000906
CLM_0002853,ACC_000906
CLM_0002854,ACC_000906
CLM_0002855,ACC_000002
CLM_0002856,ACC_000153
CLM_0002857,ACC_000498
CLM_0002858,ACC_000498
CLM_0002859,ACC_000498
CLM_0002860,ACC_000191
CLM_0002861,ACC_000101
CLM_0002862,ACC_000410
CLM_0002863,ACC_000410
CLM_0002864,ACC_000410
CLM_0002865,ACC_000002
CLM_0002866,ACC_000282
CLM_0002867,ACC_000282
CLM_0002868,ACC_000333
CLM_0002869,ACC_000412
CLM_0002870,ACC_000412
CLM_0002871,ACC_000805
CLM_0002872,ACC_000060
CLM_0002873,ACC_000044
CLM_0002874,ACC_000061
CLM_0002875,ACC_000061
CLM_0002876,ACC_000061
CLM_0002877,ACC_000075
CLM_0002878,ACC_000075
CLM_0002879,ACC_000542
CLM_0002880,ACC_000542
CLM_0002881,ACC_000060
CLM_0002882,ACC_000060
CLM_0002883,ACC_000060
CLM_0002884,ACC_000060
CLM_0002885,ACC_000060
CLM_0002886,ACC_000060
CLM_0002887,ACC_000020
CLM_0002888,ACC_000020
CLM_0002889,ACC_000020
CLM_0002890,ACC_000572
CLM_0002891,ACC_000572
CLM_0002892,ACC_001076
CLM_0002893,ACC_001076
CLM_0002894,ACC_001076
CLM_0002895,ACC_001003
CLM_0002896,ACC_000639
CLM_0002897,ACC_000639
CLM_0002898,ACC_000639
CLM_0002899,ACC_000412
CLM_0002900,ACC_001164
CLM_0002901,ACC_000910
CLM_0002902,ACC_000984
CLM_0002903,ACC_000397
CLM_0002904,ACC_000280
CLM_0002905,ACC_000280
CLM_0002906,ACC_000280
CLM_0002907,ACC_000045
CLM_0002908,ACC_000319
CLM_0002909,ACC_000319
CLM_0002910,ACC_000113
CLM_0002911,ACC_001004
CLM_0002912,ACC_000019
CLM_0002913,ACC_000060
CLM_0002914,ACC_000044
CLM_0002915,ACC_000044
CLM_0002916,ACC_000443
CLM_0002917,ACC_000443
CLM_0002918,ACC_000265
CLM_0002919,ACC_000265
CLM_0002920,ACC_001015
CLM_0002921,ACC_001015
CLM_0002922,ACC_000910
CLM_0002923,ACC_000844
CLM_0002924,ACC_000315
CLM_0002925,ACC_000315
CLM_0002926,ACC_000315
CLM_0002927,ACC_001057
CLM_0002928,ACC_000280
CLM_0002929,ACC_000280
CLM_0002930,ACC_000280
CLM_0002931,ACC_000143
CLM_0002932,ACC_000143
CLM_0002933,ACC_000282
CLM_0002934,ACC_000282
CLM_0002935,ACC_000282
CLM_0002936,ACC_000855
CLM_0002937,ACC_000855
CLM_0002938,ACC_000855
CLM_0002939,ACC_000283
CLM_0002940,ACC_000283
CLM_0002941,ACC_000283
CLM_0002942,ACC_000283
CLM_0002943,ACC_001106
CLM_0002944,ACC_000238
CLM_0002945,ACC_000238
CLM_0002946,ACC_000238
CLM_0002947,ACC_000999
CLM_0002948,ACC_000999
CLM_0002949,ACC_000999
CLM_0002950,ACC_000814
CLM_0002951,ACC_000282
CLM_0002952,ACC_000283
CLM_0002953,ACC_000283
CLM_0002954,ACC_000283
CLM_0002955,ACC_000176
CLM_0002956,ACC_000044
CLM_0002957,ACC_000044
CLM_0002958,ACC_000044
CLM_0002959,ACC_000855
CLM_0002960,ACC_000855
CLM_0002961,ACC_000855
CLM_0002962,ACC_000282
CLM_0002963,ACC_000282
CLM_0002964,ACC_000043
CLM_0002965,ACC_000043
CLM_0002966,ACC_000120
CLM_0002967,ACC_000120
CLM_0002968,ACC_000120
CLM_0002969,ACC_000910
CLM_0002970,ACC_000910
CLM_0002971,ACC_000332
CLM_0002972,ACC_000332
CLM_0002973,ACC_000332
CLM_0002974,ACC_000407
CLM_0002975,ACC_001138
CLM_0002976,ACC_000283
CLM_0002977,ACC_000283
CLM_0002978,ACC_000283
CLM_0002979,ACC_000407
CLM_0002980,ACC_000407
CLM_0002981,ACC_000407
CLM_0002982,ACC_001112
CLM_0002983,ACC_001112
CLM_0002984,ACC_001112
CLM_0002985,ACC_000855
CLM_0002986,ACC_000855
CLM_0002987,ACC_000282
CLM_0002988,ACC_000282
CLM_0002989,ACC_000282
CLM_0002990,ACC_000410
CLM_0002991,ACC_000410
CLM_0002992,ACC_000062
CLM_0002993,ACC_000062
CLM_0002994,ACC_000062
CLM_0002995,ACC_000060
CLM_0002996,ACC_000060
CLM_0002997,ACC_000569
CLM_0002998,ACC_000243
CLM_0002999,ACC_000144
CLM_0003000,ACC_000144
CLM_0003001,ACC_000144
CLM_0003002,ACC_001138
CLM_0003003,ACC_001138
CLM_0003004,ACC_001138
CLM_0003005,ACC_000639
CLM_0003006,ACC_000639
CLM_0003007,ACC_000639
CLM_0003008,ACC_000283
CLM_0003009,ACC_000283
CLM_0003010,ACC_000283
CLM_0003011,ACC_001138
CLM_0003012,ACC_001138
CLM_0003013,ACC_000084
CLM_0003014,ACC_001176
CLM_0003015,ACC_000283
CLM_0003016,ACC_000769
CLM_0003017,ACC_000534
CLM_0003018,ACC_000534
CLM_0003019,ACC_000640
CLM_0003020,ACC_000640
CLM_0003021,ACC_000640
CLM_0003022,ACC_000407
CLM_0003023,ACC_000407
CLM_0003024,ACC_000407
CLM_0003025,ACC_000060
CLM_0003026,ACC_000060
CLM_0003027,ACC_000060
CLM_0003028,ACC_000083
CLM_0003029,ACC_001138
CLM_0003030,ACC_001138
CLM_0003031,ACC_001138
CLM_0003032,ACC_000854
CLM_0003033,ACC_000716
CLM_0003034,ACC_000716
CLM_0003035,ACC_000569
CLM_0003036,ACC_000569
CLM_0003037,ACC_000392
CLM_0003038,ACC_000828
CLM_0003039,ACC_000407
CLM_0003040,ACC_000407
CLM_0003041,ACC_000407
CLM_0003042,ACC_000856
CLM_0003043,ACC_000856
CLM_0003044,ACC_000411
CLM_0003045,ACC_000411
CLM_0003046,ACC_000411
CLM_0003047,ACC_001057
CLM_0003048,ACC_000850
CLM_0003049,ACC_000850
CLM_0003050,ACC_000850
CLM_0003051,ACC_000283
CLM_0003052,ACC_000854
CLM_0003053,ACC_000854
CLM_0003054,ACC_000854
CLM_0003055,ACC_000408
CLM_0003056,ACC_000043
CLM_0003057,ACC_000043
CLM_0003058,ACC_000043
CLM_0003059,ACC_000409
CLM_0003060,ACC_000409
CLM_0003061,ACC_000144
CLM_0003062,ACC_000144
CLM_0003063,ACC_000144
CLM_0003064,ACC_000408
CLM_0003065,ACC_000408
CLM_0003066,ACC_000408
CLM_0003067,ACC_000814
CLM_0003068,ACC_000814
CLM_0003069,ACC_000804
CLM_0003070,ACC_000804
CLM_0003071,ACC_000283
CLM_0003072,ACC_000283
CLM_0003073,ACC_000409
CLM_0003074,ACC_000409
CLM_0003075,ACC_000409
CLM_0003076,ACC_000813
CLM_0003077,ACC_000813
CLM_0003078,ACC_000813
CLM_0003079,ACC_000283
CLM_0003080,ACC_000283
CLM_0003081,ACC_000283
CLM_0003082,ACC_000464
CLM_0003083,ACC_000464
CLM_0003084,ACC_000464
CLM_0003085,ACC_000060
CLM_0003086,ACC_000060
CLM_0003087,ACC_000060
CLM_0003088,ACC_000043
CLM_0003089,ACC_000043
CLM_0003090,ACC_000043
CLM_0003091,ACC_000283
CLM_0003092,ACC_000283
CLM_0003093,ACC_000283
CLM_0003094,ACC_000773
CLM_0003095,ACC_000773
CLM_0003096,ACC_000143
CLM_0003097,ACC_000143
CLM_0003098,ACC_000856
CLM_0003099,ACC_000060
CLM_0003100,ACC_000060
CLM_0003101,ACC_000283
CLM_0003102,ACC_000283
CLM_0003103,ACC_000283
CLM_0003104,ACC_000283
CLM_0003105,ACC_000283
CLM_0003106,ACC_000409
CLM_0003107,ACC_000409
CLM_0003108,ACC_000409
CLM_0003109,ACC_000901
CLM_0003110,ACC_000901
CLM_0003111,ACC_000283
CLM_0003112,ACC_000283
CLM_0003113,ACC_000907
CLM_0003114,ACC_000907
CLM_0003115,ACC_001015
CLM_0003116,ACC_001055
CLM_0003117,ACC_001055
CLM_0003118,ACC_001055
CLM_0003119,ACC_000412
CLM_0003120,ACC_000019
CLM_0003121,ACC_001017
CLM_0003122,ACC_001017
CLM_0003123,ACC_000856
CLM_0003124,ACC_000856
CLM_0003125,ACC_000989
CLM_0003126,ACC_000409
CLM_0003127,ACC_000409
CLM_0003128,ACC_000409
CLM_0003129,ACC_000143
CLM_0003130,ACC_000855
CLM_0003131,ACC_000641
CLM_0003132,ACC_000061
CLM_0003133,ACC_000061
CLM_0003134,ACC_000061
CLM_0003135,ACC_000144
CLM_0003136,ACC_000282
CLM_0003137,ACC_000282
CLM_0003138,ACC_000282
CLM_0003139,ACC_000569
CLM_0003140,ACC_000769
CLM_0003141,ACC_000769
CLM_0003142,ACC_000769
CLM_0003143,ACC_000282
CLM_0003144,ACC_000748
CLM_0003145,ACC_000748
CLM_0003146,ACC_000100
CLM_0003147,ACC_000205
CLM_0003148,ACC_000205
CLM_0003149,ACC_000043
CLM_0003150,ACC_000043
CLM_0003151,ACC_000412
CLM_0003152,ACC_000855
CLM_0003153,ACC_000855
CLM_0003154,ACC_000813
CLM_0003155,ACC_000491
CLM_0003156,ACC_000491
CLM_0003157,ACC_000552
CLM_0003158,ACC_000552
CLM_0003159,ACC_000552
CLM_0003160,ACC_000060
CLM_0003161,ACC_001179
CLM_0003162,ACC_001179
CLM_0003163,ACC_001179
CLM_0003164,ACC_000863
CLM_0003165,ACC_000910
CLM_0003166,ACC_000910
CLM_0003167,ACC_000910
CLM_0003168,ACC_000905
CLM_0003169,ACC_000905
CLM_0003170,ACC_000331
CLM_0003171,ACC_000331
CLM_0003172,ACC_000045
CLM_0003173,ACC_000282
CLM_0003174,ACC_000282
CLM_0003175,ACC_000856
CLM_0003176,ACC_000282
CLM_0003177,ACC_000282
CLM_0003178,ACC_000282
CLM_0003179,ACC_000410
CLM_0003180,ACC_000873
CLM_0003181,ACC_000873
CLM_0003182,ACC_000873
CLM_0003183,ACC_000283
CLM_0003184,ACC_000283
CLM_0003185,ACC_000283
CLM_0003186,ACC_000173
CLM_0003187,ACC_000060
CLM_0003188,ACC_000061
CLM_0003189,ACC_000061
CLM_0003190,ACC_000813
CLM_0003191,ACC_001076
CLM_0003192,ACC_001076
CLM_0003193,ACC_000769
CLM_0003194,ACC_000769
CLM_0003195,ACC_000769
CLM_0003196,ACC_000283
CLM_0003197,ACC_000283
CLM_0003198,ACC_000020
CLM_0003199,ACC_000020
CLM_0003200,ACC_001181
CLM_0003201,ACC_001181
CLM_0003202,ACC_000856
CLM_0003203,ACC_000911
CLM_0003204,ACC_000911
CLM_0003205,ACC_000045
CLM_0003206,ACC_000403
CLM_0003207,ACC_000403
CLM_0003208,ACC_000280
CLM_0003209,ACC_000280
CLM_0003210,ACC_000280
CLM_0003211,ACC_000588
CLM_0003212,ACC_000588
CLM_0003213,ACC_001072
CLM_0003214,ACC_001072
CLM_0003215,ACC_001072
CLM_0003216,ACC_000569
CLM_0003217,ACC_000266
CLM_0003218,ACC_000266
CLM_0003219,ACC_000631
CLM_0003220,ACC_000631
CLM_0003221,ACC_000517
CLM_0003222,ACC_000517
CLM_0003223,ACC_000283
CLM_0003224,ACC_000283
CLM_0003225,ACC_000283
CLM_0003226,ACC_000331
CLM_0003227,ACC_000331
CLM_0003228,ACC_000813
CLM_0003229,ACC_000517
CLM_0003230,ACC_000282
CLM_0003231,ACC_000282
CLM_0003232,ACC_000282
CLM_0003233,ACC_000273
CLM_0003234,ACC_000273
CLM_0003235,ACC_000410
CLM_0003236,ACC_000410
CLM_0003237,ACC_000175
CLM_0003238,ACC_000283
CLM_0003239,ACC_000283
CLM_0003240,ACC_000283
CLM_0003241,ACC_000144
CLM_0003242,ACC_000061
CLM_0003243,ACC_000061
CLM_0003244,ACC_001088
CLM_0003245,ACC_001088
CLM_0003246,ACC_000125
CLM_0003247,ACC_000125
CLM_0003248,ACC_000043
CLM_0003249,ACC_000043
CLM_0003250,ACC_000043
CLM_0003251,ACC_000036
CLM_0003252,ACC_000036
CLM_0003253,ACC_000910
CLM_0003254,ACC_000910
CLM_0003255,ACC_000910
CLM_0003256,ACC_000470
CLM_0003257,ACC_000470
CLM_0003258,ACC_000470
CLM_0003259,ACC_000045
CLM_0003260,ACC_000045
CLM_0003261,ACC_000045
CLM_0003262,ACC_000282
CLM_0003263,ACC_000282
CLM_0003264,ACC_000282
CLM_0003265,ACC_000281
CLM_0003266,ACC_000543
CLM_0003267,ACC_000543
CLM_0003268,ACC_000543
CLM_0003269,ACC_000748
CLM_0003270,ACC_000748
CLM_0003271,ACC_000019
CLM_0003272,ACC_000019
CLM_0003273,ACC_000019
CLM_0003274,ACC_000282
CLM_0003275,ACC_001072
CLM_0003276,ACC_001072
CLM_0003277,ACC_001138
CLM_0003278,ACC_001138
CLM_0003279,ACC_001138
CLM_0003280,ACC_000283
CLM_0003281,ACC_000043
CLM_0003282,ACC_000282
CLM_0003283,ACC_000282
CLM_0003284,ACC_001138
CLM_0003285,ACC_001138
CLM_0003286,ACC_001138
CLM_0003287,ACC_000814
CLM_0003288,ACC_000100
CLM_0003289,ACC_000112
CLM_0003290,ACC_000112
CLM_0003291,ACC_000045
CLM_0003292,ACC_000282
CLM_0003293,ACC_000282
CLM_0003294,ACC_000084
CLM_0003295,ACC_000084
CLM_0003296,ACC_000084
CLM_0003297,ACC_001055
CLM_0003298,ACC_000762
CLM_0003299,ACC_000762
CLM_0003300,ACC_000762
CLM_0003301,ACC_001138
CLM_0003302,ACC_001138
CLM_0003303,ACC_001138
CLM_0003304,ACC_000534
CLM_0003305,ACC_000534
CLM_0003306,ACC_000534
CLM_0003307,ACC_000399
CLM_0003308,ACC_000282
CLM_0003309,ACC_000282
CLM_0003310,ACC_000282
CLM_0003311,ACC_000410
CLM_0003312,ACC_000411
CLM_0003313,ACC_000411
CLM_0003314,ACC_000411
CLM_0003315,ACC_000703
CLM_0003316,ACC_000703
CLM_0003317,ACC_000703
CLM_0003318,ACC_000061
CLM_0003319,ACC_000061
CLM_0003320,ACC_000410
CLM_0003321,ACC_000410
CLM_0003322,ACC_000410
CLM_0003323,ACC_001055
CLM_0003324,ACC_000516
CLM_0003325,ACC_000516
CLM_0003326,ACC_000516
CLM_0003327,ACC_000828
CLM_0003328,ACC_000137
CLM_0003329,ACC_000137
CLM_0003330,ACC_000045
CLM_0003331,ACC_000045
CLM_0003332,ACC_000045
CLM_0003333,ACC_000498
CLM_0003334,ACC_000498
CLM_0003335,ACC_000498
CLM_0003336,ACC_000411
CLM_0003337,ACC_000411
CLM_0003338,ACC_000878
CLM_0003339,ACC_000878
CLM_0003340,ACC_000410
CLM_0003341,ACC_001054
CLM_0003342,ACC_000921
CLM_0003343,ACC_000280
CLM_0003344,ACC_000332
CLM_0003345,ACC_000332
CLM_0003346,ACC_000332
CLM_0003347,ACC_000572
CLM_0003348,ACC_000572
CLM_0003349,ACC_000283
CLM_0003350,ACC_000144
CLM_0003351,ACC_000144
CLM_0003352,ACC_000144
CLM_0003353,ACC_000205
CLM_0003354,ACC_000144
CLM_0003355,ACC_000144
CLM_0003356,ACC_000843
CLM_0003357,ACC_000843
CLM_0003358,ACC_000045
CLM_0003359,ACC_000045
CLM_0003360,ACC_000045
CLM_0003361,ACC_000144
CLM_0003362,ACC_000144
CLM_0003363,ACC_000409
CLM_0003364,ACC_000409
CLM_0003365,ACC_000031
CLM_0003366,ACC_001057
CLM_0003367,ACC_001057
CLM_0003368,ACC_000282
CLM_0003369,ACC_000410
CLM_0003370,ACC_000410
CLM_0003371,ACC_000410
CLM_0003372,ACC_000410
CLM_0003373,ACC_000445
CLM_0003374,ACC_000445
CLM_0003375,ACC_000407
CLM_0003376,ACC_001076
CLM_0003377,ACC_000013
CLM_0003378,ACC_000013
CLM_0003379,ACC_000013
CLM_0003380,ACC_000976
CLM_0003381,ACC_000044
CLM_0003382,ACC_000239
CLM_0003383,ACC_000412
CLM_0003384,ACC_000412
CLM_0003385,ACC_001138
CLM_0003386,ACC_000316
CLM_0003387,ACC_000007
CLM_0003388,ACC_000007
CLM_0003389,ACC_000283
CLM_0003390,ACC_000283
CLM_0003391,ACC_000019
CLM_0003392,ACC_000332
CLM_0003393,ACC_000332
CLM_0003394,ACC_000394
CLM_0003395,ACC_000394
CLM_0003396,ACC_000411
CLM_0003397,ACC_000411
CLM_0003398,ACC_000411
CLM_0003399,ACC_000282
CLM_0003400,ACC_000282
CLM_0003401,ACC_000282
CLM_0003402,ACC_000044
CLM_0003403,ACC_000044
CLM_0003404,ACC_000044
CLM_0003405,ACC_000143
CLM_0003406,ACC_000143
CLM_0003407,ACC_000143
CLM_0003408,ACC_000518
CLM_0003409,ACC_000410
CLM_0003410,ACC_000411
CLM_0003411,ACC_000411
CLM_0003412,ACC_000820
CLM_0003413,ACC_001105
CLM_0003414,ACC_001105
CLM_0003415,ACC_000793
CLM_0003416,ACC_000060
CLM_0003417,ACC_000518
CLM_0003418,ACC_000518
CLM_0003419,ACC_000748
CLM_0003420,ACC_000748
CLM_0003421,ACC_000748
CLM_0003422,ACC_000144
CLM_0003423,ACC_000172
CLM_0003424,ACC_001095
CLM_0003425,ACC_000748
CLM_0003426,ACC_000146
CLM_0003427,ACC_001138
CLM_0003428,ACC_001138
CLM_0003429,ACC_001138
CLM_0003430,ACC_000283
CLM_0003431,ACC_000283
CLM_0003432,ACC_000144
CLM_0003433,ACC_001072
CLM_0003434,ACC_001072
CLM_0003435,ACC_000239
CLM_0003436,ACC_000239
CLM_0003437,ACC_000239
CLM_0003438,ACC_000195
CLM_0003439,ACC_000195
CLM_0003440,ACC_000143
CLM_0003441,ACC_000211
CLM_0003442,ACC_001056
CLM_0003443,ACC_001056
CLM_0003444,ACC_001056
CLM_0003445,ACC_000282
CLM_0003446,ACC_000282
CLM_0003447,ACC_000781
CLM_0003448,ACC_000781
CLM_0003449,ACC_000282
CLM_0003450,ACC_000045
CLM_0003451,ACC_000814
CLM_0003452,ACC_000060
CLM_0003453,ACC_000060
CLM_0003454,ACC_000060
CLM_0003455,ACC_000959
CLM_0003456,ACC_000995
CLM_0003457,ACC_000995
CLM_0003458,ACC_000498
CLM_0003459,ACC_000498
CLM_0003460,ACC_000412
CLM_0003461,ACC_000412
CLM_0003462,ACC_000412
CLM_0003463,ACC_000137
CLM_0003464,ACC_000137
CLM_0003465,ACC_000044
CLM_0003466,ACC_000569
CLM_0003467,ACC_000569
CLM_0003468,ACC_000409
CLM_0003469,ACC_000409
CLM_0003470,ACC_000116
CLM_0003471,ACC_000116
CLM_0003472,ACC_000116
CLM_0003473,ACC_000283
CLM_0003474,ACC_000283
CLM_0003475,ACC_000283
CLM_0003476,ACC_000283
CLM_0003477,ACC_000283
CLM_0003478,ACC_000283
CLM_0003479,ACC_000856
CLM_0003480,ACC_000734
CLM_0003481,ACC_000734
CLM_0003482,ACC_001113
CLM_0003483,ACC_001113
CLM_0003484,ACC_001113
CLM_0003485,ACC_000283
CLM_0003486,ACC_000283
CLM_0003487,ACC_000282
CLM_0003488,ACC_000282
CLM_0003489,ACC_001048
CLM_0003490,ACC_001048
CLM_0003491,ACC_001048
CLM_0003492,ACC_000283
CLM_0003493,ACC_000283
CLM_0003494,ACC_000283
CLM_0003495,ACC_000060
CLM_0003496,ACC_000060
CLM_0003497,ACC_000060
CLM_0003498,ACC_000813
CLM_0003499,ACC_000813
CLM_0003500,ACC_000813
CLM_0003501,ACC_000265
CLM_0003502,ACC_000061
CLM_0003503,ACC_000442
CLM_0003504,ACC_000442
CLM_0003505,ACC_000442
CLM_0003506,ACC_000282
CLM_0003507,ACC_000045
CLM_0003508,ACC_000878
CLM_0003509,ACC_000094
CLM_0003510,ACC_000094
CLM_0003511,ACC_001138
CLM_0003512,ACC_001138
CLM_0003513,ACC_001138
CLM_0003514,ACC_000498
CLM_0003515,ACC_000498
CLM_0003516,ACC_000498
CLM_0003517,ACC_001076
CLM_0003518,ACC_001076
CLM_0003519,ACC_000319
CLM_0003520,ACC_000319
CLM_0003521,ACC_000409
CLM_0003522,ACC_000282
CLM_0003523,ACC_000282
CLM_0003524,ACC_000282
CLM_0003525,ACC_001138
CLM_0003526,ACC_001138
CLM_0003527,ACC_000273
CLM_0003528,ACC_000273
CLM_0003529,ACC_000569
CLM_0003530,ACC_000569
CLM_0003531,ACC_000569
CLM_0003532,ACC_000060
CLM_0003533,ACC_000283
CLM_0003534,ACC_000283
CLM_0003535,ACC_000854
CLM_0003536,ACC_000854
CLM_0003537,ACC_001029
CLM_0003538,ACC_000283
CLM_0003539,ACC_000282
CLM_0003540,ACC_000061
CLM_0003541,ACC_000061
CLM_0003542,ACC_000061
CLM_0003543,ACC_000116
CLM_0003544,ACC_000060
CLM_0003545,ACC_000060
CLM_0003546,ACC_000060
CLM_0003547,ACC_000100
CLM_0003548,ACC_000100
CLM_0003549,ACC_000100
CLM_0003550,ACC_000043
CLM_0003551,ACC_001016
CLM_0003552,ACC_001016
CLM_0003553,ACC_000872
CLM_0003554,ACC_000872
CLM_0003555,ACC_000412
CLM_0003556,ACC_000282
CLM_0003557,ACC_000282
CLM_0003558,ACC_000569
CLM_0003559,ACC_000569
CLM_0003560,ACC_000409
CLM_0003561,ACC_000717
CLM_0003562,ACC_000717
CLM_0003563,ACC_000717
CLM_0003564,ACC_000282
CLM_0003565,ACC_000282
CLM_0003566,ACC_000282
CLM_0003567,ACC_000900
CLM_0003568,ACC_000900
CLM_0003569,ACC_000197
CLM_0003570,ACC_000197
CLM_0003571,ACC_000197
CLM_0003572,ACC_000659
CLM_0003573,ACC_000659
CLM_0003574,ACC_000856
CLM_0003575,ACC_000205
CLM_0003576,ACC_000205
CLM_0003577,ACC_000205
CLM_0003578,ACC_000409
CLM_0003579,ACC_000409
CLM_0003580,ACC_000047
CLM_0003581,ACC_000047
CLM_0003582,ACC_000047
CLM_0003583,ACC_000045
CLM_0003584,ACC_000045
CLM_0003585,ACC_000282
CLM_0003586,ACC_000282
CLM_0003587,ACC_000282
CLM_0003588,ACC_001169
CLM_0003589,ACC_001169
CLM_0003590,ACC_000650
CLM_0003591,ACC_000650
CLM_0003592,ACC_000407
CLM_0003593,ACC_000407
CLM_0003594,ACC_000412
CLM_0003595,ACC_000060
CLM_0003596,ACC_000060
CLM_0003597,ACC_000407
CLM_0003598,ACC_000407
CLM_0003599,ACC_000407
CLM_0003600,ACC_000393
CLM_0003601,ACC_000393
CLM_0003602,ACC_000045
CLM_0003603,ACC_000131
CLM_0003604,ACC_000131
CLM_0003605,ACC_000131
CLM_0003606,ACC_000409
CLM_0003607,ACC_000409
CLM_0003608,ACC_000409
CLM_0003609,ACC_001057
CLM_0003610,ACC_001057
CLM_0003611,ACC_000009
CLM_0003612,ACC_000190
CLM_0003613,ACC_000190
CLM_0003614,ACC_000190
CLM_0003615,ACC_000403
CLM_0003616,ACC_000403
CLM_0003617,ACC_000280
CLM_0003618,ACC_000280
CLM_0003619,ACC_000280
CLM_0003620,ACC_001076
CLM_0003621,ACC_001076
CLM_0003622,ACC_000850
CLM_0003623,ACC_000850
CLM_0003624,ACC_000850
CLM_0003625,ACC_000833
CLM_0003626,ACC_000283
CLM_0003627,ACC_000412
CLM_0003628,ACC_000412
CLM_0003629,ACC_000813
CLM_0003630,ACC_000813
CLM_0003631,ACC_000813
CLM_0003632,ACC_000143
CLM_0003633,ACC_000854
CLM_0003634,ACC_000854
CLM_0003635,ACC_000333
CLM_0003636,ACC_000911
CLM_0003637,ACC_000911
CLM_0003638,ACC_000367
CLM_0003639,ACC_000367
CLM_0003640,ACC_000367
CLM_0003641,ACC_000209
CLM_0003642,ACC_000209
CLM_0003643,ACC_000283
CLM_0003644,ACC_000283
CLM_0003645,ACC_000283
CLM_0003646,ACC_000283
CLM_0003647,ACC_000283
CLM_0003648,ACC_000283
CLM_0003649,ACC_001058
CLM_0003650,ACC_000045
CLM_0003651,ACC_000283
CLM_0003652,ACC_000283
CLM_0003653,ACC_000283
CLM_0003654,ACC_001055
CLM_0003655,ACC_000143
CLM_0003656,ACC_000282
CLM_0003657,ACC_000205
CLM_0003658,ACC_000408
CLM_0003659,ACC_000910
CLM_0003660,ACC_000910
CLM_0003661,ACC_000910
CLM_0003662,ACC_000283
CLM_0003663,ACC_000283
CLM_0003664,ACC_000272
CLM_0003665,ACC_000272
CLM_0003666,ACC_000412
CLM_0003667,ACC_000412
CLM_0003668,ACC_000412
CLM_0003669,ACC_000855
CLM_0003670,ACC_001054
CLM_0003671,ACC_001054
CLM_0003672,ACC_001054
CLM_0003673,ACC_000814
CLM_0003674,ACC_000405
CLM_0003675,ACC_000405
CLM_0003676,ACC_000409
CLM_0003677,ACC_000332
CLM_0003678,ACC_000332
CLM_0003679,ACC_001076
CLM_0003680,ACC_001072
CLM_0003681,ACC_001072
CLM_0003682,ACC_000856
CLM_0003683,ACC_000856
CLM_0003684,ACC_000409
CLM_0003685,ACC_000409
CLM_0003686,ACC_000283
CLM_0003687,ACC_000412
CLM_0003688,ACC_000412
CLM_0003689,ACC_000412
CLM_0003690,ACC_000878
CLM_0003691,ACC_000878
CLM_0003692,ACC_000878
CLM_0003693,ACC_000911
CLM_0003694,ACC_000911
CLM_0003695,ACC_000173
CLM_0003696,ACC_000173
CLM_0003697,ACC_000173
CLM_0003698,ACC_000407
CLM_0003699,ACC_000283
CLM_0003700,ACC_000283
CLM_0003701,ACC_000769
CLM_0003702,ACC_001055
CLM_0003703,ACC_001055
CLM_0003704,ACC_000407
CLM_0003705,ACC_001015
CLM_0003706,ACC_001015
CLM_0003707,ACC_000394
CLM_0003708,ACC_000394
CLM_0003709,ACC_000394
CLM_0003710,ACC_000485
CLM_0003711,ACC_000485
CLM_0003712,ACC_000485
CLM_0003713,ACC_000943
CLM_0003714,ACC_000282
CLM_0003715,ACC_000282
CLM_0003716,ACC_000143
CLM_0003717,ACC_000143
CLM_0003718,ACC_000143
CLM_0003719,ACC_000799
CLM_0003720,ACC_000799
CLM_0003721,ACC_000799
CLM_0003722,ACC_000878
CLM_0003723,ACC_001040
CLM_0003724,ACC_001040
CLM_0003725,ACC_001040
CLM_0003726,ACC_000640
CLM_0003727,ACC_000280
CLM_0003728,ACC_000280
CLM_0003729,ACC_000891
CLM_0003730,ACC_000891
CLM_0003731,ACC_000891
CLM_0003732,ACC_000814
CLM_0003733,ACC_000814
CLM_0003734,ACC_000814
CLM_0003735,ACC_000814
CLM_0003736,ACC_000814
CLM_0003737,ACC_000411
CLM_0003738,ACC_000179
CLM_0003739,ACC_000179
CLM_0003740,ACC_001058
CLM_0003741,ACC_001058
CLM_0003742,ACC_001058
CLM_0003743,ACC_000498
CLM_0003744,ACC_000498
CLM_0003745,ACC_000498
CLM_0003746,ACC_000416
CLM_0003747,ACC_000416
CLM_0003748,ACC_000416
CLM_0003749,ACC_000409
CLM_0003750,ACC_001076
CLM_0003751,ACC_001076
CLM_0003752,ACC_000283
CLM_0003753,ACC_000283
CLM_0003754,ACC_000283
CLM_0003755,ACC_000543
CLM_0003756,ACC_000543
CLM_0003757,ACC_000543
CLM_0003758,ACC_000042
CLM_0003759,ACC_000042
CLM_0003760,ACC_000407
CLM_0003761,ACC_000543
CLM_0003762,ACC_000407
CLM_0003763,ACC_000407
CLM_0003764,ACC_000407
CLM_0003765,ACC_001076
CLM_0003766,ACC_001076
CLM_0003767,ACC_001076
CLM_0003768,ACC_000749
CLM_0003769,ACC_000749
CLM_0003770,ACC_000749
CLM_0003771,ACC_000832
CLM_0003772,ACC_000832
CLM_0003773,ACC_000761
CLM_0003774,ACC_000761
CLM_0003775,ACC_000761
CLM_0003776,ACC_000856
CLM_0003777,ACC_000856
CLM_0003778,ACC_000856
CLM_0003779,ACC_001076
CLM_0003780,ACC_000143
CLM_0003781,ACC_000332
CLM_0003782,ACC_000332
CLM_0003783,ACC_000332
CLM_0003784,ACC_000283
CLM_0003785,ACC_000283
CLM_0003786,ACC_000283
CLM_0003787,ACC_000321
CLM_0003788,ACC_000321
CLM_0003789,ACC_000984
CLM_0003790,ACC_000060
CLM_0003791,ACC_000283
CLM_0003792,ACC_000283
CLM_0003793,ACC_000283
CLM_0003794,ACC_000410
CLM_0003795,ACC_000410
CLM_0003796,ACC_001091
CLM_0003797,ACC_001091
CLM_0003798,ACC_001091
CLM_0003799,ACC_000282
CLM_0003800,ACC_000282
CLM_0003801,ACC_000282
CLM_0003802,ACC_001054
CLM_0003803,ACC_001037
CLM_0003804,ACC_001037
CLM_0003805,ACC_001037
CLM_0003806,ACC_000641
CLM_0003807,ACC_000641
CLM_0003808,ACC_000043
CLM_0003809,ACC_000043
CLM_0003810,ACC_000043
CLM_0003811,ACC_000283
CLM_0003812,ACC_000283
CLM_0003813,ACC_000330
CLM_0003814,ACC_000330
CLM_0003815,ACC_000282
CLM_0003816,ACC_000282
CLM_0003817,ACC_000282
CLM_0003818,ACC_000855
CLM_0003819,ACC_000855
CLM_0003820,ACC_000855
CLM_0003821,ACC_000283
CLM_0003822,ACC_000873
CLM_0003823,ACC_000873
CLM_0003824,ACC_000873
CLM_0003825,ACC_000434
CLM_0003826,ACC_000434
CLM_0003827,ACC_000434
CLM_0003828,ACC_000238
CLM_0003829,ACC_000238
CLM_0003830,ACC_000238
CLM_0003831,ACC_000045
CLM_0003832,ACC_000061
CLM_0003833,ACC_000403
CLM_0003834,ACC_000403
CLM_0003835,ACC_000403
CLM_0003836,ACC_000283
CLM_0003837,ACC_000283
CLM_0003838,ACC_000283
CLM_0003839,ACC_000498
CLM_0003840,ACC_000498
CLM_0003841,ACC_000498
CLM_0003842,ACC_000083
CLM_0003843,ACC_000331
CLM_0003844,ACC_000331
CLM_0003845,ACC_000331
CLM_0003846,ACC_000175
CLM_0003847,ACC_000238
CLM_0003848,ACC_000238
CLM_0003849,ACC_000238
CLM_0003850,ACC_000020
CLM_0003851,ACC_000498
CLM_0003852,ACC_000498
CLM_0003853,ACC_000498
CLM_0003854,ACC_000909
CLM_0003855,ACC_000909
CLM_0003856,ACC_000909
CLM_0003857,ACC_000282
CLM_0003858,ACC_001138
CLM_0003859,ACC_000412
CLM_0003860,ACC_000412
CLM_0003861,ACC_000855
CLM_0003862,ACC_000061
CLM_0003863,ACC_000803
CLM_0003864,ACC_000803
CLM_0003865,ACC_000959
CLM_0003866,ACC_000959
CLM_0003867,ACC_000959
CLM_0003868,ACC_000749
CLM_0003869,ACC_000749
CLM_0003870,ACC_000749
CLM_0003871,ACC_001076
CLM_0003872,ACC_001076
CLM_0003873,ACC_001076
CLM_0003874,ACC_000266
CLM_0003875,ACC_000266
CLM_0003876,ACC_000407
CLM_0003877,ACC_000407
CLM_0003878,ACC_000407
CLM_0003879,ACC_000408
CLM_0003880,ACC_000408
CLM_0003881,ACC_000282
CLM_0003882,ACC_000282
CLM_0003883,ACC_000282
CLM_0003884,ACC_000060
CLM_0003885,ACC_000060
CLM_0003886,ACC_000060
CLM_0003887,ACC_000044
CLM_0003888,ACC_000083
CLM_0003889,ACC_000083
CLM_0003890,ACC_000083
CLM_0003891,ACC_000408
CLM_0003892,ACC_000518
CLM_0003893,ACC_000175
CLM_0003894,ACC_000175
CLM_0003895,ACC_000175
CLM_0003896,ACC_001055
CLM_0003897,ACC_001055
CLM_0003898,ACC_000411
CLM_0003899,ACC_000411
CLM_0003900,ACC_000409
CLM_0003901,ACC_000409
CLM_0003902,ACC_000282
CLM_0003903,ACC_000282
CLM_0003904,ACC_000282
CLM_0003905,ACC_000282
CLM_0003906,ACC_000719
CLM_0003907,ACC_000719
CLM_0003908,ACC_000572
CLM_0003909,ACC_000572
CLM_0003910,ACC_000572
CLM_0003911,ACC_001056
CLM_0003912,ACC_001056
CLM_0003913,ACC_000045
CLM_0003914,ACC_000061
CLM_0003915,ACC_000061
CLM_0003916,ACC_000464
CLM_0003917,ACC_000854
CLM_0003918,ACC_000854
CLM_0003919,ACC_000854
CLM_0003920,ACC_000878
CLM_0003921,ACC_000878
CLM_0003922,ACC_000878
CLM_0003923,ACC_000060
CLM_0003924,ACC_000060
CLM_0003925,ACC_000060
CLM_0003926,ACC_000282
CLM_0003927,ACC_000970
CLM_0003928,ACC_000970
CLM_0003929,ACC_000970
CLM_0003930,ACC_000283
CLM_0003931,ACC_000283
CLM_0003932,ACC_000283
CLM_0003933,ACC_000911
CLM_0003934,ACC_000911
CLM_0003935,ACC_000910
CLM_0003936,ACC_000910
CLM_0003937,ACC_000910
CLM_0003938,ACC_000061
CLM_0003939,ACC_000061
CLM_0003940,ACC_000061
CLM_0003941,ACC_000407
CLM_0003942,ACC_000407
CLM_0003943,ACC_000045
CLM_0003944,ACC_000045
CLM_0003945,ACC_000812
CLM_0003946,ACC_000812
CLM_0003947,ACC_000411
CLM_0003948,ACC_001056
CLM_0003949,ACC_001056
CLM_0003950,ACC_000516
CLM_0003951,ACC_000410
CLM_0003952,ACC_000410
CLM_0003953,ACC_000044
CLM_0003954,ACC_000516
CLM_0003955,ACC_000283
CLM_0003956,ACC_000093
CLM_0003957,ACC_000093
CLM_0003958,ACC_000315
CLM_0003959,ACC_000315
CLM_0003960,ACC_000315
CLM_0003961,ACC_000282
CLM_0003962,ACC_000873
CLM_0003963,ACC_000873
CLM_0003964,ACC_000910
CLM_0003965,ACC_000412
CLM_0003966,ACC_000412
CLM_0003967,ACC_000044
CLM_0003968,ACC_000407
CLM_0003969,ACC_000407
CLM_0003970,ACC_000407
CLM_0003971,ACC_001088
CLM_0003972,ACC_001088
CLM_0003973,ACC_000878
CLM_0003974,ACC_000280
CLM_0003975,ACC_000280
CLM_0003976,ACC_000280
CLM_0003977,ACC_000911
CLM_0003978,ACC_000911
CLM_0003979,ACC_000282
CLM_0003980,ACC_000282
CLM_0003981,ACC_000518
CLM_0003982,ACC_000982
CLM_0003983,ACC_000573
CLM_0003984,ACC_000573
CLM_0003985,ACC_001138
CLM_0003986,ACC_001138
CLM_0003987,ACC_001138
CLM_0003988,ACC_000061
CLM_0003989,ACC_000910
CLM_0003990,ACC_000910
CLM_0003991,ACC_000910
CLM_0003992,ACC_001016
CLM_0003993,ACC_000283
CLM_0003994,ACC_000283
CLM_0003995,ACC_000283
CLM_0003996,ACC_000814
CLM_0003997,ACC_000282
CLM_0003998,ACC_000282
CLM_0003999,ACC_000282
CLM_0004000,ACC_000566
CLM_0004001,ACC_000566
CLM_0004002,ACC_000144
CLM_0004003,ACC_000813
CLM_0004004,ACC_000813
CLM_0004005,ACC_000282
CLM_0004006,ACC_000282
CLM_0004007,ACC_000282
CLM_0004008,ACC_000407
CLM_0004009,ACC_000407
CLM_0004010,ACC_000997
CLM_0004011,ACC_000060
CLM_0004012,ACC_000060
CLM_0004013,ACC_000283
CLM_0004014,ACC_000283
CLM_0004015,ACC_000911
CLM_0004016,ACC_000044
CLM_0004017,ACC_000093
CLM_0004018,ACC_000093
CLM_0004019,ACC_000045
CLM_0004020,ACC_000045
CLM_0004021,ACC_000641
CLM_0004022,ACC_000641
CLM_0004023,ACC_000856
CLM_0004024,ACC_000856
CLM_0004025,ACC_000856
CLM_0004026,ACC_000319
CLM_0004027,ACC_001017
CLM_0004028,ACC_000020
CLM_0004029,ACC_000020
CLM_0004030,ACC_000380
CLM_0004031,ACC_000380
CLM_0004032,ACC_001076
CLM_0004033,ACC_001076
CLM_0004034,ACC_001076
CLM_0004035,ACC_000911
CLM_0004036,ACC_000459
CLM_0004037,ACC_001076
CLM_0004038,ACC_001076
CLM_0004039,ACC_000464
CLM_0004040,ACC_000464
CLM_0004041,ACC_000333
CLM_0004042,ACC_000872
CLM_0004043,ACC_000872
CLM_0004044,ACC_000872
CLM_0004045,ACC_000060
CLM_0004046,ACC_000060
CLM_0004047,ACC_000060
CLM_0004048,ACC_000211
CLM_0004049,ACC_000211
CLM_0004050,ACC_000283
CLM_0004051,ACC_000283
CLM_0004052,ACC_000779
CLM_0004053,ACC_000779
CLM_0004054,ACC_000779
CLM_0004055,ACC_000872
CLM_0004056,ACC_000872
CLM_0004057,ACC_000856
CLM_0004058,ACC_000856
CLM_0004059,ACC_000282
CLM_0004060,ACC_000282
CLM_0004061,ACC_000282
CLM_0004062,ACC_001150
CLM_0004063,ACC_000042
CLM_0004064,ACC_000042
CLM_0004065,ACC_000042
CLM_0004066,ACC_000410
CLM_0004067,ACC_000282
CLM_0004068,ACC_000855
CLM_0004069,ACC_000855
CLM_0004070,ACC_000855
CLM_0004071,ACC_000910
CLM_0004072,ACC_000910
CLM_0004073,ACC_000910
CLM_0004074,ACC_000282
CLM_0004075,ACC_000002
CLM_0004076,ACC_000002
CLM_0004077,ACC_000002
CLM_0004078,ACC_000043
CLM_0004079,ACC_000043
CLM_0004080,ACC_000061
CLM_0004081,ACC_000282
CLM_0004082,ACC_000282
CLM_0004083,ACC_000238
CLM_0004084,ACC_000238
CLM_0004085,ACC_000238
CLM_0004086,ACC_000144
CLM_0004087,ACC_000144
CLM_0004088,ACC_000144
CLM_0004089,ACC_000061
CLM_0004090,ACC_000061
CLM_0004091,ACC_000061
CLM_0004092,ACC_000283
CLM_0004093,ACC_000283
CLM_0004094,ACC_000814
CLM_0004095,ACC_000814
CLM_0004096,ACC_000464
CLM_0004097,ACC_000464
CLM_0004098,ACC_000464
CLM_0004099,ACC_000282
CLM_0004100,ACC_000282
CLM_0004101,ACC_000282
CLM_0004102,ACC_000410
CLM_0004103,ACC_000410
CLM_0004104,ACC_000856
CLM_0004105,ACC_000856
CLM_0004106,ACC_000856
CLM_0004107,ACC_000640
CLM_0004108,ACC_000122
CLM_0004109,ACC_000409
CLM_0004110,ACC_000409
CLM_0004111,ACC_000409
CLM_0004112,ACC_000573
CLM_0004113,ACC_000283
CLM_0004114,ACC_000283
CLM_0004115,ACC_000695
CLM_0004116,ACC_000695
CLM_0004117,ACC_000695
CLM_0004118,ACC_000631
CLM_0004119,ACC_000631
CLM_0004120,ACC_000631
CLM_0004121,ACC_001095
CLM_0004122,ACC_001095
CLM_0004123,ACC_001095
CLM_0004124,ACC_000045
CLM_0004125,ACC_000045
CLM_0004126,ACC_000732
CLM_0004127,ACC_000732
CLM_0004128,ACC_000778
CLM_0004129,ACC_000778
CLM_0004130,ACC_000407
CLM_0004131,ACC_000407
CLM_0004132,ACC_000407
CLM_0004133,ACC_001055
CLM_0004134,ACC_000409
CLM_0004135,ACC_000409
CLM_0004136,ACC_001015
CLM_0004137,ACC_001015
CLM_0004138,ACC_000960
CLM_0004139,ACC_000060
CLM_0004140,ACC_000060
CLM_0004141,ACC_000060
CLM_0004142,ACC_000516
CLM_0004143,ACC_000516
CLM_0004144,ACC_000516
CLM_0004145,ACC_000061
CLM_0004146,ACC_001055
CLM_0004147,ACC_000282
CLM_0004148,ACC_000282
CLM_0004149,ACC_000282
CLM_0004150,ACC_000516
CLM_0004151,ACC_000516
CLM_0004152,ACC_000516
CLM_0004153,ACC_000043
CLM_0004154,ACC_000283
CLM_0004155,ACC_000283
CLM_0004156,ACC_000061
CLM_0004157,ACC_000061
CLM_0004158,ACC_000061
CLM_0004159,ACC_000283
CLM_0004160,ACC_000131
CLM_0004161,ACC_000131
CLM_0004162,ACC_000410
CLM_0004163,ACC_000410
CLM_0004164,ACC_000410
CLM_0004165,ACC_000282
CLM_0004166,ACC_000333
CLM_0004167,ACC_000333
CLM_0004168,ACC_000280
CLM_0004169,ACC_000411
CLM_0004170,ACC_000872
CLM_0004171,ACC_000872
CLM_0004172,ACC_000872
CLM_0004173,ACC_000855
CLM_0004174,ACC_000855
CLM_0004175,ACC_000395
CLM_0004176,ACC_000395
CLM_0004177,ACC_000407
CLM_0004178,ACC_000043
CLM_0004179,ACC_001056
CLM_0004180,ACC_001056
CLM_0004181,ACC_001056
CLM_0004182,ACC_000412
CLM_0004183,ACC_000769
CLM_0004184,ACC_000984
CLM_0004185,ACC_000984
CLM_0004186,ACC_000283
CLM_0004187,ACC_000283
CLM_0004188,ACC_000061
CLM_0004189,ACC_000061
CLM_0004190,ACC_000283
CLM_0004191,ACC_000283
CLM_0004192,ACC_000043
CLM_0004193,ACC_000043
CLM_0004194,ACC_000043
CLM_0004195,ACC_000282
CLM_0004196,ACC_000282
CLM_0004197,ACC_000781
CLM_0004198,ACC_000408
CLM_0004199,ACC_000408
CLM_0004200,ACC_000410
CLM_0004201,ACC_000410
CLM_0004202,ACC_000043
CLM_0004203,ACC_000813
CLM_0004204,ACC_000910
CLM_0004205,ACC_000910
CLM_0004206,ACC_000910
CLM_0004207,ACC_000043
CLM_0004208,ACC_000043
CLM_0004209,ACC_000407
CLM_0004210,ACC_000407
CLM_0004211,ACC_000407
CLM_0004212,ACC_000769
CLM_0004213,ACC_000769
CLM_0004214,ACC_000769
CLM_0004215,ACC_000340
CLM_0004216,ACC_000340
CLM_0004217,ACC_000340
CLM_0004218,ACC_000283
CLM_0004219,ACC_000283
CLM_0004220,ACC_000083
CLM_0004221,ACC_000083
CLM_0004222,ACC_000083
CLM_0004223,ACC_000283
CLM_0004224,ACC_000283
CLM_0004225,ACC_000878
CLM_0004226,ACC_000878
CLM_0004227,ACC_000878
CLM_0004228,ACC_000854
CLM_0004229,ACC_000854
CLM_0004230,ACC_000854
CLM_0004231,ACC_000283
CLM_0004232,ACC_000283
CLM_0004233,ACC_000117
CLM_0004234,ACC_000117
CLM_0004235,ACC_000194
CLM_0004236,ACC_000380
CLM_0004237,ACC_000380
CLM_0004238,ACC_000043
CLM_0004239,ACC_000043
CLM_0004240,ACC_000043
CLM_0004241,ACC_000937
CLM_0004242,ACC_000937
CLM_0004243,ACC_001055
CLM_0004244,ACC_000394
CLM_0004245,ACC_001076
CLM_0004246,ACC_001076
CLM_0004247,ACC_000409
CLM_0004248,ACC_000409
CLM_0004249,ACC_000409
CLM_0004250,ACC_000910
CLM_0004251,ACC_000910
CLM_0004252,ACC_000282
CLM_0004253,ACC_000283
CLM_0004254,ACC_000283
CLM_0004255,ACC_000283
CLM_0004256,ACC_000061
CLM_0004257,ACC_000061
CLM_0004258,ACC_000855
CLM_0004259,ACC_000113
CLM_0004260,ACC_000113
CLM_0004261,ACC_000113
CLM_0004262,ACC_000282
CLM_0004263,ACC_000813
CLM_0004264,ACC_000813
CLM_0004265,ACC_000498
CLM_0004266,ACC_000409
CLM_0004267,ACC_000409
CLM_0004268,ACC_000769
CLM_0004269,ACC_000769
CLM_0004270,ACC_000719
CLM_0004271,ACC_000719
CLM_0004272,ACC_000061
CLM_0004273,ACC_000061
CLM_0004274,ACC_000061
CLM_0004275,ACC_001138
CLM_0004276,ACC_000834
CLM_0004277,ACC_000872
CLM_0004278,ACC_000144
CLM_0004279,ACC_000144
CLM_0004280,ACC_000144
CLM_0004281,ACC_000265
CLM_0004282,ACC_000265
CLM_0004283,ACC_000265
CLM_0004284,ACC_000061
CLM_0004285,ACC_000061
CLM_0004286,ACC_000061
CLM_0004287,ACC_000408
CLM_0004288,ACC_000408
CLM_0004289,ACC_000408
CLM_0004290,ACC_000408
CLM_0004291,ACC_000408
CLM_0004292,ACC_000408
CLM_0004293,ACC_000159
CLM_0004294,ACC_000159
CLM_0004295,ACC_000159
CLM_0004296,ACC_000283
CLM_0004297,ACC_000283
CLM_0004298,ACC_000283
CLM_0004299,ACC_000395
CLM_0004300,ACC_000395
CLM_0004301,ACC_000814
CLM_0004302,ACC_000814
CLM_0004303,ACC_000412
CLM_0004304,ACC_000412
CLM_0004305,ACC_000411
CLM_0004306,ACC_000813
CLM_0004307,ACC_000813
CLM_0004308,ACC_000813
CLM_0004309,ACC_000143
CLM_0004310,ACC_000143
CLM_0004311,ACC_000411
CLM_0004312,ACC_000061
CLM_0004313,ACC_001138
CLM_0004314,ACC_001138
CLM_0004315,ACC_000410
CLM_0004316,ACC_000410
CLM_0004317,ACC_000410
CLM_0004318,ACC_000143
CLM_0004319,ACC_000143
CLM_0004320,ACC_000143
CLM_0004321,ACC_000176
CLM_0004322,ACC_000176
CLM_0004323,ACC_000176
CLM_0004324,ACC_000407
CLM_0004325,ACC_000407
CLM_0004326,ACC_000412
CLM_0004327,ACC_000412
CLM_0004328,ACC_000600
CLM_0004329,ACC_000600
CLM_0004330,ACC_000060
CLM_0004331,ACC_000060
CLM_0004332,ACC_000060
CLM_0004333,ACC_000283
CLM_0004334,ACC_000283
CLM_0004335,ACC_000283
CLM_0004336,ACC_000650
CLM_0004337,ACC_000843
CLM_0004338,ACC_000412
CLM_0004339,ACC_000412
CLM_0004340,ACC_000283
CLM_0004341,ACC_000283
CLM_0004342,ACC_000061
CLM_0004343,ACC_000316
CLM_0004344,ACC_000316
CLM_0004345,ACC_000316
CLM_0004346,ACC_000282
CLM_0004347,ACC_000282
CLM_0004348,ACC_000408
CLM_0004349,ACC_000408
CLM_0004350,ACC_001056
CLM_0004351,ACC_000409
CLM_0004352,ACC_000409
CLM_0004353,ACC_000409
CLM_0004354,ACC_001057
CLM_0004355,ACC_001057
CLM_0004356,ACC_001057
CLM_0004357,ACC_000061
CLM_0004358,ACC_000061
CLM_0004359,ACC_000061
CLM_0004360,ACC_000044
CLM_0004361,ACC_000044
CLM_0004362,ACC_000407
CLM_0004363,ACC_000407
CLM_0004364,ACC_000282
CLM_0004365,ACC_000282
CLM_0004366,ACC_000332
CLM_0004367,ACC_000872
CLM_0004368,ACC_000407
CLM_0004369,ACC_000407
CLM_0004370,ACC_000814
CLM_0004371,ACC_000060
CLM_0004372,ACC_000060
CLM_0004373,ACC_000060
CLM_0004374,ACC_000060
CLM_0004375,ACC_000409
CLM_0004376,ACC_000409
CLM_0004377,ACC_000409
CLM_0004378,ACC_000282
CLM_0004379,ACC_000282
CLM_0004380,ACC_000190
CLM_0004381,ACC_000814
CLM_0004382,ACC_000814
CLM_0004383,ACC_000814
CLM_0004384,ACC_000569
CLM_0004385,ACC_000518
CLM_0004386,ACC_000518
CLM_0004387,ACC_000518
CLM_0004388,ACC_001016
CLM_0004389,ACC_001016
CLM_0004390,ACC_001016
CLM_0004391,ACC_000331
CLM_0004392,ACC_000331
CLM_0004393,ACC_000283
CLM_0004394,ACC_000283
CLM_0004395,ACC_000033
CLM_0004396,ACC_000282
CLM_0004397,ACC_000282
CLM_0004398,ACC_000047
CLM_0004399,ACC_000117
CLM_0004400,ACC_000117
CLM_0004401,ACC_000117
CLM_0004402,ACC_000412
CLM_0004403,ACC_000412
CLM_0004404,ACC_000878
CLM_0004405,ACC_000873
CLM_0004406,ACC_000411
CLM_0004407,ACC_000173
CLM_0004408,ACC_000043
CLM_0004409,ACC_000043
CLM_0004410,ACC_000043
CLM_0004411,ACC_000060
CLM_0004412,ACC_000282
CLM_0004413,ACC_000044
CLM_0004414,ACC_000044
CLM_0004415,ACC_000044
CLM_0004416,ACC_000283
CLM_0004417,ACC_000283
CLM_0004418,ACC_000283
CLM_0004419,ACC_001045
CLM_0004420,ACC_001045
CLM_0004421,ACC_000045
CLM_0004422,ACC_000045
CLM_0004423,ACC_000003
CLM_0004424,ACC_000003
CLM_0004425,ACC_000003
CLM_0004426,ACC_000854
CLM_0004427,ACC_000854
CLM_0004428,ACC_000061
CLM_0004429,ACC_000061
CLM_0004430,ACC_000283
CLM_0004431,ACC_000283
CLM_0004432,ACC_000066
CLM_0004433,ACC_000408
CLM_0004434,ACC_000408
CLM_0004435,ACC_000408
CLM_0004436,ACC_000061
CLM_0004437,ACC_001054
CLM_0004438,ACC_001054
CLM_0004439,ACC_000393
CLM_0004440,ACC_000393
CLM_0004441,ACC_000061
CLM_0004442,ACC_000061
CLM_0004443,ACC_000911
CLM_0004444,ACC_000911
CLM_0004445,ACC_000117
CLM_0004446,ACC_000117
CLM_0004447,ACC_000117
CLM_0004448,ACC_000057
CLM_0004449,ACC_000057
CLM_0004450,ACC_000282
CLM_0004451,ACC_000517
CLM_0004452,ACC_000517
CLM_0004453,ACC_000517
CLM_0004454,ACC_000937
CLM_0004455,ACC_000283
CLM_0004456,ACC_000283
CLM_0004457,ACC_000769
CLM_0004458,ACC_000769
CLM_0004459,ACC_000769
CLM_0004460,ACC_000332
CLM_0004461,ACC_000332
CLM_0004462,ACC_000398
CLM_0004463,ACC_000398
CLM_0004464,ACC_000398
CLM_0004465,ACC_000748
CLM_0004466,ACC_000748
CLM_0004467,ACC_000748
CLM_0004468,ACC_001181
CLM_0004469,ACC_001181
CLM_0004470,ACC_001181
CLM_0004471,ACC_000283
CLM_0004472,ACC_000283
CLM_0004473,ACC_000045
CLM_0004474,ACC_000517
CLM_0004475,ACC_000517
CLM_0004476,ACC_000872
CLM_0004477,ACC_000872
CLM_0004478,ACC_000112
CLM_0004479,ACC_000112
CLM_0004480,ACC_000748
CLM_0004481,ACC_000748
CLM_0004482,ACC_000748
CLM_0004483,ACC_000282
CLM_0004484,ACC_000282
CLM_0004485,ACC_000282
CLM_0004486,ACC_000953
CLM_0004487,ACC_001017
CLM_0004488,ACC_001017
CLM_0004489,ACC_001017
CLM_0004490,ACC_000408
CLM_0004491,ACC_000855
CLM_0004492,ACC_000855
CLM_0004493,ACC_000855
CLM_0004494,ACC_000984
CLM_0004495,ACC_000408
CLM_0004496,ACC_000408
CLM_0004497,ACC_000408
CLM_0004498,ACC_000282
CLM_0004499,ACC_000282
CLM_0004500,ACC_000282
CLM_0004501,ACC_000282
CLM_0004502,ACC_000984
CLM_0004503,ACC_000984
CLM_0004504,ACC_000984
CLM_0004505,ACC_000351
CLM_0004506,ACC_000351
CLM_0004507,ACC_000412
CLM_0004508,ACC_000412
CLM_0004509,ACC_000412
CLM_0004510,ACC_000283
CLM_0004511,ACC_000283
CLM_0004512,ACC_000283
CLM_0004513,ACC_000813
CLM_0004514,ACC_000813
CLM_0004515,ACC_000320
CLM_0004516,ACC_000320
CLM_0004517,ACC_000320
CLM_0004518,ACC_000411
CLM_0004519,ACC_000411
CLM_0004520,ACC_000283
CLM_0004521,ACC_000061
CLM_0004522,ACC_000061
CLM_0004523,ACC_000061
CLM_0004524,ACC_000283
CLM_0004525,ACC_000283
CLM_0004526,ACC_001158
CLM_0004527,ACC_000407
CLM_0004528,ACC_000904
CLM_0004529,ACC_000904
CLM_0004530,ACC_001015
CLM_0004531,ACC_001015
CLM_0004532,ACC_001191
CLM_0004533,ACC_001191
CLM_0004534,ACC_001191
CLM_0004535,ACC_001086
CLM_0004536,ACC_001086
CLM_0004537,ACC_000143
CLM_0004538,ACC_000143
CLM_0004539,ACC_000043
CLM_0004540,ACC_000409
CLM_0004541,ACC_000409
CLM_0004542,ACC_000044
CLM_0004543,ACC_000735
CLM_0004544,ACC_000283
CLM_0004545,ACC_000283
CLM_0004546,ACC_000283
CLM_0004547,ACC_000321
CLM_0004548,ACC_000321
CLM_0004549,ACC_000333
CLM_0004550,ACC_000333
CLM_0004551,ACC_000333
CLM_0004552,ACC_000013
CLM_0004553,ACC_000003
CLM_0004554,ACC_000283
CLM_0004555,ACC_001138
CLM_0004556,ACC_001138
CLM_0004557,ACC_001138
CLM_0004558,ACC_001191
CLM_0004559,ACC_001191
CLM_0004560,ACC_000410
CLM_0004561,ACC_000410
CLM_0004562,ACC_000410
CLM_0004563,ACC_000060
CLM_0004564,ACC_000282
CLM_0004565,ACC_000282
CLM_0004566,ACC_000655
CLM_0004567,ACC_001076
CLM_0004568,ACC_001076
CLM_0004569,ACC_001076
CLM_0004570,ACC_000282
CLM_0004571,ACC_000282
CLM_0004572,ACC_000716
CLM_0004573,ACC_000716
CLM_0004574,ACC_000172
CLM_0004575,ACC_000172
CLM_0004576,ACC_001076
CLM_0004577,ACC_000412
CLM_0004578,ACC_000341
CLM_0004579,ACC_001188
CLM_0004580,ACC_001188
CLM_0004581,ACC_001188
CLM_0004582,ACC_000809
CLM_0004583,ACC_000809
CLM_0004584,ACC_000003
CLM_0004585,ACC_000003
CLM_0004586,ACC_000603
CLM_0004587,ACC_000498
CLM_0004588,ACC_000498
CLM_0004589,ACC_000498
CLM_0004590,ACC_001076
CLM_0004591,ACC_001076
CLM_0004592,ACC_000828
CLM_0004593,ACC_000641
CLM_0004594,ACC_000641
CLM_0004595,ACC_000020
CLM_0004596,ACC_000020
CLM_0004597,ACC_000282
CLM_0004598,ACC_000282
CLM_0004599,ACC_000282
CLM_0004600,ACC_001054
CLM_0004601,ACC_001054
CLM_0004602,ACC_000283
CLM_0004603,ACC_000112
CLM_0004604,ACC_000112
CLM_0004605,ACC_000112
CLM_0004606,ACC_000664
CLM_0004607,ACC_000664
CLM_0004608,ACC_000854
CLM_0004609,ACC_000854
CLM_0004610,ACC_000873
CLM_0004611,ACC_000873
CLM_0004612,ACC_000410
CLM_0004613,ACC_000410
CLM_0004614,ACC_000255
CLM_0004615,ACC_000255
CLM_0004616,ACC_000412
CLM_0004617,ACC_000412
CLM_0004618,ACC_000409
CLM_0004619,ACC_000543
CLM_0004620,ACC_000543
CLM_0004621,ACC_000543
CLM_0004622,ACC_000060
CLM_0004623,ACC_000060
CLM_0004624,ACC_000278
CLM_0004625,ACC_000278
CLM_0004626,ACC_000282
CLM_0004627,ACC_000282
CLM_0004628,ACC_000282
CLM_0004629,ACC_001015
CLM_0004630,ACC_001015
CLM_0004631,ACC_001015
CLM_0004632,ACC_000044
CLM_0004633,ACC_000044
CLM_0004634,ACC_000044
CLM_0004635,ACC_000143
CLM_0004636,ACC_000061
CLM_0004637,ACC_000061
CLM_0004638,ACC_000061
CLM_0004639,ACC_000411
CLM_0004640,ACC_000117
CLM_0004641,ACC_000407
CLM_0004642,ACC_000407
CLM_0004643,ACC_000407
CLM_0004644,ACC_000409
CLM_0004645,ACC_000409
CLM_0004646,ACC_000409
CLM_0004647,ACC_000331
CLM_0004648,ACC_000407
CLM_0004649,ACC_000321
CLM_0004650,ACC_000321
CLM_0004651,ACC_000321
CLM_0004652,ACC_000061
CLM_0004653,ACC_001016
CLM_0004654,ACC_000638
CLM_0004655,ACC_000638
CLM_0004656,ACC_000638
CLM_0004657,ACC_001003
CLM_0004658,ACC_001003
CLM_0004659,ACC_001058
CLM_0004660,ACC_001076
CLM_0004661,ACC_001076
CLM_0004662,ACC_001076
CLM_0004663,ACC_001076
CLM_0004664,ACC_000797
CLM_0004665,ACC_000797
CLM_0004666,ACC_000797
CLM_0004667,ACC_000641
CLM_0004668,ACC_000641
CLM_0004669,ACC_000061
CLM_0004670,ACC_000061
CLM_0004671,ACC_000061
CLM_0004672,ACC_001093
CLM_0004673,ACC_001093
CLM_0004674,ACC_000282
CLM_0004675,ACC_000282
CLM_0004676,ACC_000282
CLM_0004677,ACC_000498
CLM_0004678,ACC_000498
CLM_0004679,ACC_000498
CLM_0004680,ACC_000854
CLM_0004681,ACC_000854
CLM_0004682,ACC_000060
CLM_0004683,ACC_000060
CLM_0004684,ACC_000084
CLM_0004685,ACC_000340
CLM_0004686,ACC_000340
CLM_0004687,ACC_000043
CLM_0004688,ACC_000644
CLM_0004689,ACC_000644
CLM_0004690,ACC_000644
CLM_0004691,ACC_000534
CLM_0004692,ACC_000534
CLM_0004693,ACC_000210
CLM_0004694,ACC_000210
CLM_0004695,ACC_000060
CLM_0004696,ACC_000060
CLM_0004697,ACC_000283
CLM_0004698,ACC_000283
CLM_0004699,ACC_000911
CLM_0004700,ACC_000814
CLM_0004701,ACC_000814
CLM_0004702,ACC_000814
CLM_0004703,ACC_000283
CLM_0004704,ACC_000283
CLM_0004705,ACC_000283
CLM_0004706,ACC_000043
CLM_0004707,ACC_000854
CLM_0004708,ACC_000776
CLM_0004709,ACC_000776
CLM_0004710,ACC_000221
CLM_0004711,ACC_000897
CLM_0004712,ACC_000143
CLM_0004713,ACC_000143
CLM_0004714,ACC_000143
CLM_0004715,ACC_000854
CLM_0004716,ACC_000854
CLM_0004717,ACC_000854
CLM_0004718,ACC_000144
CLM_0004719,ACC_000409
CLM_0004720,ACC_000644
CLM_0004721,ACC_000099
CLM_0004722,ACC_000099
CLM_0004723,ACC_000099
CLM_0004724,ACC_000854
CLM_0004725,ACC_000854
CLM_0004726,ACC_001191
CLM_0004727,ACC_001191
CLM_0004728,ACC_001140
CLM_0004729,ACC_001140
CLM_0004730,ACC_001140
CLM_0004731,ACC_001076
CLM_0004732,ACC_000910
CLM_0004733,ACC_000748
CLM_0004734,ACC_000748
CLM_0004735,ACC_000748
CLM_0004736,ACC_000144
CLM_0004737,ACC_000282
CLM_0004738,ACC_000282
CLM_0004739,ACC_000833
CLM_0004740,ACC_000833
CLM_0004741,ACC_000833
CLM_0004742,ACC_000408
CLM_0004743,ACC_000408
CLM_0004744,ACC_000331
CLM_0004745,ACC_000061
CLM_0004746,ACC_000061
CLM_0004747,ACC_000773
CLM_0004748,ACC_000773
CLM_0004749,ACC_000205
CLM_0004750,ACC_000911
CLM_0004751,ACC_000911
CLM_0004752,ACC_000911
CLM_0004753,ACC_000854
CLM_0004754,ACC_000854
CLM_0004755,ACC_000854
CLM_0004756,ACC_000060
CLM_0004757,ACC_000813
CLM_0004758,ACC_000813
CLM_0004759,ACC_000813
CLM_0004760,ACC_000403
CLM_0004761,ACC_000403
CLM_0004762,ACC_000403
CLM_0004763,ACC_000716
CLM_0004764,ACC_000716
CLM_0004765,ACC_000779
CLM_0004766,ACC_000779
CLM_0004767,ACC_000779
CLM_0004768,ACC_000282
CLM_0004769,ACC_000282
CLM_0004770,ACC_000061
CLM_0004771,ACC_000061
CLM_0004772,ACC_000409
CLM_0004773,ACC_000409
CLM_0004774,ACC_000409
CLM_0004775,ACC_000283
CLM_0004776,ACC_000283
CLM_0004777,ACC_000283
CLM_0004778,ACC_000124
CLM_0004779,ACC_000124
CLM_0004780,ACC_001123
CLM_0004781,ACC_000282
CLM_0004782,ACC_000282
CLM_0004783,ACC_000282
CLM_0004784,ACC_000282
CLM_0004785,ACC_000282
CLM_0004786,ACC_001138
CLM_0004787,ACC_001138
CLM_0004788,ACC_000117
CLM_0004789,ACC_000117
CLM_0004790,ACC_000729
CLM_0004791,ACC_000729
CLM_0004792,ACC_000729
CLM_0004793,ACC_000061
CLM_0004794,ACC_000061
CLM_0004795,ACC_000061
CLM_0004796,ACC_000173
CLM_0004797,ACC_000173
CLM_0004798,ACC_000173
CLM_0004799,ACC_000911
CLM_0004800,ACC_000911
CLM_0004801,ACC_000911
CLM_0004802,ACC_000144
CLM_0004803,ACC_000094
CLM_0004804,ACC_000094
CLM_0004805,ACC_000094
CLM_0004806,ACC_000872
CLM_0004807,ACC_000872
CLM_0004808,ACC_000169
CLM_0004809,ACC_000169
CLM_0004810,ACC_000169
CLM_0004811,ACC_000911
CLM_0004812,ACC_000911
CLM_0004813,ACC_000911
CLM_0004814,ACC_000769
CLM_0004815,ACC_000769
CLM_0004816,ACC_000769
CLM_0004817,ACC_000283
CLM_0004818,ACC_000410
CLM_0004819,ACC_000410
CLM_0004820,ACC_000803
CLM_0004821,ACC_001138
CLM_0004822,ACC_001138
CLM_0004823,ACC_001138
CLM_0004824,ACC_000282
CLM_0004825,ACC_000282
CLM_0004826,ACC_000410
CLM_0004827,ACC_000410
CLM_0004828,ACC_000410
CLM_0004829,ACC_000408
CLM_0004830,ACC_000408
CLM_0004831,ACC_000769
CLM_0004832,ACC_000769
CLM_0004833,ACC_000769
CLM_0004834,ACC_001055
CLM_0004835,ACC_001055
CLM_0004836,ACC_000407
CLM_0004837,ACC_000412
CLM_0004838,ACC_000282
CLM_0004839,ACC_000282
CLM_0004840,ACC_000412
CLM_0004841,ACC_000412
CLM_0004842,ACC_000910
CLM_0004843,ACC_000910
CLM_0004844,ACC_001029
CLM_0004845,ACC_001029
CLM_0004846,ACC_000639
CLM_0004847,ACC_000639
CLM_0004848,ACC_000639
CLM_0004849,ACC_000411
CLM_0004850,ACC_000411
CLM_0004851,ACC_000412
CLM_0004852,ACC_000412
CLM_0004853,ACC_000043
CLM_0004854,ACC_000043
CLM_0004855,ACC_001054
CLM_0004856,ACC_001054
CLM_0004857,ACC_000409
CLM_0004858,ACC_000282
CLM_0004859,ACC_000282
CLM_0004860,ACC_000282
CLM_0004861,ACC_000639
CLM_0004862,ACC_000639
CLM_0004863,ACC_000412
CLM_0004864,ACC_000970
CLM_0004865,ACC_000970
CLM_0004866,ACC_000408
CLM_0004867,ACC_000813
CLM_0004868,ACC_000408
CLM_0004869,ACC_000143
CLM_0004870,ACC_000143
CLM_0004871,ACC_000117
CLM_0004872,ACC_000117
CLM_0004873,ACC_001037
CLM_0004874,ACC_001037
CLM_0004875,ACC_001037
CLM_0004876,ACC_000144
CLM_0004877,ACC_000144
CLM_0004878,ACC_000144
CLM_0004879,ACC_000144
CLM_0004880,ACC_000282
CLM_0004881,ACC_000282
CLM_0004882,ACC_000872
CLM_0004883,ACC_000872
CLM_0004884,ACC_000084
CLM_0004885,ACC_000247
CLM_0004886,ACC_000247
CLM_0004887,ACC_000773
CLM_0004888,ACC_000773
CLM_0004889,ACC_000773
CLM_0004890,ACC_000380
CLM_0004891,ACC_000380
CLM_0004892,ACC_000250
CLM_0004893,ACC_000250
CLM_0004894,ACC_000282
CLM_0004895,ACC_000282
CLM_0004896,ACC_000282
CLM_0004897,ACC_000282
CLM_0004898,ACC_000282
CLM_0004899,ACC_000282
CLM_0004900,ACC_000872
CLM_0004901,ACC_000411
CLM_0004902,ACC_000411
CLM_0004903,ACC_000411
CLM_0004904,ACC_001003
CLM_0004905,ACC_000402
CLM_0004906,ACC_000409
CLM_0004907,ACC_000045
CLM_0004908,ACC_000045
CLM_0004909,ACC_000045
CLM_0004910,ACC_000938
CLM_0004911,ACC_000938
CLM_0004912,ACC_000938
CLM_0004913,ACC_000061
CLM_0004914,ACC_000061
CLM_0004915,ACC_000061
CLM_0004916,ACC_000590
CLM_0004917,ACC_000590
CLM_0004918,ACC_000060
CLM_0004919,ACC_000060
CLM_0004920,ACC_000855
CLM_0004921,ACC_000855
CLM_0004922,ACC_000855
CLM_0004923,ACC_000060
CLM_0004924,ACC_000060
CLM_0004925,ACC_000060
CLM_0004926,ACC_000143
CLM_0004927,ACC_000143
CLM_0004928,ACC_000282
CLM_0004929,ACC_000282
CLM_0004930,ACC_000283
CLM_0004931,ACC_000117
CLM_0004932,ACC_000491
CLM_0004933,ACC_000491
CLM_0004934,ACC_000491
CLM_0004935,ACC_001072
CLM_0004936,ACC_000282
CLM_0004937,ACC_000282
CLM_0004938,ACC_001017
CLM_0004939,ACC_001017
CLM_0004940,ACC_000333
CLM_0004941,ACC_000061
CLM_0004942,ACC_000855
CLM_0004943,ACC_000421
CLM_0004944,ACC_000032
CLM_0004945,ACC_000032
CLM_0004946,ACC_000061
CLM_0004947,ACC_000282
CLM_0004948,ACC_000282
CLM_0004949,ACC_000282
CLM_0004950,ACC_000878
CLM_0004951,ACC_000878
CLM_0004952,ACC_000878
CLM_0004953,ACC_000833
CLM_0004954,ACC_000833
CLM_0004955,ACC_001076
CLM_0004956,ACC_001076
CLM_0004957,ACC_001076
CLM_0004958,ACC_000380
CLM_0004959,ACC_000410
CLM_0004960,ACC_000410
CLM_0004961,ACC_000043
CLM_0004962,ACC_000043
CLM_0004963,ACC_000282
CLM_0004964,ACC_000282
CLM_0004965,ACC_000282
CLM_0004966,ACC_000573
CLM_0004967,ACC_000573
CLM_0004968,ACC_000573
CLM_0004969,ACC_000856
CLM_0004970,ACC_000856
CLM_0004971,ACC_000856
CLM_0004972,ACC_000144
CLM_0004973,ACC_000144
CLM_0004974,ACC_001113
CLM_0004975,ACC_001113
CLM_0004976,ACC_000282
CLM_0004977,ACC_000209
CLM_0004978,ACC_000013
CLM_0004979,ACC_000013
CLM_0004980,ACC_000013
CLM_0004981,ACC_000855
CLM_0004982,ACC_000855
CLM_0004983,ACC_000855
CLM_0004984,ACC_000283
CLM_0004985,ACC_000283
CLM_0004986,ACC_000283
CLM_0004987,ACC_000061
CLM_0004988,ACC_000516
CLM_0004989,ACC_000516
CLM_0004990,ACC_000407
CLM_0004991,ACC_000407
CLM_0004992,ACC_000061
CLM_0004993,ACC_000552
CLM_0004994,ACC_000517
CLM_0004995,ACC_000517
CLM_0004996,ACC_000236
CLM_0004997,ACC_000236
CLM_0004998,ACC_000236
CLM_0004999,ACC_001003
CLM_0005000,ACC_001003
CLM_0005001,ACC_001003
CLM_0005002,ACC_000033
CLM_0005003,ACC_000033
CLM_0005004,ACC_000710
CLM_0005005,ACC_000710
CLM_0005006,ACC_000710
CLM_0005007,ACC_000061
CLM_0005008,ACC_000061
CLM_0005009,ACC_001057
CLM_0005010,ACC_000283
CLM_0005011,ACC_000283
CLM_0005012,ACC_000407
CLM_0005013,ACC_000407
CLM_0005014,ACC_000407
CLM_0005015,ACC_000211
CLM_0005016,ACC_000211
CLM_0005017,ACC_001179
CLM_0005018,ACC_001179
CLM_0005019,ACC_001057
CLM_0005020,ACC_001057
CLM_0005021,ACC_001057
CLM_0005022,ACC_000872
CLM_0005023,ACC_000872
CLM_0005024,ACC_000872
CLM_0005025,ACC_000043
CLM_0005026,ACC_000043
CLM_0005027,ACC_000043
CLM_0005028,ACC_000566
CLM_0005029,ACC_000566
CLM_0005030,ACC_000601
CLM_0005031,ACC_000727
CLM_0005032,ACC_000727
CLM_0005033,ACC_000283
CLM_0005034,ACC_000854
CLM_0005035,ACC_000854
CLM_0005036,ACC_000854
CLM_0005037,ACC_000408
CLM_0005038,ACC_000408
CLM_0005039,ACC_000283
CLM_0005040,ACC_000283
CLM_0005041,ACC_000144
CLM_0005042,ACC_000144
CLM_0005043,ACC_000910
CLM_0005044,ACC_000390
CLM_0005045,ACC_000282
CLM_0005046,ACC_000572
CLM_0005047,ACC_000572
CLM_0005048,ACC_000572
CLM_0005049,ACC_000412
CLM_0005050,ACC_000412
CLM_0005051,ACC_000498
CLM_0005052,ACC_000412
CLM_0005053,ACC_000412
CLM_0005054,ACC_000044
CLM_0005055,ACC_000659
CLM_0005056,ACC_000659
CLM_0005057,ACC_000283
CLM_0005058,ACC_000412
CLM_0005059,ACC_000412
CLM_0005060,ACC_000094
CLM_0005061,ACC_000282
CLM_0005062,ACC_000282
CLM_0005063,ACC_000282
CLM_0005064,ACC_000814
CLM_0005065,ACC_000814
CLM_0005066,ACC_000814
CLM_0005067,ACC_000408
CLM_0005068,ACC_000781
CLM_0005069,ACC_000781
CLM_0005070,ACC_001076
CLM_0005071,ACC_001012
CLM_0005072,ACC_001012
CLM_0005073,ACC_001012
CLM_0005074,ACC_000283
CLM_0005075,ACC_000282
CLM_0005076,ACC_000282
CLM_0005077,ACC_000043
CLM_0005078,ACC_001138
CLM_0005079,ACC_001138
CLM_0005080,ACC_001138
CLM_0005081,ACC_000143
CLM_0005082,ACC_000143
CLM_0005083,ACC_000283
CLM_0005084,ACC_000283
CLM_0005085,ACC_000205
CLM_0005086,ACC_000205
CLM_0005087,ACC_000319
CLM_0005088,ACC_000319
CLM_0005089,ACC_000319
CLM_0005090,ACC_000780
CLM_0005091,ACC_000780
CLM_0005092,ACC_000780
CLM_0005093,ACC_000856
CLM_0005094,ACC_000856
CLM_0005095,ACC_000856
CLM_0005096,ACC_000282
CLM_0005097,ACC_000282
CLM_0005098,ACC_000144
CLM_0005099,ACC_000144
CLM_0005100,ACC_000856
CLM_0005101,ACC_000199
CLM_0005102,ACC_000199
CLM_0005103,ACC_000114
CLM_0005104,ACC_000114
CLM_0005105,ACC_000114
CLM_0005106,ACC_000045
CLM_0005107,ACC_000061
CLM_0005108,ACC_000061
CLM_0005109,ACC_000061
CLM_0005110,ACC_000283
CLM_0005111,ACC_000412
CLM_0005112,ACC_000412
CLM_0005113,ACC_000412
CLM_0005114,ACC_001191
CLM_0005115,ACC_000332
CLM_0005116,ACC_000332
CLM_0005117,ACC_000332
CLM_0005118,ACC_000412
CLM_0005119,ACC_000144
CLM_0005120,ACC_000144
CLM_0005121,ACC_000117
CLM_0005122,ACC_001138
CLM_0005123,ACC_001138
CLM_0005124,ACC_000283
CLM_0005125,ACC_000283
CLM_0005126,ACC_000719
CLM_0005127,ACC_000719
CLM_0005128,ACC_000831
CLM_0005129,ACC_000831
CLM_0005130,ACC_000407
CLM_0005131,ACC_000283
CLM_0005132,ACC_000283
CLM_0005133,ACC_000283
CLM_0005134,ACC_000719
CLM_0005135,ACC_000094
CLM_0005136,ACC_000094
CLM_0005137,ACC_000094
CLM_0005138,ACC_000117
CLM_0005139,ACC_000060
CLM_0005140,ACC_000084
CLM_0005141,ACC_000084
CLM_0005142,ACC_000084
CLM_0005143,ACC_000173
CLM_0005144,ACC_000019
CLM_0005145,ACC_000112
CLM_0005146,ACC_000112
CLM_0005147,ACC_000112
CLM_0005148,ACC_000453
CLM_0005149,ACC_000453
CLM_0005150,ACC_000283
CLM_0005151,ACC_000283
CLM_0005152,ACC_000283
CLM_0005153,ACC_000143
CLM_0005154,ACC_000143
CLM_0005155,ACC_000143
CLM_0005156,ACC_000939
CLM_0005157,ACC_000043
CLM_0005158,ACC_000043
CLM_0005159,ACC_000043
CLM_0005160,ACC_000282
CLM_0005161,ACC_000282
CLM_0005162,ACC_000602
CLM_0005163,ACC_000060
CLM_0005164,ACC_000060
CLM_0005165,ACC_000060
CLM_0005166,ACC_000003
CLM_0005167,ACC_000003
CLM_0005168,ACC_000003
CLM_0005169,ACC_000283
CLM_0005170,ACC_000911
CLM_0005171,ACC_000396
CLM_0005172,ACC_000396
CLM_0005173,ACC_000396
CLM_0005174,ACC_000282
CLM_0005175,ACC_000282
CLM_0005176,ACC_000282
CLM_0005177,ACC_000910
CLM_0005178,ACC_000910
CLM_0005179,ACC_000910
CLM_0005180,ACC_000856
CLM_0005181,ACC_000856
CLM_0005182,ACC_000856
CLM_0005183,ACC_000409
CLM_0005184,ACC_000409
CLM_0005185,ACC_000409
CLM_0005186,ACC_000209
CLM_0005187,ACC_000209
CLM_0005188,ACC_000209
CLM_0005189,ACC_000061
CLM_0005190,ACC_000061
CLM_0005191,ACC_000282
CLM_0005192,ACC_000282
CLM_0005193,ACC_001000
CLM_0005194,ACC_000684
CLM_0005195,ACC_000684
CLM_0005196,ACC_001058
CLM_0005197,ACC_001058
CLM_0005198,ACC_001058
CLM_0005199,ACC_000283
CLM_0005200,ACC_000283
CLM_0005201,ACC_000121
CLM_0005202,ACC_001076
CLM_0005203,ACC_001076
CLM_0005204,ACC_001076
CLM_0005205,ACC_000411
CLM_0005206,ACC_000061
CLM_0005207,ACC_000061
CLM_0005208,ACC_000407
CLM_0005209,ACC_000411
CLM_0005210,ACC_001057
CLM_0005211,ACC_001057
CLM_0005212,ACC_000561
CLM_0005213,ACC_000282
CLM_0005214,ACC_000282
CLM_0005215,ACC_000061
CLM_0005216,ACC_000572
CLM_0005217,ACC_000572
CLM_0005218,ACC_000407
CLM_0005219,ACC_000407
CLM_0005220,ACC_000407
CLM_0005221,ACC_000282
CLM_0005222,ACC_000282
CLM_0005223,ACC_000282
CLM_0005224,ACC_001138
CLM_0005225,ACC_001138
CLM_0005226,ACC_000013
CLM_0005227,ACC_000013
CLM_0005228,ACC_000013
CLM_0005229,ACC_000371
CLM_0005230,ACC_000371
CLM_0005231,ACC_000371
CLM_0005232,ACC_000283
CLM_0005233,ACC_000283
CLM_0005234,ACC_000283
CLM_0005235,ACC_000044
CLM_0005236,ACC_000044
CLM_0005237,ACC_000060
CLM_0005238,ACC_000060
CLM_0005239,ACC_000748
CLM_0005240,ACC_000733
CLM_0005241,ACC_000733
CLM_0005242,ACC_000733
CLM_0005243,ACC_000117
CLM_0005244,ACC_000117
CLM_0005245,ACC_000117
CLM_0005246,ACC_000411
CLM_0005247,ACC_000411
CLM_0005248,ACC_000781
CLM_0005249,ACC_000781
CLM_0005250,ACC_000043
CLM_0005251,ACC_000408
CLM_0005252,ACC_000408
CLM_0005253,ACC_000408
CLM_0005254,ACC_000044
CLM_0005255,ACC_000044
CLM_0005256,ACC_001015
CLM_0005257,ACC_001054
CLM_0005258,ACC_001054
CLM_0005259,ACC_000020
CLM_0005260,ACC_000020
CLM_0005261,ACC_000913
CLM_0005262,ACC_000913
CLM_0005263,ACC_000913
CLM_0005264,ACC_000239
CLM_0005265,ACC_000710
CLM_0005266,ACC_000408
CLM_0005267,ACC_000020
CLM_0005268,ACC_001177
CLM_0005269,ACC_001177
CLM_0005270,ACC_001177
CLM_0005271,ACC_000143
CLM_0005272,ACC_000143
CLM_0005273,ACC_000508
CLM_0005274,ACC_000508
CLM_0005275,ACC_000283
CLM_0005276,ACC_000283
CLM_0005277,ACC_000794
CLM_0005278,ACC_001123
CLM_0005279,ACC_001123
CLM_0005280,ACC_000283
CLM_0005281,ACC_000283
CLM_0005282,ACC_000283
CLM_0005283,ACC_000403
CLM_0005284,ACC_000403
CLM_0005285,ACC_000403
CLM_0005286,ACC_000906
CLM_0005287,ACC_000906
CLM_0005288,ACC_000906
CLM_0005289,ACC_000684
CLM_0005290,ACC_000684
CLM_0005291,ACC_000117
CLM_0005292,ACC_000412
CLM_0005293,ACC_000412
CLM_0005294,ACC_000873
CLM_0005295,ACC_000498
CLM_0005296,ACC_000498
CLM_0005297,ACC_000282
CLM_0005298,ACC_000517
CLM_0005299,ACC_000517
CLM_0005300,ACC_000517
CLM_0005301,ACC_000407
CLM_0005302,ACC_000407
CLM_0005303,ACC_000407
CLM_0005304,ACC_001179
CLM_0005305,ACC_001179
CLM_0005306,ACC_000084
CLM_0005307,ACC_000282
CLM_0005308,ACC_000282
CLM_0005309,ACC_001138
CLM_0005310,ACC_001138
CLM_0005311,ACC_000143
CLM_0005312,ACC_000143
CLM_0005313,ACC_000321
CLM_0005314,ACC_000321
CLM_0005315,ACC_000321
CLM_0005316,ACC_000405
CLM_0005317,ACC_000405
CLM_0005318,ACC_000143
CLM_0005319,ACC_000143
CLM_0005320,ACC_000143
CLM_0005321,ACC_000045
CLM_0005322,ACC_000045
CLM_0005323,ACC_000044
CLM_0005324,ACC_000044
CLM_0005325,ACC_000044
CLM_0005326,ACC_000043
CLM_0005327,ACC_000043
CLM_0005328,ACC_000043
CLM_0005329,ACC_000410
CLM_0005330,ACC_000410
CLM_0005331,ACC_000855
CLM_0005332,ACC_000056
CLM_0005333,ACC_000056
CLM_0005334,ACC_000283
CLM_0005335,ACC_000562
CLM_0005336,ACC_000562
CLM_0005337,ACC_000562
CLM_0005338,ACC_000060
CLM_0005339,ACC_000060
CLM_0005340,ACC_000117
CLM_0005341,ACC_000117
CLM_0005342,ACC_001196
CLM_0005343,ACC_000409
CLM_0005344,ACC_000409
CLM_0005345,ACC_000283
CLM_0005346,ACC_000283
CLM_0005347,ACC_000843
CLM_0005348,ACC_000843
CLM_0005349,ACC_000843
CLM_0005350,ACC_000060
CLM_0005351,ACC_000039
CLM_0005352,ACC_000039
CLM_0005353,ACC_000039
CLM_0005354,ACC_000282
CLM_0005355,ACC_000282
CLM_0005356,ACC_000282
CLM_0005357,ACC_000060
CLM_0005358,ACC_000060
CLM_0005359,ACC_001076
CLM_0005360,ACC_001076
CLM_0005361,ACC_001076
CLM_0005362,ACC_000175
CLM_0005363,ACC_000175
CLM_0005364,ACC_000060
CLM_0005365,ACC_000060
CLM_0005366,ACC_000239
CLM_0005367,ACC_000239
CLM_0005368,ACC_000239
CLM_0005369,ACC_001191
CLM_0005370,ACC_001191
CLM_0005371,ACC_001191
CLM_0005372,ACC_000407
CLM_0005373,ACC_000407
CLM_0005374,ACC_000872
CLM_0005375,ACC_000872
CLM_0005376,ACC_000409
CLM_0005377,ACC_000409
CLM_0005378,ACC_000409
CLM_0005379,ACC_000238
CLM_0005380,ACC_000238
CLM_0005381,ACC_000238
CLM_0005382,ACC_000399
CLM_0005383,ACC_000399
CLM_0005384,ACC_000060
CLM_0005385,ACC_000060
CLM_0005386,ACC_000060
CLM_0005387,ACC_000855
CLM_0005388,ACC_000060
CLM_0005389,ACC_001076
CLM_0005390,ACC_001076
CLM_0005391,ACC_001076
CLM_0005392,ACC_001055
CLM_0005393,ACC_000411
CLM_0005394,ACC_000411
CLM_0005395,ACC_000411
CLM_0005396,ACC_000117
CLM_0005397,ACC_000117
CLM_0005398,ACC_000117
CLM_0005399,ACC_000060
CLM_0005400,ACC_000060
CLM_0005401,ACC_000117
CLM_0005402,ACC_000117
CLM_0005403,ACC_000911
CLM_0005404,ACC_000911
CLM_0005405,ACC_000911
CLM_0005406,ACC_001054
CLM_0005407,ACC_001054
CLM_0005408,ACC_001054
CLM_0005409,ACC_000191
CLM_0005410,ACC_000280
CLM_0005411,ACC_000280
CLM_0005412,ACC_000813
CLM_0005413,ACC_000813
CLM_0005414,ACC_000911
CLM_0005415,ACC_000317
CLM_0005416,ACC_000317
CLM_0005417,ACC_000317
CLM_0005418,ACC_000282
CLM_0005419,ACC_000282
CLM_0005420,ACC_000322
CLM_0005421,ACC_000322
CLM_0005422,ACC_000322
CLM_0005423,ACC_000855
CLM_0005424,ACC_000855
CLM_0005425,ACC_000855
CLM_0005426,ACC_000153
CLM_0005427,ACC_000153
CLM_0005428,ACC_000153
CLM_0005429,ACC_000238
CLM_0005430,ACC_000238
CLM_0005431,ACC_000409
CLM_0005432,ACC_000409
CLM_0005433,ACC_000085
CLM_0005434,ACC_000872
CLM_0005435,ACC_000872
CLM_0005436,ACC_000872
CLM_0005437,ACC_000061
CLM_0005438,ACC_000061
CLM_0005439,ACC_000061
CLM_0005440,ACC_000749
CLM_0005441,ACC_000749
CLM_0005442,ACC_000282
CLM_0005443,ACC_000061
CLM_0005444,ACC_000615
CLM_0005445,ACC_000615
CLM_0005446,ACC_000615
CLM_0005447,ACC_000129
CLM_0005448,ACC_000129
CLM_0005449,ACC_000366
CLM_0005450,ACC_000366
CLM_0005451,ACC_000366
CLM_0005452,ACC_000061
CLM_0005453,ACC_000061
CLM_0005454,ACC_000060
CLM_0005455,ACC_000060
CLM_0005456,ACC_000332
CLM_0005457,ACC_000332
CLM_0005458,ACC_000332
CLM_0005459,ACC_000003
CLM_0005460,ACC_000266
CLM_0005461,ACC_000117
CLM_0005462,ACC_000117
CLM_0005463,ACC_000094
CLM_0005464,ACC_001157
CLM_0005465,ACC_001157
CLM_0005466,ACC_001157
CLM_0005467,ACC_001015
CLM_0005468,ACC_001015
CLM_0005469,ACC_000905
CLM_0005470,ACC_000905
CLM_0005471,ACC_000905
CLM_0005472,ACC_000061
CLM_0005473,ACC_000061
CLM_0005474,ACC_000061
CLM_0005475,ACC_000239
CLM_0005476,ACC_000144
CLM_0005477,ACC_000911
CLM_0005478,ACC_000911
CLM_0005479,ACC_000911
CLM_0005480,ACC_000100
CLM_0005481,ACC_000100
CLM_0005482,ACC_000100
CLM_0005483,ACC_000395
CLM_0005484,ACC_000395
CLM_0005485,ACC_000282
CLM_0005486,ACC_000282
CLM_0005487,ACC_000061
CLM_0005488,ACC_000061
CLM_0005489,ACC_000143
CLM_0005490,ACC_000061
CLM_0005491,ACC_000061
CLM_0005492,ACC_000872
CLM_0005493,ACC_000408
CLM_0005494,ACC_000408
CLM_0005495,ACC_000408
CLM_0005496,ACC_000118
CLM_0005497,ACC_000118
CLM_0005498,ACC_000411
CLM_0005499,ACC_000411
CLM_0005500,ACC_000060
CLM_0005501,ACC_000412
CLM_0005502,ACC_000412
CLM_0005503,ACC_000412
CLM_0005504,ACC_000331
CLM_0005505,ACC_000331
CLM_0005506,ACC_000331
CLM_0005507,ACC_000144
CLM_0005508,ACC_000144
CLM_0005509,ACC_001006
CLM_0005510,ACC_000283
CLM_0005511,ACC_000779
CLM_0005512,ACC_000779
CLM_0005513,ACC_000779
CLM_0005514,ACC_000002
CLM_0005515,ACC_000002
CLM_0005516,ACC_000002
CLM_0005517,ACC_000814
CLM_0005518,ACC_000814
CLM_0005519,ACC_000814
CLM_0005520,ACC_000790
CLM_0005521,ACC_000060
CLM_0005522,ACC_000060
CLM_0005523,ACC_000282
CLM_0005524,ACC_000282
CLM_0005525,ACC_000176
CLM_0005526,ACC_000176
CLM_0005527,ACC_000176
CLM_0005528,ACC_000394
CLM_0005529,ACC_000394
CLM_0005530,ACC_000394
CLM_0005531,ACC_001057
CLM_0005532,ACC_001057
CLM_0005533,ACC_001057
CLM_0005534,ACC_000060
CLM_0005535,ACC_000060
CLM_0005536,ACC_000060
CLM_0005537,ACC_000060
CLM_0005538,ACC_000060
CLM_0005539,ACC_000573
CLM_0005540,ACC_000573
CLM_0005541,ACC_001076
CLM_0005542,ACC_000727
CLM_0005543,ACC_000727
CLM_0005544,ACC_000727
CLM_0005545,ACC_000283
CLM_0005546,ACC_000283
CLM_0005547,ACC_000250
CLM_0005548,ACC_000250
CLM_0005549,ACC_000250
CLM_0005550,ACC_000043
CLM_0005551,ACC_000043
CLM_0005552,ACC_000043
CLM_0005553,ACC_000814
CLM_0005554,ACC_000222
CLM_0005555,ACC_001185
CLM_0005556,ACC_000209
CLM_0005557,ACC_000282
CLM_0005558,ACC_000282
CLM_0005559,ACC_000282
CLM_0005560,ACC_000250
CLM_0005561,ACC_000199
CLM_0005562,ACC_000199
CLM_0005563,ACC_000238
CLM_0005564,ACC_000282
CLM_0005565,ACC_000282
CLM_0005566,ACC_000282
CLM_0005567,ACC_000282
CLM_0005568,ACC_000282
CLM_0005569,ACC_000517
CLM_0005570,ACC_000282
CLM_0005571,ACC_000282
CLM_0005572,ACC_000282
CLM_0005573,ACC_000052
CLM_0005574,ACC_000052
CLM_0005575,ACC_000701
CLM_0005576,ACC_000719
CLM_0005577,ACC_000719
CLM_0005578,ACC_000719
CLM_0005579,ACC_000399
CLM_0005580,ACC_000399
CLM_0005581,ACC_000061
CLM_0005582,ACC_000061
CLM_0005583,ACC_000061
CLM_0005584,ACC_000143
CLM_0005585,ACC_000143
CLM_0005586,ACC_000854
CLM_0005587,ACC_000878
CLM_0005588,ACC_000878
CLM_0005589,ACC_000878
CLM_0005590,ACC_000019
CLM_0005591,ACC_000019
CLM_0005592,ACC_000412
CLM_0005593,ACC_000412
CLM_0005594,ACC_000239
CLM_0005595,ACC_000239
CLM_0005596,ACC_000855
CLM_0005597,ACC_000332
CLM_0005598,ACC_000332
CLM_0005599,ACC_000332
CLM_0005600,ACC_000856
CLM_0005601,ACC_000282
CLM_0005602,ACC_000282
CLM_0005603,ACC_000282
CLM_0005604,ACC_000407
CLM_0005605,ACC_000407
CLM_0005606,ACC_000872
CLM_0005607,ACC_000910
CLM_0005608,ACC_000910
CLM_0005609,ACC_000910
CLM_0005610,ACC_000022
CLM_0005611,ACC_000022
CLM_0005612,ACC_000022
CLM_0005613,ACC_000061
CLM_0005614,ACC_000283
CLM_0005615,ACC_000144
CLM_0005616,ACC_000323
CLM_0005617,ACC_000408
CLM_0005618,ACC_000408
CLM_0005619,ACC_000408
CLM_0005620,ACC_000872
CLM_0005621,ACC_000872
CLM_0005622,ACC_000872
CLM_0005623,ACC_000283
CLM_0005624,ACC_000283
CLM_0005625,ACC_000283
CLM_0005626,ACC_001076
CLM_0005627,ACC_001076
CLM_0005628,ACC_000911
CLM_0005629,ACC_000911
CLM_0005630,ACC_000911
CLM_0005631,ACC_000209
CLM_0005632,ACC_000209
CLM_0005633,ACC_000209
CLM_0005634,ACC_000045
CLM_0005635,ACC_000061
CLM_0005636,ACC_000061
CLM_0005637,ACC_000239
CLM_0005638,ACC_000239
CLM_0005639,ACC_000239
CLM_0005640,ACC_000814
CLM_0005641,ACC_000814
CLM_0005642,ACC_000814
CLM_0005643,ACC_000911
CLM_0005644,ACC_000412
CLM_0005645,ACC_000412
CLM_0005646,ACC_000412
CLM_0005647,ACC_000060
CLM_0005648,ACC_000060
CLM_0005649,ACC_000060
CLM_0005650,ACC_000412
CLM_0005651,ACC_000631
CLM_0005652,ACC_000631
CLM_0005653,ACC_000631
CLM_0005654,ACC_000013
CLM_0005655,ACC_000640
CLM_0005656,ACC_000640
CLM_0005657,ACC_000640
CLM_0005658,ACC_000282
CLM_0005659,ACC_000282
CLM_0005660,ACC_000282
CLM_0005661,ACC_000060
CLM_0005662,ACC_000060
CLM_0005663,ACC_000060
CLM_0005664,ACC_001138
CLM_0005665,ACC_001138
CLM_0005666,ACC_001138
CLM_0005667,ACC_000411
CLM_0005668,ACC_001017
CLM_0005669,ACC_001086
CLM_0005670,ACC_001086
CLM_0005671,ACC_001086
CLM_0005672,ACC_000283
CLM_0005673,ACC_000283
CLM_0005674,ACC_001138
CLM_0005675,ACC_001138
CLM_0005676,ACC_000282
CLM_0005677,ACC_000412
CLM_0005678,ACC_000412
CLM_0005679,ACC_000331
CLM_0005680,ACC_000331
CLM_0005681,ACC_000855
CLM_0005682,ACC_000855
CLM_0005683,ACC_000855
CLM_0005684,ACC_001057
CLM_0005685,ACC_001057
CLM_0005686,ACC_001057
CLM_0005687,ACC_000045
CLM_0005688,ACC_000045
CLM_0005689,ACC_000872
CLM_0005690,ACC_000872
CLM_0005691,ACC_000282
CLM_0005692,ACC_000282
CLM_0005693,ACC_000412
CLM_0005694,ACC_000412
CLM_0005695,ACC_000412
CLM_0005696,ACC_000010
CLM_0005697,ACC_000283
CLM_0005698,ACC_000283
CLM_0005699,ACC_000283
CLM_0005700,ACC_001016
CLM_0005701,ACC_000411
CLM_0005702,ACC_000411
CLM_0005703,ACC_000379
CLM_0005704,ACC_000036
CLM_0005705,ACC_000036
CLM_0005706,ACC_000036
CLM_0005707,ACC_000796
CLM_0005708,ACC_000796
CLM_0005709,ACC_000144
CLM_0005710,ACC_000282
CLM_0005711,ACC_000282
CLM_0005712,ACC_001113
CLM_0005713,ACC_000060
CLM_0005714,ACC_000143
CLM_0005715,ACC_000283
CLM_0005716,ACC_000596
CLM_0005717,ACC_000872
CLM_0005718,ACC_000412
CLM_0005719,ACC_000412
CLM_0005720,ACC_000911
CLM_0005721,ACC_000911
CLM_0005722,ACC_000911
CLM_0005723,ACC_000061
CLM_0005724,ACC_000333
CLM_0005725,ACC_000333
CLM_0005726,ACC_001055
CLM_0005727,ACC_000031
CLM_0005728,ACC_000031
CLM_0005729,ACC_000031
CLM_0005730,ACC_001076
CLM_0005731,ACC_001076
CLM_0005732,ACC_001076
CLM_0005733,ACC_001138
CLM_0005734,ACC_000100
CLM_0005735,ACC_000100
CLM_0005736,ACC_000100
CLM_0005737,ACC_000020
CLM_0005738,ACC_000020
CLM_0005739,ACC_000355
CLM_0005740,ACC_000321
CLM_0005741,ACC_000321
CLM_0005742,ACC_001138
CLM_0005743,ACC_001138
CLM_0005744,ACC_001017
CLM_0005745,ACC_001017
CLM_0005746,ACC_001074
CLM_0005747,ACC_001113
CLM_0005748,ACC_001113
CLM_0005749,ACC_001113
CLM_0005750,ACC_000518
CLM_0005751,ACC_000518
CLM_0005752,ACC_000129
CLM_0005753,ACC_001201
CLM_0005754,ACC_001201
CLM_0005755,ACC_001201
CLM_0005756,ACC_000060
CLM_0005757,ACC_000060
CLM_0005758,ACC_000060
CLM_0005759,ACC_000043
CLM_0005760,ACC_000043
CLM_0005761,ACC_000043
CLM_0005762,ACC_001058
CLM_0005763,ACC_001058
CLM_0005764,ACC_001058
CLM_0005765,ACC_001158
CLM_0005766,ACC_001158
CLM_0005767,ACC_001158
CLM_0005768,ACC_000045
CLM_0005769,ACC_000045
CLM_0005770,ACC_000411
CLM_0005771,ACC_000411
CLM_0005772,ACC_000236
CLM_0005773,ACC_000236
CLM_0005774,ACC_000236
CLM_0005775,ACC_000282
CLM_0005776,ACC_000282
CLM_0005777,ACC_000282
CLM_0005778,ACC_000523
CLM_0005779,ACC_000523
CLM_0005780,ACC_000523
CLM_0005781,ACC_000043
CLM_0005782,ACC_000043
CLM_0005783,ACC_001017
CLM_0005784,ACC_001017
CLM_0005785,ACC_001017
CLM_0005786,ACC_000409
CLM_0005787,ACC_000409
CLM_0005788,ACC_000409
CLM_0005789,ACC_000137
CLM_0005790,ACC_001112
CLM_0005791,ACC_001112
CLM_0005792,ACC_000572
CLM_0005793,ACC_000572
CLM_0005794,ACC_000572
CLM_0005795,ACC_000397
CLM_0005796,ACC_000144
CLM_0005797,ACC_000144
CLM_0005798,ACC_000316
CLM_0005799,ACC_000316
CLM_0005800,ACC_000380
CLM_0005801,ACC_000719
CLM_0005802,ACC_000719
CLM_0005803,ACC_000153
CLM_0005804,ACC_000333
CLM_0005805,ACC_000333
CLM_0005806,ACC_000333
CLM_0005807,ACC_000282
CLM_0005808,ACC_000282
CLM_0005809,ACC_000517
CLM_0005810,ACC_000517
CLM_0005811,ACC_000517
CLM_0005812,ACC_000411
CLM_0005813,ACC_000411
CLM_0005814,ACC_000144
CLM_0005815,ACC_000144
CLM_0005816,ACC_000854
CLM_0005817,ACC_001138
CLM_0005818,ACC_001138
CLM_0005819,ACC_001138
CLM_0005820,ACC_000407
CLM_0005821,ACC_000331
CLM_0005822,ACC_000331
CLM_0005823,ACC_000331
CLM_0005824,ACC_000061
CLM_0005825,ACC_000061
CLM_0005826,ACC_000061
CLM_0005827,ACC_000171
CLM_0005828,ACC_000282
CLM_0005829,ACC_000282
CLM_0005830,ACC_000590
CLM_0005831,ACC_000590
CLM_0005832,ACC_000590
CLM_0005833,ACC_001055
CLM_0005834,ACC_001055
CLM_0005835,ACC_000043
CLM_0005836,ACC_000043
CLM_0005837,ACC_000854
CLM_0005838,ACC_000858
CLM_0005839,ACC_000282
CLM_0005840,ACC_000282
CLM_0005841,ACC_000371
CLM_0005842,ACC_000371
CLM_0005843,ACC_000371
CLM_0005844,ACC_000331
CLM_0005845,ACC_000331
CLM_0005846,ACC_000331
CLM_0005847,ACC_000966
CLM_0005848,ACC_000966
CLM_0005849,ACC_000031
CLM_0005850,ACC_000031
CLM_0005851,ACC_000031
CLM_0005852,ACC_000173
CLM_0005853,ACC_000797
CLM_0005854,ACC_000282
CLM_0005855,ACC_000282
CLM_0005856,ACC_000061
CLM_0005857,ACC_000061
CLM_0005858,ACC_000748
CLM_0005859,ACC_000748
CLM_0005860,ACC_000084
CLM_0005861,ACC_000856
CLM_0005862,ACC_000061
CLM_0005863,ACC_000061
CLM_0005864,ACC_000910
CLM_0005865,ACC_000282
CLM_0005866,ACC_000282
CLM_0005867,ACC_000282
CLM_0005868,ACC_000960
CLM_0005869,ACC_000960
CLM_0005870,ACC_000960
CLM_0005871,ACC_000411
CLM_0005872,ACC_001196
CLM_0005873,ACC_001196
CLM_0005874,ACC_001196
CLM_0005875,ACC_000872
CLM_0005876,ACC_000872
CLM_0005877,ACC_000872
CLM_0005878,ACC_000282
CLM_0005879,ACC_000844
CLM_0005880,ACC_000282
CLM_0005881,ACC_000282
CLM_0005882,ACC_000282
CLM_0005883,ACC_001152
CLM_0005884,ACC_000094
CLM_0005885,ACC_000094
CLM_0005886,ACC_000094
CLM_0005887,ACC_000779
CLM_0005888,ACC_001077
CLM_0005889,ACC_001077
CLM_0005890,ACC_001077
CLM_0005891,ACC_000044
CLM_0005892,ACC_000173
CLM_0005893,ACC_001054
CLM_0005894,ACC_000855
CLM_0005895,ACC_000855
CLM_0005896,ACC_000855
CLM_0005897,ACC_000911
CLM_0005898,ACC_000911
CLM_0005899,ACC_000911
CLM_0005900,ACC_000061
CLM_0005901,ACC_000061
CLM_0005902,ACC_000061
CLM_0005903,ACC_001168
CLM_0005904,ACC_000114
CLM_0005905,ACC_000114
CLM_0005906,ACC_000282
CLM_0005907,ACC_000407
CLM_0005908,ACC_000407
CLM_0005909,ACC_000407
CLM_0005910,ACC_000121
CLM_0005911,ACC_000409
CLM_0005912,ACC_000409
CLM_0005913,ACC_000332
CLM_0005914,ACC_000872
CLM_0005915,ACC_000061
CLM_0005916,ACC_000665
CLM_0005917,ACC_000665
CLM_0005918,ACC_000044
CLM_0005919,ACC_001138
CLM_0005920,ACC_001138
CLM_0005921,ACC_001138
CLM_0005922,ACC_000283
CLM_0005923,ACC_000804
CLM_0005924,ACC_000804
CLM_0005925,ACC_001016
CLM_0005926,ACC_001016
CLM_0005927,ACC_001111
CLM_0005928,ACC_000856
CLM_0005929,ACC_000211
CLM_0005930,ACC_000211
CLM_0005931,ACC_000211
CLM_0005932,ACC_000798
CLM_0005933,ACC_000798
CLM_0005934,ACC_000939
CLM_0005935,ACC_000939
CLM_0005936,ACC_000939
CLM_0005937,ACC_000282
CLM_0005938,ACC_000282
CLM_0005939,ACC_000144
CLM_0005940,ACC_000144
CLM_0005941,ACC_000813
CLM_0005942,ACC_000813
CLM_0005943,ACC_000045
CLM_0005944,ACC_000045
CLM_0005945,ACC_000045
CLM_0005946,ACC_000873
CLM_0005947,ACC_000873
CLM_0005948,ACC_000873
CLM_0005949,ACC_001019
CLM_0005950,ACC_001019
CLM_0005951,ACC_000704
CLM_0005952,ACC_000704
CLM_0005953,ACC_000283
CLM_0005954,ACC_000407
CLM_0005955,ACC_000407
CLM_0005956,ACC_000407
CLM_0005957,ACC_000045
CLM_0005958,ACC_000061
CLM_0005959,ACC_000061
CLM_0005960,ACC_000061
CLM_0005961,ACC_000143
CLM_0005962,ACC_000434
CLM_0005963,ACC_000434
CLM_0005964,ACC_000434
CLM_0005965,ACC_000282
CLM_0005966,ACC_000282
CLM_0005967,ACC_000282
CLM_0005968,ACC_000282
CLM_0005969,ACC_000282
CLM_0005970,ACC_000410
CLM_0005971,ACC_000410
CLM_0005972,ACC_000905
CLM_0005973,ACC_000905
CLM_0005974,ACC_000998
CLM_0005975,ACC_000998
CLM_0005976,ACC_000998
CLM_0005977,ACC_000911
CLM_0005978,ACC_000144
CLM_0005979,ACC_000283
CLM_0005980,ACC_000283
CLM_0005981,ACC_000283
CLM_0005982,ACC_000320
CLM_0005983,ACC_001054
CLM_0005984,ACC_001054
CLM_0005985,ACC_000239
CLM_0005986,ACC_000411
CLM_0005987,ACC_000411
CLM_0005988,ACC_000873
CLM_0005989,ACC_000873
CLM_0005990,ACC_000873
CLM_0005991,ACC_000410
CLM_0005992,ACC_000412
CLM_0005993,ACC_000412
CLM_0005994,ACC_000412
CLM_0005995,ACC_000412
CLM_0005996,ACC_000408
CLM_0005997,ACC_000408
CLM_0005998,ACC_000408
CLM_0005999,ACC_000061
CLM_0006000,ACC_000061
CLM_0006001,ACC_000061
CLM_0006002,ACC_000407
CLM_0006003,ACC_000407
CLM_0006004,ACC_000283
CLM_0006005,ACC_000283
CLM_0006006,ACC_000283
CLM_0006007,ACC_000283
CLM_0006008,ACC_000238
CLM_0006009,ACC_000238
CLM_0006010,ACC_001138
CLM_0006011,ACC_001138
CLM_0006012,ACC_001138
CLM_0006013,ACC_000911
CLM_0006014,ACC_000911
CLM_0006015,ACC_000911
CLM_0006016,ACC_000702
CLM_0006017,ACC_000411
CLM_0006018,ACC_000411
CLM_0006019,ACC_000411
CLM_0006020,ACC_000408
CLM_0006021,ACC_001088
CLM_0006022,ACC_001088
CLM_0006023,ACC_001088
CLM_0006024,ACC_001067
CLM_0006025,ACC_001067
CLM_0006026,ACC_001067
CLM_0006027,ACC_000412
CLM_0006028,ACC_000045
CLM_0006029,ACC_000409
CLM_0006030,ACC_000813
CLM_0006031,ACC_000813
CLM_0006032,ACC_000813
CLM_0006033,ACC_001138
CLM_0006034,ACC_001138
CLM_0006035,ACC_001138
CLM_0006036,ACC_000411
CLM_0006037,ACC_000411
CLM_0006038,ACC_000411
CLM_0006039,ACC_000854
CLM_0006040,ACC_000854
CLM_0006041,ACC_000854
CLM_0006042,ACC_000282
CLM_0006043,ACC_000872
CLM_0006044,ACC_000769
CLM_0006045,ACC_000769
CLM_0006046,ACC_000282
CLM_0006047,ACC_000282
CLM_0006048,ACC_000324
CLM_0006049,ACC_000565
CLM_0006050,ACC_000498
CLM_0006051,ACC_000498
CLM_0006052,ACC_000498
CLM_0006053,ACC_001055
CLM_0006054,ACC_001055
CLM_0006055,ACC_001055
CLM_0006056,ACC_000410
CLM_0006057,ACC_000410
CLM_0006058,ACC_000410
CLM_0006059,ACC_000716
CLM_0006060,ACC_000716
CLM_0006061,ACC_000045
CLM_0006062,ACC_000173
CLM_0006063,ACC_000143
CLM_0006064,ACC_000143
CLM_0006065,ACC_000143
CLM_0006066,ACC_001138
CLM_0006067,ACC_000780
CLM_0006068,ACC_000282
CLM_0006069,ACC_000282
CLM_0006070,ACC_000808
CLM_0006071,ACC_000808
CLM_0006072,ACC_000282
CLM_0006073,ACC_000282
CLM_0006074,ACC_000282
CLM_0006075,ACC_000408
CLM_0006076,ACC_000408
CLM_0006077,ACC_000408
CLM_0006078,ACC_001185
CLM_0006079,ACC_000282
CLM_0006080,ACC_000410
CLM_0006081,ACC_000410
CLM_0006082,ACC_000410
CLM_0006083,ACC_000173
CLM_0006084,ACC_000283
CLM_0006085,ACC_000739
CLM_0006086,ACC_000739
CLM_0006087,ACC_000003
CLM_0006088,ACC_000003
CLM_0006089,ACC_000283
CLM_0006090,ACC_000814
CLM_0006091,ACC_000814
CLM_0006092,ACC_000814
CLM_0006093,ACC_000060
CLM_0006094,ACC_000060
CLM_0006095,ACC_001138
CLM_0006096,ACC_001138
CLM_0006097,ACC_000410
CLM_0006098,ACC_000410
CLM_0006099,ACC_000410
CLM_0006100,ACC_000394
CLM_0006101,ACC_000394
CLM_0006102,ACC_000394
CLM_0006103,ACC_000749
CLM_0006104,ACC_000749
CLM_0006105,ACC_000749
CLM_0006106,ACC_001016
CLM_0006107,ACC_001016
CLM_0006108,ACC_001016
CLM_0006109,ACC_000711
CLM_0006110,ACC_000832
CLM_0006111,ACC_000832
CLM_0006112,ACC_000173
CLM_0006113,ACC_000173
CLM_0006114,ACC_000088
CLM_0006115,ACC_000088
CLM_0006116,ACC_000088
CLM_0006117,ACC_000238
CLM_0006118,ACC_000332
CLM_0006119,ACC_000101
CLM_0006120,ACC_001015
CLM_0006121,ACC_001015
CLM_0006122,ACC_000399
CLM_0006123,ACC_000399
CLM_0006124,ACC_000282
CLM_0006125,ACC_000143
CLM_0006126,ACC_000283
CLM_0006127,ACC_000405
CLM_0006128,ACC_000854
CLM_0006129,ACC_000854
CLM_0006130,ACC_001077
CLM_0006131,ACC_001077
CLM_0006132,ACC_000397
CLM_0006133,ACC_000856
CLM_0006134,ACC_000856
CLM_0006135,ACC_000856
CLM_0006136,ACC_000282
CLM_0006137,ACC_000282
CLM_0006138,ACC_000282
CLM_0006139,ACC_000143
CLM_0006140,ACC_000143
CLM_0006141,ACC_000120
CLM_0006142,ACC_000120
CLM_0006143,ACC_000120
CLM_0006144,ACC_000534
CLM_0006145,ACC_000534
CLM_0006146,ACC_000282
CLM_0006147,ACC_000282
CLM_0006148,ACC_001004
CLM_0006149,ACC_000283
CLM_0006150,ACC_000410
CLM_0006151,ACC_000410
CLM_0006152,ACC_000410
CLM_0006153,ACC_001017
CLM_0006154,ACC_001029
CLM_0006155,ACC_001029
CLM_0006156,ACC_001029
CLM_0006157,ACC_000282
CLM_0006158,ACC_000282
CLM_0006159,ACC_000282
CLM_0006160,ACC_000117
CLM_0006161,ACC_000117
CLM_0006162,ACC_000117
CLM_0006163,ACC_000412
CLM_0006164,ACC_000412
CLM_0006165,ACC_000412
CLM_0006166,ACC_000408
CLM_0006167,ACC_000101
CLM_0006168,ACC_000101
CLM_0006169,ACC_000101
CLM_0006170,ACC_000854
CLM_0006171,ACC_000854
CLM_0006172,ACC_000556
CLM_0006173,ACC_000556
CLM_0006174,ACC_000854
CLM_0006175,ACC_001058
CLM_0006176,ACC_001058
CLM_0006177,ACC_001058
CLM_0006178,ACC_000114
CLM_0006179,ACC_000114
CLM_0006180,ACC_000061
CLM_0006181,ACC_000061
CLM_0006182,ACC_000143
CLM_0006183,ACC_000143
CLM_0006184,ACC_000143
CLM_0006185,ACC_000283
CLM_0006186,ACC_000283
CLM_0006187,ACC_000117
CLM_0006188,ACC_000117
CLM_0006189,ACC_000117
CLM_0006190,ACC_001055
CLM_0006191,ACC_001055
CLM_0006192,ACC_001055
CLM_0006193,ACC_000960
CLM_0006194,ACC_001076
CLM_0006195,ACC_001076
CLM_0006196,ACC_000943
CLM_0006197,ACC_000943
CLM_0006198,ACC_000943
CLM_0006199,ACC_000937
CLM_0006200,ACC_000937
CLM_0006201,ACC_000926
CLM_0006202,ACC_000763
CLM_0006203,ACC_000020
CLM_0006204,ACC_000938
CLM_0006205,ACC_000938
CLM_0006206,ACC_000282
CLM_0006207,ACC_000282
CLM_0006208,ACC_000855
CLM_0006209,ACC_000143
CLM_0006210,ACC_000143
CLM_0006211,ACC_000143
CLM_0006212,ACC_000176
CLM_0006213,ACC_000176
CLM_0006214,ACC_000769
CLM_0006215,ACC_000769
CLM_0006216,ACC_000061
CLM_0006217,ACC_000061
CLM_0006218,ACC_000061
CLM_0006219,ACC_001157
CLM_0006220,ACC_001157
CLM_0006221,ACC_000412
CLM_0006222,ACC_000412
CLM_0006223,ACC_000283
CLM_0006224,ACC_000283
CLM_0006225,ACC_000283
CLM_0006226,ACC_001072
CLM_0006227,ACC_001138
CLM_0006228,ACC_001138
CLM_0006229,ACC_000411
CLM_0006230,ACC_000411
CLM_0006231,ACC_000411
CLM_0006232,ACC_000061
CLM_0006233,ACC_000143
CLM_0006234,ACC_000143
CLM_0006235,ACC_000060
CLM_0006236,ACC_000060
CLM_0006237,ACC_000084
CLM_0006238,ACC_000084
CLM_0006239,ACC_000957
CLM_0006240,ACC_000957
CLM_0006241,ACC_000205
CLM_0006242,ACC_000143
CLM_0006243,ACC_000060
CLM_0006244,ACC_000060
CLM_0006245,ACC_000117
CLM_0006246,ACC_000117
CLM_0006247,ACC_000412
CLM_0006248,ACC_000412
CLM_0006249,ACC_000199
CLM_0006250,ACC_000199
CLM_0006251,ACC_000199
CLM_0006252,ACC_000061
CLM_0006253,ACC_000061
CLM_0006254,ACC_000408
CLM_0006255,ACC_000408
CLM_0006256,ACC_000498
CLM_0006257,ACC_000498
CLM_0006258,ACC_000498
CLM_0006259,ACC_000534
CLM_0006260,ACC_000534
CLM_0006261,ACC_000283
CLM_0006262,ACC_000283
CLM_0006263,ACC_001017
CLM_0006264,ACC_001017
CLM_0006265,ACC_000060
CLM_0006266,ACC_000060
CLM_0006267,ACC_000060
CLM_0006268,ACC_000822
CLM_0006269,ACC_000822
CLM_0006270,ACC_000408
CLM_0006271,ACC_000407
CLM_0006272,ACC_000407
CLM_0006273,ACC_000380
CLM_0006274,ACC_000380
CLM_0006275,ACC_001047
CLM_0006276,ACC_001047
CLM_0006277,ACC_000872
CLM_0006278,ACC_000872
CLM_0006279,ACC_000891
CLM_0006280,ACC_000891
CLM_0006281,ACC_000891
CLM_0006282,ACC_000911
CLM_0006283,ACC_000516
CLM_0006284,ACC_000778
CLM_0006285,ACC_000778
CLM_0006286,ACC_000778
CLM_0006287,ACC_000368
CLM_0006288,ACC_000368
CLM_0006289,ACC_000283
CLM_0006290,ACC_000283
CLM_0006291,ACC_000283
CLM_0006292,ACC_001079
CLM_0006293,ACC_001079
CLM_0006294,ACC_001079
CLM_0006295,ACC_000332
CLM_0006296,ACC_000394
CLM_0006297,ACC_000394
CLM_0006298,ACC_000394
CLM_0006299,ACC_000020
CLM_0006300,ACC_000020
CLM_0006301,ACC_000020
CLM_0006302,ACC_000957
CLM_0006303,ACC_000957
CLM_0006304,ACC_000910
CLM_0006305,ACC_000910
CLM_0006306,ACC_000910
CLM_0006307,ACC_000143
CLM_0006308,ACC_000283
CLM_0006309,ACC_000273
CLM_0006310,ACC_000273
CLM_0006311,ACC_000273
CLM_0006312,ACC_000061
CLM_0006313,ACC_000061
CLM_0006314,ACC_000411
CLM_0006315,ACC_000960
CLM_0006316,ACC_000407
CLM_0006317,ACC_000814
CLM_0006318,ACC_000814
CLM_0006319,ACC_000061
CLM_0006320,ACC_000061
CLM_0006321,ACC_000061
CLM_0006322,ACC_000143
CLM_0006323,ACC_000143
CLM_0006324,ACC_000911
CLM_0006325,ACC_000911
CLM_0006326,ACC_000282
CLM_0006327,ACC_001058
CLM_0006328,ACC_001138
CLM_0006329,ACC_000790
CLM_0006330,ACC_000790
CLM_0006331,ACC_000395
CLM_0006332,ACC_000395
CLM_0006333,ACC_000112
CLM_0006334,ACC_000112
CLM_0006335,ACC_000112
CLM_0006336,ACC_000409
CLM_0006337,ACC_000409
CLM_0006338,ACC_000409
CLM_0006339,ACC_000060
CLM_0006340,ACC_000061
CLM_0006341,ACC_000891
CLM_0006342,ACC_000891
CLM_0006343,ACC_000891
CLM_0006344,ACC_001140
CLM_0006345,ACC_001140
CLM_0006346,ACC_001140
CLM_0006347,ACC_000045
CLM_0006348,ACC_000519
CLM_0006349,ACC_001076
CLM_0006350,ACC_001076
CLM_0006351,ACC_000172
CLM_0006352,ACC_000695
CLM_0006353,ACC_000409
CLM_0006354,ACC_000409
CLM_0006355,ACC_000394
CLM_0006356,ACC_000394
CLM_0006357,ACC_000854
CLM_0006358,ACC_000854
CLM_0006359,ACC_000854
CLM_0006360,ACC_000210
CLM_0006361,ACC_000060
CLM_0006362,ACC_000100
CLM_0006363,ACC_000100
CLM_0006364,ACC_000100
CLM_0006365,ACC_000061
CLM_0006366,ACC_000061
CLM_0006367,ACC_000144
CLM_0006368,ACC_000144
CLM_0006369,ACC_000813
CLM_0006370,ACC_000813
CLM_0006371,ACC_000813
CLM_0006372,ACC_000283
CLM_0006373,ACC_000283
CLM_0006374,ACC_000891
CLM_0006375,ACC_000891
CLM_0006376,ACC_000891
CLM_0006377,ACC_001055
CLM_0006378,ACC_001055
CLM_0006379,ACC_001055
CLM_0006380,ACC_000116
CLM_0006381,ACC_000116
CLM_0006382,ACC_000873
CLM_0006383,ACC_000873
CLM_0006384,ACC_000189
CLM_0006385,ACC_000189
CLM_0006386,ACC_000189
CLM_0006387,ACC_000282
CLM_0006388,ACC_000283
CLM_0006389,ACC_000408
CLM_0006390,ACC_000407
CLM_0006391,ACC_000407
CLM_0006392,ACC_000407
CLM_0006393,ACC_001138
CLM_0006394,ACC_001138
CLM_0006395,ACC_001138
CLM_0006396,ACC_000409
CLM_0006397,ACC_000409
CLM_0006398,ACC_000283
CLM_0006399,ACC_000283
CLM_0006400,ACC_000283
CLM_0006401,ACC_000718
CLM_0006402,ACC_000718
CLM_0006403,ACC_000718
CLM_0006404,ACC_000982
CLM_0006405,ACC_000412
CLM_0006406,ACC_000412
CLM_0006407,ACC_000043
CLM_0006408,ACC_000043
CLM_0006409,ACC_000043
CLM_0006410,ACC_000573
CLM_0006411,ACC_000573
CLM_0006412,ACC_001112
CLM_0006413,ACC_001112
CLM_0006414,ACC_000407
CLM_0006415,ACC_000407
CLM_0006416,ACC_000408
CLM_0006417,ACC_000409
CLM_0006418,ACC_000283
CLM_0006419,ACC_000283
CLM_0006420,ACC_000283
CLM_0006421,ACC_000534
CLM_0006422,ACC_000565
CLM_0006423,ACC_000565
CLM_0006424,ACC_000565
CLM_0006425,ACC_000282
CLM_0006426,ACC_000282
CLM_0006427,ACC_001076
CLM_0006428,ACC_001076
CLM_0006429,ACC_001076
CLM_0006430,ACC_000061
CLM_0006431,ACC_000061
CLM_0006432,ACC_000020
CLM_0006433,ACC_000020
CLM_0006434,ACC_001055
CLM_0006435,ACC_001074
CLM_0006436,ACC_000638
CLM_0006437,ACC_000638
CLM_0006438,ACC_000040
CLM_0006439,ACC_000040
CLM_0006440,ACC_000040
CLM_0006441,ACC_000813
CLM_0006442,ACC_000813
CLM_0006443,ACC_000409
CLM_0006444,ACC_000409
CLM_0006445,ACC_000799
CLM_0006446,ACC_000878
CLM_0006447,ACC_000878
CLM_0006448,ACC_000182
CLM_0006449,ACC_000182
CLM_0006450,ACC_001015
CLM_0006451,ACC_001015
CLM_0006452,ACC_001015
CLM_0006453,ACC_000283
CLM_0006454,ACC_000408
CLM_0006455,ACC_000408
CLM_0006456,ACC_000408
CLM_0006457,ACC_000283
CLM_0006458,ACC_000283
CLM_0006459,ACC_000283
CLM_0006460,ACC_000283
CLM_0006461,ACC_000283
CLM_0006462,ACC_000283
CLM_0006463,ACC_000283
CLM_0006464,ACC_000283
CLM_0006465,ACC_001007
CLM_0006466,ACC_000409
CLM_0006467,ACC_001054
CLM_0006468,ACC_001054
CLM_0006469,ACC_001054
CLM_0006470,ACC_000061
CLM_0006471,ACC_000061
CLM_0006472,ACC_000061
CLM_0006473,ACC_000412
CLM_0006474,ACC_000412
CLM_0006475,ACC_000412
CLM_0006476,ACC_001072
CLM_0006477,ACC_000124
CLM_0006478,ACC_000124
CLM_0006479,ACC_000911
CLM_0006480,ACC_000710
CLM_0006481,ACC_000710
CLM_0006482,ACC_000710
CLM_0006483,ACC_000569
CLM_0006484,ACC_000569
CLM_0006485,ACC_000045
CLM_0006486,ACC_000856
CLM_0006487,ACC_000856
CLM_0006488,ACC_000856
CLM_0006489,ACC_000410
CLM_0006490,ACC_000410
CLM_0006491,ACC_000410
CLM_0006492,ACC_000003
CLM_0006493,ACC_001004
CLM_0006494,ACC_000854
CLM_0006495,ACC_000854
CLM_0006496,ACC_000854
CLM_0006497,ACC_000032
CLM_0006498,ACC_000032
CLM_0006499,ACC_000174
CLM_0006500,ACC_000174
CLM_0006501,ACC_000174
CLM_0006502,ACC_000814
CLM_0006503,ACC_000283
CLM_0006504,ACC_000283
CLM_0006505,ACC_000724
CLM_0006506,ACC_000724
CLM_0006507,ACC_000724
CLM_0006508,ACC_000044
CLM_0006509,ACC_000044
CLM_0006510,ACC_000044
CLM_0006511,ACC_000781
CLM_0006512,ACC_000044
CLM_0006513,ACC_000283
CLM_0006514,ACC_000283
CLM_0006515,ACC_000283
CLM_0006516,ACC_000007
CLM_0006517,ACC_000007
CLM_0006518,ACC_000007
CLM_0006519,ACC_000959
CLM_0006520,ACC_000959
CLM_0006521,ACC_000959
CLM_0006522,ACC_000239
CLM_0006523,ACC_000239
CLM_0006524,ACC_000872
CLM_0006525,ACC_000872
CLM_0006526,ACC_000938
CLM_0006527,ACC_000938
CLM_0006528,ACC_000798
CLM_0006529,ACC_000798
CLM_0006530,ACC_000283
CLM_0006531,ACC_000283
CLM_0006532,ACC_000316
CLM_0006533,ACC_000316
CLM_0006534,ACC_000911
CLM_0006535,ACC_000911
CLM_0006536,ACC_000911
CLM_0006537,ACC_000984
CLM_0006538,ACC_000796
CLM_0006539,ACC_000796
CLM_0006540,ACC_000796
CLM_0006541,ACC_001164
CLM_0006542,ACC_000873
CLM_0006543,ACC_000873
CLM_0006544,ACC_000873
CLM_0006545,ACC_000814
CLM_0006546,ACC_000854
CLM_0006547,ACC_000813
CLM_0006548,ACC_000813
CLM_0006549,ACC_001138
CLM_0006550,ACC_001138
CLM_0006551,ACC_000282
CLM_0006552,ACC_000940
CLM_0006553,ACC_000412
CLM_0006554,ACC_001191
CLM_0006555,ACC_001191
CLM_0006556,ACC_000280
CLM_0006557,ACC_000280
CLM_0006558,ACC_000280
CLM_0006559,ACC_000264
CLM_0006560,ACC_000264
CLM_0006561,ACC_000264
CLM_0006562,ACC_000144
CLM_0006563,ACC_000144
CLM_0006564,ACC_000144
CLM_0006565,ACC_000043
CLM_0006566,ACC_000043
CLM_0006567,ACC_000043
CLM_0006568,ACC_001016
CLM_0006569,ACC_001016
CLM_0006570,ACC_000060
CLM_0006571,ACC_000060
CLM_0006572,ACC_000060
CLM_0006573,ACC_000408
CLM_0006574,ACC_000910
CLM_0006575,ACC_000910
CLM_0006576,ACC_000408
CLM_0006577,ACC_000408
CLM_0006578,ACC_001055
CLM_0006579,ACC_001055
CLM_0006580,ACC_001058
CLM_0006581,ACC_001058
CLM_0006582,ACC_001058
CLM_0006583,ACC_000834
CLM_0006584,ACC_000834
CLM_0006585,ACC_000814
CLM_0006586,ACC_000814
CLM_0006587,ACC_000814
CLM_0006588,ACC_000748
CLM_0006589,ACC_000748
CLM_0006590,ACC_000748
CLM_0006591,ACC_000283
CLM_0006592,ACC_000283
CLM_0006593,ACC_000283
CLM_0006594,ACC_000844
CLM_0006595,ACC_000844
CLM_0006596,ACC_000844
CLM_0006597,ACC_000855
CLM_0006598,ACC_000855
CLM_0006599,ACC_000855
CLM_0006600,ACC_000719
CLM_0006601,ACC_000719
CLM_0006602,ACC_000719
CLM_0006603,ACC_000518
CLM_0006604,ACC_000060
CLM_0006605,ACC_000060
CLM_0006606,ACC_000410
CLM_0006607,ACC_000410
CLM_0006608,ACC_000410
CLM_0006609,ACC_000283
CLM_0006610,ACC_000283
CLM_0006611,ACC_000282
CLM_0006612,ACC_000769
CLM_0006613,ACC_000498
CLM_0006614,ACC_000780
CLM_0006615,ACC_000144
CLM_0006616,ACC_000144
CLM_0006617,ACC_000144
CLM_0006618,ACC_000411
CLM_0006619,ACC_000411
CLM_0006620,ACC_000411
CLM_0006621,ACC_000192
CLM_0006622,ACC_000192
CLM_0006623,ACC_000192
CLM_0006624,ACC_000282
CLM_0006625,ACC_000282
CLM_0006626,ACC_000282
CLM_0006627,ACC_000498
CLM_0006628,ACC_000408
CLM_0006629,ACC_000408
CLM_0006630,ACC_000408
CLM_0006631,ACC_000393
CLM_0006632,ACC_000411
CLM_0006633,ACC_000282
CLM_0006634,ACC_000282
CLM_0006635,ACC_000239
CLM_0006636,ACC_000238
CLM_0006637,ACC_000238
CLM_0006638,ACC_000862
CLM_0006639,ACC_000862
CLM_0006640,ACC_000862
CLM_0006641,ACC_000043
CLM_0006642,ACC_000043
CLM_0006643,ACC_000043
CLM_0006644,ACC_000282
CLM_0006645,ACC_000282
CLM_0006646,ACC_000003
CLM_0006647,ACC_000003
CLM_0006648,ACC_000003
CLM_0006649,ACC_000464
CLM_0006650,ACC_000464
CLM_0006651,ACC_000590
CLM_0006652,ACC_000590
CLM_0006653,ACC_000590
CLM_0006654,ACC_000283
CLM_0006655,ACC_000283
CLM_0006656,ACC_000283
CLM_0006657,ACC_000283
CLM_0006658,ACC_000905
CLM_0006659,ACC_000905
CLM_0006660,ACC_000144
CLM_0006661,ACC_000144
CLM_0006662,ACC_000144
CLM_0006663,ACC_000144
CLM_0006664,ACC_000144
CLM_0006665,ACC_000144
CLM_0006666,ACC_000045
CLM_0006667,ACC_000045
CLM_0006668,ACC_000045
CLM_0006669,ACC_000002
CLM_0006670,ACC_000002
CLM_0006671,ACC_000445
CLM_0006672,ACC_000445
CLM_0006673,ACC_000959
CLM_0006674,ACC_000959
CLM_0006675,ACC_000959
CLM_0006676,ACC_000872
CLM_0006677,ACC_000872
CLM_0006678,ACC_000872
CLM_0006679,ACC_000412
CLM_0006680,ACC_000412
CLM_0006681,ACC_000412
CLM_0006682,ACC_000061
CLM_0006683,ACC_000954
CLM_0006684,ACC_000954
CLM_0006685,ACC_000045
CLM_0006686,ACC_000045
CLM_0006687,ACC_000045
CLM_0006688,ACC_000409
CLM_0006689,ACC_000409
CLM_0006690,ACC_000569
CLM_0006691,ACC_000144
CLM_0006692,ACC_000280
CLM_0006693,ACC_000117
CLM_0006694,ACC_000117
CLM_0006695,ACC_000814
CLM_0006696,ACC_000710
CLM_0006697,ACC_000710
CLM_0006698,ACC_000710
CLM_0006699,ACC_000283
CLM_0006700,ACC_000283
CLM_0006701,ACC_000282
CLM_0006702,ACC_000117
CLM_0006703,ACC_000117
CLM_0006704,ACC_000282
CLM_0006705,ACC_000410
CLM_0006706,ACC_000410
CLM_0006707,ACC_000408
CLM_0006708,ACC_000075
CLM_0006709,ACC_000075
CLM_0006710,ACC_000542
CLM_0006711,ACC_000412
CLM_0006712,ACC_000412
CLM_0006713,ACC_000412
CLM_0006714,ACC_000411
CLM_0006715,ACC_000411
CLM_0006716,ACC_000411
CLM_0006717,ACC_000008
CLM_0006718,ACC_000749
CLM_0006719,ACC_000749
CLM_0006720,ACC_000749
CLM_0006721,ACC_000411
CLM_0006722,ACC_000411
CLM_0006723,ACC_000411
CLM_0006724,ACC_000856
CLM_0006725,ACC_000856
CLM_0006726,ACC_000856
CLM_0006727,ACC_000716
CLM_0006728,ACC_000716
CLM_0006729,ACC_000716
CLM_0006730,ACC_000191
CLM_0006731,ACC_001055
CLM_0006732,ACC_001055
CLM_0006733,ACC_001055
CLM_0006734,ACC_000319
CLM_0006735,ACC_000045
CLM_0006736,ACC_000045
CLM_0006737,ACC_000043
CLM_0006738,ACC_000116
CLM_0006739,ACC_000400
CLM_0006740,ACC_000400
CLM_0006741,ACC_000400
CLM_0006742,ACC_000282
CLM_0006743,ACC_000282
CLM_0006744,ACC_000282
CLM_0006745,ACC_000442
CLM_0006746,ACC_001139
CLM_0006747,ACC_001139
CLM_0006748,ACC_000082
CLM_0006749,ACC_000082
CLM_0006750,ACC_000082
CLM_0006751,ACC_000502
CLM_0006752,ACC_000407
CLM_0006753,ACC_000283
CLM_0006754,ACC_000283
CLM_0006755,ACC_000283
CLM_0006756,ACC_000283
CLM_0006757,ACC_000172
CLM_0006758,ACC_000172
CLM_0006759,ACC_000172
CLM_0006760,ACC_000408
CLM_0006761,ACC_000408
CLM_0006762,ACC_000408
CLM_0006763,ACC_000359
CLM_0006764,ACC_000684
CLM_0006765,ACC_000684
CLM_0006766,ACC_000684
CLM_0006767,ACC_000282
CLM_0006768,ACC_000282
CLM_0006769,ACC_000282
CLM_0006770,ACC_000264
CLM_0006771,ACC_000264
CLM_0006772,ACC_000264
CLM_0006773,ACC_000238
CLM_0006774,ACC_000238
CLM_0006775,ACC_000573
CLM_0006776,ACC_000748
CLM_0006777,ACC_000748
CLM_0006778,ACC_000045
CLM_0006779,ACC_000045
CLM_0006780,ACC_001055
CLM_0006781,ACC_001055
CLM_0006782,ACC_001055
CLM_0006783,ACC_000282
CLM_0006784,ACC_000282
CLM_0006785,ACC_000061
CLM_0006786,ACC_000061
CLM_0006787,ACC_000286
CLM_0006788,ACC_000286
CLM_0006789,ACC_000286
CLM_0006790,ACC_000962
CLM_0006791,ACC_000123
CLM_0006792,ACC_000094
CLM_0006793,ACC_000094
CLM_0006794,ACC_000094
CLM_0006795,ACC_000409
CLM_0006796,ACC_000409
CLM_0006797,ACC_000013
CLM_0006798,ACC_000013
CLM_0006799,ACC_000013
CLM_0006800,ACC_000407
CLM_0006801,ACC_000407
CLM_0006802,ACC_000407
CLM_0006803,ACC_000856
CLM_0006804,ACC_000856
CLM_0006805,ACC_000283
CLM_0006806,ACC_000283
CLM_0006807,ACC_000283
CLM_0006808,ACC_000282
CLM_0006809,ACC_000282
CLM_0006810,ACC_001076
CLM_0006811,ACC_000283
CLM_0006812,ACC_000179
CLM_0006813,ACC_000960
CLM_0006814,ACC_000960
CLM_0006815,ACC_000960
CLM_0006816,ACC_000061
CLM_0006817,ACC_000061
CLM_0006818,ACC_000798
CLM_0006819,ACC_000638
CLM_0006820,ACC_000638
CLM_0006821,ACC_000061
CLM_0006822,ACC_000121
CLM_0006823,ACC_000282
CLM_0006824,ACC_000641
CLM_0006825,ACC_000641
CLM_0006826,ACC_000641
CLM_0006827,ACC_000408
CLM_0006828,ACC_000408
CLM_0006829,ACC_000144
CLM_0006830,ACC_000144
CLM_0006831,ACC_000144
CLM_0006832,ACC_000144
CLM_0006833,ACC_000854
CLM_0006834,ACC_000854
CLM_0006835,ACC_000872
CLM_0006836,ACC_000061
CLM_0006837,ACC_000911
CLM_0006838,ACC_000911
CLM_0006839,ACC_000911
CLM_0006840,ACC_000910
CLM_0006841,ACC_000015
CLM_0006842,ACC_000015
CLM_0006843,ACC_000015
CLM_0006844,ACC_000044
CLM_0006845,ACC_000043
CLM_0006846,ACC_000043
CLM_0006847,ACC_000043
CLM_0006848,ACC_000047
CLM_0006849,ACC_000408
CLM_0006850,ACC_000144
CLM_0006851,ACC_001138
CLM_0006852,ACC_000273
CLM_0006853,ACC_000273
CLM_0006854,ACC_000283
CLM_0006855,ACC_000283
CLM_0006856,ACC_000283
CLM_0006857,ACC_001076
CLM_0006858,ACC_001076
CLM_0006859,ACC_001076
CLM_0006860,ACC_000813
CLM_0006861,ACC_000813
CLM_0006862,ACC_000410
CLM_0006863,ACC_000333
CLM_0006864,ACC_000333
CLM_0006865,ACC_000412
CLM_0006866,ACC_000394
CLM_0006867,ACC_000394
CLM_0006868,ACC_000394
CLM_0006869,ACC_000688
CLM_0006870,ACC_000688
CLM_0006871,ACC_000688
CLM_0006872,ACC_000631
CLM_0006873,ACC_000631
CLM_0006874,ACC_000631
CLM_0006875,ACC_000282
CLM_0006876,ACC_000282
CLM_0006877,ACC_000282
CLM_0006878,ACC_000282
CLM_0006879,ACC_000410
CLM_0006880,ACC_000410
CLM_0006881,ACC_000410
CLM_0006882,ACC_000855
CLM_0006883,ACC_000855
CLM_0006884,ACC_000855
CLM_0006885,ACC_000043
CLM_0006886,ACC_000043
CLM_0006887,ACC_000043
CLM_0006888,ACC_000060
CLM_0006889,ACC_000060
CLM_0006890,ACC_000409
CLM_0006891,ACC_000409
CLM_0006892,ACC_000409
CLM_0006893,ACC_000396
CLM_0006894,ACC_000396
CLM_0006895,ACC_000396
CLM_0006896,ACC_000518
CLM_0006897,ACC_000045
CLM_0006898,ACC_000045
CLM_0006899,ACC_000045
CLM_0006900,ACC_001054
CLM_0006901,ACC_001054
CLM_0006902,ACC_000412
CLM_0006903,ACC_000332
CLM_0006904,ACC_000332
CLM_0006905,ACC_000332
CLM_0006906,ACC_000282
CLM_0006907,ACC_000282
CLM_0006908,ACC_000813
CLM_0006909,ACC_000813
CLM_0006910,ACC_000060
CLM_0006911,ACC_000132
CLM_0006912,ACC_000132
CLM_0006913,ACC_000144
CLM_0006914,ACC_000144
CLM_0006915,ACC_000144
CLM_0006916,ACC_000061
CLM_0006917,ACC_000061
CLM_0006918,ACC_000283
CLM_0006919,ACC_000099
CLM_0006920,ACC_000099
CLM_0006921,ACC_000319
CLM_0006922,ACC_000319
CLM_0006923,ACC_000410
CLM_0006924,ACC_000410
CLM_0006925,ACC_000043
CLM_0006926,ACC_000043
CLM_0006927,ACC_000101
CLM_0006928,ACC_000101
CLM_0006929,ACC_000236
CLM_0006930,ACC_001072
CLM_0006931,ACC_000409
CLM_0006932,ACC_000283
CLM_0006933,ACC_000749
CLM_0006934,ACC_000749
CLM_0006935,ACC_001138
CLM_0006936,ACC_001138
CLM_0006937,ACC_001138
CLM_0006938,ACC_000333
CLM_0006939,ACC_000333
CLM_0006940,ACC_000333
CLM_0006941,ACC_001138
CLM_0006942,ACC_001138
CLM_0006943,ACC_000061
CLM_0006944,ACC_000061
CLM_0006945,ACC_000061
CLM_0006946,ACC_000282
CLM_0006947,ACC_000282
CLM_0006948,ACC_000282
CLM_0006949,ACC_001088
CLM_0006950,ACC_001088
CLM_0006951,ACC_001088
CLM_0006952,ACC_000976
CLM_0006953,ACC_001002
CLM_0006954,ACC_001002
CLM_0006955,ACC_000411
CLM_0006956,ACC_000411
CLM_0006957,ACC_000411
CLM_0006958,ACC_000283
CLM_0006959,ACC_000283
CLM_0006960,ACC_000283
CLM_0006961,ACC_000380
CLM_0006962,ACC_000380
CLM_0006963,ACC_000380
CLM_0006964,ACC_000855
CLM_0006965,ACC_000855
CLM_0006966,ACC_000561
CLM_0006967,ACC_000380
CLM_0006968,ACC_000380
CLM_0006969,ACC_000380
CLM_0006970,ACC_000534
CLM_0006971,ACC_000534
CLM_0006972,ACC_000534
CLM_0006973,ACC_000319
CLM_0006974,ACC_000093
CLM_0006975,ACC_000093
CLM_0006976,ACC_000093
CLM_0006977,ACC_000856
CLM_0006978,ACC_000856
CLM_0006979,ACC_000856
CLM_0006980,ACC_000101
CLM_0006981,ACC_000101
CLM_0006982,ACC_000380
CLM_0006983,ACC_000380
CLM_0006984,ACC_000044
CLM_0006985,ACC_000044
CLM_0006986,ACC_000044
CLM_0006987,ACC_000412
CLM_0006988,ACC_000410
CLM_0006989,ACC_000410
CLM_0006990,ACC_000410
CLM_0006991,ACC_000408
CLM_0006992,ACC_000408
CLM_0006993,ACC_001017
CLM_0006994,ACC_001017
CLM_0006995,ACC_001017
CLM_0006996,ACC_001076
CLM_0006997,ACC_001076
CLM_0006998,ACC_000623
CLM_0006999,ACC_000623
CLM_0007000,ACC_000623
CLM_0007001,ACC_000984
CLM_0007002,ACC_000984
CLM_0007003,ACC_000984
CLM_0007004,ACC_000769
CLM_0007005,ACC_000769
CLM_0007006,ACC_000408
CLM_0007007,ACC_000408
CLM_0007008,ACC_000408
CLM_0007009,ACC_000411
CLM_0007010,ACC_000411
CLM_0007011,ACC_000282
CLM_0007012,ACC_000282
CLM_0007013,ACC_000044
CLM_0007014,ACC_000044
CLM_0007015,ACC_000044
CLM_0007016,ACC_000283
CLM_0007017,ACC_000283
CLM_0007018,ACC_000283
CLM_0007019,ACC_000408
CLM_0007020,ACC_000175
CLM_0007021,ACC_000543
CLM_0007022,ACC_000856
CLM_0007023,ACC_000856
CLM_0007024,ACC_000411
CLM_0007025,ACC_000411
CLM_0007026,ACC_000411
CLM_0007027,ACC_000100
CLM_0007028,ACC_000100
CLM_0007029,ACC_000282
CLM_0007030,ACC_000282
CLM_0007031,ACC_000238
CLM_0007032,ACC_000238
CLM_0007033,ACC_000283
CLM_0007034,ACC_000283
CLM_0007035,ACC_000172
CLM_0007036,ACC_000409
CLM_0007037,ACC_000409
CLM_0007038,ACC_000409
CLM_0007039,ACC_000407
CLM_0007040,ACC_000407
CLM_0007041,ACC_000407
CLM_0007042,ACC_000391
CLM_0007043,ACC_000855
CLM_0007044,ACC_000855
CLM_0007045,ACC_000282
CLM_0007046,ACC_000174
CLM_0007047,ACC_000174
CLM_0007048,ACC_000174
CLM_0007049,ACC_000412
CLM_0007050,ACC_000283
CLM_0007051,ACC_000283
CLM_0007052,ACC_001058
CLM_0007053,ACC_001058
CLM_0007054,ACC_000409
CLM_0007055,ACC_000409
CLM_0007056,ACC_001017
CLM_0007057,ACC_001017
CLM_0007058,ACC_001017
CLM_0007059,ACC_000043
CLM_0007060,ACC_000043
CLM_0007061,ACC_000410
CLM_0007062,ACC_000410
CLM_0007063,ACC_000410
CLM_0007064,ACC_000283
CLM_0007065,ACC_000283
CLM_0007066,ACC_000283
CLM_0007067,ACC_000283
CLM_0007068,ACC_000283
CLM_0007069,ACC_000283
CLM_0007070,ACC_000283
CLM_0007071,ACC_000283
CLM_0007072,ACC_000844
CLM_0007073,ACC_000844
CLM_0007074,ACC_000844
CLM_0007075,ACC_000171
CLM_0007076,ACC_000171
CLM_0007077,ACC_000171
CLM_0007078,ACC_000409
CLM_0007079,ACC_000409
CLM_0007080,ACC_000911
CLM_0007081,ACC_000911
CLM_0007082,ACC_000911
CLM_0007083,ACC_001058
CLM_0007084,ACC_001058
CLM_0007085,ACC_001058
CLM_0007086,ACC_000332
CLM_0007087,ACC_000332
CLM_0007088,ACC_000045
CLM_0007089,ACC_000045
CLM_0007090,ACC_000282
CLM_0007091,ACC_000282
CLM_0007092,ACC_000282
CLM_0007093,ACC_001187
CLM_0007094,ACC_001187
CLM_0007095,ACC_000283
CLM_0007096,ACC_000283
CLM_0007097,ACC_000283
CLM_0007098,ACC_000911
CLM_0007099,ACC_000911
CLM_0007100,ACC_001076
CLM_0007101,ACC_001076
CLM_0007102,ACC_000409
CLM_0007103,ACC_000409
CLM_0007104,ACC_000409
CLM_0007105,ACC_000211
CLM_0007106,ACC_000211
CLM_0007107,ACC_000211
CLM_0007108,ACC_000411
CLM_0007109,ACC_000144
CLM_0007110,ACC_000518
CLM_0007111,ACC_000283
CLM_0007112,ACC_000283
CLM_0007113,ACC_000396
CLM_0007114,ACC_000536
CLM_0007115,ACC_000536
CLM_0007116,ACC_000536
CLM_0007117,ACC_000719
CLM_0007118,ACC_000911
CLM_0007119,ACC_000390
CLM_0007120,ACC_000390
CLM_0007121,ACC_000907
CLM_0007122,ACC_000907
CLM_0007123,ACC_001015
CLM_0007124,ACC_000332
CLM_0007125,ACC_000332
CLM_0007126,ACC_000719
CLM_0007127,ACC_000719
CLM_0007128,ACC_000659
CLM_0007129,ACC_000659
CLM_0007130,ACC_000872
CLM_0007131,ACC_000872
CLM_0007132,ACC_000590
CLM_0007133,ACC_000590
CLM_0007134,ACC_000171
CLM_0007135,ACC_000171
CLM_0007136,ACC_000171
CLM_0007137,ACC_000771
CLM_0007138,ACC_000771
CLM_0007139,ACC_000771
CLM_0007140,ACC_001057
CLM_0007141,ACC_001057
CLM_0007142,ACC_000464
CLM_0007143,ACC_000464
CLM_0007144,ACC_000464
CLM_0007145,ACC_000446
CLM_0007146,ACC_000283
CLM_0007147,ACC_000283
CLM_0007148,ACC_000283
CLM_0007149,ACC_000081
CLM_0007150,ACC_000081
CLM_0007151,ACC_000081
CLM_0007152,ACC_000364
CLM_0007153,ACC_000911
CLM_0007154,ACC_000910
CLM_0007155,ACC_000117
CLM_0007156,ACC_000855
CLM_0007157,ACC_000516
CLM_0007158,ACC_000516
CLM_0007159,ACC_000516
CLM_0007160,ACC_000710
CLM_0007161,ACC_000710
CLM_0007162,ACC_000710
CLM_0007163,ACC_000299
CLM_0007164,ACC_000299
CLM_0007165,ACC_000299
CLM_0007166,ACC_001111
CLM_0007167,ACC_001111
CLM_0007168,ACC_001111
CLM_0007169,ACC_000572
CLM_0007170,ACC_000045
CLM_0007171,ACC_000283
CLM_0007172,ACC_000283
CLM_0007173,ACC_000331
CLM_0007174,ACC_000331
CLM_0007175,ACC_000331
CLM_0007176,ACC_000641
CLM_0007177,ACC_000568
CLM_0007178,ACC_000568
CLM_0007179,ACC_000282
CLM_0007180,ACC_000282
CLM_0007181,ACC_000833
CLM_0007182,ACC_000833
CLM_0007183,ACC_001058
CLM_0007184,ACC_001058
CLM_0007185,ACC_000282
CLM_0007186,ACC_000282
CLM_0007187,ACC_000084
CLM_0007188,ACC_000084
CLM_0007189,ACC_001054
CLM_0007190,ACC_001054
CLM_0007191,ACC_001054
CLM_0007192,ACC_000045
CLM_0007193,ACC_000061
CLM_0007194,ACC_000060
CLM_0007195,ACC_000060
CLM_0007196,ACC_000408
CLM_0007197,ACC_000408
CLM_0007198,ACC_000944
CLM_0007199,ACC_000944
CLM_0007200,ACC_000872
CLM_0007201,ACC_000282
CLM_0007202,ACC_000411
CLM_0007203,ACC_000043
CLM_0007204,ACC_000043
CLM_0007205,ACC_000144
CLM_0007206,ACC_000144
CLM_0007207,ACC_000144
CLM_0007208,ACC_001017
CLM_0007209,ACC_001017
CLM_0007210,ACC_000045
CLM_0007211,ACC_000769
CLM_0007212,ACC_000769
CLM_0007213,ACC_000769
CLM_0007214,ACC_000872
CLM_0007215,ACC_000872
CLM_0007216,ACC_000060
CLM_0007217,ACC_000276
CLM_0007218,ACC_000061
CLM_0007219,ACC_000403
CLM_0007220,ACC_000403
CLM_0007221,ACC_000282
CLM_0007222,ACC_000143
CLM_0007223,ACC_001016
CLM_0007224,ACC_001016
CLM_0007225,ACC_001016
CLM_0007226,ACC_001056
CLM_0007227,ACC_001056
CLM_0007228,ACC_001056
CLM_0007229,ACC_000911
CLM_0007230,ACC_000280
CLM_0007231,ACC_000280
CLM_0007232,ACC_000984
CLM_0007233,ACC_000984
CLM_0007234,ACC_000331
CLM_0007235,ACC_000331
CLM_0007236,ACC_000331
CLM_0007237,ACC_000905
CLM_0007238,ACC_000411
CLM_0007239,ACC_000411
CLM_0007240,ACC_000411
CLM_0007241,ACC_001016
CLM_0007242,ACC_001016
CLM_0007243,ACC_001016
CLM_0007244,ACC_000045
CLM_0007245,ACC_000752
CLM_0007246,ACC_000752
CLM_0007247,ACC_000752
CLM_0007248,ACC_000911
CLM_0007249,ACC_000911
CLM_0007250,ACC_000911
CLM_0007251,ACC_000523
CLM_0007252,ACC_000144
CLM_0007253,ACC_000144
CLM_0007254,ACC_000051
CLM_0007255,ACC_000051
CLM_0007256,ACC_000060
CLM_0007257,ACC_000060
CLM_0007258,ACC_000060
CLM_0007259,ACC_000061
CLM_0007260,ACC_000282
CLM_0007261,ACC_000412
CLM_0007262,ACC_000412
CLM_0007263,ACC_000283
CLM_0007264,ACC_000506
CLM_0007265,ACC_000856
CLM_0007266,ACC_000856
CLM_0007267,ACC_000534
CLM_0007268,ACC_000534
CLM_0007269,ACC_000534
CLM_0007270,ACC_000910
CLM_0007271,ACC_000910
CLM_0007272,ACC_000910
CLM_0007273,ACC_000409
CLM_0007274,ACC_000409
CLM_0007275,ACC_000409
CLM_0007276,ACC_001047
CLM_0007277,ACC_000283
CLM_0007278,ACC_000409
CLM_0007279,ACC_000409
CLM_0007280,ACC_000409
CLM_0007281,ACC_000844
CLM_0007282,ACC_000283
CLM_0007283,ACC_000243
CLM_0007284,ACC_000409
CLM_0007285,ACC_000409
CLM_0007286,ACC_000409
CLM_0007287,ACC_000764
CLM_0007288,ACC_000764
CLM_0007289,ACC_000407
CLM_0007290,ACC_000407
CLM_0007291,ACC_000273
CLM_0007292,ACC_000061
CLM_0007293,ACC_000061
CLM_0007294,ACC_000542
CLM_0007295,ACC_000773
CLM_0007296,ACC_000359
CLM_0007297,ACC_000359
CLM_0007298,ACC_000498
CLM_0007299,ACC_000498
CLM_0007300,ACC_000379
CLM_0007301,ACC_000061
CLM_0007302,ACC_000061
CLM_0007303,ACC_000061
CLM_0007304,ACC_000061
CLM_0007305,ACC_000910
CLM_0007306,ACC_000508
CLM_0007307,ACC_000508
CLM_0007308,ACC_000508
CLM_0007309,ACC_000543
CLM_0007310,ACC_000854
CLM_0007311,ACC_000282
CLM_0007312,ACC_000282
CLM_0007313,ACC_000790
CLM_0007314,ACC_000082
CLM_0007315,ACC_000282
CLM_0007316,ACC_000911
CLM_0007317,ACC_000044
CLM_0007318,ACC_000485
CLM_0007319,ACC_001015
CLM_0007320,ACC_000872
CLM_0007321,ACC_000872
CLM_0007322,ACC_000518
CLM_0007323,ACC_000518
CLM_0007324,ACC_000518
CLM_0007325,ACC_000862
CLM_0007326,ACC_000862
CLM_0007327,ACC_000862
CLM_0007328,ACC_001076
CLM_0007329,ACC_001076
CLM_0007330,ACC_000942
CLM_0007331,ACC_000942
CLM_0007332,ACC_000939
CLM_0007333,ACC_000939
CLM_0007334,ACC_000939
CLM_0007335,ACC_000412
CLM_0007336,ACC_000045
CLM_0007337,ACC_000045
CLM_0007338,ACC_000117
CLM_0007339,ACC_000117
CLM_0007340,ACC_000117
CLM_0007341,ACC_000843
CLM_0007342,ACC_001138
CLM_0007343,ACC_001138
CLM_0007344,ACC_000282
CLM_0007345,ACC_000282
CLM_0007346,ACC_000282
CLM_0007347,ACC_000019
CLM_0007348,ACC_000142
CLM_0007349,ACC_000142
CLM_0007350,ACC_000093
CLM_0007351,ACC_000093
CLM_0007352,ACC_000093
CLM_0007353,ACC_000172
CLM_0007354,ACC_000172
CLM_0007355,ACC_000013
CLM_0007356,ACC_000013
CLM_0007357,ACC_000013
CLM_0007358,ACC_000055
CLM_0007359,ACC_000055
CLM_0007360,ACC_000055
CLM_0007361,ACC_000408
CLM_0007362,ACC_000408
CLM_0007363,ACC_000910
CLM_0007364,ACC_000911
CLM_0007365,ACC_000911
CLM_0007366,ACC_001072
CLM_0007367,ACC_000283
CLM_0007368,ACC_000283
CLM_0007369,ACC_000283
CLM_0007370,ACC_000280
CLM_0007371,ACC_000283
CLM_0007372,ACC_000283
CLM_0007373,ACC_000083
CLM_0007374,ACC_000083
CLM_0007375,ACC_000083
CLM_0007376,ACC_001076
CLM_0007377,ACC_001076
CLM_0007378,ACC_001054
CLM_0007379,ACC_000873
CLM_0007380,ACC_000903
CLM_0007381,ACC_000903
CLM_0007382,ACC_000903
CLM_0007383,ACC_000407
CLM_0007384,ACC_000407
CLM_0007385,ACC_000283
CLM_0007386,ACC_000061
CLM_0007387,ACC_000061
CLM_0007388,ACC_000023
CLM_0007389,ACC_000118
CLM_0007390,ACC_000118
CLM_0007391,ACC_000118
CLM_0007392,ACC_000905
CLM_0007393,ACC_000427
CLM_0007394,ACC_000427
CLM_0007395,ACC_000427
CLM_0007396,ACC_000410
CLM_0007397,ACC_000410
CLM_0007398,ACC_001072
CLM_0007399,ACC_001072
CLM_0007400,ACC_001058
CLM_0007401,ACC_001058
CLM_0007402,ACC_001058
CLM_0007403,ACC_000061
CLM_0007404,ACC_000769
CLM_0007405,ACC_000769
CLM_0007406,ACC_000769
CLM_0007407,ACC_000173
CLM_0007408,ACC_000911
CLM_0007409,ACC_000412
CLM_0007410,ACC_000856
CLM_0007411,ACC_000282
CLM_0007412,ACC_000407
CLM_0007413,ACC_000814
CLM_0007414,ACC_000814
CLM_0007415,ACC_000814
CLM_0007416,ACC_000117
CLM_0007417,ACC_000408
CLM_0007418,ACC_000408
CLM_0007419,ACC_000408
CLM_0007420,ACC_000642
CLM_0007421,ACC_000642
CLM_0007422,ACC_000642
CLM_0007423,ACC_000172
CLM_0007424,ACC_000172
CLM_0007425,ACC_000172
CLM_0007426,ACC_000283
CLM_0007427,ACC_000283
CLM_0007428,ACC_000407
CLM_0007429,ACC_000764
CLM_0007430,ACC_000407
CLM_0007431,ACC_000407
CLM_0007432,ACC_000407
CLM_0007433,ACC_001196
CLM_0007434,ACC_001047
CLM_0007435,ACC_001047
CLM_0007436,ACC_001047
CLM_0007437,ACC_000282
CLM_0007438,ACC_000282
CLM_0007439,ACC_000282
CLM_0007440,ACC_000411
CLM_0007441,ACC_000911
CLM_0007442,ACC_000911
CLM_0007443,ACC_000911
CLM_0007444,ACC_000172
CLM_0007445,ACC_000172
CLM_0007446,ACC_000172
CLM_0007447,ACC_000060
CLM_0007448,ACC_000144
CLM_0007449,ACC_000144
CLM_0007450,ACC_000144
CLM_0007451,ACC_000410
CLM_0007452,ACC_000410
CLM_0007453,ACC_000410
CLM_0007454,ACC_001016
CLM_0007455,ACC_000659
CLM_0007456,ACC_000659
CLM_0007457,ACC_000659
CLM_0007458,ACC_000043
CLM_0007459,ACC_000043
CLM_0007460,ACC_001054
CLM_0007461,ACC_001054
CLM_0007462,ACC_000416
CLM_0007463,ACC_000282
CLM_0007464,ACC_000282
CLM_0007465,ACC_000282
CLM_0007466,ACC_001141
CLM_0007467,ACC_001141
CLM_0007468,ACC_000409
CLM_0007469,ACC_001076
CLM_0007470,ACC_001076
CLM_0007471,ACC_001076
CLM_0007472,ACC_000045
CLM_0007473,ACC_000045
CLM_0007474,ACC_000022
CLM_0007475,ACC_001016
CLM_0007476,ACC_000873
CLM_0007477,ACC_000855
CLM_0007478,ACC_000123
CLM_0007479,ACC_000123
CLM_0007480,ACC_001076
CLM_0007481,ACC_001076
CLM_0007482,ACC_000855
CLM_0007483,ACC_000020
CLM_0007484,ACC_000020
CLM_0007485,ACC_000020
CLM_0007486,ACC_000408
CLM_0007487,ACC_000056
CLM_0007488,ACC_000056
CLM_0007489,ACC_000061
CLM_0007490,ACC_000408
CLM_0007491,ACC_000938
CLM_0007492,ACC_000938
CLM_0007493,ACC_000910
CLM_0007494,ACC_000910
CLM_0007495,ACC_000910
CLM_0007496,ACC_000379
CLM_0007497,ACC_000395
CLM_0007498,ACC_000395
CLM_0007499,ACC_000813
CLM_0007500,ACC_000813
CLM_0007501,ACC_000626
CLM_0007502,ACC_000061
CLM_0007503,ACC_000061
CLM_0007504,ACC_001191
CLM_0007505,ACC_000910
CLM_0007506,ACC_000910
CLM_0007507,ACC_000061
CLM_0007508,ACC_000061
CLM_0007509,ACC_000061
CLM_0007510,ACC_001138
CLM_0007511,ACC_001138
CLM_0007512,ACC_001138
CLM_0007513,ACC_000411
CLM_0007514,ACC_000411
CLM_0007515,ACC_001017
CLM_0007516,ACC_001017
CLM_0007517,ACC_001017
CLM_0007518,ACC_000408
CLM_0007519,ACC_000408
CLM_0007520,ACC_000175
CLM_0007521,ACC_000175
CLM_0007522,ACC_000175
CLM_0007523,ACC_000543
CLM_0007524,ACC_001138
CLM_0007525,ACC_001138
CLM_0007526,ACC_001138
CLM_0007527,ACC_000397
CLM_0007528,ACC_000397
CLM_0007529,ACC_000397
CLM_0007530,ACC_000411
CLM_0007531,ACC_000411
CLM_0007532,ACC_000407
CLM_0007533,ACC_000407
CLM_0007534,ACC_000407
CLM_0007535,ACC_000061
CLM_0007536,ACC_000061
CLM_0007537,ACC_000061
CLM_0007538,ACC_000319
CLM_0007539,ACC_000283
CLM_0007540,ACC_000855
CLM_0007541,ACC_000855
CLM_0007542,ACC_000855
CLM_0007543,ACC_000283
CLM_0007544,ACC_000283
CLM_0007545,ACC_000863
CLM_0007546,ACC_001095
CLM_0007547,ACC_000411
CLM_0007548,ACC_000411
CLM_0007549,ACC_000411
CLM_0007550,ACC_000044
CLM_0007551,ACC_000044
CLM_0007552,ACC_000044
CLM_0007553,ACC_000043
CLM_0007554,ACC_000043
CLM_0007555,ACC_000282
CLM_0007556,ACC_000282
CLM_0007557,ACC_000282
CLM_0007558,ACC_000241
CLM_0007559,ACC_000043
CLM_0007560,ACC_000282
CLM_0007561,ACC_000282
CLM_0007562,ACC_000809
CLM_0007563,ACC_000809
CLM_0007564,ACC_000282
CLM_0007565,ACC_000282
CLM_0007566,ACC_000475
CLM_0007567,ACC_000345
CLM_0007568,ACC_000345
CLM_0007569,ACC_000100
CLM_0007570,ACC_000498
CLM_0007571,ACC_000498
CLM_0007572,ACC_000320
CLM_0007573,ACC_000060
CLM_0007574,ACC_000060
CLM_0007575,ACC_000060
CLM_0007576,ACC_000283
CLM_0007577,ACC_000283
CLM_0007578,ACC_000283
CLM_0007579,ACC_001140
CLM_0007580,ACC_001140
CLM_0007581,ACC_001140
CLM_0007582,ACC_000910
CLM_0007583,ACC_000333
CLM_0007584,ACC_000282
CLM_0007585,ACC_000282
CLM_0007586,ACC_000171
CLM_0007587,ACC_000171
CLM_0007588,ACC_000171
CLM_0007589,ACC_000019
CLM_0007590,ACC_000060
CLM_0007591,ACC_000060
CLM_0007592,ACC_000060
CLM_0007593,ACC_000283
CLM_0007594,ACC_000498
CLM_0007595,ACC_000498
CLM_0007596,ACC_000498
CLM_0007597,ACC_000209
CLM_0007598,ACC_000209
CLM_0007599,ACC_000209
CLM_0007600,ACC_000113
CLM_0007601,ACC_000332
CLM_0007602,ACC_000749
CLM_0007603,ACC_000749
CLM_0007604,ACC_000749
CLM_0007605,ACC_000407
CLM_0007606,ACC_000407
CLM_0007607,ACC_000407
CLM_0007608,ACC_000797
CLM_0007609,ACC_000797
CLM_0007610,ACC_000137
CLM_0007611,ACC_000137
CLM_0007612,ACC_000137
CLM_0007613,ACC_000332
CLM_0007614,ACC_000855
CLM_0007615,ACC_000855
CLM_0007616,ACC_001152
CLM_0007617,ACC_001152
CLM_0007618,ACC_001152
CLM_0007619,ACC_000911
CLM_0007620,ACC_000911
CLM_0007621,ACC_001120
CLM_0007622,ACC_001120
CLM_0007623,ACC_000780
CLM_0007624,ACC_000780
CLM_0007625,ACC_000780
CLM_0007626,ACC_000332
CLM_0007627,ACC_000332
CLM_0007628,ACC_000332
CLM_0007629,ACC_000409
CLM_0007630,ACC_000873
CLM_0007631,ACC_000464
CLM_0007632,ACC_000464
CLM_0007633,ACC_000117
CLM_0007634,ACC_000117
CLM_0007635,ACC_000117
CLM_0007636,ACC_001056
CLM_0007637,ACC_000044
CLM_0007638,ACC_000044
CLM_0007639,ACC_000044
CLM_0007640,ACC_000280
CLM_0007641,ACC_000280
CLM_0007642,ACC_000280
CLM_0007643,ACC_000408
CLM_0007644,ACC_000408
CLM_0007645,ACC_001111
CLM_0007646,ACC_001111
CLM_0007647,ACC_000331
CLM_0007648,ACC_000331
CLM_0007649,ACC_000282
CLM_0007650,ACC_000412
CLM_0007651,ACC_000412
CLM_0007652,ACC_000412
CLM_0007653,ACC_000060
CLM_0007654,ACC_000060
CLM_0007655,ACC_000053
CLM_0007656,ACC_000047
CLM_0007657,ACC_000047
CLM_0007658,ACC_000047
CLM_0007659,ACC_001076
CLM_0007660,ACC_001076
CLM_0007661,ACC_000282
CLM_0007662,ACC_000661
CLM_0007663,ACC_000661
CLM_0007664,ACC_000412
CLM_0007665,ACC_000412
CLM_0007666,ACC_000412
CLM_0007667,ACC_000409
CLM_0007668,ACC_000409
CLM_0007669,ACC_000409
CLM_0007670,ACC_000910
CLM_0007671,ACC_000910
CLM_0007672,ACC_000872
CLM_0007673,ACC_000872
CLM_0007674,ACC_000060
CLM_0007675,ACC_001016
CLM_0007676,ACC_001016
CLM_0007677,ACC_001016
CLM_0007678,ACC_000760
CLM_0007679,ACC_000411
CLM_0007680,ACC_000411
CLM_0007681,ACC_001055
CLM_0007682,ACC_001055
CLM_0007683,ACC_000332
CLM_0007684,ACC_000332
CLM_0007685,ACC_000332
CLM_0007686,ACC_000412
CLM_0007687,ACC_000394
CLM_0007688,ACC_000394
CLM_0007689,ACC_000814
CLM_0007690,ACC_000814
CLM_0007691,ACC_000814
CLM_0007692,ACC_001015
CLM_0007693,ACC_000407
CLM_0007694,ACC_000407
CLM_0007695,ACC_000407
CLM_0007696,ACC_001054
CLM_0007697,ACC_001054
CLM_0007698,ACC_001138
CLM_0007699,ACC_001138
CLM_0007700,ACC_001138
CLM_0007701,ACC_000719
CLM_0007702,ACC_000639
CLM_0007703,ACC_001070
CLM_0007704,ACC_000727
CLM_0007705,ACC_000727
CLM_0007706,ACC_000727
CLM_0007707,ACC_001017
CLM_0007708,ACC_001017
CLM_0007709,ACC_000144
CLM_0007710,ACC_000144
CLM_0007711,ACC_000144
CLM_0007712,ACC_000332
CLM_0007713,ACC_000332
CLM_0007714,ACC_000332
CLM_0007715,ACC_000910
CLM_0007716,ACC_000910
CLM_0007717,ACC_000910
CLM_0007718,ACC_000911
CLM_0007719,ACC_000911
CLM_0007720,ACC_000911
CLM_0007721,ACC_000283
CLM_0007722,ACC_000283
CLM_0007723,ACC_000283
CLM_0007724,ACC_000084
CLM_0007725,ACC_000084
CLM_0007726,ACC_000517
CLM_0007727,ACC_000282
CLM_0007728,ACC_000282
CLM_0007729,ACC_000910
CLM_0007730,ACC_000642
CLM_0007731,ACC_000239
CLM_0007732,ACC_000239
CLM_0007733,ACC_000239
CLM_0007734,ACC_001017
CLM_0007735,ACC_001017
CLM_0007736,ACC_000411
CLM_0007737,ACC_000411
CLM_0007738,ACC_000283
CLM_0007739,ACC_000534
CLM_0007740,ACC_000534
CLM_0007741,ACC_000534
CLM_0007742,ACC_000906
CLM_0007743,ACC_000906
CLM_0007744,ACC_000119
CLM_0007745,ACC_000319
CLM_0007746,ACC_000319
CLM_0007747,ACC_000117
CLM_0007748,ACC_000311
CLM_0007749,ACC_000311
CLM_0007750,ACC_000311
CLM_0007751,ACC_000640
CLM_0007752,ACC_000640
CLM_0007753,ACC_000498
CLM_0007754,ACC_000498
CLM_0007755,ACC_000498
CLM_0007756,ACC_000332
CLM_0007757,ACC_000332
CLM_0007758,ACC_000910
CLM_0007759,ACC_000910
CLM_0007760,ACC_000043
CLM_0007761,ACC_000043
CLM_0007762,ACC_000282
CLM_0007763,ACC_001045
CLM_0007764,ACC_001072
CLM_0007765,ACC_000282
CLM_0007766,ACC_000282
CLM_0007767,ACC_000282
CLM_0007768,ACC_000407
CLM_0007769,ACC_000719
CLM_0007770,ACC_000719
CLM_0007771,ACC_001191
CLM_0007772,ACC_000143
CLM_0007773,ACC_000282
CLM_0007774,ACC_000333
CLM_0007775,ACC_000333
CLM_0007776,ACC_000953
CLM_0007777,ACC_000953
CLM_0007778,ACC_000953
CLM_0007779,ACC_000280
CLM_0007780,ACC_000280
CLM_0007781,ACC_000038
CLM_0007782,ACC_000038
CLM_0007783,ACC_000238
CLM_0007784,ACC_000238
CLM_0007785,ACC_000238
CLM_0007786,ACC_000172
CLM_0007787,ACC_000172
CLM_0007788,ACC_000984
CLM_0007789,ACC_000901
CLM_0007790,ACC_000901
CLM_0007791,ACC_000901
CLM_0007792,ACC_000642
CLM_0007793,ACC_000642
CLM_0007794,ACC_000642
CLM_0007795,ACC_000538
CLM_0007796,ACC_000538
CLM_0007797,ACC_000175
CLM_0007798,ACC_000175
CLM_0007799,ACC_000175
CLM_0007800,ACC_000293
CLM_0007801,ACC_000411
CLM_0007802,ACC_000411
CLM_0007803,ACC_000856
CLM_0007804,ACC_000856
CLM_0007805,ACC_001138
CLM_0007806,ACC_001138
CLM_0007807,ACC_001138
CLM_0007808,ACC_000283
CLM_0007809,ACC_000143
CLM_0007810,ACC_000410
CLM_0007811,ACC_000410
CLM_0007812,ACC_000410
CLM_0007813,ACC_000411
CLM_0007814,ACC_000411
CLM_0007815,ACC_000411
CLM_0007816,ACC_000144
CLM_0007817,ACC_000144
CLM_0007818,ACC_000003
CLM_0007819,ACC_000003
CLM_0007820,ACC_000003
CLM_0007821,ACC_000498
CLM_0007822,ACC_000498
CLM_0007823,ACC_000498
CLM_0007824,ACC_000518
CLM_0007825,ACC_000518
CLM_0007826,ACC_000518
CLM_0007827,ACC_000854
CLM_0007828,ACC_000854
CLM_0007829,ACC_000045
CLM_0007830,ACC_000045
CLM_0007831,ACC_000410
CLM_0007832,ACC_000410
CLM_0007833,ACC_000282
CLM_0007834,ACC_000083
CLM_0007835,ACC_000083
CLM_0007836,ACC_000083
CLM_0007837,ACC_000442
CLM_0007838,ACC_000442
CLM_0007839,ACC_000442
CLM_0007840,ACC_001077
CLM_0007841,ACC_000282
CLM_0007842,ACC_000282
CLM_0007843,ACC_000282
CLM_0007844,ACC_000282
CLM_0007845,ACC_000282
CLM_0007846,ACC_000020
CLM_0007847,ACC_000020
CLM_0007848,ACC_000020
CLM_0007849,ACC_001157
CLM_0007850,ACC_000283
CLM_0007851,ACC_000283
CLM_0007852,ACC_000283
CLM_0007853,ACC_001057
CLM_0007854,ACC_001057
CLM_0007855,ACC_000282
CLM_0007856,ACC_000282
CLM_0007857,ACC_000282
CLM_0007858,ACC_000010
CLM_0007859,ACC_000010
CLM_0007860,ACC_000984
CLM_0007861,ACC_000412
CLM_0007862,ACC_000144
CLM_0007863,ACC_000144
CLM_0007864,ACC_000855
CLM_0007865,ACC_000855
CLM_0007866,ACC_000814
CLM_0007867,ACC_000814
CLM_0007868,ACC_000814
CLM_0007869,ACC_000393
CLM_0007870,ACC_000393
CLM_0007871,ACC_000143
CLM_0007872,ACC_000143
CLM_0007873,ACC_000143
CLM_0007874,ACC_000769
CLM_0007875,ACC_000769
CLM_0007876,ACC_000769
CLM_0007877,ACC_000891
CLM_0007878,ACC_001138
CLM_0007879,ACC_001138
CLM_0007880,ACC_000043
CLM_0007881,ACC_000043
CLM_0007882,ACC_000937
CLM_0007883,ACC_000856
CLM_0007884,ACC_001076
CLM_0007885,ACC_001076
CLM_0007886,ACC_001076
CLM_0007887,ACC_000283
CLM_0007888,ACC_000045
CLM_0007889,ACC_000282
CLM_0007890,ACC_000282
CLM_0007891,ACC_000282
CLM_0007892,ACC_000270
CLM_0007893,ACC_000061
CLM_0007894,ACC_000061
CLM_0007895,ACC_000061
CLM_0007896,ACC_000516
CLM_0007897,ACC_000516
CLM_0007898,ACC_000127
CLM_0007899,ACC_000127
CLM_0007900,ACC_000282
CLM_0007901,ACC_000282
CLM_0007902,ACC_000567
CLM_0007903,ACC_000567
CLM_0007904,ACC_000567
CLM_0007905,ACC_001055
CLM_0007906,ACC_000044
CLM_0007907,ACC_000044
CLM_0007908,ACC_000044
CLM_0007909,ACC_000407
CLM_0007910,ACC_000407
CLM_0007911,ACC_000045
CLM_0007912,ACC_000045
CLM_0007913,ACC_000060
CLM_0007914,ACC_001138
CLM_0007915,ACC_000143
CLM_0007916,ACC_000143
CLM_0007917,ACC_000409
CLM_0007918,ACC_000280
CLM_0007919,ACC_000280
CLM_0007920,ACC_000280
CLM_0007921,ACC_000873
CLM_0007922,ACC_000873
CLM_0007923,ACC_000873
CLM_0007924,ACC_000020
CLM_0007925,ACC_000710
CLM_0007926,ACC_000710
CLM_0007927,ACC_000307
CLM_0007928,ACC_000410
CLM_0007929,ACC_000406
CLM_0007930,ACC_000406
CLM_0007931,ACC_000282
CLM_0007932,ACC_000408
CLM_0007933,ACC_000408
CLM_0007934,ACC_000408
CLM_0007935,ACC_000060
CLM_0007936,ACC_000060
CLM_0007937,ACC_000060
CLM_0007938,ACC_000905
CLM_0007939,ACC_000043
CLM_0007940,ACC_000043
CLM_0007941,ACC_000282
CLM_0007942,ACC_000282
CLM_0007943,ACC_000282
CLM_0007944,ACC_000491
CLM_0007945,ACC_000283
CLM_0007946,ACC_000283
CLM_0007947,ACC_000283
CLM_0007948,ACC_000408
CLM_0007949,ACC_000408
CLM_0007950,ACC_000438
CLM_0007951,ACC_000438
CLM_0007952,ACC_000438
CLM_0007953,ACC_000658
CLM_0007954,ACC_000856
CLM_0007955,ACC_000856
CLM_0007956,ACC_000856
CLM_0007957,ACC_000710
CLM_0007958,ACC_000814
CLM_0007959,ACC_000814
CLM_0007960,ACC_000814
CLM_0007961,ACC_000144
CLM_0007962,ACC_001058
CLM_0007963,ACC_001058
CLM_0007964,ACC_001058
CLM_0007965,ACC_000101
CLM_0007966,ACC_001138
CLM_0007967,ACC_000407
CLM_0007968,ACC_000407
CLM_0007969,ACC_000569
CLM_0007970,ACC_000569
CLM_0007971,ACC_000569
CLM_0007972,ACC_000282
CLM_0007973,ACC_000643
CLM_0007974,ACC_000643
CLM_0007975,ACC_000408
CLM_0007976,ACC_000408
CLM_0007977,ACC_000283
CLM_0007978,ACC_000283
CLM_0007979,ACC_000910
CLM_0007980,ACC_001158
CLM_0007981,ACC_000407
CLM_0007982,ACC_000407
CLM_0007983,ACC_000411
CLM_0007984,ACC_000411
CLM_0007985,ACC_000283
CLM_0007986,ACC_000283
CLM_0007987,ACC_000060
CLM_0007988,ACC_001191
CLM_0007989,ACC_000283
CLM_0007990,ACC_000283
CLM_0007991,ACC_000454
CLM_0007992,ACC_000454
CLM_0007993,ACC_000282
CLM_0007994,ACC_000061
CLM_0007995,ACC_000061
CLM_0007996,ACC_000282
CLM_0007997,ACC_000517
CLM_0007998,ACC_000517
CLM_0007999,ACC_000283
CLM_0008000,ACC_000283
CLM_0008001,ACC_000283
CLM_0008002,ACC_000239
CLM_0008003,ACC_000239
CLM_0008004,ACC_000463
CLM_0008005,ACC_000282
CLM_0008006,ACC_000101
CLM_0008007,ACC_000283
CLM_0008008,ACC_000282
CLM_0008009,ACC_000282
CLM_0008010,ACC_000321
CLM_0008011,ACC_000321
CLM_0008012,ACC_000799
CLM_0008013,ACC_000799
CLM_0008014,ACC_000044
CLM_0008015,ACC_000044
CLM_0008016,ACC_000044
CLM_0008017,ACC_000410
CLM_0008018,ACC_000410
CLM_0008019,ACC_000410
CLM_0008020,ACC_000282
CLM_0008021,ACC_000899
CLM_0008022,ACC_000899
CLM_0008023,ACC_000407
CLM_0008024,ACC_000407
CLM_0008025,ACC_000407
CLM_0008026,ACC_000153
CLM_0008027,ACC_000153
CLM_0008028,ACC_000752
CLM_0008029,ACC_000043
CLM_0008030,ACC_000498
CLM_0008031,ACC_000498
CLM_0008032,ACC_000498
CLM_0008033,ACC_000569
CLM_0008034,ACC_000569
CLM_0008035,ACC_000569
CLM_0008036,ACC_000910
CLM_0008037,ACC_000905
CLM_0008038,ACC_000905
CLM_0008039,ACC_000121
CLM_0008040,ACC_000121
CLM_0008041,ACC_000407
CLM_0008042,ACC_000407
CLM_0008043,ACC_001003
CLM_0008044,ACC_001003
CLM_0008045,ACC_001003
CLM_0008046,ACC_000773
CLM_0008047,ACC_000773
CLM_0008048,ACC_000773
CLM_0008049,ACC_000911
CLM_0008050,ACC_000910
CLM_0008051,ACC_000910
CLM_0008052,ACC_000910
CLM_0008053,ACC_000790
CLM_0008054,ACC_000790
CLM_0008055,ACC_000412
CLM_0008056,ACC_000273
CLM_0008057,ACC_000665
CLM_0008058,ACC_000472
CLM_0008059,ACC_000472
CLM_0008060,ACC_000626
CLM_0008061,ACC_000626
CLM_0008062,ACC_000626
CLM_0008063,ACC_000283
CLM_0008064,ACC_000283
CLM_0008065,ACC_000283
CLM_0008066,ACC_000498
CLM_0008067,ACC_000366
CLM_0008068,ACC_000366
CLM_0008069,ACC_000366
CLM_0008070,ACC_000016
CLM_0008071,ACC_000060
CLM_0008072,ACC_000060
CLM_0008073,ACC_000060
CLM_0008074,ACC_000412
CLM_0008075,ACC_000412
CLM_0008076,ACC_000045
CLM_0008077,ACC_000045
CLM_0008078,ACC_000280
CLM_0008079,ACC_000280
CLM_0008080,ACC_000280
CLM_0008081,ACC_000619
CLM_0008082,ACC_000619
CLM_0008083,ACC_000619
CLM_0008084,ACC_000412
CLM_0008085,ACC_000412
CLM_0008086,ACC_000412
CLM_0008087,ACC_000060
CLM_0008088,ACC_000060
CLM_0008089,ACC_000044
CLM_0008090,ACC_000044
CLM_0008091,ACC_000044
CLM_0008092,ACC_000062
CLM_0008093,ACC_000062
CLM_0008094,ACC_000061
CLM_0008095,ACC_000061
CLM_0008096,ACC_000020
CLM_0008097,ACC_000498
CLM_0008098,ACC_000061
CLM_0008099,ACC_000061
CLM_0008100,ACC_000061
CLM_0008101,ACC_000061
CLM_0008102,ACC_000408
CLM_0008103,ACC_001054
CLM_0008104,ACC_001054
CLM_0008105,ACC_000320
CLM_0008106,ACC_000320
CLM_0008107,ACC_000283
CLM_0008108,ACC_000200
CLM_0008109,ACC_000238
CLM_0008110,ACC_000238
CLM_0008111,ACC_000534
CLM_0008112,ACC_001055
CLM_0008113,ACC_000813
CLM_0008114,ACC_000249
CLM_0008115,ACC_000249
CLM_0008116,ACC_000249
CLM_0008117,ACC_000060
CLM_0008118,ACC_000060
CLM_0008119,ACC_000056
CLM_0008120,ACC_000144
CLM_0008121,ACC_000144
CLM_0008122,ACC_000498
CLM_0008123,ACC_000498
CLM_0008124,ACC_000854
CLM_0008125,ACC_000854
CLM_0008126,ACC_000854
CLM_0008127,ACC_000282
CLM_0008128,ACC_000282
CLM_0008129,ACC_000282
CLM_0008130,ACC_000911
CLM_0008131,ACC_000855
CLM_0008132,ACC_001072
CLM_0008133,ACC_001072
CLM_0008134,ACC_000410
CLM_0008135,ACC_000282
CLM_0008136,ACC_001024
CLM_0008137,ACC_001024
CLM_0008138,ACC_001024
CLM_0008139,ACC_001016
CLM_0008140,ACC_001016
CLM_0008141,ACC_001016
CLM_0008142,ACC_000911
CLM_0008143,ACC_000911
CLM_0008144,ACC_000748
CLM_0008145,ACC_000043
CLM_0008146,ACC_000408
CLM_0008147,ACC_000408
CLM_0008148,ACC_000411
CLM_0008149,ACC_000411
CLM_0008150,ACC_000408
CLM_0008151,ACC_000408
CLM_0008152,ACC_000408
CLM_0008153,ACC_000748
CLM_0008154,ACC_000748
CLM_0008155,ACC_000748
CLM_0008156,ACC_000129
CLM_0008157,ACC_000129
CLM_0008158,ACC_000936
CLM_0008159,ACC_000936
CLM_0008160,ACC_000779
CLM_0008161,ACC_000421
CLM_0008162,ACC_000421
CLM_0008163,ACC_000421
CLM_0008164,ACC_001109
CLM_0008165,ACC_001109
CLM_0008166,ACC_001109
CLM_0008167,ACC_001076
CLM_0008168,ACC_001076
CLM_0008169,ACC_001076
CLM_0008170,ACC_000814
CLM_0008171,ACC_001054
CLM_0008172,ACC_001054
CLM_0008173,ACC_000408
CLM_0008174,ACC_000408
CLM_0008175,ACC_000408
CLM_0008176,ACC_000813
CLM_0008177,ACC_001055
CLM_0008178,ACC_000210
CLM_0008179,ACC_000210
CLM_0008180,ACC_000210
CLM_0008181,ACC_001057
CLM_0008182,ACC_001057
CLM_0008183,ACC_000843
CLM_0008184,ACC_000843
CLM_0008185,ACC_000393
CLM_0008186,ACC_000393
CLM_0008187,ACC_000393
CLM_0008188,ACC_000831
CLM_0008189,ACC_000906
CLM_0008190,ACC_000906
CLM_0008191,ACC_000409
CLM_0008192,ACC_000409
CLM_0008193,ACC_001070
CLM_0008194,ACC_001070
CLM_0008195,ACC_001057
CLM_0008196,ACC_001057
CLM_0008197,ACC_000709
CLM_0008198,ACC_001095
CLM_0008199,ACC_001095
CLM_0008200,ACC_001017
CLM_0008201,ACC_001017
CLM_0008202,ACC_001017
CLM_0008203,ACC_000282
CLM_0008204,ACC_000813
CLM_0008205,ACC_000813
CLM_0008206,ACC_001196
CLM_0008207,ACC_001196
CLM_0008208,ACC_001196
CLM_0008209,ACC_000283
CLM_0008210,ACC_000283
CLM_0008211,ACC_000283
CLM_0008212,ACC_000043
CLM_0008213,ACC_000043
CLM_0008214,ACC_000955
CLM_0008215,ACC_000873
CLM_0008216,ACC_000873
CLM_0008217,ACC_000873
CLM_0008218,ACC_000518
CLM_0008219,ACC_000238
CLM_0008220,ACC_000238
CLM_0008221,ACC_000238
CLM_0008222,ACC_000569
CLM_0008223,ACC_000569
CLM_0008224,ACC_000569
CLM_0008225,ACC_000408
CLM_0008226,ACC_000283
CLM_0008227,ACC_000283
CLM_0008228,ACC_000283
CLM_0008229,ACC_000282
CLM_0008230,ACC_000282
CLM_0008231,ACC_000282
CLM_0008232,ACC_000282
CLM_0008233,ACC_000282
CLM_0008234,ACC_000813
CLM_0008235,ACC_000910
CLM_0008236,ACC_000910
CLM_0008237,ACC_000910
CLM_0008238,ACC_000061
CLM_0008239,ACC_000919
CLM_0008240,ACC_000283
CLM_0008241,ACC_000441
CLM_0008242,ACC_000411
CLM_0008243,ACC_000282
CLM_0008244,ACC_000813
CLM_0008245,ACC_000813
CLM_0008246,ACC_000239
CLM_0008247,ACC_000117
CLM_0008248,ACC_000117
CLM_0008249,ACC_000143
CLM_0008250,ACC_000143
CLM_0008251,ACC_000143
CLM_0008252,ACC_000060
CLM_0008253,ACC_000060
CLM_0008254,ACC_000060
CLM_0008255,ACC_000283
CLM_0008256,ACC_000283
CLM_0008257,ACC_000282
CLM_0008258,ACC_000282
CLM_0008259,ACC_000282
CLM_0008260,ACC_000911
CLM_0008261,ACC_000911
CLM_0008262,ACC_000409
CLM_0008263,ACC_000409
CLM_0008264,ACC_000409
CLM_0008265,ACC_000855
CLM_0008266,ACC_000855
CLM_0008267,ACC_000703
CLM_0008268,ACC_000703
CLM_0008269,ACC_000283
CLM_0008270,ACC_000191
CLM_0008271,ACC_000409
CLM_0008272,ACC_000409
CLM_0008273,ACC_000331
CLM_0008274,ACC_000331
CLM_0008275,ACC_000408
CLM_0008276,ACC_000408
CLM_0008277,ACC_000331
CLM_0008278,ACC_000331
CLM_0008279,ACC_000331
CLM_0008280,ACC_000565
CLM_0008281,ACC_000565
CLM_0008282,ACC_000565
CLM_0008283,ACC_001188
CLM_0008284,ACC_000813
CLM_0008285,ACC_000813
CLM_0008286,ACC_000813
CLM_0008287,ACC_000143
CLM_0008288,ACC_000143
CLM_0008289,ACC_000331
CLM_0008290,ACC_000464
CLM_0008291,ACC_000464
CLM_0008292,ACC_000282
CLM_0008293,ACC_000877
CLM_0008294,ACC_000877
CLM_0008295,ACC_000899
CLM_0008296,ACC_000899
CLM_0008297,ACC_000292
CLM_0008298,ACC_000292
CLM_0008299,ACC_000292
CLM_0008300,ACC_001076
CLM_0008301,ACC_001076
CLM_0008302,ACC_001076
CLM_0008303,ACC_000200
CLM_0008304,ACC_001055
CLM_0008305,ACC_001055
CLM_0008306,ACC_001055
CLM_0008307,ACC_000283
CLM_0008308,ACC_000407
CLM_0008309,ACC_000407
CLM_0008310,ACC_000407
CLM_0008311,ACC_000283
CLM_0008312,ACC_000283
CLM_0008313,ACC_000808
CLM_0008314,ACC_000813
CLM_0008315,ACC_000364
CLM_0008316,ACC_000364
CLM_0008317,ACC_000364
CLM_0008318,ACC_000282
CLM_0008319,ACC_000282
CLM_0008320,ACC_000282
CLM_0008321,ACC_000043
CLM_0008322,ACC_000043
CLM_0008323,ACC_000171
CLM_0008324,ACC_000171
CLM_0008325,ACC_001038
CLM_0008326,ACC_000854
CLM_0008327,ACC_000854
CLM_0008328,ACC_000710
CLM_0008329,ACC_000710
CLM_0008330,ACC_001054
CLM_0008331,ACC_001054
CLM_0008332,ACC_001054
CLM_0008333,ACC_000411
CLM_0008334,ACC_000411
CLM_0008335,ACC_000411
CLM_0008336,ACC_000569
CLM_0008337,ACC_000117
CLM_0008338,ACC_000117
CLM_0008339,ACC_000854
CLM_0008340,ACC_000409
CLM_0008341,ACC_001138
CLM_0008342,ACC_001138
CLM_0008343,ACC_000060
CLM_0008344,ACC_000716
CLM_0008345,ACC_000716
CLM_0008346,ACC_000282
CLM_0008347,ACC_000282
CLM_0008348,ACC_000333
CLM_0008349,ACC_000333
CLM_0008350,ACC_000333
CLM_0008351,ACC_000516
CLM_0008352,ACC_000910
CLM_0008353,ACC_000117
CLM_0008354,ACC_001114
CLM_0008355,ACC_000060
CLM_0008356,ACC_000060
CLM_0008357,ACC_000282
CLM_0008358,ACC_000710
CLM_0008359,ACC_000710
CLM_0008360,ACC_000710
CLM_0008361,ACC_000061
CLM_0008362,ACC_000412
CLM_0008363,ACC_000282
CLM_0008364,ACC_000321
CLM_0008365,ACC_000321
CLM_0008366,ACC_000348
CLM_0008367,ACC_000348
CLM_0008368,ACC_000557
CLM_0008369,ACC_000557
CLM_0008370,ACC_000854
CLM_0008371,ACC_000854
CLM_0008372,ACC_000044
CLM_0008373,ACC_000813
CLM_0008374,ACC_000748
CLM_0008375,ACC_000748
CLM_0008376,ACC_000748
CLM_0008377,ACC_000911
CLM_0008378,ACC_000911
CLM_0008379,ACC_000283
CLM_0008380,ACC_000412
CLM_0008381,ACC_000044
CLM_0008382,ACC_000044
CLM_0008383,ACC_000044
CLM_0008384,ACC_001179
CLM_0008385,ACC_001179
CLM_0008386,ACC_000060
CLM_0008387,ACC_000060
CLM_0008388,ACC_000060
CLM_0008389,ACC_000283
CLM_0008390,ACC_000283
CLM_0008391,ACC_000408
CLM_0008392,ACC_000286
CLM_0008393,ACC_000286
CLM_0008394,ACC_000813
CLM_0008395,ACC_000282
CLM_0008396,ACC_000282
CLM_0008397,ACC_000856
CLM_0008398,ACC_000856
CLM_0008399,ACC_000282
CLM_0008400,ACC_000873
CLM_0008401,ACC_000045
CLM_0008402,ACC_001191
CLM_0008403,ACC_001191
CLM_0008404,ACC_000194
CLM_0008405,ACC_000194
CLM_0008406,ACC_000203
CLM_0008407,ACC_000203
CLM_0008408,ACC_001094
CLM_0008409,ACC_001094
CLM_0008410,ACC_001094
CLM_0008411,ACC_000044
CLM_0008412,ACC_000044
CLM_0008413,ACC_000044
CLM_0008414,ACC_000118
CLM_0008415,ACC_000410
CLM_0008416,ACC_000410
CLM_0008417,ACC_000602
CLM_0008418,ACC_000641
CLM_0008419,ACC_000172
CLM_0008420,ACC_000172
CLM_0008421,ACC_000172
CLM_0008422,ACC_001138
CLM_0008423,ACC_001138
CLM_0008424,ACC_001095
CLM_0008425,ACC_000743
CLM_0008426,ACC_000743
CLM_0008427,ACC_000407
CLM_0008428,ACC_000407
CLM_0008429,ACC_000407
CLM_0008430,ACC_000407
CLM_0008431,ACC_000407
CLM_0008432,ACC_000283
CLM_0008433,ACC_000956
CLM_0008434,ACC_001054
CLM_0008435,ACC_000094
CLM_0008436,ACC_000094
CLM_0008437,ACC_000094
CLM_0008438,ACC_001054
CLM_0008439,ACC_000855
CLM_0008440,ACC_000855
CLM_0008441,ACC_000211
CLM_0008442,ACC_000211
CLM_0008443,ACC_000211
CLM_0008444,ACC_000408
CLM_0008445,ACC_000408
CLM_0008446,ACC_000408
CLM_0008447,ACC_000707
CLM_0008448,ACC_000707
CLM_0008449,ACC_000320
CLM_0008450,ACC_000320
CLM_0008451,ACC_000320
CLM_0008452,ACC_000282
CLM_0008453,ACC_000282
CLM_0008454,ACC_000282
CLM_0008455,ACC_000283
CLM_0008456,ACC_000283
CLM_0008457,ACC_000283
CLM_0008458,ACC_000408
CLM_0008459,ACC_000408
CLM_0008460,ACC_000060
CLM_0008461,ACC_000060
CLM_0008462,ACC_000060
CLM_0008463,ACC_000166
CLM_0008464,ACC_000060
CLM_0008465,ACC_000060
CLM_0008466,ACC_000060
CLM_0008467,ACC_000060
CLM_0008468,ACC_000060
CLM_0008469,ACC_000061
CLM_0008470,ACC_000333
CLM_0008471,ACC_000333
CLM_0008472,ACC_000333
CLM_0008473,ACC_000060
CLM_0008474,ACC_000814
CLM_0008475,ACC_000282
CLM_0008476,ACC_000060
CLM_0008477,ACC_001056
CLM_0008478,ACC_000844
CLM_0008479,ACC_000716
CLM_0008480,ACC_000716
CLM_0008481,ACC_000716
CLM_0008482,ACC_000910
CLM_0008483,ACC_000144
CLM_0008484,ACC_000061
CLM_0008485,ACC_000061
CLM_0008486,ACC_000061
CLM_0008487,ACC_001058
CLM_0008488,ACC_000795
CLM_0008489,ACC_000321
CLM_0008490,ACC_000321
CLM_0008491,ACC_000321
CLM_0008492,ACC_001044
CLM_0008493,ACC_001044
CLM_0008494,ACC_001044
CLM_0008495,ACC_001127
CLM_0008496,ACC_001127
CLM_0008497,ACC_001127
CLM_0008498,ACC_000410
CLM_0008499,ACC_000410
CLM_0008500,ACC_000282
CLM_0008501,ACC_000282
CLM_0008502,ACC_000407
CLM_0008503,ACC_000283
CLM_0008504,ACC_000283
CLM_0008505,ACC_000283
CLM_0008506,ACC_000012
CLM_0008507,ACC_000012
CLM_0008508,ACC_000012
CLM_0008509,ACC_000283
CLM_0008510,ACC_000173
CLM_0008511,ACC_000823
CLM_0008512,ACC_000831
CLM_0008513,ACC_000831
CLM_0008514,ACC_000831
CLM_0008515,ACC_000239
CLM_0008516,ACC_000239
CLM_0008517,ACC_001077
CLM_0008518,ACC_001077
CLM_0008519,ACC_001077
CLM_0008520,ACC_000332
CLM_0008521,ACC_000332
CLM_0008522,ACC_000332
CLM_0008523,ACC_000872
CLM_0008524,ACC_000872
CLM_0008525,ACC_000872
CLM_0008526,ACC_000808
CLM_0008527,ACC_000808
CLM_0008528,ACC_000808
CLM_0008529,ACC_000409
CLM_0008530,ACC_000061
CLM_0008531,ACC_000061
CLM_0008532,ACC_000239
CLM_0008533,ACC_000410
CLM_0008534,ACC_000640
CLM_0008535,ACC_000640
CLM_0008536,ACC_000045
CLM_0008537,ACC_000045
CLM_0008538,ACC_000045
CLM_0008539,ACC_000814
CLM_0008540,ACC_000814
CLM_0008541,ACC_000045
CLM_0008542,ACC_000407
CLM_0008543,ACC_000407
CLM_0008544,ACC_000771
CLM_0008545,ACC_000771
CLM_0008546,ACC_001015
CLM_0008547,ACC_001015
CLM_0008548,ACC_001015
CLM_0008549,ACC_001088
CLM_0008550,ACC_000407
CLM_0008551,ACC_000407
CLM_0008552,ACC_000911
CLM_0008553,ACC_000911
CLM_0008554,ACC_000911
CLM_0008555,ACC_000380
CLM_0008556,ACC_000563
CLM_0008557,ACC_000873
CLM_0008558,ACC_000873
CLM_0008559,ACC_000282
CLM_0008560,ACC_000282
CLM_0008561,ACC_000319
CLM_0008562,ACC_000319
CLM_0008563,ACC_000319
CLM_0008564,ACC_000953
CLM_0008565,ACC_000144
CLM_0008566,ACC_000411
CLM_0008567,ACC_000192
CLM_0008568,ACC_000408
CLM_0008569,ACC_000408
CLM_0008570,ACC_000408
CLM_0008571,ACC_000798
CLM_0008572,ACC_000798
CLM_0008573,ACC_000283
CLM_0008574,ACC_000283
CLM_0008575,ACC_000813
CLM_0008576,ACC_000283
CLM_0008577,ACC_000407
CLM_0008578,ACC_000407
CLM_0008579,ACC_000407
CLM_0008580,ACC_000408
CLM_0008581,ACC_000409
CLM_0008582,ACC_000409
CLM_0008583,ACC_000043
CLM_0008584,ACC_000043
CLM_0008585,ACC_000319
CLM_0008586,ACC_000319
CLM_0008587,ACC_000319
CLM_0008588,ACC_000412
CLM_0008589,ACC_000412
CLM_0008590,ACC_000880
CLM_0008591,ACC_000880
CLM_0008592,ACC_000061
CLM_0008593,ACC_000061
CLM_0008594,ACC_000044
CLM_0008595,ACC_000044
CLM_0008596,ACC_000282
CLM_0008597,ACC_000307
CLM_0008598,ACC_000307
CLM_0008599,ACC_000307
CLM_0008600,ACC_000061
CLM_0008601,ACC_000283
CLM_0008602,ACC_000283
CLM_0008603,ACC_000283
CLM_0008604,ACC_000572
CLM_0008605,ACC_000572
CLM_0008606,ACC_000282
CLM_0008607,ACC_000287
CLM_0008608,ACC_000287
CLM_0008609,ACC_000117
CLM_0008610,ACC_000060
CLM_0008611,ACC_000060
CLM_0008612,ACC_001138
CLM_0008613,ACC_001138
CLM_0008614,ACC_001138
CLM_0008615,ACC_000218
CLM_0008616,ACC_000218
CLM_0008617,ACC_000408
CLM_0008618,ACC_000408
CLM_0008619,ACC_000910
CLM_0008620,ACC_000910
CLM_0008621,ACC_001084
CLM_0008622,ACC_001084
CLM_0008623,ACC_001084
CLM_0008624,ACC_000043
CLM_0008625,ACC_000043
CLM_0008626,ACC_000359
CLM_0008627,ACC_000359
CLM_0008628,ACC_000359
CLM_0008629,ACC_000779
CLM_0008630,ACC_000779
CLM_0008631,ACC_000373
CLM_0008632,ACC_000373
CLM_0008633,ACC_000117
CLM_0008634,ACC_000905
CLM_0008635,ACC_000905
CLM_0008636,ACC_000905
CLM_0008637,ACC_000094
CLM_0008638,ACC_000094
CLM_0008639,ACC_000094
CLM_0008640,ACC_000045
CLM_0008641,ACC_000832
CLM_0008642,ACC_000117
CLM_0008643,ACC_000117
CLM_0008644,ACC_000340
CLM_0008645,ACC_000130
CLM_0008646,ACC_000043
CLM_0008647,ACC_000043
CLM_0008648,ACC_000926
CLM_0008649,ACC_000926
CLM_0008650,ACC_000926
CLM_0008651,ACC_000409
CLM_0008652,ACC_000409
CLM_0008653,ACC_000956
CLM_0008654,ACC_000956
CLM_0008655,ACC_000956
CLM_0008656,ACC_000044
CLM_0008657,ACC_000044
CLM_0008658,ACC_000044
CLM_0008659,ACC_000403
CLM_0008660,ACC_000403
CLM_0008661,ACC_000910
CLM_0008662,ACC_000856
CLM_0008663,ACC_000856
CLM_0008664,ACC_000412
CLM_0008665,ACC_000412
CLM_0008666,ACC_000797
CLM_0008667,ACC_000797
CLM_0008668,ACC_000797
CLM_0008669,ACC_001201
CLM_0008670,ACC_001201
CLM_0008671,ACC_000280
CLM_0008672,ACC_000280
CLM_0008673,ACC_000280
CLM_0008674,ACC_000283
CLM_0008675,ACC_000910
CLM_0008676,ACC_000910
CLM_0008677,ACC_000855
CLM_0008678,ACC_000855
CLM_0008679,ACC_000912
CLM_0008680,ACC_000912
CLM_0008681,ACC_000912
CLM_0008682,ACC_000517
CLM_0008683,ACC_000517
CLM_0008684,ACC_000517
CLM_0008685,ACC_000117
CLM_0008686,ACC_000410
CLM_0008687,ACC_000410
CLM_0008688,ACC_000407
CLM_0008689,ACC_000407
CLM_0008690,ACC_000410
CLM_0008691,ACC_000410
CLM_0008692,ACC_001016
CLM_0008693,ACC_001016
CLM_0008694,ACC_000813
CLM_0008695,ACC_000282
CLM_0008696,ACC_000282
CLM_0008697,ACC_000282
CLM_0008698,ACC_000856
CLM_0008699,ACC_000856
CLM_0008700,ACC_001071
CLM_0008701,ACC_001071
CLM_0008702,ACC_001071
CLM_0008703,ACC_000813
CLM_0008704,ACC_000813
CLM_0008705,ACC_000394
CLM_0008706,ACC_000518
CLM_0008707,ACC_000518
CLM_0008708,ACC_000516
CLM_0008709,ACC_000516
CLM_0008710,ACC_000516
CLM_0008711,ACC_000411
CLM_0008712,ACC_000283
CLM_0008713,ACC_000283
CLM_0008714,ACC_000283
CLM_0008715,ACC_000854
CLM_0008716,ACC_001120
CLM_0008717,ACC_001120
CLM_0008718,ACC_000854
CLM_0008719,ACC_000854
CLM_0008720,ACC_000854
CLM_0008721,ACC_001076
CLM_0008722,ACC_000573
CLM_0008723,ACC_000573
CLM_0008724,ACC_000573
CLM_0008725,ACC_000060
CLM_0008726,ACC_000061
CLM_0008727,ACC_000061
CLM_0008728,ACC_000133
CLM_0008729,ACC_000060
CLM_0008730,ACC_000060
CLM_0008731,ACC_000013
CLM_0008732,ACC_000319
CLM_0008733,ACC_000319
CLM_0008734,ACC_000534
CLM_0008735,ACC_000534
CLM_0008736,ACC_000045
CLM_0008737,ACC_001076
CLM_0008738,ACC_000498
CLM_0008739,ACC_000498
CLM_0008740,ACC_000959
CLM_0008741,ACC_000911
CLM_0008742,ACC_000911
CLM_0008743,ACC_000412
CLM_0008744,ACC_000412
CLM_0008745,ACC_000641
CLM_0008746,ACC_000641
CLM_0008747,ACC_000856
CLM_0008748,ACC_000856
CLM_0008749,ACC_000856
CLM_0008750,ACC_000910
CLM_0008751,ACC_000282
CLM_0008752,ACC_000282
CLM_0008753,ACC_000282
CLM_0008754,ACC_000409
CLM_0008755,ACC_000409
CLM_0008756,ACC_000411
CLM_0008757,ACC_000411
CLM_0008758,ACC_000411
CLM_0008759,ACC_000565
CLM_0008760,ACC_000565
CLM_0008761,ACC_001076
CLM_0008762,ACC_001076
CLM_0008763,ACC_000854
CLM_0008764,ACC_000044
CLM_0008765,ACC_000409
CLM_0008766,ACC_000409
CLM_0008767,ACC_000061
CLM_0008768,ACC_000061
CLM_0008769,ACC_000061
CLM_0008770,ACC_000143
CLM_0008771,ACC_000143
CLM_0008772,ACC_001166
CLM_0008773,ACC_001055
CLM_0008774,ACC_000813
CLM_0008775,ACC_000813
CLM_0008776,ACC_000813
CLM_0008777,ACC_000960
CLM_0008778,ACC_000960
CLM_0008779,ACC_000333
CLM_0008780,ACC_000333
CLM_0008781,ACC_000333
CLM_0008782,ACC_000552
CLM_0008783,ACC_000552
CLM_0008784,ACC_000280
CLM_0008785,ACC_000280
CLM_0008786,ACC_000280
CLM_0008787,ACC_000710
CLM_0008788,ACC_000590
CLM_0008789,ACC_000590
CLM_0008790,ACC_000868
CLM_0008791,ACC_000412
CLM_0008792,ACC_000060
CLM_0008793,ACC_000060
CLM_0008794,ACC_000498
CLM_0008795,ACC_000498
CLM_0008796,ACC_001074
CLM_0008797,ACC_001074
CLM_0008798,ACC_000061
CLM_0008799,ACC_000205
CLM_0008800,ACC_000205
CLM_0008801,ACC_000205
CLM_0008802,ACC_000322
CLM_0008803,ACC_000408
CLM_0008804,ACC_000408
CLM_0008805,ACC_000408
CLM_0008806,ACC_000813
CLM_0008807,ACC_000813
CLM_0008808,ACC_000813
CLM_0008809,ACC_000174
CLM_0008810,ACC_000174
CLM_0008811,ACC_000814
CLM_0008812,ACC_000814
CLM_0008813,ACC_000814
CLM_0008814,ACC_000282
CLM_0008815,ACC_000333
CLM_0008816,ACC_000333
CLM_0008817,ACC_000333
CLM_0008818,ACC_000172
CLM_0008819,ACC_000498
CLM_0008820,ACC_000960
CLM_0008821,ACC_000283
CLM_0008822,ACC_000283
CLM_0008823,ACC_000880
CLM_0008824,ACC_000880
CLM_0008825,ACC_000843
CLM_0008826,ACC_000566
CLM_0008827,ACC_000566
CLM_0008828,ACC_000566
CLM_0008829,ACC_000282
CLM_0008830,ACC_000282
CLM_0008831,ACC_000282
CLM_0008832,ACC_000060
CLM_0008833,ACC_000856
CLM_0008834,ACC_000856
CLM_0008835,ACC_000044
CLM_0008836,ACC_000044
CLM_0008837,ACC_000044
CLM_0008838,ACC_000910
CLM_0008839,ACC_000910
CLM_0008840,ACC_000910
CLM_0008841,ACC_000084
CLM_0008842,ACC_000172
CLM_0008843,ACC_000544
CLM_0008844,ACC_000544
CLM_0008845,ACC_000031
CLM_0008846,ACC_000031
CLM_0008847,ACC_000031
CLM_0008848,ACC_001058
CLM_0008849,ACC_001058
CLM_0008850,ACC_001058
CLM_0008851,ACC_001015
CLM_0008852,ACC_001015
CLM_0008853,ACC_000282
CLM_0008854,ACC_000282
CLM_0008855,ACC_000282
CLM_0008856,ACC_001076
CLM_0008857,ACC_001088
CLM_0008858,ACC_001088
CLM_0008859,ACC_001015
CLM_0008860,ACC_000461
CLM_0008861,ACC_000283
CLM_0008862,ACC_000283
CLM_0008863,ACC_000283
CLM_0008864,ACC_000060
CLM_0008865,ACC_000060
CLM_0008866,ACC_000640
CLM_0008867,ACC_000640
CLM_0008868,ACC_001138
CLM_0008869,ACC_001138
CLM_0008870,ACC_001138
CLM_0008871,ACC_000176
CLM_0008872,ACC_000176
CLM_0008873,ACC_000710
CLM_0008874,ACC_000710
CLM_0008875,ACC_000710
CLM_0008876,ACC_000411
CLM_0008877,ACC_000411
CLM_0008878,ACC_000855
CLM_0008879,ACC_000061
CLM_0008880,ACC_000171
CLM_0008881,ACC_000171
CLM_0008882,ACC_000082
CLM_0008883,ACC_000082
CLM_0008884,ACC_000573
CLM_0008885,ACC_000573
CLM_0008886,ACC_001076
CLM_0008887,ACC_001076
CLM_0008888,ACC_001138
CLM_0008889,ACC_001138
CLM_0008890,ACC_000060
CLM_0008891,ACC_001076
CLM_0008892,ACC_001076
CLM_0008893,ACC_001076
CLM_0008894,ACC_000517
CLM_0008895,ACC_000517
CLM_0008896,ACC_000517
CLM_0008897,ACC_000813
CLM_0008898,ACC_000061
CLM_0008899,ACC_000061
CLM_0008900,ACC_000283
CLM_0008901,ACC_000283
CLM_0008902,ACC_000283
CLM_0008903,ACC_000003
CLM_0008904,ACC_000003
CLM_0008905,ACC_000003
CLM_0008906,ACC_000205
CLM_0008907,ACC_000205
CLM_0008908,ACC_000205
CLM_0008909,ACC_000282
CLM_0008910,ACC_001088
CLM_0008911,ACC_001088
CLM_0008912,ACC_001088
CLM_0008913,ACC_000044
CLM_0008914,ACC_000239
CLM_0008915,ACC_000239
CLM_0008916,ACC_000239
CLM_0008917,ACC_000283
CLM_0008918,ACC_001076
CLM_0008919,ACC_001076
CLM_0008920,ACC_000412
CLM_0008921,ACC_000602
CLM_0008922,ACC_000137
CLM_0008923,ACC_000137
CLM_0008924,ACC_000283
CLM_0008925,ACC_000283
CLM_0008926,ACC_000283
CLM_0008927,ACC_000332
CLM_0008928,ACC_000332
CLM_0008929,ACC_000332
CLM_0008930,ACC_000332
CLM_0008931,ACC_000193
CLM_0008932,ACC_000445
CLM_0008933,ACC_000445
CLM_0008934,ACC_000445
CLM_0008935,ACC_000143
CLM_0008936,ACC_000143
CLM_0008937,ACC_000411
CLM_0008938,ACC_000411
CLM_0008939,ACC_000411
CLM_0008940,ACC_000020
CLM_0008941,ACC_000114
CLM_0008942,ACC_000855
CLM_0008943,ACC_000407
CLM_0008944,ACC_000407
CLM_0008945,ACC_001138
CLM_0008946,ACC_001138
CLM_0008947,ACC_000410
CLM_0008948,ACC_000410
CLM_0008949,ACC_000410
CLM_0008950,ACC_000832
CLM_0008951,ACC_000282
CLM_0008952,ACC_000282
CLM_0008953,ACC_001058
CLM_0008954,ACC_000319
CLM_0008955,ACC_000319
CLM_0008956,ACC_000319
CLM_0008957,ACC_000482
CLM_0008958,ACC_000144
CLM_0008959,ACC_000144
CLM_0008960,ACC_000144
CLM_0008961,ACC_001076
CLM_0008962,ACC_000498
CLM_0008963,ACC_000498
CLM_0008964,ACC_000283
CLM_0008965,ACC_000283
CLM_0008966,ACC_000043
CLM_0008967,ACC_000044
CLM_0008968,ACC_000283
CLM_0008969,ACC_000283
CLM_0008970,ACC_000498
CLM_0008971,ACC_000043
CLM_0008972,ACC_000043
CLM_0008973,ACC_000043
CLM_0008974,ACC_000407
CLM_0008975,ACC_000396
CLM_0008976,ACC_000396
CLM_0008977,ACC_000396
CLM_0008978,ACC_000498
CLM_0008979,ACC_000498
CLM_0008980,ACC_000498
CLM_0008981,ACC_001076
CLM_0008982,ACC_000061
CLM_0008983,ACC_000061
CLM_0008984,ACC_000061
CLM_0008985,ACC_001003
CLM_0008986,ACC_000410
CLM_0008987,ACC_000410
CLM_0008988,ACC_001016
CLM_0008989,ACC_000282
CLM_0008990,ACC_000282
CLM_0008991,ACC_000282
CLM_0008992,ACC_000282
CLM_0008993,ACC_000282
CLM_0008994,ACC_000282
CLM_0008995,ACC_000044
CLM_0008996,ACC_000044
CLM_0008997,ACC_000044
CLM_0008998,ACC_000239
CLM_0008999,ACC_000855
CLM_0009000,ACC_000855
CLM_0009001,ACC_000943
CLM_0009002,ACC_000943
CLM_0009003,ACC_000910
CLM_0009004,ACC_000586
CLM_0009005,ACC_000586
CLM_0009006,ACC_000060
CLM_0009007,ACC_000060
CLM_0009008,ACC_000060
CLM_0009009,ACC_000282
CLM_0009010,ACC_000282
CLM_0009011,ACC_000282
CLM_0009012,ACC_000061
CLM_0009013,ACC_000061
CLM_0009014,ACC_000061
CLM_0009015,ACC_000060
CLM_0009016,ACC_000060
CLM_0009017,ACC_000060
CLM_0009018,ACC_001054
CLM_0009019,ACC_001054
CLM_0009020,ACC_001054
CLM_0009021,ACC_000408
CLM_0009022,ACC_000872
CLM_0009023,ACC_000872
CLM_0009024,ACC_000464
CLM_0009025,ACC_000464
CLM_0009026,ACC_000283
CLM_0009027,ACC_000412
CLM_0009028,ACC_000061
CLM_0009029,ACC_000061
CLM_0009030,ACC_000061
CLM_0009031,ACC_000809
CLM_0009032,ACC_000809
CLM_0009033,ACC_000144
CLM_0009034,ACC_000144
CLM_0009035,ACC_000211
CLM_0009036,ACC_000043
CLM_0009037,ACC_000283
CLM_0009038,ACC_001113
CLM_0009039,ACC_001113
CLM_0009040,ACC_001057
CLM_0009041,ACC_001057
CLM_0009042,ACC_001057
CLM_0009043,ACC_000412
CLM_0009044,ACC_000412
CLM_0009045,ACC_000749
CLM_0009046,ACC_000283
CLM_0009047,ACC_000283
CLM_0009048,ACC_000043
CLM_0009049,ACC_000043
CLM_0009050,ACC_000043
CLM_0009051,ACC_001150
CLM_0009052,ACC_001150
CLM_0009053,ACC_000407
CLM_0009054,ACC_000407
CLM_0009055,ACC_000283
CLM_0009056,ACC_000144
CLM_0009057,ACC_000144
CLM_0009058,ACC_000144
CLM_0009059,ACC_001055
CLM_0009060,ACC_000144
CLM_0009061,ACC_000144
CLM_0009062,ACC_001054
CLM_0009063,ACC_001054
CLM_0009064,ACC_001054
CLM_0009065,ACC_000282
CLM_0009066,ACC_000044
CLM_0009067,ACC_000044
CLM_0009068,ACC_000044
CLM_0009069,ACC_000553
CLM_0009070,ACC_001076
CLM_0009071,ACC_001076
CLM_0009072,ACC_001076
CLM_0009073,ACC_000411
CLM_0009074,ACC_000411
CLM_0009075,ACC_000144
CLM_0009076,ACC_000283
CLM_0009077,ACC_000283
CLM_0009078,ACC_000283
CLM_0009079,ACC_000332
CLM_0009080,ACC_000282
CLM_0009081,ACC_000282
CLM_0009082,ACC_000023
CLM_0009083,ACC_000023
CLM_0009084,ACC_000023
CLM_0009085,ACC_000781
CLM_0009086,ACC_000781
CLM_0009087,ACC_000781
CLM_0009088,ACC_000911
CLM_0009089,ACC_000911
CLM_0009090,ACC_001148
CLM_0009091,ACC_001148
CLM_0009092,ACC_001148
CLM_0009093,ACC_000082
CLM_0009094,ACC_000082
CLM_0009095,ACC_000082
CLM_0009096,ACC_000397
CLM_0009097,ACC_000397
CLM_0009098,ACC_000407
CLM_0009099,ACC_000407
CLM_0009100,ACC_000410
CLM_0009101,ACC_000410
CLM_0009102,ACC_000411
CLM_0009103,ACC_000411
CLM_0009104,ACC_000043
CLM_0009105,ACC_000043
CLM_0009106,ACC_001179
CLM_0009107,ACC_000910
CLM_0009108,ACC_000910
CLM_0009109,ACC_000910
CLM_0009110,ACC_000043
CLM_0009111,ACC_000043
CLM_0009112,ACC_000043
CLM_0009113,ACC_000282
CLM_0009114,ACC_000282
CLM_0009115,ACC_000282
CLM_0009116,ACC_000410
CLM_0009117,ACC_000410
CLM_0009118,ACC_000659
CLM_0009119,ACC_000407
CLM_0009120,ACC_000407
CLM_0009121,ACC_000564
CLM_0009122,ACC_000564
CLM_0009123,ACC_000564
CLM_0009124,ACC_000856
CLM_0009125,ACC_000407
CLM_0009126,ACC_000407
CLM_0009127,ACC_000813
CLM_0009128,ACC_000813
CLM_0009129,ACC_000813
CLM_0009130,ACC_000060
CLM_0009131,ACC_000100
CLM_0009132,ACC_000100
CLM_0009133,ACC_000100
CLM_0009134,ACC_000205
CLM_0009135,ACC_000205
CLM_0009136,ACC_000205
CLM_0009137,ACC_000094
CLM_0009138,ACC_000094
CLM_0009139,ACC_000061
CLM_0009140,ACC_000061
CLM_0009141,ACC_000061
CLM_0009142,ACC_000910
CLM_0009143,ACC_000910
CLM_0009144,ACC_001017
CLM_0009145,ACC_001055
CLM_0009146,ACC_000814
CLM_0009147,ACC_000814
CLM_0009148,ACC_000814
CLM_0009149,ACC_000409
CLM_0009150,ACC_000409
CLM_0009151,ACC_000332
CLM_0009152,ACC_000332
CLM_0009153,ACC_001157
CLM_0009154,ACC_001157
CLM_0009155,ACC_000280
CLM_0009156,ACC_000407
CLM_0009157,ACC_000283
CLM_0009158,ACC_000283
CLM_0009159,ACC_000283
CLM_0009160,ACC_000192
CLM_0009161,ACC_000192
CLM_0009162,ACC_000307
CLM_0009163,ACC_000380
CLM_0009164,ACC_000380
CLM_0009165,ACC_000283
CLM_0009166,ACC_000911
CLM_0009167,ACC_000282
CLM_0009168,ACC_000282
CLM_0009169,ACC_000319
CLM_0009170,ACC_000319
CLM_0009171,ACC_000319
CLM_0009172,ACC_000117
CLM_0009173,ACC_000117
CLM_0009174,ACC_000117
CLM_0009175,ACC_000747
CLM_0009176,ACC_000747
CLM_0009177,ACC_000747
CLM_0009178,ACC_000517
CLM_0009179,ACC_000517
CLM_0009180,ACC_000517
CLM_0009181,ACC_000612
CLM_0009182,ACC_000612
CLM_0009183,ACC_000612
CLM_0009184,ACC_001176
CLM_0009185,ACC_001176
CLM_0009186,ACC_001176
CLM_0009187,ACC_000043
CLM_0009188,ACC_000043
CLM_0009189,ACC_000043
CLM_0009190,ACC_000115
CLM_0009191,ACC_000115
CLM_0009192,ACC_000115
CLM_0009193,ACC_000045
CLM_0009194,ACC_001138
CLM_0009195,ACC_001138
CLM_0009196,ACC_001138
CLM_0009197,ACC_000408
CLM_0009198,ACC_000408
CLM_0009199,ACC_000282
CLM_0009200,ACC_000282
CLM_0009201,ACC_000249
CLM_0009202,ACC_000408
CLM_0009203,ACC_000408
CLM_0009204,ACC_000408
CLM_0009205,ACC_000641
CLM_0009206,ACC_000641
CLM_0009207,ACC_000283
CLM_0009208,ACC_000710
CLM_0009209,ACC_000143
CLM_0009210,ACC_000143
CLM_0009211,ACC_000143
CLM_0009212,ACC_000174
CLM_0009213,ACC_000518
CLM_0009214,ACC_000518
CLM_0009215,ACC_000518
CLM_0009216,ACC_000163
CLM_0009217,ACC_000283
CLM_0009218,ACC_000282
CLM_0009219,ACC_001017
CLM_0009220,ACC_000331
CLM_0009221,ACC_000331
CLM_0009222,ACC_001040
CLM_0009223,ACC_000283
CLM_0009224,ACC_000283
CLM_0009225,ACC_000283
CLM_0009226,ACC_001016
CLM_0009227,ACC_001016
CLM_0009228,ACC_000282
CLM_0009229,ACC_000282
CLM_0009230,ACC_000044
CLM_0009231,ACC_000044
CLM_0009232,ACC_000044
CLM_0009233,ACC_000639
CLM_0009234,ACC_000639
CLM_0009235,ACC_000639
CLM_0009236,ACC_000283
CLM_0009237,ACC_000283
CLM_0009238,ACC_000283
CLM_0009239,ACC_000283
CLM_0009240,ACC_000283
CLM_0009241,ACC_000283
CLM_0009242,ACC_000409
CLM_0009243,ACC_000409
CLM_0009244,ACC_000409
CLM_0009245,ACC_000044
CLM_0009246,ACC_000044
CLM_0009247,ACC_000333
CLM_0009248,ACC_000411
CLM_0009249,ACC_000283
CLM_0009250,ACC_000283
CLM_0009251,ACC_000283
CLM_0009252,ACC_000283
CLM_0009253,ACC_000283
CLM_0009254,ACC_000283
CLM_0009255,ACC_001015
CLM_0009256,ACC_001015
CLM_0009257,ACC_000410
CLM_0009258,ACC_000410
CLM_0009259,ACC_000410
CLM_0009260,ACC_000045
CLM_0009261,ACC_000045
CLM_0009262,ACC_000045
CLM_0009263,ACC_000596
CLM_0009264,ACC_000596
CLM_0009265,ACC_000596
CLM_0009266,ACC_000799
CLM_0009267,ACC_001148
CLM_0009268,ACC_001148
CLM_0009269,ACC_000282
CLM_0009270,ACC_000282
CLM_0009271,ACC_000282
CLM_0009272,ACC_000569
CLM_0009273,ACC_000569
CLM_0009274,ACC_001044
CLM_0009275,ACC_000283
CLM_0009276,ACC_000283
CLM_0009277,ACC_000911
CLM_0009278,ACC_000911
CLM_0009279,ACC_000129
CLM_0009280,ACC_000129
CLM_0009281,ACC_000129
CLM_0009282,ACC_000043
CLM_0009283,ACC_000043
CLM_0009284,ACC_000043
CLM_0009285,ACC_001058
CLM_0009286,ACC_000144
CLM_0009287,ACC_000144
CLM_0009288,ACC_000950
CLM_0009289,ACC_000950
CLM_0009290,ACC_000950
CLM_0009291,ACC_000283
CLM_0009292,ACC_000283
CLM_0009293,ACC_000070
CLM_0009294,ACC_000411
CLM_0009295,ACC_001095
CLM_0009296,ACC_001015
CLM_0009297,ACC_001015
CLM_0009298,ACC_001015
CLM_0009299,ACC_000498
CLM_0009300,ACC_000498
CLM_0009301,ACC_000498
CLM_0009302,ACC_000911
CLM_0009303,ACC_000331
CLM_0009304,ACC_001055
CLM_0009305,ACC_001055
CLM_0009306,ACC_001055
CLM_0009307,ACC_000173
CLM_0009308,ACC_000410
CLM_0009309,ACC_000410
CLM_0009310,ACC_000410
CLM_0009311,ACC_000282
CLM_0009312,ACC_000282
CLM_0009313,ACC_000282
CLM_0009314,ACC_000044
CLM_0009315,ACC_000103
CLM_0009316,ACC_000103
CLM_0009317,ACC_000061
CLM_0009318,ACC_000579
CLM_0009319,ACC_000579
CLM_0009320,ACC_000411
CLM_0009321,ACC_000411
CLM_0009322,ACC_001115
CLM_0009323,ACC_000401
CLM_0009324,ACC_000401
CLM_0009325,ACC_000401
CLM_0009326,ACC_000412
CLM_0009327,ACC_000412
CLM_0009328,ACC_000814
CLM_0009329,ACC_001055
CLM_0009330,ACC_000390
CLM_0009331,ACC_000390
CLM_0009332,ACC_000390
CLM_0009333,ACC_000282
CLM_0009334,ACC_000814
CLM_0009335,ACC_000814
CLM_0009336,ACC_000814
CLM_0009337,ACC_000172
CLM_0009338,ACC_000854
CLM_0009339,ACC_000990
CLM_0009340,ACC_000990
CLM_0009341,ACC_000282
CLM_0009342,ACC_000282
CLM_0009343,ACC_000282
CLM_0009344,ACC_000282
CLM_0009345,ACC_000282
CLM_0009346,ACC_000477
CLM_0009347,ACC_000359
CLM_0009348,ACC_000282
CLM_0009349,ACC_001057
CLM_0009350,ACC_000872
CLM_0009351,ACC_000248
CLM_0009352,ACC_000248
CLM_0009353,ACC_000248
CLM_0009354,ACC_000144
CLM_0009355,ACC_000144
CLM_0009356,ACC_001138
CLM_0009357,ACC_000856
CLM_0009358,ACC_000856
CLM_0009359,ACC_000856
CLM_0009360,ACC_000020
CLM_0009361,ACC_000020
CLM_0009362,ACC_000769
CLM_0009363,ACC_000769
CLM_0009364,ACC_000769
CLM_0009365,ACC_000143
CLM_0009366,ACC_000561
CLM_0009367,ACC_000561
CLM_0009368,ACC_000573
CLM_0009369,ACC_000573
CLM_0009370,ACC_000407
CLM_0009371,ACC_000044
CLM_0009372,ACC_000044
CLM_0009373,ACC_000044
CLM_0009374,ACC_000409
CLM_0009375,ACC_001015
CLM_0009376,ACC_001015
CLM_0009377,ACC_001015
CLM_0009378,ACC_000534
CLM_0009379,ACC_000534
CLM_0009380,ACC_000534
CLM_0009381,ACC_001138
CLM_0009382,ACC_000814
CLM_0009383,ACC_000814
CLM_0009384,ACC_000814
CLM_0009385,ACC_000407
CLM_0009386,ACC_000407
CLM_0009387,ACC_000407
CLM_0009388,ACC_000282
CLM_0009389,ACC_000282
CLM_0009390,ACC_000640
CLM_0009391,ACC_000640
CLM_0009392,ACC_000490
CLM_0009393,ACC_000490
CLM_0009394,ACC_000370
CLM_0009395,ACC_000408
CLM_0009396,ACC_000407
CLM_0009397,ACC_000409
CLM_0009398,ACC_000409
CLM_0009399,ACC_000044
CLM_0009400,ACC_000282
CLM_0009401,ACC_000411
CLM_0009402,ACC_000383
CLM_0009403,ACC_000383
CLM_0009404,ACC_000383
CLM_0009405,ACC_000769
CLM_0009406,ACC_000411
CLM_0009407,ACC_000411
CLM_0009408,ACC_000332
CLM_0009409,ACC_000855
CLM_0009410,ACC_000855
CLM_0009411,ACC_001057
CLM_0009412,ACC_000282
CLM_0009413,ACC_000282
CLM_0009414,ACC_000855
CLM_0009415,ACC_000855
CLM_0009416,ACC_000282
CLM_0009417,ACC_000173
CLM_0009418,ACC_000173
CLM_0009419,ACC_000282
CLM_0009420,ACC_000282
CLM_0009421,ACC_000282
CLM_0009422,ACC_000282
CLM_0009423,ACC_000282
CLM_0009424,ACC_000282
CLM_0009425,ACC_000282
CLM_0009426,ACC_000872
CLM_0009427,ACC_001057
CLM_0009428,ACC_001057
CLM_0009429,ACC_000283
CLM_0009430,ACC_001020
CLM_0009431,ACC_001020
CLM_0009432,ACC_000280
CLM_0009433,ACC_000658
CLM_0009434,ACC_000658
CLM_0009435,ACC_000143
CLM_0009436,ACC_000749
CLM_0009437,ACC_000940
CLM_0009438,ACC_000282
CLM_0009439,ACC_000282
CLM_0009440,ACC_000282
CLM_0009441,ACC_000410
CLM_0009442,ACC_000814
CLM_0009443,ACC_000814
CLM_0009444,ACC_000814
CLM_0009445,ACC_000411
CLM_0009446,ACC_000411
CLM_0009447,ACC_000411
CLM_0009448,ACC_000410
CLM_0009449,ACC_000833
CLM_0009450,ACC_000833
CLM_0009451,ACC_000833
CLM_0009452,ACC_000144
CLM_0009453,ACC_000873
CLM_0009454,ACC_000769
CLM_0009455,ACC_000769
CLM_0009456,ACC_000002
CLM_0009457,ACC_000002
CLM_0009458,ACC_000359
CLM_0009459,ACC_000359
CLM_0009460,ACC_000359
CLM_0009461,ACC_000332
CLM_0009462,ACC_000332
CLM_0009463,ACC_000332
CLM_0009464,ACC_000332
CLM_0009465,ACC_000468
CLM_0009466,ACC_000468
CLM_0009467,ACC_000468
CLM_0009468,ACC_000498
CLM_0009469,ACC_001056
CLM_0009470,ACC_001056
CLM_0009471,ACC_000230
CLM_0009472,ACC_000230
CLM_0009473,ACC_000129
CLM_0009474,ACC_000129
CLM_0009475,ACC_000683
CLM_0009476,ACC_000854
CLM_0009477,ACC_000854
CLM_0009478,ACC_000854
CLM_0009479,ACC_000316
CLM_0009480,ACC_000748
CLM_0009481,ACC_000748
CLM_0009482,ACC_000748
CLM_0009483,ACC_000412
CLM_0009484,ACC_000412
CLM_0009485,ACC_000239
CLM_0009486,ACC_000239
CLM_0009487,ACC_000282
CLM_0009488,ACC_000282
CLM_0009489,ACC_000282
CLM_0009490,ACC_000283
CLM_0009491,ACC_000283
CLM_0009492,ACC_000283
CLM_0009493,ACC_000060
CLM_0009494,ACC_000410
CLM_0009495,ACC_000410
CLM_0009496,ACC_000282
CLM_0009497,ACC_000282
CLM_0009498,ACC_000282
CLM_0009499,ACC_000569
CLM_0009500,ACC_001054
CLM_0009501,ACC_000409
CLM_0009502,ACC_000333
CLM_0009503,ACC_000561
CLM_0009504,ACC_000561
CLM_0009505,ACC_000561
CLM_0009506,ACC_001055
CLM_0009507,ACC_000239
CLM_0009508,ACC_000239
CLM_0009509,ACC_000239
CLM_0009510,ACC_001138
CLM_0009511,ACC_000143
CLM_0009512,ACC_000143
CLM_0009513,ACC_000143
CLM_0009514,ACC_001057
CLM_0009515,ACC_000282
CLM_0009516,ACC_000282
CLM_0009517,ACC_000282
CLM_0009518,ACC_000910
CLM_0009519,ACC_000910
CLM_0009520,ACC_000910
CLM_0009521,ACC_000238
CLM_0009522,ACC_000238
CLM_0009523,ACC_000797
CLM_0009524,ACC_000797
CLM_0009525,ACC_001076
CLM_0009526,ACC_001076
CLM_0009527,ACC_001076
CLM_0009528,ACC_000814
CLM_0009529,ACC_000814
CLM_0009530,ACC_000569
CLM_0009531,ACC_000569
CLM_0009532,ACC_000044
CLM_0009533,ACC_001058
CLM_0009534,ACC_001058
CLM_0009535,ACC_001058
CLM_0009536,ACC_001138
CLM_0009537,ACC_001138
CLM_0009538,ACC_001138
CLM_0009539,ACC_000061
CLM_0009540,ACC_000061
CLM_0009541,ACC_000061
CLM_0009542,ACC_000572
CLM_0009543,ACC_000572
CLM_0009544,ACC_000408
CLM_0009545,ACC_000408
CLM_0009546,ACC_000408
CLM_0009547,ACC_000647
CLM_0009548,ACC_000332
CLM_0009549,ACC_000332
CLM_0009550,ACC_000814
CLM_0009551,ACC_000409
CLM_0009552,ACC_000409
CLM_0009553,ACC_000569
CLM_0009554,ACC_000569
CLM_0009555,ACC_000569
CLM_0009556,ACC_001016
CLM_0009557,ACC_001016
CLM_0009558,ACC_000778
CLM_0009559,ACC_000778
CLM_0009560,ACC_000856
CLM_0009561,ACC_000856
CLM_0009562,ACC_000856
CLM_0009563,ACC_000569
CLM_0009564,ACC_000569
CLM_0009565,ACC_000569
CLM_0009566,ACC_000412
CLM_0009567,ACC_000145
CLM_0009568,ACC_001138
CLM_0009569,ACC_000003
CLM_0009570,ACC_000781
CLM_0009571,ACC_000409
CLM_0009572,ACC_000409
CLM_0009573,ACC_000994
CLM_0009574,ACC_000994
CLM_0009575,ACC_000994
CLM_0009576,ACC_000856
CLM_0009577,ACC_000856
CLM_0009578,ACC_000856
CLM_0009579,ACC_000394
CLM_0009580,ACC_000394
CLM_0009581,ACC_000394
CLM_0009582,ACC_000174
CLM_0009583,ACC_000174
CLM_0009584,ACC_000174
CLM_0009585,ACC_000061
CLM_0009586,ACC_000061
CLM_0009587,ACC_000283
CLM_0009588,ACC_000283
CLM_0009589,ACC_000283
CLM_0009590,ACC_000412
CLM_0009591,ACC_000412
CLM_0009592,ACC_000412
CLM_0009593,ACC_000044
CLM_0009594,ACC_000044
CLM_0009595,ACC_000638
CLM_0009596,ACC_000638
CLM_0009597,ACC_000409
CLM_0009598,ACC_000409
CLM_0009599,ACC_000506
CLM_0009600,ACC_000506
CLM_0009601,ACC_000506
CLM_0009602,ACC_000641
CLM_0009603,ACC_000137
CLM_0009604,ACC_000280
CLM_0009605,ACC_000280
CLM_0009606,ACC_000280
CLM_0009607,ACC_000283
CLM_0009608,ACC_000283
CLM_0009609,ACC_000685
CLM_0009610,ACC_000685
CLM_0009611,ACC_000188
CLM_0009612,ACC_000188
CLM_0009613,ACC_000283
CLM_0009614,ACC_000283
CLM_0009615,ACC_000283
CLM_0009616,ACC_000282
CLM_0009617,ACC_000282
CLM_0009618,ACC_001076
CLM_0009619,ACC_001076
CLM_0009620,ACC_001076
CLM_0009621,ACC_001113
CLM_0009622,ACC_001113
CLM_0009623,ACC_000464
CLM_0009624,ACC_000464
CLM_0009625,ACC_000464
CLM_0009626,ACC_000282
CLM_0009627,ACC_000282
CLM_0009628,ACC_000282
CLM_0009629,ACC_000856
CLM_0009630,ACC_000856
CLM_0009631,ACC_000856
CLM_0009632,ACC_001207
CLM_0009633,ACC_001207
CLM_0009634,ACC_000282
CLM_0009635,ACC_001178
CLM_0009636,ACC_001178
CLM_0009637,ACC_001178
CLM_0009638,ACC_000061
CLM_0009639,ACC_000061
CLM_0009640,ACC_000061
CLM_0009641,ACC_000464
CLM_0009642,ACC_000407
CLM_0009643,ACC_000407
CLM_0009644,ACC_000407
CLM_0009645,ACC_000043
CLM_0009646,ACC_000043
CLM_0009647,ACC_000910
CLM_0009648,ACC_000910
CLM_0009649,ACC_000710
CLM_0009650,ACC_000412
CLM_0009651,ACC_000412
CLM_0009652,ACC_000412
CLM_0009653,ACC_001071
CLM_0009654,ACC_000019
CLM_0009655,ACC_000019
CLM_0009656,ACC_000019
CLM_0009657,ACC_000910
CLM_0009658,ACC_000910
CLM_0009659,ACC_000282
CLM_0009660,ACC_000045
CLM_0009661,ACC_000045
CLM_0009662,ACC_000045
CLM_0009663,ACC_000908
CLM_0009664,ACC_000908
CLM_0009665,ACC_000082
CLM_0009666,ACC_000082
CLM_0009667,ACC_000117
CLM_0009668,ACC_000410
CLM_0009669,ACC_000410
CLM_0009670,ACC_000411
CLM_0009671,ACC_000060
CLM_0009672,ACC_000060
CLM_0009673,ACC_000061
CLM_0009674,ACC_000172
CLM_0009675,ACC_000172
CLM_0009676,ACC_000172
CLM_0009677,ACC_001076
CLM_0009678,ACC_001076
CLM_0009679,ACC_000143
CLM_0009680,ACC_000143
CLM_0009681,ACC_000143
CLM_0009682,ACC_000061
CLM_0009683,ACC_000061
CLM_0009684,ACC_000061
CLM_0009685,ACC_000060
CLM_0009686,ACC_000060
CLM_0009687,ACC_000060
CLM_0009688,ACC_000410
CLM_0009689,ACC_000407
CLM_0009690,ACC_000411
CLM_0009691,ACC_000411
CLM_0009692,ACC_000411
CLM_0009693,ACC_000468
CLM_0009694,ACC_000910
CLM_0009695,ACC_000910
CLM_0009696,ACC_000910
CLM_0009697,ACC_000282
CLM_0009698,ACC_000873
CLM_0009699,ACC_000873
CLM_0009700,ACC_001057
CLM_0009701,ACC_001057
CLM_0009702,ACC_001057
CLM_0009703,ACC_000412
CLM_0009704,ACC_000412
CLM_0009705,ACC_000412
CLM_0009706,ACC_000283
CLM_0009707,ACC_000283
CLM_0009708,ACC_000369
CLM_0009709,ACC_000369
CLM_0009710,ACC_000572
CLM_0009711,ACC_000572
CLM_0009712,ACC_000060
CLM_0009713,ACC_000282
CLM_0009714,ACC_000282
CLM_0009715,ACC_000395
CLM_0009716,ACC_000395
CLM_0009717,ACC_000144
CLM_0009718,ACC_000407
CLM_0009719,ACC_000407
CLM_0009720,ACC_000283
CLM_0009721,ACC_000283
CLM_0009722,ACC_000283
CLM_0009723,ACC_000043
CLM_0009724,ACC_000407
CLM_0009725,ACC_000407
CLM_0009726,ACC_000407
CLM_0009727,ACC_000911
CLM_0009728,ACC_000911
CLM_0009729,ACC_000283
CLM_0009730,ACC_001017
CLM_0009731,ACC_001017
CLM_0009732,ACC_000856
CLM_0009733,ACC_000856
CLM_0009734,ACC_000856
CLM_0009735,ACC_000283
CLM_0009736,ACC_000053
CLM_0009737,ACC_000053
CLM_0009738,ACC_000053
CLM_0009739,ACC_000911
CLM_0009740,ACC_000408
CLM_0009741,ACC_000936
CLM_0009742,ACC_000936
CLM_0009743,ACC_000814
CLM_0009744,ACC_000814
CLM_0009745,ACC_000283
CLM_0009746,ACC_001054
CLM_0009747,ACC_001054
CLM_0009748,ACC_001054
CLM_0009749,ACC_000412
CLM_0009750,ACC_000412
CLM_0009751,ACC_001072
CLM_0009752,ACC_001072
CLM_0009753,ACC_001072
CLM_0009754,ACC_001151
CLM_0009755,ACC_001151
CLM_0009756,ACC_000061
CLM_0009757,ACC_000061
CLM_0009758,ACC_000061
CLM_0009759,ACC_000282
CLM_0009760,ACC_001095
CLM_0009761,ACC_001095
CLM_0009762,ACC_001095
CLM_0009763,ACC_000282
CLM_0009764,ACC_000266
CLM_0009765,ACC_000396
CLM_0009766,ACC_000396
CLM_0009767,ACC_000639
CLM_0009768,ACC_000282
CLM_0009769,ACC_000282
CLM_0009770,ACC_000061
CLM_0009771,ACC_000020
CLM_0009772,ACC_000943
CLM_0009773,ACC_000144
CLM_0009774,ACC_000534
CLM_0009775,ACC_000534
CLM_0009776,ACC_000534
CLM_0009777,ACC_001055
CLM_0009778,ACC_001055
CLM_0009779,ACC_001055
CLM_0009780,ACC_000790
CLM_0009781,ACC_000790
CLM_0009782,ACC_001017
CLM_0009783,ACC_001017
CLM_0009784,ACC_001017
CLM_0009785,ACC_000043
CLM_0009786,ACC_000043
CLM_0009787,ACC_000043
CLM_0009788,ACC_000638
CLM_0009789,ACC_000638
CLM_0009790,ACC_000638
CLM_0009791,ACC_000175
CLM_0009792,ACC_000175
CLM_0009793,ACC_001017
CLM_0009794,ACC_001017
CLM_0009795,ACC_000094
CLM_0009796,ACC_000094
CLM_0009797,ACC_000680
CLM_0009798,ACC_000680
CLM_0009799,ACC_000878
CLM_0009800,ACC_001058
CLM_0009801,ACC_001058
CLM_0009802,ACC_000855
CLM_0009803,ACC_000283
CLM_0009804,ACC_000283
CLM_0009805,ACC_000333
CLM_0009806,ACC_000333
CLM_0009807,ACC_000799
CLM_0009808,ACC_000912
CLM_0009809,ACC_000409
CLM_0009810,ACC_000248
CLM_0009811,ACC_001076
CLM_0009812,ACC_001076
CLM_0009813,ACC_001076
CLM_0009814,ACC_000410
CLM_0009815,ACC_000410
CLM_0009816,ACC_000282
CLM_0009817,ACC_000282
CLM_0009818,ACC_000905
CLM_0009819,ACC_000905
CLM_0009820,ACC_000716
CLM_0009821,ACC_000283
CLM_0009822,ACC_000283
CLM_0009823,ACC_000283
CLM_0009824,ACC_000873
CLM_0009825,ACC_000873
CLM_0009826,ACC_000411
CLM_0009827,ACC_000411
CLM_0009828,ACC_000411
CLM_0009829,ACC_000407
CLM_0009830,ACC_000410
CLM_0009831,ACC_000761
CLM_0009832,ACC_000516
CLM_0009833,ACC_000516
CLM_0009834,ACC_000516
CLM_0009835,ACC_000333
CLM_0009836,ACC_000333
CLM_0009837,ACC_000060
CLM_0009838,ACC_000060
CLM_0009839,ACC_000060
CLM_0009840,ACC_000060
CLM_0009841,ACC_000060
CLM_0009842,ACC_000936
CLM_0009843,ACC_000936
CLM_0009844,ACC_000936
CLM_0009845,ACC_000408
CLM_0009846,ACC_000408
CLM_0009847,ACC_001055
CLM_0009848,ACC_001055
CLM_0009849,ACC_001055
CLM_0009850,ACC_000464
CLM_0009851,ACC_000283
CLM_0009852,ACC_000283
CLM_0009853,ACC_000814
CLM_0009854,ACC_000814
CLM_0009855,ACC_000814
CLM_0009856,ACC_000409
CLM_0009857,ACC_000409
CLM_0009858,ACC_000061
CLM_0009859,ACC_000060
CLM_0009860,ACC_000060
CLM_0009861,ACC_001076
CLM_0009862,ACC_000340
CLM_0009863,ACC_000340
CLM_0009864,ACC_000911
CLM_0009865,ACC_000112
CLM_0009866,ACC_000878
CLM_0009867,ACC_000878
CLM_0009868,ACC_000878
CLM_0009869,ACC_000283
CLM_0009870,ACC_000409
CLM_0009871,ACC_000409
CLM_0009872,ACC_000409
CLM_0009873,ACC_000283
CLM_0009874,ACC_000283
CLM_0009875,ACC_000061
CLM_0009876,ACC_000061
CLM_0009877,ACC_000061
CLM_0009878,ACC_000407
CLM_0009879,ACC_000856
CLM_0009880,ACC_000856
CLM_0009881,ACC_000856
CLM_0009882,ACC_000283
CLM_0009883,ACC_000061
CLM_0009884,ACC_001014
CLM_0009885,ACC_001014
CLM_0009886,ACC_001057
CLM_0009887,ACC_000408
CLM_0009888,ACC_000144
CLM_0009889,ACC_000144
CLM_0009890,ACC_000144
CLM_0009891,ACC_000543
CLM_0009892,ACC_000543
CLM_0009893,ACC_000543
CLM_0009894,ACC_000872
CLM_0009895,ACC_000872
CLM_0009896,ACC_000872
CLM_0009897,ACC_001002
CLM_0009898,ACC_001002
CLM_0009899,ACC_001002
CLM_0009900,ACC_000333
CLM_0009901,ACC_000333
CLM_0009902,ACC_000333
CLM_0009903,ACC_000854
CLM_0009904,ACC_000045
CLM_0009905,ACC_000045
CLM_0009906,ACC_000045
CLM_0009907,ACC_000470
CLM_0009908,ACC_001138
CLM_0009909,ACC_001138
CLM_0009910,ACC_001138
CLM_0009911,ACC_000283
CLM_0009912,ACC_000283
CLM_0009913,ACC_001017
CLM_0009914,ACC_001017
CLM_0009915,ACC_001017
CLM_0009916,ACC_000953
CLM_0009917,ACC_000953
CLM_0009918,ACC_000953
CLM_0009919,ACC_000543
CLM_0009920,ACC_000543
CLM_0009921,ACC_000543
CLM_0009922,ACC_000332
CLM_0009923,ACC_000332
CLM_0009924,ACC_000061
CLM_0009925,ACC_000061
CLM_0009926,ACC_000061
CLM_0009927,ACC_000283
CLM_0009928,ACC_000283
CLM_0009929,ACC_000283
CLM_0009930,ACC_000282
CLM_0009931,ACC_000282
CLM_0009932,ACC_000282
CLM_0009933,ACC_000836
CLM_0009934,ACC_001076
CLM_0009935,ACC_001076
CLM_0009936,ACC_000282
CLM_0009937,ACC_000282
CLM_0009938,ACC_001138
CLM_0009939,ACC_001138
CLM_0009940,ACC_001138
CLM_0009941,ACC_000710
CLM_0009942,ACC_000710
CLM_0009943,ACC_000113
CLM_0009944,ACC_000113
CLM_0009945,ACC_000125
CLM_0009946,ACC_000125
CLM_0009947,ACC_000125
CLM_0009948,ACC_000409
CLM_0009949,ACC_000534
CLM_0009950,ACC_000060
CLM_0009951,ACC_000060
CLM_0009952,ACC_000060
CLM_0009953,ACC_000814
CLM_0009954,ACC_000814
CLM_0009955,ACC_000814
CLM_0009956,ACC_000411
CLM_0009957,ACC_000411
CLM_0009958,ACC_001072
CLM_0009959,ACC_000044
CLM_0009960,ACC_000144
CLM_0009961,ACC_000144
CLM_0009962,ACC_000144
CLM_0009963,ACC_000099
CLM_0009964,ACC_001058
CLM_0009965,ACC_001058
CLM_0009966,ACC_000584
CLM_0009967,ACC_000380
CLM_0009968,ACC_000380
CLM_0009969,ACC_000526
CLM_0009970,ACC_000083
CLM_0009971,ACC_000412
CLM_0009972,ACC_000412
CLM_0009973,ACC_000410
CLM_0009974,ACC_000410
CLM_0009975,ACC_000283
CLM_0009976,ACC_000283
CLM_0009977,ACC_001122
CLM_0009978,ACC_001122
CLM_0009979,ACC_001122
CLM_0009980,ACC_000856
CLM_0009981,ACC_000282
CLM_0009982,ACC_000410
CLM_0009983,ACC_000410
CLM_0009984,ACC_000910
CLM_0009985,ACC_000910
CLM_0009986,ACC_000910
CLM_0009987,ACC_000543
CLM_0009988,ACC_000543
CLM_0009989,ACC_000282
CLM_0009990,ACC_000282
CLM_0009991,ACC_000282
CLM_0009992,ACC_000282
CLM_0009993,ACC_000282
CLM_0009994,ACC_000799
CLM_0009995,ACC_000799
CLM_0009996,ACC_001157
CLM_0009997,ACC_001157
CLM_0009998,ACC_000520
CLM_0009999,ACC_000331
CLM_0010000,ACC_000331
CLM_0010001,ACC_000331
CLM_0010002,ACC_000453
CLM_0010003,ACC_000453
CLM_0010004,ACC_000453
CLM_0010005,ACC_000878
CLM_0010006,ACC_000878
CLM_0010007,ACC_000282
CLM_0010008,ACC_000282
CLM_0010009,ACC_000061
CLM_0010010,ACC_000101
CLM_0010011,ACC_000101
CLM_0010012,ACC_000101
CLM_0010013,ACC_000855
CLM_0010014,ACC_000734
CLM_0010015,ACC_000734
CLM_0010016,ACC_000410
CLM_0010017,ACC_000410
CLM_0010018,ACC_000061
CLM_0010019,ACC_000061
CLM_0010020,ACC_001113
CLM_0010021,ACC_001113
CLM_0010022,ACC_000282
CLM_0010023,ACC_000282
CLM_0010024,ACC_000143
CLM_0010025,ACC_000060
CLM_0010026,ACC_000043
CLM_0010027,ACC_001016
CLM_0010028,ACC_001016
CLM_0010029,ACC_001016
CLM_0010030,ACC_000060
CLM_0010031,ACC_000060
CLM_0010032,ACC_000060
CLM_0010033,ACC_000060
CLM_0010034,ACC_001076
CLM_0010035,ACC_001076
CLM_0010036,ACC_000060
CLM_0010037,ACC_000060
CLM_0010038,ACC_000814
CLM_0010039,ACC_000814
CLM_0010040,ACC_000814
CLM_0010041,ACC_000282
CLM_0010042,ACC_000282
CLM_0010043,ACC_000282
CLM_0010044,ACC_000077
CLM_0010045,ACC_000077
CLM_0010046,ACC_000910
CLM_0010047,ACC_000910
CLM_0010048,ACC_000910
CLM_0010049,ACC_000380
CLM_0010050,ACC_000380
CLM_0010051,ACC_000061
CLM_0010052,ACC_000061
CLM_0010053,ACC_000061
CLM_0010054,ACC_000002
CLM_0010055,ACC_001019
CLM_0010056,ACC_000407
CLM_0010057,ACC_000407
CLM_0010058,ACC_000333
CLM_0010059,ACC_000333
CLM_0010060,ACC_000433
CLM_0010061,ACC_000433
CLM_0010062,ACC_000433
CLM_0010063,ACC_000407
CLM_0010064,ACC_000407
CLM_0010065,ACC_000407
CLM_0010066,ACC_000283
CLM_0010067,ACC_000282
CLM_0010068,ACC_000282
CLM_0010069,ACC_000243
CLM_0010070,ACC_001055
CLM_0010071,ACC_001055
CLM_0010072,ACC_001055
CLM_0010073,ACC_001055
CLM_0010074,ACC_001055
CLM_0010075,ACC_000409
CLM_0010076,ACC_000043
CLM_0010077,ACC_000043
CLM_0010078,ACC_000814
CLM_0010079,ACC_000984
CLM_0010080,ACC_000984
CLM_0010081,ACC_000984
CLM_0010082,ACC_001016
CLM_0010083,ACC_000044
CLM_0010084,ACC_000044
CLM_0010085,ACC_000603
CLM_0010086,ACC_000603
CLM_0010087,ACC_000906
CLM_0010088,ACC_000906
CLM_0010089,ACC_000020
CLM_0010090,ACC_000060
CLM_0010091,ACC_000814
CLM_0010092,ACC_000814
CLM_0010093,ACC_000814
CLM_0010094,ACC_000843
CLM_0010095,ACC_000843
CLM_0010096,ACC_000843
CLM_0010097,ACC_000282
CLM_0010098,ACC_000282
CLM_0010099,ACC_000282
CLM_0010100,ACC_000410
CLM_0010101,ACC_000410
CLM_0010102,ACC_000410
CLM_0010103,ACC_000282
CLM_0010104,ACC_000282
CLM_0010105,ACC_000282
CLM_0010106,ACC_000408
CLM_0010107,ACC_000408
CLM_0010108,ACC_000408
CLM_0010109,ACC_000780
CLM_0010110,ACC_000844
CLM_0010111,ACC_000844
CLM_0010112,ACC_000844
CLM_0010113,ACC_000873
CLM_0010114,ACC_000873
CLM_0010115,ACC_000873
CLM_0010116,ACC_000331
CLM_0010117,ACC_000283
CLM_0010118,ACC_000283
CLM_0010119,ACC_000283
CLM_0010120,ACC_000910
CLM_0010121,ACC_000910
CLM_0010122,ACC_000910
CLM_0010123,ACC_000411
CLM_0010124,ACC_000411
CLM_0010125,ACC_001148
CLM_0010126,ACC_001148
CLM_0010127,ACC_000407
CLM_0010128,ACC_000407
CLM_0010129,ACC_000407
CLM_0010130,ACC_000561
CLM_0010131,ACC_000561
CLM_0010132,ACC_000911
CLM_0010133,ACC_000911
CLM_0010134,ACC_000942
CLM_0010135,ACC_000273
CLM_0010136,ACC_000404
CLM_0010137,ACC_000404
CLM_0010138,ACC_000412
CLM_0010139,ACC_000412
CLM_0010140,ACC_000491
CLM_0010141,ACC_000795
CLM_0010142,ACC_000795
CLM_0010143,ACC_000795
CLM_0010144,ACC_001017
CLM_0010145,ACC_001017
CLM_0010146,ACC_000394
CLM_0010147,ACC_000394
CLM_0010148,ACC_000394
CLM_0010149,ACC_000412
CLM_0010150,ACC_000411
CLM_0010151,ACC_000407
CLM_0010152,ACC_000407
CLM_0010153,ACC_000407
CLM_0010154,ACC_000408
CLM_0010155,ACC_000408
CLM_0010156,ACC_000144
CLM_0010157,ACC_000239
CLM_0010158,ACC_000044
CLM_0010159,ACC_000044
CLM_0010160,ACC_000402
CLM_0010161,ACC_000402
CLM_0010162,ACC_000402
CLM_0010163,ACC_000410
CLM_0010164,ACC_000410
CLM_0010165,ACC_000410
CLM_0010166,ACC_000407
CLM_0010167,ACC_000060
CLM_0010168,ACC_000060
CLM_0010169,ACC_000060
CLM_0010170,ACC_000407
CLM_0010171,ACC_000552
CLM_0010172,ACC_000411
CLM_0010173,ACC_000411
CLM_0010174,ACC_000143
CLM_0010175,ACC_000143
CLM_0010176,ACC_000143
CLM_0010177,ACC_000060
CLM_0010178,ACC_000273
CLM_0010179,ACC_000273
CLM_0010180,ACC_000408
CLM_0010181,ACC_000518
CLM_0010182,ACC_000518
CLM_0010183,ACC_000061
CLM_0010184,ACC_000061
CLM_0010185,ACC_000395
CLM_0010186,ACC_000395
CLM_0010187,ACC_000395
CLM_0010188,ACC_000638
CLM_0010189,ACC_000638
CLM_0010190,ACC_000638
CLM_0010191,ACC_001191
CLM_0010192,ACC_000061
CLM_0010193,ACC_000779
CLM_0010194,ACC_000779
CLM_0010195,ACC_000779
CLM_0010196,ACC_000435
CLM_0010197,ACC_000435
CLM_0010198,ACC_000320
CLM_0010199,ACC_000320
CLM_0010200,ACC_000911
CLM_0010201,ACC_000911
CLM_0010202,ACC_000411
CLM_0010203,ACC_000588
CLM_0010204,ACC_000282
CLM_0010205,ACC_000282
CLM_0010206,ACC_000282
CLM_0010207,ACC_000412
CLM_0010208,ACC_000412
CLM_0010209,ACC_000412
CLM_0010210,ACC_000412
CLM_0010211,ACC_000412
CLM_0010212,ACC_000412
CLM_0010213,ACC_000797
CLM_0010214,ACC_000282
CLM_0010215,ACC_000282
CLM_0010216,ACC_000332
CLM_0010217,ACC_000332
CLM_0010218,ACC_000332
CLM_0010219,ACC_000407
CLM_0010220,ACC_000407
CLM_0010221,ACC_000061
CLM_0010222,ACC_000814
CLM_0010223,ACC_000516
CLM_0010224,ACC_001058
CLM_0010225,ACC_000061
CLM_0010226,ACC_000061
CLM_0010227,ACC_000911
CLM_0010228,ACC_000283
CLM_0010229,ACC_000283
CLM_0010230,ACC_000061
CLM_0010231,ACC_000061
CLM_0010232,ACC_000873
CLM_0010233,ACC_000873
CLM_0010234,ACC_000061
CLM_0010235,ACC_000311
CLM_0010236,ACC_000311
CLM_0010237,ACC_000311
CLM_0010238,ACC_000910
CLM_0010239,ACC_000392
CLM_0010240,ACC_000411
CLM_0010241,ACC_000411
CLM_0010242,ACC_000411
CLM_0010243,ACC_000044
CLM_0010244,ACC_000061
CLM_0010245,ACC_000061
CLM_0010246,ACC_000043
CLM_0010247,ACC_000411
CLM_0010248,ACC_000411
CLM_0010249,ACC_000411
CLM_0010250,ACC_001124
CLM_0010251,ACC_001124
CLM_0010252,ACC_001054
CLM_0010253,ACC_000143
CLM_0010254,ACC_001017
CLM_0010255,ACC_001017
CLM_0010256,ACC_001017
CLM_0010257,ACC_001055
CLM_0010258,ACC_001055
CLM_0010259,ACC_001055
CLM_0010260,ACC_001191
CLM_0010261,ACC_001191
CLM_0010262,ACC_000856
CLM_0010263,ACC_000282
CLM_0010264,ACC_000282
CLM_0010265,ACC_000282
CLM_0010266,ACC_000804
CLM_0010267,ACC_000804
CLM_0010268,ACC_001138
CLM_0010269,ACC_001138
CLM_0010270,ACC_001138
CLM_0010271,ACC_000283
CLM_0010272,ACC_000045
CLM_0010273,ACC_000603
CLM_0010274,ACC_000603
CLM_0010275,ACC_000769
CLM_0010276,ACC_000769
CLM_0010277,ACC_000205
CLM_0010278,ACC_000205
CLM_0010279,ACC_001029
CLM_0010280,ACC_001029
CLM_0010281,ACC_001029
CLM_0010282,ACC_000760
CLM_0010283,ACC_000283
CLM_0010284,ACC_000283
CLM_0010285,ACC_000459
CLM_0010286,ACC_000459
CLM_0010287,ACC_000459
CLM_0010288,ACC_001055
CLM_0010289,ACC_001055
CLM_0010290,ACC_000813
CLM_0010291,ACC_000813
CLM_0010292,ACC_000813
CLM_0010293,ACC_000906
CLM_0010294,ACC_000906
CLM_0010295,ACC_000906
CLM_0010296,ACC_000061
CLM_0010297,ACC_000061
CLM_0010298,ACC_000061
CLM_0010299,ACC_000410
CLM_0010300,ACC_000856
CLM_0010301,ACC_000856
CLM_0010302,ACC_000060
CLM_0010303,ACC_000060
CLM_0010304,ACC_000060
CLM_0010305,ACC_001103
CLM_0010306,ACC_001103
CLM_0010307,ACC_000282
CLM_0010308,ACC_000282
CLM_0010309,ACC_000282
CLM_0010310,ACC_000333
CLM_0010311,ACC_000015
CLM_0010312,ACC_000015
CLM_0010313,ACC_000015
CLM_0010314,ACC_000282
CLM_0010315,ACC_000282
CLM_0010316,ACC_001055
CLM_0010317,ACC_001055
CLM_0010318,ACC_000803
CLM_0010319,ACC_000803
CLM_0010320,ACC_000332
CLM_0010321,ACC_000855
CLM_0010322,ACC_000855
CLM_0010323,ACC_000814
CLM_0010324,ACC_001005
CLM_0010325,ACC_001005
CLM_0010326,ACC_001005
CLM_0010327,ACC_000517
CLM_0010328,ACC_000517
CLM_0010329,ACC_000517
CLM_0010330,ACC_000283
CLM_0010331,ACC_000283
CLM_0010332,ACC_000283
CLM_0010333,ACC_000283
CLM_0010334,ACC_000283
CLM_0010335,ACC_000283
CLM_0010336,ACC_000573
CLM_0010337,ACC_000193
CLM_0010338,ACC_000193
CLM_0010339,ACC_000193
CLM_0010340,ACC_000283
CLM_0010341,ACC_000283
CLM_0010342,ACC_000044
CLM_0010343,ACC_000409
CLM_0010344,ACC_000873
CLM_0010345,ACC_000569
CLM_0010346,ACC_000569
CLM_0010347,ACC_000910
CLM_0010348,ACC_000910
CLM_0010349,ACC_000045
CLM_0010350,ACC_000045
CLM_0010351,ACC_000855
CLM_0010352,ACC_000855
CLM_0010353,ACC_000943
CLM_0010354,ACC_000943
CLM_0010355,ACC_000943
CLM_0010356,ACC_000411
CLM_0010357,ACC_000411
CLM_0010358,ACC_000283
CLM_0010359,ACC_000283
CLM_0010360,ACC_001015
CLM_0010361,ACC_001015
CLM_0010362,ACC_001015
CLM_0010363,ACC_000205
CLM_0010364,ACC_000391
CLM_0010365,ACC_000391
CLM_0010366,ACC_000144
CLM_0010367,ACC_000668
CLM_0010368,ACC_000668
CLM_0010369,ACC_000668
CLM_0010370,ACC_000856
CLM_0010371,ACC_000856
CLM_0010372,ACC_000856
CLM_0010373,ACC_000283
CLM_0010374,ACC_000283
CLM_0010375,ACC_000044
CLM_0010376,ACC_000044
CLM_0010377,ACC_000044
CLM_0010378,ACC_000855
CLM_0010379,ACC_000283
CLM_0010380,ACC_000911
CLM_0010381,ACC_000911
CLM_0010382,ACC_000814
CLM_0010383,ACC_000814
CLM_0010384,ACC_000814
CLM_0010385,ACC_000283
CLM_0010386,ACC_000283
CLM_0010387,ACC_000283
CLM_0010388,ACC_000283
CLM_0010389,ACC_000283
CLM_0010390,ACC_000019
CLM_0010391,ACC_000659
CLM_0010392,ACC_000144
CLM_0010393,ACC_000911
CLM_0010394,ACC_000282
CLM_0010395,ACC_000282
CLM_0010396,ACC_000283
CLM_0010397,ACC_000283
CLM_0010398,ACC_000283
CLM_0010399,ACC_000144
CLM_0010400,ACC_000144
CLM_0010401,ACC_000685
CLM_0010402,ACC_000331
CLM_0010403,ACC_000331
CLM_0010404,ACC_000282
CLM_0010405,ACC_001120
CLM_0010406,ACC_001120
CLM_0010407,ACC_000333
CLM_0010408,ACC_000333
CLM_0010409,ACC_000769
CLM_0010410,ACC_000283
CLM_0010411,ACC_000283
CLM_0010412,ACC_000878
CLM_0010413,ACC_000878
CLM_0010414,ACC_000045
CLM_0010415,ACC_000748
CLM_0010416,ACC_000748
CLM_0010417,ACC_000748
CLM_0010418,ACC_000543
CLM_0010419,ACC_000543
CLM_0010420,ACC_000543
CLM_0010421,ACC_000710
CLM_0010422,ACC_000320
CLM_0010423,ACC_001191
CLM_0010424,ACC_000043
CLM_0010425,ACC_000043
CLM_0010426,ACC_001138
CLM_0010427,ACC_001138
CLM_0010428,ACC_000060
CLM_0010429,ACC_000060
CLM_0010430,ACC_000331
CLM_0010431,ACC_000061
CLM_0010432,ACC_000061
CLM_0010433,ACC_000061
CLM_0010434,ACC_000282
CLM_0010435,ACC_001088
CLM_0010436,ACC_001088
CLM_0010437,ACC_001088
CLM_0010438,ACC_000854
CLM_0010439,ACC_000854
CLM_0010440,ACC_000120
CLM_0010441,ACC_001081
CLM_0010442,ACC_001081
CLM_0010443,ACC_001081
CLM_0010444,ACC_000283
CLM_0010445,ACC_000283
CLM_0010446,ACC_000283
CLM_0010447,ACC_000411
CLM_0010448,ACC_000411
CLM_0010449,ACC_000411
CLM_0010450,ACC_000060
CLM_0010451,ACC_000060
CLM_0010452,ACC_000060
CLM_0010453,ACC_000043
CLM_0010454,ACC_000043
CLM_0010455,ACC_000043
CLM_0010456,ACC_000943
CLM_0010457,ACC_000943
CLM_0010458,ACC_000943
CLM_0010459,ACC_000850
CLM_0010460,ACC_000850
CLM_0010461,ACC_000064
CLM_0010462,ACC_000749
CLM_0010463,ACC_000749
CLM_0010464,ACC_000749
CLM_0010465,ACC_001016
CLM_0010466,ACC_000320
CLM_0010467,ACC_000320
CLM_0010468,ACC_000044
CLM_0010469,ACC_000443
CLM_0010470,ACC_000060
CLM_0010471,ACC_000060
CLM_0010472,ACC_000044
CLM_0010473,ACC_000044
CLM_0010474,ACC_000044
CLM_0010475,ACC_001140
CLM_0010476,ACC_000412
CLM_0010477,ACC_000412
CLM_0010478,ACC_000282
CLM_0010479,ACC_000282
CLM_0010480,ACC_000045
CLM_0010481,ACC_000045
CLM_0010482,ACC_000045
CLM_0010483,ACC_000905
CLM_0010484,ACC_000905
CLM_0010485,ACC_000905
CLM_0010486,ACC_000282
CLM_0010487,ACC_000144
CLM_0010488,ACC_000144
CLM_0010489,ACC_000144
CLM_0010490,ACC_000409
CLM_0010491,ACC_000409
CLM_0010492,ACC_000043
CLM_0010493,ACC_000043
CLM_0010494,ACC_001072
CLM_0010495,ACC_001072
CLM_0010496,ACC_001072
CLM_0010497,ACC_000408
CLM_0010498,ACC_001055
CLM_0010499,ACC_001055
CLM_0010500,ACC_001055
CLM_0010501,ACC_000410
CLM_0010502,ACC_000410
CLM_0010503,ACC_000283
CLM_0010504,ACC_000283
CLM_0010505,ACC_000283
CLM_0010506,ACC_000833
CLM_0010507,ACC_000498
CLM_0010508,ACC_000659
CLM_0010509,ACC_000659
CLM_0010510,ACC_000659
CLM_0010511,ACC_000872
CLM_0010512,ACC_000015
CLM_0010513,ACC_000015
CLM_0010514,ACC_000015
CLM_0010515,ACC_000498
CLM_0010516,ACC_000498
CLM_0010517,ACC_000282
CLM_0010518,ACC_000282
CLM_0010519,ACC_000333
CLM_0010520,ACC_000008
CLM_0010521,ACC_000008
CLM_0010522,ACC_000411
CLM_0010523,ACC_000411
CLM_0010524,ACC_000411
CLM_0010525,ACC_000060
CLM_0010526,ACC_000044
CLM_0010527,ACC_000044
CLM_0010528,ACC_000044
CLM_0010529,ACC_000173
CLM_0010530,ACC_000173
CLM_0010531,ACC_000173
CLM_0010532,ACC_000060
CLM_0010533,ACC_000956
CLM_0010534,ACC_001157
CLM_0010535,ACC_001157
CLM_0010536,ACC_000282
CLM_0010537,ACC_001076
CLM_0010538,ACC_001076
CLM_0010539,ACC_000746
CLM_0010540,ACC_000746
CLM_0010541,ACC_000746
CLM_0010542,ACC_000780
CLM_0010543,ACC_000780
CLM_0010544,ACC_000780
CLM_0010545,ACC_000282
CLM_0010546,ACC_000855
CLM_0010547,ACC_000061
CLM_0010548,ACC_000061
CLM_0010549,ACC_000061
CLM_0010550,ACC_000392
CLM_0010551,ACC_000411
CLM_0010552,ACC_000411
CLM_0010553,ACC_000911
CLM_0010554,ACC_000911
CLM_0010555,ACC_000911
CLM_0010556,ACC_000407
CLM_0010557,ACC_000407
CLM_0010558,ACC_000407
CLM_0010559,ACC_000093
CLM_0010560,ACC_000093
CLM_0010561,ACC_000093
CLM_0010562,ACC_000143
CLM_0010563,ACC_000143
CLM_0010564,ACC_000143
CLM_0010565,ACC_000498
CLM_0010566,ACC_000872
CLM_0010567,ACC_000872
CLM_0010568,ACC_001055
CLM_0010569,ACC_000060
CLM_0010570,ACC_000060
CLM_0010571,ACC_000769
CLM_0010572,ACC_000769
CLM_0010573,ACC_000045
CLM_0010574,ACC_000045
CLM_0010575,ACC_000045
CLM_0010576,ACC_000036
CLM_0010577,ACC_000036
CLM_0010578,ACC_000036
CLM_0010579,ACC_000437
CLM_0010580,ACC_000409
CLM_0010581,ACC_000409
CLM_0010582,ACC_000409
CLM_0010583,ACC_000831
CLM_0010584,ACC_000831
CLM_0010585,ACC_000831
CLM_0010586,ACC_000061
CLM_0010587,ACC_000283
CLM_0010588,ACC_000283
CLM_0010589,ACC_000282
CLM_0010590,ACC_000408
CLM_0010591,ACC_000283
CLM_0010592,ACC_000283
CLM_0010593,ACC_000790
CLM_0010594,ACC_000844
CLM_0010595,ACC_000844
CLM_0010596,ACC_000844
CLM_0010597,ACC_001016
CLM_0010598,ACC_001016
CLM_0010599,ACC_001016
CLM_0010600,ACC_000412
CLM_0010601,ACC_000412
CLM_0010602,ACC_000143
CLM_0010603,ACC_001111
CLM_0010604,ACC_001111
CLM_0010605,ACC_001111
CLM_0010606,ACC_000673
CLM_0010607,ACC_000673
CLM_0010608,ACC_000673
CLM_0010609,ACC_000282
CLM_0010610,ACC_000561
CLM_0010611,ACC_000561
CLM_0010612,ACC_000282
CLM_0010613,ACC_000282
CLM_0010614,ACC_000282
CLM_0010615,ACC_000872
CLM_0010616,ACC_000873
CLM_0010617,ACC_000873
CLM_0010618,ACC_000283
CLM_0010619,ACC_000283
CLM_0010620,ACC_000283
CLM_0010621,ACC_000854
CLM_0010622,ACC_000854
CLM_0010623,ACC_000854
CLM_0010624,ACC_000904
CLM_0010625,ACC_000904
CLM_0010626,ACC_000904
CLM_0010627,ACC_000282
CLM_0010628,ACC_000282
CLM_0010629,ACC_000282
CLM_0010630,ACC_000408
CLM_0010631,ACC_000408
CLM_0010632,ACC_000408
CLM_0010633,ACC_001016
CLM_0010634,ACC_001016
CLM_0010635,ACC_000863
CLM_0010636,ACC_000863
CLM_0010637,ACC_000863
CLM_0010638,ACC_000061
CLM_0010639,ACC_000061
CLM_0010640,ACC_000061
CLM_0010641,ACC_001015
CLM_0010642,ACC_000410
CLM_0010643,ACC_000410
CLM_0010644,ACC_001015
CLM_0010645,ACC_000282
CLM_0010646,ACC_000282
CLM_0010647,ACC_000282
CLM_0010648,ACC_000856
CLM_0010649,ACC_000856
CLM_0010650,ACC_000856
CLM_0010651,ACC_000283
CLM_0010652,ACC_000411
CLM_0010653,ACC_000790
CLM_0010654,ACC_000790
CLM_0010655,ACC_000790
CLM_0010656,ACC_000282
CLM_0010657,ACC_001055
CLM_0010658,ACC_001055
CLM_0010659,ACC_000891
CLM_0010660,ACC_000404
CLM_0010661,ACC_000283
CLM_0010662,ACC_001018
CLM_0010663,ACC_001018
CLM_0010664,ACC_001018
CLM_0010665,ACC_000282
CLM_0010666,ACC_000282
CLM_0010667,ACC_000144
CLM_0010668,ACC_000516
CLM_0010669,ACC_000516
CLM_0010670,ACC_001138
CLM_0010671,ACC_001138
CLM_0010672,ACC_000282
CLM_0010673,ACC_000282
CLM_0010674,ACC_000282
CLM_0010675,ACC_001138
CLM_0010676,ACC_001138
CLM_0010677,ACC_001016
CLM_0010678,ACC_001016
CLM_0010679,ACC_000282
CLM_0010680,ACC_000282
CLM_0010681,ACC_000282
CLM_0010682,ACC_001088
CLM_0010683,ACC_000906
CLM_0010684,ACC_000906
CLM_0010685,ACC_001112
CLM_0010686,ACC_001112
CLM_0010687,ACC_001112
CLM_0010688,ACC_000410
CLM_0010689,ACC_000409
CLM_0010690,ACC_000409
CLM_0010691,ACC_000280
CLM_0010692,ACC_000280
CLM_0010693,ACC_000280
CLM_0010694,ACC_000061
CLM_0010695,ACC_000117
CLM_0010696,ACC_000748
CLM_0010697,ACC_000748
CLM_0010698,ACC_000748
CLM_0010699,ACC_000060
CLM_0010700,ACC_000060
CLM_0010701,ACC_000873
CLM_0010702,ACC_000873
CLM_0010703,ACC_000873
CLM_0010704,ACC_000144
CLM_0010705,ACC_000144
CLM_0010706,ACC_000705
CLM_0010707,ACC_000282
CLM_0010708,ACC_000211
CLM_0010709,ACC_000210
CLM_0010710,ACC_000210
CLM_0010711,ACC_000407
CLM_0010712,ACC_000331
CLM_0010713,ACC_000569
CLM_0010714,ACC_000569
CLM_0010715,ACC_000569
CLM_0010716,ACC_000359
CLM_0010717,ACC_000359
CLM_0010718,ACC_000282
CLM_0010719,ACC_001076
CLM_0010720,ACC_001076
CLM_0010721,ACC_001015
CLM_0010722,ACC_000283
CLM_0010723,ACC_000283
CLM_0010724,ACC_000020
CLM_0010725,ACC_000410
CLM_0010726,ACC_000410
CLM_0010727,ACC_000410
CLM_0010728,ACC_001017
CLM_0010729,ACC_001138
CLM_0010730,ACC_001138
CLM_0010731,ACC_001138
CLM_0010732,ACC_000412
CLM_0010733,ACC_000412
CLM_0010734,ACC_000412
CLM_0010735,ACC_001076
CLM_0010736,ACC_001076
CLM_0010737,ACC_000331
CLM_0010738,ACC_000331
CLM_0010739,ACC_000927
CLM_0010740,ACC_000855
CLM_0010741,ACC_000855
CLM_0010742,ACC_000855
CLM_0010743,ACC_000366
CLM_0010744,ACC_000366
CLM_0010745,ACC_000366
CLM_0010746,ACC_000518
CLM_0010747,ACC_000518
CLM_0010748,ACC_000144
CLM_0010749,ACC_000020
CLM_0010750,ACC_000020
CLM_0010751,ACC_000445
CLM_0010752,ACC_000445
CLM_0010753,ACC_000117
CLM_0010754,ACC_001200
CLM_0010755,ACC_000633
CLM_0010756,ACC_000074
CLM_0010757,ACC_000074
CLM_0010758,ACC_000074
CLM_0010759,ACC_001076
CLM_0010760,ACC_000516
CLM_0010761,ACC_000060
CLM_0010762,ACC_000060
CLM_0010763,ACC_000060
CLM_0010764,ACC_000855
CLM_0010765,ACC_000855
CLM_0010766,ACC_000855
CLM_0010767,ACC_000153
CLM_0010768,ACC_000153
CLM_0010769,ACC_000153
CLM_0010770,ACC_000101
CLM_0010771,ACC_000101
CLM_0010772,ACC_000641
CLM_0010773,ACC_000641
CLM_0010774,ACC_000910
CLM_0010775,ACC_000910
CLM_0010776,ACC_000282
CLM_0010777,ACC_000282
CLM_0010778,ACC_000143
CLM_0010779,ACC_000143
CLM_0010780,ACC_000143
CLM_0010781,ACC_000911
CLM_0010782,ACC_000911
CLM_0010783,ACC_000685
CLM_0010784,ACC_000685
CLM_0010785,ACC_000685
CLM_0010786,ACC_001026
CLM_0010787,ACC_000402
CLM_0010788,ACC_000402
CLM_0010789,ACC_000464
CLM_0010790,ACC_001076
CLM_0010791,ACC_001076
CLM_0010792,ACC_001076
CLM_0010793,ACC_000749
CLM_0010794,ACC_000117
CLM_0010795,ACC_000561
CLM_0010796,ACC_000561
CLM_0010797,ACC_000095
CLM_0010798,ACC_000095
CLM_0010799,ACC_000060
CLM_0010800,ACC_000060
CLM_0010801,ACC_000060
CLM_0010802,ACC_001016
CLM_0010803,ACC_000685
CLM_0010804,ACC_000685
CLM_0010805,ACC_000685
CLM_0010806,ACC_000043
CLM_0010807,ACC_000043
CLM_0010808,ACC_000910
CLM_0010809,ACC_000878
CLM_0010810,ACC_000878
CLM_0010811,ACC_000878
CLM_0010812,ACC_001196
CLM_0010813,ACC_000394
CLM_0010814,ACC_000855
CLM_0010815,ACC_000855
CLM_0010816,ACC_000855
CLM_0010817,ACC_000410
CLM_0010818,ACC_000410
CLM_0010819,ACC_000282
CLM_0010820,ACC_001015
CLM_0010821,ACC_001015
CLM_0010822,ACC_001015
CLM_0010823,ACC_000143
CLM_0010824,ACC_000143
CLM_0010825,ACC_001017
CLM_0010826,ACC_000517
CLM_0010827,ACC_000517
CLM_0010828,ACC_000043
CLM_0010829,ACC_000043
CLM_0010830,ACC_000043
CLM_0010831,ACC_000282
CLM_0010832,ACC_000282
CLM_0010833,ACC_000854
CLM_0010834,ACC_000854
CLM_0010835,ACC_000856
CLM_0010836,ACC_000856
CLM_0010837,ACC_001058
CLM_0010838,ACC_001058
CLM_0010839,ACC_001058
CLM_0010840,ACC_000283
CLM_0010841,ACC_000498
CLM_0010842,ACC_000397
CLM_0010843,ACC_000397
CLM_0010844,ACC_000397
CLM_0010845,ACC_000498
CLM_0010846,ACC_000498
CLM_0010847,ACC_000808
CLM_0010848,ACC_000808
CLM_0010849,ACC_000808
CLM_0010850,ACC_000517
CLM_0010851,ACC_000517
CLM_0010852,ACC_000194
CLM_0010853,ACC_000194
CLM_0010854,ACC_000283
CLM_0010855,ACC_000283
CLM_0010856,ACC_000283
CLM_0010857,ACC_000283
CLM_0010858,ACC_000283
CLM_0010859,ACC_000419
CLM_0010860,ACC_001093
CLM_0010861,ACC_001093
CLM_0010862,ACC_000984
CLM_0010863,ACC_000153
CLM_0010864,ACC_000153
CLM_0010865,ACC_000153
CLM_0010866,ACC_000412
CLM_0010867,ACC_000408
CLM_0010868,ACC_000408
CLM_0010869,ACC_000911
CLM_0010870,ACC_000911
CLM_0010871,ACC_000282
CLM_0010872,ACC_000282
CLM_0010873,ACC_000282
CLM_0010874,ACC_000700
CLM_0010875,ACC_000700
CLM_0010876,ACC_000407
CLM_0010877,ACC_000407
CLM_0010878,ACC_000911
CLM_0010879,ACC_000911
CLM_0010880,ACC_000911
CLM_0010881,ACC_000855
CLM_0010882,ACC_000855
CLM_0010883,ACC_000855
CLM_0010884,ACC_001088
CLM_0010885,ACC_001088
CLM_0010886,ACC_000878
CLM_0010887,ACC_000878
CLM_0010888,ACC_000878
CLM_0010889,ACC_000873
CLM_0010890,ACC_000873
CLM_0010891,ACC_000873
CLM_0010892,ACC_000855
CLM_0010893,ACC_000911
CLM_0010894,ACC_000282
CLM_0010895,ACC_000282
CLM_0010896,ACC_000960
CLM_0010897,ACC_000818
CLM_0010898,ACC_000818
CLM_0010899,ACC_000818
CLM_0010900,ACC_000113
CLM_0010901,ACC_000856
CLM_0010902,ACC_000856
CLM_0010903,ACC_000856
CLM_0010904,ACC_000405
CLM_0010905,ACC_000405
CLM_0010906,ACC_000405
CLM_0010907,ACC_001076
CLM_0010908,ACC_001076
CLM_0010909,ACC_001076
CLM_0010910,ACC_000407
CLM_0010911,ACC_000061
CLM_0010912,ACC_000061
CLM_0010913,ACC_000061
CLM_0010914,ACC_000911
CLM_0010915,ACC_000911
CLM_0010916,ACC_000911
CLM_0010917,ACC_000144
CLM_0010918,ACC_000144
CLM_0010919,ACC_000144
CLM_0010920,ACC_000144
CLM_0010921,ACC_000019
CLM_0010922,ACC_000019
CLM_0010923,ACC_000019
CLM_0010924,ACC_001055
CLM_0010925,ACC_001055
CLM_0010926,ACC_000331
CLM_0010927,ACC_000283
CLM_0010928,ACC_000283
CLM_0010929,ACC_000856
CLM_0010930,ACC_001017
CLM_0010931,ACC_001017
CLM_0010932,ACC_001017
CLM_0010933,ACC_000188
CLM_0010934,ACC_001138
CLM_0010935,ACC_001138
CLM_0010936,ACC_001138
CLM_0010937,ACC_000667
CLM_0010938,ACC_000282
CLM_0010939,ACC_000984
CLM_0010940,ACC_000873
CLM_0010941,ACC_000873
CLM_0010942,ACC_000854
CLM_0010943,ACC_000854
CLM_0010944,ACC_000412
CLM_0010945,ACC_000412
CLM_0010946,ACC_000283
CLM_0010947,ACC_000283
CLM_0010948,ACC_000171
CLM_0010949,ACC_000171
CLM_0010950,ACC_000171
CLM_0010951,ACC_000409
CLM_0010952,ACC_000409
CLM_0010953,ACC_000748
CLM_0010954,ACC_000748
CLM_0010955,ACC_000748
CLM_0010956,ACC_001017
CLM_0010957,ACC_001017
CLM_0010958,ACC_001017
CLM_0010959,ACC_000312
CLM_0010960,ACC_000312
CLM_0010961,ACC_001057
CLM_0010962,ACC_001057
CLM_0010963,ACC_000282
CLM_0010964,ACC_000043
CLM_0010965,ACC_000043
CLM_0010966,ACC_000043
CLM_0010967,ACC_001095
CLM_0010968,ACC_001095
CLM_0010969,ACC_001095
CLM_0010970,ACC_000332
CLM_0010971,ACC_000862
CLM_0010972,ACC_000862
CLM_0010973,ACC_000814
CLM_0010974,ACC_000814
CLM_0010975,ACC_000412
CLM_0010976,ACC_000412
CLM_0010977,ACC_000641
CLM_0010978,ACC_000911
CLM_0010979,ACC_000911
CLM_0010980,ACC_000873
CLM_0010981,ACC_000873
CLM_0010982,ACC_000873
CLM_0010983,ACC_001088
CLM_0010984,ACC_001088
CLM_0010985,ACC_001088
CLM_0010986,ACC_000408
CLM_0010987,ACC_000408
CLM_0010988,ACC_000408
CLM_0010989,ACC_000999
CLM_0010990,ACC_000999
CLM_0010991,ACC_000330
CLM_0010992,ACC_000330
CLM_0010993,ACC_000410
CLM_0010994,ACC_000410
CLM_0010995,ACC_000045
CLM_0010996,ACC_000045
CLM_0010997,ACC_000402
CLM_0010998,ACC_000408
CLM_0010999,ACC_000408
CLM_0011000,ACC_000408
CLM_0011001,ACC_000283
CLM_0011002,ACC_000283
CLM_0011003,ACC_000283
CLM_0011004,ACC_000813
CLM_0011005,ACC_000813
CLM_0011006,ACC_000405
CLM_0011007,ACC_000405
CLM_0011008,ACC_000405
CLM_0011009,ACC_000808
CLM_0011010,ACC_000808
CLM_0011011,ACC_000844
CLM_0011012,ACC_000060
CLM_0011013,ACC_000060
CLM_0011014,ACC_000060
CLM_0011015,ACC_000283
CLM_0011016,ACC_000144
CLM_0011017,ACC_000144
CLM_0011018,ACC_000144
CLM_0011019,ACC_000772
CLM_0011020,ACC_000772
CLM_0011021,ACC_000772
CLM_0011022,ACC_000910
CLM_0011023,ACC_000910
CLM_0011024,ACC_000910
CLM_0011025,ACC_000402
CLM_0011026,ACC_000402
CLM_0011027,ACC_000856
CLM_0011028,ACC_000856
CLM_0011029,ACC_000856
CLM_0011030,ACC_000847
CLM_0011031,ACC_000847
CLM_0011032,ACC_000780
CLM_0011033,ACC_000780
CLM_0011034,ACC_000780
CLM_0011035,ACC_000032
CLM_0011036,ACC_000911
CLM_0011037,ACC_000410
CLM_0011038,ACC_000410
CLM_0011039,ACC_000410
CLM_0011040,ACC_000498
CLM_0011041,ACC_000498
CLM_0011042,ACC_000498
CLM_0011043,ACC_000813
CLM_0011044,ACC_000813
CLM_0011045,ACC_000333
CLM_0011046,ACC_000333
CLM_0011047,ACC_000193
CLM_0011048,ACC_000193
CLM_0011049,ACC_000060
CLM_0011050,ACC_000060
CLM_0011051,ACC_000060
CLM_0011052,ACC_000332
CLM_0011053,ACC_000332
CLM_0011054,ACC_000332
CLM_0011055,ACC_000814
CLM_0011056,ACC_000814
CLM_0011057,ACC_001017
CLM_0011058,ACC_001017
CLM_0011059,ACC_001017
CLM_0011060,ACC_001058
CLM_0011061,ACC_001058
CLM_0011062,ACC_001072
CLM_0011063,ACC_001072
CLM_0011064,ACC_000282
CLM_0011065,ACC_000282
CLM_0011066,ACC_000082
CLM_0011067,ACC_000082
CLM_0011068,ACC_001146
CLM_0011069,ACC_000781
CLM_0011070,ACC_000781
CLM_0011071,ACC_000781
CLM_0011072,ACC_001004
CLM_0011073,ACC_000524
CLM_0011074,ACC_000524
CLM_0011075,ACC_000524
CLM_0011076,ACC_001138
CLM_0011077,ACC_001138
CLM_0011078,ACC_000911
CLM_0011079,ACC_000394
CLM_0011080,ACC_000394
CLM_0011081,ACC_000117
CLM_0011082,ACC_000117
CLM_0011083,ACC_000984
CLM_0011084,ACC_000984
CLM_0011085,ACC_000984
CLM_0011086,ACC_000410
CLM_0011087,ACC_000410
CLM_0011088,ACC_000410
CLM_0011089,ACC_000333
CLM_0011090,ACC_000043
CLM_0011091,ACC_000060
CLM_0011092,ACC_000100
CLM_0011093,ACC_000100
CLM_0011094,ACC_000246
CLM_0011095,ACC_000246
CLM_0011096,ACC_000246
CLM_0011097,ACC_000749
CLM_0011098,ACC_000749
CLM_0011099,ACC_000060
CLM_0011100,ACC_000060
CLM_0011101,ACC_000060
CLM_0011102,ACC_000781
CLM_0011103,ACC_000084
CLM_0011104,ACC_000084
CLM_0011105,ACC_000084
CLM_0011106,ACC_001017
CLM_0011107,ACC_001017
CLM_0011108,ACC_001055
CLM_0011109,ACC_001055
CLM_0011110,ACC_001055
CLM_0011111,ACC_000392
CLM_0011112,ACC_000392
CLM_0011113,ACC_000862
CLM_0011114,ACC_000862
CLM_0011115,ACC_001017
CLM_0011116,ACC_001017
CLM_0011117,ACC_001016
CLM_0011118,ACC_000043
CLM_0011119,ACC_000043
CLM_0011120,ACC_000043
CLM_0011121,ACC_000409
CLM_0011122,ACC_000409
CLM_0011123,ACC_000409
CLM_0011124,ACC_000060
CLM_0011125,ACC_000958
CLM_0011126,ACC_000958
CLM_0011127,ACC_000922
CLM_0011128,ACC_000143
CLM_0011129,ACC_000143
CLM_0011130,ACC_000814
CLM_0011131,ACC_000814
CLM_0011132,ACC_000407
CLM_0011133,ACC_000407
CLM_0011134,ACC_000407
CLM_0011135,ACC_000282
CLM_0011136,ACC_000282
CLM_0011137,ACC_000282
CLM_0011138,ACC_000411
CLM_0011139,ACC_000411
CLM_0011140,ACC_000411
CLM_0011141,ACC_000283
CLM_0011142,ACC_000283
CLM_0011143,ACC_000855
CLM_0011144,ACC_000855
CLM_0011145,ACC_000855
CLM_0011146,ACC_000943
CLM_0011147,ACC_000943
CLM_0011148,ACC_000943
CLM_0011149,ACC_000906
CLM_0011150,ACC_000906
CLM_0011151,ACC_000906
CLM_0011152,ACC_000872
CLM_0011153,ACC_000872
CLM_0011154,ACC_000872
CLM_0011155,ACC_000282
CLM_0011156,ACC_000282
CLM_0011157,ACC_000282
CLM_0011158,ACC_000397
CLM_0011159,ACC_000397
CLM_0011160,ACC_000798
CLM_0011161,ACC_000061
CLM_0011162,ACC_000061
CLM_0011163,ACC_001189
CLM_0011164,ACC_001189
CLM_0011165,ACC_001189
CLM_0011166,ACC_000518
CLM_0011167,ACC_000518
CLM_0011168,ACC_000379
CLM_0011169,ACC_000379
CLM_0011170,ACC_000379
CLM_0011171,ACC_000813
CLM_0011172,ACC_000813
CLM_0011173,ACC_000569
CLM_0011174,ACC_000569
CLM_0011175,ACC_000569
CLM_0011176,ACC_000854
CLM_0011177,ACC_000854
CLM_0011178,ACC_000854
CLM_0011179,ACC_000060
CLM_0011180,ACC_000060
CLM_0011181,ACC_000640
CLM_0011182,ACC_000192
CLM_0011183,ACC_000712
CLM_0011184,ACC_000712
CLM_0011185,ACC_000712
CLM_0011186,ACC_000856
CLM_0011187,ACC_000856
CLM_0011188,ACC_000060
CLM_0011189,ACC_000060
CLM_0011190,ACC_000407
CLM_0011191,ACC_000407
CLM_0011192,ACC_000407
CLM_0011193,ACC_000318
CLM_0011194,ACC_000318
CLM_0011195,ACC_000318
CLM_0011196,ACC_000847
CLM_0011197,ACC_000847
CLM_0011198,ACC_000320
CLM_0011199,ACC_000320
CLM_0011200,ACC_000320
CLM_0011201,ACC_000282
CLM_0011202,ACC_000282
CLM_0011203,ACC_000060
CLM_0011204,ACC_000060
CLM_0011205,ACC_000060
CLM_0011206,ACC_000060
CLM_0011207,ACC_000060
CLM_0011208,ACC_000409
CLM_0011209,ACC_000409
CLM_0011210,ACC_000409
CLM_0011211,ACC_000410
CLM_0011212,ACC_000060
CLM_0011213,ACC_000060
CLM_0011214,ACC_000910
CLM_0011215,ACC_000283
CLM_0011216,ACC_000283
CLM_0011217,ACC_000283
CLM_0011218,ACC_000282
CLM_0011219,ACC_000282
CLM_0011220,ACC_000282
CLM_0011221,ACC_000572
CLM_0011222,ACC_000572
CLM_0011223,ACC_000572
CLM_0011224,ACC_000498
CLM_0011225,ACC_000498
CLM_0011226,ACC_000498
CLM_0011227,ACC_000061
CLM_0011228,ACC_001056
CLM_0011229,ACC_001056
CLM_0011230,ACC_000283
CLM_0011231,ACC_000283
CLM_0011232,ACC_000283
CLM_0011233,ACC_000283
CLM_0011234,ACC_000333
CLM_0011235,ACC_000060
CLM_0011236,ACC_000060
CLM_0011237,ACC_000060
CLM_0011238,ACC_000411
CLM_0011239,ACC_000411
CLM_0011240,ACC_000411
CLM_0011241,ACC_000283
CLM_0011242,ACC_000283
CLM_0011243,ACC_000282
CLM_0011244,ACC_000282
CLM_0011245,ACC_000282
CLM_0011246,ACC_000209
CLM_0011247,ACC_000209
CLM_0011248,ACC_000209
CLM_0011249,ACC_001058
CLM_0011250,ACC_001058
CLM_0011251,ACC_000486
CLM_0011252,ACC_000486
CLM_0011253,ACC_000044
CLM_0011254,ACC_001017
CLM_0011255,ACC_001017
CLM_0011256,ACC_000060
CLM_0011257,ACC_000060
CLM_0011258,ACC_000060
CLM_0011259,ACC_000282
CLM_0011260,ACC_001089
CLM_0011261,ACC_001089
CLM_0011262,ACC_001158
CLM_0011263,ACC_001158
CLM_0011264,ACC_001158
CLM_0011265,ACC_000083
CLM_0011266,ACC_000083
CLM_0011267,ACC_000083
CLM_0011268,ACC_000911
CLM_0011269,ACC_000412
CLM_0011270,ACC_000363
CLM_0011271,ACC_000363
CLM_0011272,ACC_000895
CLM_0011273,ACC_000895
CLM_0011274,ACC_000459
CLM_0011275,ACC_000459
CLM_0011276,ACC_000143
CLM_0011277,ACC_000410
CLM_0011278,ACC_000410
CLM_0011279,ACC_001057
CLM_0011280,ACC_001057
CLM_0011281,ACC_001057
CLM_0011282,ACC_000401
CLM_0011283,ACC_000401
CLM_0011284,ACC_000401
CLM_0011285,ACC_000640
CLM_0011286,ACC_000640
CLM_0011287,ACC_000283
CLM_0011288,ACC_000283
CLM_0011289,ACC_000043
CLM_0011290,ACC_000408
CLM_0011291,ACC_000408
CLM_0011292,ACC_000408
CLM_0011293,ACC_000459
CLM_0011294,ACC_000459
CLM_0011295,ACC_000459
CLM_0011296,ACC_000175
CLM_0011297,ACC_000175
CLM_0011298,ACC_000061
CLM_0011299,ACC_000061
CLM_0011300,ACC_000408
CLM_0011301,ACC_000408
CLM_0011302,ACC_000143
CLM_0011303,ACC_000143
CLM_0011304,ACC_001191
CLM_0011305,ACC_000283
CLM_0011306,ACC_000283
CLM_0011307,ACC_000283
CLM_0011308,ACC_001052
CLM_0011309,ACC_000408
CLM_0011310,ACC_000608
CLM_0011311,ACC_000407
CLM_0011312,ACC_000407
CLM_0011313,ACC_000407
CLM_0011314,ACC_001058
CLM_0011315,ACC_001058
CLM_0011316,ACC_001095
CLM_0011317,ACC_001095
CLM_0011318,ACC_001017
CLM_0011319,ACC_001017
CLM_0011320,ACC_000873
CLM_0011321,ACC_000873
CLM_0011322,ACC_000282
CLM_0011323,ACC_000561
CLM_0011324,ACC_001072
CLM_0011325,ACC_000045
CLM_0011326,ACC_000045
CLM_0011327,ACC_000283
CLM_0011328,ACC_000283
CLM_0011329,ACC_000037
CLM_0011330,ACC_000037
CLM_0011331,ACC_000037
CLM_0011332,ACC_001055
CLM_0011333,ACC_001055
CLM_0011334,ACC_001055
CLM_0011335,ACC_000411
CLM_0011336,ACC_000411
CLM_0011337,ACC_000411
CLM_0011338,ACC_000144
CLM_0011339,ACC_000144
CLM_0011340,ACC_000042
CLM_0011341,ACC_000060
CLM_0011342,ACC_000061
CLM_0011343,ACC_000061
CLM_0011344,ACC_000283
CLM_0011345,ACC_000283
CLM_0011346,ACC_000854
CLM_0011347,ACC_000854
CLM_0011348,ACC_000854
CLM_0011349,ACC_000282
CLM_0011350,ACC_000282
CLM_0011351,ACC_000282
CLM_0011352,ACC_000642
CLM_0011353,ACC_000408
CLM_0011354,ACC_000408
CLM_0011355,ACC_000282
CLM_0011356,ACC_000282
CLM_0011357,ACC_000282
CLM_0011358,ACC_000283
CLM_0011359,ACC_000060
CLM_0011360,ACC_000060
CLM_0011361,ACC_001055
CLM_0011362,ACC_001055
CLM_0011363,ACC_000719
CLM_0011364,ACC_000719
CLM_0011365,ACC_000891
CLM_0011366,ACC_000891
CLM_0011367,ACC_000891
CLM_0011368,ACC_000282
CLM_0011369,ACC_000282
CLM_0011370,ACC_000282
CLM_0011371,ACC_000061
CLM_0011372,ACC_000061
CLM_0011373,ACC_000061
CLM_0011374,ACC_000282
CLM_0011375,ACC_000854
CLM_0011376,ACC_000854
CLM_0011377,ACC_000854
CLM_0011378,ACC_000179
CLM_0011379,ACC_000179
CLM_0011380,ACC_000179
CLM_0011381,ACC_000374
CLM_0011382,ACC_000374
CLM_0011383,ACC_000374
CLM_0011384,ACC_000283
CLM_0011385,ACC_001072
CLM_0011386,ACC_001072
CLM_0011387,ACC_001072
CLM_0011388,ACC_000061
CLM_0011389,ACC_000061
CLM_0011390,ACC_000061
CLM_0011391,ACC_000710
CLM_0011392,ACC_000409
CLM_0011393,ACC_000854
CLM_0011394,ACC_000854
CLM_0011395,ACC_000969
CLM_0011396,ACC_000969
CLM_0011397,ACC_000969
CLM_0011398,ACC_000282
CLM_0011399,ACC_000282
CLM_0011400,ACC_000407
CLM_0011401,ACC_000407
CLM_0011402,ACC_000407
CLM_0011403,ACC_000280
CLM_0011404,ACC_000280
CLM_0011405,ACC_000280
CLM_0011406,ACC_000282
CLM_0011407,ACC_000282
CLM_0011408,ACC_000282
CLM_0011409,ACC_000855
CLM_0011410,ACC_000855
CLM_0011411,ACC_000855
CLM_0011412,ACC_000408
CLM_0011413,ACC_000408
CLM_0011414,ACC_000631
CLM_0011415,ACC_000631
CLM_0011416,ACC_000631
CLM_0011417,ACC_000061
CLM_0011418,ACC_001054
CLM_0011419,ACC_001054
CLM_0011420,ACC_001054
CLM_0011421,ACC_000171
CLM_0011422,ACC_000171
CLM_0011423,ACC_000716
CLM_0011424,ACC_000716
CLM_0011425,ACC_001157
CLM_0011426,ACC_001157
CLM_0011427,ACC_001157
CLM_0011428,ACC_000516
CLM_0011429,ACC_000043
CLM_0011430,ACC_000043
CLM_0011431,ACC_000043
CLM_0011432,ACC_000061
CLM_0011433,ACC_000061
CLM_0011434,ACC_000843
CLM_0011435,ACC_000392
CLM_0011436,ACC_000273
CLM_0011437,ACC_000273
CLM_0011438,ACC_000273
CLM_0011439,ACC_000093
CLM_0011440,ACC_000093
CLM_0011441,ACC_000453
CLM_0011442,ACC_000453
CLM_0011443,ACC_000407
CLM_0011444,ACC_000407
CLM_0011445,ACC_000911
CLM_0011446,ACC_000911
CLM_0011447,ACC_000911
CLM_0011448,ACC_000910
CLM_0011449,ACC_000321
CLM_0011450,ACC_000748
CLM_0011451,ACC_000813
CLM_0011452,ACC_001019
CLM_0011453,ACC_001019
CLM_0011454,ACC_001094
CLM_0011455,ACC_001094
CLM_0011456,ACC_001191
CLM_0011457,ACC_001196
CLM_0011458,ACC_001196
CLM_0011459,ACC_001138
CLM_0011460,ACC_000638
CLM_0011461,ACC_000638
CLM_0011462,ACC_000638
CLM_0011463,ACC_001138
CLM_0011464,ACC_001138
CLM_0011465,ACC_000911
CLM_0011466,ACC_000273
CLM_0011467,ACC_000273
CLM_0011468,ACC_000273
CLM_0011469,ACC_000855
CLM_0011470,ACC_000855
CLM_0011471,ACC_000412
CLM_0011472,ACC_000412
CLM_0011473,ACC_000412
CLM_0011474,ACC_000407
CLM_0011475,ACC_000407
CLM_0011476,ACC_000410
CLM_0011477,ACC_001114
CLM_0011478,ACC_000020
CLM_0011479,ACC_000020
CLM_0011480,ACC_000153
CLM_0011481,ACC_000153
CLM_0011482,ACC_000408
CLM_0011483,ACC_000408
CLM_0011484,ACC_000588
CLM_0011485,ACC_001037
CLM_0011486,ACC_001037
CLM_0011487,ACC_001037
CLM_0011488,ACC_000045
CLM_0011489,ACC_000045
CLM_0011490,ACC_000984
CLM_0011491,ACC_000984
CLM_0011492,ACC_000984
CLM_0011493,ACC_000769
CLM_0011494,ACC_000769
CLM_0011495,ACC_000769
CLM_0011496,ACC_001094
CLM_0011497,ACC_000412
CLM_0011498,ACC_000412
CLM_0011499,ACC_000412
CLM_0011500,ACC_001018
CLM_0011501,ACC_001018
CLM_0011502,ACC_000394
CLM_0011503,ACC_000394
CLM_0011504,ACC_000394
CLM_0011505,ACC_000407
CLM_0011506,ACC_000043
CLM_0011507,ACC_000043
CLM_0011508,ACC_000410
CLM_0011509,ACC_000410
CLM_0011510,ACC_000518
CLM_0011511,ACC_000518
CLM_0011512,ACC_000518
CLM_0011513,ACC_000283
CLM_0011514,ACC_000663
CLM_0011515,ACC_000663
CLM_0011516,ACC_000663
CLM_0011517,ACC_000282
CLM_0011518,ACC_000282
CLM_0011519,ACC_000282
CLM_0011520,ACC_000409
CLM_0011521,ACC_000409
CLM_0011522,ACC_000408
CLM_0011523,ACC_000409
CLM_0011524,ACC_000282
CLM_0011525,ACC_000408
CLM_0011526,ACC_000408
CLM_0011527,ACC_000408
CLM_0011528,ACC_000061
CLM_0011529,ACC_000283
CLM_0011530,ACC_000283
CLM_0011531,ACC_000283
CLM_0011532,ACC_000061
CLM_0011533,ACC_000061
CLM_0011534,ACC_000283
CLM_0011535,ACC_000910
CLM_0011536,ACC_000910
CLM_0011537,ACC_000749
CLM_0011538,ACC_001054
CLM_0011539,ACC_001054
CLM_0011540,ACC_000282
CLM_0011541,ACC_000282
CLM_0011542,ACC_000008
CLM_0011543,ACC_000008
CLM_0011544,ACC_000331
CLM_0011545,ACC_000331
CLM_0011546,ACC_000411
CLM_0011547,ACC_000433
CLM_0011548,ACC_000433
CLM_0011549,ACC_000433
CLM_0011550,ACC_001057
CLM_0011551,ACC_000282
CLM_0011552,ACC_000333
CLM_0011553,ACC_000333
CLM_0011554,ACC_000283
CLM_0011555,ACC_000117
CLM_0011556,ACC_000907
CLM_0011557,ACC_000907
CLM_0011558,ACC_000907
CLM_0011559,ACC_000855
CLM_0011560,ACC_000855
CLM_0011561,ACC_000748
CLM_0011562,ACC_000063
CLM_0011563,ACC_000063
CLM_0011564,ACC_000063
CLM_0011565,ACC_000410
CLM_0011566,ACC_000410
CLM_0011567,ACC_001138
CLM_0011568,ACC_001138
CLM_0011569,ACC_001076
CLM_0011570,ACC_000380
CLM_0011571,ACC_000320
CLM_0011572,ACC_000590
CLM_0011573,ACC_000333
CLM_0011574,ACC_000333
CLM_0011575,ACC_000333
CLM_0011576,ACC_001017
CLM_0011577,ACC_001017
CLM_0011578,ACC_001017
CLM_0011579,ACC_000061
CLM_0011580,ACC_000061
CLM_0011581,ACC_000061
CLM_0011582,ACC_000910
CLM_0011583,ACC_000910
CLM_0011584,ACC_000910
CLM_0011585,ACC_000060
CLM_0011586,ACC_000060
CLM_0011587,ACC_000060
CLM_0011588,ACC_000144
CLM_0011589,ACC_000144
CLM_0011590,ACC_000144
CLM_0011591,ACC_000239
CLM_0011592,ACC_000239
CLM_0011593,ACC_000464
CLM_0011594,ACC_000084
CLM_0011595,ACC_000084
CLM_0011596,ACC_000283
CLM_0011597,ACC_000283
CLM_0011598,ACC_001076
CLM_0011599,ACC_001076
CLM_0011600,ACC_000685
CLM_0011601,ACC_000685
CLM_0011602,ACC_000411
CLM_0011603,ACC_000411
CLM_0011604,ACC_000283
CLM_0011605,ACC_000061
CLM_0011606,ACC_000061
CLM_0011607,ACC_001016
CLM_0011608,ACC_001016
CLM_0011609,ACC_000402
CLM_0011610,ACC_000402
CLM_0011611,ACC_000402
CLM_0011612,ACC_000060
CLM_0011613,ACC_000060
CLM_0011614,ACC_000060
CLM_0011615,ACC_000445
CLM_0011616,ACC_000445
CLM_0011617,ACC_000283
CLM_0011618,ACC_000283
CLM_0011619,ACC_000283
CLM_0011620,ACC_001054
CLM_0011621,ACC_001054
CLM_0011622,ACC_001076
CLM_0011623,ACC_000411
CLM_0011624,ACC_000872
CLM_0011625,ACC_000872
CLM_0011626,ACC_000872
CLM_0011627,ACC_001056
CLM_0011628,ACC_001055
CLM_0011629,ACC_000517
CLM_0011630,ACC_000517
CLM_0011631,ACC_001016
CLM_0011632,ACC_001016
CLM_0011633,ACC_000219
CLM_0011634,ACC_000219
CLM_0011635,ACC_000019
CLM_0011636,ACC_000019
CLM_0011637,ACC_000019
CLM_0011638,ACC_000283
CLM_0011639,ACC_000283
CLM_0011640,ACC_001015
CLM_0011641,ACC_001015
CLM_0011642,ACC_001015
CLM_0011643,ACC_000143
CLM_0011644,ACC_000143
CLM_0011645,ACC_000442
CLM_0011646,ACC_000283
CLM_0011647,ACC_000283
CLM_0011648,ACC_000172
CLM_0011649,ACC_000172
CLM_0011650,ACC_000283
CLM_0011651,ACC_000283
CLM_0011652,ACC_000659
CLM_0011653,ACC_000659
CLM_0011654,ACC_000498
CLM_0011655,ACC_000498
CLM_0011656,ACC_000498
CLM_0011657,ACC_000410
CLM_0011658,ACC_000410
CLM_0011659,ACC_000410
CLM_0011660,ACC_000412
CLM_0011661,ACC_000412
CLM_0011662,ACC_000910
CLM_0011663,ACC_001054
CLM_0011664,ACC_000283
CLM_0011665,ACC_000283
CLM_0011666,ACC_000283
CLM_0011667,ACC_000855
CLM_0011668,ACC_000855
CLM_0011669,ACC_000855
CLM_0011670,ACC_000379
CLM_0011671,ACC_000379
CLM_0011672,ACC_000282
CLM_0011673,ACC_000282
CLM_0011674,ACC_000282
CLM_0011675,ACC_000260
CLM_0011676,ACC_000260
CLM_0011677,ACC_000411
CLM_0011678,ACC_000411
CLM_0011679,ACC_000411
CLM_0011680,ACC_000132
CLM_0011681,ACC_000132
CLM_0011682,ACC_001138
CLM_0011683,ACC_001138
CLM_0011684,ACC_000410
CLM_0011685,ACC_000410
CLM_0011686,ACC_000060
CLM_0011687,ACC_000060
CLM_0011688,ACC_001158
CLM_0011689,ACC_001158
CLM_0011690,ACC_001158
CLM_0011691,ACC_001048
CLM_0011692,ACC_001048
CLM_0011693,ACC_000280
CLM_0011694,ACC_000143
CLM_0011695,ACC_000143
CLM_0011696,ACC_000143
CLM_0011697,ACC_000910
CLM_0011698,ACC_001138
CLM_0011699,ACC_000283
CLM_0011700,ACC_000283
CLM_0011701,ACC_000649
CLM_0011702,ACC_000061
CLM_0011703,ACC_000061
CLM_0011704,ACC_000061
CLM_0011705,ACC_000411
CLM_0011706,ACC_000411
CLM_0011707,ACC_000518
CLM_0011708,ACC_000518
CLM_0011709,ACC_000408
CLM_0011710,ACC_000408
CLM_0011711,ACC_000408
CLM_0011712,ACC_000408
CLM_0011713,ACC_000283
CLM_0011714,ACC_000283
CLM_0011715,ACC_000044
CLM_0011716,ACC_000044
CLM_0011717,ACC_000044
CLM_0011718,ACC_000958
CLM_0011719,ACC_000814
CLM_0011720,ACC_000911
CLM_0011721,ACC_000911
CLM_0011722,ACC_000911
CLM_0011723,ACC_000464
CLM_0011724,ACC_000282
CLM_0011725,ACC_000282
CLM_0011726,ACC_000061
CLM_0011727,ACC_000061
CLM_0011728,ACC_000061
CLM_0011729,ACC_000273
CLM_0011730,ACC_000273
CLM_0011731,ACC_000273
CLM_0011732,ACC_000718
CLM_0011733,ACC_000718
CLM_0011734,ACC_000718
CLM_0011735,ACC_000813
CLM_0011736,ACC_000060
CLM_0011737,ACC_000060
CLM_0011738,ACC_000060
CLM_0011739,ACC_000060
CLM_0011740,ACC_000060
CLM_0011741,ACC_000911
CLM_0011742,ACC_000514
CLM_0011743,ACC_000514
CLM_0011744,ACC_000514
CLM_0011745,ACC_000411
CLM_0011746,ACC_000411
CLM_0011747,ACC_000411
CLM_0011748,ACC_000516
CLM_0011749,ACC_000853
CLM_0011750,ACC_000853
CLM_0011751,ACC_000407
CLM_0011752,ACC_000407
CLM_0011753,ACC_000407
CLM_0011754,ACC_000770
CLM_0011755,ACC_000878
CLM_0011756,ACC_000878
CLM_0011757,ACC_000878
CLM_0011758,ACC_000043
CLM_0011759,ACC_000043
CLM_0011760,ACC_000043
CLM_0011761,ACC_000408
CLM_0011762,ACC_000408
CLM_0011763,ACC_000911
CLM_0011764,ACC_000283
CLM_0011765,ACC_000283
CLM_0011766,ACC_000283
CLM_0011767,ACC_000407
CLM_0011768,ACC_000407
CLM_0011769,ACC_000061
CLM_0011770,ACC_000061
CLM_0011771,ACC_000061
CLM_0011772,ACC_000844
CLM_0011773,ACC_000844
CLM_0011774,ACC_000844
CLM_0011775,ACC_000813
CLM_0011776,ACC_000813
CLM_0011777,ACC_000813
CLM_0011778,ACC_000283
CLM_0011779,ACC_000283
CLM_0011780,ACC_000283
CLM_0011781,ACC_000408
CLM_0011782,ACC_000696
CLM_0011783,ACC_000696
CLM_0011784,ACC_001088
CLM_0011785,ACC_001088
CLM_0011786,ACC_000710
CLM_0011787,ACC_000710
CLM_0011788,ACC_000409
CLM_0011789,ACC_000409
CLM_0011790,ACC_000409
CLM_0011791,ACC_000832
CLM_0011792,ACC_000832
CLM_0011793,ACC_000832
CLM_0011794,ACC_000911
CLM_0011795,ACC_000911
CLM_0011796,ACC_000911
CLM_0011797,ACC_000910
CLM_0011798,ACC_000238
CLM_0011799,ACC_000238
CLM_0011800,ACC_000904
CLM_0011801,ACC_000904
CLM_0011802,ACC_001015
CLM_0011803,ACC_000910
CLM_0011804,ACC_000516
CLM_0011805,ACC_000516
CLM_0011806,ACC_000045
CLM_0011807,ACC_000873
CLM_0011808,ACC_000873
CLM_0011809,ACC_000283
CLM_0011810,ACC_000903
CLM_0011811,ACC_000903
CLM_0011812,ACC_000331
CLM_0011813,ACC_000412
CLM_0011814,ACC_001058
CLM_0011815,ACC_001058
CLM_0011816,ACC_000407
CLM_0011817,ACC_000407
CLM_0011818,ACC_000407
CLM_0011819,ACC_000282
CLM_0011820,ACC_000609
CLM_0011821,ACC_000410
CLM_0011822,ACC_000020
CLM_0011823,ACC_000020
CLM_0011824,ACC_000020
CLM_0011825,ACC_000412
CLM_0011826,ACC_000903
CLM_0011827,ACC_000831
CLM_0011828,ACC_000831
CLM_0011829,ACC_000879
CLM_0011830,ACC_000879
CLM_0011831,ACC_000061
CLM_0011832,ACC_000061
CLM_0011833,ACC_000061
CLM_0011834,ACC_000748
CLM_0011835,ACC_000748
CLM_0011836,ACC_000748
CLM_0011837,ACC_000143
CLM_0011838,ACC_000143
CLM_0011839,ACC_000872
CLM_0011840,ACC_000872
CLM_0011841,ACC_000409
CLM_0011842,ACC_000409
CLM_0011843,ACC_000409
CLM_0011844,ACC_000211
CLM_0011845,ACC_000712
CLM_0011846,ACC_000712
CLM_0011847,ACC_000331
CLM_0011848,ACC_000331
CLM_0011849,ACC_000331
CLM_0011850,ACC_000589
CLM_0011851,ACC_000589
CLM_0011852,ACC_000911
CLM_0011853,ACC_000408
CLM_0011854,ACC_000517
CLM_0011855,ACC_000410
CLM_0011856,ACC_001120
CLM_0011857,ACC_001120
CLM_0011858,ACC_001120
CLM_0011859,ACC_000405
CLM_0011860,ACC_000405
CLM_0011861,ACC_000405
CLM_0011862,ACC_000210
CLM_0011863,ACC_000210
CLM_0011864,ACC_000891
CLM_0011865,ACC_000891
CLM_0011866,ACC_000891
CLM_0011867,ACC_000333
CLM_0011868,ACC_000333
CLM_0011869,ACC_000061
CLM_0011870,ACC_000129
CLM_0011871,ACC_000129
CLM_0011872,ACC_000129
CLM_0011873,ACC_000283
CLM_0011874,ACC_000283
CLM_0011875,ACC_000854
CLM_0011876,ACC_000033
CLM_0011877,ACC_000033
CLM_0011878,ACC_000033
CLM_0011879,ACC_000282
CLM_0011880,ACC_000282
CLM_0011881,ACC_000060
CLM_0011882,ACC_000060
CLM_0011883,ACC_000407
CLM_0011884,ACC_000407
CLM_0011885,ACC_000910
CLM_0011886,ACC_000061
CLM_0011887,ACC_000061
CLM_0011888,ACC_000061
CLM_0011889,ACC_000910
CLM_0011890,ACC_000910
CLM_0011891,ACC_000910
CLM_0011892,ACC_000411
CLM_0011893,ACC_000411
CLM_0011894,ACC_000411
CLM_0011895,ACC_000143
CLM_0011896,ACC_000710
CLM_0011897,ACC_001076
CLM_0011898,ACC_001076
CLM_0011899,ACC_000408
CLM_0011900,ACC_000408
CLM_0011901,ACC_000705
CLM_0011902,ACC_000100
CLM_0011903,ACC_000100
CLM_0011904,ACC_000100
CLM_0011905,ACC_001138
CLM_0011906,ACC_000428
CLM_0011907,ACC_000428
CLM_0011908,ACC_000428
CLM_0011909,ACC_000856
CLM_0011910,ACC_000856
CLM_0011911,ACC_000856
CLM_0011912,ACC_000854
CLM_0011913,ACC_000854
CLM_0011914,ACC_000043
CLM_0011915,ACC_000043
CLM_0011916,ACC_000043
CLM_0011917,ACC_000498
CLM_0011918,ACC_000498
CLM_0011919,ACC_000044
CLM_0011920,ACC_000044
CLM_0011921,ACC_000044
CLM_0011922,ACC_000408
CLM_0011923,ACC_000408
CLM_0011924,ACC_000144
CLM_0011925,ACC_000144
CLM_0011926,ACC_000144
CLM_0011927,ACC_000407
CLM_0011928,ACC_000209
CLM_0011929,ACC_000209
CLM_0011930,ACC_000209
CLM_0011931,ACC_000282
CLM_0011932,ACC_000837
CLM_0011933,ACC_000837
CLM_0011934,ACC_000837
CLM_0011935,ACC_000957
CLM_0011936,ACC_000957
CLM_0011937,ACC_000957
CLM_0011938,ACC_000906
CLM_0011939,ACC_000906
CLM_0011940,ACC_000906
CLM_0011941,ACC_000773
CLM_0011942,ACC_000773
CLM_0011943,ACC_000773
CLM_0011944,ACC_001054
CLM_0011945,ACC_000380
CLM_0011946,ACC_000380
CLM_0011947,ACC_000380
CLM_0011948,ACC_000843
CLM_0011949,ACC_000953
CLM_0011950,ACC_000953
CLM_0011951,ACC_000953
CLM_0011952,ACC_000003
CLM_0011953,ACC_000003
CLM_0011954,ACC_000911
CLM_0011955,ACC_001058
CLM_0011956,ACC_001058
CLM_0011957,ACC_001058
CLM_0011958,ACC_001056
CLM_0011959,ACC_000061
CLM_0011960,ACC_000061
CLM_0011961,ACC_000061
CLM_0011962,ACC_000060
CLM_0011963,ACC_000949
CLM_0011964,ACC_000949
CLM_0011965,ACC_000060
CLM_0011966,ACC_001141
CLM_0011967,ACC_001141
CLM_0011968,ACC_001141
CLM_0011969,ACC_000283
CLM_0011970,ACC_000283
CLM_0011971,ACC_001000
CLM_0011972,ACC_001000
CLM_0011973,ACC_000060
CLM_0011974,ACC_000060
CLM_0011975,ACC_000060
CLM_0011976,ACC_000854
CLM_0011977,ACC_000854
CLM_0011978,ACC_000144
CLM_0011979,ACC_000144
CLM_0011980,ACC_001054
CLM_0011981,ACC_001054
CLM_0011982,ACC_001054
CLM_0011983,ACC_001054
CLM_0011984,ACC_001054
CLM_0011985,ACC_000171
CLM_0011986,ACC_000061
CLM_0011987,ACC_000061
CLM_0011988,ACC_000780
CLM_0011989,ACC_000814
CLM_0011990,ACC_000814
CLM_0011991,ACC_000814
CLM_0011992,ACC_000394
CLM_0011993,ACC_000394
CLM_0011994,ACC_000394
CLM_0011995,ACC_000911
CLM_0011996,ACC_001169
CLM_0011997,ACC_000307
CLM_0011998,ACC_000408
CLM_0011999,ACC_000060
CLM_0012000,ACC_000060
CLM_0012001,ACC_000060
CLM_0012002,ACC_000282
CLM_0012003,ACC_001056
CLM_0012004,ACC_001056
CLM_0012005,ACC_000394
CLM_0012006,ACC_000394
CLM_0012007,ACC_000394
CLM_0012008,ACC_000282
CLM_0012009,ACC_000282
CLM_0012010,ACC_000282
CLM_0012011,ACC_000282
CLM_0012012,ACC_000943
CLM_0012013,ACC_000498
CLM_0012014,ACC_000044
CLM_0012015,ACC_000412
CLM_0012016,ACC_001138
CLM_0012017,ACC_001138
CLM_0012018,ACC_001138
CLM_0012019,ACC_001177
CLM_0012020,ACC_001177
CLM_0012021,ACC_000172
CLM_0012022,ACC_000172
CLM_0012023,ACC_000172
CLM_0012024,ACC_001053
CLM_0012025,ACC_001053
CLM_0012026,ACC_001053
CLM_0012027,ACC_000410
CLM_0012028,ACC_000410
CLM_0012029,ACC_000410
CLM_0012030,ACC_000100
CLM_0012031,ACC_000100
CLM_0012032,ACC_000100
CLM_0012033,ACC_000646
CLM_0012034,ACC_000646
CLM_0012035,ACC_000646
CLM_0012036,ACC_001076
CLM_0012037,ACC_001076
CLM_0012038,ACC_001076
CLM_0012039,ACC_000283
CLM_0012040,ACC_000283
CLM_0012041,ACC_000283
CLM_0012042,ACC_000911
CLM_0012043,ACC_000769
CLM_0012044,ACC_000769
CLM_0012045,ACC_000769
CLM_0012046,ACC_000409
CLM_0012047,ACC_001072
CLM_0012048,ACC_001072
CLM_0012049,ACC_001072
CLM_0012050,ACC_000061
CLM_0012051,ACC_000061
CLM_0012052,ACC_000573
CLM_0012053,ACC_000236
CLM_0012054,ACC_000236
CLM_0012055,ACC_000283
CLM_0012056,ACC_000282
CLM_0012057,ACC_000282
CLM_0012058,ACC_000282
CLM_0012059,ACC_000984
CLM_0012060,ACC_000984
CLM_0012061,ACC_000984
CLM_0012062,ACC_001138
CLM_0012063,ACC_000283
CLM_0012064,ACC_000283
CLM_0012065,ACC_000283
CLM_0012066,ACC_000283
CLM_0012067,ACC_000283
CLM_0012068,ACC_000843
CLM_0012069,ACC_000843
CLM_0012070,ACC_000843
CLM_0012071,ACC_001054
CLM_0012072,ACC_001054
CLM_0012073,ACC_000282
CLM_0012074,ACC_000282
CLM_0012075,ACC_000282
CLM_0012076,ACC_001055
CLM_0012077,ACC_001055
CLM_0012078,ACC_000412
CLM_0012079,ACC_000265
CLM_0012080,ACC_000212
CLM_0012081,ACC_001016
CLM_0012082,ACC_001016
CLM_0012083,ACC_001016
CLM_0012084,ACC_000308
CLM_0012085,ACC_000238
CLM_0012086,ACC_000238
CLM_0012087,ACC_000238
CLM_0012088,ACC_000648
CLM_0012089,ACC_000283
CLM_0012090,ACC_000072
CLM_0012091,ACC_000072
CLM_0012092,ACC_000072
CLM_0012093,ACC_000283
CLM_0012094,ACC_000283
CLM_0012095,ACC_000061
CLM_0012096,ACC_000061
CLM_0012097,ACC_000061
CLM_0012098,ACC_000769
CLM_0012099,ACC_000769
CLM_0012100,ACC_000769
CLM_0012101,ACC_000953
CLM_0012102,ACC_000409
CLM_0012103,ACC_000408
CLM_0012104,ACC_000060
CLM_0012105,ACC_000060
CLM_0012106,ACC_000061
CLM_0012107,ACC_000061
CLM_0012108,ACC_000061
CLM_0012109,ACC_000117
CLM_0012110,ACC_000117
CLM_0012111,ACC_000833
CLM_0012112,ACC_000833
CLM_0012113,ACC_000855
CLM_0012114,ACC_000045
CLM_0012115,ACC_001076
CLM_0012116,ACC_001076
CLM_0012117,ACC_001076
CLM_0012118,ACC_000101
CLM_0012119,ACC_000409
CLM_0012120,ACC_000409
CLM_0012121,ACC_000409
CLM_0012122,ACC_000394
CLM_0012123,ACC_000394
CLM_0012124,ACC_000283
CLM_0012125,ACC_000283
CLM_0012126,ACC_000283
CLM_0012127,ACC_000769
CLM_0012128,ACC_000769
CLM_0012129,ACC_000769
CLM_0012130,ACC_000408
CLM_0012131,ACC_000408
CLM_0012132,ACC_000408
CLM_0012133,ACC_000410
CLM_0012134,ACC_000410
CLM_0012135,ACC_001138
CLM_0012136,ACC_000044
CLM_0012137,ACC_000044
CLM_0012138,ACC_000044
CLM_0012139,ACC_000762
CLM_0012140,ACC_000762
CLM_0012141,ACC_000408
CLM_0012142,ACC_000045
CLM_0012143,ACC_000045
CLM_0012144,ACC_000544
CLM_0012145,ACC_000938
CLM_0012146,ACC_000938
CLM_0012147,ACC_000938
CLM_0012148,ACC_001076
CLM_0012149,ACC_001076
CLM_0012150,ACC_000406
CLM_0012151,ACC_000406
CLM_0012152,ACC_000061
CLM_0012153,ACC_000282
CLM_0012154,ACC_000282
CLM_0012155,ACC_000411
CLM_0012156,ACC_000491
CLM_0012157,ACC_000280
CLM_0012158,ACC_000855
CLM_0012159,ACC_000855
CLM_0012160,ACC_000061
CLM_0012161,ACC_001076
CLM_0012162,ACC_001076
CLM_0012163,ACC_001076
CLM_0012164,ACC_000060
CLM_0012165,ACC_000060
CLM_0012166,ACC_000060
CLM_0012167,ACC_000060
CLM_0012168,ACC_000060
CLM_0012169,ACC_000517
CLM_0012170,ACC_000282
CLM_0012171,ACC_000044
CLM_0012172,ACC_000044
CLM_0012173,ACC_000409
CLM_0012174,ACC_000409
CLM_0012175,ACC_000283
CLM_0012176,ACC_000282
CLM_0012177,ACC_001058
CLM_0012178,ACC_001058
CLM_0012179,ACC_000516
CLM_0012180,ACC_000357
CLM_0012181,ACC_000357
CLM_0012182,ACC_000446
CLM_0012183,ACC_000446
CLM_0012184,ACC_000407
CLM_0012185,ACC_000407
CLM_0012186,ACC_000831
CLM_0012187,ACC_000831
CLM_0012188,ACC_000408
CLM_0012189,ACC_000408
CLM_0012190,ACC_000408
CLM_0012191,ACC_000060
CLM_0012192,ACC_001076
CLM_0012193,ACC_000283
CLM_0012194,ACC_000283
CLM_0012195,ACC_000143
CLM_0012196,ACC_001017
CLM_0012197,ACC_001017
CLM_0012198,ACC_001017
CLM_0012199,ACC_000043
CLM_0012200,ACC_000283
CLM_0012201,ACC_000283
CLM_0012202,ACC_001015
CLM_0012203,ACC_000603
CLM_0012204,ACC_000603
CLM_0012205,ACC_000603
CLM_0012206,ACC_000397
CLM_0012207,ACC_000397
CLM_0012208,ACC_000397
CLM_0012209,ACC_000315
CLM_0012210,ACC_000315
CLM_0012211,ACC_000315
CLM_0012212,ACC_000061
CLM_0012213,ACC_000061
CLM_0012214,ACC_000061
CLM_0012215,ACC_000340
CLM_0012216,ACC_000340
CLM_0012217,ACC_000340
CLM_0012218,ACC_000333
CLM_0012219,ACC_000333
CLM_0012220,ACC_000333
CLM_0012221,ACC_001025
CLM_0012222,ACC_001025
CLM_0012223,ACC_001025
CLM_0012224,ACC_000044
CLM_0012225,ACC_000044
CLM_0012226,ACC_000044
CLM_0012227,ACC_000410
CLM_0012228,ACC_000410
CLM_0012229,ACC_000638
CLM_0012230,ACC_000396
CLM_0012231,ACC_000396
CLM_0012232,ACC_000101
CLM_0012233,ACC_000101
CLM_0012234,ACC_000101
CLM_0012235,ACC_000854
CLM_0012236,ACC_000854
CLM_0012237,ACC_000813
CLM_0012238,ACC_000813
CLM_0012239,ACC_000409
CLM_0012240,ACC_000409
CLM_0012241,ACC_000409
CLM_0012242,ACC_000410
CLM_0012243,ACC_000410
CLM_0012244,ACC_000410
CLM_0012245,ACC_000394
CLM_0012246,ACC_000283
CLM_0012247,ACC_000283
CLM_0012248,ACC_000283
CLM_0012249,ACC_000082
CLM_0012250,ACC_000082
CLM_0012251,ACC_000082
CLM_0012252,ACC_000409
CLM_0012253,ACC_000194
CLM_0012254,ACC_000194
CLM_0012255,ACC_000910
CLM_0012256,ACC_000910
CLM_0012257,ACC_000144
CLM_0012258,ACC_000144
CLM_0012259,ACC_000407
CLM_0012260,ACC_000397
CLM_0012261,ACC_000397
CLM_0012262,ACC_000397
CLM_0012263,ACC_000333
CLM_0012264,ACC_000333
CLM_0012265,ACC_000333
CLM_0012266,ACC_000719
CLM_0012267,ACC_000719
CLM_0012268,ACC_000719
CLM_0012269,ACC_000410
CLM_0012270,ACC_000410
CLM_0012271,ACC_000410
CLM_0012272,ACC_000854
CLM_0012273,ACC_000854
CLM_0012274,ACC_000283
CLM_0012275,ACC_000283
CLM_0012276,ACC_000283
CLM_0012277,ACC_000408
CLM_0012278,ACC_000408
CLM_0012279,ACC_001004
CLM_0012280,ACC_000412
CLM_0012281,ACC_000412
CLM_0012282,ACC_000407
CLM_0012283,ACC_000407
CLM_0012284,ACC_000407
CLM_0012285,ACC_000283
CLM_0012286,ACC_000283
CLM_0012287,ACC_000283
CLM_0012288,ACC_000632
CLM_0012289,ACC_000632
CLM_0012290,ACC_000632
CLM_0012291,ACC_000043
CLM_0012292,ACC_000043
CLM_0012293,ACC_000044
CLM_0012294,ACC_000821
CLM_0012295,ACC_000366
CLM_0012296,ACC_000366
CLM_0012297,ACC_000366
CLM_0012298,ACC_000411
CLM_0012299,ACC_000411
CLM_0012300,ACC_000411
CLM_0012301,ACC_000409
CLM_0012302,ACC_000409
CLM_0012303,ACC_001094
CLM_0012304,ACC_001094
CLM_0012305,ACC_000221
CLM_0012306,ACC_000221
CLM_0012307,ACC_000440
CLM_0012308,ACC_000440
CLM_0012309,ACC_000410
CLM_0012310,ACC_001072
CLM_0012311,ACC_001072
CLM_0012312,ACC_000412
CLM_0012313,ACC_000175
CLM_0012314,ACC_000410
CLM_0012315,ACC_000410
CLM_0012316,ACC_000410
CLM_0012317,ACC_000282
CLM_0012318,ACC_000813
CLM_0012319,ACC_000813
CLM_0012320,ACC_000813
CLM_0012321,ACC_000283
CLM_0012322,ACC_000283
CLM_0012323,ACC_000060
CLM_0012324,ACC_000265
CLM_0012325,ACC_000265
CLM_0012326,ACC_000878
CLM_0012327,ACC_000878
CLM_0012328,ACC_000282
CLM_0012329,ACC_000282
CLM_0012330,ACC_001119
CLM_0012331,ACC_001119
CLM_0012332,ACC_000283
CLM_0012333,ACC_000283
CLM_0012334,ACC_001068
CLM_0012335,ACC_001068
CLM_0012336,ACC_001068
CLM_0012337,ACC_000790
CLM_0012338,ACC_000790
CLM_0012339,ACC_000033
CLM_0012340,ACC_000033
CLM_0012341,ACC_000033
CLM_0012342,ACC_000408
CLM_0012343,ACC_000408
CLM_0012344,ACC_001076
CLM_0012345,ACC_001076
CLM_0012346,ACC_001076
CLM_0012347,ACC_000283
CLM_0012348,ACC_000283
CLM_0012349,ACC_001015
CLM_0012350,ACC_000176
CLM_0012351,ACC_000176
CLM_0012352,ACC_000518
CLM_0012353,ACC_000518
CLM_0012354,ACC_000790
CLM_0012355,ACC_000790
CLM_0012356,ACC_000854
CLM_0012357,ACC_000043
CLM_0012358,ACC_000043
CLM_0012359,ACC_000332
CLM_0012360,ACC_000332
CLM_0012361,ACC_000144
CLM_0012362,ACC_000144
CLM_0012363,ACC_000283
CLM_0012364,ACC_000283
CLM_0012365,ACC_000061
CLM_0012366,ACC_000061
CLM_0012367,ACC_000061
CLM_0012368,ACC_000266
CLM_0012369,ACC_000266
CLM_0012370,ACC_000266
CLM_0012371,ACC_000283
CLM_0012372,ACC_000814
CLM_0012373,ACC_000055
CLM_0012374,ACC_000055
CLM_0012375,ACC_000055
CLM_0012376,ACC_000172
CLM_0012377,ACC_000856
CLM_0012378,ACC_000856
CLM_0012379,ACC_001113
CLM_0012380,ACC_001058
CLM_0012381,ACC_000283
CLM_0012382,ACC_000283
CLM_0012383,ACC_000282
CLM_0012384,ACC_000282
CLM_0012385,ACC_000282
CLM_0012386,ACC_000380
CLM_0012387,ACC_000380
CLM_0012388,ACC_000380
CLM_0012389,ACC_000061
CLM_0012390,ACC_000283
CLM_0012391,ACC_000283
CLM_0012392,ACC_001151
CLM_0012393,ACC_001151
CLM_0012394,ACC_001151
CLM_0012395,ACC_000094
CLM_0012396,ACC_000094
CLM_0012397,ACC_000094
CLM_0012398,ACC_000171
CLM_0012399,ACC_000282
CLM_0012400,ACC_000282
CLM_0012401,ACC_000409
CLM_0012402,ACC_000283
CLM_0012403,ACC_000283
CLM_0012404,ACC_000283
CLM_0012405,ACC_000239
CLM_0012406,ACC_001054
CLM_0012407,ACC_001054
CLM_0012408,ACC_001054
CLM_0012409,ACC_000283
CLM_0012410,ACC_000283
CLM_0012411,ACC_000855
CLM_0012412,ACC_000855
CLM_0012413,ACC_000855
CLM_0012414,ACC_000394
CLM_0012415,ACC_000394
CLM_0012416,ACC_001138
CLM_0012417,ACC_001138
CLM_0012418,ACC_001138
CLM_0012419,ACC_000143
CLM_0012420,ACC_000143
CLM_0012421,ACC_000143
CLM_0012422,ACC_001054
CLM_0012423,ACC_001054
CLM_0012424,ACC_000410
CLM_0012425,ACC_000410
CLM_0012426,ACC_000410
CLM_0012427,ACC_000043
CLM_0012428,ACC_000043
CLM_0012429,ACC_000043
CLM_0012430,ACC_000965
CLM_0012431,ACC_000965
CLM_0012432,ACC_001058
CLM_0012433,ACC_001058
CLM_0012434,ACC_001058
CLM_0012435,ACC_000282
CLM_0012436,ACC_000043
CLM_0012437,ACC_000043
CLM_0012438,ACC_000043
CLM_0012439,ACC_000518
CLM_0012440,ACC_000238
CLM_0012441,ACC_000238
CLM_0012442,ACC_000238
CLM_0012443,ACC_000443
CLM_0012444,ACC_000556
CLM_0012445,ACC_000556
CLM_0012446,ACC_000239
CLM_0012447,ACC_000239
CLM_0012448,ACC_000239
CLM_0012449,ACC_000044
CLM_0012450,ACC_000044
CLM_0012451,ACC_001158
CLM_0012452,ACC_001158
CLM_0012453,ACC_001158
CLM_0012454,ACC_000084
CLM_0012455,ACC_000084
CLM_0012456,ACC_000283
CLM_0012457,ACC_000283
CLM_0012458,ACC_000283
CLM_0012459,ACC_000061
CLM_0012460,ACC_000061
CLM_0012461,ACC_000211
CLM_0012462,ACC_000211
CLM_0012463,ACC_000060
CLM_0012464,ACC_000409
CLM_0012465,ACC_000409
CLM_0012466,ACC_001179
CLM_0012467,ACC_001179
CLM_0012468,ACC_000082
CLM_0012469,ACC_000082
CLM_0012470,ACC_000082
CLM_0012471,ACC_000641
CLM_0012472,ACC_000641
CLM_0012473,ACC_000641
CLM_0012474,ACC_000282
CLM_0012475,ACC_000282
CLM_0012476,ACC_001054
CLM_0012477,ACC_000394
CLM_0012478,ACC_000223
CLM_0012479,ACC_000223
CLM_0012480,ACC_000061
CLM_0012481,ACC_000770
CLM_0012482,ACC_000770
CLM_0012483,ACC_000770
CLM_0012484,ACC_000061
CLM_0012485,ACC_000060
CLM_0012486,ACC_000060
CLM_0012487,ACC_000043
CLM_0012488,ACC_000773
CLM_0012489,ACC_000773
CLM_0012490,ACC_000283
CLM_0012491,ACC_000283
CLM_0012492,ACC_000209
CLM_0012493,ACC_000844
CLM_0012494,ACC_000844
CLM_0012495,ACC_000282
CLM_0012496,ACC_000408
CLM_0012497,ACC_000403
CLM_0012498,ACC_000403
CLM_0012499,ACC_000407
CLM_0012500,ACC_000518
CLM_0012501,ACC_000518
CLM_0012502,ACC_000518
CLM_0012503,ACC_000872
CLM_0012504,ACC_000872
CLM_0012505,ACC_000282
CLM_0012506,ACC_000282
CLM_0012507,ACC_000282
CLM_0012508,ACC_000780
CLM_0012509,ACC_000007
CLM_0012510,ACC_000007
CLM_0012511,ACC_000144
CLM_0012512,ACC_000642
CLM_0012513,ACC_000710
CLM_0012514,ACC_000061
CLM_0012515,ACC_000573
CLM_0012516,ACC_000573
CLM_0012517,ACC_000573
CLM_0012518,ACC_000283
CLM_0012519,ACC_000283
CLM_0012520,ACC_001152
CLM_0012521,ACC_001076
CLM_0012522,ACC_001076
CLM_0012523,ACC_000019
CLM_0012524,ACC_000396
CLM_0012525,ACC_000396
CLM_0012526,ACC_000396
CLM_0012527,ACC_000813
CLM_0012528,ACC_000813
CLM_0012529,ACC_000813
CLM_0012530,ACC_000177
CLM_0012531,ACC_000283
CLM_0012532,ACC_000283
CLM_0012533,ACC_000283
CLM_0012534,ACC_000411
CLM_0012535,ACC_000411
CLM_0012536,ACC_000411
CLM_0012537,ACC_001054
CLM_0012538,ACC_001054
CLM_0012539,ACC_001054
CLM_0012540,ACC_000410
CLM_0012541,ACC_000412
CLM_0012542,ACC_000412
CLM_0012543,ACC_000412
CLM_0012544,ACC_000283
CLM_0012545,ACC_000283
CLM_0012546,ACC_000910
CLM_0012547,ACC_000306
CLM_0012548,ACC_000306
CLM_0012549,ACC_000044
CLM_0012550,ACC_000044
CLM_0012551,ACC_000370
CLM_0012552,ACC_000370
CLM_0012553,ACC_000043
CLM_0012554,ACC_000043
CLM_0012555,ACC_000282
CLM_0012556,ACC_000117
CLM_0012557,ACC_000094
CLM_0012558,ACC_000094
CLM_0012559,ACC_001015
CLM_0012560,ACC_000003
CLM_0012561,ACC_000003
CLM_0012562,ACC_000407
CLM_0012563,ACC_000407
CLM_0012564,ACC_000407
CLM_0012565,ACC_000345
CLM_0012566,ACC_000345
CLM_0012567,ACC_000345
CLM_0012568,ACC_000380
CLM_0012569,ACC_000380
CLM_0012570,ACC_000380
CLM_0012571,ACC_000320
CLM_0012572,ACC_000320
CLM_0012573,ACC_001047
CLM_0012574,ACC_000282
CLM_0012575,ACC_000282
CLM_0012576,ACC_000282
CLM_0012577,ACC_000542
CLM_0012578,ACC_000769
CLM_0012579,ACC_000769
CLM_0012580,ACC_000769
CLM_0012581,ACC_000911
CLM_0012582,ACC_000911
CLM_0012583,ACC_000911
CLM_0012584,ACC_000641
CLM_0012585,ACC_000090
CLM_0012586,ACC_000090
CLM_0012587,ACC_000090
CLM_0012588,ACC_000379
CLM_0012589,ACC_000262
CLM_0012590,ACC_000262
CLM_0012591,ACC_000144
CLM_0012592,ACC_000144
CLM_0012593,ACC_000144
CLM_0012594,ACC_000411
CLM_0012595,ACC_000411
CLM_0012596,ACC_000408
CLM_0012597,ACC_000408
CLM_0012598,ACC_000408
CLM_0012599,ACC_000044
CLM_0012600,ACC_000044
CLM_0012601,ACC_000405
CLM_0012602,ACC_000781
CLM_0012603,ACC_000781
CLM_0012604,ACC_000781
CLM_0012605,ACC_000299
CLM_0012606,ACC_000299
CLM_0012607,ACC_000769
CLM_0012608,ACC_000172
CLM_0012609,ACC_000172
CLM_0012610,ACC_000172
CLM_0012611,ACC_000411
CLM_0012612,ACC_000408
CLM_0012613,ACC_000408
CLM_0012614,ACC_000517
CLM_0012615,ACC_000517
CLM_0012616,ACC_000407
CLM_0012617,ACC_000407
CLM_0012618,ACC_000407
CLM_0012619,ACC_001094
CLM_0012620,ACC_001094
CLM_0012621,ACC_001094
CLM_0012622,ACC_001150
CLM_0012623,ACC_000856
CLM_0012624,ACC_000856
CLM_0012625,ACC_000856
CLM_0012626,ACC_000814
CLM_0012627,ACC_000814
CLM_0012628,ACC_001191
CLM_0012629,ACC_001191
CLM_0012630,ACC_001191
CLM_0012631,ACC_000569
CLM_0012632,ACC_000569
CLM_0012633,ACC_000060
CLM_0012634,ACC_000905
CLM_0012635,ACC_000938
CLM_0012636,ACC_000380
CLM_0012637,ACC_000380
CLM_0012638,ACC_000061
CLM_0012639,ACC_000061
CLM_0012640,ACC_000602
CLM_0012641,ACC_000406
CLM_0012642,ACC_000498
CLM_0012643,ACC_000498
CLM_0012644,ACC_001191
CLM_0012645,ACC_001191
CLM_0012646,ACC_001191
CLM_0012647,ACC_000911
CLM_0012648,ACC_000911
CLM_0012649,ACC_001138
CLM_0012650,ACC_001138
CLM_0012651,ACC_000412
CLM_0012652,ACC_000412
CLM_0012653,ACC_000120
CLM_0012654,ACC_000407
CLM_0012655,ACC_000407
CLM_0012656,ACC_000407
CLM_0012657,ACC_000814
CLM_0012658,ACC_000814
CLM_0012659,ACC_000835
CLM_0012660,ACC_000835
CLM_0012661,ACC_000060
CLM_0012662,ACC_000060
CLM_0012663,ACC_000060
CLM_0012664,ACC_000280
CLM_0012665,ACC_000043
CLM_0012666,ACC_000043
CLM_0012667,ACC_000043
CLM_0012668,ACC_000394
CLM_0012669,ACC_000283
CLM_0012670,ACC_000283
CLM_0012671,ACC_000283
CLM_0012672,ACC_001076
CLM_0012673,ACC_000445
CLM_0012674,ACC_000190
CLM_0012675,ACC_000813
CLM_0012676,ACC_000813
CLM_0012677,ACC_000044
CLM_0012678,ACC_000044
CLM_0012679,ACC_000044
CLM_0012680,ACC_000061
CLM_0012681,ACC_000061
CLM_0012682,ACC_000205
CLM_0012683,ACC_000331
CLM_0012684,ACC_001181
CLM_0012685,ACC_001181
CLM_0012686,ACC_001015
CLM_0012687,ACC_001015
CLM_0012688,ACC_000666
CLM_0012689,ACC_000666
CLM_0012690,ACC_000408
CLM_0012691,ACC_000408
CLM_0012692,ACC_000408
CLM_0012693,ACC_000061
CLM_0012694,ACC_000044
CLM_0012695,ACC_000044
CLM_0012696,ACC_000044
CLM_0012697,ACC_000813
CLM_0012698,ACC_000813
CLM_0012699,ACC_001056
CLM_0012700,ACC_000331
CLM_0012701,ACC_000640
CLM_0012702,ACC_000640
CLM_0012703,ACC_001015
CLM_0012704,ACC_001015
CLM_0012705,ACC_000905
CLM_0012706,ACC_000905
CLM_0012707,ACC_000905
CLM_0012708,ACC_000211
CLM_0012709,ACC_000117
CLM_0012710,ACC_000117
CLM_0012711,ACC_000117
CLM_0012712,ACC_000411
CLM_0012713,ACC_000411
CLM_0012714,ACC_000411
CLM_0012715,ACC_000716
CLM_0012716,ACC_000716
CLM_0012717,ACC_000002
CLM_0012718,ACC_000002
CLM_0012719,ACC_000002
CLM_0012720,ACC_000144
CLM_0012721,ACC_000144
CLM_0012722,ACC_000282
CLM_0012723,ACC_000282
CLM_0012724,ACC_000856
CLM_0012725,ACC_000844
CLM_0012726,ACC_001016
CLM_0012727,ACC_001016
CLM_0012728,ACC_001002
CLM_0012729,ACC_001002
CLM_0012730,ACC_000283
CLM_0012731,ACC_000283
CLM_0012732,ACC_000283
CLM_0012733,ACC_001076
CLM_0012734,ACC_001076
CLM_0012735,ACC_001076
CLM_0012736,ACC_000271
CLM_0012737,ACC_000283
CLM_0012738,ACC_000799
CLM_0012739,ACC_000799
CLM_0012740,ACC_000799
CLM_0012741,ACC_001188
CLM_0012742,ACC_000283
CLM_0012743,ACC_000283
CLM_0012744,ACC_000856
CLM_0012745,ACC_000412
CLM_0012746,ACC_000813
CLM_0012747,ACC_000407
CLM_0012748,ACC_000407
CLM_0012749,ACC_000407
CLM_0012750,ACC_000044
CLM_0012751,ACC_000044
CLM_0012752,ACC_000283
CLM_0012753,ACC_000813
CLM_0012754,ACC_000813
CLM_0012755,ACC_000813
CLM_0012756,ACC_000283
CLM_0012757,ACC_000283
CLM_0012758,ACC_000283
CLM_0012759,ACC_000283
CLM_0012760,ACC_000283
CLM_0012761,ACC_000283
CLM_0012762,ACC_000976
CLM_0012763,ACC_000283
CLM_0012764,ACC_000856
CLM_0012765,ACC_000856
CLM_0012766,ACC_000061
CLM_0012767,ACC_000061
CLM_0012768,ACC_000283
CLM_0012769,ACC_000283
CLM_0012770,ACC_000283
CLM_0012771,ACC_000872
CLM_0012772,ACC_000872
CLM_0012773,ACC_000872
CLM_0012774,ACC_000101
CLM_0012775,ACC_000101
CLM_0012776,ACC_000101
CLM_0012777,ACC_000854
CLM_0012778,ACC_001057
CLM_0012779,ACC_001057
CLM_0012780,ACC_000112
CLM_0012781,ACC_000112
CLM_0012782,ACC_000409
CLM_0012783,ACC_000409
CLM_0012784,ACC_000910
CLM_0012785,ACC_000935
CLM_0012786,ACC_000283
CLM_0012787,ACC_000283
CLM_0012788,ACC_000283
CLM_0012789,ACC_001016
CLM_0012790,ACC_000243
CLM_0012791,ACC_000243
CLM_0012792,ACC_000243
CLM_0012793,ACC_000283
CLM_0012794,ACC_000411
CLM_0012795,ACC_001044
CLM_0012796,ACC_000855
CLM_0012797,ACC_000855
CLM_0012798,ACC_001058
CLM_0012799,ACC_001058
CLM_0012800,ACC_000320
CLM_0012801,ACC_000320
CLM_0012802,ACC_000689
CLM_0012803,ACC_000689
CLM_0012804,ACC_000689
CLM_0012805,ACC_000283
CLM_0012806,ACC_000283
CLM_0012807,ACC_000283
CLM_0012808,ACC_000844
CLM_0012809,ACC_000844
CLM_0012810,ACC_000956
CLM_0012811,ACC_000956
CLM_0012812,ACC_000956
CLM_0012813,ACC_000813
CLM_0012814,ACC_000813
CLM_0012815,ACC_000125
CLM_0012816,ACC_000125
CLM_0012817,ACC_000125
CLM_0012818,ACC_000614
CLM_0012819,ACC_000614
CLM_0012820,ACC_001055
CLM_0012821,ACC_000405
CLM_0012822,ACC_000405
CLM_0012823,ACC_000405
CLM_0012824,ACC_000282
CLM_0012825,ACC_000282
CLM_0012826,ACC_000205
CLM_0012827,ACC_000411
CLM_0012828,ACC_000411
CLM_0012829,ACC_000411
CLM_0012830,ACC_000749
CLM_0012831,ACC_000749
CLM_0012832,ACC_000282
CLM_0012833,ACC_000872
CLM_0012834,ACC_000283
CLM_0012835,ACC_000333
CLM_0012836,ACC_000333
CLM_0012837,ACC_000333
CLM_0012838,ACC_001076
CLM_0012839,ACC_001076
CLM_0012840,ACC_001076
CLM_0012841,ACC_000060
CLM_0012842,ACC_000060
CLM_0012843,ACC_000060
CLM_0012844,ACC_000910
CLM_0012845,ACC_000910
CLM_0012846,ACC_000910
CLM_0012847,ACC_000412
CLM_0012848,ACC_000412
CLM_0012849,ACC_000407
CLM_0012850,ACC_000407
CLM_0012851,ACC_000407
CLM_0012852,ACC_000942
CLM_0012853,ACC_000942
CLM_0012854,ACC_000517
CLM_0012855,ACC_000517
CLM_0012856,ACC_000517
CLM_0012857,ACC_000534
CLM_0012858,ACC_000534
CLM_0012859,ACC_000534
CLM_0012860,ACC_000953
CLM_0012861,ACC_000953
CLM_0012862,ACC_000953
CLM_0012863,ACC_000282
CLM_0012864,ACC_000282
CLM_0012865,ACC_000117
CLM_0012866,ACC_000117
CLM_0012867,ACC_000117
CLM_0012868,ACC_000283
CLM_0012869,ACC_000283
CLM_0012870,ACC_000283
CLM_0012871,ACC_000143
CLM_0012872,ACC_000143
CLM_0012873,ACC_000143
CLM_0012874,ACC_000814
CLM_0012875,ACC_000814
CLM_0012876,ACC_000516
CLM_0012877,ACC_000023
CLM_0012878,ACC_000023
CLM_0012879,ACC_000283
CLM_0012880,ACC_000283
CLM_0012881,ACC_000283
CLM_0012882,ACC_000283
CLM_0012883,ACC_000498
CLM_0012884,ACC_000498
CLM_0012885,ACC_000786
CLM_0012886,ACC_000786
CLM_0012887,ACC_001017
CLM_0012888,ACC_001017
CLM_0012889,ACC_000282
CLM_0012890,ACC_000282
CLM_0012891,ACC_000282
CLM_0012892,ACC_000043
CLM_0012893,ACC_000043
CLM_0012894,ACC_000282
CLM_0012895,ACC_000282
CLM_0012896,ACC_000517
CLM_0012897,ACC_000517
CLM_0012898,ACC_001091
CLM_0012899,ACC_001091
CLM_0012900,ACC_001091
CLM_0012901,ACC_000856
CLM_0012902,ACC_000856
CLM_0012903,ACC_000749
CLM_0012904,ACC_000749
CLM_0012905,ACC_000569
CLM_0012906,ACC_000569
CLM_0012907,ACC_000569
CLM_0012908,ACC_000333
CLM_0012909,ACC_000333
CLM_0012910,ACC_000408
CLM_0012911,ACC_000408
CLM_0012912,ACC_000408
CLM_0012913,ACC_000910
CLM_0012914,ACC_000911
CLM_0012915,ACC_000176
CLM_0012916,ACC_000176
CLM_0012917,ACC_000044
CLM_0012918,ACC_000044
CLM_0012919,ACC_000044
CLM_0012920,ACC_000172
CLM_0012921,ACC_000872
CLM_0012922,ACC_000323
CLM_0012923,ACC_000323
CLM_0012924,ACC_000323
CLM_0012925,ACC_000283
CLM_0012926,ACC_000283
CLM_0012927,ACC_000283
CLM_0012928,ACC_000283
CLM_0012929,ACC_000061
CLM_0012930,ACC_000061
CLM_0012931,ACC_001054
CLM_0012932,ACC_001054
CLM_0012933,ACC_001054
CLM_0012934,ACC_000087
CLM_0012935,ACC_000087
CLM_0012936,ACC_000910
CLM_0012937,ACC_000331
CLM_0012938,ACC_000442
CLM_0012939,ACC_000442
CLM_0012940,ACC_000910
CLM_0012941,ACC_000910
CLM_0012942,ACC_000910
CLM_0012943,ACC_000814
CLM_0012944,ACC_000814
CLM_0012945,ACC_000061
CLM_0012946,ACC_000061
CLM_0012947,ACC_000282
CLM_0012948,ACC_000814
CLM_0012949,ACC_000814
CLM_0012950,ACC_000814
CLM_0012951,ACC_001191
CLM_0012952,ACC_001191
CLM_0012953,ACC_001191
CLM_0012954,ACC_000936
CLM_0012955,ACC_000936
CLM_0012956,ACC_000936
CLM_0012957,ACC_000144
CLM_0012958,ACC_000282
CLM_0012959,ACC_000282
CLM_0012960,ACC_000282
CLM_0012961,ACC_001094
CLM_0012962,ACC_001094
CLM_0012963,ACC_001094
CLM_0012964,ACC_000910
CLM_0012965,ACC_000910
CLM_0012966,ACC_000407
CLM_0012967,ACC_000120
CLM_0012968,ACC_000120
CLM_0012969,ACC_000120
CLM_0012970,ACC_000407
CLM_0012971,ACC_000407
CLM_0012972,ACC_000407
CLM_0012973,ACC_000517
CLM_0012974,ACC_000517
CLM_0012975,ACC_000517
CLM_0012976,ACC_001015
CLM_0012977,ACC_001015
CLM_0012978,ACC_000412
CLM_0012979,ACC_000020
CLM_0012980,ACC_000412
CLM_0012981,ACC_000412
CLM_0012982,ACC_000412
CLM_0012983,ACC_000871
CLM_0012984,ACC_000871
CLM_0012985,ACC_000045
CLM_0012986,ACC_000045
CLM_0012987,ACC_001017
CLM_0012988,ACC_001017
CLM_0012989,ACC_000060
CLM_0012990,ACC_000905
CLM_0012991,ACC_000060
CLM_0012992,ACC_000060
CLM_0012993,ACC_000060
CLM_0012994,ACC_000878
CLM_0012995,ACC_000872
CLM_0012996,ACC_000872
CLM_0012997,ACC_000331
CLM_0012998,ACC_001076
CLM_0012999,ACC_001076
CLM_0013000,ACC_001076
CLM_0013001,ACC_001138
CLM_0013002,ACC_001138
CLM_0013003,ACC_001020
CLM_0013004,ACC_001020
CLM_0013005,ACC_000283
CLM_0013006,ACC_000283
CLM_0013007,ACC_000283
CLM_0013008,ACC_000143
CLM_0013009,ACC_000639
CLM_0013010,ACC_001056
CLM_0013011,ACC_001056
CLM_0013012,ACC_000083
CLM_0013013,ACC_000083
CLM_0013014,ACC_000144
CLM_0013015,ACC_000144
CLM_0013016,ACC_000282
CLM_0013017,ACC_000282
CLM_0013018,ACC_000282
CLM_0013019,ACC_001016
CLM_0013020,ACC_001016
CLM_0013021,ACC_001016
CLM_0013022,ACC_000060
CLM_0013023,ACC_001076
CLM_0013024,ACC_001076
CLM_0013025,ACC_000282
CLM_0013026,ACC_000282
CLM_0013027,ACC_000282
CLM_0013028,ACC_000061
CLM_0013029,ACC_000255
CLM_0013030,ACC_000409
CLM_0013031,ACC_000409
CLM_0013032,ACC_000239
CLM_0013033,ACC_000239
CLM_0013034,ACC_000239
CLM_0013035,ACC_000282
CLM_0013036,ACC_000282
CLM_0013037,ACC_000282
CLM_0013038,ACC_000534
CLM_0013039,ACC_000408
CLM_0013040,ACC_000408
CLM_0013041,ACC_000282
CLM_0013042,ACC_000282
CLM_0013043,ACC_000282
CLM_0013044,ACC_000411
CLM_0013045,ACC_000411
CLM_0013046,ACC_000407
CLM_0013047,ACC_000407
CLM_0013048,ACC_000407
CLM_0013049,ACC_000060
CLM_0013050,ACC_000060
CLM_0013051,ACC_000144
CLM_0013052,ACC_000144
CLM_0013053,ACC_000144
CLM_0013054,ACC_000238
CLM_0013055,ACC_000238
CLM_0013056,ACC_000238
CLM_0013057,ACC_000411
CLM_0013058,ACC_000411
CLM_0013059,ACC_000573
CLM_0013060,ACC_000282
CLM_0013061,ACC_000282
CLM_0013062,ACC_000282
CLM_0013063,ACC_000412
CLM_0013064,ACC_000061
CLM_0013065,ACC_001054
CLM_0013066,ACC_001054
CLM_0013067,ACC_000283
CLM_0013068,ACC_000060
CLM_0013069,ACC_000060
CLM_0013070,ACC_000060
CLM_0013071,ACC_000408
CLM_0013072,ACC_000856
CLM_0013073,ACC_000856
CLM_0013074,ACC_001056
CLM_0013075,ACC_001056
CLM_0013076,ACC_000411
CLM_0013077,ACC_000411
CLM_0013078,ACC_000283
CLM_0013079,ACC_000283
CLM_0013080,ACC_000282
CLM_0013081,ACC_000238
CLM_0013082,ACC_000238
CLM_0013083,ACC_000238
CLM_0013084,ACC_000283
CLM_0013085,ACC_000813
CLM_0013086,ACC_000813
CLM_0013087,ACC_000872
CLM_0013088,ACC_000872
CLM_0013089,ACC_001138
CLM_0013090,ACC_000283
CLM_0013091,ACC_000283
CLM_0013092,ACC_000175
CLM_0013093,ACC_000175
CLM_0013094,ACC_000060
CLM_0013095,ACC_000060
CLM_0013096,ACC_000174
CLM_0013097,ACC_000174
CLM_0013098,ACC_000174
CLM_0013099,ACC_000394
CLM_0013100,ACC_000409
CLM_0013101,ACC_000409
CLM_0013102,ACC_000517
CLM_0013103,ACC_000517
CLM_0013104,ACC_000283
CLM_0013105,ACC_000283
CLM_0013106,ACC_000911
CLM_0013107,ACC_000060
CLM_0013108,ACC_000060
CLM_0013109,ACC_001071
CLM_0013110,ACC_001071
CLM_0013111,ACC_001054
CLM_0013112,ACC_001054
CLM_0013113,ACC_001016
CLM_0013114,ACC_001016
CLM_0013115,ACC_000283
CLM_0013116,ACC_000283
CLM_0013117,ACC_000411
CLM_0013118,ACC_000408
CLM_0013119,ACC_000280
CLM_0013120,ACC_000280
CLM_0013121,ACC_000280
CLM_0013122,ACC_000558
CLM_0013123,ACC_000558
CLM_0013124,ACC_000558
CLM_0013125,ACC_000144
CLM_0013126,ACC_001016
CLM_0013127,ACC_001016
CLM_0013128,ACC_000333
CLM_0013129,ACC_000331
CLM_0013130,ACC_000331
CLM_0013131,ACC_000331
CLM_0013132,ACC_000412
CLM_0013133,ACC_000044
CLM_0013134,ACC_000044
CLM_0013135,ACC_000856
CLM_0013136,ACC_000856
CLM_0013137,ACC_000872
CLM_0013138,ACC_000872
CLM_0013139,ACC_000872
CLM_0013140,ACC_000813
CLM_0013141,ACC_000854
CLM_0013142,ACC_001015
CLM_0013143,ACC_000321
CLM_0013144,ACC_000856
CLM_0013145,ACC_000856
CLM_0013146,ACC_000856
CLM_0013147,ACC_001191
CLM_0013148,ACC_001191
CLM_0013149,ACC_000003
CLM_0013150,ACC_000003
CLM_0013151,ACC_000003
CLM_0013152,ACC_000144
CLM_0013153,ACC_000409
CLM_0013154,ACC_000409
CLM_0013155,ACC_000282
CLM_0013156,ACC_000282
CLM_0013157,ACC_000282
CLM_0013158,ACC_000622
CLM_0013159,ACC_000622
CLM_0013160,ACC_000283
CLM_0013161,ACC_000283
CLM_0013162,ACC_000045
CLM_0013163,ACC_000045
CLM_0013164,ACC_000282
CLM_0013165,ACC_000282
CLM_0013166,ACC_000282
CLM_0013167,ACC_000762
CLM_0013168,ACC_001015
CLM_0013169,ACC_001015
CLM_0013170,ACC_001015
CLM_0013171,ACC_000814
CLM_0013172,ACC_000814
CLM_0013173,ACC_000814
CLM_0013174,ACC_000984
CLM_0013175,ACC_000984
CLM_0013176,ACC_000984
CLM_0013177,ACC_000283
CLM_0013178,ACC_000143
CLM_0013179,ACC_000748
CLM_0013180,ACC_000748
CLM_0013181,ACC_000023
CLM_0013182,ACC_000023
CLM_0013183,ACC_001016
CLM_0013184,ACC_001016
CLM_0013185,ACC_001058
CLM_0013186,ACC_001058
CLM_0013187,ACC_001020
CLM_0013188,ACC_000117
CLM_0013189,ACC_000117
CLM_0013190,ACC_000117
CLM_0013191,ACC_000144
CLM_0013192,ACC_000144
CLM_0013193,ACC_000144
CLM_0013194,ACC_000407
CLM_0013195,ACC_000407
CLM_0013196,ACC_000411
CLM_0013197,ACC_001055
CLM_0013198,ACC_001148
CLM_0013199,ACC_001148
CLM_0013200,ACC_000389
CLM_0013201,ACC_000389
CLM_0013202,ACC_000389
CLM_0013203,ACC_000282
CLM_0013204,ACC_000282
CLM_0013205,ACC_000434
CLM_0013206,ACC_000434
CLM_0013207,ACC_000434
CLM_0013208,ACC_000873
CLM_0013209,ACC_000332
CLM_0013210,ACC_000332
CLM_0013211,ACC_000412
CLM_0013212,ACC_000412
CLM_0013213,ACC_000412
CLM_0013214,ACC_000911
CLM_0013215,ACC_000911
CLM_0013216,ACC_000854
CLM_0013217,ACC_000854
CLM_0013218,ACC_000280
CLM_0013219,ACC_000331
CLM_0013220,ACC_000331
CLM_0013221,ACC_000408
CLM_0013222,ACC_000408
CLM_0013223,ACC_000061
CLM_0013224,ACC_000061
CLM_0013225,ACC_000061
CLM_0013226,ACC_000144
CLM_0013227,ACC_000144
CLM_0013228,ACC_000245
CLM_0013229,ACC_000245
CLM_0013230,ACC_000082
CLM_0013231,ACC_000082
CLM_0013232,ACC_000082
CLM_0013233,ACC_000799
CLM_0013234,ACC_000044
CLM_0013235,ACC_000044
CLM_0013236,ACC_000280
CLM_0013237,ACC_000408
CLM_0013238,ACC_000408
CLM_0013239,ACC_000408
CLM_0013240,ACC_000412
CLM_0013241,ACC_000412
CLM_0013242,ACC_000412
CLM_0013243,ACC_000144
CLM_0013244,ACC_000144
CLM_0013245,ACC_000333
CLM_0013246,ACC_000333
CLM_0013247,ACC_001072
CLM_0013248,ACC_001072
CLM_0013249,ACC_001055
CLM_0013250,ACC_001055
CLM_0013251,ACC_001055
CLM_0013252,ACC_000716
CLM_0013253,ACC_000319
CLM_0013254,ACC_000911
CLM_0013255,ACC_000911
CLM_0013256,ACC_000332
CLM_0013257,ACC_000332
CLM_0013258,ACC_000282
CLM_0013259,ACC_000282
CLM_0013260,ACC_000282
CLM_0013261,ACC_000044
CLM_0013262,ACC_000044
CLM_0013263,ACC_000044
CLM_0013264,ACC_000716
CLM_0013265,ACC_000282
CLM_0013266,ACC_000282
CLM_0013267,ACC_000282
CLM_0013268,ACC_000873
CLM_0013269,ACC_001015
CLM_0013270,ACC_001015
CLM_0013271,ACC_000780
CLM_0013272,ACC_000910
CLM_0013273,ACC_000910
CLM_0013274,ACC_000910
CLM_0013275,ACC_000045
CLM_0013276,ACC_000045
CLM_0013277,ACC_001015
CLM_0013278,ACC_001015
CLM_0013279,ACC_001015
CLM_0013280,ACC_000518
CLM_0013281,ACC_000518
CLM_0013282,ACC_000518
CLM_0013283,ACC_000060
CLM_0013284,ACC_000060
CLM_0013285,ACC_000060
CLM_0013286,ACC_001095
CLM_0013287,ACC_000316
CLM_0013288,ACC_000911
CLM_0013289,ACC_000911
CLM_0013290,ACC_001058
CLM_0013291,ACC_000410
CLM_0013292,ACC_000410
CLM_0013293,ACC_000061
CLM_0013294,ACC_000061
CLM_0013295,ACC_000175
CLM_0013296,ACC_000175
CLM_0013297,ACC_000700
CLM_0013298,ACC_000700
CLM_0013299,ACC_000700
CLM_0013300,ACC_000332
CLM_0013301,ACC_000332
CLM_0013302,ACC_000332
CLM_0013303,ACC_000044
CLM_0013304,ACC_000044
CLM_0013305,ACC_000412
CLM_0013306,ACC_000412
CLM_0013307,ACC_000412
CLM_0013308,ACC_000412
CLM_0013309,ACC_000283
CLM_0013310,ACC_000283
CLM_0013311,ACC_000814
CLM_0013312,ACC_000918
CLM_0013313,ACC_000918
CLM_0013314,ACC_000918
CLM_0013315,ACC_000205
CLM_0013316,ACC_000205
CLM_0013317,ACC_000205
CLM_0013318,ACC_001113
CLM_0013319,ACC_000407
CLM_0013320,ACC_000407
CLM_0013321,ACC_000407
CLM_0013322,ACC_000407
CLM_0013323,ACC_000411
CLM_0013324,ACC_000282
CLM_0013325,ACC_001191
CLM_0013326,ACC_001191
CLM_0013327,ACC_001191
CLM_0013328,ACC_000596
CLM_0013329,ACC_000282
CLM_0013330,ACC_000282
CLM_0013331,ACC_000282
CLM_0013332,ACC_000144
CLM_0013333,ACC_000144
CLM_0013334,ACC_000144
CLM_0013335,ACC_000856
CLM_0013336,ACC_000856
CLM_0013337,ACC_000410
CLM_0013338,ACC_000410
CLM_0013339,ACC_000397
CLM_0013340,ACC_000397
CLM_0013341,ACC_001076
CLM_0013342,ACC_001076
CLM_0013343,ACC_001076
CLM_0013344,ACC_000045
CLM_0013345,ACC_000045
CLM_0013346,ACC_000045
CLM_0013347,ACC_000680
CLM_0013348,ACC_000680
CLM_0013349,ACC_000781
CLM_0013350,ACC_000781
CLM_0013351,ACC_000781
CLM_0013352,ACC_000411
CLM_0013353,ACC_000412
CLM_0013354,ACC_000060
CLM_0013355,ACC_000282
CLM_0013356,ACC_000282
CLM_0013357,ACC_000941
CLM_0013358,ACC_000061
CLM_0013359,ACC_000061
CLM_0013360,ACC_000060
CLM_0013361,ACC_000060
CLM_0013362,ACC_000188
CLM_0013363,ACC_000282
CLM_0013364,ACC_000282
CLM_0013365,ACC_000749
CLM_0013366,ACC_000749
CLM_0013367,ACC_001148
CLM_0013368,ACC_001148
CLM_0013369,ACC_000117
CLM_0013370,ACC_000045
CLM_0013371,ACC_000045
CLM_0013372,ACC_000045
CLM_0013373,ACC_000043
CLM_0013374,ACC_000043
CLM_0013375,ACC_000814
CLM_0013376,ACC_000814
CLM_0013377,ACC_000814
CLM_0013378,ACC_000045
CLM_0013379,ACC_000814
CLM_0013380,ACC_000814
CLM_0013381,ACC_000904
CLM_0013382,ACC_000904
CLM_0013383,ACC_000904
CLM_0013384,ACC_000412
CLM_0013385,ACC_000412
CLM_0013386,ACC_000060
CLM_0013387,ACC_000060
CLM_0013388,ACC_000856
CLM_0013389,ACC_000856
CLM_0013390,ACC_000060
CLM_0013391,ACC_000060
CLM_0013392,ACC_000060
CLM_0013393,ACC_001016
CLM_0013394,ACC_001016
CLM_0013395,ACC_000843
CLM_0013396,ACC_000843
CLM_0013397,ACC_000043
CLM_0013398,ACC_000043
CLM_0013399,ACC_000043
CLM_0013400,ACC_000068
CLM_0013401,ACC_000068
CLM_0013402,ACC_000068
CLM_0013403,ACC_000873
CLM_0013404,ACC_000498
CLM_0013405,ACC_000498
CLM_0013406,ACC_000498
CLM_0013407,ACC_000410
CLM_0013408,ACC_000282
CLM_0013409,ACC_000282
CLM_0013410,ACC_000282
CLM_0013411,ACC_000043
CLM_0013412,ACC_000043
CLM_0013413,ACC_000043
CLM_0013414,ACC_000813
CLM_0013415,ACC_000813
CLM_0013416,ACC_000412
CLM_0013417,ACC_000412
CLM_0013418,ACC_000412
CLM_0013419,ACC_000282
CLM_0013420,ACC_000282
CLM_0013421,ACC_000282
CLM_0013422,ACC_000855
CLM_0013423,ACC_000855
CLM_0013424,ACC_000411
CLM_0013425,ACC_000332
CLM_0013426,ACC_000872
CLM_0013427,ACC_000872
CLM_0013428,ACC_000828
CLM_0013429,ACC_000282
CLM_0013430,ACC_000282
CLM_0013431,ACC_000045
CLM_0013432,ACC_000045
CLM_0013433,ACC_000470
CLM_0013434,ACC_000813
CLM_0013435,ACC_000813
CLM_0013436,ACC_000898
CLM_0013437,ACC_000898
CLM_0013438,ACC_000976
CLM_0013439,ACC_000976
CLM_0013440,ACC_000419
CLM_0013441,ACC_000419
CLM_0013442,ACC_000419
CLM_0013443,ACC_000283
CLM_0013444,ACC_000283
CLM_0013445,ACC_000283
CLM_0013446,ACC_000043
CLM_0013447,ACC_000043
CLM_0013448,ACC_000710
CLM_0013449,ACC_000710
CLM_0013450,ACC_000710
CLM_0013451,ACC_000856
CLM_0013452,ACC_000856
CLM_0013453,ACC_000856
CLM_0013454,ACC_000408
CLM_0013455,ACC_000408
CLM_0013456,ACC_000408
CLM_0013457,ACC_000031
CLM_0013458,ACC_000031
CLM_0013459,ACC_001015
CLM_0013460,ACC_001015
CLM_0013461,ACC_001015
CLM_0013462,ACC_000060
CLM_0013463,ACC_000332
CLM_0013464,ACC_000332
CLM_0013465,ACC_000332
CLM_0013466,ACC_000408
CLM_0013467,ACC_000283
CLM_0013468,ACC_000283
CLM_0013469,ACC_001017
CLM_0013470,ACC_001017
CLM_0013471,ACC_000411
CLM_0013472,ACC_000411
CLM_0013473,ACC_000411
CLM_0013474,ACC_001076
CLM_0013475,ACC_000780
CLM_0013476,ACC_000780
CLM_0013477,ACC_000780
CLM_0013478,ACC_000407
CLM_0013479,ACC_000061
CLM_0013480,ACC_000061
CLM_0013481,ACC_000068
CLM_0013482,ACC_000068
CLM_0013483,ACC_000331
CLM_0013484,ACC_000331
CLM_0013485,ACC_000331
CLM_0013486,ACC_001027
CLM_0013487,ACC_000854
CLM_0013488,ACC_000854
CLM_0013489,ACC_000043
CLM_0013490,ACC_000282
CLM_0013491,ACC_000282
CLM_0013492,ACC_000282
CLM_0013493,ACC_000863
CLM_0013494,ACC_000863
CLM_0013495,ACC_000409
CLM_0013496,ACC_000409
CLM_0013497,ACC_000333
CLM_0013498,ACC_000333
CLM_0013499,ACC_001072
CLM_0013500,ACC_000910
CLM_0013501,ACC_000910
CLM_0013502,ACC_000696
CLM_0013503,ACC_000696
CLM_0013504,ACC_000144
CLM_0013505,ACC_000144
CLM_0013506,ACC_000062
CLM_0013507,ACC_000283
CLM_0013508,ACC_000283
CLM_0013509,ACC_000283
CLM_0013510,ACC_000143
CLM_0013511,ACC_000143
CLM_0013512,ACC_000408
CLM_0013513,ACC_000638
CLM_0013514,ACC_000638
CLM_0013515,ACC_000239
CLM_0013516,ACC_000239
CLM_0013517,ACC_000832
CLM_0013518,ACC_001016
CLM_0013519,ACC_001191
CLM_0013520,ACC_001191
CLM_0013521,ACC_001191
CLM_0013522,ACC_001113
CLM_0013523,ACC_000043
CLM_0013524,ACC_000043
CLM_0013525,ACC_000045
CLM_0013526,ACC_000264
CLM_0013527,ACC_000264
CLM_0013528,ACC_000264
CLM_0013529,ACC_000020
CLM_0013530,ACC_000020
CLM_0013531,ACC_000020
CLM_0013532,ACC_000474
CLM_0013533,ACC_000412
CLM_0013534,ACC_000412
CLM_0013535,ACC_000412
CLM_0013536,ACC_000408
CLM_0013537,ACC_000856
CLM_0013538,ACC_000856
CLM_0013539,ACC_000856
CLM_0013540,ACC_000283
CLM_0013541,ACC_000283
CLM_0013542,ACC_000498
CLM_0013543,ACC_000060
CLM_0013544,ACC_000060
CLM_0013545,ACC_000572
CLM_0013546,ACC_000572
CLM_0013547,ACC_000282
CLM_0013548,ACC_000282
CLM_0013549,ACC_000282
CLM_0013550,ACC_000060
CLM_0013551,ACC_000060
CLM_0013552,ACC_000060
CLM_0013553,ACC_000333
CLM_0013554,ACC_000045
CLM_0013555,ACC_001017
CLM_0013556,ACC_001017
CLM_0013557,ACC_001017
CLM_0013558,ACC_000412
CLM_0013559,ACC_000412
CLM_0013560,ACC_000412
CLM_0013561,ACC_000211
CLM_0013562,ACC_000211
CLM_0013563,ACC_000211
CLM_0013564,ACC_000283
CLM_0013565,ACC_000283
CLM_0013566,ACC_000283
CLM_0013567,ACC_000836
CLM_0013568,ACC_000836
CLM_0013569,ACC_000836
CLM_0013570,ACC_000044
CLM_0013571,ACC_000044
CLM_0013572,ACC_000044
CLM_0013573,ACC_000408
CLM_0013574,ACC_000283
CLM_0013575,ACC_000283
CLM_0013576,ACC_000283
CLM_0013577,ACC_000873
CLM_0013578,ACC_000407
CLM_0013579,ACC_000407
CLM_0013580,ACC_000407
CLM_0013581,ACC_000408
CLM_0013582,ACC_000408
CLM_0013583,ACC_001138
CLM_0013584,ACC_001138
CLM_0013585,ACC_000043
CLM_0013586,ACC_000407
CLM_0013587,ACC_000407
CLM_0013588,ACC_000409
CLM_0013589,ACC_000573
CLM_0013590,ACC_000573
CLM_0013591,ACC_000573
CLM_0013592,ACC_000780
CLM_0013593,ACC_000854
CLM_0013594,ACC_000854
CLM_0013595,ACC_000854
CLM_0013596,ACC_000240
CLM_0013597,ACC_000060
CLM_0013598,ACC_000060
CLM_0013599,ACC_000060
CLM_0013600,ACC_000394
CLM_0013601,ACC_000282
CLM_0013602,ACC_000409
CLM_0013603,ACC_000409
CLM_0013604,ACC_000707
CLM_0013605,ACC_000707
CLM_0013606,ACC_000019
CLM_0013607,ACC_000019
CLM_0013608,ACC_000019
CLM_0013609,ACC_000779
CLM_0013610,ACC_000266
CLM_0013611,ACC_000266
CLM_0013612,ACC_000410
CLM_0013613,ACC_000020
CLM_0013614,ACC_000020
CLM_0013615,ACC_000020
CLM_0013616,ACC_001076
CLM_0013617,ACC_001076
CLM_0013618,ACC_001076
CLM_0013619,ACC_000715
CLM_0013620,ACC_000715
CLM_0013621,ACC_000715
CLM_0013622,ACC_000243
CLM_0013623,ACC_000243
CLM_0013624,ACC_000060
CLM_0013625,ACC_000799
CLM_0013626,ACC_000799
CLM_0013627,ACC_000799
CLM_0013628,ACC_000060
CLM_0013629,ACC_000411
CLM_0013630,ACC_000411
CLM_0013631,ACC_001029
CLM_0013632,ACC_001029
CLM_0013633,ACC_000457
CLM_0013634,ACC_001076
CLM_0013635,ACC_001076
CLM_0013636,ACC_000331
CLM_0013637,ACC_000411
CLM_0013638,ACC_000411
CLM_0013639,ACC_000282
CLM_0013640,ACC_000282
CLM_0013641,ACC_000144
CLM_0013642,ACC_000144
CLM_0013643,ACC_000144
CLM_0013644,ACC_000409
CLM_0013645,ACC_000409
CLM_0013646,ACC_000045
CLM_0013647,ACC_000386
CLM_0013648,ACC_000386
CLM_0013649,ACC_000283
CLM_0013650,ACC_000283
CLM_0013651,ACC_000283
CLM_0013652,ACC_000283
CLM_0013653,ACC_000485
CLM_0013654,ACC_000485
CLM_0013655,ACC_000910
CLM_0013656,ACC_000238
CLM_0013657,ACC_001017
CLM_0013658,ACC_000648
CLM_0013659,ACC_000597
CLM_0013660,ACC_000239
CLM_0013661,ACC_000239
CLM_0013662,ACC_000720
CLM_0013663,ACC_000283
CLM_0013664,ACC_000283
CLM_0013665,ACC_000239
CLM_0013666,ACC_000332
CLM_0013667,ACC_000332
CLM_0013668,ACC_000045
CLM_0013669,ACC_000045
CLM_0013670,ACC_000780
CLM_0013671,ACC_000333
CLM_0013672,ACC_000333
CLM_0013673,ACC_001088
CLM_0013674,ACC_001088
CLM_0013675,ACC_001088
CLM_0013676,ACC_000518
CLM_0013677,ACC_000518
CLM_0013678,ACC_000518
CLM_0013679,ACC_000043
CLM_0013680,ACC_000043
CLM_0013681,ACC_000411
CLM_0013682,ACC_000411
CLM_0013683,ACC_000411
CLM_0013684,ACC_000117
CLM_0013685,ACC_000117
CLM_0013686,ACC_001113
CLM_0013687,ACC_001113
CLM_0013688,ACC_000282
CLM_0013689,ACC_000282
CLM_0013690,ACC_000282
CLM_0013691,ACC_000045
CLM_0013692,ACC_000045
CLM_0013693,ACC_000060
CLM_0013694,ACC_001024
CLM_0013695,ACC_001024
CLM_0013696,ACC_000282
CLM_0013697,ACC_000283
CLM_0013698,ACC_000813
CLM_0013699,ACC_000813
CLM_0013700,ACC_000856
CLM_0013701,ACC_000060
CLM_0013702,ACC_000060
CLM_0013703,ACC_000060
CLM_0013704,ACC_000143
CLM_0013705,ACC_000045
CLM_0013706,ACC_000391
CLM_0013707,ACC_000391
CLM_0013708,ACC_000391
CLM_0013709,ACC_000061
CLM_0013710,ACC_000061
CLM_0013711,ACC_000814
CLM_0013712,ACC_000814
CLM_0013713,ACC_000218
CLM_0013714,ACC_000218
CLM_0013715,ACC_000218
CLM_0013716,ACC_001076
CLM_0013717,ACC_001076
CLM_0013718,ACC_001076
CLM_0013719,ACC_000410
CLM_0013720,ACC_000410
CLM_0013721,ACC_000283
CLM_0013722,ACC_000407
CLM_0013723,ACC_001076
CLM_0013724,ACC_001138
CLM_0013725,ACC_001138
CLM_0013726,ACC_000283
CLM_0013727,ACC_000283
CLM_0013728,ACC_000283
CLM_0013729,ACC_000412
CLM_0013730,ACC_000283
CLM_0013731,ACC_000437
CLM_0013732,ACC_000437
CLM_0013733,ACC_000437
CLM_0013734,ACC_000020
CLM_0013735,ACC_000020
CLM_0013736,ACC_000911
CLM_0013737,ACC_000911
CLM_0013738,ACC_001076
CLM_0013739,ACC_001076
CLM_0013740,ACC_001112
CLM_0013741,ACC_001112
CLM_0013742,ACC_000873
CLM_0013743,ACC_000873
CLM_0013744,ACC_000873
CLM_0013745,ACC_001138
CLM_0013746,ACC_001138
CLM_0013747,ACC_000282
CLM_0013748,ACC_000910
CLM_0013749,ACC_000911
CLM_0013750,ACC_000862
CLM_0013751,ACC_000283
CLM_0013752,ACC_000716
CLM_0013753,ACC_000716
CLM_0013754,ACC_000716
CLM_0013755,ACC_001138
CLM_0013756,ACC_001138
CLM_0013757,ACC_000060
CLM_0013758,ACC_000060
CLM_0013759,ACC_000855
CLM_0013760,ACC_000719
CLM_0013761,ACC_000719
CLM_0013762,ACC_000719
CLM_0013763,ACC_000873
CLM_0013764,ACC_000873
CLM_0013765,ACC_000873
CLM_0013766,ACC_001191
CLM_0013767,ACC_001191
CLM_0013768,ACC_000319
CLM_0013769,ACC_000319
CLM_0013770,ACC_000319
CLM_0013771,ACC_000409
CLM_0013772,ACC_000391
CLM_0013773,ACC_000391
CLM_0013774,ACC_000283
CLM_0013775,ACC_000283
CLM_0013776,ACC_000283
CLM_0013777,ACC_000385
CLM_0013778,ACC_000385
CLM_0013779,ACC_000385
CLM_0013780,ACC_000854
CLM_0013781,ACC_000854
CLM_0013782,ACC_000872
CLM_0013783,ACC_000872
CLM_0013784,ACC_000872
CLM_0013785,ACC_001094
CLM_0013786,ACC_001094
CLM_0013787,ACC_000873
CLM_0013788,ACC_000873
CLM_0013789,ACC_000873
CLM_0013790,ACC_000282
CLM_0013791,ACC_000590
CLM_0013792,ACC_000590
CLM_0013793,ACC_000055
CLM_0013794,ACC_000331
CLM_0013795,ACC_000282
CLM_0013796,ACC_000282
CLM_0013797,ACC_000282
CLM_0013798,ACC_000117
CLM_0013799,ACC_000117
CLM_0013800,ACC_000283
CLM_0013801,ACC_000283
CLM_0013802,ACC_000283
CLM_0013803,ACC_000282
CLM_0013804,ACC_000282
CLM_0013805,ACC_000144
CLM_0013806,ACC_000910
CLM_0013807,ACC_000910
CLM_0013808,ACC_000910
CLM_0013809,ACC_000282
CLM_0013810,ACC_001088
CLM_0013811,ACC_000250
CLM_0013812,ACC_000060
CLM_0013813,ACC_000060
CLM_0013814,ACC_001113
CLM_0013815,ACC_000540
CLM_0013816,ACC_000540
CLM_0013817,ACC_000143
CLM_0013818,ACC_000143
CLM_0013819,ACC_000143
CLM_0013820,ACC_000239
CLM_0013821,ACC_000239
CLM_0013822,ACC_000239
CLM_0013823,ACC_000144
CLM_0013824,ACC_001057
CLM_0013825,ACC_001057
CLM_0013826,ACC_001057
CLM_0013827,ACC_000144
CLM_0013828,ACC_000144
CLM_0013829,ACC_000144
CLM_0013830,ACC_000533
CLM_0013831,ACC_000533
CLM_0013832,ACC_000516
CLM_0013833,ACC_000516
CLM_0013834,ACC_000516
CLM_0013835,ACC_000516
CLM_0013836,ACC_000282
CLM_0013837,ACC_000282
CLM_0013838,ACC_000143
CLM_0013839,ACC_000315
CLM_0013840,ACC_000315
CLM_0013841,ACC_000910
CLM_0013842,ACC_000910
CLM_0013843,ACC_000910
CLM_0013844,ACC_000410
CLM_0013845,ACC_000410
CLM_0013846,ACC_000282
CLM_0013847,ACC_000282
CLM_0013848,ACC_000282
CLM_0013849,ACC_000394
CLM_0013850,ACC_000409
CLM_0013851,ACC_000409
CLM_0013852,ACC_000409
CLM_0013853,ACC_000282
CLM_0013854,ACC_000282
CLM_0013855,ACC_000518
CLM_0013856,ACC_000518
CLM_0013857,ACC_000518
CLM_0013858,ACC_001170
CLM_0013859,ACC_001170
CLM_0013860,ACC_001170
CLM_0013861,ACC_001076
CLM_0013862,ACC_000856
CLM_0013863,ACC_000856
CLM_0013864,ACC_000856
CLM_0013865,ACC_000407
CLM_0013866,ACC_000407
CLM_0013867,ACC_000719
CLM_0013868,ACC_000121
CLM_0013869,ACC_000121
CLM_0013870,ACC_001076
CLM_0013871,ACC_001076
CLM_0013872,ACC_000872
CLM_0013873,ACC_000872
CLM_0013874,ACC_000872
CLM_0013875,ACC_000282
CLM_0013876,ACC_001015
CLM_0013877,ACC_000282
CLM_0013878,ACC_000282
CLM_0013879,ACC_000282
CLM_0013880,ACC_000282
CLM_0013881,ACC_000062
CLM_0013882,ACC_000062
CLM_0013883,ACC_000498
CLM_0013884,ACC_000813
CLM_0013885,ACC_000813
CLM_0013886,ACC_000144
CLM_0013887,ACC_000144
CLM_0013888,ACC_000144
CLM_0013889,ACC_000412
CLM_0013890,ACC_000412
CLM_0013891,ACC_000412
CLM_0013892,ACC_000470
CLM_0013893,ACC_000470
CLM_0013894,ACC_000470
CLM_0013895,ACC_000003
CLM_0013896,ACC_000380
CLM_0013897,ACC_000380
CLM_0013898,ACC_000380
CLM_0013899,ACC_000704
CLM_0013900,ACC_000060
CLM_0013901,ACC_000060
CLM_0013902,ACC_001055
CLM_0013903,ACC_001055
CLM_0013904,ACC_000266
CLM_0013905,ACC_000266
CLM_0013906,ACC_000044
CLM_0013907,ACC_000814
CLM_0013908,ACC_000283
CLM_0013909,ACC_000283
CLM_0013910,ACC_000283
CLM_0013911,ACC_000047
CLM_0013912,ACC_000047
CLM_0013913,ACC_000047
CLM_0013914,ACC_000044
CLM_0013915,ACC_000282
CLM_0013916,ACC_000283
CLM_0013917,ACC_000283
CLM_0013918,ACC_000409
CLM_0013919,ACC_000409
CLM_0013920,ACC_000409
CLM_0013921,ACC_000409
CLM_0013922,ACC_000409
CLM_0013923,ACC_000321
CLM_0013924,ACC_000109
CLM_0013925,ACC_000109
CLM_0013926,ACC_000378
CLM_0013927,ACC_000378
CLM_0013928,ACC_000120
CLM_0013929,ACC_000120
CLM_0013930,ACC_000120
CLM_0013931,ACC_000999
CLM_0013932,ACC_000999
CLM_0013933,ACC_000999
CLM_0013934,ACC_000205
CLM_0013935,ACC_000953
CLM_0013936,ACC_000953
CLM_0013937,ACC_000282
CLM_0013938,ACC_000393
CLM_0013939,ACC_000393
CLM_0013940,ACC_000045
CLM_0013941,ACC_000045
CLM_0013942,ACC_000117
CLM_0013943,ACC_000083
CLM_0013944,ACC_000409
CLM_0013945,ACC_000409
CLM_0013946,ACC_000503
CLM_0013947,ACC_000503
CLM_0013948,ACC_000503
CLM_0013949,ACC_000311
CLM_0013950,ACC_000311
CLM_0013951,ACC_000311
CLM_0013952,ACC_000844
CLM_0013953,ACC_000758
CLM_0013954,ACC_000411
CLM_0013955,ACC_000411
CLM_0013956,ACC_000411
CLM_0013957,ACC_000131
CLM_0013958,ACC_000283
CLM_0013959,ACC_000283
CLM_0013960,ACC_000283
CLM_0013961,ACC_001017
CLM_0013962,ACC_000282
CLM_0013963,ACC_000282
CLM_0013964,ACC_000854
CLM_0013965,ACC_000872
CLM_0013966,ACC_000872
CLM_0013967,ACC_000872
CLM_0013968,ACC_000963
CLM_0013969,ACC_000963
CLM_0013970,ACC_000209
CLM_0013971,ACC_000407
CLM_0013972,ACC_001196
CLM_0013973,ACC_001196
CLM_0013974,ACC_001196
CLM_0013975,ACC_000873
CLM_0013976,ACC_000873
CLM_0013977,ACC_000873
CLM_0013978,ACC_000814
CLM_0013979,ACC_000814
CLM_0013980,ACC_000814
CLM_0013981,ACC_000910
CLM_0013982,ACC_000573
CLM_0013983,ACC_000573
CLM_0013984,ACC_001054
CLM_0013985,ACC_001054
CLM_0013986,ACC_001054
CLM_0013987,ACC_001076
CLM_0013988,ACC_000100
CLM_0013989,ACC_000100
CLM_0013990,ACC_000100
CLM_0013991,ACC_000283
CLM_0013992,ACC_000283
CLM_0013993,ACC_000412
CLM_0013994,ACC_000412
CLM_0013995,ACC_000412
CLM_0013996,ACC_001057
CLM_0013997,ACC_000409
CLM_0013998,ACC_000409
CLM_0013999,ACC_000748
CLM_0014000,ACC_000748
CLM_0014001,ACC_000748
CLM_0014002,ACC_000061
CLM_0014003,ACC_000873
CLM_0014004,ACC_000873
CLM_0014005,ACC_001076
CLM_0014006,ACC_001076
CLM_0014007,ACC_001076
CLM_0014008,ACC_000037
CLM_0014009,ACC_000037
CLM_0014010,ACC_001076
CLM_0014011,ACC_000421
CLM_0014012,ACC_000421
CLM_0014013,ACC_000283
CLM_0014014,ACC_000283
CLM_0014015,ACC_000283
CLM_0014016,ACC_000282
CLM_0014017,ACC_000282
CLM_0014018,ACC_000282
CLM_0014019,ACC_000464
CLM_0014020,ACC_000464
CLM_0014021,ACC_000464
CLM_0014022,ACC_001158
CLM_0014023,ACC_001158
CLM_0014024,ACC_001138
CLM_0014025,ACC_001138
CLM_0014026,ACC_001076
CLM_0014027,ACC_001076
CLM_0014028,ACC_001076
CLM_0014029,ACC_001164
CLM_0014030,ACC_001164
CLM_0014031,ACC_001164
CLM_0014032,ACC_001088
CLM_0014033,ACC_001088
CLM_0014034,ACC_000283
CLM_0014035,ACC_000283
CLM_0014036,ACC_000283
CLM_0014037,ACC_000910
CLM_0014038,ACC_000910
CLM_0014039,ACC_000910
CLM_0014040,ACC_000250
CLM_0014041,ACC_000250
CLM_0014042,ACC_000573
CLM_0014043,ACC_000573
CLM_0014044,ACC_000854
CLM_0014045,ACC_000854
CLM_0014046,ACC_000862
CLM_0014047,ACC_001077
CLM_0014048,ACC_001077
CLM_0014049,ACC_000814
CLM_0014050,ACC_000814
CLM_0014051,ACC_000814
CLM_0014052,ACC_001002
CLM_0014053,ACC_001002
CLM_0014054,ACC_001002
CLM_0014055,ACC_001056
CLM_0014056,ACC_001056
CLM_0014057,ACC_000879
CLM_0014058,ACC_000060
CLM_0014059,ACC_000060
CLM_0014060,ACC_000060
CLM_0014061,ACC_000569
CLM_0014062,ACC_000569
CLM_0014063,ACC_000172
CLM_0014064,ACC_000172
CLM_0014065,ACC_000408
CLM_0014066,ACC_000408
CLM_0014067,ACC_000282
CLM_0014068,ACC_000405
CLM_0014069,ACC_001054
CLM_0014070,ACC_000043
CLM_0014071,ACC_000043
CLM_0014072,ACC_000872
CLM_0014073,ACC_000872
CLM_0014074,ACC_000331
CLM_0014075,ACC_000331
CLM_0014076,ACC_000412
CLM_0014077,ACC_000283
CLM_0014078,ACC_000044
CLM_0014079,ACC_000282
CLM_0014080,ACC_000282
CLM_0014081,ACC_000144
CLM_0014082,ACC_000144
CLM_0014083,ACC_000566
CLM_0014084,ACC_000566
CLM_0014085,ACC_000173
CLM_0014086,ACC_000173
CLM_0014087,ACC_000421
CLM_0014088,ACC_000421
CLM_0014089,ACC_000421
CLM_0014090,ACC_001016
CLM_0014091,ACC_001016
CLM_0014092,ACC_001016
CLM_0014093,ACC_000125
CLM_0014094,ACC_000043
CLM_0014095,ACC_000043
CLM_0014096,ACC_000043
CLM_0014097,ACC_000411
CLM_0014098,ACC_000878
CLM_0014099,ACC_000878
CLM_0014100,ACC_000283
CLM_0014101,ACC_000283
CLM_0014102,ACC_000283
CLM_0014103,ACC_000117
CLM_0014104,ACC_000117
CLM_0014105,ACC_000061
CLM_0014106,ACC_000137
CLM_0014107,ACC_000137
CLM_0014108,ACC_000137
CLM_0014109,ACC_000410
CLM_0014110,ACC_000410
CLM_0014111,ACC_000410
CLM_0014112,ACC_000283
CLM_0014113,ACC_000283
CLM_0014114,ACC_000282
CLM_0014115,ACC_000282
CLM_0014116,ACC_000287
CLM_0014117,ACC_000287
CLM_0014118,ACC_000287
CLM_0014119,ACC_000061
CLM_0014120,ACC_001015
CLM_0014121,ACC_001015
CLM_0014122,ACC_000060
CLM_0014123,ACC_000872
CLM_0014124,ACC_000409
CLM_0014125,ACC_000409
CLM_0014126,ACC_000409
CLM_0014127,ACC_001015
CLM_0014128,ACC_000043
CLM_0014129,ACC_000043
CLM_0014130,ACC_000403
CLM_0014131,ACC_000403
CLM_0014132,ACC_000403
CLM_0014133,ACC_000114
CLM_0014134,ACC_000640
CLM_0014135,ACC_000172
CLM_0014136,ACC_000172
CLM_0014137,ACC_000172
CLM_0014138,ACC_001076
CLM_0014139,ACC_001076
CLM_0014140,ACC_001076
CLM_0014141,ACC_000283
CLM_0014142,ACC_000283
CLM_0014143,ACC_000718
CLM_0014144,ACC_000718
CLM_0014145,ACC_000718
CLM_0014146,ACC_000283
CLM_0014147,ACC_000283
CLM_0014148,ACC_000283
CLM_0014149,ACC_000498
CLM_0014150,ACC_000498
CLM_0014151,ACC_000498
CLM_0014152,ACC_000019
CLM_0014153,ACC_000019
CLM_0014154,ACC_000117
CLM_0014155,ACC_000331
CLM_0014156,ACC_000331
CLM_0014157,ACC_000464
CLM_0014158,ACC_000464
CLM_0014159,ACC_000283
CLM_0014160,ACC_000283
CLM_0014161,ACC_000299
CLM_0014162,ACC_000644
CLM_0014163,ACC_000644
CLM_0014164,ACC_000045
CLM_0014165,ACC_000045
CLM_0014166,ACC_000045
CLM_0014167,ACC_000410
CLM_0014168,ACC_000410
CLM_0014169,ACC_000410
CLM_0014170,ACC_000060
CLM_0014171,ACC_000060
CLM_0014172,ACC_000060
CLM_0014173,ACC_000340
CLM_0014174,ACC_000340
CLM_0014175,ACC_000340
CLM_0014176,ACC_000060
CLM_0014177,ACC_000798
CLM_0014178,ACC_000798
CLM_0014179,ACC_000282
CLM_0014180,ACC_000282
CLM_0014181,ACC_000632
CLM_0014182,ACC_000854
CLM_0014183,ACC_000411
CLM_0014184,ACC_000854
CLM_0014185,ACC_000854
CLM_0014186,ACC_000043
CLM_0014187,ACC_000283
CLM_0014188,ACC_000283
CLM_0014189,ACC_000283
CLM_0014190,ACC_001196
CLM_0014191,ACC_001196
CLM_0014192,ACC_000856
CLM_0014193,ACC_000856
CLM_0014194,ACC_001112
CLM_0014195,ACC_001112
CLM_0014196,ACC_000319
CLM_0014197,ACC_000319
CLM_0014198,ACC_000407
CLM_0014199,ACC_000407
CLM_0014200,ACC_000407
CLM_0014201,ACC_000411
CLM_0014202,ACC_000411
CLM_0014203,ACC_000411
CLM_0014204,ACC_000280
CLM_0014205,ACC_000280
CLM_0014206,ACC_000280
CLM_0014207,ACC_000854
CLM_0014208,ACC_000143
CLM_0014209,ACC_000143
CLM_0014210,ACC_000143
CLM_0014211,ACC_000412
CLM_0014212,ACC_000412
CLM_0014213,ACC_001016
CLM_0014214,ACC_000205
CLM_0014215,ACC_000205
CLM_0014216,ACC_000282
CLM_0014217,ACC_000173
CLM_0014218,ACC_001072
CLM_0014219,ACC_001072
CLM_0014220,ACC_001072
CLM_0014221,ACC_000517
CLM_0014222,ACC_000517
CLM_0014223,ACC_000517
CLM_0014224,ACC_000569
CLM_0014225,ACC_000407
CLM_0014226,ACC_000407
CLM_0014227,ACC_000407
CLM_0014228,ACC_001055
CLM_0014229,ACC_001055
CLM_0014230,ACC_001055
CLM_0014231,ACC_000856
CLM_0014232,ACC_000248
CLM_0014233,ACC_000248
CLM_0014234,ACC_000248
CLM_0014235,ACC_001070
CLM_0014236,ACC_001070
CLM_0014237,ACC_000137
CLM_0014238,ACC_000137
CLM_0014239,ACC_000409
CLM_0014240,ACC_000409
CLM_0014241,ACC_000045
CLM_0014242,ACC_000045
CLM_0014243,ACC_000561
CLM_0014244,ACC_000561
CLM_0014245,ACC_000561
CLM_0014246,ACC_000283
CLM_0014247,ACC_000283
CLM_0014248,ACC_000409
CLM_0014249,ACC_000409
CLM_0014250,ACC_000061
CLM_0014251,ACC_000813
CLM_0014252,ACC_000813
CLM_0014253,ACC_000813
CLM_0014254,ACC_000887
CLM_0014255,ACC_000887
CLM_0014256,ACC_001015
CLM_0014257,ACC_000856
CLM_0014258,ACC_001055
CLM_0014259,ACC_000748
CLM_0014260,ACC_000748
CLM_0014261,ACC_000797
CLM_0014262,ACC_000173
CLM_0014263,ACC_000173
CLM_0014264,ACC_000282
CLM_0014265,ACC_000282
CLM_0014266,ACC_000282
CLM_0014267,ACC_000856
CLM_0014268,ACC_001076
CLM_0014269,ACC_001076
CLM_0014270,ACC_001076
CLM_0014271,ACC_000195
CLM_0014272,ACC_000282
CLM_0014273,ACC_000407
CLM_0014274,ACC_000407
CLM_0014275,ACC_000282
CLM_0014276,ACC_000282
CLM_0014277,ACC_000282
CLM_0014278,ACC_001015
CLM_0014279,ACC_001015
CLM_0014280,ACC_001015
CLM_0014281,ACC_000910
CLM_0014282,ACC_000910
CLM_0014283,ACC_000534
CLM_0014284,ACC_000534
CLM_0014285,ACC_000780
CLM_0014286,ACC_000780
CLM_0014287,ACC_000872
CLM_0014288,ACC_000872
CLM_0014289,ACC_000569
CLM_0014290,ACC_000569
CLM_0014291,ACC_000911
CLM_0014292,ACC_000911
CLM_0014293,ACC_000854
CLM_0014294,ACC_000854
CLM_0014295,ACC_000060
CLM_0014296,ACC_000209
CLM_0014297,ACC_000209
CLM_0014298,ACC_000209
CLM_0014299,ACC_000283
CLM_0014300,ACC_000856
CLM_0014301,ACC_000283
CLM_0014302,ACC_000020
CLM_0014303,ACC_000020
CLM_0014304,ACC_000020
CLM_0014305,ACC_000282
CLM_0014306,ACC_000282
CLM_0014307,ACC_000282
CLM_0014308,ACC_000407
CLM_0014309,ACC_000407
CLM_0014310,ACC_000144
CLM_0014311,ACC_000144
CLM_0014312,ACC_000061
CLM_0014313,ACC_000061
CLM_0014314,ACC_000061
CLM_0014315,ACC_000045
CLM_0014316,ACC_000410
CLM_0014317,ACC_000410
CLM_0014318,ACC_000283
CLM_0014319,ACC_000282
CLM_0014320,ACC_000282
CLM_0014321,ACC_000282
CLM_0014322,ACC_000043
CLM_0014323,ACC_000043
CLM_0014324,ACC_000799
CLM_0014325,ACC_000799
CLM_0014326,ACC_000060
CLM_0014327,ACC_000060
CLM_0014328,ACC_000061
CLM_0014329,ACC_000394
CLM_0014330,ACC_000043
CLM_0014331,ACC_000043
CLM_0014332,ACC_000060
CLM_0014333,ACC_000060
CLM_0014334,ACC_000045
CLM_0014335,ACC_000045
CLM_0014336,ACC_000045
CLM_0014337,ACC_000412
CLM_0014338,ACC_000412
CLM_0014339,ACC_000412
CLM_0014340,ACC_000076
CLM_0014341,ACC_000408
CLM_0014342,ACC_000408
CLM_0014343,ACC_001157
CLM_0014344,ACC_001157
CLM_0014345,ACC_000242
CLM_0014346,ACC_000242
CLM_0014347,ACC_000843
CLM_0014348,ACC_000843
CLM_0014349,ACC_000843
CLM_0014350,ACC_000194
CLM_0014351,ACC_000194
CLM_0014352,ACC_000194
CLM_0014353,ACC_000283
CLM_0014354,ACC_000283
CLM_0014355,ACC_000283
CLM_0014356,ACC_000283
CLM_0014357,ACC_000633
CLM_0014358,ACC_000633
CLM_0014359,ACC_000633
CLM_0014360,ACC_000412
CLM_0014361,ACC_000101
CLM_0014362,ACC_000101
CLM_0014363,ACC_000498
CLM_0014364,ACC_000856
CLM_0014365,ACC_000856
CLM_0014366,ACC_000856
CLM_0014367,ACC_000411
CLM_0014368,ACC_000411
CLM_0014369,ACC_000411
CLM_0014370,ACC_000048
CLM_0014371,ACC_001015
CLM_0014372,ACC_001015
CLM_0014373,ACC_001015
CLM_0014374,ACC_000123
CLM_0014375,ACC_000123
CLM_0014376,ACC_000910
CLM_0014377,ACC_000910
CLM_0014378,ACC_000910
CLM_0014379,ACC_000282
CLM_0014380,ACC_000333
CLM_0014381,ACC_000333
CLM_0014382,ACC_000333
CLM_0014383,ACC_001058
CLM_0014384,ACC_001058
CLM_0014385,ACC_001058
CLM_0014386,ACC_000424
CLM_0014387,ACC_000424
CLM_0014388,ACC_000424
CLM_0014389,ACC_000498
CLM_0014390,ACC_000498
CLM_0014391,ACC_000498
CLM_0014392,ACC_001158
CLM_0014393,ACC_001158
CLM_0014394,ACC_000282
CLM_0014395,ACC_000282
CLM_0014396,ACC_000282
CLM_0014397,ACC_000250
CLM_0014398,ACC_000121
CLM_0014399,ACC_000121
CLM_0014400,ACC_000044
CLM_0014401,ACC_000498
CLM_0014402,ACC_000498
CLM_0014403,ACC_000498
CLM_0014404,ACC_000570
CLM_0014405,ACC_000570
CLM_0014406,ACC_000570
CLM_0014407,ACC_000408
CLM_0014408,ACC_000143
CLM_0014409,ACC_000143
CLM_0014410,ACC_000143
CLM_0014411,ACC_000411
CLM_0014412,ACC_000411
CLM_0014413,ACC_000411
CLM_0014414,ACC_000282
CLM_0014415,ACC_000282
CLM_0014416,ACC_000282
CLM_0014417,ACC_000833
CLM_0014418,ACC_000833
CLM_0014419,ACC_000410
CLM_0014420,ACC_000410
CLM_0014421,ACC_000410
CLM_0014422,ACC_000143
CLM_0014423,ACC_000143
CLM_0014424,ACC_000239
CLM_0014425,ACC_000239
CLM_0014426,ACC_000239
CLM_0014427,ACC_000943
CLM_0014428,ACC_000943
CLM_0014429,ACC_000282
CLM_0014430,ACC_000282
CLM_0014431,ACC_000282
CLM_0014432,ACC_001076
CLM_0014433,ACC_001076
CLM_0014434,ACC_001076
CLM_0014435,ACC_000412
CLM_0014436,ACC_000412
CLM_0014437,ACC_000282
CLM_0014438,ACC_001055
CLM_0014439,ACC_000412
CLM_0014440,ACC_000412
CLM_0014441,ACC_000412
CLM_0014442,ACC_000396
CLM_0014443,ACC_000396
CLM_0014444,ACC_000396
CLM_0014445,ACC_000412
CLM_0014446,ACC_000412
CLM_0014447,ACC_000412
CLM_0014448,ACC_000408
CLM_0014449,ACC_000813
CLM_0014450,ACC_000813
CLM_0014451,ACC_000813
CLM_0014452,ACC_000171
CLM_0014453,ACC_000407
CLM_0014454,ACC_000407
CLM_0014455,ACC_000407
CLM_0014456,ACC_000283
CLM_0014457,ACC_000283
CLM_0014458,ACC_000117
CLM_0014459,ACC_000283
CLM_0014460,ACC_000282
CLM_0014461,ACC_000282
CLM_0014462,ACC_001017
CLM_0014463,ACC_000060
CLM_0014464,ACC_000060
CLM_0014465,ACC_000855
CLM_0014466,ACC_000855
CLM_0014467,ACC_000855
CLM_0014468,ACC_000856
CLM_0014469,ACC_000856
CLM_0014470,ACC_000814
CLM_0014471,ACC_000814
CLM_0014472,ACC_001191
CLM_0014473,ACC_001191
CLM_0014474,ACC_000283
CLM_0014475,ACC_000498
CLM_0014476,ACC_000719
CLM_0014477,ACC_000719
CLM_0014478,ACC_000498
CLM_0014479,ACC_000060
CLM_0014480,ACC_000873
CLM_0014481,ACC_000873
CLM_0014482,ACC_001015
CLM_0014483,ACC_001172
CLM_0014484,ACC_001076
CLM_0014485,ACC_000410
CLM_0014486,ACC_000410
CLM_0014487,ACC_000410
CLM_0014488,ACC_000813
CLM_0014489,ACC_000813
CLM_0014490,ACC_000813
CLM_0014491,ACC_001113
CLM_0014492,ACC_000781
CLM_0014493,ACC_000781
CLM_0014494,ACC_000781
CLM_0014495,ACC_000283
CLM_0014496,ACC_000144
CLM_0014497,ACC_000144
CLM_0014498,ACC_000144
CLM_0014499,ACC_000685
CLM_0014500,ACC_000685
CLM_0014501,ACC_000117
CLM_0014502,ACC_000407
CLM_0014503,ACC_000407
CLM_0014504,ACC_000407
CLM_0014505,ACC_000121
CLM_0014506,ACC_000121
CLM_0014507,ACC_000566
CLM_0014508,ACC_000566
CLM_0014509,ACC_000061
CLM_0014510,ACC_000061
CLM_0014511,ACC_001076
CLM_0014512,ACC_000411
CLM_0014513,ACC_000411
CLM_0014514,ACC_000283
CLM_0014515,ACC_000283
CLM_0014516,ACC_000283
CLM_0014517,ACC_000060
CLM_0014518,ACC_000060
CLM_0014519,ACC_000854
CLM_0014520,ACC_000854
CLM_0014521,ACC_000984
CLM_0014522,ACC_000984
CLM_0014523,ACC_000491
CLM_0014524,ACC_000491
CLM_0014525,ACC_000491
CLM_0014526,ACC_001015
CLM_0014527,ACC_000020
CLM_0014528,ACC_000020
CLM_0014529,ACC_000117
CLM_0014530,ACC_000117
CLM_0014531,ACC_000333
CLM_0014532,ACC_000333
CLM_0014533,ACC_000333
CLM_0014534,ACC_000236
CLM_0014535,ACC_000236
CLM_0014536,ACC_000236
CLM_0014537,ACC_001179
CLM_0014538,ACC_001179
CLM_0014539,ACC_001179
CLM_0014540,ACC_000854
CLM_0014541,ACC_000854
CLM_0014542,ACC_000283
CLM_0014543,ACC_000112
CLM_0014544,ACC_000112
CLM_0014545,ACC_000790
CLM_0014546,ACC_000283
CLM_0014547,ACC_000282
CLM_0014548,ACC_000282
CLM_0014549,ACC_000282
CLM_0014550,ACC_000687
CLM_0014551,ACC_000687
CLM_0014552,ACC_001076
CLM_0014553,ACC_001076
CLM_0014554,ACC_001055
CLM_0014555,ACC_000333
CLM_0014556,ACC_000911
CLM_0014557,ACC_000911
CLM_0014558,ACC_000331
CLM_0014559,ACC_000331
CLM_0014560,ACC_000408
CLM_0014561,ACC_000408
CLM_0014562,ACC_000408
CLM_0014563,ACC_000282
CLM_0014564,ACC_000282
CLM_0014565,ACC_001055
CLM_0014566,ACC_001055
CLM_0014567,ACC_001055
CLM_0014568,ACC_000969
CLM_0014569,ACC_000969
CLM_0014570,ACC_000911
CLM_0014571,ACC_000911
CLM_0014572,ACC_000911
CLM_0014573,ACC_000060
CLM_0014574,ACC_000060
CLM_0014575,ACC_000060
CLM_0014576,ACC_001120
CLM_0014577,ACC_001120
CLM_0014578,ACC_001120
CLM_0014579,ACC_000410
CLM_0014580,ACC_000410
CLM_0014581,ACC_000410
CLM_0014582,ACC_000283
CLM_0014583,ACC_000283
CLM_0014584,ACC_000283
CLM_0014585,ACC_000814
CLM_0014586,ACC_000143
CLM_0014587,ACC_000143
CLM_0014588,ACC_000060
CLM_0014589,ACC_000060
CLM_0014590,ACC_000060
CLM_0014591,ACC_001122
CLM_0014592,ACC_001122
CLM_0014593,ACC_001122
CLM_0014594,ACC_000873
CLM_0014595,ACC_001056
CLM_0014596,ACC_001056
CLM_0014597,ACC_001056
CLM_0014598,ACC_000324
CLM_0014599,ACC_000324
CLM_0014600,ACC_000324
CLM_0014601,ACC_000113
CLM_0014602,ACC_000205
CLM_0014603,ACC_000856
CLM_0014604,ACC_000881
CLM_0014605,ACC_000881
CLM_0014606,ACC_001056
CLM_0014607,ACC_001056
CLM_0014608,ACC_001056
CLM_0014609,ACC_001016
CLM_0014610,ACC_001016
CLM_0014611,ACC_001016
CLM_0014612,ACC_000171
CLM_0014613,ACC_000331
CLM_0014614,ACC_001015
CLM_0014615,ACC_001015
CLM_0014616,ACC_000679
CLM_0014617,ACC_000395
CLM_0014618,ACC_000598
CLM_0014619,ACC_000598
CLM_0014620,ACC_000598
CLM_0014621,ACC_000282
CLM_0014622,ACC_000282
CLM_0014623,ACC_000044
CLM_0014624,ACC_000044
CLM_0014625,ACC_000710
CLM_0014626,ACC_000710
CLM_0014627,ACC_000878
CLM_0014628,ACC_000410
CLM_0014629,ACC_000283
CLM_0014630,ACC_000856
CLM_0014631,ACC_000856
CLM_0014632,ACC_000411
CLM_0014633,ACC_000411
CLM_0014634,ACC_000411
CLM_0014635,ACC_001072
CLM_0014636,ACC_000710
CLM_0014637,ACC_000144
CLM_0014638,ACC_000144
CLM_0014639,ACC_000144
CLM_0014640,ACC_001151
CLM_0014641,ACC_001151
CLM_0014642,ACC_000498
CLM_0014643,ACC_000498
CLM_0014644,ACC_000498
CLM_0014645,ACC_000911
CLM_0014646,ACC_000911
CLM_0014647,ACC_000409
CLM_0014648,ACC_000409
CLM_0014649,ACC_000393
CLM_0014650,ACC_000393
CLM_0014651,ACC_000393
CLM_0014652,ACC_000283
CLM_0014653,ACC_000283
CLM_0014654,ACC_000026
CLM_0014655,ACC_000026
CLM_0014656,ACC_000153
CLM_0014657,ACC_001076
CLM_0014658,ACC_000408
CLM_0014659,ACC_000408
CLM_0014660,ACC_000408
CLM_0014661,ACC_000333
CLM_0014662,ACC_000651
CLM_0014663,ACC_000651
CLM_0014664,ACC_000651
CLM_0014665,ACC_000984
CLM_0014666,ACC_000984
CLM_0014667,ACC_000408
CLM_0014668,ACC_000060
CLM_0014669,ACC_000060
CLM_0014670,ACC_000282
CLM_0014671,ACC_000282
CLM_0014672,ACC_000813
CLM_0014673,ACC_000132
CLM_0014674,ACC_000132
CLM_0014675,ACC_000132
CLM_0014676,ACC_001075
CLM_0014677,ACC_000143
CLM_0014678,ACC_000143
CLM_0014679,ACC_000143
CLM_0014680,ACC_000411
CLM_0014681,ACC_000411
CLM_0014682,ACC_000779
CLM_0014683,ACC_000779
CLM_0014684,ACC_000779
CLM_0014685,ACC_000117
CLM_0014686,ACC_000117
CLM_0014687,ACC_000019
CLM_0014688,ACC_000019
CLM_0014689,ACC_000019
CLM_0014690,ACC_001088
CLM_0014691,ACC_001005
CLM_0014692,ACC_001005
CLM_0014693,ACC_000282
CLM_0014694,ACC_000282
CLM_0014695,ACC_000498
CLM_0014696,ACC_001138
CLM_0014697,ACC_000359
CLM_0014698,ACC_000359
CLM_0014699,ACC_000045
CLM_0014700,ACC_000045
CLM_0014701,ACC_000045
CLM_0014702,ACC_000498
CLM_0014703,ACC_000854
CLM_0014704,ACC_000854
CLM_0014705,ACC_000855
CLM_0014706,ACC_001138
CLM_0014707,ACC_000498
CLM_0014708,ACC_000984
CLM_0014709,ACC_000984
CLM_0014710,ACC_000984
CLM_0014711,ACC_000283
CLM_0014712,ACC_000283
CLM_0014713,ACC_000407
CLM_0014714,ACC_000407
CLM_0014715,ACC_000498
CLM_0014716,ACC_000498
CLM_0014717,ACC_000498
CLM_0014718,ACC_000895
CLM_0014719,ACC_000895
CLM_0014720,ACC_000895
CLM_0014721,ACC_000282
CLM_0014722,ACC_000518
CLM_0014723,ACC_001202
CLM_0014724,ACC_001202
CLM_0014725,ACC_000768
CLM_0014726,ACC_000768
CLM_0014727,ACC_001014
CLM_0014728,ACC_001014
CLM_0014729,ACC_000872
CLM_0014730,ACC_000749
CLM_0014731,ACC_000060
CLM_0014732,ACC_000060
CLM_0014733,ACC_000044
CLM_0014734,ACC_000044
CLM_0014735,ACC_000282
CLM_0014736,ACC_000282
CLM_0014737,ACC_000117
CLM_0014738,ACC_001138
CLM_0014739,ACC_000273
CLM_0014740,ACC_000205
CLM_0014741,ACC_000694
CLM_0014742,ACC_000694
CLM_0014743,ACC_000769
CLM_0014744,ACC_000769
CLM_0014745,ACC_000769
CLM_0014746,ACC_000904
CLM_0014747,ACC_000332
CLM_0014748,ACC_000332
CLM_0014749,ACC_000332
CLM_0014750,ACC_000282
CLM_0014751,ACC_000282
CLM_0014752,ACC_000282
CLM_0014753,ACC_000282
CLM_0014754,ACC_000282
CLM_0014755,ACC_000179
CLM_0014756,ACC_000179
CLM_0014757,ACC_000239
CLM_0014758,ACC_000239
CLM_0014759,ACC_000282
CLM_0014760,ACC_000282
CLM_0014761,ACC_000044
CLM_0014762,ACC_000044
CLM_0014763,ACC_000044
CLM_0014764,ACC_000282
CLM_0014765,ACC_000282
CLM_0014766,ACC_000282
CLM_0014767,ACC_000516
CLM_0014768,ACC_000814
CLM_0014769,ACC_000019
CLM_0014770,ACC_000019
CLM_0014771,ACC_000283
CLM_0014772,ACC_000283
CLM_0014773,ACC_000175
CLM_0014774,ACC_000175
CLM_0014775,ACC_000175
CLM_0014776,ACC_000407
CLM_0014777,ACC_001119
CLM_0014778,ACC_000719
CLM_0014779,ACC_000719
CLM_0014780,ACC_000719
CLM_0014781,ACC_001094
CLM_0014782,ACC_001094
CLM_0014783,ACC_000283
CLM_0014784,ACC_000410
CLM_0014785,ACC_000411
CLM_0014786,ACC_000411
CLM_0014787,ACC_000411
CLM_0014788,ACC_000833
CLM_0014789,ACC_000061
CLM_0014790,ACC_000061
CLM_0014791,ACC_000061
CLM_0014792,ACC_001138
CLM_0014793,ACC_001138
CLM_0014794,ACC_001138
CLM_0014795,ACC_000249
CLM_0014796,ACC_000249
CLM_0014797,ACC_000283
CLM_0014798,ACC_000283
CLM_0014799,ACC_000283
CLM_0014800,ACC_000282
CLM_0014801,ACC_000954
CLM_0014802,ACC_000954
CLM_0014803,ACC_000954
CLM_0014804,ACC_000282
CLM_0014805,ACC_000282
CLM_0014806,ACC_000813
CLM_0014807,ACC_000719
CLM_0014808,ACC_000719
CLM_0014809,ACC_000179
CLM_0014810,ACC_000179
CLM_0014811,ACC_000179
CLM_0014812,ACC_000878
CLM_0014813,ACC_000769
CLM_0014814,ACC_000773
CLM_0014815,ACC_000910
CLM_0014816,ACC_000910
CLM_0014817,ACC_000070
CLM_0014818,ACC_000117
CLM_0014819,ACC_000117
CLM_0014820,ACC_000710
CLM_0014821,ACC_000710
CLM_0014822,ACC_000710
CLM_0014823,ACC_000282
CLM_0014824,ACC_000282
CLM_0014825,ACC_001076
CLM_0014826,ACC_001076
CLM_0014827,ACC_000409
CLM_0014828,ACC_000409
CLM_0014829,ACC_000410
CLM_0014830,ACC_000044
CLM_0014831,ACC_000193
CLM_0014832,ACC_000516
CLM_0014833,ACC_000143
CLM_0014834,ACC_000143
CLM_0014835,ACC_000143
CLM_0014836,ACC_000032
CLM_0014837,ACC_000032
CLM_0014838,ACC_000032
CLM_0014839,ACC_000283
CLM_0014840,ACC_001138
CLM_0014841,ACC_001138
CLM_0014842,ACC_001138
CLM_0014843,ACC_000984
CLM_0014844,ACC_000044
CLM_0014845,ACC_000044
CLM_0014846,ACC_001069
CLM_0014847,ACC_000302
CLM_0014848,ACC_000043
CLM_0014849,ACC_000394
CLM_0014850,ACC_000410
CLM_0014851,ACC_000410
CLM_0014852,ACC_000781
CLM_0014853,ACC_000561
CLM_0014854,ACC_000561
CLM_0014855,ACC_000320
CLM_0014856,ACC_000320
CLM_0014857,ACC_000320
CLM_0014858,ACC_000283
CLM_0014859,ACC_000331
CLM_0014860,ACC_000331
CLM_0014861,ACC_000331
CLM_0014862,ACC_000044
CLM_0014863,ACC_000814
CLM_0014864,ACC_000814
CLM_0014865,ACC_000582
CLM_0014866,ACC_000582
CLM_0014867,ACC_001138
CLM_0014868,ACC_000873
CLM_0014869,ACC_000873
CLM_0014870,ACC_000873
CLM_0014871,ACC_000144
CLM_0014872,ACC_000144
CLM_0014873,ACC_000304
CLM_0014874,ACC_000304
CLM_0014875,ACC_000751
CLM_0014876,ACC_000751
CLM_0014877,ACC_001016
CLM_0014878,ACC_000410
CLM_0014879,ACC_000410
CLM_0014880,ACC_000402
CLM_0014881,ACC_000402
CLM_0014882,ACC_000402
CLM_0014883,ACC_000914
CLM_0014884,ACC_000914
CLM_0014885,ACC_000914
CLM_0014886,ACC_000282
CLM_0014887,ACC_000282
CLM_0014888,ACC_000282
CLM_0014889,ACC_000587
CLM_0014890,ACC_000587
CLM_0014891,ACC_000333
CLM_0014892,ACC_000333
CLM_0014893,ACC_000910
CLM_0014894,ACC_000910
CLM_0014895,ACC_000910
CLM_0014896,ACC_000593
CLM_0014897,ACC_000408
CLM_0014898,ACC_000408
CLM_0014899,ACC_000238
CLM_0014900,ACC_000283
CLM_0014901,ACC_000408
CLM_0014902,ACC_000408
CLM_0014903,ACC_000408
CLM_0014904,ACC_000282
CLM_0014905,ACC_000332
CLM_0014906,ACC_000332
CLM_0014907,ACC_000332
CLM_0014908,ACC_000658
CLM_0014909,ACC_000658
CLM_0014910,ACC_000379
CLM_0014911,ACC_000407
CLM_0014912,ACC_000856
CLM_0014913,ACC_000856
CLM_0014914,ACC_000408
CLM_0014915,ACC_000408
CLM_0014916,ACC_000408
CLM_0014917,ACC_000044
CLM_0014918,ACC_000044
CLM_0014919,ACC_000044
CLM_0014920,ACC_000443
CLM_0014921,ACC_000443
CLM_0014922,ACC_000037
CLM_0014923,ACC_000037
CLM_0014924,ACC_000854
CLM_0014925,ACC_000854
CLM_0014926,ACC_000060
CLM_0014927,ACC_000060
CLM_0014928,ACC_000060
CLM_0014929,ACC_000814
CLM_0014930,ACC_000283
CLM_0014931,ACC_000283
CLM_0014932,ACC_000283
CLM_0014933,ACC_001081
CLM_0014934,ACC_001081
CLM_0014935,ACC_000960
CLM_0014936,ACC_000854
CLM_0014937,ACC_000854
CLM_0014938,ACC_001055
CLM_0014939,ACC_001055
CLM_0014940,ACC_000282
CLM_0014941,ACC_000282
CLM_0014942,ACC_000282
CLM_0014943,ACC_000282
CLM_0014944,ACC_000282
CLM_0014945,ACC_000283
CLM_0014946,ACC_000283
CLM_0014947,ACC_000910
CLM_0014948,ACC_000910
CLM_0014949,ACC_000043
CLM_0014950,ACC_000854
CLM_0014951,ACC_000854
CLM_0014952,ACC_000619
CLM_0014953,ACC_000619
CLM_0014954,ACC_000061
CLM_0014955,ACC_000061
CLM_0014956,ACC_000061
CLM_0014957,ACC_000332
CLM_0014958,ACC_000332
CLM_0014959,ACC_000332
CLM_0014960,ACC_001138
CLM_0014961,ACC_001138
CLM_0014962,ACC_000910
CLM_0014963,ACC_000910
CLM_0014964,ACC_000409
CLM_0014965,ACC_000409
CLM_0014966,ACC_000411
CLM_0014967,ACC_000411
CLM_0014968,ACC_000411
CLM_0014969,ACC_000813
CLM_0014970,ACC_000813
CLM_0014971,ACC_000320
CLM_0014972,ACC_000320
CLM_0014973,ACC_000320
CLM_0014974,ACC_000911
CLM_0014975,ACC_000911
CLM_0014976,ACC_000911
CLM_0014977,ACC_001191
CLM_0014978,ACC_001191
CLM_0014979,ACC_000906
CLM_0014980,ACC_000906
CLM_0014981,ACC_000033
CLM_0014982,ACC_000033
CLM_0014983,ACC_000033
CLM_0014984,ACC_000556
CLM_0014985,ACC_000410
CLM_0014986,ACC_000205
CLM_0014987,ACC_000205
CLM_0014988,ACC_000408
CLM_0014989,ACC_001057
CLM_0014990,ACC_001057
CLM_0014991,ACC_001057
CLM_0014992,ACC_000060
CLM_0014993,ACC_000911
CLM_0014994,ACC_000911
CLM_0014995,ACC_000911
CLM_0014996,ACC_000062
CLM_0014997,ACC_000062
CLM_0014998,ACC_000062
CLM_0014999,ACC_000498
CLM_0015000,ACC_000044
CLM_0015001,ACC_000044
CLM_0015002,ACC_001076
CLM_0015003,ACC_001076
CLM_0015004,ACC_001076
CLM_0015005,ACC_001016
CLM_0015006,ACC_001016
CLM_0015007,ACC_001016
CLM_0015008,ACC_001076
CLM_0015009,ACC_001076
CLM_0015010,ACC_001076
CLM_0015011,ACC_001138
CLM_0015012,ACC_000332
CLM_0015013,ACC_000332
CLM_0015014,ACC_000332
CLM_0015015,ACC_000143
CLM_0015016,ACC_000143
CLM_0015017,ACC_000143
CLM_0015018,ACC_000410
CLM_0015019,ACC_000410
CLM_0015020,ACC_000518
CLM_0015021,ACC_000542
CLM_0015022,ACC_000542
CLM_0015023,ACC_001076
CLM_0015024,ACC_001076
CLM_0015025,ACC_001076
CLM_0015026,ACC_000719
CLM_0015027,ACC_001054
CLM_0015028,ACC_001054
CLM_0015029,ACC_000943
CLM_0015030,ACC_000409
CLM_0015031,ACC_000409
CLM_0015032,ACC_000409
CLM_0015033,ACC_000518
CLM_0015034,ACC_000778
CLM_0015035,ACC_000409
CLM_0015036,ACC_000409
CLM_0015037,ACC_001016
CLM_0015038,ACC_001016
CLM_0015039,ACC_000188
CLM_0015040,ACC_000188
CLM_0015041,ACC_000060
CLM_0015042,ACC_000911
CLM_0015043,ACC_001055
CLM_0015044,ACC_001055
CLM_0015045,ACC_001055
CLM_0015046,ACC_000143
CLM_0015047,ACC_000143
CLM_0015048,ACC_000143
CLM_0015049,ACC_001138
CLM_0015050,ACC_001138
CLM_0015051,ACC_000282
CLM_0015052,ACC_000283
CLM_0015053,ACC_000283
CLM_0015054,ACC_000573
CLM_0015055,ACC_000061
CLM_0015056,ACC_000412
CLM_0015057,ACC_001138
CLM_0015058,ACC_001138
CLM_0015059,ACC_001138
CLM_0015060,ACC_000891
CLM_0015061,ACC_000282
CLM_0015062,ACC_000282
CLM_0015063,ACC_000804
CLM_0015064,ACC_000804
CLM_0015065,ACC_000061
CLM_0015066,ACC_000061
CLM_0015067,ACC_000061
CLM_0015068,ACC_000911
CLM_0015069,ACC_000283
CLM_0015070,ACC_000061
CLM_0015071,ACC_000113
CLM_0015072,ACC_000113
CLM_0015073,ACC_000872
CLM_0015074,ACC_000114
CLM_0015075,ACC_000333
CLM_0015076,ACC_000333
CLM_0015077,ACC_000333
CLM_0015078,ACC_000461
CLM_0015079,ACC_000461
CLM_0015080,ACC_000461
CLM_0015081,ACC_000543
CLM_0015082,ACC_000543
CLM_0015083,ACC_000543
CLM_0015084,ACC_000410
CLM_0015085,ACC_000410
CLM_0015086,ACC_000410
CLM_0015087,ACC_000409
CLM_0015088,ACC_001076
CLM_0015089,ACC_000412
CLM_0015090,ACC_000412
CLM_0015091,ACC_000412
CLM_0015092,ACC_000060
CLM_0015093,ACC_000385
CLM_0015094,ACC_000385
CLM_0015095,ACC_000749
CLM_0015096,ACC_000117
CLM_0015097,ACC_000117
CLM_0015098,ACC_000814
CLM_0015099,ACC_000283
CLM_0015100,ACC_000910
CLM_0015101,ACC_000193
CLM_0015102,ACC_000193
CLM_0015103,ACC_000117
CLM_0015104,ACC_000283
CLM_0015105,ACC_000283
CLM_0015106,ACC_000283
CLM_0015107,ACC_000560
CLM_0015108,ACC_000560
CLM_0015109,ACC_000061
CLM_0015110,ACC_000061
CLM_0015111,ACC_000904
CLM_0015112,ACC_000060
CLM_0015113,ACC_000263
CLM_0015114,ACC_000263
CLM_0015115,ACC_000263
CLM_0015116,ACC_000891
CLM_0015117,ACC_000891
CLM_0015118,ACC_000891
CLM_0015119,ACC_000873
CLM_0015120,ACC_000060
CLM_0015121,ACC_000060
CLM_0015122,ACC_001142
CLM_0015123,ACC_000043
CLM_0015124,ACC_000043
CLM_0015125,ACC_000935
CLM_0015126,ACC_000516
CLM_0015127,ACC_000516
CLM_0015128,ACC_000516
CLM_0015129,ACC_000273
CLM_0015130,ACC_000273
CLM_0015131,ACC_000813
CLM_0015132,ACC_000813
CLM_0015133,ACC_000813
CLM_0015134,ACC_000855
CLM_0015135,ACC_000238
CLM_0015136,ACC_000238
CLM_0015137,ACC_000238
CLM_0015138,ACC_000282
CLM_0015139,ACC_000282
CLM_0015140,ACC_000282
CLM_0015141,ACC_000331
CLM_0015142,ACC_000331
CLM_0015143,ACC_001055
CLM_0015144,ACC_001055
CLM_0015145,ACC_000485
CLM_0015146,ACC_000131
CLM_0015147,ACC_000131
CLM_0015148,ACC_000131
CLM_0015149,ACC_000407
CLM_0015150,ACC_000407
CLM_0015151,ACC_000407
CLM_0015152,ACC_000044
CLM_0015153,ACC_000571
CLM_0015154,ACC_000571
CLM_0015155,ACC_000571
CLM_0015156,ACC_000719
CLM_0015157,ACC_000719
CLM_0015158,ACC_000719
CLM_0015159,ACC_001017
CLM_0015160,ACC_001017
CLM_0015161,ACC_001017
CLM_0015162,ACC_000144
CLM_0015163,ACC_000144
CLM_0015164,ACC_000144
CLM_0015165,ACC_000282
CLM_0015166,ACC_000282
CLM_0015167,ACC_000872
CLM_0015168,ACC_000044
CLM_0015169,ACC_000283
CLM_0015170,ACC_000411
CLM_0015171,ACC_000813
CLM_0015172,ACC_000813
CLM_0015173,ACC_000813
CLM_0015174,ACC_000283
CLM_0015175,ACC_000283
CLM_0015176,ACC_000283
CLM_0015177,ACC_000332
CLM_0015178,ACC_000332
CLM_0015179,ACC_000332
CLM_0015180,ACC_001055
CLM_0015181,ACC_001055
CLM_0015182,ACC_001055
CLM_0015183,ACC_000283
CLM_0015184,ACC_000332
CLM_0015185,ACC_000332
CLM_0015186,ACC_000044
CLM_0015187,ACC_000044
CLM_0015188,ACC_000044
CLM_0015189,ACC_000583
CLM_0015190,ACC_001054
CLM_0015191,ACC_000407
CLM_0015192,ACC_000407
CLM_0015193,ACC_000044
CLM_0015194,ACC_000282
CLM_0015195,ACC_000282
CLM_0015196,ACC_000282
CLM_0015197,ACC_000891
CLM_0015198,ACC_000891
CLM_0015199,ACC_000891
CLM_0015200,ACC_000911
CLM_0015201,ACC_000911
CLM_0015202,ACC_000060
CLM_0015203,ACC_000060
CLM_0015204,ACC_000396
CLM_0015205,ACC_000396
CLM_0015206,ACC_000396
CLM_0015207,ACC_000282
CLM_0015208,ACC_000282
CLM_0015209,ACC_000282
CLM_0015210,ACC_000061
CLM_0015211,ACC_000061
CLM_0015212,ACC_000061
CLM_0015213,ACC_000283
CLM_0015214,ACC_000283
CLM_0015215,ACC_000319
CLM_0015216,ACC_000319
CLM_0015217,ACC_000319
CLM_0015218,ACC_000045
CLM_0015219,ACC_000144
CLM_0015220,ACC_000144
CLM_0015221,ACC_000282
CLM_0015222,ACC_000282
CLM_0015223,ACC_000282
CLM_0015224,ACC_000283
CLM_0015225,ACC_000044
CLM_0015226,ACC_000044
CLM_0015227,ACC_000407
CLM_0015228,ACC_000843
CLM_0015229,ACC_000843
CLM_0015230,ACC_000407
CLM_0015231,ACC_000407
CLM_0015232,ACC_000407
CLM_0015233,ACC_000044
CLM_0015234,ACC_000060
CLM_0015235,ACC_000060
CLM_0015236,ACC_000060
CLM_0015237,ACC_000056
CLM_0015238,ACC_000283
CLM_0015239,ACC_000283
CLM_0015240,ACC_001054
CLM_0015241,ACC_000854
CLM_0015242,ACC_001017
CLM_0015243,ACC_001138
CLM_0015244,ACC_001138
CLM_0015245,ACC_001138
CLM_0015246,ACC_001167
CLM_0015247,ACC_000283
CLM_0015248,ACC_000283
CLM_0015249,ACC_000283
CLM_0015250,ACC_000797
CLM_0015251,ACC_000797
CLM_0015252,ACC_000881
CLM_0015253,ACC_000881
CLM_0015254,ACC_000238
CLM_0015255,ACC_000571
CLM_0015256,ACC_000571
CLM_0015257,ACC_000571
CLM_0015258,ACC_000710
CLM_0015259,ACC_000710
CLM_0015260,ACC_000710
CLM_0015261,ACC_000873
CLM_0015262,ACC_000873
CLM_0015263,ACC_001017
CLM_0015264,ACC_001017
CLM_0015265,ACC_000283
CLM_0015266,ACC_000283
CLM_0015267,ACC_000906
CLM_0015268,ACC_000906
CLM_0015269,ACC_000569
CLM_0015270,ACC_000569
CLM_0015271,ACC_001057
CLM_0015272,ACC_000408
CLM_0015273,ACC_000936
CLM_0015274,ACC_000936
CLM_0015275,ACC_000282
CLM_0015276,ACC_000282
CLM_0015277,ACC_001016
CLM_0015278,ACC_001016
CLM_0015279,ACC_001016
CLM_0015280,ACC_000239
CLM_0015281,ACC_000911
CLM_0015282,ACC_000911
CLM_0015283,ACC_000408
CLM_0015284,ACC_000408
CLM_0015285,ACC_000094
CLM_0015286,ACC_000094
CLM_0015287,ACC_000283
CLM_0015288,ACC_000283
CLM_0015289,ACC_000283
CLM_0015290,ACC_000719
CLM_0015291,ACC_000719
CLM_0015292,ACC_000061
CLM_0015293,ACC_000061
CLM_0015294,ACC_000407
CLM_0015295,ACC_000282
CLM_0015296,ACC_000282
CLM_0015297,ACC_000409
CLM_0015298,ACC_000397
CLM_0015299,ACC_000397
CLM_0015300,ACC_000397
CLM_0015301,ACC_000320
CLM_0015302,ACC_000061
CLM_0015303,ACC_000061
CLM_0015304,ACC_000498
CLM_0015305,ACC_001020
CLM_0015306,ACC_001020
CLM_0015307,ACC_000031
CLM_0015308,ACC_000908
CLM_0015309,ACC_000908
CLM_0015310,ACC_000658
CLM_0015311,ACC_000283
CLM_0015312,ACC_000283
CLM_0015313,ACC_000283
CLM_0015314,ACC_000517
CLM_0015315,ACC_000517
CLM_0015316,ACC_000517
CLM_0015317,ACC_000061
CLM_0015318,ACC_000404
CLM_0015319,ACC_000404
CLM_0015320,ACC_000404
CLM_0015321,ACC_000813
CLM_0015322,ACC_000813
CLM_0015323,ACC_000044
CLM_0015324,ACC_000044
CLM_0015325,ACC_000044
CLM_0015326,ACC_000408
CLM_0015327,ACC_000282
CLM_0015328,ACC_000282
CLM_0015329,ACC_000282
CLM_0015330,ACC_000282
CLM_0015331,ACC_000282
CLM_0015332,ACC_000061
CLM_0015333,ACC_000100
CLM_0015334,ACC_000873
CLM_0015335,ACC_000873
CLM_0015336,ACC_000873
CLM_0015337,ACC_000855
CLM_0015338,ACC_000855
CLM_0015339,ACC_000855
CLM_0015340,ACC_000959
CLM_0015341,ACC_000959
CLM_0015342,ACC_000959
CLM_0015343,ACC_000516
CLM_0015344,ACC_000516
CLM_0015345,ACC_000044
CLM_0015346,ACC_000282
CLM_0015347,ACC_000911
CLM_0015348,ACC_001076
CLM_0015349,ACC_000407
CLM_0015350,ACC_000332
CLM_0015351,ACC_000332
CLM_0015352,ACC_000407
CLM_0015353,ACC_000407
CLM_0015354,ACC_000791
CLM_0015355,ACC_000791
CLM_0015356,ACC_000791
CLM_0015357,ACC_000517
CLM_0015358,ACC_000517
CLM_0015359,ACC_000517
CLM_0015360,ACC_000044
CLM_0015361,ACC_000054
CLM_0015362,ACC_000836
CLM_0015363,ACC_000836
CLM_0015364,ACC_000836
CLM_0015365,ACC_000695
CLM_0015366,ACC_001054
CLM_0015367,ACC_001054
CLM_0015368,ACC_001054
CLM_0015369,ACC_000060
CLM_0015370,ACC_000060
CLM_0015371,ACC_000060
CLM_0015372,ACC_001015
CLM_0015373,ACC_000283
CLM_0015374,ACC_000410
CLM_0015375,ACC_000410
CLM_0015376,ACC_001029
CLM_0015377,ACC_001029
CLM_0015378,ACC_001029
CLM_0015379,ACC_000862
CLM_0015380,ACC_000873
CLM_0015381,ACC_000873
CLM_0015382,ACC_000873
CLM_0015383,ACC_001105
CLM_0015384,ACC_001105
CLM_0015385,ACC_001105
CLM_0015386,ACC_000283
CLM_0015387,ACC_000283
CLM_0015388,ACC_000283
CLM_0015389,ACC_000412
CLM_0015390,ACC_000412
CLM_0015391,ACC_000856
CLM_0015392,ACC_000856
CLM_0015393,ACC_000856
CLM_0015394,ACC_000910
CLM_0015395,ACC_000910
CLM_0015396,ACC_000409
CLM_0015397,ACC_000409
CLM_0015398,ACC_000283
CLM_0015399,ACC_000061
CLM_0015400,ACC_000408
CLM_0015401,ACC_000408
CLM_0015402,ACC_000408
CLM_0015403,ACC_000193
CLM_0015404,ACC_000412
CLM_0015405,ACC_000412
CLM_0015406,ACC_000808
CLM_0015407,ACC_000283
CLM_0015408,ACC_000408
CLM_0015409,ACC_000408
CLM_0015410,ACC_001015
CLM_0015411,ACC_001015
CLM_0015412,ACC_000060
CLM_0015413,ACC_000060
CLM_0015414,ACC_000060
CLM_0015415,ACC_000283
CLM_0015416,ACC_000283
CLM_0015417,ACC_000910
CLM_0015418,ACC_000280
CLM_0015419,ACC_000280
CLM_0015420,ACC_000569
CLM_0015421,ACC_000780
CLM_0015422,ACC_000143
CLM_0015423,ACC_000143
CLM_0015424,ACC_000143
CLM_0015425,ACC_000408
CLM_0015426,ACC_000408
CLM_0015427,ACC_000408
CLM_0015428,ACC_001180
CLM_0015429,ACC_001180
CLM_0015430,ACC_001180
CLM_0015431,ACC_000410
CLM_0015432,ACC_000751
CLM_0015433,ACC_000751
CLM_0015434,ACC_000751
CLM_0015435,ACC_001113
CLM_0015436,ACC_001113
CLM_0015437,ACC_001072
CLM_0015438,ACC_001072
CLM_0015439,ACC_000409
CLM_0015440,ACC_000282
CLM_0015441,ACC_000282
CLM_0015442,ACC_000380
CLM_0015443,ACC_000380
CLM_0015444,ACC_000061
CLM_0015445,ACC_000061
CLM_0015446,ACC_000060
CLM_0015447,ACC_000060
CLM_0015448,ACC_000340
CLM_0015449,ACC_000340
CLM_0015450,ACC_000340
CLM_0015451,ACC_000043
CLM_0015452,ACC_000282
CLM_0015453,ACC_000282
CLM_0015454,ACC_000282
CLM_0015455,ACC_000769
CLM_0015456,ACC_000769
CLM_0015457,ACC_000769
CLM_0015458,ACC_000283
CLM_0015459,ACC_000332
CLM_0015460,ACC_001003
CLM_0015461,ACC_001003
CLM_0015462,ACC_001003
CLM_0015463,ACC_000543
CLM_0015464,ACC_000273
CLM_0015465,ACC_000273
CLM_0015466,ACC_000273
CLM_0015467,ACC_000283
CLM_0015468,ACC_000283
CLM_0015469,ACC_000533
CLM_0015470,ACC_000533
CLM_0015471,ACC_001016
CLM_0015472,ACC_001016
CLM_0015473,ACC_000060
CLM_0015474,ACC_000390
CLM_0015475,ACC_000498
CLM_0015476,ACC_000498
CLM_0015477,ACC_000498
CLM_0015478,ACC_000911
CLM_0015479,ACC_000911
CLM_0015480,ACC_000911
CLM_0015481,ACC_000044
CLM_0015482,ACC_000044
CLM_0015483,ACC_001138
CLM_0015484,ACC_001072
CLM_0015485,ACC_001072
CLM_0015486,ACC_000082
CLM_0015487,ACC_000082
CLM_0015488,ACC_000082
CLM_0015489,ACC_000280
CLM_0015490,ACC_000280
CLM_0015491,ACC_000280
CLM_0015492,ACC_000061
CLM_0015493,ACC_000112
CLM_0015494,ACC_000112
CLM_0015495,ACC_000112
CLM_0015496,ACC_000060
CLM_0015497,ACC_000906
CLM_0015498,ACC_000906
CLM_0015499,ACC_000906
CLM_0015500,ACC_000411
CLM_0015501,ACC_000411
CLM_0015502,ACC_000411
CLM_0015503,ACC_000569
CLM_0015504,ACC_000569
CLM_0015505,ACC_000043
CLM_0015506,ACC_000043
CLM_0015507,ACC_000043
CLM_0015508,ACC_000172
CLM_0015509,ACC_000905
CLM_0015510,ACC_000856
CLM_0015511,ACC_000856
CLM_0015512,ACC_000856
CLM_0015513,ACC_000043
CLM_0015514,ACC_000043
CLM_0015515,ACC_001055
CLM_0015516,ACC_000911
CLM_0015517,ACC_000498
CLM_0015518,ACC_000498
CLM_0015519,ACC_000498
CLM_0015520,ACC_000498
CLM_0015521,ACC_000409
CLM_0015522,ACC_000409
CLM_0015523,ACC_000321
CLM_0015524,ACC_000854
CLM_0015525,ACC_001054
CLM_0015526,ACC_000043
CLM_0015527,ACC_000045
CLM_0015528,ACC_000045
CLM_0015529,ACC_000814
CLM_0015530,ACC_000814
CLM_0015531,ACC_000814
CLM_0015532,ACC_000093
CLM_0015533,ACC_000093
CLM_0015534,ACC_000093
CLM_0015535,ACC_000410
CLM_0015536,ACC_000191
CLM_0015537,ACC_000191
CLM_0015538,ACC_000412
CLM_0015539,ACC_000412
CLM_0015540,ACC_000781
CLM_0015541,ACC_000781
CLM_0015542,ACC_000280
CLM_0015543,ACC_000280
CLM_0015544,ACC_000280
CLM_0015545,ACC_000769
CLM_0015546,ACC_000769
CLM_0015547,ACC_000769
CLM_0015548,ACC_000193
CLM_0015549,ACC_000193
CLM_0015550,ACC_000193
CLM_0015551,ACC_000002
CLM_0015552,ACC_000282
CLM_0015553,ACC_000282
CLM_0015554,ACC_000282
CLM_0015555,ACC_000410
CLM_0015556,ACC_000844
CLM_0015557,ACC_000844
CLM_0015558,ACC_000844
CLM_0015559,ACC_000274
CLM_0015560,ACC_000274
CLM_0015561,ACC_000061
CLM_0015562,ACC_000061
CLM_0015563,ACC_000872
CLM_0015564,ACC_000282
CLM_0015565,ACC_000280
CLM_0015566,ACC_000280
CLM_0015567,ACC_000044
CLM_0015568,ACC_001076
CLM_0015569,ACC_001076
CLM_0015570,ACC_001076
CLM_0015571,ACC_000443
CLM_0015572,ACC_000443
CLM_0015573,ACC_000443
CLM_0015574,ACC_000597
CLM_0015575,ACC_000597
CLM_0015576,ACC_000597
CLM_0015577,ACC_000013
CLM_0015578,ACC_000411
CLM_0015579,ACC_001057
CLM_0015580,ACC_000410
CLM_0015581,ACC_000410
CLM_0015582,ACC_000410
CLM_0015583,ACC_001072
CLM_0015584,ACC_000779
CLM_0015585,ACC_000779
CLM_0015586,ACC_000779
CLM_0015587,ACC_000409
CLM_0015588,ACC_000282
CLM_0015589,ACC_000282
CLM_0015590,ACC_000412
CLM_0015591,ACC_000872
CLM_0015592,ACC_000872
CLM_0015593,ACC_000264
CLM_0015594,ACC_000264
CLM_0015595,ACC_000264
CLM_0015596,ACC_000517
CLM_0015597,ACC_000517
CLM_0015598,ACC_000517
CLM_0015599,ACC_000780
CLM_0015600,ACC_000780
CLM_0015601,ACC_000780
CLM_0015602,ACC_000282
CLM_0015603,ACC_001188
CLM_0015604,ACC_001188
CLM_0015605,ACC_001188
CLM_0015606,ACC_000856
CLM_0015607,ACC_000856
CLM_0015608,ACC_000411
CLM_0015609,ACC_000411
CLM_0015610,ACC_000411
CLM_0015611,ACC_000191
CLM_0015612,ACC_000856
CLM_0015613,ACC_000856
CLM_0015614,ACC_000856
CLM_0015615,ACC_000169
CLM_0015616,ACC_000169
CLM_0015617,ACC_000333
CLM_0015618,ACC_000333
CLM_0015619,ACC_000380
CLM_0015620,ACC_001138
CLM_0015621,ACC_000910
CLM_0015622,ACC_000910
CLM_0015623,ACC_000910
CLM_0015624,ACC_000911
CLM_0015625,ACC_000411
CLM_0015626,ACC_000411
CLM_0015627,ACC_000283
CLM_0015628,ACC_000283
CLM_0015629,ACC_000394
CLM_0015630,ACC_000283
CLM_0015631,ACC_000283
CLM_0015632,ACC_000283
CLM_0015633,ACC_000408
CLM_0015634,ACC_000408
CLM_0015635,ACC_001200
CLM_0015636,ACC_001200
CLM_0015637,ACC_001200
CLM_0015638,ACC_001015
CLM_0015639,ACC_001015
CLM_0015640,ACC_000144
CLM_0015641,ACC_000144
CLM_0015642,ACC_000144
CLM_0015643,ACC_000282
CLM_0015644,ACC_000282
CLM_0015645,ACC_000282
CLM_0015646,ACC_000353
CLM_0015647,ACC_000353
CLM_0015648,ACC_000353
CLM_0015649,ACC_000910
CLM_0015650,ACC_000910
CLM_0015651,ACC_000910
CLM_0015652,ACC_000407
CLM_0015653,ACC_000407
CLM_0015654,ACC_000407
CLM_0015655,ACC_000748
CLM_0015656,ACC_000117
CLM_0015657,ACC_000117
CLM_0015658,ACC_000238
CLM_0015659,ACC_000238
CLM_0015660,ACC_000211
CLM_0015661,ACC_000910
CLM_0015662,ACC_000910
CLM_0015663,ACC_000910
CLM_0015664,ACC_000910
CLM_0015665,ACC_000910
CLM_0015666,ACC_000910
CLM_0015667,ACC_000911
CLM_0015668,ACC_000911
CLM_0015669,ACC_000911
CLM_0015670,ACC_000855
CLM_0015671,ACC_000855
CLM_0015672,ACC_000094
CLM_0015673,ACC_000094
CLM_0015674,ACC_000412
CLM_0015675,ACC_000412
CLM_0015676,ACC_000911
CLM_0015677,ACC_000911
CLM_0015678,ACC_000453
CLM_0015679,ACC_000453
CLM_0015680,ACC_000410
CLM_0015681,ACC_000283
CLM_0015682,ACC_000939
CLM_0015683,ACC_000939
CLM_0015684,ACC_000939
CLM_0015685,ACC_001058
CLM_0015686,ACC_001058
CLM_0015687,ACC_000061
CLM_0015688,ACC_000061
CLM_0015689,ACC_000061
CLM_0015690,ACC_000322
CLM_0015691,ACC_001015
CLM_0015692,ACC_001015
CLM_0015693,ACC_000060
CLM_0015694,ACC_000061
CLM_0015695,ACC_000411
CLM_0015696,ACC_000411
CLM_0015697,ACC_000518
CLM_0015698,ACC_000518
CLM_0015699,ACC_000518
CLM_0015700,ACC_000572
CLM_0015701,ACC_000572
CLM_0015702,ACC_001058
CLM_0015703,ACC_000283
CLM_0015704,ACC_000283
CLM_0015705,ACC_000283
CLM_0015706,ACC_001015
CLM_0015707,ACC_000060
CLM_0015708,ACC_000060
CLM_0015709,ACC_000283
CLM_0015710,ACC_000283
CLM_0015711,ACC_000814
CLM_0015712,ACC_000814
CLM_0015713,ACC_000814
CLM_0015714,ACC_000043
CLM_0015715,ACC_000043
CLM_0015716,ACC_000061
CLM_0015717,ACC_000282
CLM_0015718,ACC_001076
CLM_0015719,ACC_000282
CLM_0015720,ACC_000710
CLM_0015721,ACC_000710
CLM_0015722,ACC_000710
CLM_0015723,ACC_000958
CLM_0015724,ACC_000958
CLM_0015725,ACC_000958
CLM_0015726,ACC_000045
CLM_0015727,ACC_000045
CLM_0015728,ACC_000045
CLM_0015729,ACC_000282
CLM_0015730,ACC_000282
CLM_0015731,ACC_000239
CLM_0015732,ACC_001138
CLM_0015733,ACC_001138
CLM_0015734,ACC_000012
CLM_0015735,ACC_001202
CLM_0015736,ACC_001202
CLM_0015737,ACC_000904
CLM_0015738,ACC_000368
CLM_0015739,ACC_000368
CLM_0015740,ACC_000491
CLM_0015741,ACC_000491
CLM_0015742,ACC_000491
CLM_0015743,ACC_000117
CLM_0015744,ACC_000117
CLM_0015745,ACC_000814
CLM_0015746,ACC_000814
CLM_0015747,ACC_000814
CLM_0015748,ACC_000498
CLM_0015749,ACC_000498
CLM_0015750,ACC_000283
CLM_0015751,ACC_000283
CLM_0015752,ACC_000283
CLM_0015753,ACC_000689
CLM_0015754,ACC_001138
CLM_0015755,ACC_001138
CLM_0015756,ACC_001138
CLM_0015757,ACC_000685
CLM_0015758,ACC_000685
CLM_0015759,ACC_000685
CLM_0015760,ACC_000854
CLM_0015761,ACC_000854
CLM_0015762,ACC_000910
CLM_0015763,ACC_000910
CLM_0015764,ACC_000910
CLM_0015765,ACC_000872
CLM_0015766,ACC_000872
CLM_0015767,ACC_000872
CLM_0015768,ACC_000409
CLM_0015769,ACC_000333
CLM_0015770,ACC_000333
CLM_0015771,ACC_000283
CLM_0015772,ACC_000283
CLM_0015773,ACC_000044
CLM_0015774,ACC_000061
CLM_0015775,ACC_000061
CLM_0015776,ACC_000061
CLM_0015777,ACC_000411
CLM_0015778,ACC_000411
CLM_0015779,ACC_000174
CLM_0015780,ACC_000464
CLM_0015781,ACC_000464
CLM_0015782,ACC_000283
CLM_0015783,ACC_000283
CLM_0015784,ACC_000283
CLM_0015785,ACC_000814
CLM_0015786,ACC_000854
CLM_0015787,ACC_000143
CLM_0015788,ACC_000143
CLM_0015789,ACC_000143
CLM_0015790,ACC_000407
CLM_0015791,ACC_000407
CLM_0015792,ACC_000408
CLM_0015793,ACC_000910
CLM_0015794,ACC_000910
CLM_0015795,ACC_000411
CLM_0015796,ACC_000411
CLM_0015797,ACC_000411
CLM_0015798,ACC_000878
CLM_0015799,ACC_001058
CLM_0015800,ACC_000366
CLM_0015801,ACC_000408
CLM_0015802,ACC_000408
CLM_0015803,ACC_000873
CLM_0015804,ACC_000873
CLM_0015805,ACC_000283
CLM_0015806,ACC_000144
CLM_0015807,ACC_000043
CLM_0015808,ACC_000043
CLM_0015809,ACC_000407
CLM_0015810,ACC_000043
CLM_0015811,ACC_000043
CLM_0015812,ACC_000043
CLM_0015813,ACC_000175
CLM_0015814,ACC_000175
CLM_0015815,ACC_000175
CLM_0015816,ACC_000331
CLM_0015817,ACC_000331
CLM_0015818,ACC_000331
CLM_0015819,ACC_000410
CLM_0015820,ACC_000410
CLM_0015821,ACC_000409
CLM_0015822,ACC_000409
CLM_0015823,ACC_000409
CLM_0015824,ACC_000117
CLM_0015825,ACC_000117
CLM_0015826,ACC_000117
CLM_0015827,ACC_000173
CLM_0015828,ACC_000044
CLM_0015829,ACC_000044
CLM_0015830,ACC_000282
CLM_0015831,ACC_000282
CLM_0015832,ACC_000282
CLM_0015833,ACC_000761
CLM_0015834,ACC_000282
CLM_0015835,ACC_000282
CLM_0015836,ACC_000282
CLM_0015837,ACC_000282
CLM_0015838,ACC_000748
CLM_0015839,ACC_000748
CLM_0015840,ACC_000174
CLM_0015841,ACC_000680
CLM_0015842,ACC_000282
CLM_0015843,ACC_000282
CLM_0015844,ACC_000282
CLM_0015845,ACC_001016
CLM_0015846,ACC_000333
CLM_0015847,ACC_000333
CLM_0015848,ACC_000649
CLM_0015849,ACC_000649
CLM_0015850,ACC_000649
CLM_0015851,ACC_000769
CLM_0015852,ACC_000408
CLM_0015853,ACC_000282
CLM_0015854,ACC_000282
CLM_0015855,ACC_000751
CLM_0015856,ACC_000751
CLM_0015857,ACC_000855
CLM_0015858,ACC_000855
CLM_0015859,ACC_000504
CLM_0015860,ACC_000282
CLM_0015861,ACC_000710
CLM_0015862,ACC_000710
CLM_0015863,ACC_000710
CLM_0015864,ACC_000748
CLM_0015865,ACC_000052
CLM_0015866,ACC_000855
CLM_0015867,ACC_000855
CLM_0015868,ACC_000984
CLM_0015869,ACC_000060
CLM_0015870,ACC_000060
CLM_0015871,ACC_000283
CLM_0015872,ACC_000283
CLM_0015873,ACC_000283
CLM_0015874,ACC_000407
CLM_0015875,ACC_000407
CLM_0015876,ACC_000407
CLM_0015877,ACC_000282
CLM_0015878,ACC_000282
CLM_0015879,ACC_000282
CLM_0015880,ACC_000282
CLM_0015881,ACC_000282
CLM_0015882,ACC_000282
CLM_0015883,ACC_000283
CLM_0015884,ACC_000798
CLM_0015885,ACC_000798
CLM_0015886,ACC_000143
CLM_0015887,ACC_000143
CLM_0015888,ACC_000143
CLM_0015889,ACC_000061
CLM_0015890,ACC_000061
CLM_0015891,ACC_000061
CLM_0015892,ACC_000410
CLM_0015893,ACC_001056
CLM_0015894,ACC_001056
CLM_0015895,ACC_000748
CLM_0015896,ACC_000748
CLM_0015897,ACC_000748
CLM_0015898,ACC_000283
CLM_0015899,ACC_000283
CLM_0015900,ACC_000411
CLM_0015901,ACC_000411
CLM_0015902,ACC_000978
CLM_0015903,ACC_000978
CLM_0015904,ACC_000978
CLM_0015905,ACC_000813
CLM_0015906,ACC_000813
CLM_0015907,ACC_000813
CLM_0015908,ACC_000043
CLM_0015909,ACC_000407
CLM_0015910,ACC_000407
CLM_0015911,ACC_000407
CLM_0015912,ACC_000769
CLM_0015913,ACC_000282
CLM_0015914,ACC_000282
CLM_0015915,ACC_000282
CLM_0015916,ACC_000828
CLM_0015917,ACC_000828
CLM_0015918,ACC_000855
CLM_0015919,ACC_000061
CLM_0015920,ACC_000143
CLM_0015921,ACC_000143
CLM_0015922,ACC_000143
CLM_0015923,ACC_000409
CLM_0015924,ACC_000409
CLM_0015925,ACC_000409
CLM_0015926,ACC_000117
CLM_0015927,ACC_000117
CLM_0015928,ACC_000117
CLM_0015929,ACC_000844
CLM_0015930,ACC_000844
CLM_0015931,ACC_000844
CLM_0015932,ACC_000143
CLM_0015933,ACC_000143
CLM_0015934,ACC_000060
CLM_0015935,ACC_000060
CLM_0015936,ACC_000060
CLM_0015937,ACC_000911
CLM_0015938,ACC_000911
CLM_0015939,ACC_000911
CLM_0015940,ACC_000813
CLM_0015941,ACC_000813
CLM_0015942,ACC_000283
CLM_0015943,ACC_000872
CLM_0015944,ACC_000872
CLM_0015945,ACC_000569
CLM_0015946,ACC_000332
CLM_0015947,ACC_000282
CLM_0015948,ACC_000282
CLM_0015949,ACC_000518
CLM_0015950,ACC_000408
CLM_0015951,ACC_000408
CLM_0015952,ACC_000408
CLM_0015953,ACC_000345
CLM_0015954,ACC_001015
CLM_0015955,ACC_001015
CLM_0015956,ACC_001015
CLM_0015957,ACC_000283
CLM_0015958,ACC_000283
CLM_0015959,ACC_000569
CLM_0015960,ACC_000569
CLM_0015961,ACC_000380
CLM_0015962,ACC_000380
CLM_0015963,ACC_000380
CLM_0015964,ACC_000642
CLM_0015965,ACC_000411
CLM_0015966,ACC_000043
CLM_0015967,ACC_001138
CLM_0015968,ACC_001138
CLM_0015969,ACC_001157
CLM_0015970,ACC_001157
CLM_0015971,ACC_001157
CLM_0015972,ACC_000060
CLM_0015973,ACC_000114
CLM_0015974,ACC_000114
CLM_0015975,ACC_000409
CLM_0015976,ACC_001017
CLM_0015977,ACC_000640
CLM_0015978,ACC_000640
CLM_0015979,ACC_000282
CLM_0015980,ACC_000283
CLM_0015981,ACC_000667
CLM_0015982,ACC_000710
CLM_0015983,ACC_000640
CLM_0015984,ACC_000283
CLM_0015985,ACC_000283
CLM_0015986,ACC_000911
CLM_0015987,ACC_000412
CLM_0015988,ACC_000569
CLM_0015989,ACC_000505
CLM_0015990,ACC_000505
CLM_0015991,ACC_000408
CLM_0015992,ACC_000392
CLM_0015993,ACC_000392
CLM_0015994,ACC_000282
CLM_0015995,ACC_000061
CLM_0015996,ACC_000061
CLM_0015997,ACC_000872
CLM_0015998,ACC_000872
CLM_0015999,ACC_000872
CLM_0016000,ACC_001054
CLM_0016001,ACC_001054
CLM_0016002,ACC_000060
CLM_0016003,ACC_000776
CLM_0016004,ACC_000776
CLM_0016005,ACC_000776
CLM_0016006,ACC_000083
CLM_0016007,ACC_000895
CLM_0016008,ACC_000895
CLM_0016009,ACC_001118
CLM_0016010,ACC_001118
CLM_0016011,ACC_000282
CLM_0016012,ACC_000283
CLM_0016013,ACC_000283
CLM_0016014,ACC_000873
CLM_0016015,ACC_000283
CLM_0016016,ACC_000283
CLM_0016017,ACC_000283
CLM_0016018,ACC_000283
CLM_0016019,ACC_000283
CLM_0016020,ACC_000283
CLM_0016021,ACC_000392
CLM_0016022,ACC_000392
CLM_0016023,ACC_000054
CLM_0016024,ACC_000282
CLM_0016025,ACC_000238
CLM_0016026,ACC_000238
CLM_0016027,ACC_000238
CLM_0016028,ACC_000319
CLM_0016029,ACC_000060
CLM_0016030,ACC_000283
CLM_0016031,ACC_000283
CLM_0016032,ACC_000283
CLM_0016033,ACC_000936
CLM_0016034,ACC_000936
CLM_0016035,ACC_000144
CLM_0016036,ACC_000144
CLM_0016037,ACC_000144
CLM_0016038,ACC_000393
CLM_0016039,ACC_000872
CLM_0016040,ACC_000872
CLM_0016041,ACC_000872
CLM_0016042,ACC_000332
CLM_0016043,ACC_000332
CLM_0016044,ACC_000332
CLM_0016045,ACC_000856
CLM_0016046,ACC_000856
CLM_0016047,ACC_000856
CLM_0016048,ACC_000061
CLM_0016049,ACC_000854
CLM_0016050,ACC_000854
CLM_0016051,ACC_000569
CLM_0016052,ACC_000569
CLM_0016053,ACC_000569
CLM_0016054,ACC_000408
CLM_0016055,ACC_000044
CLM_0016056,ACC_000910
CLM_0016057,ACC_000910
CLM_0016058,ACC_000858
CLM_0016059,ACC_000858
CLM_0016060,ACC_000409
CLM_0016061,ACC_000409
CLM_0016062,ACC_000239
CLM_0016063,ACC_000144
CLM_0016064,ACC_000331
CLM_0016065,ACC_000331
CLM_0016066,ACC_000331
CLM_0016067,ACC_000685
CLM_0016068,ACC_000137
CLM_0016069,ACC_000137
CLM_0016070,ACC_000137
CLM_0016071,ACC_000999
CLM_0016072,ACC_000813
CLM_0016073,ACC_000813
CLM_0016074,ACC_000813
CLM_0016075,ACC_000719
CLM_0016076,ACC_000552
CLM_0016077,ACC_000552
CLM_0016078,ACC_000143
CLM_0016079,ACC_000143
CLM_0016080,ACC_000282
CLM_0016081,ACC_000282
CLM_0016082,ACC_000282
CLM_0016083,ACC_000911
CLM_0016084,ACC_000911
CLM_0016085,ACC_000044
CLM_0016086,ACC_000044
CLM_0016087,ACC_000911
CLM_0016088,ACC_000911
CLM_0016089,ACC_000209
CLM_0016090,ACC_000209
CLM_0016091,ACC_000209
CLM_0016092,ACC_001076
CLM_0016093,ACC_001076
CLM_0016094,ACC_001076
CLM_0016095,ACC_000205
CLM_0016096,ACC_000205
CLM_0016097,ACC_000799
CLM_0016098,ACC_000799
CLM_0016099,ACC_000283
CLM_0016100,ACC_000283
CLM_0016101,ACC_000283
CLM_0016102,ACC_000408
CLM_0016103,ACC_000408
CLM_0016104,ACC_000408
CLM_0016105,ACC_000872
CLM_0016106,ACC_000872
CLM_0016107,ACC_000872
CLM_0016108,ACC_000409
CLM_0016109,ACC_000409
CLM_0016110,ACC_000409
CLM_0016111,ACC_000813
CLM_0016112,ACC_000813
CLM_0016113,ACC_000813
CLM_0016114,ACC_000282
CLM_0016115,ACC_000282
CLM_0016116,ACC_000061
CLM_0016117,ACC_000061
CLM_0016118,ACC_000595
CLM_0016119,ACC_000595
CLM_0016120,ACC_000595
CLM_0016121,ACC_001016
CLM_0016122,ACC_001016
CLM_0016123,ACC_000320
CLM_0016124,ACC_000518
CLM_0016125,ACC_000518
CLM_0016126,ACC_000518
CLM_0016127,ACC_000526
CLM_0016128,ACC_000526
CLM_0016129,ACC_000873
CLM_0016130,ACC_000873
CLM_0016131,ACC_000873
CLM_0016132,ACC_001076
CLM_0016133,ACC_001076
CLM_0016134,ACC_001056
CLM_0016135,ACC_001056
CLM_0016136,ACC_001056
CLM_0016137,ACC_000854
CLM_0016138,ACC_000331
CLM_0016139,ACC_000331
CLM_0016140,ACC_000331
CLM_0016141,ACC_000003
CLM_0016142,ACC_000282
CLM_0016143,ACC_000282
CLM_0016144,ACC_000283
CLM_0016145,ACC_000283
CLM_0016146,ACC_000518
CLM_0016147,ACC_000209
CLM_0016148,ACC_000209
CLM_0016149,ACC_000209
CLM_0016150,ACC_000855
CLM_0016151,ACC_001057
CLM_0016152,ACC_001057
CLM_0016153,ACC_001057
CLM_0016154,ACC_000910
CLM_0016155,ACC_000910
CLM_0016156,ACC_000910
CLM_0016157,ACC_000409
CLM_0016158,ACC_000409
CLM_0016159,ACC_000918
CLM_0016160,ACC_000918
CLM_0016161,ACC_000918
CLM_0016162,ACC_000399
CLM_0016163,ACC_000408
CLM_0016164,ACC_000408
CLM_0016165,ACC_000408
CLM_0016166,ACC_000408
CLM_0016167,ACC_000037
CLM_0016168,ACC_000037
CLM_0016169,ACC_000518
CLM_0016170,ACC_000282
CLM_0016171,ACC_000282
CLM_0016172,ACC_001058
CLM_0016173,ACC_001058
CLM_0016174,ACC_001058
CLM_0016175,ACC_000813
CLM_0016176,ACC_000813
CLM_0016177,ACC_000813
CLM_0016178,ACC_000332
CLM_0016179,ACC_000332
CLM_0016180,ACC_000283
CLM_0016181,ACC_000719
CLM_0016182,ACC_000517
CLM_0016183,ACC_000517
CLM_0016184,ACC_000517
CLM_0016185,ACC_000872
CLM_0016186,ACC_000872
CLM_0016187,ACC_000331
CLM_0016188,ACC_000331
CLM_0016189,ACC_000412
CLM_0016190,ACC_000682
CLM_0016191,ACC_000264
CLM_0016192,ACC_000411
CLM_0016193,ACC_000411
CLM_0016194,ACC_000411
CLM_0016195,ACC_001142
CLM_0016196,ACC_001142
CLM_0016197,ACC_001142
CLM_0016198,ACC_000283
CLM_0016199,ACC_000407
CLM_0016200,ACC_000411
CLM_0016201,ACC_000411
CLM_0016202,ACC_000411
CLM_0016203,ACC_000814
CLM_0016204,ACC_000814
CLM_0016205,ACC_000408
CLM_0016206,ACC_000129
CLM_0016207,ACC_000129
CLM_0016208,ACC_000129
CLM_0016209,ACC_001196
CLM_0016210,ACC_001196
CLM_0016211,ACC_001071
CLM_0016212,ACC_001071
CLM_0016213,ACC_000060
CLM_0016214,ACC_000060
CLM_0016215,ACC_000283
CLM_0016216,ACC_000283
CLM_0016217,ACC_000283
CLM_0016218,ACC_000380
CLM_0016219,ACC_000380
CLM_0016220,ACC_000409
CLM_0016221,ACC_000409
CLM_0016222,ACC_000409
CLM_0016223,ACC_000633
CLM_0016224,ACC_000633
CLM_0016225,ACC_000719
CLM_0016226,ACC_000598
CLM_0016227,ACC_000598
CLM_0016228,ACC_000814
CLM_0016229,ACC_000814
CLM_0016230,ACC_000282
CLM_0016231,ACC_000282
CLM_0016232,ACC_000282
CLM_0016233,ACC_000411
CLM_0016234,ACC_000282
CLM_0016235,ACC_000282
CLM_0016236,ACC_000282
CLM_0016237,ACC_000282
CLM_0016238,ACC_000282
CLM_0016239,ACC_000144
CLM_0016240,ACC_000144
CLM_0016241,ACC_000282
CLM_0016242,ACC_000282
CLM_0016243,ACC_000282
CLM_0016244,ACC_000100
CLM_0016245,ACC_000100
CLM_0016246,ACC_000100
CLM_0016247,ACC_000061
CLM_0016248,ACC_000061
CLM_0016249,ACC_000061
CLM_0016250,ACC_000282
CLM_0016251,ACC_000282
CLM_0016252,ACC_000282
CLM_0016253,ACC_000567
CLM_0016254,ACC_000567
CLM_0016255,ACC_000567
CLM_0016256,ACC_000682
CLM_0016257,ACC_000682
CLM_0016258,ACC_000682
CLM_0016259,ACC_000331
CLM_0016260,ACC_000061
CLM_0016261,ACC_000061
CLM_0016262,ACC_000060
CLM_0016263,ACC_000856
CLM_0016264,ACC_000410
CLM_0016265,ACC_000410
CLM_0016266,ACC_000911
CLM_0016267,ACC_000911
CLM_0016268,ACC_000283
CLM_0016269,ACC_000283
CLM_0016270,ACC_000282
CLM_0016271,ACC_001058
CLM_0016272,ACC_001058
CLM_0016273,ACC_001029
CLM_0016274,ACC_001029
CLM_0016275,ACC_001029
CLM_0016276,ACC_000060
CLM_0016277,ACC_000407
CLM_0016278,ACC_000978
CLM_0016279,ACC_000978
CLM_0016280,ACC_000978
CLM_0016281,ACC_000749
CLM_0016282,ACC_000282
CLM_0016283,ACC_000282
CLM_0016284,ACC_000572
CLM_0016285,ACC_000572
CLM_0016286,ACC_000409
CLM_0016287,ACC_000409
CLM_0016288,ACC_000080
CLM_0016289,ACC_000117
CLM_0016290,ACC_000117
CLM_0016291,ACC_000117
CLM_0016292,ACC_000061
CLM_0016293,ACC_000561
CLM_0016294,ACC_000910
CLM_0016295,ACC_000911
CLM_0016296,ACC_000911
CLM_0016297,ACC_000911
CLM_0016298,ACC_000282
CLM_0016299,ACC_000407
CLM_0016300,ACC_000407
CLM_0016301,ACC_000244
CLM_0016302,ACC_000244
CLM_0016303,ACC_000244
CLM_0016304,ACC_000305
CLM_0016305,ACC_000910
CLM_0016306,ACC_000910
CLM_0016307,ACC_000910
CLM_0016308,ACC_000282
CLM_0016309,ACC_000282
CLM_0016310,ACC_000282
CLM_0016311,ACC_000407
CLM_0016312,ACC_000407
CLM_0016313,ACC_000407
CLM_0016314,ACC_000984
CLM_0016315,ACC_000984
CLM_0016316,ACC_000813
CLM_0016317,ACC_000640
CLM_0016318,ACC_000640
CLM_0016319,ACC_000640
CLM_0016320,ACC_000873
CLM_0016321,ACC_000873
CLM_0016322,ACC_000873
CLM_0016323,ACC_000411
CLM_0016324,ACC_000411
CLM_0016325,ACC_000209
CLM_0016326,ACC_000209
CLM_0016327,ACC_000331
CLM_0016328,ACC_000331
CLM_0016329,ACC_000282
CLM_0016330,ACC_000282
CLM_0016331,ACC_000282
CLM_0016332,ACC_000282
CLM_0016333,ACC_000283
CLM_0016334,ACC_000283
CLM_0016335,ACC_000282
CLM_0016336,ACC_000034
CLM_0016337,ACC_000034
CLM_0016338,ACC_000910
CLM_0016339,ACC_000910
CLM_0016340,ACC_000910
CLM_0016341,ACC_001017
CLM_0016342,ACC_001138
CLM_0016343,ACC_001138
CLM_0016344,ACC_000716
CLM_0016345,ACC_000716
CLM_0016346,ACC_001054
CLM_0016347,ACC_001054
CLM_0016348,ACC_001054
CLM_0016349,ACC_000710
CLM_0016350,ACC_000908
CLM_0016351,ACC_000908
CLM_0016352,ACC_000908
CLM_0016353,ACC_000498
CLM_0016354,ACC_000498
CLM_0016355,ACC_000238
CLM_0016356,ACC_000855
CLM_0016357,ACC_000408
CLM_0016358,ACC_000045
CLM_0016359,ACC_000663
CLM_0016360,ACC_000663
CLM_0016361,ACC_000814
CLM_0016362,ACC_000814
CLM_0016363,ACC_000814
CLM_0016364,ACC_000002
CLM_0016365,ACC_000002
CLM_0016366,ACC_000002
CLM_0016367,ACC_000872
CLM_0016368,ACC_000872
CLM_0016369,ACC_000872
CLM_0016370,ACC_000283
CLM_0016371,ACC_000283
CLM_0016372,ACC_000716
CLM_0016373,ACC_000716
CLM_0016374,ACC_001088
CLM_0016375,ACC_001088
CLM_0016376,ACC_001088
CLM_0016377,ACC_000331
CLM_0016378,ACC_000331
CLM_0016379,ACC_000331
CLM_0016380,ACC_000856
CLM_0016381,ACC_000856
CLM_0016382,ACC_000408
CLM_0016383,ACC_000408
CLM_0016384,ACC_000408
CLM_0016385,ACC_000407
CLM_0016386,ACC_000117
CLM_0016387,ACC_000117
CLM_0016388,ACC_000542
CLM_0016389,ACC_000324
CLM_0016390,ACC_000324
CLM_0016391,ACC_000117
CLM_0016392,ACC_000117
CLM_0016393,ACC_000854
CLM_0016394,ACC_000854
CLM_0016395,ACC_000854
CLM_0016396,ACC_000143
CLM_0016397,ACC_000060
CLM_0016398,ACC_000060
CLM_0016399,ACC_001029
CLM_0016400,ACC_001029
CLM_0016401,ACC_001029
CLM_0016402,ACC_000573
CLM_0016403,ACC_000283
CLM_0016404,ACC_000799
CLM_0016405,ACC_000799
CLM_0016406,ACC_000799
CLM_0016407,ACC_000814
CLM_0016408,ACC_000814
CLM_0016409,ACC_000814
CLM_0016410,ACC_000372
CLM_0016411,ACC_000372
CLM_0016412,ACC_000045
CLM_0016413,ACC_000045
CLM_0016414,ACC_000409
CLM_0016415,ACC_000409
CLM_0016416,ACC_000411
CLM_0016417,ACC_000411
CLM_0016418,ACC_000282
CLM_0016419,ACC_000282
CLM_0016420,ACC_000282
CLM_0016421,ACC_000282
CLM_0016422,ACC_000282
CLM_0016423,ACC_000407
CLM_0016424,ACC_000407
CLM_0016425,ACC_000910
CLM_0016426,ACC_000910
CLM_0016427,ACC_000631
CLM_0016428,ACC_000685
CLM_0016429,ACC_000685
CLM_0016430,ACC_000685
CLM_0016431,ACC_000407
CLM_0016432,ACC_000407
CLM_0016433,ACC_000407
CLM_0016434,ACC_001138
CLM_0016435,ACC_000282
CLM_0016436,ACC_000282
CLM_0016437,ACC_000410
CLM_0016438,ACC_000410
CLM_0016439,ACC_000409
CLM_0016440,ACC_000175
CLM_0016441,ACC_000175
CLM_0016442,ACC_000283
CLM_0016443,ACC_000283
CLM_0016444,ACC_000283
CLM_0016445,ACC_001138
CLM_0016446,ACC_001138
CLM_0016447,ACC_000093
CLM_0016448,ACC_000093
CLM_0016449,ACC_000043
CLM_0016450,ACC_000282
CLM_0016451,ACC_000641
CLM_0016452,ACC_000641
CLM_0016453,ACC_000412
CLM_0016454,ACC_000412
CLM_0016455,ACC_000412
CLM_0016456,ACC_000798
CLM_0016457,ACC_000798
CLM_0016458,ACC_000798
CLM_0016459,ACC_000970
CLM_0016460,ACC_000970
CLM_0016461,ACC_000569
CLM_0016462,ACC_000407
CLM_0016463,ACC_000407
CLM_0016464,ACC_000407
CLM_0016465,ACC_000084
CLM_0016466,ACC_000084
CLM_0016467,ACC_000084
CLM_0016468,ACC_000120
CLM_0016469,ACC_000120
CLM_0016470,ACC_000749
CLM_0016471,ACC_000749
CLM_0016472,ACC_000831
CLM_0016473,ACC_000831
CLM_0016474,ACC_000831
CLM_0016475,ACC_000855
CLM_0016476,ACC_000855
CLM_0016477,ACC_000855
CLM_0016478,ACC_000282
CLM_0016479,ACC_000331
CLM_0016480,ACC_000331
CLM_0016481,ACC_000400
CLM_0016482,ACC_000400
CLM_0016483,ACC_000119
CLM_0016484,ACC_001055
CLM_0016485,ACC_001055
CLM_0016486,ACC_001055
CLM_0016487,ACC_000412
CLM_0016488,ACC_000412
CLM_0016489,ACC_000412
CLM_0016490,ACC_001056
CLM_0016491,ACC_001056
CLM_0016492,ACC_001056
CLM_0016493,ACC_000003
CLM_0016494,ACC_000003
CLM_0016495,ACC_000003
CLM_0016496,ACC_000781
CLM_0016497,ACC_000781
CLM_0016498,ACC_000060
CLM_0016499,ACC_000060
CLM_0016500,ACC_000194
CLM_0016501,ACC_000194
CLM_0016502,ACC_000332
CLM_0016503,ACC_000332
CLM_0016504,ACC_000332
CLM_0016505,ACC_000144
CLM_0016506,ACC_000144
CLM_0016507,ACC_000144
CLM_0016508,ACC_000043
CLM_0016509,ACC_000043
CLM_0016510,ACC_000144
CLM_0016511,ACC_000144
CLM_0016512,ACC_000516
CLM_0016513,ACC_000070
CLM_0016514,ACC_000070
CLM_0016515,ACC_000910
CLM_0016516,ACC_000910
CLM_0016517,ACC_000910
CLM_0016518,ACC_000991
CLM_0016519,ACC_000991
CLM_0016520,ACC_000904
CLM_0016521,ACC_000904
CLM_0016522,ACC_000904
CLM_0016523,ACC_000283
CLM_0016524,ACC_000283
CLM_0016525,ACC_000283
CLM_0016526,ACC_000569
CLM_0016527,ACC_000569
CLM_0016528,ACC_000238
CLM_0016529,ACC_000854
CLM_0016530,ACC_000854
CLM_0016531,ACC_000854
CLM_0016532,ACC_000061
CLM_0016533,ACC_000061
CLM_0016534,ACC_000282
CLM_0016535,ACC_000282
CLM_0016536,ACC_000283
CLM_0016537,ACC_000283
CLM_0016538,ACC_000283
CLM_0016539,ACC_000854
CLM_0016540,ACC_000498
CLM_0016541,ACC_000498
CLM_0016542,ACC_000498
CLM_0016543,ACC_000329
CLM_0016544,ACC_000329
CLM_0016545,ACC_000329
CLM_0016546,ACC_000900
CLM_0016547,ACC_000900
CLM_0016548,ACC_000621
CLM_0016549,ACC_000410
CLM_0016550,ACC_000410
CLM_0016551,ACC_000410
CLM_0016552,ACC_000034
CLM_0016553,ACC_000034
CLM_0016554,ACC_000409
CLM_0016555,ACC_000409
CLM_0016556,ACC_000282
CLM_0016557,ACC_000283
CLM_0016558,ACC_000283
CLM_0016559,ACC_000283
CLM_0016560,ACC_000282
CLM_0016561,ACC_000282
CLM_0016562,ACC_000282
CLM_0016563,ACC_000517
CLM_0016564,ACC_000517
CLM_0016565,ACC_000517
CLM_0016566,ACC_000043
CLM_0016567,ACC_000043
CLM_0016568,ACC_000283
CLM_0016569,ACC_000283
CLM_0016570,ACC_000320
CLM_0016571,ACC_000320
CLM_0016572,ACC_000043
CLM_0016573,ACC_000043
CLM_0016574,ACC_000239
CLM_0016575,ACC_000239
CLM_0016576,ACC_000239
CLM_0016577,ACC_000043
CLM_0016578,ACC_000043
CLM_0016579,ACC_000043
CLM_0016580,ACC_000060
CLM_0016581,ACC_000060
CLM_0016582,ACC_000813
CLM_0016583,ACC_000813
CLM_0016584,ACC_000283
CLM_0016585,ACC_000283
CLM_0016586,ACC_000854
CLM_0016587,ACC_000854
CLM_0016588,ACC_000854
CLM_0016589,ACC_000282
CLM_0016590,ACC_000282
CLM_0016591,ACC_000282
CLM_0016592,ACC_001056
CLM_0016593,ACC_001056
CLM_0016594,ACC_001017
CLM_0016595,ACC_001017
CLM_0016596,ACC_001017
CLM_0016597,ACC_000410
CLM_0016598,ACC_000780
CLM_0016599,ACC_000780
CLM_0016600,ACC_000906
CLM_0016601,ACC_000906
CLM_0016602,ACC_000321
CLM_0016603,ACC_000321
CLM_0016604,ACC_000321
CLM_0016605,ACC_001138
CLM_0016606,ACC_000332
CLM_0016607,ACC_000813
CLM_0016608,ACC_000813
CLM_0016609,ACC_000855
CLM_0016610,ACC_000855
CLM_0016611,ACC_000855
CLM_0016612,ACC_000938
CLM_0016613,ACC_000938
CLM_0016614,ACC_000938
CLM_0016615,ACC_000716
CLM_0016616,ACC_000716
CLM_0016617,ACC_000716
CLM_0016618,ACC_000832
CLM_0016619,ACC_000856
CLM_0016620,ACC_000856
CLM_0016621,ACC_000856
CLM_0016622,ACC_000282
CLM_0016623,ACC_000283
CLM_0016624,ACC_000409
CLM_0016625,ACC_000409
CLM_0016626,ACC_001187
CLM_0016627,ACC_000320
CLM_0016628,ACC_000283
CLM_0016629,ACC_000283
CLM_0016630,ACC_000780
CLM_0016631,ACC_000780
CLM_0016632,ACC_000217
CLM_0016633,ACC_000045
CLM_0016634,ACC_000045
CLM_0016635,ACC_000193
CLM_0016636,ACC_000282
CLM_0016637,ACC_000282
CLM_0016638,ACC_000282
CLM_0016639,ACC_001138
CLM_0016640,ACC_001138
CLM_0016641,ACC_001138
CLM_0016642,ACC_000498
CLM_0016643,ACC_000498
CLM_0016644,ACC_000498
CLM_0016645,ACC_000404
CLM_0016646,ACC_000404
CLM_0016647,ACC_000316
CLM_0016648,ACC_000316
CLM_0016649,ACC_000437
CLM_0016650,ACC_000437
CLM_0016651,ACC_000437
CLM_0016652,ACC_000407
CLM_0016653,ACC_000407
CLM_0016654,ACC_000911
CLM_0016655,ACC_000911
CLM_0016656,ACC_000060
CLM_0016657,ACC_000060
CLM_0016658,ACC_000214
CLM_0016659,ACC_000214
CLM_0016660,ACC_000214
CLM_0016661,ACC_000282
CLM_0016662,ACC_000282
CLM_0016663,ACC_000282
CLM_0016664,ACC_000282
CLM_0016665,ACC_001076
CLM_0016666,ACC_001076
CLM_0016667,ACC_001076
CLM_0016668,ACC_000854
CLM_0016669,ACC_000854
CLM_0016670,ACC_000854
CLM_0016671,ACC_000748
CLM_0016672,ACC_000748
CLM_0016673,ACC_000748
CLM_0016674,ACC_000209
CLM_0016675,ACC_000209
CLM_0016676,ACC_000209
CLM_0016677,ACC_000402
CLM_0016678,ACC_001029
CLM_0016679,ACC_001029
CLM_0016680,ACC_001029
CLM_0016681,ACC_000061
CLM_0016682,ACC_000814
CLM_0016683,ACC_000814
CLM_0016684,ACC_000814
CLM_0016685,ACC_000410
CLM_0016686,ACC_000172
CLM_0016687,ACC_000172
CLM_0016688,ACC_001076
CLM_0016689,ACC_001076
CLM_0016690,ACC_000171
CLM_0016691,ACC_000642
CLM_0016692,ACC_000642
CLM_0016693,ACC_000408
CLM_0016694,ACC_000408
CLM_0016695,ACC_000283
CLM_0016696,ACC_000283
CLM_0016697,ACC_000910
CLM_0016698,ACC_000061
CLM_0016699,ACC_000061
CLM_0016700,ACC_000061
CLM_0016701,ACC_000412
CLM_0016702,ACC_000412
CLM_0016703,ACC_000605
CLM_0016704,ACC_000060
CLM_0016705,ACC_000060
CLM_0016706,ACC_000060
CLM_0016707,ACC_000282
CLM_0016708,ACC_000282
CLM_0016709,ACC_000282
CLM_0016710,ACC_000518
CLM_0016711,ACC_000953
CLM_0016712,ACC_000953
CLM_0016713,ACC_000408
CLM_0016714,ACC_000408
CLM_0016715,ACC_000498
CLM_0016716,ACC_000498
CLM_0016717,ACC_000498
CLM_0016718,ACC_000412
CLM_0016719,ACC_000282
CLM_0016720,ACC_000282
CLM_0016721,ACC_000043
CLM_0016722,ACC_000043
CLM_0016723,ACC_000043
CLM_0016724,ACC_000984
CLM_0016725,ACC_000984
CLM_0016726,ACC_000984
CLM_0016727,ACC_000283
CLM_0016728,ACC_000283
CLM_0016729,ACC_000283
CLM_0016730,ACC_000122
CLM_0016731,ACC_000122
CLM_0016732,ACC_000122
CLM_0016733,ACC_000273
CLM_0016734,ACC_000273
CLM_0016735,ACC_000273
CLM_0016736,ACC_000640
CLM_0016737,ACC_000411
CLM_0016738,ACC_000411
CLM_0016739,ACC_000411
CLM_0016740,ACC_000408
CLM_0016741,ACC_000813
CLM_0016742,ACC_001017
CLM_0016743,ACC_001017
CLM_0016744,ACC_000283
CLM_0016745,ACC_000283
CLM_0016746,ACC_000814
CLM_0016747,ACC_000814
CLM_0016748,ACC_000814
CLM_0016749,ACC_000856
CLM_0016750,ACC_000060
CLM_0016751,ACC_001121
CLM_0016752,ACC_001121
CLM_0016753,ACC_000283
CLM_0016754,ACC_000283
CLM_0016755,ACC_000283
CLM_0016756,ACC_000911
CLM_0016757,ACC_000911
CLM_0016758,ACC_000911
CLM_0016759,ACC_000282
CLM_0016760,ACC_000061
CLM_0016761,ACC_000061
CLM_0016762,ACC_000061
CLM_0016763,ACC_000856
CLM_0016764,ACC_000831
CLM_0016765,ACC_000020
CLM_0016766,ACC_000020
CLM_0016767,ACC_000020
CLM_0016768,ACC_000409
CLM_0016769,ACC_000409
CLM_0016770,ACC_000393
CLM_0016771,ACC_000393
CLM_0016772,ACC_000393
CLM_0016773,ACC_000748
CLM_0016774,ACC_000409
CLM_0016775,ACC_000843
CLM_0016776,ACC_000410
CLM_0016777,ACC_000044
CLM_0016778,ACC_000044
CLM_0016779,ACC_000117
CLM_0016780,ACC_000117
CLM_0016781,ACC_001037
CLM_0016782,ACC_001037
CLM_0016783,ACC_001037
CLM_0016784,ACC_000060
CLM_0016785,ACC_000060
CLM_0016786,ACC_000813
CLM_0016787,ACC_001138
CLM_0016788,ACC_000444
CLM_0016789,ACC_000444
CLM_0016790,ACC_001021
CLM_0016791,ACC_000044
CLM_0016792,ACC_000044
CLM_0016793,ACC_000044
CLM_0016794,ACC_000854
CLM_0016795,ACC_000854
CLM_0016796,ACC_000854
CLM_0016797,ACC_001196
CLM_0016798,ACC_000748
CLM_0016799,ACC_001056
CLM_0016800,ACC_001056
CLM_0016801,ACC_001056
CLM_0016802,ACC_000238
CLM_0016803,ACC_000238
CLM_0016804,ACC_000282
CLM_0016805,ACC_000282
CLM_0016806,ACC_000763
CLM_0016807,ACC_000763
CLM_0016808,ACC_000763
CLM_0016809,ACC_000282
CLM_0016810,ACC_000282
CLM_0016811,ACC_000873
CLM_0016812,ACC_000873
CLM_0016813,ACC_000873
CLM_0016814,ACC_000856
CLM_0016815,ACC_000856
CLM_0016816,ACC_000856
CLM_0016817,ACC_000116
CLM_0016818,ACC_000498
CLM_0016819,ACC_000498
CLM_0016820,ACC_000043
CLM_0016821,ACC_000043
CLM_0016822,ACC_000043
CLM_0016823,ACC_000779
CLM_0016824,ACC_000779
CLM_0016825,ACC_000779
CLM_0016826,ACC_000316
CLM_0016827,ACC_000316
CLM_0016828,ACC_001138
CLM_0016829,ACC_001085
CLM_0016830,ACC_000826
CLM_0016831,ACC_000534
CLM_0016832,ACC_000534
CLM_0016833,ACC_000534
CLM_0016834,ACC_000333
CLM_0016835,ACC_000333
CLM_0016836,ACC_000282
CLM_0016837,ACC_000282
CLM_0016838,ACC_000282
CLM_0016839,ACC_001057
CLM_0016840,ACC_001057
CLM_0016841,ACC_001057
CLM_0016842,ACC_000641
CLM_0016843,ACC_000641
CLM_0016844,ACC_001075
CLM_0016845,ACC_001075
CLM_0016846,ACC_000090
CLM_0016847,ACC_000412
CLM_0016848,ACC_000854
CLM_0016849,ACC_000282
CLM_0016850,ACC_000282
CLM_0016851,ACC_000412
CLM_0016852,ACC_000412
CLM_0016853,ACC_000412
CLM_0016854,ACC_000061
CLM_0016855,ACC_000061
CLM_0016856,ACC_000061
CLM_0016857,ACC_000187
CLM_0016858,ACC_000283
CLM_0016859,ACC_000283
CLM_0016860,ACC_000283
CLM_0016861,ACC_000282
CLM_0016862,ACC_000282
CLM_0016863,ACC_000282
CLM_0016864,ACC_000282
CLM_0016865,ACC_000282
CLM_0016866,ACC_000282
CLM_0016867,ACC_000101
CLM_0016868,ACC_000101
CLM_0016869,ACC_000856
CLM_0016870,ACC_000856
CLM_0016871,ACC_000143
CLM_0016872,ACC_000060
CLM_0016873,ACC_000410
CLM_0016874,ACC_000410
CLM_0016875,ACC_000410
CLM_0016876,ACC_000856
CLM_0016877,ACC_000856
CLM_0016878,ACC_000060
CLM_0016879,ACC_000911
CLM_0016880,ACC_000854
CLM_0016881,ACC_000854
CLM_0016882,ACC_000854
CLM_0016883,ACC_000143
CLM_0016884,ACC_000143
CLM_0016885,ACC_000143
CLM_0016886,ACC_000748
CLM_0016887,ACC_000748
CLM_0016888,ACC_000407
CLM_0016889,ACC_000282
CLM_0016890,ACC_000282
CLM_0016891,ACC_000282
CLM_0016892,ACC_000856
CLM_0016893,ACC_000409
CLM_0016894,ACC_000283
CLM_0016895,ACC_000283
CLM_0016896,ACC_000283
CLM_0016897,ACC_000332
CLM_0016898,ACC_000332
CLM_0016899,ACC_000962
CLM_0016900,ACC_000283
CLM_0016901,ACC_000283
CLM_0016902,ACC_001076
CLM_0016903,ACC_001076
CLM_0016904,ACC_000321
CLM_0016905,ACC_000321
CLM_0016906,ACC_000409
CLM_0016907,ACC_000409
CLM_0016908,ACC_000409
CLM_0016909,ACC_000408
CLM_0016910,ACC_000408
CLM_0016911,ACC_000408
CLM_0016912,ACC_000283
CLM_0016913,ACC_000283
CLM_0016914,ACC_000283
CLM_0016915,ACC_000814
CLM_0016916,ACC_000814
CLM_0016917,ACC_000211
CLM_0016918,ACC_000856
CLM_0016919,ACC_000856
CLM_0016920,ACC_000543
CLM_0016921,ACC_000543
CLM_0016922,ACC_000333
CLM_0016923,ACC_000412
CLM_0016924,ACC_000412
CLM_0016925,ACC_000412
CLM_0016926,ACC_000588
CLM_0016927,ACC_000588
CLM_0016928,ACC_001056
CLM_0016929,ACC_001056
CLM_0016930,ACC_001022
CLM_0016931,ACC_001022
CLM_0016932,ACC_001022
CLM_0016933,ACC_000332
CLM_0016934,ACC_000332
CLM_0016935,ACC_000890
CLM_0016936,ACC_000890
CLM_0016937,ACC_000890
CLM_0016938,ACC_000394
CLM_0016939,ACC_000570
CLM_0016940,ACC_000814
CLM_0016941,ACC_000814
CLM_0016942,ACC_000814
CLM_0016943,ACC_000862
CLM_0016944,ACC_000408
CLM_0016945,ACC_000408
CLM_0016946,ACC_001015
CLM_0016947,ACC_001015
CLM_0016948,ACC_001015
CLM_0016949,ACC_000748
CLM_0016950,ACC_000748
CLM_0016951,ACC_000748
CLM_0016952,ACC_000061
CLM_0016953,ACC_000061
CLM_0016954,ACC_001037
CLM_0016955,ACC_000906
CLM_0016956,ACC_001138
CLM_0016957,ACC_000248
CLM_0016958,ACC_000248
CLM_0016959,ACC_001138
CLM_0016960,ACC_001138
CLM_0016961,ACC_001138
CLM_0016962,ACC_000395
CLM_0016963,ACC_000395
CLM_0016964,ACC_000007
CLM_0016965,ACC_000412
CLM_0016966,ACC_000412
CLM_0016967,ACC_000412
CLM_0016968,ACC_000911
CLM_0016969,ACC_000911
CLM_0016970,ACC_000911
CLM_0016971,ACC_000061
CLM_0016972,ACC_000001
CLM_0016973,ACC_000283
CLM_0016974,ACC_000283
CLM_0016975,ACC_000283
CLM_0016976,ACC_000640
CLM_0016977,ACC_000640
CLM_0016978,ACC_000640
CLM_0016979,ACC_000283
CLM_0016980,ACC_000283
CLM_0016981,ACC_000319
CLM_0016982,ACC_000319
CLM_0016983,ACC_000282
CLM_0016984,ACC_000282
CLM_0016985,ACC_000700
CLM_0016986,ACC_000518
CLM_0016987,ACC_000518
CLM_0016988,ACC_000409
CLM_0016989,ACC_000002
CLM_0016990,ACC_000002
CLM_0016991,ACC_000002
CLM_0016992,ACC_000282
CLM_0016993,ACC_000045
CLM_0016994,ACC_000045
CLM_0016995,ACC_001087
CLM_0016996,ACC_001087
CLM_0016997,ACC_001087
CLM_0016998,ACC_000043
CLM_0016999,ACC_000043
CLM_0017000,ACC_000937
CLM_0017001,ACC_000937
CLM_0017002,ACC_000937
CLM_0017003,ACC_000060
CLM_0017004,ACC_000060
CLM_0017005,ACC_000282
CLM_0017006,ACC_000282
CLM_0017007,ACC_000569
CLM_0017008,ACC_000569
CLM_0017009,ACC_001088
CLM_0017010,ACC_001088
CLM_0017011,ACC_001088
CLM_0017012,ACC_000410
CLM_0017013,ACC_000410
CLM_0017014,ACC_000410
CLM_0017015,ACC_000854
CLM_0017016,ACC_000854
CLM_0017017,ACC_000854
CLM_0017018,ACC_000143
CLM_0017019,ACC_000143
CLM_0017020,ACC_000143
CLM_0017021,ACC_000911
CLM_0017022,ACC_000282
CLM_0017023,ACC_000411
CLM_0017024,ACC_000061
CLM_0017025,ACC_000061
CLM_0017026,ACC_000061
CLM_0017027,ACC_000282
CLM_0017028,ACC_001095
CLM_0017029,ACC_000045
CLM_0017030,ACC_000045
CLM_0017031,ACC_000642
CLM_0017032,ACC_000642
CLM_0017033,ACC_000642
CLM_0017034,ACC_000060
CLM_0017035,ACC_000060
CLM_0017036,ACC_000060
CLM_0017037,ACC_000854
CLM_0017038,ACC_000854
CLM_0017039,ACC_000205
CLM_0017040,ACC_000144
CLM_0017041,ACC_000144
CLM_0017042,ACC_000641
CLM_0017043,ACC_000641
CLM_0017044,ACC_000407
CLM_0017045,ACC_000282
CLM_0017046,ACC_000843
CLM_0017047,ACC_000843
CLM_0017048,ACC_000143
CLM_0017049,ACC_000143
CLM_0017050,ACC_000143
CLM_0017051,ACC_000854
CLM_0017052,ACC_000854
CLM_0017053,ACC_000144
CLM_0017054,ACC_000144
CLM_0017055,ACC_000144
CLM_0017056,ACC_000517
CLM_0017057,ACC_000517
CLM_0017058,ACC_000117
CLM_0017059,ACC_000412
CLM_0017060,ACC_000412
CLM_0017061,ACC_000631
CLM_0017062,ACC_000631
CLM_0017063,ACC_000631
CLM_0017064,ACC_000904
CLM_0017065,ACC_000904
CLM_0017066,ACC_000282
CLM_0017067,ACC_000282
CLM_0017068,ACC_000282
CLM_0017069,ACC_000911
CLM_0017070,ACC_000143
CLM_0017071,ACC_000250
CLM_0017072,ACC_000910
CLM_0017073,ACC_000910
CLM_0017074,ACC_000282
CLM_0017075,ACC_000282
CLM_0017076,ACC_000282
CLM_0017077,ACC_000283
CLM_0017078,ACC_000283
CLM_0017079,ACC_000283
CLM_0017080,ACC_000117
CLM_0017081,ACC_000117
CLM_0017082,ACC_000117
CLM_0017083,ACC_000119
CLM_0017084,ACC_000119
CLM_0017085,ACC_000119
CLM_0017086,ACC_000175
CLM_0017087,ACC_000175
CLM_0017088,ACC_000518
CLM_0017089,ACC_000518
CLM_0017090,ACC_000573
CLM_0017091,ACC_000412
CLM_0017092,ACC_000412
CLM_0017093,ACC_000283
CLM_0017094,ACC_000283
CLM_0017095,ACC_000143
CLM_0017096,ACC_000143
CLM_0017097,ACC_000282
CLM_0017098,ACC_000282
CLM_0017099,ACC_000238
CLM_0017100,ACC_000238
CLM_0017101,ACC_000282
CLM_0017102,ACC_000282
CLM_0017103,ACC_000910
CLM_0017104,ACC_000407
CLM_0017105,ACC_000407
CLM_0017106,ACC_000045
CLM_0017107,ACC_000409
CLM_0017108,ACC_000409
CLM_0017109,ACC_000409
CLM_0017110,ACC_000878
CLM_0017111,ACC_000878
CLM_0017112,ACC_000411
CLM_0017113,ACC_000411
CLM_0017114,ACC_000411
CLM_0017115,ACC_000407
CLM_0017116,ACC_000407
CLM_0017117,ACC_000407
CLM_0017118,ACC_000061
CLM_0017119,ACC_000061
CLM_0017120,ACC_000061
CLM_0017121,ACC_001056
CLM_0017122,ACC_001056
CLM_0017123,ACC_001056
CLM_0017124,ACC_000410
CLM_0017125,ACC_000410
CLM_0017126,ACC_000410
CLM_0017127,ACC_000410
CLM_0017128,ACC_000410
CLM_0017129,ACC_000410
CLM_0017130,ACC_001076
CLM_0017131,ACC_000984
CLM_0017132,ACC_000844
CLM_0017133,ACC_000844
CLM_0017134,ACC_000844
CLM_0017135,ACC_000911
CLM_0017136,ACC_000408
CLM_0017137,ACC_000408
CLM_0017138,ACC_000061
CLM_0017139,ACC_000061
CLM_0017140,ACC_000044
CLM_0017141,ACC_000044
CLM_0017142,ACC_000044
CLM_0017143,ACC_000408
CLM_0017144,ACC_000164
CLM_0017145,ACC_000164
CLM_0017146,ACC_000116
CLM_0017147,ACC_000116
CLM_0017148,ACC_000143
CLM_0017149,ACC_000282
CLM_0017150,ACC_000282
CLM_0017151,ACC_000282
CLM_0017152,ACC_000813
CLM_0017153,ACC_000408
CLM_0017154,ACC_000409
CLM_0017155,ACC_000409
CLM_0017156,ACC_000409
CLM_0017157,ACC_000283
CLM_0017158,ACC_000283
CLM_0017159,ACC_000283
CLM_0017160,ACC_000209
CLM_0017161,ACC_001072
CLM_0017162,ACC_001072
CLM_0017163,ACC_001057
CLM_0017164,ACC_001057
CLM_0017165,ACC_001057
CLM_0017166,ACC_001055
CLM_0017167,ACC_001055
CLM_0017168,ACC_000060
CLM_0017169,ACC_000060
CLM_0017170,ACC_000060
CLM_0017171,ACC_001088
CLM_0017172,ACC_000412
CLM_0017173,ACC_000412
CLM_0017174,ACC_000412
CLM_0017175,ACC_000121
CLM_0017176,ACC_000121
CLM_0017177,ACC_000121
CLM_0017178,ACC_000911
CLM_0017179,ACC_000911
CLM_0017180,ACC_000408
CLM_0017181,ACC_000498
CLM_0017182,ACC_000498
CLM_0017183,ACC_000498
CLM_0017184,ACC_000060
CLM_0017185,ACC_000060
CLM_0017186,ACC_000060
CLM_0017187,ACC_000409
CLM_0017188,ACC_000409
CLM_0017189,ACC_000409
CLM_0017190,ACC_000701
CLM_0017191,ACC_000701
CLM_0017192,ACC_000701
CLM_0017193,ACC_000572
CLM_0017194,ACC_000572
CLM_0017195,ACC_000572
CLM_0017196,ACC_000283
CLM_0017197,ACC_000283
CLM_0017198,ACC_000524
CLM_0017199,ACC_000641
CLM_0017200,ACC_000854
CLM_0017201,ACC_000854
CLM_0017202,ACC_000405
CLM_0017203,ACC_000405
CLM_0017204,ACC_000405
CLM_0017205,ACC_000641
CLM_0017206,ACC_000641
CLM_0017207,ACC_000641
CLM_0017208,ACC_000411
CLM_0017209,ACC_000411
CLM_0017210,ACC_000332
CLM_0017211,ACC_000576
CLM_0017212,ACC_000576
CLM_0017213,ACC_000797
CLM_0017214,ACC_000797
CLM_0017215,ACC_000797
CLM_0017216,ACC_000331
CLM_0017217,ACC_000331
CLM_0017218,ACC_000331
CLM_0017219,ACC_000055
CLM_0017220,ACC_000061
CLM_0017221,ACC_000061
CLM_0017222,ACC_000061
CLM_0017223,ACC_000205
CLM_0017224,ACC_000205
CLM_0017225,ACC_000205
CLM_0017226,ACC_000534
CLM_0017227,ACC_000534
CLM_0017228,ACC_000534
CLM_0017229,ACC_000045
CLM_0017230,ACC_000045
CLM_0017231,ACC_000282
CLM_0017232,ACC_000873
CLM_0017233,ACC_000409
CLM_0017234,ACC_000282
CLM_0017235,ACC_000282
CLM_0017236,ACC_000174
CLM_0017237,ACC_000872
CLM_0017238,ACC_000872
CLM_0017239,ACC_000872
CLM_0017240,ACC_000118
CLM_0017241,ACC_000118
CLM_0017242,ACC_000283
CLM_0017243,ACC_000283
CLM_0017244,ACC_000283
CLM_0017245,ACC_001088
CLM_0017246,ACC_001088
CLM_0017247,ACC_001088
CLM_0017248,ACC_000516
CLM_0017249,ACC_000516
CLM_0017250,ACC_000282
CLM_0017251,ACC_000282
CLM_0017252,ACC_000553
CLM_0017253,ACC_000553
CLM_0017254,ACC_000282
CLM_0017255,ACC_000283
CLM_0017256,ACC_000283
CLM_0017257,ACC_001076
CLM_0017258,ACC_001076
CLM_0017259,ACC_000954
CLM_0017260,ACC_000954
CLM_0017261,ACC_000282
CLM_0017262,ACC_000282
CLM_0017263,ACC_000282
CLM_0017264,ACC_000408
CLM_0017265,ACC_000408
CLM_0017266,ACC_000773
CLM_0017267,ACC_000282
CLM_0017268,ACC_000239
CLM_0017269,ACC_001015
CLM_0017270,ACC_001015
CLM_0017271,ACC_000780
CLM_0017272,ACC_000780
CLM_0017273,ACC_000282
CLM_0017274,ACC_000282
CLM_0017275,ACC_000282
CLM_0017276,ACC_000412
CLM_0017277,ACC_000171
CLM_0017278,ACC_000171
CLM_0017279,ACC_000171
CLM_0017280,ACC_000808
CLM_0017281,ACC_000283
CLM_0017282,ACC_000283
CLM_0017283,ACC_000283
CLM_0017284,ACC_000283
CLM_0017285,ACC_000283
CLM_0017286,ACC_000283
CLM_0017287,ACC_000283
CLM_0017288,ACC_000509
CLM_0017289,ACC_000509
CLM_0017290,ACC_000283
CLM_0017291,ACC_000872
CLM_0017292,ACC_000872
CLM_0017293,ACC_000044
CLM_0017294,ACC_000044
CLM_0017295,ACC_000044
CLM_0017296,ACC_000143
CLM_0017297,ACC_000143
CLM_0017298,ACC_000143
CLM_0017299,ACC_000517
CLM_0017300,ACC_000517
CLM_0017301,ACC_000517
CLM_0017302,ACC_000051
CLM_0017303,ACC_000051
CLM_0017304,ACC_000238
CLM_0017305,ACC_000238
CLM_0017306,ACC_000211
CLM_0017307,ACC_000211
CLM_0017308,ACC_000211
CLM_0017309,ACC_000143
CLM_0017310,ACC_000143
CLM_0017311,ACC_000143
CLM_0017312,ACC_001055
CLM_0017313,ACC_000332
CLM_0017314,ACC_000332
CLM_0017315,ACC_000238
CLM_0017316,ACC_000518
CLM_0017317,ACC_000518
CLM_0017318,ACC_000873
CLM_0017319,ACC_000873
CLM_0017320,ACC_000873
CLM_0017321,ACC_001076
CLM_0017322,ACC_000542
CLM_0017323,ACC_000043
CLM_0017324,ACC_000043
CLM_0017325,ACC_000117
CLM_0017326,ACC_000940
CLM_0017327,ACC_000940
CLM_0017328,ACC_000409
CLM_0017329,ACC_000409
CLM_0017330,ACC_000238
CLM_0017331,ACC_000283
CLM_0017332,ACC_000283
CLM_0017333,ACC_000910
CLM_0017334,ACC_000910
CLM_0017335,ACC_001017
CLM_0017336,ACC_000037
CLM_0017337,ACC_000037
CLM_0017338,ACC_000037
CLM_0017339,ACC_001074
CLM_0017340,ACC_000060
CLM_0017341,ACC_000060
CLM_0017342,ACC_000060
CLM_0017343,ACC_001084
CLM_0017344,ACC_001084
CLM_0017345,ACC_001138
CLM_0017346,ACC_001138
CLM_0017347,ACC_001138
CLM_0017348,ACC_000282
CLM_0017349,ACC_000282
CLM_0017350,ACC_000282
CLM_0017351,ACC_000943
CLM_0017352,ACC_000061
CLM_0017353,ACC_000061
CLM_0017354,ACC_000061
CLM_0017355,ACC_000238
CLM_0017356,ACC_000238
CLM_0017357,ACC_000238
CLM_0017358,ACC_000172
CLM_0017359,ACC_000407
CLM_0017360,ACC_000407
CLM_0017361,ACC_000407
CLM_0017362,ACC_000205
CLM_0017363,ACC_000205
CLM_0017364,ACC_000831
CLM_0017365,ACC_000831
CLM_0017366,ACC_001058
CLM_0017367,ACC_001018
CLM_0017368,ACC_000045
CLM_0017369,ACC_000019
CLM_0017370,ACC_000019
CLM_0017371,ACC_000356
CLM_0017372,ACC_000356
CLM_0017373,ACC_000769
CLM_0017374,ACC_000769
CLM_0017375,ACC_000123
CLM_0017376,ACC_000123
CLM_0017377,ACC_000873
CLM_0017378,ACC_000873
CLM_0017379,ACC_000874
CLM_0017380,ACC_000874
CLM_0017381,ACC_000143
CLM_0017382,ACC_000143
CLM_0017383,ACC_000143
CLM_0017384,ACC_000143
CLM_0017385,ACC_000143
CLM_0017386,ACC_001124
CLM_0017387,ACC_001124
CLM_0017388,ACC_001124
CLM_0017389,ACC_000873
CLM_0017390,ACC_000873
CLM_0017391,ACC_000011
CLM_0017392,ACC_000011
CLM_0017393,ACC_001179
CLM_0017394,ACC_001179
CLM_0017395,ACC_000205
CLM_0017396,ACC_000205
CLM_0017397,ACC_000855
CLM_0017398,ACC_001015
CLM_0017399,ACC_001015
CLM_0017400,ACC_001015
CLM_0017401,ACC_001015
CLM_0017402,ACC_000518
CLM_0017403,ACC_000518
CLM_0017404,ACC_000282
CLM_0017405,ACC_000282
CLM_0017406,ACC_000282
CLM_0017407,ACC_000407
CLM_0017408,ACC_000407
CLM_0017409,ACC_000407
CLM_0017410,ACC_000045
CLM_0017411,ACC_000045
CLM_0017412,ACC_000045
CLM_0017413,ACC_000855
CLM_0017414,ACC_000911
CLM_0017415,ACC_000911
CLM_0017416,ACC_000856
CLM_0017417,ACC_001191
CLM_0017418,ACC_001191
CLM_0017419,ACC_000282
CLM_0017420,ACC_000282
CLM_0017421,ACC_000282
CLM_0017422,ACC_000061
CLM_0017423,ACC_000061
CLM_0017424,ACC_000061
CLM_0017425,ACC_000873
CLM_0017426,ACC_000873
CLM_0017427,ACC_000282
CLM_0017428,ACC_000282
CLM_0017429,ACC_000282
CLM_0017430,ACC_000799
CLM_0017431,ACC_000799
CLM_0017432,ACC_000906
CLM_0017433,ACC_000498
CLM_0017434,ACC_000498
CLM_0017435,ACC_000144
CLM_0017436,ACC_000144
CLM_0017437,ACC_000144
CLM_0017438,ACC_000143
CLM_0017439,ACC_000143
CLM_0017440,ACC_000143
CLM_0017441,ACC_000670
CLM_0017442,ACC_000283
CLM_0017443,ACC_000283
CLM_0017444,ACC_000283
CLM_0017445,ACC_000873
CLM_0017446,ACC_000873
CLM_0017447,ACC_000873
CLM_0017448,ACC_000098
CLM_0017449,ACC_000098
CLM_0017450,ACC_000098
CLM_0017451,ACC_000408
CLM_0017452,ACC_000408
CLM_0017453,ACC_000408
CLM_0017454,ACC_000283
CLM_0017455,ACC_000283
CLM_0017456,ACC_000283
CLM_0017457,ACC_000331
CLM_0017458,ACC_000061
CLM_0017459,ACC_000408
CLM_0017460,ACC_000408
CLM_0017461,ACC_000856
CLM_0017462,ACC_000543
CLM_0017463,ACC_000543
CLM_0017464,ACC_000769
CLM_0017465,ACC_000769
CLM_0017466,ACC_000117
CLM_0017467,ACC_000061
CLM_0017468,ACC_000061
CLM_0017469,ACC_001076
CLM_0017470,ACC_000283
CLM_0017471,ACC_000283
CLM_0017472,ACC_000061
CLM_0017473,ACC_000061
CLM_0017474,ACC_000394
CLM_0017475,ACC_000394
CLM_0017476,ACC_000285
CLM_0017477,ACC_000332
CLM_0017478,ACC_000176
CLM_0017479,ACC_000862
CLM_0017480,ACC_000862
CLM_0017481,ACC_000862
CLM_0017482,ACC_000407
CLM_0017483,ACC_000407
CLM_0017484,ACC_000407
CLM_0017485,ACC_000407
CLM_0017486,ACC_000407
CLM_0017487,ACC_000407
CLM_0017488,ACC_000331
CLM_0017489,ACC_000331
CLM_0017490,ACC_001112
CLM_0017491,ACC_001112
CLM_0017492,ACC_000045
CLM_0017493,ACC_000045
CLM_0017494,ACC_000045
CLM_0017495,ACC_000283
CLM_0017496,ACC_000283
CLM_0017497,ACC_001076
CLM_0017498,ACC_001076
CLM_0017499,ACC_001076
CLM_0017500,ACC_000410
CLM_0017501,ACC_000410
CLM_0017502,ACC_000084
CLM_0017503,ACC_000283
CLM_0017504,ACC_000283
CLM_0017505,ACC_000283
CLM_0017506,ACC_000191
CLM_0017507,ACC_000191
CLM_0017508,ACC_000282
CLM_0017509,ACC_000855
CLM_0017510,ACC_000855
CLM_0017511,ACC_000282
CLM_0017512,ACC_000282
CLM_0017513,ACC_000710
CLM_0017514,ACC_000710
CLM_0017515,ACC_000710
CLM_0017516,ACC_000283
CLM_0017517,ACC_000283
CLM_0017518,ACC_000412
CLM_0017519,ACC_000412
CLM_0017520,ACC_000144
CLM_0017521,ACC_000144
CLM_0017522,ACC_000144
CLM_0017523,ACC_000043
CLM_0017524,ACC_000043
CLM_0017525,ACC_000044
CLM_0017526,ACC_001088
CLM_0017527,ACC_001088
CLM_0017528,ACC_000814
CLM_0017529,ACC_000814
CLM_0017530,ACC_001015
CLM_0017531,ACC_001015
CLM_0017532,ACC_001076
CLM_0017533,ACC_000061
CLM_0017534,ACC_000061
CLM_0017535,ACC_000124
CLM_0017536,ACC_000412
CLM_0017537,ACC_000498
CLM_0017538,ACC_000283
CLM_0017539,ACC_000283
CLM_0017540,ACC_000283
CLM_0017541,ACC_000878
CLM_0017542,ACC_000878
CLM_0017543,ACC_000878
CLM_0017544,ACC_000117
CLM_0017545,ACC_001196
CLM_0017546,ACC_001196
CLM_0017547,ACC_001196
CLM_0017548,ACC_001093
CLM_0017549,ACC_001093
CLM_0017550,ACC_000235
CLM_0017551,ACC_000235
CLM_0017552,ACC_000235
CLM_0017553,ACC_000873
CLM_0017554,ACC_000873
CLM_0017555,ACC_000407
CLM_0017556,ACC_000407
CLM_0017557,ACC_000407
CLM_0017558,ACC_000407
CLM_0017559,ACC_000910
CLM_0017560,ACC_000282
CLM_0017561,ACC_000283
CLM_0017562,ACC_000283
CLM_0017563,ACC_000832
CLM_0017564,ACC_000813
CLM_0017565,ACC_000813
CLM_0017566,ACC_000813
CLM_0017567,ACC_000544
CLM_0017568,ACC_000544
CLM_0017569,ACC_000710
CLM_0017570,ACC_000710
CLM_0017571,ACC_000710
CLM_0017572,ACC_000969
CLM_0017573,ACC_000969
CLM_0017574,ACC_000998
CLM_0017575,ACC_000998
CLM_0017576,ACC_001016
CLM_0017577,ACC_001016
CLM_0017578,ACC_000060
CLM_0017579,ACC_000769
CLM_0017580,ACC_000135
CLM_0017581,ACC_000135
CLM_0017582,ACC_000135
CLM_0017583,ACC_001057
CLM_0017584,ACC_001057
CLM_0017585,ACC_001057
CLM_0017586,ACC_000041
CLM_0017587,ACC_000855
CLM_0017588,ACC_000855
CLM_0017589,ACC_000855
CLM_0017590,ACC_000370
CLM_0017591,ACC_000370
CLM_0017592,ACC_000873
CLM_0017593,ACC_000873
CLM_0017594,ACC_000873
CLM_0017595,ACC_000857
CLM_0017596,ACC_000857
CLM_0017597,ACC_000813
CLM_0017598,ACC_000019
CLM_0017599,ACC_000282
CLM_0017600,ACC_000282
CLM_0017601,ACC_000517
CLM_0017602,ACC_000205
CLM_0017603,ACC_000060
CLM_0017604,ACC_000060
CLM_0017605,ACC_000060
CLM_0017606,ACC_000408
CLM_0017607,ACC_000409
CLM_0017608,ACC_000409
CLM_0017609,ACC_001029
CLM_0017610,ACC_001029
CLM_0017611,ACC_000911
CLM_0017612,ACC_000061
CLM_0017613,ACC_000061
CLM_0017614,ACC_000143
CLM_0017615,ACC_000143
CLM_0017616,ACC_000143
CLM_0017617,ACC_001138
CLM_0017618,ACC_001138
CLM_0017619,ACC_000282
CLM_0017620,ACC_000282
CLM_0017621,ACC_000283
CLM_0017622,ACC_000283
CLM_0017623,ACC_000143
CLM_0017624,ACC_000060
CLM_0017625,ACC_000060
CLM_0017626,ACC_000060
CLM_0017627,ACC_000910
CLM_0017628,ACC_000910
CLM_0017629,ACC_000910
CLM_0017630,ACC_000911
CLM_0017631,ACC_000911
CLM_0017632,ACC_000409
CLM_0017633,ACC_000409
CLM_0017634,ACC_000491
CLM_0017635,ACC_000491
CLM_0017636,ACC_000060
CLM_0017637,ACC_000060
CLM_0017638,ACC_000060
CLM_0017639,ACC_000855
CLM_0017640,ACC_000855
CLM_0017641,ACC_000855
CLM_0017642,ACC_000117
CLM_0017643,ACC_000856
CLM_0017644,ACC_000856
CLM_0017645,ACC_000283
CLM_0017646,ACC_000061
CLM_0017647,ACC_000061
CLM_0017648,ACC_000001
CLM_0017649,ACC_000125
CLM_0017650,ACC_000125
CLM_0017651,ACC_000125
CLM_0017652,ACC_001015
CLM_0017653,ACC_000873
CLM_0017654,ACC_000873
CLM_0017655,ACC_000332
CLM_0017656,ACC_000332
CLM_0017657,ACC_000332
CLM_0017658,ACC_000773
CLM_0017659,ACC_000773
CLM_0017660,ACC_000045
CLM_0017661,ACC_000045
CLM_0017662,ACC_000044
CLM_0017663,ACC_000044
CLM_0017664,ACC_000044
CLM_0017665,ACC_000639
CLM_0017666,ACC_000639
CLM_0017667,ACC_000639
CLM_0017668,ACC_000059
CLM_0017669,ACC_000283
CLM_0017670,ACC_000283
CLM_0017671,ACC_000710
CLM_0017672,ACC_000710
CLM_0017673,ACC_000710
CLM_0017674,ACC_000031
CLM_0017675,ACC_000031
CLM_0017676,ACC_000031
CLM_0017677,ACC_000283
CLM_0017678,ACC_000283
CLM_0017679,ACC_000283
CLM_0017680,ACC_000412
CLM_0017681,ACC_000412
CLM_0017682,ACC_000543
CLM_0017683,ACC_000409
CLM_0017684,ACC_000409
CLM_0017685,ACC_000863
CLM_0017686,ACC_000863
CLM_0017687,ACC_000863
CLM_0017688,ACC_000773
CLM_0017689,ACC_000773
CLM_0017690,ACC_000944
CLM_0017691,ACC_001054
CLM_0017692,ACC_001054
CLM_0017693,ACC_000320
CLM_0017694,ACC_001056
CLM_0017695,ACC_001056
CLM_0017696,ACC_000333
CLM_0017697,ACC_001055
CLM_0017698,ACC_001055
CLM_0017699,ACC_000123
CLM_0017700,ACC_000123
CLM_0017701,ACC_000880
CLM_0017702,ACC_000880
CLM_0017703,ACC_000880
CLM_0017704,ACC_000123
CLM_0017705,ACC_000123
CLM_0017706,ACC_000171
CLM_0017707,ACC_000171
CLM_0017708,ACC_000043
CLM_0017709,ACC_000409
CLM_0017710,ACC_000409
CLM_0017711,ACC_000409
CLM_0017712,ACC_000814
CLM_0017713,ACC_000814
CLM_0017714,ACC_001138
CLM_0017715,ACC_001138
CLM_0017716,ACC_001138
CLM_0017717,ACC_000498
CLM_0017718,ACC_000498
CLM_0017719,ACC_000498
CLM_0017720,ACC_000412
CLM_0017721,ACC_000412
CLM_0017722,ACC_000412
CLM_0017723,ACC_000439
CLM_0017724,ACC_001120
CLM_0017725,ACC_001120
CLM_0017726,ACC_000872
CLM_0017727,ACC_000872
CLM_0017728,ACC_000872
CLM_0017729,ACC_000045
CLM_0017730,ACC_000045
CLM_0017731,ACC_000045
CLM_0017732,ACC_001003
CLM_0017733,ACC_001003
CLM_0017734,ACC_001003
CLM_0017735,ACC_001054
CLM_0017736,ACC_000117
CLM_0017737,ACC_000117
CLM_0017738,ACC_000283
CLM_0017739,ACC_000911
CLM_0017740,ACC_000911
CLM_0017741,ACC_000409
CLM_0017742,ACC_000409
CLM_0017743,ACC_000964
CLM_0017744,ACC_000209
CLM_0017745,ACC_000209
CLM_0017746,ACC_000410
CLM_0017747,ACC_000543
CLM_0017748,ACC_000459
CLM_0017749,ACC_000459
CLM_0017750,ACC_001017
CLM_0017751,ACC_000060
CLM_0017752,ACC_000060
CLM_0017753,ACC_000060
CLM_0017754,ACC_000813
CLM_0017755,ACC_000813
CLM_0017756,ACC_000395
CLM_0017757,ACC_000395
CLM_0017758,ACC_000395
CLM_0017759,ACC_000282
CLM_0017760,ACC_000282
CLM_0017761,ACC_000282
CLM_0017762,ACC_001088
CLM_0017763,ACC_001088
CLM_0017764,ACC_000283
CLM_0017765,ACC_000282
CLM_0017766,ACC_000282
CLM_0017767,ACC_000282
CLM_0017768,ACC_000143
CLM_0017769,ACC_000394
CLM_0017770,ACC_000394
CLM_0017771,ACC_000394
CLM_0017772,ACC_000019
CLM_0017773,ACC_000955
CLM_0017774,ACC_000955
CLM_0017775,ACC_000066
CLM_0017776,ACC_000143
CLM_0017777,ACC_000143
CLM_0017778,ACC_000143
CLM_0017779,ACC_000910
CLM_0017780,ACC_000009
CLM_0017781,ACC_000009
CLM_0017782,ACC_000009
CLM_0017783,ACC_000779
CLM_0017784,ACC_001076
CLM_0017785,ACC_001076
CLM_0017786,ACC_000855
CLM_0017787,ACC_000205
CLM_0017788,ACC_000205
CLM_0017789,ACC_000045
CLM_0017790,ACC_000518
CLM_0017791,ACC_000872
CLM_0017792,ACC_000872
CLM_0017793,ACC_000910
CLM_0017794,ACC_000910
CLM_0017795,ACC_000940
CLM_0017796,ACC_000940
CLM_0017797,ACC_000940
CLM_0017798,ACC_000854
CLM_0017799,ACC_000854
CLM_0017800,ACC_000408
CLM_0017801,ACC_000408
CLM_0017802,ACC_000813
CLM_0017803,ACC_000855
CLM_0017804,ACC_000855
CLM_0017805,ACC_000517
CLM_0017806,ACC_000517
CLM_0017807,ACC_000517
CLM_0017808,ACC_000856
CLM_0017809,ACC_000856
CLM_0017810,ACC_000856
CLM_0017811,ACC_000282
CLM_0017812,ACC_000910
CLM_0017813,ACC_000910
CLM_0017814,ACC_000910
CLM_0017815,ACC_000411
CLM_0017816,ACC_000411
CLM_0017817,ACC_000411
CLM_0017818,ACC_000333
CLM_0017819,ACC_000340
CLM_0017820,ACC_000340
CLM_0017821,ACC_000340
CLM_0017822,ACC_000061
CLM_0017823,ACC_000283
CLM_0017824,ACC_000283
CLM_0017825,ACC_000764
CLM_0017826,ACC_000764
CLM_0017827,ACC_000514
CLM_0017828,ACC_000514
CLM_0017829,ACC_000514
CLM_0017830,ACC_001057
CLM_0017831,ACC_001057
CLM_0017832,ACC_000043
CLM_0017833,ACC_000984
CLM_0017834,ACC_000984
CLM_0017835,ACC_000043
CLM_0017836,ACC_000043
CLM_0017837,ACC_000043
CLM_0017838,ACC_000205
CLM_0017839,ACC_000411
CLM_0017840,ACC_000411
CLM_0017841,ACC_000411
CLM_0017842,ACC_000412
CLM_0017843,ACC_000412
CLM_0017844,ACC_000412
CLM_0017845,ACC_000283
CLM_0017846,ACC_000283
CLM_0017847,ACC_000283
CLM_0017848,ACC_000614
CLM_0017849,ACC_000060
CLM_0017850,ACC_000060
CLM_0017851,ACC_000060
CLM_0017852,ACC_000749
CLM_0017853,ACC_000283
CLM_0017854,ACC_000410
CLM_0017855,ACC_000410
CLM_0017856,ACC_000927
CLM_0017857,ACC_000927
CLM_0017858,ACC_000283
CLM_0017859,ACC_000283
CLM_0017860,ACC_000283
CLM_0017861,ACC_000061
CLM_0017862,ACC_000061
CLM_0017863,ACC_000569
CLM_0017864,ACC_000569
CLM_0017865,ACC_000408
CLM_0017866,ACC_000791
CLM_0017867,ACC_000791
CLM_0017868,ACC_000911
CLM_0017869,ACC_000911
CLM_0017870,ACC_000282
CLM_0017871,ACC_000282
CLM_0017872,ACC_000283
CLM_0017873,ACC_000283
CLM_0017874,ACC_000283
CLM_0017875,ACC_000485
CLM_0017876,ACC_000485
CLM_0017877,ACC_000856
CLM_0017878,ACC_000856
CLM_0017879,ACC_000282
CLM_0017880,ACC_000282
CLM_0017881,ACC_000282
CLM_0017882,ACC_000282
CLM_0017883,ACC_000045
CLM_0017884,ACC_000409
CLM_0017885,ACC_000243
CLM_0017886,ACC_000428
CLM_0017887,ACC_000397
CLM_0017888,ACC_000159
CLM_0017889,ACC_000159
CLM_0017890,ACC_000159
CLM_0017891,ACC_000283
CLM_0017892,ACC_000283
CLM_0017893,ACC_000283
CLM_0017894,ACC_001113
CLM_0017895,ACC_001113
CLM_0017896,ACC_001113
CLM_0017897,ACC_000746
CLM_0017898,ACC_000009
CLM_0017899,ACC_000009
CLM_0017900,ACC_000210
CLM_0017901,ACC_000210
CLM_0017902,ACC_000210
CLM_0017903,ACC_000813
CLM_0017904,ACC_000813
CLM_0017905,ACC_000171
CLM_0017906,ACC_000171
CLM_0017907,ACC_000175
CLM_0017908,ACC_000854
CLM_0017909,ACC_000854
CLM_0017910,ACC_000283
CLM_0017911,ACC_000283
CLM_0017912,ACC_000283
CLM_0017913,ACC_000940
CLM_0017914,ACC_000442
CLM_0017915,ACC_000442
CLM_0017916,ACC_000410
CLM_0017917,ACC_000498
CLM_0017918,ACC_000283
CLM_0017919,ACC_000283
CLM_0017920,ACC_000061
CLM_0017921,ACC_000409
CLM_0017922,ACC_000409
CLM_0017923,ACC_000143
CLM_0017924,ACC_000143
CLM_0017925,ACC_000143
CLM_0017926,ACC_000282
CLM_0017927,ACC_000282
CLM_0017928,ACC_000282
CLM_0017929,ACC_000282
CLM_0017930,ACC_000045
CLM_0017931,ACC_000813
CLM_0017932,ACC_000143
CLM_0017933,ACC_001052
CLM_0017934,ACC_000101
CLM_0017935,ACC_000101
CLM_0017936,ACC_000696
CLM_0017937,ACC_000696
CLM_0017938,ACC_000696
CLM_0017939,ACC_000282
CLM_0017940,ACC_000403
CLM_0017941,ACC_000403
CLM_0017942,ACC_000403
CLM_0017943,ACC_000283
CLM_0017944,ACC_000379
CLM_0017945,ACC_000379
CLM_0017946,ACC_000412
CLM_0017947,ACC_000960
CLM_0017948,ACC_000960
CLM_0017949,ACC_000911
CLM_0017950,ACC_000845
CLM_0017951,ACC_000498
CLM_0017952,ACC_000498
CLM_0017953,ACC_000498
CLM_0017954,ACC_000855
CLM_0017955,ACC_000855
CLM_0017956,ACC_000182
CLM_0017957,ACC_000182
CLM_0017958,ACC_000060
CLM_0017959,ACC_000060
CLM_0017960,ACC_000283
CLM_0017961,ACC_000144
CLM_0017962,ACC_000144
CLM_0017963,ACC_000172
CLM_0017964,ACC_000172
CLM_0017965,ACC_000172
CLM_0017966,ACC_000303
CLM_0017967,ACC_000303
CLM_0017968,ACC_000411
CLM_0017969,ACC_000171
CLM_0017970,ACC_000171
CLM_0017971,ACC_000061
CLM_0017972,ACC_000283
CLM_0017973,ACC_000100
CLM_0017974,ACC_000100
CLM_0017975,ACC_000100
CLM_0017976,ACC_000855
CLM_0017977,ACC_000911
CLM_0017978,ACC_000911
CLM_0017979,ACC_001138
CLM_0017980,ACC_001150
CLM_0017981,ACC_001150
CLM_0017982,ACC_001150
CLM_0017983,ACC_000020
CLM_0017984,ACC_000239
CLM_0017985,ACC_000239
CLM_0017986,ACC_000239
CLM_0017987,ACC_000282
CLM_0017988,ACC_000282
CLM_0017989,ACC_000282
CLM_0017990,ACC_000685
CLM_0017991,ACC_000283
CLM_0017992,ACC_000283
CLM_0017993,ACC_000283
CLM_0017994,ACC_000409
CLM_0017995,ACC_000409
CLM_0017996,ACC_000409
CLM_0017997,ACC_000211
CLM_0017998,ACC_000211
CLM_0017999,ACC_000211
CLM_0018000,ACC_000881
CLM_0018001,ACC_000043
CLM_0018002,ACC_000043
CLM_0018003,ACC_000043
CLM_0018004,ACC_000408
CLM_0018005,ACC_000408
CLM_0018006,ACC_000408
CLM_0018007,ACC_000137
CLM_0018008,ACC_000137
CLM_0018009,ACC_000045
CLM_0018010,ACC_000045
CLM_0018011,ACC_000045
CLM_0018012,ACC_000407
CLM_0018013,ACC_000407
CLM_0018014,ACC_000407
CLM_0018015,ACC_000283
CLM_0018016,ACC_000283
CLM_0018017,ACC_000283
CLM_0018018,ACC_000498
CLM_0018019,ACC_000498
CLM_0018020,ACC_000498
CLM_0018021,ACC_000210
CLM_0018022,ACC_000210
CLM_0018023,ACC_000855
CLM_0018024,ACC_000855
CLM_0018025,ACC_000117
CLM_0018026,ACC_000748
CLM_0018027,ACC_000748
CLM_0018028,ACC_000748
CLM_0018029,ACC_000282
CLM_0018030,ACC_000282
CLM_0018031,ACC_000144
CLM_0018032,ACC_000144
CLM_0018033,ACC_001150
CLM_0018034,ACC_000407
CLM_0018035,ACC_000407
CLM_0018036,ACC_000407
CLM_0018037,ACC_000331
CLM_0018038,ACC_000331
CLM_0018039,ACC_000283
CLM_0018040,ACC_000283
CLM_0018041,ACC_000837
CLM_0018042,ACC_000420
CLM_0018043,ACC_000420
CLM_0018044,ACC_000045
CLM_0018045,ACC_000045
CLM_0018046,ACC_000045
CLM_0018047,ACC_000188
CLM_0018048,ACC_000188
CLM_0018049,ACC_000943
CLM_0018050,ACC_000943
CLM_0018051,ACC_000060
CLM_0018052,ACC_000060
CLM_0018053,ACC_000566
CLM_0018054,ACC_001015
CLM_0018055,ACC_001015
CLM_0018056,ACC_001015
CLM_0018057,ACC_000060
CLM_0018058,ACC_000060
CLM_0018059,ACC_000411
CLM_0018060,ACC_000411
CLM_0018061,ACC_000411
CLM_0018062,ACC_000412
CLM_0018063,ACC_000498
CLM_0018064,ACC_000498
CLM_0018065,ACC_000333
CLM_0018066,ACC_000333
CLM_0018067,ACC_000333
CLM_0018068,ACC_000188
CLM_0018069,ACC_001029
CLM_0018070,ACC_000172
CLM_0018071,ACC_000172
CLM_0018072,ACC_000172
CLM_0018073,ACC_000410
CLM_0018074,ACC_000283
CLM_0018075,ACC_001017
CLM_0018076,ACC_001058
CLM_0018077,ACC_001058
CLM_0018078,ACC_001058
CLM_0018079,ACC_000854
CLM_0018080,ACC_000854
CLM_0018081,ACC_000854
CLM_0018082,ACC_000813
CLM_0018083,ACC_000813
CLM_0018084,ACC_000813
CLM_0018085,ACC_000411
CLM_0018086,ACC_000411
CLM_0018087,ACC_000411
CLM_0018088,ACC_000283
CLM_0018089,ACC_000283
CLM_0018090,ACC_000745
CLM_0018091,ACC_001072
CLM_0018092,ACC_001072
CLM_0018093,ACC_001072
CLM_0018094,ACC_000710
CLM_0018095,ACC_000710
CLM_0018096,ACC_000710
CLM_0018097,ACC_000283
CLM_0018098,ACC_000283
CLM_0018099,ACC_000283
CLM_0018100,ACC_000282
CLM_0018101,ACC_000282
CLM_0018102,ACC_000282
CLM_0018103,ACC_000716
CLM_0018104,ACC_000716
CLM_0018105,ACC_000716
CLM_0018106,ACC_000910
CLM_0018107,ACC_000910
CLM_0018108,ACC_000910
CLM_0018109,ACC_000045
CLM_0018110,ACC_000045
CLM_0018111,ACC_000060
CLM_0018112,ACC_000060
CLM_0018113,ACC_000911
CLM_0018114,ACC_000911
CLM_0018115,ACC_000282
CLM_0018116,ACC_000282
CLM_0018117,ACC_001017
CLM_0018118,ACC_000412
CLM_0018119,ACC_000144
CLM_0018120,ACC_000144
CLM_0018121,ACC_000144
CLM_0018122,ACC_000143
CLM_0018123,ACC_000143
CLM_0018124,ACC_000282
CLM_0018125,ACC_000282
CLM_0018126,ACC_000410
CLM_0018127,ACC_000410
CLM_0018128,ACC_000410
CLM_0018129,ACC_000394
CLM_0018130,ACC_000044
CLM_0018131,ACC_000044
CLM_0018132,ACC_000043
CLM_0018133,ACC_000044
CLM_0018134,ACC_000044
CLM_0018135,ACC_000143
CLM_0018136,ACC_000813
CLM_0018137,ACC_000813
CLM_0018138,ACC_000813
CLM_0018139,ACC_000639
CLM_0018140,ACC_000708
CLM_0018141,ACC_000407
CLM_0018142,ACC_000409
CLM_0018143,ACC_000409
CLM_0018144,ACC_000143
CLM_0018145,ACC_000143
CLM_0018146,ACC_000143
CLM_0018147,ACC_000044
CLM_0018148,ACC_000044
CLM_0018149,ACC_000283
CLM_0018150,ACC_000283
CLM_0018151,ACC_000283
CLM_0018152,ACC_000143
CLM_0018153,ACC_000283
CLM_0018154,ACC_000542
CLM_0018155,ACC_000320
CLM_0018156,ACC_000283
CLM_0018157,ACC_000283
CLM_0018158,ACC_000283
CLM_0018159,ACC_000729
CLM_0018160,ACC_000729
CLM_0018161,ACC_000729
CLM_0018162,ACC_000411
CLM_0018163,ACC_000411
CLM_0018164,ACC_000855
CLM_0018165,ACC_000572
CLM_0018166,ACC_001138
CLM_0018167,ACC_000117
CLM_0018168,ACC_000117
CLM_0018169,ACC_000395
CLM_0018170,ACC_000395
CLM_0018171,ACC_001054
CLM_0018172,ACC_001054
CLM_0018173,ACC_001054
CLM_0018174,ACC_000856
CLM_0018175,ACC_000856
CLM_0018176,ACC_000856
CLM_0018177,ACC_000239
CLM_0018178,ACC_000407
CLM_0018179,ACC_001138
CLM_0018180,ACC_000380
CLM_0018181,ACC_000380
CLM_0018182,ACC_000380
CLM_0018183,ACC_000066
CLM_0018184,ACC_000066
CLM_0018185,ACC_000266
CLM_0018186,ACC_000266
CLM_0018187,ACC_000084
CLM_0018188,ACC_000471
CLM_0018189,ACC_000144
CLM_0018190,ACC_000144
CLM_0018191,ACC_000047
CLM_0018192,ACC_000061
CLM_0018193,ACC_000814
CLM_0018194,ACC_000814
CLM_0018195,ACC_000333
CLM_0018196,ACC_001191
CLM_0018197,ACC_000412
CLM_0018198,ACC_000412
CLM_0018199,ACC_000333
CLM_0018200,ACC_000333
CLM_0018201,ACC_000855
CLM_0018202,ACC_000410
CLM_0018203,ACC_000410
CLM_0018204,ACC_000044
CLM_0018205,ACC_000044
CLM_0018206,ACC_000144
CLM_0018207,ACC_000144
CLM_0018208,ACC_000144
CLM_0018209,ACC_000453
CLM_0018210,ACC_000453
CLM_0018211,ACC_000061
CLM_0018212,ACC_000061
CLM_0018213,ACC_000402
CLM_0018214,ACC_000402
CLM_0018215,ACC_000402
CLM_0018216,ACC_000247
CLM_0018217,ACC_000247
CLM_0018218,ACC_000060
CLM_0018219,ACC_000060
CLM_0018220,ACC_000060
CLM_0018221,ACC_000281
CLM_0018222,ACC_000281
CLM_0018223,ACC_000281
CLM_0018224,ACC_000283
CLM_0018225,ACC_000283
CLM_0018226,ACC_000283
CLM_0018227,ACC_000958
CLM_0018228,ACC_000958
CLM_0018229,ACC_000958
CLM_0018230,ACC_000781
CLM_0018231,ACC_000855
CLM_0018232,ACC_000061
CLM_0018233,ACC_000061
CLM_0018234,ACC_000061
CLM_0018235,ACC_000410
CLM_0018236,ACC_000410
CLM_0018237,ACC_000410
CLM_0018238,ACC_000117
CLM_0018239,ACC_000117
CLM_0018240,ACC_000117
CLM_0018241,ACC_000083
CLM_0018242,ACC_000873
CLM_0018243,ACC_000873
CLM_0018244,ACC_001076
CLM_0018245,ACC_001076
CLM_0018246,ACC_001076
CLM_0018247,ACC_000395
CLM_0018248,ACC_000855
CLM_0018249,ACC_000855
CLM_0018250,ACC_000855
CLM_0018251,ACC_000855
CLM_0018252,ACC_000043
CLM_0018253,ACC_000043
CLM_0018254,ACC_000043
CLM_0018255,ACC_000282
CLM_0018256,ACC_000282
CLM_0018257,ACC_000282
CLM_0018258,ACC_000197
CLM_0018259,ACC_000197
CLM_0018260,ACC_000197
CLM_0018261,ACC_001088
CLM_0018262,ACC_001088
CLM_0018263,ACC_001088
CLM_0018264,ACC_000498
CLM_0018265,ACC_000315
CLM_0018266,ACC_000408
CLM_0018267,ACC_000408
CLM_0018268,ACC_000408
CLM_0018269,ACC_000283
CLM_0018270,ACC_000283
CLM_0018271,ACC_000283
CLM_0018272,ACC_000283
CLM_0018273,ACC_000408
CLM_0018274,ACC_000412
CLM_0018275,ACC_000412
CLM_0018276,ACC_000408
CLM_0018277,ACC_000408
CLM_0018278,ACC_000411
CLM_0018279,ACC_000411
CLM_0018280,ACC_000282
CLM_0018281,ACC_000282
CLM_0018282,ACC_000407
CLM_0018283,ACC_000711
CLM_0018284,ACC_000015
CLM_0018285,ACC_000015
CLM_0018286,ACC_000015
CLM_0018287,ACC_000408
CLM_0018288,ACC_000408
CLM_0018289,ACC_000408
CLM_0018290,ACC_000248
CLM_0018291,ACC_000248
CLM_0018292,ACC_001076
CLM_0018293,ACC_000061
CLM_0018294,ACC_000061
CLM_0018295,ACC_000061
CLM_0018296,ACC_000060
CLM_0018297,ACC_000060
CLM_0018298,ACC_000638
CLM_0018299,ACC_000638
CLM_0018300,ACC_001076
CLM_0018301,ACC_001076
CLM_0018302,ACC_000282
CLM_0018303,ACC_000282
CLM_0018304,ACC_000143
CLM_0018305,ACC_001015
CLM_0018306,ACC_000572
CLM_0018307,ACC_000283
CLM_0018308,ACC_000283
CLM_0018309,ACC_000019
CLM_0018310,ACC_000408
CLM_0018311,ACC_000408
CLM_0018312,ACC_000408
CLM_0018313,ACC_000408
CLM_0018314,ACC_000408
CLM_0018315,ACC_000264
CLM_0018316,ACC_000264
CLM_0018317,ACC_000264
CLM_0018318,ACC_001179
CLM_0018319,ACC_001179
CLM_0018320,ACC_000410
CLM_0018321,ACC_000844
CLM_0018322,ACC_000844
CLM_0018323,ACC_000844
CLM_0018324,ACC_000636
CLM_0018325,ACC_000408
CLM_0018326,ACC_000408
CLM_0018327,ACC_000856
CLM_0018328,ACC_000856
CLM_0018329,ACC_000855
CLM_0018330,ACC_000855
CLM_0018331,ACC_000855
CLM_0018332,ACC_000749
CLM_0018333,ACC_000749
CLM_0018334,ACC_000517
CLM_0018335,ACC_001017
CLM_0018336,ACC_001017
CLM_0018337,ACC_000910
CLM_0018338,ACC_000910
CLM_0018339,ACC_000779
CLM_0018340,ACC_000779
CLM_0018341,ACC_000704
CLM_0018342,ACC_000704
CLM_0018343,ACC_000704
CLM_0018344,ACC_000410
CLM_0018345,ACC_000410
CLM_0018346,ACC_001016
CLM_0018347,ACC_001016
CLM_0018348,ACC_001016
CLM_0018349,ACC_000411
CLM_0018350,ACC_000411
CLM_0018351,ACC_000411
CLM_0018352,ACC_000412
CLM_0018353,ACC_000412
CLM_0018354,ACC_000911
CLM_0018355,ACC_000911
CLM_0018356,ACC_000911
CLM_0018357,ACC_000911
CLM_0018358,ACC_000911
CLM_0018359,ACC_000769
CLM_0018360,ACC_000389
CLM_0018361,ACC_000943
CLM_0018362,ACC_000943
CLM_0018363,ACC_000943
CLM_0018364,ACC_000282
CLM_0018365,ACC_000282
CLM_0018366,ACC_000283
CLM_0018367,ACC_000282
CLM_0018368,ACC_000282
CLM_0018369,ACC_000282
CLM_0018370,ACC_000855
CLM_0018371,ACC_000855
CLM_0018372,ACC_000320
CLM_0018373,ACC_000320
CLM_0018374,ACC_000412
CLM_0018375,ACC_000412
CLM_0018376,ACC_000407
CLM_0018377,ACC_000407
CLM_0018378,ACC_000769
CLM_0018379,ACC_000769
CLM_0018380,ACC_000020
CLM_0018381,ACC_000994
CLM_0018382,ACC_000911
CLM_0018383,ACC_000045
CLM_0018384,ACC_000911
CLM_0018385,ACC_000407
CLM_0018386,ACC_000407
CLM_0018387,ACC_000094
CLM_0018388,ACC_000094
CLM_0018389,ACC_000094
CLM_0018390,ACC_001088
CLM_0018391,ACC_001088
CLM_0018392,ACC_000359
CLM_0018393,ACC_000359
CLM_0018394,ACC_000843
CLM_0018395,ACC_000843
CLM_0018396,ACC_000843
CLM_0018397,ACC_000283
CLM_0018398,ACC_000283
CLM_0018399,ACC_000283
CLM_0018400,ACC_000411
CLM_0018401,ACC_000411
CLM_0018402,ACC_000878
CLM_0018403,ACC_000878
CLM_0018404,ACC_000283
CLM_0018405,ACC_000619
CLM_0018406,ACC_000407
CLM_0018407,ACC_000407
CLM_0018408,ACC_000407
CLM_0018409,ACC_001029
CLM_0018410,ACC_001029
CLM_0018411,ACC_001029
CLM_0018412,ACC_001015
CLM_0018413,ACC_001015
CLM_0018414,ACC_000854
CLM_0018415,ACC_000283
CLM_0018416,ACC_000283
CLM_0018417,ACC_000043
CLM_0018418,ACC_000043
CLM_0018419,ACC_000043
CLM_0018420,ACC_000856
CLM_0018421,ACC_001076
CLM_0018422,ACC_001076
CLM_0018423,ACC_000409
CLM_0018424,ACC_000409
CLM_0018425,ACC_001138
CLM_0018426,ACC_001138
CLM_0018427,ACC_001138
CLM_0018428,ACC_000769
CLM_0018429,ACC_000769
CLM_0018430,ACC_000132
CLM_0018431,ACC_000132
CLM_0018432,ACC_000809
CLM_0018433,ACC_000856
CLM_0018434,ACC_000910
CLM_0018435,ACC_000910
CLM_0018436,ACC_000411
CLM_0018437,ACC_000411
CLM_0018438,ACC_000911
CLM_0018439,ACC_000603
CLM_0018440,ACC_000603
CLM_0018441,ACC_000780
CLM_0018442,ACC_000780
CLM_0018443,ACC_000855
CLM_0018444,ACC_000855
CLM_0018445,ACC_000428
CLM_0018446,ACC_000428
CLM_0018447,ACC_000498
CLM_0018448,ACC_000498
CLM_0018449,ACC_000717
CLM_0018450,ACC_000454
CLM_0018451,ACC_000454
CLM_0018452,ACC_000454
CLM_0018453,ACC_001057
CLM_0018454,ACC_001057
CLM_0018455,ACC_001057
CLM_0018456,ACC_000044
CLM_0018457,ACC_000044
CLM_0018458,ACC_000517
CLM_0018459,ACC_000910
CLM_0018460,ACC_000910
CLM_0018461,ACC_000910
CLM_0018462,ACC_000749
CLM_0018463,ACC_000749
CLM_0018464,ACC_000410
CLM_0018465,ACC_000710
CLM_0018466,ACC_000853
CLM_0018467,ACC_000872
CLM_0018468,ACC_000872
CLM_0018469,ACC_000872
CLM_0018470,ACC_000517
CLM_0018471,ACC_000517
CLM_0018472,ACC_000517
CLM_0018473,ACC_000752
CLM_0018474,ACC_000282
CLM_0018475,ACC_000282
CLM_0018476,ACC_000282
CLM_0018477,ACC_000282
CLM_0018478,ACC_000332
CLM_0018479,ACC_000332
CLM_0018480,ACC_000332
CLM_0018481,ACC_000282
CLM_0018482,ACC_000282
CLM_0018483,ACC_000280
CLM_0018484,ACC_000043
CLM_0018485,ACC_000209
CLM_0018486,ACC_000209
CLM_0018487,ACC_000209
CLM_0018488,ACC_000331
CLM_0018489,ACC_000061
CLM_0018490,ACC_000043
CLM_0018491,ACC_000280
CLM_0018492,ACC_000280
CLM_0018493,ACC_000280
CLM_0018494,ACC_000282
CLM_0018495,ACC_000171
CLM_0018496,ACC_000171
CLM_0018497,ACC_000210
CLM_0018498,ACC_000210
CLM_0018499,ACC_000210
CLM_0018500,ACC_000113
CLM_0018501,ACC_000113
CLM_0018502,ACC_000412
CLM_0018503,ACC_000412
CLM_0018504,ACC_000412
CLM_0018505,ACC_000205
CLM_0018506,ACC_000205
CLM_0018507,ACC_000205
CLM_0018508,ACC_001138
CLM_0018509,ACC_000814
CLM_0018510,ACC_000412
CLM_0018511,ACC_000412
CLM_0018512,ACC_000780
CLM_0018513,ACC_000780
CLM_0018514,ACC_000780
CLM_0018515,ACC_000409
CLM_0018516,ACC_000159
CLM_0018517,ACC_000159
CLM_0018518,ACC_000159
CLM_0018519,ACC_000280
CLM_0018520,ACC_000280
CLM_0018521,ACC_000873
CLM_0018522,ACC_000873
CLM_0018523,ACC_000873
CLM_0018524,ACC_000282
CLM_0018525,ACC_000409
CLM_0018526,ACC_000409
CLM_0018527,ACC_000407
CLM_0018528,ACC_000407
CLM_0018529,ACC_000407
CLM_0018530,ACC_000984
CLM_0018531,ACC_000984
CLM_0018532,ACC_000984
CLM_0018533,ACC_000061
CLM_0018534,ACC_000061
CLM_0018535,ACC_000061
CLM_0018536,ACC_000379
CLM_0018537,ACC_000379
CLM_0018538,ACC_000182
CLM_0018539,ACC_000182
CLM_0018540,ACC_000182
CLM_0018541,ACC_000873
CLM_0018542,ACC_000873
CLM_0018543,ACC_000044
CLM_0018544,ACC_001076
CLM_0018545,ACC_000813
CLM_0018546,ACC_000333
CLM_0018547,ACC_000333
CLM_0018548,ACC_001055
CLM_0018549,ACC_001055
CLM_0018550,ACC_000332
CLM_0018551,ACC_000409
CLM_0018552,ACC_000407
CLM_0018553,ACC_000282
CLM_0018554,ACC_000408
CLM_0018555,ACC_000408
CLM_0018556,ACC_000408
CLM_0018557,ACC_001094
CLM_0018558,ACC_001094
CLM_0018559,ACC_000283
CLM_0018560,ACC_000283
CLM_0018561,ACC_000283
CLM_0018562,ACC_000283
CLM_0018563,ACC_000856
CLM_0018564,ACC_000798
CLM_0018565,ACC_000798
CLM_0018566,ACC_000798
CLM_0018567,ACC_000283
CLM_0018568,ACC_000856
CLM_0018569,ACC_000856
CLM_0018570,ACC_000856
CLM_0018571,ACC_000061
CLM_0018572,ACC_000061
CLM_0018573,ACC_000410
CLM_0018574,ACC_000410
CLM_0018575,ACC_000410
CLM_0018576,ACC_000045
CLM_0018577,ACC_000045
CLM_0018578,ACC_000283
CLM_0018579,ACC_000631
CLM_0018580,ACC_000631
CLM_0018581,ACC_000631
CLM_0018582,ACC_000282
CLM_0018583,ACC_000282
CLM_0018584,ACC_000282
CLM_0018585,ACC_000855
CLM_0018586,ACC_000855
CLM_0018587,ACC_000282
CLM_0018588,ACC_000282
CLM_0018589,ACC_000282
CLM_0018590,ACC_001167
CLM_0018591,ACC_001167
CLM_0018592,ACC_000230
CLM_0018593,ACC_000230
CLM_0018594,ACC_000230
CLM_0018595,ACC_000072
CLM_0018596,ACC_000072
CLM_0018597,ACC_000498
CLM_0018598,ACC_000282
CLM_0018599,ACC_000282
CLM_0018600,ACC_000282
CLM_0018601,ACC_000412
CLM_0018602,ACC_000412
CLM_0018603,ACC_000143
CLM_0018604,ACC_000143
CLM_0018605,ACC_000323
CLM_0018606,ACC_000323
CLM_0018607,ACC_000323
CLM_0018608,ACC_000066
CLM_0018609,ACC_000872
CLM_0018610,ACC_000172
CLM_0018611,ACC_000172
CLM_0018612,ACC_000498
CLM_0018613,ACC_000498
CLM_0018614,ACC_000498
CLM_0018615,ACC_000498
CLM_0018616,ACC_000239
CLM_0018617,ACC_000239
CLM_0018618,ACC_000239
CLM_0018619,ACC_000411
CLM_0018620,ACC_000411
CLM_0018621,ACC_000411
CLM_0018622,ACC_001157
CLM_0018623,ACC_001157
CLM_0018624,ACC_000407
CLM_0018625,ACC_000407
CLM_0018626,ACC_000282
CLM_0018627,ACC_000282
CLM_0018628,ACC_000282
CLM_0018629,ACC_000412
CLM_0018630,ACC_000412
CLM_0018631,ACC_000061
CLM_0018632,ACC_000408
CLM_0018633,ACC_000408
CLM_0018634,ACC_000397
CLM_0018635,ACC_000397
CLM_0018636,ACC_000397
CLM_0018637,ACC_000283
CLM_0018638,ACC_000283
CLM_0018639,ACC_000060
CLM_0018640,ACC_000060
CLM_0018641,ACC_000051
CLM_0018642,ACC_000412
CLM_0018643,ACC_000498
CLM_0018644,ACC_000498
CLM_0018645,ACC_000045
CLM_0018646,ACC_000045
CLM_0018647,ACC_000003
CLM_0018648,ACC_000003
CLM_0018649,ACC_000069
CLM_0018650,ACC_000069
CLM_0018651,ACC_000069
CLM_0018652,ACC_000060
CLM_0018653,ACC_000060
CLM_0018654,ACC_000060
CLM_0018655,ACC_000544
CLM_0018656,ACC_000544
CLM_0018657,ACC_000910
CLM_0018658,ACC_000333
CLM_0018659,ACC_000060
CLM_0018660,ACC_000060
CLM_0018661,ACC_001056
CLM_0018662,ACC_000961
CLM_0018663,ACC_000961
CLM_0018664,ACC_000961
CLM_0018665,ACC_000380
CLM_0018666,ACC_000380
CLM_0018667,ACC_000380
CLM_0018668,ACC_000219
CLM_0018669,ACC_000799
CLM_0018670,ACC_000799
CLM_0018671,ACC_000282
CLM_0018672,ACC_000282
CLM_0018673,ACC_000769
CLM_0018674,ACC_000061
CLM_0018675,ACC_000061
CLM_0018676,ACC_000061
CLM_0018677,ACC_000517
CLM_0018678,ACC_000517
CLM_0018679,ACC_000045
CLM_0018680,ACC_000209
CLM_0018681,ACC_000209
CLM_0018682,ACC_000209
CLM_0018683,ACC_000128
CLM_0018684,ACC_000128
CLM_0018685,ACC_000128
CLM_0018686,ACC_000719
CLM_0018687,ACC_000719
CLM_0018688,ACC_000854
CLM_0018689,ACC_000412
CLM_0018690,ACC_000412
CLM_0018691,ACC_000412
CLM_0018692,ACC_000143
CLM_0018693,ACC_000143
CLM_0018694,ACC_000144
CLM_0018695,ACC_000144
CLM_0018696,ACC_001015
CLM_0018697,ACC_000094
CLM_0018698,ACC_000094
CLM_0018699,ACC_000094
CLM_0018700,ACC_000855
CLM_0018701,ACC_000855
CLM_0018702,ACC_001076
CLM_0018703,ACC_001076
CLM_0018704,ACC_001076
CLM_0018705,ACC_001076
CLM_0018706,ACC_000814
CLM_0018707,ACC_000814
CLM_0018708,ACC_000409
CLM_0018709,ACC_000769
CLM_0018710,ACC_000769
CLM_0018711,ACC_000283
CLM_0018712,ACC_000283
CLM_0018713,ACC_000283
CLM_0018714,ACC_000410
CLM_0018715,ACC_000410
CLM_0018716,ACC_000282
CLM_0018717,ACC_000282
CLM_0018718,ACC_000282
CLM_0018719,ACC_000412
CLM_0018720,ACC_000044
CLM_0018721,ACC_000044
CLM_0018722,ACC_000491
CLM_0018723,ACC_000491
CLM_0018724,ACC_000238
CLM_0018725,ACC_000238
CLM_0018726,ACC_000238
CLM_0018727,ACC_000407
CLM_0018728,ACC_000407
CLM_0018729,ACC_000411
CLM_0018730,ACC_000060
CLM_0018731,ACC_000060
CLM_0018732,ACC_000060
CLM_0018733,ACC_000020
CLM_0018734,ACC_000020
CLM_0018735,ACC_000094
CLM_0018736,ACC_000094
CLM_0018737,ACC_000408
CLM_0018738,ACC_000408
CLM_0018739,ACC_000408
CLM_0018740,ACC_000144
CLM_0018741,ACC_000144
CLM_0018742,ACC_000173
CLM_0018743,ACC_000282
CLM_0018744,ACC_000282
CLM_0018745,ACC_000282
CLM_0018746,ACC_000282
CLM_0018747,ACC_000282
CLM_0018748,ACC_000282
CLM_0018749,ACC_000769
CLM_0018750,ACC_000769
CLM_0018751,ACC_000769
CLM_0018752,ACC_000410
CLM_0018753,ACC_000410
CLM_0018754,ACC_000174
CLM_0018755,ACC_000410
CLM_0018756,ACC_000045
CLM_0018757,ACC_000045
CLM_0018758,ACC_000239
CLM_0018759,ACC_000357
CLM_0018760,ACC_000357
CLM_0018761,ACC_000357
CLM_0018762,ACC_000153
CLM_0018763,ACC_000153
CLM_0018764,ACC_000518
CLM_0018765,ACC_000518
CLM_0018766,ACC_001072
CLM_0018767,ACC_001072
CLM_0018768,ACC_000411
CLM_0018769,ACC_000411
CLM_0018770,ACC_000411
CLM_0018771,ACC_000045
CLM_0018772,ACC_000045
CLM_0018773,ACC_000283
CLM_0018774,ACC_000283
CLM_0018775,ACC_000283
CLM_0018776,ACC_000282
CLM_0018777,ACC_001017
CLM_0018778,ACC_001017
CLM_0018779,ACC_000143
CLM_0018780,ACC_000408
CLM_0018781,ACC_000408
CLM_0018782,ACC_000749
CLM_0018783,ACC_000749
CLM_0018784,ACC_000412
CLM_0018785,ACC_000404
CLM_0018786,ACC_000060
CLM_0018787,ACC_000060
CLM_0018788,ACC_000409
CLM_0018789,ACC_000409
CLM_0018790,ACC_000769
CLM_0018791,ACC_000769
CLM_0018792,ACC_000464
CLM_0018793,ACC_000464
CLM_0018794,ACC_000409
CLM_0018795,ACC_000409
CLM_0018796,ACC_000409
CLM_0018797,ACC_000854
CLM_0018798,ACC_000854
CLM_0018799,ACC_000854
CLM_0018800,ACC_000283
CLM_0018801,ACC_000854
CLM_0018802,ACC_000640
CLM_0018803,ACC_000640
CLM_0018804,ACC_000640
CLM_0018805,ACC_000412
CLM_0018806,ACC_000412
CLM_0018807,ACC_000412
CLM_0018808,ACC_001076
CLM_0018809,ACC_001076
CLM_0018810,ACC_001076
CLM_0018811,ACC_000408
CLM_0018812,ACC_000408
CLM_0018813,ACC_000408
CLM_0018814,ACC_000855
CLM_0018815,ACC_000409
CLM_0018816,ACC_000409
CLM_0018817,ACC_000409
CLM_0018818,ACC_000060
CLM_0018819,ACC_000061
CLM_0018820,ACC_000061
CLM_0018821,ACC_000872
CLM_0018822,ACC_000872
CLM_0018823,ACC_001054
CLM_0018824,ACC_001054
CLM_0018825,ACC_000409
CLM_0018826,ACC_000669
CLM_0018827,ACC_000669
CLM_0018828,ACC_000043
CLM_0018829,ACC_000043
CLM_0018830,ACC_000410
CLM_0018831,ACC_000410
CLM_0018832,ACC_000283
CLM_0018833,ACC_000315
CLM_0018834,ACC_000315
CLM_0018835,ACC_000315
CLM_0018836,ACC_000597
CLM_0018837,ACC_000960
CLM_0018838,ACC_000960
CLM_0018839,ACC_000283
CLM_0018840,ACC_000283
CLM_0018841,ACC_000060
CLM_0018842,ACC_000019
CLM_0018843,ACC_000312
CLM_0018844,ACC_000380
CLM_0018845,ACC_000640
CLM_0018846,ACC_000640
CLM_0018847,ACC_000640
CLM_0018848,ACC_000813
CLM_0018849,ACC_000813
CLM_0018850,ACC_000813
CLM_0018851,ACC_000319
CLM_0018852,ACC_000319
CLM_0018853,ACC_000319
CLM_0018854,ACC_000813
CLM_0018855,ACC_000855
CLM_0018856,ACC_000266
CLM_0018857,ACC_000266
CLM_0018858,ACC_000411
CLM_0018859,ACC_000411
CLM_0018860,ACC_000411
CLM_0018861,ACC_000412
CLM_0018862,ACC_000283
CLM_0018863,ACC_000153
CLM_0018864,ACC_000153
CLM_0018865,ACC_000153
CLM_0018866,ACC_000044
CLM_0018867,ACC_000199
CLM_0018868,ACC_000199
CLM_0018869,ACC_000199
CLM_0018870,ACC_000044
CLM_0018871,ACC_000044
CLM_0018872,ACC_000044
CLM_0018873,ACC_000408
CLM_0018874,ACC_000408
CLM_0018875,ACC_000408
CLM_0018876,ACC_001191
CLM_0018877,ACC_001138
CLM_0018878,ACC_000282
CLM_0018879,ACC_000856
CLM_0018880,ACC_000856
CLM_0018881,ACC_001084
CLM_0018882,ACC_001084
CLM_0018883,ACC_000023
CLM_0018884,ACC_000023
CLM_0018885,ACC_001015
CLM_0018886,ACC_001015
CLM_0018887,ACC_000569
CLM_0018888,ACC_000569
CLM_0018889,ACC_000569
CLM_0018890,ACC_000061
CLM_0018891,ACC_000061
CLM_0018892,ACC_000061
CLM_0018893,ACC_000366
CLM_0018894,ACC_001169
CLM_0018895,ACC_001169
CLM_0018896,ACC_001169
CLM_0018897,ACC_001016
CLM_0018898,ACC_001016
CLM_0018899,ACC_000061
CLM_0018900,ACC_000061
CLM_0018901,ACC_000061
CLM_0018902,ACC_000833
CLM_0018903,ACC_000833
CLM_0018904,ACC_000833
CLM_0018905,ACC_000910
CLM_0018906,ACC_000044
CLM_0018907,ACC_000044
CLM_0018908,ACC_000144
CLM_0018909,ACC_001016
CLM_0018910,ACC_001016
CLM_0018911,ACC_001016
CLM_0018912,ACC_000060
CLM_0018913,ACC_000872
CLM_0018914,ACC_000872
CLM_0018915,ACC_000872
CLM_0018916,ACC_000814
CLM_0018917,ACC_000814
CLM_0018918,ACC_000814
CLM_0018919,ACC_000320
CLM_0018920,ACC_000518
CLM_0018921,ACC_000518
CLM_0018922,ACC_000410
CLM_0018923,ACC_000410
CLM_0018924,ACC_000716
CLM_0018925,ACC_000716
CLM_0018926,ACC_000043
CLM_0018927,ACC_000043
CLM_0018928,ACC_000590
CLM_0018929,ACC_000873
CLM_0018930,ACC_000873
CLM_0018931,ACC_000734
CLM_0018932,ACC_000734
CLM_0018933,ACC_000043
CLM_0018934,ACC_001057
CLM_0018935,ACC_001057
CLM_0018936,ACC_001057
CLM_0018937,ACC_000009
CLM_0018938,ACC_000035
CLM_0018939,ACC_000393
CLM_0018940,ACC_000061
CLM_0018941,ACC_000498
CLM_0018942,ACC_000498
CLM_0018943,ACC_000498
CLM_0018944,ACC_000518
CLM_0018945,ACC_000518
CLM_0018946,ACC_000518
CLM_0018947,ACC_000498
CLM_0018948,ACC_000911
CLM_0018949,ACC_000911
CLM_0018950,ACC_000911
CLM_0018951,ACC_000043
CLM_0018952,ACC_000043
CLM_0018953,ACC_000043
CLM_0018954,ACC_000062
CLM_0018955,ACC_000062
CLM_0018956,ACC_000282
CLM_0018957,ACC_000282
CLM_0018958,ACC_000282
CLM_0018959,ACC_000282
CLM_0018960,ACC_000407
CLM_0018961,ACC_000143
CLM_0018962,ACC_000043
CLM_0018963,ACC_000409
CLM_0018964,ACC_000409
CLM_0018965,ACC_000409
CLM_0018966,ACC_000798
CLM_0018967,ACC_000798
CLM_0018968,ACC_000283
CLM_0018969,ACC_000283
CLM_0018970,ACC_000332
CLM_0018971,ACC_000332
CLM_0018972,ACC_000332
CLM_0018973,ACC_000239
CLM_0018974,ACC_000239
CLM_0018975,ACC_000239
CLM_0018976,ACC_000863
CLM_0018977,ACC_000872
CLM_0018978,ACC_000872
CLM_0018979,ACC_000798
CLM_0018980,ACC_000798
CLM_0018981,ACC_000798
CLM_0018982,ACC_000282
CLM_0018983,ACC_000282
CLM_0018984,ACC_000282
CLM_0018985,ACC_000411
CLM_0018986,ACC_000411
CLM_0018987,ACC_000411
CLM_0018988,ACC_000044
CLM_0018989,ACC_000044
CLM_0018990,ACC_000282
CLM_0018991,ACC_000282
CLM_0018992,ACC_000282
CLM_0018993,ACC_000020
CLM_0018994,ACC_000283
CLM_0018995,ACC_000283
CLM_0018996,ACC_000303
CLM_0018997,ACC_000303
CLM_0018998,ACC_000002
CLM_0018999,ACC_000052
CLM_0019000,ACC_000143
CLM_0019001,ACC_000143
CLM_0019002,ACC_000143
CLM_0019003,ACC_000855
CLM_0019004,ACC_000855
CLM_0019005,ACC_000060
CLM_0019006,ACC_000060
CLM_0019007,ACC_000060
CLM_0019008,ACC_000588
CLM_0019009,ACC_000588
CLM_0019010,ACC_000498
CLM_0019011,ACC_001016
CLM_0019012,ACC_000282
CLM_0019013,ACC_000282
CLM_0019014,ACC_000748
CLM_0019015,ACC_000616
CLM_0019016,ACC_000144
CLM_0019017,ACC_000144
CLM_0019018,ACC_000144
CLM_0019019,ACC_000534
CLM_0019020,ACC_000534
CLM_0019021,ACC_000534
CLM_0019022,ACC_000882
CLM_0019023,ACC_000236
CLM_0019024,ACC_000236
CLM_0019025,ACC_000236
CLM_0019026,ACC_000420
CLM_0019027,ACC_000420
CLM_0019028,ACC_000420
CLM_0019029,ACC_000282
CLM_0019030,ACC_000282
CLM_0019031,ACC_000060
CLM_0019032,ACC_000060
CLM_0019033,ACC_001076
CLM_0019034,ACC_001076
CLM_0019035,ACC_000117
CLM_0019036,ACC_000117
CLM_0019037,ACC_000408
CLM_0019038,ACC_000408
CLM_0019039,ACC_000044
CLM_0019040,ACC_000044
CLM_0019041,ACC_000044
CLM_0019042,ACC_000144
CLM_0019043,ACC_000144
CLM_0019044,ACC_000282
CLM_0019045,ACC_000060
CLM_0019046,ACC_000060
CLM_0019047,ACC_000516
CLM_0019048,ACC_000855
CLM_0019049,ACC_000855
CLM_0019050,ACC_000855
CLM_0019051,ACC_000409
CLM_0019052,ACC_000409
CLM_0019053,ACC_000019
CLM_0019054,ACC_000283
CLM_0019055,ACC_000283
CLM_0019056,ACC_000283
CLM_0019057,ACC_000856
CLM_0019058,ACC_000856
CLM_0019059,ACC_001076
CLM_0019060,ACC_000603
CLM_0019061,ACC_000603
CLM_0019062,ACC_000144
CLM_0019063,ACC_000144
CLM_0019064,ACC_000144
CLM_0019065,ACC_000060
CLM_0019066,ACC_000060
CLM_0019067,ACC_000813
CLM_0019068,ACC_000790
CLM_0019069,ACC_000209
CLM_0019070,ACC_000209
CLM_0019071,ACC_000061
CLM_0019072,ACC_000045
CLM_0019073,ACC_000787
CLM_0019074,ACC_000787
CLM_0019075,ACC_000787
CLM_0019076,ACC_000179
CLM_0019077,ACC_000179
CLM_0019078,ACC_000043
CLM_0019079,ACC_000844
CLM_0019080,ACC_000844
CLM_0019081,ACC_000844
CLM_0019082,ACC_000394
CLM_0019083,ACC_001095
CLM_0019084,ACC_001095
CLM_0019085,ACC_001095
CLM_0019086,ACC_000843
CLM_0019087,ACC_000843
CLM_0019088,ACC_000283
CLM_0019089,ACC_000283
CLM_0019090,ACC_000283
CLM_0019091,ACC_000872
CLM_0019092,ACC_000872
CLM_0019093,ACC_000872
CLM_0019094,ACC_000854
CLM_0019095,ACC_000854
CLM_0019096,ACC_000854
CLM_0019097,ACC_000061
CLM_0019098,ACC_000282
CLM_0019099,ACC_000282
CLM_0019100,ACC_000282
CLM_0019101,ACC_000863
CLM_0019102,ACC_000863
CLM_0019103,ACC_001138
CLM_0019104,ACC_001138
CLM_0019105,ACC_000332
CLM_0019106,ACC_000332
CLM_0019107,ACC_000332
CLM_0019108,ACC_000710
CLM_0019109,ACC_000061
CLM_0019110,ACC_000061
CLM_0019111,ACC_000117
CLM_0019112,ACC_000117
CLM_0019113,ACC_000407
CLM_0019114,ACC_000283
CLM_0019115,ACC_000281
CLM_0019116,ACC_000281
CLM_0019117,ACC_000281
CLM_0019118,ACC_000045
CLM_0019119,ACC_000045
CLM_0019120,ACC_000045
CLM_0019121,ACC_000854
CLM_0019122,ACC_000412
CLM_0019123,ACC_000412
CLM_0019124,ACC_000060
CLM_0019125,ACC_000958
CLM_0019126,ACC_000958
CLM_0019127,ACC_000958
CLM_0019128,ACC_000856
CLM_0019129,ACC_000856
CLM_0019130,ACC_000856
CLM_0019131,ACC_000412
CLM_0019132,ACC_001138
CLM_0019133,ACC_001138
CLM_0019134,ACC_001138
CLM_0019135,ACC_000808
CLM_0019136,ACC_000283
CLM_0019137,ACC_000283
CLM_0019138,ACC_000911
CLM_0019139,ACC_000911
CLM_0019140,ACC_000266
CLM_0019141,ACC_000266
CLM_0019142,ACC_000407
CLM_0019143,ACC_000144
CLM_0019144,ACC_000144
CLM_0019145,ACC_001076
CLM_0019146,ACC_001076
CLM_0019147,ACC_000873
CLM_0019148,ACC_000873
CLM_0019149,ACC_000873
CLM_0019150,ACC_000410
CLM_0019151,ACC_000410
CLM_0019152,ACC_000855
CLM_0019153,ACC_000282
CLM_0019154,ACC_000282
CLM_0019155,ACC_000813
CLM_0019156,ACC_000060
CLM_0019157,ACC_000060
CLM_0019158,ACC_000060
CLM_0019159,ACC_000020
CLM_0019160,ACC_000020
CLM_0019161,ACC_000020
CLM_0019162,ACC_000911
CLM_0019163,ACC_000911
CLM_0019164,ACC_000911
CLM_0019165,ACC_001195
CLM_0019166,ACC_001195
CLM_0019167,ACC_000333
CLM_0019168,ACC_000333
CLM_0019169,ACC_000333
CLM_0019170,ACC_000283
CLM_0019171,ACC_000283
CLM_0019172,ACC_000283
CLM_0019173,ACC_000320
CLM_0019174,ACC_000320
CLM_0019175,ACC_000320
CLM_0019176,ACC_001017
CLM_0019177,ACC_001017
CLM_0019178,ACC_000061
CLM_0019179,ACC_000061
CLM_0019180,ACC_000061
CLM_0019181,ACC_000855
CLM_0019182,ACC_000855
CLM_0019183,ACC_000855
CLM_0019184,ACC_000409
CLM_0019185,ACC_000832
CLM_0019186,ACC_000172
CLM_0019187,ACC_000172
CLM_0019188,ACC_000283
CLM_0019189,ACC_000283
CLM_0019190,ACC_000283
CLM_0019191,ACC_000143
CLM_0019192,ACC_000411
CLM_0019193,ACC_000411
CLM_0019194,ACC_000569
CLM_0019195,ACC_000569
CLM_0019196,ACC_000407
CLM_0019197,ACC_000407
CLM_0019198,ACC_000407
CLM_0019199,ACC_000409
CLM_0019200,ACC_000409
CLM_0019201,ACC_000060
CLM_0019202,ACC_000060
CLM_0019203,ACC_001058
CLM_0019204,ACC_001058
CLM_0019205,ACC_001056
CLM_0019206,ACC_001056
CLM_0019207,ACC_000911
CLM_0019208,ACC_000019
CLM_0019209,ACC_000019
CLM_0019210,ACC_001076
CLM_0019211,ACC_001072
CLM_0019212,ACC_000412
CLM_0019213,ACC_000412
CLM_0019214,ACC_000112
CLM_0019215,ACC_000112
CLM_0019216,ACC_000060
CLM_0019217,ACC_000060
CLM_0019218,ACC_000060
CLM_0019219,ACC_000409
CLM_0019220,ACC_000409
CLM_0019221,ACC_000710
CLM_0019222,ACC_001016
CLM_0019223,ACC_001138
CLM_0019224,ACC_001138
CLM_0019225,ACC_000094
CLM_0019226,ACC_000060
CLM_0019227,ACC_000282
CLM_0019228,ACC_000282
CLM_0019229,ACC_000282
CLM_0019230,ACC_000045
CLM_0019231,ACC_000045
CLM_0019232,ACC_000045
CLM_0019233,ACC_000552
CLM_0019234,ACC_000552
CLM_0019235,ACC_000552
CLM_0019236,ACC_000779
CLM_0019237,ACC_000143
CLM_0019238,ACC_000143
CLM_0019239,ACC_000143
CLM_0019240,ACC_000444
CLM_0019241,ACC_000410
CLM_0019242,ACC_000060
CLM_0019243,ACC_000060
CLM_0019244,ACC_000917
CLM_0019245,ACC_000917
CLM_0019246,ACC_000854
CLM_0019247,ACC_000408
CLM_0019248,ACC_000408
CLM_0019249,ACC_000408
CLM_0019250,ACC_001056
CLM_0019251,ACC_001055
CLM_0019252,ACC_001055
CLM_0019253,ACC_001055
CLM_0019254,ACC_001037
CLM_0019255,ACC_001037
CLM_0019256,ACC_001037
CLM_0019257,ACC_000349
CLM_0019258,ACC_001196
CLM_0019259,ACC_001196
CLM_0019260,ACC_000407
CLM_0019261,ACC_000407
CLM_0019262,ACC_001054
CLM_0019263,ACC_001054
CLM_0019264,ACC_001015
CLM_0019265,ACC_001015
CLM_0019266,ACC_001015
CLM_0019267,ACC_000061
CLM_0019268,ACC_000061
CLM_0019269,ACC_000210
CLM_0019270,ACC_000210
CLM_0019271,ACC_000210
CLM_0019272,ACC_000472
CLM_0019273,ACC_000472
CLM_0019274,ACC_000056
CLM_0019275,ACC_000408
CLM_0019276,ACC_000408
CLM_0019277,ACC_000408
CLM_0019278,ACC_000854
CLM_0019279,ACC_001015
CLM_0019280,ACC_001015
CLM_0019281,ACC_001015
CLM_0019282,ACC_000332
CLM_0019283,ACC_000332
CLM_0019284,ACC_000283
CLM_0019285,ACC_000873
CLM_0019286,ACC_000407
CLM_0019287,ACC_000407
CLM_0019288,ACC_000061
CLM_0019289,ACC_000798
CLM_0019290,ACC_000798
CLM_0019291,ACC_000044
CLM_0019292,ACC_000044
CLM_0019293,ACC_000043
CLM_0019294,ACC_000043
CLM_0019295,ACC_000020
CLM_0019296,ACC_000283
CLM_0019297,ACC_000283
CLM_0019298,ACC_000283
CLM_0019299,ACC_000854
CLM_0019300,ACC_000854
CLM_0019301,ACC_000854
CLM_0019302,ACC_000249
CLM_0019303,ACC_000249
CLM_0019304,ACC_000249
CLM_0019305,ACC_000410
CLM_0019306,ACC_000283
CLM_0019307,ACC_000283
CLM_0019308,ACC_000283
CLM_0019309,ACC_000143
CLM_0019310,ACC_000143
CLM_0019311,ACC_000143
CLM_0019312,ACC_000910
CLM_0019313,ACC_000910
CLM_0019314,ACC_000205
CLM_0019315,ACC_000205
CLM_0019316,ACC_000205
CLM_0019317,ACC_000044
CLM_0019318,ACC_000044
CLM_0019319,ACC_000044
CLM_0019320,ACC_000410
CLM_0019321,ACC_000410
CLM_0019322,ACC_000410
CLM_0019323,ACC_001076
CLM_0019324,ACC_001076
CLM_0019325,ACC_001076
CLM_0019326,ACC_000961
CLM_0019327,ACC_000961
CLM_0019328,ACC_000961
CLM_0019329,ACC_000045
CLM_0019330,ACC_000045
CLM_0019331,ACC_000813
CLM_0019332,ACC_000813
CLM_0019333,ACC_000060
CLM_0019334,ACC_000060
CLM_0019335,ACC_000060
CLM_0019336,ACC_000061
CLM_0019337,ACC_000060
CLM_0019338,ACC_000060
CLM_0019339,ACC_000573
CLM_0019340,ACC_000573
CLM_0019341,ACC_000573
CLM_0019342,ACC_000409
CLM_0019343,ACC_000045
CLM_0019344,ACC_000211
CLM_0019345,ACC_000211
CLM_0019346,ACC_000211
CLM_0019347,ACC_000813
CLM_0019348,ACC_000813
CLM_0019349,ACC_000813
CLM_0019350,ACC_000407
CLM_0019351,ACC_000407
CLM_0019352,ACC_000407
CLM_0019353,ACC_000910
CLM_0019354,ACC_000910
CLM_0019355,ACC_000822
CLM_0019356,ACC_000822
CLM_0019357,ACC_000822
CLM_0019358,ACC_000573
CLM_0019359,ACC_000573
CLM_0019360,ACC_000573
CLM_0019361,ACC_001088
CLM_0019362,ACC_001088
CLM_0019363,ACC_001088
CLM_0019364,ACC_001020
CLM_0019365,ACC_001020
CLM_0019366,ACC_001020
CLM_0019367,ACC_000282
CLM_0019368,ACC_000282
CLM_0019369,ACC_000282
CLM_0019370,ACC_000854
CLM_0019371,ACC_000854
CLM_0019372,ACC_000516
CLM_0019373,ACC_000854
CLM_0019374,ACC_000854
CLM_0019375,ACC_000854
CLM_0019376,ACC_000479
CLM_0019377,ACC_000479
CLM_0019378,ACC_000479
CLM_0019379,ACC_000854
CLM_0019380,ACC_000854
CLM_0019381,ACC_000061
CLM_0019382,ACC_000061
CLM_0019383,ACC_000910
CLM_0019384,ACC_000910
CLM_0019385,ACC_001017
CLM_0019386,ACC_000283
CLM_0019387,ACC_000283
CLM_0019388,ACC_000283
CLM_0019389,ACC_000407
CLM_0019390,ACC_000407
CLM_0019391,ACC_000407
CLM_0019392,ACC_000516
CLM_0019393,ACC_000516
CLM_0019394,ACC_000408
CLM_0019395,ACC_000061
CLM_0019396,ACC_000061
CLM_0019397,ACC_000061
CLM_0019398,ACC_000772
CLM_0019399,ACC_000772
CLM_0019400,ACC_000772
CLM_0019401,ACC_001138
CLM_0019402,ACC_001138
CLM_0019403,ACC_001138
CLM_0019404,ACC_000205
CLM_0019405,ACC_000205
CLM_0019406,ACC_000411
CLM_0019407,ACC_000873
CLM_0019408,ACC_000873
CLM_0019409,ACC_000409
CLM_0019410,ACC_000409
CLM_0019411,ACC_000409
CLM_0019412,ACC_000854
CLM_0019413,ACC_000283
CLM_0019414,ACC_000283
CLM_0019415,ACC_000814
CLM_0019416,ACC_000814
CLM_0019417,ACC_000534
CLM_0019418,ACC_000534
CLM_0019419,ACC_000534
CLM_0019420,ACC_000044
CLM_0019421,ACC_000044
CLM_0019422,ACC_000060
CLM_0019423,ACC_000061
CLM_0019424,ACC_000061
CLM_0019425,ACC_000331
CLM_0019426,ACC_000044
CLM_0019427,ACC_000044
CLM_0019428,ACC_000044
CLM_0019429,ACC_000093
CLM_0019430,ACC_000093
CLM_0019431,ACC_000407
CLM_0019432,ACC_000061
CLM_0019433,ACC_000061
CLM_0019434,ACC_000124
CLM_0019435,ACC_000124
CLM_0019436,ACC_000124
CLM_0019437,ACC_000117
CLM_0019438,ACC_000117
CLM_0019439,ACC_000117
CLM_0019440,ACC_001056
CLM_0019441,ACC_001056
CLM_0019442,ACC_000282
CLM_0019443,ACC_000813
CLM_0019444,ACC_000813
CLM_0019445,ACC_000813
CLM_0019446,ACC_000798
CLM_0019447,ACC_000062
CLM_0019448,ACC_001016
CLM_0019449,ACC_001016
CLM_0019450,ACC_001016
CLM_0019451,ACC_000872
CLM_0019452,ACC_000872
CLM_0019453,ACC_000872
CLM_0019454,ACC_000855
CLM_0019455,ACC_000855
CLM_0019456,ACC_000558
CLM_0019457,ACC_000558
CLM_0019458,ACC_000380
CLM_0019459,ACC_000380
CLM_0019460,ACC_000060
CLM_0019461,ACC_000060
CLM_0019462,ACC_000749
CLM_0019463,ACC_000134
CLM_0019464,ACC_000134
CLM_0019465,ACC_000060
CLM_0019466,ACC_000060
CLM_0019467,ACC_000060
CLM_0019468,ACC_000856
CLM_0019469,ACC_000115
CLM_0019470,ACC_000115
CLM_0019471,ACC_000060
CLM_0019472,ACC_000060
CLM_0019473,ACC_000282
CLM_0019474,ACC_000282
CLM_0019475,ACC_000282
CLM_0019476,ACC_000043
CLM_0019477,ACC_000043
CLM_0019478,ACC_000043
CLM_0019479,ACC_000749
CLM_0019480,ACC_000749
CLM_0019481,ACC_000749
CLM_0019482,ACC_000082
CLM_0019483,ACC_000082
CLM_0019484,ACC_000660
CLM_0019485,ACC_000660
CLM_0019486,ACC_001076
CLM_0019487,ACC_000911
CLM_0019488,ACC_000432
CLM_0019489,ACC_000407
CLM_0019490,ACC_000061
CLM_0019491,ACC_000061
CLM_0019492,ACC_000061
CLM_0019493,ACC_001057
CLM_0019494,ACC_001057
CLM_0019495,ACC_001057
CLM_0019496,ACC_001138
CLM_0019497,ACC_001138
CLM_0019498,ACC_001138
CLM_0019499,ACC_000283
CLM_0019500,ACC_000283
CLM_0019501,ACC_000283
CLM_0019502,ACC_000283
CLM_0019503,ACC_000060
CLM_0019504,ACC_000319
CLM_0019505,ACC_000319
CLM_0019506,ACC_000283
CLM_0019507,ACC_000283
CLM_0019508,ACC_001017
CLM_0019509,ACC_001017
CLM_0019510,ACC_001017
CLM_0019511,ACC_000769
CLM_0019512,ACC_000412
CLM_0019513,ACC_000412
CLM_0019514,ACC_000060
CLM_0019515,ACC_000019
CLM_0019516,ACC_000283
CLM_0019517,ACC_000283
CLM_0019518,ACC_000911
CLM_0019519,ACC_000911
CLM_0019520,ACC_000282
CLM_0019521,ACC_000144
CLM_0019522,ACC_001054
CLM_0019523,ACC_001054
CLM_0019524,ACC_001054
CLM_0019525,ACC_000332
CLM_0019526,ACC_000332
CLM_0019527,ACC_000332
CLM_0019528,ACC_000332
CLM_0019529,ACC_000641
CLM_0019530,ACC_000641
CLM_0019531,ACC_000641
CLM_0019532,ACC_000331
CLM_0019533,ACC_000331
CLM_0019534,ACC_000331
CLM_0019535,ACC_000523
CLM_0019536,ACC_000523
CLM_0019537,ACC_000523
CLM_0019538,ACC_000060
CLM_0019539,ACC_000060
CLM_0019540,ACC_000060
CLM_0019541,ACC_000190
CLM_0019542,ACC_000190
CLM_0019543,ACC_000194
CLM_0019544,ACC_000408
CLM_0019545,ACC_000283
CLM_0019546,ACC_001138
CLM_0019547,ACC_001138
CLM_0019548,ACC_001138
CLM_0019549,ACC_000464
CLM_0019550,ACC_000464
CLM_0019551,ACC_000412
CLM_0019552,ACC_000856
CLM_0019553,ACC_000856
CLM_0019554,ACC_000856
CLM_0019555,ACC_000198
CLM_0019556,ACC_000198
CLM_0019557,ACC_000198
CLM_0019558,ACC_000518
CLM_0019559,ACC_000518
CLM_0019560,ACC_000409
CLM_0019561,ACC_000409
CLM_0019562,ACC_000283
CLM_0019563,ACC_001058
CLM_0019564,ACC_001058
CLM_0019565,ACC_001058
CLM_0019566,ACC_000498
CLM_0019567,ACC_000172
CLM_0019568,ACC_000409
CLM_0019569,ACC_000409
CLM_0019570,ACC_000748
CLM_0019571,ACC_000748
CLM_0019572,ACC_000748
CLM_0019573,ACC_000666
CLM_0019574,ACC_000280
CLM_0019575,ACC_000280
CLM_0019576,ACC_000280
CLM_0019577,ACC_000620
CLM_0019578,ACC_000620
CLM_0019579,ACC_000620
CLM_0019580,ACC_001076
CLM_0019581,ACC_001076
CLM_0019582,ACC_001076
CLM_0019583,ACC_000043
CLM_0019584,ACC_000043
CLM_0019585,ACC_000043
CLM_0019586,ACC_000790
CLM_0019587,ACC_000790
CLM_0019588,ACC_000855
CLM_0019589,ACC_000044
CLM_0019590,ACC_000044
CLM_0019591,ACC_000044
CLM_0019592,ACC_001057
CLM_0019593,ACC_001057
CLM_0019594,ACC_001016
CLM_0019595,ACC_001016
CLM_0019596,ACC_000813
CLM_0019597,ACC_000813
CLM_0019598,ACC_000813
CLM_0019599,ACC_000854
CLM_0019600,ACC_000854
CLM_0019601,ACC_000205
CLM_0019602,ACC_000205
CLM_0019603,ACC_000205
CLM_0019604,ACC_000153
CLM_0019605,ACC_000153
CLM_0019606,ACC_001111
CLM_0019607,ACC_000797
CLM_0019608,ACC_000856
CLM_0019609,ACC_000856
CLM_0019610,ACC_000856
CLM_0019611,ACC_000143
CLM_0019612,ACC_000143
CLM_0019613,ACC_000283
CLM_0019614,ACC_000333
CLM_0019615,ACC_000333
CLM_0019616,ACC_000407
CLM_0019617,ACC_000409
CLM_0019618,ACC_000814
CLM_0019619,ACC_000814
CLM_0019620,ACC_000569
CLM_0019621,ACC_000569
CLM_0019622,ACC_000320
CLM_0019623,ACC_000320
CLM_0019624,ACC_000282
CLM_0019625,ACC_000749
CLM_0019626,ACC_000749
CLM_0019627,ACC_000749
CLM_0019628,ACC_000403
CLM_0019629,ACC_000403
CLM_0019630,ACC_000403
CLM_0019631,ACC_000862
CLM_0019632,ACC_000862
CLM_0019633,ACC_000061
CLM_0019634,ACC_000061
CLM_0019635,ACC_000061
CLM_0019636,ACC_000769
CLM_0019637,ACC_000769
CLM_0019638,ACC_000394
CLM_0019639,ACC_000394
CLM_0019640,ACC_000394
CLM_0019641,ACC_000394
CLM_0019642,ACC_000175
CLM_0019643,ACC_000113
CLM_0019644,ACC_000113
CLM_0019645,ACC_000283
CLM_0019646,ACC_000283
CLM_0019647,ACC_000283
CLM_0019648,ACC_001072
CLM_0019649,ACC_001072
CLM_0019650,ACC_001072
CLM_0019651,ACC_000100
CLM_0019652,ACC_000282
CLM_0019653,ACC_000282
CLM_0019654,ACC_000282
CLM_0019655,ACC_000280
CLM_0019656,ACC_000280
CLM_0019657,ACC_000498
CLM_0019658,ACC_000498
CLM_0019659,ACC_000498
CLM_0019660,ACC_000911
CLM_0019661,ACC_000911
CLM_0019662,ACC_000911
CLM_0019663,ACC_000911
CLM_0019664,ACC_000911
CLM_0019665,ACC_000911
CLM_0019666,ACC_000409
CLM_0019667,ACC_000409
CLM_0019668,ACC_000409
CLM_0019669,ACC_000631
CLM_0019670,ACC_000631
CLM_0019671,ACC_000573
CLM_0019672,ACC_000573
CLM_0019673,ACC_000573
CLM_0019674,ACC_000282
CLM_0019675,ACC_000282
CLM_0019676,ACC_000192
CLM_0019677,ACC_000412
CLM_0019678,ACC_000446
CLM_0019679,ACC_000446
CLM_0019680,ACC_000391
CLM_0019681,ACC_000391
CLM_0019682,ACC_000173
CLM_0019683,ACC_000173
CLM_0019684,ACC_000173
CLM_0019685,ACC_000409
CLM_0019686,ACC_001017
CLM_0019687,ACC_000331
CLM_0019688,ACC_000412
CLM_0019689,ACC_000911
CLM_0019690,ACC_000911
CLM_0019691,ACC_001016
CLM_0019692,ACC_001016
CLM_0019693,ACC_000813
CLM_0019694,ACC_000283
CLM_0019695,ACC_000283
CLM_0019696,ACC_000045
CLM_0019697,ACC_000045
CLM_0019698,ACC_000283
CLM_0019699,ACC_000283
CLM_0019700,ACC_000283
CLM_0019701,ACC_000911
CLM_0019702,ACC_000911
CLM_0019703,ACC_000911
CLM_0019704,ACC_000061
CLM_0019705,ACC_000045
CLM_0019706,ACC_000045
CLM_0019707,ACC_000045
CLM_0019708,ACC_000411
CLM_0019709,ACC_001105
CLM_0019710,ACC_001105
CLM_0019711,ACC_000770
CLM_0019712,ACC_000770
CLM_0019713,ACC_000770
CLM_0019714,ACC_000911
CLM_0019715,ACC_001138
CLM_0019716,ACC_001138
CLM_0019717,ACC_001138
CLM_0019718,ACC_000854
CLM_0019719,ACC_000854
CLM_0019720,ACC_000404
CLM_0019721,ACC_000404
CLM_0019722,ACC_000282
CLM_0019723,ACC_000282
CLM_0019724,ACC_000282
CLM_0019725,ACC_000018
CLM_0019726,ACC_000018
CLM_0019727,ACC_000018
CLM_0019728,ACC_000283
CLM_0019729,ACC_000283
CLM_0019730,ACC_000283
CLM_0019731,ACC_000854
CLM_0019732,ACC_000854
CLM_0019733,ACC_000854
CLM_0019734,ACC_000407
CLM_0019735,ACC_000407
CLM_0019736,ACC_000409
CLM_0019737,ACC_000409
CLM_0019738,ACC_000409
CLM_0019739,ACC_000061
CLM_0019740,ACC_000211
CLM_0019741,ACC_000412
CLM_0019742,ACC_000412
CLM_0019743,ACC_000283
CLM_0019744,ACC_000283
CLM_0019745,ACC_000283
CLM_0019746,ACC_000409
CLM_0019747,ACC_000044
CLM_0019748,ACC_000044
CLM_0019749,ACC_000282
CLM_0019750,ACC_000194
CLM_0019751,ACC_000412
CLM_0019752,ACC_000117
CLM_0019753,ACC_000117
CLM_0019754,ACC_000283
CLM_0019755,ACC_000283
CLM_0019756,ACC_000282
CLM_0019757,ACC_000412
CLM_0019758,ACC_000412
CLM_0019759,ACC_000412
CLM_0019760,ACC_000280
CLM_0019761,ACC_000144
CLM_0019762,ACC_000144
CLM_0019763,ACC_000144
CLM_0019764,ACC_000282
CLM_0019765,ACC_000282
CLM_0019766,ACC_000409
CLM_0019767,ACC_000409
CLM_0019768,ACC_000283
CLM_0019769,ACC_000814
CLM_0019770,ACC_001055
CLM_0019771,ACC_001055
CLM_0019772,ACC_001055
CLM_0019773,ACC_000044
CLM_0019774,ACC_000044
CLM_0019775,ACC_000044
CLM_0019776,ACC_001020
CLM_0019777,ACC_001020
CLM_0019778,ACC_001020
CLM_0019779,ACC_000517
CLM_0019780,ACC_000517
CLM_0019781,ACC_000410
CLM_0019782,ACC_000410
CLM_0019783,ACC_000410
CLM_0019784,ACC_000143
CLM_0019785,ACC_000143
CLM_0019786,ACC_000143
CLM_0019787,ACC_000705
CLM_0019788,ACC_000281
CLM_0019789,ACC_000283
CLM_0019790,ACC_000340
CLM_0019791,ACC_000340
CLM_0019792,ACC_000340
CLM_0019793,ACC_000911
CLM_0019794,ACC_000911
CLM_0019795,ACC_001076
CLM_0019796,ACC_000282
CLM_0019797,ACC_000143
CLM_0019798,ACC_000143
CLM_0019799,ACC_000143
CLM_0019800,ACC_000873
CLM_0019801,ACC_000873
CLM_0019802,ACC_000144
CLM_0019803,ACC_000144
CLM_0019804,ACC_000144
CLM_0019805,ACC_001178
CLM_0019806,ACC_000780
CLM_0019807,ACC_000780
CLM_0019808,ACC_000244
CLM_0019809,ACC_000244
CLM_0019810,ACC_001138
CLM_0019811,ACC_001138
CLM_0019812,ACC_001138
CLM_0019813,ACC_000407
CLM_0019814,ACC_000143
CLM_0019815,ACC_000143
CLM_0019816,ACC_000143
CLM_0019817,ACC_001056
CLM_0019818,ACC_000410
CLM_0019819,ACC_000410
CLM_0019820,ACC_000410
CLM_0019821,ACC_000410
CLM_0019822,ACC_000897
CLM_0019823,ACC_000897
CLM_0019824,ACC_000239
CLM_0019825,ACC_000474
CLM_0019826,ACC_000474
CLM_0019827,ACC_000474
CLM_0019828,ACC_000746
CLM_0019829,ACC_000746
CLM_0019830,ACC_000325
CLM_0019831,ACC_000325
CLM_0019832,ACC_000325
CLM_0019833,ACC_000371
CLM_0019834,ACC_000371
CLM_0019835,ACC_000371
CLM_0019836,ACC_000410
CLM_0019837,ACC_000410
CLM_0019838,ACC_000410
CLM_0019839,ACC_000407
CLM_0019840,ACC_000407
CLM_0019841,ACC_000283
CLM_0019842,ACC_000283
CLM_0019843,ACC_001138
CLM_0019844,ACC_001138
CLM_0019845,ACC_000282
CLM_0019846,ACC_000282
CLM_0019847,ACC_000332
CLM_0019848,ACC_000332
CLM_0019849,ACC_001015
CLM_0019850,ACC_001015
CLM_0019851,ACC_000409
CLM_0019852,ACC_000409
CLM_0019853,ACC_000409
CLM_0019854,ACC_000280
CLM_0019855,ACC_000280
CLM_0019856,ACC_000280
CLM_0019857,ACC_000958
CLM_0019858,ACC_000958
CLM_0019859,ACC_000958
CLM_0019860,ACC_001138
CLM_0019861,ACC_001138
CLM_0019862,ACC_001138
CLM_0019863,ACC_000238
CLM_0019864,ACC_000238
CLM_0019865,ACC_000114
CLM_0019866,ACC_000114
CLM_0019867,ACC_000813
CLM_0019868,ACC_000813
CLM_0019869,ACC_000813
CLM_0019870,ACC_000911
CLM_0019871,ACC_000911
CLM_0019872,ACC_000911
CLM_0019873,ACC_000117
CLM_0019874,ACC_000117
CLM_0019875,ACC_000275
CLM_0019876,ACC_000320
CLM_0019877,ACC_000320
CLM_0019878,ACC_000320
CLM_0019879,ACC_000854
CLM_0019880,ACC_000854
CLM_0019881,ACC_000854
CLM_0019882,ACC_000910
CLM_0019883,ACC_000910
CLM_0019884,ACC_000910
CLM_0019885,ACC_000061
CLM_0019886,ACC_000022
CLM_0019887,ACC_000022
CLM_0019888,ACC_000412
CLM_0019889,ACC_000412
CLM_0019890,ACC_000910
CLM_0019891,ACC_000410
CLM_0019892,ACC_000410
CLM_0019893,ACC_000410
CLM_0019894,ACC_001076
CLM_0019895,ACC_001076
CLM_0019896,ACC_001076
CLM_0019897,ACC_000407
CLM_0019898,ACC_000333
CLM_0019899,ACC_000470
CLM_0019900,ACC_000045
CLM_0019901,ACC_000060
CLM_0019902,ACC_000060
CLM_0019903,ACC_000962
CLM_0019904,ACC_000962
CLM_0019905,ACC_000962
CLM_0019906,ACC_000638
CLM_0019907,ACC_000638
CLM_0019908,ACC_000638
CLM_0019909,ACC_001138
CLM_0019910,ACC_001138
CLM_0019911,ACC_001138
CLM_0019912,ACC_000282
CLM_0019913,ACC_000408
CLM_0019914,ACC_000044
CLM_0019915,ACC_000044
CLM_0019916,ACC_000044
CLM_0019917,ACC_000905
CLM_0019918,ACC_000905
CLM_0019919,ACC_000905
CLM_0019920,ACC_000878
CLM_0019921,ACC_000878
CLM_0019922,ACC_000411
CLM_0019923,ACC_000412
CLM_0019924,ACC_000044
CLM_0019925,ACC_000044
CLM_0019926,ACC_000910
CLM_0019927,ACC_000910
CLM_0019928,ACC_000408
CLM_0019929,ACC_000408
CLM_0019930,ACC_000910
CLM_0019931,ACC_000910
CLM_0019932,ACC_000910
CLM_0019933,ACC_000910
CLM_0019934,ACC_000910
CLM_0019935,ACC_001056
CLM_0019936,ACC_001056
CLM_0019937,ACC_001056
CLM_0019938,ACC_000988
CLM_0019939,ACC_000060
CLM_0019940,ACC_000843
CLM_0019941,ACC_000843
CLM_0019942,ACC_000045
CLM_0019943,ACC_000282
CLM_0019944,ACC_000044
CLM_0019945,ACC_000044
CLM_0019946,ACC_000282
CLM_0019947,ACC_000282
CLM_0019948,ACC_001179
CLM_0019949,ACC_000340
CLM_0019950,ACC_000340
CLM_0019951,ACC_000340
CLM_0019952,ACC_000061
CLM_0019953,ACC_000211
CLM_0019954,ACC_000211
CLM_0019955,ACC_000211
CLM_0019956,ACC_000407
CLM_0019957,ACC_000407
CLM_0019958,ACC_000045
CLM_0019959,ACC_000045
CLM_0019960,ACC_000045
CLM_0019961,ACC_000112
CLM_0019962,ACC_000112
CLM_0019963,ACC_000282
CLM_0019964,ACC_000282
CLM_0019965,ACC_000282
CLM_0019966,ACC_000769
CLM_0019967,ACC_000070
CLM_0019968,ACC_000070
CLM_0019969,ACC_000070
CLM_0019970,ACC_000273
CLM_0019971,ACC_000273
CLM_0019972,ACC_000873
CLM_0019973,ACC_000283
CLM_0019974,ACC_000283
CLM_0019975,ACC_000955
CLM_0019976,ACC_000955
CLM_0019977,ACC_000955
CLM_0019978,ACC_000239
CLM_0019979,ACC_000060
CLM_0019980,ACC_000060
CLM_0019981,ACC_000060
CLM_0019982,ACC_000984
CLM_0019983,ACC_000282
CLM_0019984,ACC_000407
CLM_0019985,ACC_001169
CLM_0019986,ACC_001169
CLM_0019987,ACC_000282
CLM_0019988,ACC_000282
CLM_0019989,ACC_000282
CLM_0019990,ACC_000408
CLM_0019991,ACC_000844
CLM_0019992,ACC_000910
CLM_0019993,ACC_000910
CLM_0019994,ACC_000333
CLM_0019995,ACC_000333
CLM_0019996,ACC_000333
CLM_0019997,ACC_000282
CLM_0019998,ACC_000911
CLM_0019999,ACC_000911
CLM_0020000,ACC_000844
CLM_0020001,ACC_000844
CLM_0020002,ACC_000844
CLM_0020003,ACC_000380
CLM_0020004,ACC_000380
CLM_0020005,ACC_000380
CLM_0020006,ACC_000409
CLM_0020007,ACC_000813
CLM_0020008,ACC_000813
CLM_0020009,ACC_001056
CLM_0020010,ACC_000043
CLM_0020011,ACC_000043
CLM_0020012,ACC_000282
CLM_0020013,ACC_000282
CLM_0020014,ACC_001138
CLM_0020015,ACC_001138
CLM_0020016,ACC_000282
CLM_0020017,ACC_000282
CLM_0020018,ACC_000282
CLM_0020019,ACC_000410
CLM_0020020,ACC_000061
CLM_0020021,ACC_000283
CLM_0020022,ACC_000283
CLM_0020023,ACC_000115
CLM_0020024,ACC_000454
CLM_0020025,ACC_000454
CLM_0020026,ACC_001138
CLM_0020027,ACC_000044
CLM_0020028,ACC_000144
CLM_0020029,ACC_000282
CLM_0020030,ACC_000282
CLM_0020031,ACC_000282
CLM_0020032,ACC_000412
CLM_0020033,ACC_000412
CLM_0020034,ACC_000412
CLM_0020035,ACC_000043
CLM_0020036,ACC_000043
CLM_0020037,ACC_000045
CLM_0020038,ACC_000283
CLM_0020039,ACC_000283
CLM_0020040,ACC_000854
CLM_0020041,ACC_000061
CLM_0020042,ACC_000797
CLM_0020043,ACC_000797
CLM_0020044,ACC_000404
CLM_0020045,ACC_000404
CLM_0020046,ACC_000404
CLM_0020047,ACC_000910
CLM_0020048,ACC_000129
CLM_0020049,ACC_000129
CLM_0020050,ACC_000129
CLM_0020051,ACC_000223
CLM_0020052,ACC_000223
CLM_0020053,ACC_000648
CLM_0020054,ACC_000060
CLM_0020055,ACC_000061
CLM_0020056,ACC_000910
CLM_0020057,ACC_000813
CLM_0020058,ACC_000813
CLM_0020059,ACC_000813
CLM_0020060,ACC_000019
CLM_0020061,ACC_000873
CLM_0020062,ACC_000873
CLM_0020063,ACC_000282
CLM_0020064,ACC_000282
CLM_0020065,ACC_000780
CLM_0020066,ACC_000780
CLM_0020067,ACC_000780
CLM_0020068,ACC_000283
CLM_0020069,ACC_000283
CLM_0020070,ACC_000769
CLM_0020071,ACC_000769
CLM_0020072,ACC_000769
CLM_0020073,ACC_000412
CLM_0020074,ACC_000282
CLM_0020075,ACC_000085
CLM_0020076,ACC_000085
CLM_0020077,ACC_000332
CLM_0020078,ACC_000112
CLM_0020079,ACC_000112
CLM_0020080,ACC_000044
CLM_0020081,ACC_000044
CLM_0020082,ACC_000117
CLM_0020083,ACC_000117
CLM_0020084,ACC_000117
CLM_0020085,ACC_000282
CLM_0020086,ACC_001058
CLM_0020087,ACC_001076
CLM_0020088,ACC_001076
CLM_0020089,ACC_000410
CLM_0020090,ACC_000410
CLM_0020091,ACC_000602
CLM_0020092,ACC_000060
CLM_0020093,ACC_000060
CLM_0020094,ACC_000060
CLM_0020095,ACC_000123
CLM_0020096,ACC_000123
CLM_0020097,ACC_000282
CLM_0020098,ACC_000602
CLM_0020099,ACC_000171
CLM_0020100,ACC_000171
CLM_0020101,ACC_000171
CLM_0020102,ACC_000748
CLM_0020103,ACC_000748
CLM_0020104,ACC_001111
CLM_0020105,ACC_001111
CLM_0020106,ACC_001111
CLM_0020107,ACC_000283
CLM_0020108,ACC_000061
CLM_0020109,ACC_001076
CLM_0020110,ACC_001076
CLM_0020111,ACC_000283
CLM_0020112,ACC_000283
CLM_0020113,ACC_000283
CLM_0020114,ACC_000411
CLM_0020115,ACC_000265
CLM_0020116,ACC_000265
CLM_0020117,ACC_000265
CLM_0020118,ACC_000280
CLM_0020119,ACC_000412
CLM_0020120,ACC_000412
CLM_0020121,ACC_000282
CLM_0020122,ACC_000060
CLM_0020123,ACC_000434
CLM_0020124,ACC_000434
CLM_0020125,ACC_000434
CLM_0020126,ACC_000394
CLM_0020127,ACC_001088
CLM_0020128,ACC_001088
CLM_0020129,ACC_001076
CLM_0020130,ACC_001076
CLM_0020131,ACC_000144
CLM_0020132,ACC_000144
CLM_0020133,ACC_000333
CLM_0020134,ACC_000333
CLM_0020135,ACC_001047
CLM_0020136,ACC_000043
CLM_0020137,ACC_000498
CLM_0020138,ACC_000498
CLM_0020139,ACC_000498
CLM_0020140,ACC_001055
CLM_0020141,ACC_001055
CLM_0020142,ACC_001054
CLM_0020143,ACC_000174
CLM_0020144,ACC_000174
CLM_0020145,ACC_000412
CLM_0020146,ACC_000412
CLM_0020147,ACC_000143
CLM_0020148,ACC_000143
CLM_0020149,ACC_000173
CLM_0020150,ACC_000061
CLM_0020151,ACC_000061
CLM_0020152,ACC_000238
CLM_0020153,ACC_000238
CLM_0020154,ACC_000045
CLM_0020155,ACC_000855
CLM_0020156,ACC_000543
CLM_0020157,ACC_000543
CLM_0020158,ACC_000282
CLM_0020159,ACC_001016
CLM_0020160,ACC_001016
CLM_0020161,ACC_001016
CLM_0020162,ACC_000209
CLM_0020163,ACC_000209
CLM_0020164,ACC_000209
CLM_0020165,ACC_000856
CLM_0020166,ACC_001056
CLM_0020167,ACC_001056
CLM_0020168,ACC_001056
CLM_0020169,ACC_000878
CLM_0020170,ACC_000878
CLM_0020171,ACC_000878
CLM_0020172,ACC_000769
CLM_0020173,ACC_000282
CLM_0020174,ACC_000282
CLM_0020175,ACC_000282
CLM_0020176,ACC_000814
CLM_0020177,ACC_000814
CLM_0020178,ACC_000117
CLM_0020179,ACC_000283
CLM_0020180,ACC_000283
CLM_0020181,ACC_000361
CLM_0020182,ACC_000061
CLM_0020183,ACC_000061
CLM_0020184,ACC_000061
CLM_0020185,ACC_001094
CLM_0020186,ACC_000280
CLM_0020187,ACC_000844
CLM_0020188,ACC_000844
CLM_0020189,ACC_000844
CLM_0020190,ACC_001055
CLM_0020191,ACC_001055
CLM_0020192,ACC_001055
CLM_0020193,ACC_000910
CLM_0020194,ACC_000910
CLM_0020195,ACC_000517
CLM_0020196,ACC_001076
CLM_0020197,ACC_000642
CLM_0020198,ACC_000642
CLM_0020199,ACC_000642
CLM_0020200,ACC_001138
CLM_0020201,ACC_001138
CLM_0020202,ACC_001138
CLM_0020203,ACC_000317
CLM_0020204,ACC_000317
CLM_0020205,ACC_000813
CLM_0020206,ACC_000283
CLM_0020207,ACC_000283
CLM_0020208,ACC_000283
CLM_0020209,ACC_000854
CLM_0020210,ACC_000854
CLM_0020211,ACC_000854
CLM_0020212,ACC_000498
CLM_0020213,ACC_000498
CLM_0020214,ACC_000061
CLM_0020215,ACC_001088
CLM_0020216,ACC_001088
CLM_0020217,ACC_001016
CLM_0020218,ACC_001016
CLM_0020219,ACC_001016
CLM_0020220,ACC_000638
CLM_0020221,ACC_000638
CLM_0020222,ACC_000172
CLM_0020223,ACC_000878
CLM_0020224,ACC_000854
CLM_0020225,ACC_000854
CLM_0020226,ACC_000188
CLM_0020227,ACC_000188
CLM_0020228,ACC_001055
CLM_0020229,ACC_001055
CLM_0020230,ACC_001055
CLM_0020231,ACC_000001
CLM_0020232,ACC_000001
CLM_0020233,ACC_000172
CLM_0020234,ACC_000172
CLM_0020235,ACC_000304
CLM_0020236,ACC_000061
CLM_0020237,ACC_000061
CLM_0020238,ACC_000061
CLM_0020239,ACC_000407
CLM_0020240,ACC_000407
CLM_0020241,ACC_000407
CLM_0020242,ACC_000282
CLM_0020243,ACC_000641
CLM_0020244,ACC_000641
CLM_0020245,ACC_000641
CLM_0020246,ACC_000729
CLM_0020247,ACC_000729
CLM_0020248,ACC_000729
CLM_0020249,ACC_000910
CLM_0020250,ACC_000239
CLM_0020251,ACC_000239
CLM_0020252,ACC_000561
CLM_0020253,ACC_000282
CLM_0020254,ACC_000282
CLM_0020255,ACC_000238
CLM_0020256,ACC_000238
CLM_0020257,ACC_000238
CLM_0020258,ACC_000791
CLM_0020259,ACC_000791
CLM_0020260,ACC_000791
CLM_0020261,ACC_000408
CLM_0020262,ACC_000408
CLM_0020263,ACC_000409
CLM_0020264,ACC_000409
CLM_0020265,ACC_000043
CLM_0020266,ACC_000043
CLM_0020267,ACC_000855
CLM_0020268,ACC_000855
CLM_0020269,ACC_000855
CLM_0020270,ACC_001003
CLM_0020271,ACC_001003
CLM_0020272,ACC_001003
CLM_0020273,ACC_000143
CLM_0020274,ACC_000143
CLM_0020275,ACC_000143
CLM_0020276,ACC_000769
CLM_0020277,ACC_000769
CLM_0020278,ACC_000060
CLM_0020279,ACC_000060
CLM_0020280,ACC_000060
CLM_0020281,ACC_001015
CLM_0020282,ACC_001015
CLM_0020283,ACC_000408
CLM_0020284,ACC_000282
CLM_0020285,ACC_000282
CLM_0020286,ACC_000282
CLM_0020287,ACC_000282
CLM_0020288,ACC_000283
CLM_0020289,ACC_000283
CLM_0020290,ACC_000516
CLM_0020291,ACC_000516
CLM_0020292,ACC_000516
CLM_0020293,ACC_000282
CLM_0020294,ACC_000936
CLM_0020295,ACC_000331
CLM_0020296,ACC_000060
CLM_0020297,ACC_000060
CLM_0020298,ACC_000282
CLM_0020299,ACC_000282
CLM_0020300,ACC_000282
CLM_0020301,ACC_001057
CLM_0020302,ACC_000410
CLM_0020303,ACC_000410
CLM_0020304,ACC_000873
CLM_0020305,ACC_000873
CLM_0020306,ACC_000873
CLM_0020307,ACC_000060
CLM_0020308,ACC_000060
CLM_0020309,ACC_000060
CLM_0020310,ACC_001057
CLM_0020311,ACC_001057
CLM_0020312,ACC_000282
CLM_0020313,ACC_000282
CLM_0020314,ACC_000282
CLM_0020315,ACC_000379
CLM_0020316,ACC_000379
CLM_0020317,ACC_000003
CLM_0020318,ACC_000003
CLM_0020319,ACC_000464
CLM_0020320,ACC_000764
CLM_0020321,ACC_000764
CLM_0020322,ACC_000283
CLM_0020323,ACC_000283
CLM_0020324,ACC_000283
CLM_0020325,ACC_000854
CLM_0020326,ACC_000282
CLM_0020327,ACC_000282
CLM_0020328,ACC_000282
CLM_0020329,ACC_000282
CLM_0020330,ACC_001138
CLM_0020331,ACC_001138
CLM_0020332,ACC_001138
CLM_0020333,ACC_000910
CLM_0020334,ACC_000569
CLM_0020335,ACC_000569
CLM_0020336,ACC_000569
CLM_0020337,ACC_000143
CLM_0020338,ACC_000143
CLM_0020339,ACC_000813
CLM_0020340,ACC_000461
CLM_0020341,ACC_000461
CLM_0020342,ACC_000959
CLM_0020343,ACC_000371
CLM_0020344,ACC_000371
CLM_0020345,ACC_000409
CLM_0020346,ACC_000409
CLM_0020347,ACC_000769
CLM_0020348,ACC_000814
CLM_0020349,ACC_000814
CLM_0020350,ACC_000814
CLM_0020351,ACC_000854
CLM_0020352,ACC_000854
CLM_0020353,ACC_000854
CLM_0020354,ACC_000333
CLM_0020355,ACC_000333
CLM_0020356,ACC_000518
CLM_0020357,ACC_000518
CLM_0020358,ACC_000518
CLM_0020359,ACC_000060
CLM_0020360,ACC_000060
CLM_0020361,ACC_000060
CLM_0020362,ACC_000045
CLM_0020363,ACC_000543
CLM_0020364,ACC_001072
CLM_0020365,ACC_001072
CLM_0020366,ACC_001088
CLM_0020367,ACC_001088
CLM_0020368,ACC_001088
CLM_0020369,ACC_000283
CLM_0020370,ACC_000283
CLM_0020371,ACC_000283
CLM_0020372,ACC_000283
CLM_0020373,ACC_000283
CLM_0020374,ACC_000117
CLM_0020375,ACC_000023
CLM_0020376,ACC_000023
CLM_0020377,ACC_000543
CLM_0020378,ACC_000283
CLM_0020379,ACC_000061
CLM_0020380,ACC_000061
CLM_0020381,ACC_000061
CLM_0020382,ACC_000188
CLM_0020383,ACC_000188
CLM_0020384,ACC_000188
CLM_0020385,ACC_000814
CLM_0020386,ACC_000283
CLM_0020387,ACC_000283
CLM_0020388,ACC_000283
CLM_0020389,ACC_000748
CLM_0020390,ACC_000318
CLM_0020391,ACC_000318
CLM_0020392,ACC_000464
CLM_0020393,ACC_000283
CLM_0020394,ACC_000283
CLM_0020395,ACC_000283
CLM_0020396,ACC_000411
CLM_0020397,ACC_000422
CLM_0020398,ACC_000422
CLM_0020399,ACC_000422
CLM_0020400,ACC_000408
CLM_0020401,ACC_000408
CLM_0020402,ACC_000408
CLM_0020403,ACC_000843
CLM_0020404,ACC_000060
CLM_0020405,ACC_000710
CLM_0020406,ACC_000396
CLM_0020407,ACC_000396
CLM_0020408,ACC_000396
CLM_0020409,ACC_000394
CLM_0020410,ACC_000394
CLM_0020411,ACC_000394
CLM_0020412,ACC_000283
CLM_0020413,ACC_000143
CLM_0020414,ACC_000209
CLM_0020415,ACC_000209
CLM_0020416,ACC_000209
CLM_0020417,ACC_001138
CLM_0020418,ACC_001138
CLM_0020419,ACC_001138
CLM_0020420,ACC_001056
CLM_0020421,ACC_001056
CLM_0020422,ACC_001056
CLM_0020423,ACC_000231
CLM_0020424,ACC_000231
CLM_0020425,ACC_000737
CLM_0020426,ACC_000737
CLM_0020427,ACC_000737
CLM_0020428,ACC_000282
CLM_0020429,ACC_000060
CLM_0020430,ACC_000144
CLM_0020431,ACC_000144
CLM_0020432,ACC_000409
CLM_0020433,ACC_000412
CLM_0020434,ACC_000845
CLM_0020435,ACC_000845
CLM_0020436,ACC_000845
CLM_0020437,ACC_000282
CLM_0020438,ACC_000282
CLM_0020439,ACC_000061
CLM_0020440,ACC_000061
CLM_0020441,ACC_000061
CLM_0020442,ACC_000901
CLM_0020443,ACC_000901
CLM_0020444,ACC_000282
CLM_0020445,ACC_000282
CLM_0020446,ACC_000282
CLM_0020447,ACC_001138
CLM_0020448,ACC_001138
CLM_0020449,ACC_000117
CLM_0020450,ACC_000117
CLM_0020451,ACC_000117
CLM_0020452,ACC_000855
CLM_0020453,ACC_000855
CLM_0020454,ACC_000173
CLM_0020455,ACC_000173
CLM_0020456,ACC_000173
CLM_0020457,ACC_000054
CLM_0020458,ACC_000054
CLM_0020459,ACC_000171
CLM_0020460,ACC_000793
CLM_0020461,ACC_000793
CLM_0020462,ACC_001055
CLM_0020463,ACC_001055
CLM_0020464,ACC_001055
CLM_0020465,ACC_000814
CLM_0020466,ACC_000814
CLM_0020467,ACC_000814
CLM_0020468,ACC_000045
CLM_0020469,ACC_000045
CLM_0020470,ACC_000045
CLM_0020471,ACC_000125
CLM_0020472,ACC_000125
CLM_0020473,ACC_000910
CLM_0020474,ACC_000910
CLM_0020475,ACC_000910
CLM_0020476,ACC_001056
CLM_0020477,ACC_000282
CLM_0020478,ACC_000106
CLM_0020479,ACC_000106
CLM_0020480,ACC_000283
CLM_0020481,ACC_000283
CLM_0020482,ACC_001088
CLM_0020483,ACC_001088
CLM_0020484,ACC_000101
CLM_0020485,ACC_000101
CLM_0020486,ACC_000397
CLM_0020487,ACC_000409
CLM_0020488,ACC_000873
CLM_0020489,ACC_000873
CLM_0020490,ACC_000407
CLM_0020491,ACC_001138
CLM_0020492,ACC_000407
CLM_0020493,ACC_000407
CLM_0020494,ACC_000282
CLM_0020495,ACC_000282
CLM_0020496,ACC_000878
CLM_0020497,ACC_000878
CLM_0020498,ACC_000878
CLM_0020499,ACC_000282
CLM_0020500,ACC_000282
CLM_0020501,ACC_000060
CLM_0020502,ACC_000984
CLM_0020503,ACC_000282
CLM_0020504,ACC_000282
CLM_0020505,ACC_000282
CLM_0020506,ACC_000061
CLM_0020507,ACC_000061
CLM_0020508,ACC_000410
CLM_0020509,ACC_000410
CLM_0020510,ACC_001138
CLM_0020511,ACC_001138
CLM_0020512,ACC_001138
CLM_0020513,ACC_000498
CLM_0020514,ACC_000660
CLM_0020515,ACC_000660
CLM_0020516,ACC_000631
CLM_0020517,ACC_000844
CLM_0020518,ACC_000844
CLM_0020519,ACC_000844
CLM_0020520,ACC_000863
CLM_0020521,ACC_000863
CLM_0020522,ACC_000863
CLM_0020523,ACC_001076
CLM_0020524,ACC_001076
CLM_0020525,ACC_001076
CLM_0020526,ACC_000408
CLM_0020527,ACC_000408
CLM_0020528,ACC_000408
CLM_0020529,ACC_000534
CLM_0020530,ACC_000043
CLM_0020531,ACC_000043
CLM_0020532,ACC_001020
CLM_0020533,ACC_001020
CLM_0020534,ACC_000412
CLM_0020535,ACC_000809
CLM_0020536,ACC_000809
CLM_0020537,ACC_000809
CLM_0020538,ACC_000911
CLM_0020539,ACC_001037
CLM_0020540,ACC_001037
CLM_0020541,ACC_000045
CLM_0020542,ACC_000856
CLM_0020543,ACC_000856
CLM_0020544,ACC_000856
CLM_0020545,ACC_001054
CLM_0020546,ACC_001054
CLM_0020547,ACC_000283
CLM_0020548,ACC_000410
CLM_0020549,ACC_000009
CLM_0020550,ACC_000009
CLM_0020551,ACC_000282
CLM_0020552,ACC_000282
CLM_0020553,ACC_001138
CLM_0020554,ACC_001138
CLM_0020555,ACC_001138
CLM_0020556,ACC_000045
CLM_0020557,ACC_000045
CLM_0020558,ACC_000045
CLM_0020559,ACC_000061
CLM_0020560,ACC_000143
CLM_0020561,ACC_000143
CLM_0020562,ACC_001076
CLM_0020563,ACC_000856
CLM_0020564,ACC_000856
CLM_0020565,ACC_000856
CLM_0020566,ACC_000144
CLM_0020567,ACC_000144
CLM_0020568,ACC_000144
CLM_0020569,ACC_000394
CLM_0020570,ACC_000144
CLM_0020571,ACC_001138
CLM_0020572,ACC_001138
CLM_0020573,ACC_000144
CLM_0020574,ACC_000333
CLM_0020575,ACC_000333
CLM_0020576,ACC_000333
CLM_0020577,ACC_000319
CLM_0020578,ACC_000319
CLM_0020579,ACC_000891
CLM_0020580,ACC_000891
CLM_0020581,ACC_000891
CLM_0020582,ACC_000911
CLM_0020583,ACC_001138
CLM_0020584,ACC_000910
CLM_0020585,ACC_000910
CLM_0020586,ACC_000717
CLM_0020587,ACC_000717
CLM_0020588,ACC_000717
CLM_0020589,ACC_000143
CLM_0020590,ACC_000143
CLM_0020591,ACC_001002
CLM_0020592,ACC_001002
CLM_0020593,ACC_000408
CLM_0020594,ACC_000408
CLM_0020595,ACC_000282
CLM_0020596,ACC_001031
CLM_0020597,ACC_001031
CLM_0020598,ACC_001031
CLM_0020599,ACC_000769
CLM_0020600,ACC_000367
CLM_0020601,ACC_000855
CLM_0020602,ACC_000855
CLM_0020603,ACC_000855
CLM_0020604,ACC_001072
CLM_0020605,ACC_001072
CLM_0020606,ACC_000995
CLM_0020607,ACC_000995
CLM_0020608,ACC_000117
CLM_0020609,ACC_000117
CLM_0020610,ACC_000703
CLM_0020611,ACC_000402
CLM_0020612,ACC_000873
CLM_0020613,ACC_000873
CLM_0020614,ACC_000408
CLM_0020615,ACC_000408
CLM_0020616,ACC_000408
CLM_0020617,ACC_000813
CLM_0020618,ACC_000813
CLM_0020619,ACC_000205
CLM_0020620,ACC_000773
CLM_0020621,ACC_000408
CLM_0020622,ACC_000408
CLM_0020623,ACC_000408
CLM_0020624,ACC_000910
CLM_0020625,ACC_000911
CLM_0020626,ACC_000911
CLM_0020627,ACC_000911
CLM_0020628,ACC_000984
CLM_0020629,ACC_000984
CLM_0020630,ACC_000984
CLM_0020631,ACC_000174
CLM_0020632,ACC_000174
CLM_0020633,ACC_000174
CLM_0020634,ACC_000640
CLM_0020635,ACC_000640
CLM_0020636,ACC_000813
CLM_0020637,ACC_000813
CLM_0020638,ACC_000380
CLM_0020639,ACC_000380
CLM_0020640,ACC_000380
CLM_0020641,ACC_000631
CLM_0020642,ACC_000631
CLM_0020643,ACC_000321
CLM_0020644,ACC_001015
CLM_0020645,ACC_001015
CLM_0020646,ACC_001015
CLM_0020647,ACC_000209
CLM_0020648,ACC_000209
CLM_0020649,ACC_000061
CLM_0020650,ACC_000061
CLM_0020651,ACC_000061
CLM_0020652,ACC_000323
CLM_0020653,ACC_000323
CLM_0020654,ACC_000283
CLM_0020655,ACC_000175
CLM_0020656,ACC_000175
CLM_0020657,ACC_000175
CLM_0020658,ACC_000410
CLM_0020659,ACC_000144
CLM_0020660,ACC_000144
CLM_0020661,ACC_000144
CLM_0020662,ACC_000813
CLM_0020663,ACC_000813
CLM_0020664,ACC_000813
CLM_0020665,ACC_000440
CLM_0020666,ACC_000872
CLM_0020667,ACC_000872
CLM_0020668,ACC_000238
CLM_0020669,ACC_000238
CLM_0020670,ACC_000238
CLM_0020671,ACC_000412
CLM_0020672,ACC_000412
CLM_0020673,ACC_000283
CLM_0020674,ACC_000283
CLM_0020675,ACC_000283
CLM_0020676,ACC_000283
CLM_0020677,ACC_000283
CLM_0020678,ACC_000283
CLM_0020679,ACC_000716
CLM_0020680,ACC_000716
CLM_0020681,ACC_000117
CLM_0020682,ACC_000117
CLM_0020683,ACC_000280
CLM_0020684,ACC_000280
CLM_0020685,ACC_000144
CLM_0020686,ACC_000814
CLM_0020687,ACC_001054
CLM_0020688,ACC_001054
CLM_0020689,ACC_000410
CLM_0020690,ACC_000872
CLM_0020691,ACC_000872
CLM_0020692,ACC_000794
CLM_0020693,ACC_000823
CLM_0020694,ACC_000823
CLM_0020695,ACC_000823
CLM_0020696,ACC_000211
CLM_0020697,ACC_000211
CLM_0020698,ACC_000113
CLM_0020699,ACC_000113
CLM_0020700,ACC_000144
CLM_0020701,ACC_000407
CLM_0020702,ACC_000407
CLM_0020703,ACC_000407
CLM_0020704,ACC_000333
CLM_0020705,ACC_000333
CLM_0020706,ACC_000498
CLM_0020707,ACC_000498
CLM_0020708,ACC_000498
CLM_0020709,ACC_001076
CLM_0020710,ACC_001076
CLM_0020711,ACC_001076
CLM_0020712,ACC_000412
CLM_0020713,ACC_000579
CLM_0020714,ACC_000579
CLM_0020715,ACC_000498
CLM_0020716,ACC_000498
CLM_0020717,ACC_000498
CLM_0020718,ACC_000407
CLM_0020719,ACC_000407
CLM_0020720,ACC_000407
CLM_0020721,ACC_000407
CLM_0020722,ACC_000407
CLM_0020723,ACC_000407
CLM_0020724,ACC_000066
CLM_0020725,ACC_000066
CLM_0020726,ACC_000066
CLM_0020727,ACC_000569
CLM_0020728,ACC_000569
CLM_0020729,ACC_000569
CLM_0020730,ACC_000255
CLM_0020731,ACC_000255
CLM_0020732,ACC_000572
CLM_0020733,ACC_000060
CLM_0020734,ACC_000060
CLM_0020735,ACC_000060
CLM_0020736,ACC_000518
CLM_0020737,ACC_000518
CLM_0020738,ACC_000518
CLM_0020739,ACC_000872
CLM_0020740,ACC_000872
CLM_0020741,ACC_000060
CLM_0020742,ACC_000060
CLM_0020743,ACC_000060
CLM_0020744,ACC_000762
CLM_0020745,ACC_000762
CLM_0020746,ACC_000762
CLM_0020747,ACC_000283
CLM_0020748,ACC_000283
CLM_0020749,ACC_000911
CLM_0020750,ACC_001016
CLM_0020751,ACC_000044
CLM_0020752,ACC_000044
CLM_0020753,ACC_000044
CLM_0020754,ACC_000333
CLM_0020755,ACC_000061
CLM_0020756,ACC_000061
CLM_0020757,ACC_000060
CLM_0020758,ACC_000855
CLM_0020759,ACC_000855
CLM_0020760,ACC_000239
CLM_0020761,ACC_000282
CLM_0020762,ACC_000282
CLM_0020763,ACC_000411
CLM_0020764,ACC_000631
CLM_0020765,ACC_000631
CLM_0020766,ACC_000631
CLM_0020767,ACC_000411
CLM_0020768,ACC_000411
CLM_0020769,ACC_000283
CLM_0020770,ACC_000283
CLM_0020771,ACC_000498
CLM_0020772,ACC_000498
CLM_0020773,ACC_000799
CLM_0020774,ACC_000799
CLM_0020775,ACC_000799
CLM_0020776,ACC_000878
CLM_0020777,ACC_000878
CLM_0020778,ACC_000283
CLM_0020779,ACC_000283
CLM_0020780,ACC_000283
CLM_0020781,ACC_000814
CLM_0020782,ACC_000814
CLM_0020783,ACC_000814
CLM_0020784,ACC_000906
CLM_0020785,ACC_000282
CLM_0020786,ACC_000282
CLM_0020787,ACC_001206
CLM_0020788,ACC_000144
CLM_0020789,ACC_001113
CLM_0020790,ACC_000171
CLM_0020791,ACC_000171
CLM_0020792,ACC_000984
CLM_0020793,ACC_000283
CLM_0020794,ACC_000283
CLM_0020795,ACC_000283
CLM_0020796,ACC_000060
CLM_0020797,ACC_000060
CLM_0020798,ACC_000060
CLM_0020799,ACC_000282
CLM_0020800,ACC_000084
CLM_0020801,ACC_000084
CLM_0020802,ACC_000084
CLM_0020803,ACC_000078
CLM_0020804,ACC_000078
CLM_0020805,ACC_000412
CLM_0020806,ACC_000412
CLM_0020807,ACC_000412
CLM_0020808,ACC_000205
CLM_0020809,ACC_000282
CLM_0020810,ACC_001151
CLM_0020811,ACC_000854
CLM_0020812,ACC_000854
CLM_0020813,ACC_000454
CLM_0020814,ACC_000454
CLM_0020815,ACC_000454
CLM_0020816,ACC_000117
CLM_0020817,ACC_000117
CLM_0020818,ACC_000843
CLM_0020819,ACC_000843
CLM_0020820,ACC_001055
CLM_0020821,ACC_001055
CLM_0020822,ACC_001055
CLM_0020823,ACC_000910
CLM_0020824,ACC_000910
CLM_0020825,ACC_000061
CLM_0020826,ACC_000061
CLM_0020827,ACC_000061
CLM_0020828,ACC_000331
CLM_0020829,ACC_000331
CLM_0020830,ACC_000409
CLM_0020831,ACC_000409
CLM_0020832,ACC_000409
CLM_0020833,ACC_000910
CLM_0020834,ACC_000910
CLM_0020835,ACC_000910
CLM_0020836,ACC_000143
CLM_0020837,ACC_000282
CLM_0020838,ACC_000809
CLM_0020839,ACC_000013
CLM_0020840,ACC_000013
CLM_0020841,ACC_000019
CLM_0020842,ACC_000332
CLM_0020843,ACC_000332
CLM_0020844,ACC_000282
CLM_0020845,ACC_000210
CLM_0020846,ACC_000566
CLM_0020847,ACC_000061
CLM_0020848,ACC_000061
CLM_0020849,ACC_000061
CLM_0020850,ACC_000174
CLM_0020851,ACC_000679
CLM_0020852,ACC_000282
CLM_0020853,ACC_001151
CLM_0020854,ACC_000061
CLM_0020855,ACC_000144
CLM_0020856,ACC_000144
CLM_0020857,ACC_000144
CLM_0020858,ACC_000283
CLM_0020859,ACC_000283
CLM_0020860,ACC_000409
CLM_0020861,ACC_000409
CLM_0020862,ACC_000282
CLM_0020863,ACC_000143
CLM_0020864,ACC_000143
CLM_0020865,ACC_000283
CLM_0020866,ACC_000273
CLM_0020867,ACC_000855
CLM_0020868,ACC_000855
CLM_0020869,ACC_001118
CLM_0020870,ACC_001118
CLM_0020871,ACC_000129
CLM_0020872,ACC_000129
CLM_0020873,ACC_000129
CLM_0020874,ACC_001058
CLM_0020875,ACC_000855
CLM_0020876,ACC_000855
CLM_0020877,ACC_000855
CLM_0020878,ACC_000061
CLM_0020879,ACC_000061
CLM_0020880,ACC_000061
CLM_0020881,ACC_000283
CLM_0020882,ACC_000283
CLM_0020883,ACC_000283
CLM_0020884,ACC_000631
CLM_0020885,ACC_000631
CLM_0020886,ACC_000719
CLM_0020887,ACC_000855
CLM_0020888,ACC_000282
CLM_0020889,ACC_000239
CLM_0020890,ACC_000239
CLM_0020891,ACC_001054
CLM_0020892,ACC_001054
CLM_0020893,ACC_000282
CLM_0020894,ACC_000282
CLM_0020895,ACC_000283
CLM_0020896,ACC_000283
CLM_0020897,ACC_000283
CLM_0020898,ACC_000144
CLM_0020899,ACC_000911
CLM_0020900,ACC_001138
CLM_0020901,ACC_001138
CLM_0020902,ACC_001138
CLM_0020903,ACC_000112
CLM_0020904,ACC_000573
CLM_0020905,ACC_000573
CLM_0020906,ACC_000045
CLM_0020907,ACC_000045
CLM_0020908,ACC_000045
CLM_0020909,ACC_001015
CLM_0020910,ACC_001015
CLM_0020911,ACC_000282
CLM_0020912,ACC_000282
CLM_0020913,ACC_000282
CLM_0020914,ACC_000084
CLM_0020915,ACC_000084
CLM_0020916,ACC_000319
CLM_0020917,ACC_000319
CLM_0020918,ACC_000283
CLM_0020919,ACC_000283
CLM_0020920,ACC_000283
CLM_0020921,ACC_000407
CLM_0020922,ACC_001057
CLM_0020923,ACC_001057
CLM_0020924,ACC_001057
CLM_0020925,ACC_000282
CLM_0020926,ACC_000282
CLM_0020927,ACC_000113
CLM_0020928,ACC_000113
CLM_0020929,ACC_000113
CLM_0020930,ACC_001057
CLM_0020931,ACC_000043
CLM_0020932,ACC_000043
CLM_0020933,ACC_000043
CLM_0020934,ACC_000061
CLM_0020935,ACC_000061
CLM_0020936,ACC_000282
CLM_0020937,ACC_000282
CLM_0020938,ACC_000144
CLM_0020939,ACC_000144
CLM_0020940,ACC_000144
CLM_0020941,ACC_000283
CLM_0020942,ACC_000283
CLM_0020943,ACC_000283
CLM_0020944,ACC_000873
CLM_0020945,ACC_000873
CLM_0020946,ACC_000283
CLM_0020947,ACC_000283
CLM_0020948,ACC_000404
CLM_0020949,ACC_000404
CLM_0020950,ACC_000144
CLM_0020951,ACC_000144
CLM_0020952,ACC_000144
CLM_0020953,ACC_000534
CLM_0020954,ACC_000283
CLM_0020955,ACC_000283
CLM_0020956,ACC_000283
CLM_0020957,ACC_000408
CLM_0020958,ACC_000408
CLM_0020959,ACC_000283
CLM_0020960,ACC_000283
CLM_0020961,ACC_000283
CLM_0020962,ACC_000210
CLM_0020963,ACC_000210
CLM_0020964,ACC_000210
CLM_0020965,ACC_000144
CLM_0020966,ACC_000144
CLM_0020967,ACC_000144
CLM_0020968,ACC_000282
CLM_0020969,ACC_000409
CLM_0020970,ACC_000282
CLM_0020971,ACC_000282
CLM_0020972,ACC_000044
CLM_0020973,ACC_000044
CLM_0020974,ACC_000021
CLM_0020975,ACC_000021
CLM_0020976,ACC_000021
CLM_0020977,ACC_000976
CLM_0020978,ACC_000976
CLM_0020979,ACC_000283
CLM_0020980,ACC_000283
CLM_0020981,ACC_001138
CLM_0020982,ACC_000814
CLM_0020983,ACC_000814
CLM_0020984,ACC_000280
CLM_0020985,ACC_000280
CLM_0020986,ACC_000280
CLM_0020987,ACC_000603
CLM_0020988,ACC_000603
CLM_0020989,ACC_000459
CLM_0020990,ACC_000459
CLM_0020991,ACC_000459
CLM_0020992,ACC_000401
CLM_0020993,ACC_000061
CLM_0020994,ACC_000061
CLM_0020995,ACC_000380
CLM_0020996,ACC_000380
CLM_0020997,ACC_000380
CLM_0020998,ACC_000891
CLM_0020999,ACC_000891
CLM_0021000,ACC_000891
CLM_0021001,ACC_000813
CLM_0021002,ACC_000813
CLM_0021003,ACC_001057
CLM_0021004,ACC_001057
CLM_0021005,ACC_001057
CLM_0021006,ACC_000332
CLM_0021007,ACC_000332
CLM_0021008,ACC_001058
CLM_0021009,ACC_001058
CLM_0021010,ACC_000333
CLM_0021011,ACC_000333
CLM_0021012,ACC_000333
CLM_0021013,ACC_000856
CLM_0021014,ACC_000856
CLM_0021015,ACC_000084
CLM_0021016,ACC_000781
CLM_0021017,ACC_000781
CLM_0021018,ACC_000781
CLM_0021019,ACC_000219
CLM_0021020,ACC_000219
CLM_0021021,ACC_000219
CLM_0021022,ACC_000854
CLM_0021023,ACC_000854
CLM_0021024,ACC_000410
CLM_0021025,ACC_000282
CLM_0021026,ACC_000282
CLM_0021027,ACC_000282
CLM_0021028,ACC_000282
CLM_0021029,ACC_000282
CLM_0021030,ACC_000282
CLM_0021031,ACC_000911
CLM_0021032,ACC_000911
CLM_0021033,ACC_000407
CLM_0021034,ACC_000638
CLM_0021035,ACC_001055
CLM_0021036,ACC_000409
CLM_0021037,ACC_000409
CLM_0021038,ACC_000283
CLM_0021039,ACC_000117
CLM_0021040,ACC_000117
CLM_0021041,ACC_000117
CLM_0021042,ACC_000596
CLM_0021043,ACC_000596
CLM_0021044,ACC_000596
CLM_0021045,ACC_000045
CLM_0021046,ACC_000045
CLM_0021047,ACC_000045
CLM_0021048,ACC_000332
CLM_0021049,ACC_000332
CLM_0021050,ACC_000910
CLM_0021051,ACC_000910
CLM_0021052,ACC_000282
CLM_0021053,ACC_000044
CLM_0021054,ACC_000044
CLM_0021055,ACC_000044
CLM_0021056,ACC_000283
CLM_0021057,ACC_000283
CLM_0021058,ACC_000283
CLM_0021059,ACC_000062
CLM_0021060,ACC_000062
CLM_0021061,ACC_000062
CLM_0021062,ACC_000878
CLM_0021063,ACC_000878
CLM_0021064,ACC_000878
CLM_0021065,ACC_001158
CLM_0021066,ACC_000331
CLM_0021067,ACC_000331
CLM_0021068,ACC_000061
CLM_0021069,ACC_000061
CLM_0021070,ACC_000061
CLM_0021071,ACC_000749
CLM_0021072,ACC_000749
CLM_0021073,ACC_000749
CLM_0021074,ACC_000814
CLM_0021075,ACC_000814
CLM_0021076,ACC_000814
CLM_0021077,ACC_000180
CLM_0021078,ACC_000180
CLM_0021079,ACC_000984
CLM_0021080,ACC_000984
CLM_0021081,ACC_000060
CLM_0021082,ACC_000060
CLM_0021083,ACC_001022
CLM_0021084,ACC_001022
CLM_0021085,ACC_001022
CLM_0021086,ACC_000569
CLM_0021087,ACC_000569
CLM_0021088,ACC_000569
CLM_0021089,ACC_000136
CLM_0021090,ACC_000136
CLM_0021091,ACC_000136
CLM_0021092,ACC_000911
CLM_0021093,ACC_000911
CLM_0021094,ACC_000911
CLM_0021095,ACC_000412
CLM_0021096,ACC_000411
CLM_0021097,ACC_000498
CLM_0021098,ACC_000498
CLM_0021099,ACC_000498
CLM_0021100,ACC_000282
CLM_0021101,ACC_000282
CLM_0021102,ACC_000282
CLM_0021103,ACC_000340
CLM_0021104,ACC_000340
CLM_0021105,ACC_000340
CLM_0021106,ACC_000409
CLM_0021107,ACC_000409
CLM_0021108,ACC_000060
CLM_0021109,ACC_000060
CLM_0021110,ACC_000380
CLM_0021111,ACC_001158
CLM_0021112,ACC_000060
CLM_0021113,ACC_000060
CLM_0021114,ACC_000543
CLM_0021115,ACC_000250
CLM_0021116,ACC_000250
CLM_0021117,ACC_000282
CLM_0021118,ACC_000282
CLM_0021119,ACC_000282
CLM_0021120,ACC_000143
CLM_0021121,ACC_001055
CLM_0021122,ACC_001055
CLM_0021123,ACC_000117
CLM_0021124,ACC_000117
CLM_0021125,ACC_000117
CLM_0021126,ACC_000410
CLM_0021127,ACC_000410
CLM_0021128,ACC_000061
CLM_0021129,ACC_000061
CLM_0021130,ACC_000060
CLM_0021131,ACC_000060
CLM_0021132,ACC_000872
CLM_0021133,ACC_000872
CLM_0021134,ACC_000814
CLM_0021135,ACC_000814
CLM_0021136,ACC_000060
CLM_0021137,ACC_000060
CLM_0021138,ACC_000282
CLM_0021139,ACC_000282
CLM_0021140,ACC_000282
CLM_0021141,ACC_001056
CLM_0021142,ACC_001056
CLM_0021143,ACC_000059
CLM_0021144,ACC_000331
CLM_0021145,ACC_000331
CLM_0021146,ACC_001017
CLM_0021147,ACC_001017
CLM_0021148,ACC_001017
CLM_0021149,ACC_000769
CLM_0021150,ACC_000769
CLM_0021151,ACC_000769
CLM_0021152,ACC_000333
CLM_0021153,ACC_000060
CLM_0021154,ACC_000117
CLM_0021155,ACC_000061
CLM_0021156,ACC_000117
CLM_0021157,ACC_000117
CLM_0021158,ACC_000283
CLM_0021159,ACC_000283
CLM_0021160,ACC_000145
CLM_0021161,ACC_000145
CLM_0021162,ACC_000145
CLM_0021163,ACC_000412
CLM_0021164,ACC_000412
CLM_0021165,ACC_000412
CLM_0021166,ACC_000409
CLM_0021167,ACC_000409
CLM_0021168,ACC_000409
CLM_0021169,ACC_000517
CLM_0021170,ACC_000517
CLM_0021171,ACC_000283
CLM_0021172,ACC_000283
CLM_0021173,ACC_000283
CLM_0021174,ACC_001076
CLM_0021175,ACC_001076
CLM_0021176,ACC_001076
CLM_0021177,ACC_000412
CLM_0021178,ACC_000143
CLM_0021179,ACC_001055
CLM_0021180,ACC_001055
CLM_0021181,ACC_001055
CLM_0021182,ACC_000603
CLM_0021183,ACC_000603
CLM_0021184,ACC_000409
CLM_0021185,ACC_000333
CLM_0021186,ACC_000333
CLM_0021187,ACC_000060
CLM_0021188,ACC_000060
CLM_0021189,ACC_001015
CLM_0021190,ACC_000238
CLM_0021191,ACC_000238
CLM_0021192,ACC_000238
CLM_0021193,ACC_001076
CLM_0021194,ACC_001076
CLM_0021195,ACC_000144
CLM_0021196,ACC_000044
CLM_0021197,ACC_000044
CLM_0021198,ACC_000143
CLM_0021199,ACC_000813
CLM_0021200,ACC_000813
CLM_0021201,ACC_000813
CLM_0021202,ACC_001076
CLM_0021203,ACC_001076
CLM_0021204,ACC_001076
CLM_0021205,ACC_000322
CLM_0021206,ACC_000332
CLM_0021207,ACC_000332
CLM_0021208,ACC_001076
CLM_0021209,ACC_001076
CLM_0021210,ACC_001076
CLM_0021211,ACC_000282
CLM_0021212,ACC_000282
CLM_0021213,ACC_000555
CLM_0021214,ACC_000555
CLM_0021215,ACC_000411
CLM_0021216,ACC_000282
CLM_0021217,ACC_000282
CLM_0021218,ACC_000910
CLM_0021219,ACC_000910
CLM_0021220,ACC_000411
CLM_0021221,ACC_000411
CLM_0021222,ACC_000411
CLM_0021223,ACC_000333
CLM_0021224,ACC_000333
CLM_0021225,ACC_000333
CLM_0021226,ACC_000641
CLM_0021227,ACC_001015
CLM_0021228,ACC_001015
CLM_0021229,ACC_000411
CLM_0021230,ACC_000411
CLM_0021231,ACC_000411
CLM_0021232,ACC_000856
CLM_0021233,ACC_000856
CLM_0021234,ACC_000856
CLM_0021235,ACC_000814
CLM_0021236,ACC_000854
CLM_0021237,ACC_000854
CLM_0021238,ACC_000854
CLM_0021239,ACC_000043
CLM_0021240,ACC_000043
CLM_0021241,ACC_000043
CLM_0021242,ACC_001141
CLM_0021243,ACC_001141
CLM_0021244,ACC_000283
CLM_0021245,ACC_000409
CLM_0021246,ACC_000409
CLM_0021247,ACC_000409
CLM_0021248,ACC_000273
CLM_0021249,ACC_000273
CLM_0021250,ACC_000273
CLM_0021251,ACC_000856
CLM_0021252,ACC_000856
CLM_0021253,ACC_000872
CLM_0021254,ACC_000872
CLM_0021255,ACC_000283
CLM_0021256,ACC_000283
CLM_0021257,ACC_000283
CLM_0021258,ACC_000412
CLM_0021259,ACC_000412
CLM_0021260,ACC_000407
CLM_0021261,ACC_000407
CLM_0021262,ACC_000407
CLM_0021263,ACC_000878
CLM_0021264,ACC_000878
CLM_0021265,ACC_000409
CLM_0021266,ACC_000409
CLM_0021267,ACC_000409
CLM_0021268,ACC_000518
CLM_0021269,ACC_000409
CLM_0021270,ACC_000409
CLM_0021271,ACC_000408
CLM_0021272,ACC_000408
CLM_0021273,ACC_000408
CLM_0021274,ACC_000799
CLM_0021275,ACC_000799
CLM_0021276,ACC_000799
CLM_0021277,ACC_000959
CLM_0021278,ACC_000959
CLM_0021279,ACC_000909
CLM_0021280,ACC_000854
CLM_0021281,ACC_000854
CLM_0021282,ACC_000061
CLM_0021283,ACC_000061
CLM_0021284,ACC_000282
CLM_0021285,ACC_000282
CLM_0021286,ACC_000282
CLM_0021287,ACC_001077
CLM_0021288,ACC_001077
CLM_0021289,ACC_001077
CLM_0021290,ACC_000246
CLM_0021291,ACC_000246
CLM_0021292,ACC_000246
CLM_0021293,ACC_000144
CLM_0021294,ACC_000416
CLM_0021295,ACC_000416
CLM_0021296,ACC_000416
CLM_0021297,ACC_001138
CLM_0021298,ACC_001138
CLM_0021299,ACC_001138
CLM_0021300,ACC_000911
CLM_0021301,ACC_000911
CLM_0021302,ACC_000854
CLM_0021303,ACC_000854
CLM_0021304,ACC_000854
CLM_0021305,ACC_000044
CLM_0021306,ACC_000412
CLM_0021307,ACC_000412
CLM_0021308,ACC_000412
CLM_0021309,ACC_000498
CLM_0021310,ACC_000060
CLM_0021311,ACC_000174
CLM_0021312,ACC_000174
CLM_0021313,ACC_000174
CLM_0021314,ACC_000409
CLM_0021315,ACC_000409
CLM_0021316,ACC_000409
CLM_0021317,ACC_000176
CLM_0021318,ACC_000176
CLM_0021319,ACC_000176
CLM_0021320,ACC_000421
CLM_0021321,ACC_000464
CLM_0021322,ACC_000464
CLM_0021323,ACC_000464
CLM_0021324,ACC_000408
CLM_0021325,ACC_001076
CLM_0021326,ACC_001076
CLM_0021327,ACC_001167
CLM_0021328,ACC_001167
CLM_0021329,ACC_001167
CLM_0021330,ACC_000412
CLM_0021331,ACC_000412
CLM_0021332,ACC_000061
CLM_0021333,ACC_000498
CLM_0021334,ACC_000498
CLM_0021335,ACC_000060
CLM_0021336,ACC_000880
CLM_0021337,ACC_000880
CLM_0021338,ACC_000880
CLM_0021339,ACC_000043
CLM_0021340,ACC_000043
CLM_0021341,ACC_000043
CLM_0021342,ACC_000062
CLM_0021343,ACC_000062
CLM_0021344,ACC_000143
CLM_0021345,ACC_000280
CLM_0021346,ACC_000192
CLM_0021347,ACC_000019
CLM_0021348,ACC_000282
CLM_0021349,ACC_000282
CLM_0021350,ACC_000282
CLM_0021351,ACC_000283
CLM_0021352,ACC_001004
CLM_0021353,ACC_001004
CLM_0021354,ACC_000061
CLM_0021355,ACC_000061
CLM_0021356,ACC_000058
CLM_0021357,ACC_000058
CLM_0021358,ACC_000058
CLM_0021359,ACC_000060
CLM_0021360,ACC_001058
CLM_0021361,ACC_001058
CLM_0021362,ACC_001058
CLM_0021363,ACC_000650
CLM_0021364,ACC_000044
CLM_0021365,ACC_000044
CLM_0021366,ACC_000044
CLM_0021367,ACC_000408
CLM_0021368,ACC_000408
CLM_0021369,ACC_000640
CLM_0021370,ACC_000640
CLM_0021371,ACC_000910
CLM_0021372,ACC_000282
CLM_0021373,ACC_000282
CLM_0021374,ACC_000282
CLM_0021375,ACC_001020
CLM_0021376,ACC_001020
CLM_0021377,ACC_000411
CLM_0021378,ACC_000411
CLM_0021379,ACC_000411
CLM_0021380,ACC_000404
CLM_0021381,ACC_000404
CLM_0021382,ACC_000407
CLM_0021383,ACC_001138
CLM_0021384,ACC_001138
CLM_0021385,ACC_001138
CLM_0021386,ACC_000409
CLM_0021387,ACC_000409
CLM_0021388,ACC_000409
CLM_0021389,ACC_000283
CLM_0021390,ACC_000283
CLM_0021391,ACC_000412
CLM_0021392,ACC_000315
CLM_0021393,ACC_000315
CLM_0021394,ACC_000315
CLM_0021395,ACC_000281
CLM_0021396,ACC_000498
CLM_0021397,ACC_000283
CLM_0021398,ACC_000283
CLM_0021399,ACC_000283
CLM_0021400,ACC_000045
CLM_0021401,ACC_000045
CLM_0021402,ACC_000144
CLM_0021403,ACC_000144
CLM_0021404,ACC_000001
CLM_0021405,ACC_000043
CLM_0021406,ACC_000407
CLM_0021407,ACC_000407
CLM_0021408,ACC_000125
CLM_0021409,ACC_000125
CLM_0021410,ACC_000125
CLM_0021411,ACC_000814
CLM_0021412,ACC_000282
CLM_0021413,ACC_000411
CLM_0021414,ACC_001138
CLM_0021415,ACC_001138
CLM_0021416,ACC_001138
CLM_0021417,ACC_000910
CLM_0021418,ACC_000910
CLM_0021419,ACC_000061
CLM_0021420,ACC_000061
CLM_0021421,ACC_000061
CLM_0021422,ACC_000331
CLM_0021423,ACC_000331
CLM_0021424,ACC_000061
CLM_0021425,ACC_000061
CLM_0021426,ACC_000061
CLM_0021427,ACC_001072
CLM_0021428,ACC_001072
CLM_0021429,ACC_001072
CLM_0021430,ACC_000397
CLM_0021431,ACC_000397
CLM_0021432,ACC_000397
CLM_0021433,ACC_000210
CLM_0021434,ACC_000159
CLM_0021435,ACC_000282
CLM_0021436,ACC_000282
CLM_0021437,ACC_000589
CLM_0021438,ACC_000589
CLM_0021439,ACC_000283
CLM_0021440,ACC_000283
CLM_0021441,ACC_000283
CLM_0021442,ACC_001057
CLM_0021443,ACC_001191
CLM_0021444,ACC_001191
CLM_0021445,ACC_000283
CLM_0021446,ACC_000283
CLM_0021447,ACC_000631
CLM_0021448,ACC_000631
CLM_0021449,ACC_000631
CLM_0021450,ACC_000659
CLM_0021451,ACC_001054
CLM_0021452,ACC_000061
CLM_0021453,ACC_000061
CLM_0021454,ACC_000061
CLM_0021455,ACC_000856
CLM_0021456,ACC_000856
CLM_0021457,ACC_000856
CLM_0021458,ACC_000144
CLM_0021459,ACC_000144
CLM_0021460,ACC_000061
CLM_0021461,ACC_000061
CLM_0021462,ACC_000061
CLM_0021463,ACC_000409
CLM_0021464,ACC_000283
CLM_0021465,ACC_000435
CLM_0021466,ACC_000171
CLM_0021467,ACC_000282
CLM_0021468,ACC_000238
CLM_0021469,ACC_000238
CLM_0021470,ACC_000411
CLM_0021471,ACC_000411
CLM_0021472,ACC_000411
CLM_0021473,ACC_000873
CLM_0021474,ACC_000873
CLM_0021475,ACC_000873
CLM_0021476,ACC_001179
CLM_0021477,ACC_001179
CLM_0021478,ACC_000772
CLM_0021479,ACC_000873
CLM_0021480,ACC_000873
CLM_0021481,ACC_000873
CLM_0021482,ACC_000873
CLM_0021483,ACC_000873
CLM_0021484,ACC_000061
CLM_0021485,ACC_000061
CLM_0021486,ACC_000061
CLM_0021487,ACC_001073
CLM_0021488,ACC_001073
CLM_0021489,ACC_000412
CLM_0021490,ACC_000412
CLM_0021491,ACC_000412
CLM_0021492,ACC_000282
CLM_0021493,ACC_000282
CLM_0021494,ACC_000498
CLM_0021495,ACC_000084
CLM_0021496,ACC_000084
CLM_0021497,ACC_000769
CLM_0021498,ACC_000769
CLM_0021499,ACC_000173
CLM_0021500,ACC_000133
CLM_0021501,ACC_001138
CLM_0021502,ACC_000043
CLM_0021503,ACC_000321
CLM_0021504,ACC_000596
CLM_0021505,ACC_000596
CLM_0021506,ACC_000596
CLM_0021507,ACC_000283
CLM_0021508,ACC_000813
CLM_0021509,ACC_000813
CLM_0021510,ACC_000517
CLM_0021511,ACC_000044
CLM_0021512,ACC_000061
CLM_0021513,ACC_000061
CLM_0021514,ACC_000061
CLM_0021515,ACC_000769
CLM_0021516,ACC_001064
CLM_0021517,ACC_001064
CLM_0021518,ACC_000283
CLM_0021519,ACC_000283
CLM_0021520,ACC_000283
CLM_0021521,ACC_000282
CLM_0021522,ACC_000282
CLM_0021523,ACC_000282
CLM_0021524,ACC_000118
CLM_0021525,ACC_000710
CLM_0021526,ACC_000710
CLM_0021527,ACC_000710
CLM_0021528,ACC_001138
CLM_0021529,ACC_001138
CLM_0021530,ACC_001138
CLM_0021531,ACC_000061
CLM_0021532,ACC_000061
CLM_0021533,ACC_000407
CLM_0021534,ACC_000407
CLM_0021535,ACC_000407
CLM_0021536,ACC_000498
CLM_0021537,ACC_000498
CLM_0021538,ACC_000498
CLM_0021539,ACC_000359
CLM_0021540,ACC_000359
CLM_0021541,ACC_000878
CLM_0021542,ACC_000878
CLM_0021543,ACC_001015
CLM_0021544,ACC_000280
CLM_0021545,ACC_000280
CLM_0021546,ACC_001054
CLM_0021547,ACC_001054
CLM_0021548,ACC_000559
CLM_0021549,ACC_000061
CLM_0021550,ACC_000061
CLM_0021551,ACC_000061
CLM_0021552,ACC_000282
CLM_0021553,ACC_000843
CLM_0021554,ACC_000843
CLM_0021555,ACC_000843
CLM_0021556,ACC_001057
CLM_0021557,ACC_000407
CLM_0021558,ACC_000407
CLM_0021559,ACC_000407
CLM_0021560,ACC_000793
CLM_0021561,ACC_000793
CLM_0021562,ACC_000793
CLM_0021563,ACC_001054
CLM_0021564,ACC_001054
CLM_0021565,ACC_001054
CLM_0021566,ACC_000282
CLM_0021567,ACC_000282
CLM_0021568,ACC_000482
CLM_0021569,ACC_000410
CLM_0021570,ACC_000410
CLM_0021571,ACC_000410
CLM_0021572,ACC_000282
CLM_0021573,ACC_000043
CLM_0021574,ACC_000813
CLM_0021575,ACC_000813
CLM_0021576,ACC_000813
CLM_0021577,ACC_000282
CLM_0021578,ACC_000282
CLM_0021579,ACC_000265
CLM_0021580,ACC_000265
CLM_0021581,ACC_000265
CLM_0021582,ACC_000407
CLM_0021583,ACC_000407
CLM_0021584,ACC_000407
CLM_0021585,ACC_000180
CLM_0021586,ACC_000003
CLM_0021587,ACC_000003
CLM_0021588,ACC_000003
CLM_0021589,ACC_000411
CLM_0021590,ACC_000397
CLM_0021591,ACC_000397
CLM_0021592,ACC_000397
CLM_0021593,ACC_000101
CLM_0021594,ACC_000066
CLM_0021595,ACC_000066
CLM_0021596,ACC_000144
CLM_0021597,ACC_000144
CLM_0021598,ACC_000412
CLM_0021599,ACC_000175
CLM_0021600,ACC_000175
CLM_0021601,ACC_000175
CLM_0021602,ACC_000911
CLM_0021603,ACC_000911
CLM_0021604,ACC_000433
CLM_0021605,ACC_000433
CLM_0021606,ACC_000412
CLM_0021607,ACC_000412
CLM_0021608,ACC_000444
CLM_0021609,ACC_000444
CLM_0021610,ACC_000216
CLM_0021611,ACC_000216
CLM_0021612,ACC_000561
CLM_0021613,ACC_000083
CLM_0021614,ACC_000273
CLM_0021615,ACC_000273
CLM_0021616,ACC_000273
CLM_0021617,ACC_000394
CLM_0021618,ACC_000394
CLM_0021619,ACC_000184
CLM_0021620,ACC_000184
CLM_0021621,ACC_000749
CLM_0021622,ACC_000749
CLM_0021623,ACC_001201
CLM_0021624,ACC_001201
CLM_0021625,ACC_000749
CLM_0021626,ACC_000769
CLM_0021627,ACC_000769
CLM_0021628,ACC_001599
CLM_0021629,ACC_001599
CLM_0021630,ACC_001599
CLM_0021631,ACC_001599
CLM_0021632,ACC_001599
CLM_0021633,ACC_001599
CLM_0021634,ACC_001599
CLM_0021635,ACC_001599
CLM_0021636,ACC_001599
CLM_0021637,ACC_001599
CLM_0021638,ACC_001599
CLM_0021639,ACC_001599
CLM_0021640,ACC_001599
CLM_0021641,ACC_001599
CLM_0021642,ACC_001599
CLM_0021643,ACC_001599
CLM_0021644,ACC_001599
CLM_0021645,ACC_001599
CLM_0021646,ACC_001599
CLM_0021647,ACC_001599
CLM_0021648,ACC_001599
CLM_0021649,ACC_001599
CLM_0021650,ACC_001599
CLM_0021651,ACC_001599
CLM_0021652,ACC_001599
CLM_0021653,ACC_001599
CLM_0021654,ACC_001599
CLM_0021655,ACC_001599
CLM_0021656,ACC_001599
CLM_0021657,ACC_001599
CLM_0021658,ACC_001599
CLM_0021659,ACC_001599
CLM_0021660,ACC_001599
CLM_0021661,ACC_001599
CLM_0021662,ACC_001599
CLM_0021663,ACC_001599
CLM_0021664,ACC_001599
CLM_0021665,ACC_001599
CLM_0021666,ACC_001599
CLM_0021667,ACC_001599
CLM_0021668,ACC_001599
CLM_0021669,ACC_001599
CLM_0021670,ACC_001599
CLM_0021671,ACC_001599
CLM_0021672,ACC_001599
CLM_0021673,ACC_001599
CLM_0021674,ACC_001599
CLM_0021675,ACC_001599
CLM_0021676,ACC_001599
CLM_0021677,ACC_001599
CLM_0021678,ACC_001599
CLM_0021679,ACC_001599
CLM_0021680,ACC_001599
CLM_0021681,ACC_001599
CLM_0021682,ACC_001599
CLM_0021683,ACC_001599
CLM_0021684,ACC_001603
CLM_0021685,ACC_001602
CLM_0021686,ACC_001602
CLM_0021687,ACC_001602
CLM_0021688,ACC_001602
CLM_0021689,ACC_001602
CLM_0021690,ACC_001602
CLM_0021691,ACC_001602
CLM_0021692,ACC_001602
CLM_0021693,ACC_001602
CLM_0021694,ACC_001602
CLM_0021695,ACC_001602
CLM_0021696,ACC_001602
CLM_0021697,ACC_001602
CLM_0021698,ACC_001602
CLM_0021699,ACC_001602
CLM_0021700,ACC_001602
CLM_0021701,ACC_001602
CLM_0021702,ACC_001602
CLM_0021703,ACC_001602
CLM_0021704,ACC_001602
CLM_0021705,ACC_001602
CLM_0021706,ACC_001602
CLM_0021707,ACC_001602
CLM_0021708,ACC_001602
CLM_0021709,ACC_001602
CLM_0021710,ACC_001602
CLM_0021711,ACC_001602
CLM_0021712,ACC_001602
CLM_0021713,ACC_001602
CLM_0021714,ACC_001602
CLM_0021715,ACC_001602
CLM_0021716,ACC_001602
CLM_0021717,ACC_001602
CLM_0021718,ACC_001602
CLM_0021719,ACC_001603
CLM_0021720,ACC_001603
CLM_0021721,ACC_001603
CLM_0021722,ACC_001602
CLM_0021723,ACC_001602
CLM_0021724,ACC_001602
CLM_0021725,ACC_001602
CLM_0021726,ACC_001602
CLM_0021727,ACC_001602
CLM_0021728,ACC_001602
CLM_0021729,ACC_001602
CLM_0021730,ACC_001602
CLM_0021731,ACC_001602
CLM_0021732,ACC_001602
CLM_0021733,ACC_001602
CLM_0021734,ACC_001602
CLM_0021735,ACC_001602
CLM_0021736,ACC_001602
CLM_0021737,ACC_001602
CLM_0021738,ACC_001602
CLM_0021739,ACC_001602
CLM_0021740,ACC_001605
CLM_0021741,ACC_001605
CLM_0021742,ACC_001605
CLM_0021743,ACC_001605
CLM_0021744,ACC_001605
CLM_0021745,ACC_001605
CLM_0021746,ACC_001605
CLM_0021747,ACC_001605
CLM_0021748,ACC_001605
CLM_0021749,ACC_001605
CLM_0021750,ACC_001605
CLM_0021751,ACC_001605
CLM_0021752,ACC_001605
CLM_0021753,ACC_001605
CLM_0021754,ACC_001605
CLM_0021755,ACC_001605
CLM_0021756,ACC_001605
CLM_0021757,ACC_001605
CLM_0021758,ACC_001605
CLM_0021759,ACC_001605
CLM_0021760,ACC_001605
CLM_0021761,ACC_001605
CLM_0021762,ACC_001605
CLM_0021763,ACC_001605
CLM_0021764,ACC_001605
CLM_0021765,ACC_001605
CLM_0021766,ACC_001605
CLM_0021767,ACC_001605
CLM_0021768,ACC_001605
CLM_0021769,ACC_001605
CLM_0021770,ACC_001605
CLM_0021771,ACC_001605
CLM_0021772,ACC_001605
CLM_0021773,ACC_001605
CLM_0021774,ACC_001605
CLM_0021775,ACC_001605
CLM_0021776,ACC_001605
CLM_0021777,ACC_001605
CLM_0021778,ACC_001605
CLM_0021779,ACC_001605
CLM_0021780,ACC_001605
CLM_0021781,ACC_001605
CLM_0021782,ACC_001606
CLM_0021783,ACC_001605
CLM_0021784,ACC_001605
CLM_0021785,ACC_001605
CLM_0021786,ACC_001605
CLM_0021787,ACC_001605
CLM_0021788,ACC_001605
CLM_0021789,ACC_001605
CLM_0021790,ACC_001605
CLM_0021791,ACC_001605
CLM_0021792,ACC_001605
CLM_0021793,ACC_001605
CLM_0021794,ACC_001605
CLM_0021795,ACC_001605
CLM_0021796,ACC_000283
CLM_0021797,ACC_000282
CLM_0021798,ACC_000282
CLM_0021799,ACC_000283
CLM_0021800,ACC_000283
CLM_0021801,ACC_000283
CLM_0021802,ACC_000282
CLM_0021803,ACC_000282
CLM_0021804,ACC_000282
CLM_0021805,ACC_000283
CLM_0021806,ACC_000283
CLM_0021807,ACC_000283
CLM_0021808,ACC_000283
CLM_0021809,ACC_000283
CLM_0021810,ACC_000283
CLM_0021811,ACC_000283
CLM_0021812,ACC_000283
CLM_0021813,ACC_000283
CLM_0021814,ACC_000283
CLM_0021815,ACC_000282
CLM_0021816,ACC_000283
CLM_0021817,ACC_000283
CLM_0021818,ACC_000283
CLM_0021819,ACC_000282
CLM_0021820,ACC_000282
CLM_0021821,ACC_000282
CLM_0021822,ACC_000282
CLM_0021823,ACC_000282
CLM_0021824,ACC_000282
CLM_0021825,ACC_000283
CLM_0021826,ACC_000283
CLM_0021827,ACC_000282
CLM_0021828,ACC_000282
CLM_0021829,ACC_000282
CLM_0021830,ACC_000282
CLM_0021831,ACC_000282
CLM_0021832,ACC_000283
CLM_0021833,ACC_000283
CLM_0021834,ACC_000283
CLM_0021835,ACC_000282
CLM_0021836,ACC_000282
CLM_0021837,ACC_000282
CLM_0021838,ACC_000282
CLM_0021839,ACC_000282
CLM_0021840,ACC_000283
CLM_0021841,ACC_000283
CLM_0021842,ACC_000283
CLM_0021843,ACC_000282
CLM_0021844,ACC_000282
CLM_0021845,ACC_000282
CLM_0021846,ACC_000282
CLM_0021847,ACC_000282
CLM_0021848,ACC_000282
CLM_0021849,ACC_000282
CLM_0021850,ACC_000282
CLM_0021851,ACC_000282
CLM_0021852,ACC_000282
CLM_0021853,ACC_000172
CLM_0021854,ACC_000172
CLM_0021855,ACC_000173
CLM_0021856,ACC_000173
CLM_0021857,ACC_000173
CLM_0021858,ACC_000173
CLM_0021859,ACC_000173
CLM_0021860,ACC_000172
CLM_0021861,ACC_000172
CLM_0021862,ACC_000172
CLM_0021863,ACC_000172
CLM_0021864,ACC_000172
CLM_0021865,ACC_000173
CLM_0021866,ACC_000173
CLM_0021867,ACC_000173
CLM_0021868,ACC_000171
CLM_0021869,ACC_000171
CLM_0021870,ACC_000171
CLM_0021871,ACC_000043
CLM_0021872,ACC_000043
CLM_0021873,ACC_000043
CLM_0021874,ACC_000043
CLM_0021875,ACC_000044
CLM_0021876,ACC_000044
CLM_0021877,ACC_000045
CLM_0021878,ACC_000045
CLM_0021879,ACC_000045
CLM_0021880,ACC_000045
CLM_0021881,ACC_000043
CLM_0021882,ACC_000045
CLM_0021883,ACC_000044
CLM_0021884,ACC_000044
CLM_0021885,ACC_000044
CLM_0021886,ACC_000045
CLM_0021887,ACC_000045
CLM_0021888,ACC_000045
CLM_0021889,ACC_000044
CLM_0021890,ACC_000044
CLM_0021891,ACC_000872
CLM_0021892,ACC_000872
CLM_0021893,ACC_000872
CLM_0021894,ACC_000872
CLM_0021895,ACC_000872
CLM_0021896,ACC_000872
CLM_0021897,ACC_000872
CLM_0021898,ACC_000873
CLM_0021899,ACC_000873
CLM_0021900,ACC_000872
CLM_0021901,ACC_000873
CLM_0021902,ACC_000873
CLM_0021903,ACC_000873
CLM_0021904,ACC_000873
CLM_0021905,ACC_000873
CLM_0021906,ACC_000872
CLM_0021907,ACC_000872
CLM_0021908,ACC_000872
CLM_0021909,ACC_000873
CLM_0021910,ACC_000873
CLM_0021911,ACC_000873
CLM_0021912,ACC_000873
CLM_0021913,ACC_000873
CLM_0021914,ACC_000872
CLM_0021915,ACC_000872
CLM_0021916,ACC_000872
CLM_0021917,ACC_000412
CLM_0021918,ACC_000412
CLM_0021919,ACC_000412
CLM_0021920,ACC_000412
CLM_0021921,ACC_000412
CLM_0021922,ACC_000411
CLM_0021923,ACC_000410
CLM_0021924,ACC_000412
CLM_0021925,ACC_000412
CLM_0021926,ACC_000410
CLM_0021927,ACC_000410
CLM_0021928,ACC_000410
CLM_0021929,ACC_000410
CLM_0021930,ACC_001138
CLM_0021931,ACC_001138
CLM_0021932,ACC_001138
CLM_0021933,ACC_001138
CLM_0021934,ACC_001138
CLM_0021935,ACC_001138
CLM_0021936,ACC_001138
CLM_0021937,ACC_001138
CLM_0021938,ACC_001138
CLM_0021939,ACC_001138
CLM_0021940,ACC_001138
CLM_0021941,ACC_001138
CLM_0021942,ACC_001138
CLM_0021943,ACC_001138
CLM_0021944,ACC_001138
CLM_0021945,ACC_001138
CLM_0021946,ACC_000407
CLM_0021947,ACC_000407
CLM_0021948,ACC_000408
CLM_0021949,ACC_000408
CLM_0021950,ACC_000409
CLM_0021951,ACC_000409
CLM_0021952,ACC_000409
CLM_0021953,ACC_000408
CLM_0021954,ACC_000407
CLM_0021955,ACC_000407
CLM_0021956,ACC_000407
CLM_0021957,ACC_000408
CLM_0021958,ACC_000407
CLM_0021959,ACC_000407
CLM_0021960,ACC_000407
CLM_0021961,ACC_000407
CLM_0021962,ACC_000407
CLM_0021963,ACC_000407
CLM_0021964,ACC_000408
CLM_0021965,ACC_000407
CLM_0021966,ACC_000407
CLM_0021967,ACC_000083
CLM_0021968,ACC_000083
CLM_0021969,ACC_000083
CLM_0021970,ACC_000084
CLM_0021971,ACC_000084
CLM_0021972,ACC_000084
CLM_0021973,ACC_000083
CLM_0021974,ACC_000083
CLM_0021975,ACC_000083
CLM_0021976,ACC_000083
CLM_0021977,ACC_000083
CLM_0021978,ACC_000084
CLM_0021979,ACC_000084
CLM_0021980,ACC_000084
CLM_0021981,ACC_000084
CLM_0021982,ACC_000084
CLM_0021983,ACC_000083
CLM_0021984,ACC_000083
CLM_0021985,ACC_000083
CLM_0021986,ACC_000045
CLM_0021987,ACC_000045
CLM_0021988,ACC_000044
CLM_0021989,ACC_000044
CLM_0021990,ACC_000044
CLM_0021991,ACC_000043
CLM_0021992,ACC_000045
CLM_0021993,ACC_000045
CLM_0021994,ACC_000045
CLM_0021995,ACC_000043
CLM_0021996,ACC_000043
CLM_0021997,ACC_000043
CLM_0021998,ACC_000043
CLM_0021999,ACC_000045
CLM_0022000,ACC_000045
CLM_0022001,ACC_000045
CLM_0022002,ACC_000045
CLM_0022003,ACC_000043
CLM_0022004,ACC_000045
CLM_0022005,ACC_000045
CLM_0022006,ACC_000045
CLM_0022007,ACC_000045
CLM_0022008,ACC_000045
CLM_0022009,ACC_000045
CLM_0022010,ACC_000836
CLM_0022011,ACC_000836
CLM_0022012,ACC_000836
CLM_0022013,ACC_000836
CLM_0022014,ACC_000836
CLM_0022015,ACC_000836
CLM_0022016,ACC_000836
CLM_0022017,ACC_000836
CLM_0022018,ACC_000836
CLM_0022019,ACC_000836
CLM_0022020,ACC_000836
CLM_0022021,ACC_000836
CLM_0022022,ACC_000836
CLM_0022023,ACC_000836
CLM_0022024,ACC_000836
CLM_0022025,ACC_000836
CLM_0022026,ACC_000836
CLM_0022027,ACC_000836
CLM_0022028,ACC_000836
CLM_0022029,ACC_000836
CLM_0022030,ACC_000836
CLM_0022031,ACC_000836
