source_id,target_id
CLM_0000001,PAT_000001
CLM_0000002,PAT_000001
CLM_0000003,PAT_000001
CLM_0000004,PAT_000002
CLM_0000005,PAT_000002
CLM_0000006,PAT_000002
CLM_0000007,PAT_000003
CLM_0000008,PAT_000004
CLM_0000009,PAT_000004
CLM_0000010,PAT_000004
CLM_0000011,PAT_000005
CLM_0000012,PAT_000006
CLM_0000013,PAT_000007
CLM_0000014,PAT_000008
CLM_0000015,PAT_000008
CLM_0000016,PAT_000009
CLM_0000017,PAT_000009
CLM_0000018,PAT_000009
CLM_0000019,PAT_000010
CLM_0000020,PAT_000010
CLM_0000021,PAT_000011
CLM_0000022,PAT_000011
CLM_0000023,PAT_000012
CLM_0000024,PAT_000012
CLM_0000025,PAT_000012
CLM_0000026,PAT_000013
CLM_0000027,PAT_000014
CLM_0000028,PAT_000014
CLM_0000029,PAT_000014
CLM_0000030,PAT_000015
CLM_0000031,PAT_000015
CLM_0000032,PAT_000015
CLM_0000033,PAT_000016
CLM_0000034,PAT_000017
CLM_0000035,PAT_000017
CLM_0000036,PAT_000017
CLM_0000037,PAT_000018
CLM_0000038,PAT_000018
CLM_0000039,PAT_000018
CLM_0000040,PAT_000019
CLM_0000041,PAT_000019
CLM_0000042,PAT_000019
CLM_0000043,PAT_000020
CLM_0000044,PAT_000020
CLM_0000045,PAT_000021
CLM_0000046,PAT_000022
CLM_0000047,PAT_000022
CLM_0000048,PAT_000022
CLM_0000049,PAT_000023
CLM_0000050,PAT_000023
CLM_0000051,PAT_000023
CLM_0000052,PAT_000024
CLM_0000053,PAT_000024
CLM_0000054,PAT_000024
CLM_0000055,PAT_000025
CLM_0000056,PAT_000026
CLM_0000057,PAT_000026
CLM_0000058,PAT_000026
CLM_0000059,PAT_000027
CLM_0000060,PAT_000027
CLM_0000061,PAT_000028
CLM_0000062,PAT_000028
CLM_0000063,PAT_000028
CLM_0000064,PAT_000029
CLM_0000065,PAT_000029
CLM_0000066,PAT_000030
CLM_0000067,PAT_000031
CLM_0000068,PAT_000032
CLM_0000069,PAT_000032
CLM_0000070,PAT_000032
CLM_0000071,PAT_000033
CLM_0000072,PAT_000033
CLM_0000073,PAT_000033
CLM_0000074,PAT_000034
CLM_0000075,PAT_000034
CLM_0000076,PAT_000034
CLM_0000077,PAT_000035
CLM_0000078,PAT_000035
CLM_0000079,PAT_000035
CLM_0000080,PAT_000036
CLM_0000081,PAT_000036
CLM_0000082,PAT_000036
CLM_0000083,PAT_000037
CLM_0000084,PAT_000038
CLM_0000085,PAT_000038
CLM_0000086,PAT_000039
CLM_0000087,PAT_000040
CLM_0000088,PAT_000041
CLM_0000089,PAT_000041
CLM_0000090,PAT_000042
CLM_0000091,PAT_000042
CLM_0000092,PAT_000043
CLM_0000093,PAT_000043
CLM_0000094,PAT_000043
CLM_0000095,PAT_000044
CLM_0000096,PAT_000044
CLM_0000097,PAT_000044
CLM_0000098,PAT_000045
CLM_0000099,PAT_000046
CLM_0000100,PAT_000046
CLM_0000101,PAT_000047
CLM_0000102,PAT_000048
CLM_0000103,PAT_000048
CLM_0000104,PAT_000049
CLM_0000105,PAT_000049
CLM_0000106,PAT_000049
CLM_0000107,PAT_000050
CLM_0000108,PAT_000050
CLM_0000109,PAT_000051
CLM_0000110,PAT_000051
CLM_0000111,PAT_000051
CLM_0000112,PAT_000052
CLM_0000113,PAT_000052
CLM_0000114,PAT_000053
CLM_0000115,PAT_000053
CLM_0000116,PAT_000054
CLM_0000117,PAT_000055
CLM_0000118,PAT_000055
CLM_0000119,PAT_000055
CLM_0000120,PAT_000056
CLM_0000121,PAT_000057
CLM_0000122,PAT_000057
CLM_0000123,PAT_000057
CLM_0000124,PAT_000058
CLM_0000125,PAT_000058
CLM_0000126,PAT_000059
CLM_0000127,PAT_000060
CLM_0000128,PAT_000061
CLM_0000129,PAT_000061
CLM_0000130,PAT_000061
CLM_0000131,PAT_000062
CLM_0000132,PAT_000063
CLM_0000133,PAT_000064
CLM_0000134,PAT_000065
CLM_0000135,PAT_000066
CLM_0000136,PAT_000067
CLM_0000137,PAT_000068
CLM_0000138,PAT_000068
CLM_0000139,PAT_000069
CLM_0000140,PAT_000069
CLM_0000141,PAT_000070
CLM_0000142,PAT_000070
CLM_0000143,PAT_000071
CLM_0000144,PAT_000071
CLM_0000145,PAT_000071
CLM_0000146,PAT_000072
CLM_0000147,PAT_000072
CLM_0000148,PAT_000073
CLM_0000149,PAT_000074
CLM_0000150,PAT_000074
CLM_0000151,PAT_000074
CLM_0000152,PAT_000075
CLM_0000153,PAT_000075
CLM_0000154,PAT_000075
CLM_0000155,PAT_000076
CLM_0000156,PAT_000076
CLM_0000157,PAT_000077
CLM_0000158,PAT_000078
CLM_0000159,PAT_000078
CLM_0000160,PAT_000079
CLM_0000161,PAT_000079
CLM_0000162,PAT_000080
CLM_0000163,PAT_000081
CLM_0000164,PAT_000081
CLM_0000165,PAT_000081
CLM_0000166,PAT_000082
CLM_0000167,PAT_000083
CLM_0000168,PAT_000083
CLM_0000169,PAT_000084
CLM_0000170,PAT_000084
CLM_0000171,PAT_000084
CLM_0000172,PAT_000085
CLM_0000173,PAT_000086
CLM_0000174,PAT_000087
CLM_0000175,PAT_000088
CLM_0000176,PAT_000089
CLM_0000177,PAT_000089
CLM_0000178,PAT_000090
CLM_0000179,PAT_000090
CLM_0000180,PAT_000091
CLM_0000181,PAT_000092
CLM_0000182,PAT_000093
CLM_0000183,PAT_000093
CLM_0000184,PAT_000094
CLM_0000185,PAT_000094
CLM_0000186,PAT_000095
CLM_0000187,PAT_000095
CLM_0000188,PAT_000095
CLM_0000189,PAT_000096
CLM_0000190,PAT_000097
CLM_0000191,PAT_000097
CLM_0000192,PAT_000098
CLM_0000193,PAT_000099
CLM_0000194,PAT_000099
CLM_0000195,PAT_000100
CLM_0000196,PAT_000101
CLM_0000197,PAT_000101
CLM_0000198,PAT_000101
CLM_0000199,PAT_000102
CLM_0000200,PAT_000102
CLM_0000201,PAT_000103
CLM_0000202,PAT_000104
CLM_0000203,PAT_000105
CLM_0000204,PAT_000105
CLM_0000205,PAT_000105
CLM_0000206,PAT_000106
CLM_0000207,PAT_000107
CLM_0000208,PAT_000107
CLM_0000209,PAT_000108
CLM_0000210,PAT_000108
CLM_0000211,PAT_000108
CLM_0000212,PAT_000109
CLM_0000213,PAT_000109
CLM_0000214,PAT_000110
CLM_0000215,PAT_000111
CLM_0000216,PAT_000111
CLM_0000217,PAT_000112
CLM_0000218,PAT_000113
CLM_0000219,PAT_000114
CLM_0000220,PAT_000114
CLM_0000221,PAT_000114
CLM_0000222,PAT_000115
CLM_0000223,PAT_000115
CLM_0000224,PAT_000115
CLM_0000225,PAT_000116
CLM_0000226,PAT_000116
CLM_0000227,PAT_000117
CLM_0000228,PAT_000117
CLM_0000229,PAT_000117
CLM_0000230,PAT_000118
CLM_0000231,PAT_000118
CLM_0000232,PAT_000118
CLM_0000233,PAT_000119
CLM_0000234,PAT_000120
CLM_0000235,PAT_000120
CLM_0000236,PAT_000121
CLM_0000237,PAT_000121
CLM_0000238,PAT_000121
CLM_0000239,PAT_000122
CLM_0000240,PAT_000122
CLM_0000241,PAT_000122
CLM_0000242,PAT_000123
CLM_0000243,PAT_000123
CLM_0000244,PAT_000124
CLM_0000245,PAT_000124
CLM_0000246,PAT_000124
CLM_0000247,PAT_000125
CLM_0000248,PAT_000126
CLM_0000249,PAT_000126
CLM_0000250,PAT_000127
CLM_0000251,PAT_000127
CLM_0000252,PAT_000127
CLM_0000253,PAT_000128
CLM_0000254,PAT_000128
CLM_0000255,PAT_000129
CLM_0000256,PAT_000130
CLM_0000257,PAT_000130
CLM_0000258,PAT_000130
CLM_0000259,PAT_000131
CLM_0000260,PAT_000132
CLM_0000261,PAT_000133
CLM_0000262,PAT_000134
CLM_0000263,PAT_000135
CLM_0000264,PAT_000135
CLM_0000265,PAT_000136
CLM_0000266,PAT_000137
CLM_0000267,PAT_000137
CLM_0000268,PAT_000138
CLM_0000269,PAT_000138
CLM_0000270,PAT_000138
CLM_0000271,PAT_000139
CLM_0000272,PAT_000139
CLM_0000273,PAT_000139
CLM_0000274,PAT_000140
CLM_0000275,PAT_000141
CLM_0000276,PAT_000142
CLM_0000277,PAT_000142
CLM_0000278,PAT_000143
CLM_0000279,PAT_000143
CLM_0000280,PAT_000144
CLM_0000281,PAT_000144
CLM_0000282,PAT_000144
CLM_0000283,PAT_000145
CLM_0000284,PAT_000146
CLM_0000285,PAT_000147
CLM_0000286,PAT_000147
CLM_0000287,PAT_000147
CLM_0000288,PAT_000148
CLM_0000289,PAT_000149
CLM_0000290,PAT_000149
CLM_0000291,PAT_000150
CLM_0000292,PAT_000150
CLM_0000293,PAT_000151
CLM_0000294,PAT_000151
CLM_0000295,PAT_000151
CLM_0000296,PAT_000152
CLM_0000297,PAT_000153
CLM_0000298,PAT_000153
CLM_0000299,PAT_000153
CLM_0000300,PAT_000154
CLM_0000301,PAT_000154
CLM_0000302,PAT_000154
CLM_0000303,PAT_000155
CLM_0000304,PAT_000155
CLM_0000305,PAT_000156
CLM_0000306,PAT_000156
CLM_0000307,PAT_000156
CLM_0000308,PAT_000157
CLM_0000309,PAT_000157
CLM_0000310,PAT_000157
CLM_0000311,PAT_000158
CLM_0000312,PAT_000158
CLM_0000313,PAT_000159
CLM_0000314,PAT_000159
CLM_0000315,PAT_000159
CLM_0000316,PAT_000160
CLM_0000317,PAT_000161
CLM_0000318,PAT_000161
CLM_0000319,PAT_000162
CLM_0000320,PAT_000162
CLM_0000321,PAT_000163
CLM_0000322,PAT_000163
CLM_0000323,PAT_000164
CLM_0000324,PAT_000164
CLM_0000325,PAT_000164
CLM_0000326,PAT_000165
CLM_0000327,PAT_000166
CLM_0000328,PAT_000166
CLM_0000329,PAT_000167
CLM_0000330,PAT_000167
CLM_0000331,PAT_000167
CLM_0000332,PAT_000168
CLM_0000333,PAT_000169
CLM_0000334,PAT_000170
CLM_0000335,PAT_000170
CLM_0000336,PAT_000171
CLM_0000337,PAT_000172
CLM_0000338,PAT_000172
CLM_0000339,PAT_000172
CLM_0000340,PAT_000173
CLM_0000341,PAT_000173
CLM_0000342,PAT_000173
CLM_0000343,PAT_000174
CLM_0000344,PAT_000174
CLM_0000345,PAT_000174
CLM_0000346,PAT_000175
CLM_0000347,PAT_000175
CLM_0000348,PAT_000176
CLM_0000349,PAT_000176
CLM_0000350,PAT_000177
CLM_0000351,PAT_000177
CLM_0000352,PAT_000178
CLM_0000353,PAT_000178
CLM_0000354,PAT_000178
CLM_0000355,PAT_000179
CLM_0000356,PAT_000179
CLM_0000357,PAT_000180
CLM_0000358,PAT_000180
CLM_0000359,PAT_000180
CLM_0000360,PAT_000181
CLM_0000361,PAT_000181
CLM_0000362,PAT_000181
CLM_0000363,PAT_000182
CLM_0000364,PAT_000183
CLM_0000365,PAT_000184
CLM_0000366,PAT_000184
CLM_0000367,PAT_000184
CLM_0000368,PAT_000185
CLM_0000369,PAT_000185
CLM_0000370,PAT_000185
CLM_0000371,PAT_000186
CLM_0000372,PAT_000186
CLM_0000373,PAT_000186
CLM_0000374,PAT_000187
CLM_0000375,PAT_000188
CLM_0000376,PAT_000189
CLM_0000377,PAT_000189
CLM_0000378,PAT_000189
CLM_0000379,PAT_000190
CLM_0000380,PAT_000191
CLM_0000381,PAT_000191
CLM_0000382,PAT_000192
CLM_0000383,PAT_000192
CLM_0000384,PAT_000192
CLM_0000385,PAT_000193
CLM_0000386,PAT_000193
CLM_0000387,PAT_000194
CLM_0000388,PAT_000194
CLM_0000389,PAT_000195
CLM_0000390,PAT_000195
CLM_0000391,PAT_000195
CLM_0000392,PAT_000196
CLM_0000393,PAT_000197
CLM_0000394,PAT_000197
CLM_0000395,PAT_000197
CLM_0000396,PAT_000198
CLM_0000397,PAT_000198
CLM_0000398,PAT_000199
CLM_0000399,PAT_000200
CLM_0000400,PAT_000201
CLM_0000401,PAT_000201
CLM_0000402,PAT_000202
CLM_0000403,PAT_000203
CLM_0000404,PAT_000204
CLM_0000405,PAT_000204
CLM_0000406,PAT_000204
CLM_0000407,PAT_000205
CLM_0000408,PAT_000206
CLM_0000409,PAT_000206
CLM_0000410,PAT_000207
CLM_0000411,PAT_000207
CLM_0000412,PAT_000208
CLM_0000413,PAT_000208
CLM_0000414,PAT_000208
CLM_0000415,PAT_000209
CLM_0000416,PAT_000209
CLM_0000417,PAT_000209
CLM_0000418,PAT_000210
CLM_0000419,PAT_000210
CLM_0000420,PAT_000210
CLM_0000421,PAT_000211
CLM_0000422,PAT_000211
CLM_0000423,PAT_000212
CLM_0000424,PAT_000212
CLM_0000425,PAT_000212
CLM_0000426,PAT_000213
CLM_0000427,PAT_000214
CLM_0000428,PAT_000214
CLM_0000429,PAT_000214
CLM_0000430,PAT_000215
CLM_0000431,PAT_000215
CLM_0000432,PAT_000215
CLM_0000433,PAT_000216
CLM_0000434,PAT_000216
CLM_0000435,PAT_000217
CLM_0000436,PAT_000218
CLM_0000437,PAT_000218
CLM_0000438,PAT_000218
CLM_0000439,PAT_000219
CLM_0000440,PAT_000220
CLM_0000441,PAT_000221
CLM_0000442,PAT_000221
CLM_0000443,PAT_000221
CLM_0000444,PAT_000222
CLM_0000445,PAT_000222
CLM_0000446,PAT_000223
CLM_0000447,PAT_000223
CLM_0000448,PAT_000223
CLM_0000449,PAT_000224
CLM_0000450,PAT_000224
CLM_0000451,PAT_000224
CLM_0000452,PAT_000225
CLM_0000453,PAT_000226
CLM_0000454,PAT_000226
CLM_0000455,PAT_000226
CLM_0000456,PAT_000227
CLM_0000457,PAT_000227
CLM_0000458,PAT_000227
CLM_0000459,PAT_000228
CLM_0000460,PAT_000229
CLM_0000461,PAT_000229
CLM_0000462,PAT_000229
CLM_0000463,PAT_000230
CLM_0000464,PAT_000231
CLM_0000465,PAT_000231
CLM_0000466,PAT_000232
CLM_0000467,PAT_000233
CLM_0000468,PAT_000233
CLM_0000469,PAT_000233
CLM_0000470,PAT_000234
CLM_0000471,PAT_000235
CLM_0000472,PAT_000235
CLM_0000473,PAT_000236
CLM_0000474,PAT_000236
CLM_0000475,PAT_000236
CLM_0000476,PAT_000237
CLM_0000477,PAT_000238
CLM_0000478,PAT_000238
CLM_0000479,PAT_000239
CLM_0000480,PAT_000240
CLM_0000481,PAT_000241
CLM_0000482,PAT_000241
CLM_0000483,PAT_000241
CLM_0000484,PAT_000242
CLM_0000485,PAT_000242
CLM_0000486,PAT_000243
CLM_0000487,PAT_000243
CLM_0000488,PAT_000243
CLM_0000489,PAT_000244
CLM_0000490,PAT_000244
CLM_0000491,PAT_000244
CLM_0000492,PAT_000245
CLM_0000493,PAT_000245
CLM_0000494,PAT_000246
CLM_0000495,PAT_000246
CLM_0000496,PAT_000246
CLM_0000497,PAT_000247
CLM_0000498,PAT_000248
CLM_0000499,PAT_000248
CLM_0000500,PAT_000248
CLM_0000501,PAT_000249
CLM_0000502,PAT_000249
CLM_0000503,PAT_000249
CLM_0000504,PAT_000250
CLM_0000505,PAT_000250
CLM_0000506,PAT_000250
CLM_0000507,PAT_000251
CLM_0000508,PAT_000252
CLM_0000509,PAT_000252
CLM_0000510,PAT_000252
CLM_0000511,PAT_000253
CLM_0000512,PAT_000253
CLM_0000513,PAT_000253
CLM_0000514,PAT_000254
CLM_0000515,PAT_000254
CLM_0000516,PAT_000254
CLM_0000517,PAT_000255
CLM_0000518,PAT_000255
CLM_0000519,PAT_000256
CLM_0000520,PAT_000256
CLM_0000521,PAT_000257
CLM_0000522,PAT_000258
CLM_0000523,PAT_000259
CLM_0000524,PAT_000259
CLM_0000525,PAT_000259
CLM_0000526,PAT_000260
CLM_0000527,PAT_000261
CLM_0000528,PAT_000261
CLM_0000529,PAT_000261
CLM_0000530,PAT_000262
CLM_0000531,PAT_000262
CLM_0000532,PAT_000262
CLM_0000533,PAT_000263
CLM_0000534,PAT_000263
CLM_0000535,PAT_000264
CLM_0000536,PAT_000264
CLM_0000537,PAT_000264
CLM_0000538,PAT_000265
CLM_0000539,PAT_000265
CLM_0000540,PAT_000265
CLM_0000541,PAT_000266
CLM_0000542,PAT_000266
CLM_0000543,PAT_000267
CLM_0000544,PAT_000267
CLM_0000545,PAT_000267
CLM_0000546,PAT_000268
CLM_0000547,PAT_000268
CLM_0000548,PAT_000268
CLM_0000549,PAT_000269
CLM_0000550,PAT_000269
CLM_0000551,PAT_000270
CLM_0000552,PAT_000270
CLM_0000553,PAT_000271
CLM_0000554,PAT_000271
CLM_0000555,PAT_000272
CLM_0000556,PAT_000273
CLM_0000557,PAT_000273
CLM_0000558,PAT_000273
CLM_0000559,PAT_000274
CLM_0000560,PAT_000275
CLM_0000561,PAT_000276
CLM_0000562,PAT_000277
CLM_0000563,PAT_000277
CLM_0000564,PAT_000277
CLM_0000565,PAT_000278
CLM_0000566,PAT_000278
CLM_0000567,PAT_000278
CLM_0000568,PAT_000279
CLM_0000569,PAT_000279
CLM_0000570,PAT_000279
CLM_0000571,PAT_000280
CLM_0000572,PAT_000280
CLM_0000573,PAT_000280
CLM_0000574,PAT_000281
CLM_0000575,PAT_000281
CLM_0000576,PAT_000281
CLM_0000577,PAT_000282
CLM_0000578,PAT_000283
CLM_0000579,PAT_000283
CLM_0000580,PAT_000283
CLM_0000581,PAT_000284
CLM_0000582,PAT_000284
CLM_0000583,PAT_000284
CLM_0000584,PAT_000285
CLM_0000585,PAT_000286
CLM_0000586,PAT_000287
CLM_0000587,PAT_000287
CLM_0000588,PAT_000287
CLM_0000589,PAT_000288
CLM_0000590,PAT_000289
CLM_0000591,PAT_000289
CLM_0000592,PAT_000290
CLM_0000593,PAT_000290
CLM_0000594,PAT_000291
CLM_0000595,PAT_000291
CLM_0000596,PAT_000291
CLM_0000597,PAT_000292
CLM_0000598,PAT_000292
CLM_0000599,PAT_000293
CLM_0000600,PAT_000294
CLM_0000601,PAT_000295
CLM_0000602,PAT_000295
CLM_0000603,PAT_000296
CLM_0000604,PAT_000297
CLM_0000605,PAT_000297
CLM_0000606,PAT_000297
CLM_0000607,PAT_000298
CLM_0000608,PAT_000299
CLM_0000609,PAT_000299
CLM_0000610,PAT_000300
CLM_0000611,PAT_000300
CLM_0000612,PAT_000301
CLM_0000613,PAT_000301
CLM_0000614,PAT_000302
CLM_0000615,PAT_000303
CLM_0000616,PAT_000303
CLM_0000617,PAT_000303
CLM_0000618,PAT_000304
CLM_0000619,PAT_000304
CLM_0000620,PAT_000305
CLM_0000621,PAT_000305
CLM_0000622,PAT_000306
CLM_0000623,PAT_000306
CLM_0000624,PAT_000306
CLM_0000625,PAT_000307
CLM_0000626,PAT_000308
CLM_0000627,PAT_000308
CLM_0000628,PAT_000308
CLM_0000629,PAT_000309
CLM_0000630,PAT_000309
CLM_0000631,PAT_000309
CLM_0000632,PAT_000310
CLM_0000633,PAT_000311
CLM_0000634,PAT_000311
CLM_0000635,PAT_000312
CLM_0000636,PAT_000312
CLM_0000637,PAT_000312
CLM_0000638,PAT_000313
CLM_0000639,PAT_000313
CLM_0000640,PAT_000313
CLM_0000641,PAT_000314
CLM_0000642,PAT_000314
CLM_0000643,PAT_000315
CLM_0000644,PAT_000316
CLM_0000645,PAT_000317
CLM_0000646,PAT_000318
CLM_0000647,PAT_000318
CLM_0000648,PAT_000319
CLM_0000649,PAT_000320
CLM_0000650,PAT_000320
CLM_0000651,PAT_000321
CLM_0000652,PAT_000321
CLM_0000653,PAT_000321
CLM_0000654,PAT_000322
CLM_0000655,PAT_000323
CLM_0000656,PAT_000323
CLM_0000657,PAT_000323
CLM_0000658,PAT_000324
CLM_0000659,PAT_000324
CLM_0000660,PAT_000325
CLM_0000661,PAT_000325
CLM_0000662,PAT_000325
CLM_0000663,PAT_000326
CLM_0000664,PAT_000327
CLM_0000665,PAT_000328
CLM_0000666,PAT_000328
CLM_0000667,PAT_000328
CLM_0000668,PAT_000329
CLM_0000669,PAT_000330
CLM_0000670,PAT_000330
CLM_0000671,PAT_000331
CLM_0000672,PAT_000332
CLM_0000673,PAT_000332
CLM_0000674,PAT_000333
CLM_0000675,PAT_000333
CLM_0000676,PAT_000334
CLM_0000677,PAT_000335
CLM_0000678,PAT_000335
CLM_0000679,PAT_000336
CLM_0000680,PAT_000337
CLM_0000681,PAT_000338
CLM_0000682,PAT_000339
CLM_0000683,PAT_000339
CLM_0000684,PAT_000339
CLM_0000685,PAT_000340
CLM_0000686,PAT_000341
CLM_0000687,PAT_000341
CLM_0000688,PAT_000341
CLM_0000689,PAT_000342
CLM_0000690,PAT_000342
CLM_0000691,PAT_000343
CLM_0000692,PAT_000343
CLM_0000693,PAT_000344
CLM_0000694,PAT_000344
CLM_0000695,PAT_000344
CLM_0000696,PAT_000345
CLM_0000697,PAT_000345
CLM_0000698,PAT_000345
CLM_0000699,PAT_000346
CLM_0000700,PAT_000347
CLM_0000701,PAT_000347
CLM_0000702,PAT_000348
CLM_0000703,PAT_000349
CLM_0000704,PAT_000349
CLM_0000705,PAT_000350
CLM_0000706,PAT_000350
CLM_0000707,PAT_000351
CLM_0000708,PAT_000351
CLM_0000709,PAT_000352
CLM_0000710,PAT_000353
CLM_0000711,PAT_000353
CLM_0000712,PAT_000353
CLM_0000713,PAT_000354
CLM_0000714,PAT_000354
CLM_0000715,PAT_000355
CLM_0000716,PAT_000355
CLM_0000717,PAT_000355
CLM_0000718,PAT_000356
CLM_0000719,PAT_000356
CLM_0000720,PAT_000357
CLM_0000721,PAT_000357
CLM_0000722,PAT_000357
CLM_0000723,PAT_000358
CLM_0000724,PAT_000358
CLM_0000725,PAT_000358
CLM_0000726,PAT_000359
CLM_0000727,PAT_000359
CLM_0000728,PAT_000359
CLM_0000729,PAT_000360
CLM_0000730,PAT_000360
CLM_0000731,PAT_000361
CLM_0000732,PAT_000362
CLM_0000733,PAT_000362
CLM_0000734,PAT_000362
CLM_0000735,PAT_000363
CLM_0000736,PAT_000364
CLM_0000737,PAT_000365
CLM_0000738,PAT_000366
CLM_0000739,PAT_000366
CLM_0000740,PAT_000366
CLM_0000741,PAT_000367
CLM_0000742,PAT_000368
CLM_0000743,PAT_000368
CLM_0000744,PAT_000368
CLM_0000745,PAT_000369
CLM_0000746,PAT_000369
CLM_0000747,PAT_000370
CLM_0000748,PAT_000371
CLM_0000749,PAT_000371
CLM_0000750,PAT_000372
CLM_0000751,PAT_000372
CLM_0000752,PAT_000372
CLM_0000753,PAT_000373
CLM_0000754,PAT_000373
CLM_0000755,PAT_000374
CLM_0000756,PAT_000374
CLM_0000757,PAT_000375
CLM_0000758,PAT_000375
CLM_0000759,PAT_000375
CLM_0000760,PAT_000376
CLM_0000761,PAT_000377
CLM_0000762,PAT_000377
CLM_0000763,PAT_000378
CLM_0000764,PAT_000378
CLM_0000765,PAT_000379
CLM_0000766,PAT_000379
CLM_0000767,PAT_000379
CLM_0000768,PAT_000380
CLM_0000769,PAT_000381
CLM_0000770,PAT_000382
CLM_0000771,PAT_000382
CLM_0000772,PAT_000383
CLM_0000773,PAT_000384
CLM_0000774,PAT_000385
CLM_0000775,PAT_000386
CLM_0000776,PAT_000387
CLM_0000777,PAT_000388
CLM_0000778,PAT_000388
CLM_0000779,PAT_000389
CLM_0000780,PAT_000390
CLM_0000781,PAT_000390
CLM_0000782,PAT_000391
CLM_0000783,PAT_000391
CLM_0000784,PAT_000392
CLM_0000785,PAT_000392
CLM_0000786,PAT_000393
CLM_0000787,PAT_000393
CLM_0000788,PAT_000394
CLM_0000789,PAT_000395
CLM_0000790,PAT_000395
CLM_0000791,PAT_000395
CLM_0000792,PAT_000396
CLM_0000793,PAT_000397
CLM_0000794,PAT_000397
CLM_0000795,PAT_000398
CLM_0000796,PAT_000398
CLM_0000797,PAT_000398
CLM_0000798,PAT_000399
CLM_0000799,PAT_000399
CLM_0000800,PAT_000400
CLM_0000801,PAT_000401
CLM_0000802,PAT_000402
CLM_0000803,PAT_000402
CLM_0000804,PAT_000403
CLM_0000805,PAT_000404
CLM_0000806,PAT_000404
CLM_0000807,PAT_000405
CLM_0000808,PAT_000405
CLM_0000809,PAT_000406
CLM_0000810,PAT_000406
CLM_0000811,PAT_000407
CLM_0000812,PAT_000407
CLM_0000813,PAT_000407
CLM_0000814,PAT_000408
CLM_0000815,PAT_000408
CLM_0000816,PAT_000409
CLM_0000817,PAT_000410
CLM_0000818,PAT_000411
CLM_0000819,PAT_000412
CLM_0000820,PAT_000412
CLM_0000821,PAT_000413
CLM_0000822,PAT_000413
CLM_0000823,PAT_000413
CLM_0000824,PAT_000414
CLM_0000825,PAT_000415
CLM_0000826,PAT_000416
CLM_0000827,PAT_000417
CLM_0000828,PAT_000417
CLM_0000829,PAT_000417
CLM_0000830,PAT_000418
CLM_0000831,PAT_000419
CLM_0000832,PAT_000420
CLM_0000833,PAT_000420
CLM_0000834,PAT_000421
CLM_0000835,PAT_000422
CLM_0000836,PAT_000423
CLM_0000837,PAT_000423
CLM_0000838,PAT_000424
CLM_0000839,PAT_000424
CLM_0000840,PAT_000424
CLM_0000841,PAT_000425
CLM_0000842,PAT_000425
CLM_0000843,PAT_000425
CLM_0000844,PAT_000426
CLM_0000845,PAT_000426
CLM_0000846,PAT_000426
CLM_0000847,PAT_000427
CLM_0000848,PAT_000428
CLM_0000849,PAT_000429
CLM_0000850,PAT_000429
CLM_0000851,PAT_000430
CLM_0000852,PAT_000430
CLM_0000853,PAT_000430
CLM_0000854,PAT_000431
CLM_0000855,PAT_000431
CLM_0000856,PAT_000431
CLM_0000857,PAT_000432
CLM_0000858,PAT_000432
CLM_0000859,PAT_000432
CLM_0000860,PAT_000433
CLM_0000861,PAT_000433
CLM_0000862,PAT_000434
CLM_0000863,PAT_000434
CLM_0000864,PAT_000435
CLM_0000865,PAT_000436
CLM_0000866,PAT_000436
CLM_0000867,PAT_000437
CLM_0000868,PAT_000437
CLM_0000869,PAT_000438
CLM_0000870,PAT_000438
CLM_0000871,PAT_000439
CLM_0000872,PAT_000439
CLM_0000873,PAT_000440
CLM_0000874,PAT_000440
CLM_0000875,PAT_000440
CLM_0000876,PAT_000441
CLM_0000877,PAT_000441
CLM_0000878,PAT_000441
CLM_0000879,PAT_000442
CLM_0000880,PAT_000442
CLM_0000881,PAT_000442
CLM_0000882,PAT_000443
CLM_0000883,PAT_000444
CLM_0000884,PAT_000444
CLM_0000885,PAT_000445
CLM_0000886,PAT_000446
CLM_0000887,PAT_000447
CLM_0000888,PAT_000447
CLM_0000889,PAT_000447
CLM_0000890,PAT_000448
CLM_0000891,PAT_000449
CLM_0000892,PAT_000450
CLM_0000893,PAT_000450
CLM_0000894,PAT_000451
CLM_0000895,PAT_000451
CLM_0000896,PAT_000452
CLM_0000897,PAT_000452
CLM_0000898,PAT_000453
CLM_0000899,PAT_000454
CLM_0000900,PAT_000455
CLM_0000901,PAT_000455
CLM_0000902,PAT_000455
CLM_0000903,PAT_000456
CLM_0000904,PAT_000457
CLM_0000905,PAT_000457
CLM_0000906,PAT_000457
CLM_0000907,PAT_000458
CLM_0000908,PAT_000459
CLM_0000909,PAT_000459
CLM_0000910,PAT_000460
CLM_0000911,PAT_000460
CLM_0000912,PAT_000460
CLM_0000913,PAT_000461
CLM_0000914,PAT_000461
CLM_0000915,PAT_000461
CLM_0000916,PAT_000462
CLM_0000917,PAT_000463
CLM_0000918,PAT_000464
CLM_0000919,PAT_000465
CLM_0000920,PAT_000465
CLM_0000921,PAT_000465
CLM_0000922,PAT_000466
CLM_0000923,PAT_000466
CLM_0000924,PAT_000467
CLM_0000925,PAT_000467
CLM_0000926,PAT_000468
CLM_0000927,PAT_000469
CLM_0000928,PAT_000470
CLM_0000929,PAT_000471
CLM_0000930,PAT_000472
CLM_0000931,PAT_000472
CLM_0000932,PAT_000472
CLM_0000933,PAT_000473
CLM_0000934,PAT_000473
CLM_0000935,PAT_000473
CLM_0000936,PAT_000474
CLM_0000937,PAT_000474
CLM_0000938,PAT_000475
CLM_0000939,PAT_000475
CLM_0000940,PAT_000476
CLM_0000941,PAT_000476
CLM_0000942,PAT_000476
CLM_0000943,PAT_000477
CLM_0000944,PAT_000477
CLM_0000945,PAT_000478
CLM_0000946,PAT_000478
CLM_0000947,PAT_000479
CLM_0000948,PAT_000480
CLM_0000949,PAT_000480
CLM_0000950,PAT_000480
CLM_0000951,PAT_000481
CLM_0000952,PAT_000482
CLM_0000953,PAT_000482
CLM_0000954,PAT_000483
CLM_0000955,PAT_000483
CLM_0000956,PAT_000484
CLM_0000957,PAT_000485
CLM_0000958,PAT_000485
CLM_0000959,PAT_000486
CLM_0000960,PAT_000487
CLM_0000961,PAT_000488
CLM_0000962,PAT_000488
CLM_0000963,PAT_000488
CLM_0000964,PAT_000489
CLM_0000965,PAT_000490
CLM_0000966,PAT_000491
CLM_0000967,PAT_000492
CLM_0000968,PAT_000492
CLM_0000969,PAT_000493
CLM_0000970,PAT_000493
CLM_0000971,PAT_000493
CLM_0000972,PAT_000494
CLM_0000973,PAT_000494
CLM_0000974,PAT_000495
CLM_0000975,PAT_000496
CLM_0000976,PAT_000497
CLM_0000977,PAT_000497
CLM_0000978,PAT_000498
CLM_0000979,PAT_000499
CLM_0000980,PAT_000499
CLM_0000981,PAT_000499
CLM_0000982,PAT_000500
CLM_0000983,PAT_000500
CLM_0000984,PAT_000501
CLM_0000985,PAT_000502
CLM_0000986,PAT_000503
CLM_0000987,PAT_000503
CLM_0000988,PAT_000504
CLM_0000989,PAT_000504
CLM_0000990,PAT_000505
CLM_0000991,PAT_000505
CLM_0000992,PAT_000505
CLM_0000993,PAT_000506
CLM_0000994,PAT_000507
CLM_0000995,PAT_000507
CLM_0000996,PAT_000507
CLM_0000997,PAT_000508
CLM_0000998,PAT_000508
CLM_0000999,PAT_000508
CLM_0001000,PAT_000509
CLM_0001001,PAT_000509
CLM_0001002,PAT_000510
CLM_0001003,PAT_000510
CLM_0001004,PAT_000510
CLM_0001005,PAT_000511
CLM_0001006,PAT_000511
CLM_0001007,PAT_000512
CLM_0001008,PAT_000512
CLM_0001009,PAT_000512
CLM_0001010,PAT_000513
CLM_0001011,PAT_000513
CLM_0001012,PAT_000513
CLM_0001013,PAT_000514
CLM_0001014,PAT_000514
CLM_0001015,PAT_000515
CLM_0001016,PAT_000516
CLM_0001017,PAT_000516
CLM_0001018,PAT_000517
CLM_0001019,PAT_000517
CLM_0001020,PAT_000517
CLM_0001021,PAT_000518
CLM_0001022,PAT_000519
CLM_0001023,PAT_000519
CLM_0001024,PAT_000520
CLM_0001025,PAT_000520
CLM_0001026,PAT_000521
CLM_0001027,PAT_000521
CLM_0001028,PAT_000521
CLM_0001029,PAT_000522
CLM_0001030,PAT_000522
CLM_0001031,PAT_000523
CLM_0001032,PAT_000524
CLM_0001033,PAT_000525
CLM_0001034,PAT_000525
CLM_0001035,PAT_000525
CLM_0001036,PAT_000526
CLM_0001037,PAT_000526
CLM_0001038,PAT_000526
CLM_0001039,PAT_000527
CLM_0001040,PAT_000527
CLM_0001041,PAT_000527
CLM_0001042,PAT_000528
CLM_0001043,PAT_000529
CLM_0001044,PAT_000530
CLM_0001045,PAT_000530
CLM_0001046,PAT_000531
CLM_0001047,PAT_000531
CLM_0001048,PAT_000531
CLM_0001049,PAT_000532
CLM_0001050,PAT_000533
CLM_0001051,PAT_000533
CLM_0001052,PAT_000533
CLM_0001053,PAT_000534
CLM_0001054,PAT_000534
CLM_0001055,PAT_000535
CLM_0001056,PAT_000535
CLM_0001057,PAT_000536
CLM_0001058,PAT_000536
CLM_0001059,PAT_000537
CLM_0001060,PAT_000537
CLM_0001061,PAT_000538
CLM_0001062,PAT_000538
CLM_0001063,PAT_000538
CLM_0001064,PAT_000539
CLM_0001065,PAT_000539
CLM_0001066,PAT_000540
CLM_0001067,PAT_000540
CLM_0001068,PAT_000541
CLM_0001069,PAT_000542
CLM_0001070,PAT_000542
CLM_0001071,PAT_000543
CLM_0001072,PAT_000543
CLM_0001073,PAT_000543
CLM_0001074,PAT_000544
CLM_0001075,PAT_000545
CLM_0001076,PAT_000545
CLM_0001077,PAT_000546
CLM_0001078,PAT_000546
CLM_0001079,PAT_000547
CLM_0001080,PAT_000548
CLM_0001081,PAT_000549
CLM_0001082,PAT_000549
CLM_0001083,PAT_000550
CLM_0001084,PAT_000550
CLM_0001085,PAT_000550
CLM_0001086,PAT_000551
CLM_0001087,PAT_000551
CLM_0001088,PAT_000552
CLM_0001089,PAT_000553
CLM_0001090,PAT_000554
CLM_0001091,PAT_000555
CLM_0001092,PAT_000555
CLM_0001093,PAT_000556
CLM_0001094,PAT_000556
CLM_0001095,PAT_000557
CLM_0001096,PAT_000557
CLM_0001097,PAT_000558
CLM_0001098,PAT_000558
CLM_0001099,PAT_000559
CLM_0001100,PAT_000559
CLM_0001101,PAT_000560
CLM_0001102,PAT_000560
CLM_0001103,PAT_000560
CLM_0001104,PAT_000561
CLM_0001105,PAT_000561
CLM_0001106,PAT_000562
CLM_0001107,PAT_000563
CLM_0001108,PAT_000563
CLM_0001109,PAT_000563
CLM_0001110,PAT_000564
CLM_0001111,PAT_000565
CLM_0001112,PAT_000565
CLM_0001113,PAT_000566
CLM_0001114,PAT_000566
CLM_0001115,PAT_000567
CLM_0001116,PAT_000567
CLM_0001117,PAT_000567
CLM_0001118,PAT_000568
CLM_0001119,PAT_000568
CLM_0001120,PAT_000569
CLM_0001121,PAT_000569
CLM_0001122,PAT_000570
CLM_0001123,PAT_000570
CLM_0001124,PAT_000570
CLM_0001125,PAT_000571
CLM_0001126,PAT_000571
CLM_0001127,PAT_000571
CLM_0001128,PAT_000572
CLM_0001129,PAT_000572
CLM_0001130,PAT_000573
CLM_0001131,PAT_000573
CLM_0001132,PAT_000573
CLM_0001133,PAT_000574
CLM_0001134,PAT_000574
CLM_0001135,PAT_000574
CLM_0001136,PAT_010001
CLM_0001137,PAT_010001
CLM_0001138,PAT_010001
CLM_0001139,PAT_000576
CLM_0001140,PAT_000576
CLM_0001141,PAT_000576
CLM_0001142,PAT_000577
CLM_0001143,PAT_000578
CLM_0001144,PAT_000579
CLM_0001145,PAT_000580
CLM_0001146,PAT_000581
CLM_0001147,PAT_000581
CLM_0001148,PAT_000581
CLM_0001149,PAT_000582
CLM_0001150,PAT_000582
CLM_0001151,PAT_000582
CLM_0001152,PAT_000583
CLM_0001153,PAT_000583
CLM_0001154,PAT_000583
CLM_0001155,PAT_000584
CLM_0001156,PAT_000585
CLM_0001157,PAT_000585
CLM_0001158,PAT_000586
CLM_0001159,PAT_000586
CLM_0001160,PAT_000587
CLM_0001161,PAT_000587
CLM_0001162,PAT_000588
CLM_0001163,PAT_000588
CLM_0001164,PAT_000589
CLM_0001165,PAT_000590
CLM_0001166,PAT_000591
CLM_0001167,PAT_000591
CLM_0001168,PAT_000591
CLM_0001169,PAT_000592
CLM_0001170,PAT_000593
CLM_0001171,PAT_000593
CLM_0001172,PAT_000594
CLM_0001173,PAT_000594
CLM_0001174,PAT_000594
CLM_0001175,PAT_000595
CLM_0001176,PAT_000595
CLM_0001177,PAT_000595
CLM_0001178,PAT_000596
CLM_0001179,PAT_000597
CLM_0001180,PAT_000598
CLM_0001181,PAT_000598
CLM_0001182,PAT_000599
CLM_0001183,PAT_000599
CLM_0001184,PAT_000599
CLM_0001185,PAT_000600
CLM_0001186,PAT_000600
CLM_0001187,PAT_000601
CLM_0001188,PAT_000601
CLM_0001189,PAT_000602
CLM_0001190,PAT_000603
CLM_0001191,PAT_000603
CLM_0001192,PAT_000604
CLM_0001193,PAT_000605
CLM_0001194,PAT_000605
CLM_0001195,PAT_000606
CLM_0001196,PAT_000606
CLM_0001197,PAT_000607
CLM_0001198,PAT_000607
CLM_0001199,PAT_000607
CLM_0001200,PAT_000608
CLM_0001201,PAT_000608
CLM_0001202,PAT_000609
CLM_0001203,PAT_000610
CLM_0001204,PAT_000611
CLM_0001205,PAT_000611
CLM_0001206,PAT_000612
CLM_0001207,PAT_000612
CLM_0001208,PAT_000612
CLM_0001209,PAT_000613
CLM_0001210,PAT_000613
CLM_0001211,PAT_000614
CLM_0001212,PAT_000614
CLM_0001213,PAT_000614
CLM_0001214,PAT_000615
CLM_0001215,PAT_000615
CLM_0001216,PAT_000615
CLM_0001217,PAT_000616
CLM_0001218,PAT_000616
CLM_0001219,PAT_000616
CLM_0001220,PAT_000617
CLM_0001221,PAT_000617
CLM_0001222,PAT_000617
CLM_0001223,PAT_000618
CLM_0001224,PAT_000618
CLM_0001225,PAT_000618
CLM_0001226,PAT_000619
CLM_0001227,PAT_000620
CLM_0001228,PAT_000620
CLM_0001229,PAT_000621
CLM_0001230,PAT_000621
CLM_0001231,PAT_000622
CLM_0001232,PAT_000622
CLM_0001233,PAT_000623
CLM_0001234,PAT_000623
CLM_0001235,PAT_000623
CLM_0001236,PAT_000624
CLM_0001237,PAT_000625
CLM_0001238,PAT_000626
CLM_0001239,PAT_000626
CLM_0001240,PAT_000627
CLM_0001241,PAT_000627
CLM_0001242,PAT_000628
CLM_0001243,PAT_000628
CLM_0001244,PAT_000628
CLM_0001245,PAT_000629
CLM_0001246,PAT_000629
CLM_0001247,PAT_000630
CLM_0001248,PAT_000630
CLM_0001249,PAT_000630
CLM_0001250,PAT_000631
CLM_0001251,PAT_000631
CLM_0001252,PAT_000632
CLM_0001253,PAT_000632
CLM_0001254,PAT_000632
CLM_0001255,PAT_000633
CLM_0001256,PAT_000633
CLM_0001257,PAT_000634
CLM_0001258,PAT_000635
CLM_0001259,PAT_000635
CLM_0001260,PAT_000636
CLM_0001261,PAT_000636
CLM_0001262,PAT_000637
CLM_0001263,PAT_000638
CLM_0001264,PAT_000638
CLM_0001265,PAT_000639
CLM_0001266,PAT_000639
CLM_0001267,PAT_000639
CLM_0001268,PAT_000640
CLM_0001269,PAT_000640
CLM_0001270,PAT_000640
CLM_0001271,PAT_000641
CLM_0001272,PAT_000642
CLM_0001273,PAT_000642
CLM_0001274,PAT_000643
CLM_0001275,PAT_000644
CLM_0001276,PAT_000644
CLM_0001277,PAT_000645
CLM_0001278,PAT_000646
CLM_0001279,PAT_000646
CLM_0001280,PAT_000647
CLM_0001281,PAT_000648
CLM_0001282,PAT_000648
CLM_0001283,PAT_000648
CLM_0001284,PAT_000649
CLM_0001285,PAT_000650
CLM_0001286,PAT_000650
CLM_0001287,PAT_000650
CLM_0001288,PAT_000651
CLM_0001289,PAT_000651
CLM_0001290,PAT_000651
CLM_0001291,PAT_000652
CLM_0001292,PAT_000652
CLM_0001293,PAT_000653
CLM_0001294,PAT_000653
CLM_0001295,PAT_000654
CLM_0001296,PAT_000654
CLM_0001297,PAT_000655
CLM_0001298,PAT_000655
CLM_0001299,PAT_000655
CLM_0001300,PAT_000656
CLM_0001301,PAT_000656
CLM_0001302,PAT_000657
CLM_0001303,PAT_000657
CLM_0001304,PAT_000657
CLM_0001305,PAT_000658
CLM_0001306,PAT_000658
CLM_0001307,PAT_000658
CLM_0001308,PAT_000659
CLM_0001309,PAT_000660
CLM_0001310,PAT_000660
CLM_0001311,PAT_000660
CLM_0001312,PAT_000661
CLM_0001313,PAT_000662
CLM_0001314,PAT_000662
CLM_0001315,PAT_000663
CLM_0001316,PAT_000663
CLM_0001317,PAT_000663
CLM_0001318,PAT_000664
CLM_0001319,PAT_000664
CLM_0001320,PAT_000664
CLM_0001321,PAT_000665
CLM_0001322,PAT_000665
CLM_0001323,PAT_000666
CLM_0001324,PAT_000666
CLM_0001325,PAT_000667
CLM_0001326,PAT_000667
CLM_0001327,PAT_000667
CLM_0001328,PAT_000668
CLM_0001329,PAT_000668
CLM_0001330,PAT_000669
CLM_0001331,PAT_000669
CLM_0001332,PAT_000670
CLM_0001333,PAT_000671
CLM_0001334,PAT_000672
CLM_0001335,PAT_000672
CLM_0001336,PAT_000673
CLM_0001337,PAT_000674
CLM_0001338,PAT_000675
CLM_0001339,PAT_000675
CLM_0001340,PAT_000676
CLM_0001341,PAT_000677
CLM_0001342,PAT_000677
CLM_0001343,PAT_000677
CLM_0001344,PAT_000678
CLM_0001345,PAT_000678
CLM_0001346,PAT_000678
CLM_0001347,PAT_000679
CLM_0001348,PAT_000679
CLM_0001349,PAT_000680
CLM_0001350,PAT_000680
CLM_0001351,PAT_000680
CLM_0001352,PAT_000681
CLM_0001353,PAT_000682
CLM_0001354,PAT_000682
CLM_0001355,PAT_000682
CLM_0001356,PAT_000683
CLM_0001357,PAT_000683
CLM_0001358,PAT_000684
CLM_0001359,PAT_000685
CLM_0001360,PAT_000685
CLM_0001361,PAT_000686
CLM_0001362,PAT_000686
CLM_0001363,PAT_000687
CLM_0001364,PAT_000687
CLM_0001365,PAT_000688
CLM_0001366,PAT_000688
CLM_0001367,PAT_000689
CLM_0001368,PAT_000689
CLM_0001369,PAT_000690
CLM_0001370,PAT_000691
CLM_0001371,PAT_000691
CLM_0001372,PAT_000692
CLM_0001373,PAT_000692
CLM_0001374,PAT_000693
CLM_0001375,PAT_000694
CLM_0001376,PAT_000694
CLM_0001377,PAT_000695
CLM_0001378,PAT_000695
CLM_0001379,PAT_000696
CLM_0001380,PAT_000696
CLM_0001381,PAT_000697
CLM_0001382,PAT_000697
CLM_0001383,PAT_000697
CLM_0001384,PAT_000698
CLM_0001385,PAT_000698
CLM_0001386,PAT_000699
CLM_0001387,PAT_000699
CLM_0001388,PAT_000700
CLM_0001389,PAT_000700
CLM_0001390,PAT_000701
CLM_0001391,PAT_000702
CLM_0001392,PAT_000702
CLM_0001393,PAT_000703
CLM_0001394,PAT_000704
CLM_0001395,PAT_000705
CLM_0001396,PAT_000705
CLM_0001397,PAT_000706
CLM_0001398,PAT_000706
CLM_0001399,PAT_000706
CLM_0001400,PAT_000707
CLM_0001401,PAT_000707
CLM_0001402,PAT_000707
CLM_0001403,PAT_000708
CLM_0001404,PAT_000708
CLM_0001405,PAT_000708
CLM_0001406,PAT_000709
CLM_0001407,PAT_000710
CLM_0001408,PAT_000710
CLM_0001409,PAT_000710
CLM_0001410,PAT_000711
CLM_0001411,PAT_000711
CLM_0001412,PAT_000711
CLM_0001413,PAT_000712
CLM_0001414,PAT_000712
CLM_0001415,PAT_000712
CLM_0001416,PAT_000713
CLM_0001417,PAT_000713
CLM_0001418,PAT_000714
CLM_0001419,PAT_000714
CLM_0001420,PAT_000714
CLM_0001421,PAT_000715
CLM_0001422,PAT_000715
CLM_0001423,PAT_000715
CLM_0001424,PAT_000716
CLM_0001425,PAT_000716
CLM_0001426,PAT_000716
CLM_0001427,PAT_000717
CLM_0001428,PAT_000718
CLM_0001429,PAT_000718
CLM_0001430,PAT_000719
CLM_0001431,PAT_000719
CLM_0001432,PAT_000720
CLM_0001433,PAT_000720
CLM_0001434,PAT_000721
CLM_0001435,PAT_000721
CLM_0001436,PAT_000721
CLM_0001437,PAT_000722
CLM_0001438,PAT_000722
CLM_0001439,PAT_000722
CLM_0001440,PAT_000723
CLM_0001441,PAT_000723
CLM_0001442,PAT_000723
CLM_0001443,PAT_000724
CLM_0001444,PAT_000724
CLM_0001445,PAT_000724
CLM_0001446,PAT_000725
CLM_0001447,PAT_000725
CLM_0001448,PAT_000726
CLM_0001449,PAT_000726
CLM_0001450,PAT_000726
CLM_0001451,PAT_000727
CLM_0001452,PAT_000727
CLM_0001453,PAT_000728
CLM_0001454,PAT_000729
CLM_0001455,PAT_000730
CLM_0001456,PAT_000731
CLM_0001457,PAT_000731
CLM_0001458,PAT_000732
CLM_0001459,PAT_000732
CLM_0001460,PAT_000732
CLM_0001461,PAT_000733
CLM_0001462,PAT_000733
CLM_0001463,PAT_000734
CLM_0001464,PAT_000734
CLM_0001465,PAT_000734
CLM_0001466,PAT_000735
CLM_0001467,PAT_000735
CLM_0001468,PAT_000736
CLM_0001469,PAT_000737
CLM_0001470,PAT_000737
CLM_0001471,PAT_000738
CLM_0001472,PAT_000738
CLM_0001473,PAT_000739
CLM_0001474,PAT_000739
CLM_0001475,PAT_000739
CLM_0001476,PAT_000740
CLM_0001477,PAT_000740
CLM_0001478,PAT_000741
CLM_0001479,PAT_000741
CLM_0001480,PAT_000742
CLM_0001481,PAT_000742
CLM_0001482,PAT_000742
CLM_0001483,PAT_000743
CLM_0001484,PAT_000743
CLM_0001485,PAT_000744
CLM_0001486,PAT_000744
CLM_0001487,PAT_000744
CLM_0001488,PAT_000745
CLM_0001489,PAT_000745
CLM_0001490,PAT_000746
CLM_0001491,PAT_000747
CLM_0001492,PAT_000747
CLM_0001493,PAT_000748
CLM_0001494,PAT_000748
CLM_0001495,PAT_000749
CLM_0001496,PAT_000749
CLM_0001497,PAT_000749
CLM_0001498,PAT_000750
CLM_0001499,PAT_000751
CLM_0001500,PAT_000752
CLM_0001501,PAT_000753
CLM_0001502,PAT_000753
CLM_0001503,PAT_000754
CLM_0001504,PAT_000754
CLM_0001505,PAT_000754
CLM_0001506,PAT_000755
CLM_0001507,PAT_000756
CLM_0001508,PAT_000757
CLM_0001509,PAT_000757
CLM_0001510,PAT_000758
CLM_0001511,PAT_000758
CLM_0001512,PAT_000759
CLM_0001513,PAT_000760
CLM_0001514,PAT_000760
CLM_0001515,PAT_000761
CLM_0001516,PAT_000761
CLM_0001517,PAT_000761
CLM_0001518,PAT_000762
CLM_0001519,PAT_000762
CLM_0001520,PAT_000762
CLM_0001521,PAT_000763
CLM_0001522,PAT_000763
CLM_0001523,PAT_000763
CLM_0001524,PAT_000764
CLM_0001525,PAT_000765
CLM_0001526,PAT_000765
CLM_0001527,PAT_000765
CLM_0001528,PAT_000766
CLM_0001529,PAT_000767
CLM_0001530,PAT_000767
CLM_0001531,PAT_000767
CLM_0001532,PAT_000768
CLM_0001533,PAT_000768
CLM_0001534,PAT_000768
CLM_0001535,PAT_000769
CLM_0001536,PAT_000769
CLM_0001537,PAT_000770
CLM_0001538,PAT_000770
CLM_0001539,PAT_000770
CLM_0001540,PAT_000771
CLM_0001541,PAT_000772
CLM_0001542,PAT_000773
CLM_0001543,PAT_000773
CLM_0001544,PAT_000774
CLM_0001545,PAT_000775
CLM_0001546,PAT_000776
CLM_0001547,PAT_000777
CLM_0001548,PAT_000778
CLM_0001549,PAT_000779
CLM_0001550,PAT_000779
CLM_0001551,PAT_000780
CLM_0001552,PAT_000780
CLM_0001553,PAT_000781
CLM_0001554,PAT_000781
CLM_0001555,PAT_000782
CLM_0001556,PAT_000782
CLM_0001557,PAT_000782
CLM_0001558,PAT_000783
CLM_0001559,PAT_000783
CLM_0001560,PAT_000783
CLM_0001561,PAT_000784
CLM_0001562,PAT_000784
CLM_0001563,PAT_000785
CLM_0001564,PAT_000786
CLM_0001565,PAT_000787
CLM_0001566,PAT_000787
CLM_0001567,PAT_000787
CLM_0001568,PAT_000788
CLM_0001569,PAT_000788
CLM_0001570,PAT_000789
CLM_0001571,PAT_000790
CLM_0001572,PAT_000791
CLM_0001573,PAT_000792
CLM_0001574,PAT_000792
CLM_0001575,PAT_000793
CLM_0001576,PAT_000793
CLM_0001577,PAT_000793
CLM_0001578,PAT_000794
CLM_0001579,PAT_000794
CLM_0001580,PAT_000795
CLM_0001581,PAT_000795
CLM_0001582,PAT_000795
CLM_0001583,PAT_000796
CLM_0001584,PAT_000796
CLM_0001585,PAT_000797
CLM_0001586,PAT_000797
CLM_0001587,PAT_000797
CLM_0001588,PAT_000798
CLM_0001589,PAT_000798
CLM_0001590,PAT_000799
CLM_0001591,PAT_000800
CLM_0001592,PAT_000801
CLM_0001593,PAT_000801
CLM_0001594,PAT_000801
CLM_0001595,PAT_000802
CLM_0001596,PAT_000803
CLM_0001597,PAT_000803
CLM_0001598,PAT_000804
CLM_0001599,PAT_000804
CLM_0001600,PAT_000805
CLM_0001601,PAT_000805
CLM_0001602,PAT_000806
CLM_0001603,PAT_000806
CLM_0001604,PAT_000806
CLM_0001605,PAT_000807
CLM_0001606,PAT_000807
CLM_0001607,PAT_000807
CLM_0001608,PAT_000808
CLM_0001609,PAT_000808
CLM_0001610,PAT_000808
CLM_0001611,PAT_000809
CLM_0001612,PAT_000809
CLM_0001613,PAT_000810
CLM_0001614,PAT_000811
CLM_0001615,PAT_000811
CLM_0001616,PAT_000811
CLM_0001617,PAT_000812
CLM_0001618,PAT_000813
CLM_0001619,PAT_000813
CLM_0001620,PAT_000814
CLM_0001621,PAT_000815
CLM_0001622,PAT_000815
CLM_0001623,PAT_000815
CLM_0001624,PAT_000816
CLM_0001625,PAT_000816
CLM_0001626,PAT_000817
CLM_0001627,PAT_000817
CLM_0001628,PAT_000818
CLM_0001629,PAT_000819
CLM_0001630,PAT_000819
CLM_0001631,PAT_000819
CLM_0001632,PAT_000820
CLM_0001633,PAT_000820
CLM_0001634,PAT_000820
CLM_0001635,PAT_000821
CLM_0001636,PAT_000821
CLM_0001637,PAT_000822
CLM_0001638,PAT_000823
CLM_0001639,PAT_000824
CLM_0001640,PAT_000824
CLM_0001641,PAT_000824
CLM_0001642,PAT_000825
CLM_0001643,PAT_000826
CLM_0001644,PAT_000827
CLM_0001645,PAT_000827
CLM_0001646,PAT_000827
CLM_0001647,PAT_000828
CLM_0001648,PAT_000828
CLM_0001649,PAT_000829
CLM_0001650,PAT_000829
CLM_0001651,PAT_000830
CLM_0001652,PAT_000831
CLM_0001653,PAT_000831
CLM_0001654,PAT_000831
CLM_0001655,PAT_000832
CLM_0001656,PAT_000833
CLM_0001657,PAT_000833
CLM_0001658,PAT_000833
CLM_0001659,PAT_000834
CLM_0001660,PAT_000835
CLM_0001661,PAT_000836
CLM_0001662,PAT_000836
CLM_0001663,PAT_000837
CLM_0001664,PAT_000837
CLM_0001665,PAT_000838
CLM_0001666,PAT_000838
CLM_0001667,PAT_000838
CLM_0001668,PAT_000839
CLM_0001669,PAT_000839
CLM_0001670,PAT_000840
CLM_0001671,PAT_000841
CLM_0001672,PAT_000842
CLM_0001673,PAT_000842
CLM_0001674,PAT_000842
CLM_0001675,PAT_000843
CLM_0001676,PAT_000843
CLM_0001677,PAT_000844
CLM_0001678,PAT_000844
CLM_0001679,PAT_000845
CLM_0001680,PAT_000845
CLM_0001681,PAT_000846
CLM_0001682,PAT_000847
CLM_0001683,PAT_000847
CLM_0001684,PAT_000847
CLM_0001685,PAT_000848
CLM_0001686,PAT_000849
CLM_0001687,PAT_000849
CLM_0001688,PAT_000849
CLM_0001689,PAT_000850
CLM_0001690,PAT_000851
CLM_0001691,PAT_000852
CLM_0001692,PAT_000852
CLM_0001693,PAT_000853
CLM_0001694,PAT_000853
CLM_0001695,PAT_000854
CLM_0001696,PAT_000854
CLM_0001697,PAT_000854
CLM_0001698,PAT_000855
CLM_0001699,PAT_000856
CLM_0001700,PAT_000856
CLM_0001701,PAT_000857
CLM_0001702,PAT_000858
CLM_0001703,PAT_000858
CLM_0001704,PAT_000859
CLM_0001705,PAT_000860
CLM_0001706,PAT_000861
CLM_0001707,PAT_000862
CLM_0001708,PAT_000863
CLM_0001709,PAT_000863
CLM_0001710,PAT_000863
CLM_0001711,PAT_000864
CLM_0001712,PAT_000864
CLM_0001713,PAT_000864
CLM_0001714,PAT_000865
CLM_0001715,PAT_000866
CLM_0001716,PAT_000866
CLM_0001717,PAT_000867
CLM_0001718,PAT_000867
CLM_0001719,PAT_000868
CLM_0001720,PAT_000868
CLM_0001721,PAT_000869
CLM_0001722,PAT_000870
CLM_0001723,PAT_000870
CLM_0001724,PAT_000871
CLM_0001725,PAT_000871
CLM_0001726,PAT_000871
CLM_0001727,PAT_000872
CLM_0001728,PAT_000872
CLM_0001729,PAT_000872
CLM_0001730,PAT_000873
CLM_0001731,PAT_000874
CLM_0001732,PAT_000875
CLM_0001733,PAT_000875
CLM_0001734,PAT_000875
CLM_0001735,PAT_000876
CLM_0001736,PAT_000876
CLM_0001737,PAT_000877
CLM_0001738,PAT_000877
CLM_0001739,PAT_000878
CLM_0001740,PAT_000878
CLM_0001741,PAT_000878
CLM_0001742,PAT_000879
CLM_0001743,PAT_000879
CLM_0001744,PAT_000879
CLM_0001745,PAT_000880
CLM_0001746,PAT_000880
CLM_0001747,PAT_000880
CLM_0001748,PAT_000881
CLM_0001749,PAT_000882
CLM_0001750,PAT_000883
CLM_0001751,PAT_000883
CLM_0001752,PAT_000883
CLM_0001753,PAT_000884
CLM_0001754,PAT_000885
CLM_0001755,PAT_000885
CLM_0001756,PAT_000885
CLM_0001757,PAT_000886
CLM_0001758,PAT_000886
CLM_0001759,PAT_000886
CLM_0001760,PAT_000887
CLM_0001761,PAT_000887
CLM_0001762,PAT_000888
CLM_0001763,PAT_000889
CLM_0001764,PAT_000890
CLM_0001765,PAT_000890
CLM_0001766,PAT_000891
CLM_0001767,PAT_000891
CLM_0001768,PAT_000891
CLM_0001769,PAT_000892
CLM_0001770,PAT_000893
CLM_0001771,PAT_000893
CLM_0001772,PAT_000894
CLM_0001773,PAT_000894
CLM_0001774,PAT_000894
CLM_0001775,PAT_000895
CLM_0001776,PAT_000896
CLM_0001777,PAT_000896
CLM_0001778,PAT_000897
CLM_0001779,PAT_000898
CLM_0001780,PAT_000898
CLM_0001781,PAT_000898
CLM_0001782,PAT_000899
CLM_0001783,PAT_000899
CLM_0001784,PAT_000899
CLM_0001785,PAT_000900
CLM_0001786,PAT_000900
CLM_0001787,PAT_000901
CLM_0001788,PAT_000901
CLM_0001789,PAT_000901
CLM_0001790,PAT_000902
CLM_0001791,PAT_000902
CLM_0001792,PAT_000903
CLM_0001793,PAT_000903
CLM_0001794,PAT_000903
CLM_0001795,PAT_000904
CLM_0001796,PAT_000905
CLM_0001797,PAT_000905
CLM_0001798,PAT_000906
CLM_0001799,PAT_000907
CLM_0001800,PAT_000907
CLM_0001801,PAT_000907
CLM_0001802,PAT_000908
CLM_0001803,PAT_000908
CLM_0001804,PAT_000909
CLM_0001805,PAT_000909
CLM_0001806,PAT_000910
CLM_0001807,PAT_000911
CLM_0001808,PAT_000911
CLM_0001809,PAT_000911
CLM_0001810,PAT_000912
CLM_0001811,PAT_000913
CLM_0001812,PAT_000913
CLM_0001813,PAT_000914
CLM_0001814,PAT_000915
CLM_0001815,PAT_000915
CLM_0001816,PAT_000915
CLM_0001817,PAT_000916
CLM_0001818,PAT_000916
CLM_0001819,PAT_000917
CLM_0001820,PAT_000917
CLM_0001821,PAT_000917
CLM_0001822,PAT_000918
CLM_0001823,PAT_000918
CLM_0001824,PAT_000919
CLM_0001825,PAT_000920
CLM_0001826,PAT_000921
CLM_0001827,PAT_000921
CLM_0001828,PAT_000922
CLM_0001829,PAT_000923
CLM_0001830,PAT_000924
CLM_0001831,PAT_000925
CLM_0001832,PAT_000926
CLM_0001833,PAT_000927
CLM_0001834,PAT_000928
CLM_0001835,PAT_000928
CLM_0001836,PAT_000929
CLM_0001837,PAT_000930
CLM_0001838,PAT_000931
CLM_0001839,PAT_000931
CLM_0001840,PAT_000931
CLM_0001841,PAT_000932
CLM_0001842,PAT_000932
CLM_0001843,PAT_000932
CLM_0001844,PAT_000933
CLM_0001845,PAT_000933
CLM_0001846,PAT_000934
CLM_0001847,PAT_000934
CLM_0001848,PAT_000934
CLM_0001849,PAT_000935
CLM_0001850,PAT_000935
CLM_0001851,PAT_000935
CLM_0001852,PAT_000936
CLM_0001853,PAT_000936
CLM_0001854,PAT_000937
CLM_0001855,PAT_000937
CLM_0001856,PAT_000938
CLM_0001857,PAT_000938
CLM_0001858,PAT_000939
CLM_0001859,PAT_000940
CLM_0001860,PAT_000940
CLM_0001861,PAT_000941
CLM_0001862,PAT_000942
CLM_0001863,PAT_000942
CLM_0001864,PAT_000942
CLM_0001865,PAT_000943
CLM_0001866,PAT_000943
CLM_0001867,PAT_000943
CLM_0001868,PAT_000944
CLM_0001869,PAT_000945
CLM_0001870,PAT_000945
CLM_0001871,PAT_000946
CLM_0001872,PAT_000946
CLM_0001873,PAT_000946
CLM_0001874,PAT_000947
CLM_0001875,PAT_000948
CLM_0001876,PAT_000949
CLM_0001877,PAT_000949
CLM_0001878,PAT_000949
CLM_0001879,PAT_000950
CLM_0001880,PAT_000950
CLM_0001881,PAT_000951
CLM_0001882,PAT_000951
CLM_0001883,PAT_000951
CLM_0001884,PAT_000952
CLM_0001885,PAT_000952
CLM_0001886,PAT_000952
CLM_0001887,PAT_000953
CLM_0001888,PAT_000953
CLM_0001889,PAT_000953
CLM_0001890,PAT_000954
CLM_0001891,PAT_000954
CLM_0001892,PAT_000955
CLM_0001893,PAT_000956
CLM_0001894,PAT_000957
CLM_0001895,PAT_000957
CLM_0001896,PAT_000957
CLM_0001897,PAT_000958
CLM_0001898,PAT_000959
CLM_0001899,PAT_000960
CLM_0001900,PAT_000961
CLM_0001901,PAT_000961
CLM_0001902,PAT_000961
CLM_0001903,PAT_000962
CLM_0001904,PAT_000962
CLM_0001905,PAT_000963
CLM_0001906,PAT_000964
CLM_0001907,PAT_000964
CLM_0001908,PAT_000965
CLM_0001909,PAT_000965
CLM_0001910,PAT_000966
CLM_0001911,PAT_000966
CLM_0001912,PAT_000967
CLM_0001913,PAT_000968
CLM_0001914,PAT_000969
CLM_0001915,PAT_000969
CLM_0001916,PAT_000969
CLM_0001917,PAT_000970
CLM_0001918,PAT_000970
CLM_0001919,PAT_000971
CLM_0001920,PAT_000971
CLM_0001921,PAT_000972
CLM_0001922,PAT_000972
CLM_0001923,PAT_000972
CLM_0001924,PAT_000973
CLM_0001925,PAT_000973
CLM_0001926,PAT_000974
CLM_0001927,PAT_000974
CLM_0001928,PAT_000974
CLM_0001929,PAT_000975
CLM_0001930,PAT_000976
CLM_0001931,PAT_000976
CLM_0001932,PAT_000976
CLM_0001933,PAT_000977
CLM_0001934,PAT_000978
CLM_0001935,PAT_000979
CLM_0001936,PAT_000980
CLM_0001937,PAT_000980
CLM_0001938,PAT_000980
CLM_0001939,PAT_000981
CLM_0001940,PAT_000981
CLM_0001941,PAT_000981
CLM_0001942,PAT_000982
CLM_0001943,PAT_000982
CLM_0001944,PAT_000983
CLM_0001945,PAT_000983
CLM_0001946,PAT_000984
CLM_0001947,PAT_000985
CLM_0001948,PAT_000985
CLM_0001949,PAT_000986
CLM_0001950,PAT_000986
CLM_0001951,PAT_000987
CLM_0001952,PAT_000987
CLM_0001953,PAT_000988
CLM_0001954,PAT_000989
CLM_0001955,PAT_000990
CLM_0001956,PAT_000990
CLM_0001957,PAT_000990
CLM_0001958,PAT_000991
CLM_0001959,PAT_000991
CLM_0001960,PAT_000992
CLM_0001961,PAT_000992
CLM_0001962,PAT_000992
CLM_0001963,PAT_000993
CLM_0001964,PAT_000993
CLM_0001965,PAT_000994
CLM_0001966,PAT_000995
CLM_0001967,PAT_000995
CLM_0001968,PAT_000996
CLM_0001969,PAT_000997
CLM_0001970,PAT_000997
CLM_0001971,PAT_000997
CLM_0001972,PAT_000998
CLM_0001973,PAT_000998
CLM_0001974,PAT_000999
CLM_0001975,PAT_000999
CLM_0001976,PAT_001000
CLM_0001977,PAT_001000
CLM_0001978,PAT_001000
CLM_0001979,PAT_001001
CLM_0001980,PAT_001001
CLM_0001981,PAT_001002
CLM_0001982,PAT_001002
CLM_0001983,PAT_001003
CLM_0001984,PAT_001004
CLM_0001985,PAT_001004
CLM_0001986,PAT_001004
CLM_0001987,PAT_001005
CLM_0001988,PAT_001005
CLM_0001989,PAT_001005
CLM_0001990,PAT_001006
CLM_0001991,PAT_001006
CLM_0001992,PAT_001007
CLM_0001993,PAT_001007
CLM_0001994,PAT_001008
CLM_0001995,PAT_001008
CLM_0001996,PAT_001009
CLM_0001997,PAT_001009
CLM_0001998,PAT_001009
CLM_0001999,PAT_001010
CLM_0002000,PAT_001010
CLM_0002001,PAT_001011
CLM_0002002,PAT_001011
CLM_0002003,PAT_001011
CLM_0002004,PAT_001012
CLM_0002005,PAT_001013
CLM_0002006,PAT_001013
CLM_0002007,PAT_001014
CLM_0002008,PAT_001015
CLM_0002009,PAT_001015
CLM_0002010,PAT_001016
CLM_0002011,PAT_001016
CLM_0002012,PAT_001016
CLM_0002013,PAT_001017
CLM_0002014,PAT_001018
CLM_0002015,PAT_001018
CLM_0002016,PAT_001018
CLM_0002017,PAT_001019
CLM_0002018,PAT_001019
CLM_0002019,PAT_001019
CLM_0002020,PAT_001020
CLM_0002021,PAT_001021
CLM_0002022,PAT_001021
CLM_0002023,PAT_001022
CLM_0002024,PAT_001023
CLM_0002025,PAT_001023
CLM_0002026,PAT_001024
CLM_0002027,PAT_001025
CLM_0002028,PAT_001025
CLM_0002029,PAT_001026
CLM_0002030,PAT_001026
CLM_0002031,PAT_001026
CLM_0002032,PAT_001027
CLM_0002033,PAT_001027
CLM_0002034,PAT_001028
CLM_0002035,PAT_001028
CLM_0002036,PAT_001029
CLM_0002037,PAT_001029
CLM_0002038,PAT_001030
CLM_0002039,PAT_010002
CLM_0002040,PAT_001032
CLM_0002041,PAT_001033
CLM_0002042,PAT_001033
CLM_0002043,PAT_001033
CLM_0002044,PAT_001034
CLM_0002045,PAT_001035
CLM_0002046,PAT_001035
CLM_0002047,PAT_001036
CLM_0002048,PAT_001036
CLM_0002049,PAT_001036
CLM_0002050,PAT_001037
CLM_0002051,PAT_001037
CLM_0002052,PAT_001037
CLM_0002053,PAT_001038
CLM_0002054,PAT_001039
CLM_0002055,PAT_001039
CLM_0002056,PAT_001039
CLM_0002057,PAT_001040
CLM_0002058,PAT_001040
CLM_0002059,PAT_001040
CLM_0002060,PAT_001041
CLM_0002061,PAT_001041
CLM_0002062,PAT_001041
CLM_0002063,PAT_001042
CLM_0002064,PAT_001042
CLM_0002065,PAT_001043
CLM_0002066,PAT_001043
CLM_0002067,PAT_001044
CLM_0002068,PAT_001044
CLM_0002069,PAT_001044
CLM_0002070,PAT_001045
CLM_0002071,PAT_001045
CLM_0002072,PAT_001046
CLM_0002073,PAT_001047
CLM_0002074,PAT_001047
CLM_0002075,PAT_001047
CLM_0002076,PAT_001048
CLM_0002077,PAT_001048
CLM_0002078,PAT_001049
CLM_0002079,PAT_001049
CLM_0002080,PAT_001050
CLM_0002081,PAT_001051
CLM_0002082,PAT_001051
CLM_0002083,PAT_001052
CLM_0002084,PAT_001053
CLM_0002085,PAT_001053
CLM_0002086,PAT_001054
CLM_0002087,PAT_001054
CLM_0002088,PAT_001054
CLM_0002089,PAT_001055
CLM_0002090,PAT_001055
CLM_0002091,PAT_001056
CLM_0002092,PAT_001056
CLM_0002093,PAT_001057
CLM_0002094,PAT_001057
CLM_0002095,PAT_001058
CLM_0002096,PAT_001059
CLM_0002097,PAT_001059
CLM_0002098,PAT_001060
CLM_0002099,PAT_001060
CLM_0002100,PAT_001060
CLM_0002101,PAT_001061
CLM_0002102,PAT_001062
CLM_0002103,PAT_001062
CLM_0002104,PAT_001062
CLM_0002105,PAT_001063
CLM_0002106,PAT_001063
CLM_0002107,PAT_001063
CLM_0002108,PAT_001064
CLM_0002109,PAT_001064
CLM_0002110,PAT_001064
CLM_0002111,PAT_001065
CLM_0002112,PAT_001065
CLM_0002113,PAT_001065
CLM_0002114,PAT_001066
CLM_0002115,PAT_001066
CLM_0002116,PAT_001066
CLM_0002117,PAT_001067
CLM_0002118,PAT_001067
CLM_0002119,PAT_001068
CLM_0002120,PAT_001068
CLM_0002121,PAT_001069
CLM_0002122,PAT_001069
CLM_0002123,PAT_001070
CLM_0002124,PAT_001071
CLM_0002125,PAT_001071
CLM_0002126,PAT_001072
CLM_0002127,PAT_001073
CLM_0002128,PAT_001073
CLM_0002129,PAT_001073
CLM_0002130,PAT_001074
CLM_0002131,PAT_001074
CLM_0002132,PAT_001075
CLM_0002133,PAT_001075
CLM_0002134,PAT_001075
CLM_0002135,PAT_001076
CLM_0002136,PAT_001076
CLM_0002137,PAT_001076
CLM_0002138,PAT_001077
CLM_0002139,PAT_001078
CLM_0002140,PAT_001079
CLM_0002141,PAT_001079
CLM_0002142,PAT_001080
CLM_0002143,PAT_001080
CLM_0002144,PAT_001081
CLM_0002145,PAT_001081
CLM_0002146,PAT_001081
CLM_0002147,PAT_001082
CLM_0002148,PAT_001083
CLM_0002149,PAT_001083
CLM_0002150,PAT_001083
CLM_0002151,PAT_001084
CLM_0002152,PAT_001085
CLM_0002153,PAT_001085
CLM_0002154,PAT_001086
CLM_0002155,PAT_001086
CLM_0002156,PAT_001087
CLM_0002157,PAT_001088
CLM_0002158,PAT_001088
CLM_0002159,PAT_001088
CLM_0002160,PAT_001089
CLM_0002161,PAT_001089
CLM_0002162,PAT_001089
CLM_0002163,PAT_001090
CLM_0002164,PAT_001090
CLM_0002165,PAT_001091
CLM_0002166,PAT_001091
CLM_0002167,PAT_001091
CLM_0002168,PAT_001092
CLM_0002169,PAT_001093
CLM_0002170,PAT_001094
CLM_0002171,PAT_001094
CLM_0002172,PAT_001095
CLM_0002173,PAT_001095
CLM_0002174,PAT_001096
CLM_0002175,PAT_001096
CLM_0002176,PAT_001097
CLM_0002177,PAT_001097
CLM_0002178,PAT_001098
CLM_0002179,PAT_001098
CLM_0002180,PAT_001099
CLM_0002181,PAT_001099
CLM_0002182,PAT_001099
CLM_0002183,PAT_001100
CLM_0002184,PAT_001100
CLM_0002185,PAT_001100
CLM_0002186,PAT_001101
CLM_0002187,PAT_001101
CLM_0002188,PAT_001102
CLM_0002189,PAT_001102
CLM_0002190,PAT_001102
CLM_0002191,PAT_001103
CLM_0002192,PAT_001104
CLM_0002193,PAT_001104
CLM_0002194,PAT_001104
CLM_0002195,PAT_001105
CLM_0002196,PAT_001105
CLM_0002197,PAT_001105
CLM_0002198,PAT_001106
CLM_0002199,PAT_001106
CLM_0002200,PAT_001107
CLM_0002201,PAT_001107
CLM_0002202,PAT_001107
CLM_0002203,PAT_001108
CLM_0002204,PAT_001109
CLM_0002205,PAT_001110
CLM_0002206,PAT_001111
CLM_0002207,PAT_001111
CLM_0002208,PAT_001111
CLM_0002209,PAT_001112
CLM_0002210,PAT_001113
CLM_0002211,PAT_001113
CLM_0002212,PAT_001114
CLM_0002213,PAT_001114
CLM_0002214,PAT_001115
CLM_0002215,PAT_001116
CLM_0002216,PAT_001116
CLM_0002217,PAT_001117
CLM_0002218,PAT_001117
CLM_0002219,PAT_001117
CLM_0002220,PAT_001118
CLM_0002221,PAT_001118
CLM_0002222,PAT_001119
CLM_0002223,PAT_001120
CLM_0002224,PAT_001120
CLM_0002225,PAT_001120
CLM_0002226,PAT_001121
CLM_0002227,PAT_001121
CLM_0002228,PAT_001121
CLM_0002229,PAT_001122
CLM_0002230,PAT_001123
CLM_0002231,PAT_001123
CLM_0002232,PAT_001123
CLM_0002233,PAT_001124
CLM_0002234,PAT_001125
CLM_0002235,PAT_001125
CLM_0002236,PAT_001126
CLM_0002237,PAT_001126
CLM_0002238,PAT_001127
CLM_0002239,PAT_001127
CLM_0002240,PAT_001128
CLM_0002241,PAT_001128
CLM_0002242,PAT_001128
CLM_0002243,PAT_001129
CLM_0002244,PAT_001129
CLM_0002245,PAT_001130
CLM_0002246,PAT_001130
CLM_0002247,PAT_001131
CLM_0002248,PAT_001132
CLM_0002249,PAT_001132
CLM_0002250,PAT_001132
CLM_0002251,PAT_001133
CLM_0002252,PAT_001134
CLM_0002253,PAT_001134
CLM_0002254,PAT_001134
CLM_0002255,PAT_001135
CLM_0002256,PAT_001136
CLM_0002257,PAT_001136
CLM_0002258,PAT_001137
CLM_0002259,PAT_001138
CLM_0002260,PAT_001139
CLM_0002261,PAT_001139
CLM_0002262,PAT_001140
CLM_0002263,PAT_001141
CLM_0002264,PAT_001141
CLM_0002265,PAT_001142
CLM_0002266,PAT_001143
CLM_0002267,PAT_001143
CLM_0002268,PAT_001143
CLM_0002269,PAT_001144
CLM_0002270,PAT_001145
CLM_0002271,PAT_001145
CLM_0002272,PAT_001145
CLM_0002273,PAT_001146
CLM_0002274,PAT_001146
CLM_0002275,PAT_001146
CLM_0002276,PAT_001147
CLM_0002277,PAT_001148
CLM_0002278,PAT_001149
CLM_0002279,PAT_001150
CLM_0002280,PAT_001150
CLM_0002281,PAT_001150
CLM_0002282,PAT_001151
CLM_0002283,PAT_001151
CLM_0002284,PAT_001151
CLM_0002285,PAT_001152
CLM_0002286,PAT_001152
CLM_0002287,PAT_001152
CLM_0002288,PAT_001153
CLM_0002289,PAT_001153
CLM_0002290,PAT_001154
CLM_0002291,PAT_001154
CLM_0002292,PAT_001154
CLM_0002293,PAT_001155
CLM_0002294,PAT_001156
CLM_0002295,PAT_001156
CLM_0002296,PAT_001156
CLM_0002297,PAT_001157
CLM_0002298,PAT_001157
CLM_0002299,PAT_001158
CLM_0002300,PAT_001158
CLM_0002301,PAT_001158
CLM_0002302,PAT_001159
CLM_0002303,PAT_001159
CLM_0002304,PAT_001159
CLM_0002305,PAT_001160
CLM_0002306,PAT_001160
CLM_0002307,PAT_001161
CLM_0002308,PAT_001161
CLM_0002309,PAT_001161
CLM_0002310,PAT_001162
CLM_0002311,PAT_001162
CLM_0002312,PAT_001163
CLM_0002313,PAT_001163
CLM_0002314,PAT_001164
CLM_0002315,PAT_001164
CLM_0002316,PAT_001164
CLM_0002317,PAT_001165
CLM_0002318,PAT_001165
CLM_0002319,PAT_001165
CLM_0002320,PAT_001166
CLM_0002321,PAT_001166
CLM_0002322,PAT_001166
CLM_0002323,PAT_001167
CLM_0002324,PAT_001168
CLM_0002325,PAT_001168
CLM_0002326,PAT_001168
CLM_0002327,PAT_001169
CLM_0002328,PAT_001170
CLM_0002329,PAT_001170
CLM_0002330,PAT_001170
CLM_0002331,PAT_001171
CLM_0002332,PAT_001171
CLM_0002333,PAT_001171
CLM_0002334,PAT_001172
CLM_0002335,PAT_001173
CLM_0002336,PAT_001173
CLM_0002337,PAT_001174
CLM_0002338,PAT_001174
CLM_0002339,PAT_001174
CLM_0002340,PAT_001175
CLM_0002341,PAT_001176
CLM_0002342,PAT_001176
CLM_0002343,PAT_001176
CLM_0002344,PAT_001177
CLM_0002345,PAT_001178
CLM_0002346,PAT_001178
CLM_0002347,PAT_001178
CLM_0002348,PAT_001179
CLM_0002349,PAT_001179
CLM_0002350,PAT_001179
CLM_0002351,PAT_001180
CLM_0002352,PAT_001181
CLM_0002353,PAT_001182
CLM_0002354,PAT_001182
CLM_0002355,PAT_001183
CLM_0002356,PAT_001183
CLM_0002357,PAT_001183
CLM_0002358,PAT_001184
CLM_0002359,PAT_001184
CLM_0002360,PAT_001184
CLM_0002361,PAT_001185
CLM_0002362,PAT_001185
CLM_0002363,PAT_001186
CLM_0002364,PAT_001186
CLM_0002365,PAT_001186
CLM_0002366,PAT_001187
CLM_0002367,PAT_001188
CLM_0002368,PAT_001189
CLM_0002369,PAT_001190
CLM_0002370,PAT_001191
CLM_0002371,PAT_001191
CLM_0002372,PAT_001191
CLM_0002373,PAT_001192
CLM_0002374,PAT_001192
CLM_0002375,PAT_001193
CLM_0002376,PAT_001193
CLM_0002377,PAT_001194
CLM_0002378,PAT_001195
CLM_0002379,PAT_001195
CLM_0002380,PAT_001196
CLM_0002381,PAT_001196
CLM_0002382,PAT_001197
CLM_0002383,PAT_001198
CLM_0002384,PAT_001199
CLM_0002385,PAT_001199
CLM_0002386,PAT_001200
CLM_0002387,PAT_001200
CLM_0002388,PAT_001201
CLM_0002389,PAT_001201
CLM_0002390,PAT_001201
CLM_0002391,PAT_001202
CLM_0002392,PAT_001203
CLM_0002393,PAT_001203
CLM_0002394,PAT_001204
CLM_0002395,PAT_001204
CLM_0002396,PAT_001204
CLM_0002397,PAT_001205
CLM_0002398,PAT_001205
CLM_0002399,PAT_001205
CLM_0002400,PAT_001206
CLM_0002401,PAT_001206
CLM_0002402,PAT_001207
CLM_0002403,PAT_001208
CLM_0002404,PAT_001208
CLM_0002405,PAT_001208
CLM_0002406,PAT_001209
CLM_0002407,PAT_001210
CLM_0002408,PAT_001210
CLM_0002409,PAT_001211
CLM_0002410,PAT_001211
CLM_0002411,PAT_001212
CLM_0002412,PAT_001212
CLM_0002413,PAT_001213
CLM_0002414,PAT_001213
CLM_0002415,PAT_001213
CLM_0002416,PAT_001214
CLM_0002417,PAT_001215
CLM_0002418,PAT_001216
CLM_0002419,PAT_001217
CLM_0002420,PAT_001217
CLM_0002421,PAT_001218
CLM_0002422,PAT_001218
CLM_0002423,PAT_001218
CLM_0002424,PAT_001219
CLM_0002425,PAT_001220
CLM_0002426,PAT_001220
CLM_0002427,PAT_001220
CLM_0002428,PAT_001221
CLM_0002429,PAT_001221
CLM_0002430,PAT_001221
CLM_0002431,PAT_001222
CLM_0002432,PAT_001222
CLM_0002433,PAT_001222
CLM_0002434,PAT_001223
CLM_0002435,PAT_001223
CLM_0002436,PAT_001224
CLM_0002437,PAT_001224
CLM_0002438,PAT_001225
CLM_0002439,PAT_001225
CLM_0002440,PAT_001226
CLM_0002441,PAT_001227
CLM_0002442,PAT_001228
CLM_0002443,PAT_001228
CLM_0002444,PAT_001228
CLM_0002445,PAT_001229
CLM_0002446,PAT_001229
CLM_0002447,PAT_001229
CLM_0002448,PAT_001230
CLM_0002449,PAT_001230
CLM_0002450,PAT_001230
CLM_0002451,PAT_001231
CLM_0002452,PAT_001231
CLM_0002453,PAT_001231
CLM_0002454,PAT_001232
CLM_0002455,PAT_001232
CLM_0002456,PAT_001233
CLM_0002457,PAT_001233
CLM_0002458,PAT_001233
CLM_0002459,PAT_001234
CLM_0002460,PAT_001234
CLM_0002461,PAT_001235
CLM_0002462,PAT_001235
CLM_0002463,PAT_001236
CLM_0002464,PAT_001236
CLM_0002465,PAT_001236
CLM_0002466,PAT_001237
CLM_0002467,PAT_001238
CLM_0002468,PAT_001238
CLM_0002469,PAT_001239
CLM_0002470,PAT_001239
CLM_0002471,PAT_001239
CLM_0002472,PAT_001240
CLM_0002473,PAT_001240
CLM_0002474,PAT_001241
CLM_0002475,PAT_001241
CLM_0002476,PAT_001242
CLM_0002477,PAT_001242
CLM_0002478,PAT_001242
CLM_0002479,PAT_001243
CLM_0002480,PAT_001243
CLM_0002481,PAT_001243
CLM_0002482,PAT_001244
CLM_0002483,PAT_001245
CLM_0002484,PAT_001245
CLM_0002485,PAT_001245
CLM_0002486,PAT_001246
CLM_0002487,PAT_001247
CLM_0002488,PAT_001248
CLM_0002489,PAT_001249
CLM_0002490,PAT_001249
CLM_0002491,PAT_001249
CLM_0002492,PAT_001250
CLM_0002493,PAT_001250
CLM_0002494,PAT_001251
CLM_0002495,PAT_001251
CLM_0002496,PAT_001251
CLM_0002497,PAT_001252
CLM_0002498,PAT_001253
CLM_0002499,PAT_001253
CLM_0002500,PAT_001254
CLM_0002501,PAT_001255
CLM_0002502,PAT_001255
CLM_0002503,PAT_001256
CLM_0002504,PAT_001257
CLM_0002505,PAT_001257
CLM_0002506,PAT_001258
CLM_0002507,PAT_001258
CLM_0002508,PAT_001259
CLM_0002509,PAT_001259
CLM_0002510,PAT_001260
CLM_0002511,PAT_001261
CLM_0002512,PAT_001261
CLM_0002513,PAT_001261
CLM_0002514,PAT_001262
CLM_0002515,PAT_001262
CLM_0002516,PAT_001263
CLM_0002517,PAT_001263
CLM_0002518,PAT_001263
CLM_0002519,PAT_001264
CLM_0002520,PAT_001264
CLM_0002521,PAT_001265
CLM_0002522,PAT_001265
CLM_0002523,PAT_001265
CLM_0002524,PAT_001266
CLM_0002525,PAT_001266
CLM_0002526,PAT_001267
CLM_0002527,PAT_001267
CLM_0002528,PAT_001267
CLM_0002529,PAT_001268
CLM_0002530,PAT_001268
CLM_0002531,PAT_001268
CLM_0002532,PAT_001269
CLM_0002533,PAT_001269
CLM_0002534,PAT_001269
CLM_0002535,PAT_001270
CLM_0002536,PAT_001270
CLM_0002537,PAT_001271
CLM_0002538,PAT_001272
CLM_0002539,PAT_001273
CLM_0002540,PAT_001273
CLM_0002541,PAT_001274
CLM_0002542,PAT_001275
CLM_0002543,PAT_001275
CLM_0002544,PAT_001275
CLM_0002545,PAT_001276
CLM_0002546,PAT_001276
CLM_0002547,PAT_001277
CLM_0002548,PAT_001278
CLM_0002549,PAT_001278
CLM_0002550,PAT_001278
CLM_0002551,PAT_001279
CLM_0002552,PAT_001279
CLM_0002553,PAT_001279
CLM_0002554,PAT_001280
CLM_0002555,PAT_001281
CLM_0002556,PAT_001281
CLM_0002557,PAT_001281
CLM_0002558,PAT_001282
CLM_0002559,PAT_001283
CLM_0002560,PAT_001283
CLM_0002561,PAT_001283
CLM_0002562,PAT_001284
CLM_0002563,PAT_001284
CLM_0002564,PAT_001285
CLM_0002565,PAT_001285
CLM_0002566,PAT_001286
CLM_0002567,PAT_001287
CLM_0002568,PAT_001287
CLM_0002569,PAT_001288
CLM_0002570,PAT_001288
CLM_0002571,PAT_001288
CLM_0002572,PAT_001289
CLM_0002573,PAT_001289
CLM_0002574,PAT_001289
CLM_0002575,PAT_001290
CLM_0002576,PAT_001291
CLM_0002577,PAT_001292
CLM_0002578,PAT_001293
CLM_0002579,PAT_001293
CLM_0002580,PAT_001293
CLM_0002581,PAT_001294
CLM_0002582,PAT_001294
CLM_0002583,PAT_001294
CLM_0002584,PAT_001295
CLM_0002585,PAT_001295
CLM_0002586,PAT_001295
CLM_0002587,PAT_001296
CLM_0002588,PAT_001296
CLM_0002589,PAT_001296
CLM_0002590,PAT_001297
CLM_0002591,PAT_001297
CLM_0002592,PAT_001297
CLM_0002593,PAT_001298
CLM_0002594,PAT_001298
CLM_0002595,PAT_001298
CLM_0002596,PAT_001299
CLM_0002597,PAT_001299
CLM_0002598,PAT_001299
CLM_0002599,PAT_001300
CLM_0002600,PAT_001301
CLM_0002601,PAT_001301
CLM_0002602,PAT_001301
CLM_0002603,PAT_001302
CLM_0002604,PAT_001302
CLM_0002605,PAT_001302
CLM_0002606,PAT_001303
CLM_0002607,PAT_001304
CLM_0002608,PAT_001304
CLM_0002609,PAT_001305
CLM_0002610,PAT_001305
CLM_0002611,PAT_001305
CLM_0002612,PAT_001306
CLM_0002613,PAT_001306
CLM_0002614,PAT_001307
CLM_0002615,PAT_001307
CLM_0002616,PAT_001308
CLM_0002617,PAT_001308
CLM_0002618,PAT_001308
CLM_0002619,PAT_001309
CLM_0002620,PAT_001309
CLM_0002621,PAT_001309
CLM_0002622,PAT_001310
CLM_0002623,PAT_001310
CLM_0002624,PAT_001311
CLM_0002625,PAT_001311
CLM_0002626,PAT_001312
CLM_0002627,PAT_001313
CLM_0002628,PAT_001313
CLM_0002629,PAT_001314
CLM_0002630,PAT_001314
CLM_0002631,PAT_001315
CLM_0002632,PAT_001315
CLM_0002633,PAT_001316
CLM_0002634,PAT_001316
CLM_0002635,PAT_001316
CLM_0002636,PAT_001317
CLM_0002637,PAT_001317
CLM_0002638,PAT_001318
CLM_0002639,PAT_001318
CLM_0002640,PAT_001318
CLM_0002641,PAT_001319
CLM_0002642,PAT_001319
CLM_0002643,PAT_001319
CLM_0002644,PAT_001320
CLM_0002645,PAT_001320
CLM_0002646,PAT_001321
CLM_0002647,PAT_001321
CLM_0002648,PAT_001322
CLM_0002649,PAT_001322
CLM_0002650,PAT_001322
CLM_0002651,PAT_001323
CLM_0002652,PAT_001324
CLM_0002653,PAT_001324
CLM_0002654,PAT_001325
CLM_0002655,PAT_001325
CLM_0002656,PAT_001326
CLM_0002657,PAT_001327
CLM_0002658,PAT_001328
CLM_0002659,PAT_001329
CLM_0002660,PAT_001330
CLM_0002661,PAT_001331
CLM_0002662,PAT_001331
CLM_0002663,PAT_001332
CLM_0002664,PAT_001333
CLM_0002665,PAT_001333
CLM_0002666,PAT_001333
CLM_0002667,PAT_001334
CLM_0002668,PAT_001334
CLM_0002669,PAT_001334
CLM_0002670,PAT_001335
CLM_0002671,PAT_001336
CLM_0002672,PAT_001337
CLM_0002673,PAT_001337
CLM_0002674,PAT_001337
CLM_0002675,PAT_001338
CLM_0002676,PAT_001339
CLM_0002677,PAT_001339
CLM_0002678,PAT_001339
CLM_0002679,PAT_001340
CLM_0002680,PAT_001340
CLM_0002681,PAT_001340
CLM_0002682,PAT_001341
CLM_0002683,PAT_001342
CLM_0002684,PAT_001342
CLM_0002685,PAT_001342
CLM_0002686,PAT_001343
CLM_0002687,PAT_001344
CLM_0002688,PAT_001344
CLM_0002689,PAT_001344
CLM_0002690,PAT_001345
CLM_0002691,PAT_001345
CLM_0002692,PAT_001346
CLM_0002693,PAT_001346
CLM_0002694,PAT_001346
CLM_0002695,PAT_001347
CLM_0002696,PAT_001347
CLM_0002697,PAT_001347
CLM_0002698,PAT_001348
CLM_0002699,PAT_001348
CLM_0002700,PAT_001348
CLM_0002701,PAT_001349
CLM_0002702,PAT_001350
CLM_0002703,PAT_001350
CLM_0002704,PAT_001350
CLM_0002705,PAT_001351
CLM_0002706,PAT_001351
CLM_0002707,PAT_001352
CLM_0002708,PAT_001352
CLM_0002709,PAT_001352
CLM_0002710,PAT_001353
CLM_0002711,PAT_001353
CLM_0002712,PAT_001354
CLM_0002713,PAT_001355
CLM_0002714,PAT_001355
CLM_0002715,PAT_001356
CLM_0002716,PAT_001356
CLM_0002717,PAT_001356
CLM_0002718,PAT_001357
CLM_0002719,PAT_001357
CLM_0002720,PAT_001357
CLM_0002721,PAT_001358
CLM_0002722,PAT_001359
CLM_0002723,PAT_001359
CLM_0002724,PAT_001360
CLM_0002725,PAT_001360
CLM_0002726,PAT_001360
CLM_0002727,PAT_001361
CLM_0002728,PAT_001361
CLM_0002729,PAT_001361
CLM_0002730,PAT_001362
CLM_0002731,PAT_001363
CLM_0002732,PAT_001363
CLM_0002733,PAT_001364
CLM_0002734,PAT_001364
CLM_0002735,PAT_001365
CLM_0002736,PAT_001366
CLM_0002737,PAT_001366
CLM_0002738,PAT_001366
CLM_0002739,PAT_001367
CLM_0002740,PAT_001368
CLM_0002741,PAT_001368
CLM_0002742,PAT_001369
CLM_0002743,PAT_001369
CLM_0002744,PAT_001369
CLM_0002745,PAT_001370
CLM_0002746,PAT_001371
CLM_0002747,PAT_001372
CLM_0002748,PAT_001372
CLM_0002749,PAT_001373
CLM_0002750,PAT_001373
CLM_0002751,PAT_001373
CLM_0002752,PAT_001374
CLM_0002753,PAT_001375
CLM_0002754,PAT_001375
CLM_0002755,PAT_001375
CLM_0002756,PAT_001376
CLM_0002757,PAT_001376
CLM_0002758,PAT_001376
CLM_0002759,PAT_001377
CLM_0002760,PAT_001377
CLM_0002761,PAT_001377
CLM_0002762,PAT_001378
CLM_0002763,PAT_001378
CLM_0002764,PAT_001379
CLM_0002765,PAT_001380
CLM_0002766,PAT_001381
CLM_0002767,PAT_001382
CLM_0002768,PAT_001382
CLM_0002769,PAT_001382
CLM_0002770,PAT_001383
CLM_0002771,PAT_001383
CLM_0002772,PAT_001383
CLM_0002773,PAT_001384
CLM_0002774,PAT_001385
CLM_0002775,PAT_001385
CLM_0002776,PAT_001386
CLM_0002777,PAT_001386
CLM_0002778,PAT_001386
CLM_0002779,PAT_001387
CLM_0002780,PAT_001387
CLM_0002781,PAT_001388
CLM_0002782,PAT_001388
CLM_0002783,PAT_001389
CLM_0002784,PAT_001389
CLM_0002785,PAT_001389
CLM_0002786,PAT_001390
CLM_0002787,PAT_001390
CLM_0002788,PAT_001390
CLM_0002789,PAT_001391
CLM_0002790,PAT_001392
CLM_0002791,PAT_001393
CLM_0002792,PAT_001393
CLM_0002793,PAT_001394
CLM_0002794,PAT_001394
CLM_0002795,PAT_001394
CLM_0002796,PAT_001395
CLM_0002797,PAT_001396
CLM_0002798,PAT_001396
CLM_0002799,PAT_001396
CLM_0002800,PAT_001397
CLM_0002801,PAT_001397
CLM_0002802,PAT_001398
CLM_0002803,PAT_001399
CLM_0002804,PAT_001399
CLM_0002805,PAT_001399
CLM_0002806,PAT_001400
CLM_0002807,PAT_001400
CLM_0002808,PAT_001400
CLM_0002809,PAT_001401
CLM_0002810,PAT_001401
CLM_0002811,PAT_001401
CLM_0002812,PAT_001402
CLM_0002813,PAT_001403
CLM_0002814,PAT_001404
CLM_0002815,PAT_001405
CLM_0002816,PAT_001406
CLM_0002817,PAT_001406
CLM_0002818,PAT_001407
CLM_0002819,PAT_001407
CLM_0002820,PAT_001407
CLM_0002821,PAT_001408
CLM_0002822,PAT_001408
CLM_0002823,PAT_001409
CLM_0002824,PAT_001409
CLM_0002825,PAT_001409
CLM_0002826,PAT_001410
CLM_0002827,PAT_001411
CLM_0002828,PAT_001411
CLM_0002829,PAT_001411
CLM_0002830,PAT_001412
CLM_0002831,PAT_001412
CLM_0002832,PAT_001412
CLM_0002833,PAT_001413
CLM_0002834,PAT_001413
CLM_0002835,PAT_001414
CLM_0002836,PAT_001415
CLM_0002837,PAT_001415
CLM_0002838,PAT_001416
CLM_0002839,PAT_001416
CLM_0002840,PAT_001416
CLM_0002841,PAT_001417
CLM_0002842,PAT_001417
CLM_0002843,PAT_001417
CLM_0002844,PAT_001418
CLM_0002845,PAT_001418
CLM_0002846,PAT_001418
CLM_0002847,PAT_001419
CLM_0002848,PAT_001419
CLM_0002849,PAT_001420
CLM_0002850,PAT_001420
CLM_0002851,PAT_001421
CLM_0002852,PAT_001422
CLM_0002853,PAT_001422
CLM_0002854,PAT_001422
CLM_0002855,PAT_001423
CLM_0002856,PAT_001424
CLM_0002857,PAT_001425
CLM_0002858,PAT_001425
CLM_0002859,PAT_001425
CLM_0002860,PAT_001426
CLM_0002861,PAT_001427
CLM_0002862,PAT_001428
CLM_0002863,PAT_001428
CLM_0002864,PAT_001428
CLM_0002865,PAT_001429
CLM_0002866,PAT_001430
CLM_0002867,PAT_001430
CLM_0002868,PAT_001431
CLM_0002869,PAT_001432
CLM_0002870,PAT_001432
CLM_0002871,PAT_001433
CLM_0002872,PAT_001434
CLM_0002873,PAT_001435
CLM_0002874,PAT_001436
CLM_0002875,PAT_001436
CLM_0002876,PAT_001436
CLM_0002877,PAT_001437
CLM_0002878,PAT_001437
CLM_0002879,PAT_001438
CLM_0002880,PAT_001438
CLM_0002881,PAT_001439
CLM_0002882,PAT_001439
CLM_0002883,PAT_001439
CLM_0002884,PAT_001440
CLM_0002885,PAT_001440
CLM_0002886,PAT_001440
CLM_0002887,PAT_001441
CLM_0002888,PAT_001441
CLM_0002889,PAT_001441
CLM_0002890,PAT_001442
CLM_0002891,PAT_001442
CLM_0002892,PAT_001443
CLM_0002893,PAT_001443
CLM_0002894,PAT_001443
CLM_0002895,PAT_001444
CLM_0002896,PAT_001445
CLM_0002897,PAT_001445
CLM_0002898,PAT_001445
CLM_0002899,PAT_001446
CLM_0002900,PAT_001447
CLM_0002901,PAT_001448
CLM_0002902,PAT_001449
CLM_0002903,PAT_001450
CLM_0002904,PAT_001451
CLM_0002905,PAT_001451
CLM_0002906,PAT_001451
CLM_0002907,PAT_001452
CLM_0002908,PAT_001453
CLM_0002909,PAT_001453
CLM_0002910,PAT_001454
CLM_0002911,PAT_001455
CLM_0002912,PAT_001456
CLM_0002913,PAT_001457
CLM_0002914,PAT_001458
CLM_0002915,PAT_001458
CLM_0002916,PAT_001459
CLM_0002917,PAT_001459
CLM_0002918,PAT_001460
CLM_0002919,PAT_001460
CLM_0002920,PAT_001461
CLM_0002921,PAT_001461
CLM_0002922,PAT_001462
CLM_0002923,PAT_001463
CLM_0002924,PAT_001464
CLM_0002925,PAT_001464
CLM_0002926,PAT_001464
CLM_0002927,PAT_001465
CLM_0002928,PAT_001466
CLM_0002929,PAT_001466
CLM_0002930,PAT_001466
CLM_0002931,PAT_001467
CLM_0002932,PAT_001467
CLM_0002933,PAT_001468
CLM_0002934,PAT_001468
CLM_0002935,PAT_001468
CLM_0002936,PAT_001469
CLM_0002937,PAT_001469
CLM_0002938,PAT_001469
CLM_0002939,PAT_001470
CLM_0002940,PAT_001470
CLM_0002941,PAT_001470
CLM_0002942,PAT_001471
CLM_0002943,PAT_001472
CLM_0002944,PAT_001473
CLM_0002945,PAT_001473
CLM_0002946,PAT_001473
CLM_0002947,PAT_001474
CLM_0002948,PAT_001474
CLM_0002949,PAT_001474
CLM_0002950,PAT_001475
CLM_0002951,PAT_001476
CLM_0002952,PAT_001477
CLM_0002953,PAT_001477
CLM_0002954,PAT_001477
CLM_0002955,PAT_001478
CLM_0002956,PAT_001479
CLM_0002957,PAT_001479
CLM_0002958,PAT_001479
CLM_0002959,PAT_001480
CLM_0002960,PAT_001480
CLM_0002961,PAT_001480
CLM_0002962,PAT_001481
CLM_0002963,PAT_001481
CLM_0002964,PAT_001482
CLM_0002965,PAT_001482
CLM_0002966,PAT_001483
CLM_0002967,PAT_001483
CLM_0002968,PAT_001483
CLM_0002969,PAT_001484
CLM_0002970,PAT_001484
CLM_0002971,PAT_001485
CLM_0002972,PAT_001485
CLM_0002973,PAT_001485
CLM_0002974,PAT_001486
CLM_0002975,PAT_001487
CLM_0002976,PAT_001488
CLM_0002977,PAT_001488
CLM_0002978,PAT_001488
CLM_0002979,PAT_001489
CLM_0002980,PAT_001489
CLM_0002981,PAT_001489
CLM_0002982,PAT_001490
CLM_0002983,PAT_001490
CLM_0002984,PAT_001490
CLM_0002985,PAT_001491
CLM_0002986,PAT_001491
CLM_0002987,PAT_001492
CLM_0002988,PAT_001492
CLM_0002989,PAT_001492
CLM_0002990,PAT_001493
CLM_0002991,PAT_001493
CLM_0002992,PAT_001494
CLM_0002993,PAT_001494
CLM_0002994,PAT_001494
CLM_0002995,PAT_001495
CLM_0002996,PAT_001495
CLM_0002997,PAT_001496
CLM_0002998,PAT_001497
CLM_0002999,PAT_001498
CLM_0003000,PAT_001498
CLM_0003001,PAT_001498
CLM_0003002,PAT_001499
CLM_0003003,PAT_001499
CLM_0003004,PAT_001499
CLM_0003005,PAT_001500
CLM_0003006,PAT_001500
CLM_0003007,PAT_001500
CLM_0003008,PAT_001501
CLM_0003009,PAT_001501
CLM_0003010,PAT_001501
CLM_0003011,PAT_001502
CLM_0003012,PAT_001502
CLM_0003013,PAT_001503
CLM_0003014,PAT_001504
CLM_0003015,PAT_001505
CLM_0003016,PAT_001506
CLM_0003017,PAT_001507
CLM_0003018,PAT_001507
CLM_0003019,PAT_001508
CLM_0003020,PAT_001508
CLM_0003021,PAT_001508
CLM_0003022,PAT_001509
CLM_0003023,PAT_001509
CLM_0003024,PAT_001509
CLM_0003025,PAT_001510
CLM_0003026,PAT_001510
CLM_0003027,PAT_001510
CLM_0003028,PAT_001511
CLM_0003029,PAT_001512
CLM_0003030,PAT_001512
CLM_0003031,PAT_001512
CLM_0003032,PAT_001513
CLM_0003033,PAT_001514
CLM_0003034,PAT_001514
CLM_0003035,PAT_001515
CLM_0003036,PAT_001515
CLM_0003037,PAT_001516
CLM_0003038,PAT_001517
CLM_0003039,PAT_001518
CLM_0003040,PAT_001518
CLM_0003041,PAT_001518
CLM_0003042,PAT_001519
CLM_0003043,PAT_001519
CLM_0003044,PAT_001520
CLM_0003045,PAT_001520
CLM_0003046,PAT_001520
CLM_0003047,PAT_001521
CLM_0003048,PAT_001522
CLM_0003049,PAT_001522
CLM_0003050,PAT_001522
CLM_0003051,PAT_001523
CLM_0003052,PAT_001524
CLM_0003053,PAT_001524
CLM_0003054,PAT_001524
CLM_0003055,PAT_001525
CLM_0003056,PAT_001526
CLM_0003057,PAT_001526
CLM_0003058,PAT_001526
CLM_0003059,PAT_001527
CLM_0003060,PAT_001527
CLM_0003061,PAT_001528
CLM_0003062,PAT_001528
CLM_0003063,PAT_001528
CLM_0003064,PAT_001529
CLM_0003065,PAT_001529
CLM_0003066,PAT_001529
CLM_0003067,PAT_001530
CLM_0003068,PAT_001530
CLM_0003069,PAT_001531
CLM_0003070,PAT_001531
CLM_0003071,PAT_001532
CLM_0003072,PAT_001532
CLM_0003073,PAT_001533
CLM_0003074,PAT_001533
CLM_0003075,PAT_001533
CLM_0003076,PAT_001534
CLM_0003077,PAT_001534
CLM_0003078,PAT_001534
CLM_0003079,PAT_001535
CLM_0003080,PAT_001535
CLM_0003081,PAT_001535
CLM_0003082,PAT_001536
CLM_0003083,PAT_001536
CLM_0003084,PAT_001536
CLM_0003085,PAT_001537
CLM_0003086,PAT_001537
CLM_0003087,PAT_001537
CLM_0003088,PAT_001538
CLM_0003089,PAT_001538
CLM_0003090,PAT_001538
CLM_0003091,PAT_001539
CLM_0003092,PAT_001539
CLM_0003093,PAT_001539
CLM_0003094,PAT_001540
CLM_0003095,PAT_001540
CLM_0003096,PAT_001541
CLM_0003097,PAT_001541
CLM_0003098,PAT_001542
CLM_0003099,PAT_001543
CLM_0003100,PAT_001543
CLM_0003101,PAT_001544
CLM_0003102,PAT_001544
CLM_0003103,PAT_001545
CLM_0003104,PAT_001545
CLM_0003105,PAT_001545
CLM_0003106,PAT_001546
CLM_0003107,PAT_001546
CLM_0003108,PAT_001546
CLM_0003109,PAT_001547
CLM_0003110,PAT_001547
CLM_0003111,PAT_001548
CLM_0003112,PAT_001548
CLM_0003113,PAT_001549
CLM_0003114,PAT_001549
CLM_0003115,PAT_001550
CLM_0003116,PAT_001551
CLM_0003117,PAT_001551
CLM_0003118,PAT_001551
CLM_0003119,PAT_001552
CLM_0003120,PAT_001553
CLM_0003121,PAT_001554
CLM_0003122,PAT_001554
CLM_0003123,PAT_001555
CLM_0003124,PAT_001555
CLM_0003125,PAT_001556
CLM_0003126,PAT_001557
CLM_0003127,PAT_001557
CLM_0003128,PAT_001557
CLM_0003129,PAT_001558
CLM_0003130,PAT_001559
CLM_0003131,PAT_001560
CLM_0003132,PAT_001561
CLM_0003133,PAT_001561
CLM_0003134,PAT_001561
CLM_0003135,PAT_001562
CLM_0003136,PAT_001563
CLM_0003137,PAT_001563
CLM_0003138,PAT_001563
CLM_0003139,PAT_001564
CLM_0003140,PAT_001565
CLM_0003141,PAT_001565
CLM_0003142,PAT_001565
CLM_0003143,PAT_001566
CLM_0003144,PAT_001567
CLM_0003145,PAT_001567
CLM_0003146,PAT_001568
CLM_0003147,PAT_001569
CLM_0003148,PAT_001569
CLM_0003149,PAT_001570
CLM_0003150,PAT_001570
CLM_0003151,PAT_001571
CLM_0003152,PAT_001572
CLM_0003153,PAT_001572
CLM_0003154,PAT_001573
CLM_0003155,PAT_001574
CLM_0003156,PAT_001574
CLM_0003157,PAT_001575
CLM_0003158,PAT_001575
CLM_0003159,PAT_001575
CLM_0003160,PAT_001576
CLM_0003161,PAT_001577
CLM_0003162,PAT_001577
CLM_0003163,PAT_001577
CLM_0003164,PAT_001578
CLM_0003165,PAT_001579
CLM_0003166,PAT_001579
CLM_0003167,PAT_001579
CLM_0003168,PAT_001580
CLM_0003169,PAT_001580
CLM_0003170,PAT_001581
CLM_0003171,PAT_001581
CLM_0003172,PAT_001582
CLM_0003173,PAT_001583
CLM_0003174,PAT_001583
CLM_0003175,PAT_001584
CLM_0003176,PAT_001585
CLM_0003177,PAT_001585
CLM_0003178,PAT_001585
CLM_0003179,PAT_001586
CLM_0003180,PAT_001587
CLM_0003181,PAT_001587
CLM_0003182,PAT_001587
CLM_0003183,PAT_001588
CLM_0003184,PAT_001588
CLM_0003185,PAT_001588
CLM_0003186,PAT_001589
CLM_0003187,PAT_001590
CLM_0003188,PAT_001591
CLM_0003189,PAT_001591
CLM_0003190,PAT_001592
CLM_0003191,PAT_001593
CLM_0003192,PAT_001593
CLM_0003193,PAT_001594
CLM_0003194,PAT_001594
CLM_0003195,PAT_001594
CLM_0003196,PAT_001595
CLM_0003197,PAT_001595
CLM_0003198,PAT_001596
CLM_0003199,PAT_001596
CLM_0003200,PAT_001597
CLM_0003201,PAT_001597
CLM_0003202,PAT_001598
CLM_0003203,PAT_001599
CLM_0003204,PAT_001599
CLM_0003205,PAT_001600
CLM_0003206,PAT_001601
CLM_0003207,PAT_001601
CLM_0003208,PAT_001602
CLM_0003209,PAT_001602
CLM_0003210,PAT_001602
CLM_0003211,PAT_001603
CLM_0003212,PAT_001603
CLM_0003213,PAT_001604
CLM_0003214,PAT_001604
CLM_0003215,PAT_001604
CLM_0003216,PAT_001605
CLM_0003217,PAT_001606
CLM_0003218,PAT_001606
CLM_0003219,PAT_001607
CLM_0003220,PAT_001607
CLM_0003221,PAT_001608
CLM_0003222,PAT_001608
CLM_0003223,PAT_001609
CLM_0003224,PAT_001610
CLM_0003225,PAT_001610
CLM_0003226,PAT_001611
CLM_0003227,PAT_001611
CLM_0003228,PAT_001612
CLM_0003229,PAT_001613
CLM_0003230,PAT_001614
CLM_0003231,PAT_001614
CLM_0003232,PAT_001614
CLM_0003233,PAT_001615
CLM_0003234,PAT_001615
CLM_0003235,PAT_001616
CLM_0003236,PAT_001616
CLM_0003237,PAT_001617
CLM_0003238,PAT_001618
CLM_0003239,PAT_001618
CLM_0003240,PAT_001618
CLM_0003241,PAT_001619
CLM_0003242,PAT_001620
CLM_0003243,PAT_001620
CLM_0003244,PAT_001621
CLM_0003245,PAT_001621
CLM_0003246,PAT_001622
CLM_0003247,PAT_001622
CLM_0003248,PAT_001623
CLM_0003249,PAT_001623
CLM_0003250,PAT_001623
CLM_0003251,PAT_001624
CLM_0003252,PAT_001624
CLM_0003253,PAT_001625
CLM_0003254,PAT_001625
CLM_0003255,PAT_001625
CLM_0003256,PAT_001626
CLM_0003257,PAT_001626
CLM_0003258,PAT_001626
CLM_0003259,PAT_001627
CLM_0003260,PAT_001627
CLM_0003261,PAT_001627
CLM_0003262,PAT_001628
CLM_0003263,PAT_001628
CLM_0003264,PAT_001628
CLM_0003265,PAT_001629
CLM_0003266,PAT_001630
CLM_0003267,PAT_001630
CLM_0003268,PAT_001630
CLM_0003269,PAT_001631
CLM_0003270,PAT_001631
CLM_0003271,PAT_001632
CLM_0003272,PAT_001632
CLM_0003273,PAT_001632
CLM_0003274,PAT_001633
CLM_0003275,PAT_001634
CLM_0003276,PAT_001634
CLM_0003277,PAT_001635
CLM_0003278,PAT_001635
CLM_0003279,PAT_001635
CLM_0003280,PAT_001636
CLM_0003281,PAT_001637
CLM_0003282,PAT_001638
CLM_0003283,PAT_001639
CLM_0003284,PAT_001640
CLM_0003285,PAT_001640
CLM_0003286,PAT_001640
CLM_0003287,PAT_001641
CLM_0003288,PAT_001642
CLM_0003289,PAT_001643
CLM_0003290,PAT_001643
CLM_0003291,PAT_001644
CLM_0003292,PAT_001645
CLM_0003293,PAT_001645
CLM_0003294,PAT_001646
CLM_0003295,PAT_001646
CLM_0003296,PAT_001646
CLM_0003297,PAT_001647
CLM_0003298,PAT_001648
CLM_0003299,PAT_001648
CLM_0003300,PAT_001648
CLM_0003301,PAT_001649
CLM_0003302,PAT_001649
CLM_0003303,PAT_001649
CLM_0003304,PAT_001650
CLM_0003305,PAT_001650
CLM_0003306,PAT_001650
CLM_0003307,PAT_001651
CLM_0003308,PAT_001652
CLM_0003309,PAT_001653
CLM_0003310,PAT_001653
CLM_0003311,PAT_001654
CLM_0003312,PAT_001655
CLM_0003313,PAT_001655
CLM_0003314,PAT_001655
CLM_0003315,PAT_001656
CLM_0003316,PAT_001656
CLM_0003317,PAT_001656
CLM_0003318,PAT_001657
CLM_0003319,PAT_001657
CLM_0003320,PAT_001658
CLM_0003321,PAT_001658
CLM_0003322,PAT_001658
CLM_0003323,PAT_001659
CLM_0003324,PAT_001660
CLM_0003325,PAT_001660
CLM_0003326,PAT_001660
CLM_0003327,PAT_001661
CLM_0003328,PAT_001662
CLM_0003329,PAT_001662
CLM_0003330,PAT_001663
CLM_0003331,PAT_001663
CLM_0003332,PAT_001663
CLM_0003333,PAT_001664
CLM_0003334,PAT_001664
CLM_0003335,PAT_001664
CLM_0003336,PAT_001665
CLM_0003337,PAT_001665
CLM_0003338,PAT_001666
CLM_0003339,PAT_001666
CLM_0003340,PAT_001667
CLM_0003341,PAT_001668
CLM_0003342,PAT_001669
CLM_0003343,PAT_001670
CLM_0003344,PAT_001671
CLM_0003345,PAT_001671
CLM_0003346,PAT_001671
CLM_0003347,PAT_001672
CLM_0003348,PAT_001672
CLM_0003349,PAT_001673
CLM_0003350,PAT_001674
CLM_0003351,PAT_001674
CLM_0003352,PAT_001674
CLM_0003353,PAT_001675
CLM_0003354,PAT_001676
CLM_0003355,PAT_001676
CLM_0003356,PAT_001677
CLM_0003357,PAT_001677
CLM_0003358,PAT_001678
CLM_0003359,PAT_001678
CLM_0003360,PAT_001678
CLM_0003361,PAT_001679
CLM_0003362,PAT_001679
CLM_0003363,PAT_001680
CLM_0003364,PAT_001680
CLM_0003365,PAT_001681
CLM_0003366,PAT_001682
CLM_0003367,PAT_001682
CLM_0003368,PAT_001683
CLM_0003369,PAT_001684
CLM_0003370,PAT_001684
CLM_0003371,PAT_001684
CLM_0003372,PAT_001685
CLM_0003373,PAT_001686
CLM_0003374,PAT_001686
CLM_0003375,PAT_001687
CLM_0003376,PAT_001688
CLM_0003377,PAT_001689
CLM_0003378,PAT_001689
CLM_0003379,PAT_001689
CLM_0003380,PAT_001690
CLM_0003381,PAT_001691
CLM_0003382,PAT_001692
CLM_0003383,PAT_001693
CLM_0003384,PAT_001693
CLM_0003385,PAT_001694
CLM_0003386,PAT_001695
CLM_0003387,PAT_001696
CLM_0003388,PAT_001696
CLM_0003389,PAT_001697
CLM_0003390,PAT_001697
CLM_0003391,PAT_001698
CLM_0003392,PAT_001699
CLM_0003393,PAT_001699
CLM_0003394,PAT_001700
CLM_0003395,PAT_001700
CLM_0003396,PAT_001701
CLM_0003397,PAT_001701
CLM_0003398,PAT_001701
CLM_0003399,PAT_001702
CLM_0003400,PAT_001702
CLM_0003401,PAT_001702
CLM_0003402,PAT_001703
CLM_0003403,PAT_001703
CLM_0003404,PAT_001703
CLM_0003405,PAT_001704
CLM_0003406,PAT_001704
CLM_0003407,PAT_001704
CLM_0003408,PAT_001705
CLM_0003409,PAT_001706
CLM_0003410,PAT_001707
CLM_0003411,PAT_001707
CLM_0003412,PAT_001708
CLM_0003413,PAT_001709
CLM_0003414,PAT_001709
CLM_0003415,PAT_001710
CLM_0003416,PAT_001711
CLM_0003417,PAT_001712
CLM_0003418,PAT_001712
CLM_0003419,PAT_001713
CLM_0003420,PAT_001713
CLM_0003421,PAT_001713
CLM_0003422,PAT_001714
CLM_0003423,PAT_001715
CLM_0003424,PAT_001716
CLM_0003425,PAT_001717
CLM_0003426,PAT_001718
CLM_0003427,PAT_001719
CLM_0003428,PAT_001719
CLM_0003429,PAT_001719
CLM_0003430,PAT_001720
CLM_0003431,PAT_001720
CLM_0003432,PAT_001721
CLM_0003433,PAT_001722
CLM_0003434,PAT_001722
CLM_0003435,PAT_001723
CLM_0003436,PAT_001723
CLM_0003437,PAT_001723
CLM_0003438,PAT_001724
CLM_0003439,PAT_001724
CLM_0003440,PAT_001725
CLM_0003441,PAT_001726
CLM_0003442,PAT_001727
CLM_0003443,PAT_001727
CLM_0003444,PAT_001727
CLM_0003445,PAT_001728
CLM_0003446,PAT_001728
CLM_0003447,PAT_001729
CLM_0003448,PAT_001729
CLM_0003449,PAT_001730
CLM_0003450,PAT_001731
CLM_0003451,PAT_001732
CLM_0003452,PAT_001733
CLM_0003453,PAT_001733
CLM_0003454,PAT_001733
CLM_0003455,PAT_001734
CLM_0003456,PAT_001735
CLM_0003457,PAT_001735
CLM_0003458,PAT_001736
CLM_0003459,PAT_001736
CLM_0003460,PAT_001737
CLM_0003461,PAT_001737
CLM_0003462,PAT_001737
CLM_0003463,PAT_001738
CLM_0003464,PAT_001738
CLM_0003465,PAT_001739
CLM_0003466,PAT_001740
CLM_0003467,PAT_001740
CLM_0003468,PAT_001741
CLM_0003469,PAT_001741
CLM_0003470,PAT_001742
CLM_0003471,PAT_001742
CLM_0003472,PAT_001742
CLM_0003473,PAT_001743
CLM_0003474,PAT_001743
CLM_0003475,PAT_001743
CLM_0003476,PAT_001744
CLM_0003477,PAT_001744
CLM_0003478,PAT_001744
CLM_0003479,PAT_001745
CLM_0003480,PAT_001746
CLM_0003481,PAT_001746
CLM_0003482,PAT_001747
CLM_0003483,PAT_001747
CLM_0003484,PAT_001747
CLM_0003485,PAT_001748
CLM_0003486,PAT_001748
CLM_0003487,PAT_001749
CLM_0003488,PAT_001750
CLM_0003489,PAT_001751
CLM_0003490,PAT_001751
CLM_0003491,PAT_001751
CLM_0003492,PAT_001752
CLM_0003493,PAT_001752
CLM_0003494,PAT_001752
CLM_0003495,PAT_001753
CLM_0003496,PAT_001753
CLM_0003497,PAT_001753
CLM_0003498,PAT_001754
CLM_0003499,PAT_001754
CLM_0003500,PAT_001754
CLM_0003501,PAT_001755
CLM_0003502,PAT_001756
CLM_0003503,PAT_001757
CLM_0003504,PAT_001757
CLM_0003505,PAT_001757
CLM_0003506,PAT_001758
CLM_0003507,PAT_001759
CLM_0003508,PAT_001760
CLM_0003509,PAT_001761
CLM_0003510,PAT_001761
CLM_0003511,PAT_001762
CLM_0003512,PAT_001762
CLM_0003513,PAT_001762
CLM_0003514,PAT_001763
CLM_0003515,PAT_001763
CLM_0003516,PAT_001763
CLM_0003517,PAT_001764
CLM_0003518,PAT_001764
CLM_0003519,PAT_001765
CLM_0003520,PAT_001765
CLM_0003521,PAT_001766
CLM_0003522,PAT_001767
CLM_0003523,PAT_001767
CLM_0003524,PAT_001767
CLM_0003525,PAT_001768
CLM_0003526,PAT_001768
CLM_0003527,PAT_010003
CLM_0003528,PAT_010003
CLM_0003529,PAT_001770
CLM_0003530,PAT_001770
CLM_0003531,PAT_001770
CLM_0003532,PAT_001771
CLM_0003533,PAT_001772
CLM_0003534,PAT_001772
CLM_0003535,PAT_001773
CLM_0003536,PAT_001773
CLM_0003537,PAT_001774
CLM_0003538,PAT_001775
CLM_0003539,PAT_001776
CLM_0003540,PAT_001777
CLM_0003541,PAT_001777
CLM_0003542,PAT_001777
CLM_0003543,PAT_001778
CLM_0003544,PAT_001779
CLM_0003545,PAT_001779
CLM_0003546,PAT_001779
CLM_0003547,PAT_001780
CLM_0003548,PAT_001780
CLM_0003549,PAT_001780
CLM_0003550,PAT_001781
CLM_0003551,PAT_001782
CLM_0003552,PAT_001782
CLM_0003553,PAT_001783
CLM_0003554,PAT_001783
CLM_0003555,PAT_001784
CLM_0003556,PAT_001785
CLM_0003557,PAT_001785
CLM_0003558,PAT_001786
CLM_0003559,PAT_001786
CLM_0003560,PAT_001787
CLM_0003561,PAT_001788
CLM_0003562,PAT_001788
CLM_0003563,PAT_001788
CLM_0003564,PAT_001789
CLM_0003565,PAT_001789
CLM_0003566,PAT_001789
CLM_0003567,PAT_001790
CLM_0003568,PAT_001790
CLM_0003569,PAT_001791
CLM_0003570,PAT_001791
CLM_0003571,PAT_001791
CLM_0003572,PAT_001792
CLM_0003573,PAT_001792
CLM_0003574,PAT_001793
CLM_0003575,PAT_001794
CLM_0003576,PAT_001794
CLM_0003577,PAT_001794
CLM_0003578,PAT_001795
CLM_0003579,PAT_001795
CLM_0003580,PAT_001796
CLM_0003581,PAT_001796
CLM_0003582,PAT_001796
CLM_0003583,PAT_001797
CLM_0003584,PAT_001797
CLM_0003585,PAT_001798
CLM_0003586,PAT_001798
CLM_0003587,PAT_001798
CLM_0003588,PAT_001799
CLM_0003589,PAT_001799
CLM_0003590,PAT_001800
CLM_0003591,PAT_001800
CLM_0003592,PAT_001801
CLM_0003593,PAT_001801
CLM_0003594,PAT_001802
CLM_0003595,PAT_001803
CLM_0003596,PAT_001803
CLM_0003597,PAT_001804
CLM_0003598,PAT_001804
CLM_0003599,PAT_001804
CLM_0003600,PAT_001805
CLM_0003601,PAT_001805
CLM_0003602,PAT_001806
CLM_0003603,PAT_001807
CLM_0003604,PAT_001807
CLM_0003605,PAT_001807
CLM_0003606,PAT_001808
CLM_0003607,PAT_001808
CLM_0003608,PAT_001808
CLM_0003609,PAT_001809
CLM_0003610,PAT_001809
CLM_0003611,PAT_001810
CLM_0003612,PAT_001811
CLM_0003613,PAT_001811
CLM_0003614,PAT_001811
CLM_0003615,PAT_001812
CLM_0003616,PAT_001812
CLM_0003617,PAT_001813
CLM_0003618,PAT_001813
CLM_0003619,PAT_001813
CLM_0003620,PAT_001814
CLM_0003621,PAT_001814
CLM_0003622,PAT_001815
CLM_0003623,PAT_001815
CLM_0003624,PAT_001815
CLM_0003625,PAT_001816
CLM_0003626,PAT_001817
CLM_0003627,PAT_001818
CLM_0003628,PAT_001818
CLM_0003629,PAT_001819
CLM_0003630,PAT_001819
CLM_0003631,PAT_001819
CLM_0003632,PAT_001820
CLM_0003633,PAT_001821
CLM_0003634,PAT_001821
CLM_0003635,PAT_001822
CLM_0003636,PAT_001823
CLM_0003637,PAT_001823
CLM_0003638,PAT_001824
CLM_0003639,PAT_001824
CLM_0003640,PAT_001824
CLM_0003641,PAT_001825
CLM_0003642,PAT_001825
CLM_0003643,PAT_001826
CLM_0003644,PAT_001826
CLM_0003645,PAT_001826
CLM_0003646,PAT_001827
CLM_0003647,PAT_001827
CLM_0003648,PAT_001827
CLM_0003649,PAT_001828
CLM_0003650,PAT_001829
CLM_0003651,PAT_001830
CLM_0003652,PAT_001830
CLM_0003653,PAT_001830
CLM_0003654,PAT_001831
CLM_0003655,PAT_001832
CLM_0003656,PAT_001833
CLM_0003657,PAT_001834
CLM_0003658,PAT_001835
CLM_0003659,PAT_001836
CLM_0003660,PAT_001836
CLM_0003661,PAT_001836
CLM_0003662,PAT_001837
CLM_0003663,PAT_001837
CLM_0003664,PAT_001838
CLM_0003665,PAT_001838
CLM_0003666,PAT_001839
CLM_0003667,PAT_001839
CLM_0003668,PAT_001839
CLM_0003669,PAT_001840
CLM_0003670,PAT_001841
CLM_0003671,PAT_001841
CLM_0003672,PAT_001841
CLM_0003673,PAT_001842
CLM_0003674,PAT_001843
CLM_0003675,PAT_001843
CLM_0003676,PAT_001844
CLM_0003677,PAT_001845
CLM_0003678,PAT_001845
CLM_0003679,PAT_001846
CLM_0003680,PAT_001847
CLM_0003681,PAT_001847
CLM_0003682,PAT_001848
CLM_0003683,PAT_001848
CLM_0003684,PAT_001849
CLM_0003685,PAT_001849
CLM_0003686,PAT_001850
CLM_0003687,PAT_001851
CLM_0003688,PAT_001851
CLM_0003689,PAT_001852
CLM_0003690,PAT_001853
CLM_0003691,PAT_001853
CLM_0003692,PAT_001853
CLM_0003693,PAT_001854
CLM_0003694,PAT_001854
CLM_0003695,PAT_001855
CLM_0003696,PAT_001855
CLM_0003697,PAT_001855
CLM_0003698,PAT_001856
CLM_0003699,PAT_001857
CLM_0003700,PAT_001857
CLM_0003701,PAT_001858
CLM_0003702,PAT_001859
CLM_0003703,PAT_001859
CLM_0003704,PAT_001860
CLM_0003705,PAT_001861
CLM_0003706,PAT_001861
CLM_0003707,PAT_001862
CLM_0003708,PAT_001862
CLM_0003709,PAT_001862
CLM_0003710,PAT_001863
CLM_0003711,PAT_001863
CLM_0003712,PAT_001863
CLM_0003713,PAT_001864
CLM_0003714,PAT_001865
CLM_0003715,PAT_001865
CLM_0003716,PAT_001866
CLM_0003717,PAT_001866
CLM_0003718,PAT_001866
CLM_0003719,PAT_001867
CLM_0003720,PAT_001867
CLM_0003721,PAT_001867
CLM_0003722,PAT_001868
CLM_0003723,PAT_001869
CLM_0003724,PAT_001869
CLM_0003725,PAT_001869
CLM_0003726,PAT_001870
CLM_0003727,PAT_001871
CLM_0003728,PAT_001871
CLM_0003729,PAT_001872
CLM_0003730,PAT_001872
CLM_0003731,PAT_001872
CLM_0003732,PAT_001873
CLM_0003733,PAT_001873
CLM_0003734,PAT_001873
CLM_0003735,PAT_001874
CLM_0003736,PAT_001874
CLM_0003737,PAT_001875
CLM_0003738,PAT_001876
CLM_0003739,PAT_001876
CLM_0003740,PAT_001877
CLM_0003741,PAT_001877
CLM_0003742,PAT_001877
CLM_0003743,PAT_001878
CLM_0003744,PAT_001878
CLM_0003745,PAT_001878
CLM_0003746,PAT_001879
CLM_0003747,PAT_001879
CLM_0003748,PAT_001879
CLM_0003749,PAT_001880
CLM_0003750,PAT_001881
CLM_0003751,PAT_001881
CLM_0003752,PAT_001882
CLM_0003753,PAT_001882
CLM_0003754,PAT_001882
CLM_0003755,PAT_001883
CLM_0003756,PAT_001883
CLM_0003757,PAT_001883
CLM_0003758,PAT_001884
CLM_0003759,PAT_001884
CLM_0003760,PAT_001885
CLM_0003761,PAT_001886
CLM_0003762,PAT_001887
CLM_0003763,PAT_001887
CLM_0003764,PAT_001887
CLM_0003765,PAT_001888
CLM_0003766,PAT_001888
CLM_0003767,PAT_001888
CLM_0003768,PAT_001889
CLM_0003769,PAT_001889
CLM_0003770,PAT_001889
CLM_0003771,PAT_001890
CLM_0003772,PAT_001890
CLM_0003773,PAT_001891
CLM_0003774,PAT_001891
CLM_0003775,PAT_001891
CLM_0003776,PAT_001892
CLM_0003777,PAT_001892
CLM_0003778,PAT_001892
CLM_0003779,PAT_001893
CLM_0003780,PAT_001894
CLM_0003781,PAT_001895
CLM_0003782,PAT_001895
CLM_0003783,PAT_001895
CLM_0003784,PAT_001896
CLM_0003785,PAT_001896
CLM_0003786,PAT_001896
CLM_0003787,PAT_001897
CLM_0003788,PAT_001897
CLM_0003789,PAT_001898
CLM_0003790,PAT_001899
CLM_0003791,PAT_001900
CLM_0003792,PAT_001900
CLM_0003793,PAT_001900
CLM_0003794,PAT_001901
CLM_0003795,PAT_001901
CLM_0003796,PAT_001902
CLM_0003797,PAT_001902
CLM_0003798,PAT_001902
CLM_0003799,PAT_001903
CLM_0003800,PAT_001903
CLM_0003801,PAT_001903
CLM_0003802,PAT_001904
CLM_0003803,PAT_001905
CLM_0003804,PAT_001905
CLM_0003805,PAT_001905
CLM_0003806,PAT_001906
CLM_0003807,PAT_001906
CLM_0003808,PAT_001907
CLM_0003809,PAT_001907
CLM_0003810,PAT_001907
CLM_0003811,PAT_001908
CLM_0003812,PAT_001908
CLM_0003813,PAT_001909
CLM_0003814,PAT_001909
CLM_0003815,PAT_001910
CLM_0003816,PAT_001910
CLM_0003817,PAT_001910
CLM_0003818,PAT_001911
CLM_0003819,PAT_001911
CLM_0003820,PAT_001911
CLM_0003821,PAT_001912
CLM_0003822,PAT_001913
CLM_0003823,PAT_001913
CLM_0003824,PAT_001913
CLM_0003825,PAT_001914
CLM_0003826,PAT_001914
CLM_0003827,PAT_001914
CLM_0003828,PAT_001915
CLM_0003829,PAT_001915
CLM_0003830,PAT_001915
CLM_0003831,PAT_001916
CLM_0003832,PAT_001917
CLM_0003833,PAT_001918
CLM_0003834,PAT_001918
CLM_0003835,PAT_001918
CLM_0003836,PAT_001919
CLM_0003837,PAT_001919
CLM_0003838,PAT_001919
CLM_0003839,PAT_001920
CLM_0003840,PAT_001920
CLM_0003841,PAT_001920
CLM_0003842,PAT_001921
CLM_0003843,PAT_001922
CLM_0003844,PAT_001922
CLM_0003845,PAT_001922
CLM_0003846,PAT_001923
CLM_0003847,PAT_001924
CLM_0003848,PAT_001924
CLM_0003849,PAT_001924
CLM_0003850,PAT_001925
CLM_0003851,PAT_001926
CLM_0003852,PAT_001926
CLM_0003853,PAT_001926
CLM_0003854,PAT_001927
CLM_0003855,PAT_001927
CLM_0003856,PAT_001927
CLM_0003857,PAT_001928
CLM_0003858,PAT_001929
CLM_0003859,PAT_001930
CLM_0003860,PAT_001930
CLM_0003861,PAT_001931
CLM_0003862,PAT_001932
CLM_0003863,PAT_001933
CLM_0003864,PAT_001933
CLM_0003865,PAT_001934
CLM_0003866,PAT_001934
CLM_0003867,PAT_001934
CLM_0003868,PAT_001935
CLM_0003869,PAT_001935
CLM_0003870,PAT_001935
CLM_0003871,PAT_001936
CLM_0003872,PAT_001936
CLM_0003873,PAT_001936
CLM_0003874,PAT_001937
CLM_0003875,PAT_001937
CLM_0003876,PAT_001938
CLM_0003877,PAT_001938
CLM_0003878,PAT_001938
CLM_0003879,PAT_001939
CLM_0003880,PAT_001939
CLM_0003881,PAT_001940
CLM_0003882,PAT_001940
CLM_0003883,PAT_001940
CLM_0003884,PAT_001941
CLM_0003885,PAT_001941
CLM_0003886,PAT_001941
CLM_0003887,PAT_001942
CLM_0003888,PAT_001943
CLM_0003889,PAT_001943
CLM_0003890,PAT_001943
CLM_0003891,PAT_001944
CLM_0003892,PAT_001945
CLM_0003893,PAT_001946
CLM_0003894,PAT_001946
CLM_0003895,PAT_001946
CLM_0003896,PAT_001947
CLM_0003897,PAT_001948
CLM_0003898,PAT_001949
CLM_0003899,PAT_001949
CLM_0003900,PAT_001950
CLM_0003901,PAT_001950
CLM_0003902,PAT_001951
CLM_0003903,PAT_001951
CLM_0003904,PAT_001951
CLM_0003905,PAT_001952
CLM_0003906,PAT_001953
CLM_0003907,PAT_001953
CLM_0003908,PAT_001954
CLM_0003909,PAT_001954
CLM_0003910,PAT_001954
CLM_0003911,PAT_001955
CLM_0003912,PAT_001955
CLM_0003913,PAT_001956
CLM_0003914,PAT_001957
CLM_0003915,PAT_001957
CLM_0003916,PAT_001958
CLM_0003917,PAT_001959
CLM_0003918,PAT_001959
CLM_0003919,PAT_001959
CLM_0003920,PAT_001960
CLM_0003921,PAT_001960
CLM_0003922,PAT_001960
CLM_0003923,PAT_001961
CLM_0003924,PAT_001961
CLM_0003925,PAT_001961
CLM_0003926,PAT_001962
CLM_0003927,PAT_001963
CLM_0003928,PAT_001963
CLM_0003929,PAT_001963
CLM_0003930,PAT_001964
CLM_0003931,PAT_001964
CLM_0003932,PAT_001964
CLM_0003933,PAT_001965
CLM_0003934,PAT_001965
CLM_0003935,PAT_001966
CLM_0003936,PAT_001966
CLM_0003937,PAT_001966
CLM_0003938,PAT_001967
CLM_0003939,PAT_001967
CLM_0003940,PAT_001967
CLM_0003941,PAT_001968
CLM_0003942,PAT_001968
CLM_0003943,PAT_001969
CLM_0003944,PAT_001969
CLM_0003945,PAT_001970
CLM_0003946,PAT_001970
CLM_0003947,PAT_001971
CLM_0003948,PAT_001972
CLM_0003949,PAT_001972
CLM_0003950,PAT_001973
CLM_0003951,PAT_001974
CLM_0003952,PAT_001974
CLM_0003953,PAT_001975
CLM_0003954,PAT_001976
CLM_0003955,PAT_001977
CLM_0003956,PAT_001978
CLM_0003957,PAT_001978
CLM_0003958,PAT_001979
CLM_0003959,PAT_001979
CLM_0003960,PAT_001979
CLM_0003961,PAT_001980
CLM_0003962,PAT_001981
CLM_0003963,PAT_001981
CLM_0003964,PAT_001982
CLM_0003965,PAT_001983
CLM_0003966,PAT_001983
CLM_0003967,PAT_001984
CLM_0003968,PAT_001985
CLM_0003969,PAT_001985
CLM_0003970,PAT_001985
CLM_0003971,PAT_001986
CLM_0003972,PAT_001986
CLM_0003973,PAT_001987
CLM_0003974,PAT_001988
CLM_0003975,PAT_001988
CLM_0003976,PAT_001988
CLM_0003977,PAT_001989
CLM_0003978,PAT_001989
CLM_0003979,PAT_001990
CLM_0003980,PAT_001990
CLM_0003981,PAT_001991
CLM_0003982,PAT_001992
CLM_0003983,PAT_001993
CLM_0003984,PAT_001993
CLM_0003985,PAT_001994
CLM_0003986,PAT_001994
CLM_0003987,PAT_001994
CLM_0003988,PAT_001995
CLM_0003989,PAT_001996
CLM_0003990,PAT_001996
CLM_0003991,PAT_001996
CLM_0003992,PAT_001997
CLM_0003993,PAT_001998
CLM_0003994,PAT_001998
CLM_0003995,PAT_001998
CLM_0003996,PAT_001999
CLM_0003997,PAT_002000
CLM_0003998,PAT_002000
CLM_0003999,PAT_002000
CLM_0004000,PAT_002001
CLM_0004001,PAT_002001
CLM_0004002,PAT_002002
CLM_0004003,PAT_002003
CLM_0004004,PAT_002003
CLM_0004005,PAT_002004
CLM_0004006,PAT_002004
CLM_0004007,PAT_002004
CLM_0004008,PAT_002005
CLM_0004009,PAT_002005
CLM_0004010,PAT_002006
CLM_0004011,PAT_002007
CLM_0004012,PAT_002007
CLM_0004013,PAT_002008
CLM_0004014,PAT_002008
CLM_0004015,PAT_002009
CLM_0004016,PAT_002010
CLM_0004017,PAT_002011
CLM_0004018,PAT_002011
CLM_0004019,PAT_002012
CLM_0004020,PAT_002012
CLM_0004021,PAT_002013
CLM_0004022,PAT_002013
CLM_0004023,PAT_002014
CLM_0004024,PAT_002014
CLM_0004025,PAT_002014
CLM_0004026,PAT_002015
CLM_0004027,PAT_002016
CLM_0004028,PAT_002017
CLM_0004029,PAT_002017
CLM_0004030,PAT_002018
CLM_0004031,PAT_002018
CLM_0004032,PAT_002019
CLM_0004033,PAT_002019
CLM_0004034,PAT_002019
CLM_0004035,PAT_002020
CLM_0004036,PAT_002021
CLM_0004037,PAT_002022
CLM_0004038,PAT_002022
CLM_0004039,PAT_002023
CLM_0004040,PAT_002023
CLM_0004041,PAT_002024
CLM_0004042,PAT_002025
CLM_0004043,PAT_002025
CLM_0004044,PAT_002025
CLM_0004045,PAT_002026
CLM_0004046,PAT_002026
CLM_0004047,PAT_002026
CLM_0004048,PAT_002027
CLM_0004049,PAT_002027
CLM_0004050,PAT_002028
CLM_0004051,PAT_002028
CLM_0004052,PAT_002029
CLM_0004053,PAT_002029
CLM_0004054,PAT_002029
CLM_0004055,PAT_002030
CLM_0004056,PAT_002030
CLM_0004057,PAT_002031
CLM_0004058,PAT_002031
CLM_0004059,PAT_002032
CLM_0004060,PAT_002032
CLM_0004061,PAT_002032
CLM_0004062,PAT_002033
CLM_0004063,PAT_002034
CLM_0004064,PAT_002034
CLM_0004065,PAT_002034
CLM_0004066,PAT_002035
CLM_0004067,PAT_002036
CLM_0004068,PAT_002037
CLM_0004069,PAT_002037
CLM_0004070,PAT_002037
CLM_0004071,PAT_002038
CLM_0004072,PAT_002038
CLM_0004073,PAT_002038
CLM_0004074,PAT_002039
CLM_0004075,PAT_002040
CLM_0004076,PAT_002040
CLM_0004077,PAT_002040
CLM_0004078,PAT_002041
CLM_0004079,PAT_002041
CLM_0004080,PAT_002042
CLM_0004081,PAT_002043
CLM_0004082,PAT_002043
CLM_0004083,PAT_002044
CLM_0004084,PAT_002044
CLM_0004085,PAT_002044
CLM_0004086,PAT_002045
CLM_0004087,PAT_002045
CLM_0004088,PAT_002045
CLM_0004089,PAT_002046
CLM_0004090,PAT_002046
CLM_0004091,PAT_002046
CLM_0004092,PAT_002047
CLM_0004093,PAT_002047
CLM_0004094,PAT_002048
CLM_0004095,PAT_002048
CLM_0004096,PAT_002049
CLM_0004097,PAT_002049
CLM_0004098,PAT_002049
CLM_0004099,PAT_002050
CLM_0004100,PAT_002050
CLM_0004101,PAT_002050
CLM_0004102,PAT_002051
CLM_0004103,PAT_002051
CLM_0004104,PAT_002052
CLM_0004105,PAT_002052
CLM_0004106,PAT_002052
CLM_0004107,PAT_002053
CLM_0004108,PAT_002054
CLM_0004109,PAT_002055
CLM_0004110,PAT_002055
CLM_0004111,PAT_002055
CLM_0004112,PAT_002056
CLM_0004113,PAT_002057
CLM_0004114,PAT_002057
CLM_0004115,PAT_002058
CLM_0004116,PAT_002058
CLM_0004117,PAT_002058
CLM_0004118,PAT_002059
CLM_0004119,PAT_002059
CLM_0004120,PAT_002059
CLM_0004121,PAT_002060
CLM_0004122,PAT_002060
CLM_0004123,PAT_002060
CLM_0004124,PAT_002061
CLM_0004125,PAT_002061
CLM_0004126,PAT_002062
CLM_0004127,PAT_002062
CLM_0004128,PAT_002063
CLM_0004129,PAT_002063
CLM_0004130,PAT_002064
CLM_0004131,PAT_002064
CLM_0004132,PAT_002064
CLM_0004133,PAT_002065
CLM_0004134,PAT_002066
CLM_0004135,PAT_002066
CLM_0004136,PAT_002067
CLM_0004137,PAT_002067
CLM_0004138,PAT_002068
CLM_0004139,PAT_002069
CLM_0004140,PAT_002069
CLM_0004141,PAT_002069
CLM_0004142,PAT_002070
CLM_0004143,PAT_002070
CLM_0004144,PAT_002070
CLM_0004145,PAT_002071
CLM_0004146,PAT_002072
CLM_0004147,PAT_002073
CLM_0004148,PAT_002073
CLM_0004149,PAT_002073
CLM_0004150,PAT_002074
CLM_0004151,PAT_002074
CLM_0004152,PAT_002074
CLM_0004153,PAT_002075
CLM_0004154,PAT_002076
CLM_0004155,PAT_002076
CLM_0004156,PAT_002077
CLM_0004157,PAT_002077
CLM_0004158,PAT_002077
CLM_0004159,PAT_002078
CLM_0004160,PAT_002079
CLM_0004161,PAT_002079
CLM_0004162,PAT_002080
CLM_0004163,PAT_002080
CLM_0004164,PAT_002080
CLM_0004165,PAT_002081
CLM_0004166,PAT_002082
CLM_0004167,PAT_002082
CLM_0004168,PAT_002083
CLM_0004169,PAT_002084
CLM_0004170,PAT_002085
CLM_0004171,PAT_002085
CLM_0004172,PAT_002085
CLM_0004173,PAT_002086
CLM_0004174,PAT_002086
CLM_0004175,PAT_002087
CLM_0004176,PAT_002087
CLM_0004177,PAT_002088
CLM_0004178,PAT_002089
CLM_0004179,PAT_002090
CLM_0004180,PAT_002090
CLM_0004181,PAT_002090
CLM_0004182,PAT_002091
CLM_0004183,PAT_002092
CLM_0004184,PAT_002093
CLM_0004185,PAT_002093
CLM_0004186,PAT_002094
CLM_0004187,PAT_002094
CLM_0004188,PAT_002095
CLM_0004189,PAT_002095
CLM_0004190,PAT_002096
CLM_0004191,PAT_002096
CLM_0004192,PAT_002097
CLM_0004193,PAT_002097
CLM_0004194,PAT_002097
CLM_0004195,PAT_002098
CLM_0004196,PAT_002098
CLM_0004197,PAT_002099
CLM_0004198,PAT_002100
CLM_0004199,PAT_002100
CLM_0004200,PAT_002101
CLM_0004201,PAT_002101
CLM_0004202,PAT_002102
CLM_0004203,PAT_002103
CLM_0004204,PAT_002104
CLM_0004205,PAT_002104
CLM_0004206,PAT_002104
CLM_0004207,PAT_002105
CLM_0004208,PAT_002105
CLM_0004209,PAT_002106
CLM_0004210,PAT_002106
CLM_0004211,PAT_002106
CLM_0004212,PAT_002107
CLM_0004213,PAT_002107
CLM_0004214,PAT_002107
CLM_0004215,PAT_002108
CLM_0004216,PAT_002108
CLM_0004217,PAT_002108
CLM_0004218,PAT_002109
CLM_0004219,PAT_002109
CLM_0004220,PAT_002110
CLM_0004221,PAT_002110
CLM_0004222,PAT_002110
CLM_0004223,PAT_002111
CLM_0004224,PAT_002111
CLM_0004225,PAT_002112
CLM_0004226,PAT_002112
CLM_0004227,PAT_002112
CLM_0004228,PAT_002113
CLM_0004229,PAT_002113
CLM_0004230,PAT_002113
CLM_0004231,PAT_002114
CLM_0004232,PAT_002114
CLM_0004233,PAT_002115
CLM_0004234,PAT_002115
CLM_0004235,PAT_002116
CLM_0004236,PAT_002117
CLM_0004237,PAT_002117
CLM_0004238,PAT_002118
CLM_0004239,PAT_002118
CLM_0004240,PAT_002118
CLM_0004241,PAT_002119
CLM_0004242,PAT_002119
CLM_0004243,PAT_002120
CLM_0004244,PAT_002121
CLM_0004245,PAT_002122
CLM_0004246,PAT_002122
CLM_0004247,PAT_002123
CLM_0004248,PAT_002123
CLM_0004249,PAT_002123
CLM_0004250,PAT_002124
CLM_0004251,PAT_002124
CLM_0004252,PAT_002125
CLM_0004253,PAT_002126
CLM_0004254,PAT_002126
CLM_0004255,PAT_002126
CLM_0004256,PAT_002127
CLM_0004257,PAT_002127
CLM_0004258,PAT_002128
CLM_0004259,PAT_002129
CLM_0004260,PAT_002129
CLM_0004261,PAT_002129
CLM_0004262,PAT_002130
CLM_0004263,PAT_002131
CLM_0004264,PAT_002131
CLM_0004265,PAT_002132
CLM_0004266,PAT_002133
CLM_0004267,PAT_002133
CLM_0004268,PAT_002134
CLM_0004269,PAT_002134
CLM_0004270,PAT_002135
CLM_0004271,PAT_002135
CLM_0004272,PAT_002136
CLM_0004273,PAT_002136
CLM_0004274,PAT_002136
CLM_0004275,PAT_002137
CLM_0004276,PAT_002138
CLM_0004277,PAT_002139
CLM_0004278,PAT_002140
CLM_0004279,PAT_002140
CLM_0004280,PAT_002140
CLM_0004281,PAT_002141
CLM_0004282,PAT_002141
CLM_0004283,PAT_002141
CLM_0004284,PAT_002142
CLM_0004285,PAT_002142
CLM_0004286,PAT_002142
CLM_0004287,PAT_002143
CLM_0004288,PAT_002143
CLM_0004289,PAT_002143
CLM_0004290,PAT_002144
CLM_0004291,PAT_002144
CLM_0004292,PAT_002144
CLM_0004293,PAT_002145
CLM_0004294,PAT_002145
CLM_0004295,PAT_002145
CLM_0004296,PAT_002146
CLM_0004297,PAT_002146
CLM_0004298,PAT_002146
CLM_0004299,PAT_002147
CLM_0004300,PAT_002147
CLM_0004301,PAT_002148
CLM_0004302,PAT_002148
CLM_0004303,PAT_002149
CLM_0004304,PAT_002149
CLM_0004305,PAT_002150
CLM_0004306,PAT_002151
CLM_0004307,PAT_002151
CLM_0004308,PAT_002151
CLM_0004309,PAT_002152
CLM_0004310,PAT_002152
CLM_0004311,PAT_002153
CLM_0004312,PAT_002154
CLM_0004313,PAT_002155
CLM_0004314,PAT_002155
CLM_0004315,PAT_002156
CLM_0004316,PAT_002156
CLM_0004317,PAT_002156
CLM_0004318,PAT_002157
CLM_0004319,PAT_002157
CLM_0004320,PAT_002157
CLM_0004321,PAT_002158
CLM_0004322,PAT_002158
CLM_0004323,PAT_002158
CLM_0004324,PAT_002159
CLM_0004325,PAT_002159
CLM_0004326,PAT_002160
CLM_0004327,PAT_002160
CLM_0004328,PAT_002161
CLM_0004329,PAT_002161
CLM_0004330,PAT_002162
CLM_0004331,PAT_002162
CLM_0004332,PAT_002162
CLM_0004333,PAT_002163
CLM_0004334,PAT_002163
CLM_0004335,PAT_002163
CLM_0004336,PAT_002164
CLM_0004337,PAT_002165
CLM_0004338,PAT_002166
CLM_0004339,PAT_002166
CLM_0004340,PAT_002167
CLM_0004341,PAT_002167
CLM_0004342,PAT_002168
CLM_0004343,PAT_002169
CLM_0004344,PAT_002169
CLM_0004345,PAT_002169
CLM_0004346,PAT_002170
CLM_0004347,PAT_002170
CLM_0004348,PAT_002171
CLM_0004349,PAT_002171
CLM_0004350,PAT_002172
CLM_0004351,PAT_002173
CLM_0004352,PAT_002173
CLM_0004353,PAT_002173
CLM_0004354,PAT_002174
CLM_0004355,PAT_002174
CLM_0004356,PAT_002174
CLM_0004357,PAT_002175
CLM_0004358,PAT_002175
CLM_0004359,PAT_002175
CLM_0004360,PAT_002176
CLM_0004361,PAT_002176
CLM_0004362,PAT_002177
CLM_0004363,PAT_002177
CLM_0004364,PAT_002178
CLM_0004365,PAT_002178
CLM_0004366,PAT_002179
CLM_0004367,PAT_002180
CLM_0004368,PAT_002181
CLM_0004369,PAT_002181
CLM_0004370,PAT_002182
CLM_0004371,PAT_002183
CLM_0004372,PAT_002183
CLM_0004373,PAT_002183
CLM_0004374,PAT_002184
CLM_0004375,PAT_002185
CLM_0004376,PAT_002185
CLM_0004377,PAT_002185
CLM_0004378,PAT_002186
CLM_0004379,PAT_002186
CLM_0004380,PAT_002187
CLM_0004381,PAT_002188
CLM_0004382,PAT_002188
CLM_0004383,PAT_002188
CLM_0004384,PAT_002189
CLM_0004385,PAT_002190
CLM_0004386,PAT_002190
CLM_0004387,PAT_002190
CLM_0004388,PAT_002191
CLM_0004389,PAT_002191
CLM_0004390,PAT_002191
CLM_0004391,PAT_002192
CLM_0004392,PAT_002192
CLM_0004393,PAT_002193
CLM_0004394,PAT_002193
CLM_0004395,PAT_002194
CLM_0004396,PAT_002195
CLM_0004397,PAT_002195
CLM_0004398,PAT_002196
CLM_0004399,PAT_002197
CLM_0004400,PAT_002197
CLM_0004401,PAT_002197
CLM_0004402,PAT_002198
CLM_0004403,PAT_002198
CLM_0004404,PAT_002199
CLM_0004405,PAT_002200
CLM_0004406,PAT_002201
CLM_0004407,PAT_002202
CLM_0004408,PAT_002203
CLM_0004409,PAT_002203
CLM_0004410,PAT_002203
CLM_0004411,PAT_002204
CLM_0004412,PAT_002205
CLM_0004413,PAT_002206
CLM_0004414,PAT_002206
CLM_0004415,PAT_002206
CLM_0004416,PAT_002207
CLM_0004417,PAT_002207
CLM_0004418,PAT_002207
CLM_0004419,PAT_002208
CLM_0004420,PAT_002208
CLM_0004421,PAT_002209
CLM_0004422,PAT_002209
CLM_0004423,PAT_002210
CLM_0004424,PAT_002210
CLM_0004425,PAT_002210
CLM_0004426,PAT_002211
CLM_0004427,PAT_002211
CLM_0004428,PAT_002212
CLM_0004429,PAT_002212
CLM_0004430,PAT_002213
CLM_0004431,PAT_002213
CLM_0004432,PAT_002214
CLM_0004433,PAT_002215
CLM_0004434,PAT_002215
CLM_0004435,PAT_002215
CLM_0004436,PAT_002216
CLM_0004437,PAT_002217
CLM_0004438,PAT_002217
CLM_0004439,PAT_002218
CLM_0004440,PAT_002218
CLM_0004441,PAT_002219
CLM_0004442,PAT_002219
CLM_0004443,PAT_002220
CLM_0004444,PAT_002220
CLM_0004445,PAT_002221
CLM_0004446,PAT_002221
CLM_0004447,PAT_002221
CLM_0004448,PAT_002222
CLM_0004449,PAT_002222
CLM_0004450,PAT_002223
CLM_0004451,PAT_002224
CLM_0004452,PAT_002224
CLM_0004453,PAT_002224
CLM_0004454,PAT_002225
CLM_0004455,PAT_002226
CLM_0004456,PAT_002226
CLM_0004457,PAT_002227
CLM_0004458,PAT_002227
CLM_0004459,PAT_002227
CLM_0004460,PAT_002228
CLM_0004461,PAT_002228
CLM_0004462,PAT_002229
CLM_0004463,PAT_002229
CLM_0004464,PAT_002229
CLM_0004465,PAT_002230
CLM_0004466,PAT_002230
CLM_0004467,PAT_002230
CLM_0004468,PAT_002231
CLM_0004469,PAT_002231
CLM_0004470,PAT_002231
CLM_0004471,PAT_002232
CLM_0004472,PAT_002232
CLM_0004473,PAT_002233
CLM_0004474,PAT_002234
CLM_0004475,PAT_002234
CLM_0004476,PAT_002235
CLM_0004477,PAT_002235
CLM_0004478,PAT_002236
CLM_0004479,PAT_002236
CLM_0004480,PAT_002237
CLM_0004481,PAT_002237
CLM_0004482,PAT_002237
CLM_0004483,PAT_002238
CLM_0004484,PAT_002238
CLM_0004485,PAT_002238
CLM_0004486,PAT_002239
CLM_0004487,PAT_002240
CLM_0004488,PAT_002240
CLM_0004489,PAT_002240
CLM_0004490,PAT_002241
CLM_0004491,PAT_002242
CLM_0004492,PAT_002242
CLM_0004493,PAT_002242
CLM_0004494,PAT_002243
CLM_0004495,PAT_002244
CLM_0004496,PAT_002244
CLM_0004497,PAT_002244
CLM_0004498,PAT_002245
CLM_0004499,PAT_002246
CLM_0004500,PAT_002246
CLM_0004501,PAT_002246
CLM_0004502,PAT_002247
CLM_0004503,PAT_002247
CLM_0004504,PAT_002247
CLM_0004505,PAT_002248
CLM_0004506,PAT_002248
CLM_0004507,PAT_002249
CLM_0004508,PAT_002249
CLM_0004509,PAT_002249
CLM_0004510,PAT_002250
CLM_0004511,PAT_002250
CLM_0004512,PAT_002250
CLM_0004513,PAT_002251
CLM_0004514,PAT_002251
CLM_0004515,PAT_002252
CLM_0004516,PAT_002252
CLM_0004517,PAT_002252
CLM_0004518,PAT_002253
CLM_0004519,PAT_002253
CLM_0004520,PAT_002254
CLM_0004521,PAT_002255
CLM_0004522,PAT_002255
CLM_0004523,PAT_002255
CLM_0004524,PAT_002256
CLM_0004525,PAT_002256
CLM_0004526,PAT_002257
CLM_0004527,PAT_002258
CLM_0004528,PAT_002259
CLM_0004529,PAT_002259
CLM_0004530,PAT_002260
CLM_0004531,PAT_002260
CLM_0004532,PAT_002261
CLM_0004533,PAT_002261
CLM_0004534,PAT_002261
CLM_0004535,PAT_002262
CLM_0004536,PAT_002262
CLM_0004537,PAT_002263
CLM_0004538,PAT_002263
CLM_0004539,PAT_002264
CLM_0004540,PAT_002265
CLM_0004541,PAT_002265
CLM_0004542,PAT_002266
CLM_0004543,PAT_002267
CLM_0004544,PAT_002268
CLM_0004545,PAT_002268
CLM_0004546,PAT_002268
CLM_0004547,PAT_002269
CLM_0004548,PAT_002269
CLM_0004549,PAT_002270
CLM_0004550,PAT_002270
CLM_0004551,PAT_002270
CLM_0004552,PAT_002271
CLM_0004553,PAT_002272
CLM_0004554,PAT_002273
CLM_0004555,PAT_002274
CLM_0004556,PAT_002274
CLM_0004557,PAT_002274
CLM_0004558,PAT_002275
CLM_0004559,PAT_002275
CLM_0004560,PAT_002276
CLM_0004561,PAT_002276
CLM_0004562,PAT_002276
CLM_0004563,PAT_002277
CLM_0004564,PAT_002278
CLM_0004565,PAT_002278
CLM_0004566,PAT_002279
CLM_0004567,PAT_002280
CLM_0004568,PAT_002280
CLM_0004569,PAT_002280
CLM_0004570,PAT_002281
CLM_0004571,PAT_002281
CLM_0004572,PAT_002282
CLM_0004573,PAT_002282
CLM_0004574,PAT_002283
CLM_0004575,PAT_002283
CLM_0004576,PAT_002284
CLM_0004577,PAT_002285
CLM_0004578,PAT_002286
CLM_0004579,PAT_002287
CLM_0004580,PAT_002287
CLM_0004581,PAT_002287
CLM_0004582,PAT_002288
CLM_0004583,PAT_002288
CLM_0004584,PAT_002289
CLM_0004585,PAT_002289
CLM_0004586,PAT_002290
CLM_0004587,PAT_002291
CLM_0004588,PAT_002291
CLM_0004589,PAT_002291
CLM_0004590,PAT_002292
CLM_0004591,PAT_002292
CLM_0004592,PAT_002293
CLM_0004593,PAT_002294
CLM_0004594,PAT_002294
CLM_0004595,PAT_002295
CLM_0004596,PAT_002295
CLM_0004597,PAT_002296
CLM_0004598,PAT_002296
CLM_0004599,PAT_002296
CLM_0004600,PAT_002297
CLM_0004601,PAT_002297
CLM_0004602,PAT_002298
CLM_0004603,PAT_002299
CLM_0004604,PAT_002299
CLM_0004605,PAT_002299
CLM_0004606,PAT_002300
CLM_0004607,PAT_002300
CLM_0004608,PAT_002301
CLM_0004609,PAT_002301
CLM_0004610,PAT_002302
CLM_0004611,PAT_002302
CLM_0004612,PAT_002303
CLM_0004613,PAT_002303
CLM_0004614,PAT_002304
CLM_0004615,PAT_002304
CLM_0004616,PAT_002305
CLM_0004617,PAT_002305
CLM_0004618,PAT_002306
CLM_0004619,PAT_002307
CLM_0004620,PAT_002307
CLM_0004621,PAT_002307
CLM_0004622,PAT_002308
CLM_0004623,PAT_002308
CLM_0004624,PAT_002309
CLM_0004625,PAT_002309
CLM_0004626,PAT_002310
CLM_0004627,PAT_002310
CLM_0004628,PAT_002310
CLM_0004629,PAT_002311
CLM_0004630,PAT_002311
CLM_0004631,PAT_002311
CLM_0004632,PAT_002312
CLM_0004633,PAT_002312
CLM_0004634,PAT_002312
CLM_0004635,PAT_002313
CLM_0004636,PAT_002314
CLM_0004637,PAT_002314
CLM_0004638,PAT_002314
CLM_0004639,PAT_002315
CLM_0004640,PAT_002316
CLM_0004641,PAT_002317
CLM_0004642,PAT_002317
CLM_0004643,PAT_002317
CLM_0004644,PAT_002318
CLM_0004645,PAT_002318
CLM_0004646,PAT_002319
CLM_0004647,PAT_002320
CLM_0004648,PAT_002321
CLM_0004649,PAT_002322
CLM_0004650,PAT_002322
CLM_0004651,PAT_002322
CLM_0004652,PAT_002323
CLM_0004653,PAT_002324
CLM_0004654,PAT_002325
CLM_0004655,PAT_002325
CLM_0004656,PAT_002325
CLM_0004657,PAT_002326
CLM_0004658,PAT_002326
CLM_0004659,PAT_002327
CLM_0004660,PAT_002328
CLM_0004661,PAT_002328
CLM_0004662,PAT_002329
CLM_0004663,PAT_002329
CLM_0004664,PAT_002330
CLM_0004665,PAT_002330
CLM_0004666,PAT_002330
CLM_0004667,PAT_002331
CLM_0004668,PAT_002331
CLM_0004669,PAT_002332
CLM_0004670,PAT_002332
CLM_0004671,PAT_002332
CLM_0004672,PAT_002333
CLM_0004673,PAT_002333
CLM_0004674,PAT_002334
CLM_0004675,PAT_002334
CLM_0004676,PAT_002334
CLM_0004677,PAT_002335
CLM_0004678,PAT_002335
CLM_0004679,PAT_002335
CLM_0004680,PAT_002336
CLM_0004681,PAT_002336
CLM_0004682,PAT_002337
CLM_0004683,PAT_002337
CLM_0004684,PAT_002338
CLM_0004685,PAT_002339
CLM_0004686,PAT_002339
CLM_0004687,PAT_002340
CLM_0004688,PAT_002341
CLM_0004689,PAT_002341
CLM_0004690,PAT_002341
CLM_0004691,PAT_002342
CLM_0004692,PAT_002342
CLM_0004693,PAT_002343
CLM_0004694,PAT_002343
CLM_0004695,PAT_002344
CLM_0004696,PAT_002344
CLM_0004697,PAT_002345
CLM_0004698,PAT_002345
CLM_0004699,PAT_002346
CLM_0004700,PAT_002347
CLM_0004701,PAT_002347
CLM_0004702,PAT_002347
CLM_0004703,PAT_002348
CLM_0004704,PAT_002348
CLM_0004705,PAT_002348
CLM_0004706,PAT_002349
CLM_0004707,PAT_002350
CLM_0004708,PAT_002351
CLM_0004709,PAT_002351
CLM_0004710,PAT_002352
CLM_0004711,PAT_002353
CLM_0004712,PAT_002354
CLM_0004713,PAT_002354
CLM_0004714,PAT_002354
CLM_0004715,PAT_002355
CLM_0004716,PAT_002355
CLM_0004717,PAT_002355
CLM_0004718,PAT_002356
CLM_0004719,PAT_002357
CLM_0004720,PAT_002358
CLM_0004721,PAT_002359
CLM_0004722,PAT_002359
CLM_0004723,PAT_002359
CLM_0004724,PAT_002360
CLM_0004725,PAT_002360
CLM_0004726,PAT_002361
CLM_0004727,PAT_002361
CLM_0004728,PAT_002362
CLM_0004729,PAT_002362
CLM_0004730,PAT_002362
CLM_0004731,PAT_002363
CLM_0004732,PAT_002364
CLM_0004733,PAT_002365
CLM_0004734,PAT_002365
CLM_0004735,PAT_002365
CLM_0004736,PAT_002366
CLM_0004737,PAT_002367
CLM_0004738,PAT_002367
CLM_0004739,PAT_002368
CLM_0004740,PAT_002368
CLM_0004741,PAT_002368
CLM_0004742,PAT_002369
CLM_0004743,PAT_002369
CLM_0004744,PAT_002370
CLM_0004745,PAT_002371
CLM_0004746,PAT_002371
CLM_0004747,PAT_002372
CLM_0004748,PAT_002372
CLM_0004749,PAT_002373
CLM_0004750,PAT_002374
CLM_0004751,PAT_002374
CLM_0004752,PAT_002374
CLM_0004753,PAT_002375
CLM_0004754,PAT_002375
CLM_0004755,PAT_002375
CLM_0004756,PAT_002376
CLM_0004757,PAT_002377
CLM_0004758,PAT_002377
CLM_0004759,PAT_002377
CLM_0004760,PAT_002378
CLM_0004761,PAT_002378
CLM_0004762,PAT_002378
CLM_0004763,PAT_002379
CLM_0004764,PAT_002379
CLM_0004765,PAT_002380
CLM_0004766,PAT_002380
CLM_0004767,PAT_002380
CLM_0004768,PAT_002381
CLM_0004769,PAT_002381
CLM_0004770,PAT_002382
CLM_0004771,PAT_002382
CLM_0004772,PAT_002383
CLM_0004773,PAT_002383
CLM_0004774,PAT_002383
CLM_0004775,PAT_002384
CLM_0004776,PAT_002384
CLM_0004777,PAT_002384
CLM_0004778,PAT_002385
CLM_0004779,PAT_002385
CLM_0004780,PAT_002386
CLM_0004781,PAT_002387
CLM_0004782,PAT_002387
CLM_0004783,PAT_002387
CLM_0004784,PAT_002388
CLM_0004785,PAT_002389
CLM_0004786,PAT_002390
CLM_0004787,PAT_002390
CLM_0004788,PAT_002391
CLM_0004789,PAT_002391
CLM_0004790,PAT_002392
CLM_0004791,PAT_002392
CLM_0004792,PAT_002392
CLM_0004793,PAT_002393
CLM_0004794,PAT_002394
CLM_0004795,PAT_002394
CLM_0004796,PAT_002395
CLM_0004797,PAT_002395
CLM_0004798,PAT_002395
CLM_0004799,PAT_002396
CLM_0004800,PAT_002396
CLM_0004801,PAT_002396
CLM_0004802,PAT_002397
CLM_0004803,PAT_002398
CLM_0004804,PAT_002398
CLM_0004805,PAT_002398
CLM_0004806,PAT_002399
CLM_0004807,PAT_002399
CLM_0004808,PAT_002400
CLM_0004809,PAT_002400
CLM_0004810,PAT_002400
CLM_0004811,PAT_002401
CLM_0004812,PAT_002401
CLM_0004813,PAT_002401
CLM_0004814,PAT_002402
CLM_0004815,PAT_002402
CLM_0004816,PAT_002402
CLM_0004817,PAT_002403
CLM_0004818,PAT_002404
CLM_0004819,PAT_002404
CLM_0004820,PAT_002405
CLM_0004821,PAT_002406
CLM_0004822,PAT_002406
CLM_0004823,PAT_002406
CLM_0004824,PAT_002407
CLM_0004825,PAT_002407
CLM_0004826,PAT_002408
CLM_0004827,PAT_002408
CLM_0004828,PAT_002408
CLM_0004829,PAT_002409
CLM_0004830,PAT_002409
CLM_0004831,PAT_002410
CLM_0004832,PAT_002410
CLM_0004833,PAT_002410
CLM_0004834,PAT_002411
CLM_0004835,PAT_002411
CLM_0004836,PAT_002412
CLM_0004837,PAT_002413
CLM_0004838,PAT_002414
CLM_0004839,PAT_002414
CLM_0004840,PAT_002415
CLM_0004841,PAT_002415
CLM_0004842,PAT_002416
CLM_0004843,PAT_002416
CLM_0004844,PAT_002417
CLM_0004845,PAT_002417
CLM_0004846,PAT_002418
CLM_0004847,PAT_002418
CLM_0004848,PAT_002418
CLM_0004849,PAT_002419
CLM_0004850,PAT_002419
CLM_0004851,PAT_002420
CLM_0004852,PAT_002420
CLM_0004853,PAT_002421
CLM_0004854,PAT_002421
CLM_0004855,PAT_002422
CLM_0004856,PAT_002422
CLM_0004857,PAT_002423
CLM_0004858,PAT_002424
CLM_0004859,PAT_002424
CLM_0004860,PAT_002424
CLM_0004861,PAT_002425
CLM_0004862,PAT_002425
CLM_0004863,PAT_002426
CLM_0004864,PAT_002427
CLM_0004865,PAT_002427
CLM_0004866,PAT_002428
CLM_0004867,PAT_002429
CLM_0004868,PAT_002430
CLM_0004869,PAT_002431
CLM_0004870,PAT_002431
CLM_0004871,PAT_002432
CLM_0004872,PAT_002432
CLM_0004873,PAT_002433
CLM_0004874,PAT_002433
CLM_0004875,PAT_002433
CLM_0004876,PAT_002434
CLM_0004877,PAT_002435
CLM_0004878,PAT_002435
CLM_0004879,PAT_002435
CLM_0004880,PAT_002436
CLM_0004881,PAT_002436
CLM_0004882,PAT_002437
CLM_0004883,PAT_002437
CLM_0004884,PAT_002438
CLM_0004885,PAT_002439
CLM_0004886,PAT_002439
CLM_0004887,PAT_002440
CLM_0004888,PAT_002440
CLM_0004889,PAT_002440
CLM_0004890,PAT_002441
CLM_0004891,PAT_002441
CLM_0004892,PAT_002442
CLM_0004893,PAT_002442
CLM_0004894,PAT_002443
CLM_0004895,PAT_002443
CLM_0004896,PAT_002443
CLM_0004897,PAT_002444
CLM_0004898,PAT_002444
CLM_0004899,PAT_002444
CLM_0004900,PAT_002445
CLM_0004901,PAT_002446
CLM_0004902,PAT_002446
CLM_0004903,PAT_002446
CLM_0004904,PAT_002447
CLM_0004905,PAT_002448
CLM_0004906,PAT_002449
CLM_0004907,PAT_002450
CLM_0004908,PAT_002450
CLM_0004909,PAT_002450
CLM_0004910,PAT_002451
CLM_0004911,PAT_002451
CLM_0004912,PAT_002451
CLM_0004913,PAT_002452
CLM_0004914,PAT_002452
CLM_0004915,PAT_002452
CLM_0004916,PAT_002453
CLM_0004917,PAT_002453
CLM_0004918,PAT_002454
CLM_0004919,PAT_002454
CLM_0004920,PAT_002455
CLM_0004921,PAT_002455
CLM_0004922,PAT_002455
CLM_0004923,PAT_002456
CLM_0004924,PAT_002456
CLM_0004925,PAT_002456
CLM_0004926,PAT_002457
CLM_0004927,PAT_002457
CLM_0004928,PAT_002458
CLM_0004929,PAT_002458
CLM_0004930,PAT_002459
CLM_0004931,PAT_002460
CLM_0004932,PAT_002461
CLM_0004933,PAT_002461
CLM_0004934,PAT_002461
CLM_0004935,PAT_002462
CLM_0004936,PAT_002463
CLM_0004937,PAT_002463
CLM_0004938,PAT_002464
CLM_0004939,PAT_002464
CLM_0004940,PAT_002465
CLM_0004941,PAT_002466
CLM_0004942,PAT_002467
CLM_0004943,PAT_002468
CLM_0004944,PAT_002469
CLM_0004945,PAT_002469
CLM_0004946,PAT_002470
CLM_0004947,PAT_002471
CLM_0004948,PAT_002471
CLM_0004949,PAT_002471
CLM_0004950,PAT_002472
CLM_0004951,PAT_002472
CLM_0004952,PAT_002472
CLM_0004953,PAT_002473
CLM_0004954,PAT_002473
CLM_0004955,PAT_002474
CLM_0004956,PAT_002474
CLM_0004957,PAT_002474
CLM_0004958,PAT_002475
CLM_0004959,PAT_002476
CLM_0004960,PAT_002476
CLM_0004961,PAT_002477
CLM_0004962,PAT_002477
CLM_0004963,PAT_002478
CLM_0004964,PAT_002478
CLM_0004965,PAT_002478
CLM_0004966,PAT_002479
CLM_0004967,PAT_002479
CLM_0004968,PAT_002479
CLM_0004969,PAT_002480
CLM_0004970,PAT_002480
CLM_0004971,PAT_002480
CLM_0004972,PAT_002481
CLM_0004973,PAT_002481
CLM_0004974,PAT_002482
CLM_0004975,PAT_002482
CLM_0004976,PAT_002483
CLM_0004977,PAT_002484
CLM_0004978,PAT_002485
CLM_0004979,PAT_002485
CLM_0004980,PAT_002485
CLM_0004981,PAT_002486
CLM_0004982,PAT_002486
CLM_0004983,PAT_002486
CLM_0004984,PAT_002487
CLM_0004985,PAT_002487
CLM_0004986,PAT_002487
CLM_0004987,PAT_002488
CLM_0004988,PAT_002489
CLM_0004989,PAT_002489
CLM_0004990,PAT_002490
CLM_0004991,PAT_002490
CLM_0004992,PAT_002491
CLM_0004993,PAT_002492
CLM_0004994,PAT_002493
CLM_0004995,PAT_002493
CLM_0004996,PAT_002494
CLM_0004997,PAT_002494
CLM_0004998,PAT_002494
CLM_0004999,PAT_002495
CLM_0005000,PAT_002495
CLM_0005001,PAT_002495
CLM_0005002,PAT_002496
CLM_0005003,PAT_002496
CLM_0005004,PAT_002497
CLM_0005005,PAT_002497
CLM_0005006,PAT_002497
CLM_0005007,PAT_002498
CLM_0005008,PAT_002498
CLM_0005009,PAT_002499
CLM_0005010,PAT_002500
CLM_0005011,PAT_002500
CLM_0005012,PAT_002501
CLM_0005013,PAT_002501
CLM_0005014,PAT_002501
CLM_0005015,PAT_002502
CLM_0005016,PAT_002502
CLM_0005017,PAT_002503
CLM_0005018,PAT_002503
CLM_0005019,PAT_002504
CLM_0005020,PAT_002504
CLM_0005021,PAT_002504
CLM_0005022,PAT_002505
CLM_0005023,PAT_002505
CLM_0005024,PAT_002505
CLM_0005025,PAT_002506
CLM_0005026,PAT_002506
CLM_0005027,PAT_002506
CLM_0005028,PAT_002507
CLM_0005029,PAT_002507
CLM_0005030,PAT_002508
CLM_0005031,PAT_002509
CLM_0005032,PAT_002509
CLM_0005033,PAT_002510
CLM_0005034,PAT_002511
CLM_0005035,PAT_002511
CLM_0005036,PAT_002511
CLM_0005037,PAT_002512
CLM_0005038,PAT_002512
CLM_0005039,PAT_002513
CLM_0005040,PAT_002513
CLM_0005041,PAT_002514
CLM_0005042,PAT_002514
CLM_0005043,PAT_002515
CLM_0005044,PAT_002516
CLM_0005045,PAT_002517
CLM_0005046,PAT_002518
CLM_0005047,PAT_002518
CLM_0005048,PAT_002518
CLM_0005049,PAT_002519
CLM_0005050,PAT_002519
CLM_0005051,PAT_002520
CLM_0005052,PAT_002521
CLM_0005053,PAT_002521
CLM_0005054,PAT_002522
CLM_0005055,PAT_002523
CLM_0005056,PAT_002523
CLM_0005057,PAT_002524
CLM_0005058,PAT_002525
CLM_0005059,PAT_002525
CLM_0005060,PAT_002526
CLM_0005061,PAT_002527
CLM_0005062,PAT_002527
CLM_0005063,PAT_002527
CLM_0005064,PAT_002528
CLM_0005065,PAT_002528
CLM_0005066,PAT_002528
CLM_0005067,PAT_002529
CLM_0005068,PAT_002530
CLM_0005069,PAT_002530
CLM_0005070,PAT_002531
CLM_0005071,PAT_002532
CLM_0005072,PAT_002532
CLM_0005073,PAT_002532
CLM_0005074,PAT_002533
CLM_0005075,PAT_002534
CLM_0005076,PAT_002534
CLM_0005077,PAT_002535
CLM_0005078,PAT_002536
CLM_0005079,PAT_002536
CLM_0005080,PAT_002536
CLM_0005081,PAT_002537
CLM_0005082,PAT_002537
CLM_0005083,PAT_002538
CLM_0005084,PAT_002538
CLM_0005085,PAT_002539
CLM_0005086,PAT_002539
CLM_0005087,PAT_002540
CLM_0005088,PAT_002540
CLM_0005089,PAT_002540
CLM_0005090,PAT_002541
CLM_0005091,PAT_002541
CLM_0005092,PAT_002541
CLM_0005093,PAT_002542
CLM_0005094,PAT_002542
CLM_0005095,PAT_002542
CLM_0005096,PAT_002543
CLM_0005097,PAT_002543
CLM_0005098,PAT_002544
CLM_0005099,PAT_002544
CLM_0005100,PAT_002545
CLM_0005101,PAT_002546
CLM_0005102,PAT_002546
CLM_0005103,PAT_002547
CLM_0005104,PAT_002547
CLM_0005105,PAT_002547
CLM_0005106,PAT_002548
CLM_0005107,PAT_002549
CLM_0005108,PAT_002549
CLM_0005109,PAT_002549
CLM_0005110,PAT_002550
CLM_0005111,PAT_002551
CLM_0005112,PAT_002551
CLM_0005113,PAT_002551
CLM_0005114,PAT_002552
CLM_0005115,PAT_002553
CLM_0005116,PAT_002553
CLM_0005117,PAT_002553
CLM_0005118,PAT_002554
CLM_0005119,PAT_002555
CLM_0005120,PAT_002555
CLM_0005121,PAT_002556
CLM_0005122,PAT_002557
CLM_0005123,PAT_002557
CLM_0005124,PAT_002558
CLM_0005125,PAT_002558
CLM_0005126,PAT_002559
CLM_0005127,PAT_002559
CLM_0005128,PAT_002560
CLM_0005129,PAT_002560
CLM_0005130,PAT_002561
CLM_0005131,PAT_002562
CLM_0005132,PAT_002562
CLM_0005133,PAT_002562
CLM_0005134,PAT_002563
CLM_0005135,PAT_002564
CLM_0005136,PAT_002564
CLM_0005137,PAT_002564
CLM_0005138,PAT_002565
CLM_0005139,PAT_002566
CLM_0005140,PAT_002567
CLM_0005141,PAT_002567
CLM_0005142,PAT_002567
CLM_0005143,PAT_002568
CLM_0005144,PAT_002569
CLM_0005145,PAT_002570
CLM_0005146,PAT_002570
CLM_0005147,PAT_002570
CLM_0005148,PAT_002571
CLM_0005149,PAT_002571
CLM_0005150,PAT_002572
CLM_0005151,PAT_002572
CLM_0005152,PAT_002572
CLM_0005153,PAT_002573
CLM_0005154,PAT_002573
CLM_0005155,PAT_002573
CLM_0005156,PAT_002574
CLM_0005157,PAT_002575
CLM_0005158,PAT_002575
CLM_0005159,PAT_002575
CLM_0005160,PAT_002576
CLM_0005161,PAT_002576
CLM_0005162,PAT_002577
CLM_0005163,PAT_002578
CLM_0005164,PAT_002578
CLM_0005165,PAT_002578
CLM_0005166,PAT_002579
CLM_0005167,PAT_002579
CLM_0005168,PAT_002579
CLM_0005169,PAT_002580
CLM_0005170,PAT_002581
CLM_0005171,PAT_002582
CLM_0005172,PAT_002582
CLM_0005173,PAT_002582
CLM_0005174,PAT_002583
CLM_0005175,PAT_002583
CLM_0005176,PAT_002583
CLM_0005177,PAT_002584
CLM_0005178,PAT_002584
CLM_0005179,PAT_002584
CLM_0005180,PAT_002585
CLM_0005181,PAT_002585
CLM_0005182,PAT_002585
CLM_0005183,PAT_002586
CLM_0005184,PAT_002586
CLM_0005185,PAT_002586
CLM_0005186,PAT_002587
CLM_0005187,PAT_002587
CLM_0005188,PAT_002587
CLM_0005189,PAT_002588
CLM_0005190,PAT_002588
CLM_0005191,PAT_002589
CLM_0005192,PAT_002589
CLM_0005193,PAT_002590
CLM_0005194,PAT_002591
CLM_0005195,PAT_002591
CLM_0005196,PAT_002592
CLM_0005197,PAT_002592
CLM_0005198,PAT_002592
CLM_0005199,PAT_002593
CLM_0005200,PAT_002593
CLM_0005201,PAT_002594
CLM_0005202,PAT_002595
CLM_0005203,PAT_002595
CLM_0005204,PAT_002595
CLM_0005205,PAT_002596
CLM_0005206,PAT_002597
CLM_0005207,PAT_002597
CLM_0005208,PAT_002598
CLM_0005209,PAT_002599
CLM_0005210,PAT_002600
CLM_0005211,PAT_002600
CLM_0005212,PAT_002601
CLM_0005213,PAT_002602
CLM_0005214,PAT_002602
CLM_0005215,PAT_002603
CLM_0005216,PAT_002604
CLM_0005217,PAT_002604
CLM_0005218,PAT_002605
CLM_0005219,PAT_002605
CLM_0005220,PAT_002605
CLM_0005221,PAT_002606
CLM_0005222,PAT_002606
CLM_0005223,PAT_002606
CLM_0005224,PAT_002607
CLM_0005225,PAT_002607
CLM_0005226,PAT_002608
CLM_0005227,PAT_002608
CLM_0005228,PAT_002608
CLM_0005229,PAT_002609
CLM_0005230,PAT_002609
CLM_0005231,PAT_002609
CLM_0005232,PAT_002610
CLM_0005233,PAT_002610
CLM_0005234,PAT_002610
CLM_0005235,PAT_002611
CLM_0005236,PAT_002611
CLM_0005237,PAT_002612
CLM_0005238,PAT_002612
CLM_0005239,PAT_002613
CLM_0005240,PAT_002614
CLM_0005241,PAT_002614
CLM_0005242,PAT_002614
CLM_0005243,PAT_002615
CLM_0005244,PAT_002615
CLM_0005245,PAT_002615
CLM_0005246,PAT_002616
CLM_0005247,PAT_002616
CLM_0005248,PAT_002617
CLM_0005249,PAT_002617
CLM_0005250,PAT_002618
CLM_0005251,PAT_002619
CLM_0005252,PAT_002619
CLM_0005253,PAT_002619
CLM_0005254,PAT_002620
CLM_0005255,PAT_002620
CLM_0005256,PAT_002621
CLM_0005257,PAT_002622
CLM_0005258,PAT_002622
CLM_0005259,PAT_002623
CLM_0005260,PAT_002623
CLM_0005261,PAT_002624
CLM_0005262,PAT_002624
CLM_0005263,PAT_002624
CLM_0005264,PAT_002625
CLM_0005265,PAT_002626
CLM_0005266,PAT_002627
CLM_0005267,PAT_002628
CLM_0005268,PAT_002629
CLM_0005269,PAT_002629
CLM_0005270,PAT_002629
CLM_0005271,PAT_002630
CLM_0005272,PAT_002630
CLM_0005273,PAT_002631
CLM_0005274,PAT_002631
CLM_0005275,PAT_002632
CLM_0005276,PAT_002632
CLM_0005277,PAT_002633
CLM_0005278,PAT_002634
CLM_0005279,PAT_002634
CLM_0005280,PAT_002635
CLM_0005281,PAT_002635
CLM_0005282,PAT_002635
CLM_0005283,PAT_002636
CLM_0005284,PAT_002636
CLM_0005285,PAT_002636
CLM_0005286,PAT_002637
CLM_0005287,PAT_002637
CLM_0005288,PAT_002637
CLM_0005289,PAT_002638
CLM_0005290,PAT_002638
CLM_0005291,PAT_002639
CLM_0005292,PAT_002640
CLM_0005293,PAT_002640
CLM_0005294,PAT_002641
CLM_0005295,PAT_002642
CLM_0005296,PAT_002642
CLM_0005297,PAT_002643
CLM_0005298,PAT_002644
CLM_0005299,PAT_002644
CLM_0005300,PAT_002644
CLM_0005301,PAT_002645
CLM_0005302,PAT_002645
CLM_0005303,PAT_002645
CLM_0005304,PAT_002646
CLM_0005305,PAT_002646
CLM_0005306,PAT_002647
CLM_0005307,PAT_002648
CLM_0005308,PAT_002648
CLM_0005309,PAT_002649
CLM_0005310,PAT_002649
CLM_0005311,PAT_002650
CLM_0005312,PAT_002650
CLM_0005313,PAT_002651
CLM_0005314,PAT_002651
CLM_0005315,PAT_002651
CLM_0005316,PAT_002652
CLM_0005317,PAT_002652
CLM_0005318,PAT_002653
CLM_0005319,PAT_002653
CLM_0005320,PAT_002653
CLM_0005321,PAT_002654
CLM_0005322,PAT_002654
CLM_0005323,PAT_002655
CLM_0005324,PAT_002655
CLM_0005325,PAT_002655
CLM_0005326,PAT_002656
CLM_0005327,PAT_002656
CLM_0005328,PAT_002656
CLM_0005329,PAT_002657
CLM_0005330,PAT_002657
CLM_0005331,PAT_002658
CLM_0005332,PAT_002659
CLM_0005333,PAT_002659
CLM_0005334,PAT_002660
CLM_0005335,PAT_002661
CLM_0005336,PAT_002661
CLM_0005337,PAT_002661
CLM_0005338,PAT_002662
CLM_0005339,PAT_002662
CLM_0005340,PAT_002663
CLM_0005341,PAT_002663
CLM_0005342,PAT_002664
CLM_0005343,PAT_002665
CLM_0005344,PAT_002665
CLM_0005345,PAT_002666
CLM_0005346,PAT_002666
CLM_0005347,PAT_002667
CLM_0005348,PAT_002667
CLM_0005349,PAT_002667
CLM_0005350,PAT_002668
CLM_0005351,PAT_002669
CLM_0005352,PAT_002669
CLM_0005353,PAT_002669
CLM_0005354,PAT_002670
CLM_0005355,PAT_002670
CLM_0005356,PAT_002670
CLM_0005357,PAT_002671
CLM_0005358,PAT_002671
CLM_0005359,PAT_002672
CLM_0005360,PAT_002672
CLM_0005361,PAT_002672
CLM_0005362,PAT_002673
CLM_0005363,PAT_002673
CLM_0005364,PAT_002674
CLM_0005365,PAT_002674
CLM_0005366,PAT_002675
CLM_0005367,PAT_002675
CLM_0005368,PAT_002675
CLM_0005369,PAT_002676
CLM_0005370,PAT_002676
CLM_0005371,PAT_002676
CLM_0005372,PAT_002677
CLM_0005373,PAT_002677
CLM_0005374,PAT_002678
CLM_0005375,PAT_002678
CLM_0005376,PAT_002679
CLM_0005377,PAT_002679
CLM_0005378,PAT_002679
CLM_0005379,PAT_002680
CLM_0005380,PAT_002680
CLM_0005381,PAT_002680
CLM_0005382,PAT_002681
CLM_0005383,PAT_002681
CLM_0005384,PAT_002682
CLM_0005385,PAT_002682
CLM_0005386,PAT_002682
CLM_0005387,PAT_002683
CLM_0005388,PAT_002684
CLM_0005389,PAT_002685
CLM_0005390,PAT_002685
CLM_0005391,PAT_002685
CLM_0005392,PAT_002686
CLM_0005393,PAT_002687
CLM_0005394,PAT_002687
CLM_0005395,PAT_002687
CLM_0005396,PAT_002688
CLM_0005397,PAT_002688
CLM_0005398,PAT_002688
CLM_0005399,PAT_002689
CLM_0005400,PAT_002689
CLM_0005401,PAT_002690
CLM_0005402,PAT_002690
CLM_0005403,PAT_002691
CLM_0005404,PAT_002691
CLM_0005405,PAT_002691
CLM_0005406,PAT_002692
CLM_0005407,PAT_002692
CLM_0005408,PAT_002692
CLM_0005409,PAT_002693
CLM_0005410,PAT_002694
CLM_0005411,PAT_002694
CLM_0005412,PAT_002695
CLM_0005413,PAT_002695
CLM_0005414,PAT_002696
CLM_0005415,PAT_002697
CLM_0005416,PAT_002697
CLM_0005417,PAT_002697
CLM_0005418,PAT_002698
CLM_0005419,PAT_002698
CLM_0005420,PAT_002699
CLM_0005421,PAT_002699
CLM_0005422,PAT_002699
CLM_0005423,PAT_002700
CLM_0005424,PAT_002700
CLM_0005425,PAT_002700
CLM_0005426,PAT_002701
CLM_0005427,PAT_002701
CLM_0005428,PAT_002701
CLM_0005429,PAT_002702
CLM_0005430,PAT_002702
CLM_0005431,PAT_002703
CLM_0005432,PAT_002703
CLM_0005433,PAT_002704
CLM_0005434,PAT_002705
CLM_0005435,PAT_002705
CLM_0005436,PAT_002705
CLM_0005437,PAT_002706
CLM_0005438,PAT_002706
CLM_0005439,PAT_002706
CLM_0005440,PAT_002707
CLM_0005441,PAT_002707
CLM_0005442,PAT_002708
CLM_0005443,PAT_002709
CLM_0005444,PAT_002710
CLM_0005445,PAT_002710
CLM_0005446,PAT_002710
CLM_0005447,PAT_002711
CLM_0005448,PAT_002711
CLM_0005449,PAT_002712
CLM_0005450,PAT_002712
CLM_0005451,PAT_002712
CLM_0005452,PAT_002713
CLM_0005453,PAT_002713
CLM_0005454,PAT_002714
CLM_0005455,PAT_002714
CLM_0005456,PAT_002715
CLM_0005457,PAT_002715
CLM_0005458,PAT_002715
CLM_0005459,PAT_002716
CLM_0005460,PAT_002717
CLM_0005461,PAT_002718
CLM_0005462,PAT_002718
CLM_0005463,PAT_002719
CLM_0005464,PAT_002720
CLM_0005465,PAT_002720
CLM_0005466,PAT_002720
CLM_0005467,PAT_002721
CLM_0005468,PAT_002721
CLM_0005469,PAT_002722
CLM_0005470,PAT_002722
CLM_0005471,PAT_002722
CLM_0005472,PAT_002723
CLM_0005473,PAT_002723
CLM_0005474,PAT_002723
CLM_0005475,PAT_002724
CLM_0005476,PAT_002725
CLM_0005477,PAT_002726
CLM_0005478,PAT_002726
CLM_0005479,PAT_002726
CLM_0005480,PAT_002727
CLM_0005481,PAT_002727
CLM_0005482,PAT_002727
CLM_0005483,PAT_002728
CLM_0005484,PAT_002728
CLM_0005485,PAT_002729
CLM_0005486,PAT_002729
CLM_0005487,PAT_002730
CLM_0005488,PAT_002730
CLM_0005489,PAT_002731
CLM_0005490,PAT_002732
CLM_0005491,PAT_002732
CLM_0005492,PAT_002733
CLM_0005493,PAT_002734
CLM_0005494,PAT_002734
CLM_0005495,PAT_002734
CLM_0005496,PAT_002735
CLM_0005497,PAT_002735
CLM_0005498,PAT_002736
CLM_0005499,PAT_002736
CLM_0005500,PAT_002737
CLM_0005501,PAT_002738
CLM_0005502,PAT_002738
CLM_0005503,PAT_002738
CLM_0005504,PAT_002739
CLM_0005505,PAT_002739
CLM_0005506,PAT_002739
CLM_0005507,PAT_002740
CLM_0005508,PAT_002740
CLM_0005509,PAT_002741
CLM_0005510,PAT_002742
CLM_0005511,PAT_002743
CLM_0005512,PAT_002743
CLM_0005513,PAT_002743
CLM_0005514,PAT_002744
CLM_0005515,PAT_002744
CLM_0005516,PAT_002744
CLM_0005517,PAT_002745
CLM_0005518,PAT_002745
CLM_0005519,PAT_002745
CLM_0005520,PAT_002746
CLM_0005521,PAT_002747
CLM_0005522,PAT_002747
CLM_0005523,PAT_002748
CLM_0005524,PAT_002748
CLM_0005525,PAT_002749
CLM_0005526,PAT_002749
CLM_0005527,PAT_002749
CLM_0005528,PAT_002750
CLM_0005529,PAT_002750
CLM_0005530,PAT_002750
CLM_0005531,PAT_002751
CLM_0005532,PAT_002751
CLM_0005533,PAT_002751
CLM_0005534,PAT_002752
CLM_0005535,PAT_002752
CLM_0005536,PAT_002753
CLM_0005537,PAT_002753
CLM_0005538,PAT_002753
CLM_0005539,PAT_002754
CLM_0005540,PAT_002754
CLM_0005541,PAT_002755
CLM_0005542,PAT_002756
CLM_0005543,PAT_002756
CLM_0005544,PAT_002756
CLM_0005545,PAT_002757
CLM_0005546,PAT_002757
CLM_0005547,PAT_002758
CLM_0005548,PAT_002758
CLM_0005549,PAT_002758
CLM_0005550,PAT_002759
CLM_0005551,PAT_002759
CLM_0005552,PAT_002759
CLM_0005553,PAT_002760
CLM_0005554,PAT_002761
CLM_0005555,PAT_002762
CLM_0005556,PAT_002763
CLM_0005557,PAT_002764
CLM_0005558,PAT_002764
CLM_0005559,PAT_002764
CLM_0005560,PAT_002765
CLM_0005561,PAT_002766
CLM_0005562,PAT_002766
CLM_0005563,PAT_002767
CLM_0005564,PAT_002768
CLM_0005565,PAT_002768
CLM_0005566,PAT_002768
CLM_0005567,PAT_002769
CLM_0005568,PAT_002769
CLM_0005569,PAT_002770
CLM_0005570,PAT_002771
CLM_0005571,PAT_002771
CLM_0005572,PAT_002771
CLM_0005573,PAT_002772
CLM_0005574,PAT_002772
CLM_0005575,PAT_002773
CLM_0005576,PAT_002774
CLM_0005577,PAT_002774
CLM_0005578,PAT_002774
CLM_0005579,PAT_002775
CLM_0005580,PAT_002775
CLM_0005581,PAT_002776
CLM_0005582,PAT_002776
CLM_0005583,PAT_002776
CLM_0005584,PAT_002777
CLM_0005585,PAT_002777
CLM_0005586,PAT_002778
CLM_0005587,PAT_002779
CLM_0005588,PAT_002779
CLM_0005589,PAT_002779
CLM_0005590,PAT_002780
CLM_0005591,PAT_002780
CLM_0005592,PAT_002781
CLM_0005593,PAT_002781
CLM_0005594,PAT_002782
CLM_0005595,PAT_002782
CLM_0005596,PAT_002783
CLM_0005597,PAT_002784
CLM_0005598,PAT_002784
CLM_0005599,PAT_002784
CLM_0005600,PAT_002785
CLM_0005601,PAT_002786
CLM_0005602,PAT_002786
CLM_0005603,PAT_002786
CLM_0005604,PAT_002787
CLM_0005605,PAT_002787
CLM_0005606,PAT_002788
CLM_0005607,PAT_002789
CLM_0005608,PAT_002789
CLM_0005609,PAT_002789
CLM_0005610,PAT_002790
CLM_0005611,PAT_002790
CLM_0005612,PAT_002790
CLM_0005613,PAT_002791
CLM_0005614,PAT_002792
CLM_0005615,PAT_002793
CLM_0005616,PAT_002794
CLM_0005617,PAT_002795
CLM_0005618,PAT_002795
CLM_0005619,PAT_002795
CLM_0005620,PAT_002796
CLM_0005621,PAT_002796
CLM_0005622,PAT_002796
CLM_0005623,PAT_002797
CLM_0005624,PAT_002797
CLM_0005625,PAT_002797
CLM_0005626,PAT_002798
CLM_0005627,PAT_002798
CLM_0005628,PAT_002799
CLM_0005629,PAT_002799
CLM_0005630,PAT_002799
CLM_0005631,PAT_002800
CLM_0005632,PAT_002800
CLM_0005633,PAT_002800
CLM_0005634,PAT_002801
CLM_0005635,PAT_002802
CLM_0005636,PAT_002802
CLM_0005637,PAT_002803
CLM_0005638,PAT_002803
CLM_0005639,PAT_002803
CLM_0005640,PAT_002804
CLM_0005641,PAT_002804
CLM_0005642,PAT_002804
CLM_0005643,PAT_002805
CLM_0005644,PAT_002806
CLM_0005645,PAT_002806
CLM_0005646,PAT_002806
CLM_0005647,PAT_002807
CLM_0005648,PAT_002807
CLM_0005649,PAT_002807
CLM_0005650,PAT_002808
CLM_0005651,PAT_002809
CLM_0005652,PAT_002809
CLM_0005653,PAT_002809
CLM_0005654,PAT_002810
CLM_0005655,PAT_002811
CLM_0005656,PAT_002811
CLM_0005657,PAT_002811
CLM_0005658,PAT_002812
CLM_0005659,PAT_002812
CLM_0005660,PAT_002812
CLM_0005661,PAT_002813
CLM_0005662,PAT_002813
CLM_0005663,PAT_002813
CLM_0005664,PAT_002814
CLM_0005665,PAT_002814
CLM_0005666,PAT_002814
CLM_0005667,PAT_002815
CLM_0005668,PAT_002816
CLM_0005669,PAT_002817
CLM_0005670,PAT_002817
CLM_0005671,PAT_002817
CLM_0005672,PAT_002818
CLM_0005673,PAT_002818
CLM_0005674,PAT_002819
CLM_0005675,PAT_002819
CLM_0005676,PAT_002820
CLM_0005677,PAT_002821
CLM_0005678,PAT_002821
CLM_0005679,PAT_002822
CLM_0005680,PAT_002822
CLM_0005681,PAT_002823
CLM_0005682,PAT_002823
CLM_0005683,PAT_002823
CLM_0005684,PAT_002824
CLM_0005685,PAT_002824
CLM_0005686,PAT_002824
CLM_0005687,PAT_002825
CLM_0005688,PAT_002825
CLM_0005689,PAT_002826
CLM_0005690,PAT_002826
CLM_0005691,PAT_002827
CLM_0005692,PAT_002827
CLM_0005693,PAT_002828
CLM_0005694,PAT_002828
CLM_0005695,PAT_002828
CLM_0005696,PAT_002829
CLM_0005697,PAT_002830
CLM_0005698,PAT_002830
CLM_0005699,PAT_002830
CLM_0005700,PAT_002831
CLM_0005701,PAT_002832
CLM_0005702,PAT_002832
CLM_0005703,PAT_002833
CLM_0005704,PAT_002834
CLM_0005705,PAT_002834
CLM_0005706,PAT_002834
CLM_0005707,PAT_002835
CLM_0005708,PAT_002835
CLM_0005709,PAT_002836
CLM_0005710,PAT_002837
CLM_0005711,PAT_002837
CLM_0005712,PAT_002838
CLM_0005713,PAT_002839
CLM_0005714,PAT_002840
CLM_0005715,PAT_002841
CLM_0005716,PAT_002842
CLM_0005717,PAT_002843
CLM_0005718,PAT_002844
CLM_0005719,PAT_002844
CLM_0005720,PAT_002845
CLM_0005721,PAT_002845
CLM_0005722,PAT_002845
CLM_0005723,PAT_002846
CLM_0005724,PAT_002847
CLM_0005725,PAT_002847
CLM_0005726,PAT_002848
CLM_0005727,PAT_002849
CLM_0005728,PAT_002849
CLM_0005729,PAT_002849
CLM_0005730,PAT_002850
CLM_0005731,PAT_002850
CLM_0005732,PAT_002850
CLM_0005733,PAT_002851
CLM_0005734,PAT_002852
CLM_0005735,PAT_002852
CLM_0005736,PAT_002852
CLM_0005737,PAT_002853
CLM_0005738,PAT_002853
CLM_0005739,PAT_002854
CLM_0005740,PAT_002855
CLM_0005741,PAT_002855
CLM_0005742,PAT_002856
CLM_0005743,PAT_002856
CLM_0005744,PAT_002857
CLM_0005745,PAT_002857
CLM_0005746,PAT_002858
CLM_0005747,PAT_002859
CLM_0005748,PAT_002859
CLM_0005749,PAT_002859
CLM_0005750,PAT_002860
CLM_0005751,PAT_002860
CLM_0005752,PAT_002861
CLM_0005753,PAT_002862
CLM_0005754,PAT_002862
CLM_0005755,PAT_002862
CLM_0005756,PAT_002863
CLM_0005757,PAT_002863
CLM_0005758,PAT_002863
CLM_0005759,PAT_002864
CLM_0005760,PAT_002864
CLM_0005761,PAT_002864
CLM_0005762,PAT_002865
CLM_0005763,PAT_002865
CLM_0005764,PAT_002865
CLM_0005765,PAT_002866
CLM_0005766,PAT_002866
CLM_0005767,PAT_002866
CLM_0005768,PAT_002867
CLM_0005769,PAT_002867
CLM_0005770,PAT_002868
CLM_0005771,PAT_002868
CLM_0005772,PAT_002869
CLM_0005773,PAT_002869
CLM_0005774,PAT_002869
CLM_0005775,PAT_002870
CLM_0005776,PAT_002870
CLM_0005777,PAT_002870
CLM_0005778,PAT_002871
CLM_0005779,PAT_002871
CLM_0005780,PAT_002871
CLM_0005781,PAT_002872
CLM_0005782,PAT_002872
CLM_0005783,PAT_002873
CLM_0005784,PAT_002873
CLM_0005785,PAT_002873
CLM_0005786,PAT_002874
CLM_0005787,PAT_002874
CLM_0005788,PAT_002874
CLM_0005789,PAT_002875
CLM_0005790,PAT_002876
CLM_0005791,PAT_002876
CLM_0005792,PAT_002877
CLM_0005793,PAT_002877
CLM_0005794,PAT_002877
CLM_0005795,PAT_002878
CLM_0005796,PAT_002879
CLM_0005797,PAT_002879
CLM_0005798,PAT_002880
CLM_0005799,PAT_002880
CLM_0005800,PAT_002881
CLM_0005801,PAT_002882
CLM_0005802,PAT_002882
CLM_0005803,PAT_002883
CLM_0005804,PAT_002884
CLM_0005805,PAT_002884
CLM_0005806,PAT_002884
CLM_0005807,PAT_002885
CLM_0005808,PAT_002885
CLM_0005809,PAT_002886
CLM_0005810,PAT_002886
CLM_0005811,PAT_002886
CLM_0005812,PAT_002887
CLM_0005813,PAT_002887
CLM_0005814,PAT_002888
CLM_0005815,PAT_002888
CLM_0005816,PAT_002889
CLM_0005817,PAT_002890
CLM_0005818,PAT_002890
CLM_0005819,PAT_002890
CLM_0005820,PAT_002891
CLM_0005821,PAT_002892
CLM_0005822,PAT_002892
CLM_0005823,PAT_002892
CLM_0005824,PAT_002893
CLM_0005825,PAT_002893
CLM_0005826,PAT_002893
CLM_0005827,PAT_002894
CLM_0005828,PAT_002895
CLM_0005829,PAT_002895
CLM_0005830,PAT_002896
CLM_0005831,PAT_002896
CLM_0005832,PAT_002896
CLM_0005833,PAT_002897
CLM_0005834,PAT_002897
CLM_0005835,PAT_002898
CLM_0005836,PAT_002898
CLM_0005837,PAT_002899
CLM_0005838,PAT_002900
CLM_0005839,PAT_002901
CLM_0005840,PAT_002901
CLM_0005841,PAT_002902
CLM_0005842,PAT_002902
CLM_0005843,PAT_002902
CLM_0005844,PAT_002903
CLM_0005845,PAT_002903
CLM_0005846,PAT_002903
CLM_0005847,PAT_002904
CLM_0005848,PAT_002904
CLM_0005849,PAT_002905
CLM_0005850,PAT_002905
CLM_0005851,PAT_002905
CLM_0005852,PAT_002906
CLM_0005853,PAT_002907
CLM_0005854,PAT_002908
CLM_0005855,PAT_002908
CLM_0005856,PAT_002909
CLM_0005857,PAT_002909
CLM_0005858,PAT_002910
CLM_0005859,PAT_002910
CLM_0005860,PAT_002911
CLM_0005861,PAT_002912
CLM_0005862,PAT_002913
CLM_0005863,PAT_002913
CLM_0005864,PAT_002914
CLM_0005865,PAT_002915
CLM_0005866,PAT_002915
CLM_0005867,PAT_002915
CLM_0005868,PAT_002916
CLM_0005869,PAT_002916
CLM_0005870,PAT_002916
CLM_0005871,PAT_002917
CLM_0005872,PAT_002918
CLM_0005873,PAT_002918
CLM_0005874,PAT_002918
CLM_0005875,PAT_002919
CLM_0005876,PAT_002919
CLM_0005877,PAT_002919
CLM_0005878,PAT_002920
CLM_0005879,PAT_002921
CLM_0005880,PAT_002922
CLM_0005881,PAT_002922
CLM_0005882,PAT_002922
CLM_0005883,PAT_002923
CLM_0005884,PAT_002924
CLM_0005885,PAT_002924
CLM_0005886,PAT_002924
CLM_0005887,PAT_002925
CLM_0005888,PAT_002926
CLM_0005889,PAT_002926
CLM_0005890,PAT_002926
CLM_0005891,PAT_002927
CLM_0005892,PAT_002928
CLM_0005893,PAT_002929
CLM_0005894,PAT_002930
CLM_0005895,PAT_002930
CLM_0005896,PAT_002930
CLM_0005897,PAT_002931
CLM_0005898,PAT_002931
CLM_0005899,PAT_002931
CLM_0005900,PAT_002932
CLM_0005901,PAT_002932
CLM_0005902,PAT_002932
CLM_0005903,PAT_002933
CLM_0005904,PAT_002934
CLM_0005905,PAT_002934
CLM_0005906,PAT_002935
CLM_0005907,PAT_002936
CLM_0005908,PAT_002936
CLM_0005909,PAT_002936
CLM_0005910,PAT_002937
CLM_0005911,PAT_002938
CLM_0005912,PAT_002938
CLM_0005913,PAT_002939
CLM_0005914,PAT_002940
CLM_0005915,PAT_002941
CLM_0005916,PAT_002942
CLM_0005917,PAT_002942
CLM_0005918,PAT_002943
CLM_0005919,PAT_002944
CLM_0005920,PAT_002944
CLM_0005921,PAT_002944
CLM_0005922,PAT_002945
CLM_0005923,PAT_002946
CLM_0005924,PAT_002946
CLM_0005925,PAT_002947
CLM_0005926,PAT_002947
CLM_0005927,PAT_002948
CLM_0005928,PAT_002949
CLM_0005929,PAT_002950
CLM_0005930,PAT_002950
CLM_0005931,PAT_002950
CLM_0005932,PAT_002951
CLM_0005933,PAT_002951
CLM_0005934,PAT_002952
CLM_0005935,PAT_002952
CLM_0005936,PAT_002952
CLM_0005937,PAT_002953
CLM_0005938,PAT_002953
CLM_0005939,PAT_002954
CLM_0005940,PAT_002954
CLM_0005941,PAT_002955
CLM_0005942,PAT_002955
CLM_0005943,PAT_002956
CLM_0005944,PAT_002956
CLM_0005945,PAT_002956
CLM_0005946,PAT_002957
CLM_0005947,PAT_002957
CLM_0005948,PAT_002957
CLM_0005949,PAT_002958
CLM_0005950,PAT_002958
CLM_0005951,PAT_002959
CLM_0005952,PAT_002959
CLM_0005953,PAT_002960
CLM_0005954,PAT_002961
CLM_0005955,PAT_002961
CLM_0005956,PAT_002961
CLM_0005957,PAT_002962
CLM_0005958,PAT_002963
CLM_0005959,PAT_002963
CLM_0005960,PAT_002963
CLM_0005961,PAT_002964
CLM_0005962,PAT_002965
CLM_0005963,PAT_002965
CLM_0005964,PAT_002965
CLM_0005965,PAT_002966
CLM_0005966,PAT_002966
CLM_0005967,PAT_002966
CLM_0005968,PAT_002967
CLM_0005969,PAT_002967
CLM_0005970,PAT_002968
CLM_0005971,PAT_002968
CLM_0005972,PAT_002969
CLM_0005973,PAT_002969
CLM_0005974,PAT_002970
CLM_0005975,PAT_002970
CLM_0005976,PAT_002970
CLM_0005977,PAT_002971
CLM_0005978,PAT_002972
CLM_0005979,PAT_002973
CLM_0005980,PAT_002973
CLM_0005981,PAT_002973
CLM_0005982,PAT_002974
CLM_0005983,PAT_002975
CLM_0005984,PAT_002975
CLM_0005985,PAT_002976
CLM_0005986,PAT_002977
CLM_0005987,PAT_002977
CLM_0005988,PAT_002978
CLM_0005989,PAT_002978
CLM_0005990,PAT_002978
CLM_0005991,PAT_002979
CLM_0005992,PAT_002980
CLM_0005993,PAT_002981
CLM_0005994,PAT_002981
CLM_0005995,PAT_002981
CLM_0005996,PAT_002982
CLM_0005997,PAT_002982
CLM_0005998,PAT_002982
CLM_0005999,PAT_002983
CLM_0006000,PAT_002983
CLM_0006001,PAT_002983
CLM_0006002,PAT_002984
CLM_0006003,PAT_002984
CLM_0006004,PAT_002985
CLM_0006005,PAT_002986
CLM_0006006,PAT_002986
CLM_0006007,PAT_002986
CLM_0006008,PAT_002987
CLM_0006009,PAT_002987
CLM_0006010,PAT_002988
CLM_0006011,PAT_002988
CLM_0006012,PAT_002988
CLM_0006013,PAT_002989
CLM_0006014,PAT_002989
CLM_0006015,PAT_002989
CLM_0006016,PAT_002990
CLM_0006017,PAT_002991
CLM_0006018,PAT_002991
CLM_0006019,PAT_002991
CLM_0006020,PAT_002992
CLM_0006021,PAT_002993
CLM_0006022,PAT_002993
CLM_0006023,PAT_002993
CLM_0006024,PAT_002994
CLM_0006025,PAT_002994
CLM_0006026,PAT_002994
CLM_0006027,PAT_002995
CLM_0006028,PAT_002996
CLM_0006029,PAT_002997
CLM_0006030,PAT_002998
CLM_0006031,PAT_002998
CLM_0006032,PAT_002998
CLM_0006033,PAT_002999
CLM_0006034,PAT_002999
CLM_0006035,PAT_002999
CLM_0006036,PAT_003000
CLM_0006037,PAT_003000
CLM_0006038,PAT_003000
CLM_0006039,PAT_003001
CLM_0006040,PAT_003001
CLM_0006041,PAT_003001
CLM_0006042,PAT_003002
CLM_0006043,PAT_003003
CLM_0006044,PAT_003004
CLM_0006045,PAT_003004
CLM_0006046,PAT_003005
CLM_0006047,PAT_003005
CLM_0006048,PAT_003006
CLM_0006049,PAT_003007
CLM_0006050,PAT_003008
CLM_0006051,PAT_003008
CLM_0006052,PAT_003008
CLM_0006053,PAT_003009
CLM_0006054,PAT_003009
CLM_0006055,PAT_003009
CLM_0006056,PAT_003010
CLM_0006057,PAT_003010
CLM_0006058,PAT_003010
CLM_0006059,PAT_003011
CLM_0006060,PAT_003011
CLM_0006061,PAT_003012
CLM_0006062,PAT_003013
CLM_0006063,PAT_003014
CLM_0006064,PAT_003014
CLM_0006065,PAT_003014
CLM_0006066,PAT_003015
CLM_0006067,PAT_003016
CLM_0006068,PAT_003017
CLM_0006069,PAT_003017
CLM_0006070,PAT_003018
CLM_0006071,PAT_003018
CLM_0006072,PAT_003019
CLM_0006073,PAT_003019
CLM_0006074,PAT_003019
CLM_0006075,PAT_003020
CLM_0006076,PAT_003020
CLM_0006077,PAT_003020
CLM_0006078,PAT_003021
CLM_0006079,PAT_003022
CLM_0006080,PAT_003023
CLM_0006081,PAT_003023
CLM_0006082,PAT_003023
CLM_0006083,PAT_003024
CLM_0006084,PAT_003025
CLM_0006085,PAT_003026
CLM_0006086,PAT_003026
CLM_0006087,PAT_003027
CLM_0006088,PAT_003027
CLM_0006089,PAT_003028
CLM_0006090,PAT_003029
CLM_0006091,PAT_003029
CLM_0006092,PAT_003029
CLM_0006093,PAT_003030
CLM_0006094,PAT_003030
CLM_0006095,PAT_003031
CLM_0006096,PAT_003031
CLM_0006097,PAT_003032
CLM_0006098,PAT_003032
CLM_0006099,PAT_003032
CLM_0006100,PAT_003033
CLM_0006101,PAT_003033
CLM_0006102,PAT_003033
CLM_0006103,PAT_003034
CLM_0006104,PAT_003034
CLM_0006105,PAT_003034
CLM_0006106,PAT_003035
CLM_0006107,PAT_003035
CLM_0006108,PAT_003035
CLM_0006109,PAT_003036
CLM_0006110,PAT_003037
CLM_0006111,PAT_003037
CLM_0006112,PAT_003038
CLM_0006113,PAT_003038
CLM_0006114,PAT_003039
CLM_0006115,PAT_003039
CLM_0006116,PAT_003039
CLM_0006117,PAT_003040
CLM_0006118,PAT_003041
CLM_0006119,PAT_003042
CLM_0006120,PAT_003043
CLM_0006121,PAT_003043
CLM_0006122,PAT_003044
CLM_0006123,PAT_003044
CLM_0006124,PAT_003045
CLM_0006125,PAT_003046
CLM_0006126,PAT_003047
CLM_0006127,PAT_003048
CLM_0006128,PAT_003049
CLM_0006129,PAT_003049
CLM_0006130,PAT_003050
CLM_0006131,PAT_003050
CLM_0006132,PAT_003051
CLM_0006133,PAT_003052
CLM_0006134,PAT_003052
CLM_0006135,PAT_003052
CLM_0006136,PAT_003053
CLM_0006137,PAT_003053
CLM_0006138,PAT_003053
CLM_0006139,PAT_003054
CLM_0006140,PAT_003054
CLM_0006141,PAT_003055
CLM_0006142,PAT_003055
CLM_0006143,PAT_003055
CLM_0006144,PAT_003056
CLM_0006145,PAT_003056
CLM_0006146,PAT_003057
CLM_0006147,PAT_003057
CLM_0006148,PAT_003058
CLM_0006149,PAT_003059
CLM_0006150,PAT_003060
CLM_0006151,PAT_003060
CLM_0006152,PAT_003060
CLM_0006153,PAT_003061
CLM_0006154,PAT_003062
CLM_0006155,PAT_003062
CLM_0006156,PAT_003062
CLM_0006157,PAT_003063
CLM_0006158,PAT_003063
CLM_0006159,PAT_003063
CLM_0006160,PAT_003064
CLM_0006161,PAT_003064
CLM_0006162,PAT_003064
CLM_0006163,PAT_003065
CLM_0006164,PAT_003065
CLM_0006165,PAT_003065
CLM_0006166,PAT_003066
CLM_0006167,PAT_003067
CLM_0006168,PAT_003067
CLM_0006169,PAT_003067
CLM_0006170,PAT_003068
CLM_0006171,PAT_003068
CLM_0006172,PAT_003069
CLM_0006173,PAT_003069
CLM_0006174,PAT_003070
CLM_0006175,PAT_003071
CLM_0006176,PAT_003071
CLM_0006177,PAT_003071
CLM_0006178,PAT_003072
CLM_0006179,PAT_003072
CLM_0006180,PAT_003073
CLM_0006181,PAT_003073
CLM_0006182,PAT_003074
CLM_0006183,PAT_003074
CLM_0006184,PAT_003074
CLM_0006185,PAT_003075
CLM_0006186,PAT_003075
CLM_0006187,PAT_003076
CLM_0006188,PAT_003076
CLM_0006189,PAT_003076
CLM_0006190,PAT_003077
CLM_0006191,PAT_003077
CLM_0006192,PAT_003077
CLM_0006193,PAT_003078
CLM_0006194,PAT_003079
CLM_0006195,PAT_003079
CLM_0006196,PAT_003080
CLM_0006197,PAT_003080
CLM_0006198,PAT_003080
CLM_0006199,PAT_003081
CLM_0006200,PAT_003081
CLM_0006201,PAT_003082
CLM_0006202,PAT_003083
CLM_0006203,PAT_003084
CLM_0006204,PAT_003085
CLM_0006205,PAT_003085
CLM_0006206,PAT_003086
CLM_0006207,PAT_003086
CLM_0006208,PAT_003087
CLM_0006209,PAT_003088
CLM_0006210,PAT_003088
CLM_0006211,PAT_003088
CLM_0006212,PAT_003089
CLM_0006213,PAT_003089
CLM_0006214,PAT_003090
CLM_0006215,PAT_003090
CLM_0006216,PAT_003091
CLM_0006217,PAT_003091
CLM_0006218,PAT_003091
CLM_0006219,PAT_003092
CLM_0006220,PAT_003092
CLM_0006221,PAT_003093
CLM_0006222,PAT_003093
CLM_0006223,PAT_003094
CLM_0006224,PAT_003094
CLM_0006225,PAT_003094
CLM_0006226,PAT_003095
CLM_0006227,PAT_003096
CLM_0006228,PAT_003096
CLM_0006229,PAT_003097
CLM_0006230,PAT_003097
CLM_0006231,PAT_003097
CLM_0006232,PAT_003098
CLM_0006233,PAT_003099
CLM_0006234,PAT_003099
CLM_0006235,PAT_003100
CLM_0006236,PAT_003100
CLM_0006237,PAT_003101
CLM_0006238,PAT_003101
CLM_0006239,PAT_003102
CLM_0006240,PAT_003102
CLM_0006241,PAT_003103
CLM_0006242,PAT_003104
CLM_0006243,PAT_003105
CLM_0006244,PAT_003105
CLM_0006245,PAT_003106
CLM_0006246,PAT_003106
CLM_0006247,PAT_003107
CLM_0006248,PAT_003107
CLM_0006249,PAT_003108
CLM_0006250,PAT_003108
CLM_0006251,PAT_003108
CLM_0006252,PAT_003109
CLM_0006253,PAT_003109
CLM_0006254,PAT_003110
CLM_0006255,PAT_003110
CLM_0006256,PAT_003111
CLM_0006257,PAT_003111
CLM_0006258,PAT_003111
CLM_0006259,PAT_003112
CLM_0006260,PAT_003112
CLM_0006261,PAT_003113
CLM_0006262,PAT_003113
CLM_0006263,PAT_003114
CLM_0006264,PAT_003114
CLM_0006265,PAT_003115
CLM_0006266,PAT_003115
CLM_0006267,PAT_003115
CLM_0006268,PAT_003116
CLM_0006269,PAT_003116
CLM_0006270,PAT_003117
CLM_0006271,PAT_003118
CLM_0006272,PAT_003118
CLM_0006273,PAT_003119
CLM_0006274,PAT_003119
CLM_0006275,PAT_003120
CLM_0006276,PAT_003120
CLM_0006277,PAT_003121
CLM_0006278,PAT_003121
CLM_0006279,PAT_003122
CLM_0006280,PAT_003122
CLM_0006281,PAT_003122
CLM_0006282,PAT_003123
CLM_0006283,PAT_003124
CLM_0006284,PAT_003125
CLM_0006285,PAT_003125
CLM_0006286,PAT_003125
CLM_0006287,PAT_003126
CLM_0006288,PAT_003126
CLM_0006289,PAT_003127
CLM_0006290,PAT_003127
CLM_0006291,PAT_003127
CLM_0006292,PAT_003128
CLM_0006293,PAT_003128
CLM_0006294,PAT_003128
CLM_0006295,PAT_003129
CLM_0006296,PAT_010004
CLM_0006297,PAT_010004
CLM_0006298,PAT_010004
CLM_0006299,PAT_003131
CLM_0006300,PAT_003131
CLM_0006301,PAT_003131
CLM_0006302,PAT_003132
CLM_0006303,PAT_003132
CLM_0006304,PAT_003133
CLM_0006305,PAT_003133
CLM_0006306,PAT_003133
CLM_0006307,PAT_003134
CLM_0006308,PAT_003135
CLM_0006309,PAT_003136
CLM_0006310,PAT_003136
CLM_0006311,PAT_003136
CLM_0006312,PAT_003137
CLM_0006313,PAT_003137
CLM_0006314,PAT_003138
CLM_0006315,PAT_003139
CLM_0006316,PAT_003140
CLM_0006317,PAT_003141
CLM_0006318,PAT_003141
CLM_0006319,PAT_003142
CLM_0006320,PAT_003142
CLM_0006321,PAT_003142
CLM_0006322,PAT_003143
CLM_0006323,PAT_003143
CLM_0006324,PAT_003144
CLM_0006325,PAT_003144
CLM_0006326,PAT_003145
CLM_0006327,PAT_003146
CLM_0006328,PAT_003147
CLM_0006329,PAT_003148
CLM_0006330,PAT_003148
CLM_0006331,PAT_003149
CLM_0006332,PAT_003149
CLM_0006333,PAT_003150
CLM_0006334,PAT_003150
CLM_0006335,PAT_003150
CLM_0006336,PAT_003151
CLM_0006337,PAT_003151
CLM_0006338,PAT_003151
CLM_0006339,PAT_003152
CLM_0006340,PAT_003153
CLM_0006341,PAT_003154
CLM_0006342,PAT_003154
CLM_0006343,PAT_003154
CLM_0006344,PAT_003155
CLM_0006345,PAT_003155
CLM_0006346,PAT_003155
CLM_0006347,PAT_003156
CLM_0006348,PAT_003157
CLM_0006349,PAT_003158
CLM_0006350,PAT_003158
CLM_0006351,PAT_003159
CLM_0006352,PAT_003160
CLM_0006353,PAT_003161
CLM_0006354,PAT_003161
CLM_0006355,PAT_003162
CLM_0006356,PAT_003162
CLM_0006357,PAT_003163
CLM_0006358,PAT_003163
CLM_0006359,PAT_003163
CLM_0006360,PAT_003164
CLM_0006361,PAT_003165
CLM_0006362,PAT_003166
CLM_0006363,PAT_003166
CLM_0006364,PAT_003166
CLM_0006365,PAT_003167
CLM_0006366,PAT_003167
CLM_0006367,PAT_003168
CLM_0006368,PAT_003168
CLM_0006369,PAT_003169
CLM_0006370,PAT_003169
CLM_0006371,PAT_003169
CLM_0006372,PAT_003170
CLM_0006373,PAT_003170
CLM_0006374,PAT_003171
CLM_0006375,PAT_003171
CLM_0006376,PAT_003171
CLM_0006377,PAT_003172
CLM_0006378,PAT_003172
CLM_0006379,PAT_003172
CLM_0006380,PAT_003173
CLM_0006381,PAT_003173
CLM_0006382,PAT_003174
CLM_0006383,PAT_003174
CLM_0006384,PAT_003175
CLM_0006385,PAT_003175
CLM_0006386,PAT_003175
CLM_0006387,PAT_003176
CLM_0006388,PAT_003177
CLM_0006389,PAT_003178
CLM_0006390,PAT_003179
CLM_0006391,PAT_003179
CLM_0006392,PAT_003179
CLM_0006393,PAT_003180
CLM_0006394,PAT_003180
CLM_0006395,PAT_003180
CLM_0006396,PAT_003181
CLM_0006397,PAT_003181
CLM_0006398,PAT_003182
CLM_0006399,PAT_003182
CLM_0006400,PAT_003182
CLM_0006401,PAT_003183
CLM_0006402,PAT_003183
CLM_0006403,PAT_003183
CLM_0006404,PAT_003184
CLM_0006405,PAT_003185
CLM_0006406,PAT_003185
CLM_0006407,PAT_003186
CLM_0006408,PAT_003186
CLM_0006409,PAT_003186
CLM_0006410,PAT_003187
CLM_0006411,PAT_003187
CLM_0006412,PAT_003188
CLM_0006413,PAT_003188
CLM_0006414,PAT_003189
CLM_0006415,PAT_003189
CLM_0006416,PAT_003190
CLM_0006417,PAT_003191
CLM_0006418,PAT_003192
CLM_0006419,PAT_003192
CLM_0006420,PAT_003192
CLM_0006421,PAT_003193
CLM_0006422,PAT_003194
CLM_0006423,PAT_003194
CLM_0006424,PAT_003194
CLM_0006425,PAT_003195
CLM_0006426,PAT_003195
CLM_0006427,PAT_003196
CLM_0006428,PAT_003196
CLM_0006429,PAT_003196
CLM_0006430,PAT_003197
CLM_0006431,PAT_003197
CLM_0006432,PAT_003198
CLM_0006433,PAT_003198
CLM_0006434,PAT_003199
CLM_0006435,PAT_003200
CLM_0006436,PAT_003201
CLM_0006437,PAT_003201
CLM_0006438,PAT_003202
CLM_0006439,PAT_003202
CLM_0006440,PAT_003202
CLM_0006441,PAT_003203
CLM_0006442,PAT_003203
CLM_0006443,PAT_003204
CLM_0006444,PAT_003204
CLM_0006445,PAT_003205
CLM_0006446,PAT_003206
CLM_0006447,PAT_003206
CLM_0006448,PAT_003207
CLM_0006449,PAT_003207
CLM_0006450,PAT_003208
CLM_0006451,PAT_003208
CLM_0006452,PAT_003208
CLM_0006453,PAT_003209
CLM_0006454,PAT_003210
CLM_0006455,PAT_003210
CLM_0006456,PAT_003210
CLM_0006457,PAT_003211
CLM_0006458,PAT_003211
CLM_0006459,PAT_003211
CLM_0006460,PAT_003212
CLM_0006461,PAT_003212
CLM_0006462,PAT_003212
CLM_0006463,PAT_003213
CLM_0006464,PAT_003213
CLM_0006465,PAT_003214
CLM_0006466,PAT_003215
CLM_0006467,PAT_003216
CLM_0006468,PAT_003216
CLM_0006469,PAT_003216
CLM_0006470,PAT_003217
CLM_0006471,PAT_003217
CLM_0006472,PAT_003217
CLM_0006473,PAT_003218
CLM_0006474,PAT_003218
CLM_0006475,PAT_003218
CLM_0006476,PAT_003219
CLM_0006477,PAT_003220
CLM_0006478,PAT_003220
CLM_0006479,PAT_003221
CLM_0006480,PAT_003222
CLM_0006481,PAT_003222
CLM_0006482,PAT_003222
CLM_0006483,PAT_003223
CLM_0006484,PAT_003223
CLM_0006485,PAT_003224
CLM_0006486,PAT_003225
CLM_0006487,PAT_003225
CLM_0006488,PAT_003225
CLM_0006489,PAT_003226
CLM_0006490,PAT_003226
CLM_0006491,PAT_003226
CLM_0006492,PAT_003227
CLM_0006493,PAT_003228
CLM_0006494,PAT_003229
CLM_0006495,PAT_003229
CLM_0006496,PAT_003229
CLM_0006497,PAT_003230
CLM_0006498,PAT_003230
CLM_0006499,PAT_003231
CLM_0006500,PAT_003231
CLM_0006501,PAT_003231
CLM_0006502,PAT_003232
CLM_0006503,PAT_003233
CLM_0006504,PAT_003233
CLM_0006505,PAT_003234
CLM_0006506,PAT_003234
CLM_0006507,PAT_003234
CLM_0006508,PAT_003235
CLM_0006509,PAT_003235
CLM_0006510,PAT_003235
CLM_0006511,PAT_003236
CLM_0006512,PAT_003237
CLM_0006513,PAT_003238
CLM_0006514,PAT_003238
CLM_0006515,PAT_003238
CLM_0006516,PAT_003239
CLM_0006517,PAT_003239
CLM_0006518,PAT_003239
CLM_0006519,PAT_003240
CLM_0006520,PAT_003240
CLM_0006521,PAT_003240
CLM_0006522,PAT_003241
CLM_0006523,PAT_003241
CLM_0006524,PAT_003242
CLM_0006525,PAT_003242
CLM_0006526,PAT_003243
CLM_0006527,PAT_003243
CLM_0006528,PAT_003244
CLM_0006529,PAT_003244
CLM_0006530,PAT_003245
CLM_0006531,PAT_003245
CLM_0006532,PAT_003246
CLM_0006533,PAT_003246
CLM_0006534,PAT_003247
CLM_0006535,PAT_003247
CLM_0006536,PAT_003247
CLM_0006537,PAT_003248
CLM_0006538,PAT_003249
CLM_0006539,PAT_003249
CLM_0006540,PAT_003249
CLM_0006541,PAT_003250
CLM_0006542,PAT_003251
CLM_0006543,PAT_003251
CLM_0006544,PAT_003251
CLM_0006545,PAT_003252
CLM_0006546,PAT_003253
CLM_0006547,PAT_003254
CLM_0006548,PAT_003254
CLM_0006549,PAT_003255
CLM_0006550,PAT_003255
CLM_0006551,PAT_003256
CLM_0006552,PAT_003257
CLM_0006553,PAT_003258
CLM_0006554,PAT_003259
CLM_0006555,PAT_003259
CLM_0006556,PAT_003260
CLM_0006557,PAT_003260
CLM_0006558,PAT_003260
CLM_0006559,PAT_003261
CLM_0006560,PAT_003261
CLM_0006561,PAT_003261
CLM_0006562,PAT_003262
CLM_0006563,PAT_003262
CLM_0006564,PAT_003262
CLM_0006565,PAT_003263
CLM_0006566,PAT_003263
CLM_0006567,PAT_003263
CLM_0006568,PAT_003264
CLM_0006569,PAT_003264
CLM_0006570,PAT_003265
CLM_0006571,PAT_003265
CLM_0006572,PAT_003265
CLM_0006573,PAT_003266
CLM_0006574,PAT_003267
CLM_0006575,PAT_003267
CLM_0006576,PAT_003268
CLM_0006577,PAT_003268
CLM_0006578,PAT_003269
CLM_0006579,PAT_003269
CLM_0006580,PAT_003270
CLM_0006581,PAT_003270
CLM_0006582,PAT_003270
CLM_0006583,PAT_003271
CLM_0006584,PAT_003271
CLM_0006585,PAT_003272
CLM_0006586,PAT_003272
CLM_0006587,PAT_003272
CLM_0006588,PAT_003273
CLM_0006589,PAT_003273
CLM_0006590,PAT_003273
CLM_0006591,PAT_003274
CLM_0006592,PAT_003274
CLM_0006593,PAT_003274
CLM_0006594,PAT_003275
CLM_0006595,PAT_003275
CLM_0006596,PAT_003275
CLM_0006597,PAT_003276
CLM_0006598,PAT_003276
CLM_0006599,PAT_003276
CLM_0006600,PAT_003277
CLM_0006601,PAT_003277
CLM_0006602,PAT_003277
CLM_0006603,PAT_003278
CLM_0006604,PAT_003279
CLM_0006605,PAT_003279
CLM_0006606,PAT_003280
CLM_0006607,PAT_003280
CLM_0006608,PAT_003280
CLM_0006609,PAT_003281
CLM_0006610,PAT_003282
CLM_0006611,PAT_003283
CLM_0006612,PAT_003284
CLM_0006613,PAT_003285
CLM_0006614,PAT_003286
CLM_0006615,PAT_003287
CLM_0006616,PAT_003287
CLM_0006617,PAT_003287
CLM_0006618,PAT_003288
CLM_0006619,PAT_003288
CLM_0006620,PAT_003288
CLM_0006621,PAT_003289
CLM_0006622,PAT_003289
CLM_0006623,PAT_003289
CLM_0006624,PAT_003290
CLM_0006625,PAT_003290
CLM_0006626,PAT_003290
CLM_0006627,PAT_003291
CLM_0006628,PAT_003292
CLM_0006629,PAT_003292
CLM_0006630,PAT_003292
CLM_0006631,PAT_003293
CLM_0006632,PAT_003294
CLM_0006633,PAT_003295
CLM_0006634,PAT_003295
CLM_0006635,PAT_003296
CLM_0006636,PAT_003297
CLM_0006637,PAT_003297
CLM_0006638,PAT_003298
CLM_0006639,PAT_003298
CLM_0006640,PAT_003298
CLM_0006641,PAT_003299
CLM_0006642,PAT_003299
CLM_0006643,PAT_003299
CLM_0006644,PAT_003300
CLM_0006645,PAT_003300
CLM_0006646,PAT_003301
CLM_0006647,PAT_003301
CLM_0006648,PAT_003301
CLM_0006649,PAT_003302
CLM_0006650,PAT_003302
CLM_0006651,PAT_003303
CLM_0006652,PAT_003303
CLM_0006653,PAT_003303
CLM_0006654,PAT_003304
CLM_0006655,PAT_003304
CLM_0006656,PAT_003304
CLM_0006657,PAT_003305
CLM_0006658,PAT_003306
CLM_0006659,PAT_003306
CLM_0006660,PAT_003307
CLM_0006661,PAT_003307
CLM_0006662,PAT_003307
CLM_0006663,PAT_003308
CLM_0006664,PAT_003308
CLM_0006665,PAT_003308
CLM_0006666,PAT_003309
CLM_0006667,PAT_003309
CLM_0006668,PAT_003309
CLM_0006669,PAT_003310
CLM_0006670,PAT_003310
CLM_0006671,PAT_003311
CLM_0006672,PAT_003311
CLM_0006673,PAT_003312
CLM_0006674,PAT_003312
CLM_0006675,PAT_003312
CLM_0006676,PAT_003313
CLM_0006677,PAT_003313
CLM_0006678,PAT_003313
CLM_0006679,PAT_003314
CLM_0006680,PAT_003314
CLM_0006681,PAT_003314
CLM_0006682,PAT_003315
CLM_0006683,PAT_003316
CLM_0006684,PAT_003316
CLM_0006685,PAT_003317
CLM_0006686,PAT_003317
CLM_0006687,PAT_003317
CLM_0006688,PAT_003318
CLM_0006689,PAT_003318
CLM_0006690,PAT_003319
CLM_0006691,PAT_003320
CLM_0006692,PAT_003321
CLM_0006693,PAT_003322
CLM_0006694,PAT_003322
CLM_0006695,PAT_003323
CLM_0006696,PAT_003324
CLM_0006697,PAT_003324
CLM_0006698,PAT_003324
CLM_0006699,PAT_003325
CLM_0006700,PAT_003325
CLM_0006701,PAT_003326
CLM_0006702,PAT_003327
CLM_0006703,PAT_003327
CLM_0006704,PAT_003328
CLM_0006705,PAT_003329
CLM_0006706,PAT_003329
CLM_0006707,PAT_003330
CLM_0006708,PAT_003331
CLM_0006709,PAT_003331
CLM_0006710,PAT_003332
CLM_0006711,PAT_003333
CLM_0006712,PAT_003333
CLM_0006713,PAT_003333
CLM_0006714,PAT_003334
CLM_0006715,PAT_003334
CLM_0006716,PAT_003334
CLM_0006717,PAT_003335
CLM_0006718,PAT_003336
CLM_0006719,PAT_003336
CLM_0006720,PAT_003336
CLM_0006721,PAT_003337
CLM_0006722,PAT_003337
CLM_0006723,PAT_003337
CLM_0006724,PAT_003338
CLM_0006725,PAT_003338
CLM_0006726,PAT_003338
CLM_0006727,PAT_003339
CLM_0006728,PAT_003339
CLM_0006729,PAT_003339
CLM_0006730,PAT_003340
CLM_0006731,PAT_003341
CLM_0006732,PAT_003341
CLM_0006733,PAT_003341
CLM_0006734,PAT_003342
CLM_0006735,PAT_003343
CLM_0006736,PAT_003343
CLM_0006737,PAT_003344
CLM_0006738,PAT_003345
CLM_0006739,PAT_003346
CLM_0006740,PAT_003346
CLM_0006741,PAT_003346
CLM_0006742,PAT_003347
CLM_0006743,PAT_003347
CLM_0006744,PAT_003347
CLM_0006745,PAT_003348
CLM_0006746,PAT_003349
CLM_0006747,PAT_003349
CLM_0006748,PAT_003350
CLM_0006749,PAT_003350
CLM_0006750,PAT_003350
CLM_0006751,PAT_003351
CLM_0006752,PAT_003352
CLM_0006753,PAT_003353
CLM_0006754,PAT_003353
CLM_0006755,PAT_003354
CLM_0006756,PAT_003354
CLM_0006757,PAT_003355
CLM_0006758,PAT_003355
CLM_0006759,PAT_003355
CLM_0006760,PAT_003356
CLM_0006761,PAT_003356
CLM_0006762,PAT_003356
CLM_0006763,PAT_003357
CLM_0006764,PAT_003358
CLM_0006765,PAT_003358
CLM_0006766,PAT_003358
CLM_0006767,PAT_003359
CLM_0006768,PAT_003359
CLM_0006769,PAT_003359
CLM_0006770,PAT_003360
CLM_0006771,PAT_003360
CLM_0006772,PAT_003360
CLM_0006773,PAT_003361
CLM_0006774,PAT_003361
CLM_0006775,PAT_003362
CLM_0006776,PAT_003363
CLM_0006777,PAT_003363
CLM_0006778,PAT_003364
CLM_0006779,PAT_003364
CLM_0006780,PAT_003365
CLM_0006781,PAT_003365
CLM_0006782,PAT_003365
CLM_0006783,PAT_003366
CLM_0006784,PAT_003366
CLM_0006785,PAT_003367
CLM_0006786,PAT_003367
CLM_0006787,PAT_003368
CLM_0006788,PAT_003368
CLM_0006789,PAT_003368
CLM_0006790,PAT_003369
CLM_0006791,PAT_003370
CLM_0006792,PAT_003371
CLM_0006793,PAT_003371
CLM_0006794,PAT_003371
CLM_0006795,PAT_003372
CLM_0006796,PAT_003372
CLM_0006797,PAT_003373
CLM_0006798,PAT_003373
CLM_0006799,PAT_003373
CLM_0006800,PAT_003374
CLM_0006801,PAT_003374
CLM_0006802,PAT_003374
CLM_0006803,PAT_003375
CLM_0006804,PAT_003375
CLM_0006805,PAT_003376
CLM_0006806,PAT_003376
CLM_0006807,PAT_003376
CLM_0006808,PAT_003377
CLM_0006809,PAT_003377
CLM_0006810,PAT_003378
CLM_0006811,PAT_003379
CLM_0006812,PAT_003380
CLM_0006813,PAT_003381
CLM_0006814,PAT_003381
CLM_0006815,PAT_003381
CLM_0006816,PAT_003382
CLM_0006817,PAT_003382
CLM_0006818,PAT_003383
CLM_0006819,PAT_003384
CLM_0006820,PAT_003384
CLM_0006821,PAT_003385
CLM_0006822,PAT_003386
CLM_0006823,PAT_003387
CLM_0006824,PAT_003388
CLM_0006825,PAT_003388
CLM_0006826,PAT_003388
CLM_0006827,PAT_003389
CLM_0006828,PAT_003389
CLM_0006829,PAT_003390
CLM_0006830,PAT_003391
CLM_0006831,PAT_003391
CLM_0006832,PAT_003391
CLM_0006833,PAT_003392
CLM_0006834,PAT_003392
CLM_0006835,PAT_003393
CLM_0006836,PAT_003394
CLM_0006837,PAT_003395
CLM_0006838,PAT_003395
CLM_0006839,PAT_003395
CLM_0006840,PAT_003396
CLM_0006841,PAT_003397
CLM_0006842,PAT_003397
CLM_0006843,PAT_003397
CLM_0006844,PAT_003398
CLM_0006845,PAT_003399
CLM_0006846,PAT_003399
CLM_0006847,PAT_003399
CLM_0006848,PAT_003400
CLM_0006849,PAT_003401
CLM_0006850,PAT_003402
CLM_0006851,PAT_003403
CLM_0006852,PAT_003404
CLM_0006853,PAT_003404
CLM_0006854,PAT_003405
CLM_0006855,PAT_003405
CLM_0006856,PAT_003405
CLM_0006857,PAT_003406
CLM_0006858,PAT_003406
CLM_0006859,PAT_003406
CLM_0006860,PAT_003407
CLM_0006861,PAT_003407
CLM_0006862,PAT_003408
CLM_0006863,PAT_003409
CLM_0006864,PAT_003409
CLM_0006865,PAT_003410
CLM_0006866,PAT_003411
CLM_0006867,PAT_003411
CLM_0006868,PAT_003411
CLM_0006869,PAT_003412
CLM_0006870,PAT_003412
CLM_0006871,PAT_003412
CLM_0006872,PAT_003413
CLM_0006873,PAT_003413
CLM_0006874,PAT_003413
CLM_0006875,PAT_003414
CLM_0006876,PAT_003414
CLM_0006877,PAT_003415
CLM_0006878,PAT_003415
CLM_0006879,PAT_003416
CLM_0006880,PAT_003416
CLM_0006881,PAT_003416
CLM_0006882,PAT_003417
CLM_0006883,PAT_003417
CLM_0006884,PAT_003417
CLM_0006885,PAT_003418
CLM_0006886,PAT_003418
CLM_0006887,PAT_003418
CLM_0006888,PAT_003419
CLM_0006889,PAT_003419
CLM_0006890,PAT_003420
CLM_0006891,PAT_003420
CLM_0006892,PAT_003420
CLM_0006893,PAT_003421
CLM_0006894,PAT_003421
CLM_0006895,PAT_003421
CLM_0006896,PAT_003422
CLM_0006897,PAT_003423
CLM_0006898,PAT_003423
CLM_0006899,PAT_003423
CLM_0006900,PAT_003424
CLM_0006901,PAT_003424
CLM_0006902,PAT_003425
CLM_0006903,PAT_003426
CLM_0006904,PAT_003426
CLM_0006905,PAT_003426
CLM_0006906,PAT_003427
CLM_0006907,PAT_003427
CLM_0006908,PAT_003428
CLM_0006909,PAT_003428
CLM_0006910,PAT_003429
CLM_0006911,PAT_003430
CLM_0006912,PAT_003430
CLM_0006913,PAT_003431
CLM_0006914,PAT_003431
CLM_0006915,PAT_003431
CLM_0006916,PAT_003432
CLM_0006917,PAT_003432
CLM_0006918,PAT_003433
CLM_0006919,PAT_003434
CLM_0006920,PAT_003434
CLM_0006921,PAT_003435
CLM_0006922,PAT_003435
CLM_0006923,PAT_003436
CLM_0006924,PAT_003436
CLM_0006925,PAT_003437
CLM_0006926,PAT_003437
CLM_0006927,PAT_003438
CLM_0006928,PAT_003438
CLM_0006929,PAT_003439
CLM_0006930,PAT_003440
CLM_0006931,PAT_003441
CLM_0006932,PAT_003442
CLM_0006933,PAT_003443
CLM_0006934,PAT_003443
CLM_0006935,PAT_003444
CLM_0006936,PAT_003444
CLM_0006937,PAT_003444
CLM_0006938,PAT_003445
CLM_0006939,PAT_003445
CLM_0006940,PAT_003445
CLM_0006941,PAT_003446
CLM_0006942,PAT_003446
CLM_0006943,PAT_003447
CLM_0006944,PAT_003447
CLM_0006945,PAT_003447
CLM_0006946,PAT_003448
CLM_0006947,PAT_003448
CLM_0006948,PAT_003448
CLM_0006949,PAT_003449
CLM_0006950,PAT_003449
CLM_0006951,PAT_003449
CLM_0006952,PAT_003450
CLM_0006953,PAT_003451
CLM_0006954,PAT_003451
CLM_0006955,PAT_003452
CLM_0006956,PAT_003452
CLM_0006957,PAT_003452
CLM_0006958,PAT_003453
CLM_0006959,PAT_003453
CLM_0006960,PAT_003453
CLM_0006961,PAT_003454
CLM_0006962,PAT_003454
CLM_0006963,PAT_003454
CLM_0006964,PAT_003455
CLM_0006965,PAT_003455
CLM_0006966,PAT_003456
CLM_0006967,PAT_003457
CLM_0006968,PAT_003457
CLM_0006969,PAT_003457
CLM_0006970,PAT_003458
CLM_0006971,PAT_003458
CLM_0006972,PAT_003458
CLM_0006973,PAT_003459
CLM_0006974,PAT_003460
CLM_0006975,PAT_003460
CLM_0006976,PAT_003460
CLM_0006977,PAT_003461
CLM_0006978,PAT_003461
CLM_0006979,PAT_003461
CLM_0006980,PAT_003462
CLM_0006981,PAT_003462
CLM_0006982,PAT_003463
CLM_0006983,PAT_003463
CLM_0006984,PAT_003464
CLM_0006985,PAT_003464
CLM_0006986,PAT_003464
CLM_0006987,PAT_003465
CLM_0006988,PAT_003466
CLM_0006989,PAT_003466
CLM_0006990,PAT_003466
CLM_0006991,PAT_003467
CLM_0006992,PAT_003467
CLM_0006993,PAT_003468
CLM_0006994,PAT_003468
CLM_0006995,PAT_003468
CLM_0006996,PAT_003469
CLM_0006997,PAT_003469
CLM_0006998,PAT_003470
CLM_0006999,PAT_003470
CLM_0007000,PAT_003470
CLM_0007001,PAT_003471
CLM_0007002,PAT_003471
CLM_0007003,PAT_003471
CLM_0007004,PAT_003472
CLM_0007005,PAT_003472
CLM_0007006,PAT_003473
CLM_0007007,PAT_003473
CLM_0007008,PAT_003473
CLM_0007009,PAT_003474
CLM_0007010,PAT_003474
CLM_0007011,PAT_003475
CLM_0007012,PAT_003475
CLM_0007013,PAT_003476
CLM_0007014,PAT_003476
CLM_0007015,PAT_003476
CLM_0007016,PAT_003477
CLM_0007017,PAT_003477
CLM_0007018,PAT_003477
CLM_0007019,PAT_003478
CLM_0007020,PAT_003479
CLM_0007021,PAT_003480
CLM_0007022,PAT_003481
CLM_0007023,PAT_003481
CLM_0007024,PAT_003482
CLM_0007025,PAT_003482
CLM_0007026,PAT_003482
CLM_0007027,PAT_003483
CLM_0007028,PAT_003483
CLM_0007029,PAT_003484
CLM_0007030,PAT_003484
CLM_0007031,PAT_003485
CLM_0007032,PAT_003485
CLM_0007033,PAT_003486
CLM_0007034,PAT_003486
CLM_0007035,PAT_003487
CLM_0007036,PAT_003488
CLM_0007037,PAT_003488
CLM_0007038,PAT_003488
CLM_0007039,PAT_003489
CLM_0007040,PAT_003489
CLM_0007041,PAT_003489
CLM_0007042,PAT_003490
CLM_0007043,PAT_003491
CLM_0007044,PAT_003491
CLM_0007045,PAT_003492
CLM_0007046,PAT_003493
CLM_0007047,PAT_003493
CLM_0007048,PAT_003493
CLM_0007049,PAT_003494
CLM_0007050,PAT_003495
CLM_0007051,PAT_003495
CLM_0007052,PAT_003496
CLM_0007053,PAT_003496
CLM_0007054,PAT_003497
CLM_0007055,PAT_003497
CLM_0007056,PAT_003498
CLM_0007057,PAT_003498
CLM_0007058,PAT_003498
CLM_0007059,PAT_003499
CLM_0007060,PAT_003499
CLM_0007061,PAT_003500
CLM_0007062,PAT_003500
CLM_0007063,PAT_003500
CLM_0007064,PAT_003501
CLM_0007065,PAT_003501
CLM_0007066,PAT_003501
CLM_0007067,PAT_003502
CLM_0007068,PAT_003502
CLM_0007069,PAT_003502
CLM_0007070,PAT_003503
CLM_0007071,PAT_003503
CLM_0007072,PAT_003504
CLM_0007073,PAT_003504
CLM_0007074,PAT_003504
CLM_0007075,PAT_003505
CLM_0007076,PAT_003505
CLM_0007077,PAT_003505
CLM_0007078,PAT_003506
CLM_0007079,PAT_003506
CLM_0007080,PAT_003507
CLM_0007081,PAT_003507
CLM_0007082,PAT_003507
CLM_0007083,PAT_003508
CLM_0007084,PAT_003508
CLM_0007085,PAT_003508
CLM_0007086,PAT_003509
CLM_0007087,PAT_003509
CLM_0007088,PAT_003510
CLM_0007089,PAT_003510
CLM_0007090,PAT_003511
CLM_0007091,PAT_003511
CLM_0007092,PAT_003511
CLM_0007093,PAT_003512
CLM_0007094,PAT_003512
CLM_0007095,PAT_003513
CLM_0007096,PAT_003513
CLM_0007097,PAT_003513
CLM_0007098,PAT_003514
CLM_0007099,PAT_003514
CLM_0007100,PAT_003515
CLM_0007101,PAT_003515
CLM_0007102,PAT_003516
CLM_0007103,PAT_003516
CLM_0007104,PAT_003516
CLM_0007105,PAT_003517
CLM_0007106,PAT_003517
CLM_0007107,PAT_003517
CLM_0007108,PAT_003518
CLM_0007109,PAT_003519
CLM_0007110,PAT_003520
CLM_0007111,PAT_003521
CLM_0007112,PAT_003521
CLM_0007113,PAT_003522
CLM_0007114,PAT_003523
CLM_0007115,PAT_003523
CLM_0007116,PAT_003523
CLM_0007117,PAT_003524
CLM_0007118,PAT_003525
CLM_0007119,PAT_003526
CLM_0007120,PAT_003526
CLM_0007121,PAT_003527
CLM_0007122,PAT_003527
CLM_0007123,PAT_003528
CLM_0007124,PAT_003529
CLM_0007125,PAT_003529
CLM_0007126,PAT_003530
CLM_0007127,PAT_003530
CLM_0007128,PAT_003531
CLM_0007129,PAT_003531
CLM_0007130,PAT_003532
CLM_0007131,PAT_003532
CLM_0007132,PAT_003533
CLM_0007133,PAT_003533
CLM_0007134,PAT_003534
CLM_0007135,PAT_003534
CLM_0007136,PAT_003534
CLM_0007137,PAT_003535
CLM_0007138,PAT_003535
CLM_0007139,PAT_003535
CLM_0007140,PAT_003536
CLM_0007141,PAT_003536
CLM_0007142,PAT_003537
CLM_0007143,PAT_003537
CLM_0007144,PAT_003537
CLM_0007145,PAT_003538
CLM_0007146,PAT_003539
CLM_0007147,PAT_003539
CLM_0007148,PAT_003539
CLM_0007149,PAT_003540
CLM_0007150,PAT_003540
CLM_0007151,PAT_003540
CLM_0007152,PAT_003541
CLM_0007153,PAT_003542
CLM_0007154,PAT_003543
CLM_0007155,PAT_003544
CLM_0007156,PAT_003545
CLM_0007157,PAT_003546
CLM_0007158,PAT_003546
CLM_0007159,PAT_003546
CLM_0007160,PAT_003547
CLM_0007161,PAT_003547
CLM_0007162,PAT_003547
CLM_0007163,PAT_003548
CLM_0007164,PAT_003548
CLM_0007165,PAT_003548
CLM_0007166,PAT_003549
CLM_0007167,PAT_003549
CLM_0007168,PAT_003549
CLM_0007169,PAT_003550
CLM_0007170,PAT_003551
CLM_0007171,PAT_003552
CLM_0007172,PAT_003552
CLM_0007173,PAT_003553
CLM_0007174,PAT_003553
CLM_0007175,PAT_003553
CLM_0007176,PAT_003554
CLM_0007177,PAT_003555
CLM_0007178,PAT_003555
CLM_0007179,PAT_003556
CLM_0007180,PAT_003556
CLM_0007181,PAT_003557
CLM_0007182,PAT_003557
CLM_0007183,PAT_003558
CLM_0007184,PAT_003558
CLM_0007185,PAT_003559
CLM_0007186,PAT_003559
CLM_0007187,PAT_003560
CLM_0007188,PAT_003560
CLM_0007189,PAT_003561
CLM_0007190,PAT_003561
CLM_0007191,PAT_003561
CLM_0007192,PAT_003562
CLM_0007193,PAT_003563
CLM_0007194,PAT_003564
CLM_0007195,PAT_003564
CLM_0007196,PAT_003565
CLM_0007197,PAT_003565
CLM_0007198,PAT_003566
CLM_0007199,PAT_003566
CLM_0007200,PAT_003567
CLM_0007201,PAT_003568
CLM_0007202,PAT_003569
CLM_0007203,PAT_003570
CLM_0007204,PAT_003570
CLM_0007205,PAT_003571
CLM_0007206,PAT_003571
CLM_0007207,PAT_003571
CLM_0007208,PAT_003572
CLM_0007209,PAT_003572
CLM_0007210,PAT_003573
CLM_0007211,PAT_003574
CLM_0007212,PAT_003574
CLM_0007213,PAT_003574
CLM_0007214,PAT_003575
CLM_0007215,PAT_003575
CLM_0007216,PAT_003576
CLM_0007217,PAT_003577
CLM_0007218,PAT_003578
CLM_0007219,PAT_003579
CLM_0007220,PAT_003579
CLM_0007221,PAT_003580
CLM_0007222,PAT_003581
CLM_0007223,PAT_003582
CLM_0007224,PAT_003582
CLM_0007225,PAT_003582
CLM_0007226,PAT_003583
CLM_0007227,PAT_003583
CLM_0007228,PAT_003583
CLM_0007229,PAT_003584
CLM_0007230,PAT_003585
CLM_0007231,PAT_003585
CLM_0007232,PAT_003586
CLM_0007233,PAT_003586
CLM_0007234,PAT_003587
CLM_0007235,PAT_003587
CLM_0007236,PAT_003587
CLM_0007237,PAT_003588
CLM_0007238,PAT_003589
CLM_0007239,PAT_003589
CLM_0007240,PAT_003589
CLM_0007241,PAT_003590
CLM_0007242,PAT_003590
CLM_0007243,PAT_003590
CLM_0007244,PAT_003591
CLM_0007245,PAT_003592
CLM_0007246,PAT_003592
CLM_0007247,PAT_003592
CLM_0007248,PAT_003593
CLM_0007249,PAT_003593
CLM_0007250,PAT_003593
CLM_0007251,PAT_003594
CLM_0007252,PAT_003595
CLM_0007253,PAT_003595
CLM_0007254,PAT_003596
CLM_0007255,PAT_003596
CLM_0007256,PAT_003597
CLM_0007257,PAT_003597
CLM_0007258,PAT_003597
CLM_0007259,PAT_003598
CLM_0007260,PAT_003599
CLM_0007261,PAT_003600
CLM_0007262,PAT_003600
CLM_0007263,PAT_003601
CLM_0007264,PAT_003602
CLM_0007265,PAT_003603
CLM_0007266,PAT_003603
CLM_0007267,PAT_003604
CLM_0007268,PAT_003604
CLM_0007269,PAT_003604
CLM_0007270,PAT_003605
CLM_0007271,PAT_003605
CLM_0007272,PAT_003605
CLM_0007273,PAT_003606
CLM_0007274,PAT_003606
CLM_0007275,PAT_003606
CLM_0007276,PAT_003607
CLM_0007277,PAT_003608
CLM_0007278,PAT_003609
CLM_0007279,PAT_003609
CLM_0007280,PAT_003609
CLM_0007281,PAT_003610
CLM_0007282,PAT_003611
CLM_0007283,PAT_003612
CLM_0007284,PAT_003613
CLM_0007285,PAT_003613
CLM_0007286,PAT_003613
CLM_0007287,PAT_003614
CLM_0007288,PAT_003614
CLM_0007289,PAT_003615
CLM_0007290,PAT_003615
CLM_0007291,PAT_003616
CLM_0007292,PAT_003617
CLM_0007293,PAT_003617
CLM_0007294,PAT_003618
CLM_0007295,PAT_003619
CLM_0007296,PAT_003620
CLM_0007297,PAT_003620
CLM_0007298,PAT_003621
CLM_0007299,PAT_003621
CLM_0007300,PAT_003622
CLM_0007301,PAT_003623
CLM_0007302,PAT_003624
CLM_0007303,PAT_003624
CLM_0007304,PAT_003624
CLM_0007305,PAT_003625
CLM_0007306,PAT_003626
CLM_0007307,PAT_003626
CLM_0007308,PAT_003626
CLM_0007309,PAT_003627
CLM_0007310,PAT_003628
CLM_0007311,PAT_003629
CLM_0007312,PAT_003629
CLM_0007313,PAT_003630
CLM_0007314,PAT_003631
CLM_0007315,PAT_003632
CLM_0007316,PAT_003633
CLM_0007317,PAT_003634
CLM_0007318,PAT_003635
CLM_0007319,PAT_003636
CLM_0007320,PAT_003637
CLM_0007321,PAT_003637
CLM_0007322,PAT_003638
CLM_0007323,PAT_003638
CLM_0007324,PAT_003638
CLM_0007325,PAT_003639
CLM_0007326,PAT_003639
CLM_0007327,PAT_003639
CLM_0007328,PAT_003640
CLM_0007329,PAT_003640
CLM_0007330,PAT_003641
CLM_0007331,PAT_003641
CLM_0007332,PAT_003642
CLM_0007333,PAT_003642
CLM_0007334,PAT_003642
CLM_0007335,PAT_003643
CLM_0007336,PAT_003644
CLM_0007337,PAT_003644
CLM_0007338,PAT_003645
CLM_0007339,PAT_003645
CLM_0007340,PAT_003645
CLM_0007341,PAT_003646
CLM_0007342,PAT_003647
CLM_0007343,PAT_003647
CLM_0007344,PAT_003648
CLM_0007345,PAT_003648
CLM_0007346,PAT_003648
CLM_0007347,PAT_003649
CLM_0007348,PAT_003650
CLM_0007349,PAT_003650
CLM_0007350,PAT_003651
CLM_0007351,PAT_003651
CLM_0007352,PAT_003651
CLM_0007353,PAT_003652
CLM_0007354,PAT_003652
CLM_0007355,PAT_003653
CLM_0007356,PAT_003653
CLM_0007357,PAT_003653
CLM_0007358,PAT_003654
CLM_0007359,PAT_003654
CLM_0007360,PAT_003654
CLM_0007361,PAT_003655
CLM_0007362,PAT_003655
CLM_0007363,PAT_003656
CLM_0007364,PAT_003657
CLM_0007365,PAT_003657
CLM_0007366,PAT_003658
CLM_0007367,PAT_003659
CLM_0007368,PAT_003659
CLM_0007369,PAT_003659
CLM_0007370,PAT_003660
CLM_0007371,PAT_003661
CLM_0007372,PAT_003661
CLM_0007373,PAT_003662
CLM_0007374,PAT_003662
CLM_0007375,PAT_003662
CLM_0007376,PAT_003663
CLM_0007377,PAT_003663
CLM_0007378,PAT_003664
CLM_0007379,PAT_003665
CLM_0007380,PAT_003666
CLM_0007381,PAT_003666
CLM_0007382,PAT_003666
CLM_0007383,PAT_003667
CLM_0007384,PAT_003667
CLM_0007385,PAT_003668
CLM_0007386,PAT_003669
CLM_0007387,PAT_003669
CLM_0007388,PAT_003670
CLM_0007389,PAT_003671
CLM_0007390,PAT_003671
CLM_0007391,PAT_003671
CLM_0007392,PAT_003672
CLM_0007393,PAT_003673
CLM_0007394,PAT_003673
CLM_0007395,PAT_003673
CLM_0007396,PAT_003674
CLM_0007397,PAT_003674
CLM_0007398,PAT_003675
CLM_0007399,PAT_003675
CLM_0007400,PAT_003676
CLM_0007401,PAT_003676
CLM_0007402,PAT_003676
CLM_0007403,PAT_003677
CLM_0007404,PAT_003678
CLM_0007405,PAT_003678
CLM_0007406,PAT_003678
CLM_0007407,PAT_003679
CLM_0007408,PAT_003680
CLM_0007409,PAT_003681
CLM_0007410,PAT_003682
CLM_0007411,PAT_003683
CLM_0007412,PAT_003684
CLM_0007413,PAT_003685
CLM_0007414,PAT_003685
CLM_0007415,PAT_003685
CLM_0007416,PAT_003686
CLM_0007417,PAT_003687
CLM_0007418,PAT_003687
CLM_0007419,PAT_003687
CLM_0007420,PAT_003688
CLM_0007421,PAT_003688
CLM_0007422,PAT_003688
CLM_0007423,PAT_003689
CLM_0007424,PAT_003689
CLM_0007425,PAT_003689
CLM_0007426,PAT_003690
CLM_0007427,PAT_003690
CLM_0007428,PAT_003691
CLM_0007429,PAT_003692
CLM_0007430,PAT_003693
CLM_0007431,PAT_003693
CLM_0007432,PAT_003693
CLM_0007433,PAT_003694
CLM_0007434,PAT_003695
CLM_0007435,PAT_003695
CLM_0007436,PAT_003695
CLM_0007437,PAT_003696
CLM_0007438,PAT_003696
CLM_0007439,PAT_003696
CLM_0007440,PAT_003697
CLM_0007441,PAT_003698
CLM_0007442,PAT_003698
CLM_0007443,PAT_003698
CLM_0007444,PAT_003699
CLM_0007445,PAT_003699
CLM_0007446,PAT_003699
CLM_0007447,PAT_003700
CLM_0007448,PAT_003701
CLM_0007449,PAT_003701
CLM_0007450,PAT_003701
CLM_0007451,PAT_003702
CLM_0007452,PAT_003702
CLM_0007453,PAT_003702
CLM_0007454,PAT_003703
CLM_0007455,PAT_003704
CLM_0007456,PAT_003704
CLM_0007457,PAT_003704
CLM_0007458,PAT_003705
CLM_0007459,PAT_003705
CLM_0007460,PAT_003706
CLM_0007461,PAT_003706
CLM_0007462,PAT_003707
CLM_0007463,PAT_003708
CLM_0007464,PAT_003708
CLM_0007465,PAT_003708
CLM_0007466,PAT_003709
CLM_0007467,PAT_003709
CLM_0007468,PAT_003710
CLM_0007469,PAT_003711
CLM_0007470,PAT_003711
CLM_0007471,PAT_003711
CLM_0007472,PAT_003712
CLM_0007473,PAT_003712
CLM_0007474,PAT_003713
CLM_0007475,PAT_003714
CLM_0007476,PAT_003715
CLM_0007477,PAT_003716
CLM_0007478,PAT_003717
CLM_0007479,PAT_003717
CLM_0007480,PAT_003718
CLM_0007481,PAT_003718
CLM_0007482,PAT_003719
CLM_0007483,PAT_003720
CLM_0007484,PAT_003720
CLM_0007485,PAT_003720
CLM_0007486,PAT_003721
CLM_0007487,PAT_003722
CLM_0007488,PAT_003722
CLM_0007489,PAT_003723
CLM_0007490,PAT_003724
CLM_0007491,PAT_003725
CLM_0007492,PAT_003725
CLM_0007493,PAT_003726
CLM_0007494,PAT_003726
CLM_0007495,PAT_003726
CLM_0007496,PAT_003727
CLM_0007497,PAT_003728
CLM_0007498,PAT_003728
CLM_0007499,PAT_003729
CLM_0007500,PAT_003729
CLM_0007501,PAT_003730
CLM_0007502,PAT_003731
CLM_0007503,PAT_003731
CLM_0007504,PAT_003732
CLM_0007505,PAT_003733
CLM_0007506,PAT_003733
CLM_0007507,PAT_003734
CLM_0007508,PAT_003734
CLM_0007509,PAT_003734
CLM_0007510,PAT_003735
CLM_0007511,PAT_003735
CLM_0007512,PAT_003735
CLM_0007513,PAT_003736
CLM_0007514,PAT_003736
CLM_0007515,PAT_003737
CLM_0007516,PAT_003737
CLM_0007517,PAT_003737
CLM_0007518,PAT_003738
CLM_0007519,PAT_003738
CLM_0007520,PAT_003739
CLM_0007521,PAT_003739
CLM_0007522,PAT_003739
CLM_0007523,PAT_003740
CLM_0007524,PAT_003741
CLM_0007525,PAT_003741
CLM_0007526,PAT_003741
CLM_0007527,PAT_003742
CLM_0007528,PAT_003742
CLM_0007529,PAT_003742
CLM_0007530,PAT_003743
CLM_0007531,PAT_003743
CLM_0007532,PAT_003744
CLM_0007533,PAT_003744
CLM_0007534,PAT_003744
CLM_0007535,PAT_003745
CLM_0007536,PAT_003745
CLM_0007537,PAT_003745
CLM_0007538,PAT_003746
CLM_0007539,PAT_003747
CLM_0007540,PAT_003748
CLM_0007541,PAT_003748
CLM_0007542,PAT_003748
CLM_0007543,PAT_003749
CLM_0007544,PAT_003749
CLM_0007545,PAT_003750
CLM_0007546,PAT_003751
CLM_0007547,PAT_003752
CLM_0007548,PAT_003752
CLM_0007549,PAT_003752
CLM_0007550,PAT_003753
CLM_0007551,PAT_003753
CLM_0007552,PAT_003753
CLM_0007553,PAT_003754
CLM_0007554,PAT_003754
CLM_0007555,PAT_003755
CLM_0007556,PAT_003755
CLM_0007557,PAT_003755
CLM_0007558,PAT_003756
CLM_0007559,PAT_003757
CLM_0007560,PAT_003758
CLM_0007561,PAT_003758
CLM_0007562,PAT_003759
CLM_0007563,PAT_003759
CLM_0007564,PAT_003760
CLM_0007565,PAT_003760
CLM_0007566,PAT_003761
CLM_0007567,PAT_003762
CLM_0007568,PAT_003762
CLM_0007569,PAT_003763
CLM_0007570,PAT_003764
CLM_0007571,PAT_003764
CLM_0007572,PAT_003765
CLM_0007573,PAT_003766
CLM_0007574,PAT_003766
CLM_0007575,PAT_003766
CLM_0007576,PAT_003767
CLM_0007577,PAT_003767
CLM_0007578,PAT_003767
CLM_0007579,PAT_003768
CLM_0007580,PAT_003768
CLM_0007581,PAT_003768
CLM_0007582,PAT_003769
CLM_0007583,PAT_003770
CLM_0007584,PAT_003771
CLM_0007585,PAT_003771
CLM_0007586,PAT_003772
CLM_0007587,PAT_003772
CLM_0007588,PAT_003772
CLM_0007589,PAT_003773
CLM_0007590,PAT_003774
CLM_0007591,PAT_003774
CLM_0007592,PAT_003774
CLM_0007593,PAT_003775
CLM_0007594,PAT_003776
CLM_0007595,PAT_003776
CLM_0007596,PAT_003776
CLM_0007597,PAT_003777
CLM_0007598,PAT_003777
CLM_0007599,PAT_003777
CLM_0007600,PAT_003778
CLM_0007601,PAT_003779
CLM_0007602,PAT_003780
CLM_0007603,PAT_003780
CLM_0007604,PAT_003780
CLM_0007605,PAT_003781
CLM_0007606,PAT_003781
CLM_0007607,PAT_003781
CLM_0007608,PAT_003782
CLM_0007609,PAT_003782
CLM_0007610,PAT_003783
CLM_0007611,PAT_003783
CLM_0007612,PAT_003783
CLM_0007613,PAT_003784
CLM_0007614,PAT_003785
CLM_0007615,PAT_003785
CLM_0007616,PAT_003786
CLM_0007617,PAT_003786
CLM_0007618,PAT_003786
CLM_0007619,PAT_003787
CLM_0007620,PAT_003787
CLM_0007621,PAT_003788
CLM_0007622,PAT_003788
CLM_0007623,PAT_003789
CLM_0007624,PAT_003789
CLM_0007625,PAT_003789
CLM_0007626,PAT_003790
CLM_0007627,PAT_003790
CLM_0007628,PAT_003790
CLM_0007629,PAT_003791
CLM_0007630,PAT_003792
CLM_0007631,PAT_003793
CLM_0007632,PAT_003793
CLM_0007633,PAT_003794
CLM_0007634,PAT_003794
CLM_0007635,PAT_003794
CLM_0007636,PAT_003795
CLM_0007637,PAT_003796
CLM_0007638,PAT_003796
CLM_0007639,PAT_003796
CLM_0007640,PAT_003797
CLM_0007641,PAT_003797
CLM_0007642,PAT_003797
CLM_0007643,PAT_003798
CLM_0007644,PAT_003798
CLM_0007645,PAT_003799
CLM_0007646,PAT_003799
CLM_0007647,PAT_003800
CLM_0007648,PAT_003800
CLM_0007649,PAT_003801
CLM_0007650,PAT_003802
CLM_0007651,PAT_003802
CLM_0007652,PAT_003802
CLM_0007653,PAT_003803
CLM_0007654,PAT_003803
CLM_0007655,PAT_003804
CLM_0007656,PAT_003805
CLM_0007657,PAT_003805
CLM_0007658,PAT_003805
CLM_0007659,PAT_003806
CLM_0007660,PAT_003806
CLM_0007661,PAT_003807
CLM_0007662,PAT_003808
CLM_0007663,PAT_003808
CLM_0007664,PAT_003809
CLM_0007665,PAT_003809
CLM_0007666,PAT_003809
CLM_0007667,PAT_003810
CLM_0007668,PAT_003810
CLM_0007669,PAT_003810
CLM_0007670,PAT_003811
CLM_0007671,PAT_003811
CLM_0007672,PAT_003812
CLM_0007673,PAT_003812
CLM_0007674,PAT_003813
CLM_0007675,PAT_003814
CLM_0007676,PAT_003814
CLM_0007677,PAT_003814
CLM_0007678,PAT_003815
CLM_0007679,PAT_003816
CLM_0007680,PAT_003816
CLM_0007681,PAT_003817
CLM_0007682,PAT_003817
CLM_0007683,PAT_003818
CLM_0007684,PAT_003818
CLM_0007685,PAT_003818
CLM_0007686,PAT_003819
CLM_0007687,PAT_003820
CLM_0007688,PAT_003820
CLM_0007689,PAT_003821
CLM_0007690,PAT_003821
CLM_0007691,PAT_003821
CLM_0007692,PAT_003822
CLM_0007693,PAT_003823
CLM_0007694,PAT_003823
CLM_0007695,PAT_003823
CLM_0007696,PAT_003824
CLM_0007697,PAT_003824
CLM_0007698,PAT_003825
CLM_0007699,PAT_003825
CLM_0007700,PAT_003825
CLM_0007701,PAT_003826
CLM_0007702,PAT_003827
CLM_0007703,PAT_003828
CLM_0007704,PAT_003829
CLM_0007705,PAT_003829
CLM_0007706,PAT_003829
CLM_0007707,PAT_003830
CLM_0007708,PAT_003830
CLM_0007709,PAT_003831
CLM_0007710,PAT_003831
CLM_0007711,PAT_003831
CLM_0007712,PAT_003832
CLM_0007713,PAT_003832
CLM_0007714,PAT_003832
CLM_0007715,PAT_003833
CLM_0007716,PAT_003833
CLM_0007717,PAT_003833
CLM_0007718,PAT_003834
CLM_0007719,PAT_003834
CLM_0007720,PAT_003834
CLM_0007721,PAT_003835
CLM_0007722,PAT_003835
CLM_0007723,PAT_003835
CLM_0007724,PAT_003836
CLM_0007725,PAT_003836
CLM_0007726,PAT_003837
CLM_0007727,PAT_003838
CLM_0007728,PAT_003838
CLM_0007729,PAT_003839
CLM_0007730,PAT_003840
CLM_0007731,PAT_003841
CLM_0007732,PAT_003841
CLM_0007733,PAT_003841
CLM_0007734,PAT_003842
CLM_0007735,PAT_003842
CLM_0007736,PAT_003843
CLM_0007737,PAT_003843
CLM_0007738,PAT_003844
CLM_0007739,PAT_003845
CLM_0007740,PAT_003845
CLM_0007741,PAT_003845
CLM_0007742,PAT_003846
CLM_0007743,PAT_003846
CLM_0007744,PAT_003847
CLM_0007745,PAT_003848
CLM_0007746,PAT_003848
CLM_0007747,PAT_003849
CLM_0007748,PAT_003850
CLM_0007749,PAT_003850
CLM_0007750,PAT_003850
CLM_0007751,PAT_003851
CLM_0007752,PAT_003851
CLM_0007753,PAT_003852
CLM_0007754,PAT_003852
CLM_0007755,PAT_003852
CLM_0007756,PAT_003853
CLM_0007757,PAT_003853
CLM_0007758,PAT_003854
CLM_0007759,PAT_003854
CLM_0007760,PAT_003855
CLM_0007761,PAT_003855
CLM_0007762,PAT_003856
CLM_0007763,PAT_003857
CLM_0007764,PAT_003858
CLM_0007765,PAT_003859
CLM_0007766,PAT_003859
CLM_0007767,PAT_003859
CLM_0007768,PAT_003860
CLM_0007769,PAT_003861
CLM_0007770,PAT_003861
CLM_0007771,PAT_003862
CLM_0007772,PAT_003863
CLM_0007773,PAT_003864
CLM_0007774,PAT_003865
CLM_0007775,PAT_003865
CLM_0007776,PAT_003866
CLM_0007777,PAT_003866
CLM_0007778,PAT_003866
CLM_0007779,PAT_003867
CLM_0007780,PAT_003867
CLM_0007781,PAT_003868
CLM_0007782,PAT_003868
CLM_0007783,PAT_003869
CLM_0007784,PAT_003869
CLM_0007785,PAT_003869
CLM_0007786,PAT_003870
CLM_0007787,PAT_003870
CLM_0007788,PAT_003871
CLM_0007789,PAT_003872
CLM_0007790,PAT_003872
CLM_0007791,PAT_003872
CLM_0007792,PAT_003873
CLM_0007793,PAT_003873
CLM_0007794,PAT_003873
CLM_0007795,PAT_003874
CLM_0007796,PAT_003874
CLM_0007797,PAT_003875
CLM_0007798,PAT_003875
CLM_0007799,PAT_003875
CLM_0007800,PAT_003876
CLM_0007801,PAT_003877
CLM_0007802,PAT_003877
CLM_0007803,PAT_003878
CLM_0007804,PAT_003878
CLM_0007805,PAT_003879
CLM_0007806,PAT_003879
CLM_0007807,PAT_003879
CLM_0007808,PAT_003880
CLM_0007809,PAT_003881
CLM_0007810,PAT_003882
CLM_0007811,PAT_003882
CLM_0007812,PAT_003882
CLM_0007813,PAT_003883
CLM_0007814,PAT_003883
CLM_0007815,PAT_003883
CLM_0007816,PAT_003884
CLM_0007817,PAT_003884
CLM_0007818,PAT_003885
CLM_0007819,PAT_003885
CLM_0007820,PAT_003885
CLM_0007821,PAT_003886
CLM_0007822,PAT_003886
CLM_0007823,PAT_003886
CLM_0007824,PAT_003887
CLM_0007825,PAT_003887
CLM_0007826,PAT_003887
CLM_0007827,PAT_003888
CLM_0007828,PAT_003888
CLM_0007829,PAT_003889
CLM_0007830,PAT_003889
CLM_0007831,PAT_003890
CLM_0007832,PAT_003890
CLM_0007833,PAT_003891
CLM_0007834,PAT_003892
CLM_0007835,PAT_003892
CLM_0007836,PAT_003892
CLM_0007837,PAT_003893
CLM_0007838,PAT_003893
CLM_0007839,PAT_003893
CLM_0007840,PAT_003894
CLM_0007841,PAT_003895
CLM_0007842,PAT_003895
CLM_0007843,PAT_003895
CLM_0007844,PAT_003896
CLM_0007845,PAT_003896
CLM_0007846,PAT_003897
CLM_0007847,PAT_003897
CLM_0007848,PAT_003897
CLM_0007849,PAT_003898
CLM_0007850,PAT_003899
CLM_0007851,PAT_003899
CLM_0007852,PAT_003899
CLM_0007853,PAT_003900
CLM_0007854,PAT_003900
CLM_0007855,PAT_003901
CLM_0007856,PAT_003901
CLM_0007857,PAT_003901
CLM_0007858,PAT_003902
CLM_0007859,PAT_003902
CLM_0007860,PAT_003903
CLM_0007861,PAT_003904
CLM_0007862,PAT_003905
CLM_0007863,PAT_003905
CLM_0007864,PAT_003906
CLM_0007865,PAT_003906
CLM_0007866,PAT_003907
CLM_0007867,PAT_003907
CLM_0007868,PAT_003907
CLM_0007869,PAT_003908
CLM_0007870,PAT_003908
CLM_0007871,PAT_003909
CLM_0007872,PAT_003909
CLM_0007873,PAT_003909
CLM_0007874,PAT_003910
CLM_0007875,PAT_003910
CLM_0007876,PAT_003910
CLM_0007877,PAT_003911
CLM_0007878,PAT_003912
CLM_0007879,PAT_003912
CLM_0007880,PAT_003913
CLM_0007881,PAT_003913
CLM_0007882,PAT_003914
CLM_0007883,PAT_003915
CLM_0007884,PAT_003916
CLM_0007885,PAT_003916
CLM_0007886,PAT_003916
CLM_0007887,PAT_003917
CLM_0007888,PAT_003918
CLM_0007889,PAT_003919
CLM_0007890,PAT_003919
CLM_0007891,PAT_003919
CLM_0007892,PAT_003920
CLM_0007893,PAT_003921
CLM_0007894,PAT_003921
CLM_0007895,PAT_003921
CLM_0007896,PAT_003922
CLM_0007897,PAT_003922
CLM_0007898,PAT_003923
CLM_0007899,PAT_003923
CLM_0007900,PAT_003924
CLM_0007901,PAT_003924
CLM_0007902,PAT_003925
CLM_0007903,PAT_003925
CLM_0007904,PAT_003925
CLM_0007905,PAT_003926
CLM_0007906,PAT_003927
CLM_0007907,PAT_003927
CLM_0007908,PAT_003927
CLM_0007909,PAT_003928
CLM_0007910,PAT_003928
CLM_0007911,PAT_003929
CLM_0007912,PAT_003929
CLM_0007913,PAT_003930
CLM_0007914,PAT_003931
CLM_0007915,PAT_003932
CLM_0007916,PAT_003932
CLM_0007917,PAT_003933
CLM_0007918,PAT_003934
CLM_0007919,PAT_003934
CLM_0007920,PAT_003934
CLM_0007921,PAT_003935
CLM_0007922,PAT_003935
CLM_0007923,PAT_003935
CLM_0007924,PAT_003936
CLM_0007925,PAT_003937
CLM_0007926,PAT_003937
CLM_0007927,PAT_003938
CLM_0007928,PAT_003939
CLM_0007929,PAT_003940
CLM_0007930,PAT_003940
CLM_0007931,PAT_003941
CLM_0007932,PAT_003942
CLM_0007933,PAT_003942
CLM_0007934,PAT_003942
CLM_0007935,PAT_003943
CLM_0007936,PAT_003943
CLM_0007937,PAT_003943
CLM_0007938,PAT_003944
CLM_0007939,PAT_003945
CLM_0007940,PAT_003945
CLM_0007941,PAT_003946
CLM_0007942,PAT_003946
CLM_0007943,PAT_003946
CLM_0007944,PAT_003947
CLM_0007945,PAT_003948
CLM_0007946,PAT_003948
CLM_0007947,PAT_003948
CLM_0007948,PAT_003949
CLM_0007949,PAT_003949
CLM_0007950,PAT_003950
CLM_0007951,PAT_003950
CLM_0007952,PAT_003950
CLM_0007953,PAT_003951
CLM_0007954,PAT_003952
CLM_0007955,PAT_003952
CLM_0007956,PAT_003952
CLM_0007957,PAT_003953
CLM_0007958,PAT_003954
CLM_0007959,PAT_003954
CLM_0007960,PAT_003954
CLM_0007961,PAT_003955
CLM_0007962,PAT_003956
CLM_0007963,PAT_003956
CLM_0007964,PAT_003956
CLM_0007965,PAT_003957
CLM_0007966,PAT_003958
CLM_0007967,PAT_003959
CLM_0007968,PAT_003959
CLM_0007969,PAT_003960
CLM_0007970,PAT_003960
CLM_0007971,PAT_003960
CLM_0007972,PAT_003961
CLM_0007973,PAT_003962
CLM_0007974,PAT_003962
CLM_0007975,PAT_003963
CLM_0007976,PAT_003963
CLM_0007977,PAT_003964
CLM_0007978,PAT_003964
CLM_0007979,PAT_003965
CLM_0007980,PAT_003966
CLM_0007981,PAT_003967
CLM_0007982,PAT_003967
CLM_0007983,PAT_003968
CLM_0007984,PAT_003968
CLM_0007985,PAT_003969
CLM_0007986,PAT_003969
CLM_0007987,PAT_003970
CLM_0007988,PAT_003971
CLM_0007989,PAT_003972
CLM_0007990,PAT_003972
CLM_0007991,PAT_003973
CLM_0007992,PAT_003973
CLM_0007993,PAT_003974
CLM_0007994,PAT_003975
CLM_0007995,PAT_003975
CLM_0007996,PAT_003976
CLM_0007997,PAT_003977
CLM_0007998,PAT_003977
CLM_0007999,PAT_003978
CLM_0008000,PAT_003978
CLM_0008001,PAT_003978
CLM_0008002,PAT_003979
CLM_0008003,PAT_003979
CLM_0008004,PAT_003980
CLM_0008005,PAT_003981
CLM_0008006,PAT_003982
CLM_0008007,PAT_003983
CLM_0008008,PAT_003984
CLM_0008009,PAT_003984
CLM_0008010,PAT_003985
CLM_0008011,PAT_003985
CLM_0008012,PAT_003986
CLM_0008013,PAT_003986
CLM_0008014,PAT_003987
CLM_0008015,PAT_003987
CLM_0008016,PAT_003987
CLM_0008017,PAT_003988
CLM_0008018,PAT_003988
CLM_0008019,PAT_003988
CLM_0008020,PAT_003989
CLM_0008021,PAT_003990
CLM_0008022,PAT_003990
CLM_0008023,PAT_003991
CLM_0008024,PAT_003991
CLM_0008025,PAT_003991
CLM_0008026,PAT_003992
CLM_0008027,PAT_003992
CLM_0008028,PAT_003993
CLM_0008029,PAT_003994
CLM_0008030,PAT_003995
CLM_0008031,PAT_003995
CLM_0008032,PAT_003995
CLM_0008033,PAT_003996
CLM_0008034,PAT_003996
CLM_0008035,PAT_003996
CLM_0008036,PAT_003997
CLM_0008037,PAT_003998
CLM_0008038,PAT_003998
CLM_0008039,PAT_003999
CLM_0008040,PAT_003999
CLM_0008041,PAT_004000
CLM_0008042,PAT_004000
CLM_0008043,PAT_004001
CLM_0008044,PAT_004001
CLM_0008045,PAT_004001
CLM_0008046,PAT_004002
CLM_0008047,PAT_004002
CLM_0008048,PAT_004002
CLM_0008049,PAT_004003
CLM_0008050,PAT_004004
CLM_0008051,PAT_004004
CLM_0008052,PAT_004004
CLM_0008053,PAT_004005
CLM_0008054,PAT_004005
CLM_0008055,PAT_004006
CLM_0008056,PAT_004007
CLM_0008057,PAT_004008
CLM_0008058,PAT_004009
CLM_0008059,PAT_004009
CLM_0008060,PAT_004010
CLM_0008061,PAT_004010
CLM_0008062,PAT_004010
CLM_0008063,PAT_004011
CLM_0008064,PAT_004011
CLM_0008065,PAT_004011
CLM_0008066,PAT_004012
CLM_0008067,PAT_004013
CLM_0008068,PAT_004013
CLM_0008069,PAT_004013
CLM_0008070,PAT_004014
CLM_0008071,PAT_004015
CLM_0008072,PAT_004015
CLM_0008073,PAT_004015
CLM_0008074,PAT_004016
CLM_0008075,PAT_004016
CLM_0008076,PAT_004017
CLM_0008077,PAT_004017
CLM_0008078,PAT_004018
CLM_0008079,PAT_004018
CLM_0008080,PAT_004018
CLM_0008081,PAT_004019
CLM_0008082,PAT_004019
CLM_0008083,PAT_004019
CLM_0008084,PAT_004020
CLM_0008085,PAT_004020
CLM_0008086,PAT_004020
CLM_0008087,PAT_004021
CLM_0008088,PAT_004021
CLM_0008089,PAT_004022
CLM_0008090,PAT_004022
CLM_0008091,PAT_004022
CLM_0008092,PAT_004023
CLM_0008093,PAT_004023
CLM_0008094,PAT_004024
CLM_0008095,PAT_004024
CLM_0008096,PAT_004025
CLM_0008097,PAT_004026
CLM_0008098,PAT_004027
CLM_0008099,PAT_004027
CLM_0008100,PAT_004028
CLM_0008101,PAT_004028
CLM_0008102,PAT_004029
CLM_0008103,PAT_004030
CLM_0008104,PAT_004030
CLM_0008105,PAT_004031
CLM_0008106,PAT_004031
CLM_0008107,PAT_004032
CLM_0008108,PAT_004033
CLM_0008109,PAT_004034
CLM_0008110,PAT_004034
CLM_0008111,PAT_004035
CLM_0008112,PAT_004036
CLM_0008113,PAT_004037
CLM_0008114,PAT_004038
CLM_0008115,PAT_004038
CLM_0008116,PAT_004038
CLM_0008117,PAT_004039
CLM_0008118,PAT_004039
CLM_0008119,PAT_004040
CLM_0008120,PAT_004041
CLM_0008121,PAT_004041
CLM_0008122,PAT_004042
CLM_0008123,PAT_004042
CLM_0008124,PAT_004043
CLM_0008125,PAT_004043
CLM_0008126,PAT_004043
CLM_0008127,PAT_004044
CLM_0008128,PAT_004044
CLM_0008129,PAT_004044
CLM_0008130,PAT_004045
CLM_0008131,PAT_004046
CLM_0008132,PAT_004047
CLM_0008133,PAT_004047
CLM_0008134,PAT_004048
CLM_0008135,PAT_004049
CLM_0008136,PAT_004050
CLM_0008137,PAT_004050
CLM_0008138,PAT_004050
CLM_0008139,PAT_004051
CLM_0008140,PAT_004051
CLM_0008141,PAT_004051
CLM_0008142,PAT_004052
CLM_0008143,PAT_004052
CLM_0008144,PAT_004053
CLM_0008145,PAT_004054
CLM_0008146,PAT_004055
CLM_0008147,PAT_004055
CLM_0008148,PAT_004056
CLM_0008149,PAT_004056
CLM_0008150,PAT_004057
CLM_0008151,PAT_004057
CLM_0008152,PAT_004057
CLM_0008153,PAT_004058
CLM_0008154,PAT_004058
CLM_0008155,PAT_004058
CLM_0008156,PAT_004059
CLM_0008157,PAT_004059
CLM_0008158,PAT_004060
CLM_0008159,PAT_004060
CLM_0008160,PAT_004061
CLM_0008161,PAT_004062
CLM_0008162,PAT_004062
CLM_0008163,PAT_004062
CLM_0008164,PAT_004063
CLM_0008165,PAT_004063
CLM_0008166,PAT_004063
CLM_0008167,PAT_004064
CLM_0008168,PAT_004064
CLM_0008169,PAT_004064
CLM_0008170,PAT_004065
CLM_0008171,PAT_004066
CLM_0008172,PAT_004066
CLM_0008173,PAT_004067
CLM_0008174,PAT_004067
CLM_0008175,PAT_004067
CLM_0008176,PAT_004068
CLM_0008177,PAT_004069
CLM_0008178,PAT_004070
CLM_0008179,PAT_004070
CLM_0008180,PAT_004070
CLM_0008181,PAT_004071
CLM_0008182,PAT_004071
CLM_0008183,PAT_004072
CLM_0008184,PAT_004072
CLM_0008185,PAT_004073
CLM_0008186,PAT_004073
CLM_0008187,PAT_004073
CLM_0008188,PAT_004074
CLM_0008189,PAT_004075
CLM_0008190,PAT_004075
CLM_0008191,PAT_004076
CLM_0008192,PAT_004076
CLM_0008193,PAT_004077
CLM_0008194,PAT_004077
CLM_0008195,PAT_004078
CLM_0008196,PAT_004078
CLM_0008197,PAT_004079
CLM_0008198,PAT_004080
CLM_0008199,PAT_004080
CLM_0008200,PAT_004081
CLM_0008201,PAT_004081
CLM_0008202,PAT_004081
CLM_0008203,PAT_004082
CLM_0008204,PAT_004083
CLM_0008205,PAT_004083
CLM_0008206,PAT_004084
CLM_0008207,PAT_004084
CLM_0008208,PAT_004084
CLM_0008209,PAT_004085
CLM_0008210,PAT_004085
CLM_0008211,PAT_004085
CLM_0008212,PAT_004086
CLM_0008213,PAT_004086
CLM_0008214,PAT_004087
CLM_0008215,PAT_004088
CLM_0008216,PAT_004088
CLM_0008217,PAT_004088
CLM_0008218,PAT_004089
CLM_0008219,PAT_004090
CLM_0008220,PAT_004090
CLM_0008221,PAT_004090
CLM_0008222,PAT_004091
CLM_0008223,PAT_004091
CLM_0008224,PAT_004091
CLM_0008225,PAT_004092
CLM_0008226,PAT_004093
CLM_0008227,PAT_004093
CLM_0008228,PAT_004093
CLM_0008229,PAT_004094
CLM_0008230,PAT_004094
CLM_0008231,PAT_004094
CLM_0008232,PAT_004095
CLM_0008233,PAT_004095
CLM_0008234,PAT_004096
CLM_0008235,PAT_004097
CLM_0008236,PAT_004097
CLM_0008237,PAT_004097
CLM_0008238,PAT_004098
CLM_0008239,PAT_004099
CLM_0008240,PAT_004100
CLM_0008241,PAT_004101
CLM_0008242,PAT_004102
CLM_0008243,PAT_004103
CLM_0008244,PAT_004104
CLM_0008245,PAT_004104
CLM_0008246,PAT_004105
CLM_0008247,PAT_004106
CLM_0008248,PAT_004106
CLM_0008249,PAT_004107
CLM_0008250,PAT_004107
CLM_0008251,PAT_004107
CLM_0008252,PAT_004108
CLM_0008253,PAT_004108
CLM_0008254,PAT_004108
CLM_0008255,PAT_004109
CLM_0008256,PAT_004109
CLM_0008257,PAT_004110
CLM_0008258,PAT_004110
CLM_0008259,PAT_004110
CLM_0008260,PAT_004111
CLM_0008261,PAT_004111
CLM_0008262,PAT_004112
CLM_0008263,PAT_004112
CLM_0008264,PAT_004112
CLM_0008265,PAT_004113
CLM_0008266,PAT_004113
CLM_0008267,PAT_004114
CLM_0008268,PAT_004114
CLM_0008269,PAT_004115
CLM_0008270,PAT_004116
CLM_0008271,PAT_004117
CLM_0008272,PAT_004117
CLM_0008273,PAT_004118
CLM_0008274,PAT_004118
CLM_0008275,PAT_004119
CLM_0008276,PAT_004119
CLM_0008277,PAT_004120
CLM_0008278,PAT_004120
CLM_0008279,PAT_004120
CLM_0008280,PAT_004121
CLM_0008281,PAT_004121
CLM_0008282,PAT_004121
CLM_0008283,PAT_004122
CLM_0008284,PAT_004123
CLM_0008285,PAT_004123
CLM_0008286,PAT_004123
CLM_0008287,PAT_004124
CLM_0008288,PAT_004124
CLM_0008289,PAT_004125
CLM_0008290,PAT_004126
CLM_0008291,PAT_004126
CLM_0008292,PAT_004127
CLM_0008293,PAT_004128
CLM_0008294,PAT_004128
CLM_0008295,PAT_004129
CLM_0008296,PAT_004129
CLM_0008297,PAT_004130
CLM_0008298,PAT_004130
CLM_0008299,PAT_004130
CLM_0008300,PAT_004131
CLM_0008301,PAT_004131
CLM_0008302,PAT_004131
CLM_0008303,PAT_004132
CLM_0008304,PAT_004133
CLM_0008305,PAT_004133
CLM_0008306,PAT_004133
CLM_0008307,PAT_004134
CLM_0008308,PAT_004135
CLM_0008309,PAT_004135
CLM_0008310,PAT_004135
CLM_0008311,PAT_004136
CLM_0008312,PAT_004136
CLM_0008313,PAT_004137
CLM_0008314,PAT_004138
CLM_0008315,PAT_004139
CLM_0008316,PAT_004139
CLM_0008317,PAT_004139
CLM_0008318,PAT_004140
CLM_0008319,PAT_004140
CLM_0008320,PAT_004140
CLM_0008321,PAT_004141
CLM_0008322,PAT_004141
CLM_0008323,PAT_004142
CLM_0008324,PAT_004142
CLM_0008325,PAT_004143
CLM_0008326,PAT_004144
CLM_0008327,PAT_004144
CLM_0008328,PAT_004145
CLM_0008329,PAT_004145
CLM_0008330,PAT_004146
CLM_0008331,PAT_004146
CLM_0008332,PAT_004146
CLM_0008333,PAT_004147
CLM_0008334,PAT_004147
CLM_0008335,PAT_004147
CLM_0008336,PAT_004148
CLM_0008337,PAT_004149
CLM_0008338,PAT_004149
CLM_0008339,PAT_004150
CLM_0008340,PAT_004151
CLM_0008341,PAT_004152
CLM_0008342,PAT_004152
CLM_0008343,PAT_004153
CLM_0008344,PAT_004154
CLM_0008345,PAT_004154
CLM_0008346,PAT_004155
CLM_0008347,PAT_004155
CLM_0008348,PAT_004156
CLM_0008349,PAT_004156
CLM_0008350,PAT_004156
CLM_0008351,PAT_004157
CLM_0008352,PAT_004158
CLM_0008353,PAT_004159
CLM_0008354,PAT_004160
CLM_0008355,PAT_004161
CLM_0008356,PAT_004161
CLM_0008357,PAT_004162
CLM_0008358,PAT_004163
CLM_0008359,PAT_004163
CLM_0008360,PAT_004163
CLM_0008361,PAT_004164
CLM_0008362,PAT_004165
CLM_0008363,PAT_004166
CLM_0008364,PAT_004167
CLM_0008365,PAT_004167
CLM_0008366,PAT_004168
CLM_0008367,PAT_004168
CLM_0008368,PAT_004169
CLM_0008369,PAT_004169
CLM_0008370,PAT_004170
CLM_0008371,PAT_004170
CLM_0008372,PAT_004171
CLM_0008373,PAT_004172
CLM_0008374,PAT_004173
CLM_0008375,PAT_004173
CLM_0008376,PAT_004173
CLM_0008377,PAT_004174
CLM_0008378,PAT_004174
CLM_0008379,PAT_004175
CLM_0008380,PAT_004176
CLM_0008381,PAT_004177
CLM_0008382,PAT_004177
CLM_0008383,PAT_004177
CLM_0008384,PAT_004178
CLM_0008385,PAT_004178
CLM_0008386,PAT_004179
CLM_0008387,PAT_004180
CLM_0008388,PAT_004180
CLM_0008389,PAT_004181
CLM_0008390,PAT_004181
CLM_0008391,PAT_004182
CLM_0008392,PAT_004183
CLM_0008393,PAT_004183
CLM_0008394,PAT_004184
CLM_0008395,PAT_004185
CLM_0008396,PAT_004185
CLM_0008397,PAT_004186
CLM_0008398,PAT_004186
CLM_0008399,PAT_004187
CLM_0008400,PAT_004188
CLM_0008401,PAT_004189
CLM_0008402,PAT_004190
CLM_0008403,PAT_004190
CLM_0008404,PAT_004191
CLM_0008405,PAT_004191
CLM_0008406,PAT_004192
CLM_0008407,PAT_004192
CLM_0008408,PAT_004193
CLM_0008409,PAT_004193
CLM_0008410,PAT_004193
CLM_0008411,PAT_004194
CLM_0008412,PAT_004194
CLM_0008413,PAT_004194
CLM_0008414,PAT_004195
CLM_0008415,PAT_004196
CLM_0008416,PAT_004196
CLM_0008417,PAT_004197
CLM_0008418,PAT_004198
CLM_0008419,PAT_004199
CLM_0008420,PAT_004199
CLM_0008421,PAT_004199
CLM_0008422,PAT_004200
CLM_0008423,PAT_004200
CLM_0008424,PAT_004201
CLM_0008425,PAT_004202
CLM_0008426,PAT_004202
CLM_0008427,PAT_004203
CLM_0008428,PAT_004203
CLM_0008429,PAT_004204
CLM_0008430,PAT_004204
CLM_0008431,PAT_004204
CLM_0008432,PAT_004205
CLM_0008433,PAT_004206
CLM_0008434,PAT_004207
CLM_0008435,PAT_004208
CLM_0008436,PAT_004208
CLM_0008437,PAT_004208
CLM_0008438,PAT_004209
CLM_0008439,PAT_004210
CLM_0008440,PAT_004210
CLM_0008441,PAT_004211
CLM_0008442,PAT_004211
CLM_0008443,PAT_004211
CLM_0008444,PAT_004212
CLM_0008445,PAT_004212
CLM_0008446,PAT_004212
CLM_0008447,PAT_004213
CLM_0008448,PAT_004213
CLM_0008449,PAT_004214
CLM_0008450,PAT_004214
CLM_0008451,PAT_004214
CLM_0008452,PAT_004215
CLM_0008453,PAT_004215
CLM_0008454,PAT_004215
CLM_0008455,PAT_004216
CLM_0008456,PAT_004216
CLM_0008457,PAT_004216
CLM_0008458,PAT_004217
CLM_0008459,PAT_004217
CLM_0008460,PAT_004218
CLM_0008461,PAT_004219
CLM_0008462,PAT_004219
CLM_0008463,PAT_004220
CLM_0008464,PAT_004221
CLM_0008465,PAT_004221
CLM_0008466,PAT_004221
CLM_0008467,PAT_004222
CLM_0008468,PAT_004222
CLM_0008469,PAT_004223
CLM_0008470,PAT_004224
CLM_0008471,PAT_004224
CLM_0008472,PAT_004224
CLM_0008473,PAT_004225
CLM_0008474,PAT_004226
CLM_0008475,PAT_004227
CLM_0008476,PAT_004228
CLM_0008477,PAT_004229
CLM_0008478,PAT_004230
CLM_0008479,PAT_004231
CLM_0008480,PAT_004231
CLM_0008481,PAT_004231
CLM_0008482,PAT_004232
CLM_0008483,PAT_004233
CLM_0008484,PAT_004234
CLM_0008485,PAT_004234
CLM_0008486,PAT_004234
CLM_0008487,PAT_004235
CLM_0008488,PAT_004236
CLM_0008489,PAT_004237
CLM_0008490,PAT_004237
CLM_0008491,PAT_004237
CLM_0008492,PAT_004238
CLM_0008493,PAT_004238
CLM_0008494,PAT_004238
CLM_0008495,PAT_004239
CLM_0008496,PAT_004239
CLM_0008497,PAT_004239
CLM_0008498,PAT_004240
CLM_0008499,PAT_004240
CLM_0008500,PAT_004241
CLM_0008501,PAT_004241
CLM_0008502,PAT_004242
CLM_0008503,PAT_004243
CLM_0008504,PAT_004243
CLM_0008505,PAT_004243
CLM_0008506,PAT_004244
CLM_0008507,PAT_004244
CLM_0008508,PAT_004244
CLM_0008509,PAT_004245
CLM_0008510,PAT_004246
CLM_0008511,PAT_004247
CLM_0008512,PAT_004248
CLM_0008513,PAT_004248
CLM_0008514,PAT_004248
CLM_0008515,PAT_004249
CLM_0008516,PAT_004249
CLM_0008517,PAT_004250
CLM_0008518,PAT_004250
CLM_0008519,PAT_004250
CLM_0008520,PAT_004251
CLM_0008521,PAT_004251
CLM_0008522,PAT_004251
CLM_0008523,PAT_004252
CLM_0008524,PAT_004252
CLM_0008525,PAT_004252
CLM_0008526,PAT_004253
CLM_0008527,PAT_004253
CLM_0008528,PAT_004253
CLM_0008529,PAT_004254
CLM_0008530,PAT_004255
CLM_0008531,PAT_004255
CLM_0008532,PAT_004256
CLM_0008533,PAT_004257
CLM_0008534,PAT_004258
CLM_0008535,PAT_004258
CLM_0008536,PAT_004259
CLM_0008537,PAT_004259
CLM_0008538,PAT_004259
CLM_0008539,PAT_004260
CLM_0008540,PAT_004260
CLM_0008541,PAT_004261
CLM_0008542,PAT_004262
CLM_0008543,PAT_004262
CLM_0008544,PAT_004263
CLM_0008545,PAT_004263
CLM_0008546,PAT_004264
CLM_0008547,PAT_004264
CLM_0008548,PAT_004264
CLM_0008549,PAT_004265
CLM_0008550,PAT_004266
CLM_0008551,PAT_004266
CLM_0008552,PAT_004267
CLM_0008553,PAT_004267
CLM_0008554,PAT_004267
CLM_0008555,PAT_004268
CLM_0008556,PAT_004269
CLM_0008557,PAT_004270
CLM_0008558,PAT_004270
CLM_0008559,PAT_004271
CLM_0008560,PAT_004271
CLM_0008561,PAT_004272
CLM_0008562,PAT_004272
CLM_0008563,PAT_004272
CLM_0008564,PAT_004273
CLM_0008565,PAT_004274
CLM_0008566,PAT_004275
CLM_0008567,PAT_004276
CLM_0008568,PAT_004277
CLM_0008569,PAT_004277
CLM_0008570,PAT_004277
CLM_0008571,PAT_004278
CLM_0008572,PAT_004278
CLM_0008573,PAT_004279
CLM_0008574,PAT_004279
CLM_0008575,PAT_004280
CLM_0008576,PAT_004281
CLM_0008577,PAT_004282
CLM_0008578,PAT_004282
CLM_0008579,PAT_004282
CLM_0008580,PAT_004283
CLM_0008581,PAT_004284
CLM_0008582,PAT_004284
CLM_0008583,PAT_004285
CLM_0008584,PAT_004285
CLM_0008585,PAT_004286
CLM_0008586,PAT_004286
CLM_0008587,PAT_004286
CLM_0008588,PAT_004287
CLM_0008589,PAT_004287
CLM_0008590,PAT_004288
CLM_0008591,PAT_004288
CLM_0008592,PAT_004289
CLM_0008593,PAT_004289
CLM_0008594,PAT_004290
CLM_0008595,PAT_004290
CLM_0008596,PAT_004291
CLM_0008597,PAT_004292
CLM_0008598,PAT_004292
CLM_0008599,PAT_004292
CLM_0008600,PAT_004293
CLM_0008601,PAT_004294
CLM_0008602,PAT_004294
CLM_0008603,PAT_004294
CLM_0008604,PAT_004295
CLM_0008605,PAT_004295
CLM_0008606,PAT_004296
CLM_0008607,PAT_004297
CLM_0008608,PAT_004297
CLM_0008609,PAT_004298
CLM_0008610,PAT_004299
CLM_0008611,PAT_004299
CLM_0008612,PAT_004300
CLM_0008613,PAT_004300
CLM_0008614,PAT_004300
CLM_0008615,PAT_004301
CLM_0008616,PAT_004301
CLM_0008617,PAT_004302
CLM_0008618,PAT_004303
CLM_0008619,PAT_004304
CLM_0008620,PAT_004304
CLM_0008621,PAT_004305
CLM_0008622,PAT_004305
CLM_0008623,PAT_004305
CLM_0008624,PAT_004306
CLM_0008625,PAT_004306
CLM_0008626,PAT_004307
CLM_0008627,PAT_004307
CLM_0008628,PAT_004307
CLM_0008629,PAT_004308
CLM_0008630,PAT_004308
CLM_0008631,PAT_004309
CLM_0008632,PAT_004309
CLM_0008633,PAT_004310
CLM_0008634,PAT_004311
CLM_0008635,PAT_004311
CLM_0008636,PAT_004311
CLM_0008637,PAT_004312
CLM_0008638,PAT_004312
CLM_0008639,PAT_004312
CLM_0008640,PAT_004313
CLM_0008641,PAT_004314
CLM_0008642,PAT_004315
CLM_0008643,PAT_004315
CLM_0008644,PAT_004316
CLM_0008645,PAT_004317
CLM_0008646,PAT_004318
CLM_0008647,PAT_004318
CLM_0008648,PAT_004319
CLM_0008649,PAT_004319
CLM_0008650,PAT_004319
CLM_0008651,PAT_004320
CLM_0008652,PAT_004320
CLM_0008653,PAT_004321
CLM_0008654,PAT_004321
CLM_0008655,PAT_004321
CLM_0008656,PAT_004322
CLM_0008657,PAT_004322
CLM_0008658,PAT_004322
CLM_0008659,PAT_004323
CLM_0008660,PAT_004323
CLM_0008661,PAT_004324
CLM_0008662,PAT_004325
CLM_0008663,PAT_004325
CLM_0008664,PAT_004326
CLM_0008665,PAT_004326
CLM_0008666,PAT_004327
CLM_0008667,PAT_004327
CLM_0008668,PAT_004327
CLM_0008669,PAT_004328
CLM_0008670,PAT_004328
CLM_0008671,PAT_004329
CLM_0008672,PAT_004329
CLM_0008673,PAT_004329
CLM_0008674,PAT_004330
CLM_0008675,PAT_004331
CLM_0008676,PAT_004331
CLM_0008677,PAT_004332
CLM_0008678,PAT_004332
CLM_0008679,PAT_004333
CLM_0008680,PAT_004333
CLM_0008681,PAT_004333
CLM_0008682,PAT_004334
CLM_0008683,PAT_004334
CLM_0008684,PAT_004334
CLM_0008685,PAT_004335
CLM_0008686,PAT_004336
CLM_0008687,PAT_004336
CLM_0008688,PAT_004337
CLM_0008689,PAT_004337
CLM_0008690,PAT_004338
CLM_0008691,PAT_004338
CLM_0008692,PAT_004339
CLM_0008693,PAT_004339
CLM_0008694,PAT_004340
CLM_0008695,PAT_004341
CLM_0008696,PAT_004341
CLM_0008697,PAT_004341
CLM_0008698,PAT_004342
CLM_0008699,PAT_004342
CLM_0008700,PAT_004343
CLM_0008701,PAT_004343
CLM_0008702,PAT_004343
CLM_0008703,PAT_004344
CLM_0008704,PAT_004344
CLM_0008705,PAT_004345
CLM_0008706,PAT_004346
CLM_0008707,PAT_004346
CLM_0008708,PAT_004347
CLM_0008709,PAT_004347
CLM_0008710,PAT_004347
CLM_0008711,PAT_004348
CLM_0008712,PAT_004349
CLM_0008713,PAT_004349
CLM_0008714,PAT_004349
CLM_0008715,PAT_004350
CLM_0008716,PAT_004351
CLM_0008717,PAT_004351
CLM_0008718,PAT_004352
CLM_0008719,PAT_004352
CLM_0008720,PAT_004352
CLM_0008721,PAT_004353
CLM_0008722,PAT_004354
CLM_0008723,PAT_004354
CLM_0008724,PAT_004354
CLM_0008725,PAT_004355
CLM_0008726,PAT_004356
CLM_0008727,PAT_004356
CLM_0008728,PAT_004357
CLM_0008729,PAT_004358
CLM_0008730,PAT_004358
CLM_0008731,PAT_004359
CLM_0008732,PAT_004360
CLM_0008733,PAT_004360
CLM_0008734,PAT_004361
CLM_0008735,PAT_004361
CLM_0008736,PAT_004362
CLM_0008737,PAT_004363
CLM_0008738,PAT_004364
CLM_0008739,PAT_004364
CLM_0008740,PAT_004365
CLM_0008741,PAT_004366
CLM_0008742,PAT_004366
CLM_0008743,PAT_004367
CLM_0008744,PAT_004367
CLM_0008745,PAT_004368
CLM_0008746,PAT_004368
CLM_0008747,PAT_004369
CLM_0008748,PAT_004369
CLM_0008749,PAT_004369
CLM_0008750,PAT_004370
CLM_0008751,PAT_004371
CLM_0008752,PAT_004371
CLM_0008753,PAT_004371
CLM_0008754,PAT_004372
CLM_0008755,PAT_004372
CLM_0008756,PAT_004373
CLM_0008757,PAT_004373
CLM_0008758,PAT_004373
CLM_0008759,PAT_004374
CLM_0008760,PAT_004374
CLM_0008761,PAT_004375
CLM_0008762,PAT_004375
CLM_0008763,PAT_004376
CLM_0008764,PAT_004377
CLM_0008765,PAT_004378
CLM_0008766,PAT_004378
CLM_0008767,PAT_004379
CLM_0008768,PAT_004379
CLM_0008769,PAT_004379
CLM_0008770,PAT_004380
CLM_0008771,PAT_004380
CLM_0008772,PAT_004381
CLM_0008773,PAT_004382
CLM_0008774,PAT_004383
CLM_0008775,PAT_004383
CLM_0008776,PAT_004383
CLM_0008777,PAT_004384
CLM_0008778,PAT_004384
CLM_0008779,PAT_004385
CLM_0008780,PAT_004385
CLM_0008781,PAT_004385
CLM_0008782,PAT_004386
CLM_0008783,PAT_004386
CLM_0008784,PAT_004387
CLM_0008785,PAT_004387
CLM_0008786,PAT_004387
CLM_0008787,PAT_004388
CLM_0008788,PAT_004389
CLM_0008789,PAT_004389
CLM_0008790,PAT_004390
CLM_0008791,PAT_004391
CLM_0008792,PAT_004392
CLM_0008793,PAT_004392
CLM_0008794,PAT_004393
CLM_0008795,PAT_004393
CLM_0008796,PAT_004394
CLM_0008797,PAT_004394
CLM_0008798,PAT_004395
CLM_0008799,PAT_004396
CLM_0008800,PAT_004396
CLM_0008801,PAT_004396
CLM_0008802,PAT_004397
CLM_0008803,PAT_004398
CLM_0008804,PAT_004398
CLM_0008805,PAT_004398
CLM_0008806,PAT_004399
CLM_0008807,PAT_004399
CLM_0008808,PAT_004399
CLM_0008809,PAT_004400
CLM_0008810,PAT_004400
CLM_0008811,PAT_004401
CLM_0008812,PAT_004401
CLM_0008813,PAT_004401
CLM_0008814,PAT_004402
CLM_0008815,PAT_004403
CLM_0008816,PAT_004403
CLM_0008817,PAT_004403
CLM_0008818,PAT_004404
CLM_0008819,PAT_004405
CLM_0008820,PAT_004406
CLM_0008821,PAT_004407
CLM_0008822,PAT_004407
CLM_0008823,PAT_004408
CLM_0008824,PAT_004408
CLM_0008825,PAT_004409
CLM_0008826,PAT_004410
CLM_0008827,PAT_004410
CLM_0008828,PAT_004410
CLM_0008829,PAT_004411
CLM_0008830,PAT_004411
CLM_0008831,PAT_004411
CLM_0008832,PAT_004412
CLM_0008833,PAT_004413
CLM_0008834,PAT_004413
CLM_0008835,PAT_004414
CLM_0008836,PAT_004414
CLM_0008837,PAT_004414
CLM_0008838,PAT_004415
CLM_0008839,PAT_004415
CLM_0008840,PAT_004415
CLM_0008841,PAT_004416
CLM_0008842,PAT_004417
CLM_0008843,PAT_004418
CLM_0008844,PAT_004418
CLM_0008845,PAT_004419
CLM_0008846,PAT_004419
CLM_0008847,PAT_004419
CLM_0008848,PAT_004420
CLM_0008849,PAT_004420
CLM_0008850,PAT_004420
CLM_0008851,PAT_004421
CLM_0008852,PAT_004421
CLM_0008853,PAT_004422
CLM_0008854,PAT_004422
CLM_0008855,PAT_004422
CLM_0008856,PAT_004423
CLM_0008857,PAT_004424
CLM_0008858,PAT_004424
CLM_0008859,PAT_004425
CLM_0008860,PAT_004426
CLM_0008861,PAT_004427
CLM_0008862,PAT_004427
CLM_0008863,PAT_004427
CLM_0008864,PAT_004428
CLM_0008865,PAT_004428
CLM_0008866,PAT_004429
CLM_0008867,PAT_004429
CLM_0008868,PAT_004430
CLM_0008869,PAT_004430
CLM_0008870,PAT_004430
CLM_0008871,PAT_004431
CLM_0008872,PAT_004431
CLM_0008873,PAT_004432
CLM_0008874,PAT_004432
CLM_0008875,PAT_004432
CLM_0008876,PAT_004433
CLM_0008877,PAT_004433
CLM_0008878,PAT_004434
CLM_0008879,PAT_004435
CLM_0008880,PAT_004436
CLM_0008881,PAT_004436
CLM_0008882,PAT_004437
CLM_0008883,PAT_004437
CLM_0008884,PAT_004438
CLM_0008885,PAT_004438
CLM_0008886,PAT_004439
CLM_0008887,PAT_004439
CLM_0008888,PAT_004440
CLM_0008889,PAT_004440
CLM_0008890,PAT_004441
CLM_0008891,PAT_004442
CLM_0008892,PAT_004442
CLM_0008893,PAT_004442
CLM_0008894,PAT_004443
CLM_0008895,PAT_004443
CLM_0008896,PAT_004443
CLM_0008897,PAT_004444
CLM_0008898,PAT_004445
CLM_0008899,PAT_004445
CLM_0008900,PAT_004446
CLM_0008901,PAT_004446
CLM_0008902,PAT_004446
CLM_0008903,PAT_004447
CLM_0008904,PAT_004447
CLM_0008905,PAT_004447
CLM_0008906,PAT_004448
CLM_0008907,PAT_004448
CLM_0008908,PAT_004448
CLM_0008909,PAT_004449
CLM_0008910,PAT_004450
CLM_0008911,PAT_004450
CLM_0008912,PAT_004450
CLM_0008913,PAT_004451
CLM_0008914,PAT_004452
CLM_0008915,PAT_004452
CLM_0008916,PAT_004452
CLM_0008917,PAT_004453
CLM_0008918,PAT_004454
CLM_0008919,PAT_004454
CLM_0008920,PAT_004455
CLM_0008921,PAT_004456
CLM_0008922,PAT_004457
CLM_0008923,PAT_004457
CLM_0008924,PAT_004458
CLM_0008925,PAT_004458
CLM_0008926,PAT_004458
CLM_0008927,PAT_004459
CLM_0008928,PAT_004460
CLM_0008929,PAT_004460
CLM_0008930,PAT_004460
CLM_0008931,PAT_004461
CLM_0008932,PAT_004462
CLM_0008933,PAT_004462
CLM_0008934,PAT_004462
CLM_0008935,PAT_004463
CLM_0008936,PAT_004463
CLM_0008937,PAT_004464
CLM_0008938,PAT_004464
CLM_0008939,PAT_004464
CLM_0008940,PAT_004465
CLM_0008941,PAT_004466
CLM_0008942,PAT_004467
CLM_0008943,PAT_004468
CLM_0008944,PAT_004468
CLM_0008945,PAT_004469
CLM_0008946,PAT_004469
CLM_0008947,PAT_004470
CLM_0008948,PAT_004470
CLM_0008949,PAT_004471
CLM_0008950,PAT_004472
CLM_0008951,PAT_004473
CLM_0008952,PAT_004473
CLM_0008953,PAT_004474
CLM_0008954,PAT_004475
CLM_0008955,PAT_004475
CLM_0008956,PAT_004475
CLM_0008957,PAT_004476
CLM_0008958,PAT_004477
CLM_0008959,PAT_004477
CLM_0008960,PAT_004477
CLM_0008961,PAT_004478
CLM_0008962,PAT_004479
CLM_0008963,PAT_004479
CLM_0008964,PAT_004480
CLM_0008965,PAT_004480
CLM_0008966,PAT_004481
CLM_0008967,PAT_004482
CLM_0008968,PAT_004483
CLM_0008969,PAT_004483
CLM_0008970,PAT_004484
CLM_0008971,PAT_004485
CLM_0008972,PAT_004485
CLM_0008973,PAT_004485
CLM_0008974,PAT_004486
CLM_0008975,PAT_004487
CLM_0008976,PAT_004487
CLM_0008977,PAT_004487
CLM_0008978,PAT_004488
CLM_0008979,PAT_004488
CLM_0008980,PAT_004488
CLM_0008981,PAT_004489
CLM_0008982,PAT_004490
CLM_0008983,PAT_004490
CLM_0008984,PAT_004490
CLM_0008985,PAT_004491
CLM_0008986,PAT_004492
CLM_0008987,PAT_004492
CLM_0008988,PAT_004493
CLM_0008989,PAT_004494
CLM_0008990,PAT_004494
CLM_0008991,PAT_004495
CLM_0008992,PAT_004496
CLM_0008993,PAT_004496
CLM_0008994,PAT_004496
CLM_0008995,PAT_004497
CLM_0008996,PAT_004497
CLM_0008997,PAT_004497
CLM_0008998,PAT_004498
CLM_0008999,PAT_004499
CLM_0009000,PAT_004499
CLM_0009001,PAT_004500
CLM_0009002,PAT_004500
CLM_0009003,PAT_004501
CLM_0009004,PAT_004502
CLM_0009005,PAT_004502
CLM_0009006,PAT_004503
CLM_0009007,PAT_004504
CLM_0009008,PAT_004505
CLM_0009009,PAT_004506
CLM_0009010,PAT_004506
CLM_0009011,PAT_004506
CLM_0009012,PAT_004507
CLM_0009013,PAT_004507
CLM_0009014,PAT_004507
CLM_0009015,PAT_004508
CLM_0009016,PAT_004508
CLM_0009017,PAT_004508
CLM_0009018,PAT_004509
CLM_0009019,PAT_004509
CLM_0009020,PAT_004509
CLM_0009021,PAT_004510
CLM_0009022,PAT_004511
CLM_0009023,PAT_004511
CLM_0009024,PAT_004512
CLM_0009025,PAT_004512
CLM_0009026,PAT_004513
CLM_0009027,PAT_004514
CLM_0009028,PAT_004515
CLM_0009029,PAT_004515
CLM_0009030,PAT_004515
CLM_0009031,PAT_004516
CLM_0009032,PAT_004516
CLM_0009033,PAT_004517
CLM_0009034,PAT_004517
CLM_0009035,PAT_004518
CLM_0009036,PAT_004519
CLM_0009037,PAT_004520
CLM_0009038,PAT_004521
CLM_0009039,PAT_004521
CLM_0009040,PAT_004522
CLM_0009041,PAT_004522
CLM_0009042,PAT_004522
CLM_0009043,PAT_004523
CLM_0009044,PAT_004523
CLM_0009045,PAT_004524
CLM_0009046,PAT_004525
CLM_0009047,PAT_004525
CLM_0009048,PAT_004526
CLM_0009049,PAT_004526
CLM_0009050,PAT_004526
CLM_0009051,PAT_004527
CLM_0009052,PAT_004527
CLM_0009053,PAT_004528
CLM_0009054,PAT_004528
CLM_0009055,PAT_004529
CLM_0009056,PAT_004530
CLM_0009057,PAT_004530
CLM_0009058,PAT_004530
CLM_0009059,PAT_004531
CLM_0009060,PAT_004532
CLM_0009061,PAT_004532
CLM_0009062,PAT_004533
CLM_0009063,PAT_004533
CLM_0009064,PAT_004533
CLM_0009065,PAT_004534
CLM_0009066,PAT_004535
CLM_0009067,PAT_004535
CLM_0009068,PAT_004535
CLM_0009069,PAT_004536
CLM_0009070,PAT_004537
CLM_0009071,PAT_004537
CLM_0009072,PAT_004537
CLM_0009073,PAT_004538
CLM_0009074,PAT_004538
CLM_0009075,PAT_004539
CLM_0009076,PAT_004540
CLM_0009077,PAT_004540
CLM_0009078,PAT_004540
CLM_0009079,PAT_004541
CLM_0009080,PAT_004542
CLM_0009081,PAT_004543
CLM_0009082,PAT_004544
CLM_0009083,PAT_004544
CLM_0009084,PAT_004544
CLM_0009085,PAT_004545
CLM_0009086,PAT_004545
CLM_0009087,PAT_004545
CLM_0009088,PAT_004546
CLM_0009089,PAT_004546
CLM_0009090,PAT_004547
CLM_0009091,PAT_004547
CLM_0009092,PAT_004547
CLM_0009093,PAT_004548
CLM_0009094,PAT_004548
CLM_0009095,PAT_004548
CLM_0009096,PAT_004549
CLM_0009097,PAT_004549
CLM_0009098,PAT_004550
CLM_0009099,PAT_004550
CLM_0009100,PAT_004551
CLM_0009101,PAT_004551
CLM_0009102,PAT_004552
CLM_0009103,PAT_004552
CLM_0009104,PAT_004553
CLM_0009105,PAT_004553
CLM_0009106,PAT_004554
CLM_0009107,PAT_004555
CLM_0009108,PAT_004555
CLM_0009109,PAT_004555
CLM_0009110,PAT_004556
CLM_0009111,PAT_004556
CLM_0009112,PAT_004556
CLM_0009113,PAT_004557
CLM_0009114,PAT_004557
CLM_0009115,PAT_004557
CLM_0009116,PAT_004558
CLM_0009117,PAT_004558
CLM_0009118,PAT_004559
CLM_0009119,PAT_004560
CLM_0009120,PAT_004560
CLM_0009121,PAT_004561
CLM_0009122,PAT_004561
CLM_0009123,PAT_004561
CLM_0009124,PAT_004562
CLM_0009125,PAT_004563
CLM_0009126,PAT_004563
CLM_0009127,PAT_004564
CLM_0009128,PAT_004564
CLM_0009129,PAT_004564
CLM_0009130,PAT_004565
CLM_0009131,PAT_004566
CLM_0009132,PAT_004566
CLM_0009133,PAT_004566
CLM_0009134,PAT_004567
CLM_0009135,PAT_004567
CLM_0009136,PAT_004567
CLM_0009137,PAT_004568
CLM_0009138,PAT_004568
CLM_0009139,PAT_004569
CLM_0009140,PAT_004569
CLM_0009141,PAT_004569
CLM_0009142,PAT_004570
CLM_0009143,PAT_004570
CLM_0009144,PAT_004571
CLM_0009145,PAT_004572
CLM_0009146,PAT_004573
CLM_0009147,PAT_004573
CLM_0009148,PAT_004573
CLM_0009149,PAT_004574
CLM_0009150,PAT_004574
CLM_0009151,PAT_004575
CLM_0009152,PAT_004575
CLM_0009153,PAT_004576
CLM_0009154,PAT_004576
CLM_0009155,PAT_004577
CLM_0009156,PAT_004578
CLM_0009157,PAT_004579
CLM_0009158,PAT_004579
CLM_0009159,PAT_004579
CLM_0009160,PAT_004580
CLM_0009161,PAT_004580
CLM_0009162,PAT_004581
CLM_0009163,PAT_004582
CLM_0009164,PAT_004582
CLM_0009165,PAT_004583
CLM_0009166,PAT_004584
CLM_0009167,PAT_004585
CLM_0009168,PAT_004585
CLM_0009169,PAT_004586
CLM_0009170,PAT_004586
CLM_0009171,PAT_004586
CLM_0009172,PAT_004587
CLM_0009173,PAT_004587
CLM_0009174,PAT_004587
CLM_0009175,PAT_004588
CLM_0009176,PAT_004588
CLM_0009177,PAT_004588
CLM_0009178,PAT_004589
CLM_0009179,PAT_004589
CLM_0009180,PAT_004589
CLM_0009181,PAT_004590
CLM_0009182,PAT_004590
CLM_0009183,PAT_004590
CLM_0009184,PAT_004591
CLM_0009185,PAT_004591
CLM_0009186,PAT_004591
CLM_0009187,PAT_004592
CLM_0009188,PAT_004592
CLM_0009189,PAT_004592
CLM_0009190,PAT_004593
CLM_0009191,PAT_004593
CLM_0009192,PAT_004593
CLM_0009193,PAT_004594
CLM_0009194,PAT_004595
CLM_0009195,PAT_004595
CLM_0009196,PAT_004595
CLM_0009197,PAT_004596
CLM_0009198,PAT_004596
CLM_0009199,PAT_004597
CLM_0009200,PAT_004597
CLM_0009201,PAT_004598
CLM_0009202,PAT_004599
CLM_0009203,PAT_004599
CLM_0009204,PAT_004599
CLM_0009205,PAT_004600
CLM_0009206,PAT_004600
CLM_0009207,PAT_004601
CLM_0009208,PAT_004602
CLM_0009209,PAT_004603
CLM_0009210,PAT_004603
CLM_0009211,PAT_004603
CLM_0009212,PAT_004604
CLM_0009213,PAT_004605
CLM_0009214,PAT_004605
CLM_0009215,PAT_004605
CLM_0009216,PAT_004606
CLM_0009217,PAT_004607
CLM_0009218,PAT_004608
CLM_0009219,PAT_004609
CLM_0009220,PAT_004610
CLM_0009221,PAT_004610
CLM_0009222,PAT_004611
CLM_0009223,PAT_004612
CLM_0009224,PAT_004612
CLM_0009225,PAT_004612
CLM_0009226,PAT_004613
CLM_0009227,PAT_004613
CLM_0009228,PAT_004614
CLM_0009229,PAT_004614
CLM_0009230,PAT_004615
CLM_0009231,PAT_004615
CLM_0009232,PAT_004616
CLM_0009233,PAT_004617
CLM_0009234,PAT_004617
CLM_0009235,PAT_004617
CLM_0009236,PAT_004618
CLM_0009237,PAT_004618
CLM_0009238,PAT_004618
CLM_0009239,PAT_004619
CLM_0009240,PAT_004619
CLM_0009241,PAT_004619
CLM_0009242,PAT_004620
CLM_0009243,PAT_004620
CLM_0009244,PAT_004620
CLM_0009245,PAT_004621
CLM_0009246,PAT_004621
CLM_0009247,PAT_004622
CLM_0009248,PAT_004623
CLM_0009249,PAT_004624
CLM_0009250,PAT_004624
CLM_0009251,PAT_004624
CLM_0009252,PAT_004625
CLM_0009253,PAT_004625
CLM_0009254,PAT_004625
CLM_0009255,PAT_004626
CLM_0009256,PAT_004626
CLM_0009257,PAT_004627
CLM_0009258,PAT_004627
CLM_0009259,PAT_004627
CLM_0009260,PAT_004628
CLM_0009261,PAT_004628
CLM_0009262,PAT_004628
CLM_0009263,PAT_004629
CLM_0009264,PAT_004629
CLM_0009265,PAT_004629
CLM_0009266,PAT_004630
CLM_0009267,PAT_004631
CLM_0009268,PAT_004631
CLM_0009269,PAT_004632
CLM_0009270,PAT_004632
CLM_0009271,PAT_004632
CLM_0009272,PAT_004633
CLM_0009273,PAT_004633
CLM_0009274,PAT_004634
CLM_0009275,PAT_004635
CLM_0009276,PAT_004635
CLM_0009277,PAT_004636
CLM_0009278,PAT_004636
CLM_0009279,PAT_004637
CLM_0009280,PAT_004637
CLM_0009281,PAT_004637
CLM_0009282,PAT_004638
CLM_0009283,PAT_004638
CLM_0009284,PAT_004638
CLM_0009285,PAT_004639
CLM_0009286,PAT_004640
CLM_0009287,PAT_004640
CLM_0009288,PAT_004641
CLM_0009289,PAT_004641
CLM_0009290,PAT_004641
CLM_0009291,PAT_004642
CLM_0009292,PAT_004642
CLM_0009293,PAT_004643
CLM_0009294,PAT_004644
CLM_0009295,PAT_004645
CLM_0009296,PAT_004646
CLM_0009297,PAT_004646
CLM_0009298,PAT_004646
CLM_0009299,PAT_004647
CLM_0009300,PAT_004647
CLM_0009301,PAT_004647
CLM_0009302,PAT_004648
CLM_0009303,PAT_004649
CLM_0009304,PAT_004650
CLM_0009305,PAT_004650
CLM_0009306,PAT_004650
CLM_0009307,PAT_004651
CLM_0009308,PAT_004652
CLM_0009309,PAT_004652
CLM_0009310,PAT_004652
CLM_0009311,PAT_004653
CLM_0009312,PAT_004653
CLM_0009313,PAT_004653
CLM_0009314,PAT_004654
CLM_0009315,PAT_004655
CLM_0009316,PAT_004655
CLM_0009317,PAT_004656
CLM_0009318,PAT_004657
CLM_0009319,PAT_004657
CLM_0009320,PAT_004658
CLM_0009321,PAT_004658
CLM_0009322,PAT_004659
CLM_0009323,PAT_004660
CLM_0009324,PAT_004660
CLM_0009325,PAT_004660
CLM_0009326,PAT_004661
CLM_0009327,PAT_004661
CLM_0009328,PAT_004662
CLM_0009329,PAT_004663
CLM_0009330,PAT_004664
CLM_0009331,PAT_004664
CLM_0009332,PAT_004664
CLM_0009333,PAT_004665
CLM_0009334,PAT_004666
CLM_0009335,PAT_004666
CLM_0009336,PAT_004666
CLM_0009337,PAT_004667
CLM_0009338,PAT_004668
CLM_0009339,PAT_004669
CLM_0009340,PAT_004669
CLM_0009341,PAT_004670
CLM_0009342,PAT_004670
CLM_0009343,PAT_004670
CLM_0009344,PAT_004671
CLM_0009345,PAT_004671
CLM_0009346,PAT_004672
CLM_0009347,PAT_004673
CLM_0009348,PAT_004674
CLM_0009349,PAT_004675
CLM_0009350,PAT_004676
CLM_0009351,PAT_004677
CLM_0009352,PAT_004677
CLM_0009353,PAT_004677
CLM_0009354,PAT_004678
CLM_0009355,PAT_004678
CLM_0009356,PAT_004679
CLM_0009357,PAT_004680
CLM_0009358,PAT_004680
CLM_0009359,PAT_004680
CLM_0009360,PAT_004681
CLM_0009361,PAT_004681
CLM_0009362,PAT_004682
CLM_0009363,PAT_004682
CLM_0009364,PAT_004682
CLM_0009365,PAT_004683
CLM_0009366,PAT_004684
CLM_0009367,PAT_004684
CLM_0009368,PAT_004685
CLM_0009369,PAT_004685
CLM_0009370,PAT_004686
CLM_0009371,PAT_004687
CLM_0009372,PAT_004687
CLM_0009373,PAT_004687
CLM_0009374,PAT_004688
CLM_0009375,PAT_004689
CLM_0009376,PAT_004689
CLM_0009377,PAT_004689
CLM_0009378,PAT_004690
CLM_0009379,PAT_004690
CLM_0009380,PAT_004690
CLM_0009381,PAT_004691
CLM_0009382,PAT_004692
CLM_0009383,PAT_004692
CLM_0009384,PAT_004692
CLM_0009385,PAT_004693
CLM_0009386,PAT_004693
CLM_0009387,PAT_004693
CLM_0009388,PAT_004694
CLM_0009389,PAT_004694
CLM_0009390,PAT_004695
CLM_0009391,PAT_004695
CLM_0009392,PAT_004696
CLM_0009393,PAT_004696
CLM_0009394,PAT_004697
CLM_0009395,PAT_004698
CLM_0009396,PAT_004699
CLM_0009397,PAT_004700
CLM_0009398,PAT_004700
CLM_0009399,PAT_004701
CLM_0009400,PAT_004702
CLM_0009401,PAT_004703
CLM_0009402,PAT_004704
CLM_0009403,PAT_004704
CLM_0009404,PAT_004704
CLM_0009405,PAT_004705
CLM_0009406,PAT_004706
CLM_0009407,PAT_004706
CLM_0009408,PAT_004707
CLM_0009409,PAT_004708
CLM_0009410,PAT_004708
CLM_0009411,PAT_004709
CLM_0009412,PAT_004710
CLM_0009413,PAT_004710
CLM_0009414,PAT_004711
CLM_0009415,PAT_004711
CLM_0009416,PAT_004712
CLM_0009417,PAT_004713
CLM_0009418,PAT_004713
CLM_0009419,PAT_004714
CLM_0009420,PAT_004715
CLM_0009421,PAT_004715
CLM_0009422,PAT_004715
CLM_0009423,PAT_004716
CLM_0009424,PAT_004716
CLM_0009425,PAT_004716
CLM_0009426,PAT_004717
CLM_0009427,PAT_004718
CLM_0009428,PAT_004718
CLM_0009429,PAT_004719
CLM_0009430,PAT_004720
CLM_0009431,PAT_004720
CLM_0009432,PAT_004721
CLM_0009433,PAT_004722
CLM_0009434,PAT_004722
CLM_0009435,PAT_004723
CLM_0009436,PAT_004724
CLM_0009437,PAT_004725
CLM_0009438,PAT_004726
CLM_0009439,PAT_004726
CLM_0009440,PAT_004726
CLM_0009441,PAT_004727
CLM_0009442,PAT_004728
CLM_0009443,PAT_004728
CLM_0009444,PAT_004728
CLM_0009445,PAT_004729
CLM_0009446,PAT_004729
CLM_0009447,PAT_004729
CLM_0009448,PAT_004730
CLM_0009449,PAT_004731
CLM_0009450,PAT_004731
CLM_0009451,PAT_004731
CLM_0009452,PAT_004732
CLM_0009453,PAT_004733
CLM_0009454,PAT_004734
CLM_0009455,PAT_004734
CLM_0009456,PAT_004735
CLM_0009457,PAT_004735
CLM_0009458,PAT_004736
CLM_0009459,PAT_004736
CLM_0009460,PAT_004736
CLM_0009461,PAT_004737
CLM_0009462,PAT_004737
CLM_0009463,PAT_004738
CLM_0009464,PAT_004738
CLM_0009465,PAT_004739
CLM_0009466,PAT_004739
CLM_0009467,PAT_004739
CLM_0009468,PAT_004740
CLM_0009469,PAT_004741
CLM_0009470,PAT_004741
CLM_0009471,PAT_004742
CLM_0009472,PAT_004742
CLM_0009473,PAT_004743
CLM_0009474,PAT_004743
CLM_0009475,PAT_004744
CLM_0009476,PAT_004745
CLM_0009477,PAT_004745
CLM_0009478,PAT_004745
CLM_0009479,PAT_004746
CLM_0009480,PAT_004747
CLM_0009481,PAT_004747
CLM_0009482,PAT_004747
CLM_0009483,PAT_004748
CLM_0009484,PAT_004748
CLM_0009485,PAT_004749
CLM_0009486,PAT_004749
CLM_0009487,PAT_004750
CLM_0009488,PAT_004750
CLM_0009489,PAT_004750
CLM_0009490,PAT_004751
CLM_0009491,PAT_004751
CLM_0009492,PAT_004751
CLM_0009493,PAT_004752
CLM_0009494,PAT_004753
CLM_0009495,PAT_004753
CLM_0009496,PAT_004754
CLM_0009497,PAT_004754
CLM_0009498,PAT_004754
CLM_0009499,PAT_004755
CLM_0009500,PAT_004756
CLM_0009501,PAT_004757
CLM_0009502,PAT_004758
CLM_0009503,PAT_004759
CLM_0009504,PAT_004759
CLM_0009505,PAT_004759
CLM_0009506,PAT_004760
CLM_0009507,PAT_004761
CLM_0009508,PAT_004761
CLM_0009509,PAT_004761
CLM_0009510,PAT_004762
CLM_0009511,PAT_004763
CLM_0009512,PAT_004763
CLM_0009513,PAT_004763
CLM_0009514,PAT_004764
CLM_0009515,PAT_004765
CLM_0009516,PAT_004765
CLM_0009517,PAT_004765
CLM_0009518,PAT_004766
CLM_0009519,PAT_004766
CLM_0009520,PAT_004766
CLM_0009521,PAT_004767
CLM_0009522,PAT_004767
CLM_0009523,PAT_004768
CLM_0009524,PAT_004768
CLM_0009525,PAT_004769
CLM_0009526,PAT_004769
CLM_0009527,PAT_004769
CLM_0009528,PAT_004770
CLM_0009529,PAT_004770
CLM_0009530,PAT_004771
CLM_0009531,PAT_004771
CLM_0009532,PAT_004772
CLM_0009533,PAT_004773
CLM_0009534,PAT_004773
CLM_0009535,PAT_004773
CLM_0009536,PAT_004774
CLM_0009537,PAT_004774
CLM_0009538,PAT_004774
CLM_0009539,PAT_004775
CLM_0009540,PAT_004775
CLM_0009541,PAT_004775
CLM_0009542,PAT_004776
CLM_0009543,PAT_004776
CLM_0009544,PAT_004777
CLM_0009545,PAT_004777
CLM_0009546,PAT_004777
CLM_0009547,PAT_004778
CLM_0009548,PAT_004779
CLM_0009549,PAT_004779
CLM_0009550,PAT_004780
CLM_0009551,PAT_004781
CLM_0009552,PAT_004781
CLM_0009553,PAT_004782
CLM_0009554,PAT_004782
CLM_0009555,PAT_004782
CLM_0009556,PAT_004783
CLM_0009557,PAT_004783
CLM_0009558,PAT_004784
CLM_0009559,PAT_004784
CLM_0009560,PAT_004785
CLM_0009561,PAT_004785
CLM_0009562,PAT_004785
CLM_0009563,PAT_004786
CLM_0009564,PAT_004786
CLM_0009565,PAT_004786
CLM_0009566,PAT_004787
CLM_0009567,PAT_004788
CLM_0009568,PAT_004789
CLM_0009569,PAT_004790
CLM_0009570,PAT_004791
CLM_0009571,PAT_004792
CLM_0009572,PAT_004792
CLM_0009573,PAT_004793
CLM_0009574,PAT_004793
CLM_0009575,PAT_004793
CLM_0009576,PAT_004794
CLM_0009577,PAT_004794
CLM_0009578,PAT_004794
CLM_0009579,PAT_004795
CLM_0009580,PAT_004795
CLM_0009581,PAT_004795
CLM_0009582,PAT_004796
CLM_0009583,PAT_004796
CLM_0009584,PAT_004796
CLM_0009585,PAT_004797
CLM_0009586,PAT_004797
CLM_0009587,PAT_004798
CLM_0009588,PAT_004798
CLM_0009589,PAT_004798
CLM_0009590,PAT_004799
CLM_0009591,PAT_004799
CLM_0009592,PAT_004799
CLM_0009593,PAT_004800
CLM_0009594,PAT_004800
CLM_0009595,PAT_004801
CLM_0009596,PAT_004801
CLM_0009597,PAT_004802
CLM_0009598,PAT_004802
CLM_0009599,PAT_004803
CLM_0009600,PAT_004803
CLM_0009601,PAT_004803
CLM_0009602,PAT_004804
CLM_0009603,PAT_004805
CLM_0009604,PAT_004806
CLM_0009605,PAT_004806
CLM_0009606,PAT_004806
CLM_0009607,PAT_004807
CLM_0009608,PAT_004807
CLM_0009609,PAT_004808
CLM_0009610,PAT_004808
CLM_0009611,PAT_004809
CLM_0009612,PAT_004809
CLM_0009613,PAT_004810
CLM_0009614,PAT_004810
CLM_0009615,PAT_004810
CLM_0009616,PAT_004811
CLM_0009617,PAT_004811
CLM_0009618,PAT_004812
CLM_0009619,PAT_004812
CLM_0009620,PAT_004812
CLM_0009621,PAT_004813
CLM_0009622,PAT_004813
CLM_0009623,PAT_004814
CLM_0009624,PAT_004814
CLM_0009625,PAT_004814
CLM_0009626,PAT_004815
CLM_0009627,PAT_004815
CLM_0009628,PAT_004815
CLM_0009629,PAT_004816
CLM_0009630,PAT_004816
CLM_0009631,PAT_004816
CLM_0009632,PAT_004817
CLM_0009633,PAT_004817
CLM_0009634,PAT_004818
CLM_0009635,PAT_004819
CLM_0009636,PAT_004819
CLM_0009637,PAT_004819
CLM_0009638,PAT_004820
CLM_0009639,PAT_004820
CLM_0009640,PAT_004820
CLM_0009641,PAT_004821
CLM_0009642,PAT_004822
CLM_0009643,PAT_004822
CLM_0009644,PAT_004822
CLM_0009645,PAT_004823
CLM_0009646,PAT_004823
CLM_0009647,PAT_004824
CLM_0009648,PAT_004824
CLM_0009649,PAT_004825
CLM_0009650,PAT_004826
CLM_0009651,PAT_004826
CLM_0009652,PAT_004826
CLM_0009653,PAT_004827
CLM_0009654,PAT_004828
CLM_0009655,PAT_004828
CLM_0009656,PAT_004828
CLM_0009657,PAT_004829
CLM_0009658,PAT_004829
CLM_0009659,PAT_004830
CLM_0009660,PAT_004831
CLM_0009661,PAT_004831
CLM_0009662,PAT_004831
CLM_0009663,PAT_004832
CLM_0009664,PAT_004832
CLM_0009665,PAT_004833
CLM_0009666,PAT_004833
CLM_0009667,PAT_004834
CLM_0009668,PAT_004835
CLM_0009669,PAT_004835
CLM_0009670,PAT_004836
CLM_0009671,PAT_004837
CLM_0009672,PAT_004838
CLM_0009673,PAT_004839
CLM_0009674,PAT_004840
CLM_0009675,PAT_004840
CLM_0009676,PAT_004840
CLM_0009677,PAT_004841
CLM_0009678,PAT_004841
CLM_0009679,PAT_004842
CLM_0009680,PAT_004842
CLM_0009681,PAT_004842
CLM_0009682,PAT_004843
CLM_0009683,PAT_004843
CLM_0009684,PAT_004843
CLM_0009685,PAT_004844
CLM_0009686,PAT_004844
CLM_0009687,PAT_004844
CLM_0009688,PAT_004845
CLM_0009689,PAT_004846
CLM_0009690,PAT_004847
CLM_0009691,PAT_004847
CLM_0009692,PAT_004847
CLM_0009693,PAT_004848
CLM_0009694,PAT_004849
CLM_0009695,PAT_004849
CLM_0009696,PAT_004849
CLM_0009697,PAT_004850
CLM_0009698,PAT_004851
CLM_0009699,PAT_004851
CLM_0009700,PAT_004852
CLM_0009701,PAT_004852
CLM_0009702,PAT_004852
CLM_0009703,PAT_004853
CLM_0009704,PAT_004853
CLM_0009705,PAT_004853
CLM_0009706,PAT_004854
CLM_0009707,PAT_004854
CLM_0009708,PAT_004855
CLM_0009709,PAT_004855
CLM_0009710,PAT_004856
CLM_0009711,PAT_004856
CLM_0009712,PAT_004857
CLM_0009713,PAT_004858
CLM_0009714,PAT_004858
CLM_0009715,PAT_004859
CLM_0009716,PAT_004859
CLM_0009717,PAT_004860
CLM_0009718,PAT_004861
CLM_0009719,PAT_004861
CLM_0009720,PAT_004862
CLM_0009721,PAT_004862
CLM_0009722,PAT_004862
CLM_0009723,PAT_004863
CLM_0009724,PAT_004864
CLM_0009725,PAT_004864
CLM_0009726,PAT_004864
CLM_0009727,PAT_004865
CLM_0009728,PAT_004865
CLM_0009729,PAT_004866
CLM_0009730,PAT_004867
CLM_0009731,PAT_004867
CLM_0009732,PAT_004868
CLM_0009733,PAT_004868
CLM_0009734,PAT_004868
CLM_0009735,PAT_004869
CLM_0009736,PAT_004870
CLM_0009737,PAT_004870
CLM_0009738,PAT_004870
CLM_0009739,PAT_004871
CLM_0009740,PAT_004872
CLM_0009741,PAT_004873
CLM_0009742,PAT_004873
CLM_0009743,PAT_004874
CLM_0009744,PAT_004874
CLM_0009745,PAT_004875
CLM_0009746,PAT_004876
CLM_0009747,PAT_004876
CLM_0009748,PAT_004876
CLM_0009749,PAT_004877
CLM_0009750,PAT_004877
CLM_0009751,PAT_004878
CLM_0009752,PAT_004878
CLM_0009753,PAT_004878
CLM_0009754,PAT_004879
CLM_0009755,PAT_004879
CLM_0009756,PAT_004880
CLM_0009757,PAT_004880
CLM_0009758,PAT_004880
CLM_0009759,PAT_004881
CLM_0009760,PAT_004882
CLM_0009761,PAT_004882
CLM_0009762,PAT_004882
CLM_0009763,PAT_004883
CLM_0009764,PAT_004884
CLM_0009765,PAT_004885
CLM_0009766,PAT_004885
CLM_0009767,PAT_004886
CLM_0009768,PAT_004887
CLM_0009769,PAT_004887
CLM_0009770,PAT_004888
CLM_0009771,PAT_004889
CLM_0009772,PAT_004890
CLM_0009773,PAT_004891
CLM_0009774,PAT_004892
CLM_0009775,PAT_004892
CLM_0009776,PAT_004892
CLM_0009777,PAT_004893
CLM_0009778,PAT_004893
CLM_0009779,PAT_004893
CLM_0009780,PAT_004894
CLM_0009781,PAT_004894
CLM_0009782,PAT_004895
CLM_0009783,PAT_004895
CLM_0009784,PAT_004895
CLM_0009785,PAT_004896
CLM_0009786,PAT_004896
CLM_0009787,PAT_004896
CLM_0009788,PAT_004897
CLM_0009789,PAT_004897
CLM_0009790,PAT_004897
CLM_0009791,PAT_004898
CLM_0009792,PAT_004898
CLM_0009793,PAT_004899
CLM_0009794,PAT_004899
CLM_0009795,PAT_004900
CLM_0009796,PAT_004900
CLM_0009797,PAT_004901
CLM_0009798,PAT_004901
CLM_0009799,PAT_004902
CLM_0009800,PAT_004903
CLM_0009801,PAT_004903
CLM_0009802,PAT_004904
CLM_0009803,PAT_004905
CLM_0009804,PAT_004905
CLM_0009805,PAT_004906
CLM_0009806,PAT_004906
CLM_0009807,PAT_004907
CLM_0009808,PAT_004908
CLM_0009809,PAT_004909
CLM_0009810,PAT_004910
CLM_0009811,PAT_004911
CLM_0009812,PAT_004911
CLM_0009813,PAT_004911
CLM_0009814,PAT_004912
CLM_0009815,PAT_004912
CLM_0009816,PAT_004913
CLM_0009817,PAT_004913
CLM_0009818,PAT_004914
CLM_0009819,PAT_004914
CLM_0009820,PAT_004915
CLM_0009821,PAT_004916
CLM_0009822,PAT_004916
CLM_0009823,PAT_004916
CLM_0009824,PAT_004917
CLM_0009825,PAT_004917
CLM_0009826,PAT_004918
CLM_0009827,PAT_004918
CLM_0009828,PAT_004918
CLM_0009829,PAT_004919
CLM_0009830,PAT_004920
CLM_0009831,PAT_004921
CLM_0009832,PAT_004922
CLM_0009833,PAT_004922
CLM_0009834,PAT_004922
CLM_0009835,PAT_004923
CLM_0009836,PAT_004923
CLM_0009837,PAT_004924
CLM_0009838,PAT_004924
CLM_0009839,PAT_004924
CLM_0009840,PAT_004925
CLM_0009841,PAT_004925
CLM_0009842,PAT_004926
CLM_0009843,PAT_004926
CLM_0009844,PAT_004926
CLM_0009845,PAT_004927
CLM_0009846,PAT_004927
CLM_0009847,PAT_004928
CLM_0009848,PAT_004928
CLM_0009849,PAT_004928
CLM_0009850,PAT_004929
CLM_0009851,PAT_004930
CLM_0009852,PAT_004930
CLM_0009853,PAT_004931
CLM_0009854,PAT_004931
CLM_0009855,PAT_004931
CLM_0009856,PAT_004932
CLM_0009857,PAT_004932
CLM_0009858,PAT_004933
CLM_0009859,PAT_004934
CLM_0009860,PAT_004934
CLM_0009861,PAT_004935
CLM_0009862,PAT_004936
CLM_0009863,PAT_004936
CLM_0009864,PAT_004937
CLM_0009865,PAT_004938
CLM_0009866,PAT_004939
CLM_0009867,PAT_004939
CLM_0009868,PAT_004939
CLM_0009869,PAT_004940
CLM_0009870,PAT_004941
CLM_0009871,PAT_004941
CLM_0009872,PAT_004941
CLM_0009873,PAT_004942
CLM_0009874,PAT_004942
CLM_0009875,PAT_004943
CLM_0009876,PAT_004943
CLM_0009877,PAT_004943
CLM_0009878,PAT_004944
CLM_0009879,PAT_004945
CLM_0009880,PAT_004945
CLM_0009881,PAT_004945
CLM_0009882,PAT_004946
CLM_0009883,PAT_004947
CLM_0009884,PAT_004948
CLM_0009885,PAT_004948
CLM_0009886,PAT_004949
CLM_0009887,PAT_004950
CLM_0009888,PAT_004951
CLM_0009889,PAT_004951
CLM_0009890,PAT_004951
CLM_0009891,PAT_004952
CLM_0009892,PAT_004952
CLM_0009893,PAT_004952
CLM_0009894,PAT_004953
CLM_0009895,PAT_004953
CLM_0009896,PAT_004953
CLM_0009897,PAT_004954
CLM_0009898,PAT_004954
CLM_0009899,PAT_004954
CLM_0009900,PAT_004955
CLM_0009901,PAT_004955
CLM_0009902,PAT_004955
CLM_0009903,PAT_004956
CLM_0009904,PAT_004957
CLM_0009905,PAT_004957
CLM_0009906,PAT_004957
CLM_0009907,PAT_004958
CLM_0009908,PAT_004959
CLM_0009909,PAT_004959
CLM_0009910,PAT_004959
CLM_0009911,PAT_004960
CLM_0009912,PAT_004960
CLM_0009913,PAT_004961
CLM_0009914,PAT_004961
CLM_0009915,PAT_004961
CLM_0009916,PAT_004962
CLM_0009917,PAT_004962
CLM_0009918,PAT_004962
CLM_0009919,PAT_004963
CLM_0009920,PAT_004963
CLM_0009921,PAT_004963
CLM_0009922,PAT_004964
CLM_0009923,PAT_004964
CLM_0009924,PAT_004965
CLM_0009925,PAT_004965
CLM_0009926,PAT_004965
CLM_0009927,PAT_004966
CLM_0009928,PAT_004966
CLM_0009929,PAT_004966
CLM_0009930,PAT_004967
CLM_0009931,PAT_004968
CLM_0009932,PAT_004968
CLM_0009933,PAT_004969
CLM_0009934,PAT_004970
CLM_0009935,PAT_004970
CLM_0009936,PAT_004971
CLM_0009937,PAT_004971
CLM_0009938,PAT_004972
CLM_0009939,PAT_004972
CLM_0009940,PAT_004972
CLM_0009941,PAT_004973
CLM_0009942,PAT_004973
CLM_0009943,PAT_004974
CLM_0009944,PAT_004974
CLM_0009945,PAT_004975
CLM_0009946,PAT_004975
CLM_0009947,PAT_004975
CLM_0009948,PAT_004976
CLM_0009949,PAT_004977
CLM_0009950,PAT_004978
CLM_0009951,PAT_004978
CLM_0009952,PAT_004978
CLM_0009953,PAT_004979
CLM_0009954,PAT_004979
CLM_0009955,PAT_004979
CLM_0009956,PAT_004980
CLM_0009957,PAT_004980
CLM_0009958,PAT_004981
CLM_0009959,PAT_004982
CLM_0009960,PAT_004983
CLM_0009961,PAT_004983
CLM_0009962,PAT_004983
CLM_0009963,PAT_004984
CLM_0009964,PAT_004985
CLM_0009965,PAT_004985
CLM_0009966,PAT_004986
CLM_0009967,PAT_004987
CLM_0009968,PAT_004987
CLM_0009969,PAT_004988
CLM_0009970,PAT_004989
CLM_0009971,PAT_004990
CLM_0009972,PAT_004990
CLM_0009973,PAT_004991
CLM_0009974,PAT_004991
CLM_0009975,PAT_004992
CLM_0009976,PAT_004992
CLM_0009977,PAT_004993
CLM_0009978,PAT_004993
CLM_0009979,PAT_004993
CLM_0009980,PAT_004994
CLM_0009981,PAT_004995
CLM_0009982,PAT_004996
CLM_0009983,PAT_004996
CLM_0009984,PAT_004997
CLM_0009985,PAT_004997
CLM_0009986,PAT_004997
CLM_0009987,PAT_004998
CLM_0009988,PAT_004998
CLM_0009989,PAT_004999
CLM_0009990,PAT_004999
CLM_0009991,PAT_004999
CLM_0009992,PAT_005000
CLM_0009993,PAT_005000
CLM_0009994,PAT_005001
CLM_0009995,PAT_005001
CLM_0009996,PAT_005002
CLM_0009997,PAT_005002
CLM_0009998,PAT_005003
CLM_0009999,PAT_005004
CLM_0010000,PAT_005004
CLM_0010001,PAT_005004
CLM_0010002,PAT_005005
CLM_0010003,PAT_005005
CLM_0010004,PAT_005005
CLM_0010005,PAT_005006
CLM_0010006,PAT_005006
CLM_0010007,PAT_005007
CLM_0010008,PAT_005007
CLM_0010009,PAT_005008
CLM_0010010,PAT_005009
CLM_0010011,PAT_005009
CLM_0010012,PAT_005009
CLM_0010013,PAT_005010
CLM_0010014,PAT_005011
CLM_0010015,PAT_005011
CLM_0010016,PAT_005012
CLM_0010017,PAT_005012
CLM_0010018,PAT_005013
CLM_0010019,PAT_005013
CLM_0010020,PAT_005014
CLM_0010021,PAT_005014
CLM_0010022,PAT_005015
CLM_0010023,PAT_005015
CLM_0010024,PAT_005016
CLM_0010025,PAT_005017
CLM_0010026,PAT_005018
CLM_0010027,PAT_005019
CLM_0010028,PAT_005019
CLM_0010029,PAT_005019
CLM_0010030,PAT_005020
CLM_0010031,PAT_005020
CLM_0010032,PAT_005020
CLM_0010033,PAT_005021
CLM_0010034,PAT_005022
CLM_0010035,PAT_005022
CLM_0010036,PAT_005023
CLM_0010037,PAT_005023
CLM_0010038,PAT_005024
CLM_0010039,PAT_005024
CLM_0010040,PAT_005024
CLM_0010041,PAT_005025
CLM_0010042,PAT_005025
CLM_0010043,PAT_005025
CLM_0010044,PAT_005026
CLM_0010045,PAT_005026
CLM_0010046,PAT_005027
CLM_0010047,PAT_005027
CLM_0010048,PAT_005027
CLM_0010049,PAT_005028
CLM_0010050,PAT_005028
CLM_0010051,PAT_005029
CLM_0010052,PAT_005029
CLM_0010053,PAT_005029
CLM_0010054,PAT_005030
CLM_0010055,PAT_005031
CLM_0010056,PAT_005032
CLM_0010057,PAT_005032
CLM_0010058,PAT_005033
CLM_0010059,PAT_005033
CLM_0010060,PAT_005034
CLM_0010061,PAT_005034
CLM_0010062,PAT_005034
CLM_0010063,PAT_005035
CLM_0010064,PAT_005035
CLM_0010065,PAT_005035
CLM_0010066,PAT_005036
CLM_0010067,PAT_005037
CLM_0010068,PAT_005037
CLM_0010069,PAT_005038
CLM_0010070,PAT_005039
CLM_0010071,PAT_005039
CLM_0010072,PAT_005039
CLM_0010073,PAT_005040
CLM_0010074,PAT_005040
CLM_0010075,PAT_005041
CLM_0010076,PAT_005042
CLM_0010077,PAT_005042
CLM_0010078,PAT_005043
CLM_0010079,PAT_005044
CLM_0010080,PAT_005044
CLM_0010081,PAT_005044
CLM_0010082,PAT_005045
CLM_0010083,PAT_005046
CLM_0010084,PAT_005046
CLM_0010085,PAT_005047
CLM_0010086,PAT_005047
CLM_0010087,PAT_005048
CLM_0010088,PAT_005048
CLM_0010089,PAT_005049
CLM_0010090,PAT_005050
CLM_0010091,PAT_005051
CLM_0010092,PAT_005051
CLM_0010093,PAT_005051
CLM_0010094,PAT_005052
CLM_0010095,PAT_005052
CLM_0010096,PAT_005052
CLM_0010097,PAT_005053
CLM_0010098,PAT_005053
CLM_0010099,PAT_005053
CLM_0010100,PAT_005054
CLM_0010101,PAT_005054
CLM_0010102,PAT_005054
CLM_0010103,PAT_005055
CLM_0010104,PAT_005055
CLM_0010105,PAT_005055
CLM_0010106,PAT_005056
CLM_0010107,PAT_005056
CLM_0010108,PAT_005056
CLM_0010109,PAT_005057
CLM_0010110,PAT_005058
CLM_0010111,PAT_005058
CLM_0010112,PAT_005058
CLM_0010113,PAT_005059
CLM_0010114,PAT_005059
CLM_0010115,PAT_005059
CLM_0010116,PAT_005060
CLM_0010117,PAT_005061
CLM_0010118,PAT_005061
CLM_0010119,PAT_005061
CLM_0010120,PAT_005062
CLM_0010121,PAT_005062
CLM_0010122,PAT_005062
CLM_0010123,PAT_005063
CLM_0010124,PAT_005063
CLM_0010125,PAT_005064
CLM_0010126,PAT_005064
CLM_0010127,PAT_005065
CLM_0010128,PAT_005065
CLM_0010129,PAT_005065
CLM_0010130,PAT_005066
CLM_0010131,PAT_005066
CLM_0010132,PAT_005067
CLM_0010133,PAT_005067
CLM_0010134,PAT_005068
CLM_0010135,PAT_005069
CLM_0010136,PAT_005070
CLM_0010137,PAT_005070
CLM_0010138,PAT_005071
CLM_0010139,PAT_005071
CLM_0010140,PAT_005072
CLM_0010141,PAT_005073
CLM_0010142,PAT_005073
CLM_0010143,PAT_005073
CLM_0010144,PAT_005074
CLM_0010145,PAT_005074
CLM_0010146,PAT_005075
CLM_0010147,PAT_005075
CLM_0010148,PAT_005075
CLM_0010149,PAT_005076
CLM_0010150,PAT_005077
CLM_0010151,PAT_005078
CLM_0010152,PAT_005078
CLM_0010153,PAT_005078
CLM_0010154,PAT_005079
CLM_0010155,PAT_005079
CLM_0010156,PAT_005080
CLM_0010157,PAT_005081
CLM_0010158,PAT_005082
CLM_0010159,PAT_005082
CLM_0010160,PAT_005083
CLM_0010161,PAT_005083
CLM_0010162,PAT_005083
CLM_0010163,PAT_005084
CLM_0010164,PAT_005084
CLM_0010165,PAT_005084
CLM_0010166,PAT_005085
CLM_0010167,PAT_005086
CLM_0010168,PAT_005086
CLM_0010169,PAT_005086
CLM_0010170,PAT_005087
CLM_0010171,PAT_005088
CLM_0010172,PAT_005089
CLM_0010173,PAT_005089
CLM_0010174,PAT_005090
CLM_0010175,PAT_005090
CLM_0010176,PAT_005090
CLM_0010177,PAT_005091
CLM_0010178,PAT_005092
CLM_0010179,PAT_005092
CLM_0010180,PAT_005093
CLM_0010181,PAT_005094
CLM_0010182,PAT_005094
CLM_0010183,PAT_005095
CLM_0010184,PAT_005095
CLM_0010185,PAT_005096
CLM_0010186,PAT_005096
CLM_0010187,PAT_005096
CLM_0010188,PAT_005097
CLM_0010189,PAT_005097
CLM_0010190,PAT_005097
CLM_0010191,PAT_005098
CLM_0010192,PAT_005099
CLM_0010193,PAT_005100
CLM_0010194,PAT_005100
CLM_0010195,PAT_005100
CLM_0010196,PAT_005101
CLM_0010197,PAT_005101
CLM_0010198,PAT_005102
CLM_0010199,PAT_005102
CLM_0010200,PAT_005103
CLM_0010201,PAT_005103
CLM_0010202,PAT_005104
CLM_0010203,PAT_005105
CLM_0010204,PAT_005106
CLM_0010205,PAT_005106
CLM_0010206,PAT_005106
CLM_0010207,PAT_005107
CLM_0010208,PAT_005107
CLM_0010209,PAT_005107
CLM_0010210,PAT_005108
CLM_0010211,PAT_005108
CLM_0010212,PAT_005108
CLM_0010213,PAT_005109
CLM_0010214,PAT_005110
CLM_0010215,PAT_005110
CLM_0010216,PAT_005111
CLM_0010217,PAT_005111
CLM_0010218,PAT_005111
CLM_0010219,PAT_005112
CLM_0010220,PAT_005112
CLM_0010221,PAT_005113
CLM_0010222,PAT_005114
CLM_0010223,PAT_005115
CLM_0010224,PAT_005116
CLM_0010225,PAT_005117
CLM_0010226,PAT_005117
CLM_0010227,PAT_005118
CLM_0010228,PAT_005119
CLM_0010229,PAT_005119
CLM_0010230,PAT_005120
CLM_0010231,PAT_005120
CLM_0010232,PAT_005121
CLM_0010233,PAT_005121
CLM_0010234,PAT_005122
CLM_0010235,PAT_005123
CLM_0010236,PAT_005123
CLM_0010237,PAT_005123
CLM_0010238,PAT_005124
CLM_0010239,PAT_005125
CLM_0010240,PAT_005126
CLM_0010241,PAT_005126
CLM_0010242,PAT_005126
CLM_0010243,PAT_005127
CLM_0010244,PAT_005128
CLM_0010245,PAT_005128
CLM_0010246,PAT_005129
CLM_0010247,PAT_005130
CLM_0010248,PAT_005130
CLM_0010249,PAT_005130
CLM_0010250,PAT_005131
CLM_0010251,PAT_005131
CLM_0010252,PAT_005132
CLM_0010253,PAT_005133
CLM_0010254,PAT_005134
CLM_0010255,PAT_005134
CLM_0010256,PAT_005134
CLM_0010257,PAT_005135
CLM_0010258,PAT_005135
CLM_0010259,PAT_005135
CLM_0010260,PAT_005136
CLM_0010261,PAT_005136
CLM_0010262,PAT_005137
CLM_0010263,PAT_005138
CLM_0010264,PAT_005138
CLM_0010265,PAT_005138
CLM_0010266,PAT_005139
CLM_0010267,PAT_005139
CLM_0010268,PAT_005140
CLM_0010269,PAT_005140
CLM_0010270,PAT_005140
CLM_0010271,PAT_005141
CLM_0010272,PAT_005142
CLM_0010273,PAT_005143
CLM_0010274,PAT_005143
CLM_0010275,PAT_005144
CLM_0010276,PAT_005144
CLM_0010277,PAT_005145
CLM_0010278,PAT_005145
CLM_0010279,PAT_005146
CLM_0010280,PAT_005146
CLM_0010281,PAT_005146
CLM_0010282,PAT_005147
CLM_0010283,PAT_010005
CLM_0010284,PAT_010005
CLM_0010285,PAT_005149
CLM_0010286,PAT_005149
CLM_0010287,PAT_005149
CLM_0010288,PAT_005150
CLM_0010289,PAT_005150
CLM_0010290,PAT_005151
CLM_0010291,PAT_005151
CLM_0010292,PAT_005151
CLM_0010293,PAT_005152
CLM_0010294,PAT_005152
CLM_0010295,PAT_005152
CLM_0010296,PAT_005153
CLM_0010297,PAT_005153
CLM_0010298,PAT_005153
CLM_0010299,PAT_005154
CLM_0010300,PAT_005155
CLM_0010301,PAT_005155
CLM_0010302,PAT_005156
CLM_0010303,PAT_005156
CLM_0010304,PAT_005156
CLM_0010305,PAT_005157
CLM_0010306,PAT_005157
CLM_0010307,PAT_005158
CLM_0010308,PAT_005158
CLM_0010309,PAT_005158
CLM_0010310,PAT_005159
CLM_0010311,PAT_005160
CLM_0010312,PAT_005160
CLM_0010313,PAT_005160
CLM_0010314,PAT_005161
CLM_0010315,PAT_005161
CLM_0010316,PAT_005162
CLM_0010317,PAT_005162
CLM_0010318,PAT_005163
CLM_0010319,PAT_005163
CLM_0010320,PAT_005164
CLM_0010321,PAT_005165
CLM_0010322,PAT_005165
CLM_0010323,PAT_005166
CLM_0010324,PAT_005167
CLM_0010325,PAT_005167
CLM_0010326,PAT_005167
CLM_0010327,PAT_005168
CLM_0010328,PAT_005168
CLM_0010329,PAT_005168
CLM_0010330,PAT_005169
CLM_0010331,PAT_005169
CLM_0010332,PAT_005169
CLM_0010333,PAT_005170
CLM_0010334,PAT_005170
CLM_0010335,PAT_005170
CLM_0010336,PAT_005171
CLM_0010337,PAT_005172
CLM_0010338,PAT_005172
CLM_0010339,PAT_005172
CLM_0010340,PAT_005173
CLM_0010341,PAT_005173
CLM_0010342,PAT_005174
CLM_0010343,PAT_005175
CLM_0010344,PAT_005176
CLM_0010345,PAT_005177
CLM_0010346,PAT_005177
CLM_0010347,PAT_005178
CLM_0010348,PAT_005178
CLM_0010349,PAT_005179
CLM_0010350,PAT_005179
CLM_0010351,PAT_005180
CLM_0010352,PAT_005180
CLM_0010353,PAT_005181
CLM_0010354,PAT_005181
CLM_0010355,PAT_005181
CLM_0010356,PAT_005182
CLM_0010357,PAT_005182
CLM_0010358,PAT_005183
CLM_0010359,PAT_005183
CLM_0010360,PAT_005184
CLM_0010361,PAT_005184
CLM_0010362,PAT_005184
CLM_0010363,PAT_005185
CLM_0010364,PAT_005186
CLM_0010365,PAT_005186
CLM_0010366,PAT_005187
CLM_0010367,PAT_005188
CLM_0010368,PAT_005188
CLM_0010369,PAT_005188
CLM_0010370,PAT_005189
CLM_0010371,PAT_005189
CLM_0010372,PAT_005189
CLM_0010373,PAT_005190
CLM_0010374,PAT_005190
CLM_0010375,PAT_005191
CLM_0010376,PAT_005191
CLM_0010377,PAT_005191
CLM_0010378,PAT_005192
CLM_0010379,PAT_005193
CLM_0010380,PAT_005194
CLM_0010381,PAT_005194
CLM_0010382,PAT_005195
CLM_0010383,PAT_005195
CLM_0010384,PAT_005195
CLM_0010385,PAT_005196
CLM_0010386,PAT_005196
CLM_0010387,PAT_005197
CLM_0010388,PAT_005197
CLM_0010389,PAT_005197
CLM_0010390,PAT_005198
CLM_0010391,PAT_005199
CLM_0010392,PAT_005200
CLM_0010393,PAT_005201
CLM_0010394,PAT_005202
CLM_0010395,PAT_005202
CLM_0010396,PAT_005203
CLM_0010397,PAT_005203
CLM_0010398,PAT_005203
CLM_0010399,PAT_005204
CLM_0010400,PAT_005204
CLM_0010401,PAT_005205
CLM_0010402,PAT_005206
CLM_0010403,PAT_005206
CLM_0010404,PAT_005207
CLM_0010405,PAT_005208
CLM_0010406,PAT_005208
CLM_0010407,PAT_005209
CLM_0010408,PAT_005209
CLM_0010409,PAT_005210
CLM_0010410,PAT_005211
CLM_0010411,PAT_005211
CLM_0010412,PAT_005212
CLM_0010413,PAT_005212
CLM_0010414,PAT_005213
CLM_0010415,PAT_005214
CLM_0010416,PAT_005214
CLM_0010417,PAT_005214
CLM_0010418,PAT_005215
CLM_0010419,PAT_005215
CLM_0010420,PAT_005215
CLM_0010421,PAT_005216
CLM_0010422,PAT_005217
CLM_0010423,PAT_005218
CLM_0010424,PAT_005219
CLM_0010425,PAT_005219
CLM_0010426,PAT_005220
CLM_0010427,PAT_005220
CLM_0010428,PAT_005221
CLM_0010429,PAT_005221
CLM_0010430,PAT_005222
CLM_0010431,PAT_005223
CLM_0010432,PAT_005223
CLM_0010433,PAT_005223
CLM_0010434,PAT_005224
CLM_0010435,PAT_005225
CLM_0010436,PAT_005225
CLM_0010437,PAT_005225
CLM_0010438,PAT_005226
CLM_0010439,PAT_005226
CLM_0010440,PAT_005227
CLM_0010441,PAT_005228
CLM_0010442,PAT_005228
CLM_0010443,PAT_005228
CLM_0010444,PAT_005229
CLM_0010445,PAT_005229
CLM_0010446,PAT_005229
CLM_0010447,PAT_005230
CLM_0010448,PAT_005230
CLM_0010449,PAT_005230
CLM_0010450,PAT_005231
CLM_0010451,PAT_005231
CLM_0010452,PAT_005231
CLM_0010453,PAT_005232
CLM_0010454,PAT_005232
CLM_0010455,PAT_005232
CLM_0010456,PAT_005233
CLM_0010457,PAT_005233
CLM_0010458,PAT_005233
CLM_0010459,PAT_005234
CLM_0010460,PAT_005234
CLM_0010461,PAT_005235
CLM_0010462,PAT_005236
CLM_0010463,PAT_005236
CLM_0010464,PAT_005236
CLM_0010465,PAT_005237
CLM_0010466,PAT_005238
CLM_0010467,PAT_005238
CLM_0010468,PAT_005239
CLM_0010469,PAT_005240
CLM_0010470,PAT_005241
CLM_0010471,PAT_005241
CLM_0010472,PAT_005242
CLM_0010473,PAT_005242
CLM_0010474,PAT_005242
CLM_0010475,PAT_005243
CLM_0010476,PAT_005244
CLM_0010477,PAT_005244
CLM_0010478,PAT_005245
CLM_0010479,PAT_005245
CLM_0010480,PAT_005246
CLM_0010481,PAT_005246
CLM_0010482,PAT_005246
CLM_0010483,PAT_005247
CLM_0010484,PAT_005247
CLM_0010485,PAT_005247
CLM_0010486,PAT_005248
CLM_0010487,PAT_005249
CLM_0010488,PAT_005249
CLM_0010489,PAT_005249
CLM_0010490,PAT_005250
CLM_0010491,PAT_005250
CLM_0010492,PAT_005251
CLM_0010493,PAT_005251
CLM_0010494,PAT_005252
CLM_0010495,PAT_005252
CLM_0010496,PAT_005252
CLM_0010497,PAT_005253
CLM_0010498,PAT_005254
CLM_0010499,PAT_005254
CLM_0010500,PAT_005254
CLM_0010501,PAT_005255
CLM_0010502,PAT_005255
CLM_0010503,PAT_005256
CLM_0010504,PAT_005256
CLM_0010505,PAT_005256
CLM_0010506,PAT_005257
CLM_0010507,PAT_005258
CLM_0010508,PAT_005259
CLM_0010509,PAT_005259
CLM_0010510,PAT_005259
CLM_0010511,PAT_005260
CLM_0010512,PAT_005261
CLM_0010513,PAT_005261
CLM_0010514,PAT_005261
CLM_0010515,PAT_005262
CLM_0010516,PAT_005262
CLM_0010517,PAT_005263
CLM_0010518,PAT_005263
CLM_0010519,PAT_005264
CLM_0010520,PAT_005265
CLM_0010521,PAT_005265
CLM_0010522,PAT_005266
CLM_0010523,PAT_005266
CLM_0010524,PAT_005266
CLM_0010525,PAT_005267
CLM_0010526,PAT_005268
CLM_0010527,PAT_005268
CLM_0010528,PAT_005268
CLM_0010529,PAT_005269
CLM_0010530,PAT_005269
CLM_0010531,PAT_005269
CLM_0010532,PAT_005270
CLM_0010533,PAT_005271
CLM_0010534,PAT_005272
CLM_0010535,PAT_005272
CLM_0010536,PAT_005273
CLM_0010537,PAT_005274
CLM_0010538,PAT_005274
CLM_0010539,PAT_005275
CLM_0010540,PAT_005275
CLM_0010541,PAT_005275
CLM_0010542,PAT_005276
CLM_0010543,PAT_005276
CLM_0010544,PAT_005276
CLM_0010545,PAT_005277
CLM_0010546,PAT_005278
CLM_0010547,PAT_005279
CLM_0010548,PAT_005279
CLM_0010549,PAT_005279
CLM_0010550,PAT_005280
CLM_0010551,PAT_005281
CLM_0010552,PAT_005281
CLM_0010553,PAT_005282
CLM_0010554,PAT_005282
CLM_0010555,PAT_005282
CLM_0010556,PAT_005283
CLM_0010557,PAT_005283
CLM_0010558,PAT_005283
CLM_0010559,PAT_005284
CLM_0010560,PAT_005284
CLM_0010561,PAT_005284
CLM_0010562,PAT_005285
CLM_0010563,PAT_005285
CLM_0010564,PAT_005285
CLM_0010565,PAT_005286
CLM_0010566,PAT_005287
CLM_0010567,PAT_005287
CLM_0010568,PAT_005288
CLM_0010569,PAT_005289
CLM_0010570,PAT_005289
CLM_0010571,PAT_005290
CLM_0010572,PAT_005290
CLM_0010573,PAT_005291
CLM_0010574,PAT_005291
CLM_0010575,PAT_005291
CLM_0010576,PAT_005292
CLM_0010577,PAT_005292
CLM_0010578,PAT_005292
CLM_0010579,PAT_005293
CLM_0010580,PAT_005294
CLM_0010581,PAT_005294
CLM_0010582,PAT_005294
CLM_0010583,PAT_005295
CLM_0010584,PAT_005295
CLM_0010585,PAT_005295
CLM_0010586,PAT_005296
CLM_0010587,PAT_005297
CLM_0010588,PAT_005297
CLM_0010589,PAT_005298
CLM_0010590,PAT_005299
CLM_0010591,PAT_005300
CLM_0010592,PAT_005300
CLM_0010593,PAT_005301
CLM_0010594,PAT_005302
CLM_0010595,PAT_005302
CLM_0010596,PAT_005302
CLM_0010597,PAT_005303
CLM_0010598,PAT_005303
CLM_0010599,PAT_005303
CLM_0010600,PAT_005304
CLM_0010601,PAT_005304
CLM_0010602,PAT_005305
CLM_0010603,PAT_005306
CLM_0010604,PAT_005306
CLM_0010605,PAT_005306
CLM_0010606,PAT_005307
CLM_0010607,PAT_005307
CLM_0010608,PAT_005307
CLM_0010609,PAT_005308
CLM_0010610,PAT_005309
CLM_0010611,PAT_005309
CLM_0010612,PAT_005310
CLM_0010613,PAT_005310
CLM_0010614,PAT_005310
CLM_0010615,PAT_005311
CLM_0010616,PAT_005312
CLM_0010617,PAT_005312
CLM_0010618,PAT_005313
CLM_0010619,PAT_005313
CLM_0010620,PAT_005313
CLM_0010621,PAT_005314
CLM_0010622,PAT_005314
CLM_0010623,PAT_005314
CLM_0010624,PAT_005315
CLM_0010625,PAT_005315
CLM_0010626,PAT_005315
CLM_0010627,PAT_005316
CLM_0010628,PAT_005316
CLM_0010629,PAT_005316
CLM_0010630,PAT_005317
CLM_0010631,PAT_005317
CLM_0010632,PAT_005317
CLM_0010633,PAT_005318
CLM_0010634,PAT_005318
CLM_0010635,PAT_005319
CLM_0010636,PAT_005319
CLM_0010637,PAT_005319
CLM_0010638,PAT_005320
CLM_0010639,PAT_005320
CLM_0010640,PAT_005320
CLM_0010641,PAT_005321
CLM_0010642,PAT_005322
CLM_0010643,PAT_005322
CLM_0010644,PAT_005323
CLM_0010645,PAT_005324
CLM_0010646,PAT_005324
CLM_0010647,PAT_005324
CLM_0010648,PAT_005325
CLM_0010649,PAT_005325
CLM_0010650,PAT_005325
CLM_0010651,PAT_005326
CLM_0010652,PAT_005327
CLM_0010653,PAT_005328
CLM_0010654,PAT_005328
CLM_0010655,PAT_005328
CLM_0010656,PAT_005329
CLM_0010657,PAT_005330
CLM_0010658,PAT_005330
CLM_0010659,PAT_005331
CLM_0010660,PAT_005332
CLM_0010661,PAT_005333
CLM_0010662,PAT_005334
CLM_0010663,PAT_005334
CLM_0010664,PAT_005334
CLM_0010665,PAT_005335
CLM_0010666,PAT_005335
CLM_0010667,PAT_005336
CLM_0010668,PAT_005337
CLM_0010669,PAT_005337
CLM_0010670,PAT_005338
CLM_0010671,PAT_005338
CLM_0010672,PAT_005339
CLM_0010673,PAT_005339
CLM_0010674,PAT_005339
CLM_0010675,PAT_005340
CLM_0010676,PAT_005340
CLM_0010677,PAT_005341
CLM_0010678,PAT_005341
CLM_0010679,PAT_005342
CLM_0010680,PAT_005342
CLM_0010681,PAT_005342
CLM_0010682,PAT_005343
CLM_0010683,PAT_005344
CLM_0010684,PAT_005344
CLM_0010685,PAT_005345
CLM_0010686,PAT_005345
CLM_0010687,PAT_005345
CLM_0010688,PAT_005346
CLM_0010689,PAT_005347
CLM_0010690,PAT_005347
CLM_0010691,PAT_005348
CLM_0010692,PAT_005348
CLM_0010693,PAT_005348
CLM_0010694,PAT_005349
CLM_0010695,PAT_005350
CLM_0010696,PAT_005351
CLM_0010697,PAT_005351
CLM_0010698,PAT_005351
CLM_0010699,PAT_005352
CLM_0010700,PAT_005352
CLM_0010701,PAT_005353
CLM_0010702,PAT_005353
CLM_0010703,PAT_005353
CLM_0010704,PAT_005354
CLM_0010705,PAT_005354
CLM_0010706,PAT_005355
CLM_0010707,PAT_005356
CLM_0010708,PAT_005357
CLM_0010709,PAT_005358
CLM_0010710,PAT_005358
CLM_0010711,PAT_005359
CLM_0010712,PAT_005360
CLM_0010713,PAT_005361
CLM_0010714,PAT_005361
CLM_0010715,PAT_005361
CLM_0010716,PAT_005362
CLM_0010717,PAT_005362
CLM_0010718,PAT_005363
CLM_0010719,PAT_005364
CLM_0010720,PAT_005364
CLM_0010721,PAT_005365
CLM_0010722,PAT_005366
CLM_0010723,PAT_005366
CLM_0010724,PAT_005367
CLM_0010725,PAT_005368
CLM_0010726,PAT_005368
CLM_0010727,PAT_005368
CLM_0010728,PAT_005369
CLM_0010729,PAT_005370
CLM_0010730,PAT_005370
CLM_0010731,PAT_005370
CLM_0010732,PAT_005371
CLM_0010733,PAT_005371
CLM_0010734,PAT_005371
CLM_0010735,PAT_005372
CLM_0010736,PAT_005372
CLM_0010737,PAT_005373
CLM_0010738,PAT_005373
CLM_0010739,PAT_005374
CLM_0010740,PAT_005375
CLM_0010741,PAT_005375
CLM_0010742,PAT_005375
CLM_0010743,PAT_005376
CLM_0010744,PAT_005376
CLM_0010745,PAT_005376
CLM_0010746,PAT_005377
CLM_0010747,PAT_005377
CLM_0010748,PAT_005378
CLM_0010749,PAT_005379
CLM_0010750,PAT_005379
CLM_0010751,PAT_005380
CLM_0010752,PAT_005380
CLM_0010753,PAT_005381
CLM_0010754,PAT_005382
CLM_0010755,PAT_005383
CLM_0010756,PAT_005384
CLM_0010757,PAT_005384
CLM_0010758,PAT_005384
CLM_0010759,PAT_005385
CLM_0010760,PAT_005386
CLM_0010761,PAT_005387
CLM_0010762,PAT_005387
CLM_0010763,PAT_005387
CLM_0010764,PAT_005388
CLM_0010765,PAT_005388
CLM_0010766,PAT_005388
CLM_0010767,PAT_005389
CLM_0010768,PAT_005389
CLM_0010769,PAT_005389
CLM_0010770,PAT_005390
CLM_0010771,PAT_005390
CLM_0010772,PAT_005391
CLM_0010773,PAT_005391
CLM_0010774,PAT_005392
CLM_0010775,PAT_005392
CLM_0010776,PAT_005393
CLM_0010777,PAT_005393
CLM_0010778,PAT_005394
CLM_0010779,PAT_005394
CLM_0010780,PAT_005394
CLM_0010781,PAT_005395
CLM_0010782,PAT_005395
CLM_0010783,PAT_005396
CLM_0010784,PAT_005396
CLM_0010785,PAT_005396
CLM_0010786,PAT_005397
CLM_0010787,PAT_005398
CLM_0010788,PAT_005398
CLM_0010789,PAT_005399
CLM_0010790,PAT_005400
CLM_0010791,PAT_005400
CLM_0010792,PAT_005400
CLM_0010793,PAT_005401
CLM_0010794,PAT_005402
CLM_0010795,PAT_005403
CLM_0010796,PAT_005403
CLM_0010797,PAT_005404
CLM_0010798,PAT_005404
CLM_0010799,PAT_005405
CLM_0010800,PAT_005405
CLM_0010801,PAT_005405
CLM_0010802,PAT_005406
CLM_0010803,PAT_005407
CLM_0010804,PAT_005407
CLM_0010805,PAT_005407
CLM_0010806,PAT_005408
CLM_0010807,PAT_005408
CLM_0010808,PAT_005409
CLM_0010809,PAT_005410
CLM_0010810,PAT_005410
CLM_0010811,PAT_005410
CLM_0010812,PAT_005411
CLM_0010813,PAT_005412
CLM_0010814,PAT_005413
CLM_0010815,PAT_005413
CLM_0010816,PAT_005413
CLM_0010817,PAT_005414
CLM_0010818,PAT_005414
CLM_0010819,PAT_005415
CLM_0010820,PAT_005416
CLM_0010821,PAT_005416
CLM_0010822,PAT_005416
CLM_0010823,PAT_005417
CLM_0010824,PAT_005417
CLM_0010825,PAT_005418
CLM_0010826,PAT_005419
CLM_0010827,PAT_005419
CLM_0010828,PAT_005420
CLM_0010829,PAT_005420
CLM_0010830,PAT_005420
CLM_0010831,PAT_005421
CLM_0010832,PAT_005421
CLM_0010833,PAT_005422
CLM_0010834,PAT_005422
CLM_0010835,PAT_005423
CLM_0010836,PAT_005423
CLM_0010837,PAT_005424
CLM_0010838,PAT_005424
CLM_0010839,PAT_005424
CLM_0010840,PAT_005425
CLM_0010841,PAT_005426
CLM_0010842,PAT_005427
CLM_0010843,PAT_005427
CLM_0010844,PAT_005427
CLM_0010845,PAT_005428
CLM_0010846,PAT_005428
CLM_0010847,PAT_005429
CLM_0010848,PAT_005429
CLM_0010849,PAT_005429
CLM_0010850,PAT_005430
CLM_0010851,PAT_005430
CLM_0010852,PAT_005431
CLM_0010853,PAT_005431
CLM_0010854,PAT_005432
CLM_0010855,PAT_005432
CLM_0010856,PAT_005433
CLM_0010857,PAT_005433
CLM_0010858,PAT_005433
CLM_0010859,PAT_005434
CLM_0010860,PAT_005435
CLM_0010861,PAT_005435
CLM_0010862,PAT_005436
CLM_0010863,PAT_005437
CLM_0010864,PAT_005437
CLM_0010865,PAT_005437
CLM_0010866,PAT_005438
CLM_0010867,PAT_005439
CLM_0010868,PAT_005439
CLM_0010869,PAT_005440
CLM_0010870,PAT_005440
CLM_0010871,PAT_005441
CLM_0010872,PAT_005441
CLM_0010873,PAT_005441
CLM_0010874,PAT_005442
CLM_0010875,PAT_005442
CLM_0010876,PAT_005443
CLM_0010877,PAT_005443
CLM_0010878,PAT_005444
CLM_0010879,PAT_005444
CLM_0010880,PAT_005444
CLM_0010881,PAT_005445
CLM_0010882,PAT_005445
CLM_0010883,PAT_005445
CLM_0010884,PAT_005446
CLM_0010885,PAT_005446
CLM_0010886,PAT_005447
CLM_0010887,PAT_005447
CLM_0010888,PAT_005447
CLM_0010889,PAT_005448
CLM_0010890,PAT_005448
CLM_0010891,PAT_005448
CLM_0010892,PAT_005449
CLM_0010893,PAT_005450
CLM_0010894,PAT_005451
CLM_0010895,PAT_005451
CLM_0010896,PAT_005452
CLM_0010897,PAT_005453
CLM_0010898,PAT_005453
CLM_0010899,PAT_005453
CLM_0010900,PAT_005454
CLM_0010901,PAT_005455
CLM_0010902,PAT_005455
CLM_0010903,PAT_005455
CLM_0010904,PAT_005456
CLM_0010905,PAT_005456
CLM_0010906,PAT_005456
CLM_0010907,PAT_005457
CLM_0010908,PAT_005457
CLM_0010909,PAT_005457
CLM_0010910,PAT_005458
CLM_0010911,PAT_005459
CLM_0010912,PAT_005459
CLM_0010913,PAT_005459
CLM_0010914,PAT_005460
CLM_0010915,PAT_005460
CLM_0010916,PAT_005460
CLM_0010917,PAT_005461
CLM_0010918,PAT_005462
CLM_0010919,PAT_005462
CLM_0010920,PAT_005462
CLM_0010921,PAT_005463
CLM_0010922,PAT_005463
CLM_0010923,PAT_005463
CLM_0010924,PAT_005464
CLM_0010925,PAT_005464
CLM_0010926,PAT_005465
CLM_0010927,PAT_005466
CLM_0010928,PAT_005466
CLM_0010929,PAT_005467
CLM_0010930,PAT_005468
CLM_0010931,PAT_005468
CLM_0010932,PAT_005468
CLM_0010933,PAT_005469
CLM_0010934,PAT_005470
CLM_0010935,PAT_005470
CLM_0010936,PAT_005470
CLM_0010937,PAT_005471
CLM_0010938,PAT_005472
CLM_0010939,PAT_005473
CLM_0010940,PAT_005474
CLM_0010941,PAT_005474
CLM_0010942,PAT_005475
CLM_0010943,PAT_005475
CLM_0010944,PAT_005476
CLM_0010945,PAT_005476
CLM_0010946,PAT_005477
CLM_0010947,PAT_005477
CLM_0010948,PAT_005478
CLM_0010949,PAT_005478
CLM_0010950,PAT_005478
CLM_0010951,PAT_005479
CLM_0010952,PAT_005479
CLM_0010953,PAT_005480
CLM_0010954,PAT_005480
CLM_0010955,PAT_005480
CLM_0010956,PAT_005481
CLM_0010957,PAT_005481
CLM_0010958,PAT_005481
CLM_0010959,PAT_005482
CLM_0010960,PAT_005482
CLM_0010961,PAT_005483
CLM_0010962,PAT_005483
CLM_0010963,PAT_005484
CLM_0010964,PAT_005485
CLM_0010965,PAT_005485
CLM_0010966,PAT_005485
CLM_0010967,PAT_005486
CLM_0010968,PAT_005486
CLM_0010969,PAT_005486
CLM_0010970,PAT_005487
CLM_0010971,PAT_005488
CLM_0010972,PAT_005488
CLM_0010973,PAT_005489
CLM_0010974,PAT_005489
CLM_0010975,PAT_005490
CLM_0010976,PAT_005490
CLM_0010977,PAT_005491
CLM_0010978,PAT_005492
CLM_0010979,PAT_005492
CLM_0010980,PAT_005493
CLM_0010981,PAT_005493
CLM_0010982,PAT_005493
CLM_0010983,PAT_005494
CLM_0010984,PAT_005494
CLM_0010985,PAT_005494
CLM_0010986,PAT_005495
CLM_0010987,PAT_005495
CLM_0010988,PAT_005495
CLM_0010989,PAT_005496
CLM_0010990,PAT_005496
CLM_0010991,PAT_005497
CLM_0010992,PAT_005497
CLM_0010993,PAT_005498
CLM_0010994,PAT_005498
CLM_0010995,PAT_005499
CLM_0010996,PAT_005499
CLM_0010997,PAT_005500
CLM_0010998,PAT_005501
CLM_0010999,PAT_005501
CLM_0011000,PAT_005501
CLM_0011001,PAT_005502
CLM_0011002,PAT_005502
CLM_0011003,PAT_005502
CLM_0011004,PAT_005503
CLM_0011005,PAT_005503
CLM_0011006,PAT_005504
CLM_0011007,PAT_005504
CLM_0011008,PAT_005504
CLM_0011009,PAT_005505
CLM_0011010,PAT_005505
CLM_0011011,PAT_005506
CLM_0011012,PAT_005507
CLM_0011013,PAT_005507
CLM_0011014,PAT_005507
CLM_0011015,PAT_005508
CLM_0011016,PAT_005509
CLM_0011017,PAT_005509
CLM_0011018,PAT_005509
CLM_0011019,PAT_005510
CLM_0011020,PAT_005510
CLM_0011021,PAT_005510
CLM_0011022,PAT_005511
CLM_0011023,PAT_005511
CLM_0011024,PAT_005511
CLM_0011025,PAT_005512
CLM_0011026,PAT_005512
CLM_0011027,PAT_005513
CLM_0011028,PAT_005513
CLM_0011029,PAT_005513
CLM_0011030,PAT_005514
CLM_0011031,PAT_005514
CLM_0011032,PAT_005515
CLM_0011033,PAT_005515
CLM_0011034,PAT_005515
CLM_0011035,PAT_005516
CLM_0011036,PAT_005517
CLM_0011037,PAT_005518
CLM_0011038,PAT_005518
CLM_0011039,PAT_005518
CLM_0011040,PAT_005519
CLM_0011041,PAT_005519
CLM_0011042,PAT_005519
CLM_0011043,PAT_005520
CLM_0011044,PAT_005520
CLM_0011045,PAT_005521
CLM_0011046,PAT_005521
CLM_0011047,PAT_005522
CLM_0011048,PAT_005522
CLM_0011049,PAT_005523
CLM_0011050,PAT_005523
CLM_0011051,PAT_005523
CLM_0011052,PAT_005524
CLM_0011053,PAT_005524
CLM_0011054,PAT_005524
CLM_0011055,PAT_005525
CLM_0011056,PAT_005525
CLM_0011057,PAT_005526
CLM_0011058,PAT_005526
CLM_0011059,PAT_005526
CLM_0011060,PAT_005527
CLM_0011061,PAT_005527
CLM_0011062,PAT_005528
CLM_0011063,PAT_005528
CLM_0011064,PAT_005529
CLM_0011065,PAT_005529
CLM_0011066,PAT_005530
CLM_0011067,PAT_005530
CLM_0011068,PAT_005531
CLM_0011069,PAT_005532
CLM_0011070,PAT_005532
CLM_0011071,PAT_005532
CLM_0011072,PAT_005533
CLM_0011073,PAT_005534
CLM_0011074,PAT_005534
CLM_0011075,PAT_005534
CLM_0011076,PAT_005535
CLM_0011077,PAT_005535
CLM_0011078,PAT_005536
CLM_0011079,PAT_005537
CLM_0011080,PAT_005537
CLM_0011081,PAT_005538
CLM_0011082,PAT_005538
CLM_0011083,PAT_005539
CLM_0011084,PAT_005539
CLM_0011085,PAT_005539
CLM_0011086,PAT_005540
CLM_0011087,PAT_005540
CLM_0011088,PAT_005540
CLM_0011089,PAT_005541
CLM_0011090,PAT_005542
CLM_0011091,PAT_005543
CLM_0011092,PAT_005544
CLM_0011093,PAT_005544
CLM_0011094,PAT_005545
CLM_0011095,PAT_005545
CLM_0011096,PAT_005545
CLM_0011097,PAT_005546
CLM_0011098,PAT_005546
CLM_0011099,PAT_005547
CLM_0011100,PAT_005547
CLM_0011101,PAT_005547
CLM_0011102,PAT_005548
CLM_0011103,PAT_005549
CLM_0011104,PAT_005549
CLM_0011105,PAT_005549
CLM_0011106,PAT_005550
CLM_0011107,PAT_005550
CLM_0011108,PAT_005551
CLM_0011109,PAT_005551
CLM_0011110,PAT_005551
CLM_0011111,PAT_005552
CLM_0011112,PAT_005552
CLM_0011113,PAT_005553
CLM_0011114,PAT_005553
CLM_0011115,PAT_005554
CLM_0011116,PAT_005554
CLM_0011117,PAT_005555
CLM_0011118,PAT_005556
CLM_0011119,PAT_005556
CLM_0011120,PAT_005556
CLM_0011121,PAT_005557
CLM_0011122,PAT_005557
CLM_0011123,PAT_005557
CLM_0011124,PAT_005558
CLM_0011125,PAT_005559
CLM_0011126,PAT_005559
CLM_0011127,PAT_005560
CLM_0011128,PAT_005561
CLM_0011129,PAT_005561
CLM_0011130,PAT_005562
CLM_0011131,PAT_005562
CLM_0011132,PAT_005563
CLM_0011133,PAT_005563
CLM_0011134,PAT_005563
CLM_0011135,PAT_005564
CLM_0011136,PAT_005564
CLM_0011137,PAT_005564
CLM_0011138,PAT_005565
CLM_0011139,PAT_005565
CLM_0011140,PAT_005565
CLM_0011141,PAT_005566
CLM_0011142,PAT_005566
CLM_0011143,PAT_005567
CLM_0011144,PAT_005567
CLM_0011145,PAT_005567
CLM_0011146,PAT_005568
CLM_0011147,PAT_005568
CLM_0011148,PAT_005568
CLM_0011149,PAT_005569
CLM_0011150,PAT_005569
CLM_0011151,PAT_005569
CLM_0011152,PAT_005570
CLM_0011153,PAT_005570
CLM_0011154,PAT_005570
CLM_0011155,PAT_005571
CLM_0011156,PAT_005571
CLM_0011157,PAT_005571
CLM_0011158,PAT_005572
CLM_0011159,PAT_005572
CLM_0011160,PAT_005573
CLM_0011161,PAT_005574
CLM_0011162,PAT_005574
CLM_0011163,PAT_005575
CLM_0011164,PAT_005575
CLM_0011165,PAT_005575
CLM_0011166,PAT_005576
CLM_0011167,PAT_005576
CLM_0011168,PAT_005577
CLM_0011169,PAT_005577
CLM_0011170,PAT_005577
CLM_0011171,PAT_005578
CLM_0011172,PAT_005578
CLM_0011173,PAT_005579
CLM_0011174,PAT_005579
CLM_0011175,PAT_005579
CLM_0011176,PAT_005580
CLM_0011177,PAT_005580
CLM_0011178,PAT_005580
CLM_0011179,PAT_005581
CLM_0011180,PAT_005581
CLM_0011181,PAT_005582
CLM_0011182,PAT_005583
CLM_0011183,PAT_005584
CLM_0011184,PAT_005584
CLM_0011185,PAT_005584
CLM_0011186,PAT_005585
CLM_0011187,PAT_005585
CLM_0011188,PAT_005586
CLM_0011189,PAT_005586
CLM_0011190,PAT_005587
CLM_0011191,PAT_005587
CLM_0011192,PAT_005587
CLM_0011193,PAT_005588
CLM_0011194,PAT_005588
CLM_0011195,PAT_005588
CLM_0011196,PAT_005589
CLM_0011197,PAT_005589
CLM_0011198,PAT_005590
CLM_0011199,PAT_005590
CLM_0011200,PAT_005590
CLM_0011201,PAT_005591
CLM_0011202,PAT_005591
CLM_0011203,PAT_005592
CLM_0011204,PAT_005592
CLM_0011205,PAT_005593
CLM_0011206,PAT_005593
CLM_0011207,PAT_005593
CLM_0011208,PAT_005594
CLM_0011209,PAT_005594
CLM_0011210,PAT_005594
CLM_0011211,PAT_005595
CLM_0011212,PAT_005596
CLM_0011213,PAT_005596
CLM_0011214,PAT_005597
CLM_0011215,PAT_005598
CLM_0011216,PAT_005598
CLM_0011217,PAT_005598
CLM_0011218,PAT_005599
CLM_0011219,PAT_005599
CLM_0011220,PAT_005599
CLM_0011221,PAT_005600
CLM_0011222,PAT_005600
CLM_0011223,PAT_005600
CLM_0011224,PAT_005601
CLM_0011225,PAT_005601
CLM_0011226,PAT_005601
CLM_0011227,PAT_005602
CLM_0011228,PAT_005603
CLM_0011229,PAT_005603
CLM_0011230,PAT_005604
CLM_0011231,PAT_005605
CLM_0011232,PAT_005605
CLM_0011233,PAT_005605
CLM_0011234,PAT_005606
CLM_0011235,PAT_005607
CLM_0011236,PAT_005607
CLM_0011237,PAT_005607
CLM_0011238,PAT_005608
CLM_0011239,PAT_005608
CLM_0011240,PAT_005608
CLM_0011241,PAT_005609
CLM_0011242,PAT_005609
CLM_0011243,PAT_005610
CLM_0011244,PAT_005610
CLM_0011245,PAT_005610
CLM_0011246,PAT_005611
CLM_0011247,PAT_005611
CLM_0011248,PAT_005611
CLM_0011249,PAT_005612
CLM_0011250,PAT_005612
CLM_0011251,PAT_005613
CLM_0011252,PAT_005613
CLM_0011253,PAT_005614
CLM_0011254,PAT_005615
CLM_0011255,PAT_005615
CLM_0011256,PAT_005616
CLM_0011257,PAT_005616
CLM_0011258,PAT_005616
CLM_0011259,PAT_005617
CLM_0011260,PAT_005618
CLM_0011261,PAT_005618
CLM_0011262,PAT_005619
CLM_0011263,PAT_005619
CLM_0011264,PAT_005619
CLM_0011265,PAT_005620
CLM_0011266,PAT_005620
CLM_0011267,PAT_005620
CLM_0011268,PAT_005621
CLM_0011269,PAT_005622
CLM_0011270,PAT_005623
CLM_0011271,PAT_005623
CLM_0011272,PAT_005624
CLM_0011273,PAT_005624
CLM_0011274,PAT_005625
CLM_0011275,PAT_005625
CLM_0011276,PAT_005626
CLM_0011277,PAT_005627
CLM_0011278,PAT_005627
CLM_0011279,PAT_005628
CLM_0011280,PAT_005628
CLM_0011281,PAT_005628
CLM_0011282,PAT_005629
CLM_0011283,PAT_005629
CLM_0011284,PAT_005629
CLM_0011285,PAT_005630
CLM_0011286,PAT_005630
CLM_0011287,PAT_005631
CLM_0011288,PAT_005631
CLM_0011289,PAT_005632
CLM_0011290,PAT_005633
CLM_0011291,PAT_005633
CLM_0011292,PAT_005633
CLM_0011293,PAT_005634
CLM_0011294,PAT_005634
CLM_0011295,PAT_005634
CLM_0011296,PAT_005635
CLM_0011297,PAT_005635
CLM_0011298,PAT_005636
CLM_0011299,PAT_005636
CLM_0011300,PAT_005637
CLM_0011301,PAT_005637
CLM_0011302,PAT_005638
CLM_0011303,PAT_005638
CLM_0011304,PAT_005639
CLM_0011305,PAT_005640
CLM_0011306,PAT_005640
CLM_0011307,PAT_005640
CLM_0011308,PAT_005641
CLM_0011309,PAT_005642
CLM_0011310,PAT_005643
CLM_0011311,PAT_005644
CLM_0011312,PAT_005644
CLM_0011313,PAT_005644
CLM_0011314,PAT_005645
CLM_0011315,PAT_005645
CLM_0011316,PAT_005646
CLM_0011317,PAT_005646
CLM_0011318,PAT_005647
CLM_0011319,PAT_005647
CLM_0011320,PAT_005648
CLM_0011321,PAT_005648
CLM_0011322,PAT_005649
CLM_0011323,PAT_005650
CLM_0011324,PAT_005651
CLM_0011325,PAT_005652
CLM_0011326,PAT_005652
CLM_0011327,PAT_005653
CLM_0011328,PAT_005653
CLM_0011329,PAT_005654
CLM_0011330,PAT_005654
CLM_0011331,PAT_005654
CLM_0011332,PAT_005655
CLM_0011333,PAT_005655
CLM_0011334,PAT_005655
CLM_0011335,PAT_005656
CLM_0011336,PAT_005656
CLM_0011337,PAT_005656
CLM_0011338,PAT_005657
CLM_0011339,PAT_005657
CLM_0011340,PAT_005658
CLM_0011341,PAT_005659
CLM_0011342,PAT_005660
CLM_0011343,PAT_005660
CLM_0011344,PAT_005661
CLM_0011345,PAT_005662
CLM_0011346,PAT_005663
CLM_0011347,PAT_005663
CLM_0011348,PAT_005663
CLM_0011349,PAT_005664
CLM_0011350,PAT_005665
CLM_0011351,PAT_005665
CLM_0011352,PAT_005666
CLM_0011353,PAT_005667
CLM_0011354,PAT_005667
CLM_0011355,PAT_005668
CLM_0011356,PAT_005669
CLM_0011357,PAT_005670
CLM_0011358,PAT_005671
CLM_0011359,PAT_005672
CLM_0011360,PAT_005672
CLM_0011361,PAT_005673
CLM_0011362,PAT_005673
CLM_0011363,PAT_005674
CLM_0011364,PAT_005674
CLM_0011365,PAT_005675
CLM_0011366,PAT_005675
CLM_0011367,PAT_005675
CLM_0011368,PAT_005676
CLM_0011369,PAT_005676
CLM_0011370,PAT_005676
CLM_0011371,PAT_005677
CLM_0011372,PAT_005677
CLM_0011373,PAT_005677
CLM_0011374,PAT_005678
CLM_0011375,PAT_005679
CLM_0011376,PAT_005679
CLM_0011377,PAT_005679
CLM_0011378,PAT_005680
CLM_0011379,PAT_005680
CLM_0011380,PAT_005680
CLM_0011381,PAT_005681
CLM_0011382,PAT_005681
CLM_0011383,PAT_005681
CLM_0011384,PAT_005682
CLM_0011385,PAT_005683
CLM_0011386,PAT_005683
CLM_0011387,PAT_005683
CLM_0011388,PAT_005684
CLM_0011389,PAT_005684
CLM_0011390,PAT_005684
CLM_0011391,PAT_005685
CLM_0011392,PAT_005686
CLM_0011393,PAT_005687
CLM_0011394,PAT_005687
CLM_0011395,PAT_005688
CLM_0011396,PAT_005688
CLM_0011397,PAT_005688
CLM_0011398,PAT_005689
CLM_0011399,PAT_005689
CLM_0011400,PAT_005690
CLM_0011401,PAT_005690
CLM_0011402,PAT_005690
CLM_0011403,PAT_005691
CLM_0011404,PAT_005691
CLM_0011405,PAT_005691
CLM_0011406,PAT_005692
CLM_0011407,PAT_005692
CLM_0011408,PAT_005692
CLM_0011409,PAT_005693
CLM_0011410,PAT_005693
CLM_0011411,PAT_005693
CLM_0011412,PAT_005694
CLM_0011413,PAT_005694
CLM_0011414,PAT_005695
CLM_0011415,PAT_005695
CLM_0011416,PAT_005695
CLM_0011417,PAT_005696
CLM_0011418,PAT_005697
CLM_0011419,PAT_005697
CLM_0011420,PAT_005697
CLM_0011421,PAT_005698
CLM_0011422,PAT_005698
CLM_0011423,PAT_005699
CLM_0011424,PAT_005699
CLM_0011425,PAT_005700
CLM_0011426,PAT_005700
CLM_0011427,PAT_005700
CLM_0011428,PAT_005701
CLM_0011429,PAT_005702
CLM_0011430,PAT_005702
CLM_0011431,PAT_005702
CLM_0011432,PAT_005703
CLM_0011433,PAT_005703
CLM_0011434,PAT_005704
CLM_0011435,PAT_005705
CLM_0011436,PAT_005706
CLM_0011437,PAT_005706
CLM_0011438,PAT_005706
CLM_0011439,PAT_005707
CLM_0011440,PAT_005707
CLM_0011441,PAT_005708
CLM_0011442,PAT_005708
CLM_0011443,PAT_005709
CLM_0011444,PAT_005709
CLM_0011445,PAT_005710
CLM_0011446,PAT_005710
CLM_0011447,PAT_005710
CLM_0011448,PAT_005711
CLM_0011449,PAT_005712
CLM_0011450,PAT_005713
CLM_0011451,PAT_005714
CLM_0011452,PAT_005715
CLM_0011453,PAT_005715
CLM_0011454,PAT_005716
CLM_0011455,PAT_005716
CLM_0011456,PAT_005717
CLM_0011457,PAT_005718
CLM_0011458,PAT_005718
CLM_0011459,PAT_005719
CLM_0011460,PAT_005720
CLM_0011461,PAT_005720
CLM_0011462,PAT_005720
CLM_0011463,PAT_005721
CLM_0011464,PAT_005721
CLM_0011465,PAT_005722
CLM_0011466,PAT_005723
CLM_0011467,PAT_005723
CLM_0011468,PAT_005723
CLM_0011469,PAT_005724
CLM_0011470,PAT_005724
CLM_0011471,PAT_005725
CLM_0011472,PAT_005725
CLM_0011473,PAT_005725
CLM_0011474,PAT_005726
CLM_0011475,PAT_005726
CLM_0011476,PAT_005727
CLM_0011477,PAT_005728
CLM_0011478,PAT_005729
CLM_0011479,PAT_005729
CLM_0011480,PAT_005730
CLM_0011481,PAT_005730
CLM_0011482,PAT_005731
CLM_0011483,PAT_005731
CLM_0011484,PAT_005732
CLM_0011485,PAT_005733
CLM_0011486,PAT_005733
CLM_0011487,PAT_005733
CLM_0011488,PAT_005734
CLM_0011489,PAT_005734
CLM_0011490,PAT_005735
CLM_0011491,PAT_005735
CLM_0011492,PAT_005735
CLM_0011493,PAT_005736
CLM_0011494,PAT_005736
CLM_0011495,PAT_005736
CLM_0011496,PAT_005737
CLM_0011497,PAT_005738
CLM_0011498,PAT_005738
CLM_0011499,PAT_005738
CLM_0011500,PAT_005739
CLM_0011501,PAT_005739
CLM_0011502,PAT_005740
CLM_0011503,PAT_005740
CLM_0011504,PAT_005740
CLM_0011505,PAT_005741
CLM_0011506,PAT_005742
CLM_0011507,PAT_005742
CLM_0011508,PAT_005743
CLM_0011509,PAT_005743
CLM_0011510,PAT_005744
CLM_0011511,PAT_005744
CLM_0011512,PAT_005744
CLM_0011513,PAT_005745
CLM_0011514,PAT_005746
CLM_0011515,PAT_005746
CLM_0011516,PAT_005746
CLM_0011517,PAT_005747
CLM_0011518,PAT_005747
CLM_0011519,PAT_005747
CLM_0011520,PAT_005748
CLM_0011521,PAT_005748
CLM_0011522,PAT_005749
CLM_0011523,PAT_005750
CLM_0011524,PAT_005751
CLM_0011525,PAT_005752
CLM_0011526,PAT_005752
CLM_0011527,PAT_005752
CLM_0011528,PAT_005753
CLM_0011529,PAT_005754
CLM_0011530,PAT_005755
CLM_0011531,PAT_005755
CLM_0011532,PAT_005756
CLM_0011533,PAT_005756
CLM_0011534,PAT_005757
CLM_0011535,PAT_005758
CLM_0011536,PAT_005758
CLM_0011537,PAT_005759
CLM_0011538,PAT_005760
CLM_0011539,PAT_005760
CLM_0011540,PAT_005761
CLM_0011541,PAT_005761
CLM_0011542,PAT_005762
CLM_0011543,PAT_005762
CLM_0011544,PAT_005763
CLM_0011545,PAT_005763
CLM_0011546,PAT_005764
CLM_0011547,PAT_005765
CLM_0011548,PAT_005765
CLM_0011549,PAT_005765
CLM_0011550,PAT_005766
CLM_0011551,PAT_005767
CLM_0011552,PAT_005768
CLM_0011553,PAT_005768
CLM_0011554,PAT_005769
CLM_0011555,PAT_005770
CLM_0011556,PAT_005771
CLM_0011557,PAT_005771
CLM_0011558,PAT_005771
CLM_0011559,PAT_005772
CLM_0011560,PAT_005772
CLM_0011561,PAT_005773
CLM_0011562,PAT_005774
CLM_0011563,PAT_005774
CLM_0011564,PAT_005774
CLM_0011565,PAT_005775
CLM_0011566,PAT_005775
CLM_0011567,PAT_005776
CLM_0011568,PAT_005776
CLM_0011569,PAT_005777
CLM_0011570,PAT_005778
CLM_0011571,PAT_005779
CLM_0011572,PAT_005780
CLM_0011573,PAT_005781
CLM_0011574,PAT_005781
CLM_0011575,PAT_005781
CLM_0011576,PAT_005782
CLM_0011577,PAT_005782
CLM_0011578,PAT_005782
CLM_0011579,PAT_005783
CLM_0011580,PAT_005783
CLM_0011581,PAT_005783
CLM_0011582,PAT_005784
CLM_0011583,PAT_005784
CLM_0011584,PAT_005784
CLM_0011585,PAT_005785
CLM_0011586,PAT_005785
CLM_0011587,PAT_005786
CLM_0011588,PAT_005787
CLM_0011589,PAT_005787
CLM_0011590,PAT_005787
CLM_0011591,PAT_005788
CLM_0011592,PAT_005788
CLM_0011593,PAT_005789
CLM_0011594,PAT_005790
CLM_0011595,PAT_005790
CLM_0011596,PAT_005791
CLM_0011597,PAT_005791
CLM_0011598,PAT_005792
CLM_0011599,PAT_005792
CLM_0011600,PAT_005793
CLM_0011601,PAT_005793
CLM_0011602,PAT_005794
CLM_0011603,PAT_005794
CLM_0011604,PAT_005795
CLM_0011605,PAT_005796
CLM_0011606,PAT_005796
CLM_0011607,PAT_005797
CLM_0011608,PAT_005797
CLM_0011609,PAT_005798
CLM_0011610,PAT_005798
CLM_0011611,PAT_005798
CLM_0011612,PAT_005799
CLM_0011613,PAT_005799
CLM_0011614,PAT_005799
CLM_0011615,PAT_005800
CLM_0011616,PAT_005800
CLM_0011617,PAT_005801
CLM_0011618,PAT_005801
CLM_0011619,PAT_005801
CLM_0011620,PAT_005802
CLM_0011621,PAT_005802
CLM_0011622,PAT_005803
CLM_0011623,PAT_005804
CLM_0011624,PAT_005805
CLM_0011625,PAT_005805
CLM_0011626,PAT_005805
CLM_0011627,PAT_005806
CLM_0011628,PAT_005807
CLM_0011629,PAT_005808
CLM_0011630,PAT_005808
CLM_0011631,PAT_005809
CLM_0011632,PAT_005809
CLM_0011633,PAT_005810
CLM_0011634,PAT_005810
CLM_0011635,PAT_005811
CLM_0011636,PAT_005811
CLM_0011637,PAT_005811
CLM_0011638,PAT_005812
CLM_0011639,PAT_005812
CLM_0011640,PAT_005813
CLM_0011641,PAT_005813
CLM_0011642,PAT_005813
CLM_0011643,PAT_005814
CLM_0011644,PAT_005814
CLM_0011645,PAT_005815
CLM_0011646,PAT_005816
CLM_0011647,PAT_005816
CLM_0011648,PAT_005817
CLM_0011649,PAT_005817
CLM_0011650,PAT_005818
CLM_0011651,PAT_005818
CLM_0011652,PAT_005819
CLM_0011653,PAT_005819
CLM_0011654,PAT_005820
CLM_0011655,PAT_005820
CLM_0011656,PAT_005820
CLM_0011657,PAT_005821
CLM_0011658,PAT_005821
CLM_0011659,PAT_005821
CLM_0011660,PAT_005822
CLM_0011661,PAT_005822
CLM_0011662,PAT_005823
CLM_0011663,PAT_005824
CLM_0011664,PAT_005825
CLM_0011665,PAT_005825
CLM_0011666,PAT_005825
CLM_0011667,PAT_005826
CLM_0011668,PAT_005826
CLM_0011669,PAT_005826
CLM_0011670,PAT_005827
CLM_0011671,PAT_005827
CLM_0011672,PAT_005828
CLM_0011673,PAT_005828
CLM_0011674,PAT_005828
CLM_0011675,PAT_005829
CLM_0011676,PAT_005829
CLM_0011677,PAT_005830
CLM_0011678,PAT_005830
CLM_0011679,PAT_005830
CLM_0011680,PAT_005831
CLM_0011681,PAT_005831
CLM_0011682,PAT_005832
CLM_0011683,PAT_005832
CLM_0011684,PAT_005833
CLM_0011685,PAT_005833
CLM_0011686,PAT_005834
CLM_0011687,PAT_005834
CLM_0011688,PAT_005835
CLM_0011689,PAT_005835
CLM_0011690,PAT_005835
CLM_0011691,PAT_005836
CLM_0011692,PAT_005836
CLM_0011693,PAT_005837
CLM_0011694,PAT_005838
CLM_0011695,PAT_005838
CLM_0011696,PAT_005838
CLM_0011697,PAT_005839
CLM_0011698,PAT_005840
CLM_0011699,PAT_005841
CLM_0011700,PAT_005841
CLM_0011701,PAT_005842
CLM_0011702,PAT_005843
CLM_0011703,PAT_005843
CLM_0011704,PAT_005843
CLM_0011705,PAT_005844
CLM_0011706,PAT_005844
CLM_0011707,PAT_005845
CLM_0011708,PAT_005845
CLM_0011709,PAT_005846
CLM_0011710,PAT_005846
CLM_0011711,PAT_005846
CLM_0011712,PAT_005847
CLM_0011713,PAT_005848
CLM_0011714,PAT_005848
CLM_0011715,PAT_005849
CLM_0011716,PAT_005849
CLM_0011717,PAT_005849
CLM_0011718,PAT_005850
CLM_0011719,PAT_005851
CLM_0011720,PAT_005852
CLM_0011721,PAT_005852
CLM_0011722,PAT_005852
CLM_0011723,PAT_005853
CLM_0011724,PAT_005854
CLM_0011725,PAT_005854
CLM_0011726,PAT_005855
CLM_0011727,PAT_005855
CLM_0011728,PAT_005855
CLM_0011729,PAT_005856
CLM_0011730,PAT_005856
CLM_0011731,PAT_005856
CLM_0011732,PAT_005857
CLM_0011733,PAT_005857
CLM_0011734,PAT_005857
CLM_0011735,PAT_005858
CLM_0011736,PAT_005859
CLM_0011737,PAT_005859
CLM_0011738,PAT_005859
CLM_0011739,PAT_005860
CLM_0011740,PAT_005860
CLM_0011741,PAT_005861
CLM_0011742,PAT_005862
CLM_0011743,PAT_005862
CLM_0011744,PAT_005862
CLM_0011745,PAT_005863
CLM_0011746,PAT_005863
CLM_0011747,PAT_005863
CLM_0011748,PAT_005864
CLM_0011749,PAT_005865
CLM_0011750,PAT_005865
CLM_0011751,PAT_005866
CLM_0011752,PAT_005866
CLM_0011753,PAT_005866
CLM_0011754,PAT_005867
CLM_0011755,PAT_005868
CLM_0011756,PAT_005868
CLM_0011757,PAT_005868
CLM_0011758,PAT_005869
CLM_0011759,PAT_005869
CLM_0011760,PAT_005869
CLM_0011761,PAT_005870
CLM_0011762,PAT_005870
CLM_0011763,PAT_005871
CLM_0011764,PAT_005872
CLM_0011765,PAT_005872
CLM_0011766,PAT_005872
CLM_0011767,PAT_005873
CLM_0011768,PAT_005873
CLM_0011769,PAT_005874
CLM_0011770,PAT_005874
CLM_0011771,PAT_005874
CLM_0011772,PAT_005875
CLM_0011773,PAT_005875
CLM_0011774,PAT_005875
CLM_0011775,PAT_005876
CLM_0011776,PAT_005876
CLM_0011777,PAT_005876
CLM_0011778,PAT_005877
CLM_0011779,PAT_005877
CLM_0011780,PAT_005877
CLM_0011781,PAT_005878
CLM_0011782,PAT_005879
CLM_0011783,PAT_005879
CLM_0011784,PAT_005880
CLM_0011785,PAT_005880
CLM_0011786,PAT_005881
CLM_0011787,PAT_005881
CLM_0011788,PAT_005882
CLM_0011789,PAT_005883
CLM_0011790,PAT_005883
CLM_0011791,PAT_005884
CLM_0011792,PAT_005884
CLM_0011793,PAT_005884
CLM_0011794,PAT_005885
CLM_0011795,PAT_005885
CLM_0011796,PAT_005885
CLM_0011797,PAT_005886
CLM_0011798,PAT_005887
CLM_0011799,PAT_005887
CLM_0011800,PAT_005888
CLM_0011801,PAT_005888
CLM_0011802,PAT_005889
CLM_0011803,PAT_005890
CLM_0011804,PAT_005891
CLM_0011805,PAT_005891
CLM_0011806,PAT_005892
CLM_0011807,PAT_005893
CLM_0011808,PAT_005893
CLM_0011809,PAT_005894
CLM_0011810,PAT_005895
CLM_0011811,PAT_005895
CLM_0011812,PAT_005896
CLM_0011813,PAT_005897
CLM_0011814,PAT_005898
CLM_0011815,PAT_005898
CLM_0011816,PAT_005899
CLM_0011817,PAT_005899
CLM_0011818,PAT_005899
CLM_0011819,PAT_005900
CLM_0011820,PAT_005901
CLM_0011821,PAT_005902
CLM_0011822,PAT_005903
CLM_0011823,PAT_005903
CLM_0011824,PAT_005903
CLM_0011825,PAT_005904
CLM_0011826,PAT_005905
CLM_0011827,PAT_005906
CLM_0011828,PAT_005906
CLM_0011829,PAT_005907
CLM_0011830,PAT_005907
CLM_0011831,PAT_005908
CLM_0011832,PAT_005908
CLM_0011833,PAT_005908
CLM_0011834,PAT_005909
CLM_0011835,PAT_005909
CLM_0011836,PAT_005909
CLM_0011837,PAT_005910
CLM_0011838,PAT_005910
CLM_0011839,PAT_005911
CLM_0011840,PAT_005911
CLM_0011841,PAT_005912
CLM_0011842,PAT_005912
CLM_0011843,PAT_005912
CLM_0011844,PAT_005913
CLM_0011845,PAT_005914
CLM_0011846,PAT_005914
CLM_0011847,PAT_005915
CLM_0011848,PAT_005915
CLM_0011849,PAT_005915
CLM_0011850,PAT_005916
CLM_0011851,PAT_005916
CLM_0011852,PAT_005917
CLM_0011853,PAT_005918
CLM_0011854,PAT_005919
CLM_0011855,PAT_005920
CLM_0011856,PAT_005921
CLM_0011857,PAT_005921
CLM_0011858,PAT_005921
CLM_0011859,PAT_005922
CLM_0011860,PAT_005922
CLM_0011861,PAT_005922
CLM_0011862,PAT_005923
CLM_0011863,PAT_005923
CLM_0011864,PAT_005924
CLM_0011865,PAT_005924
CLM_0011866,PAT_005924
CLM_0011867,PAT_005925
CLM_0011868,PAT_005925
CLM_0011869,PAT_005926
CLM_0011870,PAT_005927
CLM_0011871,PAT_005927
CLM_0011872,PAT_005927
CLM_0011873,PAT_005928
CLM_0011874,PAT_005928
CLM_0011875,PAT_005929
CLM_0011876,PAT_005930
CLM_0011877,PAT_005930
CLM_0011878,PAT_005930
CLM_0011879,PAT_005931
CLM_0011880,PAT_005931
CLM_0011881,PAT_005932
CLM_0011882,PAT_005932
CLM_0011883,PAT_005933
CLM_0011884,PAT_005933
CLM_0011885,PAT_005934
CLM_0011886,PAT_005935
CLM_0011887,PAT_005935
CLM_0011888,PAT_005935
CLM_0011889,PAT_005936
CLM_0011890,PAT_005936
CLM_0011891,PAT_005936
CLM_0011892,PAT_005937
CLM_0011893,PAT_005937
CLM_0011894,PAT_005937
CLM_0011895,PAT_005938
CLM_0011896,PAT_005939
CLM_0011897,PAT_005940
CLM_0011898,PAT_005940
CLM_0011899,PAT_005941
CLM_0011900,PAT_005941
CLM_0011901,PAT_005942
CLM_0011902,PAT_005943
CLM_0011903,PAT_005943
CLM_0011904,PAT_005943
CLM_0011905,PAT_005944
CLM_0011906,PAT_005945
CLM_0011907,PAT_005945
CLM_0011908,PAT_005945
CLM_0011909,PAT_005946
CLM_0011910,PAT_005946
CLM_0011911,PAT_005946
CLM_0011912,PAT_005947
CLM_0011913,PAT_005947
CLM_0011914,PAT_005948
CLM_0011915,PAT_005948
CLM_0011916,PAT_005948
CLM_0011917,PAT_005949
CLM_0011918,PAT_005949
CLM_0011919,PAT_005950
CLM_0011920,PAT_005950
CLM_0011921,PAT_005950
CLM_0011922,PAT_005951
CLM_0011923,PAT_005951
CLM_0011924,PAT_005952
CLM_0011925,PAT_005952
CLM_0011926,PAT_005952
CLM_0011927,PAT_005953
CLM_0011928,PAT_005954
CLM_0011929,PAT_005954
CLM_0011930,PAT_005954
CLM_0011931,PAT_005955
CLM_0011932,PAT_005956
CLM_0011933,PAT_005956
CLM_0011934,PAT_005956
CLM_0011935,PAT_005957
CLM_0011936,PAT_005957
CLM_0011937,PAT_005957
CLM_0011938,PAT_005958
CLM_0011939,PAT_005958
CLM_0011940,PAT_005958
CLM_0011941,PAT_005959
CLM_0011942,PAT_005959
CLM_0011943,PAT_005959
CLM_0011944,PAT_005960
CLM_0011945,PAT_005961
CLM_0011946,PAT_005961
CLM_0011947,PAT_005961
CLM_0011948,PAT_005962
CLM_0011949,PAT_005963
CLM_0011950,PAT_005963
CLM_0011951,PAT_005963
CLM_0011952,PAT_005964
CLM_0011953,PAT_005964
CLM_0011954,PAT_005965
CLM_0011955,PAT_005966
CLM_0011956,PAT_005966
CLM_0011957,PAT_005966
CLM_0011958,PAT_005967
CLM_0011959,PAT_005968
CLM_0011960,PAT_005968
CLM_0011961,PAT_005968
CLM_0011962,PAT_005969
CLM_0011963,PAT_005970
CLM_0011964,PAT_005970
CLM_0011965,PAT_005971
CLM_0011966,PAT_005972
CLM_0011967,PAT_005972
CLM_0011968,PAT_005972
CLM_0011969,PAT_005973
CLM_0011970,PAT_005973
CLM_0011971,PAT_005974
CLM_0011972,PAT_005974
CLM_0011973,PAT_005975
CLM_0011974,PAT_005975
CLM_0011975,PAT_005975
CLM_0011976,PAT_005976
CLM_0011977,PAT_005976
CLM_0011978,PAT_005977
CLM_0011979,PAT_005977
CLM_0011980,PAT_005978
CLM_0011981,PAT_005978
CLM_0011982,PAT_005978
CLM_0011983,PAT_005979
CLM_0011984,PAT_005979
CLM_0011985,PAT_005980
CLM_0011986,PAT_005981
CLM_0011987,PAT_005981
CLM_0011988,PAT_005982
CLM_0011989,PAT_005983
CLM_0011990,PAT_005983
CLM_0011991,PAT_005983
CLM_0011992,PAT_005984
CLM_0011993,PAT_005984
CLM_0011994,PAT_005984
CLM_0011995,PAT_005985
CLM_0011996,PAT_005986
CLM_0011997,PAT_005987
CLM_0011998,PAT_005988
CLM_0011999,PAT_005989
CLM_0012000,PAT_005989
CLM_0012001,PAT_005989
CLM_0012002,PAT_005990
CLM_0012003,PAT_005991
CLM_0012004,PAT_005991
CLM_0012005,PAT_005992
CLM_0012006,PAT_005992
CLM_0012007,PAT_005992
CLM_0012008,PAT_005993
CLM_0012009,PAT_005993
CLM_0012010,PAT_005994
CLM_0012011,PAT_005994
CLM_0012012,PAT_005995
CLM_0012013,PAT_005996
CLM_0012014,PAT_005997
CLM_0012015,PAT_005998
CLM_0012016,PAT_005999
CLM_0012017,PAT_005999
CLM_0012018,PAT_005999
CLM_0012019,PAT_006000
CLM_0012020,PAT_006000
CLM_0012021,PAT_006001
CLM_0012022,PAT_006001
CLM_0012023,PAT_006001
CLM_0012024,PAT_006002
CLM_0012025,PAT_006002
CLM_0012026,PAT_006002
CLM_0012027,PAT_006003
CLM_0012028,PAT_006003
CLM_0012029,PAT_006003
CLM_0012030,PAT_006004
CLM_0012031,PAT_006004
CLM_0012032,PAT_006004
CLM_0012033,PAT_006005
CLM_0012034,PAT_006005
CLM_0012035,PAT_006005
CLM_0012036,PAT_006006
CLM_0012037,PAT_006006
CLM_0012038,PAT_006006
CLM_0012039,PAT_006007
CLM_0012040,PAT_006007
CLM_0012041,PAT_006007
CLM_0012042,PAT_006008
CLM_0012043,PAT_006009
CLM_0012044,PAT_006009
CLM_0012045,PAT_006009
CLM_0012046,PAT_006010
CLM_0012047,PAT_006011
CLM_0012048,PAT_006011
CLM_0012049,PAT_006011
CLM_0012050,PAT_006012
CLM_0012051,PAT_006012
CLM_0012052,PAT_006013
CLM_0012053,PAT_006014
CLM_0012054,PAT_006014
CLM_0012055,PAT_006015
CLM_0012056,PAT_006016
CLM_0012057,PAT_006016
CLM_0012058,PAT_006016
CLM_0012059,PAT_006017
CLM_0012060,PAT_006017
CLM_0012061,PAT_006017
CLM_0012062,PAT_006018
CLM_0012063,PAT_006019
CLM_0012064,PAT_006019
CLM_0012065,PAT_006020
CLM_0012066,PAT_006020
CLM_0012067,PAT_006020
CLM_0012068,PAT_006021
CLM_0012069,PAT_006021
CLM_0012070,PAT_006021
CLM_0012071,PAT_006022
CLM_0012072,PAT_006022
CLM_0012073,PAT_006023
CLM_0012074,PAT_006023
CLM_0012075,PAT_006023
CLM_0012076,PAT_006024
CLM_0012077,PAT_006024
CLM_0012078,PAT_006025
CLM_0012079,PAT_006026
CLM_0012080,PAT_006027
CLM_0012081,PAT_006028
CLM_0012082,PAT_006028
CLM_0012083,PAT_006028
CLM_0012084,PAT_006029
CLM_0012085,PAT_006030
CLM_0012086,PAT_006030
CLM_0012087,PAT_006030
CLM_0012088,PAT_006031
CLM_0012089,PAT_006032
CLM_0012090,PAT_006033
CLM_0012091,PAT_006033
CLM_0012092,PAT_006033
CLM_0012093,PAT_006034
CLM_0012094,PAT_006034
CLM_0012095,PAT_006035
CLM_0012096,PAT_006035
CLM_0012097,PAT_006035
CLM_0012098,PAT_006036
CLM_0012099,PAT_006036
CLM_0012100,PAT_006036
CLM_0012101,PAT_006037
CLM_0012102,PAT_006038
CLM_0012103,PAT_006039
CLM_0012104,PAT_006040
CLM_0012105,PAT_006040
CLM_0012106,PAT_006041
CLM_0012107,PAT_006041
CLM_0012108,PAT_006041
CLM_0012109,PAT_006042
CLM_0012110,PAT_006042
CLM_0012111,PAT_006043
CLM_0012112,PAT_006043
CLM_0012113,PAT_006044
CLM_0012114,PAT_006045
CLM_0012115,PAT_006046
CLM_0012116,PAT_006046
CLM_0012117,PAT_006046
CLM_0012118,PAT_006047
CLM_0012119,PAT_006048
CLM_0012120,PAT_006048
CLM_0012121,PAT_006048
CLM_0012122,PAT_006049
CLM_0012123,PAT_006049
CLM_0012124,PAT_006050
CLM_0012125,PAT_006050
CLM_0012126,PAT_006050
CLM_0012127,PAT_006051
CLM_0012128,PAT_006051
CLM_0012129,PAT_006051
CLM_0012130,PAT_006052
CLM_0012131,PAT_006052
CLM_0012132,PAT_006052
CLM_0012133,PAT_006053
CLM_0012134,PAT_006053
CLM_0012135,PAT_006054
CLM_0012136,PAT_006055
CLM_0012137,PAT_006055
CLM_0012138,PAT_006055
CLM_0012139,PAT_006056
CLM_0012140,PAT_006056
CLM_0012141,PAT_006057
CLM_0012142,PAT_006058
CLM_0012143,PAT_006058
CLM_0012144,PAT_006059
CLM_0012145,PAT_006060
CLM_0012146,PAT_006060
CLM_0012147,PAT_006060
CLM_0012148,PAT_006061
CLM_0012149,PAT_006061
CLM_0012150,PAT_006062
CLM_0012151,PAT_006062
CLM_0012152,PAT_006063
CLM_0012153,PAT_006064
CLM_0012154,PAT_006064
CLM_0012155,PAT_006065
CLM_0012156,PAT_006066
CLM_0012157,PAT_006067
CLM_0012158,PAT_006068
CLM_0012159,PAT_006068
CLM_0012160,PAT_006069
CLM_0012161,PAT_006070
CLM_0012162,PAT_006070
CLM_0012163,PAT_006070
CLM_0012164,PAT_006071
CLM_0012165,PAT_006071
CLM_0012166,PAT_006071
CLM_0012167,PAT_006072
CLM_0012168,PAT_006072
CLM_0012169,PAT_006073
CLM_0012170,PAT_006074
CLM_0012171,PAT_006075
CLM_0012172,PAT_006075
CLM_0012173,PAT_006076
CLM_0012174,PAT_006076
CLM_0012175,PAT_006077
CLM_0012176,PAT_006078
CLM_0012177,PAT_006079
CLM_0012178,PAT_006079
CLM_0012179,PAT_006080
CLM_0012180,PAT_006081
CLM_0012181,PAT_006081
CLM_0012182,PAT_006082
CLM_0012183,PAT_006082
CLM_0012184,PAT_006083
CLM_0012185,PAT_006083
CLM_0012186,PAT_006084
CLM_0012187,PAT_006084
CLM_0012188,PAT_006085
CLM_0012189,PAT_006085
CLM_0012190,PAT_006085
CLM_0012191,PAT_006086
CLM_0012192,PAT_006087
CLM_0012193,PAT_006088
CLM_0012194,PAT_006088
CLM_0012195,PAT_006089
CLM_0012196,PAT_006090
CLM_0012197,PAT_006090
CLM_0012198,PAT_006090
CLM_0012199,PAT_006091
CLM_0012200,PAT_006092
CLM_0012201,PAT_006092
CLM_0012202,PAT_006093
CLM_0012203,PAT_006094
CLM_0012204,PAT_006094
CLM_0012205,PAT_006094
CLM_0012206,PAT_006095
CLM_0012207,PAT_006095
CLM_0012208,PAT_006095
CLM_0012209,PAT_006096
CLM_0012210,PAT_006096
CLM_0012211,PAT_006096
CLM_0012212,PAT_006097
CLM_0012213,PAT_006097
CLM_0012214,PAT_006097
CLM_0012215,PAT_006098
CLM_0012216,PAT_006098
CLM_0012217,PAT_006098
CLM_0012218,PAT_006099
CLM_0012219,PAT_006099
CLM_0012220,PAT_006099
CLM_0012221,PAT_006100
CLM_0012222,PAT_006100
CLM_0012223,PAT_006100
CLM_0012224,PAT_006101
CLM_0012225,PAT_006101
CLM_0012226,PAT_006101
CLM_0012227,PAT_006102
CLM_0012228,PAT_006102
CLM_0012229,PAT_006103
CLM_0012230,PAT_006104
CLM_0012231,PAT_006104
CLM_0012232,PAT_006105
CLM_0012233,PAT_006105
CLM_0012234,PAT_006105
CLM_0012235,PAT_006106
CLM_0012236,PAT_006106
CLM_0012237,PAT_006107
CLM_0012238,PAT_006107
CLM_0012239,PAT_006108
CLM_0012240,PAT_006108
CLM_0012241,PAT_006108
CLM_0012242,PAT_006109
CLM_0012243,PAT_006109
CLM_0012244,PAT_006109
CLM_0012245,PAT_006110
CLM_0012246,PAT_006111
CLM_0012247,PAT_006111
CLM_0012248,PAT_006111
CLM_0012249,PAT_006112
CLM_0012250,PAT_006112
CLM_0012251,PAT_006112
CLM_0012252,PAT_006113
CLM_0012253,PAT_006114
CLM_0012254,PAT_006114
CLM_0012255,PAT_006115
CLM_0012256,PAT_006115
CLM_0012257,PAT_006116
CLM_0012258,PAT_006116
CLM_0012259,PAT_006117
CLM_0012260,PAT_006118
CLM_0012261,PAT_006118
CLM_0012262,PAT_006118
CLM_0012263,PAT_006119
CLM_0012264,PAT_006119
CLM_0012265,PAT_006119
CLM_0012266,PAT_006120
CLM_0012267,PAT_006120
CLM_0012268,PAT_006120
CLM_0012269,PAT_006121
CLM_0012270,PAT_006121
CLM_0012271,PAT_006121
CLM_0012272,PAT_006122
CLM_0012273,PAT_006122
CLM_0012274,PAT_006123
CLM_0012275,PAT_006123
CLM_0012276,PAT_006123
CLM_0012277,PAT_006124
CLM_0012278,PAT_006124
CLM_0012279,PAT_006125
CLM_0012280,PAT_006126
CLM_0012281,PAT_006126
CLM_0012282,PAT_006127
CLM_0012283,PAT_006127
CLM_0012284,PAT_006127
CLM_0012285,PAT_006128
CLM_0012286,PAT_006128
CLM_0012287,PAT_006128
CLM_0012288,PAT_006129
CLM_0012289,PAT_006129
CLM_0012290,PAT_006129
CLM_0012291,PAT_006130
CLM_0012292,PAT_006130
CLM_0012293,PAT_006131
CLM_0012294,PAT_006132
CLM_0012295,PAT_006133
CLM_0012296,PAT_006133
CLM_0012297,PAT_006133
CLM_0012298,PAT_006134
CLM_0012299,PAT_006134
CLM_0012300,PAT_006134
CLM_0012301,PAT_006135
CLM_0012302,PAT_006135
CLM_0012303,PAT_006136
CLM_0012304,PAT_006136
CLM_0012305,PAT_006137
CLM_0012306,PAT_006137
CLM_0012307,PAT_006138
CLM_0012308,PAT_006138
CLM_0012309,PAT_006139
CLM_0012310,PAT_006140
CLM_0012311,PAT_006140
CLM_0012312,PAT_006141
CLM_0012313,PAT_006142
CLM_0012314,PAT_006143
CLM_0012315,PAT_006143
CLM_0012316,PAT_006143
CLM_0012317,PAT_006144
CLM_0012318,PAT_006145
CLM_0012319,PAT_006145
CLM_0012320,PAT_006145
CLM_0012321,PAT_006146
CLM_0012322,PAT_006146
CLM_0012323,PAT_006147
CLM_0012324,PAT_006148
CLM_0012325,PAT_006148
CLM_0012326,PAT_006149
CLM_0012327,PAT_006149
CLM_0012328,PAT_006150
CLM_0012329,PAT_006150
CLM_0012330,PAT_006151
CLM_0012331,PAT_006151
CLM_0012332,PAT_006152
CLM_0012333,PAT_006152
CLM_0012334,PAT_006153
CLM_0012335,PAT_006153
CLM_0012336,PAT_006153
CLM_0012337,PAT_006154
CLM_0012338,PAT_006154
CLM_0012339,PAT_006155
CLM_0012340,PAT_006155
CLM_0012341,PAT_006155
CLM_0012342,PAT_006156
CLM_0012343,PAT_006156
CLM_0012344,PAT_006157
CLM_0012345,PAT_006157
CLM_0012346,PAT_006157
CLM_0012347,PAT_006158
CLM_0012348,PAT_006158
CLM_0012349,PAT_006159
CLM_0012350,PAT_006160
CLM_0012351,PAT_006160
CLM_0012352,PAT_006161
CLM_0012353,PAT_006161
CLM_0012354,PAT_006162
CLM_0012355,PAT_006162
CLM_0012356,PAT_006163
CLM_0012357,PAT_006164
CLM_0012358,PAT_006164
CLM_0012359,PAT_006165
CLM_0012360,PAT_006165
CLM_0012361,PAT_006166
CLM_0012362,PAT_006166
CLM_0012363,PAT_006167
CLM_0012364,PAT_006167
CLM_0012365,PAT_006168
CLM_0012366,PAT_006168
CLM_0012367,PAT_006168
CLM_0012368,PAT_006169
CLM_0012369,PAT_006169
CLM_0012370,PAT_006169
CLM_0012371,PAT_006170
CLM_0012372,PAT_006171
CLM_0012373,PAT_006172
CLM_0012374,PAT_006172
CLM_0012375,PAT_006172
CLM_0012376,PAT_006173
CLM_0012377,PAT_006174
CLM_0012378,PAT_006174
CLM_0012379,PAT_006175
CLM_0012380,PAT_006176
CLM_0012381,PAT_006177
CLM_0012382,PAT_006177
CLM_0012383,PAT_006178
CLM_0012384,PAT_006178
CLM_0012385,PAT_006178
CLM_0012386,PAT_006179
CLM_0012387,PAT_006179
CLM_0012388,PAT_006179
CLM_0012389,PAT_006180
CLM_0012390,PAT_006181
CLM_0012391,PAT_006181
CLM_0012392,PAT_006182
CLM_0012393,PAT_006182
CLM_0012394,PAT_006182
CLM_0012395,PAT_006183
CLM_0012396,PAT_006183
CLM_0012397,PAT_006183
CLM_0012398,PAT_006184
CLM_0012399,PAT_006185
CLM_0012400,PAT_006185
CLM_0012401,PAT_006186
CLM_0012402,PAT_006187
CLM_0012403,PAT_006187
CLM_0012404,PAT_006187
CLM_0012405,PAT_006188
CLM_0012406,PAT_006189
CLM_0012407,PAT_006189
CLM_0012408,PAT_006189
CLM_0012409,PAT_006190
CLM_0012410,PAT_006190
CLM_0012411,PAT_006191
CLM_0012412,PAT_006191
CLM_0012413,PAT_006191
CLM_0012414,PAT_006192
CLM_0012415,PAT_006192
CLM_0012416,PAT_006193
CLM_0012417,PAT_006193
CLM_0012418,PAT_006193
CLM_0012419,PAT_006194
CLM_0012420,PAT_006194
CLM_0012421,PAT_006194
CLM_0012422,PAT_006195
CLM_0012423,PAT_006195
CLM_0012424,PAT_006196
CLM_0012425,PAT_006196
CLM_0012426,PAT_006196
CLM_0012427,PAT_006197
CLM_0012428,PAT_006197
CLM_0012429,PAT_006197
CLM_0012430,PAT_006198
CLM_0012431,PAT_006198
CLM_0012432,PAT_006199
CLM_0012433,PAT_006199
CLM_0012434,PAT_006199
CLM_0012435,PAT_006200
CLM_0012436,PAT_006201
CLM_0012437,PAT_006201
CLM_0012438,PAT_006201
CLM_0012439,PAT_006202
CLM_0012440,PAT_006203
CLM_0012441,PAT_006203
CLM_0012442,PAT_006203
CLM_0012443,PAT_006204
CLM_0012444,PAT_006205
CLM_0012445,PAT_006205
CLM_0012446,PAT_006206
CLM_0012447,PAT_006206
CLM_0012448,PAT_006206
CLM_0012449,PAT_006207
CLM_0012450,PAT_006207
CLM_0012451,PAT_006208
CLM_0012452,PAT_006208
CLM_0012453,PAT_006208
CLM_0012454,PAT_006209
CLM_0012455,PAT_006209
CLM_0012456,PAT_006210
CLM_0012457,PAT_006210
CLM_0012458,PAT_006210
CLM_0012459,PAT_006211
CLM_0012460,PAT_006211
CLM_0012461,PAT_006212
CLM_0012462,PAT_006212
CLM_0012463,PAT_006213
CLM_0012464,PAT_006214
CLM_0012465,PAT_006214
CLM_0012466,PAT_006215
CLM_0012467,PAT_006215
CLM_0012468,PAT_006216
CLM_0012469,PAT_006216
CLM_0012470,PAT_006216
CLM_0012471,PAT_006217
CLM_0012472,PAT_006217
CLM_0012473,PAT_006217
CLM_0012474,PAT_006218
CLM_0012475,PAT_006218
CLM_0012476,PAT_006219
CLM_0012477,PAT_006220
CLM_0012478,PAT_006221
CLM_0012479,PAT_006221
CLM_0012480,PAT_006222
CLM_0012481,PAT_006223
CLM_0012482,PAT_006223
CLM_0012483,PAT_006223
CLM_0012484,PAT_006224
CLM_0012485,PAT_006225
CLM_0012486,PAT_006225
CLM_0012487,PAT_006226
CLM_0012488,PAT_006227
CLM_0012489,PAT_006227
CLM_0012490,PAT_006228
CLM_0012491,PAT_006228
CLM_0012492,PAT_006229
CLM_0012493,PAT_006230
CLM_0012494,PAT_006230
CLM_0012495,PAT_006231
CLM_0012496,PAT_006232
CLM_0012497,PAT_006233
CLM_0012498,PAT_006233
CLM_0012499,PAT_006234
CLM_0012500,PAT_006235
CLM_0012501,PAT_006235
CLM_0012502,PAT_006235
CLM_0012503,PAT_006236
CLM_0012504,PAT_006236
CLM_0012505,PAT_006237
CLM_0012506,PAT_006237
CLM_0012507,PAT_006237
CLM_0012508,PAT_006238
CLM_0012509,PAT_006239
CLM_0012510,PAT_006239
CLM_0012511,PAT_006240
CLM_0012512,PAT_006241
CLM_0012513,PAT_006242
CLM_0012514,PAT_006243
CLM_0012515,PAT_006244
CLM_0012516,PAT_006244
CLM_0012517,PAT_006244
CLM_0012518,PAT_006245
CLM_0012519,PAT_006245
CLM_0012520,PAT_006246
CLM_0012521,PAT_006247
CLM_0012522,PAT_006247
CLM_0012523,PAT_006248
CLM_0012524,PAT_006249
CLM_0012525,PAT_006249
CLM_0012526,PAT_006249
CLM_0012527,PAT_006250
CLM_0012528,PAT_006250
CLM_0012529,PAT_006250
CLM_0012530,PAT_006251
CLM_0012531,PAT_006252
CLM_0012532,PAT_006252
CLM_0012533,PAT_006252
CLM_0012534,PAT_006253
CLM_0012535,PAT_006253
CLM_0012536,PAT_006253
CLM_0012537,PAT_006254
CLM_0012538,PAT_006254
CLM_0012539,PAT_006254
CLM_0012540,PAT_006255
CLM_0012541,PAT_006256
CLM_0012542,PAT_006256
CLM_0012543,PAT_006256
CLM_0012544,PAT_006257
CLM_0012545,PAT_006257
CLM_0012546,PAT_006258
CLM_0012547,PAT_006259
CLM_0012548,PAT_006259
CLM_0012549,PAT_006260
CLM_0012550,PAT_006260
CLM_0012551,PAT_006261
CLM_0012552,PAT_006261
CLM_0012553,PAT_006262
CLM_0012554,PAT_006262
CLM_0012555,PAT_006263
CLM_0012556,PAT_006264
CLM_0012557,PAT_006265
CLM_0012558,PAT_006265
CLM_0012559,PAT_006266
CLM_0012560,PAT_006267
CLM_0012561,PAT_006267
CLM_0012562,PAT_006268
CLM_0012563,PAT_006268
CLM_0012564,PAT_006268
CLM_0012565,PAT_006269
CLM_0012566,PAT_006269
CLM_0012567,PAT_006269
CLM_0012568,PAT_006270
CLM_0012569,PAT_006270
CLM_0012570,PAT_006270
CLM_0012571,PAT_006271
CLM_0012572,PAT_006271
CLM_0012573,PAT_006272
CLM_0012574,PAT_006273
CLM_0012575,PAT_006273
CLM_0012576,PAT_006273
CLM_0012577,PAT_006274
CLM_0012578,PAT_006275
CLM_0012579,PAT_006275
CLM_0012580,PAT_006275
CLM_0012581,PAT_006276
CLM_0012582,PAT_006276
CLM_0012583,PAT_006276
CLM_0012584,PAT_006277
CLM_0012585,PAT_006278
CLM_0012586,PAT_006278
CLM_0012587,PAT_006278
CLM_0012588,PAT_006279
CLM_0012589,PAT_006280
CLM_0012590,PAT_006280
CLM_0012591,PAT_006281
CLM_0012592,PAT_006281
CLM_0012593,PAT_006281
CLM_0012594,PAT_006282
CLM_0012595,PAT_006282
CLM_0012596,PAT_006283
CLM_0012597,PAT_006283
CLM_0012598,PAT_006283
CLM_0012599,PAT_006284
CLM_0012600,PAT_006284
CLM_0012601,PAT_006285
CLM_0012602,PAT_006286
CLM_0012603,PAT_006286
CLM_0012604,PAT_006286
CLM_0012605,PAT_006287
CLM_0012606,PAT_006287
CLM_0012607,PAT_006288
CLM_0012608,PAT_006289
CLM_0012609,PAT_006289
CLM_0012610,PAT_006289
CLM_0012611,PAT_006290
CLM_0012612,PAT_006291
CLM_0012613,PAT_006291
CLM_0012614,PAT_006292
CLM_0012615,PAT_006292
CLM_0012616,PAT_006293
CLM_0012617,PAT_006293
CLM_0012618,PAT_006293
CLM_0012619,PAT_006294
CLM_0012620,PAT_006294
CLM_0012621,PAT_006294
CLM_0012622,PAT_006295
CLM_0012623,PAT_006296
CLM_0012624,PAT_006296
CLM_0012625,PAT_006296
CLM_0012626,PAT_006297
CLM_0012627,PAT_006297
CLM_0012628,PAT_006298
CLM_0012629,PAT_006298
CLM_0012630,PAT_006298
CLM_0012631,PAT_006299
CLM_0012632,PAT_006299
CLM_0012633,PAT_006300
CLM_0012634,PAT_006301
CLM_0012635,PAT_006302
CLM_0012636,PAT_006303
CLM_0012637,PAT_006303
CLM_0012638,PAT_006304
CLM_0012639,PAT_006304
CLM_0012640,PAT_006305
CLM_0012641,PAT_006306
CLM_0012642,PAT_006307
CLM_0012643,PAT_006307
CLM_0012644,PAT_006308
CLM_0012645,PAT_006308
CLM_0012646,PAT_006308
CLM_0012647,PAT_006309
CLM_0012648,PAT_006309
CLM_0012649,PAT_006310
CLM_0012650,PAT_006310
CLM_0012651,PAT_006311
CLM_0012652,PAT_006311
CLM_0012653,PAT_006312
CLM_0012654,PAT_006313
CLM_0012655,PAT_006313
CLM_0012656,PAT_006313
CLM_0012657,PAT_006314
CLM_0012658,PAT_006314
CLM_0012659,PAT_006315
CLM_0012660,PAT_006315
CLM_0012661,PAT_006316
CLM_0012662,PAT_006316
CLM_0012663,PAT_006316
CLM_0012664,PAT_006317
CLM_0012665,PAT_006318
CLM_0012666,PAT_006318
CLM_0012667,PAT_006318
CLM_0012668,PAT_006319
CLM_0012669,PAT_006320
CLM_0012670,PAT_006320
CLM_0012671,PAT_006320
CLM_0012672,PAT_006321
CLM_0012673,PAT_006322
CLM_0012674,PAT_006323
CLM_0012675,PAT_006324
CLM_0012676,PAT_006324
CLM_0012677,PAT_006325
CLM_0012678,PAT_006325
CLM_0012679,PAT_006325
CLM_0012680,PAT_006326
CLM_0012681,PAT_006326
CLM_0012682,PAT_006327
CLM_0012683,PAT_006328
CLM_0012684,PAT_006329
CLM_0012685,PAT_006329
CLM_0012686,PAT_006330
CLM_0012687,PAT_006330
CLM_0012688,PAT_006331
CLM_0012689,PAT_006331
CLM_0012690,PAT_006332
CLM_0012691,PAT_006332
CLM_0012692,PAT_006332
CLM_0012693,PAT_006333
CLM_0012694,PAT_006334
CLM_0012695,PAT_006334
CLM_0012696,PAT_006334
CLM_0012697,PAT_006335
CLM_0012698,PAT_006335
CLM_0012699,PAT_006336
CLM_0012700,PAT_006337
CLM_0012701,PAT_006338
CLM_0012702,PAT_006338
CLM_0012703,PAT_006339
CLM_0012704,PAT_006339
CLM_0012705,PAT_006340
CLM_0012706,PAT_006340
CLM_0012707,PAT_006340
CLM_0012708,PAT_006341
CLM_0012709,PAT_006342
CLM_0012710,PAT_006342
CLM_0012711,PAT_006342
CLM_0012712,PAT_006343
CLM_0012713,PAT_006343
CLM_0012714,PAT_006343
CLM_0012715,PAT_006344
CLM_0012716,PAT_006344
CLM_0012717,PAT_006345
CLM_0012718,PAT_006345
CLM_0012719,PAT_006345
CLM_0012720,PAT_006346
CLM_0012721,PAT_006346
CLM_0012722,PAT_006347
CLM_0012723,PAT_006347
CLM_0012724,PAT_006348
CLM_0012725,PAT_006349
CLM_0012726,PAT_006350
CLM_0012727,PAT_006350
CLM_0012728,PAT_006351
CLM_0012729,PAT_006351
CLM_0012730,PAT_006352
CLM_0012731,PAT_006352
CLM_0012732,PAT_006352
CLM_0012733,PAT_006353
CLM_0012734,PAT_006353
CLM_0012735,PAT_006353
CLM_0012736,PAT_006354
CLM_0012737,PAT_006355
CLM_0012738,PAT_006356
CLM_0012739,PAT_006356
CLM_0012740,PAT_006356
CLM_0012741,PAT_006357
CLM_0012742,PAT_006358
CLM_0012743,PAT_006358
CLM_0012744,PAT_006359
CLM_0012745,PAT_006360
CLM_0012746,PAT_006361
CLM_0012747,PAT_006362
CLM_0012748,PAT_006362
CLM_0012749,PAT_006362
CLM_0012750,PAT_006363
CLM_0012751,PAT_006363
CLM_0012752,PAT_006364
CLM_0012753,PAT_006365
CLM_0012754,PAT_006365
CLM_0012755,PAT_006365
CLM_0012756,PAT_006366
CLM_0012757,PAT_006366
CLM_0012758,PAT_006366
CLM_0012759,PAT_006367
CLM_0012760,PAT_006367
CLM_0012761,PAT_006367
CLM_0012762,PAT_006368
CLM_0012763,PAT_006369
CLM_0012764,PAT_006370
CLM_0012765,PAT_006370
CLM_0012766,PAT_006371
CLM_0012767,PAT_006371
CLM_0012768,PAT_006372
CLM_0012769,PAT_006372
CLM_0012770,PAT_006372
CLM_0012771,PAT_006373
CLM_0012772,PAT_006373
CLM_0012773,PAT_006373
CLM_0012774,PAT_006374
CLM_0012775,PAT_006374
CLM_0012776,PAT_006374
CLM_0012777,PAT_006375
CLM_0012778,PAT_006376
CLM_0012779,PAT_006376
CLM_0012780,PAT_006377
CLM_0012781,PAT_006377
CLM_0012782,PAT_006378
CLM_0012783,PAT_006378
CLM_0012784,PAT_006379
CLM_0012785,PAT_006380
CLM_0012786,PAT_006381
CLM_0012787,PAT_006381
CLM_0012788,PAT_006381
CLM_0012789,PAT_006382
CLM_0012790,PAT_006383
CLM_0012791,PAT_006383
CLM_0012792,PAT_006383
CLM_0012793,PAT_006384
CLM_0012794,PAT_006385
CLM_0012795,PAT_006386
CLM_0012796,PAT_006387
CLM_0012797,PAT_006387
CLM_0012798,PAT_006388
CLM_0012799,PAT_006388
CLM_0012800,PAT_006389
CLM_0012801,PAT_006389
CLM_0012802,PAT_006390
CLM_0012803,PAT_006390
CLM_0012804,PAT_006390
CLM_0012805,PAT_006391
CLM_0012806,PAT_006391
CLM_0012807,PAT_006391
CLM_0012808,PAT_006392
CLM_0012809,PAT_006392
CLM_0012810,PAT_006393
CLM_0012811,PAT_006393
CLM_0012812,PAT_006393
CLM_0012813,PAT_006394
CLM_0012814,PAT_006394
CLM_0012815,PAT_006395
CLM_0012816,PAT_006395
CLM_0012817,PAT_006395
CLM_0012818,PAT_006396
CLM_0012819,PAT_006396
CLM_0012820,PAT_006397
CLM_0012821,PAT_006398
CLM_0012822,PAT_006398
CLM_0012823,PAT_006398
CLM_0012824,PAT_006399
CLM_0012825,PAT_006399
CLM_0012826,PAT_006400
CLM_0012827,PAT_006401
CLM_0012828,PAT_006401
CLM_0012829,PAT_006401
CLM_0012830,PAT_006402
CLM_0012831,PAT_006402
CLM_0012832,PAT_006403
CLM_0012833,PAT_006404
CLM_0012834,PAT_006405
CLM_0012835,PAT_006406
CLM_0012836,PAT_006407
CLM_0012837,PAT_006407
CLM_0012838,PAT_006408
CLM_0012839,PAT_006408
CLM_0012840,PAT_006408
CLM_0012841,PAT_006409
CLM_0012842,PAT_006409
CLM_0012843,PAT_006409
CLM_0012844,PAT_006410
CLM_0012845,PAT_006410
CLM_0012846,PAT_006410
CLM_0012847,PAT_006411
CLM_0012848,PAT_006411
CLM_0012849,PAT_006412
CLM_0012850,PAT_006412
CLM_0012851,PAT_006412
CLM_0012852,PAT_006413
CLM_0012853,PAT_006413
CLM_0012854,PAT_006414
CLM_0012855,PAT_006414
CLM_0012856,PAT_006414
CLM_0012857,PAT_006415
CLM_0012858,PAT_006415
CLM_0012859,PAT_006415
CLM_0012860,PAT_006416
CLM_0012861,PAT_006416
CLM_0012862,PAT_006416
CLM_0012863,PAT_006417
CLM_0012864,PAT_006417
CLM_0012865,PAT_006418
CLM_0012866,PAT_006418
CLM_0012867,PAT_006418
CLM_0012868,PAT_006419
CLM_0012869,PAT_006419
CLM_0012870,PAT_006419
CLM_0012871,PAT_006420
CLM_0012872,PAT_006420
CLM_0012873,PAT_006420
CLM_0012874,PAT_006421
CLM_0012875,PAT_006421
CLM_0012876,PAT_006422
CLM_0012877,PAT_006423
CLM_0012878,PAT_006423
CLM_0012879,PAT_006424
CLM_0012880,PAT_006424
CLM_0012881,PAT_006424
CLM_0012882,PAT_006425
CLM_0012883,PAT_006426
CLM_0012884,PAT_006426
CLM_0012885,PAT_006427
CLM_0012886,PAT_006427
CLM_0012887,PAT_006428
CLM_0012888,PAT_006428
CLM_0012889,PAT_006429
CLM_0012890,PAT_006429
CLM_0012891,PAT_006429
CLM_0012892,PAT_006430
CLM_0012893,PAT_006430
CLM_0012894,PAT_006431
CLM_0012895,PAT_006431
CLM_0012896,PAT_006432
CLM_0012897,PAT_006432
CLM_0012898,PAT_006433
CLM_0012899,PAT_006433
CLM_0012900,PAT_006433
CLM_0012901,PAT_006434
CLM_0012902,PAT_006434
CLM_0012903,PAT_006435
CLM_0012904,PAT_006435
CLM_0012905,PAT_006436
CLM_0012906,PAT_006436
CLM_0012907,PAT_006436
CLM_0012908,PAT_006437
CLM_0012909,PAT_006437
CLM_0012910,PAT_006438
CLM_0012911,PAT_006438
CLM_0012912,PAT_006438
CLM_0012913,PAT_006439
CLM_0012914,PAT_006440
CLM_0012915,PAT_006441
CLM_0012916,PAT_006441
CLM_0012917,PAT_006442
CLM_0012918,PAT_006442
CLM_0012919,PAT_006442
CLM_0012920,PAT_006443
CLM_0012921,PAT_006444
CLM_0012922,PAT_006445
CLM_0012923,PAT_006445
CLM_0012924,PAT_006445
CLM_0012925,PAT_006446
CLM_0012926,PAT_006446
CLM_0012927,PAT_006447
CLM_0012928,PAT_006447
CLM_0012929,PAT_006448
CLM_0012930,PAT_006448
CLM_0012931,PAT_006449
CLM_0012932,PAT_006449
CLM_0012933,PAT_006449
CLM_0012934,PAT_006450
CLM_0012935,PAT_006450
CLM_0012936,PAT_006451
CLM_0012937,PAT_006452
CLM_0012938,PAT_006453
CLM_0012939,PAT_006453
CLM_0012940,PAT_006454
CLM_0012941,PAT_006454
CLM_0012942,PAT_006454
CLM_0012943,PAT_006455
CLM_0012944,PAT_006455
CLM_0012945,PAT_006456
CLM_0012946,PAT_006456
CLM_0012947,PAT_006457
CLM_0012948,PAT_006458
CLM_0012949,PAT_006458
CLM_0012950,PAT_006458
CLM_0012951,PAT_006459
CLM_0012952,PAT_006459
CLM_0012953,PAT_006459
CLM_0012954,PAT_006460
CLM_0012955,PAT_006460
CLM_0012956,PAT_006460
CLM_0012957,PAT_006461
CLM_0012958,PAT_006462
CLM_0012959,PAT_006462
CLM_0012960,PAT_006462
CLM_0012961,PAT_006463
CLM_0012962,PAT_006463
CLM_0012963,PAT_006463
CLM_0012964,PAT_006464
CLM_0012965,PAT_006464
CLM_0012966,PAT_006465
CLM_0012967,PAT_006466
CLM_0012968,PAT_006466
CLM_0012969,PAT_006466
CLM_0012970,PAT_006467
CLM_0012971,PAT_006467
CLM_0012972,PAT_006467
CLM_0012973,PAT_006468
CLM_0012974,PAT_006468
CLM_0012975,PAT_006468
CLM_0012976,PAT_006469
CLM_0012977,PAT_006469
CLM_0012978,PAT_006470
CLM_0012979,PAT_006471
CLM_0012980,PAT_006472
CLM_0012981,PAT_006472
CLM_0012982,PAT_006472
CLM_0012983,PAT_006473
CLM_0012984,PAT_006473
CLM_0012985,PAT_006474
CLM_0012986,PAT_006474
CLM_0012987,PAT_006475
CLM_0012988,PAT_006475
CLM_0012989,PAT_006476
CLM_0012990,PAT_006477
CLM_0012991,PAT_006478
CLM_0012992,PAT_006478
CLM_0012993,PAT_006478
CLM_0012994,PAT_006479
CLM_0012995,PAT_006480
CLM_0012996,PAT_006480
CLM_0012997,PAT_006481
CLM_0012998,PAT_006482
CLM_0012999,PAT_006482
CLM_0013000,PAT_006482
CLM_0013001,PAT_006483
CLM_0013002,PAT_006483
CLM_0013003,PAT_006484
CLM_0013004,PAT_006484
CLM_0013005,PAT_006485
CLM_0013006,PAT_006485
CLM_0013007,PAT_006486
CLM_0013008,PAT_006487
CLM_0013009,PAT_006488
CLM_0013010,PAT_006489
CLM_0013011,PAT_006489
CLM_0013012,PAT_006490
CLM_0013013,PAT_006490
CLM_0013014,PAT_006491
CLM_0013015,PAT_006491
CLM_0013016,PAT_006492
CLM_0013017,PAT_006492
CLM_0013018,PAT_006492
CLM_0013019,PAT_006493
CLM_0013020,PAT_006493
CLM_0013021,PAT_006493
CLM_0013022,PAT_006494
CLM_0013023,PAT_006495
CLM_0013024,PAT_006495
CLM_0013025,PAT_006496
CLM_0013026,PAT_006496
CLM_0013027,PAT_006496
CLM_0013028,PAT_006497
CLM_0013029,PAT_006498
CLM_0013030,PAT_006499
CLM_0013031,PAT_006499
CLM_0013032,PAT_006500
CLM_0013033,PAT_006500
CLM_0013034,PAT_006500
CLM_0013035,PAT_006501
CLM_0013036,PAT_006501
CLM_0013037,PAT_006501
CLM_0013038,PAT_006502
CLM_0013039,PAT_006503
CLM_0013040,PAT_006503
CLM_0013041,PAT_006504
CLM_0013042,PAT_006504
CLM_0013043,PAT_006504
CLM_0013044,PAT_006505
CLM_0013045,PAT_006505
CLM_0013046,PAT_006506
CLM_0013047,PAT_006506
CLM_0013048,PAT_006506
CLM_0013049,PAT_006507
CLM_0013050,PAT_006507
CLM_0013051,PAT_006508
CLM_0013052,PAT_006508
CLM_0013053,PAT_006508
CLM_0013054,PAT_006509
CLM_0013055,PAT_006509
CLM_0013056,PAT_006509
CLM_0013057,PAT_006510
CLM_0013058,PAT_006510
CLM_0013059,PAT_006511
CLM_0013060,PAT_006512
CLM_0013061,PAT_006512
CLM_0013062,PAT_006512
CLM_0013063,PAT_006513
CLM_0013064,PAT_006514
CLM_0013065,PAT_006515
CLM_0013066,PAT_006515
CLM_0013067,PAT_006516
CLM_0013068,PAT_006517
CLM_0013069,PAT_006517
CLM_0013070,PAT_006517
CLM_0013071,PAT_006518
CLM_0013072,PAT_006519
CLM_0013073,PAT_006519
CLM_0013074,PAT_006520
CLM_0013075,PAT_006520
CLM_0013076,PAT_006521
CLM_0013077,PAT_006521
CLM_0013078,PAT_006522
CLM_0013079,PAT_006522
CLM_0013080,PAT_006523
CLM_0013081,PAT_006524
CLM_0013082,PAT_006524
CLM_0013083,PAT_006524
CLM_0013084,PAT_006525
CLM_0013085,PAT_006526
CLM_0013086,PAT_006526
CLM_0013087,PAT_006527
CLM_0013088,PAT_006527
CLM_0013089,PAT_006528
CLM_0013090,PAT_006529
CLM_0013091,PAT_006529
CLM_0013092,PAT_006530
CLM_0013093,PAT_006530
CLM_0013094,PAT_006531
CLM_0013095,PAT_006531
CLM_0013096,PAT_006532
CLM_0013097,PAT_006532
CLM_0013098,PAT_006532
CLM_0013099,PAT_006533
CLM_0013100,PAT_006534
CLM_0013101,PAT_006534
CLM_0013102,PAT_006535
CLM_0013103,PAT_006535
CLM_0013104,PAT_006536
CLM_0013105,PAT_006536
CLM_0013106,PAT_006537
CLM_0013107,PAT_006538
CLM_0013108,PAT_006538
CLM_0013109,PAT_006539
CLM_0013110,PAT_006539
CLM_0013111,PAT_006540
CLM_0013112,PAT_006540
CLM_0013113,PAT_006541
CLM_0013114,PAT_006541
CLM_0013115,PAT_006542
CLM_0013116,PAT_006542
CLM_0013117,PAT_006543
CLM_0013118,PAT_006544
CLM_0013119,PAT_006545
CLM_0013120,PAT_006545
CLM_0013121,PAT_006545
CLM_0013122,PAT_006546
CLM_0013123,PAT_006546
CLM_0013124,PAT_006546
CLM_0013125,PAT_006547
CLM_0013126,PAT_006548
CLM_0013127,PAT_006548
CLM_0013128,PAT_006549
CLM_0013129,PAT_006550
CLM_0013130,PAT_006550
CLM_0013131,PAT_006550
CLM_0013132,PAT_006551
CLM_0013133,PAT_006552
CLM_0013134,PAT_006552
CLM_0013135,PAT_006553
CLM_0013136,PAT_006553
CLM_0013137,PAT_006554
CLM_0013138,PAT_006554
CLM_0013139,PAT_006554
CLM_0013140,PAT_006555
CLM_0013141,PAT_006556
CLM_0013142,PAT_006557
CLM_0013143,PAT_006558
CLM_0013144,PAT_006559
CLM_0013145,PAT_006559
CLM_0013146,PAT_006559
CLM_0013147,PAT_006560
CLM_0013148,PAT_006560
CLM_0013149,PAT_006561
CLM_0013150,PAT_006561
CLM_0013151,PAT_006561
CLM_0013152,PAT_006562
CLM_0013153,PAT_006563
CLM_0013154,PAT_006563
CLM_0013155,PAT_006564
CLM_0013156,PAT_006564
CLM_0013157,PAT_006564
CLM_0013158,PAT_006565
CLM_0013159,PAT_006565
CLM_0013160,PAT_006566
CLM_0013161,PAT_006566
CLM_0013162,PAT_006567
CLM_0013163,PAT_006567
CLM_0013164,PAT_006568
CLM_0013165,PAT_006568
CLM_0013166,PAT_006568
CLM_0013167,PAT_006569
CLM_0013168,PAT_006570
CLM_0013169,PAT_006570
CLM_0013170,PAT_006570
CLM_0013171,PAT_006571
CLM_0013172,PAT_006571
CLM_0013173,PAT_006571
CLM_0013174,PAT_006572
CLM_0013175,PAT_006572
CLM_0013176,PAT_006572
CLM_0013177,PAT_006573
CLM_0013178,PAT_006574
CLM_0013179,PAT_006575
CLM_0013180,PAT_006575
CLM_0013181,PAT_006576
CLM_0013182,PAT_006576
CLM_0013183,PAT_006577
CLM_0013184,PAT_006577
CLM_0013185,PAT_006578
CLM_0013186,PAT_006578
CLM_0013187,PAT_006579
CLM_0013188,PAT_006580
CLM_0013189,PAT_006580
CLM_0013190,PAT_006580
CLM_0013191,PAT_006581
CLM_0013192,PAT_006581
CLM_0013193,PAT_006581
CLM_0013194,PAT_006582
CLM_0013195,PAT_006582
CLM_0013196,PAT_006583
CLM_0013197,PAT_006584
CLM_0013198,PAT_006585
CLM_0013199,PAT_006585
CLM_0013200,PAT_006586
CLM_0013201,PAT_006586
CLM_0013202,PAT_006586
CLM_0013203,PAT_006587
CLM_0013204,PAT_006587
CLM_0013205,PAT_006588
CLM_0013206,PAT_006588
CLM_0013207,PAT_006588
CLM_0013208,PAT_006589
CLM_0013209,PAT_006590
CLM_0013210,PAT_006590
CLM_0013211,PAT_006591
CLM_0013212,PAT_006591
CLM_0013213,PAT_006591
CLM_0013214,PAT_006592
CLM_0013215,PAT_006592
CLM_0013216,PAT_006593
CLM_0013217,PAT_006593
CLM_0013218,PAT_006594
CLM_0013219,PAT_006595
CLM_0013220,PAT_006595
CLM_0013221,PAT_006596
CLM_0013222,PAT_006596
CLM_0013223,PAT_006597
CLM_0013224,PAT_006597
CLM_0013225,PAT_006597
CLM_0013226,PAT_006598
CLM_0013227,PAT_006598
CLM_0013228,PAT_006599
CLM_0013229,PAT_006599
CLM_0013230,PAT_006600
CLM_0013231,PAT_006600
CLM_0013232,PAT_006600
CLM_0013233,PAT_006601
CLM_0013234,PAT_006602
CLM_0013235,PAT_006602
CLM_0013236,PAT_006603
CLM_0013237,PAT_006604
CLM_0013238,PAT_006604
CLM_0013239,PAT_006604
CLM_0013240,PAT_006605
CLM_0013241,PAT_006605
CLM_0013242,PAT_006605
CLM_0013243,PAT_006606
CLM_0013244,PAT_006606
CLM_0013245,PAT_006607
CLM_0013246,PAT_006607
CLM_0013247,PAT_006608
CLM_0013248,PAT_006608
CLM_0013249,PAT_006609
CLM_0013250,PAT_006609
CLM_0013251,PAT_006609
CLM_0013252,PAT_006610
CLM_0013253,PAT_006611
CLM_0013254,PAT_006612
CLM_0013255,PAT_006612
CLM_0013256,PAT_006613
CLM_0013257,PAT_006613
CLM_0013258,PAT_006614
CLM_0013259,PAT_006614
CLM_0013260,PAT_006614
CLM_0013261,PAT_006615
CLM_0013262,PAT_006615
CLM_0013263,PAT_006615
CLM_0013264,PAT_006616
CLM_0013265,PAT_006617
CLM_0013266,PAT_006617
CLM_0013267,PAT_006617
CLM_0013268,PAT_006618
CLM_0013269,PAT_006619
CLM_0013270,PAT_006619
CLM_0013271,PAT_006620
CLM_0013272,PAT_006621
CLM_0013273,PAT_006621
CLM_0013274,PAT_006621
CLM_0013275,PAT_006622
CLM_0013276,PAT_006622
CLM_0013277,PAT_006623
CLM_0013278,PAT_006623
CLM_0013279,PAT_006623
CLM_0013280,PAT_006624
CLM_0013281,PAT_006624
CLM_0013282,PAT_006624
CLM_0013283,PAT_006625
CLM_0013284,PAT_006625
CLM_0013285,PAT_006625
CLM_0013286,PAT_006626
CLM_0013287,PAT_006627
CLM_0013288,PAT_006628
CLM_0013289,PAT_006628
CLM_0013290,PAT_006629
CLM_0013291,PAT_006630
CLM_0013292,PAT_006630
CLM_0013293,PAT_006631
CLM_0013294,PAT_006631
CLM_0013295,PAT_006632
CLM_0013296,PAT_006632
CLM_0013297,PAT_006633
CLM_0013298,PAT_006633
CLM_0013299,PAT_006633
CLM_0013300,PAT_006634
CLM_0013301,PAT_006634
CLM_0013302,PAT_006634
CLM_0013303,PAT_006635
CLM_0013304,PAT_006635
CLM_0013305,PAT_006636
CLM_0013306,PAT_006636
CLM_0013307,PAT_006637
CLM_0013308,PAT_006637
CLM_0013309,PAT_006638
CLM_0013310,PAT_006638
CLM_0013311,PAT_006639
CLM_0013312,PAT_006640
CLM_0013313,PAT_006640
CLM_0013314,PAT_006640
CLM_0013315,PAT_006641
CLM_0013316,PAT_006641
CLM_0013317,PAT_006641
CLM_0013318,PAT_006642
CLM_0013319,PAT_006643
CLM_0013320,PAT_006644
CLM_0013321,PAT_006644
CLM_0013322,PAT_006644
CLM_0013323,PAT_006645
CLM_0013324,PAT_006646
CLM_0013325,PAT_006647
CLM_0013326,PAT_006647
CLM_0013327,PAT_006647
CLM_0013328,PAT_006648
CLM_0013329,PAT_006649
CLM_0013330,PAT_006649
CLM_0013331,PAT_006649
CLM_0013332,PAT_006650
CLM_0013333,PAT_006650
CLM_0013334,PAT_006650
CLM_0013335,PAT_006651
CLM_0013336,PAT_006651
CLM_0013337,PAT_006652
CLM_0013338,PAT_006652
CLM_0013339,PAT_006653
CLM_0013340,PAT_006653
CLM_0013341,PAT_006654
CLM_0013342,PAT_006654
CLM_0013343,PAT_006654
CLM_0013344,PAT_006655
CLM_0013345,PAT_006655
CLM_0013346,PAT_006655
CLM_0013347,PAT_006656
CLM_0013348,PAT_006656
CLM_0013349,PAT_006657
CLM_0013350,PAT_006657
CLM_0013351,PAT_006657
CLM_0013352,PAT_006658
CLM_0013353,PAT_006659
CLM_0013354,PAT_006660
CLM_0013355,PAT_006661
CLM_0013356,PAT_006661
CLM_0013357,PAT_006662
CLM_0013358,PAT_006663
CLM_0013359,PAT_006663
CLM_0013360,PAT_006664
CLM_0013361,PAT_006664
CLM_0013362,PAT_006665
CLM_0013363,PAT_006666
CLM_0013364,PAT_006666
CLM_0013365,PAT_006667
CLM_0013366,PAT_006667
CLM_0013367,PAT_006668
CLM_0013368,PAT_006668
CLM_0013369,PAT_006669
CLM_0013370,PAT_006670
CLM_0013371,PAT_006670
CLM_0013372,PAT_006670
CLM_0013373,PAT_006671
CLM_0013374,PAT_006671
CLM_0013375,PAT_006672
CLM_0013376,PAT_006672
CLM_0013377,PAT_006672
CLM_0013378,PAT_006673
CLM_0013379,PAT_006674
CLM_0013380,PAT_006674
CLM_0013381,PAT_006675
CLM_0013382,PAT_006675
CLM_0013383,PAT_006675
CLM_0013384,PAT_006676
CLM_0013385,PAT_006676
CLM_0013386,PAT_006677
CLM_0013387,PAT_006677
CLM_0013388,PAT_006678
CLM_0013389,PAT_006678
CLM_0013390,PAT_006679
CLM_0013391,PAT_006679
CLM_0013392,PAT_006679
CLM_0013393,PAT_006680
CLM_0013394,PAT_006680
CLM_0013395,PAT_006681
CLM_0013396,PAT_006681
CLM_0013397,PAT_006682
CLM_0013398,PAT_006682
CLM_0013399,PAT_006682
CLM_0013400,PAT_006683
CLM_0013401,PAT_006683
CLM_0013402,PAT_006683
CLM_0013403,PAT_006684
CLM_0013404,PAT_006685
CLM_0013405,PAT_006685
CLM_0013406,PAT_006685
CLM_0013407,PAT_006686
CLM_0013408,PAT_006687
CLM_0013409,PAT_006687
CLM_0013410,PAT_006687
CLM_0013411,PAT_006688
CLM_0013412,PAT_006688
CLM_0013413,PAT_006688
CLM_0013414,PAT_006689
CLM_0013415,PAT_006689
CLM_0013416,PAT_006690
CLM_0013417,PAT_006690
CLM_0013418,PAT_006690
CLM_0013419,PAT_006691
CLM_0013420,PAT_006691
CLM_0013421,PAT_006691
CLM_0013422,PAT_006692
CLM_0013423,PAT_006692
CLM_0013424,PAT_006693
CLM_0013425,PAT_006694
CLM_0013426,PAT_006695
CLM_0013427,PAT_006695
CLM_0013428,PAT_006696
CLM_0013429,PAT_006697
CLM_0013430,PAT_006697
CLM_0013431,PAT_006698
CLM_0013432,PAT_006698
CLM_0013433,PAT_006699
CLM_0013434,PAT_006700
CLM_0013435,PAT_006700
CLM_0013436,PAT_006701
CLM_0013437,PAT_006701
CLM_0013438,PAT_006702
CLM_0013439,PAT_006702
CLM_0013440,PAT_006703
CLM_0013441,PAT_006703
CLM_0013442,PAT_006703
CLM_0013443,PAT_006704
CLM_0013444,PAT_006704
CLM_0013445,PAT_006704
CLM_0013446,PAT_006705
CLM_0013447,PAT_006705
CLM_0013448,PAT_006706
CLM_0013449,PAT_006706
CLM_0013450,PAT_006706
CLM_0013451,PAT_006707
CLM_0013452,PAT_006707
CLM_0013453,PAT_006707
CLM_0013454,PAT_006708
CLM_0013455,PAT_006708
CLM_0013456,PAT_006708
CLM_0013457,PAT_006709
CLM_0013458,PAT_006709
CLM_0013459,PAT_006710
CLM_0013460,PAT_006710
CLM_0013461,PAT_006710
CLM_0013462,PAT_006711
CLM_0013463,PAT_006712
CLM_0013464,PAT_006712
CLM_0013465,PAT_006712
CLM_0013466,PAT_006713
CLM_0013467,PAT_006714
CLM_0013468,PAT_006714
CLM_0013469,PAT_006715
CLM_0013470,PAT_006715
CLM_0013471,PAT_006716
CLM_0013472,PAT_006716
CLM_0013473,PAT_006716
CLM_0013474,PAT_006717
CLM_0013475,PAT_006718
CLM_0013476,PAT_006718
CLM_0013477,PAT_006718
CLM_0013478,PAT_006719
CLM_0013479,PAT_006720
CLM_0013480,PAT_006720
CLM_0013481,PAT_006721
CLM_0013482,PAT_006721
CLM_0013483,PAT_006722
CLM_0013484,PAT_006722
CLM_0013485,PAT_006722
CLM_0013486,PAT_006723
CLM_0013487,PAT_006724
CLM_0013488,PAT_006724
CLM_0013489,PAT_006725
CLM_0013490,PAT_006726
CLM_0013491,PAT_006726
CLM_0013492,PAT_006726
CLM_0013493,PAT_006727
CLM_0013494,PAT_006727
CLM_0013495,PAT_006728
CLM_0013496,PAT_006728
CLM_0013497,PAT_006729
CLM_0013498,PAT_006729
CLM_0013499,PAT_006730
CLM_0013500,PAT_006731
CLM_0013501,PAT_006731
CLM_0013502,PAT_006732
CLM_0013503,PAT_006732
CLM_0013504,PAT_006733
CLM_0013505,PAT_006733
CLM_0013506,PAT_006734
CLM_0013507,PAT_006735
CLM_0013508,PAT_006735
CLM_0013509,PAT_006735
CLM_0013510,PAT_006736
CLM_0013511,PAT_006736
CLM_0013512,PAT_006737
CLM_0013513,PAT_006738
CLM_0013514,PAT_006738
CLM_0013515,PAT_006739
CLM_0013516,PAT_006739
CLM_0013517,PAT_006740
CLM_0013518,PAT_006741
CLM_0013519,PAT_006742
CLM_0013520,PAT_006742
CLM_0013521,PAT_006742
CLM_0013522,PAT_006743
CLM_0013523,PAT_006744
CLM_0013524,PAT_006744
CLM_0013525,PAT_006745
CLM_0013526,PAT_006746
CLM_0013527,PAT_006746
CLM_0013528,PAT_006746
CLM_0013529,PAT_006747
CLM_0013530,PAT_006747
CLM_0013531,PAT_006747
CLM_0013532,PAT_006748
CLM_0013533,PAT_006749
CLM_0013534,PAT_006749
CLM_0013535,PAT_006749
CLM_0013536,PAT_006750
CLM_0013537,PAT_006751
CLM_0013538,PAT_006751
CLM_0013539,PAT_006751
CLM_0013540,PAT_006752
CLM_0013541,PAT_006752
CLM_0013542,PAT_006753
CLM_0013543,PAT_006754
CLM_0013544,PAT_006754
CLM_0013545,PAT_006755
CLM_0013546,PAT_006755
CLM_0013547,PAT_006756
CLM_0013548,PAT_006756
CLM_0013549,PAT_006756
CLM_0013550,PAT_006757
CLM_0013551,PAT_006757
CLM_0013552,PAT_006757
CLM_0013553,PAT_006758
CLM_0013554,PAT_006759
CLM_0013555,PAT_006760
CLM_0013556,PAT_006760
CLM_0013557,PAT_006760
CLM_0013558,PAT_006761
CLM_0013559,PAT_006761
CLM_0013560,PAT_006761
CLM_0013561,PAT_006762
CLM_0013562,PAT_006762
CLM_0013563,PAT_006762
CLM_0013564,PAT_006763
CLM_0013565,PAT_006763
CLM_0013566,PAT_006763
CLM_0013567,PAT_006764
CLM_0013568,PAT_006764
CLM_0013569,PAT_006764
CLM_0013570,PAT_006765
CLM_0013571,PAT_006765
CLM_0013572,PAT_006765
CLM_0013573,PAT_006766
CLM_0013574,PAT_006767
CLM_0013575,PAT_006767
CLM_0013576,PAT_006767
CLM_0013577,PAT_006768
CLM_0013578,PAT_006769
CLM_0013579,PAT_006769
CLM_0013580,PAT_006769
CLM_0013581,PAT_006770
CLM_0013582,PAT_006770
CLM_0013583,PAT_006771
CLM_0013584,PAT_006771
CLM_0013585,PAT_006772
CLM_0013586,PAT_006773
CLM_0013587,PAT_006773
CLM_0013588,PAT_006774
CLM_0013589,PAT_006775
CLM_0013590,PAT_006775
CLM_0013591,PAT_006775
CLM_0013592,PAT_006776
CLM_0013593,PAT_006777
CLM_0013594,PAT_006777
CLM_0013595,PAT_006777
CLM_0013596,PAT_006778
CLM_0013597,PAT_006779
CLM_0013598,PAT_006779
CLM_0013599,PAT_006779
CLM_0013600,PAT_006780
CLM_0013601,PAT_006781
CLM_0013602,PAT_006782
CLM_0013603,PAT_006782
CLM_0013604,PAT_006783
CLM_0013605,PAT_006783
CLM_0013606,PAT_006784
CLM_0013607,PAT_006784
CLM_0013608,PAT_006784
CLM_0013609,PAT_006785
CLM_0013610,PAT_006786
CLM_0013611,PAT_006786
CLM_0013612,PAT_006787
CLM_0013613,PAT_006788
CLM_0013614,PAT_006788
CLM_0013615,PAT_006788
CLM_0013616,PAT_006789
CLM_0013617,PAT_006789
CLM_0013618,PAT_006789
CLM_0013619,PAT_006790
CLM_0013620,PAT_006790
CLM_0013621,PAT_006790
CLM_0013622,PAT_006791
CLM_0013623,PAT_006791
CLM_0013624,PAT_006792
CLM_0013625,PAT_006793
CLM_0013626,PAT_006793
CLM_0013627,PAT_006793
CLM_0013628,PAT_006794
CLM_0013629,PAT_006795
CLM_0013630,PAT_006795
CLM_0013631,PAT_006796
CLM_0013632,PAT_006796
CLM_0013633,PAT_006797
CLM_0013634,PAT_006798
CLM_0013635,PAT_006798
CLM_0013636,PAT_006799
CLM_0013637,PAT_006800
CLM_0013638,PAT_006800
CLM_0013639,PAT_006801
CLM_0013640,PAT_006801
CLM_0013641,PAT_006802
CLM_0013642,PAT_006802
CLM_0013643,PAT_006802
CLM_0013644,PAT_006803
CLM_0013645,PAT_006803
CLM_0013646,PAT_006804
CLM_0013647,PAT_006805
CLM_0013648,PAT_006805
CLM_0013649,PAT_006806
CLM_0013650,PAT_006807
CLM_0013651,PAT_006807
CLM_0013652,PAT_006807
CLM_0013653,PAT_006808
CLM_0013654,PAT_006808
CLM_0013655,PAT_006809
CLM_0013656,PAT_006810
CLM_0013657,PAT_006811
CLM_0013658,PAT_006812
CLM_0013659,PAT_006813
CLM_0013660,PAT_006814
CLM_0013661,PAT_006814
CLM_0013662,PAT_006815
CLM_0013663,PAT_006816
CLM_0013664,PAT_006816
CLM_0013665,PAT_006817
CLM_0013666,PAT_006818
CLM_0013667,PAT_006818
CLM_0013668,PAT_006819
CLM_0013669,PAT_006819
CLM_0013670,PAT_006820
CLM_0013671,PAT_006821
CLM_0013672,PAT_006821
CLM_0013673,PAT_006822
CLM_0013674,PAT_006822
CLM_0013675,PAT_006822
CLM_0013676,PAT_006823
CLM_0013677,PAT_006823
CLM_0013678,PAT_006823
CLM_0013679,PAT_006824
CLM_0013680,PAT_006824
CLM_0013681,PAT_006825
CLM_0013682,PAT_006825
CLM_0013683,PAT_006825
CLM_0013684,PAT_006826
CLM_0013685,PAT_006826
CLM_0013686,PAT_006827
CLM_0013687,PAT_006827
CLM_0013688,PAT_006828
CLM_0013689,PAT_006828
CLM_0013690,PAT_006828
CLM_0013691,PAT_006829
CLM_0013692,PAT_006829
CLM_0013693,PAT_006830
CLM_0013694,PAT_006831
CLM_0013695,PAT_006831
CLM_0013696,PAT_006832
CLM_0013697,PAT_006833
CLM_0013698,PAT_006834
CLM_0013699,PAT_006834
CLM_0013700,PAT_006835
CLM_0013701,PAT_006836
CLM_0013702,PAT_006836
CLM_0013703,PAT_006836
CLM_0013704,PAT_006837
CLM_0013705,PAT_006838
CLM_0013706,PAT_006839
CLM_0013707,PAT_006839
CLM_0013708,PAT_006839
CLM_0013709,PAT_006840
CLM_0013710,PAT_006840
CLM_0013711,PAT_006841
CLM_0013712,PAT_006841
CLM_0013713,PAT_006842
CLM_0013714,PAT_006842
CLM_0013715,PAT_006842
CLM_0013716,PAT_006843
CLM_0013717,PAT_006843
CLM_0013718,PAT_006843
CLM_0013719,PAT_006844
CLM_0013720,PAT_006844
CLM_0013721,PAT_006845
CLM_0013722,PAT_006846
CLM_0013723,PAT_006847
CLM_0013724,PAT_006848
CLM_0013725,PAT_006848
CLM_0013726,PAT_006849
CLM_0013727,PAT_006849
CLM_0013728,PAT_006849
CLM_0013729,PAT_006850
CLM_0013730,PAT_006851
CLM_0013731,PAT_006852
CLM_0013732,PAT_006852
CLM_0013733,PAT_006852
CLM_0013734,PAT_006853
CLM_0013735,PAT_006853
CLM_0013736,PAT_006854
CLM_0013737,PAT_006854
CLM_0013738,PAT_006855
CLM_0013739,PAT_006855
CLM_0013740,PAT_006856
CLM_0013741,PAT_006856
CLM_0013742,PAT_006857
CLM_0013743,PAT_006857
CLM_0013744,PAT_006857
CLM_0013745,PAT_006858
CLM_0013746,PAT_006858
CLM_0013747,PAT_006859
CLM_0013748,PAT_006860
CLM_0013749,PAT_006861
CLM_0013750,PAT_006862
CLM_0013751,PAT_006863
CLM_0013752,PAT_006864
CLM_0013753,PAT_006864
CLM_0013754,PAT_006864
CLM_0013755,PAT_006865
CLM_0013756,PAT_006865
CLM_0013757,PAT_006866
CLM_0013758,PAT_006866
CLM_0013759,PAT_006867
CLM_0013760,PAT_006868
CLM_0013761,PAT_006868
CLM_0013762,PAT_006868
CLM_0013763,PAT_006869
CLM_0013764,PAT_006869
CLM_0013765,PAT_006869
CLM_0013766,PAT_006870
CLM_0013767,PAT_006870
CLM_0013768,PAT_006871
CLM_0013769,PAT_006871
CLM_0013770,PAT_006871
CLM_0013771,PAT_006872
CLM_0013772,PAT_006873
CLM_0013773,PAT_006873
CLM_0013774,PAT_006874
CLM_0013775,PAT_006874
CLM_0013776,PAT_006874
CLM_0013777,PAT_006875
CLM_0013778,PAT_006875
CLM_0013779,PAT_006875
CLM_0013780,PAT_006876
CLM_0013781,PAT_006876
CLM_0013782,PAT_006877
CLM_0013783,PAT_006877
CLM_0013784,PAT_006877
CLM_0013785,PAT_006878
CLM_0013786,PAT_006878
CLM_0013787,PAT_006879
CLM_0013788,PAT_006879
CLM_0013789,PAT_006879
CLM_0013790,PAT_006880
CLM_0013791,PAT_006881
CLM_0013792,PAT_006881
CLM_0013793,PAT_006882
CLM_0013794,PAT_006883
CLM_0013795,PAT_006884
CLM_0013796,PAT_006884
CLM_0013797,PAT_006884
CLM_0013798,PAT_006885
CLM_0013799,PAT_006885
CLM_0013800,PAT_006886
CLM_0013801,PAT_006886
CLM_0013802,PAT_006886
CLM_0013803,PAT_006887
CLM_0013804,PAT_006887
CLM_0013805,PAT_006888
CLM_0013806,PAT_006889
CLM_0013807,PAT_006889
CLM_0013808,PAT_006889
CLM_0013809,PAT_006890
CLM_0013810,PAT_006891
CLM_0013811,PAT_006892
CLM_0013812,PAT_006893
CLM_0013813,PAT_006893
CLM_0013814,PAT_006894
CLM_0013815,PAT_006895
CLM_0013816,PAT_006895
CLM_0013817,PAT_006896
CLM_0013818,PAT_006896
CLM_0013819,PAT_006896
CLM_0013820,PAT_006897
CLM_0013821,PAT_006897
CLM_0013822,PAT_006897
CLM_0013823,PAT_006898
CLM_0013824,PAT_006899
CLM_0013825,PAT_006899
CLM_0013826,PAT_006899
CLM_0013827,PAT_006900
CLM_0013828,PAT_006900
CLM_0013829,PAT_006900
CLM_0013830,PAT_006901
CLM_0013831,PAT_006901
CLM_0013832,PAT_006902
CLM_0013833,PAT_006903
CLM_0013834,PAT_006903
CLM_0013835,PAT_006903
CLM_0013836,PAT_006904
CLM_0013837,PAT_006904
CLM_0013838,PAT_006905
CLM_0013839,PAT_006906
CLM_0013840,PAT_006906
CLM_0013841,PAT_006907
CLM_0013842,PAT_006907
CLM_0013843,PAT_006907
CLM_0013844,PAT_006908
CLM_0013845,PAT_006908
CLM_0013846,PAT_006909
CLM_0013847,PAT_006909
CLM_0013848,PAT_006910
CLM_0013849,PAT_006911
CLM_0013850,PAT_006912
CLM_0013851,PAT_006912
CLM_0013852,PAT_006912
CLM_0013853,PAT_006913
CLM_0013854,PAT_006913
CLM_0013855,PAT_006914
CLM_0013856,PAT_006914
CLM_0013857,PAT_006914
CLM_0013858,PAT_006915
CLM_0013859,PAT_006915
CLM_0013860,PAT_006915
CLM_0013861,PAT_006916
CLM_0013862,PAT_006917
CLM_0013863,PAT_006917
CLM_0013864,PAT_006917
CLM_0013865,PAT_006918
CLM_0013866,PAT_006918
CLM_0013867,PAT_006919
CLM_0013868,PAT_006920
CLM_0013869,PAT_006920
CLM_0013870,PAT_006921
CLM_0013871,PAT_006921
CLM_0013872,PAT_006922
CLM_0013873,PAT_006922
CLM_0013874,PAT_006922
CLM_0013875,PAT_006923
CLM_0013876,PAT_006924
CLM_0013877,PAT_006925
CLM_0013878,PAT_006925
CLM_0013879,PAT_006925
CLM_0013880,PAT_006926
CLM_0013881,PAT_006927
CLM_0013882,PAT_006927
CLM_0013883,PAT_006928
CLM_0013884,PAT_006929
CLM_0013885,PAT_006929
CLM_0013886,PAT_006930
CLM_0013887,PAT_006930
CLM_0013888,PAT_006930
CLM_0013889,PAT_006931
CLM_0013890,PAT_006931
CLM_0013891,PAT_006931
CLM_0013892,PAT_006932
CLM_0013893,PAT_006932
CLM_0013894,PAT_006932
CLM_0013895,PAT_006933
CLM_0013896,PAT_006934
CLM_0013897,PAT_006934
CLM_0013898,PAT_006934
CLM_0013899,PAT_006935
CLM_0013900,PAT_006936
CLM_0013901,PAT_006936
CLM_0013902,PAT_006937
CLM_0013903,PAT_006937
CLM_0013904,PAT_006938
CLM_0013905,PAT_006938
CLM_0013906,PAT_006939
CLM_0013907,PAT_006940
CLM_0013908,PAT_006941
CLM_0013909,PAT_006941
CLM_0013910,PAT_006941
CLM_0013911,PAT_006942
CLM_0013912,PAT_006942
CLM_0013913,PAT_006942
CLM_0013914,PAT_006943
CLM_0013915,PAT_006944
CLM_0013916,PAT_006945
CLM_0013917,PAT_006945
CLM_0013918,PAT_006946
CLM_0013919,PAT_006946
CLM_0013920,PAT_006947
CLM_0013921,PAT_006947
CLM_0013922,PAT_006947
CLM_0013923,PAT_006948
CLM_0013924,PAT_006949
CLM_0013925,PAT_006949
CLM_0013926,PAT_006950
CLM_0013927,PAT_006950
CLM_0013928,PAT_006951
CLM_0013929,PAT_006951
CLM_0013930,PAT_006951
CLM_0013931,PAT_006952
CLM_0013932,PAT_006952
CLM_0013933,PAT_006952
CLM_0013934,PAT_006953
CLM_0013935,PAT_006954
CLM_0013936,PAT_006954
CLM_0013937,PAT_006955
CLM_0013938,PAT_006956
CLM_0013939,PAT_006956
CLM_0013940,PAT_006957
CLM_0013941,PAT_006957
CLM_0013942,PAT_006958
CLM_0013943,PAT_006959
CLM_0013944,PAT_006960
CLM_0013945,PAT_006960
CLM_0013946,PAT_006961
CLM_0013947,PAT_006961
CLM_0013948,PAT_006961
CLM_0013949,PAT_006962
CLM_0013950,PAT_006962
CLM_0013951,PAT_006962
CLM_0013952,PAT_006963
CLM_0013953,PAT_006964
CLM_0013954,PAT_006965
CLM_0013955,PAT_006965
CLM_0013956,PAT_006965
CLM_0013957,PAT_006966
CLM_0013958,PAT_006967
CLM_0013959,PAT_006967
CLM_0013960,PAT_006967
CLM_0013961,PAT_006968
CLM_0013962,PAT_006969
CLM_0013963,PAT_006969
CLM_0013964,PAT_006970
CLM_0013965,PAT_006971
CLM_0013966,PAT_006971
CLM_0013967,PAT_006971
CLM_0013968,PAT_006972
CLM_0013969,PAT_006972
CLM_0013970,PAT_006973
CLM_0013971,PAT_006974
CLM_0013972,PAT_006975
CLM_0013973,PAT_006975
CLM_0013974,PAT_006975
CLM_0013975,PAT_006976
CLM_0013976,PAT_006976
CLM_0013977,PAT_006976
CLM_0013978,PAT_006977
CLM_0013979,PAT_006977
CLM_0013980,PAT_006977
CLM_0013981,PAT_006978
CLM_0013982,PAT_006979
CLM_0013983,PAT_006979
CLM_0013984,PAT_006980
CLM_0013985,PAT_006980
CLM_0013986,PAT_006980
CLM_0013987,PAT_006981
CLM_0013988,PAT_006982
CLM_0013989,PAT_006982
CLM_0013990,PAT_006982
CLM_0013991,PAT_006983
CLM_0013992,PAT_006983
CLM_0013993,PAT_006984
CLM_0013994,PAT_006984
CLM_0013995,PAT_006984
CLM_0013996,PAT_006985
CLM_0013997,PAT_006986
CLM_0013998,PAT_006986
CLM_0013999,PAT_006987
CLM_0014000,PAT_006987
CLM_0014001,PAT_006987
CLM_0014002,PAT_006988
CLM_0014003,PAT_006989
CLM_0014004,PAT_006989
CLM_0014005,PAT_006990
CLM_0014006,PAT_006990
CLM_0014007,PAT_006990
CLM_0014008,PAT_006991
CLM_0014009,PAT_006991
CLM_0014010,PAT_006992
CLM_0014011,PAT_006993
CLM_0014012,PAT_006993
CLM_0014013,PAT_006994
CLM_0014014,PAT_006994
CLM_0014015,PAT_006994
CLM_0014016,PAT_006995
CLM_0014017,PAT_006995
CLM_0014018,PAT_006995
CLM_0014019,PAT_006996
CLM_0014020,PAT_006996
CLM_0014021,PAT_006996
CLM_0014022,PAT_006997
CLM_0014023,PAT_006997
CLM_0014024,PAT_006998
CLM_0014025,PAT_006998
CLM_0014026,PAT_006999
CLM_0014027,PAT_006999
CLM_0014028,PAT_006999
CLM_0014029,PAT_007000
CLM_0014030,PAT_007000
CLM_0014031,PAT_007000
CLM_0014032,PAT_007001
CLM_0014033,PAT_007001
CLM_0014034,PAT_007002
CLM_0014035,PAT_007002
CLM_0014036,PAT_007002
CLM_0014037,PAT_007003
CLM_0014038,PAT_007003
CLM_0014039,PAT_007003
CLM_0014040,PAT_007004
CLM_0014041,PAT_007004
CLM_0014042,PAT_007005
CLM_0014043,PAT_007005
CLM_0014044,PAT_007006
CLM_0014045,PAT_007006
CLM_0014046,PAT_007007
CLM_0014047,PAT_007008
CLM_0014048,PAT_007008
CLM_0014049,PAT_007009
CLM_0014050,PAT_007009
CLM_0014051,PAT_007009
CLM_0014052,PAT_007010
CLM_0014053,PAT_007010
CLM_0014054,PAT_007010
CLM_0014055,PAT_007011
CLM_0014056,PAT_007011
CLM_0014057,PAT_007012
CLM_0014058,PAT_007013
CLM_0014059,PAT_007013
CLM_0014060,PAT_007013
CLM_0014061,PAT_007014
CLM_0014062,PAT_007014
CLM_0014063,PAT_007015
CLM_0014064,PAT_007015
CLM_0014065,PAT_007016
CLM_0014066,PAT_007016
CLM_0014067,PAT_007017
CLM_0014068,PAT_007018
CLM_0014069,PAT_007019
CLM_0014070,PAT_007020
CLM_0014071,PAT_007020
CLM_0014072,PAT_007021
CLM_0014073,PAT_007021
CLM_0014074,PAT_007022
CLM_0014075,PAT_007022
CLM_0014076,PAT_007023
CLM_0014077,PAT_007024
CLM_0014078,PAT_007025
CLM_0014079,PAT_007026
CLM_0014080,PAT_007026
CLM_0014081,PAT_007027
CLM_0014082,PAT_007027
CLM_0014083,PAT_007028
CLM_0014084,PAT_007028
CLM_0014085,PAT_007029
CLM_0014086,PAT_007029
CLM_0014087,PAT_007030
CLM_0014088,PAT_007030
CLM_0014089,PAT_007030
CLM_0014090,PAT_010006
CLM_0014091,PAT_010006
CLM_0014092,PAT_010006
CLM_0014093,PAT_007032
CLM_0014094,PAT_007033
CLM_0014095,PAT_007033
CLM_0014096,PAT_007033
CLM_0014097,PAT_007034
CLM_0014098,PAT_007035
CLM_0014099,PAT_007035
CLM_0014100,PAT_007036
CLM_0014101,PAT_007036
CLM_0014102,PAT_007036
CLM_0014103,PAT_007037
CLM_0014104,PAT_007037
CLM_0014105,PAT_007038
CLM_0014106,PAT_007039
CLM_0014107,PAT_007039
CLM_0014108,PAT_007039
CLM_0014109,PAT_007040
CLM_0014110,PAT_007040
CLM_0014111,PAT_007040
CLM_0014112,PAT_007041
CLM_0014113,PAT_007041
CLM_0014114,PAT_007042
CLM_0014115,PAT_007042
CLM_0014116,PAT_007043
CLM_0014117,PAT_007043
CLM_0014118,PAT_007043
CLM_0014119,PAT_007044
CLM_0014120,PAT_007045
CLM_0014121,PAT_007045
CLM_0014122,PAT_007046
CLM_0014123,PAT_007047
CLM_0014124,PAT_007048
CLM_0014125,PAT_007048
CLM_0014126,PAT_007048
CLM_0014127,PAT_007049
CLM_0014128,PAT_007050
CLM_0014129,PAT_007050
CLM_0014130,PAT_007051
CLM_0014131,PAT_007051
CLM_0014132,PAT_007051
CLM_0014133,PAT_007052
CLM_0014134,PAT_007053
CLM_0014135,PAT_007054
CLM_0014136,PAT_007054
CLM_0014137,PAT_007054
CLM_0014138,PAT_007055
CLM_0014139,PAT_007055
CLM_0014140,PAT_007055
CLM_0014141,PAT_007056
CLM_0014142,PAT_007056
CLM_0014143,PAT_007057
CLM_0014144,PAT_007057
CLM_0014145,PAT_007057
CLM_0014146,PAT_007058
CLM_0014147,PAT_007058
CLM_0014148,PAT_007058
CLM_0014149,PAT_007059
CLM_0014150,PAT_007059
CLM_0014151,PAT_007059
CLM_0014152,PAT_007060
CLM_0014153,PAT_007060
CLM_0014154,PAT_007061
CLM_0014155,PAT_007062
CLM_0014156,PAT_007062
CLM_0014157,PAT_007063
CLM_0014158,PAT_007063
CLM_0014159,PAT_007064
CLM_0014160,PAT_007064
CLM_0014161,PAT_007065
CLM_0014162,PAT_007066
CLM_0014163,PAT_007066
CLM_0014164,PAT_007067
CLM_0014165,PAT_007067
CLM_0014166,PAT_007067
CLM_0014167,PAT_007068
CLM_0014168,PAT_007068
CLM_0014169,PAT_007068
CLM_0014170,PAT_007069
CLM_0014171,PAT_007069
CLM_0014172,PAT_007069
CLM_0014173,PAT_007070
CLM_0014174,PAT_007070
CLM_0014175,PAT_007070
CLM_0014176,PAT_007071
CLM_0014177,PAT_007072
CLM_0014178,PAT_007072
CLM_0014179,PAT_007073
CLM_0014180,PAT_007073
CLM_0014181,PAT_007074
CLM_0014182,PAT_007075
CLM_0014183,PAT_007076
CLM_0014184,PAT_007077
CLM_0014185,PAT_007077
CLM_0014186,PAT_007078
CLM_0014187,PAT_007079
CLM_0014188,PAT_007079
CLM_0014189,PAT_007079
CLM_0014190,PAT_007080
CLM_0014191,PAT_007080
CLM_0014192,PAT_007081
CLM_0014193,PAT_007081
CLM_0014194,PAT_007082
CLM_0014195,PAT_007082
CLM_0014196,PAT_007083
CLM_0014197,PAT_007083
CLM_0014198,PAT_007084
CLM_0014199,PAT_007084
CLM_0014200,PAT_007084
CLM_0014201,PAT_007085
CLM_0014202,PAT_007085
CLM_0014203,PAT_007085
CLM_0014204,PAT_007086
CLM_0014205,PAT_007086
CLM_0014206,PAT_007086
CLM_0014207,PAT_007087
CLM_0014208,PAT_007088
CLM_0014209,PAT_007088
CLM_0014210,PAT_007088
CLM_0014211,PAT_007089
CLM_0014212,PAT_007089
CLM_0014213,PAT_007090
CLM_0014214,PAT_007091
CLM_0014215,PAT_007091
CLM_0014216,PAT_007092
CLM_0014217,PAT_007093
CLM_0014218,PAT_007094
CLM_0014219,PAT_007094
CLM_0014220,PAT_007094
CLM_0014221,PAT_007095
CLM_0014222,PAT_007095
CLM_0014223,PAT_007095
CLM_0014224,PAT_007096
CLM_0014225,PAT_007097
CLM_0014226,PAT_007097
CLM_0014227,PAT_007097
CLM_0014228,PAT_007098
CLM_0014229,PAT_007098
CLM_0014230,PAT_007098
CLM_0014231,PAT_007099
CLM_0014232,PAT_007100
CLM_0014233,PAT_007100
CLM_0014234,PAT_007100
CLM_0014235,PAT_007101
CLM_0014236,PAT_007101
CLM_0014237,PAT_007102
CLM_0014238,PAT_007102
CLM_0014239,PAT_007103
CLM_0014240,PAT_007103
CLM_0014241,PAT_007104
CLM_0014242,PAT_007104
CLM_0014243,PAT_007105
CLM_0014244,PAT_007105
CLM_0014245,PAT_007105
CLM_0014246,PAT_007106
CLM_0014247,PAT_007106
CLM_0014248,PAT_007107
CLM_0014249,PAT_007107
CLM_0014250,PAT_007108
CLM_0014251,PAT_007109
CLM_0014252,PAT_007109
CLM_0014253,PAT_007109
CLM_0014254,PAT_007110
CLM_0014255,PAT_007110
CLM_0014256,PAT_007111
CLM_0014257,PAT_007112
CLM_0014258,PAT_007113
CLM_0014259,PAT_007114
CLM_0014260,PAT_007114
CLM_0014261,PAT_007115
CLM_0014262,PAT_007116
CLM_0014263,PAT_007116
CLM_0014264,PAT_007117
CLM_0014265,PAT_007117
CLM_0014266,PAT_007117
CLM_0014267,PAT_007118
CLM_0014268,PAT_007119
CLM_0014269,PAT_007119
CLM_0014270,PAT_007119
CLM_0014271,PAT_007120
CLM_0014272,PAT_007121
CLM_0014273,PAT_007122
CLM_0014274,PAT_007122
CLM_0014275,PAT_007123
CLM_0014276,PAT_007123
CLM_0014277,PAT_007123
CLM_0014278,PAT_007124
CLM_0014279,PAT_007124
CLM_0014280,PAT_007124
CLM_0014281,PAT_007125
CLM_0014282,PAT_007125
CLM_0014283,PAT_007126
CLM_0014284,PAT_007126
CLM_0014285,PAT_007127
CLM_0014286,PAT_007127
CLM_0014287,PAT_007128
CLM_0014288,PAT_007128
CLM_0014289,PAT_007129
CLM_0014290,PAT_007129
CLM_0014291,PAT_007130
CLM_0014292,PAT_007130
CLM_0014293,PAT_007131
CLM_0014294,PAT_007131
CLM_0014295,PAT_007132
CLM_0014296,PAT_007133
CLM_0014297,PAT_007133
CLM_0014298,PAT_007133
CLM_0014299,PAT_007134
CLM_0014300,PAT_007135
CLM_0014301,PAT_007136
CLM_0014302,PAT_007137
CLM_0014303,PAT_007137
CLM_0014304,PAT_007137
CLM_0014305,PAT_007138
CLM_0014306,PAT_007138
CLM_0014307,PAT_007138
CLM_0014308,PAT_007139
CLM_0014309,PAT_007139
CLM_0014310,PAT_007140
CLM_0014311,PAT_007140
CLM_0014312,PAT_007141
CLM_0014313,PAT_007141
CLM_0014314,PAT_007142
CLM_0014315,PAT_007143
CLM_0014316,PAT_007144
CLM_0014317,PAT_007144
CLM_0014318,PAT_007145
CLM_0014319,PAT_007146
CLM_0014320,PAT_007146
CLM_0014321,PAT_007146
CLM_0014322,PAT_007147
CLM_0014323,PAT_007147
CLM_0014324,PAT_007148
CLM_0014325,PAT_007148
CLM_0014326,PAT_007149
CLM_0014327,PAT_007149
CLM_0014328,PAT_007150
CLM_0014329,PAT_007151
CLM_0014330,PAT_007152
CLM_0014331,PAT_007152
CLM_0014332,PAT_007153
CLM_0014333,PAT_007153
CLM_0014334,PAT_007154
CLM_0014335,PAT_007154
CLM_0014336,PAT_007154
CLM_0014337,PAT_007155
CLM_0014338,PAT_007155
CLM_0014339,PAT_007155
CLM_0014340,PAT_007156
CLM_0014341,PAT_007157
CLM_0014342,PAT_007157
CLM_0014343,PAT_007158
CLM_0014344,PAT_007158
CLM_0014345,PAT_007159
CLM_0014346,PAT_007159
CLM_0014347,PAT_007160
CLM_0014348,PAT_007160
CLM_0014349,PAT_007160
CLM_0014350,PAT_007161
CLM_0014351,PAT_007161
CLM_0014352,PAT_007161
CLM_0014353,PAT_007162
CLM_0014354,PAT_007162
CLM_0014355,PAT_007163
CLM_0014356,PAT_007163
CLM_0014357,PAT_007164
CLM_0014358,PAT_007164
CLM_0014359,PAT_007164
CLM_0014360,PAT_007165
CLM_0014361,PAT_007166
CLM_0014362,PAT_007166
CLM_0014363,PAT_007167
CLM_0014364,PAT_007168
CLM_0014365,PAT_007168
CLM_0014366,PAT_007168
CLM_0014367,PAT_007169
CLM_0014368,PAT_007169
CLM_0014369,PAT_007169
CLM_0014370,PAT_007170
CLM_0014371,PAT_007171
CLM_0014372,PAT_007171
CLM_0014373,PAT_007171
CLM_0014374,PAT_007172
CLM_0014375,PAT_007172
CLM_0014376,PAT_007173
CLM_0014377,PAT_007173
CLM_0014378,PAT_007173
CLM_0014379,PAT_007174
CLM_0014380,PAT_007175
CLM_0014381,PAT_007175
CLM_0014382,PAT_007175
CLM_0014383,PAT_007176
CLM_0014384,PAT_007176
CLM_0014385,PAT_007176
CLM_0014386,PAT_007177
CLM_0014387,PAT_007177
CLM_0014388,PAT_007177
CLM_0014389,PAT_007178
CLM_0014390,PAT_007178
CLM_0014391,PAT_007178
CLM_0014392,PAT_007179
CLM_0014393,PAT_007179
CLM_0014394,PAT_007180
CLM_0014395,PAT_007180
CLM_0014396,PAT_007180
CLM_0014397,PAT_007181
CLM_0014398,PAT_007182
CLM_0014399,PAT_007182
CLM_0014400,PAT_007183
CLM_0014401,PAT_007184
CLM_0014402,PAT_007184
CLM_0014403,PAT_007184
CLM_0014404,PAT_007185
CLM_0014405,PAT_007185
CLM_0014406,PAT_007185
CLM_0014407,PAT_007186
CLM_0014408,PAT_007187
CLM_0014409,PAT_007187
CLM_0014410,PAT_007187
CLM_0014411,PAT_007188
CLM_0014412,PAT_007188
CLM_0014413,PAT_007188
CLM_0014414,PAT_007189
CLM_0014415,PAT_007189
CLM_0014416,PAT_007189
CLM_0014417,PAT_007190
CLM_0014418,PAT_007190
CLM_0014419,PAT_007191
CLM_0014420,PAT_007191
CLM_0014421,PAT_007191
CLM_0014422,PAT_007192
CLM_0014423,PAT_007192
CLM_0014424,PAT_007193
CLM_0014425,PAT_007193
CLM_0014426,PAT_007193
CLM_0014427,PAT_007194
CLM_0014428,PAT_007194
CLM_0014429,PAT_007195
CLM_0014430,PAT_007195
CLM_0014431,PAT_007195
CLM_0014432,PAT_007196
CLM_0014433,PAT_007196
CLM_0014434,PAT_007196
CLM_0014435,PAT_007197
CLM_0014436,PAT_007197
CLM_0014437,PAT_007198
CLM_0014438,PAT_007199
CLM_0014439,PAT_007200
CLM_0014440,PAT_007200
CLM_0014441,PAT_007200
CLM_0014442,PAT_007201
CLM_0014443,PAT_007201
CLM_0014444,PAT_007201
CLM_0014445,PAT_007202
CLM_0014446,PAT_007202
CLM_0014447,PAT_007202
CLM_0014448,PAT_007203
CLM_0014449,PAT_007204
CLM_0014450,PAT_007204
CLM_0014451,PAT_007204
CLM_0014452,PAT_007205
CLM_0014453,PAT_007206
CLM_0014454,PAT_007206
CLM_0014455,PAT_007206
CLM_0014456,PAT_007207
CLM_0014457,PAT_007207
CLM_0014458,PAT_007208
CLM_0014459,PAT_007209
CLM_0014460,PAT_007210
CLM_0014461,PAT_007210
CLM_0014462,PAT_007211
CLM_0014463,PAT_007212
CLM_0014464,PAT_007212
CLM_0014465,PAT_007213
CLM_0014466,PAT_007213
CLM_0014467,PAT_007213
CLM_0014468,PAT_007214
CLM_0014469,PAT_007214
CLM_0014470,PAT_007215
CLM_0014471,PAT_007215
CLM_0014472,PAT_007216
CLM_0014473,PAT_007216
CLM_0014474,PAT_007217
CLM_0014475,PAT_007218
CLM_0014476,PAT_007219
CLM_0014477,PAT_007219
CLM_0014478,PAT_007220
CLM_0014479,PAT_007221
CLM_0014480,PAT_007222
CLM_0014481,PAT_007222
CLM_0014482,PAT_007223
CLM_0014483,PAT_007224
CLM_0014484,PAT_007225
CLM_0014485,PAT_007226
CLM_0014486,PAT_007226
CLM_0014487,PAT_007226
CLM_0014488,PAT_007227
CLM_0014489,PAT_007227
CLM_0014490,PAT_007227
CLM_0014491,PAT_007228
CLM_0014492,PAT_007229
CLM_0014493,PAT_007229
CLM_0014494,PAT_007229
CLM_0014495,PAT_007230
CLM_0014496,PAT_007231
CLM_0014497,PAT_007231
CLM_0014498,PAT_007231
CLM_0014499,PAT_007232
CLM_0014500,PAT_007232
CLM_0014501,PAT_007233
CLM_0014502,PAT_007234
CLM_0014503,PAT_007234
CLM_0014504,PAT_007234
CLM_0014505,PAT_007235
CLM_0014506,PAT_007235
CLM_0014507,PAT_007236
CLM_0014508,PAT_007236
CLM_0014509,PAT_007237
CLM_0014510,PAT_007237
CLM_0014511,PAT_007238
CLM_0014512,PAT_007239
CLM_0014513,PAT_007239
CLM_0014514,PAT_007240
CLM_0014515,PAT_007240
CLM_0014516,PAT_007240
CLM_0014517,PAT_007241
CLM_0014518,PAT_007241
CLM_0014519,PAT_007242
CLM_0014520,PAT_007242
CLM_0014521,PAT_007243
CLM_0014522,PAT_007243
CLM_0014523,PAT_007244
CLM_0014524,PAT_007244
CLM_0014525,PAT_007244
CLM_0014526,PAT_007245
CLM_0014527,PAT_007246
CLM_0014528,PAT_007246
CLM_0014529,PAT_007247
CLM_0014530,PAT_007247
CLM_0014531,PAT_007248
CLM_0014532,PAT_007248
CLM_0014533,PAT_007248
CLM_0014534,PAT_007249
CLM_0014535,PAT_007249
CLM_0014536,PAT_007249
CLM_0014537,PAT_007250
CLM_0014538,PAT_007250
CLM_0014539,PAT_007250
CLM_0014540,PAT_007251
CLM_0014541,PAT_007251
CLM_0014542,PAT_007252
CLM_0014543,PAT_007253
CLM_0014544,PAT_007253
CLM_0014545,PAT_007254
CLM_0014546,PAT_007255
CLM_0014547,PAT_007256
CLM_0014548,PAT_007256
CLM_0014549,PAT_007256
CLM_0014550,PAT_007257
CLM_0014551,PAT_007257
CLM_0014552,PAT_007258
CLM_0014553,PAT_007258
CLM_0014554,PAT_007259
CLM_0014555,PAT_007260
CLM_0014556,PAT_007261
CLM_0014557,PAT_007261
CLM_0014558,PAT_007262
CLM_0014559,PAT_007262
CLM_0014560,PAT_007263
CLM_0014561,PAT_007263
CLM_0014562,PAT_007263
CLM_0014563,PAT_007264
CLM_0014564,PAT_007264
CLM_0014565,PAT_007265
CLM_0014566,PAT_007265
CLM_0014567,PAT_007265
CLM_0014568,PAT_007266
CLM_0014569,PAT_007266
CLM_0014570,PAT_007267
CLM_0014571,PAT_007267
CLM_0014572,PAT_007267
CLM_0014573,PAT_007268
CLM_0014574,PAT_007268
CLM_0014575,PAT_007268
CLM_0014576,PAT_007269
CLM_0014577,PAT_007269
CLM_0014578,PAT_007269
CLM_0014579,PAT_007270
CLM_0014580,PAT_007270
CLM_0014581,PAT_007270
CLM_0014582,PAT_007271
CLM_0014583,PAT_007271
CLM_0014584,PAT_007271
CLM_0014585,PAT_007272
CLM_0014586,PAT_007273
CLM_0014587,PAT_007273
CLM_0014588,PAT_007274
CLM_0014589,PAT_007274
CLM_0014590,PAT_007274
CLM_0014591,PAT_007275
CLM_0014592,PAT_007275
CLM_0014593,PAT_007275
CLM_0014594,PAT_007276
CLM_0014595,PAT_007277
CLM_0014596,PAT_007277
CLM_0014597,PAT_007277
CLM_0014598,PAT_007278
CLM_0014599,PAT_007278
CLM_0014600,PAT_007278
CLM_0014601,PAT_007279
CLM_0014602,PAT_007280
CLM_0014603,PAT_007281
CLM_0014604,PAT_007282
CLM_0014605,PAT_007282
CLM_0014606,PAT_007283
CLM_0014607,PAT_007283
CLM_0014608,PAT_007283
CLM_0014609,PAT_007284
CLM_0014610,PAT_007284
CLM_0014611,PAT_007284
CLM_0014612,PAT_007285
CLM_0014613,PAT_007286
CLM_0014614,PAT_007287
CLM_0014615,PAT_007287
CLM_0014616,PAT_007288
CLM_0014617,PAT_007289
CLM_0014618,PAT_007290
CLM_0014619,PAT_007290
CLM_0014620,PAT_007290
CLM_0014621,PAT_007291
CLM_0014622,PAT_007291
CLM_0014623,PAT_007292
CLM_0014624,PAT_007292
CLM_0014625,PAT_007293
CLM_0014626,PAT_007293
CLM_0014627,PAT_007294
CLM_0014628,PAT_007295
CLM_0014629,PAT_007296
CLM_0014630,PAT_007297
CLM_0014631,PAT_007297
CLM_0014632,PAT_007298
CLM_0014633,PAT_007298
CLM_0014634,PAT_007298
CLM_0014635,PAT_007299
CLM_0014636,PAT_007300
CLM_0014637,PAT_007301
CLM_0014638,PAT_007301
CLM_0014639,PAT_007301
CLM_0014640,PAT_007302
CLM_0014641,PAT_007302
CLM_0014642,PAT_007303
CLM_0014643,PAT_007303
CLM_0014644,PAT_007303
CLM_0014645,PAT_007304
CLM_0014646,PAT_007304
CLM_0014647,PAT_007305
CLM_0014648,PAT_007305
CLM_0014649,PAT_007306
CLM_0014650,PAT_007306
CLM_0014651,PAT_007306
CLM_0014652,PAT_007307
CLM_0014653,PAT_007307
CLM_0014654,PAT_007308
CLM_0014655,PAT_007308
CLM_0014656,PAT_007309
CLM_0014657,PAT_007310
CLM_0014658,PAT_007311
CLM_0014659,PAT_007311
CLM_0014660,PAT_007311
CLM_0014661,PAT_007312
CLM_0014662,PAT_007313
CLM_0014663,PAT_007313
CLM_0014664,PAT_007313
CLM_0014665,PAT_007314
CLM_0014666,PAT_007314
CLM_0014667,PAT_007315
CLM_0014668,PAT_007316
CLM_0014669,PAT_007316
CLM_0014670,PAT_007317
CLM_0014671,PAT_007317
CLM_0014672,PAT_007318
CLM_0014673,PAT_007319
CLM_0014674,PAT_007319
CLM_0014675,PAT_007319
CLM_0014676,PAT_007320
CLM_0014677,PAT_007321
CLM_0014678,PAT_007321
CLM_0014679,PAT_007321
CLM_0014680,PAT_007322
CLM_0014681,PAT_007322
CLM_0014682,PAT_007323
CLM_0014683,PAT_007323
CLM_0014684,PAT_007323
CLM_0014685,PAT_007324
CLM_0014686,PAT_007324
CLM_0014687,PAT_007325
CLM_0014688,PAT_007325
CLM_0014689,PAT_007325
CLM_0014690,PAT_007326
CLM_0014691,PAT_007327
CLM_0014692,PAT_007327
CLM_0014693,PAT_007328
CLM_0014694,PAT_007328
CLM_0014695,PAT_007329
CLM_0014696,PAT_007330
CLM_0014697,PAT_007331
CLM_0014698,PAT_007331
CLM_0014699,PAT_007332
CLM_0014700,PAT_007332
CLM_0014701,PAT_007332
CLM_0014702,PAT_007333
CLM_0014703,PAT_007334
CLM_0014704,PAT_007334
CLM_0014705,PAT_007335
CLM_0014706,PAT_007336
CLM_0014707,PAT_007337
CLM_0014708,PAT_007338
CLM_0014709,PAT_007338
CLM_0014710,PAT_007338
CLM_0014711,PAT_007339
CLM_0014712,PAT_007339
CLM_0014713,PAT_007340
CLM_0014714,PAT_007340
CLM_0014715,PAT_007341
CLM_0014716,PAT_007341
CLM_0014717,PAT_007341
CLM_0014718,PAT_007342
CLM_0014719,PAT_007342
CLM_0014720,PAT_007342
CLM_0014721,PAT_007343
CLM_0014722,PAT_007344
CLM_0014723,PAT_007345
CLM_0014724,PAT_007345
CLM_0014725,PAT_007346
CLM_0014726,PAT_007346
CLM_0014727,PAT_007347
CLM_0014728,PAT_007347
CLM_0014729,PAT_007348
CLM_0014730,PAT_007349
CLM_0014731,PAT_007350
CLM_0014732,PAT_007350
CLM_0014733,PAT_007351
CLM_0014734,PAT_007351
CLM_0014735,PAT_007352
CLM_0014736,PAT_007352
CLM_0014737,PAT_007353
CLM_0014738,PAT_007354
CLM_0014739,PAT_007355
CLM_0014740,PAT_007356
CLM_0014741,PAT_007357
CLM_0014742,PAT_007357
CLM_0014743,PAT_007358
CLM_0014744,PAT_007358
CLM_0014745,PAT_007358
CLM_0014746,PAT_007359
CLM_0014747,PAT_007360
CLM_0014748,PAT_007360
CLM_0014749,PAT_007360
CLM_0014750,PAT_007361
CLM_0014751,PAT_007361
CLM_0014752,PAT_007362
CLM_0014753,PAT_007362
CLM_0014754,PAT_007362
CLM_0014755,PAT_007363
CLM_0014756,PAT_007363
CLM_0014757,PAT_007364
CLM_0014758,PAT_007364
CLM_0014759,PAT_007365
CLM_0014760,PAT_007365
CLM_0014761,PAT_007366
CLM_0014762,PAT_007366
CLM_0014763,PAT_007366
CLM_0014764,PAT_007367
CLM_0014765,PAT_007367
CLM_0014766,PAT_007367
CLM_0014767,PAT_007368
CLM_0014768,PAT_007369
CLM_0014769,PAT_007370
CLM_0014770,PAT_007370
CLM_0014771,PAT_007371
CLM_0014772,PAT_007371
CLM_0014773,PAT_007372
CLM_0014774,PAT_007372
CLM_0014775,PAT_007372
CLM_0014776,PAT_007373
CLM_0014777,PAT_007374
CLM_0014778,PAT_007375
CLM_0014779,PAT_007375
CLM_0014780,PAT_007375
CLM_0014781,PAT_007376
CLM_0014782,PAT_007376
CLM_0014783,PAT_007377
CLM_0014784,PAT_007378
CLM_0014785,PAT_007379
CLM_0014786,PAT_007379
CLM_0014787,PAT_007379
CLM_0014788,PAT_007380
CLM_0014789,PAT_007381
CLM_0014790,PAT_007381
CLM_0014791,PAT_007381
CLM_0014792,PAT_007382
CLM_0014793,PAT_007382
CLM_0014794,PAT_007382
CLM_0014795,PAT_007383
CLM_0014796,PAT_007383
CLM_0014797,PAT_007384
CLM_0014798,PAT_007384
CLM_0014799,PAT_007384
CLM_0014800,PAT_007385
CLM_0014801,PAT_007386
CLM_0014802,PAT_007386
CLM_0014803,PAT_007386
CLM_0014804,PAT_007387
CLM_0014805,PAT_007387
CLM_0014806,PAT_007388
CLM_0014807,PAT_007389
CLM_0014808,PAT_007389
CLM_0014809,PAT_007390
CLM_0014810,PAT_007390
CLM_0014811,PAT_007390
CLM_0014812,PAT_007391
CLM_0014813,PAT_007392
CLM_0014814,PAT_007393
CLM_0014815,PAT_007394
CLM_0014816,PAT_007394
CLM_0014817,PAT_007395
CLM_0014818,PAT_007396
CLM_0014819,PAT_007396
CLM_0014820,PAT_007397
CLM_0014821,PAT_007397
CLM_0014822,PAT_007397
CLM_0014823,PAT_007398
CLM_0014824,PAT_007398
CLM_0014825,PAT_007399
CLM_0014826,PAT_007399
CLM_0014827,PAT_007400
CLM_0014828,PAT_007400
CLM_0014829,PAT_007401
CLM_0014830,PAT_007402
CLM_0014831,PAT_007403
CLM_0014832,PAT_007404
CLM_0014833,PAT_007405
CLM_0014834,PAT_007405
CLM_0014835,PAT_007405
CLM_0014836,PAT_007406
CLM_0014837,PAT_007406
CLM_0014838,PAT_007406
CLM_0014839,PAT_007407
CLM_0014840,PAT_007408
CLM_0014841,PAT_007408
CLM_0014842,PAT_007408
CLM_0014843,PAT_007409
CLM_0014844,PAT_007410
CLM_0014845,PAT_007410
CLM_0014846,PAT_007411
CLM_0014847,PAT_007412
CLM_0014848,PAT_007413
CLM_0014849,PAT_007414
CLM_0014850,PAT_007415
CLM_0014851,PAT_007415
CLM_0014852,PAT_007416
CLM_0014853,PAT_007417
CLM_0014854,PAT_007417
CLM_0014855,PAT_007418
CLM_0014856,PAT_007418
CLM_0014857,PAT_007418
CLM_0014858,PAT_007419
CLM_0014859,PAT_007420
CLM_0014860,PAT_007420
CLM_0014861,PAT_007420
CLM_0014862,PAT_007421
CLM_0014863,PAT_007422
CLM_0014864,PAT_007422
CLM_0014865,PAT_007423
CLM_0014866,PAT_007423
CLM_0014867,PAT_007424
CLM_0014868,PAT_007425
CLM_0014869,PAT_007425
CLM_0014870,PAT_007425
CLM_0014871,PAT_007426
CLM_0014872,PAT_007426
CLM_0014873,PAT_007427
CLM_0014874,PAT_007427
CLM_0014875,PAT_007428
CLM_0014876,PAT_007428
CLM_0014877,PAT_007429
CLM_0014878,PAT_007430
CLM_0014879,PAT_007430
CLM_0014880,PAT_007431
CLM_0014881,PAT_007431
CLM_0014882,PAT_007431
CLM_0014883,PAT_007432
CLM_0014884,PAT_007432
CLM_0014885,PAT_007432
CLM_0014886,PAT_007433
CLM_0014887,PAT_007433
CLM_0014888,PAT_007433
CLM_0014889,PAT_007434
CLM_0014890,PAT_007434
CLM_0014891,PAT_007435
CLM_0014892,PAT_007435
CLM_0014893,PAT_007436
CLM_0014894,PAT_007436
CLM_0014895,PAT_007436
CLM_0014896,PAT_007437
CLM_0014897,PAT_007438
CLM_0014898,PAT_007438
CLM_0014899,PAT_007439
CLM_0014900,PAT_007440
CLM_0014901,PAT_007441
CLM_0014902,PAT_007441
CLM_0014903,PAT_007441
CLM_0014904,PAT_007442
CLM_0014905,PAT_007443
CLM_0014906,PAT_007443
CLM_0014907,PAT_007443
CLM_0014908,PAT_007444
CLM_0014909,PAT_007444
CLM_0014910,PAT_007445
CLM_0014911,PAT_007446
CLM_0014912,PAT_007447
CLM_0014913,PAT_007447
CLM_0014914,PAT_007448
CLM_0014915,PAT_007448
CLM_0014916,PAT_007448
CLM_0014917,PAT_007449
CLM_0014918,PAT_007449
CLM_0014919,PAT_007449
CLM_0014920,PAT_007450
CLM_0014921,PAT_007450
CLM_0014922,PAT_007451
CLM_0014923,PAT_007451
CLM_0014924,PAT_007452
CLM_0014925,PAT_007452
CLM_0014926,PAT_007453
CLM_0014927,PAT_007453
CLM_0014928,PAT_007453
CLM_0014929,PAT_007454
CLM_0014930,PAT_007455
CLM_0014931,PAT_007455
CLM_0014932,PAT_007455
CLM_0014933,PAT_007456
CLM_0014934,PAT_007456
CLM_0014935,PAT_007457
CLM_0014936,PAT_007458
CLM_0014937,PAT_007458
CLM_0014938,PAT_007459
CLM_0014939,PAT_007459
CLM_0014940,PAT_007460
CLM_0014941,PAT_007461
CLM_0014942,PAT_007461
CLM_0014943,PAT_007461
CLM_0014944,PAT_007462
CLM_0014945,PAT_007463
CLM_0014946,PAT_007463
CLM_0014947,PAT_007464
CLM_0014948,PAT_007464
CLM_0014949,PAT_007465
CLM_0014950,PAT_007466
CLM_0014951,PAT_007466
CLM_0014952,PAT_007467
CLM_0014953,PAT_007467
CLM_0014954,PAT_007468
CLM_0014955,PAT_007468
CLM_0014956,PAT_007468
CLM_0014957,PAT_007469
CLM_0014958,PAT_007469
CLM_0014959,PAT_007469
CLM_0014960,PAT_007470
CLM_0014961,PAT_007470
CLM_0014962,PAT_007471
CLM_0014963,PAT_007471
CLM_0014964,PAT_007472
CLM_0014965,PAT_007472
CLM_0014966,PAT_007473
CLM_0014967,PAT_007473
CLM_0014968,PAT_007473
CLM_0014969,PAT_007474
CLM_0014970,PAT_007474
CLM_0014971,PAT_007475
CLM_0014972,PAT_007475
CLM_0014973,PAT_007475
CLM_0014974,PAT_007476
CLM_0014975,PAT_007476
CLM_0014976,PAT_007476
CLM_0014977,PAT_007477
CLM_0014978,PAT_007477
CLM_0014979,PAT_007478
CLM_0014980,PAT_007478
CLM_0014981,PAT_007479
CLM_0014982,PAT_007479
CLM_0014983,PAT_007479
CLM_0014984,PAT_007480
CLM_0014985,PAT_007481
CLM_0014986,PAT_007482
CLM_0014987,PAT_007482
CLM_0014988,PAT_007483
CLM_0014989,PAT_007484
CLM_0014990,PAT_007484
CLM_0014991,PAT_007484
CLM_0014992,PAT_007485
CLM_0014993,PAT_007486
CLM_0014994,PAT_007486
CLM_0014995,PAT_007486
CLM_0014996,PAT_007487
CLM_0014997,PAT_007487
CLM_0014998,PAT_007487
CLM_0014999,PAT_007488
CLM_0015000,PAT_007489
CLM_0015001,PAT_007489
CLM_0015002,PAT_007490
CLM_0015003,PAT_007490
CLM_0015004,PAT_007491
CLM_0015005,PAT_007492
CLM_0015006,PAT_007492
CLM_0015007,PAT_007492
CLM_0015008,PAT_007493
CLM_0015009,PAT_007493
CLM_0015010,PAT_007493
CLM_0015011,PAT_007494
CLM_0015012,PAT_007495
CLM_0015013,PAT_007495
CLM_0015014,PAT_007495
CLM_0015015,PAT_007496
CLM_0015016,PAT_007496
CLM_0015017,PAT_007496
CLM_0015018,PAT_007497
CLM_0015019,PAT_007497
CLM_0015020,PAT_007498
CLM_0015021,PAT_007499
CLM_0015022,PAT_007499
CLM_0015023,PAT_007500
CLM_0015024,PAT_007500
CLM_0015025,PAT_007500
CLM_0015026,PAT_007501
CLM_0015027,PAT_007502
CLM_0015028,PAT_007502
CLM_0015029,PAT_007503
CLM_0015030,PAT_007504
CLM_0015031,PAT_007504
CLM_0015032,PAT_007504
CLM_0015033,PAT_007505
CLM_0015034,PAT_007506
CLM_0015035,PAT_007507
CLM_0015036,PAT_007507
CLM_0015037,PAT_007508
CLM_0015038,PAT_007508
CLM_0015039,PAT_007509
CLM_0015040,PAT_007509
CLM_0015041,PAT_007510
CLM_0015042,PAT_007511
CLM_0015043,PAT_007512
CLM_0015044,PAT_007512
CLM_0015045,PAT_007512
CLM_0015046,PAT_007513
CLM_0015047,PAT_007513
CLM_0015048,PAT_007513
CLM_0015049,PAT_007514
CLM_0015050,PAT_007514
CLM_0015051,PAT_007515
CLM_0015052,PAT_007516
CLM_0015053,PAT_007516
CLM_0015054,PAT_007517
CLM_0015055,PAT_007518
CLM_0015056,PAT_007519
CLM_0015057,PAT_007520
CLM_0015058,PAT_007520
CLM_0015059,PAT_007520
CLM_0015060,PAT_007521
CLM_0015061,PAT_007522
CLM_0015062,PAT_007522
CLM_0015063,PAT_007523
CLM_0015064,PAT_007523
CLM_0015065,PAT_007524
CLM_0015066,PAT_007524
CLM_0015067,PAT_007524
CLM_0015068,PAT_007525
CLM_0015069,PAT_007526
CLM_0015070,PAT_007527
CLM_0015071,PAT_007528
CLM_0015072,PAT_007528
CLM_0015073,PAT_007529
CLM_0015074,PAT_007530
CLM_0015075,PAT_007531
CLM_0015076,PAT_007531
CLM_0015077,PAT_007531
CLM_0015078,PAT_007532
CLM_0015079,PAT_007532
CLM_0015080,PAT_007532
CLM_0015081,PAT_007533
CLM_0015082,PAT_007533
CLM_0015083,PAT_007533
CLM_0015084,PAT_007534
CLM_0015085,PAT_007534
CLM_0015086,PAT_007534
CLM_0015087,PAT_007535
CLM_0015088,PAT_007536
CLM_0015089,PAT_007537
CLM_0015090,PAT_007537
CLM_0015091,PAT_007537
CLM_0015092,PAT_007538
CLM_0015093,PAT_007539
CLM_0015094,PAT_007539
CLM_0015095,PAT_007540
CLM_0015096,PAT_007541
CLM_0015097,PAT_007541
CLM_0015098,PAT_007542
CLM_0015099,PAT_007543
CLM_0015100,PAT_007544
CLM_0015101,PAT_007545
CLM_0015102,PAT_007545
CLM_0015103,PAT_007546
CLM_0015104,PAT_007547
CLM_0015105,PAT_007547
CLM_0015106,PAT_007547
CLM_0015107,PAT_007548
CLM_0015108,PAT_007548
CLM_0015109,PAT_007549
CLM_0015110,PAT_007549
CLM_0015111,PAT_007550
CLM_0015112,PAT_007551
CLM_0015113,PAT_007552
CLM_0015114,PAT_007552
CLM_0015115,PAT_007552
CLM_0015116,PAT_007553
CLM_0015117,PAT_007553
CLM_0015118,PAT_007553
CLM_0015119,PAT_007554
CLM_0015120,PAT_007555
CLM_0015121,PAT_007555
CLM_0015122,PAT_007556
CLM_0015123,PAT_007557
CLM_0015124,PAT_007557
CLM_0015125,PAT_007558
CLM_0015126,PAT_007559
CLM_0015127,PAT_007559
CLM_0015128,PAT_007559
CLM_0015129,PAT_007560
CLM_0015130,PAT_007560
CLM_0015131,PAT_007561
CLM_0015132,PAT_007561
CLM_0015133,PAT_007561
CLM_0015134,PAT_007562
CLM_0015135,PAT_007563
CLM_0015136,PAT_007563
CLM_0015137,PAT_007563
CLM_0015138,PAT_007564
CLM_0015139,PAT_007564
CLM_0015140,PAT_007564
CLM_0015141,PAT_007565
CLM_0015142,PAT_007565
CLM_0015143,PAT_007566
CLM_0015144,PAT_007566
CLM_0015145,PAT_007567
CLM_0015146,PAT_007568
CLM_0015147,PAT_007568
CLM_0015148,PAT_007568
CLM_0015149,PAT_007569
CLM_0015150,PAT_007569
CLM_0015151,PAT_007569
CLM_0015152,PAT_007570
CLM_0015153,PAT_007571
CLM_0015154,PAT_007571
CLM_0015155,PAT_007571
CLM_0015156,PAT_007572
CLM_0015157,PAT_007572
CLM_0015158,PAT_007572
CLM_0015159,PAT_007573
CLM_0015160,PAT_007573
CLM_0015161,PAT_007573
CLM_0015162,PAT_007574
CLM_0015163,PAT_007574
CLM_0015164,PAT_007574
CLM_0015165,PAT_007575
CLM_0015166,PAT_007575
CLM_0015167,PAT_007576
CLM_0015168,PAT_007577
CLM_0015169,PAT_007578
CLM_0015170,PAT_007579
CLM_0015171,PAT_007580
CLM_0015172,PAT_007580
CLM_0015173,PAT_007580
CLM_0015174,PAT_007581
CLM_0015175,PAT_007581
CLM_0015176,PAT_007581
CLM_0015177,PAT_007582
CLM_0015178,PAT_007582
CLM_0015179,PAT_007582
CLM_0015180,PAT_007583
CLM_0015181,PAT_007583
CLM_0015182,PAT_007583
CLM_0015183,PAT_007584
CLM_0015184,PAT_007585
CLM_0015185,PAT_007585
CLM_0015186,PAT_007586
CLM_0015187,PAT_007586
CLM_0015188,PAT_007586
CLM_0015189,PAT_007587
CLM_0015190,PAT_007588
CLM_0015191,PAT_007589
CLM_0015192,PAT_007589
CLM_0015193,PAT_007590
CLM_0015194,PAT_007591
CLM_0015195,PAT_007591
CLM_0015196,PAT_007591
CLM_0015197,PAT_007592
CLM_0015198,PAT_007592
CLM_0015199,PAT_007592
CLM_0015200,PAT_007593
CLM_0015201,PAT_007593
CLM_0015202,PAT_007594
CLM_0015203,PAT_007594
CLM_0015204,PAT_007595
CLM_0015205,PAT_007595
CLM_0015206,PAT_007595
CLM_0015207,PAT_007596
CLM_0015208,PAT_007596
CLM_0015209,PAT_007596
CLM_0015210,PAT_007597
CLM_0015211,PAT_007597
CLM_0015212,PAT_007597
CLM_0015213,PAT_007598
CLM_0015214,PAT_007598
CLM_0015215,PAT_007599
CLM_0015216,PAT_007599
CLM_0015217,PAT_007599
CLM_0015218,PAT_007600
CLM_0015219,PAT_007601
CLM_0015220,PAT_007601
CLM_0015221,PAT_007602
CLM_0015222,PAT_007602
CLM_0015223,PAT_007602
CLM_0015224,PAT_007603
CLM_0015225,PAT_007604
CLM_0015226,PAT_007604
CLM_0015227,PAT_007605
CLM_0015228,PAT_007606
CLM_0015229,PAT_007606
CLM_0015230,PAT_007607
CLM_0015231,PAT_007607
CLM_0015232,PAT_007607
CLM_0015233,PAT_007608
CLM_0015234,PAT_007609
CLM_0015235,PAT_007609
CLM_0015236,PAT_007609
CLM_0015237,PAT_007610
CLM_0015238,PAT_007611
CLM_0015239,PAT_007611
CLM_0015240,PAT_007612
CLM_0015241,PAT_007613
CLM_0015242,PAT_007614
CLM_0015243,PAT_007615
CLM_0015244,PAT_007615
CLM_0015245,PAT_007615
CLM_0015246,PAT_007616
CLM_0015247,PAT_007617
CLM_0015248,PAT_007617
CLM_0015249,PAT_007617
CLM_0015250,PAT_007618
CLM_0015251,PAT_007618
CLM_0015252,PAT_007619
CLM_0015253,PAT_007619
CLM_0015254,PAT_007620
CLM_0015255,PAT_007621
CLM_0015256,PAT_007621
CLM_0015257,PAT_007621
CLM_0015258,PAT_007622
CLM_0015259,PAT_007622
CLM_0015260,PAT_007622
CLM_0015261,PAT_007623
CLM_0015262,PAT_007623
CLM_0015263,PAT_007624
CLM_0015264,PAT_007624
CLM_0015265,PAT_007625
CLM_0015266,PAT_007625
CLM_0015267,PAT_007626
CLM_0015268,PAT_007626
CLM_0015269,PAT_007627
CLM_0015270,PAT_007627
CLM_0015271,PAT_007628
CLM_0015272,PAT_007629
CLM_0015273,PAT_007630
CLM_0015274,PAT_007630
CLM_0015275,PAT_007631
CLM_0015276,PAT_007631
CLM_0015277,PAT_007632
CLM_0015278,PAT_007632
CLM_0015279,PAT_007632
CLM_0015280,PAT_007633
CLM_0015281,PAT_007634
CLM_0015282,PAT_007634
CLM_0015283,PAT_007635
CLM_0015284,PAT_007635
CLM_0015285,PAT_007636
CLM_0015286,PAT_007636
CLM_0015287,PAT_007637
CLM_0015288,PAT_007637
CLM_0015289,PAT_007637
CLM_0015290,PAT_007638
CLM_0015291,PAT_007638
CLM_0015292,PAT_007639
CLM_0015293,PAT_007639
CLM_0015294,PAT_007640
CLM_0015295,PAT_007641
CLM_0015296,PAT_007641
CLM_0015297,PAT_007642
CLM_0015298,PAT_007643
CLM_0015299,PAT_007643
CLM_0015300,PAT_007643
CLM_0015301,PAT_007644
CLM_0015302,PAT_007645
CLM_0015303,PAT_007645
CLM_0015304,PAT_007646
CLM_0015305,PAT_007647
CLM_0015306,PAT_007647
CLM_0015307,PAT_007648
CLM_0015308,PAT_007649
CLM_0015309,PAT_007649
CLM_0015310,PAT_007650
CLM_0015311,PAT_007651
CLM_0015312,PAT_007651
CLM_0015313,PAT_007651
CLM_0015314,PAT_007652
CLM_0015315,PAT_007652
CLM_0015316,PAT_007652
CLM_0015317,PAT_007653
CLM_0015318,PAT_007654
CLM_0015319,PAT_007654
CLM_0015320,PAT_007654
CLM_0015321,PAT_007655
CLM_0015322,PAT_007655
CLM_0015323,PAT_007656
CLM_0015324,PAT_007656
CLM_0015325,PAT_007656
CLM_0015326,PAT_007657
CLM_0015327,PAT_007658
CLM_0015328,PAT_007658
CLM_0015329,PAT_007658
CLM_0015330,PAT_007659
CLM_0015331,PAT_007659
CLM_0015332,PAT_007660
CLM_0015333,PAT_007661
CLM_0015334,PAT_007662
CLM_0015335,PAT_007662
CLM_0015336,PAT_007662
CLM_0015337,PAT_007663
CLM_0015338,PAT_007663
CLM_0015339,PAT_007663
CLM_0015340,PAT_007664
CLM_0015341,PAT_007664
CLM_0015342,PAT_007664
CLM_0015343,PAT_007665
CLM_0015344,PAT_007665
CLM_0015345,PAT_007666
CLM_0015346,PAT_007667
CLM_0015347,PAT_007668
CLM_0015348,PAT_007669
CLM_0015349,PAT_007670
CLM_0015350,PAT_007671
CLM_0015351,PAT_007671
CLM_0015352,PAT_007672
CLM_0015353,PAT_007672
CLM_0015354,PAT_007673
CLM_0015355,PAT_007673
CLM_0015356,PAT_007673
CLM_0015357,PAT_007674
CLM_0015358,PAT_007674
CLM_0015359,PAT_007674
CLM_0015360,PAT_007675
CLM_0015361,PAT_007676
CLM_0015362,PAT_007677
CLM_0015363,PAT_007677
CLM_0015364,PAT_007677
CLM_0015365,PAT_007678
CLM_0015366,PAT_007679
CLM_0015367,PAT_007679
CLM_0015368,PAT_007679
CLM_0015369,PAT_007680
CLM_0015370,PAT_007680
CLM_0015371,PAT_007680
CLM_0015372,PAT_007681
CLM_0015373,PAT_007682
CLM_0015374,PAT_007683
CLM_0015375,PAT_007683
CLM_0015376,PAT_007684
CLM_0015377,PAT_007684
CLM_0015378,PAT_007684
CLM_0015379,PAT_007685
CLM_0015380,PAT_007686
CLM_0015381,PAT_007686
CLM_0015382,PAT_007686
CLM_0015383,PAT_007687
CLM_0015384,PAT_007687
CLM_0015385,PAT_007687
CLM_0015386,PAT_007688
CLM_0015387,PAT_007688
CLM_0015388,PAT_007688
CLM_0015389,PAT_007689
CLM_0015390,PAT_007689
CLM_0015391,PAT_007690
CLM_0015392,PAT_007690
CLM_0015393,PAT_007690
CLM_0015394,PAT_007691
CLM_0015395,PAT_007691
CLM_0015396,PAT_007692
CLM_0015397,PAT_007692
CLM_0015398,PAT_007693
CLM_0015399,PAT_007694
CLM_0015400,PAT_007695
CLM_0015401,PAT_007695
CLM_0015402,PAT_007695
CLM_0015403,PAT_007696
CLM_0015404,PAT_007697
CLM_0015405,PAT_007697
CLM_0015406,PAT_007698
CLM_0015407,PAT_007699
CLM_0015408,PAT_007700
CLM_0015409,PAT_007700
CLM_0015410,PAT_007701
CLM_0015411,PAT_007701
CLM_0015412,PAT_007702
CLM_0015413,PAT_007702
CLM_0015414,PAT_007702
CLM_0015415,PAT_007703
CLM_0015416,PAT_007703
CLM_0015417,PAT_007704
CLM_0015418,PAT_007705
CLM_0015419,PAT_007705
CLM_0015420,PAT_007706
CLM_0015421,PAT_007707
CLM_0015422,PAT_007708
CLM_0015423,PAT_007708
CLM_0015424,PAT_007708
CLM_0015425,PAT_007709
CLM_0015426,PAT_007709
CLM_0015427,PAT_007709
CLM_0015428,PAT_007710
CLM_0015429,PAT_007710
CLM_0015430,PAT_007710
CLM_0015431,PAT_007711
CLM_0015432,PAT_007712
CLM_0015433,PAT_007712
CLM_0015434,PAT_007712
CLM_0015435,PAT_007713
CLM_0015436,PAT_007713
CLM_0015437,PAT_007714
CLM_0015438,PAT_007714
CLM_0015439,PAT_007715
CLM_0015440,PAT_007716
CLM_0015441,PAT_007716
CLM_0015442,PAT_007717
CLM_0015443,PAT_007717
CLM_0015444,PAT_007718
CLM_0015445,PAT_007718
CLM_0015446,PAT_007719
CLM_0015447,PAT_007719
CLM_0015448,PAT_007720
CLM_0015449,PAT_007720
CLM_0015450,PAT_007720
CLM_0015451,PAT_007721
CLM_0015452,PAT_007722
CLM_0015453,PAT_007722
CLM_0015454,PAT_007723
CLM_0015455,PAT_007724
CLM_0015456,PAT_007724
CLM_0015457,PAT_007724
CLM_0015458,PAT_007725
CLM_0015459,PAT_007726
CLM_0015460,PAT_007727
CLM_0015461,PAT_007727
CLM_0015462,PAT_007727
CLM_0015463,PAT_007728
CLM_0015464,PAT_007729
CLM_0015465,PAT_007729
CLM_0015466,PAT_007729
CLM_0015467,PAT_007730
CLM_0015468,PAT_007730
CLM_0015469,PAT_007731
CLM_0015470,PAT_007731
CLM_0015471,PAT_007732
CLM_0015472,PAT_007732
CLM_0015473,PAT_007733
CLM_0015474,PAT_007734
CLM_0015475,PAT_007735
CLM_0015476,PAT_007735
CLM_0015477,PAT_007735
CLM_0015478,PAT_007736
CLM_0015479,PAT_007736
CLM_0015480,PAT_007736
CLM_0015481,PAT_007737
CLM_0015482,PAT_007737
CLM_0015483,PAT_007738
CLM_0015484,PAT_007739
CLM_0015485,PAT_007739
CLM_0015486,PAT_007740
CLM_0015487,PAT_007740
CLM_0015488,PAT_007740
CLM_0015489,PAT_007741
CLM_0015490,PAT_007741
CLM_0015491,PAT_007741
CLM_0015492,PAT_007742
CLM_0015493,PAT_007743
CLM_0015494,PAT_007743
CLM_0015495,PAT_007743
CLM_0015496,PAT_007744
CLM_0015497,PAT_007745
CLM_0015498,PAT_007745
CLM_0015499,PAT_007745
CLM_0015500,PAT_007746
CLM_0015501,PAT_007746
CLM_0015502,PAT_007746
CLM_0015503,PAT_007747
CLM_0015504,PAT_007747
CLM_0015505,PAT_007748
CLM_0015506,PAT_007748
CLM_0015507,PAT_007748
CLM_0015508,PAT_007749
CLM_0015509,PAT_007750
CLM_0015510,PAT_007751
CLM_0015511,PAT_007751
CLM_0015512,PAT_007751
CLM_0015513,PAT_007752
CLM_0015514,PAT_007752
CLM_0015515,PAT_007753
CLM_0015516,PAT_007754
CLM_0015517,PAT_007755
CLM_0015518,PAT_007755
CLM_0015519,PAT_007756
CLM_0015520,PAT_007756
CLM_0015521,PAT_007757
CLM_0015522,PAT_007757
CLM_0015523,PAT_007758
CLM_0015524,PAT_007759
CLM_0015525,PAT_007760
CLM_0015526,PAT_007761
CLM_0015527,PAT_007762
CLM_0015528,PAT_007762
CLM_0015529,PAT_007763
CLM_0015530,PAT_007763
CLM_0015531,PAT_007763
CLM_0015532,PAT_007764
CLM_0015533,PAT_007764
CLM_0015534,PAT_007764
CLM_0015535,PAT_007765
CLM_0015536,PAT_007766
CLM_0015537,PAT_007766
CLM_0015538,PAT_007767
CLM_0015539,PAT_007767
CLM_0015540,PAT_007768
CLM_0015541,PAT_007768
CLM_0015542,PAT_007769
CLM_0015543,PAT_007769
CLM_0015544,PAT_007769
CLM_0015545,PAT_007770
CLM_0015546,PAT_007770
CLM_0015547,PAT_007770
CLM_0015548,PAT_007771
CLM_0015549,PAT_007771
CLM_0015550,PAT_007771
CLM_0015551,PAT_007772
CLM_0015552,PAT_007773
CLM_0015553,PAT_007773
CLM_0015554,PAT_007773
CLM_0015555,PAT_007774
CLM_0015556,PAT_007775
CLM_0015557,PAT_007775
CLM_0015558,PAT_007775
CLM_0015559,PAT_007776
CLM_0015560,PAT_007776
CLM_0015561,PAT_007777
CLM_0015562,PAT_007777
CLM_0015563,PAT_007778
CLM_0015564,PAT_007779
CLM_0015565,PAT_007780
CLM_0015566,PAT_007780
CLM_0015567,PAT_007781
CLM_0015568,PAT_007782
CLM_0015569,PAT_007782
CLM_0015570,PAT_007782
CLM_0015571,PAT_007783
CLM_0015572,PAT_007783
CLM_0015573,PAT_007783
CLM_0015574,PAT_007784
CLM_0015575,PAT_007784
CLM_0015576,PAT_007784
CLM_0015577,PAT_007785
CLM_0015578,PAT_007786
CLM_0015579,PAT_007787
CLM_0015580,PAT_007788
CLM_0015581,PAT_007788
CLM_0015582,PAT_007788
CLM_0015583,PAT_007789
CLM_0015584,PAT_007790
CLM_0015585,PAT_007790
CLM_0015586,PAT_007790
CLM_0015587,PAT_007791
CLM_0015588,PAT_007792
CLM_0015589,PAT_007792
CLM_0015590,PAT_007793
CLM_0015591,PAT_007794
CLM_0015592,PAT_007794
CLM_0015593,PAT_007795
CLM_0015594,PAT_007795
CLM_0015595,PAT_007795
CLM_0015596,PAT_007796
CLM_0015597,PAT_007796
CLM_0015598,PAT_007796
CLM_0015599,PAT_007797
CLM_0015600,PAT_007797
CLM_0015601,PAT_007797
CLM_0015602,PAT_007798
CLM_0015603,PAT_007799
CLM_0015604,PAT_007799
CLM_0015605,PAT_007799
CLM_0015606,PAT_007800
CLM_0015607,PAT_007800
CLM_0015608,PAT_007801
CLM_0015609,PAT_007801
CLM_0015610,PAT_007801
CLM_0015611,PAT_007802
CLM_0015612,PAT_007803
CLM_0015613,PAT_007803
CLM_0015614,PAT_007803
CLM_0015615,PAT_007804
CLM_0015616,PAT_007804
CLM_0015617,PAT_007805
CLM_0015618,PAT_007805
CLM_0015619,PAT_007806
CLM_0015620,PAT_007807
CLM_0015621,PAT_007808
CLM_0015622,PAT_007808
CLM_0015623,PAT_007808
CLM_0015624,PAT_007809
CLM_0015625,PAT_007810
CLM_0015626,PAT_007810
CLM_0015627,PAT_007811
CLM_0015628,PAT_007811
CLM_0015629,PAT_007812
CLM_0015630,PAT_007813
CLM_0015631,PAT_007813
CLM_0015632,PAT_007813
CLM_0015633,PAT_007814
CLM_0015634,PAT_007814
CLM_0015635,PAT_007815
CLM_0015636,PAT_007815
CLM_0015637,PAT_007815
CLM_0015638,PAT_007816
CLM_0015639,PAT_007816
CLM_0015640,PAT_007817
CLM_0015641,PAT_007817
CLM_0015642,PAT_007817
CLM_0015643,PAT_007818
CLM_0015644,PAT_007818
CLM_0015645,PAT_007818
CLM_0015646,PAT_007819
CLM_0015647,PAT_007819
CLM_0015648,PAT_007819
CLM_0015649,PAT_007820
CLM_0015650,PAT_007820
CLM_0015651,PAT_007820
CLM_0015652,PAT_007821
CLM_0015653,PAT_007821
CLM_0015654,PAT_007821
CLM_0015655,PAT_007822
CLM_0015656,PAT_007823
CLM_0015657,PAT_007823
CLM_0015658,PAT_007824
CLM_0015659,PAT_007824
CLM_0015660,PAT_007825
CLM_0015661,PAT_007826
CLM_0015662,PAT_007826
CLM_0015663,PAT_007826
CLM_0015664,PAT_007827
CLM_0015665,PAT_007827
CLM_0015666,PAT_007827
CLM_0015667,PAT_007828
CLM_0015668,PAT_007828
CLM_0015669,PAT_007828
CLM_0015670,PAT_007829
CLM_0015671,PAT_007829
CLM_0015672,PAT_007830
CLM_0015673,PAT_007830
CLM_0015674,PAT_007831
CLM_0015675,PAT_007831
CLM_0015676,PAT_007832
CLM_0015677,PAT_007832
CLM_0015678,PAT_007833
CLM_0015679,PAT_007833
CLM_0015680,PAT_007834
CLM_0015681,PAT_007835
CLM_0015682,PAT_007836
CLM_0015683,PAT_007836
CLM_0015684,PAT_007836
CLM_0015685,PAT_007837
CLM_0015686,PAT_007837
CLM_0015687,PAT_007838
CLM_0015688,PAT_007838
CLM_0015689,PAT_007838
CLM_0015690,PAT_007839
CLM_0015691,PAT_007840
CLM_0015692,PAT_007840
CLM_0015693,PAT_007841
CLM_0015694,PAT_007842
CLM_0015695,PAT_007843
CLM_0015696,PAT_007843
CLM_0015697,PAT_007844
CLM_0015698,PAT_007844
CLM_0015699,PAT_007844
CLM_0015700,PAT_007845
CLM_0015701,PAT_007845
CLM_0015702,PAT_007846
CLM_0015703,PAT_007847
CLM_0015704,PAT_007847
CLM_0015705,PAT_007847
CLM_0015706,PAT_007848
CLM_0015707,PAT_007849
CLM_0015708,PAT_007849
CLM_0015709,PAT_007850
CLM_0015710,PAT_007850
CLM_0015711,PAT_007851
CLM_0015712,PAT_007851
CLM_0015713,PAT_007851
CLM_0015714,PAT_007852
CLM_0015715,PAT_007852
CLM_0015716,PAT_007853
CLM_0015717,PAT_007854
CLM_0015718,PAT_007855
CLM_0015719,PAT_007856
CLM_0015720,PAT_007857
CLM_0015721,PAT_007857
CLM_0015722,PAT_007857
CLM_0015723,PAT_007858
CLM_0015724,PAT_007858
CLM_0015725,PAT_007858
CLM_0015726,PAT_007859
CLM_0015727,PAT_007859
CLM_0015728,PAT_007859
CLM_0015729,PAT_007860
CLM_0015730,PAT_007860
CLM_0015731,PAT_007861
CLM_0015732,PAT_007862
CLM_0015733,PAT_007862
CLM_0015734,PAT_007863
CLM_0015735,PAT_007864
CLM_0015736,PAT_007864
CLM_0015737,PAT_007865
CLM_0015738,PAT_007866
CLM_0015739,PAT_007866
CLM_0015740,PAT_007867
CLM_0015741,PAT_007867
CLM_0015742,PAT_007867
CLM_0015743,PAT_007868
CLM_0015744,PAT_007868
CLM_0015745,PAT_007869
CLM_0015746,PAT_007869
CLM_0015747,PAT_007869
CLM_0015748,PAT_007870
CLM_0015749,PAT_007870
CLM_0015750,PAT_007871
CLM_0015751,PAT_007871
CLM_0015752,PAT_007871
CLM_0015753,PAT_007872
CLM_0015754,PAT_007873
CLM_0015755,PAT_007873
CLM_0015756,PAT_007873
CLM_0015757,PAT_007874
CLM_0015758,PAT_007874
CLM_0015759,PAT_007874
CLM_0015760,PAT_007875
CLM_0015761,PAT_007875
CLM_0015762,PAT_007876
CLM_0015763,PAT_007876
CLM_0015764,PAT_007876
CLM_0015765,PAT_007877
CLM_0015766,PAT_007877
CLM_0015767,PAT_007877
CLM_0015768,PAT_007878
CLM_0015769,PAT_007879
CLM_0015770,PAT_007879
CLM_0015771,PAT_007880
CLM_0015772,PAT_007880
CLM_0015773,PAT_007881
CLM_0015774,PAT_007882
CLM_0015775,PAT_007882
CLM_0015776,PAT_007882
CLM_0015777,PAT_007883
CLM_0015778,PAT_007883
CLM_0015779,PAT_007884
CLM_0015780,PAT_007885
CLM_0015781,PAT_007885
CLM_0015782,PAT_007886
CLM_0015783,PAT_007886
CLM_0015784,PAT_007886
CLM_0015785,PAT_007887
CLM_0015786,PAT_007888
CLM_0015787,PAT_007889
CLM_0015788,PAT_007889
CLM_0015789,PAT_007889
CLM_0015790,PAT_007890
CLM_0015791,PAT_007890
CLM_0015792,PAT_007891
CLM_0015793,PAT_007892
CLM_0015794,PAT_007892
CLM_0015795,PAT_007893
CLM_0015796,PAT_007893
CLM_0015797,PAT_007893
CLM_0015798,PAT_007894
CLM_0015799,PAT_007895
CLM_0015800,PAT_007896
CLM_0015801,PAT_007897
CLM_0015802,PAT_007897
CLM_0015803,PAT_007898
CLM_0015804,PAT_007898
CLM_0015805,PAT_007899
CLM_0015806,PAT_007900
CLM_0015807,PAT_007901
CLM_0015808,PAT_007901
CLM_0015809,PAT_007902
CLM_0015810,PAT_007903
CLM_0015811,PAT_007903
CLM_0015812,PAT_007903
CLM_0015813,PAT_007904
CLM_0015814,PAT_007904
CLM_0015815,PAT_007904
CLM_0015816,PAT_007905
CLM_0015817,PAT_007905
CLM_0015818,PAT_007905
CLM_0015819,PAT_007906
CLM_0015820,PAT_007906
CLM_0015821,PAT_007907
CLM_0015822,PAT_007907
CLM_0015823,PAT_007907
CLM_0015824,PAT_007908
CLM_0015825,PAT_007908
CLM_0015826,PAT_007908
CLM_0015827,PAT_007909
CLM_0015828,PAT_007910
CLM_0015829,PAT_007910
CLM_0015830,PAT_007911
CLM_0015831,PAT_007911
CLM_0015832,PAT_007911
CLM_0015833,PAT_007912
CLM_0015834,PAT_007913
CLM_0015835,PAT_007914
CLM_0015836,PAT_007914
CLM_0015837,PAT_007914
CLM_0015838,PAT_007915
CLM_0015839,PAT_007915
CLM_0015840,PAT_007916
CLM_0015841,PAT_007917
CLM_0015842,PAT_007918
CLM_0015843,PAT_007918
CLM_0015844,PAT_007918
CLM_0015845,PAT_007919
CLM_0015846,PAT_007920
CLM_0015847,PAT_007920
CLM_0015848,PAT_007921
CLM_0015849,PAT_007921
CLM_0015850,PAT_007921
CLM_0015851,PAT_007922
CLM_0015852,PAT_007923
CLM_0015853,PAT_007924
CLM_0015854,PAT_007924
CLM_0015855,PAT_007925
CLM_0015856,PAT_007925
CLM_0015857,PAT_007926
CLM_0015858,PAT_007926
CLM_0015859,PAT_007927
CLM_0015860,PAT_007928
CLM_0015861,PAT_007929
CLM_0015862,PAT_007929
CLM_0015863,PAT_007929
CLM_0015864,PAT_007930
CLM_0015865,PAT_007931
CLM_0015866,PAT_007932
CLM_0015867,PAT_007932
CLM_0015868,PAT_007933
CLM_0015869,PAT_007934
CLM_0015870,PAT_007934
CLM_0015871,PAT_007935
CLM_0015872,PAT_007935
CLM_0015873,PAT_007935
CLM_0015874,PAT_007936
CLM_0015875,PAT_007936
CLM_0015876,PAT_007936
CLM_0015877,PAT_007937
CLM_0015878,PAT_007937
CLM_0015879,PAT_007937
CLM_0015880,PAT_007938
CLM_0015881,PAT_007938
CLM_0015882,PAT_007938
CLM_0015883,PAT_007939
CLM_0015884,PAT_007940
CLM_0015885,PAT_007940
CLM_0015886,PAT_007941
CLM_0015887,PAT_007941
CLM_0015888,PAT_007941
CLM_0015889,PAT_007942
CLM_0015890,PAT_007942
CLM_0015891,PAT_007942
CLM_0015892,PAT_007943
CLM_0015893,PAT_007944
CLM_0015894,PAT_007944
CLM_0015895,PAT_007945
CLM_0015896,PAT_007945
CLM_0015897,PAT_007945
CLM_0015898,PAT_007946
CLM_0015899,PAT_007946
CLM_0015900,PAT_007947
CLM_0015901,PAT_007947
CLM_0015902,PAT_007948
CLM_0015903,PAT_007948
CLM_0015904,PAT_007948
CLM_0015905,PAT_007949
CLM_0015906,PAT_007949
CLM_0015907,PAT_007949
CLM_0015908,PAT_007950
CLM_0015909,PAT_007951
CLM_0015910,PAT_007951
CLM_0015911,PAT_007951
CLM_0015912,PAT_007952
CLM_0015913,PAT_007953
CLM_0015914,PAT_007953
CLM_0015915,PAT_007953
CLM_0015916,PAT_007954
CLM_0015917,PAT_007954
CLM_0015918,PAT_007955
CLM_0015919,PAT_007956
CLM_0015920,PAT_007957
CLM_0015921,PAT_007957
CLM_0015922,PAT_007957
CLM_0015923,PAT_007958
CLM_0015924,PAT_007958
CLM_0015925,PAT_007958
CLM_0015926,PAT_007959
CLM_0015927,PAT_007959
CLM_0015928,PAT_007959
CLM_0015929,PAT_007960
CLM_0015930,PAT_007960
CLM_0015931,PAT_007960
CLM_0015932,PAT_007961
CLM_0015933,PAT_007961
CLM_0015934,PAT_007962
CLM_0015935,PAT_007962
CLM_0015936,PAT_007962
CLM_0015937,PAT_007963
CLM_0015938,PAT_007963
CLM_0015939,PAT_007963
CLM_0015940,PAT_007964
CLM_0015941,PAT_007964
CLM_0015942,PAT_007965
CLM_0015943,PAT_007966
CLM_0015944,PAT_007966
CLM_0015945,PAT_007967
CLM_0015946,PAT_007968
CLM_0015947,PAT_007969
CLM_0015948,PAT_007969
CLM_0015949,PAT_007970
CLM_0015950,PAT_007971
CLM_0015951,PAT_007971
CLM_0015952,PAT_007971
CLM_0015953,PAT_007972
CLM_0015954,PAT_007973
CLM_0015955,PAT_007973
CLM_0015956,PAT_007973
CLM_0015957,PAT_007974
CLM_0015958,PAT_007974
CLM_0015959,PAT_007975
CLM_0015960,PAT_007975
CLM_0015961,PAT_007976
CLM_0015962,PAT_007976
CLM_0015963,PAT_007976
CLM_0015964,PAT_007977
CLM_0015965,PAT_007978
CLM_0015966,PAT_007979
CLM_0015967,PAT_007980
CLM_0015968,PAT_007980
CLM_0015969,PAT_007981
CLM_0015970,PAT_007981
CLM_0015971,PAT_007981
CLM_0015972,PAT_007982
CLM_0015973,PAT_007983
CLM_0015974,PAT_007983
CLM_0015975,PAT_007984
CLM_0015976,PAT_007985
CLM_0015977,PAT_007986
CLM_0015978,PAT_007986
CLM_0015979,PAT_007987
CLM_0015980,PAT_007988
CLM_0015981,PAT_007989
CLM_0015982,PAT_007990
CLM_0015983,PAT_007991
CLM_0015984,PAT_007992
CLM_0015985,PAT_007992
CLM_0015986,PAT_007993
CLM_0015987,PAT_007994
CLM_0015988,PAT_007995
CLM_0015989,PAT_007996
CLM_0015990,PAT_007996
CLM_0015991,PAT_007997
CLM_0015992,PAT_007998
CLM_0015993,PAT_007998
CLM_0015994,PAT_007999
CLM_0015995,PAT_008000
CLM_0015996,PAT_008000
CLM_0015997,PAT_008001
CLM_0015998,PAT_008001
CLM_0015999,PAT_008001
CLM_0016000,PAT_008002
CLM_0016001,PAT_008002
CLM_0016002,PAT_008003
CLM_0016003,PAT_008004
CLM_0016004,PAT_008004
CLM_0016005,PAT_008004
CLM_0016006,PAT_008005
CLM_0016007,PAT_008006
CLM_0016008,PAT_008006
CLM_0016009,PAT_008007
CLM_0016010,PAT_008007
CLM_0016011,PAT_008008
CLM_0016012,PAT_008009
CLM_0016013,PAT_008009
CLM_0016014,PAT_008010
CLM_0016015,PAT_008011
CLM_0016016,PAT_008011
CLM_0016017,PAT_008011
CLM_0016018,PAT_008012
CLM_0016019,PAT_008012
CLM_0016020,PAT_008012
CLM_0016021,PAT_008013
CLM_0016022,PAT_008013
CLM_0016023,PAT_008014
CLM_0016024,PAT_008015
CLM_0016025,PAT_008016
CLM_0016026,PAT_008016
CLM_0016027,PAT_008016
CLM_0016028,PAT_008017
CLM_0016029,PAT_008018
CLM_0016030,PAT_008019
CLM_0016031,PAT_008019
CLM_0016032,PAT_008019
CLM_0016033,PAT_008020
CLM_0016034,PAT_008020
CLM_0016035,PAT_008021
CLM_0016036,PAT_008021
CLM_0016037,PAT_008021
CLM_0016038,PAT_008022
CLM_0016039,PAT_008023
CLM_0016040,PAT_008023
CLM_0016041,PAT_008023
CLM_0016042,PAT_008024
CLM_0016043,PAT_008024
CLM_0016044,PAT_008024
CLM_0016045,PAT_008025
CLM_0016046,PAT_008025
CLM_0016047,PAT_008025
CLM_0016048,PAT_008026
CLM_0016049,PAT_008027
CLM_0016050,PAT_008027
CLM_0016051,PAT_008028
CLM_0016052,PAT_008028
CLM_0016053,PAT_008028
CLM_0016054,PAT_008029
CLM_0016055,PAT_008030
CLM_0016056,PAT_008031
CLM_0016057,PAT_008031
CLM_0016058,PAT_008032
CLM_0016059,PAT_008032
CLM_0016060,PAT_008033
CLM_0016061,PAT_008033
CLM_0016062,PAT_008034
CLM_0016063,PAT_008035
CLM_0016064,PAT_008036
CLM_0016065,PAT_008036
CLM_0016066,PAT_008036
CLM_0016067,PAT_008037
CLM_0016068,PAT_008038
CLM_0016069,PAT_008038
CLM_0016070,PAT_008038
CLM_0016071,PAT_008039
CLM_0016072,PAT_008040
CLM_0016073,PAT_008040
CLM_0016074,PAT_008040
CLM_0016075,PAT_008041
CLM_0016076,PAT_008042
CLM_0016077,PAT_008042
CLM_0016078,PAT_008043
CLM_0016079,PAT_008043
CLM_0016080,PAT_008044
CLM_0016081,PAT_008044
CLM_0016082,PAT_008044
CLM_0016083,PAT_008045
CLM_0016084,PAT_008045
CLM_0016085,PAT_008046
CLM_0016086,PAT_008046
CLM_0016087,PAT_008047
CLM_0016088,PAT_008047
CLM_0016089,PAT_008048
CLM_0016090,PAT_008048
CLM_0016091,PAT_008048
CLM_0016092,PAT_008049
CLM_0016093,PAT_008049
CLM_0016094,PAT_008049
CLM_0016095,PAT_008050
CLM_0016096,PAT_008050
CLM_0016097,PAT_008051
CLM_0016098,PAT_008051
CLM_0016099,PAT_008052
CLM_0016100,PAT_008052
CLM_0016101,PAT_008052
CLM_0016102,PAT_008053
CLM_0016103,PAT_008053
CLM_0016104,PAT_008053
CLM_0016105,PAT_008054
CLM_0016106,PAT_008054
CLM_0016107,PAT_008054
CLM_0016108,PAT_008055
CLM_0016109,PAT_008055
CLM_0016110,PAT_008055
CLM_0016111,PAT_008056
CLM_0016112,PAT_008056
CLM_0016113,PAT_008056
CLM_0016114,PAT_008057
CLM_0016115,PAT_008057
CLM_0016116,PAT_008058
CLM_0016117,PAT_008058
CLM_0016118,PAT_008059
CLM_0016119,PAT_008059
CLM_0016120,PAT_008059
CLM_0016121,PAT_008060
CLM_0016122,PAT_008060
CLM_0016123,PAT_008061
CLM_0016124,PAT_008062
CLM_0016125,PAT_008062
CLM_0016126,PAT_008062
CLM_0016127,PAT_008063
CLM_0016128,PAT_008063
CLM_0016129,PAT_008064
CLM_0016130,PAT_008064
CLM_0016131,PAT_008064
CLM_0016132,PAT_008065
CLM_0016133,PAT_008065
CLM_0016134,PAT_008066
CLM_0016135,PAT_008066
CLM_0016136,PAT_008066
CLM_0016137,PAT_008067
CLM_0016138,PAT_008068
CLM_0016139,PAT_008068
CLM_0016140,PAT_008068
CLM_0016141,PAT_008069
CLM_0016142,PAT_008070
CLM_0016143,PAT_008070
CLM_0016144,PAT_008071
CLM_0016145,PAT_008071
CLM_0016146,PAT_008072
CLM_0016147,PAT_008073
CLM_0016148,PAT_008073
CLM_0016149,PAT_008073
CLM_0016150,PAT_008074
CLM_0016151,PAT_008075
CLM_0016152,PAT_008075
CLM_0016153,PAT_008075
CLM_0016154,PAT_008076
CLM_0016155,PAT_008076
CLM_0016156,PAT_008076
CLM_0016157,PAT_008077
CLM_0016158,PAT_008077
CLM_0016159,PAT_008078
CLM_0016160,PAT_008078
CLM_0016161,PAT_008078
CLM_0016162,PAT_008079
CLM_0016163,PAT_008080
CLM_0016164,PAT_008080
CLM_0016165,PAT_008081
CLM_0016166,PAT_008081
CLM_0016167,PAT_008082
CLM_0016168,PAT_008082
CLM_0016169,PAT_008083
CLM_0016170,PAT_008084
CLM_0016171,PAT_008084
CLM_0016172,PAT_008085
CLM_0016173,PAT_008085
CLM_0016174,PAT_008085
CLM_0016175,PAT_008086
CLM_0016176,PAT_008087
CLM_0016177,PAT_008087
CLM_0016178,PAT_008088
CLM_0016179,PAT_008088
CLM_0016180,PAT_008089
CLM_0016181,PAT_008090
CLM_0016182,PAT_008091
CLM_0016183,PAT_008091
CLM_0016184,PAT_008091
CLM_0016185,PAT_008092
CLM_0016186,PAT_008092
CLM_0016187,PAT_008093
CLM_0016188,PAT_008093
CLM_0016189,PAT_008094
CLM_0016190,PAT_008095
CLM_0016191,PAT_008096
CLM_0016192,PAT_008097
CLM_0016193,PAT_008097
CLM_0016194,PAT_008097
CLM_0016195,PAT_008098
CLM_0016196,PAT_008098
CLM_0016197,PAT_008098
CLM_0016198,PAT_008099
CLM_0016199,PAT_008100
CLM_0016200,PAT_008101
CLM_0016201,PAT_008101
CLM_0016202,PAT_008101
CLM_0016203,PAT_008102
CLM_0016204,PAT_008102
CLM_0016205,PAT_008103
CLM_0016206,PAT_008104
CLM_0016207,PAT_008104
CLM_0016208,PAT_008104
CLM_0016209,PAT_008105
CLM_0016210,PAT_008105
CLM_0016211,PAT_008106
CLM_0016212,PAT_008106
CLM_0016213,PAT_008107
CLM_0016214,PAT_008108
CLM_0016215,PAT_008109
CLM_0016216,PAT_008109
CLM_0016217,PAT_008109
CLM_0016218,PAT_008110
CLM_0016219,PAT_008110
CLM_0016220,PAT_008111
CLM_0016221,PAT_008111
CLM_0016222,PAT_008111
CLM_0016223,PAT_008112
CLM_0016224,PAT_008112
CLM_0016225,PAT_008113
CLM_0016226,PAT_008114
CLM_0016227,PAT_008114
CLM_0016228,PAT_008115
CLM_0016229,PAT_008115
CLM_0016230,PAT_008116
CLM_0016231,PAT_008116
CLM_0016232,PAT_008116
CLM_0016233,PAT_008117
CLM_0016234,PAT_008118
CLM_0016235,PAT_008118
CLM_0016236,PAT_008118
CLM_0016237,PAT_008119
CLM_0016238,PAT_008119
CLM_0016239,PAT_008120
CLM_0016240,PAT_008120
CLM_0016241,PAT_008121
CLM_0016242,PAT_008121
CLM_0016243,PAT_008121
CLM_0016244,PAT_008122
CLM_0016245,PAT_008122
CLM_0016246,PAT_008122
CLM_0016247,PAT_008123
CLM_0016248,PAT_008123
CLM_0016249,PAT_008123
CLM_0016250,PAT_008124
CLM_0016251,PAT_008124
CLM_0016252,PAT_008124
CLM_0016253,PAT_008125
CLM_0016254,PAT_008125
CLM_0016255,PAT_008125
CLM_0016256,PAT_008126
CLM_0016257,PAT_008126
CLM_0016258,PAT_008126
CLM_0016259,PAT_008127
CLM_0016260,PAT_008128
CLM_0016261,PAT_008128
CLM_0016262,PAT_008129
CLM_0016263,PAT_008130
CLM_0016264,PAT_008131
CLM_0016265,PAT_008131
CLM_0016266,PAT_008132
CLM_0016267,PAT_008132
CLM_0016268,PAT_008133
CLM_0016269,PAT_008133
CLM_0016270,PAT_008134
CLM_0016271,PAT_008135
CLM_0016272,PAT_008135
CLM_0016273,PAT_008136
CLM_0016274,PAT_008136
CLM_0016275,PAT_008136
CLM_0016276,PAT_008137
CLM_0016277,PAT_008138
CLM_0016278,PAT_008139
CLM_0016279,PAT_008139
CLM_0016280,PAT_008139
CLM_0016281,PAT_008140
CLM_0016282,PAT_008141
CLM_0016283,PAT_008141
CLM_0016284,PAT_008142
CLM_0016285,PAT_008142
CLM_0016286,PAT_008143
CLM_0016287,PAT_008143
CLM_0016288,PAT_008144
CLM_0016289,PAT_008145
CLM_0016290,PAT_008145
CLM_0016291,PAT_008145
CLM_0016292,PAT_008146
CLM_0016293,PAT_008147
CLM_0016294,PAT_008148
CLM_0016295,PAT_008149
CLM_0016296,PAT_008149
CLM_0016297,PAT_008149
CLM_0016298,PAT_008150
CLM_0016299,PAT_008151
CLM_0016300,PAT_008151
CLM_0016301,PAT_008152
CLM_0016302,PAT_008152
CLM_0016303,PAT_008152
CLM_0016304,PAT_008153
CLM_0016305,PAT_008154
CLM_0016306,PAT_008155
CLM_0016307,PAT_008155
CLM_0016308,PAT_008156
CLM_0016309,PAT_008156
CLM_0016310,PAT_008156
CLM_0016311,PAT_008157
CLM_0016312,PAT_008157
CLM_0016313,PAT_008157
CLM_0016314,PAT_008158
CLM_0016315,PAT_008158
CLM_0016316,PAT_008159
CLM_0016317,PAT_008160
CLM_0016318,PAT_008160
CLM_0016319,PAT_008160
CLM_0016320,PAT_008161
CLM_0016321,PAT_008161
CLM_0016322,PAT_008161
CLM_0016323,PAT_008162
CLM_0016324,PAT_008162
CLM_0016325,PAT_008163
CLM_0016326,PAT_008163
CLM_0016327,PAT_008164
CLM_0016328,PAT_008164
CLM_0016329,PAT_008165
CLM_0016330,PAT_008165
CLM_0016331,PAT_008165
CLM_0016332,PAT_008166
CLM_0016333,PAT_008167
CLM_0016334,PAT_008167
CLM_0016335,PAT_008168
CLM_0016336,PAT_008169
CLM_0016337,PAT_008169
CLM_0016338,PAT_008170
CLM_0016339,PAT_008170
CLM_0016340,PAT_008170
CLM_0016341,PAT_008171
CLM_0016342,PAT_008172
CLM_0016343,PAT_008172
CLM_0016344,PAT_008173
CLM_0016345,PAT_008173
CLM_0016346,PAT_008174
CLM_0016347,PAT_008174
CLM_0016348,PAT_008174
CLM_0016349,PAT_008175
CLM_0016350,PAT_008176
CLM_0016351,PAT_008176
CLM_0016352,PAT_008176
CLM_0016353,PAT_008177
CLM_0016354,PAT_008177
CLM_0016355,PAT_008178
CLM_0016356,PAT_008179
CLM_0016357,PAT_008180
CLM_0016358,PAT_008181
CLM_0016359,PAT_008182
CLM_0016360,PAT_008182
CLM_0016361,PAT_008183
CLM_0016362,PAT_008183
CLM_0016363,PAT_008183
CLM_0016364,PAT_008184
CLM_0016365,PAT_008184
CLM_0016366,PAT_008184
CLM_0016367,PAT_008185
CLM_0016368,PAT_008185
CLM_0016369,PAT_008185
CLM_0016370,PAT_008186
CLM_0016371,PAT_008186
CLM_0016372,PAT_008187
CLM_0016373,PAT_008187
CLM_0016374,PAT_008188
CLM_0016375,PAT_008188
CLM_0016376,PAT_008188
CLM_0016377,PAT_008189
CLM_0016378,PAT_008189
CLM_0016379,PAT_008189
CLM_0016380,PAT_008190
CLM_0016381,PAT_008190
CLM_0016382,PAT_008191
CLM_0016383,PAT_008191
CLM_0016384,PAT_008191
CLM_0016385,PAT_008192
CLM_0016386,PAT_008193
CLM_0016387,PAT_008193
CLM_0016388,PAT_008194
CLM_0016389,PAT_008195
CLM_0016390,PAT_008195
CLM_0016391,PAT_008196
CLM_0016392,PAT_008196
CLM_0016393,PAT_008197
CLM_0016394,PAT_008197
CLM_0016395,PAT_008197
CLM_0016396,PAT_008198
CLM_0016397,PAT_008199
CLM_0016398,PAT_008199
CLM_0016399,PAT_008200
CLM_0016400,PAT_008200
CLM_0016401,PAT_008200
CLM_0016402,PAT_008201
CLM_0016403,PAT_008202
CLM_0016404,PAT_008203
CLM_0016405,PAT_008203
CLM_0016406,PAT_008203
CLM_0016407,PAT_008204
CLM_0016408,PAT_008204
CLM_0016409,PAT_008204
CLM_0016410,PAT_008205
CLM_0016411,PAT_008205
CLM_0016412,PAT_008206
CLM_0016413,PAT_008206
CLM_0016414,PAT_008207
CLM_0016415,PAT_008207
CLM_0016416,PAT_008208
CLM_0016417,PAT_008208
CLM_0016418,PAT_008209
CLM_0016419,PAT_008209
CLM_0016420,PAT_008210
CLM_0016421,PAT_008210
CLM_0016422,PAT_008210
CLM_0016423,PAT_008211
CLM_0016424,PAT_008211
CLM_0016425,PAT_008212
CLM_0016426,PAT_008212
CLM_0016427,PAT_008213
CLM_0016428,PAT_008214
CLM_0016429,PAT_008214
CLM_0016430,PAT_008214
CLM_0016431,PAT_008215
CLM_0016432,PAT_008215
CLM_0016433,PAT_008215
CLM_0016434,PAT_008216
CLM_0016435,PAT_008217
CLM_0016436,PAT_008218
CLM_0016437,PAT_008219
CLM_0016438,PAT_008219
CLM_0016439,PAT_008220
CLM_0016440,PAT_008221
CLM_0016441,PAT_008221
CLM_0016442,PAT_008222
CLM_0016443,PAT_008222
CLM_0016444,PAT_008222
CLM_0016445,PAT_008223
CLM_0016446,PAT_008223
CLM_0016447,PAT_008224
CLM_0016448,PAT_008224
CLM_0016449,PAT_008225
CLM_0016450,PAT_008226
CLM_0016451,PAT_008227
CLM_0016452,PAT_008227
CLM_0016453,PAT_008228
CLM_0016454,PAT_008228
CLM_0016455,PAT_008228
CLM_0016456,PAT_008229
CLM_0016457,PAT_008229
CLM_0016458,PAT_008229
CLM_0016459,PAT_008230
CLM_0016460,PAT_008230
CLM_0016461,PAT_008231
CLM_0016462,PAT_008232
CLM_0016463,PAT_008232
CLM_0016464,PAT_008232
CLM_0016465,PAT_008233
CLM_0016466,PAT_008233
CLM_0016467,PAT_008233
CLM_0016468,PAT_008234
CLM_0016469,PAT_008234
CLM_0016470,PAT_008235
CLM_0016471,PAT_008235
CLM_0016472,PAT_008236
CLM_0016473,PAT_008236
CLM_0016474,PAT_008236
CLM_0016475,PAT_008237
CLM_0016476,PAT_008237
CLM_0016477,PAT_008237
CLM_0016478,PAT_008238
CLM_0016479,PAT_008239
CLM_0016480,PAT_008239
CLM_0016481,PAT_008240
CLM_0016482,PAT_008240
CLM_0016483,PAT_008241
CLM_0016484,PAT_008242
CLM_0016485,PAT_008242
CLM_0016486,PAT_008242
CLM_0016487,PAT_008243
CLM_0016488,PAT_008243
CLM_0016489,PAT_008243
CLM_0016490,PAT_008244
CLM_0016491,PAT_008244
CLM_0016492,PAT_008244
CLM_0016493,PAT_008245
CLM_0016494,PAT_008245
CLM_0016495,PAT_008245
CLM_0016496,PAT_008246
CLM_0016497,PAT_008246
CLM_0016498,PAT_008247
CLM_0016499,PAT_008247
CLM_0016500,PAT_008248
CLM_0016501,PAT_008248
CLM_0016502,PAT_008249
CLM_0016503,PAT_008249
CLM_0016504,PAT_008249
CLM_0016505,PAT_008250
CLM_0016506,PAT_008250
CLM_0016507,PAT_008250
CLM_0016508,PAT_008251
CLM_0016509,PAT_008251
CLM_0016510,PAT_008252
CLM_0016511,PAT_008252
CLM_0016512,PAT_008253
CLM_0016513,PAT_008254
CLM_0016514,PAT_008254
CLM_0016515,PAT_008255
CLM_0016516,PAT_008255
CLM_0016517,PAT_008255
CLM_0016518,PAT_008256
CLM_0016519,PAT_008256
CLM_0016520,PAT_008257
CLM_0016521,PAT_008257
CLM_0016522,PAT_008257
CLM_0016523,PAT_008258
CLM_0016524,PAT_008258
CLM_0016525,PAT_008258
CLM_0016526,PAT_008259
CLM_0016527,PAT_008259
CLM_0016528,PAT_008260
CLM_0016529,PAT_008261
CLM_0016530,PAT_008261
CLM_0016531,PAT_008261
CLM_0016532,PAT_008262
CLM_0016533,PAT_008262
CLM_0016534,PAT_008263
CLM_0016535,PAT_008263
CLM_0016536,PAT_008264
CLM_0016537,PAT_008264
CLM_0016538,PAT_008264
CLM_0016539,PAT_008265
CLM_0016540,PAT_008266
CLM_0016541,PAT_008266
CLM_0016542,PAT_008266
CLM_0016543,PAT_008267
CLM_0016544,PAT_008267
CLM_0016545,PAT_008267
CLM_0016546,PAT_008268
CLM_0016547,PAT_008268
CLM_0016548,PAT_008269
CLM_0016549,PAT_008270
CLM_0016550,PAT_008270
CLM_0016551,PAT_008270
CLM_0016552,PAT_008271
CLM_0016553,PAT_008271
CLM_0016554,PAT_008272
CLM_0016555,PAT_008272
CLM_0016556,PAT_008273
CLM_0016557,PAT_008274
CLM_0016558,PAT_008274
CLM_0016559,PAT_008274
CLM_0016560,PAT_008275
CLM_0016561,PAT_008276
CLM_0016562,PAT_008276
CLM_0016563,PAT_008277
CLM_0016564,PAT_008277
CLM_0016565,PAT_008277
CLM_0016566,PAT_008278
CLM_0016567,PAT_008278
CLM_0016568,PAT_008279
CLM_0016569,PAT_008279
CLM_0016570,PAT_008280
CLM_0016571,PAT_008280
CLM_0016572,PAT_008281
CLM_0016573,PAT_008281
CLM_0016574,PAT_008282
CLM_0016575,PAT_008282
CLM_0016576,PAT_008282
CLM_0016577,PAT_008283
CLM_0016578,PAT_008283
CLM_0016579,PAT_008283
CLM_0016580,PAT_008284
CLM_0016581,PAT_008284
CLM_0016582,PAT_008285
CLM_0016583,PAT_008285
CLM_0016584,PAT_008286
CLM_0016585,PAT_008286
CLM_0016586,PAT_008287
CLM_0016587,PAT_008287
CLM_0016588,PAT_008287
CLM_0016589,PAT_008288
CLM_0016590,PAT_008288
CLM_0016591,PAT_008288
CLM_0016592,PAT_008289
CLM_0016593,PAT_008289
CLM_0016594,PAT_008290
CLM_0016595,PAT_008290
CLM_0016596,PAT_008290
CLM_0016597,PAT_008291
CLM_0016598,PAT_008292
CLM_0016599,PAT_008292
CLM_0016600,PAT_008293
CLM_0016601,PAT_008293
CLM_0016602,PAT_008294
CLM_0016603,PAT_008294
CLM_0016604,PAT_008294
CLM_0016605,PAT_008295
CLM_0016606,PAT_008296
CLM_0016607,PAT_008297
CLM_0016608,PAT_008297
CLM_0016609,PAT_008298
CLM_0016610,PAT_008298
CLM_0016611,PAT_008298
CLM_0016612,PAT_008299
CLM_0016613,PAT_008299
CLM_0016614,PAT_008299
CLM_0016615,PAT_008300
CLM_0016616,PAT_008300
CLM_0016617,PAT_008300
CLM_0016618,PAT_008301
CLM_0016619,PAT_008302
CLM_0016620,PAT_008302
CLM_0016621,PAT_008302
CLM_0016622,PAT_008303
CLM_0016623,PAT_008304
CLM_0016624,PAT_008305
CLM_0016625,PAT_008305
CLM_0016626,PAT_008306
CLM_0016627,PAT_008307
CLM_0016628,PAT_008308
CLM_0016629,PAT_008308
CLM_0016630,PAT_008309
CLM_0016631,PAT_008309
CLM_0016632,PAT_008310
CLM_0016633,PAT_008311
CLM_0016634,PAT_008311
CLM_0016635,PAT_008312
CLM_0016636,PAT_008313
CLM_0016637,PAT_008313
CLM_0016638,PAT_008313
CLM_0016639,PAT_008314
CLM_0016640,PAT_008314
CLM_0016641,PAT_008314
CLM_0016642,PAT_008315
CLM_0016643,PAT_008315
CLM_0016644,PAT_008315
CLM_0016645,PAT_008316
CLM_0016646,PAT_008316
CLM_0016647,PAT_008317
CLM_0016648,PAT_008317
CLM_0016649,PAT_008318
CLM_0016650,PAT_008318
CLM_0016651,PAT_008318
CLM_0016652,PAT_008319
CLM_0016653,PAT_008319
CLM_0016654,PAT_008320
CLM_0016655,PAT_008320
CLM_0016656,PAT_008321
CLM_0016657,PAT_008321
CLM_0016658,PAT_008322
CLM_0016659,PAT_008322
CLM_0016660,PAT_008322
CLM_0016661,PAT_008323
CLM_0016662,PAT_008324
CLM_0016663,PAT_008324
CLM_0016664,PAT_008324
CLM_0016665,PAT_008325
CLM_0016666,PAT_008325
CLM_0016667,PAT_008325
CLM_0016668,PAT_008326
CLM_0016669,PAT_008326
CLM_0016670,PAT_008326
CLM_0016671,PAT_008327
CLM_0016672,PAT_008327
CLM_0016673,PAT_008327
CLM_0016674,PAT_008328
CLM_0016675,PAT_008328
CLM_0016676,PAT_008328
CLM_0016677,PAT_008329
CLM_0016678,PAT_008330
CLM_0016679,PAT_008330
CLM_0016680,PAT_008330
CLM_0016681,PAT_008331
CLM_0016682,PAT_008332
CLM_0016683,PAT_008332
CLM_0016684,PAT_008332
CLM_0016685,PAT_008333
CLM_0016686,PAT_008334
CLM_0016687,PAT_008334
CLM_0016688,PAT_008335
CLM_0016689,PAT_008335
CLM_0016690,PAT_008336
CLM_0016691,PAT_008337
CLM_0016692,PAT_008337
CLM_0016693,PAT_008338
CLM_0016694,PAT_008338
CLM_0016695,PAT_008339
CLM_0016696,PAT_008339
CLM_0016697,PAT_008340
CLM_0016698,PAT_008341
CLM_0016699,PAT_008341
CLM_0016700,PAT_008341
CLM_0016701,PAT_008342
CLM_0016702,PAT_008342
CLM_0016703,PAT_008343
CLM_0016704,PAT_008344
CLM_0016705,PAT_008344
CLM_0016706,PAT_008344
CLM_0016707,PAT_008345
CLM_0016708,PAT_008345
CLM_0016709,PAT_008345
CLM_0016710,PAT_008346
CLM_0016711,PAT_008347
CLM_0016712,PAT_008347
CLM_0016713,PAT_008348
CLM_0016714,PAT_008348
CLM_0016715,PAT_008349
CLM_0016716,PAT_008349
CLM_0016717,PAT_008349
CLM_0016718,PAT_008350
CLM_0016719,PAT_008351
CLM_0016720,PAT_008351
CLM_0016721,PAT_008352
CLM_0016722,PAT_008352
CLM_0016723,PAT_008352
CLM_0016724,PAT_008353
CLM_0016725,PAT_008353
CLM_0016726,PAT_008353
CLM_0016727,PAT_008354
CLM_0016728,PAT_008354
CLM_0016729,PAT_008354
CLM_0016730,PAT_008355
CLM_0016731,PAT_008355
CLM_0016732,PAT_008355
CLM_0016733,PAT_008356
CLM_0016734,PAT_008356
CLM_0016735,PAT_008356
CLM_0016736,PAT_008357
CLM_0016737,PAT_008358
CLM_0016738,PAT_008358
CLM_0016739,PAT_008358
CLM_0016740,PAT_008359
CLM_0016741,PAT_008360
CLM_0016742,PAT_008361
CLM_0016743,PAT_008361
CLM_0016744,PAT_008362
CLM_0016745,PAT_008362
CLM_0016746,PAT_008363
CLM_0016747,PAT_008363
CLM_0016748,PAT_008363
CLM_0016749,PAT_008364
CLM_0016750,PAT_008365
CLM_0016751,PAT_008366
CLM_0016752,PAT_008366
CLM_0016753,PAT_008367
CLM_0016754,PAT_008367
CLM_0016755,PAT_008367
CLM_0016756,PAT_008368
CLM_0016757,PAT_008368
CLM_0016758,PAT_008368
CLM_0016759,PAT_008369
CLM_0016760,PAT_008370
CLM_0016761,PAT_008370
CLM_0016762,PAT_008370
CLM_0016763,PAT_008371
CLM_0016764,PAT_008372
CLM_0016765,PAT_008373
CLM_0016766,PAT_008373
CLM_0016767,PAT_008373
CLM_0016768,PAT_008374
CLM_0016769,PAT_008374
CLM_0016770,PAT_008375
CLM_0016771,PAT_008375
CLM_0016772,PAT_008375
CLM_0016773,PAT_008376
CLM_0016774,PAT_008377
CLM_0016775,PAT_008378
CLM_0016776,PAT_008379
CLM_0016777,PAT_008380
CLM_0016778,PAT_008380
CLM_0016779,PAT_008381
CLM_0016780,PAT_008381
CLM_0016781,PAT_008382
CLM_0016782,PAT_008382
CLM_0016783,PAT_008382
CLM_0016784,PAT_008383
CLM_0016785,PAT_008383
CLM_0016786,PAT_008384
CLM_0016787,PAT_008385
CLM_0016788,PAT_008386
CLM_0016789,PAT_008386
CLM_0016790,PAT_008387
CLM_0016791,PAT_008388
CLM_0016792,PAT_008388
CLM_0016793,PAT_008388
CLM_0016794,PAT_008389
CLM_0016795,PAT_008389
CLM_0016796,PAT_008389
CLM_0016797,PAT_008390
CLM_0016798,PAT_008391
CLM_0016799,PAT_008392
CLM_0016800,PAT_008392
CLM_0016801,PAT_008392
CLM_0016802,PAT_008393
CLM_0016803,PAT_008393
CLM_0016804,PAT_008394
CLM_0016805,PAT_008394
CLM_0016806,PAT_008395
CLM_0016807,PAT_008395
CLM_0016808,PAT_008395
CLM_0016809,PAT_008396
CLM_0016810,PAT_008396
CLM_0016811,PAT_008397
CLM_0016812,PAT_008397
CLM_0016813,PAT_008397
CLM_0016814,PAT_008398
CLM_0016815,PAT_008398
CLM_0016816,PAT_008398
CLM_0016817,PAT_008399
CLM_0016818,PAT_008400
CLM_0016819,PAT_008400
CLM_0016820,PAT_008401
CLM_0016821,PAT_008401
CLM_0016822,PAT_008401
CLM_0016823,PAT_008402
CLM_0016824,PAT_008402
CLM_0016825,PAT_008402
CLM_0016826,PAT_008403
CLM_0016827,PAT_008403
CLM_0016828,PAT_008404
CLM_0016829,PAT_008405
CLM_0016830,PAT_008406
CLM_0016831,PAT_008407
CLM_0016832,PAT_008407
CLM_0016833,PAT_008407
CLM_0016834,PAT_008408
CLM_0016835,PAT_008408
CLM_0016836,PAT_008409
CLM_0016837,PAT_008409
CLM_0016838,PAT_008409
CLM_0016839,PAT_008410
CLM_0016840,PAT_008410
CLM_0016841,PAT_008410
CLM_0016842,PAT_008411
CLM_0016843,PAT_008411
CLM_0016844,PAT_008412
CLM_0016845,PAT_008412
CLM_0016846,PAT_008413
CLM_0016847,PAT_008414
CLM_0016848,PAT_008415
CLM_0016849,PAT_008416
CLM_0016850,PAT_008416
CLM_0016851,PAT_008417
CLM_0016852,PAT_008417
CLM_0016853,PAT_008417
CLM_0016854,PAT_008418
CLM_0016855,PAT_008418
CLM_0016856,PAT_008418
CLM_0016857,PAT_008419
CLM_0016858,PAT_008420
CLM_0016859,PAT_008420
CLM_0016860,PAT_008420
CLM_0016861,PAT_008421
CLM_0016862,PAT_008421
CLM_0016863,PAT_008421
CLM_0016864,PAT_008422
CLM_0016865,PAT_008422
CLM_0016866,PAT_008422
CLM_0016867,PAT_008423
CLM_0016868,PAT_008423
CLM_0016869,PAT_008424
CLM_0016870,PAT_008424
CLM_0016871,PAT_008425
CLM_0016872,PAT_008426
CLM_0016873,PAT_008427
CLM_0016874,PAT_008427
CLM_0016875,PAT_008427
CLM_0016876,PAT_008428
CLM_0016877,PAT_008428
CLM_0016878,PAT_008429
CLM_0016879,PAT_008430
CLM_0016880,PAT_008431
CLM_0016881,PAT_008432
CLM_0016882,PAT_008432
CLM_0016883,PAT_008433
CLM_0016884,PAT_008433
CLM_0016885,PAT_008433
CLM_0016886,PAT_008434
CLM_0016887,PAT_008434
CLM_0016888,PAT_008435
CLM_0016889,PAT_008436
CLM_0016890,PAT_008436
CLM_0016891,PAT_008436
CLM_0016892,PAT_008437
CLM_0016893,PAT_008438
CLM_0016894,PAT_008439
CLM_0016895,PAT_008439
CLM_0016896,PAT_008439
CLM_0016897,PAT_008440
CLM_0016898,PAT_008440
CLM_0016899,PAT_008441
CLM_0016900,PAT_008442
CLM_0016901,PAT_008442
CLM_0016902,PAT_008443
CLM_0016903,PAT_008443
CLM_0016904,PAT_008444
CLM_0016905,PAT_008444
CLM_0016906,PAT_008445
CLM_0016907,PAT_008445
CLM_0016908,PAT_008445
CLM_0016909,PAT_008446
CLM_0016910,PAT_008446
CLM_0016911,PAT_008446
CLM_0016912,PAT_008447
CLM_0016913,PAT_008447
CLM_0016914,PAT_008447
CLM_0016915,PAT_008448
CLM_0016916,PAT_008448
CLM_0016917,PAT_008449
CLM_0016918,PAT_008450
CLM_0016919,PAT_008450
CLM_0016920,PAT_008451
CLM_0016921,PAT_008451
CLM_0016922,PAT_008452
CLM_0016923,PAT_008453
CLM_0016924,PAT_008453
CLM_0016925,PAT_008453
CLM_0016926,PAT_008454
CLM_0016927,PAT_008454
CLM_0016928,PAT_008455
CLM_0016929,PAT_008455
CLM_0016930,PAT_008456
CLM_0016931,PAT_008456
CLM_0016932,PAT_008456
CLM_0016933,PAT_008457
CLM_0016934,PAT_008457
CLM_0016935,PAT_008458
CLM_0016936,PAT_008458
CLM_0016937,PAT_008458
CLM_0016938,PAT_008459
CLM_0016939,PAT_008460
CLM_0016940,PAT_008461
CLM_0016941,PAT_008461
CLM_0016942,PAT_008461
CLM_0016943,PAT_008462
CLM_0016944,PAT_008463
CLM_0016945,PAT_008463
CLM_0016946,PAT_008464
CLM_0016947,PAT_008464
CLM_0016948,PAT_008464
CLM_0016949,PAT_008465
CLM_0016950,PAT_008465
CLM_0016951,PAT_008465
CLM_0016952,PAT_008466
CLM_0016953,PAT_008466
CLM_0016954,PAT_008467
CLM_0016955,PAT_008468
CLM_0016956,PAT_008469
CLM_0016957,PAT_008470
CLM_0016958,PAT_008470
CLM_0016959,PAT_008471
CLM_0016960,PAT_008471
CLM_0016961,PAT_008471
CLM_0016962,PAT_008472
CLM_0016963,PAT_008472
CLM_0016964,PAT_008473
CLM_0016965,PAT_008474
CLM_0016966,PAT_008474
CLM_0016967,PAT_008474
CLM_0016968,PAT_008475
CLM_0016969,PAT_008475
CLM_0016970,PAT_008475
CLM_0016971,PAT_008476
CLM_0016972,PAT_008477
CLM_0016973,PAT_008478
CLM_0016974,PAT_008478
CLM_0016975,PAT_008478
CLM_0016976,PAT_008479
CLM_0016977,PAT_008479
CLM_0016978,PAT_008479
CLM_0016979,PAT_008480
CLM_0016980,PAT_008480
CLM_0016981,PAT_008481
CLM_0016982,PAT_008481
CLM_0016983,PAT_008482
CLM_0016984,PAT_008483
CLM_0016985,PAT_008484
CLM_0016986,PAT_008485
CLM_0016987,PAT_008485
CLM_0016988,PAT_008486
CLM_0016989,PAT_008487
CLM_0016990,PAT_008487
CLM_0016991,PAT_008487
CLM_0016992,PAT_008488
CLM_0016993,PAT_008489
CLM_0016994,PAT_008489
CLM_0016995,PAT_008490
CLM_0016996,PAT_008490
CLM_0016997,PAT_008490
CLM_0016998,PAT_008491
CLM_0016999,PAT_008491
CLM_0017000,PAT_008492
CLM_0017001,PAT_008492
CLM_0017002,PAT_008492
CLM_0017003,PAT_008493
CLM_0017004,PAT_008493
CLM_0017005,PAT_008494
CLM_0017006,PAT_008494
CLM_0017007,PAT_008495
CLM_0017008,PAT_008495
CLM_0017009,PAT_008496
CLM_0017010,PAT_008496
CLM_0017011,PAT_008496
CLM_0017012,PAT_008497
CLM_0017013,PAT_008497
CLM_0017014,PAT_008497
CLM_0017015,PAT_008498
CLM_0017016,PAT_008498
CLM_0017017,PAT_008498
CLM_0017018,PAT_008499
CLM_0017019,PAT_008499
CLM_0017020,PAT_008499
CLM_0017021,PAT_008500
CLM_0017022,PAT_008501
CLM_0017023,PAT_008502
CLM_0017024,PAT_008503
CLM_0017025,PAT_008503
CLM_0017026,PAT_008503
CLM_0017027,PAT_008504
CLM_0017028,PAT_008505
CLM_0017029,PAT_008506
CLM_0017030,PAT_008506
CLM_0017031,PAT_008507
CLM_0017032,PAT_008507
CLM_0017033,PAT_008507
CLM_0017034,PAT_008508
CLM_0017035,PAT_008508
CLM_0017036,PAT_008508
CLM_0017037,PAT_008509
CLM_0017038,PAT_008509
CLM_0017039,PAT_008510
CLM_0017040,PAT_008511
CLM_0017041,PAT_008511
CLM_0017042,PAT_008512
CLM_0017043,PAT_008512
CLM_0017044,PAT_008513
CLM_0017045,PAT_008514
CLM_0017046,PAT_008515
CLM_0017047,PAT_008515
CLM_0017048,PAT_008516
CLM_0017049,PAT_008516
CLM_0017050,PAT_008516
CLM_0017051,PAT_008517
CLM_0017052,PAT_008517
CLM_0017053,PAT_008518
CLM_0017054,PAT_008518
CLM_0017055,PAT_008518
CLM_0017056,PAT_008519
CLM_0017057,PAT_008519
CLM_0017058,PAT_008520
CLM_0017059,PAT_008521
CLM_0017060,PAT_008521
CLM_0017061,PAT_008522
CLM_0017062,PAT_008522
CLM_0017063,PAT_008522
CLM_0017064,PAT_008523
CLM_0017065,PAT_008523
CLM_0017066,PAT_008524
CLM_0017067,PAT_008524
CLM_0017068,PAT_008524
CLM_0017069,PAT_008525
CLM_0017070,PAT_008526
CLM_0017071,PAT_008527
CLM_0017072,PAT_008528
CLM_0017073,PAT_008528
CLM_0017074,PAT_008529
CLM_0017075,PAT_008529
CLM_0017076,PAT_008529
CLM_0017077,PAT_008530
CLM_0017078,PAT_008530
CLM_0017079,PAT_008530
CLM_0017080,PAT_008531
CLM_0017081,PAT_008531
CLM_0017082,PAT_008531
CLM_0017083,PAT_008532
CLM_0017084,PAT_008532
CLM_0017085,PAT_008532
CLM_0017086,PAT_008533
CLM_0017087,PAT_008533
CLM_0017088,PAT_008534
CLM_0017089,PAT_008534
CLM_0017090,PAT_008535
CLM_0017091,PAT_008536
CLM_0017092,PAT_008536
CLM_0017093,PAT_008537
CLM_0017094,PAT_008537
CLM_0017095,PAT_008538
CLM_0017096,PAT_008538
CLM_0017097,PAT_008539
CLM_0017098,PAT_008540
CLM_0017099,PAT_008541
CLM_0017100,PAT_008541
CLM_0017101,PAT_008542
CLM_0017102,PAT_008542
CLM_0017103,PAT_008543
CLM_0017104,PAT_008544
CLM_0017105,PAT_008544
CLM_0017106,PAT_008545
CLM_0017107,PAT_008546
CLM_0017108,PAT_008546
CLM_0017109,PAT_008546
CLM_0017110,PAT_008547
CLM_0017111,PAT_008547
CLM_0017112,PAT_008548
CLM_0017113,PAT_008548
CLM_0017114,PAT_008548
CLM_0017115,PAT_008549
CLM_0017116,PAT_008549
CLM_0017117,PAT_008549
CLM_0017118,PAT_008550
CLM_0017119,PAT_008550
CLM_0017120,PAT_008550
CLM_0017121,PAT_008551
CLM_0017122,PAT_008551
CLM_0017123,PAT_008551
CLM_0017124,PAT_008552
CLM_0017125,PAT_008552
CLM_0017126,PAT_008552
CLM_0017127,PAT_008553
CLM_0017128,PAT_008554
CLM_0017129,PAT_008554
CLM_0017130,PAT_008555
CLM_0017131,PAT_008556
CLM_0017132,PAT_008557
CLM_0017133,PAT_008557
CLM_0017134,PAT_008557
CLM_0017135,PAT_008558
CLM_0017136,PAT_008559
CLM_0017137,PAT_008559
CLM_0017138,PAT_008560
CLM_0017139,PAT_008560
CLM_0017140,PAT_008561
CLM_0017141,PAT_008561
CLM_0017142,PAT_008561
CLM_0017143,PAT_008562
CLM_0017144,PAT_008563
CLM_0017145,PAT_008563
CLM_0017146,PAT_008564
CLM_0017147,PAT_008564
CLM_0017148,PAT_008565
CLM_0017149,PAT_008566
CLM_0017150,PAT_008566
CLM_0017151,PAT_008566
CLM_0017152,PAT_008567
CLM_0017153,PAT_008568
CLM_0017154,PAT_008569
CLM_0017155,PAT_008569
CLM_0017156,PAT_008569
CLM_0017157,PAT_008570
CLM_0017158,PAT_008570
CLM_0017159,PAT_008570
CLM_0017160,PAT_008571
CLM_0017161,PAT_008572
CLM_0017162,PAT_008572
CLM_0017163,PAT_008573
CLM_0017164,PAT_008573
CLM_0017165,PAT_008573
CLM_0017166,PAT_008574
CLM_0017167,PAT_008574
CLM_0017168,PAT_008575
CLM_0017169,PAT_008575
CLM_0017170,PAT_008575
CLM_0017171,PAT_008576
CLM_0017172,PAT_008577
CLM_0017173,PAT_008577
CLM_0017174,PAT_008577
CLM_0017175,PAT_008578
CLM_0017176,PAT_008578
CLM_0017177,PAT_008578
CLM_0017178,PAT_008579
CLM_0017179,PAT_008579
CLM_0017180,PAT_008580
CLM_0017181,PAT_008581
CLM_0017182,PAT_008581
CLM_0017183,PAT_008581
CLM_0017184,PAT_008582
CLM_0017185,PAT_008582
CLM_0017186,PAT_008582
CLM_0017187,PAT_008583
CLM_0017188,PAT_008583
CLM_0017189,PAT_008583
CLM_0017190,PAT_008584
CLM_0017191,PAT_008584
CLM_0017192,PAT_008584
CLM_0017193,PAT_008585
CLM_0017194,PAT_008585
CLM_0017195,PAT_008585
CLM_0017196,PAT_008586
CLM_0017197,PAT_008586
CLM_0017198,PAT_008587
CLM_0017199,PAT_008588
CLM_0017200,PAT_008589
CLM_0017201,PAT_008589
CLM_0017202,PAT_008590
CLM_0017203,PAT_008590
CLM_0017204,PAT_008590
CLM_0017205,PAT_008591
CLM_0017206,PAT_008591
CLM_0017207,PAT_008591
CLM_0017208,PAT_008592
CLM_0017209,PAT_008592
CLM_0017210,PAT_008593
CLM_0017211,PAT_008594
CLM_0017212,PAT_008594
CLM_0017213,PAT_008595
CLM_0017214,PAT_008595
CLM_0017215,PAT_008595
CLM_0017216,PAT_008596
CLM_0017217,PAT_008596
CLM_0017218,PAT_008596
CLM_0017219,PAT_008597
CLM_0017220,PAT_008598
CLM_0017221,PAT_008598
CLM_0017222,PAT_008598
CLM_0017223,PAT_008599
CLM_0017224,PAT_008599
CLM_0017225,PAT_008599
CLM_0017226,PAT_008600
CLM_0017227,PAT_008600
CLM_0017228,PAT_008600
CLM_0017229,PAT_008601
CLM_0017230,PAT_008601
CLM_0017231,PAT_008602
CLM_0017232,PAT_008603
CLM_0017233,PAT_008604
CLM_0017234,PAT_008605
CLM_0017235,PAT_008605
CLM_0017236,PAT_008606
CLM_0017237,PAT_008607
CLM_0017238,PAT_008607
CLM_0017239,PAT_008607
CLM_0017240,PAT_008608
CLM_0017241,PAT_008608
CLM_0017242,PAT_008609
CLM_0017243,PAT_008609
CLM_0017244,PAT_008609
CLM_0017245,PAT_008610
CLM_0017246,PAT_008610
CLM_0017247,PAT_008610
CLM_0017248,PAT_008611
CLM_0017249,PAT_008611
CLM_0017250,PAT_008612
CLM_0017251,PAT_008612
CLM_0017252,PAT_008613
CLM_0017253,PAT_008613
CLM_0017254,PAT_008614
CLM_0017255,PAT_008615
CLM_0017256,PAT_008615
CLM_0017257,PAT_008616
CLM_0017258,PAT_008616
CLM_0017259,PAT_008617
CLM_0017260,PAT_008617
CLM_0017261,PAT_008618
CLM_0017262,PAT_008618
CLM_0017263,PAT_008618
CLM_0017264,PAT_008619
CLM_0017265,PAT_008619
CLM_0017266,PAT_008620
CLM_0017267,PAT_008621
CLM_0017268,PAT_008622
CLM_0017269,PAT_008623
CLM_0017270,PAT_008623
CLM_0017271,PAT_008624
CLM_0017272,PAT_008624
CLM_0017273,PAT_008625
CLM_0017274,PAT_008625
CLM_0017275,PAT_008625
CLM_0017276,PAT_008626
CLM_0017277,PAT_008627
CLM_0017278,PAT_008627
CLM_0017279,PAT_008627
CLM_0017280,PAT_008628
CLM_0017281,PAT_008629
CLM_0017282,PAT_008630
CLM_0017283,PAT_008630
CLM_0017284,PAT_008630
CLM_0017285,PAT_008631
CLM_0017286,PAT_008631
CLM_0017287,PAT_008631
CLM_0017288,PAT_008632
CLM_0017289,PAT_008632
CLM_0017290,PAT_008633
CLM_0017291,PAT_008634
CLM_0017292,PAT_008634
CLM_0017293,PAT_008635
CLM_0017294,PAT_008635
CLM_0017295,PAT_008635
CLM_0017296,PAT_008636
CLM_0017297,PAT_008636
CLM_0017298,PAT_008636
CLM_0017299,PAT_008637
CLM_0017300,PAT_008637
CLM_0017301,PAT_008637
CLM_0017302,PAT_008638
CLM_0017303,PAT_008638
CLM_0017304,PAT_008639
CLM_0017305,PAT_008639
CLM_0017306,PAT_008640
CLM_0017307,PAT_008640
CLM_0017308,PAT_008640
CLM_0017309,PAT_008641
CLM_0017310,PAT_008641
CLM_0017311,PAT_008641
CLM_0017312,PAT_008642
CLM_0017313,PAT_008643
CLM_0017314,PAT_008643
CLM_0017315,PAT_008644
CLM_0017316,PAT_008645
CLM_0017317,PAT_008645
CLM_0017318,PAT_008646
CLM_0017319,PAT_008646
CLM_0017320,PAT_008646
CLM_0017321,PAT_008647
CLM_0017322,PAT_008648
CLM_0017323,PAT_008649
CLM_0017324,PAT_008649
CLM_0017325,PAT_008650
CLM_0017326,PAT_008651
CLM_0017327,PAT_008651
CLM_0017328,PAT_008652
CLM_0017329,PAT_008652
CLM_0017330,PAT_008653
CLM_0017331,PAT_008654
CLM_0017332,PAT_008654
CLM_0017333,PAT_008655
CLM_0017334,PAT_008655
CLM_0017335,PAT_008656
CLM_0017336,PAT_008657
CLM_0017337,PAT_008657
CLM_0017338,PAT_008657
CLM_0017339,PAT_008658
CLM_0017340,PAT_008659
CLM_0017341,PAT_008659
CLM_0017342,PAT_008659
CLM_0017343,PAT_008660
CLM_0017344,PAT_008660
CLM_0017345,PAT_008661
CLM_0017346,PAT_008661
CLM_0017347,PAT_008661
CLM_0017348,PAT_008662
CLM_0017349,PAT_008663
CLM_0017350,PAT_008663
CLM_0017351,PAT_008664
CLM_0017352,PAT_008665
CLM_0017353,PAT_008665
CLM_0017354,PAT_008665
CLM_0017355,PAT_008666
CLM_0017356,PAT_008666
CLM_0017357,PAT_008666
CLM_0017358,PAT_008667
CLM_0017359,PAT_008668
CLM_0017360,PAT_008668
CLM_0017361,PAT_008668
CLM_0017362,PAT_008669
CLM_0017363,PAT_008669
CLM_0017364,PAT_008670
CLM_0017365,PAT_008670
CLM_0017366,PAT_008671
CLM_0017367,PAT_008672
CLM_0017368,PAT_008673
CLM_0017369,PAT_008674
CLM_0017370,PAT_008674
CLM_0017371,PAT_008675
CLM_0017372,PAT_008675
CLM_0017373,PAT_008676
CLM_0017374,PAT_008676
CLM_0017375,PAT_008677
CLM_0017376,PAT_008677
CLM_0017377,PAT_008678
CLM_0017378,PAT_008678
CLM_0017379,PAT_008679
CLM_0017380,PAT_008679
CLM_0017381,PAT_008680
CLM_0017382,PAT_008680
CLM_0017383,PAT_008681
CLM_0017384,PAT_008681
CLM_0017385,PAT_008681
CLM_0017386,PAT_008682
CLM_0017387,PAT_008682
CLM_0017388,PAT_008682
CLM_0017389,PAT_008683
CLM_0017390,PAT_008683
CLM_0017391,PAT_008684
CLM_0017392,PAT_008684
CLM_0017393,PAT_008685
CLM_0017394,PAT_008685
CLM_0017395,PAT_008686
CLM_0017396,PAT_008686
CLM_0017397,PAT_008687
CLM_0017398,PAT_008688
CLM_0017399,PAT_008688
CLM_0017400,PAT_008689
CLM_0017401,PAT_008689
CLM_0017402,PAT_008690
CLM_0017403,PAT_008690
CLM_0017404,PAT_008691
CLM_0017405,PAT_008691
CLM_0017406,PAT_008691
CLM_0017407,PAT_008692
CLM_0017408,PAT_008692
CLM_0017409,PAT_008692
CLM_0017410,PAT_008693
CLM_0017411,PAT_008693
CLM_0017412,PAT_008693
CLM_0017413,PAT_008694
CLM_0017414,PAT_008695
CLM_0017415,PAT_008695
CLM_0017416,PAT_008696
CLM_0017417,PAT_008697
CLM_0017418,PAT_008697
CLM_0017419,PAT_008698
CLM_0017420,PAT_008698
CLM_0017421,PAT_008698
CLM_0017422,PAT_008699
CLM_0017423,PAT_008699
CLM_0017424,PAT_008699
CLM_0017425,PAT_008700
CLM_0017426,PAT_008700
CLM_0017427,PAT_008701
CLM_0017428,PAT_008701
CLM_0017429,PAT_008701
CLM_0017430,PAT_008702
CLM_0017431,PAT_008702
CLM_0017432,PAT_008703
CLM_0017433,PAT_008704
CLM_0017434,PAT_008704
CLM_0017435,PAT_008705
CLM_0017436,PAT_008705
CLM_0017437,PAT_008705
CLM_0017438,PAT_008706
CLM_0017439,PAT_008706
CLM_0017440,PAT_008706
CLM_0017441,PAT_008707
CLM_0017442,PAT_008708
CLM_0017443,PAT_008708
CLM_0017444,PAT_008708
CLM_0017445,PAT_008709
CLM_0017446,PAT_008709
CLM_0017447,PAT_008709
CLM_0017448,PAT_008710
CLM_0017449,PAT_008710
CLM_0017450,PAT_008710
CLM_0017451,PAT_008711
CLM_0017452,PAT_008711
CLM_0017453,PAT_008711
CLM_0017454,PAT_008712
CLM_0017455,PAT_008712
CLM_0017456,PAT_008712
CLM_0017457,PAT_008713
CLM_0017458,PAT_008714
CLM_0017459,PAT_008715
CLM_0017460,PAT_008715
CLM_0017461,PAT_008716
CLM_0017462,PAT_008717
CLM_0017463,PAT_008717
CLM_0017464,PAT_008718
CLM_0017465,PAT_008718
CLM_0017466,PAT_008719
CLM_0017467,PAT_008720
CLM_0017468,PAT_008720
CLM_0017469,PAT_008721
CLM_0017470,PAT_008722
CLM_0017471,PAT_008722
CLM_0017472,PAT_008723
CLM_0017473,PAT_008723
CLM_0017474,PAT_008724
CLM_0017475,PAT_008724
CLM_0017476,PAT_008725
CLM_0017477,PAT_008726
CLM_0017478,PAT_008727
CLM_0017479,PAT_008728
CLM_0017480,PAT_008728
CLM_0017481,PAT_008728
CLM_0017482,PAT_008729
CLM_0017483,PAT_008729
CLM_0017484,PAT_008729
CLM_0017485,PAT_008730
CLM_0017486,PAT_008730
CLM_0017487,PAT_008730
CLM_0017488,PAT_008731
CLM_0017489,PAT_008731
CLM_0017490,PAT_008732
CLM_0017491,PAT_008732
CLM_0017492,PAT_008733
CLM_0017493,PAT_008733
CLM_0017494,PAT_008733
CLM_0017495,PAT_008734
CLM_0017496,PAT_008734
CLM_0017497,PAT_008735
CLM_0017498,PAT_008735
CLM_0017499,PAT_008735
CLM_0017500,PAT_008736
CLM_0017501,PAT_008736
CLM_0017502,PAT_008737
CLM_0017503,PAT_008738
CLM_0017504,PAT_008738
CLM_0017505,PAT_008739
CLM_0017506,PAT_008740
CLM_0017507,PAT_008740
CLM_0017508,PAT_008741
CLM_0017509,PAT_008742
CLM_0017510,PAT_008742
CLM_0017511,PAT_008743
CLM_0017512,PAT_008743
CLM_0017513,PAT_008744
CLM_0017514,PAT_008744
CLM_0017515,PAT_008744
CLM_0017516,PAT_008745
CLM_0017517,PAT_008745
CLM_0017518,PAT_008746
CLM_0017519,PAT_008746
CLM_0017520,PAT_008747
CLM_0017521,PAT_008747
CLM_0017522,PAT_008747
CLM_0017523,PAT_008748
CLM_0017524,PAT_008748
CLM_0017525,PAT_008749
CLM_0017526,PAT_008750
CLM_0017527,PAT_008750
CLM_0017528,PAT_008751
CLM_0017529,PAT_008751
CLM_0017530,PAT_008752
CLM_0017531,PAT_008752
CLM_0017532,PAT_008753
CLM_0017533,PAT_008754
CLM_0017534,PAT_008754
CLM_0017535,PAT_008755
CLM_0017536,PAT_008756
CLM_0017537,PAT_008757
CLM_0017538,PAT_008758
CLM_0017539,PAT_008758
CLM_0017540,PAT_008758
CLM_0017541,PAT_008759
CLM_0017542,PAT_008759
CLM_0017543,PAT_008759
CLM_0017544,PAT_008760
CLM_0017545,PAT_008761
CLM_0017546,PAT_008761
CLM_0017547,PAT_008761
CLM_0017548,PAT_008762
CLM_0017549,PAT_008762
CLM_0017550,PAT_008763
CLM_0017551,PAT_008763
CLM_0017552,PAT_008763
CLM_0017553,PAT_008764
CLM_0017554,PAT_008764
CLM_0017555,PAT_008765
CLM_0017556,PAT_008765
CLM_0017557,PAT_008766
CLM_0017558,PAT_008766
CLM_0017559,PAT_008767
CLM_0017560,PAT_008768
CLM_0017561,PAT_008769
CLM_0017562,PAT_008769
CLM_0017563,PAT_008770
CLM_0017564,PAT_008771
CLM_0017565,PAT_008771
CLM_0017566,PAT_008771
CLM_0017567,PAT_008772
CLM_0017568,PAT_008772
CLM_0017569,PAT_008773
CLM_0017570,PAT_008773
CLM_0017571,PAT_008773
CLM_0017572,PAT_008774
CLM_0017573,PAT_008774
CLM_0017574,PAT_008775
CLM_0017575,PAT_008775
CLM_0017576,PAT_008776
CLM_0017577,PAT_008776
CLM_0017578,PAT_008777
CLM_0017579,PAT_008778
CLM_0017580,PAT_008779
CLM_0017581,PAT_008779
CLM_0017582,PAT_008779
CLM_0017583,PAT_008780
CLM_0017584,PAT_008780
CLM_0017585,PAT_008780
CLM_0017586,PAT_008781
CLM_0017587,PAT_008782
CLM_0017588,PAT_008782
CLM_0017589,PAT_008782
CLM_0017590,PAT_008783
CLM_0017591,PAT_008783
CLM_0017592,PAT_008784
CLM_0017593,PAT_008784
CLM_0017594,PAT_008784
CLM_0017595,PAT_008785
CLM_0017596,PAT_008785
CLM_0017597,PAT_008786
CLM_0017598,PAT_008787
CLM_0017599,PAT_008788
CLM_0017600,PAT_008788
CLM_0017601,PAT_008789
CLM_0017602,PAT_008790
CLM_0017603,PAT_008791
CLM_0017604,PAT_008791
CLM_0017605,PAT_008791
CLM_0017606,PAT_008792
CLM_0017607,PAT_008793
CLM_0017608,PAT_008793
CLM_0017609,PAT_008794
CLM_0017610,PAT_008794
CLM_0017611,PAT_008795
CLM_0017612,PAT_008796
CLM_0017613,PAT_008796
CLM_0017614,PAT_008797
CLM_0017615,PAT_008797
CLM_0017616,PAT_008797
CLM_0017617,PAT_008798
CLM_0017618,PAT_008798
CLM_0017619,PAT_008799
CLM_0017620,PAT_008799
CLM_0017621,PAT_008800
CLM_0017622,PAT_008800
CLM_0017623,PAT_008801
CLM_0017624,PAT_008802
CLM_0017625,PAT_008802
CLM_0017626,PAT_008802
CLM_0017627,PAT_008803
CLM_0017628,PAT_008803
CLM_0017629,PAT_008803
CLM_0017630,PAT_008804
CLM_0017631,PAT_008804
CLM_0017632,PAT_008805
CLM_0017633,PAT_008805
CLM_0017634,PAT_008806
CLM_0017635,PAT_008806
CLM_0017636,PAT_008807
CLM_0017637,PAT_008807
CLM_0017638,PAT_008807
CLM_0017639,PAT_008808
CLM_0017640,PAT_008808
CLM_0017641,PAT_008808
CLM_0017642,PAT_008809
CLM_0017643,PAT_008810
CLM_0017644,PAT_008810
CLM_0017645,PAT_008811
CLM_0017646,PAT_008812
CLM_0017647,PAT_008812
CLM_0017648,PAT_008813
CLM_0017649,PAT_008814
CLM_0017650,PAT_008814
CLM_0017651,PAT_008814
CLM_0017652,PAT_008815
CLM_0017653,PAT_008816
CLM_0017654,PAT_008816
CLM_0017655,PAT_008817
CLM_0017656,PAT_008817
CLM_0017657,PAT_008817
CLM_0017658,PAT_008818
CLM_0017659,PAT_008818
CLM_0017660,PAT_008819
CLM_0017661,PAT_008819
CLM_0017662,PAT_008820
CLM_0017663,PAT_008820
CLM_0017664,PAT_008820
CLM_0017665,PAT_008821
CLM_0017666,PAT_008821
CLM_0017667,PAT_008821
CLM_0017668,PAT_008822
CLM_0017669,PAT_008823
CLM_0017670,PAT_008823
CLM_0017671,PAT_008824
CLM_0017672,PAT_008824
CLM_0017673,PAT_008824
CLM_0017674,PAT_008825
CLM_0017675,PAT_008825
CLM_0017676,PAT_008825
CLM_0017677,PAT_008826
CLM_0017678,PAT_008826
CLM_0017679,PAT_008826
CLM_0017680,PAT_008827
CLM_0017681,PAT_008827
CLM_0017682,PAT_008828
CLM_0017683,PAT_008829
CLM_0017684,PAT_008829
CLM_0017685,PAT_008830
CLM_0017686,PAT_008830
CLM_0017687,PAT_008830
CLM_0017688,PAT_008831
CLM_0017689,PAT_008831
CLM_0017690,PAT_008832
CLM_0017691,PAT_008833
CLM_0017692,PAT_008833
CLM_0017693,PAT_008834
CLM_0017694,PAT_008835
CLM_0017695,PAT_008835
CLM_0017696,PAT_008836
CLM_0017697,PAT_008837
CLM_0017698,PAT_008837
CLM_0017699,PAT_008838
CLM_0017700,PAT_008838
CLM_0017701,PAT_008839
CLM_0017702,PAT_008839
CLM_0017703,PAT_008839
CLM_0017704,PAT_008840
CLM_0017705,PAT_008840
CLM_0017706,PAT_008841
CLM_0017707,PAT_008841
CLM_0017708,PAT_008842
CLM_0017709,PAT_008843
CLM_0017710,PAT_008843
CLM_0017711,PAT_008843
CLM_0017712,PAT_008844
CLM_0017713,PAT_008844
CLM_0017714,PAT_008845
CLM_0017715,PAT_008845
CLM_0017716,PAT_008845
CLM_0017717,PAT_008846
CLM_0017718,PAT_008846
CLM_0017719,PAT_008846
CLM_0017720,PAT_008847
CLM_0017721,PAT_008847
CLM_0017722,PAT_008847
CLM_0017723,PAT_008848
CLM_0017724,PAT_008849
CLM_0017725,PAT_008849
CLM_0017726,PAT_008850
CLM_0017727,PAT_008850
CLM_0017728,PAT_008850
CLM_0017729,PAT_008851
CLM_0017730,PAT_008851
CLM_0017731,PAT_008851
CLM_0017732,PAT_008852
CLM_0017733,PAT_008852
CLM_0017734,PAT_008852
CLM_0017735,PAT_008853
CLM_0017736,PAT_008854
CLM_0017737,PAT_008854
CLM_0017738,PAT_008855
CLM_0017739,PAT_008856
CLM_0017740,PAT_008856
CLM_0017741,PAT_008857
CLM_0017742,PAT_008857
CLM_0017743,PAT_008858
CLM_0017744,PAT_008859
CLM_0017745,PAT_008859
CLM_0017746,PAT_008860
CLM_0017747,PAT_008861
CLM_0017748,PAT_008862
CLM_0017749,PAT_008862
CLM_0017750,PAT_008863
CLM_0017751,PAT_008864
CLM_0017752,PAT_008864
CLM_0017753,PAT_008864
CLM_0017754,PAT_008865
CLM_0017755,PAT_008865
CLM_0017756,PAT_008866
CLM_0017757,PAT_008866
CLM_0017758,PAT_008866
CLM_0017759,PAT_008867
CLM_0017760,PAT_008867
CLM_0017761,PAT_008867
CLM_0017762,PAT_008868
CLM_0017763,PAT_008868
CLM_0017764,PAT_008869
CLM_0017765,PAT_008870
CLM_0017766,PAT_008870
CLM_0017767,PAT_008870
CLM_0017768,PAT_008871
CLM_0017769,PAT_008872
CLM_0017770,PAT_008872
CLM_0017771,PAT_008872
CLM_0017772,PAT_008873
CLM_0017773,PAT_008874
CLM_0017774,PAT_008874
CLM_0017775,PAT_008875
CLM_0017776,PAT_008876
CLM_0017777,PAT_008876
CLM_0017778,PAT_008876
CLM_0017779,PAT_008877
CLM_0017780,PAT_008878
CLM_0017781,PAT_008878
CLM_0017782,PAT_008878
CLM_0017783,PAT_008879
CLM_0017784,PAT_008880
CLM_0017785,PAT_008880
CLM_0017786,PAT_008881
CLM_0017787,PAT_008882
CLM_0017788,PAT_008882
CLM_0017789,PAT_008883
CLM_0017790,PAT_008884
CLM_0017791,PAT_008885
CLM_0017792,PAT_008885
CLM_0017793,PAT_008886
CLM_0017794,PAT_008886
CLM_0017795,PAT_008887
CLM_0017796,PAT_008887
CLM_0017797,PAT_008887
CLM_0017798,PAT_008888
CLM_0017799,PAT_008888
CLM_0017800,PAT_008889
CLM_0017801,PAT_008889
CLM_0017802,PAT_008890
CLM_0017803,PAT_008891
CLM_0017804,PAT_008891
CLM_0017805,PAT_008892
CLM_0017806,PAT_008892
CLM_0017807,PAT_008892
CLM_0017808,PAT_008893
CLM_0017809,PAT_008893
CLM_0017810,PAT_008893
CLM_0017811,PAT_008894
CLM_0017812,PAT_008895
CLM_0017813,PAT_008895
CLM_0017814,PAT_008895
CLM_0017815,PAT_008896
CLM_0017816,PAT_008896
CLM_0017817,PAT_008896
CLM_0017818,PAT_008897
CLM_0017819,PAT_008898
CLM_0017820,PAT_008898
CLM_0017821,PAT_008898
CLM_0017822,PAT_008899
CLM_0017823,PAT_008900
CLM_0017824,PAT_008900
CLM_0017825,PAT_008901
CLM_0017826,PAT_008901
CLM_0017827,PAT_008902
CLM_0017828,PAT_008902
CLM_0017829,PAT_008902
CLM_0017830,PAT_008903
CLM_0017831,PAT_008903
CLM_0017832,PAT_008904
CLM_0017833,PAT_008905
CLM_0017834,PAT_008905
CLM_0017835,PAT_008906
CLM_0017836,PAT_008906
CLM_0017837,PAT_008906
CLM_0017838,PAT_008907
CLM_0017839,PAT_008908
CLM_0017840,PAT_008908
CLM_0017841,PAT_008908
CLM_0017842,PAT_008909
CLM_0017843,PAT_008909
CLM_0017844,PAT_008909
CLM_0017845,PAT_008910
CLM_0017846,PAT_008910
CLM_0017847,PAT_008910
CLM_0017848,PAT_008911
CLM_0017849,PAT_008912
CLM_0017850,PAT_008913
CLM_0017851,PAT_008913
CLM_0017852,PAT_008914
CLM_0017853,PAT_008915
CLM_0017854,PAT_008916
CLM_0017855,PAT_008916
CLM_0017856,PAT_008917
CLM_0017857,PAT_008917
CLM_0017858,PAT_008918
CLM_0017859,PAT_008918
CLM_0017860,PAT_008918
CLM_0017861,PAT_008919
CLM_0017862,PAT_008919
CLM_0017863,PAT_008920
CLM_0017864,PAT_008920
CLM_0017865,PAT_008921
CLM_0017866,PAT_008922
CLM_0017867,PAT_008922
CLM_0017868,PAT_008923
CLM_0017869,PAT_008923
CLM_0017870,PAT_008924
CLM_0017871,PAT_008924
CLM_0017872,PAT_008925
CLM_0017873,PAT_008925
CLM_0017874,PAT_008925
CLM_0017875,PAT_008926
CLM_0017876,PAT_008926
CLM_0017877,PAT_008927
CLM_0017878,PAT_008927
CLM_0017879,PAT_008928
CLM_0017880,PAT_008928
CLM_0017881,PAT_008929
CLM_0017882,PAT_008929
CLM_0017883,PAT_008930
CLM_0017884,PAT_008931
CLM_0017885,PAT_008932
CLM_0017886,PAT_008933
CLM_0017887,PAT_008934
CLM_0017888,PAT_008935
CLM_0017889,PAT_008935
CLM_0017890,PAT_008935
CLM_0017891,PAT_008936
CLM_0017892,PAT_008936
CLM_0017893,PAT_008936
CLM_0017894,PAT_008937
CLM_0017895,PAT_008937
CLM_0017896,PAT_008937
CLM_0017897,PAT_008938
CLM_0017898,PAT_008939
CLM_0017899,PAT_008939
CLM_0017900,PAT_008940
CLM_0017901,PAT_008940
CLM_0017902,PAT_008940
CLM_0017903,PAT_008941
CLM_0017904,PAT_008941
CLM_0017905,PAT_008942
CLM_0017906,PAT_008942
CLM_0017907,PAT_008943
CLM_0017908,PAT_008944
CLM_0017909,PAT_008944
CLM_0017910,PAT_008945
CLM_0017911,PAT_008945
CLM_0017912,PAT_008945
CLM_0017913,PAT_008946
CLM_0017914,PAT_008947
CLM_0017915,PAT_008947
CLM_0017916,PAT_008948
CLM_0017917,PAT_008949
CLM_0017918,PAT_008950
CLM_0017919,PAT_008950
CLM_0017920,PAT_008951
CLM_0017921,PAT_008952
CLM_0017922,PAT_008952
CLM_0017923,PAT_008953
CLM_0017924,PAT_008953
CLM_0017925,PAT_008953
CLM_0017926,PAT_008954
CLM_0017927,PAT_008955
CLM_0017928,PAT_008955
CLM_0017929,PAT_008955
CLM_0017930,PAT_008956
CLM_0017931,PAT_008957
CLM_0017932,PAT_008958
CLM_0017933,PAT_008959
CLM_0017934,PAT_008960
CLM_0017935,PAT_008960
CLM_0017936,PAT_008961
CLM_0017937,PAT_008961
CLM_0017938,PAT_008961
CLM_0017939,PAT_008962
CLM_0017940,PAT_008963
CLM_0017941,PAT_008963
CLM_0017942,PAT_008963
CLM_0017943,PAT_008964
CLM_0017944,PAT_008965
CLM_0017945,PAT_008965
CLM_0017946,PAT_008966
CLM_0017947,PAT_008967
CLM_0017948,PAT_008967
CLM_0017949,PAT_008968
CLM_0017950,PAT_008969
CLM_0017951,PAT_008970
CLM_0017952,PAT_008970
CLM_0017953,PAT_008970
CLM_0017954,PAT_008971
CLM_0017955,PAT_008971
CLM_0017956,PAT_008972
CLM_0017957,PAT_008972
CLM_0017958,PAT_008973
CLM_0017959,PAT_008973
CLM_0017960,PAT_008974
CLM_0017961,PAT_008975
CLM_0017962,PAT_008975
CLM_0017963,PAT_008976
CLM_0017964,PAT_008976
CLM_0017965,PAT_008976
CLM_0017966,PAT_008977
CLM_0017967,PAT_008977
CLM_0017968,PAT_008978
CLM_0017969,PAT_008979
CLM_0017970,PAT_008979
CLM_0017971,PAT_008980
CLM_0017972,PAT_008981
CLM_0017973,PAT_008982
CLM_0017974,PAT_008982
CLM_0017975,PAT_008982
CLM_0017976,PAT_008983
CLM_0017977,PAT_008984
CLM_0017978,PAT_008984
CLM_0017979,PAT_008985
CLM_0017980,PAT_008986
CLM_0017981,PAT_008986
CLM_0017982,PAT_008986
CLM_0017983,PAT_008987
CLM_0017984,PAT_008988
CLM_0017985,PAT_008988
CLM_0017986,PAT_008988
CLM_0017987,PAT_008989
CLM_0017988,PAT_008989
CLM_0017989,PAT_008989
CLM_0017990,PAT_008990
CLM_0017991,PAT_008991
CLM_0017992,PAT_008991
CLM_0017993,PAT_008991
CLM_0017994,PAT_008992
CLM_0017995,PAT_008992
CLM_0017996,PAT_008992
CLM_0017997,PAT_008993
CLM_0017998,PAT_008993
CLM_0017999,PAT_008993
CLM_0018000,PAT_008994
CLM_0018001,PAT_008995
CLM_0018002,PAT_008995
CLM_0018003,PAT_008995
CLM_0018004,PAT_008996
CLM_0018005,PAT_008996
CLM_0018006,PAT_008996
CLM_0018007,PAT_008997
CLM_0018008,PAT_008997
CLM_0018009,PAT_008998
CLM_0018010,PAT_008998
CLM_0018011,PAT_008998
CLM_0018012,PAT_008999
CLM_0018013,PAT_008999
CLM_0018014,PAT_008999
CLM_0018015,PAT_009000
CLM_0018016,PAT_009000
CLM_0018017,PAT_009000
CLM_0018018,PAT_009001
CLM_0018019,PAT_009001
CLM_0018020,PAT_009001
CLM_0018021,PAT_009002
CLM_0018022,PAT_009002
CLM_0018023,PAT_009003
CLM_0018024,PAT_009003
CLM_0018025,PAT_009004
CLM_0018026,PAT_009005
CLM_0018027,PAT_009005
CLM_0018028,PAT_009005
CLM_0018029,PAT_009006
CLM_0018030,PAT_009006
CLM_0018031,PAT_009007
CLM_0018032,PAT_009007
CLM_0018033,PAT_009008
CLM_0018034,PAT_009009
CLM_0018035,PAT_009009
CLM_0018036,PAT_009009
CLM_0018037,PAT_009010
CLM_0018038,PAT_009010
CLM_0018039,PAT_009011
CLM_0018040,PAT_009011
CLM_0018041,PAT_009012
CLM_0018042,PAT_009013
CLM_0018043,PAT_009013
CLM_0018044,PAT_009014
CLM_0018045,PAT_009014
CLM_0018046,PAT_009014
CLM_0018047,PAT_009015
CLM_0018048,PAT_009015
CLM_0018049,PAT_009016
CLM_0018050,PAT_009016
CLM_0018051,PAT_009017
CLM_0018052,PAT_009017
CLM_0018053,PAT_009018
CLM_0018054,PAT_009019
CLM_0018055,PAT_009019
CLM_0018056,PAT_009019
CLM_0018057,PAT_009020
CLM_0018058,PAT_009020
CLM_0018059,PAT_009021
CLM_0018060,PAT_009021
CLM_0018061,PAT_009021
CLM_0018062,PAT_009022
CLM_0018063,PAT_009023
CLM_0018064,PAT_009023
CLM_0018065,PAT_009024
CLM_0018066,PAT_009024
CLM_0018067,PAT_009024
CLM_0018068,PAT_009025
CLM_0018069,PAT_009026
CLM_0018070,PAT_009027
CLM_0018071,PAT_009027
CLM_0018072,PAT_009027
CLM_0018073,PAT_009028
CLM_0018074,PAT_009029
CLM_0018075,PAT_009030
CLM_0018076,PAT_009031
CLM_0018077,PAT_009031
CLM_0018078,PAT_009031
CLM_0018079,PAT_009032
CLM_0018080,PAT_009032
CLM_0018081,PAT_009032
CLM_0018082,PAT_009033
CLM_0018083,PAT_009033
CLM_0018084,PAT_009033
CLM_0018085,PAT_009034
CLM_0018086,PAT_009034
CLM_0018087,PAT_009034
CLM_0018088,PAT_009035
CLM_0018089,PAT_009035
CLM_0018090,PAT_009036
CLM_0018091,PAT_009037
CLM_0018092,PAT_009037
CLM_0018093,PAT_009037
CLM_0018094,PAT_009038
CLM_0018095,PAT_009038
CLM_0018096,PAT_009038
CLM_0018097,PAT_009039
CLM_0018098,PAT_009039
CLM_0018099,PAT_009039
CLM_0018100,PAT_009040
CLM_0018101,PAT_009040
CLM_0018102,PAT_009040
CLM_0018103,PAT_009041
CLM_0018104,PAT_009041
CLM_0018105,PAT_009041
CLM_0018106,PAT_009042
CLM_0018107,PAT_009042
CLM_0018108,PAT_009042
CLM_0018109,PAT_009043
CLM_0018110,PAT_009043
CLM_0018111,PAT_009044
CLM_0018112,PAT_009044
CLM_0018113,PAT_009045
CLM_0018114,PAT_009045
CLM_0018115,PAT_009046
CLM_0018116,PAT_009046
CLM_0018117,PAT_009047
CLM_0018118,PAT_009048
CLM_0018119,PAT_009049
CLM_0018120,PAT_009049
CLM_0018121,PAT_009049
CLM_0018122,PAT_009050
CLM_0018123,PAT_009050
CLM_0018124,PAT_009051
CLM_0018125,PAT_009051
CLM_0018126,PAT_009052
CLM_0018127,PAT_009052
CLM_0018128,PAT_009052
CLM_0018129,PAT_009053
CLM_0018130,PAT_009054
CLM_0018131,PAT_009054
CLM_0018132,PAT_009055
CLM_0018133,PAT_009056
CLM_0018134,PAT_009056
CLM_0018135,PAT_009057
CLM_0018136,PAT_009058
CLM_0018137,PAT_009058
CLM_0018138,PAT_009058
CLM_0018139,PAT_009059
CLM_0018140,PAT_009060
CLM_0018141,PAT_009061
CLM_0018142,PAT_009062
CLM_0018143,PAT_009062
CLM_0018144,PAT_009063
CLM_0018145,PAT_009063
CLM_0018146,PAT_009063
CLM_0018147,PAT_009064
CLM_0018148,PAT_009064
CLM_0018149,PAT_009065
CLM_0018150,PAT_009065
CLM_0018151,PAT_009065
CLM_0018152,PAT_009066
CLM_0018153,PAT_009067
CLM_0018154,PAT_009068
CLM_0018155,PAT_009069
CLM_0018156,PAT_009070
CLM_0018157,PAT_009070
CLM_0018158,PAT_009070
CLM_0018159,PAT_009071
CLM_0018160,PAT_009071
CLM_0018161,PAT_009071
CLM_0018162,PAT_009072
CLM_0018163,PAT_009072
CLM_0018164,PAT_009073
CLM_0018165,PAT_009074
CLM_0018166,PAT_009075
CLM_0018167,PAT_009076
CLM_0018168,PAT_009076
CLM_0018169,PAT_009077
CLM_0018170,PAT_009077
CLM_0018171,PAT_009078
CLM_0018172,PAT_009078
CLM_0018173,PAT_009078
CLM_0018174,PAT_009079
CLM_0018175,PAT_009079
CLM_0018176,PAT_009079
CLM_0018177,PAT_009080
CLM_0018178,PAT_009081
CLM_0018179,PAT_009082
CLM_0018180,PAT_009083
CLM_0018181,PAT_009083
CLM_0018182,PAT_009083
CLM_0018183,PAT_009084
CLM_0018184,PAT_009084
CLM_0018185,PAT_009085
CLM_0018186,PAT_009085
CLM_0018187,PAT_009086
CLM_0018188,PAT_009087
CLM_0018189,PAT_009088
CLM_0018190,PAT_009088
CLM_0018191,PAT_009089
CLM_0018192,PAT_009090
CLM_0018193,PAT_009091
CLM_0018194,PAT_009091
CLM_0018195,PAT_009092
CLM_0018196,PAT_009093
CLM_0018197,PAT_009094
CLM_0018198,PAT_009094
CLM_0018199,PAT_009095
CLM_0018200,PAT_009095
CLM_0018201,PAT_009096
CLM_0018202,PAT_009097
CLM_0018203,PAT_009097
CLM_0018204,PAT_009098
CLM_0018205,PAT_009098
CLM_0018206,PAT_009099
CLM_0018207,PAT_009099
CLM_0018208,PAT_009099
CLM_0018209,PAT_009100
CLM_0018210,PAT_009100
CLM_0018211,PAT_009101
CLM_0018212,PAT_009101
CLM_0018213,PAT_009102
CLM_0018214,PAT_009102
CLM_0018215,PAT_009102
CLM_0018216,PAT_009103
CLM_0018217,PAT_009103
CLM_0018218,PAT_009104
CLM_0018219,PAT_009104
CLM_0018220,PAT_009104
CLM_0018221,PAT_009105
CLM_0018222,PAT_009105
CLM_0018223,PAT_009105
CLM_0018224,PAT_009106
CLM_0018225,PAT_009106
CLM_0018226,PAT_009106
CLM_0018227,PAT_009107
CLM_0018228,PAT_009107
CLM_0018229,PAT_009107
CLM_0018230,PAT_009108
CLM_0018231,PAT_009109
CLM_0018232,PAT_009110
CLM_0018233,PAT_009110
CLM_0018234,PAT_009110
CLM_0018235,PAT_009111
CLM_0018236,PAT_009112
CLM_0018237,PAT_009112
CLM_0018238,PAT_009113
CLM_0018239,PAT_009113
CLM_0018240,PAT_009113
CLM_0018241,PAT_009114
CLM_0018242,PAT_009115
CLM_0018243,PAT_009115
CLM_0018244,PAT_009116
CLM_0018245,PAT_009116
CLM_0018246,PAT_009116
CLM_0018247,PAT_009117
CLM_0018248,PAT_009118
CLM_0018249,PAT_009118
CLM_0018250,PAT_009119
CLM_0018251,PAT_009119
CLM_0018252,PAT_009120
CLM_0018253,PAT_009120
CLM_0018254,PAT_009120
CLM_0018255,PAT_009121
CLM_0018256,PAT_009121
CLM_0018257,PAT_009121
CLM_0018258,PAT_009122
CLM_0018259,PAT_009122
CLM_0018260,PAT_009122
CLM_0018261,PAT_009123
CLM_0018262,PAT_009123
CLM_0018263,PAT_009123
CLM_0018264,PAT_009124
CLM_0018265,PAT_009125
CLM_0018266,PAT_009126
CLM_0018267,PAT_009126
CLM_0018268,PAT_009126
CLM_0018269,PAT_009127
CLM_0018270,PAT_009128
CLM_0018271,PAT_009128
CLM_0018272,PAT_009128
CLM_0018273,PAT_009129
CLM_0018274,PAT_009130
CLM_0018275,PAT_009130
CLM_0018276,PAT_009131
CLM_0018277,PAT_009131
CLM_0018278,PAT_009132
CLM_0018279,PAT_009132
CLM_0018280,PAT_009133
CLM_0018281,PAT_009133
CLM_0018282,PAT_009134
CLM_0018283,PAT_009135
CLM_0018284,PAT_009136
CLM_0018285,PAT_009136
CLM_0018286,PAT_009136
CLM_0018287,PAT_009137
CLM_0018288,PAT_009137
CLM_0018289,PAT_009137
CLM_0018290,PAT_009138
CLM_0018291,PAT_009138
CLM_0018292,PAT_009139
CLM_0018293,PAT_009140
CLM_0018294,PAT_009140
CLM_0018295,PAT_009140
CLM_0018296,PAT_009141
CLM_0018297,PAT_009141
CLM_0018298,PAT_009142
CLM_0018299,PAT_009142
CLM_0018300,PAT_009143
CLM_0018301,PAT_009143
CLM_0018302,PAT_009144
CLM_0018303,PAT_009144
CLM_0018304,PAT_009145
CLM_0018305,PAT_009146
CLM_0018306,PAT_009147
CLM_0018307,PAT_009148
CLM_0018308,PAT_009148
CLM_0018309,PAT_009149
CLM_0018310,PAT_009150
CLM_0018311,PAT_009150
CLM_0018312,PAT_009151
CLM_0018313,PAT_009151
CLM_0018314,PAT_009151
CLM_0018315,PAT_009152
CLM_0018316,PAT_009152
CLM_0018317,PAT_009152
CLM_0018318,PAT_009153
CLM_0018319,PAT_009153
CLM_0018320,PAT_009154
CLM_0018321,PAT_009155
CLM_0018322,PAT_009155
CLM_0018323,PAT_009155
CLM_0018324,PAT_009156
CLM_0018325,PAT_009157
CLM_0018326,PAT_009157
CLM_0018327,PAT_009158
CLM_0018328,PAT_009158
CLM_0018329,PAT_009159
CLM_0018330,PAT_009159
CLM_0018331,PAT_009159
CLM_0018332,PAT_009160
CLM_0018333,PAT_009160
CLM_0018334,PAT_009161
CLM_0018335,PAT_009162
CLM_0018336,PAT_009162
CLM_0018337,PAT_009163
CLM_0018338,PAT_009163
CLM_0018339,PAT_009164
CLM_0018340,PAT_009164
CLM_0018341,PAT_009165
CLM_0018342,PAT_009165
CLM_0018343,PAT_009165
CLM_0018344,PAT_009166
CLM_0018345,PAT_009166
CLM_0018346,PAT_009167
CLM_0018347,PAT_009167
CLM_0018348,PAT_009167
CLM_0018349,PAT_009168
CLM_0018350,PAT_009168
CLM_0018351,PAT_009168
CLM_0018352,PAT_009169
CLM_0018353,PAT_009169
CLM_0018354,PAT_009170
CLM_0018355,PAT_009170
CLM_0018356,PAT_009171
CLM_0018357,PAT_009171
CLM_0018358,PAT_009171
CLM_0018359,PAT_009172
CLM_0018360,PAT_009173
CLM_0018361,PAT_009174
CLM_0018362,PAT_009174
CLM_0018363,PAT_009174
CLM_0018364,PAT_009175
CLM_0018365,PAT_009175
CLM_0018366,PAT_009176
CLM_0018367,PAT_009177
CLM_0018368,PAT_009177
CLM_0018369,PAT_009177
CLM_0018370,PAT_009178
CLM_0018371,PAT_009178
CLM_0018372,PAT_009179
CLM_0018373,PAT_009179
CLM_0018374,PAT_009180
CLM_0018375,PAT_009180
CLM_0018376,PAT_009181
CLM_0018377,PAT_009181
CLM_0018378,PAT_009182
CLM_0018379,PAT_009182
CLM_0018380,PAT_009183
CLM_0018381,PAT_009184
CLM_0018382,PAT_009185
CLM_0018383,PAT_009186
CLM_0018384,PAT_009187
CLM_0018385,PAT_009188
CLM_0018386,PAT_009188
CLM_0018387,PAT_009189
CLM_0018388,PAT_009189
CLM_0018389,PAT_009189
CLM_0018390,PAT_009190
CLM_0018391,PAT_009190
CLM_0018392,PAT_009191
CLM_0018393,PAT_009191
CLM_0018394,PAT_009192
CLM_0018395,PAT_009192
CLM_0018396,PAT_009192
CLM_0018397,PAT_009193
CLM_0018398,PAT_009193
CLM_0018399,PAT_009194
CLM_0018400,PAT_009195
CLM_0018401,PAT_009195
CLM_0018402,PAT_009196
CLM_0018403,PAT_009196
CLM_0018404,PAT_009197
CLM_0018405,PAT_009198
CLM_0018406,PAT_009199
CLM_0018407,PAT_009199
CLM_0018408,PAT_009199
CLM_0018409,PAT_009200
CLM_0018410,PAT_009200
CLM_0018411,PAT_009200
CLM_0018412,PAT_009201
CLM_0018413,PAT_009201
CLM_0018414,PAT_009202
CLM_0018415,PAT_009203
CLM_0018416,PAT_009203
CLM_0018417,PAT_009204
CLM_0018418,PAT_009204
CLM_0018419,PAT_009204
CLM_0018420,PAT_009205
CLM_0018421,PAT_009206
CLM_0018422,PAT_009206
CLM_0018423,PAT_009207
CLM_0018424,PAT_009207
CLM_0018425,PAT_009208
CLM_0018426,PAT_009208
CLM_0018427,PAT_009208
CLM_0018428,PAT_009209
CLM_0018429,PAT_009209
CLM_0018430,PAT_009210
CLM_0018431,PAT_009210
CLM_0018432,PAT_009211
CLM_0018433,PAT_009212
CLM_0018434,PAT_009213
CLM_0018435,PAT_009213
CLM_0018436,PAT_009214
CLM_0018437,PAT_009214
CLM_0018438,PAT_009215
CLM_0018439,PAT_009216
CLM_0018440,PAT_009216
CLM_0018441,PAT_009217
CLM_0018442,PAT_009217
CLM_0018443,PAT_009218
CLM_0018444,PAT_009218
CLM_0018445,PAT_009219
CLM_0018446,PAT_009219
CLM_0018447,PAT_009220
CLM_0018448,PAT_009220
CLM_0018449,PAT_009221
CLM_0018450,PAT_009222
CLM_0018451,PAT_009222
CLM_0018452,PAT_009222
CLM_0018453,PAT_009223
CLM_0018454,PAT_009223
CLM_0018455,PAT_009223
CLM_0018456,PAT_009224
CLM_0018457,PAT_009224
CLM_0018458,PAT_009225
CLM_0018459,PAT_009226
CLM_0018460,PAT_009226
CLM_0018461,PAT_009226
CLM_0018462,PAT_009227
CLM_0018463,PAT_009227
CLM_0018464,PAT_009228
CLM_0018465,PAT_009229
CLM_0018466,PAT_009230
CLM_0018467,PAT_009231
CLM_0018468,PAT_009231
CLM_0018469,PAT_009231
CLM_0018470,PAT_009232
CLM_0018471,PAT_009232
CLM_0018472,PAT_009232
CLM_0018473,PAT_009233
CLM_0018474,PAT_009234
CLM_0018475,PAT_009234
CLM_0018476,PAT_009234
CLM_0018477,PAT_009235
CLM_0018478,PAT_009236
CLM_0018479,PAT_009236
CLM_0018480,PAT_009236
CLM_0018481,PAT_009237
CLM_0018482,PAT_009237
CLM_0018483,PAT_009238
CLM_0018484,PAT_009239
CLM_0018485,PAT_009240
CLM_0018486,PAT_009240
CLM_0018487,PAT_009240
CLM_0018488,PAT_009241
CLM_0018489,PAT_009242
CLM_0018490,PAT_009243
CLM_0018491,PAT_009244
CLM_0018492,PAT_009244
CLM_0018493,PAT_009244
CLM_0018494,PAT_009245
CLM_0018495,PAT_009246
CLM_0018496,PAT_009246
CLM_0018497,PAT_009247
CLM_0018498,PAT_009247
CLM_0018499,PAT_009247
CLM_0018500,PAT_009248
CLM_0018501,PAT_009248
CLM_0018502,PAT_009249
CLM_0018503,PAT_009249
CLM_0018504,PAT_009249
CLM_0018505,PAT_009250
CLM_0018506,PAT_009250
CLM_0018507,PAT_009250
CLM_0018508,PAT_009251
CLM_0018509,PAT_009252
CLM_0018510,PAT_009253
CLM_0018511,PAT_009253
CLM_0018512,PAT_009254
CLM_0018513,PAT_009254
CLM_0018514,PAT_009254
CLM_0018515,PAT_009255
CLM_0018516,PAT_009256
CLM_0018517,PAT_009256
CLM_0018518,PAT_009256
CLM_0018519,PAT_009257
CLM_0018520,PAT_009257
CLM_0018521,PAT_009258
CLM_0018522,PAT_009258
CLM_0018523,PAT_009258
CLM_0018524,PAT_009259
CLM_0018525,PAT_009260
CLM_0018526,PAT_009260
CLM_0018527,PAT_009261
CLM_0018528,PAT_009261
CLM_0018529,PAT_009261
CLM_0018530,PAT_009262
CLM_0018531,PAT_009262
CLM_0018532,PAT_009262
CLM_0018533,PAT_009263
CLM_0018534,PAT_009263
CLM_0018535,PAT_009263
CLM_0018536,PAT_009264
CLM_0018537,PAT_009264
CLM_0018538,PAT_009265
CLM_0018539,PAT_009265
CLM_0018540,PAT_009265
CLM_0018541,PAT_009266
CLM_0018542,PAT_009266
CLM_0018543,PAT_009267
CLM_0018544,PAT_009268
CLM_0018545,PAT_009269
CLM_0018546,PAT_009270
CLM_0018547,PAT_009270
CLM_0018548,PAT_009271
CLM_0018549,PAT_009271
CLM_0018550,PAT_009272
CLM_0018551,PAT_009273
CLM_0018552,PAT_009274
CLM_0018553,PAT_009275
CLM_0018554,PAT_009276
CLM_0018555,PAT_009276
CLM_0018556,PAT_009276
CLM_0018557,PAT_009277
CLM_0018558,PAT_009277
CLM_0018559,PAT_009278
CLM_0018560,PAT_009278
CLM_0018561,PAT_009278
CLM_0018562,PAT_009279
CLM_0018563,PAT_009280
CLM_0018564,PAT_009281
CLM_0018565,PAT_009281
CLM_0018566,PAT_009281
CLM_0018567,PAT_009282
CLM_0018568,PAT_009283
CLM_0018569,PAT_009283
CLM_0018570,PAT_009283
CLM_0018571,PAT_009284
CLM_0018572,PAT_009284
CLM_0018573,PAT_009285
CLM_0018574,PAT_009285
CLM_0018575,PAT_009285
CLM_0018576,PAT_009286
CLM_0018577,PAT_009286
CLM_0018578,PAT_009287
CLM_0018579,PAT_009288
CLM_0018580,PAT_009288
CLM_0018581,PAT_009288
CLM_0018582,PAT_009289
CLM_0018583,PAT_009289
CLM_0018584,PAT_009289
CLM_0018585,PAT_009290
CLM_0018586,PAT_009290
CLM_0018587,PAT_009291
CLM_0018588,PAT_009291
CLM_0018589,PAT_009291
CLM_0018590,PAT_009292
CLM_0018591,PAT_009292
CLM_0018592,PAT_009293
CLM_0018593,PAT_009293
CLM_0018594,PAT_009293
CLM_0018595,PAT_009294
CLM_0018596,PAT_009294
CLM_0018597,PAT_009295
CLM_0018598,PAT_009296
CLM_0018599,PAT_009296
CLM_0018600,PAT_009296
CLM_0018601,PAT_009297
CLM_0018602,PAT_009297
CLM_0018603,PAT_009298
CLM_0018604,PAT_009298
CLM_0018605,PAT_009299
CLM_0018606,PAT_009299
CLM_0018607,PAT_009299
CLM_0018608,PAT_009300
CLM_0018609,PAT_009301
CLM_0018610,PAT_009302
CLM_0018611,PAT_009302
CLM_0018612,PAT_009303
CLM_0018613,PAT_009303
CLM_0018614,PAT_009303
CLM_0018615,PAT_009304
CLM_0018616,PAT_009305
CLM_0018617,PAT_009305
CLM_0018618,PAT_009305
CLM_0018619,PAT_009306
CLM_0018620,PAT_009306
CLM_0018621,PAT_009306
CLM_0018622,PAT_009307
CLM_0018623,PAT_009307
CLM_0018624,PAT_009308
CLM_0018625,PAT_009308
CLM_0018626,PAT_009309
CLM_0018627,PAT_009309
CLM_0018628,PAT_009309
CLM_0018629,PAT_009310
CLM_0018630,PAT_009310
CLM_0018631,PAT_009311
CLM_0018632,PAT_009312
CLM_0018633,PAT_009312
CLM_0018634,PAT_009313
CLM_0018635,PAT_009313
CLM_0018636,PAT_009313
CLM_0018637,PAT_009314
CLM_0018638,PAT_009314
CLM_0018639,PAT_009315
CLM_0018640,PAT_009315
CLM_0018641,PAT_009316
CLM_0018642,PAT_009317
CLM_0018643,PAT_009318
CLM_0018644,PAT_009318
CLM_0018645,PAT_009319
CLM_0018646,PAT_009319
CLM_0018647,PAT_009320
CLM_0018648,PAT_009320
CLM_0018649,PAT_009321
CLM_0018650,PAT_009321
CLM_0018651,PAT_009321
CLM_0018652,PAT_009322
CLM_0018653,PAT_009322
CLM_0018654,PAT_009322
CLM_0018655,PAT_009323
CLM_0018656,PAT_009323
CLM_0018657,PAT_009324
CLM_0018658,PAT_009325
CLM_0018659,PAT_009326
CLM_0018660,PAT_009326
CLM_0018661,PAT_009327
CLM_0018662,PAT_009328
CLM_0018663,PAT_009328
CLM_0018664,PAT_009328
CLM_0018665,PAT_009329
CLM_0018666,PAT_009329
CLM_0018667,PAT_009329
CLM_0018668,PAT_009330
CLM_0018669,PAT_009331
CLM_0018670,PAT_009331
CLM_0018671,PAT_009332
CLM_0018672,PAT_009332
CLM_0018673,PAT_009333
CLM_0018674,PAT_009334
CLM_0018675,PAT_009334
CLM_0018676,PAT_009334
CLM_0018677,PAT_009335
CLM_0018678,PAT_009335
CLM_0018679,PAT_009336
CLM_0018680,PAT_009337
CLM_0018681,PAT_009337
CLM_0018682,PAT_009337
CLM_0018683,PAT_009338
CLM_0018684,PAT_009338
CLM_0018685,PAT_009338
CLM_0018686,PAT_009339
CLM_0018687,PAT_009339
CLM_0018688,PAT_009340
CLM_0018689,PAT_009341
CLM_0018690,PAT_009341
CLM_0018691,PAT_009341
CLM_0018692,PAT_009342
CLM_0018693,PAT_009342
CLM_0018694,PAT_009343
CLM_0018695,PAT_009343
CLM_0018696,PAT_009344
CLM_0018697,PAT_009345
CLM_0018698,PAT_009345
CLM_0018699,PAT_009345
CLM_0018700,PAT_009346
CLM_0018701,PAT_009346
CLM_0018702,PAT_009347
CLM_0018703,PAT_009347
CLM_0018704,PAT_009347
CLM_0018705,PAT_009348
CLM_0018706,PAT_009349
CLM_0018707,PAT_009349
CLM_0018708,PAT_009350
CLM_0018709,PAT_009351
CLM_0018710,PAT_009351
CLM_0018711,PAT_009352
CLM_0018712,PAT_009352
CLM_0018713,PAT_009352
CLM_0018714,PAT_009353
CLM_0018715,PAT_009353
CLM_0018716,PAT_009354
CLM_0018717,PAT_009354
CLM_0018718,PAT_009355
CLM_0018719,PAT_009356
CLM_0018720,PAT_009357
CLM_0018721,PAT_009357
CLM_0018722,PAT_009358
CLM_0018723,PAT_009358
CLM_0018724,PAT_009359
CLM_0018725,PAT_009359
CLM_0018726,PAT_009359
CLM_0018727,PAT_009360
CLM_0018728,PAT_009360
CLM_0018729,PAT_009361
CLM_0018730,PAT_009362
CLM_0018731,PAT_009362
CLM_0018732,PAT_009362
CLM_0018733,PAT_009363
CLM_0018734,PAT_009363
CLM_0018735,PAT_009364
CLM_0018736,PAT_009364
CLM_0018737,PAT_009365
CLM_0018738,PAT_009365
CLM_0018739,PAT_009365
CLM_0018740,PAT_009366
CLM_0018741,PAT_009366
CLM_0018742,PAT_009367
CLM_0018743,PAT_009368
CLM_0018744,PAT_009368
CLM_0018745,PAT_009368
CLM_0018746,PAT_009369
CLM_0018747,PAT_009369
CLM_0018748,PAT_009369
CLM_0018749,PAT_009370
CLM_0018750,PAT_009370
CLM_0018751,PAT_009370
CLM_0018752,PAT_009371
CLM_0018753,PAT_009371
CLM_0018754,PAT_009372
CLM_0018755,PAT_009373
CLM_0018756,PAT_009374
CLM_0018757,PAT_009374
CLM_0018758,PAT_009375
CLM_0018759,PAT_009376
CLM_0018760,PAT_009376
CLM_0018761,PAT_009376
CLM_0018762,PAT_009377
CLM_0018763,PAT_009377
CLM_0018764,PAT_009378
CLM_0018765,PAT_009378
CLM_0018766,PAT_009379
CLM_0018767,PAT_009379
CLM_0018768,PAT_009380
CLM_0018769,PAT_009380
CLM_0018770,PAT_009380
CLM_0018771,PAT_009381
CLM_0018772,PAT_009381
CLM_0018773,PAT_009382
CLM_0018774,PAT_009382
CLM_0018775,PAT_009382
CLM_0018776,PAT_009383
CLM_0018777,PAT_009384
CLM_0018778,PAT_009384
CLM_0018779,PAT_009385
CLM_0018780,PAT_009386
CLM_0018781,PAT_009386
CLM_0018782,PAT_009387
CLM_0018783,PAT_009387
CLM_0018784,PAT_009388
CLM_0018785,PAT_009389
CLM_0018786,PAT_009390
CLM_0018787,PAT_009390
CLM_0018788,PAT_009391
CLM_0018789,PAT_009391
CLM_0018790,PAT_009392
CLM_0018791,PAT_009392
CLM_0018792,PAT_009393
CLM_0018793,PAT_009393
CLM_0018794,PAT_009394
CLM_0018795,PAT_009394
CLM_0018796,PAT_009394
CLM_0018797,PAT_009395
CLM_0018798,PAT_009395
CLM_0018799,PAT_009395
CLM_0018800,PAT_009396
CLM_0018801,PAT_009397
CLM_0018802,PAT_009398
CLM_0018803,PAT_009398
CLM_0018804,PAT_009398
CLM_0018805,PAT_009399
CLM_0018806,PAT_009399
CLM_0018807,PAT_009399
CLM_0018808,PAT_009400
CLM_0018809,PAT_009400
CLM_0018810,PAT_009400
CLM_0018811,PAT_009401
CLM_0018812,PAT_009401
CLM_0018813,PAT_009401
CLM_0018814,PAT_009402
CLM_0018815,PAT_009403
CLM_0018816,PAT_009403
CLM_0018817,PAT_009403
CLM_0018818,PAT_009404
CLM_0018819,PAT_009405
CLM_0018820,PAT_009405
CLM_0018821,PAT_009406
CLM_0018822,PAT_009406
CLM_0018823,PAT_009407
CLM_0018824,PAT_009407
CLM_0018825,PAT_009408
CLM_0018826,PAT_009409
CLM_0018827,PAT_009409
CLM_0018828,PAT_009410
CLM_0018829,PAT_009410
CLM_0018830,PAT_009411
CLM_0018831,PAT_009411
CLM_0018832,PAT_009412
CLM_0018833,PAT_009413
CLM_0018834,PAT_009413
CLM_0018835,PAT_009413
CLM_0018836,PAT_009414
CLM_0018837,PAT_009415
CLM_0018838,PAT_009415
CLM_0018839,PAT_009416
CLM_0018840,PAT_009416
CLM_0018841,PAT_009417
CLM_0018842,PAT_009418
CLM_0018843,PAT_009419
CLM_0018844,PAT_009420
CLM_0018845,PAT_009421
CLM_0018846,PAT_009421
CLM_0018847,PAT_009421
CLM_0018848,PAT_009422
CLM_0018849,PAT_009422
CLM_0018850,PAT_009422
CLM_0018851,PAT_009423
CLM_0018852,PAT_009423
CLM_0018853,PAT_009423
CLM_0018854,PAT_009424
CLM_0018855,PAT_009425
CLM_0018856,PAT_009426
CLM_0018857,PAT_009426
CLM_0018858,PAT_009427
CLM_0018859,PAT_009427
CLM_0018860,PAT_009427
CLM_0018861,PAT_009428
CLM_0018862,PAT_009429
CLM_0018863,PAT_009430
CLM_0018864,PAT_009430
CLM_0018865,PAT_009430
CLM_0018866,PAT_009431
CLM_0018867,PAT_009432
CLM_0018868,PAT_009432
CLM_0018869,PAT_009432
CLM_0018870,PAT_009433
CLM_0018871,PAT_009433
CLM_0018872,PAT_009433
CLM_0018873,PAT_009434
CLM_0018874,PAT_009434
CLM_0018875,PAT_009434
CLM_0018876,PAT_009435
CLM_0018877,PAT_009436
CLM_0018878,PAT_009437
CLM_0018879,PAT_009438
CLM_0018880,PAT_009438
CLM_0018881,PAT_009439
CLM_0018882,PAT_009439
CLM_0018883,PAT_009440
CLM_0018884,PAT_009440
CLM_0018885,PAT_009441
CLM_0018886,PAT_009441
CLM_0018887,PAT_009442
CLM_0018888,PAT_009442
CLM_0018889,PAT_009442
CLM_0018890,PAT_009443
CLM_0018891,PAT_009443
CLM_0018892,PAT_009443
CLM_0018893,PAT_009444
CLM_0018894,PAT_009445
CLM_0018895,PAT_009445
CLM_0018896,PAT_009445
CLM_0018897,PAT_009446
CLM_0018898,PAT_009446
CLM_0018899,PAT_009447
CLM_0018900,PAT_009447
CLM_0018901,PAT_009447
CLM_0018902,PAT_009448
CLM_0018903,PAT_009448
CLM_0018904,PAT_009448
CLM_0018905,PAT_009449
CLM_0018906,PAT_009450
CLM_0018907,PAT_009450
CLM_0018908,PAT_009451
CLM_0018909,PAT_009452
CLM_0018910,PAT_009452
CLM_0018911,PAT_009452
CLM_0018912,PAT_009453
CLM_0018913,PAT_009454
CLM_0018914,PAT_009454
CLM_0018915,PAT_009454
CLM_0018916,PAT_009455
CLM_0018917,PAT_009455
CLM_0018918,PAT_009455
CLM_0018919,PAT_009456
CLM_0018920,PAT_009457
CLM_0018921,PAT_009457
CLM_0018922,PAT_009458
CLM_0018923,PAT_009458
CLM_0018924,PAT_009459
CLM_0018925,PAT_009459
CLM_0018926,PAT_009460
CLM_0018927,PAT_009460
CLM_0018928,PAT_009461
CLM_0018929,PAT_009462
CLM_0018930,PAT_009462
CLM_0018931,PAT_009463
CLM_0018932,PAT_009463
CLM_0018933,PAT_009464
CLM_0018934,PAT_009465
CLM_0018935,PAT_009465
CLM_0018936,PAT_009465
CLM_0018937,PAT_009466
CLM_0018938,PAT_009467
CLM_0018939,PAT_009468
CLM_0018940,PAT_009469
CLM_0018941,PAT_009470
CLM_0018942,PAT_009470
CLM_0018943,PAT_009470
CLM_0018944,PAT_009471
CLM_0018945,PAT_009471
CLM_0018946,PAT_009471
CLM_0018947,PAT_009472
CLM_0018948,PAT_009473
CLM_0018949,PAT_009473
CLM_0018950,PAT_009473
CLM_0018951,PAT_009474
CLM_0018952,PAT_009474
CLM_0018953,PAT_009474
CLM_0018954,PAT_009475
CLM_0018955,PAT_009475
CLM_0018956,PAT_009476
CLM_0018957,PAT_009476
CLM_0018958,PAT_009477
CLM_0018959,PAT_009477
CLM_0018960,PAT_009478
CLM_0018961,PAT_009479
CLM_0018962,PAT_009480
CLM_0018963,PAT_009481
CLM_0018964,PAT_009481
CLM_0018965,PAT_009481
CLM_0018966,PAT_009482
CLM_0018967,PAT_009482
CLM_0018968,PAT_009483
CLM_0018969,PAT_009483
CLM_0018970,PAT_009484
CLM_0018971,PAT_009484
CLM_0018972,PAT_009484
CLM_0018973,PAT_009485
CLM_0018974,PAT_009485
CLM_0018975,PAT_009485
CLM_0018976,PAT_009486
CLM_0018977,PAT_009487
CLM_0018978,PAT_009487
CLM_0018979,PAT_009488
CLM_0018980,PAT_009488
CLM_0018981,PAT_009488
CLM_0018982,PAT_009489
CLM_0018983,PAT_009489
CLM_0018984,PAT_009489
CLM_0018985,PAT_009490
CLM_0018986,PAT_009490
CLM_0018987,PAT_009490
CLM_0018988,PAT_009491
CLM_0018989,PAT_009491
CLM_0018990,PAT_009492
CLM_0018991,PAT_009492
CLM_0018992,PAT_009492
CLM_0018993,PAT_009493
CLM_0018994,PAT_009494
CLM_0018995,PAT_009494
CLM_0018996,PAT_009495
CLM_0018997,PAT_009495
CLM_0018998,PAT_009496
CLM_0018999,PAT_009497
CLM_0019000,PAT_009498
CLM_0019001,PAT_009498
CLM_0019002,PAT_009498
CLM_0019003,PAT_009499
CLM_0019004,PAT_009499
CLM_0019005,PAT_009500
CLM_0019006,PAT_009500
CLM_0019007,PAT_009500
CLM_0019008,PAT_009501
CLM_0019009,PAT_009501
CLM_0019010,PAT_009502
CLM_0019011,PAT_009503
CLM_0019012,PAT_009504
CLM_0019013,PAT_009504
CLM_0019014,PAT_009505
CLM_0019015,PAT_009506
CLM_0019016,PAT_009507
CLM_0019017,PAT_009507
CLM_0019018,PAT_009507
CLM_0019019,PAT_009508
CLM_0019020,PAT_009508
CLM_0019021,PAT_009508
CLM_0019022,PAT_009509
CLM_0019023,PAT_009510
CLM_0019024,PAT_009510
CLM_0019025,PAT_009510
CLM_0019026,PAT_009511
CLM_0019027,PAT_009511
CLM_0019028,PAT_009511
CLM_0019029,PAT_009512
CLM_0019030,PAT_009512
CLM_0019031,PAT_009513
CLM_0019032,PAT_009513
CLM_0019033,PAT_009514
CLM_0019034,PAT_009514
CLM_0019035,PAT_009515
CLM_0019036,PAT_009515
CLM_0019037,PAT_009516
CLM_0019038,PAT_009516
CLM_0019039,PAT_009517
CLM_0019040,PAT_009517
CLM_0019041,PAT_009517
CLM_0019042,PAT_009518
CLM_0019043,PAT_009518
CLM_0019044,PAT_009519
CLM_0019045,PAT_009520
CLM_0019046,PAT_009520
CLM_0019047,PAT_009521
CLM_0019048,PAT_009522
CLM_0019049,PAT_009522
CLM_0019050,PAT_009522
CLM_0019051,PAT_009523
CLM_0019052,PAT_009523
CLM_0019053,PAT_009524
CLM_0019054,PAT_009525
CLM_0019055,PAT_009525
CLM_0019056,PAT_009525
CLM_0019057,PAT_009526
CLM_0019058,PAT_009526
CLM_0019059,PAT_009527
CLM_0019060,PAT_009528
CLM_0019061,PAT_009528
CLM_0019062,PAT_009529
CLM_0019063,PAT_009529
CLM_0019064,PAT_009529
CLM_0019065,PAT_009530
CLM_0019066,PAT_009530
CLM_0019067,PAT_009531
CLM_0019068,PAT_009532
CLM_0019069,PAT_009533
CLM_0019070,PAT_009533
CLM_0019071,PAT_009534
CLM_0019072,PAT_009535
CLM_0019073,PAT_009536
CLM_0019074,PAT_009536
CLM_0019075,PAT_009536
CLM_0019076,PAT_009537
CLM_0019077,PAT_009537
CLM_0019078,PAT_009538
CLM_0019079,PAT_009539
CLM_0019080,PAT_009539
CLM_0019081,PAT_009539
CLM_0019082,PAT_009540
CLM_0019083,PAT_009541
CLM_0019084,PAT_009541
CLM_0019085,PAT_009541
CLM_0019086,PAT_009542
CLM_0019087,PAT_009542
CLM_0019088,PAT_009543
CLM_0019089,PAT_009543
CLM_0019090,PAT_009543
CLM_0019091,PAT_009544
CLM_0019092,PAT_009544
CLM_0019093,PAT_009544
CLM_0019094,PAT_009545
CLM_0019095,PAT_009545
CLM_0019096,PAT_009545
CLM_0019097,PAT_009546
CLM_0019098,PAT_009547
CLM_0019099,PAT_009547
CLM_0019100,PAT_009547
CLM_0019101,PAT_009548
CLM_0019102,PAT_009548
CLM_0019103,PAT_009549
CLM_0019104,PAT_009549
CLM_0019105,PAT_009550
CLM_0019106,PAT_009550
CLM_0019107,PAT_009550
CLM_0019108,PAT_009551
CLM_0019109,PAT_009552
CLM_0019110,PAT_009552
CLM_0019111,PAT_009553
CLM_0019112,PAT_009553
CLM_0019113,PAT_009554
CLM_0019114,PAT_009555
CLM_0019115,PAT_009556
CLM_0019116,PAT_009556
CLM_0019117,PAT_009556
CLM_0019118,PAT_009557
CLM_0019119,PAT_009557
CLM_0019120,PAT_009557
CLM_0019121,PAT_009558
CLM_0019122,PAT_009559
CLM_0019123,PAT_009559
CLM_0019124,PAT_009560
CLM_0019125,PAT_009561
CLM_0019126,PAT_009561
CLM_0019127,PAT_009561
CLM_0019128,PAT_009562
CLM_0019129,PAT_009562
CLM_0019130,PAT_009562
CLM_0019131,PAT_009563
CLM_0019132,PAT_009564
CLM_0019133,PAT_009564
CLM_0019134,PAT_009564
CLM_0019135,PAT_009565
CLM_0019136,PAT_009566
CLM_0019137,PAT_009566
CLM_0019138,PAT_009567
CLM_0019139,PAT_009567
CLM_0019140,PAT_009568
CLM_0019141,PAT_009568
CLM_0019142,PAT_009569
CLM_0019143,PAT_009570
CLM_0019144,PAT_009570
CLM_0019145,PAT_009571
CLM_0019146,PAT_009571
CLM_0019147,PAT_009572
CLM_0019148,PAT_009572
CLM_0019149,PAT_009572
CLM_0019150,PAT_009573
CLM_0019151,PAT_009573
CLM_0019152,PAT_009574
CLM_0019153,PAT_009575
CLM_0019154,PAT_009575
CLM_0019155,PAT_009576
CLM_0019156,PAT_009577
CLM_0019157,PAT_009577
CLM_0019158,PAT_009577
CLM_0019159,PAT_009578
CLM_0019160,PAT_009578
CLM_0019161,PAT_009578
CLM_0019162,PAT_009579
CLM_0019163,PAT_009579
CLM_0019164,PAT_009580
CLM_0019165,PAT_009581
CLM_0019166,PAT_009581
CLM_0019167,PAT_009582
CLM_0019168,PAT_009582
CLM_0019169,PAT_009582
CLM_0019170,PAT_009583
CLM_0019171,PAT_009583
CLM_0019172,PAT_009583
CLM_0019173,PAT_009584
CLM_0019174,PAT_009584
CLM_0019175,PAT_009584
CLM_0019176,PAT_009585
CLM_0019177,PAT_009585
CLM_0019178,PAT_009586
CLM_0019179,PAT_009586
CLM_0019180,PAT_009586
CLM_0019181,PAT_009587
CLM_0019182,PAT_009587
CLM_0019183,PAT_009587
CLM_0019184,PAT_009588
CLM_0019185,PAT_009589
CLM_0019186,PAT_009590
CLM_0019187,PAT_009590
CLM_0019188,PAT_009591
CLM_0019189,PAT_009591
CLM_0019190,PAT_009591
CLM_0019191,PAT_009592
CLM_0019192,PAT_009593
CLM_0019193,PAT_009593
CLM_0019194,PAT_009594
CLM_0019195,PAT_009594
CLM_0019196,PAT_009595
CLM_0019197,PAT_009595
CLM_0019198,PAT_009595
CLM_0019199,PAT_009596
CLM_0019200,PAT_009596
CLM_0019201,PAT_009597
CLM_0019202,PAT_009597
CLM_0019203,PAT_009598
CLM_0019204,PAT_009598
CLM_0019205,PAT_009599
CLM_0019206,PAT_009599
CLM_0019207,PAT_009600
CLM_0019208,PAT_009601
CLM_0019209,PAT_009601
CLM_0019210,PAT_009602
CLM_0019211,PAT_009603
CLM_0019212,PAT_009604
CLM_0019213,PAT_009604
CLM_0019214,PAT_009605
CLM_0019215,PAT_009605
CLM_0019216,PAT_009606
CLM_0019217,PAT_009606
CLM_0019218,PAT_009606
CLM_0019219,PAT_009607
CLM_0019220,PAT_009607
CLM_0019221,PAT_009608
CLM_0019222,PAT_009609
CLM_0019223,PAT_009610
CLM_0019224,PAT_009610
CLM_0019225,PAT_009611
CLM_0019226,PAT_009612
CLM_0019227,PAT_009613
CLM_0019228,PAT_009613
CLM_0019229,PAT_009613
CLM_0019230,PAT_009614
CLM_0019231,PAT_009614
CLM_0019232,PAT_009614
CLM_0019233,PAT_009615
CLM_0019234,PAT_009615
CLM_0019235,PAT_009615
CLM_0019236,PAT_009616
CLM_0019237,PAT_009617
CLM_0019238,PAT_009617
CLM_0019239,PAT_009617
CLM_0019240,PAT_009618
CLM_0019241,PAT_009619
CLM_0019242,PAT_009620
CLM_0019243,PAT_009620
CLM_0019244,PAT_009621
CLM_0019245,PAT_009621
CLM_0019246,PAT_009622
CLM_0019247,PAT_009623
CLM_0019248,PAT_009623
CLM_0019249,PAT_009623
CLM_0019250,PAT_009624
CLM_0019251,PAT_009625
CLM_0019252,PAT_009625
CLM_0019253,PAT_009625
CLM_0019254,PAT_009626
CLM_0019255,PAT_009626
CLM_0019256,PAT_009626
CLM_0019257,PAT_009627
CLM_0019258,PAT_009628
CLM_0019259,PAT_009628
CLM_0019260,PAT_009629
CLM_0019261,PAT_009629
CLM_0019262,PAT_009630
CLM_0019263,PAT_009630
CLM_0019264,PAT_009631
CLM_0019265,PAT_009631
CLM_0019266,PAT_009631
CLM_0019267,PAT_009632
CLM_0019268,PAT_009632
CLM_0019269,PAT_009633
CLM_0019270,PAT_009633
CLM_0019271,PAT_009633
CLM_0019272,PAT_009634
CLM_0019273,PAT_009634
CLM_0019274,PAT_009635
CLM_0019275,PAT_009636
CLM_0019276,PAT_009636
CLM_0019277,PAT_009636
CLM_0019278,PAT_009637
CLM_0019279,PAT_009638
CLM_0019280,PAT_009638
CLM_0019281,PAT_009638
CLM_0019282,PAT_009639
CLM_0019283,PAT_009639
CLM_0019284,PAT_009640
CLM_0019285,PAT_009641
CLM_0019286,PAT_009642
CLM_0019287,PAT_009642
CLM_0019288,PAT_009643
CLM_0019289,PAT_009644
CLM_0019290,PAT_009644
CLM_0019291,PAT_009645
CLM_0019292,PAT_009645
CLM_0019293,PAT_009646
CLM_0019294,PAT_009646
CLM_0019295,PAT_009647
CLM_0019296,PAT_009648
CLM_0019297,PAT_009648
CLM_0019298,PAT_009648
CLM_0019299,PAT_009649
CLM_0019300,PAT_009649
CLM_0019301,PAT_009649
CLM_0019302,PAT_009650
CLM_0019303,PAT_009650
CLM_0019304,PAT_009650
CLM_0019305,PAT_009651
CLM_0019306,PAT_009652
CLM_0019307,PAT_009652
CLM_0019308,PAT_009652
CLM_0019309,PAT_009653
CLM_0019310,PAT_009653
CLM_0019311,PAT_009653
CLM_0019312,PAT_009654
CLM_0019313,PAT_009654
CLM_0019314,PAT_009655
CLM_0019315,PAT_009655
CLM_0019316,PAT_009655
CLM_0019317,PAT_009656
CLM_0019318,PAT_009656
CLM_0019319,PAT_009656
CLM_0019320,PAT_009657
CLM_0019321,PAT_009657
CLM_0019322,PAT_009657
CLM_0019323,PAT_009658
CLM_0019324,PAT_009658
CLM_0019325,PAT_009658
CLM_0019326,PAT_009659
CLM_0019327,PAT_009659
CLM_0019328,PAT_009659
CLM_0019329,PAT_009660
CLM_0019330,PAT_009660
CLM_0019331,PAT_009661
CLM_0019332,PAT_009661
CLM_0019333,PAT_009662
CLM_0019334,PAT_009662
CLM_0019335,PAT_009662
CLM_0019336,PAT_009663
CLM_0019337,PAT_009664
CLM_0019338,PAT_009664
CLM_0019339,PAT_009665
CLM_0019340,PAT_009665
CLM_0019341,PAT_009665
CLM_0019342,PAT_009666
CLM_0019343,PAT_009667
CLM_0019344,PAT_009668
CLM_0019345,PAT_009668
CLM_0019346,PAT_009668
CLM_0019347,PAT_009669
CLM_0019348,PAT_009669
CLM_0019349,PAT_009669
CLM_0019350,PAT_009670
CLM_0019351,PAT_009670
CLM_0019352,PAT_009670
CLM_0019353,PAT_009671
CLM_0019354,PAT_009671
CLM_0019355,PAT_009672
CLM_0019356,PAT_009672
CLM_0019357,PAT_009672
CLM_0019358,PAT_009673
CLM_0019359,PAT_009673
CLM_0019360,PAT_009673
CLM_0019361,PAT_009674
CLM_0019362,PAT_009674
CLM_0019363,PAT_009674
CLM_0019364,PAT_009675
CLM_0019365,PAT_009675
CLM_0019366,PAT_009675
CLM_0019367,PAT_009676
CLM_0019368,PAT_009676
CLM_0019369,PAT_009676
CLM_0019370,PAT_009677
CLM_0019371,PAT_009677
CLM_0019372,PAT_009678
CLM_0019373,PAT_009679
CLM_0019374,PAT_009679
CLM_0019375,PAT_009679
CLM_0019376,PAT_009680
CLM_0019377,PAT_009680
CLM_0019378,PAT_009680
CLM_0019379,PAT_009681
CLM_0019380,PAT_009681
CLM_0019381,PAT_009682
CLM_0019382,PAT_009682
CLM_0019383,PAT_009683
CLM_0019384,PAT_009683
CLM_0019385,PAT_009684
CLM_0019386,PAT_009685
CLM_0019387,PAT_009685
CLM_0019388,PAT_009685
CLM_0019389,PAT_009686
CLM_0019390,PAT_009686
CLM_0019391,PAT_009686
CLM_0019392,PAT_009687
CLM_0019393,PAT_009687
CLM_0019394,PAT_009688
CLM_0019395,PAT_009689
CLM_0019396,PAT_009689
CLM_0019397,PAT_009689
CLM_0019398,PAT_009690
CLM_0019399,PAT_009690
CLM_0019400,PAT_009690
CLM_0019401,PAT_009691
CLM_0019402,PAT_009691
CLM_0019403,PAT_009691
CLM_0019404,PAT_009692
CLM_0019405,PAT_009692
CLM_0019406,PAT_009693
CLM_0019407,PAT_009694
CLM_0019408,PAT_009694
CLM_0019409,PAT_009695
CLM_0019410,PAT_009695
CLM_0019411,PAT_009695
CLM_0019412,PAT_009696
CLM_0019413,PAT_009697
CLM_0019414,PAT_009697
CLM_0019415,PAT_009698
CLM_0019416,PAT_009698
CLM_0019417,PAT_009699
CLM_0019418,PAT_009699
CLM_0019419,PAT_009699
CLM_0019420,PAT_009700
CLM_0019421,PAT_009700
CLM_0019422,PAT_009701
CLM_0019423,PAT_009702
CLM_0019424,PAT_009702
CLM_0019425,PAT_009703
CLM_0019426,PAT_009704
CLM_0019427,PAT_009704
CLM_0019428,PAT_009704
CLM_0019429,PAT_009705
CLM_0019430,PAT_009705
CLM_0019431,PAT_009706
CLM_0019432,PAT_009707
CLM_0019433,PAT_009707
CLM_0019434,PAT_009708
CLM_0019435,PAT_009708
CLM_0019436,PAT_009708
CLM_0019437,PAT_009709
CLM_0019438,PAT_009709
CLM_0019439,PAT_009709
CLM_0019440,PAT_009710
CLM_0019441,PAT_009710
CLM_0019442,PAT_009711
CLM_0019443,PAT_009712
CLM_0019444,PAT_009712
CLM_0019445,PAT_009712
CLM_0019446,PAT_009713
CLM_0019447,PAT_009714
CLM_0019448,PAT_009715
CLM_0019449,PAT_009715
CLM_0019450,PAT_009715
CLM_0019451,PAT_009716
CLM_0019452,PAT_009716
CLM_0019453,PAT_009716
CLM_0019454,PAT_009717
CLM_0019455,PAT_009717
CLM_0019456,PAT_009718
CLM_0019457,PAT_009718
CLM_0019458,PAT_009719
CLM_0019459,PAT_009719
CLM_0019460,PAT_009720
CLM_0019461,PAT_009720
CLM_0019462,PAT_009721
CLM_0019463,PAT_009722
CLM_0019464,PAT_009722
CLM_0019465,PAT_009723
CLM_0019466,PAT_009723
CLM_0019467,PAT_009723
CLM_0019468,PAT_009724
CLM_0019469,PAT_009725
CLM_0019470,PAT_009725
CLM_0019471,PAT_009726
CLM_0019472,PAT_009726
CLM_0019473,PAT_009727
CLM_0019474,PAT_009727
CLM_0019475,PAT_009727
CLM_0019476,PAT_009728
CLM_0019477,PAT_009728
CLM_0019478,PAT_009728
CLM_0019479,PAT_009729
CLM_0019480,PAT_009729
CLM_0019481,PAT_009729
CLM_0019482,PAT_009730
CLM_0019483,PAT_009730
CLM_0019484,PAT_009731
CLM_0019485,PAT_009731
CLM_0019486,PAT_009732
CLM_0019487,PAT_009733
CLM_0019488,PAT_009734
CLM_0019489,PAT_009735
CLM_0019490,PAT_009736
CLM_0019491,PAT_009736
CLM_0019492,PAT_009736
CLM_0019493,PAT_009737
CLM_0019494,PAT_009737
CLM_0019495,PAT_009737
CLM_0019496,PAT_009738
CLM_0019497,PAT_009738
CLM_0019498,PAT_009738
CLM_0019499,PAT_009739
CLM_0019500,PAT_009739
CLM_0019501,PAT_009740
CLM_0019502,PAT_009740
CLM_0019503,PAT_009741
CLM_0019504,PAT_009742
CLM_0019505,PAT_009742
CLM_0019506,PAT_009743
CLM_0019507,PAT_009743
CLM_0019508,PAT_009744
CLM_0019509,PAT_009744
CLM_0019510,PAT_009744
CLM_0019511,PAT_009745
CLM_0019512,PAT_009746
CLM_0019513,PAT_009746
CLM_0019514,PAT_009747
CLM_0019515,PAT_009748
CLM_0019516,PAT_009749
CLM_0019517,PAT_009749
CLM_0019518,PAT_009750
CLM_0019519,PAT_009750
CLM_0019520,PAT_009751
CLM_0019521,PAT_009752
CLM_0019522,PAT_009753
CLM_0019523,PAT_009753
CLM_0019524,PAT_009753
CLM_0019525,PAT_009754
CLM_0019526,PAT_009754
CLM_0019527,PAT_009755
CLM_0019528,PAT_009755
CLM_0019529,PAT_009756
CLM_0019530,PAT_009756
CLM_0019531,PAT_009756
CLM_0019532,PAT_009757
CLM_0019533,PAT_009757
CLM_0019534,PAT_009757
CLM_0019535,PAT_009758
CLM_0019536,PAT_009758
CLM_0019537,PAT_009758
CLM_0019538,PAT_009759
CLM_0019539,PAT_009759
CLM_0019540,PAT_009759
CLM_0019541,PAT_009760
CLM_0019542,PAT_009760
CLM_0019543,PAT_009761
CLM_0019544,PAT_009762
CLM_0019545,PAT_009763
CLM_0019546,PAT_009764
CLM_0019547,PAT_009764
CLM_0019548,PAT_009764
CLM_0019549,PAT_009765
CLM_0019550,PAT_009765
CLM_0019551,PAT_009766
CLM_0019552,PAT_009767
CLM_0019553,PAT_009767
CLM_0019554,PAT_009767
CLM_0019555,PAT_009768
CLM_0019556,PAT_009768
CLM_0019557,PAT_009768
CLM_0019558,PAT_009769
CLM_0019559,PAT_009769
CLM_0019560,PAT_009770
CLM_0019561,PAT_009770
CLM_0019562,PAT_009771
CLM_0019563,PAT_009772
CLM_0019564,PAT_009772
CLM_0019565,PAT_009772
CLM_0019566,PAT_009773
CLM_0019567,PAT_009774
CLM_0019568,PAT_009775
CLM_0019569,PAT_009775
CLM_0019570,PAT_009776
CLM_0019571,PAT_009776
CLM_0019572,PAT_009776
CLM_0019573,PAT_009777
CLM_0019574,PAT_009778
CLM_0019575,PAT_009778
CLM_0019576,PAT_009778
CLM_0019577,PAT_009779
CLM_0019578,PAT_009779
CLM_0019579,PAT_009779
CLM_0019580,PAT_009780
CLM_0019581,PAT_009780
CLM_0019582,PAT_009780
CLM_0019583,PAT_009781
CLM_0019584,PAT_009781
CLM_0019585,PAT_009781
CLM_0019586,PAT_009782
CLM_0019587,PAT_009782
CLM_0019588,PAT_009783
CLM_0019589,PAT_009784
CLM_0019590,PAT_009784
CLM_0019591,PAT_009784
CLM_0019592,PAT_009785
CLM_0019593,PAT_009785
CLM_0019594,PAT_009786
CLM_0019595,PAT_009786
CLM_0019596,PAT_009787
CLM_0019597,PAT_009787
CLM_0019598,PAT_009787
CLM_0019599,PAT_009788
CLM_0019600,PAT_009788
CLM_0019601,PAT_009789
CLM_0019602,PAT_009789
CLM_0019603,PAT_009789
CLM_0019604,PAT_009790
CLM_0019605,PAT_009790
CLM_0019606,PAT_009791
CLM_0019607,PAT_009792
CLM_0019608,PAT_009793
CLM_0019609,PAT_009793
CLM_0019610,PAT_009793
CLM_0019611,PAT_009794
CLM_0019612,PAT_009794
CLM_0019613,PAT_009795
CLM_0019614,PAT_009796
CLM_0019615,PAT_009796
CLM_0019616,PAT_009797
CLM_0019617,PAT_009798
CLM_0019618,PAT_009799
CLM_0019619,PAT_009799
CLM_0019620,PAT_009800
CLM_0019621,PAT_009800
CLM_0019622,PAT_009801
CLM_0019623,PAT_009801
CLM_0019624,PAT_009802
CLM_0019625,PAT_009803
CLM_0019626,PAT_009803
CLM_0019627,PAT_009803
CLM_0019628,PAT_009804
CLM_0019629,PAT_009804
CLM_0019630,PAT_009804
CLM_0019631,PAT_009805
CLM_0019632,PAT_009805
CLM_0019633,PAT_009806
CLM_0019634,PAT_009806
CLM_0019635,PAT_009806
CLM_0019636,PAT_009807
CLM_0019637,PAT_009807
CLM_0019638,PAT_009808
CLM_0019639,PAT_009808
CLM_0019640,PAT_009809
CLM_0019641,PAT_009809
CLM_0019642,PAT_009810
CLM_0019643,PAT_009811
CLM_0019644,PAT_009811
CLM_0019645,PAT_009812
CLM_0019646,PAT_009812
CLM_0019647,PAT_009812
CLM_0019648,PAT_009813
CLM_0019649,PAT_009813
CLM_0019650,PAT_009813
CLM_0019651,PAT_009814
CLM_0019652,PAT_009815
CLM_0019653,PAT_009815
CLM_0019654,PAT_009815
CLM_0019655,PAT_009816
CLM_0019656,PAT_009816
CLM_0019657,PAT_009817
CLM_0019658,PAT_009818
CLM_0019659,PAT_009818
CLM_0019660,PAT_009819
CLM_0019661,PAT_009819
CLM_0019662,PAT_009819
CLM_0019663,PAT_009820
CLM_0019664,PAT_009820
CLM_0019665,PAT_009820
CLM_0019666,PAT_009821
CLM_0019667,PAT_009821
CLM_0019668,PAT_009821
CLM_0019669,PAT_009822
CLM_0019670,PAT_009822
CLM_0019671,PAT_009823
CLM_0019672,PAT_009823
CLM_0019673,PAT_009823
CLM_0019674,PAT_009824
CLM_0019675,PAT_009824
CLM_0019676,PAT_009825
CLM_0019677,PAT_009826
CLM_0019678,PAT_009827
CLM_0019679,PAT_009827
CLM_0019680,PAT_009828
CLM_0019681,PAT_009828
CLM_0019682,PAT_009829
CLM_0019683,PAT_009829
CLM_0019684,PAT_009829
CLM_0019685,PAT_009830
CLM_0019686,PAT_009831
CLM_0019687,PAT_009832
CLM_0019688,PAT_009833
CLM_0019689,PAT_009834
CLM_0019690,PAT_009834
CLM_0019691,PAT_009835
CLM_0019692,PAT_009835
CLM_0019693,PAT_009836
CLM_0019694,PAT_009837
CLM_0019695,PAT_009837
CLM_0019696,PAT_009838
CLM_0019697,PAT_009838
CLM_0019698,PAT_009839
CLM_0019699,PAT_009840
CLM_0019700,PAT_009840
CLM_0019701,PAT_009841
CLM_0019702,PAT_009841
CLM_0019703,PAT_009841
CLM_0019704,PAT_009842
CLM_0019705,PAT_009843
CLM_0019706,PAT_009843
CLM_0019707,PAT_009843
CLM_0019708,PAT_009844
CLM_0019709,PAT_009845
CLM_0019710,PAT_009845
CLM_0019711,PAT_009846
CLM_0019712,PAT_009846
CLM_0019713,PAT_009846
CLM_0019714,PAT_009847
CLM_0019715,PAT_009848
CLM_0019716,PAT_009848
CLM_0019717,PAT_009848
CLM_0019718,PAT_009849
CLM_0019719,PAT_009849
CLM_0019720,PAT_009850
CLM_0019721,PAT_009850
CLM_0019722,PAT_009851
CLM_0019723,PAT_009851
CLM_0019724,PAT_009851
CLM_0019725,PAT_009852
CLM_0019726,PAT_009852
CLM_0019727,PAT_009852
CLM_0019728,PAT_009853
CLM_0019729,PAT_009853
CLM_0019730,PAT_009853
CLM_0019731,PAT_009854
CLM_0019732,PAT_009854
CLM_0019733,PAT_009854
CLM_0019734,PAT_009855
CLM_0019735,PAT_009855
CLM_0019736,PAT_009856
CLM_0019737,PAT_009856
CLM_0019738,PAT_009856
CLM_0019739,PAT_009857
CLM_0019740,PAT_009858
CLM_0019741,PAT_009859
CLM_0019742,PAT_009859
CLM_0019743,PAT_009860
CLM_0019744,PAT_009860
CLM_0019745,PAT_009860
CLM_0019746,PAT_009861
CLM_0019747,PAT_009862
CLM_0019748,PAT_009862
CLM_0019749,PAT_009863
CLM_0019750,PAT_009864
CLM_0019751,PAT_009865
CLM_0019752,PAT_009866
CLM_0019753,PAT_009866
CLM_0019754,PAT_009867
CLM_0019755,PAT_009867
CLM_0019756,PAT_009868
CLM_0019757,PAT_009869
CLM_0019758,PAT_009869
CLM_0019759,PAT_009869
CLM_0019760,PAT_009870
CLM_0019761,PAT_009871
CLM_0019762,PAT_009871
CLM_0019763,PAT_009871
CLM_0019764,PAT_009872
CLM_0019765,PAT_009872
CLM_0019766,PAT_009873
CLM_0019767,PAT_009873
CLM_0019768,PAT_009874
CLM_0019769,PAT_009875
CLM_0019770,PAT_009876
CLM_0019771,PAT_009876
CLM_0019772,PAT_009876
CLM_0019773,PAT_009877
CLM_0019774,PAT_009877
CLM_0019775,PAT_009877
CLM_0019776,PAT_009878
CLM_0019777,PAT_009878
CLM_0019778,PAT_009878
CLM_0019779,PAT_009879
CLM_0019780,PAT_009879
CLM_0019781,PAT_009880
CLM_0019782,PAT_009880
CLM_0019783,PAT_009881
CLM_0019784,PAT_009882
CLM_0019785,PAT_009882
CLM_0019786,PAT_009882
CLM_0019787,PAT_009883
CLM_0019788,PAT_009884
CLM_0019789,PAT_009885
CLM_0019790,PAT_009886
CLM_0019791,PAT_009886
CLM_0019792,PAT_009886
CLM_0019793,PAT_009887
CLM_0019794,PAT_009887
CLM_0019795,PAT_009888
CLM_0019796,PAT_009889
CLM_0019797,PAT_009890
CLM_0019798,PAT_009890
CLM_0019799,PAT_009890
CLM_0019800,PAT_009891
CLM_0019801,PAT_009891
CLM_0019802,PAT_009892
CLM_0019803,PAT_009892
CLM_0019804,PAT_009892
CLM_0019805,PAT_009893
CLM_0019806,PAT_009894
CLM_0019807,PAT_009894
CLM_0019808,PAT_009895
CLM_0019809,PAT_009895
CLM_0019810,PAT_009896
CLM_0019811,PAT_009896
CLM_0019812,PAT_009896
CLM_0019813,PAT_009897
CLM_0019814,PAT_009898
CLM_0019815,PAT_009898
CLM_0019816,PAT_009898
CLM_0019817,PAT_009899
CLM_0019818,PAT_009900
CLM_0019819,PAT_009900
CLM_0019820,PAT_009901
CLM_0019821,PAT_009901
CLM_0019822,PAT_009902
CLM_0019823,PAT_009902
CLM_0019824,PAT_009903
CLM_0019825,PAT_009904
CLM_0019826,PAT_009904
CLM_0019827,PAT_009904
CLM_0019828,PAT_009905
CLM_0019829,PAT_009905
CLM_0019830,PAT_009906
CLM_0019831,PAT_009906
CLM_0019832,PAT_009906
CLM_0019833,PAT_009907
CLM_0019834,PAT_009907
CLM_0019835,PAT_009907
CLM_0019836,PAT_009908
CLM_0019837,PAT_009908
CLM_0019838,PAT_009908
CLM_0019839,PAT_009909
CLM_0019840,PAT_009909
CLM_0019841,PAT_009910
CLM_0019842,PAT_009910
CLM_0019843,PAT_009911
CLM_0019844,PAT_009911
CLM_0019845,PAT_009912
CLM_0019846,PAT_009912
CLM_0019847,PAT_009913
CLM_0019848,PAT_009913
CLM_0019849,PAT_009914
CLM_0019850,PAT_009914
CLM_0019851,PAT_009915
CLM_0019852,PAT_009915
CLM_0019853,PAT_009915
CLM_0019854,PAT_009916
CLM_0019855,PAT_009916
CLM_0019856,PAT_009916
CLM_0019857,PAT_009917
CLM_0019858,PAT_009917
CLM_0019859,PAT_009917
CLM_0019860,PAT_009918
CLM_0019861,PAT_009918
CLM_0019862,PAT_009918
CLM_0019863,PAT_009919
CLM_0019864,PAT_009919
CLM_0019865,PAT_009920
CLM_0019866,PAT_009920
CLM_0019867,PAT_009921
CLM_0019868,PAT_009921
CLM_0019869,PAT_009921
CLM_0019870,PAT_009922
CLM_0019871,PAT_009922
CLM_0019872,PAT_009922
CLM_0019873,PAT_009923
CLM_0019874,PAT_009923
CLM_0019875,PAT_009924
CLM_0019876,PAT_009925
CLM_0019877,PAT_009925
CLM_0019878,PAT_009925
CLM_0019879,PAT_009926
CLM_0019880,PAT_009926
CLM_0019881,PAT_009926
CLM_0019882,PAT_009927
CLM_0019883,PAT_009927
CLM_0019884,PAT_009927
CLM_0019885,PAT_009928
CLM_0019886,PAT_009929
CLM_0019887,PAT_009929
CLM_0019888,PAT_009930
CLM_0019889,PAT_009930
CLM_0019890,PAT_009931
CLM_0019891,PAT_009932
CLM_0019892,PAT_009932
CLM_0019893,PAT_009932
CLM_0019894,PAT_009933
CLM_0019895,PAT_009933
CLM_0019896,PAT_009933
CLM_0019897,PAT_009934
CLM_0019898,PAT_009935
CLM_0019899,PAT_009936
CLM_0019900,PAT_009937
CLM_0019901,PAT_009938
CLM_0019902,PAT_009938
CLM_0019903,PAT_009939
CLM_0019904,PAT_009939
CLM_0019905,PAT_009939
CLM_0019906,PAT_009940
CLM_0019907,PAT_009940
CLM_0019908,PAT_009940
CLM_0019909,PAT_009941
CLM_0019910,PAT_009941
CLM_0019911,PAT_009941
CLM_0019912,PAT_009942
CLM_0019913,PAT_009943
CLM_0019914,PAT_009944
CLM_0019915,PAT_009944
CLM_0019916,PAT_009944
CLM_0019917,PAT_009945
CLM_0019918,PAT_009945
CLM_0019919,PAT_009945
CLM_0019920,PAT_009946
CLM_0019921,PAT_009946
CLM_0019922,PAT_009947
CLM_0019923,PAT_009948
CLM_0019924,PAT_009949
CLM_0019925,PAT_009949
CLM_0019926,PAT_009950
CLM_0019927,PAT_009950
CLM_0019928,PAT_009951
CLM_0019929,PAT_009951
CLM_0019930,PAT_009952
CLM_0019931,PAT_009952
CLM_0019932,PAT_009953
CLM_0019933,PAT_009953
CLM_0019934,PAT_009953
CLM_0019935,PAT_009954
CLM_0019936,PAT_009954
CLM_0019937,PAT_009954
CLM_0019938,PAT_009955
CLM_0019939,PAT_009956
CLM_0019940,PAT_009957
CLM_0019941,PAT_009957
CLM_0019942,PAT_009958
CLM_0019943,PAT_009959
CLM_0019944,PAT_009960
CLM_0019945,PAT_009960
CLM_0019946,PAT_009961
CLM_0019947,PAT_009961
CLM_0019948,PAT_009962
CLM_0019949,PAT_009963
CLM_0019950,PAT_009963
CLM_0019951,PAT_009963
CLM_0019952,PAT_009964
CLM_0019953,PAT_009965
CLM_0019954,PAT_009965
CLM_0019955,PAT_009965
CLM_0019956,PAT_009966
CLM_0019957,PAT_009966
CLM_0019958,PAT_009967
CLM_0019959,PAT_009967
CLM_0019960,PAT_009967
CLM_0019961,PAT_009968
CLM_0019962,PAT_009968
CLM_0019963,PAT_009969
CLM_0019964,PAT_009969
CLM_0019965,PAT_009969
CLM_0019966,PAT_009970
CLM_0019967,PAT_009971
CLM_0019968,PAT_009971
CLM_0019969,PAT_009971
CLM_0019970,PAT_009972
CLM_0019971,PAT_009972
CLM_0019972,PAT_009973
CLM_0019973,PAT_009974
CLM_0019974,PAT_009974
CLM_0019975,PAT_009975
CLM_0019976,PAT_009975
CLM_0019977,PAT_009975
CLM_0019978,PAT_009976
CLM_0019979,PAT_009977
CLM_0019980,PAT_009977
CLM_0019981,PAT_009977
CLM_0019982,PAT_009978
CLM_0019983,PAT_009979
CLM_0019984,PAT_009980
CLM_0019985,PAT_009981
CLM_0019986,PAT_009981
CLM_0019987,PAT_009982
CLM_0019988,PAT_009982
CLM_0019989,PAT_009982
CLM_0019990,PAT_009983
CLM_0019991,PAT_009984
CLM_0019992,PAT_009985
CLM_0019993,PAT_009985
CLM_0019994,PAT_009986
CLM_0019995,PAT_009986
CLM_0019996,PAT_009986
CLM_0019997,PAT_009987
CLM_0019998,PAT_009988
CLM_0019999,PAT_009988
CLM_0020000,PAT_009989
CLM_0020001,PAT_009989
CLM_0020002,PAT_009989
CLM_0020003,PAT_009990
CLM_0020004,PAT_009990
CLM_0020005,PAT_009990
CLM_0020006,PAT_009991
CLM_0020007,PAT_009992
CLM_0020008,PAT_009992
CLM_0020009,PAT_009993
CLM_0020010,PAT_009994
CLM_0020011,PAT_009994
CLM_0020012,PAT_009995
CLM_0020013,PAT_009995
CLM_0020014,PAT_009996
CLM_0020015,PAT_009996
CLM_0020016,PAT_009997
CLM_0020017,PAT_009997
CLM_0020018,PAT_009997
CLM_0020019,PAT_009998
CLM_0020020,PAT_009999
CLM_0020021,PAT_010000
CLM_0020022,PAT_010000
CLM_0020023,PAT_000428
CLM_0020024,PAT_002169
CLM_0020025,PAT_002169
CLM_0020026,PAT_005374
CLM_0020027,PAT_008468
CLM_0020028,PAT_000003
CLM_0020029,PAT_000260
CLM_0020030,PAT_000260
CLM_0020031,PAT_001758
CLM_0020032,PAT_005262
CLM_0020033,PAT_005262
CLM_0020034,PAT_005262
CLM_0020035,PAT_000166
CLM_0020036,PAT_000166
CLM_0020037,PAT_008126
CLM_0020038,PAT_004689
CLM_0020039,PAT_004689
CLM_0020040,PAT_000309
CLM_0020041,PAT_009053
CLM_0020042,PAT_003509
CLM_0020043,PAT_003509
CLM_0020044,PAT_008176
CLM_0020045,PAT_008176
CLM_0020046,PAT_008176
CLM_0020047,PAT_001508
CLM_0020048,PAT_001282
CLM_0020049,PAT_001282
CLM_0020050,PAT_001282
CLM_0020051,PAT_003166
CLM_0020052,PAT_003166
CLM_0020053,PAT_002568
CLM_0020054,PAT_009686
CLM_0020055,PAT_000591
CLM_0020056,PAT_000589
CLM_0020057,PAT_005013
CLM_0020058,PAT_005013
CLM_0020059,PAT_005013
CLM_0020060,PAT_007374
CLM_0020061,PAT_006089
CLM_0020062,PAT_006089
CLM_0020063,PAT_006150
CLM_0020064,PAT_006150
CLM_0020065,PAT_006821
CLM_0020066,PAT_006821
CLM_0020067,PAT_006821
CLM_0020068,PAT_002879
CLM_0020069,PAT_002879
CLM_0020070,PAT_007463
CLM_0020071,PAT_007463
CLM_0020072,PAT_007463
CLM_0020073,PAT_008039
CLM_0020074,PAT_004144
CLM_0020075,PAT_001202
CLM_0020076,PAT_001202
CLM_0020077,PAT_001352
CLM_0020078,PAT_004973
CLM_0020079,PAT_004973
CLM_0020080,PAT_008097
CLM_0020081,PAT_008097
CLM_0020082,PAT_002047
CLM_0020083,PAT_002047
CLM_0020084,PAT_002047
CLM_0020085,PAT_002179
CLM_0020086,PAT_000093
CLM_0020087,PAT_001654
CLM_0020088,PAT_001654
CLM_0020089,PAT_002411
CLM_0020090,PAT_002411
CLM_0020091,PAT_001197
CLM_0020092,PAT_006539
CLM_0020093,PAT_006539
CLM_0020094,PAT_006539
CLM_0020095,PAT_006324
CLM_0020096,PAT_006324
CLM_0020097,PAT_004611
CLM_0020098,PAT_005268
CLM_0020099,PAT_004780
CLM_0020100,PAT_004780
CLM_0020101,PAT_004780
CLM_0020102,PAT_000185
CLM_0020103,PAT_000185
CLM_0020104,PAT_008889
CLM_0020105,PAT_008889
CLM_0020106,PAT_008889
CLM_0020107,PAT_001667
CLM_0020108,PAT_003784
CLM_0020109,PAT_003134
CLM_0020110,PAT_003134
CLM_0020111,PAT_002525
CLM_0020112,PAT_002525
CLM_0020113,PAT_002525
CLM_0020114,PAT_000439
CLM_0020115,PAT_005683
CLM_0020116,PAT_005683
CLM_0020117,PAT_005683
CLM_0020118,PAT_009230
CLM_0020119,PAT_009803
CLM_0020120,PAT_009803
CLM_0020121,PAT_000613
CLM_0020122,PAT_002830
CLM_0020123,PAT_004330
CLM_0020124,PAT_004330
CLM_0020125,PAT_004330
CLM_0020126,PAT_003450
CLM_0020127,PAT_008405
CLM_0020128,PAT_008405
CLM_0020129,PAT_005426
CLM_0020130,PAT_005426
CLM_0020131,PAT_002288
CLM_0020132,PAT_002288
CLM_0020133,PAT_005128
CLM_0020134,PAT_005128
CLM_0020135,PAT_000578
CLM_0020136,PAT_009568
CLM_0020137,PAT_000826
CLM_0020138,PAT_000826
CLM_0020139,PAT_000826
CLM_0020140,PAT_004858
CLM_0020141,PAT_004858
CLM_0020142,PAT_003262
CLM_0020143,PAT_002678
CLM_0020144,PAT_002678
CLM_0020145,PAT_000625
CLM_0020146,PAT_000625
CLM_0020147,PAT_000986
CLM_0020148,PAT_000986
CLM_0020149,PAT_004433
CLM_0020150,PAT_001614
CLM_0020151,PAT_001614
CLM_0020152,PAT_003072
CLM_0020153,PAT_003072
CLM_0020154,PAT_005680
CLM_0020155,PAT_006840
CLM_0020156,PAT_008897
CLM_0020157,PAT_008897
CLM_0020158,PAT_005194
CLM_0020159,PAT_002031
CLM_0020160,PAT_002031
CLM_0020161,PAT_002031
CLM_0020162,PAT_005065
CLM_0020163,PAT_005065
CLM_0020164,PAT_005065
CLM_0020165,PAT_009588
CLM_0020166,PAT_009269
CLM_0020167,PAT_009269
CLM_0020168,PAT_009269
CLM_0020169,PAT_001909
CLM_0020170,PAT_001909
CLM_0020171,PAT_001909
CLM_0020172,PAT_001865
CLM_0020173,PAT_009334
CLM_0020174,PAT_009334
CLM_0020175,PAT_009334
CLM_0020176,PAT_006004
CLM_0020177,PAT_006004
CLM_0020178,PAT_003049
CLM_0020179,PAT_006615
CLM_0020180,PAT_006615
CLM_0020181,PAT_008870
CLM_0020182,PAT_009006
CLM_0020183,PAT_009006
CLM_0020184,PAT_009006
CLM_0020185,PAT_003676
CLM_0020186,PAT_001977
CLM_0020187,PAT_006982
CLM_0020188,PAT_006982
CLM_0020189,PAT_006982
CLM_0020190,PAT_009271
CLM_0020191,PAT_009271
CLM_0020192,PAT_009271
CLM_0020193,PAT_005285
CLM_0020194,PAT_005285
CLM_0020195,PAT_000727
CLM_0020196,PAT_007975
CLM_0020197,PAT_004675
CLM_0020198,PAT_004675
CLM_0020199,PAT_004675
CLM_0020200,PAT_004684
CLM_0020201,PAT_004684
CLM_0020202,PAT_004684
CLM_0020203,PAT_005743
CLM_0020204,PAT_005743
CLM_0020205,PAT_000685
CLM_0020206,PAT_005224
CLM_0020207,PAT_005224
CLM_0020208,PAT_003708
CLM_0020209,PAT_004432
CLM_0020210,PAT_004432
CLM_0020211,PAT_004432
CLM_0020212,PAT_005336
CLM_0020213,PAT_005336
CLM_0020214,PAT_001036
CLM_0020215,PAT_006623
CLM_0020216,PAT_006623
CLM_0020217,PAT_001521
CLM_0020218,PAT_001521
CLM_0020219,PAT_001521
CLM_0020220,PAT_008637
CLM_0020221,PAT_008637
CLM_0020222,PAT_005415
CLM_0020223,PAT_003883
CLM_0020224,PAT_009349
CLM_0020225,PAT_009349
CLM_0020226,PAT_002530
CLM_0020227,PAT_002530
CLM_0020228,PAT_004556
CLM_0020229,PAT_004556
CLM_0020230,PAT_004556
CLM_0020231,PAT_007085
CLM_0020232,PAT_007085
CLM_0020233,PAT_002454
CLM_0020234,PAT_002454
CLM_0020235,PAT_008807
CLM_0020236,PAT_003889
CLM_0020237,PAT_003889
CLM_0020238,PAT_003889
CLM_0020239,PAT_000519
CLM_0020240,PAT_000519
CLM_0020241,PAT_000519
CLM_0020242,PAT_008741
CLM_0020243,PAT_009795
CLM_0020244,PAT_009795
CLM_0020245,PAT_009795
CLM_0020246,PAT_003170
CLM_0020247,PAT_003170
CLM_0020248,PAT_003170
CLM_0020249,PAT_006117
CLM_0020250,PAT_006451
CLM_0020251,PAT_006451
CLM_0020252,PAT_009526
CLM_0020253,PAT_008401
CLM_0020254,PAT_008401
CLM_0020255,PAT_007205
CLM_0020256,PAT_007205
CLM_0020257,PAT_007205
CLM_0020258,PAT_009142
CLM_0020259,PAT_009142
CLM_0020260,PAT_009142
CLM_0020261,PAT_007319
CLM_0020262,PAT_007319
CLM_0020263,PAT_005958
CLM_0020264,PAT_005958
CLM_0020265,PAT_006239
CLM_0020266,PAT_006239
CLM_0020267,PAT_000092
CLM_0020268,PAT_000092
CLM_0020269,PAT_000092
CLM_0020270,PAT_008282
CLM_0020271,PAT_008282
CLM_0020272,PAT_008282
CLM_0020273,PAT_006832
CLM_0020274,PAT_006832
CLM_0020275,PAT_006832
CLM_0020276,PAT_007289
CLM_0020277,PAT_007289
CLM_0020278,PAT_008388
CLM_0020279,PAT_008388
CLM_0020280,PAT_008388
CLM_0020281,PAT_005394
CLM_0020282,PAT_005394
CLM_0020283,PAT_006102
CLM_0020284,PAT_003720
CLM_0020285,PAT_003720
CLM_0020286,PAT_003720
CLM_0020287,PAT_007821
CLM_0020288,PAT_003016
CLM_0020289,PAT_003016
CLM_0020290,PAT_007931
CLM_0020291,PAT_007931
CLM_0020292,PAT_007931
CLM_0020293,PAT_005782
CLM_0020294,PAT_000767
CLM_0020295,PAT_006462
CLM_0020296,PAT_006580
CLM_0020297,PAT_006580
CLM_0020298,PAT_005647
CLM_0020299,PAT_005647
CLM_0020300,PAT_005647
CLM_0020301,PAT_007963
CLM_0020302,PAT_007645
CLM_0020303,PAT_007645
CLM_0020304,PAT_008147
CLM_0020305,PAT_008147
CLM_0020306,PAT_008147
CLM_0020307,PAT_009743
CLM_0020308,PAT_009743
CLM_0020309,PAT_009743
CLM_0020310,PAT_004875
CLM_0020311,PAT_004875
CLM_0020312,PAT_008957
CLM_0020313,PAT_008957
CLM_0020314,PAT_008957
CLM_0020315,PAT_003290
CLM_0020316,PAT_003290
CLM_0020317,PAT_006764
CLM_0020318,PAT_006764
CLM_0020319,PAT_009728
CLM_0020320,PAT_009338
CLM_0020321,PAT_009338
CLM_0020322,PAT_008470
CLM_0020323,PAT_008470
CLM_0020324,PAT_008470
CLM_0020325,PAT_004179
CLM_0020326,PAT_007540
CLM_0020327,PAT_007540
CLM_0020328,PAT_003627
CLM_0020329,PAT_003627
CLM_0020330,PAT_005351
CLM_0020331,PAT_005351
CLM_0020332,PAT_005351
CLM_0020333,PAT_008570
CLM_0020334,PAT_004180
CLM_0020335,PAT_004180
CLM_0020336,PAT_004180
CLM_0020337,PAT_001651
CLM_0020338,PAT_001651
CLM_0020339,PAT_005806
CLM_0020340,PAT_007115
CLM_0020341,PAT_007115
CLM_0020342,PAT_009446
CLM_0020343,PAT_001477
CLM_0020344,PAT_001477
CLM_0020345,PAT_000205
CLM_0020346,PAT_000205
CLM_0020347,PAT_002819
CLM_0020348,PAT_008713
CLM_0020349,PAT_008713
CLM_0020350,PAT_008713
CLM_0020351,PAT_001278
CLM_0020352,PAT_001278
CLM_0020353,PAT_001278
CLM_0020354,PAT_001516
CLM_0020355,PAT_001516
CLM_0020356,PAT_003521
CLM_0020357,PAT_003521
CLM_0020358,PAT_003521
CLM_0020359,PAT_004372
CLM_0020360,PAT_004372
CLM_0020361,PAT_004372
CLM_0020362,PAT_005914
CLM_0020363,PAT_006657
CLM_0020364,PAT_004566
CLM_0020365,PAT_004566
CLM_0020366,PAT_000064
CLM_0020367,PAT_000064
CLM_0020368,PAT_000064
CLM_0020369,PAT_006555
CLM_0020370,PAT_006555
CLM_0020371,PAT_006555
CLM_0020372,PAT_007184
CLM_0020373,PAT_007184
CLM_0020374,PAT_005145
CLM_0020375,PAT_005421
CLM_0020376,PAT_005421
CLM_0020377,PAT_004609
CLM_0020378,PAT_000869
CLM_0020379,PAT_008865
CLM_0020380,PAT_008865
CLM_0020381,PAT_008865
CLM_0020382,PAT_000669
CLM_0020383,PAT_000669
CLM_0020384,PAT_000669
CLM_0020385,PAT_008499
CLM_0020386,PAT_003843
CLM_0020387,PAT_004427
CLM_0020388,PAT_004427
CLM_0020389,PAT_005114
CLM_0020390,PAT_000842
CLM_0020391,PAT_000842
CLM_0020392,PAT_000127
CLM_0020393,PAT_001052
CLM_0020394,PAT_001052
CLM_0020395,PAT_001052
CLM_0020396,PAT_007907
CLM_0020397,PAT_001383
CLM_0020398,PAT_001383
CLM_0020399,PAT_001383
CLM_0020400,PAT_001511
CLM_0020401,PAT_001511
CLM_0020402,PAT_001511
CLM_0020403,PAT_003827
CLM_0020404,PAT_006528
CLM_0020405,PAT_008092
CLM_0020406,PAT_000441
CLM_0020407,PAT_000441
CLM_0020408,PAT_000441
CLM_0020409,PAT_009953
CLM_0020410,PAT_009953
CLM_0020411,PAT_009953
CLM_0020412,PAT_002829
CLM_0020413,PAT_008712
CLM_0020414,PAT_008576
CLM_0020415,PAT_008576
CLM_0020416,PAT_008576
CLM_0020417,PAT_002316
CLM_0020418,PAT_002316
CLM_0020419,PAT_002316
CLM_0020420,PAT_006649
CLM_0020421,PAT_006649
CLM_0020422,PAT_006649
CLM_0020423,PAT_005083
CLM_0020424,PAT_005083
CLM_0020425,PAT_009109
CLM_0020426,PAT_009109
CLM_0020427,PAT_009109
CLM_0020428,PAT_009279
CLM_0020429,PAT_003380
CLM_0020430,PAT_003347
CLM_0020431,PAT_003347
CLM_0020432,PAT_007654
CLM_0020433,PAT_008248
CLM_0020434,PAT_001953
CLM_0020435,PAT_001953
CLM_0020436,PAT_001953
CLM_0020437,PAT_003672
CLM_0020438,PAT_003672
CLM_0020439,PAT_000041
CLM_0020440,PAT_000041
CLM_0020441,PAT_000041
CLM_0020442,PAT_005938
CLM_0020443,PAT_005938
CLM_0020444,PAT_003731
CLM_0020445,PAT_003731
CLM_0020446,PAT_003731
CLM_0020447,PAT_007791
CLM_0020448,PAT_007791
CLM_0020449,PAT_005850
CLM_0020450,PAT_005850
CLM_0020451,PAT_005850
CLM_0020452,PAT_009313
CLM_0020453,PAT_009313
CLM_0020454,PAT_003420
CLM_0020455,PAT_003420
CLM_0020456,PAT_003420
CLM_0020457,PAT_001295
CLM_0020458,PAT_001295
CLM_0020459,PAT_008171
CLM_0020460,PAT_005056
CLM_0020461,PAT_005056
CLM_0020462,PAT_003728
CLM_0020463,PAT_003728
CLM_0020464,PAT_003728
CLM_0020465,PAT_005886
CLM_0020466,PAT_005886
CLM_0020467,PAT_005886
CLM_0020468,PAT_004938
CLM_0020469,PAT_004938
CLM_0020470,PAT_004938
CLM_0020471,PAT_008985
CLM_0020472,PAT_008985
CLM_0020473,PAT_000753
CLM_0020474,PAT_000753
CLM_0020475,PAT_000753
CLM_0020476,PAT_009123
CLM_0020477,PAT_007262
CLM_0020478,PAT_006356
CLM_0020479,PAT_006356
CLM_0020480,PAT_004241
CLM_0020481,PAT_004241
CLM_0020482,PAT_006728
CLM_0020483,PAT_006728
CLM_0020484,PAT_009631
CLM_0020485,PAT_009631
CLM_0020486,PAT_006016
CLM_0020487,PAT_005106
CLM_0020488,PAT_008959
CLM_0020489,PAT_008959
CLM_0020490,PAT_004500
CLM_0020491,PAT_004707
CLM_0020492,PAT_008278
CLM_0020493,PAT_008278
CLM_0020494,PAT_002294
CLM_0020495,PAT_002294
CLM_0020496,PAT_006577
CLM_0020497,PAT_006577
CLM_0020498,PAT_006577
CLM_0020499,PAT_002089
CLM_0020500,PAT_002089
CLM_0020501,PAT_007788
CLM_0020502,PAT_000608
CLM_0020503,PAT_001793
CLM_0020504,PAT_001793
CLM_0020505,PAT_001793
CLM_0020506,PAT_004375
CLM_0020507,PAT_004375
CLM_0020508,PAT_008627
CLM_0020509,PAT_008627
CLM_0020510,PAT_000854
CLM_0020511,PAT_000854
CLM_0020512,PAT_000854
CLM_0020513,PAT_002910
CLM_0020514,PAT_000067
CLM_0020515,PAT_000067
CLM_0020516,PAT_005580
CLM_0020517,PAT_008789
CLM_0020518,PAT_008789
CLM_0020519,PAT_008789
CLM_0020520,PAT_009168
CLM_0020521,PAT_009168
CLM_0020522,PAT_009168
CLM_0020523,PAT_001132
CLM_0020524,PAT_001132
CLM_0020525,PAT_001132
CLM_0020526,PAT_008588
CLM_0020527,PAT_008588
CLM_0020528,PAT_008588
CLM_0020529,PAT_003941
CLM_0020530,PAT_003195
CLM_0020531,PAT_003195
CLM_0020532,PAT_003910
CLM_0020533,PAT_003910
CLM_0020534,PAT_002707
CLM_0020535,PAT_007149
CLM_0020536,PAT_007149
CLM_0020537,PAT_007149
CLM_0020538,PAT_003121
CLM_0020539,PAT_006896
CLM_0020540,PAT_006896
CLM_0020541,PAT_003084
CLM_0020542,PAT_008258
CLM_0020543,PAT_008258
CLM_0020544,PAT_008258
CLM_0020545,PAT_006822
CLM_0020546,PAT_006822
CLM_0020547,PAT_006330
CLM_0020548,PAT_002290
CLM_0020549,PAT_008567
CLM_0020550,PAT_008567
CLM_0020551,PAT_000304
CLM_0020552,PAT_005816
CLM_0020553,PAT_000183
CLM_0020554,PAT_000183
CLM_0020555,PAT_000183
CLM_0020556,PAT_006666
CLM_0020557,PAT_006666
CLM_0020558,PAT_006666
CLM_0020559,PAT_001221
CLM_0020560,PAT_002505
CLM_0020561,PAT_002505
CLM_0020562,PAT_000137
CLM_0020563,PAT_008836
CLM_0020564,PAT_008836
CLM_0020565,PAT_008836
CLM_0020566,PAT_008784
CLM_0020567,PAT_008784
CLM_0020568,PAT_008784
CLM_0020569,PAT_003270
CLM_0020570,PAT_004282
CLM_0020571,PAT_007237
CLM_0020572,PAT_007237
CLM_0020573,PAT_002868
CLM_0020574,PAT_003705
CLM_0020575,PAT_003705
CLM_0020576,PAT_003705
CLM_0020577,PAT_006557
CLM_0020578,PAT_006557
CLM_0020579,PAT_005137
CLM_0020580,PAT_005137
CLM_0020581,PAT_005137
CLM_0020582,PAT_003924
CLM_0020583,PAT_005591
CLM_0020584,PAT_003848
CLM_0020585,PAT_003848
CLM_0020586,PAT_000270
CLM_0020587,PAT_000270
CLM_0020588,PAT_000270
CLM_0020589,PAT_008143
CLM_0020590,PAT_008143
CLM_0020591,PAT_006680
CLM_0020592,PAT_006680
CLM_0020593,PAT_003002
CLM_0020594,PAT_003002
CLM_0020595,PAT_008013
CLM_0020596,PAT_004599
CLM_0020597,PAT_004599
CLM_0020598,PAT_004599
CLM_0020599,PAT_009551
CLM_0020600,PAT_000264
CLM_0020601,PAT_006956
CLM_0020602,PAT_006956
CLM_0020603,PAT_006956
CLM_0020604,PAT_000451
CLM_0020605,PAT_000451
CLM_0020606,PAT_006631
CLM_0020607,PAT_006631
CLM_0020608,PAT_000970
CLM_0020609,PAT_000970
CLM_0020610,PAT_001359
CLM_0020611,PAT_008043
CLM_0020612,PAT_006183
CLM_0020613,PAT_006183
CLM_0020614,PAT_000811
CLM_0020615,PAT_000811
CLM_0020616,PAT_000811
CLM_0020617,PAT_008812
CLM_0020618,PAT_008812
CLM_0020619,PAT_004366
CLM_0020620,PAT_005330
CLM_0020621,PAT_004915
CLM_0020622,PAT_004915
CLM_0020623,PAT_004915
CLM_0020624,PAT_004493
CLM_0020625,PAT_000081
CLM_0020626,PAT_000081
CLM_0020627,PAT_000081
CLM_0020628,PAT_003167
CLM_0020629,PAT_003167
CLM_0020630,PAT_003167
CLM_0020631,PAT_000464
CLM_0020632,PAT_000464
CLM_0020633,PAT_000464
CLM_0020634,PAT_005051
CLM_0020635,PAT_005051
CLM_0020636,PAT_000601
CLM_0020637,PAT_000601
CLM_0020638,PAT_009118
CLM_0020639,PAT_009118
CLM_0020640,PAT_009118
CLM_0020641,PAT_002729
CLM_0020642,PAT_002729
CLM_0020643,PAT_005551
CLM_0020644,PAT_005672
CLM_0020645,PAT_005672
CLM_0020646,PAT_005672
CLM_0020647,PAT_001730
CLM_0020648,PAT_001730
CLM_0020649,PAT_004305
CLM_0020650,PAT_004305
CLM_0020651,PAT_004305
CLM_0020652,PAT_003811
CLM_0020653,PAT_003811
CLM_0020654,PAT_007400
CLM_0020655,PAT_001807
CLM_0020656,PAT_001807
CLM_0020657,PAT_001807
CLM_0020658,PAT_001432
CLM_0020659,PAT_001238
CLM_0020660,PAT_001238
CLM_0020661,PAT_001238
CLM_0020662,PAT_007257
CLM_0020663,PAT_007257
CLM_0020664,PAT_007257
CLM_0020665,PAT_006492
CLM_0020666,PAT_003642
CLM_0020667,PAT_003642
CLM_0020668,PAT_008642
CLM_0020669,PAT_008642
CLM_0020670,PAT_008642
CLM_0020671,PAT_002263
CLM_0020672,PAT_002263
CLM_0020673,PAT_000501
CLM_0020674,PAT_000501
CLM_0020675,PAT_000501
CLM_0020676,PAT_003959
CLM_0020677,PAT_003959
CLM_0020678,PAT_003959
CLM_0020679,PAT_009046
CLM_0020680,PAT_009046
CLM_0020681,PAT_007705
CLM_0020682,PAT_007705
CLM_0020683,PAT_008005
CLM_0020684,PAT_008005
CLM_0020685,PAT_006129
CLM_0020686,PAT_004178
CLM_0020687,PAT_009708
CLM_0020688,PAT_009708
CLM_0020689,PAT_008037
CLM_0020690,PAT_003098
CLM_0020691,PAT_003098
CLM_0020692,PAT_005266
CLM_0020693,PAT_000168
CLM_0020694,PAT_000168
CLM_0020695,PAT_000168
CLM_0020696,PAT_003117
CLM_0020697,PAT_003117
CLM_0020698,PAT_001750
CLM_0020699,PAT_001750
CLM_0020700,PAT_009934
CLM_0020701,PAT_002232
CLM_0020702,PAT_002232
CLM_0020703,PAT_002232
CLM_0020704,PAT_009172
CLM_0020705,PAT_009172
CLM_0020706,PAT_007448
CLM_0020707,PAT_007448
CLM_0020708,PAT_007448
CLM_0020709,PAT_002271
CLM_0020710,PAT_002271
CLM_0020711,PAT_002271
CLM_0020712,PAT_008574
CLM_0020713,PAT_006500
CLM_0020714,PAT_006500
CLM_0020715,PAT_007379
CLM_0020716,PAT_007379
CLM_0020717,PAT_007379
CLM_0020718,PAT_003842
CLM_0020719,PAT_003842
CLM_0020720,PAT_003842
CLM_0020721,PAT_002259
CLM_0020722,PAT_002259
CLM_0020723,PAT_002259
CLM_0020724,PAT_000935
CLM_0020725,PAT_000935
CLM_0020726,PAT_000935
CLM_0020727,PAT_002835
CLM_0020728,PAT_002835
CLM_0020729,PAT_002835
CLM_0020730,PAT_009600
CLM_0020731,PAT_009600
CLM_0020732,PAT_006293
CLM_0020733,PAT_006158
CLM_0020734,PAT_006158
CLM_0020735,PAT_006158
CLM_0020736,PAT_009895
CLM_0020737,PAT_009895
CLM_0020738,PAT_009895
CLM_0020739,PAT_008760
CLM_0020740,PAT_008760
CLM_0020741,PAT_009519
CLM_0020742,PAT_009519
CLM_0020743,PAT_009519
CLM_0020744,PAT_008926
CLM_0020745,PAT_008926
CLM_0020746,PAT_008926
CLM_0020747,PAT_007306
CLM_0020748,PAT_007306
CLM_0020749,PAT_008253
CLM_0020750,PAT_003992
CLM_0020751,PAT_000571
CLM_0020752,PAT_000571
CLM_0020753,PAT_000571
CLM_0020754,PAT_002503
CLM_0020755,PAT_002595
CLM_0020756,PAT_002595
CLM_0020757,PAT_003065
CLM_0020758,PAT_005326
CLM_0020759,PAT_005326
CLM_0020760,PAT_000334
CLM_0020761,PAT_001674
CLM_0020762,PAT_001674
CLM_0020763,PAT_008684
CLM_0020764,PAT_007986
CLM_0020765,PAT_007986
CLM_0020766,PAT_007986
CLM_0020767,PAT_000784
CLM_0020768,PAT_000784
CLM_0020769,PAT_007687
CLM_0020770,PAT_007687
CLM_0020771,PAT_009042
CLM_0020772,PAT_009042
CLM_0020773,PAT_009061
CLM_0020774,PAT_009061
CLM_0020775,PAT_009061
CLM_0020776,PAT_000819
CLM_0020777,PAT_000819
CLM_0020778,PAT_008587
CLM_0020779,PAT_008587
CLM_0020780,PAT_008587
CLM_0020781,PAT_004277
CLM_0020782,PAT_004277
CLM_0020783,PAT_004277
CLM_0020784,PAT_008866
CLM_0020785,PAT_008610
CLM_0020786,PAT_008610
CLM_0020787,PAT_000355
CLM_0020788,PAT_005452
CLM_0020789,PAT_000195
CLM_0020790,PAT_005387
CLM_0020791,PAT_005387
CLM_0020792,PAT_000399
CLM_0020793,PAT_006870
CLM_0020794,PAT_006870
CLM_0020795,PAT_006870
CLM_0020796,PAT_009619
CLM_0020797,PAT_009619
CLM_0020798,PAT_009619
CLM_0020799,PAT_003762
CLM_0020800,PAT_006759
CLM_0020801,PAT_006759
CLM_0020802,PAT_006759
CLM_0020803,PAT_006827
CLM_0020804,PAT_006827
CLM_0020805,PAT_000972
CLM_0020806,PAT_000972
CLM_0020807,PAT_000972
CLM_0020808,PAT_001693
CLM_0020809,PAT_007866
CLM_0020810,PAT_001158
CLM_0020811,PAT_004105
CLM_0020812,PAT_004105
CLM_0020813,PAT_005636
CLM_0020814,PAT_005636
CLM_0020815,PAT_005636
CLM_0020816,PAT_007920
CLM_0020817,PAT_007920
CLM_0020818,PAT_005968
CLM_0020819,PAT_005968
CLM_0020820,PAT_005984
CLM_0020821,PAT_005984
CLM_0020822,PAT_005984
CLM_0020823,PAT_009121
CLM_0020824,PAT_009121
CLM_0020825,PAT_000337
CLM_0020826,PAT_000337
CLM_0020827,PAT_000337
CLM_0020828,PAT_006075
CLM_0020829,PAT_006075
CLM_0020830,PAT_005638
CLM_0020831,PAT_005638
CLM_0020832,PAT_005638
CLM_0020833,PAT_006066
CLM_0020834,PAT_006066
CLM_0020835,PAT_006066
CLM_0020836,PAT_007092
CLM_0020837,PAT_008432
CLM_0020838,PAT_000913
CLM_0020839,PAT_006412
CLM_0020840,PAT_006412
CLM_0020841,PAT_005607
CLM_0020842,PAT_004563
CLM_0020843,PAT_004563
CLM_0020844,PAT_009145
CLM_0020845,PAT_003824
CLM_0020846,PAT_005409
CLM_0020847,PAT_001934
CLM_0020848,PAT_001934
CLM_0020849,PAT_001934
CLM_0020850,PAT_004574
CLM_0020851,PAT_001149
CLM_0020852,PAT_005233
CLM_0020853,PAT_003983
CLM_0020854,PAT_008706
CLM_0020855,PAT_005177
CLM_0020856,PAT_005177
CLM_0020857,PAT_005177
CLM_0020858,PAT_004125
CLM_0020859,PAT_004125
CLM_0020860,PAT_000207
CLM_0020861,PAT_000207
CLM_0020862,PAT_007280
CLM_0020863,PAT_003289
CLM_0020864,PAT_003289
CLM_0020865,PAT_004607
CLM_0020866,PAT_008240
CLM_0020867,PAT_000965
CLM_0020868,PAT_000965
CLM_0020869,PAT_001157
CLM_0020870,PAT_001157
CLM_0020871,PAT_003894
CLM_0020872,PAT_003894
CLM_0020873,PAT_003894
CLM_0020874,PAT_005897
CLM_0020875,PAT_004314
CLM_0020876,PAT_004314
CLM_0020877,PAT_004314
CLM_0020878,PAT_001708
CLM_0020879,PAT_001708
CLM_0020880,PAT_001708
CLM_0020881,PAT_000066
CLM_0020882,PAT_000066
CLM_0020883,PAT_000066
CLM_0020884,PAT_006013
CLM_0020885,PAT_006013
CLM_0020886,PAT_007892
CLM_0020887,PAT_009254
CLM_0020888,PAT_000677
CLM_0020889,PAT_010007
CLM_0020890,PAT_010007
CLM_0020891,PAT_007402
CLM_0020892,PAT_007402
CLM_0020893,PAT_003227
CLM_0020894,PAT_003227
CLM_0020895,PAT_006879
CLM_0020896,PAT_006879
CLM_0020897,PAT_003394
CLM_0020898,PAT_002592
CLM_0020899,PAT_003292
CLM_0020900,PAT_004841
CLM_0020901,PAT_004841
CLM_0020902,PAT_004841
CLM_0020903,PAT_000849
CLM_0020904,PAT_005113
CLM_0020905,PAT_005113
CLM_0020906,PAT_000276
CLM_0020907,PAT_000276
CLM_0020908,PAT_000276
CLM_0020909,PAT_006898
CLM_0020910,PAT_006898
CLM_0020911,PAT_000340
CLM_0020912,PAT_000340
CLM_0020913,PAT_000340
CLM_0020914,PAT_000251
CLM_0020915,PAT_000251
CLM_0020916,PAT_009236
CLM_0020917,PAT_009236
CLM_0020918,PAT_005341
CLM_0020919,PAT_005341
CLM_0020920,PAT_005341
CLM_0020921,PAT_002389
CLM_0020922,PAT_004381
CLM_0020923,PAT_004381
CLM_0020924,PAT_004381
CLM_0020925,PAT_003587
CLM_0020926,PAT_003587
CLM_0020927,PAT_002190
CLM_0020928,PAT_002190
CLM_0020929,PAT_002190
CLM_0020930,PAT_003274
CLM_0020931,PAT_001696
CLM_0020932,PAT_001696
CLM_0020933,PAT_001696
CLM_0020934,PAT_002432
CLM_0020935,PAT_002432
CLM_0020936,PAT_000177
CLM_0020937,PAT_000177
CLM_0020938,PAT_000347
CLM_0020939,PAT_000347
CLM_0020940,PAT_000347
CLM_0020941,PAT_009847
CLM_0020942,PAT_009847
CLM_0020943,PAT_009847
CLM_0020944,PAT_007431
CLM_0020945,PAT_007431
CLM_0020946,PAT_009688
CLM_0020947,PAT_009688
CLM_0020948,PAT_000973
CLM_0020949,PAT_000973
CLM_0020950,PAT_002479
CLM_0020951,PAT_002479
CLM_0020952,PAT_002479
CLM_0020953,PAT_003075
CLM_0020954,PAT_006701
CLM_0020955,PAT_006701
CLM_0020956,PAT_006701
CLM_0020957,PAT_001430
CLM_0020958,PAT_001430
CLM_0020959,PAT_007730
CLM_0020960,PAT_007730
CLM_0020961,PAT_007730
CLM_0020962,PAT_003332
CLM_0020963,PAT_003332
CLM_0020964,PAT_003332
CLM_0020965,PAT_006549
CLM_0020966,PAT_006549
CLM_0020967,PAT_006549
CLM_0020968,PAT_003453
CLM_0020969,PAT_005282
CLM_0020970,PAT_001964
CLM_0020971,PAT_001964
CLM_0020972,PAT_006893
CLM_0020973,PAT_006893
CLM_0020974,PAT_009117
CLM_0020975,PAT_009117
CLM_0020976,PAT_009117
CLM_0020977,PAT_003548
CLM_0020978,PAT_003548
CLM_0020979,PAT_009412
CLM_0020980,PAT_009412
CLM_0020981,PAT_001939
CLM_0020982,PAT_002948
CLM_0020983,PAT_002948
CLM_0020984,PAT_002794
CLM_0020985,PAT_002794
CLM_0020986,PAT_002794
CLM_0020987,PAT_008079
CLM_0020988,PAT_008079
CLM_0020989,PAT_006986
CLM_0020990,PAT_006986
CLM_0020991,PAT_006986
CLM_0020992,PAT_009636
CLM_0020993,PAT_008194
CLM_0020994,PAT_008194
CLM_0020995,PAT_006902
CLM_0020996,PAT_006902
CLM_0020997,PAT_006902
CLM_0020998,PAT_005898
CLM_0020999,PAT_005898
CLM_0021000,PAT_005898
CLM_0021001,PAT_006651
CLM_0021002,PAT_006651
CLM_0021003,PAT_000550
CLM_0021004,PAT_000550
CLM_0021005,PAT_000550
CLM_0021006,PAT_008594
CLM_0021007,PAT_008594
CLM_0021008,PAT_009865
CLM_0021009,PAT_009865
CLM_0021010,PAT_003864
CLM_0021011,PAT_003864
CLM_0021012,PAT_003864
CLM_0021013,PAT_009490
CLM_0021014,PAT_009490
CLM_0021015,PAT_001405
CLM_0021016,PAT_005454
CLM_0021017,PAT_005454
CLM_0021018,PAT_005454
CLM_0021019,PAT_001399
CLM_0021020,PAT_001399
CLM_0021021,PAT_001399
CLM_0021022,PAT_006311
CLM_0021023,PAT_006311
CLM_0021024,PAT_009443
CLM_0021025,PAT_008390
CLM_0021026,PAT_008390
CLM_0021027,PAT_008390
CLM_0021028,PAT_005352
CLM_0021029,PAT_005352
CLM_0021030,PAT_005352
CLM_0021031,PAT_001864
CLM_0021032,PAT_001864
CLM_0021033,PAT_006112
CLM_0021034,PAT_009940
CLM_0021035,PAT_009537
CLM_0021036,PAT_001215
CLM_0021037,PAT_001215
CLM_0021038,PAT_002145
CLM_0021039,PAT_005053
CLM_0021040,PAT_005053
CLM_0021041,PAT_005053
CLM_0021042,PAT_009423
CLM_0021043,PAT_009423
CLM_0021044,PAT_009423
CLM_0021045,PAT_002814
CLM_0021046,PAT_002814
CLM_0021047,PAT_002814
CLM_0021048,PAT_004017
CLM_0021049,PAT_004017
CLM_0021050,PAT_002485
CLM_0021051,PAT_002485
CLM_0021052,PAT_004821
CLM_0021053,PAT_008818
CLM_0021054,PAT_008818
CLM_0021055,PAT_008818
CLM_0021056,PAT_005070
CLM_0021057,PAT_005070
CLM_0021058,PAT_005070
CLM_0021059,PAT_008438
CLM_0021060,PAT_008438
CLM_0021061,PAT_008438
CLM_0021062,PAT_005284
CLM_0021063,PAT_005284
CLM_0021064,PAT_005284
CLM_0021065,PAT_007553
CLM_0021066,PAT_006815
CLM_0021067,PAT_006815
CLM_0021068,PAT_006328
CLM_0021069,PAT_006328
CLM_0021070,PAT_006328
CLM_0021071,PAT_007469
CLM_0021072,PAT_007469
CLM_0021073,PAT_007469
CLM_0021074,PAT_005225
CLM_0021075,PAT_005225
CLM_0021076,PAT_005225
CLM_0021077,PAT_005988
CLM_0021078,PAT_005988
CLM_0021079,PAT_005245
CLM_0021080,PAT_005245
CLM_0021081,PAT_004722
CLM_0021082,PAT_004722
CLM_0021083,PAT_006264
CLM_0021084,PAT_006264
CLM_0021085,PAT_006264
CLM_0021086,PAT_008023
CLM_0021087,PAT_008023
CLM_0021088,PAT_008023
CLM_0021089,PAT_000653
CLM_0021090,PAT_000653
CLM_0021091,PAT_000653
CLM_0021092,PAT_008834
CLM_0021093,PAT_008834
CLM_0021094,PAT_008834
CLM_0021095,PAT_008304
CLM_0021096,PAT_001579
CLM_0021097,PAT_009903
CLM_0021098,PAT_009903
CLM_0021099,PAT_009903
CLM_0021100,PAT_008312
CLM_0021101,PAT_008312
CLM_0021102,PAT_008312
CLM_0021103,PAT_003657
CLM_0021104,PAT_003657
CLM_0021105,PAT_003657
CLM_0021106,PAT_001929
CLM_0021107,PAT_001929
CLM_0021108,PAT_003829
CLM_0021109,PAT_003829
CLM_0021110,PAT_000981
CLM_0021111,PAT_004426
CLM_0021112,PAT_008216
CLM_0021113,PAT_008216
CLM_0021114,PAT_003445
CLM_0021115,PAT_003356
CLM_0021116,PAT_003356
CLM_0021117,PAT_005226
CLM_0021118,PAT_005226
CLM_0021119,PAT_005226
CLM_0021120,PAT_003694
CLM_0021121,PAT_008190
CLM_0021122,PAT_008190
CLM_0021123,PAT_001287
CLM_0021124,PAT_001287
CLM_0021125,PAT_001287
CLM_0021126,PAT_007499
CLM_0021127,PAT_007499
CLM_0021128,PAT_006677
CLM_0021129,PAT_006677
CLM_0021130,PAT_003285
CLM_0021131,PAT_003285
CLM_0021132,PAT_006851
CLM_0021133,PAT_006851
CLM_0021134,PAT_001214
CLM_0021135,PAT_001214
CLM_0021136,PAT_000397
CLM_0021137,PAT_000397
CLM_0021138,PAT_003721
CLM_0021139,PAT_003721
CLM_0021140,PAT_003721
CLM_0021141,PAT_001334
CLM_0021142,PAT_001334
CLM_0021143,PAT_003472
CLM_0021144,PAT_001718
CLM_0021145,PAT_001718
CLM_0021146,PAT_008661
CLM_0021147,PAT_008661
CLM_0021148,PAT_008661
CLM_0021149,PAT_006578
CLM_0021150,PAT_006578
CLM_0021151,PAT_006578
CLM_0021152,PAT_009355
CLM_0021153,PAT_000128
CLM_0021154,PAT_009505
CLM_0021155,PAT_004109
CLM_0021156,PAT_002855
CLM_0021157,PAT_002855
CLM_0021158,PAT_008625
CLM_0021159,PAT_008625
CLM_0021160,PAT_007069
CLM_0021161,PAT_007069
CLM_0021162,PAT_007069
CLM_0021163,PAT_004905
CLM_0021164,PAT_004905
CLM_0021165,PAT_004905
CLM_0021166,PAT_001342
CLM_0021167,PAT_001342
CLM_0021168,PAT_001342
CLM_0021169,PAT_005489
CLM_0021170,PAT_005489
CLM_0021171,PAT_004156
CLM_0021172,PAT_004156
CLM_0021173,PAT_004156
CLM_0021174,PAT_006025
CLM_0021175,PAT_006025
CLM_0021176,PAT_006025
CLM_0021177,PAT_008042
CLM_0021178,PAT_004185
CLM_0021179,PAT_004636
CLM_0021180,PAT_004636
CLM_0021181,PAT_004636
CLM_0021182,PAT_004708
CLM_0021183,PAT_004708
CLM_0021184,PAT_001704
CLM_0021185,PAT_006950
CLM_0021186,PAT_006950
CLM_0021187,PAT_007193
CLM_0021188,PAT_007193
CLM_0021189,PAT_004349
CLM_0021190,PAT_005746
CLM_0021191,PAT_005746
CLM_0021192,PAT_005746
CLM_0021193,PAT_004966
CLM_0021194,PAT_004966
CLM_0021195,PAT_006686
CLM_0021196,PAT_007778
CLM_0021197,PAT_007778
CLM_0021198,PAT_008931
CLM_0021199,PAT_005478
CLM_0021200,PAT_005478
CLM_0021201,PAT_004877
CLM_0021202,PAT_000847
CLM_0021203,PAT_000847
CLM_0021204,PAT_000847
CLM_0021205,PAT_006465
CLM_0021206,PAT_009167
CLM_0021207,PAT_009167
CLM_0021208,PAT_002332
CLM_0021209,PAT_002332
CLM_0021210,PAT_002332
CLM_0021211,PAT_001948
CLM_0021212,PAT_001948
CLM_0021213,PAT_007018
CLM_0021214,PAT_007018
CLM_0021215,PAT_005771
CLM_0021216,PAT_000154
CLM_0021217,PAT_000154
CLM_0021218,PAT_004486
CLM_0021219,PAT_004486
CLM_0021220,PAT_005944
CLM_0021221,PAT_005944
CLM_0021222,PAT_005944
CLM_0021223,PAT_000394
CLM_0021224,PAT_000394
CLM_0021225,PAT_000394
CLM_0021226,PAT_004183
CLM_0021227,PAT_007281
CLM_0021228,PAT_007281
CLM_0021229,PAT_006173
CLM_0021230,PAT_006173
CLM_0021231,PAT_006173
CLM_0021232,PAT_008328
CLM_0021233,PAT_008328
CLM_0021234,PAT_008328
CLM_0021235,PAT_008088
CLM_0021236,PAT_001589
CLM_0021237,PAT_001589
CLM_0021238,PAT_001589
CLM_0021239,PAT_003678
CLM_0021240,PAT_003678
CLM_0021241,PAT_003678
CLM_0021242,PAT_004214
CLM_0021243,PAT_004214
CLM_0021244,PAT_005747
CLM_0021245,PAT_004479
CLM_0021246,PAT_004479
CLM_0021247,PAT_004479
CLM_0021248,PAT_003849
CLM_0021249,PAT_003849
CLM_0021250,PAT_003849
CLM_0021251,PAT_004210
CLM_0021252,PAT_004210
CLM_0021253,PAT_005974
CLM_0021254,PAT_005974
CLM_0021255,PAT_004700
CLM_0021256,PAT_004700
CLM_0021257,PAT_004700
CLM_0021258,PAT_006807
CLM_0021259,PAT_006807
CLM_0021260,PAT_006270
CLM_0021261,PAT_006270
CLM_0021262,PAT_006270
CLM_0021263,PAT_000250
CLM_0021264,PAT_000250
CLM_0021265,PAT_006205
CLM_0021266,PAT_006205
CLM_0021267,PAT_006205
CLM_0021268,PAT_005081
CLM_0021269,PAT_006981
CLM_0021270,PAT_006981
CLM_0021271,PAT_009962
CLM_0021272,PAT_009962
CLM_0021273,PAT_009962
CLM_0021274,PAT_009524
CLM_0021275,PAT_009524
CLM_0021276,PAT_009524
CLM_0021277,PAT_000288
CLM_0021278,PAT_000288
CLM_0021279,PAT_008556
CLM_0021280,PAT_003690
CLM_0021281,PAT_003690
CLM_0021282,PAT_006304
CLM_0021283,PAT_006304
CLM_0021284,PAT_006754
CLM_0021285,PAT_006754
CLM_0021286,PAT_006754
CLM_0021287,PAT_001596
CLM_0021288,PAT_001596
CLM_0021289,PAT_001596
CLM_0021290,PAT_005018
CLM_0021291,PAT_005018
CLM_0021292,PAT_005018
CLM_0021293,PAT_002041
CLM_0021294,PAT_004918
CLM_0021295,PAT_004918
CLM_0021296,PAT_004918
CLM_0021297,PAT_009640
CLM_0021298,PAT_009640
CLM_0021299,PAT_009640
CLM_0021300,PAT_006088
CLM_0021301,PAT_006088
CLM_0021302,PAT_002022
CLM_0021303,PAT_002022
CLM_0021304,PAT_002022
CLM_0021305,PAT_007661
CLM_0021306,PAT_001127
CLM_0021307,PAT_001127
CLM_0021308,PAT_001127
CLM_0021309,PAT_001962
CLM_0021310,PAT_004790
CLM_0021311,PAT_004279
CLM_0021312,PAT_004279
CLM_0021313,PAT_004279
CLM_0021314,PAT_008891
CLM_0021315,PAT_008891
CLM_0021316,PAT_008891
CLM_0021317,PAT_004926
CLM_0021318,PAT_004926
CLM_0021319,PAT_004926
CLM_0021320,PAT_008893
CLM_0021321,PAT_007436
CLM_0021322,PAT_007436
CLM_0021323,PAT_007436
CLM_0021324,PAT_006443
CLM_0021325,PAT_004409
CLM_0021326,PAT_004409
CLM_0021327,PAT_005380
CLM_0021328,PAT_005380
CLM_0021329,PAT_005380
CLM_0021330,PAT_007012
CLM_0021331,PAT_007012
CLM_0021332,PAT_007117
CLM_0021333,PAT_003764
CLM_0021334,PAT_003764
CLM_0021335,PAT_001306
CLM_0021336,PAT_008045
CLM_0021337,PAT_008045
CLM_0021338,PAT_008045
CLM_0021339,PAT_003459
CLM_0021340,PAT_003459
CLM_0021341,PAT_003459
CLM_0021342,PAT_004370
CLM_0021343,PAT_004370
CLM_0021344,PAT_008142
CLM_0021345,PAT_008382
CLM_0021346,PAT_006880
CLM_0021347,PAT_008440
CLM_0021348,PAT_000659
CLM_0021349,PAT_000659
CLM_0021350,PAT_000659
CLM_0021351,PAT_000148
CLM_0021352,PAT_004378
CLM_0021353,PAT_004378
CLM_0021354,PAT_006707
CLM_0021355,PAT_006707
CLM_0021356,PAT_000404
CLM_0021357,PAT_000404
CLM_0021358,PAT_000404
CLM_0021359,PAT_001734
CLM_0021360,PAT_007206
CLM_0021361,PAT_007206
CLM_0021362,PAT_007206
CLM_0021363,PAT_008774
CLM_0021364,PAT_003103
CLM_0021365,PAT_003103
CLM_0021366,PAT_003103
CLM_0021367,PAT_008054
CLM_0021368,PAT_008054
CLM_0021369,PAT_004023
CLM_0021370,PAT_004023
CLM_0021371,PAT_004864
CLM_0021372,PAT_003240
CLM_0021373,PAT_003240
CLM_0021374,PAT_003240
CLM_0021375,PAT_001362
CLM_0021376,PAT_001362
CLM_0021377,PAT_002409
CLM_0021378,PAT_002409
CLM_0021379,PAT_002409
CLM_0021380,PAT_006077
CLM_0021381,PAT_006077
CLM_0021382,PAT_004951
CLM_0021383,PAT_000879
CLM_0021384,PAT_000879
CLM_0021385,PAT_000879
CLM_0021386,PAT_009033
CLM_0021387,PAT_009033
CLM_0021388,PAT_009033
CLM_0021389,PAT_008933
CLM_0021390,PAT_008933
CLM_0021391,PAT_009032
CLM_0021392,PAT_009129
CLM_0021393,PAT_009129
CLM_0021394,PAT_009129
CLM_0021395,PAT_002524
CLM_0021396,PAT_007972
CLM_0021397,PAT_000998
CLM_0021398,PAT_000998
CLM_0021399,PAT_000998
CLM_0021400,PAT_005077
CLM_0021401,PAT_005077
CLM_0021402,PAT_007248
CLM_0021403,PAT_007248
CLM_0021404,PAT_006338
CLM_0021405,PAT_005054
CLM_0021406,PAT_008215
CLM_0021407,PAT_008215
CLM_0021408,PAT_001744
CLM_0021409,PAT_001744
CLM_0021410,PAT_001744
CLM_0021411,PAT_004289
CLM_0021412,PAT_000434
CLM_0021413,PAT_006562
CLM_0021414,PAT_003658
CLM_0021415,PAT_003658
CLM_0021416,PAT_003658
CLM_0021417,PAT_002768
CLM_0021418,PAT_002768
CLM_0021419,PAT_000781
CLM_0021420,PAT_000781
CLM_0021421,PAT_000781
CLM_0021422,PAT_004736
CLM_0021423,PAT_004736
CLM_0021424,PAT_007747
CLM_0021425,PAT_007747
CLM_0021426,PAT_007747
CLM_0021427,PAT_009017
CLM_0021428,PAT_009017
CLM_0021429,PAT_009017
CLM_0021430,PAT_006604
CLM_0021431,PAT_006604
CLM_0021432,PAT_006604
CLM_0021433,PAT_001375
CLM_0021434,PAT_006278
CLM_0021435,PAT_001583
CLM_0021436,PAT_001583
CLM_0021437,PAT_008498
CLM_0021438,PAT_008498
CLM_0021439,PAT_002884
CLM_0021440,PAT_002884
CLM_0021441,PAT_002884
CLM_0021442,PAT_003600
CLM_0021443,PAT_000040
CLM_0021444,PAT_000040
CLM_0021445,PAT_007581
CLM_0021446,PAT_007581
CLM_0021447,PAT_002775
CLM_0021448,PAT_002775
CLM_0021449,PAT_002775
CLM_0021450,PAT_001172
CLM_0021451,PAT_001792
CLM_0021452,PAT_005648
CLM_0021453,PAT_005648
CLM_0021454,PAT_005648
CLM_0021455,PAT_003146
CLM_0021456,PAT_003146
CLM_0021457,PAT_003146
CLM_0021458,PAT_005681
CLM_0021459,PAT_005681
CLM_0021460,PAT_004447
CLM_0021461,PAT_004447
CLM_0021462,PAT_004447
CLM_0021463,PAT_005397
CLM_0021464,PAT_003081
CLM_0021465,PAT_003031
CLM_0021466,PAT_001726
CLM_0021467,PAT_002641
CLM_0021468,PAT_003724
CLM_0021469,PAT_003724
CLM_0021470,PAT_003361
CLM_0021471,PAT_003361
CLM_0021472,PAT_003361
CLM_0021473,PAT_009104
CLM_0021474,PAT_009104
CLM_0021475,PAT_009104
CLM_0021476,PAT_006064
CLM_0021477,PAT_006064
CLM_0021478,PAT_000152
CLM_0021479,PAT_004415
CLM_0021480,PAT_004415
CLM_0021481,PAT_009439
CLM_0021482,PAT_009439
CLM_0021483,PAT_009439
CLM_0021484,PAT_002652
CLM_0021485,PAT_002652
CLM_0021486,PAT_002652
CLM_0021487,PAT_008022
CLM_0021488,PAT_008022
CLM_0021489,PAT_009859
CLM_0021490,PAT_009859
CLM_0021491,PAT_009859
CLM_0021492,PAT_003965
CLM_0021493,PAT_003965
CLM_0021494,PAT_003044
CLM_0021495,PAT_009381
CLM_0021496,PAT_009381
CLM_0021497,PAT_008187
CLM_0021498,PAT_008187
CLM_0021499,PAT_004561
CLM_0021500,PAT_007736
CLM_0021501,PAT_004613
CLM_0021502,PAT_004752
CLM_0021503,PAT_003427
CLM_0021504,PAT_008785
CLM_0021505,PAT_008785
CLM_0021506,PAT_008785
CLM_0021507,PAT_008553
CLM_0021508,PAT_006993
CLM_0021509,PAT_006993
CLM_0021510,PAT_006440
CLM_0021511,PAT_007345
CLM_0021512,PAT_010008
CLM_0021513,PAT_010008
CLM_0021514,PAT_010008
CLM_0021515,PAT_005375
CLM_0021516,PAT_002866
CLM_0021517,PAT_002866
CLM_0021518,PAT_006914
CLM_0021519,PAT_006914
CLM_0021520,PAT_006914
CLM_0021521,PAT_009469
CLM_0021522,PAT_009469
CLM_0021523,PAT_009469
CLM_0021524,PAT_006542
CLM_0021525,PAT_004606
CLM_0021526,PAT_004606
CLM_0021527,PAT_004606
CLM_0021528,PAT_002853
CLM_0021529,PAT_002853
CLM_0021530,PAT_002853
CLM_0021531,PAT_005129
CLM_0021532,PAT_005129
CLM_0021533,PAT_008500
CLM_0021534,PAT_008500
CLM_0021535,PAT_008500
CLM_0021536,PAT_006074
CLM_0021537,PAT_006074
CLM_0021538,PAT_006074
CLM_0021539,PAT_006799
CLM_0021540,PAT_006799
CLM_0021541,PAT_008122
CLM_0021542,PAT_008122
CLM_0021543,PAT_006070
CLM_0021544,PAT_003046
CLM_0021545,PAT_003046
CLM_0021546,PAT_008203
CLM_0021547,PAT_008203
CLM_0021548,PAT_005178
CLM_0021549,PAT_004369
CLM_0021550,PAT_004369
CLM_0021551,PAT_004369
CLM_0021552,PAT_006904
CLM_0021553,PAT_007337
CLM_0021554,PAT_007337
CLM_0021555,PAT_007337
CLM_0021556,PAT_003417
CLM_0021557,PAT_004672
CLM_0021558,PAT_004672
CLM_0021559,PAT_004672
CLM_0021560,PAT_005127
CLM_0021561,PAT_005127
CLM_0021562,PAT_005127
CLM_0021563,PAT_005095
CLM_0021564,PAT_005095
CLM_0021565,PAT_005095
CLM_0021566,PAT_007353
CLM_0021567,PAT_007353
CLM_0021568,PAT_007364
CLM_0021569,PAT_009841
CLM_0021570,PAT_009841
CLM_0021571,PAT_009841
CLM_0021572,PAT_005718
CLM_0021573,PAT_007377
CLM_0021574,PAT_007241
CLM_0021575,PAT_007241
CLM_0021576,PAT_007241
CLM_0021577,PAT_006825
CLM_0021578,PAT_006825
CLM_0021579,PAT_006248
CLM_0021580,PAT_006248
CLM_0021581,PAT_006248
CLM_0021582,PAT_005037
CLM_0021583,PAT_005037
CLM_0021584,PAT_005037
CLM_0021585,PAT_002702
CLM_0021586,PAT_007752
CLM_0021587,PAT_007752
CLM_0021588,PAT_007752
CLM_0021589,PAT_001389
CLM_0021590,PAT_002412
CLM_0021591,PAT_002412
CLM_0021592,PAT_002412
CLM_0021593,PAT_005639
CLM_0021594,PAT_009965
CLM_0021595,PAT_009965
CLM_0021596,PAT_001227
CLM_0021597,PAT_001227
CLM_0021598,PAT_003471
CLM_0021599,PAT_003011
CLM_0021600,PAT_003011
CLM_0021601,PAT_003011
CLM_0021602,PAT_002859
CLM_0021603,PAT_002859
CLM_0021604,PAT_006895
CLM_0021605,PAT_006895
CLM_0021606,PAT_009416
CLM_0021607,PAT_009416
CLM_0021608,PAT_002474
CLM_0021609,PAT_002474
CLM_0021610,PAT_006505
CLM_0021611,PAT_006505
CLM_0021612,PAT_009403
CLM_0021613,PAT_000262
CLM_0021614,PAT_003752
CLM_0021615,PAT_003752
CLM_0021616,PAT_003752
CLM_0021617,PAT_005513
CLM_0021618,PAT_005513
CLM_0021619,PAT_007624
CLM_0021620,PAT_007624
CLM_0021621,PAT_003047
CLM_0021622,PAT_003047
CLM_0021623,PAT_010009
CLM_0021624,PAT_010009
CLM_0021625,PAT_010010
CLM_0021626,PAT_010011
CLM_0021627,PAT_010011
CLM_0021628,PAT_010012
CLM_0021629,PAT_010012
CLM_0021630,PAT_010013
CLM_0021631,PAT_010014
CLM_0021632,PAT_010015
CLM_0021633,PAT_010015
CLM_0021634,PAT_010015
CLM_0021635,PAT_010016
CLM_0021636,PAT_010016
CLM_0021637,PAT_010017
CLM_0021638,PAT_010017
CLM_0021639,PAT_010017
CLM_0021640,PAT_010018
CLM_0021641,PAT_010018
CLM_0021642,PAT_010018
CLM_0021643,PAT_010019
CLM_0021644,PAT_010020
CLM_0021645,PAT_010020
CLM_0021646,PAT_010020
CLM_0021647,PAT_010021
CLM_0021648,PAT_010021
CLM_0021649,PAT_010022
CLM_0021650,PAT_010023
CLM_0021651,PAT_010023
CLM_0021652,PAT_010024
CLM_0021653,PAT_010024
CLM_0021654,PAT_010025
CLM_0021655,PAT_010025
CLM_0021656,PAT_010026
CLM_0021657,PAT_010027
CLM_0021658,PAT_010027
CLM_0021659,PAT_010028
CLM_0021660,PAT_010028
CLM_0021661,PAT_010028
CLM_0021662,PAT_010029
CLM_0021663,PAT_010029
CLM_0021664,PAT_010029
CLM_0021665,PAT_010030
CLM_0021666,PAT_010030
CLM_0021667,PAT_010031
CLM_0021668,PAT_010031
CLM_0021669,PAT_010031
CLM_0021670,PAT_010032
CLM_0021671,PAT_010032
CLM_0021672,PAT_010033
CLM_0021673,PAT_010033
CLM_0021674,PAT_010033
CLM_0021675,PAT_010034
CLM_0021676,PAT_010034
CLM_0021677,PAT_010034
CLM_0021678,PAT_010035
CLM_0021679,PAT_010035
CLM_0021680,PAT_010035
CLM_0021681,PAT_010036
CLM_0021682,PAT_010036
CLM_0021683,PAT_010036
CLM_0021684,PAT_010037
CLM_0021685,PAT_010038
CLM_0021686,PAT_010038
CLM_0021687,PAT_010038
CLM_0021688,PAT_010039
CLM_0021689,PAT_010040
CLM_0021690,PAT_010040
CLM_0021691,PAT_010041
CLM_0021692,PAT_010042
CLM_0021693,PAT_010043
CLM_0021694,PAT_010044
CLM_0021695,PAT_010044
CLM_0021696,PAT_010045
CLM_0021697,PAT_010045
CLM_0021698,PAT_010045
CLM_0021699,PAT_010046
CLM_0021700,PAT_010046
CLM_0021701,PAT_010046
CLM_0021702,PAT_010047
CLM_0021703,PAT_010047
CLM_0021704,PAT_010047
CLM_0021705,PAT_010048
CLM_0021706,PAT_010048
CLM_0021707,PAT_010048
CLM_0021708,PAT_010049
CLM_0021709,PAT_010050
CLM_0021710,PAT_010050
CLM_0021711,PAT_010051
CLM_0021712,PAT_010051
CLM_0021713,PAT_010052
CLM_0021714,PAT_010053
CLM_0021715,PAT_010053
CLM_0021716,PAT_010054
CLM_0021717,PAT_010054
CLM_0021718,PAT_010054
CLM_0021719,PAT_010055
CLM_0021720,PAT_010055
CLM_0021721,PAT_010055
CLM_0021722,PAT_010056
CLM_0021723,PAT_010056
CLM_0021724,PAT_010057
CLM_0021725,PAT_010057
CLM_0021726,PAT_010057
CLM_0021727,PAT_010058
CLM_0021728,PAT_010058
CLM_0021729,PAT_010059
CLM_0021730,PAT_010059
CLM_0021731,PAT_010060
CLM_0021732,PAT_010060
CLM_0021733,PAT_010060
CLM_0021734,PAT_010061
CLM_0021735,PAT_010061
CLM_0021736,PAT_010062
CLM_0021737,PAT_010063
CLM_0021738,PAT_010063
CLM_0021739,PAT_010063
CLM_0021740,PAT_010064
CLM_0021741,PAT_010065
CLM_0021742,PAT_010066
CLM_0021743,PAT_010066
CLM_0021744,PAT_010067
CLM_0021745,PAT_010067
CLM_0021746,PAT_010067
CLM_0021747,PAT_010068
CLM_0021748,PAT_010069
CLM_0021749,PAT_010069
CLM_0021750,PAT_010069
CLM_0021751,PAT_010070
CLM_0021752,PAT_010070
CLM_0021753,PAT_010071
CLM_0021754,PAT_010072
CLM_0021755,PAT_010072
CLM_0021756,PAT_010072
CLM_0021757,PAT_010073
CLM_0021758,PAT_010073
CLM_0021759,PAT_010074
CLM_0021760,PAT_010074
CLM_0021761,PAT_010075
CLM_0021762,PAT_010075
CLM_0021763,PAT_010075
CLM_0021764,PAT_010076
CLM_0021765,PAT_010077
CLM_0021766,PAT_010077
CLM_0021767,PAT_010077
CLM_0021768,PAT_010078
CLM_0021769,PAT_010079
CLM_0021770,PAT_010080
CLM_0021771,PAT_010080
CLM_0021772,PAT_010080
CLM_0021773,PAT_010081
CLM_0021774,PAT_010082
CLM_0021775,PAT_010082
CLM_0021776,PAT_010082
CLM_0021777,PAT_010083
CLM_0021778,PAT_010083
CLM_0021779,PAT_010083
CLM_0021780,PAT_010084
CLM_0021781,PAT_010085
CLM_0021782,PAT_010086
CLM_0021783,PAT_010087
CLM_0021784,PAT_010087
CLM_0021785,PAT_010087
CLM_0021786,PAT_010088
CLM_0021787,PAT_010088
CLM_0021788,PAT_010089
CLM_0021789,PAT_010089
CLM_0021790,PAT_010089
CLM_0021791,PAT_010090
CLM_0021792,PAT_010091
CLM_0021793,PAT_010091
CLM_0021794,PAT_010091
CLM_0021795,PAT_010092
CLM_0021796,PAT_010093
CLM_0021797,PAT_010094
CLM_0021798,PAT_010094
CLM_0021799,PAT_010095
CLM_0021800,PAT_010095
CLM_0021801,PAT_010095
CLM_0021802,PAT_010096
CLM_0021803,PAT_010096
CLM_0021804,PAT_010096
CLM_0021805,PAT_010097
CLM_0021806,PAT_010097
CLM_0021807,PAT_010097
CLM_0021808,PAT_010098
CLM_0021809,PAT_010099
CLM_0021810,PAT_010099
CLM_0021811,PAT_010099
CLM_0021812,PAT_010100
CLM_0021813,PAT_010100
CLM_0021814,PAT_010100
CLM_0021815,PAT_010101
CLM_0021816,PAT_010102
CLM_0021817,PAT_010103
CLM_0021818,PAT_010103
CLM_0021819,PAT_010104
CLM_0021820,PAT_010104
CLM_0021821,PAT_010104
CLM_0021822,PAT_010105
CLM_0021823,PAT_010105
CLM_0021824,PAT_010105
CLM_0021825,PAT_010106
CLM_0021826,PAT_010106
CLM_0021827,PAT_010107
CLM_0021828,PAT_010107
CLM_0021829,PAT_010108
CLM_0021830,PAT_010108
CLM_0021831,PAT_010108
CLM_0021832,PAT_010109
CLM_0021833,PAT_010109
CLM_0021834,PAT_010109
CLM_0021835,PAT_010110
CLM_0021836,PAT_010110
CLM_0021837,PAT_010111
CLM_0021838,PAT_010111
CLM_0021839,PAT_010111
CLM_0021840,PAT_010112
CLM_0021841,PAT_010112
CLM_0021842,PAT_010112
CLM_0021843,PAT_010113
CLM_0021844,PAT_010113
CLM_0021845,PAT_010114
CLM_0021846,PAT_010114
CLM_0021847,PAT_010114
CLM_0021848,PAT_010115
CLM_0021849,PAT_010115
CLM_0021850,PAT_010116
CLM_0021851,PAT_010116
CLM_0021852,PAT_010117
CLM_0021853,PAT_010118
CLM_0021854,PAT_010118
CLM_0021855,PAT_010119
CLM_0021856,PAT_010119
CLM_0021857,PAT_010119
CLM_0021858,PAT_010120
CLM_0021859,PAT_010121
CLM_0021860,PAT_010122
CLM_0021861,PAT_010122
CLM_0021862,PAT_010123
CLM_0021863,PAT_010123
CLM_0021864,PAT_010123
CLM_0021865,PAT_010124
CLM_0021866,PAT_010124
CLM_0021867,PAT_010124
CLM_0021868,PAT_010125
CLM_0021869,PAT_010125
CLM_0021870,PAT_010125
CLM_0021871,PAT_010126
CLM_0021872,PAT_010126
CLM_0021873,PAT_010126
CLM_0021874,PAT_010127
CLM_0021875,PAT_010128
CLM_0021876,PAT_010128
CLM_0021877,PAT_010129
CLM_0021878,PAT_010129
CLM_0021879,PAT_010130
CLM_0021880,PAT_010130
CLM_0021881,PAT_010131
CLM_0021882,PAT_010132
CLM_0021883,PAT_010133
CLM_0021884,PAT_010133
CLM_0021885,PAT_010133
CLM_0021886,PAT_010134
CLM_0021887,PAT_010134
CLM_0021888,PAT_010134
CLM_0021889,PAT_010135
CLM_0021890,PAT_010135
CLM_0021891,PAT_010136
CLM_0021892,PAT_010136
CLM_0021893,PAT_010136
CLM_0021894,PAT_010137
CLM_0021895,PAT_010137
CLM_0021896,PAT_010138
CLM_0021897,PAT_010138
CLM_0021898,PAT_010139
CLM_0021899,PAT_010139
CLM_0021900,PAT_010140
CLM_0021901,PAT_010141
CLM_0021902,PAT_010142
CLM_0021903,PAT_010143
CLM_0021904,PAT_010143
CLM_0021905,PAT_010143
CLM_0021906,PAT_010144
CLM_0021907,PAT_010144
CLM_0021908,PAT_010144
CLM_0021909,PAT_010145
CLM_0021910,PAT_010145
CLM_0021911,PAT_010145
CLM_0021912,PAT_010146
CLM_0021913,PAT_010146
CLM_0021914,PAT_010147
CLM_0021915,PAT_010147
CLM_0021916,PAT_010147
CLM_0021917,PAT_010148
CLM_0021918,PAT_010148
CLM_0021919,PAT_010148
CLM_0021920,PAT_010149
CLM_0021921,PAT_010149
CLM_0021922,PAT_010150
CLM_0021923,PAT_010151
CLM_0021924,PAT_010152
CLM_0021925,PAT_010152
CLM_0021926,PAT_010153
CLM_0021927,PAT_010153
CLM_0021928,PAT_010153
CLM_0021929,PAT_010154
CLM_0021930,PAT_010155
CLM_0021931,PAT_010156
CLM_0021932,PAT_010157
CLM_0021933,PAT_010157
CLM_0021934,PAT_010157
CLM_0021935,PAT_010158
CLM_0021936,PAT_010159
CLM_0021937,PAT_010160
CLM_0021938,PAT_010160
CLM_0021939,PAT_010160
CLM_0021940,PAT_010161
CLM_0021941,PAT_010161
CLM_0021942,PAT_010161
CLM_0021943,PAT_010162
CLM_0021944,PAT_010163
CLM_0021945,PAT_010163
CLM_0021946,PAT_010164
CLM_0021947,PAT_010164
CLM_0021948,PAT_010165
CLM_0021949,PAT_010165
CLM_0021950,PAT_010166
CLM_0021951,PAT_010166
CLM_0021952,PAT_010166
CLM_0021953,PAT_010167
CLM_0021954,PAT_010168
CLM_0021955,PAT_010168
CLM_0021956,PAT_010168
CLM_0021957,PAT_010169
CLM_0021958,PAT_010170
CLM_0021959,PAT_010171
CLM_0021960,PAT_010171
CLM_0021961,PAT_010172
CLM_0021962,PAT_010173
CLM_0021963,PAT_010173
CLM_0021964,PAT_010174
CLM_0021965,PAT_010175
CLM_0021966,PAT_010175
CLM_0021967,PAT_010176
CLM_0021968,PAT_010176
CLM_0021969,PAT_010176
CLM_0021970,PAT_010177
CLM_0021971,PAT_010177
CLM_0021972,PAT_010177
CLM_0021973,PAT_010178
CLM_0021974,PAT_010178
CLM_0021975,PAT_010178
CLM_0021976,PAT_010179
CLM_0021977,PAT_010179
CLM_0021978,PAT_010180
CLM_0021979,PAT_010180
CLM_0021980,PAT_010180
CLM_0021981,PAT_010181
CLM_0021982,PAT_010182
CLM_0021983,PAT_010183
CLM_0021984,PAT_010183
CLM_0021985,PAT_010183
CLM_0021986,PAT_010184
CLM_0021987,PAT_010184
CLM_0021988,PAT_010185
CLM_0021989,PAT_010185
CLM_0021990,PAT_010185
CLM_0021991,PAT_010186
CLM_0021992,PAT_010187
CLM_0021993,PAT_010187
CLM_0021994,PAT_010187
CLM_0021995,PAT_010188
CLM_0021996,PAT_010188
CLM_0021997,PAT_010189
CLM_0021998,PAT_010189
CLM_0021999,PAT_010190
CLM_0022000,PAT_010191
CLM_0022001,PAT_010191
CLM_0022002,PAT_010191
CLM_0022003,PAT_010192
CLM_0022004,PAT_010193
CLM_0022005,PAT_010193
CLM_0022006,PAT_010193
CLM_0022007,PAT_010194
CLM_0022008,PAT_010194
CLM_0022009,PAT_010194
CLM_0022010,PAT_010195
CLM_0022011,PAT_010195
CLM_0022012,PAT_010196
CLM_0022013,PAT_010196
CLM_0022014,PAT_010196
CLM_0022015,PAT_010197
CLM_0022016,PAT_010197
CLM_0022017,PAT_010197
CLM_0022018,PAT_010198
CLM_0022019,PAT_010199
CLM_0022020,PAT_010200
CLM_0022021,PAT_010201
CLM_0022022,PAT_010201
CLM_0022023,PAT_010201
CLM_0022024,PAT_010202
CLM_0022025,PAT_010203
CLM_0022026,PAT_010203
CLM_0022027,PAT_010203
CLM_0022028,PAT_010204
CLM_0022029,PAT_010205
CLM_0022030,PAT_010205
CLM_0022031,PAT_010206
CLM_9000001,PAT_900001
CLM_9000002,PAT_900002
CLM_9000003,PAT_900003
CLM_9000004,PAT_900004
CLM_9000005,PAT_900005
CLM_9000006,PAT_900006
CLM_9000007,PAT_900007
CLM_9000008,PAT_900008
CLM_9000009,PAT_900009
CLM_9000010,PAT_900010
CLM_9000011,PAT_900011
CLM_9000012,PAT_900012
CLM_9000013,PAT_900013
CLM_9000014,PAT_900014
CLM_9000015,PAT_900014
CLM_9000016,PAT_900015
CLM_9000017,PAT_900015
CLM_9000018,PAT_900016
CLM_9000019,PAT_900016
CLM_9000020,PAT_900016
CLM_9000021,PAT_900017
CLM_9000022,PAT_900017
CLM_9000023,PAT_900017
CLM_9000024,PAT_900018
CLM_9000025,PAT_900019
