source_id,target_id,amount_usd,date
ACC_000001,ACC_001309,252.49,2026-01-13
ACC_000001,ACC_001309,41.86,2026-01-28
ACC_000001,ACC_001431,1780.00,2026-03-10
ACC_000001,ACC_001431,25.67,2026-03-25
ACC_000002,ACC_001253,580.83,2025-11-16
ACC_000002,ACC_001253,64.71,2025-10-30
ACC_000002,ACC_001253,74.12,2025-10-25
ACC_000002,ACC_001263,384.36,2026-04-29
ACC_000002,ACC_001263,40.28,2026-05-11
ACC_000002,ACC_001264,68.62,2026-05-21
ACC_000002,ACC_001431,479.12,2026-05-18
ACC_000002,ACC_001431,69.49,2026-04-15
ACC_000002,ACC_001438,250.94,2026-02-22
ACC_000002,ACC_001438,28.11,2026-02-24
ACC_000002,ACC_001438,36.09,2026-03-07
ACC_000002,ACC_001485,144.27,2026-02-03
ACC_000002,ACC_001509,324.77,2026-01-11
ACC_000002,ACC_001509,55.89,2026-02-08
ACC_000002,ACC_001511,540.24,2026-02-01
ACC_000003,ACC_001245,417.87,2025-12-27
ACC_000003,ACC_001245,54.90,2026-01-04
ACC_000003,ACC_001349,165.59,2026-04-22
ACC_000003,ACC_001349,17.06,2026-05-03
ACC_000003,ACC_001349,31.78,2026-04-27
ACC_000003,ACC_001372,40.63,2025-10-08
ACC_000003,ACC_001372,467.96,2025-09-30
ACC_000003,ACC_001372,79.67,2025-10-16
ACC_000003,ACC_001431,101.65,2026-05-08
ACC_000003,ACC_001431,1128.18,2025-09-07
ACC_000003,ACC_001431,147.93,2025-11-19
ACC_000003,ACC_001431,155.49,2025-11-18
ACC_000003,ACC_001431,172.40,2025-09-21
ACC_000003,ACC_001431,332.72,2026-02-04
ACC_000003,ACC_001431,35.45,2025-08-09
ACC_000003,ACC_001431,40.08,2025-08-29
ACC_000003,ACC_001431,421.47,2025-12-29
ACC_000003,ACC_001431,464.29,2025-10-26
ACC_000003,ACC_001431,477.12,2025-08-14
ACC_000003,ACC_001431,59.73,2025-10-31
ACC_000003,ACC_001431,64.59,2025-12-18
ACC_000003,ACC_001431,644.26,2025-12-11
ACC_000003,ACC_001431,66.38,2026-02-22
ACC_000003,ACC_001431,7.69,2026-05-22
ACC_000003,ACC_001431,9.40,2026-01-02
ACC_000003,ACC_001438,18.95,2025-12-15
ACC_000003,ACC_001438,185.44,2025-12-18
ACC_000003,ACC_001438,25.35,2025-12-18
ACC_000003,ACC_001485,43.14,2025-08-06
ACC_000003,ACC_001485,5.74,2025-08-30
ACC_000003,ACC_001485,7.67,2025-08-20
ACC_000003,ACC_001500,497.59,2026-03-06
ACC_000007,ACC_001348,727.24,2025-10-14
ACC_000007,ACC_001349,134.38,2025-10-12
ACC_000007,ACC_001349,53.90,2025-10-03
ACC_000007,ACC_001431,825.40,2026-01-20
ACC_000008,ACC_001301,14.31,2026-06-13
ACC_000008,ACC_001301,167.81,2026-06-11
ACC_000009,ACC_001233,599.27,2025-11-23
ACC_000009,ACC_001349,260.59,2025-10-11
ACC_000009,ACC_001431,1304.78,2025-08-11
ACC_000009,ACC_001431,179.10,2025-08-05
ACC_000009,ACC_001431,393.46,2025-09-12
ACC_000009,ACC_001431,56.37,2025-09-13
ACC_000009,ACC_001480,2076.01,2025-08-31
ACC_000010,ACC_001431,236.09,2026-01-15
ACC_000011,ACC_001431,362.55,2025-08-10
ACC_000011,ACC_001431,67.38,2025-08-07
ACC_000012,ACC_001388,73.58,2026-01-18
ACC_000012,ACC_001388,86.89,2026-01-07
ACC_000012,ACC_001388,927.47,2026-01-04
ACC_000013,ACC_001348,157.76,2026-02-07
ACC_000013,ACC_001348,26.20,2026-02-18
ACC_000013,ACC_001348,9.35,2026-02-26
ACC_000013,ACC_001355,141.28,2025-10-09
ACC_000013,ACC_001355,18.98,2025-10-07
ACC_000013,ACC_001355,22.56,2025-10-16
ACC_000013,ACC_001356,22.00,2025-10-01
ACC_000013,ACC_001356,338.06,2025-10-10
ACC_000013,ACC_001356,61.60,2025-09-28
ACC_000013,ACC_001417,1119.70,2026-06-12
ACC_000013,ACC_001417,213.31,2026-06-11
ACC_000013,ACC_001431,1058.43,2025-11-19
ACC_000013,ACC_001431,1078.43,2026-03-16
ACC_000013,ACC_001431,215.60,2026-03-01
ACC_000013,ACC_001431,41.39,2026-05-09
ACC_000013,ACC_001431,72.77,2026-04-17
ACC_000013,ACC_001431,77.40,2026-03-04
ACC_000013,ACC_001431,79.94,2025-12-07
ACC_000013,ACC_001431,794.04,2026-04-17
ACC_000013,ACC_001484,146.55,2026-03-30
ACC_000013,ACC_001499,2093.38,2026-05-12
ACC_000013,ACC_001499,980.27,2026-05-16
ACC_000013,ACC_001572,168.36,2026-03-25
ACC_000013,ACC_001572,1772.35,2026-04-01
ACC_000013,ACC_001572,236.31,2026-04-02
ACC_000015,ACC_001246,164.43,2026-03-05
ACC_000015,ACC_001246,168.71,2026-03-01
ACC_000015,ACC_001246,991.81,2026-02-20
ACC_000015,ACC_001431,154.13,2026-02-12
ACC_000015,ACC_001431,167.07,2026-02-25
ACC_000015,ACC_001431,923.44,2026-02-24
ACC_000016,ACC_001485,1087.60,2026-05-26
ACC_000018,ACC_001431,129.20,2026-03-16
ACC_000018,ACC_001431,155.21,2026-03-09
ACC_000018,ACC_001431,821.61,2026-03-11
ACC_000019,ACC_001282,790.20,2025-11-20
ACC_000019,ACC_001283,128.31,2025-11-11
ACC_000019,ACC_001283,62.89,2025-11-12
ACC_000019,ACC_001302,2107.40,2026-04-05
ACC_000019,ACC_001302,302.25,2026-04-10
ACC_000019,ACC_001339,130.70,2026-04-03
ACC_000019,ACC_001339,21.80,2026-04-08
ACC_000019,ACC_001340,397.01,2025-07-26
ACC_000019,ACC_001343,166.98,2025-12-29
ACC_000019,ACC_001348,295.07,2025-12-02
ACC_000019,ACC_001357,107.97,2026-04-10
ACC_000019,ACC_001357,56.70,2026-04-25
ACC_000019,ACC_001357,709.67,2026-04-16
ACC_000019,ACC_001372,435.62,2025-09-01
ACC_000019,ACC_001375,70.45,2026-02-19
ACC_000019,ACC_001388,37.17,2026-06-10
ACC_000019,ACC_001388,380.76,2026-05-29
ACC_000019,ACC_001388,59.59,2026-05-22
ACC_000019,ACC_001430,15.19,2026-02-22
ACC_000019,ACC_001430,92.43,2026-02-14
ACC_000019,ACC_001431,139.25,2026-03-20
ACC_000019,ACC_001431,20.32,2026-03-21
ACC_000019,ACC_001431,21.37,2026-03-22
ACC_000019,ACC_001431,247.51,2026-03-26
ACC_000019,ACC_001431,26.63,2026-04-04
ACC_000019,ACC_001431,286.92,2025-10-18
ACC_000019,ACC_001431,32.44,2026-03-08
ACC_000019,ACC_001431,37.46,2026-03-18
ACC_000019,ACC_001431,448.19,2026-03-29
ACC_000019,ACC_001431,7.45,2026-05-31
ACC_000019,ACC_001431,77.73,2026-05-08
ACC_000019,ACC_001449,98.07,2026-04-07
ACC_000019,ACC_001466,323.70,2026-02-01
ACC_000019,ACC_001499,37.50,2026-06-11
ACC_000019,ACC_001499,376.53,2026-06-01
ACC_000019,ACC_001499,486.61,2026-02-12
ACC_000019,ACC_001500,37.31,2026-05-22
ACC_000019,ACC_001569,615.87,2025-09-11
ACC_000020,ACC_001271,389.54,2025-08-26
ACC_000020,ACC_001322,217.48,2025-08-22
ACC_000020,ACC_001322,27.23,2025-08-30
ACC_000020,ACC_001337,427.74,2025-11-01
ACC_000020,ACC_001338,42.56,2025-11-07
ACC_000020,ACC_001339,594.97,2026-02-25
ACC_000020,ACC_001344,293.58,2025-10-04
ACC_000020,ACC_001349,48.46,2025-09-12
ACC_000020,ACC_001349,698.59,2025-09-19
ACC_000020,ACC_001356,286.55,2026-03-30
ACC_000020,ACC_001361,71.82,2025-08-07
ACC_000020,ACC_001362,4.81,2025-07-30
ACC_000020,ACC_001362,9.99,2025-08-01
ACC_000020,ACC_001372,113.14,2025-08-09
ACC_000020,ACC_001372,8.89,2025-07-25
ACC_000020,ACC_001374,1101.91,2026-04-15
ACC_000020,ACC_001374,129.41,2026-05-05
ACC_000020,ACC_001374,14.85,2025-11-04
ACC_000020,ACC_001375,21.26,2025-10-31
ACC_000020,ACC_001375,210.84,2026-04-28
ACC_000020,ACC_001375,224.40,2025-11-16
ACC_000020,ACC_001431,105.42,2026-03-03
ACC_000020,ACC_001431,112.75,2025-09-19
ACC_000020,ACC_001431,1241.72,2026-03-07
ACC_000020,ACC_001431,13.11,2026-01-09
ACC_000020,ACC_001431,161.48,2025-09-07
ACC_000020,ACC_001431,241.49,2025-12-22
ACC_000020,ACC_001431,274.55,2025-12-10
ACC_000020,ACC_001431,30.57,2025-11-23
ACC_000020,ACC_001431,482.19,2026-01-13
ACC_000020,ACC_001431,53.46,2026-01-23
ACC_000020,ACC_001431,568.57,2025-11-16
ACC_000020,ACC_001431,8.30,2026-02-12
ACC_000020,ACC_001431,840.21,2025-09-08
ACC_000020,ACC_001441,11.94,2025-07-17
ACC_000020,ACC_001441,13.26,2025-08-13
ACC_000020,ACC_001441,135.91,2025-08-04
ACC_000020,ACC_001456,95.68,2025-11-12
ACC_000021,ACC_001431,390.94,2026-03-30
ACC_000021,ACC_001431,52.99,2026-03-20
ACC_000021,ACC_001431,54.18,2026-03-28
ACC_000022,ACC_001431,748.95,2026-05-23
ACC_000022,ACC_001431,90.01,2026-05-19
ACC_000022,ACC_001499,101.68,2026-01-03
ACC_000023,ACC_001347,99.39,2025-10-31
ACC_000023,ACC_001499,108.52,2026-04-07
ACC_000023,ACC_001500,7.92,2026-04-23
ACC_000031,ACC_001287,1126.12,2025-12-17
ACC_000031,ACC_001348,17.69,2026-03-11
ACC_000031,ACC_001348,62.31,2025-10-01
ACC_000031,ACC_001349,27.39,2026-03-10
ACC_000031,ACC_001349,330.11,2026-03-18
ACC_000031,ACC_001431,492.20,2026-05-18
ACC_000031,ACC_001431,75.13,2026-06-06
ACC_000031,ACC_001482,128.69,2026-04-03
ACC_000031,ACC_001482,25.17,2026-04-15
ACC_000031,ACC_001482,9.96,2026-03-25
ACC_000032,ACC_001291,123.32,2026-05-08
ACC_000032,ACC_001349,100.53,2025-11-26
ACC_000032,ACC_001349,11.74,2025-11-27
ACC_000032,ACC_001499,444.27,2025-11-20
ACC_000032,ACC_001500,81.37,2025-12-06
ACC_000033,ACC_001372,686.36,2025-10-12
ACC_000033,ACC_001372,81.96,2025-10-27
ACC_000033,ACC_001388,1.29,2026-01-01
ACC_000033,ACC_001388,2.52,2026-01-09
ACC_000033,ACC_001388,24.55,2026-01-12
ACC_000033,ACC_001431,10.29,2026-01-13
ACC_000033,ACC_001431,7.60,2026-01-13
ACC_000033,ACC_001431,89.13,2026-01-16
ACC_000033,ACC_001542,987.05,2026-04-21
ACC_000034,ACC_001431,31.21,2025-08-30
ACC_000034,ACC_001431,377.30,2025-08-31
ACC_000036,ACC_001339,101.89,2026-03-18
ACC_000036,ACC_001340,9.23,2026-04-01
ACC_000036,ACC_001431,135.34,2026-03-23
ACC_000036,ACC_001431,48.21,2026-04-01
ACC_000036,ACC_001431,832.99,2026-03-26
ACC_000037,ACC_001215,49.72,2025-11-17
ACC_000037,ACC_001215,551.35,2025-11-21
ACC_000037,ACC_001222,21.85,2025-10-19
ACC_000037,ACC_001222,244.43,2025-10-04
ACC_000037,ACC_001245,83.29,2026-02-04
ACC_000037,ACC_001431,11.90,2025-10-14
ACC_000037,ACC_001431,62.32,2025-10-03
ACC_000037,ACC_001431,7.70,2025-10-10
ACC_000037,ACC_001499,8.50,2026-06-09
ACC_000037,ACC_001500,52.79,2026-06-03
ACC_000038,ACC_001431,123.02,2026-04-01
ACC_000038,ACC_001499,60.93,2026-01-02
ACC_000038,ACC_001499,640.03,2025-12-25
ACC_000039,ACC_001438,260.85,2026-02-15
ACC_000039,ACC_001438,36.82,2026-02-14
ACC_000039,ACC_001438,48.19,2026-02-14
ACC_000040,ACC_001438,13.33,2025-11-26
ACC_000040,ACC_001438,17.70,2025-11-09
ACC_000040,ACC_001438,99.91,2025-10-29
ACC_000041,ACC_001499,562.04,2026-02-08
ACC_000042,ACC_001355,12.89,2026-03-14
ACC_000042,ACC_001355,145.70,2026-03-24
ACC_000042,ACC_001355,17.69,2026-03-22
ACC_000042,ACC_001477,119.19,2025-11-25
ACC_000042,ACC_001477,758.68,2025-12-02
ACC_000042,ACC_001477,91.30,2025-12-06
ACC_000043,ACC_001215,176.89,2026-02-15
ACC_000043,ACC_001230,265.67,2025-12-06
ACC_000043,ACC_001230,407.79,2025-09-12
ACC_000043,ACC_001237,427.62,2025-09-16
ACC_000043,ACC_001237,57.65,2025-09-25
ACC_000043,ACC_001244,462.57,2025-10-22
ACC_000043,ACC_001244,82.22,2025-10-30
ACC_000043,ACC_001244,84.79,2025-10-27
ACC_000043,ACC_001252,12.32,2025-10-26
ACC_000043,ACC_001252,225.04,2025-10-03
ACC_000043,ACC_001252,35.38,2026-02-16
ACC_000043,ACC_001252,38.05,2026-02-28
ACC_000043,ACC_001252,387.16,2026-02-15
ACC_000043,ACC_001252,39.72,2026-05-14
ACC_000043,ACC_001252,5.52,2026-02-20
ACC_000043,ACC_001252,7.21,2026-02-16
ACC_000043,ACC_001252,767.39,2026-05-10
ACC_000043,ACC_001252,840.59,2026-01-11
ACC_000043,ACC_001253,11.40,2025-08-05
ACC_000043,ACC_001253,128.34,2025-07-25
ACC_000043,ACC_001253,17.62,2025-07-29
ACC_000043,ACC_001257,1079.39,2026-05-04
ACC_000043,ACC_001268,164.78,2025-12-19
ACC_000043,ACC_001268,27.45,2026-01-04
ACC_000043,ACC_001268,84.94,2026-04-23
ACC_000043,ACC_001269,109.92,2026-04-09
ACC_000043,ACC_001269,552.24,2026-04-26
ACC_000043,ACC_001294,391.03,2025-09-04
ACC_000043,ACC_001294,54.73,2025-09-27
ACC_000043,ACC_001301,138.57,2026-02-23
ACC_000043,ACC_001301,434.70,2025-11-17
ACC_000043,ACC_001301,45.61,2025-10-28
ACC_000043,ACC_001319,254.69,2025-08-27
ACC_000043,ACC_001339,156.98,2025-11-27
ACC_000043,ACC_001339,17.53,2025-11-17
ACC_000043,ACC_001339,528.78,2025-11-11
ACC_000043,ACC_001340,79.09,2025-09-15
ACC_000043,ACC_001340,8.94,2025-11-14
ACC_000043,ACC_001340,89.46,2025-11-08
ACC_000043,ACC_001343,18.74,2026-02-20
ACC_000043,ACC_001344,370.15,2026-02-27
ACC_000043,ACC_001346,123.25,2025-11-17
ACC_000043,ACC_001346,1805.91,2025-11-19
ACC_000043,ACC_001347,86.32,2025-11-28
ACC_000043,ACC_001348,30.30,2026-04-29
ACC_000043,ACC_001348,464.90,2026-05-17
ACC_000043,ACC_001348,639.56,2026-04-14
ACC_000043,ACC_001349,559.45,2025-10-01
ACC_000043,ACC_001349,93.50,2026-04-28
ACC_000043,ACC_001354,23.92,2025-07-16
ACC_000043,ACC_001354,261.28,2025-08-05
ACC_000043,ACC_001365,65.66,2026-03-17
ACC_000043,ACC_001365,796.86,2026-03-17
ACC_000043,ACC_001365,97.80,2026-04-01
ACC_000043,ACC_001372,116.17,2026-04-10
ACC_000043,ACC_001372,12.41,2025-12-24
ACC_000043,ACC_001372,126.47,2026-04-03
ACC_000043,ACC_001372,401.62,2026-04-13
ACC_000043,ACC_001372,45.55,2026-02-16
ACC_000043,ACC_001372,575.94,2025-11-17
ACC_000043,ACC_001372,6.59,2026-02-20
ACC_000043,ACC_001372,68.77,2025-11-03
ACC_000043,ACC_001372,683.28,2026-04-22
ACC_000043,ACC_001372,72.40,2025-12-02
ACC_000043,ACC_001372,74.78,2026-04-10
ACC_000043,ACC_001372,8.19,2026-02-11
ACC_000043,ACC_001375,133.56,2025-11-06
ACC_000043,ACC_001375,673.42,2025-11-07
ACC_000043,ACC_001375,91.45,2025-10-29
ACC_000043,ACC_001380,554.63,2025-10-19
ACC_000043,ACC_001388,106.73,2026-01-11
ACC_000043,ACC_001388,1642.70,2025-09-13
ACC_000043,ACC_001388,17.01,2025-08-19
ACC_000043,ACC_001388,203.89,2025-09-05
ACC_000043,ACC_001388,784.95,2026-02-16
ACC_000043,ACC_001431,10.16,2025-12-15
ACC_000043,ACC_001431,100.06,2026-01-03
ACC_000043,ACC_001431,103.02,2026-02-24
ACC_000043,ACC_001431,1032.31,2026-05-27
ACC_000043,ACC_001431,1067.36,2026-01-27
ACC_000043,ACC_001431,11.98,2025-11-27
ACC_000043,ACC_001431,114.94,2025-12-07
ACC_000043,ACC_001431,117.87,2026-01-23
ACC_000043,ACC_001431,123.97,2026-05-23
ACC_000043,ACC_001431,13.09,2025-11-18
ACC_000043,ACC_001431,14.47,2026-03-22
ACC_000043,ACC_001431,15.03,2026-05-04
ACC_000043,ACC_001431,15.96,2025-12-31
ACC_000043,ACC_001431,159.46,2026-01-19
ACC_000043,ACC_001431,16.01,2025-12-13
ACC_000043,ACC_001431,173.78,2026-02-02
ACC_000043,ACC_001431,18.66,2026-06-03
ACC_000043,ACC_001431,183.98,2026-03-12
ACC_000043,ACC_001431,190.75,2025-10-21
ACC_000043,ACC_001431,211.35,2026-01-26
ACC_000043,ACC_001431,213.88,2025-10-21
ACC_000043,ACC_001431,22.34,2026-01-16
ACC_000043,ACC_001431,224.06,2026-03-23
ACC_000043,ACC_001431,230.70,2025-11-24
ACC_000043,ACC_001431,235.90,2025-08-07
ACC_000043,ACC_001431,24.04,2026-01-04
ACC_000043,ACC_001431,26.90,2025-11-02
ACC_000043,ACC_001431,264.99,2026-03-26
ACC_000043,ACC_001431,267.40,2025-08-26
ACC_000043,ACC_001431,27.34,2026-01-19
ACC_000043,ACC_001431,28.04,2026-03-25
ACC_000043,ACC_001431,28.92,2026-03-23
ACC_000043,ACC_001431,285.72,2025-12-25
ACC_000043,ACC_001431,288.50,2026-02-19
ACC_000043,ACC_001431,294.39,2026-03-06
ACC_000043,ACC_001431,297.49,2025-12-28
ACC_000043,ACC_001431,3.23,2025-11-13
ACC_000043,ACC_001431,311.08,2026-01-08
ACC_000043,ACC_001431,32.59,2025-10-26
ACC_000043,ACC_001431,326.77,2025-08-12
ACC_000043,ACC_001431,33.27,2026-04-11
ACC_000043,ACC_001431,34.60,2025-10-31
ACC_000043,ACC_001431,34.87,2026-01-21
ACC_000043,ACC_001431,341.30,2025-11-11
ACC_000043,ACC_001431,348.81,2025-11-22
ACC_000043,ACC_001431,362.25,2026-02-09
ACC_000043,ACC_001431,37.92,2025-12-05
ACC_000043,ACC_001431,395.61,2025-11-01
ACC_000043,ACC_001431,42.18,2026-03-26
ACC_000043,ACC_001431,42.80,2025-08-08
ACC_000043,ACC_001431,43.25,2025-11-02
ACC_000043,ACC_001431,43.41,2025-08-03
ACC_000043,ACC_001431,44.11,2025-11-23
ACC_000043,ACC_001431,45.06,2025-11-07
ACC_000043,ACC_001431,46.11,2025-08-17
ACC_000043,ACC_001431,460.29,2026-03-25
ACC_000043,ACC_001431,461.46,2026-05-12
ACC_000043,ACC_001431,484.85,2025-09-04
ACC_000043,ACC_001431,51.03,2025-12-14
ACC_000043,ACC_001431,51.40,2025-11-21
ACC_000043,ACC_001431,511.90,2025-11-10
ACC_000043,ACC_001431,53.62,2026-01-27
ACC_000043,ACC_001431,54.04,2025-12-07
ACC_000043,ACC_001431,54.55,2025-12-03
ACC_000043,ACC_001431,541.02,2026-03-29
ACC_000043,ACC_001431,55.30,2026-05-20
ACC_000043,ACC_001431,612.10,2026-01-10
ACC_000043,ACC_001431,615.32,2025-12-18
ACC_000043,ACC_001431,7.91,2025-12-20
ACC_000043,ACC_001431,70.75,2025-09-24
ACC_000043,ACC_001431,71.56,2025-11-28
ACC_000043,ACC_001431,74.26,2026-05-13
ACC_000043,ACC_001431,8.16,2025-11-18
ACC_000043,ACC_001431,8.67,2026-04-20
ACC_000043,ACC_001431,81.31,2026-04-27
ACC_000043,ACC_001431,91.75,2026-04-10
ACC_000043,ACC_001431,96.61,2025-12-05
ACC_000043,ACC_001449,103.67,2025-10-24
ACC_000043,ACC_001449,124.96,2025-08-12
ACC_000043,ACC_001449,13.41,2025-09-20
ACC_000043,ACC_001449,193.38,2025-09-20
ACC_000043,ACC_001449,23.21,2025-09-07
ACC_000043,ACC_001449,24.27,2025-09-08
ACC_000043,ACC_001449,58.50,2026-02-25
ACC_000043,ACC_001449,603.19,2026-03-09
ACC_000043,ACC_001449,67.74,2026-02-19
ACC_000043,ACC_001449,7.66,2025-10-27
ACC_000043,ACC_001468,17.85,2026-05-03
ACC_000043,ACC_001468,24.30,2026-05-10
ACC_000043,ACC_001468,255.64,2026-04-25
ACC_000043,ACC_001483,116.70,2026-04-21
ACC_000043,ACC_001483,20.21,2026-04-04
ACC_000043,ACC_001483,6.80,2026-04-14
ACC_000043,ACC_001484,112.92,2025-09-17
ACC_000043,ACC_001484,150.26,2026-05-07
ACC_000043,ACC_001484,357.10,2025-08-20
ACC_000043,ACC_001484,44.13,2025-09-18
ACC_000043,ACC_001484,56.35,2025-08-31
ACC_000043,ACC_001484,6.27,2025-09-23
ACC_000043,ACC_001485,105.06,2025-09-11
ACC_000043,ACC_001485,847.03,2026-05-29
ACC_000043,ACC_001487,133.27,2026-02-02
ACC_000043,ACC_001487,1337.24,2026-02-17
ACC_000043,ACC_001499,17.94,2026-05-16
ACC_000043,ACC_001499,28.13,2026-01-23
ACC_000043,ACC_001499,413.77,2026-02-11
ACC_000043,ACC_001499,49.29,2025-09-12
ACC_000043,ACC_001499,55.42,2025-08-08
ACC_000043,ACC_001499,83.07,2025-08-15
ACC_000043,ACC_001500,526.97,2025-08-18
ACC_000043,ACC_001500,821.00,2025-09-12
ACC_000043,ACC_001500,86.02,2025-09-08
ACC_000043,ACC_001500,94.33,2026-05-27
ACC_000043,ACC_001536,42.02,2025-11-22
ACC_000043,ACC_001536,806.67,2025-12-11
ACC_000043,ACC_001554,1208.57,2026-04-09
ACC_000043,ACC_001554,224.32,2026-04-21
ACC_000043,ACC_001555,186.36,2026-04-22
ACC_000043,ACC_001576,7.71,2026-03-01
ACC_000043,ACC_001577,98.19,2026-02-11
ACC_000044,ACC_001227,722.17,2026-01-17
ACC_000044,ACC_001243,675.43,2025-08-02
ACC_000044,ACC_001243,70.80,2025-08-22
ACC_000044,ACC_001244,274.92,2025-10-01
ACC_000044,ACC_001252,110.59,2025-10-05
ACC_000044,ACC_001252,155.71,2025-11-08
ACC_000044,ACC_001252,19.30,2025-11-18
ACC_000044,ACC_001252,21.97,2025-10-19
ACC_000044,ACC_001252,691.43,2025-08-12
ACC_000044,ACC_001252,829.60,2026-04-21
ACC_000044,ACC_001252,88.91,2025-07-27
ACC_000044,ACC_001254,309.59,2026-05-04
ACC_000044,ACC_001254,44.74,2026-05-09
ACC_000044,ACC_001255,50.71,2026-05-18
ACC_000044,ACC_001255,554.10,2026-04-27
ACC_000044,ACC_001268,1011.36,2025-07-27
ACC_000044,ACC_001269,480.36,2025-08-16
ACC_000044,ACC_001269,88.30,2025-08-05
ACC_000044,ACC_001285,480.84,2025-08-11
ACC_000044,ACC_001299,529.82,2026-03-14
ACC_000044,ACC_001299,75.84,2026-03-05
ACC_000044,ACC_001301,187.62,2025-08-19
ACC_000044,ACC_001301,218.14,2026-03-16
ACC_000044,ACC_001301,32.21,2026-04-01
ACC_000044,ACC_001301,35.16,2026-03-16
ACC_000044,ACC_001305,96.38,2025-10-09
ACC_000044,ACC_001309,1601.58,2025-08-27
ACC_000044,ACC_001309,73.73,2025-10-07
ACC_000044,ACC_001328,160.44,2025-08-26
ACC_000044,ACC_001339,983.33,2026-05-17
ACC_000044,ACC_001340,222.71,2026-02-18
ACC_000044,ACC_001340,80.05,2026-05-05
ACC_000044,ACC_001348,4.49,2025-10-14
ACC_000044,ACC_001348,43.07,2025-09-27
ACC_000044,ACC_001348,48.57,2025-09-14
ACC_000044,ACC_001349,254.06,2025-09-12
ACC_000044,ACC_001349,379.24,2026-03-19
ACC_000044,ACC_001349,85.35,2025-10-09
ACC_000044,ACC_001355,14.68,2026-04-14
ACC_000044,ACC_001355,177.35,2026-05-05
ACC_000044,ACC_001355,22.10,2026-05-03
ACC_000044,ACC_001359,18.75,2026-02-21
ACC_000044,ACC_001359,191.67,2026-02-09
ACC_000044,ACC_001360,15.12,2026-02-08
ACC_000044,ACC_001370,17.81,2025-10-11
ACC_000044,ACC_001370,217.90,2025-10-20
ACC_000044,ACC_001371,147.01,2026-01-07
ACC_000044,ACC_001371,179.31,2026-05-02
ACC_000044,ACC_001371,32.10,2025-10-23
ACC_000044,ACC_001371,33.65,2026-04-18
ACC_000044,ACC_001372,140.57,2026-06-17
ACC_000044,ACC_001372,17.20,2026-06-09
ACC_000044,ACC_001372,23.98,2026-03-03
ACC_000044,ACC_001372,24.54,2026-05-27
ACC_000044,ACC_001372,260.45,2026-03-17
ACC_000044,ACC_001372,302.37,2025-10-19
ACC_000044,ACC_001372,40.73,2025-10-13
ACC_000044,ACC_001372,51.21,2026-02-26
ACC_000044,ACC_001372,546.84,2025-11-16
ACC_000044,ACC_001372,550.64,2026-05-05
ACC_000044,ACC_001372,64.25,2026-02-28
ACC_000044,ACC_001372,693.64,2026-02-12
ACC_000044,ACC_001373,55.37,2025-09-09
ACC_000044,ACC_001374,257.75,2026-03-17
ACC_000044,ACC_001376,127.43,2026-04-29
ACC_000044,ACC_001376,52.30,2026-04-23
ACC_000044,ACC_001376,704.68,2026-04-28
ACC_000044,ACC_001383,101.24,2025-08-11
ACC_000044,ACC_001383,1185.48,2025-08-26
ACC_000044,ACC_001388,1190.22,2025-11-09
ACC_000044,ACC_001388,13.89,2025-12-30
ACC_000044,ACC_001388,14.72,2025-07-26
ACC_000044,ACC_001388,140.12,2025-11-10
ACC_000044,ACC_001388,174.29,2025-11-18
ACC_000044,ACC_001388,19.55,2025-08-18
ACC_000044,ACC_001388,243.44,2025-08-04
ACC_000044,ACC_001388,5.23,2025-12-19
ACC_000044,ACC_001388,59.50,2026-04-04
ACC_000044,ACC_001388,6.49,2026-04-24
ACC_000044,ACC_001388,713.28,2025-11-11
ACC_000044,ACC_001388,82.34,2025-12-18
ACC_000044,ACC_001391,816.48,2026-02-27
ACC_000044,ACC_001391,91.26,2026-03-10
ACC_000044,ACC_001396,118.80,2025-07-31
ACC_000044,ACC_001397,173.27,2025-07-18
ACC_000044,ACC_001397,953.11,2025-08-06
ACC_000044,ACC_001431,101.37,2025-09-24
ACC_000044,ACC_001431,103.49,2026-02-10
ACC_000044,ACC_001431,105.33,2025-12-10
ACC_000044,ACC_001431,1053.83,2025-11-17
ACC_000044,ACC_001431,107.77,2026-02-09
ACC_000044,ACC_001431,1094.32,2026-04-06
ACC_000044,ACC_001431,11.71,2026-05-10
ACC_000044,ACC_001431,113.26,2026-05-28
ACC_000044,ACC_001431,119.19,2025-11-14
ACC_000044,ACC_001431,130.48,2026-04-18
ACC_000044,ACC_001431,138.11,2026-04-21
ACC_000044,ACC_001431,145.28,2026-05-11
ACC_000044,ACC_001431,147.77,2026-05-10
ACC_000044,ACC_001431,148.46,2026-04-04
ACC_000044,ACC_001431,151.52,2026-04-03
ACC_000044,ACC_001431,151.78,2026-01-01
ACC_000044,ACC_001431,16.62,2025-09-20
ACC_000044,ACC_001431,169.89,2026-04-17
ACC_000044,ACC_001431,2.80,2025-10-06
ACC_000044,ACC_001431,20.88,2026-05-07
ACC_000044,ACC_001431,280.83,2025-12-27
ACC_000044,ACC_001431,306.40,2026-05-28
ACC_000044,ACC_001431,31.87,2026-04-14
ACC_000044,ACC_001431,32.31,2025-10-31
ACC_000044,ACC_001431,33.27,2026-05-23
ACC_000044,ACC_001431,332.68,2026-04-01
ACC_000044,ACC_001431,429.58,2026-02-27
ACC_000044,ACC_001431,474.29,2025-10-06
ACC_000044,ACC_001431,483.73,2025-08-21
ACC_000044,ACC_001431,495.84,2026-01-12
ACC_000044,ACC_001431,509.82,2025-10-26
ACC_000044,ACC_001431,53.39,2025-10-08
ACC_000044,ACC_001431,540.92,2026-03-01
ACC_000044,ACC_001431,56.02,2026-01-24
ACC_000044,ACC_001431,6.59,2025-11-16
ACC_000044,ACC_001431,6.67,2026-02-13
ACC_000044,ACC_001431,6.73,2025-10-04
ACC_000044,ACC_001431,613.02,2025-11-15
ACC_000044,ACC_001431,63.39,2026-04-03
ACC_000044,ACC_001431,650.50,2025-08-18
ACC_000044,ACC_001431,650.56,2025-11-24
ACC_000044,ACC_001431,70.18,2026-01-15
ACC_000044,ACC_001431,72.04,2025-08-27
ACC_000044,ACC_001431,72.89,2025-12-27
ACC_000044,ACC_001431,73.04,2026-02-12
ACC_000044,ACC_001431,75.16,2025-09-13
ACC_000044,ACC_001431,76.37,2025-10-31
ACC_000044,ACC_001431,8.14,2025-10-10
ACC_000044,ACC_001431,847.06,2026-04-10
ACC_000044,ACC_001431,9.57,2025-09-27
ACC_000044,ACC_001431,90.99,2025-08-30
ACC_000044,ACC_001431,91.91,2025-11-14
ACC_000044,ACC_001431,91.95,2025-08-18
ACC_000044,ACC_001431,923.48,2026-03-27
ACC_000044,ACC_001431,951.60,2026-04-30
ACC_000044,ACC_001438,13.24,2025-09-14
ACC_000044,ACC_001438,13.88,2025-08-19
ACC_000044,ACC_001438,179.02,2025-08-30
ACC_000044,ACC_001438,20.22,2026-02-12
ACC_000044,ACC_001438,386.17,2026-02-02
ACC_000044,ACC_001438,76.97,2026-01-31
ACC_000044,ACC_001450,14.91,2026-02-20
ACC_000044,ACC_001450,83.58,2026-03-07
ACC_000044,ACC_001457,175.02,2025-11-21
ACC_000044,ACC_001457,42.61,2025-08-01
ACC_000044,ACC_001457,6.79,2025-08-17
ACC_000044,ACC_001457,7.85,2025-08-02
ACC_000044,ACC_001476,12.36,2026-01-05
ACC_000044,ACC_001476,6.22,2026-01-10
ACC_000044,ACC_001477,121.93,2025-12-25
ACC_000044,ACC_001485,10.32,2025-12-09
ACC_000044,ACC_001485,141.51,2025-11-25
ACC_000044,ACC_001485,16.49,2025-12-11
ACC_000044,ACC_001485,325.14,2026-06-09
ACC_000044,ACC_001485,45.14,2026-05-28
ACC_000044,ACC_001485,76.86,2025-09-02
ACC_000044,ACC_001499,10.68,2026-02-02
ACC_000044,ACC_001499,19.41,2026-04-05
ACC_000044,ACC_001499,42.76,2026-02-18
ACC_000044,ACC_001499,591.97,2026-04-10
ACC_000044,ACC_001499,81.73,2025-09-09
ACC_000044,ACC_001500,16.12,2026-03-28
ACC_000044,ACC_001500,16.93,2025-12-05
ACC_000044,ACC_001500,184.59,2026-01-31
ACC_000044,ACC_001500,226.20,2026-04-18
ACC_000044,ACC_001500,233.61,2025-12-01
ACC_000044,ACC_001500,4.58,2026-03-12
ACC_000044,ACC_001500,41.02,2025-11-28
ACC_000044,ACC_001500,552.99,2025-09-05
ACC_000044,ACC_001501,28.19,2026-02-09
ACC_000044,ACC_001501,319.64,2026-01-26
ACC_000044,ACC_001501,56.06,2026-01-17
ACC_000044,ACC_001502,33.88,2025-08-08
ACC_000044,ACC_001502,555.05,2025-08-07
ACC_000044,ACC_001502,94.48,2025-07-31
ACC_000044,ACC_001505,762.76,2026-04-21
ACC_000044,ACC_001524,40.24,2026-01-28
ACC_000044,ACC_001524,440.08,2026-01-28
ACC_000044,ACC_001538,12.14,2025-08-01
ACC_000044,ACC_001538,90.96,2025-07-23
ACC_000044,ACC_001546,1422.11,2025-11-15
ACC_000044,ACC_001546,249.14,2025-11-13
ACC_000045,ACC_001218,124.74,2025-12-21
ACC_000045,ACC_001218,644.25,2025-12-09
ACC_000045,ACC_001232,105.25,2025-09-21
ACC_000045,ACC_001232,19.59,2025-10-06
ACC_000045,ACC_001252,14.36,2026-03-08
ACC_000045,ACC_001252,171.42,2026-03-03
ACC_000045,ACC_001252,177.97,2026-06-01
ACC_000045,ACC_001252,409.45,2026-04-06
ACC_000045,ACC_001252,53.85,2026-03-18
ACC_000045,ACC_001252,8.61,2026-03-12
ACC_000045,ACC_001252,9.49,2026-03-18
ACC_000045,ACC_001254,133.98,2026-01-29
ACC_000045,ACC_001254,22.65,2026-01-23
ACC_000045,ACC_001263,435.62,2026-04-22
ACC_000045,ACC_001263,712.44,2026-05-14
ACC_000045,ACC_001265,14.91,2026-02-02
ACC_000045,ACC_001265,255.17,2026-02-18
ACC_000045,ACC_001268,335.43,2025-12-18
ACC_000045,ACC_001268,34.16,2025-12-14
ACC_000045,ACC_001268,61.55,2025-12-10
ACC_000045,ACC_001277,5.28,2026-01-09
ACC_000045,ACC_001278,59.92,2025-12-18
ACC_000045,ACC_001278,7.38,2025-12-31
ACC_000045,ACC_001285,425.30,2026-03-31
ACC_000045,ACC_001285,55.48,2026-04-10
ACC_000045,ACC_001291,4.42,2026-01-04
ACC_000045,ACC_001291,6.98,2026-01-06
ACC_000045,ACC_001291,83.33,2026-01-10
ACC_000045,ACC_001301,14.54,2025-11-24
ACC_000045,ACC_001301,176.45,2025-11-06
ACC_000045,ACC_001301,381.05,2026-01-18
ACC_000045,ACC_001301,75.16,2026-01-15
ACC_000045,ACC_001309,1030.47,2025-09-07
ACC_000045,ACC_001309,140.65,2025-09-30
ACC_000045,ACC_001309,142.68,2025-09-20
ACC_000045,ACC_001325,274.69,2025-08-13
ACC_000045,ACC_001340,1140.32,2025-11-17
ACC_000045,ACC_001348,1112.33,2025-09-18
ACC_000045,ACC_001348,126.03,2026-02-26
ACC_000045,ACC_001348,13.31,2026-03-21
ACC_000045,ACC_001348,15.66,2026-04-03
ACC_000045,ACC_001348,51.58,2025-09-26
ACC_000045,ACC_001348,580.13,2025-12-25
ACC_000045,ACC_001348,62.61,2025-09-04
ACC_000045,ACC_001348,659.11,2026-02-15
ACC_000045,ACC_001349,200.55,2026-03-25
ACC_000045,ACC_001349,342.52,2025-10-07
ACC_000045,ACC_001349,594.71,2025-09-05
ACC_000045,ACC_001349,87.19,2025-08-28
ACC_000045,ACC_001354,33.35,2026-05-09
ACC_000045,ACC_001354,36.34,2026-05-14
ACC_000045,ACC_001354,404.07,2026-05-10
ACC_000045,ACC_001355,1031.92,2025-08-15
ACC_000045,ACC_001355,55.60,2026-05-11
ACC_000045,ACC_001355,67.16,2025-09-02
ACC_000045,ACC_001356,523.14,2026-05-17
ACC_000045,ACC_001366,450.62,2026-05-02
ACC_000045,ACC_001366,55.41,2026-04-19
ACC_000045,ACC_001367,76.38,2026-05-11
ACC_000045,ACC_001372,1091.75,2026-02-15
ACC_000045,ACC_001372,131.22,2026-02-11
ACC_000045,ACC_001372,136.65,2026-05-02
ACC_000045,ACC_001372,140.42,2025-11-01
ACC_000045,ACC_001372,26.17,2025-11-09
ACC_000045,ACC_001372,26.28,2025-11-15
ACC_000045,ACC_001372,279.37,2026-06-10
ACC_000045,ACC_001372,667.75,2026-06-03
ACC_000045,ACC_001372,71.62,2026-02-22
ACC_000045,ACC_001374,188.82,2025-11-17
ACC_000045,ACC_001374,31.00,2025-11-03
ACC_000045,ACC_001375,139.00,2026-02-04
ACC_000045,ACC_001375,431.94,2025-10-30
ACC_000045,ACC_001375,44.25,2025-10-12
ACC_000045,ACC_001375,598.27,2025-10-24
ACC_000045,ACC_001375,68.36,2025-11-12
ACC_000045,ACC_001375,75.10,2025-11-04
ACC_000045,ACC_001375,977.06,2026-01-26
ACC_000045,ACC_001376,249.86,2026-01-26
ACC_000045,ACC_001387,870.17,2026-01-28
ACC_000045,ACC_001388,119.05,2026-02-18
ACC_000045,ACC_001388,355.69,2026-02-27
ACC_000045,ACC_001388,51.12,2026-02-20
ACC_000045,ACC_001395,114.67,2026-01-05
ACC_000045,ACC_001395,147.24,2026-01-11
ACC_000045,ACC_001395,773.50,2025-12-19
ACC_000045,ACC_001414,127.01,2025-11-09
ACC_000045,ACC_001414,60.19,2025-11-23
ACC_000045,ACC_001414,692.74,2025-11-23
ACC_000045,ACC_001431,101.29,2026-04-09
ACC_000045,ACC_001431,105.26,2026-05-28
ACC_000045,ACC_001431,105.95,2026-03-30
ACC_000045,ACC_001431,1063.47,2026-06-11
ACC_000045,ACC_001431,12.72,2026-01-06
ACC_000045,ACC_001431,135.50,2026-01-19
ACC_000045,ACC_001431,14.45,2026-03-25
ACC_000045,ACC_001431,140.56,2025-12-11
ACC_000045,ACC_001431,141.89,2025-11-18
ACC_000045,ACC_001431,15.11,2026-04-17
ACC_000045,ACC_001431,167.64,2025-12-01
ACC_000045,ACC_001431,18.25,2026-05-08
ACC_000045,ACC_001431,18.58,2026-03-30
ACC_000045,ACC_001431,18.84,2025-10-28
ACC_000045,ACC_001431,188.34,2025-09-18
ACC_000045,ACC_001431,19.18,2025-12-04
ACC_000045,ACC_001431,196.20,2025-12-28
ACC_000045,ACC_001431,21.21,2025-09-25
ACC_000045,ACC_001431,224.44,2026-04-09
ACC_000045,ACC_001431,229.87,2026-01-07
ACC_000045,ACC_001431,23.36,2025-12-23
ACC_000045,ACC_001431,24.19,2025-11-17
ACC_000045,ACC_001431,265.89,2026-02-25
ACC_000045,ACC_001431,3.95,2025-09-06
ACC_000045,ACC_001431,318.16,2025-08-31
ACC_000045,ACC_001431,332.31,2025-11-02
ACC_000045,ACC_001431,35.53,2025-09-18
ACC_000045,ACC_001431,42.31,2025-08-04
ACC_000045,ACC_001431,509.28,2025-11-24
ACC_000045,ACC_001431,51.52,2025-12-09
ACC_000045,ACC_001431,520.27,2025-07-23
ACC_000045,ACC_001431,53.83,2025-08-15
ACC_000045,ACC_001431,530.56,2026-05-11
ACC_000045,ACC_001431,566.68,2025-09-09
ACC_000045,ACC_001431,574.93,2026-04-19
ACC_000045,ACC_001431,651.82,2025-09-18
ACC_000045,ACC_001431,696.33,2026-01-08
ACC_000045,ACC_001431,7.24,2025-10-21
ACC_000045,ACC_001431,7.60,2026-04-28
ACC_000045,ACC_001431,7.73,2026-01-14
ACC_000045,ACC_001431,74.73,2026-04-29
ACC_000045,ACC_001431,747.21,2025-07-27
ACC_000045,ACC_001431,8.37,2025-12-21
ACC_000045,ACC_001431,8.45,2026-05-10
ACC_000045,ACC_001431,8.85,2026-04-04
ACC_000045,ACC_001431,82.66,2026-05-03
ACC_000045,ACC_001431,824.47,2025-12-23
ACC_000045,ACC_001431,83.59,2025-08-14
ACC_000045,ACC_001431,845.58,2025-09-20
ACC_000045,ACC_001431,884.33,2025-10-09
ACC_000045,ACC_001431,89.13,2025-12-21
ACC_000045,ACC_001431,9.05,2025-08-21
ACC_000045,ACC_001431,90.52,2026-05-19
ACC_000045,ACC_001431,943.14,2026-04-07
ACC_000045,ACC_001431,96.08,2025-10-28
ACC_000045,ACC_001431,96.37,2026-01-16
ACC_000045,ACC_001431,98.46,2025-10-29
ACC_000045,ACC_001438,32.91,2025-08-20
ACC_000045,ACC_001450,19.24,2025-12-30
ACC_000045,ACC_001450,238.25,2025-12-16
ACC_000045,ACC_001450,42.63,2025-12-14
ACC_000045,ACC_001451,361.16,2025-08-12
ACC_000045,ACC_001453,10.76,2026-04-15
ACC_000045,ACC_001453,64.88,2026-04-04
ACC_000045,ACC_001453,9.99,2026-04-23
ACC_000045,ACC_001459,103.66,2026-01-02
ACC_000045,ACC_001459,202.38,2026-01-22
ACC_000045,ACC_001459,2041.80,2026-01-09
ACC_000045,ACC_001466,27.93,2025-11-14
ACC_000045,ACC_001466,32.22,2025-10-28
ACC_000045,ACC_001467,163.51,2025-10-23
ACC_000045,ACC_001482,443.44,2025-12-27
ACC_000045,ACC_001484,1246.45,2025-09-22
ACC_000045,ACC_001485,186.98,2026-02-14
ACC_000045,ACC_001485,64.08,2026-05-06
ACC_000045,ACC_001485,79.63,2025-09-20
ACC_000045,ACC_001485,9.07,2026-05-09
ACC_000045,ACC_001485,910.40,2025-09-13
ACC_000045,ACC_001499,173.89,2025-11-27
ACC_000045,ACC_001499,249.98,2025-12-30
ACC_000045,ACC_001499,279.74,2025-07-28
ACC_000045,ACC_001499,395.79,2026-02-19
ACC_000045,ACC_001499,40.00,2025-12-23
ACC_000045,ACC_001499,416.70,2025-08-06
ACC_000045,ACC_001499,46.64,2026-02-23
ACC_000045,ACC_001499,57.23,2025-08-04
ACC_000045,ACC_001500,116.41,2026-01-26
ACC_000045,ACC_001500,15.39,2026-01-05
ACC_000045,ACC_001500,1565.21,2025-11-14
ACC_000045,ACC_001500,32.08,2025-07-24
ACC_000045,ACC_001500,384.52,2026-01-22
ACC_000045,ACC_001500,448.15,2026-02-07
ACC_000045,ACC_001500,472.72,2026-04-12
ACC_000045,ACC_001500,523.57,2026-04-27
ACC_000045,ACC_001500,64.98,2026-05-07
ACC_000045,ACC_001500,688.72,2025-08-15
ACC_000045,ACC_001512,823.94,2026-03-19
ACC_000045,ACC_001528,69.49,2026-06-02
ACC_000045,ACC_001554,73.44,2025-09-01
ACC_000045,ACC_001555,569.40,2025-08-12
ACC_000045,ACC_001560,2028.97,2025-09-24
ACC_000045,ACC_001560,209.62,2025-09-26
ACC_000047,ACC_001268,4412.46,2025-08-26
ACC_000047,ACC_001372,444.71,2025-07-12
ACC_000047,ACC_001372,4520.36,2025-07-21
ACC_000047,ACC_001372,994.99,2025-07-25
ACC_000047,ACC_001431,1026.64,2026-04-09
ACC_000047,ACC_001431,125.71,2026-04-07
ACC_000047,ACC_001431,2470.95,2025-08-04
ACC_000047,ACC_001431,533.48,2026-03-17
ACC_000047,ACC_001431,71.22,2026-03-14
ACC_000051,ACC_001431,284.19,2025-09-25
ACC_000051,ACC_001542,192.85,2025-12-08
ACC_000051,ACC_001543,12.49,2025-12-04
ACC_000052,ACC_001372,312.17,2026-03-06
ACC_000052,ACC_001372,38.47,2026-03-14
ACC_000052,ACC_001390,185.60,2026-03-13
ACC_000053,ACC_001248,15.69,2026-04-18
ACC_000053,ACC_001249,131.84,2026-04-16
ACC_000053,ACC_001249,15.24,2026-04-14
ACC_000053,ACC_001294,75.67,2026-05-23
ACC_000054,ACC_001315,252.48,2025-07-23
ACC_000054,ACC_001431,220.40,2025-12-10
ACC_000054,ACC_001431,23.07,2025-11-27
ACC_000054,ACC_001431,304.83,2025-08-11
ACC_000055,ACC_001372,782.44,2025-08-14
ACC_000055,ACC_001431,115.78,2026-04-17
ACC_000055,ACC_001438,489.15,2025-10-03
ACC_000055,ACC_001438,51.46,2025-10-12
ACC_000055,ACC_001438,75.83,2025-10-09
ACC_000056,ACC_001252,2106.22,2026-01-28
ACC_000056,ACC_001500,382.59,2025-08-03
ACC_000056,ACC_001572,7.44,2026-01-03
ACC_000056,ACC_001572,75.00,2025-12-29
ACC_000057,ACC_001348,89.45,2025-10-08
ACC_000057,ACC_001349,1656.45,2025-10-17
ACC_000057,ACC_001354,105.13,2025-11-09
ACC_000057,ACC_001354,55.07,2025-10-30
ACC_000057,ACC_001354,609.02,2025-11-06
ACC_000058,ACC_001431,14.58,2026-04-06
ACC_000058,ACC_001431,202.10,2026-04-19
ACC_000058,ACC_001431,30.26,2026-04-16
ACC_000059,ACC_001347,407.56,2025-12-23
ACC_000059,ACC_001416,657.64,2026-01-31
ACC_000060,ACC_001227,1480.05,2025-11-05
ACC_000060,ACC_001232,1589.18,2026-01-19
ACC_000060,ACC_001233,200.39,2026-03-24
ACC_000060,ACC_001234,26.63,2026-03-15
ACC_000060,ACC_001244,1446.52,2025-07-27
ACC_000060,ACC_001244,187.25,2025-07-28
ACC_000060,ACC_001244,254.36,2025-08-13
ACC_000060,ACC_001252,1020.65,2026-04-28
ACC_000060,ACC_001252,1025.25,2026-04-11
ACC_000060,ACC_001252,1032.35,2026-03-05
ACC_000060,ACC_001252,104.66,2026-02-09
ACC_000060,ACC_001252,104.73,2026-05-01
ACC_000060,ACC_001252,105.03,2025-11-15
ACC_000060,ACC_001252,106.38,2026-05-02
ACC_000060,ACC_001252,106.68,2025-11-29
ACC_000060,ACC_001252,1060.31,2026-02-09
ACC_000060,ACC_001252,1060.42,2026-02-06
ACC_000060,ACC_001252,1061.86,2025-11-23
ACC_000060,ACC_001252,1063.73,2025-10-14
ACC_000060,ACC_001252,107.41,2025-10-16
ACC_000060,ACC_001252,1070.97,2026-05-12
ACC_000060,ACC_001252,1079.80,2025-10-13
ACC_000060,ACC_001252,109.22,2026-05-04
ACC_000060,ACC_001252,109.91,2026-03-12
ACC_000060,ACC_001252,11.76,2025-10-12
ACC_000060,ACC_001252,110.10,2025-08-31
ACC_000060,ACC_001252,1103.04,2026-03-23
ACC_000060,ACC_001252,1103.63,2026-03-31
ACC_000060,ACC_001252,1108.09,2025-11-09
ACC_000060,ACC_001252,111.00,2026-01-01
ACC_000060,ACC_001252,1112.63,2026-03-27
ACC_000060,ACC_001252,112.48,2026-05-17
ACC_000060,ACC_001252,1129.80,2026-02-24
ACC_000060,ACC_001252,1146.89,2025-10-18
ACC_000060,ACC_001252,115.21,2025-11-11
ACC_000060,ACC_001252,1151.33,2025-09-07
ACC_000060,ACC_001252,1167.15,2026-04-07
ACC_000060,ACC_001252,1167.58,2025-11-08
ACC_000060,ACC_001252,118.12,2025-12-11
ACC_000060,ACC_001252,1180.04,2026-04-26
ACC_000060,ACC_001252,1186.88,2026-05-02
ACC_000060,ACC_001252,119.13,2026-03-16
ACC_000060,ACC_001252,1190.72,2026-05-08
ACC_000060,ACC_001252,1197.03,2025-11-19
ACC_000060,ACC_001252,1199.94,2026-02-13
ACC_000060,ACC_001252,12.84,2026-04-24
ACC_000060,ACC_001252,12.98,2025-12-11
ACC_000060,ACC_001252,120.10,2025-11-11
ACC_000060,ACC_001252,1200.71,2026-02-09
ACC_000060,ACC_001252,1203.75,2026-04-03
ACC_000060,ACC_001252,1217.85,2025-08-20
ACC_000060,ACC_001252,122.63,2026-03-28
ACC_000060,ACC_001252,1220.22,2025-07-16
ACC_000060,ACC_001252,1227.55,2025-11-24
ACC_000060,ACC_001252,1227.61,2026-02-21
ACC_000060,ACC_001252,123.00,2025-09-07
ACC_000060,ACC_001252,123.70,2026-04-01
ACC_000060,ACC_001252,124.43,2026-02-22
ACC_000060,ACC_001252,1252.27,2026-02-21
ACC_000060,ACC_001252,126.20,2026-06-01
ACC_000060,ACC_001252,126.31,2026-01-01
ACC_000060,ACC_001252,126.61,2025-12-23
ACC_000060,ACC_001252,1264.56,2025-12-18
ACC_000060,ACC_001252,1275.33,2025-11-25
ACC_000060,ACC_001252,128.04,2025-11-20
ACC_000060,ACC_001252,128.24,2026-03-25
ACC_000060,ACC_001252,128.76,2026-04-28
ACC_000060,ACC_001252,128.93,2026-04-07
ACC_000060,ACC_001252,1280.96,2026-02-15
ACC_000060,ACC_001252,129.56,2026-03-08
ACC_000060,ACC_001252,13.34,2025-12-07
ACC_000060,ACC_001252,13.93,2026-04-20
ACC_000060,ACC_001252,131.89,2025-07-11
ACC_000060,ACC_001252,1314.12,2026-02-06
ACC_000060,ACC_001252,1328.47,2026-02-13
ACC_000060,ACC_001252,134.78,2025-12-04
ACC_000060,ACC_001252,135.61,2025-07-15
ACC_000060,ACC_001252,1355.90,2026-01-29
ACC_000060,ACC_001252,138.27,2026-05-05
ACC_000060,ACC_001252,138.64,2025-11-28
ACC_000060,ACC_001252,139.00,2026-01-29
ACC_000060,ACC_001252,14.62,2025-12-04
ACC_000060,ACC_001252,1413.26,2025-10-31
ACC_000060,ACC_001252,1425.47,2026-03-01
ACC_000060,ACC_001252,145.24,2026-01-29
ACC_000060,ACC_001252,145.29,2025-12-16
ACC_000060,ACC_001252,148.05,2026-05-10
ACC_000060,ACC_001252,148.43,2026-05-14
ACC_000060,ACC_001252,148.70,2025-09-04
ACC_000060,ACC_001252,1483.25,2025-11-12
ACC_000060,ACC_001252,149.10,2026-04-27
ACC_000060,ACC_001252,150.76,2025-12-18
ACC_000060,ACC_001252,150.77,2026-01-05
ACC_000060,ACC_001252,152.18,2025-12-02
ACC_000060,ACC_001252,152.42,2025-09-04
ACC_000060,ACC_001252,152.98,2025-07-20
ACC_000060,ACC_001252,153.12,2025-09-25
ACC_000060,ACC_001252,153.79,2026-02-02
ACC_000060,ACC_001252,1552.82,2025-08-29
ACC_000060,ACC_001252,157.45,2025-12-25
ACC_000060,ACC_001252,1570.34,2026-03-28
ACC_000060,ACC_001252,158.23,2025-12-11
ACC_000060,ACC_001252,159.49,2025-12-20
ACC_000060,ACC_001252,159.51,2026-04-15
ACC_000060,ACC_001252,16.42,2026-01-22
ACC_000060,ACC_001252,16.46,2025-12-29
ACC_000060,ACC_001252,160.65,2025-11-15
ACC_000060,ACC_001252,161.18,2026-03-08
ACC_000060,ACC_001252,162.54,2026-03-12
ACC_000060,ACC_001252,1642.77,2026-01-01
ACC_000060,ACC_001252,165.45,2025-09-04
ACC_000060,ACC_001252,1658.96,2025-11-15
ACC_000060,ACC_001252,1664.46,2025-10-27
ACC_000060,ACC_001252,167.07,2026-03-31
ACC_000060,ACC_001252,17.58,2026-01-26
ACC_000060,ACC_001252,17.59,2026-02-28
ACC_000060,ACC_001252,17.65,2026-03-29
ACC_000060,ACC_001252,17.81,2025-12-25
ACC_000060,ACC_001252,1700.95,2025-11-20
ACC_000060,ACC_001252,1715.12,2026-02-02
ACC_000060,ACC_001252,172.58,2025-12-30
ACC_000060,ACC_001252,173.46,2025-12-22
ACC_000060,ACC_001252,173.56,2026-05-19
ACC_000060,ACC_001252,173.77,2025-09-04
ACC_000060,ACC_001252,1734.14,2025-12-22
ACC_000060,ACC_001252,1760.72,2026-02-10
ACC_000060,ACC_001252,178.30,2025-12-18
ACC_000060,ACC_001252,178.38,2026-03-12
ACC_000060,ACC_001252,179.54,2025-09-08
ACC_000060,ACC_001252,18.52,2026-03-29
ACC_000060,ACC_001252,18.92,2025-12-19
ACC_000060,ACC_001252,180.14,2025-12-07
ACC_000060,ACC_001252,180.74,2025-09-09
ACC_000060,ACC_001252,1811.76,2025-11-24
ACC_000060,ACC_001252,185.68,2025-08-31
ACC_000060,ACC_001252,186.15,2026-05-05
ACC_000060,ACC_001252,187.93,2026-02-26
ACC_000060,ACC_001252,188.57,2025-12-29
ACC_000060,ACC_001252,188.98,2025-09-13
ACC_000060,ACC_001252,1887.53,2026-05-04
ACC_000060,ACC_001252,19.55,2025-10-08
ACC_000060,ACC_001252,19.75,2026-01-05
ACC_000060,ACC_001252,190.04,2026-06-10
ACC_000060,ACC_001252,190.83,2025-08-06
ACC_000060,ACC_001252,191.75,2026-04-04
ACC_000060,ACC_001252,193.65,2025-12-22
ACC_000060,ACC_001252,194.60,2026-02-02
ACC_000060,ACC_001252,196.42,2026-04-15
ACC_000060,ACC_001252,196.84,2026-03-21
ACC_000060,ACC_001252,1982.89,2025-10-19
ACC_000060,ACC_001252,1986.65,2026-03-24
ACC_000060,ACC_001252,20.30,2026-01-01
ACC_000060,ACC_001252,20.94,2025-12-28
ACC_000060,ACC_001252,201.06,2026-01-03
ACC_000060,ACC_001252,201.45,2026-04-11
ACC_000060,ACC_001252,201.79,2026-04-11
ACC_000060,ACC_001252,201.94,2026-05-01
ACC_000060,ACC_001252,208.16,2025-09-17
ACC_000060,ACC_001252,2088.38,2025-08-19
ACC_000060,ACC_001252,209.00,2026-05-30
ACC_000060,ACC_001252,209.20,2026-01-14
ACC_000060,ACC_001252,21.53,2025-12-15
ACC_000060,ACC_001252,21.78,2026-01-08
ACC_000060,ACC_001252,2141.69,2025-11-19
ACC_000060,ACC_001252,215.18,2026-01-17
ACC_000060,ACC_001252,217.85,2026-05-23
ACC_000060,ACC_001252,2194.14,2025-11-12
ACC_000060,ACC_001252,22.34,2025-12-07
ACC_000060,ACC_001252,22.50,2025-11-04
ACC_000060,ACC_001252,22.52,2025-12-19
ACC_000060,ACC_001252,22.57,2025-08-13
ACC_000060,ACC_001252,22.85,2026-01-04
ACC_000060,ACC_001252,220.71,2026-06-06
ACC_000060,ACC_001252,222.61,2025-12-08
ACC_000060,ACC_001252,223.75,2025-12-20
ACC_000060,ACC_001252,223.96,2026-01-18
ACC_000060,ACC_001252,2244.84,2025-10-12
ACC_000060,ACC_001252,225.72,2026-01-13
ACC_000060,ACC_001252,225.94,2026-04-14
ACC_000060,ACC_001252,227.29,2026-01-11
ACC_000060,ACC_001252,227.78,2026-02-19
ACC_000060,ACC_001252,228.42,2026-05-01
ACC_000060,ACC_001252,231.54,2025-07-24
ACC_000060,ACC_001252,231.56,2025-08-02
ACC_000060,ACC_001252,2328.38,2025-09-02
ACC_000060,ACC_001252,2328.50,2026-04-09
ACC_000060,ACC_001252,2331.17,2025-11-16
ACC_000060,ACC_001252,2343.65,2025-09-05
ACC_000060,ACC_001252,236.46,2026-05-14
ACC_000060,ACC_001252,239.58,2025-08-31
ACC_000060,ACC_001252,239.79,2026-04-19
ACC_000060,ACC_001252,24.08,2026-03-25
ACC_000060,ACC_001252,24.35,2026-04-24
ACC_000060,ACC_001252,24.39,2026-01-01
ACC_000060,ACC_001252,24.66,2025-09-08
ACC_000060,ACC_001252,24.78,2026-04-17
ACC_000060,ACC_001252,24.90,2026-02-17
ACC_000060,ACC_001252,24.94,2025-07-22
ACC_000060,ACC_001252,2436.22,2025-08-07
ACC_000060,ACC_001252,2464.05,2025-09-01
ACC_000060,ACC_001252,2497.06,2025-09-24
ACC_000060,ACC_001252,25.23,2026-01-19
ACC_000060,ACC_001252,25.23,2026-05-19
ACC_000060,ACC_001252,25.27,2026-03-25
ACC_000060,ACC_001252,25.42,2026-04-13
ACC_000060,ACC_001252,250.36,2025-10-06
ACC_000060,ACC_001252,252.85,2026-01-06
ACC_000060,ACC_001252,253.94,2026-06-03
ACC_000060,ACC_001252,257.86,2025-12-16
ACC_000060,ACC_001252,2571.40,2026-04-05
ACC_000060,ACC_001252,2594.76,2025-08-24
ACC_000060,ACC_001252,26.32,2026-04-06
ACC_000060,ACC_001252,26.97,2025-12-23
ACC_000060,ACC_001252,26.99,2026-04-02
ACC_000060,ACC_001252,2607.25,2025-10-23
ACC_000060,ACC_001252,2619.72,2025-11-20
ACC_000060,ACC_001252,2627.36,2026-01-05
ACC_000060,ACC_001252,2647.01,2025-10-16
ACC_000060,ACC_001252,27.28,2025-12-30
ACC_000060,ACC_001252,27.39,2025-08-09
ACC_000060,ACC_001252,2709.68,2025-08-23
ACC_000060,ACC_001252,273.65,2026-01-02
ACC_000060,ACC_001252,278.45,2025-11-01
ACC_000060,ACC_001252,28.07,2025-09-04
ACC_000060,ACC_001252,28.18,2026-02-24
ACC_000060,ACC_001252,282.03,2025-08-03
ACC_000060,ACC_001252,282.98,2025-11-23
ACC_000060,ACC_001252,285.84,2026-04-10
ACC_000060,ACC_001252,287.39,2025-12-12
ACC_000060,ACC_001252,287.50,2026-01-15
ACC_000060,ACC_001252,29.20,2026-05-26
ACC_000060,ACC_001252,29.85,2025-08-18
ACC_000060,ACC_001252,2935.04,2025-11-16
ACC_000060,ACC_001252,295.86,2025-09-21
ACC_000060,ACC_001252,2954.43,2026-03-20
ACC_000060,ACC_001252,297.11,2025-10-10
ACC_000060,ACC_001252,30.26,2025-07-18
ACC_000060,ACC_001252,30.31,2026-04-21
ACC_000060,ACC_001252,30.64,2026-06-02
ACC_000060,ACC_001252,30.88,2025-08-22
ACC_000060,ACC_001252,31.06,2025-12-26
ACC_000060,ACC_001252,31.36,2025-12-24
ACC_000060,ACC_001252,31.49,2025-08-09
ACC_000060,ACC_001252,31.53,2026-05-23
ACC_000060,ACC_001252,31.56,2025-09-16
ACC_000060,ACC_001252,3145.04,2025-09-28
ACC_000060,ACC_001252,32.00,2025-09-03
ACC_000060,ACC_001252,3223.97,2026-03-16
ACC_000060,ACC_001252,33.24,2025-08-05
ACC_000060,ACC_001252,33.32,2025-11-08
ACC_000060,ACC_001252,33.62,2026-04-21
ACC_000060,ACC_001252,330.65,2026-04-23
ACC_000060,ACC_001252,331.59,2025-11-10
ACC_000060,ACC_001252,333.62,2025-09-04
ACC_000060,ACC_001252,334.86,2025-08-19
ACC_000060,ACC_001252,3343.52,2025-08-11
ACC_000060,ACC_001252,341.07,2025-10-05
ACC_000060,ACC_001252,3462.94,2025-08-29
ACC_000060,ACC_001252,348.26,2026-04-04
ACC_000060,ACC_001252,35.07,2026-01-23
ACC_000060,ACC_001252,35.60,2025-08-17
ACC_000060,ACC_001252,35.84,2026-03-15
ACC_000060,ACC_001252,353.19,2025-11-14
ACC_000060,ACC_001252,355.11,2025-08-22
ACC_000060,ACC_001252,356.14,2025-08-07
ACC_000060,ACC_001252,357.10,2025-09-07
ACC_000060,ACC_001252,36.62,2026-05-19
ACC_000060,ACC_001252,36.65,2026-05-30
ACC_000060,ACC_001252,360.60,2025-11-19
ACC_000060,ACC_001252,361.51,2025-09-27
ACC_000060,ACC_001252,364.85,2026-02-15
ACC_000060,ACC_001252,368.48,2026-04-17
ACC_000060,ACC_001252,37.22,2025-08-05
ACC_000060,ACC_001252,37.24,2025-08-09
ACC_000060,ACC_001252,37.56,2025-12-28
ACC_000060,ACC_001252,3783.67,2025-08-28
ACC_000060,ACC_001252,38.15,2026-01-12
ACC_000060,ACC_001252,38.45,2026-06-06
ACC_000060,ACC_001252,38.74,2026-01-10
ACC_000060,ACC_001252,38.90,2026-04-28
ACC_000060,ACC_001252,384.49,2025-10-27
ACC_000060,ACC_001252,39.42,2026-03-19
ACC_000060,ACC_001252,39.89,2026-02-13
ACC_000060,ACC_001252,399.15,2026-03-29
ACC_000060,ACC_001252,4.82,2025-10-13
ACC_000060,ACC_001252,40.30,2026-05-23
ACC_000060,ACC_001252,40.64,2026-01-06
ACC_000060,ACC_001252,404.26,2026-04-04
ACC_000060,ACC_001252,406.92,2026-04-13
ACC_000060,ACC_001252,407.96,2026-04-20
ACC_000060,ACC_001252,41.25,2026-01-03
ACC_000060,ACC_001252,41.29,2026-01-08
ACC_000060,ACC_001252,41.77,2025-08-16
ACC_000060,ACC_001252,41.79,2026-04-25
ACC_000060,ACC_001252,412.41,2025-12-20
ACC_000060,ACC_001252,415.07,2025-08-28
ACC_000060,ACC_001252,417.79,2026-04-02
ACC_000060,ACC_001252,419.10,2025-11-27
ACC_000060,ACC_001252,42.46,2025-09-20
ACC_000060,ACC_001252,423.85,2025-08-23
ACC_000060,ACC_001252,424.80,2025-08-15
ACC_000060,ACC_001252,426.28,2025-10-01
ACC_000060,ACC_001252,429.19,2026-06-13
ACC_000060,ACC_001252,43.33,2025-07-30
ACC_000060,ACC_001252,432.44,2025-11-15
ACC_000060,ACC_001252,432.87,2025-09-08
ACC_000060,ACC_001252,44.12,2025-08-30
ACC_000060,ACC_001252,44.36,2026-04-05
ACC_000060,ACC_001252,446.11,2026-04-20
ACC_000060,ACC_001252,449.26,2025-08-16
ACC_000060,ACC_001252,45.17,2025-08-13
ACC_000060,ACC_001252,454.00,2026-04-16
ACC_000060,ACC_001252,455.99,2026-04-16
ACC_000060,ACC_001252,46.23,2025-07-17
ACC_000060,ACC_001252,46.49,2025-12-26
ACC_000060,ACC_001252,47.00,2025-08-09
ACC_000060,ACC_001252,471.30,2026-01-13
ACC_000060,ACC_001252,48.23,2026-04-17
ACC_000060,ACC_001252,480.39,2025-09-11
ACC_000060,ACC_001252,482.31,2026-03-24
ACC_000060,ACC_001252,487.46,2026-03-31
ACC_000060,ACC_001252,487.94,2025-10-27
ACC_000060,ACC_001252,49.58,2026-04-01
ACC_000060,ACC_001252,49.94,2026-05-06
ACC_000060,ACC_001252,495.54,2025-08-18
ACC_000060,ACC_001252,503.65,2026-03-11
ACC_000060,ACC_001252,509.40,2025-08-02
ACC_000060,ACC_001252,509.69,2026-01-13
ACC_000060,ACC_001252,51.11,2025-11-20
ACC_000060,ACC_001252,511.13,2026-03-18
ACC_000060,ACC_001252,511.46,2025-08-12
ACC_000060,ACC_001252,514.32,2025-10-31
ACC_000060,ACC_001252,515.42,2025-08-25
ACC_000060,ACC_001252,516.07,2025-12-20
ACC_000060,ACC_001252,52.67,2026-02-11
ACC_000060,ACC_001252,52.75,2025-08-20
ACC_000060,ACC_001252,520.16,2025-09-21
ACC_000060,ACC_001252,527.05,2026-06-17
ACC_000060,ACC_001252,533.33,2025-08-29
ACC_000060,ACC_001252,536.86,2026-05-27
ACC_000060,ACC_001252,538.43,2026-03-20
ACC_000060,ACC_001252,54.13,2026-04-27
ACC_000060,ACC_001252,54.18,2025-09-21
ACC_000060,ACC_001252,541.60,2025-10-01
ACC_000060,ACC_001252,543.98,2026-03-23
ACC_000060,ACC_001252,55.09,2026-04-23
ACC_000060,ACC_001252,55.11,2025-11-02
ACC_000060,ACC_001252,55.51,2025-09-04
ACC_000060,ACC_001252,55.88,2025-08-13
ACC_000060,ACC_001252,551.15,2026-05-02
ACC_000060,ACC_001252,552.99,2026-03-19
ACC_000060,ACC_001252,553.97,2026-03-15
ACC_000060,ACC_001252,557.76,2026-03-14
ACC_000060,ACC_001252,562.91,2026-01-03
ACC_000060,ACC_001252,564.24,2025-10-31
ACC_000060,ACC_001252,564.75,2026-03-14
ACC_000060,ACC_001252,57.31,2025-08-17
ACC_000060,ACC_001252,572.72,2025-10-25
ACC_000060,ACC_001252,575.70,2025-10-06
ACC_000060,ACC_001252,579.95,2026-03-31
ACC_000060,ACC_001252,58.25,2025-12-27
ACC_000060,ACC_001252,58.87,2026-04-18
ACC_000060,ACC_001252,583.85,2026-01-17
ACC_000060,ACC_001252,586.37,2026-01-23
ACC_000060,ACC_001252,587.93,2025-11-19
ACC_000060,ACC_001252,59.53,2026-01-09
ACC_000060,ACC_001252,593.56,2026-01-13
ACC_000060,ACC_001252,60.67,2025-08-13
ACC_000060,ACC_001252,607.72,2025-11-15
ACC_000060,ACC_001252,61.68,2025-10-06
ACC_000060,ACC_001252,616.28,2026-03-10
ACC_000060,ACC_001252,618.05,2025-08-27
ACC_000060,ACC_001252,624.28,2026-01-14
ACC_000060,ACC_001252,627.07,2026-01-17
ACC_000060,ACC_001252,63.02,2025-08-21
ACC_000060,ACC_001252,632.23,2025-12-19
ACC_000060,ACC_001252,634.62,2025-07-26
ACC_000060,ACC_001252,635.35,2025-10-01
ACC_000060,ACC_001252,64.07,2026-03-30
ACC_000060,ACC_001252,642.30,2025-10-03
ACC_000060,ACC_001252,647.11,2025-07-29
ACC_000060,ACC_001252,65.34,2026-01-07
ACC_000060,ACC_001252,65.46,2026-02-04
ACC_000060,ACC_001252,65.58,2025-08-03
ACC_000060,ACC_001252,655.00,2026-01-17
ACC_000060,ACC_001252,657.89,2026-05-10
ACC_000060,ACC_001252,66.35,2026-01-21
ACC_000060,ACC_001252,66.48,2025-09-23
ACC_000060,ACC_001252,66.56,2026-05-21
ACC_000060,ACC_001252,664.18,2025-09-25
ACC_000060,ACC_001252,67.06,2026-04-03
ACC_000060,ACC_001252,67.10,2026-06-07
ACC_000060,ACC_001252,67.64,2025-10-20
ACC_000060,ACC_001252,68.73,2025-12-22
ACC_000060,ACC_001252,69.38,2025-07-21
ACC_000060,ACC_001252,69.42,2025-11-24
ACC_000060,ACC_001252,690.21,2026-02-02
ACC_000060,ACC_001252,70.14,2025-09-20
ACC_000060,ACC_001252,70.88,2025-09-08
ACC_000060,ACC_001252,70.98,2025-12-31
ACC_000060,ACC_001252,700.94,2026-02-17
ACC_000060,ACC_001252,704.55,2026-05-08
ACC_000060,ACC_001252,71.70,2025-11-07
ACC_000060,ACC_001252,72.06,2026-04-08
ACC_000060,ACC_001252,721.52,2025-09-27
ACC_000060,ACC_001252,73.34,2025-11-10
ACC_000060,ACC_001252,74.68,2026-06-05
ACC_000060,ACC_001252,74.99,2026-01-04
ACC_000060,ACC_001252,740.04,2025-11-04
ACC_000060,ACC_001252,749.88,2026-03-17
ACC_000060,ACC_001252,75.18,2026-05-08
ACC_000060,ACC_001252,75.50,2025-09-19
ACC_000060,ACC_001252,753.67,2025-08-17
ACC_000060,ACC_001252,754.72,2026-02-11
ACC_000060,ACC_001252,76.25,2025-08-30
ACC_000060,ACC_001252,76.41,2025-09-17
ACC_000060,ACC_001252,76.89,2025-07-26
ACC_000060,ACC_001252,762.92,2025-12-16
ACC_000060,ACC_001252,764.60,2026-01-07
ACC_000060,ACC_001252,77.81,2025-10-28
ACC_000060,ACC_001252,770.25,2026-04-22
ACC_000060,ACC_001252,770.37,2026-02-28
ACC_000060,ACC_001252,776.53,2026-04-07
ACC_000060,ACC_001252,781.02,2025-11-08
ACC_000060,ACC_001252,783.29,2025-08-14
ACC_000060,ACC_001252,788.70,2026-01-10
ACC_000060,ACC_001252,79.54,2026-02-15
ACC_000060,ACC_001252,79.68,2025-11-16
ACC_000060,ACC_001252,79.74,2025-12-28
ACC_000060,ACC_001252,797.85,2025-08-13
ACC_000060,ACC_001252,799.75,2026-02-25
ACC_000060,ACC_001252,8.01,2025-10-09
ACC_000060,ACC_001252,80.45,2026-04-04
ACC_000060,ACC_001252,80.54,2026-03-29
ACC_000060,ACC_001252,80.57,2026-04-28
ACC_000060,ACC_001252,804.85,2026-02-02
ACC_000060,ACC_001252,806.19,2025-07-12
ACC_000060,ACC_001252,81.40,2025-07-22
ACC_000060,ACC_001252,810.44,2025-08-16
ACC_000060,ACC_001252,812.67,2025-11-21
ACC_000060,ACC_001252,816.31,2025-09-11
ACC_000060,ACC_001252,82.40,2026-06-11
ACC_000060,ACC_001252,82.74,2026-01-13
ACC_000060,ACC_001252,82.74,2026-02-05
ACC_000060,ACC_001252,825.43,2025-11-21
ACC_000060,ACC_001252,829.69,2026-02-05
ACC_000060,ACC_001252,83.65,2026-02-08
ACC_000060,ACC_001252,83.98,2025-11-25
ACC_000060,ACC_001252,84.45,2026-04-14
ACC_000060,ACC_001252,84.79,2026-01-25
ACC_000060,ACC_001252,848.14,2026-02-11
ACC_000060,ACC_001252,85.26,2025-10-10
ACC_000060,ACC_001252,852.44,2025-10-02
ACC_000060,ACC_001252,856.33,2026-02-15
ACC_000060,ACC_001252,86.13,2026-05-02
ACC_000060,ACC_001252,86.80,2025-08-26
ACC_000060,ACC_001252,86.85,2026-01-07
ACC_000060,ACC_001252,86.96,2025-12-07
ACC_000060,ACC_001252,866.89,2026-02-06
ACC_000060,ACC_001252,87.21,2025-09-11
ACC_000060,ACC_001252,87.23,2025-11-30
ACC_000060,ACC_001252,87.51,2025-10-29
ACC_000060,ACC_001252,87.94,2025-08-17
ACC_000060,ACC_001252,88.14,2025-11-09
ACC_000060,ACC_001252,88.64,2026-05-02
ACC_000060,ACC_001252,887.78,2025-10-07
ACC_000060,ACC_001252,892.08,2025-11-25
ACC_000060,ACC_001252,90.14,2025-11-14
ACC_000060,ACC_001252,901.55,2025-11-05
ACC_000060,ACC_001252,903.74,2025-11-20
ACC_000060,ACC_001252,907.25,2026-05-23
ACC_000060,ACC_001252,909.58,2026-02-17
ACC_000060,ACC_001252,91.75,2026-01-11
ACC_000060,ACC_001252,92.11,2025-09-29
ACC_000060,ACC_001252,920.32,2025-10-29
ACC_000060,ACC_001252,928.90,2026-01-27
ACC_000060,ACC_001252,93.21,2025-12-19
ACC_000060,ACC_001252,93.64,2026-05-18
ACC_000060,ACC_001252,93.88,2025-11-13
ACC_000060,ACC_001252,94.35,2025-09-24
ACC_000060,ACC_001252,945.73,2025-08-18
ACC_000060,ACC_001252,95.64,2025-11-01
ACC_000060,ACC_001252,950.57,2026-04-28
ACC_000060,ACC_001252,951.80,2026-03-21
ACC_000060,ACC_001252,952.27,2025-07-30
ACC_000060,ACC_001252,955.70,2026-05-06
ACC_000060,ACC_001252,96.50,2025-12-23
ACC_000060,ACC_001252,964.04,2025-12-15
ACC_000060,ACC_001252,99.52,2025-11-11
ACC_000060,ACC_001254,1627.56,2026-02-22
ACC_000060,ACC_001254,189.01,2026-02-17
ACC_000060,ACC_001254,281.31,2026-02-28
ACC_000060,ACC_001263,1212.13,2026-03-20
ACC_000060,ACC_001263,194.16,2026-03-21
ACC_000060,ACC_001264,62.40,2026-03-28
ACC_000060,ACC_001265,1027.47,2026-04-16
ACC_000060,ACC_001265,98.49,2026-04-12
ACC_000060,ACC_001301,12.58,2025-08-20
ACC_000060,ACC_001301,144.82,2026-04-27
ACC_000060,ACC_001301,151.73,2025-08-31
ACC_000060,ACC_001301,21.19,2025-09-15
ACC_000060,ACC_001301,464.61,2025-11-28
ACC_000060,ACC_001301,473.34,2025-08-25
ACC_000060,ACC_001301,516.65,2025-08-20
ACC_000060,ACC_001301,8.75,2026-05-16
ACC_000060,ACC_001328,1148.16,2026-03-10
ACC_000060,ACC_001328,139.61,2026-03-19
ACC_000060,ACC_001328,790.30,2026-06-11
ACC_000060,ACC_001329,111.61,2026-06-18
ACC_000060,ACC_001329,94.72,2026-02-23
ACC_000060,ACC_001331,32.89,2025-11-23
ACC_000060,ACC_001331,532.43,2025-12-05
ACC_000060,ACC_001339,38.71,2025-10-07
ACC_000060,ACC_001340,160.30,2026-02-18
ACC_000060,ACC_001340,221.97,2025-09-14
ACC_000060,ACC_001343,1180.94,2025-09-05
ACC_000060,ACC_001344,113.31,2025-09-18
ACC_000060,ACC_001347,1192.75,2026-02-21
ACC_000060,ACC_001348,104.21,2025-07-23
ACC_000060,ACC_001348,1214.08,2026-01-13
ACC_000060,ACC_001348,184.69,2026-01-27
ACC_000060,ACC_001348,255.45,2025-09-18
ACC_000060,ACC_001348,2967.52,2025-09-18
ACC_000060,ACC_001348,630.03,2025-11-18
ACC_000060,ACC_001348,747.41,2025-07-15
ACC_000060,ACC_001348,775.50,2025-08-29
ACC_000060,ACC_001348,82.42,2025-07-23
ACC_000060,ACC_001349,122.54,2026-02-01
ACC_000060,ACC_001349,1361.85,2026-04-19
ACC_000060,ACC_001349,159.65,2026-05-07
ACC_000060,ACC_001349,198.08,2026-01-09
ACC_000060,ACC_001349,282.84,2026-01-01
ACC_000060,ACC_001349,59.05,2025-08-20
ACC_000060,ACC_001349,78.03,2025-11-09
ACC_000060,ACC_001349,864.74,2026-04-01
ACC_000060,ACC_001349,91.20,2025-11-23
ACC_000060,ACC_001355,75.53,2025-09-24
ACC_000060,ACC_001355,774.66,2025-09-21
ACC_000060,ACC_001355,81.09,2025-09-10
ACC_000060,ACC_001365,109.81,2026-01-27
ACC_000060,ACC_001365,879.02,2026-01-26
ACC_000060,ACC_001367,52.54,2025-10-29
ACC_000060,ACC_001367,527.88,2025-10-27
ACC_000060,ACC_001371,512.96,2025-09-05
ACC_000060,ACC_001371,71.86,2025-09-07
ACC_000060,ACC_001372,101.76,2026-03-20
ACC_000060,ACC_001372,1041.39,2026-03-19
ACC_000060,ACC_001372,1207.02,2026-03-10
ACC_000060,ACC_001372,1268.93,2025-11-07
ACC_000060,ACC_001372,1299.32,2026-04-02
ACC_000060,ACC_001372,130.97,2026-05-11
ACC_000060,ACC_001372,168.58,2026-03-24
ACC_000060,ACC_001372,185.86,2026-03-09
ACC_000060,ACC_001372,197.97,2026-03-18
ACC_000060,ACC_001372,2438.37,2025-09-22
ACC_000060,ACC_001372,272.39,2026-05-13
ACC_000060,ACC_001372,454.94,2026-05-12
ACC_000060,ACC_001372,4788.68,2026-03-31
ACC_000060,ACC_001372,520.17,2026-04-25
ACC_000060,ACC_001372,536.63,2026-04-08
ACC_000060,ACC_001374,1342.21,2026-04-18
ACC_000060,ACC_001374,416.40,2026-03-04
ACC_000060,ACC_001379,185.37,2026-05-08
ACC_000060,ACC_001379,24.88,2026-05-09
ACC_000060,ACC_001379,25.15,2026-04-30
ACC_000060,ACC_001387,103.62,2026-03-23
ACC_000060,ACC_001387,1163.72,2025-10-29
ACC_000060,ACC_001387,160.72,2025-10-11
ACC_000060,ACC_001387,162.72,2025-10-21
ACC_000060,ACC_001387,450.34,2026-01-16
ACC_000060,ACC_001387,889.05,2026-03-24
ACC_000060,ACC_001388,1062.74,2026-05-29
ACC_000060,ACC_001388,115.74,2026-05-27
ACC_000060,ACC_001388,1151.92,2025-11-17
ACC_000060,ACC_001388,122.04,2025-11-04
ACC_000060,ACC_001388,173.68,2026-03-08
ACC_000060,ACC_001388,27.51,2026-03-05
ACC_000060,ACC_001388,297.13,2026-05-16
ACC_000060,ACC_001388,501.73,2025-09-09
ACC_000060,ACC_001388,58.67,2026-05-14
ACC_000060,ACC_001388,68.44,2025-11-10
ACC_000060,ACC_001388,74.68,2026-05-19
ACC_000060,ACC_001394,49.35,2025-10-24
ACC_000060,ACC_001394,511.81,2025-09-26
ACC_000060,ACC_001416,417.89,2025-10-10
ACC_000060,ACC_001416,69.31,2025-10-29
ACC_000060,ACC_001419,311.26,2025-10-16
ACC_000060,ACC_001431,10.43,2025-11-24
ACC_000060,ACC_001431,1004.23,2025-12-25
ACC_000060,ACC_001431,1011.53,2025-10-03
ACC_000060,ACC_001431,1032.16,2025-09-02
ACC_000060,ACC_001431,1039.87,2026-01-21
ACC_000060,ACC_001431,1041.43,2026-03-15
ACC_000060,ACC_001431,106.61,2025-12-12
ACC_000060,ACC_001431,1061.51,2025-10-04
ACC_000060,ACC_001431,109.84,2025-11-11
ACC_000060,ACC_001431,115.31,2026-03-07
ACC_000060,ACC_001431,1150.69,2026-05-31
ACC_000060,ACC_001431,1166.27,2026-01-01
ACC_000060,ACC_001431,122.56,2025-12-02
ACC_000060,ACC_001431,1230.86,2026-04-17
ACC_000060,ACC_001431,1324.99,2026-04-11
ACC_000060,ACC_001431,1342.07,2025-08-23
ACC_000060,ACC_001431,1350.32,2025-12-27
ACC_000060,ACC_001431,1353.83,2025-09-25
ACC_000060,ACC_001431,140.23,2025-09-30
ACC_000060,ACC_001431,146.83,2026-01-24
ACC_000060,ACC_001431,148.52,2025-08-31
ACC_000060,ACC_001431,150.09,2026-05-29
ACC_000060,ACC_001431,152.20,2025-12-18
ACC_000060,ACC_001431,156.69,2025-12-18
ACC_000060,ACC_001431,16.04,2026-04-01
ACC_000060,ACC_001431,16.07,2025-10-22
ACC_000060,ACC_001431,162.62,2026-04-12
ACC_000060,ACC_001431,175.48,2025-12-08
ACC_000060,ACC_001431,176.72,2026-04-01
ACC_000060,ACC_001431,176.89,2026-01-07
ACC_000060,ACC_001431,1774.26,2025-12-09
ACC_000060,ACC_001431,180.22,2026-04-15
ACC_000060,ACC_001431,1800.43,2026-03-17
ACC_000060,ACC_001431,190.15,2025-12-02
ACC_000060,ACC_001431,190.18,2025-12-09
ACC_000060,ACC_001431,203.29,2026-04-05
ACC_000060,ACC_001431,208.32,2026-04-11
ACC_000060,ACC_001431,209.70,2026-03-11
ACC_000060,ACC_001431,21.09,2026-04-30
ACC_000060,ACC_001431,210.22,2026-02-01
ACC_000060,ACC_001431,220.54,2026-04-22
ACC_000060,ACC_001431,2206.37,2025-11-22
ACC_000060,ACC_001431,2221.36,2026-04-05
ACC_000060,ACC_001431,225.44,2025-08-14
ACC_000060,ACC_001431,2283.51,2026-05-16
ACC_000060,ACC_001431,234.62,2025-11-12
ACC_000060,ACC_001431,236.32,2025-10-28
ACC_000060,ACC_001431,236.73,2026-05-10
ACC_000060,ACC_001431,239.50,2025-10-23
ACC_000060,ACC_001431,24.17,2025-08-27
ACC_000060,ACC_001431,243.76,2026-04-30
ACC_000060,ACC_001431,251.77,2025-07-15
ACC_000060,ACC_001431,256.05,2026-04-22
ACC_000060,ACC_001431,26.04,2025-12-19
ACC_000060,ACC_001431,26.69,2025-09-17
ACC_000060,ACC_001431,271.25,2025-09-01
ACC_000060,ACC_001431,274.23,2025-10-14
ACC_000060,ACC_001431,277.56,2025-09-29
ACC_000060,ACC_001431,281.96,2025-11-17
ACC_000060,ACC_001431,2816.84,2026-04-17
ACC_000060,ACC_001431,29.49,2025-09-16
ACC_000060,ACC_001431,292.57,2026-04-12
ACC_000060,ACC_001431,300.64,2026-05-01
ACC_000060,ACC_001431,3059.40,2026-03-25
ACC_000060,ACC_001431,3099.63,2025-11-10
ACC_000060,ACC_001431,344.27,2026-04-01
ACC_000060,ACC_001431,345.08,2025-11-13
ACC_000060,ACC_001431,35.47,2026-04-18
ACC_000060,ACC_001431,360.62,2026-03-03
ACC_000060,ACC_001431,370.97,2026-03-06
ACC_000060,ACC_001431,43.70,2026-05-03
ACC_000060,ACC_001431,430.18,2025-10-01
ACC_000060,ACC_001431,45.46,2025-10-03
ACC_000060,ACC_001431,455.05,2025-07-15
ACC_000060,ACC_001431,460.40,2025-07-22
ACC_000060,ACC_001431,466.47,2025-07-23
ACC_000060,ACC_001431,466.59,2025-11-29
ACC_000060,ACC_001431,476.57,2025-09-14
ACC_000060,ACC_001431,479.07,2026-04-10
ACC_000060,ACC_001431,494.56,2026-04-07
ACC_000060,ACC_001431,507.71,2025-12-16
ACC_000060,ACC_001431,51.83,2025-09-05
ACC_000060,ACC_001431,512.44,2026-04-27
ACC_000060,ACC_001431,52.12,2025-08-31
ACC_000060,ACC_001431,52.21,2026-03-11
ACC_000060,ACC_001431,532.13,2026-03-09
ACC_000060,ACC_001431,54.53,2026-01-27
ACC_000060,ACC_001431,548.35,2025-12-31
ACC_000060,ACC_001431,606.12,2025-12-28
ACC_000060,ACC_001431,613.31,2026-02-17
ACC_000060,ACC_001431,681.80,2025-11-21
ACC_000060,ACC_001431,71.50,2025-12-24
ACC_000060,ACC_001431,72.69,2026-01-07
ACC_000060,ACC_001431,724.28,2026-04-16
ACC_000060,ACC_001431,75.89,2025-12-14
ACC_000060,ACC_001431,766.47,2026-03-04
ACC_000060,ACC_001431,782.53,2026-05-09
ACC_000060,ACC_001431,796.54,2025-09-08
ACC_000060,ACC_001431,81.33,2026-04-30
ACC_000060,ACC_001431,823.43,2026-01-21
ACC_000060,ACC_001431,85.67,2026-04-08
ACC_000060,ACC_001431,858.41,2025-09-20
ACC_000060,ACC_001431,90.00,2026-01-06
ACC_000060,ACC_001431,98.96,2026-05-08
ACC_000060,ACC_001438,165.25,2026-04-24
ACC_000060,ACC_001438,63.68,2026-04-15
ACC_000060,ACC_001438,986.06,2026-03-28
ACC_000060,ACC_001457,277.65,2026-02-23
ACC_000060,ACC_001457,49.36,2026-02-11
ACC_000060,ACC_001473,23.82,2026-05-10
ACC_000060,ACC_001473,294.77,2026-05-25
ACC_000060,ACC_001473,50.62,2026-05-11
ACC_000060,ACC_001482,354.23,2025-09-01
ACC_000060,ACC_001482,470.82,2026-01-11
ACC_000060,ACC_001484,1104.02,2025-12-25
ACC_000060,ACC_001484,384.02,2026-05-22
ACC_000060,ACC_001485,110.53,2025-09-22
ACC_000060,ACC_001485,45.19,2025-08-28
ACC_000060,ACC_001485,504.79,2026-01-29
ACC_000060,ACC_001485,58.14,2026-02-16
ACC_000060,ACC_001485,68.64,2025-09-12
ACC_000060,ACC_001485,778.33,2025-09-15
ACC_000060,ACC_001485,89.48,2026-02-13
ACC_000060,ACC_001485,967.05,2025-09-15
ACC_000060,ACC_001498,84.10,2025-08-29
ACC_000060,ACC_001499,1003.24,2025-09-29
ACC_000060,ACC_001499,1362.04,2025-12-30
ACC_000060,ACC_001499,140.92,2025-09-06
ACC_000060,ACC_001499,149.53,2026-01-14
ACC_000060,ACC_001499,1558.64,2026-05-19
ACC_000060,ACC_001499,1789.64,2025-08-02
ACC_000060,ACC_001499,187.90,2025-11-15
ACC_000060,ACC_001499,217.67,2025-12-20
ACC_000060,ACC_001499,224.57,2025-12-30
ACC_000060,ACC_001499,24.90,2025-12-06
ACC_000060,ACC_001499,240.19,2026-04-12
ACC_000060,ACC_001499,243.05,2025-08-16
ACC_000060,ACC_001499,343.35,2026-03-31
ACC_000060,ACC_001499,50.76,2026-01-24
ACC_000060,ACC_001499,61.01,2025-08-19
ACC_000060,ACC_001499,633.20,2026-02-03
ACC_000060,ACC_001499,68.43,2025-09-25
ACC_000060,ACC_001499,751.14,2026-01-15
ACC_000060,ACC_001499,76.91,2026-02-05
ACC_000060,ACC_001499,833.57,2025-08-18
ACC_000060,ACC_001499,998.93,2025-08-26
ACC_000060,ACC_001500,119.39,2025-10-20
ACC_000060,ACC_001500,1511.85,2026-01-08
ACC_000060,ACC_001500,251.18,2026-01-11
ACC_000060,ACC_001500,27.89,2026-03-31
ACC_000060,ACC_001500,399.10,2025-08-23
ACC_000060,ACC_001500,41.26,2026-02-10
ACC_000060,ACC_001516,198.67,2026-04-06
ACC_000060,ACC_001516,2595.70,2026-04-22
ACC_000060,ACC_001516,284.41,2026-04-21
ACC_000060,ACC_001522,946.76,2026-02-27
ACC_000060,ACC_001542,1268.04,2025-11-30
ACC_000060,ACC_001542,34.30,2026-04-14
ACC_000060,ACC_001542,39.11,2026-04-24
ACC_000060,ACC_001543,283.60,2026-05-05
ACC_000060,ACC_001545,18.96,2026-03-30
ACC_000060,ACC_001545,237.86,2026-03-28
ACC_000060,ACC_001547,443.48,2026-01-18
ACC_000060,ACC_001556,2473.68,2025-09-15
ACC_000060,ACC_001568,138.45,2025-12-21
ACC_000060,ACC_001572,109.72,2026-04-17
ACC_000060,ACC_001572,1584.46,2026-04-19
ACC_000060,ACC_001572,226.79,2026-04-29
ACC_000061,ACC_001231,2408.29,2025-09-21
ACC_000061,ACC_001233,2429.86,2025-07-28
ACC_000061,ACC_001245,923.98,2026-02-23
ACC_000061,ACC_001246,472.98,2025-12-25
ACC_000061,ACC_001252,10.07,2025-12-15
ACC_000061,ACC_001252,10.94,2025-12-11
ACC_000061,ACC_001252,100.43,2025-09-22
ACC_000061,ACC_001252,100.63,2025-08-14
ACC_000061,ACC_001252,1001.55,2025-12-01
ACC_000061,ACC_001252,101.00,2026-06-13
ACC_000061,ACC_001252,101.27,2025-11-18
ACC_000061,ACC_001252,101.84,2026-04-17
ACC_000061,ACC_001252,1011.60,2025-08-02
ACC_000061,ACC_001252,1015.03,2025-12-10
ACC_000061,ACC_001252,1027.35,2025-08-08
ACC_000061,ACC_001252,1028.02,2025-12-19
ACC_000061,ACC_001252,103.85,2026-05-09
ACC_000061,ACC_001252,104.56,2025-10-28
ACC_000061,ACC_001252,105.29,2026-04-16
ACC_000061,ACC_001252,106.56,2026-04-12
ACC_000061,ACC_001252,1061.90,2025-09-19
ACC_000061,ACC_001252,1066.56,2026-06-09
ACC_000061,ACC_001252,107.53,2025-08-09
ACC_000061,ACC_001252,107.71,2025-12-06
ACC_000061,ACC_001252,108.72,2025-10-27
ACC_000061,ACC_001252,108.81,2026-05-06
ACC_000061,ACC_001252,1082.83,2025-12-02
ACC_000061,ACC_001252,1086.01,2025-07-20
ACC_000061,ACC_001252,109.40,2025-10-18
ACC_000061,ACC_001252,109.89,2026-04-14
ACC_000061,ACC_001252,1093.67,2025-09-30
ACC_000061,ACC_001252,110.93,2026-01-06
ACC_000061,ACC_001252,111.46,2026-04-27
ACC_000061,ACC_001252,1118.39,2025-11-29
ACC_000061,ACC_001252,112.43,2025-10-21
ACC_000061,ACC_001252,112.45,2025-07-30
ACC_000061,ACC_001252,1122.63,2026-06-05
ACC_000061,ACC_001252,113.13,2025-08-09
ACC_000061,ACC_001252,1133.70,2026-01-08
ACC_000061,ACC_001252,1138.83,2025-10-16
ACC_000061,ACC_001252,114.29,2025-12-02
ACC_000061,ACC_001252,115.10,2026-02-26
ACC_000061,ACC_001252,115.76,2025-11-15
ACC_000061,ACC_001252,115.87,2025-08-04
ACC_000061,ACC_001252,1167.94,2025-11-15
ACC_000061,ACC_001252,1169.17,2025-11-25
ACC_000061,ACC_001252,1175.47,2026-05-11
ACC_000061,ACC_001252,1177.95,2025-08-08
ACC_000061,ACC_001252,118.70,2026-04-21
ACC_000061,ACC_001252,118.78,2025-10-25
ACC_000061,ACC_001252,119.18,2025-08-03
ACC_000061,ACC_001252,119.81,2026-01-30
ACC_000061,ACC_001252,1193.93,2025-12-06
ACC_000061,ACC_001252,1195.00,2026-03-20
ACC_000061,ACC_001252,1199.40,2025-10-19
ACC_000061,ACC_001252,120.08,2025-10-29
ACC_000061,ACC_001252,120.44,2025-10-22
ACC_000061,ACC_001252,1205.83,2025-08-12
ACC_000061,ACC_001252,121.97,2025-09-16
ACC_000061,ACC_001252,1215.53,2026-01-07
ACC_000061,ACC_001252,1221.26,2026-05-07
ACC_000061,ACC_001252,1226.23,2026-04-27
ACC_000061,ACC_001252,123.35,2026-05-02
ACC_000061,ACC_001252,1234.26,2025-07-26
ACC_000061,ACC_001252,124.27,2025-11-28
ACC_000061,ACC_001252,124.45,2025-11-19
ACC_000061,ACC_001252,125.29,2025-11-19
ACC_000061,ACC_001252,125.39,2025-08-19
ACC_000061,ACC_001252,1251.10,2026-02-06
ACC_000061,ACC_001252,1253.83,2025-10-20
ACC_000061,ACC_001252,127.56,2025-08-09
ACC_000061,ACC_001252,127.78,2025-12-08
ACC_000061,ACC_001252,127.99,2025-09-28
ACC_000061,ACC_001252,128.46,2026-01-10
ACC_000061,ACC_001252,129.78,2026-05-08
ACC_000061,ACC_001252,129.89,2026-04-18
ACC_000061,ACC_001252,1294.59,2026-04-27
ACC_000061,ACC_001252,130.60,2026-05-07
ACC_000061,ACC_001252,1306.01,2025-07-23
ACC_000061,ACC_001252,1306.03,2026-04-14
ACC_000061,ACC_001252,1316.39,2026-05-30
ACC_000061,ACC_001252,1329.94,2026-03-24
ACC_000061,ACC_001252,1338.81,2026-04-23
ACC_000061,ACC_001252,134.44,2026-05-15
ACC_000061,ACC_001252,135.88,2025-08-13
ACC_000061,ACC_001252,136.42,2025-10-23
ACC_000061,ACC_001252,1367.67,2026-04-14
ACC_000061,ACC_001252,1378.14,2026-04-10
ACC_000061,ACC_001252,139.32,2025-09-01
ACC_000061,ACC_001252,139.81,2026-04-17
ACC_000061,ACC_001252,140.36,2026-04-23
ACC_000061,ACC_001252,141.08,2025-10-01
ACC_000061,ACC_001252,141.52,2026-05-13
ACC_000061,ACC_001252,142.80,2026-04-19
ACC_000061,ACC_001252,142.82,2026-02-26
ACC_000061,ACC_001252,142.84,2025-12-01
ACC_000061,ACC_001252,143.17,2026-05-07
ACC_000061,ACC_001252,144.33,2026-01-11
ACC_000061,ACC_001252,1454.55,2026-04-06
ACC_000061,ACC_001252,1459.74,2026-01-16
ACC_000061,ACC_001252,1459.74,2026-01-20
ACC_000061,ACC_001252,147.59,2025-11-01
ACC_000061,ACC_001252,15.73,2025-11-28
ACC_000061,ACC_001252,150.30,2025-12-04
ACC_000061,ACC_001252,150.67,2025-10-25
ACC_000061,ACC_001252,1503.05,2025-09-11
ACC_000061,ACC_001252,1515.86,2025-12-27
ACC_000061,ACC_001252,152.18,2025-11-22
ACC_000061,ACC_001252,152.86,2026-05-11
ACC_000061,ACC_001252,154.64,2025-12-06
ACC_000061,ACC_001252,1551.14,2026-04-20
ACC_000061,ACC_001252,1567.44,2026-04-29
ACC_000061,ACC_001252,157.56,2026-04-14
ACC_000061,ACC_001252,1571.10,2026-04-26
ACC_000061,ACC_001252,158.18,2026-03-02
ACC_000061,ACC_001252,1588.75,2025-09-26
ACC_000061,ACC_001252,159.11,2025-12-06
ACC_000061,ACC_001252,159.60,2025-10-22
ACC_000061,ACC_001252,160.64,2026-05-12
ACC_000061,ACC_001252,1602.42,2026-05-01
ACC_000061,ACC_001252,1610.84,2025-07-30
ACC_000061,ACC_001252,1614.42,2025-08-04
ACC_000061,ACC_001252,1619.92,2026-01-12
ACC_000061,ACC_001252,163.65,2025-08-23
ACC_000061,ACC_001252,164.35,2026-05-01
ACC_000061,ACC_001252,164.55,2026-04-13
ACC_000061,ACC_001252,165.25,2026-01-10
ACC_000061,ACC_001252,165.60,2026-02-03
ACC_000061,ACC_001252,166.14,2026-03-05
ACC_000061,ACC_001252,167.76,2026-04-24
ACC_000061,ACC_001252,167.96,2025-12-02
ACC_000061,ACC_001252,1674.68,2026-04-20
ACC_000061,ACC_001252,1698.36,2025-11-16
ACC_000061,ACC_001252,17.09,2025-11-24
ACC_000061,ACC_001252,17.44,2025-10-23
ACC_000061,ACC_001252,17.62,2025-09-04
ACC_000061,ACC_001252,170.54,2025-12-14
ACC_000061,ACC_001252,170.88,2025-08-17
ACC_000061,ACC_001252,173.86,2025-12-07
ACC_000061,ACC_001252,1737.37,2025-08-13
ACC_000061,ACC_001252,1741.68,2026-04-30
ACC_000061,ACC_001252,175.72,2025-10-26
ACC_000061,ACC_001252,176.18,2026-04-25
ACC_000061,ACC_001252,176.85,2025-11-23
ACC_000061,ACC_001252,1772.61,2025-12-31
ACC_000061,ACC_001252,179.01,2026-05-26
ACC_000061,ACC_001252,18.10,2025-09-08
ACC_000061,ACC_001252,18.87,2026-03-06
ACC_000061,ACC_001252,18.95,2025-08-28
ACC_000061,ACC_001252,181.67,2025-08-03
ACC_000061,ACC_001252,182.78,2025-08-13
ACC_000061,ACC_001252,1828.64,2025-11-19
ACC_000061,ACC_001252,183.97,2026-04-28
ACC_000061,ACC_001252,184.20,2025-11-22
ACC_000061,ACC_001252,185.46,2025-12-02
ACC_000061,ACC_001252,186.02,2026-01-06
ACC_000061,ACC_001252,188.34,2025-12-10
ACC_000061,ACC_001252,1887.98,2026-04-24
ACC_000061,ACC_001252,19.26,2026-06-10
ACC_000061,ACC_001252,19.59,2025-11-08
ACC_000061,ACC_001252,19.99,2026-03-13
ACC_000061,ACC_001252,190.30,2026-02-03
ACC_000061,ACC_001252,191.20,2026-03-19
ACC_000061,ACC_001252,192.56,2025-11-18
ACC_000061,ACC_001252,193.78,2025-10-09
ACC_000061,ACC_001252,194.22,2025-09-05
ACC_000061,ACC_001252,195.10,2026-05-11
ACC_000061,ACC_001252,1960.16,2026-04-24
ACC_000061,ACC_001252,1967.07,2026-04-09
ACC_000061,ACC_001252,197.15,2026-06-01
ACC_000061,ACC_001252,198.49,2026-05-06
ACC_000061,ACC_001252,199.31,2025-10-03
ACC_000061,ACC_001252,1990.14,2025-08-10
ACC_000061,ACC_001252,20.23,2026-02-18
ACC_000061,ACC_001252,20.89,2025-12-05
ACC_000061,ACC_001252,200.06,2025-08-17
ACC_000061,ACC_001252,2000.95,2026-02-10
ACC_000061,ACC_001252,2032.00,2026-03-20
ACC_000061,ACC_001252,206.22,2025-12-11
ACC_000061,ACC_001252,206.38,2025-11-30
ACC_000061,ACC_001252,206.71,2026-01-22
ACC_000061,ACC_001252,207.18,2026-04-03
ACC_000061,ACC_001252,208.68,2026-02-22
ACC_000061,ACC_001252,2089.14,2025-09-14
ACC_000061,ACC_001252,209.76,2026-01-01
ACC_000061,ACC_001252,2095.46,2025-09-15
ACC_000061,ACC_001252,21.43,2026-03-02
ACC_000061,ACC_001252,21.53,2026-03-03
ACC_000061,ACC_001252,210.55,2026-04-23
ACC_000061,ACC_001252,2101.57,2026-04-18
ACC_000061,ACC_001252,2107.71,2026-02-19
ACC_000061,ACC_001252,212.44,2025-12-06
ACC_000061,ACC_001252,213.98,2026-04-27
ACC_000061,ACC_001252,215.75,2025-11-26
ACC_000061,ACC_001252,2157.15,2026-04-13
ACC_000061,ACC_001252,216.73,2026-03-22
ACC_000061,ACC_001252,217.14,2026-03-15
ACC_000061,ACC_001252,22.32,2026-04-27
ACC_000061,ACC_001252,22.48,2025-12-09
ACC_000061,ACC_001252,22.55,2026-03-22
ACC_000061,ACC_001252,22.68,2026-04-10
ACC_000061,ACC_001252,220.95,2025-08-20
ACC_000061,ACC_001252,2204.48,2026-05-16
ACC_000061,ACC_001252,224.16,2026-01-07
ACC_000061,ACC_001252,229.50,2025-12-15
ACC_000061,ACC_001252,23.26,2026-06-14
ACC_000061,ACC_001252,23.65,2025-12-29
ACC_000061,ACC_001252,230.57,2026-04-07
ACC_000061,ACC_001252,2311.17,2026-05-03
ACC_000061,ACC_001252,2336.39,2025-09-18
ACC_000061,ACC_001252,2338.48,2025-10-26
ACC_000061,ACC_001252,234.40,2026-05-30
ACC_000061,ACC_001252,234.43,2026-03-15
ACC_000061,ACC_001252,234.78,2025-12-10
ACC_000061,ACC_001252,239.89,2026-02-07
ACC_000061,ACC_001252,2397.25,2025-11-20
ACC_000061,ACC_001252,24.01,2025-11-27
ACC_000061,ACC_001252,24.27,2026-03-15
ACC_000061,ACC_001252,242.50,2025-08-21
ACC_000061,ACC_001252,245.67,2026-04-18
ACC_000061,ACC_001252,245.82,2026-03-13
ACC_000061,ACC_001252,246.80,2025-10-13
ACC_000061,ACC_001252,2465.51,2025-08-17
ACC_000061,ACC_001252,248.32,2026-06-05
ACC_000061,ACC_001252,25.07,2026-04-22
ACC_000061,ACC_001252,253.84,2025-10-07
ACC_000061,ACC_001252,254.00,2026-02-11
ACC_000061,ACC_001252,26.11,2025-12-25
ACC_000061,ACC_001252,26.46,2026-03-18
ACC_000061,ACC_001252,266.99,2026-03-09
ACC_000061,ACC_001252,27.53,2025-12-17
ACC_000061,ACC_001252,27.56,2026-03-11
ACC_000061,ACC_001252,27.86,2025-12-19
ACC_000061,ACC_001252,27.99,2025-09-02
ACC_000061,ACC_001252,272.21,2025-12-11
ACC_000061,ACC_001252,273.23,2025-08-21
ACC_000061,ACC_001252,274.58,2025-09-14
ACC_000061,ACC_001252,275.39,2026-03-30
ACC_000061,ACC_001252,2756.24,2026-02-20
ACC_000061,ACC_001252,276.30,2026-03-06
ACC_000061,ACC_001252,276.68,2025-11-21
ACC_000061,ACC_001252,278.70,2026-03-10
ACC_000061,ACC_001252,2795.15,2026-02-24
ACC_000061,ACC_001252,28.18,2025-10-27
ACC_000061,ACC_001252,28.64,2025-08-27
ACC_000061,ACC_001252,280.65,2025-11-12
ACC_000061,ACC_001252,2886.64,2026-05-20
ACC_000061,ACC_001252,29.71,2026-03-18
ACC_000061,ACC_001252,29.84,2026-04-03
ACC_000061,ACC_001252,292.32,2025-09-01
ACC_000061,ACC_001252,292.66,2025-08-12
ACC_000061,ACC_001252,2926.42,2025-08-23
ACC_000061,ACC_001252,2930.12,2025-08-14
ACC_000061,ACC_001252,295.36,2026-01-26
ACC_000061,ACC_001252,296.97,2025-11-29
ACC_000061,ACC_001252,2978.33,2025-10-30
ACC_000061,ACC_001252,299.38,2025-12-18
ACC_000061,ACC_001252,30.64,2025-12-21
ACC_000061,ACC_001252,3052.36,2025-08-19
ACC_000061,ACC_001252,31.64,2025-11-12
ACC_000061,ACC_001252,313.55,2025-08-24
ACC_000061,ACC_001252,319.54,2025-12-03
ACC_000061,ACC_001252,32.09,2025-08-24
ACC_000061,ACC_001252,32.28,2025-11-23
ACC_000061,ACC_001252,32.28,2026-04-06
ACC_000061,ACC_001252,32.31,2025-08-18
ACC_000061,ACC_001252,32.49,2025-07-28
ACC_000061,ACC_001252,32.49,2025-08-23
ACC_000061,ACC_001252,326.90,2025-09-10
ACC_000061,ACC_001252,33.13,2026-05-01
ACC_000061,ACC_001252,33.26,2026-03-07
ACC_000061,ACC_001252,330.50,2026-06-06
ACC_000061,ACC_001252,332.41,2025-09-12
ACC_000061,ACC_001252,333.71,2026-03-11
ACC_000061,ACC_001252,335.78,2025-09-14
ACC_000061,ACC_001252,3386.98,2026-02-23
ACC_000061,ACC_001252,34.86,2026-03-14
ACC_000061,ACC_001252,35.07,2026-03-09
ACC_000061,ACC_001252,35.57,2025-08-22
ACC_000061,ACC_001252,352.60,2025-12-14
ACC_000061,ACC_001252,353.24,2026-03-05
ACC_000061,ACC_001252,353.64,2026-03-08
ACC_000061,ACC_001252,354.26,2026-02-05
ACC_000061,ACC_001252,358.50,2025-08-14
ACC_000061,ACC_001252,358.63,2026-03-12
ACC_000061,ACC_001252,36.17,2025-09-24
ACC_000061,ACC_001252,36.68,2026-02-14
ACC_000061,ACC_001252,36.94,2026-01-14
ACC_000061,ACC_001252,37.16,2025-09-28
ACC_000061,ACC_001252,372.00,2025-11-17
ACC_000061,ACC_001252,38.35,2025-09-18
ACC_000061,ACC_001252,38.66,2025-08-19
ACC_000061,ACC_001252,382.80,2025-09-18
ACC_000061,ACC_001252,383.61,2025-08-17
ACC_000061,ACC_001252,386.85,2026-03-16
ACC_000061,ACC_001252,387.90,2025-07-16
ACC_000061,ACC_001252,39.07,2026-03-02
ACC_000061,ACC_001252,390.51,2025-09-16
ACC_000061,ACC_001252,392.31,2026-03-20
ACC_000061,ACC_001252,395.01,2026-03-17
ACC_000061,ACC_001252,398.58,2025-08-11
ACC_000061,ACC_001252,399.04,2026-06-10
ACC_000061,ACC_001252,40.67,2025-08-04
ACC_000061,ACC_001252,408.70,2026-06-11
ACC_000061,ACC_001252,41.40,2026-05-20
ACC_000061,ACC_001252,41.52,2025-08-01
ACC_000061,ACC_001252,42.48,2025-08-03
ACC_000061,ACC_001252,42.48,2026-03-30
ACC_000061,ACC_001252,421.47,2025-10-31
ACC_000061,ACC_001252,426.94,2026-03-20
ACC_000061,ACC_001252,430.71,2025-12-28
ACC_000061,ACC_001252,430.89,2025-08-16
ACC_000061,ACC_001252,445.58,2026-02-07
ACC_000061,ACC_001252,448.87,2025-09-08
ACC_000061,ACC_001252,45.06,2025-09-22
ACC_000061,ACC_001252,453.42,2025-11-16
ACC_000061,ACC_001252,459.27,2025-08-16
ACC_000061,ACC_001252,46.45,2026-03-27
ACC_000061,ACC_001252,47.52,2025-09-07
ACC_000061,ACC_001252,47.80,2026-04-11
ACC_000061,ACC_001252,48.25,2026-01-29
ACC_000061,ACC_001252,48.48,2025-08-23
ACC_000061,ACC_001252,489.21,2026-04-09
ACC_000061,ACC_001252,49.38,2025-08-29
ACC_000061,ACC_001252,49.79,2026-04-30
ACC_000061,ACC_001252,494.90,2025-08-28
ACC_000061,ACC_001252,50.63,2025-08-27
ACC_000061,ACC_001252,500.91,2026-03-16
ACC_000061,ACC_001252,509.13,2025-08-25
ACC_000061,ACC_001252,509.37,2025-08-15
ACC_000061,ACC_001252,51.98,2025-08-08
ACC_000061,ACC_001252,515.09,2025-08-11
ACC_000061,ACC_001252,516.15,2025-08-22
ACC_000061,ACC_001252,519.56,2026-01-01
ACC_000061,ACC_001252,527.35,2026-02-09
ACC_000061,ACC_001252,529.40,2026-04-27
ACC_000061,ACC_001252,53.57,2026-02-28
ACC_000061,ACC_001252,539.35,2026-02-24
ACC_000061,ACC_001252,54.03,2026-03-04
ACC_000061,ACC_001252,54.26,2025-11-17
ACC_000061,ACC_001252,54.72,2025-10-31
ACC_000061,ACC_001252,544.26,2025-07-29
ACC_000061,ACC_001252,545.78,2026-03-09
ACC_000061,ACC_001252,551.12,2025-09-21
ACC_000061,ACC_001252,56.68,2026-05-24
ACC_000061,ACC_001252,56.92,2025-09-26
ACC_000061,ACC_001252,567.10,2025-08-15
ACC_000061,ACC_001252,57.36,2025-07-30
ACC_000061,ACC_001252,57.55,2025-08-29
ACC_000061,ACC_001252,573.23,2025-08-10
ACC_000061,ACC_001252,574.53,2025-09-11
ACC_000061,ACC_001252,586.42,2026-04-02
ACC_000061,ACC_001252,588.56,2026-05-07
ACC_000061,ACC_001252,589.95,2025-11-10
ACC_000061,ACC_001252,593.51,2026-03-29
ACC_000061,ACC_001252,6.39,2025-11-22
ACC_000061,ACC_001252,6.71,2025-10-12
ACC_000061,ACC_001252,60.32,2025-11-24
ACC_000061,ACC_001252,61.20,2026-05-10
ACC_000061,ACC_001252,61.60,2026-02-08
ACC_000061,ACC_001252,61.68,2026-06-03
ACC_000061,ACC_001252,61.70,2026-05-21
ACC_000061,ACC_001252,61.82,2025-08-15
ACC_000061,ACC_001252,62.00,2025-08-16
ACC_000061,ACC_001252,623.33,2025-07-20
ACC_000061,ACC_001252,624.24,2026-06-07
ACC_000061,ACC_001252,625.29,2025-07-29
ACC_000061,ACC_001252,63.21,2025-08-03
ACC_000061,ACC_001252,634.26,2025-11-04
ACC_000061,ACC_001252,640.83,2025-12-15
ACC_000061,ACC_001252,658.01,2025-12-09
ACC_000061,ACC_001252,662.82,2025-11-26
ACC_000061,ACC_001252,663.55,2026-06-03
ACC_000061,ACC_001252,666.50,2025-11-27
ACC_000061,ACC_001252,67.94,2026-02-16
ACC_000061,ACC_001252,672.19,2025-07-16
ACC_000061,ACC_001252,679.17,2026-05-28
ACC_000061,ACC_001252,68.17,2026-05-04
ACC_000061,ACC_001252,68.54,2026-02-26
ACC_000061,ACC_001252,69.97,2026-04-19
ACC_000061,ACC_001252,690.45,2025-08-29
ACC_000061,ACC_001252,697.58,2025-10-20
ACC_000061,ACC_001252,698.18,2025-12-05
ACC_000061,ACC_001252,7.09,2025-10-16
ACC_000061,ACC_001252,7.29,2025-10-22
ACC_000061,ACC_001252,7.70,2025-10-26
ACC_000061,ACC_001252,70.28,2025-08-07
ACC_000061,ACC_001252,70.50,2026-04-15
ACC_000061,ACC_001252,701.69,2025-09-11
ACC_000061,ACC_001252,709.97,2026-04-29
ACC_000061,ACC_001252,71.62,2025-07-31
ACC_000061,ACC_001252,71.77,2026-03-31
ACC_000061,ACC_001252,71.82,2026-02-02
ACC_000061,ACC_001252,72.35,2026-05-06
ACC_000061,ACC_001252,72.91,2026-05-02
ACC_000061,ACC_001252,727.63,2025-11-23
ACC_000061,ACC_001252,729.29,2025-08-12
ACC_000061,ACC_001252,73.57,2025-10-27
ACC_000061,ACC_001252,73.67,2025-07-30
ACC_000061,ACC_001252,734.99,2025-07-25
ACC_000061,ACC_001252,736.65,2025-08-07
ACC_000061,ACC_001252,74.04,2025-09-11
ACC_000061,ACC_001252,74.47,2026-06-07
ACC_000061,ACC_001252,742.30,2025-10-23
ACC_000061,ACC_001252,75.25,2026-02-20
ACC_000061,ACC_001252,750.34,2026-02-07
ACC_000061,ACC_001252,750.36,2026-02-20
ACC_000061,ACC_001252,758.07,2025-09-15
ACC_000061,ACC_001252,758.90,2026-05-01
ACC_000061,ACC_001252,776.79,2026-04-28
ACC_000061,ACC_001252,78.05,2025-09-02
ACC_000061,ACC_001252,78.46,2025-08-13
ACC_000061,ACC_001252,784.93,2026-05-15
ACC_000061,ACC_001252,791.97,2025-09-04
ACC_000061,ACC_001252,795.23,2025-08-01
ACC_000061,ACC_001252,8.54,2025-11-18
ACC_000061,ACC_001252,801.12,2026-05-03
ACC_000061,ACC_001252,805.84,2026-05-11
ACC_000061,ACC_001252,81.28,2025-11-28
ACC_000061,ACC_001252,82.14,2025-10-26
ACC_000061,ACC_001252,821.38,2026-04-24
ACC_000061,ACC_001252,826.81,2026-01-03
ACC_000061,ACC_001252,83.09,2026-04-10
ACC_000061,ACC_001252,83.12,2025-10-30
ACC_000061,ACC_001252,830.99,2026-02-11
ACC_000061,ACC_001252,835.35,2025-09-25
ACC_000061,ACC_001252,84.24,2025-09-24
ACC_000061,ACC_001252,858.67,2026-04-19
ACC_000061,ACC_001252,86.04,2025-09-02
ACC_000061,ACC_001252,86.53,2026-04-21
ACC_000061,ACC_001252,86.60,2025-11-19
ACC_000061,ACC_001252,872.05,2025-08-03
ACC_000061,ACC_001252,874.94,2026-04-10
ACC_000061,ACC_001252,875.30,2025-10-16
ACC_000061,ACC_001252,878.83,2025-11-14
ACC_000061,ACC_001252,88.11,2025-10-02
ACC_000061,ACC_001252,884.16,2025-08-05
ACC_000061,ACC_001252,89.77,2026-05-19
ACC_000061,ACC_001252,89.94,2025-09-12
ACC_000061,ACC_001252,893.11,2025-11-30
ACC_000061,ACC_001252,895.17,2025-09-15
ACC_000061,ACC_001252,896.43,2025-09-15
ACC_000061,ACC_001252,90.51,2025-08-10
ACC_000061,ACC_001252,91.00,2025-09-28
ACC_000061,ACC_001252,91.69,2026-02-12
ACC_000061,ACC_001252,917.30,2025-11-04
ACC_000061,ACC_001252,919.58,2026-06-01
ACC_000061,ACC_001252,92.36,2025-11-15
ACC_000061,ACC_001252,92.95,2025-09-06
ACC_000061,ACC_001252,928.26,2025-11-08
ACC_000061,ACC_001252,938.92,2026-05-03
ACC_000061,ACC_001252,94.45,2025-08-13
ACC_000061,ACC_001252,94.90,2025-11-03
ACC_000061,ACC_001252,941.27,2026-04-23
ACC_000061,ACC_001252,945.30,2025-11-28
ACC_000061,ACC_001252,945.63,2025-07-19
ACC_000061,ACC_001252,95.89,2025-11-27
ACC_000061,ACC_001252,954.63,2025-12-19
ACC_000061,ACC_001252,96.04,2025-11-07
ACC_000061,ACC_001252,966.05,2026-05-26
ACC_000061,ACC_001252,97.11,2025-10-05
ACC_000061,ACC_001252,98.22,2026-04-14
ACC_000061,ACC_001252,98.45,2025-08-12
ACC_000061,ACC_001252,996.64,2025-12-15
ACC_000061,ACC_001253,48.69,2026-03-21
ACC_000061,ACC_001253,785.19,2026-04-04
ACC_000061,ACC_001263,13.74,2025-11-20
ACC_000061,ACC_001263,97.47,2025-12-02
ACC_000061,ACC_001264,301.15,2025-08-16
ACC_000061,ACC_001264,40.41,2025-09-06
ACC_000061,ACC_001264,6.68,2025-11-28
ACC_000061,ACC_001268,521.79,2025-09-24
ACC_000061,ACC_001268,63.10,2025-10-14
ACC_000061,ACC_001268,645.70,2025-12-12
ACC_000061,ACC_001268,903.23,2025-08-18
ACC_000061,ACC_001269,72.62,2025-10-05
ACC_000061,ACC_001273,171.78,2025-07-23
ACC_000061,ACC_001289,283.82,2026-02-05
ACC_000061,ACC_001291,1437.12,2026-03-15
ACC_000061,ACC_001291,634.48,2026-05-26
ACC_000061,ACC_001297,42.54,2025-09-22
ACC_000061,ACC_001297,74.45,2025-09-12
ACC_000061,ACC_001298,457.25,2025-08-29
ACC_000061,ACC_001299,2509.63,2026-01-29
ACC_000061,ACC_001301,160.73,2026-01-04
ACC_000061,ACC_001301,19.47,2025-12-23
ACC_000061,ACC_001301,2372.84,2026-03-06
ACC_000061,ACC_001301,465.82,2026-03-13
ACC_000061,ACC_001301,80.49,2025-11-03
ACC_000061,ACC_001301,929.45,2025-10-24
ACC_000061,ACC_001306,597.59,2025-10-12
ACC_000061,ACC_001306,74.69,2025-10-12
ACC_000061,ACC_001309,1153.03,2025-11-22
ACC_000061,ACC_001328,1725.06,2026-05-21
ACC_000061,ACC_001334,142.63,2026-06-04
ACC_000061,ACC_001334,217.90,2026-05-22
ACC_000061,ACC_001337,397.63,2026-05-28
ACC_000061,ACC_001337,403.65,2026-05-11
ACC_000061,ACC_001338,2178.37,2026-05-13
ACC_000061,ACC_001339,184.97,2026-03-18
ACC_000061,ACC_001339,2233.22,2026-02-18
ACC_000061,ACC_001339,363.10,2025-09-12
ACC_000061,ACC_001340,2395.22,2025-08-28
ACC_000061,ACC_001340,277.37,2025-08-06
ACC_000061,ACC_001340,46.40,2025-08-22
ACC_000061,ACC_001348,1144.16,2025-08-27
ACC_000061,ACC_001348,119.68,2025-11-12
ACC_000061,ACC_001348,1347.76,2025-11-21
ACC_000061,ACC_001348,460.47,2025-07-28
ACC_000061,ACC_001348,57.21,2025-08-01
ACC_000061,ACC_001348,575.33,2025-12-29
ACC_000061,ACC_001348,680.05,2026-03-21
ACC_000061,ACC_001348,70.43,2026-02-12
ACC_000061,ACC_001348,946.60,2025-11-13
ACC_000061,ACC_001348,978.12,2026-02-15
ACC_000061,ACC_001349,109.67,2026-04-16
ACC_000061,ACC_001349,131.53,2025-11-23
ACC_000061,ACC_001349,142.51,2025-12-13
ACC_000061,ACC_001349,1618.30,2025-12-17
ACC_000061,ACC_001349,167.39,2026-02-11
ACC_000061,ACC_001349,1729.61,2026-04-14
ACC_000061,ACC_001349,224.24,2026-04-14
ACC_000061,ACC_001349,263.25,2025-11-30
ACC_000061,ACC_001349,36.43,2025-07-22
ACC_000061,ACC_001349,382.71,2025-08-13
ACC_000061,ACC_001349,397.39,2025-12-17
ACC_000061,ACC_001349,44.89,2025-08-19
ACC_000061,ACC_001349,51.86,2025-08-05
ACC_000061,ACC_001349,589.03,2025-07-23
ACC_000061,ACC_001349,824.02,2026-05-23
ACC_000061,ACC_001354,338.26,2025-11-26
ACC_000061,ACC_001354,40.94,2025-12-04
ACC_000061,ACC_001355,13.96,2026-04-18
ACC_000061,ACC_001355,161.44,2026-03-09
ACC_000061,ACC_001355,172.89,2026-04-05
ACC_000061,ACC_001355,68.09,2026-04-14
ACC_000061,ACC_001356,154.14,2026-02-19
ACC_000061,ACC_001356,26.79,2026-04-11
ACC_000061,ACC_001356,417.72,2026-03-22
ACC_000061,ACC_001356,65.69,2026-04-06
ACC_000061,ACC_001356,873.69,2026-02-24
ACC_000061,ACC_001367,254.41,2025-08-27
ACC_000061,ACC_001372,11.34,2026-05-14
ACC_000061,ACC_001372,1122.23,2025-10-04
ACC_000061,ACC_001372,115.88,2026-04-06
ACC_000061,ACC_001372,1234.67,2025-11-26
ACC_000061,ACC_001372,132.93,2025-07-15
ACC_000061,ACC_001372,141.61,2025-10-12
ACC_000061,ACC_001372,164.89,2026-04-26
ACC_000061,ACC_001372,19.12,2026-04-21
ACC_000061,ACC_001372,20.77,2026-04-09
ACC_000061,ACC_001372,21.01,2025-07-24
ACC_000061,ACC_001372,223.57,2025-10-02
ACC_000061,ACC_001372,29.33,2026-05-19
ACC_000061,ACC_001372,327.03,2026-04-15
ACC_000061,ACC_001372,364.80,2026-04-20
ACC_000061,ACC_001372,569.35,2025-11-29
ACC_000061,ACC_001372,73.78,2026-04-17
ACC_000061,ACC_001372,89.85,2026-04-02
ACC_000061,ACC_001372,90.02,2025-12-14
ACC_000061,ACC_001372,924.06,2026-04-23
ACC_000061,ACC_001372,974.81,2026-04-14
ACC_000061,ACC_001374,2200.96,2026-04-13
ACC_000061,ACC_001387,234.90,2026-04-22
ACC_000061,ACC_001387,27.80,2026-05-15
ACC_000061,ACC_001387,32.15,2026-05-09
ACC_000061,ACC_001388,1209.93,2025-09-21
ACC_000061,ACC_001388,173.89,2025-10-04
ACC_000061,ACC_001388,206.80,2025-09-24
ACC_000061,ACC_001388,2891.95,2026-02-28
ACC_000061,ACC_001418,1003.60,2026-02-25
ACC_000061,ACC_001419,86.03,2026-02-26
ACC_000061,ACC_001428,626.68,2026-04-01
ACC_000061,ACC_001428,95.91,2026-03-27
ACC_000061,ACC_001431,1014.64,2026-01-19
ACC_000061,ACC_001431,1025.25,2026-01-03
ACC_000061,ACC_001431,103.69,2025-11-12
ACC_000061,ACC_001431,1042.43,2025-11-28
ACC_000061,ACC_001431,108.55,2025-12-28
ACC_000061,ACC_001431,108.80,2026-02-19
ACC_000061,ACC_001431,109.73,2026-02-08
ACC_000061,ACC_001431,1139.26,2025-09-03
ACC_000061,ACC_001431,1145.57,2026-01-23
ACC_000061,ACC_001431,115.59,2026-02-22
ACC_000061,ACC_001431,1267.91,2026-04-08
ACC_000061,ACC_001431,128.91,2025-10-18
ACC_000061,ACC_001431,1299.26,2026-02-06
ACC_000061,ACC_001431,1328.14,2026-04-21
ACC_000061,ACC_001431,133.11,2025-10-31
ACC_000061,ACC_001431,138.00,2026-06-08
ACC_000061,ACC_001431,14.09,2025-10-31
ACC_000061,ACC_001431,140.28,2026-01-02
ACC_000061,ACC_001431,1479.98,2025-10-16
ACC_000061,ACC_001431,150.39,2026-04-17
ACC_000061,ACC_001431,1576.21,2025-08-10
ACC_000061,ACC_001431,1602.36,2026-01-03
ACC_000061,ACC_001431,1657.30,2025-12-26
ACC_000061,ACC_001431,167.42,2026-02-09
ACC_000061,ACC_001431,169.04,2025-10-28
ACC_000061,ACC_001431,176.51,2025-12-29
ACC_000061,ACC_001431,18.62,2025-08-31
ACC_000061,ACC_001431,182.17,2026-04-08
ACC_000061,ACC_001431,1824.66,2026-01-20
ACC_000061,ACC_001431,185.54,2025-11-04
ACC_000061,ACC_001431,188.57,2026-01-06
ACC_000061,ACC_001431,195.00,2025-12-18
ACC_000061,ACC_001431,196.30,2025-10-28
ACC_000061,ACC_001431,212.66,2026-03-30
ACC_000061,ACC_001431,22.67,2025-10-21
ACC_000061,ACC_001431,2307.36,2025-10-08
ACC_000061,ACC_001431,2412.94,2025-09-03
ACC_000061,ACC_001431,2514.20,2026-04-14
ACC_000061,ACC_001431,26.57,2026-01-21
ACC_000061,ACC_001431,2623.24,2026-04-13
ACC_000061,ACC_001431,27.55,2026-03-29
ACC_000061,ACC_001431,274.80,2026-04-13
ACC_000061,ACC_001431,28.07,2025-11-06
ACC_000061,ACC_001431,280.10,2026-04-24
ACC_000061,ACC_001431,29.73,2026-03-23
ACC_000061,ACC_001431,295.84,2025-08-17
ACC_000061,ACC_001431,296.48,2025-12-26
ACC_000061,ACC_001431,31.06,2025-11-18
ACC_000061,ACC_001431,31.34,2025-11-20
ACC_000061,ACC_001431,310.43,2026-04-04
ACC_000061,ACC_001431,32.03,2026-01-14
ACC_000061,ACC_001431,336.11,2025-08-15
ACC_000061,ACC_001431,357.86,2026-01-19
ACC_000061,ACC_001431,3625.33,2025-10-03
ACC_000061,ACC_001431,363.36,2025-09-24
ACC_000061,ACC_001431,365.84,2026-02-25
ACC_000061,ACC_001431,37.15,2026-03-31
ACC_000061,ACC_001431,373.58,2026-02-08
ACC_000061,ACC_001431,38.47,2025-08-18
ACC_000061,ACC_001431,4.27,2026-05-02
ACC_000061,ACC_001431,4.75,2026-04-30
ACC_000061,ACC_001431,405.04,2025-08-26
ACC_000061,ACC_001431,417.11,2025-10-03
ACC_000061,ACC_001431,43.26,2026-05-28
ACC_000061,ACC_001431,433.89,2026-03-05
ACC_000061,ACC_001431,435.75,2025-09-09
ACC_000061,ACC_001431,436.24,2025-11-12
ACC_000061,ACC_001431,449.31,2025-09-10
ACC_000061,ACC_001431,460.37,2025-08-17
ACC_000061,ACC_001431,48.10,2026-02-25
ACC_000061,ACC_001431,49.43,2026-05-26
ACC_000061,ACC_001431,50.93,2026-01-18
ACC_000061,ACC_001431,520.39,2025-10-06
ACC_000061,ACC_001431,540.75,2026-02-18
ACC_000061,ACC_001431,5437.56,2025-08-04
ACC_000061,ACC_001431,552.10,2025-09-20
ACC_000061,ACC_001431,57.39,2026-01-05
ACC_000061,ACC_001431,57.67,2026-04-07
ACC_000061,ACC_001431,57.83,2026-02-12
ACC_000061,ACC_001431,577.41,2025-09-23
ACC_000061,ACC_001431,612.64,2026-01-22
ACC_000061,ACC_001431,62.38,2026-03-01
ACC_000061,ACC_001431,623.08,2025-08-16
ACC_000061,ACC_001431,630.21,2026-06-10
ACC_000061,ACC_001431,652.76,2026-04-08
ACC_000061,ACC_001431,671.19,2025-08-11
ACC_000061,ACC_001431,685.79,2025-10-13
ACC_000061,ACC_001431,69.82,2025-08-15
ACC_000061,ACC_001431,691.71,2025-08-29
ACC_000061,ACC_001431,701.00,2026-01-27
ACC_000061,ACC_001431,71.42,2026-05-12
ACC_000061,ACC_001431,730.52,2026-05-13
ACC_000061,ACC_001431,752.33,2026-02-01
ACC_000061,ACC_001431,796.05,2025-12-28
ACC_000061,ACC_001431,809.67,2026-02-24
ACC_000061,ACC_001431,82.35,2025-08-04
ACC_000061,ACC_001431,848.80,2026-01-11
ACC_000061,ACC_001431,85.34,2026-03-08
ACC_000061,ACC_001431,868.04,2026-06-03
ACC_000061,ACC_001431,926.45,2025-12-17
ACC_000061,ACC_001431,93.17,2026-01-05
ACC_000061,ACC_001431,94.46,2026-02-07
ACC_000061,ACC_001431,940.10,2026-02-26
ACC_000061,ACC_001431,960.95,2025-08-27
ACC_000061,ACC_001431,98.14,2025-12-11
ACC_000061,ACC_001431,98.34,2026-04-12
ACC_000061,ACC_001431,98.84,2026-05-12
ACC_000061,ACC_001483,527.45,2025-08-16
ACC_000061,ACC_001484,24.40,2025-09-11
ACC_000061,ACC_001484,323.99,2025-08-15
ACC_000061,ACC_001484,326.03,2025-09-11
ACC_000061,ACC_001484,616.60,2025-12-23
ACC_000061,ACC_001485,134.85,2026-04-14
ACC_000061,ACC_001485,24.23,2026-04-25
ACC_000061,ACC_001485,3864.49,2025-10-19
ACC_000061,ACC_001485,627.58,2025-10-12
ACC_000061,ACC_001485,7.98,2026-04-10
ACC_000061,ACC_001492,25.16,2026-02-15
ACC_000061,ACC_001492,455.19,2026-02-12
ACC_000061,ACC_001492,88.74,2026-02-27
ACC_000061,ACC_001499,1052.30,2026-01-16
ACC_000061,ACC_001499,11.60,2025-09-24
ACC_000061,ACC_001499,14.07,2026-06-07
ACC_000061,ACC_001499,35.27,2025-09-01
ACC_000061,ACC_001499,377.29,2025-08-06
ACC_000061,ACC_001499,466.22,2025-08-17
ACC_000061,ACC_001499,92.45,2025-11-20
ACC_000061,ACC_001499,946.54,2025-11-14
ACC_000061,ACC_001499,949.13,2026-02-25
ACC_000061,ACC_001500,130.29,2026-06-02
ACC_000061,ACC_001500,149.15,2025-11-15
ACC_000061,ACC_001500,184.56,2025-08-29
ACC_000061,ACC_001500,48.64,2025-07-28
ACC_000061,ACC_001500,65.58,2025-08-11
ACC_000061,ACC_001500,740.31,2025-11-19
ACC_000061,ACC_001500,89.31,2026-01-13
ACC_000061,ACC_001500,89.83,2025-08-16
ACC_000061,ACC_001501,202.79,2025-11-08
ACC_000061,ACC_001501,21.02,2025-11-30
ACC_000061,ACC_001501,23.73,2025-11-19
ACC_000061,ACC_001514,34.31,2025-11-12
ACC_000061,ACC_001514,403.93,2025-11-13
ACC_000061,ACC_001515,29.68,2025-11-06
ACC_000061,ACC_001528,112.05,2025-08-25
ACC_000061,ACC_001528,48.23,2025-08-26
ACC_000061,ACC_001528,839.72,2025-08-31
ACC_000061,ACC_001537,2621.27,2026-01-24
ACC_000061,ACC_001542,66.71,2026-02-07
ACC_000061,ACC_001543,494.58,2026-01-20
ACC_000061,ACC_001543,52.35,2026-01-24
ACC_000061,ACC_001568,40.80,2026-05-13
ACC_000061,ACC_001568,539.19,2026-05-27
ACC_000061,ACC_001571,97.50,2026-05-16
ACC_000062,ACC_001219,293.38,2025-11-05
ACC_000062,ACC_001348,324.08,2025-11-28
ACC_000062,ACC_001431,10.89,2025-08-29
ACC_000062,ACC_001431,118.58,2025-10-27
ACC_000062,ACC_001431,139.00,2025-07-29
ACC_000062,ACC_001431,14.76,2025-09-06
ACC_000062,ACC_001431,23.35,2025-07-20
ACC_000062,ACC_001431,91.93,2025-09-04
ACC_000062,ACC_001498,241.51,2026-04-17
ACC_000062,ACC_001498,40.10,2026-04-10
ACC_000062,ACC_001498,40.16,2026-04-03
ACC_000064,ACC_001301,175.27,2026-02-09
ACC_000066,ACC_001346,38.99,2025-08-17
ACC_000066,ACC_001347,455.45,2025-08-18
ACC_000066,ACC_001370,667.13,2026-02-12
ACC_000066,ACC_001431,214.29,2026-05-10
ACC_000066,ACC_001499,22.51,2025-12-10
ACC_000066,ACC_001499,53.70,2025-11-23
ACC_000066,ACC_001500,296.28,2025-11-24
ACC_000068,ACC_001431,19.06,2026-02-07
ACC_000068,ACC_001431,271.42,2026-02-13
ACC_000068,ACC_001431,43.79,2026-02-11
ACC_000070,ACC_001349,60.95,2025-11-20
ACC_000070,ACC_001431,123.48,2026-01-05
ACC_000070,ACC_001431,78.12,2026-01-26
ACC_000070,ACC_001431,834.34,2026-01-04
ACC_000071,ACC_001431,436.43,2026-05-24
ACC_000072,ACC_001215,300.29,2026-04-14
ACC_000072,ACC_001215,39.43,2026-04-01
ACC_000074,ACC_001348,101.42,2026-01-27
ACC_000074,ACC_001348,17.12,2026-02-02
ACC_000074,ACC_001349,5.99,2026-02-09
ACC_000074,ACC_001455,339.37,2026-01-08
ACC_000074,ACC_001456,19.96,2026-01-08
ACC_000076,ACC_001501,368.56,2025-09-08
ACC_000077,ACC_001337,21.93,2026-01-18
ACC_000077,ACC_001338,323.47,2026-01-10
ACC_000078,ACC_001431,304.02,2025-11-17
ACC_000078,ACC_001431,53.11,2025-11-06
ACC_000080,ACC_001359,338.14,2025-07-27
ACC_000081,ACC_001388,208.80,2025-10-20
ACC_000081,ACC_001388,30.69,2025-10-20
ACC_000081,ACC_001388,34.59,2025-10-08
ACC_000081,ACC_001431,436.36,2025-11-08
ACC_000081,ACC_001431,80.73,2025-12-09
ACC_000082,ACC_001380,17.83,2026-05-07
ACC_000082,ACC_001380,90.24,2026-05-06
ACC_000082,ACC_001431,102.94,2025-08-11
ACC_000082,ACC_001431,103.26,2025-08-25
ACC_000082,ACC_001431,527.93,2025-08-28
ACC_000082,ACC_001483,38.14,2025-12-26
ACC_000082,ACC_001483,409.36,2025-12-14
ACC_000082,ACC_001483,41.86,2025-12-21
ACC_000082,ACC_001499,176.97,2026-02-25
ACC_000082,ACC_001499,30.27,2025-11-10
ACC_000082,ACC_001499,59.96,2026-02-16
ACC_000082,ACC_001500,1060.50,2026-02-07
ACC_000082,ACC_001500,154.45,2025-10-27
ACC_000082,ACC_001500,18.02,2025-11-06
ACC_000082,ACC_001558,318.97,2026-01-16
ACC_000083,ACC_001324,1944.30,2026-05-28
ACC_000083,ACC_001340,112.98,2025-10-09
ACC_000083,ACC_001340,706.35,2026-06-05
ACC_000083,ACC_001357,129.31,2026-04-06
ACC_000083,ACC_001357,1509.30,2026-03-31
ACC_000083,ACC_001357,90.84,2026-03-29
ACC_000083,ACC_001388,24.13,2026-03-24
ACC_000083,ACC_001388,295.49,2026-03-23
ACC_000083,ACC_001388,40.31,2026-03-21
ACC_000083,ACC_001431,12.94,2025-12-10
ACC_000083,ACC_001431,139.77,2025-12-10
ACC_000083,ACC_001431,156.04,2026-04-25
ACC_000083,ACC_001431,16.28,2026-01-01
ACC_000083,ACC_001431,293.51,2025-12-13
ACC_000083,ACC_001431,911.56,2026-05-07
ACC_000083,ACC_001444,475.93,2025-12-30
ACC_000083,ACC_001444,48.45,2025-12-26
ACC_000083,ACC_001444,80.07,2025-12-27
ACC_000083,ACC_001522,1240.36,2025-10-06
ACC_000083,ACC_001523,234.45,2025-09-28
ACC_000083,ACC_001523,92.84,2025-10-24
ACC_000083,ACC_001526,201.04,2025-07-14
ACC_000084,ACC_001288,519.02,2025-08-21
ACC_000084,ACC_001302,52.92,2026-04-23
ACC_000084,ACC_001302,733.67,2026-04-05
ACC_000084,ACC_001309,10.03,2025-08-31
ACC_000084,ACC_001309,170.64,2025-08-20
ACC_000084,ACC_001309,24.21,2025-09-15
ACC_000084,ACC_001361,59.02,2025-08-22
ACC_000084,ACC_001361,698.92,2025-09-11
ACC_000084,ACC_001362,46.17,2025-09-12
ACC_000084,ACC_001374,355.01,2026-01-19
ACC_000084,ACC_001387,456.40,2026-03-19
ACC_000084,ACC_001395,2447.49,2026-01-04
ACC_000084,ACC_001395,401.53,2026-01-28
ACC_000084,ACC_001395,467.89,2026-01-18
ACC_000084,ACC_001431,1320.19,2026-03-01
ACC_000084,ACC_001431,140.83,2026-04-06
ACC_000084,ACC_001431,15.47,2026-04-05
ACC_000084,ACC_001431,151.95,2026-03-10
ACC_000084,ACC_001431,187.44,2025-11-19
ACC_000084,ACC_001431,28.91,2025-12-04
ACC_000084,ACC_001431,36.50,2026-05-17
ACC_000084,ACC_001431,441.47,2026-04-29
ACC_000084,ACC_001431,47.85,2025-12-26
ACC_000084,ACC_001431,504.48,2025-12-11
ACC_000084,ACC_001431,595.94,2025-12-14
ACC_000084,ACC_001431,74.82,2026-05-06
ACC_000084,ACC_001431,75.03,2025-12-07
ACC_000084,ACC_001431,965.38,2026-04-06
ACC_000084,ACC_001437,38.70,2025-12-06
ACC_000084,ACC_001437,572.03,2025-12-05
ACC_000084,ACC_001484,324.06,2026-03-24
ACC_000084,ACC_001484,63.49,2026-03-26
ACC_000084,ACC_001500,2846.20,2025-10-08
ACC_000084,ACC_001559,1054.97,2025-08-19
ACC_000084,ACC_001559,140.94,2025-08-07
ACC_000084,ACC_001559,190.65,2025-08-20
ACC_000084,ACC_001570,146.10,2025-08-16
ACC_000084,ACC_001570,1617.70,2025-08-26
ACC_000084,ACC_001571,234.92,2025-08-06
ACC_000087,ACC_001542,447.55,2025-07-21
ACC_000087,ACC_001542,59.84,2025-08-02
ACC_000088,ACC_001339,39.99,2025-10-07
ACC_000088,ACC_001339,429.14,2025-10-13
ACC_000088,ACC_001339,51.58,2025-10-07
ACC_000090,ACC_001343,240.70,2025-08-28
ACC_000090,ACC_001344,1710.00,2025-09-10
ACC_000090,ACC_001344,91.52,2025-09-07
ACC_000090,ACC_001431,606.86,2026-03-03
ACC_000093,ACC_001431,23.90,2025-09-05
ACC_000093,ACC_001431,259.20,2025-08-30
ACC_000093,ACC_001431,45.73,2025-09-19
ACC_000093,ACC_001431,51.89,2025-12-27
ACC_000093,ACC_001431,74.81,2025-12-28
ACC_000093,ACC_001431,867.80,2025-12-27
ACC_000093,ACC_001485,126.77,2026-04-10
ACC_000093,ACC_001485,752.70,2026-04-16
ACC_000093,ACC_001499,1023.62,2025-12-02
ACC_000093,ACC_001499,1382.30,2026-02-18
ACC_000093,ACC_001499,147.89,2026-02-07
ACC_000093,ACC_001499,259.11,2026-03-06
ACC_000093,ACC_001499,44.95,2026-03-02
ACC_000093,ACC_001499,981.18,2026-02-26
ACC_000093,ACC_001500,109.35,2025-12-12
ACC_000093,ACC_001500,126.94,2026-02-06
ACC_000093,ACC_001500,180.24,2026-02-22
ACC_000093,ACC_001510,166.61,2025-11-23
ACC_000093,ACC_001510,980.87,2025-11-01
ACC_000093,ACC_001511,52.20,2025-10-28
ACC_000094,ACC_001254,124.63,2025-09-18
ACC_000094,ACC_001255,1123.07,2025-10-11
ACC_000094,ACC_001279,2108.23,2025-12-20
ACC_000094,ACC_001279,383.93,2025-12-21
ACC_000094,ACC_001279,418.64,2026-01-06
ACC_000094,ACC_001365,1191.14,2025-07-30
ACC_000094,ACC_001365,205.82,2025-07-30
ACC_000094,ACC_001372,108.43,2026-06-02
ACC_000094,ACC_001372,1590.11,2026-05-12
ACC_000094,ACC_001372,174.52,2026-06-05
ACC_000094,ACC_001431,118.07,2026-01-07
ACC_000094,ACC_001431,1631.41,2025-12-18
ACC_000094,ACC_001431,1660.44,2025-10-25
ACC_000094,ACC_001431,184.07,2025-10-14
ACC_000094,ACC_001431,191.58,2025-08-12
ACC_000094,ACC_001431,200.66,2026-01-14
ACC_000094,ACC_001431,316.68,2025-11-05
ACC_000094,ACC_001431,34.86,2025-08-26
ACC_000094,ACC_001431,344.89,2026-05-24
ACC_000094,ACC_001431,3744.86,2025-08-10
ACC_000094,ACC_001431,434.19,2025-08-11
ACC_000094,ACC_001431,54.78,2026-06-10
ACC_000094,ACC_001457,1098.62,2025-10-26
ACC_000094,ACC_001457,140.39,2025-11-09
ACC_000094,ACC_001457,158.52,2025-11-09
ACC_000094,ACC_001499,173.05,2026-03-09
ACC_000094,ACC_001499,22.90,2026-03-11
ACC_000094,ACC_001500,547.10,2026-04-21
ACC_000094,ACC_001500,68.59,2026-04-13
ACC_000094,ACC_001500,76.09,2026-04-15
ACC_000094,ACC_001559,116.80,2026-04-22
ACC_000094,ACC_001559,688.42,2026-05-02
ACC_000094,ACC_001559,74.95,2026-05-06
ACC_000095,ACC_001339,57.67,2025-12-04
ACC_000095,ACC_001340,321.80,2025-12-06
ACC_000098,ACC_001230,97.11,2026-05-28
ACC_000098,ACC_001231,571.48,2026-05-26
ACC_000098,ACC_001231,93.09,2026-06-05
ACC_000099,ACC_001431,11.71,2025-10-24
ACC_000099,ACC_001431,132.46,2025-11-02
ACC_000099,ACC_001431,14.88,2025-11-02
ACC_000099,ACC_001431,257.82,2025-09-23
ACC_000100,ACC_001212,328.19,2025-10-08
ACC_000100,ACC_001212,52.01,2025-10-17
ACC_000100,ACC_001212,54.08,2025-10-09
ACC_000100,ACC_001252,140.80,2025-08-25
ACC_000100,ACC_001252,18.17,2025-09-02
ACC_000100,ACC_001344,30.69,2026-02-05
ACC_000100,ACC_001344,337.44,2026-02-16
ACC_000100,ACC_001365,92.65,2026-01-26
ACC_000100,ACC_001388,124.10,2025-12-30
ACC_000100,ACC_001388,140.42,2025-12-08
ACC_000100,ACC_001388,846.96,2025-12-30
ACC_000100,ACC_001406,15.18,2026-02-08
ACC_000100,ACC_001406,17.89,2026-01-22
ACC_000100,ACC_001406,225.49,2026-01-18
ACC_000100,ACC_001431,104.93,2025-12-17
ACC_000100,ACC_001431,176.51,2025-09-21
ACC_000100,ACC_001431,24.94,2025-10-02
ACC_000100,ACC_001431,296.75,2025-07-19
ACC_000100,ACC_001431,442.02,2026-04-14
ACC_000100,ACC_001431,50.85,2026-04-22
ACC_000100,ACC_001431,51.21,2026-04-13
ACC_000100,ACC_001431,540.62,2025-09-30
ACC_000100,ACC_001431,75.32,2025-09-27
ACC_000100,ACC_001431,84.83,2025-09-23
ACC_000100,ACC_001486,16.70,2025-11-13
ACC_000100,ACC_001486,316.43,2025-10-18
ACC_000100,ACC_001486,53.21,2025-10-27
ACC_000100,ACC_001542,28.25,2025-11-26
ACC_000100,ACC_001543,26.27,2025-11-25
ACC_000100,ACC_001543,298.33,2025-11-15
ACC_000101,ACC_001252,193.32,2025-09-21
ACC_000101,ACC_001252,33.89,2025-09-09
ACC_000101,ACC_001339,40.19,2026-05-03
ACC_000101,ACC_001340,560.91,2026-05-14
ACC_000101,ACC_001340,88.76,2026-04-23
ACC_000101,ACC_001343,712.33,2026-01-02
ACC_000101,ACC_001365,268.56,2025-08-29
ACC_000101,ACC_001372,102.85,2025-08-06
ACC_000101,ACC_001372,16.64,2025-08-12
ACC_000101,ACC_001388,56.92,2025-10-12
ACC_000101,ACC_001388,6.93,2025-09-28
ACC_000101,ACC_001431,105.24,2025-11-07
ACC_000101,ACC_001431,161.02,2026-02-07
ACC_000101,ACC_001431,17.16,2025-10-20
ACC_000101,ACC_001431,195.46,2026-02-17
ACC_000101,ACC_001431,211.33,2025-10-08
ACC_000101,ACC_001431,27.40,2026-03-10
ACC_000101,ACC_001431,327.87,2025-10-28
ACC_000101,ACC_001438,210.69,2025-10-30
ACC_000101,ACC_001438,32.14,2025-11-02
ACC_000101,ACC_001438,37.93,2025-10-31
ACC_000106,ACC_001380,15.30,2026-04-21
ACC_000106,ACC_001380,91.01,2026-05-03
ACC_000107,ACC_001438,443.73,2025-07-17
ACC_000107,ACC_001438,57.82,2025-08-03
ACC_000108,ACC_001431,137.23,2025-12-26
ACC_000109,ACC_001431,109.92,2025-10-01
ACC_000109,ACC_001431,550.00,2025-10-16
ACC_000112,ACC_001222,353.15,2025-09-25
ACC_000112,ACC_001222,60.99,2025-09-16
ACC_000112,ACC_001230,2.40,2026-06-01
ACC_000112,ACC_001230,36.98,2026-05-19
ACC_000112,ACC_001231,5.46,2026-06-11
ACC_000112,ACC_001298,35.08,2025-12-22
ACC_000112,ACC_001349,18.93,2025-08-19
ACC_000112,ACC_001349,341.87,2025-08-18
ACC_000112,ACC_001431,289.62,2026-04-05
ACC_000112,ACC_001431,357.01,2026-03-09
ACC_000112,ACC_001431,442.62,2025-11-23
ACC_000112,ACC_001431,576.88,2025-09-21
ACC_000112,ACC_001431,80.34,2025-11-21
ACC_000112,ACC_001431,87.19,2025-09-15
ACC_000112,ACC_001438,14.12,2025-11-25
ACC_000112,ACC_001438,3.94,2025-11-25
ACC_000112,ACC_001438,74.47,2025-11-03
ACC_000112,ACC_001484,10.52,2026-01-21
ACC_000112,ACC_001484,75.87,2026-02-02
ACC_000113,ACC_001348,82.52,2025-10-06
ACC_000113,ACC_001348,839.42,2025-10-09
ACC_000113,ACC_001356,126.01,2026-01-13
ACC_000113,ACC_001356,168.87,2026-01-05
ACC_000113,ACC_001356,959.13,2026-01-12
ACC_000113,ACC_001431,102.85,2025-12-06
ACC_000113,ACC_001431,1046.40,2025-12-16
ACC_000113,ACC_001431,356.08,2025-09-09
ACC_000113,ACC_001431,458.91,2025-10-06
ACC_000113,ACC_001450,101.48,2026-05-11
ACC_000113,ACC_001450,1910.69,2026-05-20
ACC_000113,ACC_001450,350.61,2026-05-09
ACC_000113,ACC_001569,1158.63,2025-11-18
ACC_000113,ACC_001569,62.69,2025-11-23
ACC_000114,ACC_001348,101.35,2025-12-27
ACC_000114,ACC_001388,451.47,2025-08-20
ACC_000114,ACC_001388,74.20,2025-09-08
ACC_000114,ACC_001431,11.17,2025-09-05
ACC_000114,ACC_001431,572.71,2026-01-04
ACC_000114,ACC_001431,68.93,2025-08-17
ACC_000114,ACC_001431,95.52,2026-01-14
ACC_000114,ACC_001438,39.05,2025-10-08
ACC_000114,ACC_001438,726.15,2025-10-16
ACC_000114,ACC_001438,97.16,2025-09-28
ACC_000114,ACC_001500,22.57,2026-01-17
ACC_000114,ACC_001500,335.29,2026-01-31
ACC_000115,ACC_001274,111.96,2026-02-18
ACC_000115,ACC_001274,834.66,2026-02-10
ACC_000115,ACC_001388,106.78,2025-10-25
ACC_000115,ACC_001388,543.18,2025-10-31
ACC_000115,ACC_001388,94.59,2025-10-28
ACC_000115,ACC_001438,1560.34,2026-01-02
ACC_000115,ACC_001438,288.20,2026-01-13
ACC_000116,ACC_001334,23.59,2025-07-26
ACC_000116,ACC_001334,265.81,2025-08-15
ACC_000116,ACC_001447,288.33,2025-08-09
ACC_000116,ACC_001498,14.35,2025-11-26
ACC_000116,ACC_001498,76.08,2025-12-02
ACC_000116,ACC_001498,8.44,2025-12-09
ACC_000116,ACC_001499,924.40,2026-05-06
ACC_000116,ACC_001508,49.18,2026-04-20
ACC_000116,ACC_001509,6.05,2026-04-21
ACC_000117,ACC_001226,57.65,2025-11-26
ACC_000117,ACC_001227,3.91,2025-12-19
ACC_000117,ACC_001252,1218.44,2026-03-23
ACC_000117,ACC_001252,14.62,2025-07-28
ACC_000117,ACC_001252,1581.55,2026-03-18
ACC_000117,ACC_001252,240.45,2025-08-24
ACC_000117,ACC_001252,25.21,2026-02-14
ACC_000117,ACC_001252,308.39,2026-02-13
ACC_000117,ACC_001252,36.32,2025-09-04
ACC_000117,ACC_001252,48.07,2025-09-12
ACC_000117,ACC_001252,5.91,2025-08-15
ACC_000117,ACC_001252,722.91,2026-05-03
ACC_000117,ACC_001252,74.81,2025-08-12
ACC_000117,ACC_001280,267.17,2025-08-27
ACC_000117,ACC_001281,43.34,2025-09-02
ACC_000117,ACC_001301,519.28,2025-10-14
ACC_000117,ACC_001301,59.55,2026-02-11
ACC_000117,ACC_001301,593.20,2026-02-10
ACC_000117,ACC_001301,77.26,2025-10-27
ACC_000117,ACC_001328,36.02,2025-12-25
ACC_000117,ACC_001340,1415.75,2025-08-20
ACC_000117,ACC_001340,183.40,2025-08-03
ACC_000117,ACC_001346,150.62,2026-01-22
ACC_000117,ACC_001348,486.06,2025-08-14
ACC_000117,ACC_001348,7.81,2025-11-21
ACC_000117,ACC_001349,152.61,2025-12-04
ACC_000117,ACC_001349,16.25,2025-12-03
ACC_000117,ACC_001349,25.69,2026-02-11
ACC_000117,ACC_001349,369.69,2026-02-11
ACC_000117,ACC_001349,70.28,2025-08-18
ACC_000117,ACC_001355,221.87,2025-11-12
ACC_000117,ACC_001355,50.29,2025-10-15
ACC_000117,ACC_001355,82.71,2025-11-04
ACC_000117,ACC_001356,1511.43,2025-10-31
ACC_000117,ACC_001356,485.71,2025-09-16
ACC_000117,ACC_001371,194.35,2026-05-04
ACC_000117,ACC_001372,15.76,2025-08-14
ACC_000117,ACC_001372,244.83,2025-08-12
ACC_000117,ACC_001372,314.38,2025-11-15
ACC_000117,ACC_001372,4.70,2025-10-01
ACC_000117,ACC_001372,91.52,2025-10-02
ACC_000117,ACC_001384,309.46,2025-11-18
ACC_000117,ACC_001384,60.01,2025-11-28
ACC_000117,ACC_001388,133.94,2025-10-09
ACC_000117,ACC_001388,51.97,2025-12-03
ACC_000117,ACC_001388,693.61,2025-11-15
ACC_000117,ACC_001388,8.06,2025-09-28
ACC_000117,ACC_001388,803.18,2025-11-21
ACC_000117,ACC_001415,72.38,2026-04-02
ACC_000117,ACC_001415,74.26,2026-03-10
ACC_000117,ACC_001416,475.17,2026-03-09
ACC_000117,ACC_001431,107.46,2026-04-02
ACC_000117,ACC_001431,1077.35,2025-11-28
ACC_000117,ACC_001431,115.02,2025-08-21
ACC_000117,ACC_001431,1217.56,2026-01-24
ACC_000117,ACC_001431,123.18,2026-01-21
ACC_000117,ACC_001431,127.26,2025-12-12
ACC_000117,ACC_001431,13.45,2025-08-26
ACC_000117,ACC_001431,137.02,2026-01-19
ACC_000117,ACC_001431,16.80,2026-02-03
ACC_000117,ACC_001431,17.04,2026-01-18
ACC_000117,ACC_001431,18.10,2025-08-21
ACC_000117,ACC_001431,18.59,2025-12-02
ACC_000117,ACC_001431,1960.45,2025-11-11
ACC_000117,ACC_001431,207.54,2026-06-11
ACC_000117,ACC_001431,221.42,2026-02-01
ACC_000117,ACC_001431,228.82,2025-08-21
ACC_000117,ACC_001431,249.22,2025-10-25
ACC_000117,ACC_001431,277.05,2026-01-21
ACC_000117,ACC_001431,29.19,2026-01-30
ACC_000117,ACC_001431,3.59,2025-10-22
ACC_000117,ACC_001431,34.97,2026-06-11
ACC_000117,ACC_001431,364.45,2026-03-24
ACC_000117,ACC_001431,37.45,2026-02-01
ACC_000117,ACC_001431,37.76,2025-08-25
ACC_000117,ACC_001431,4.62,2026-02-27
ACC_000117,ACC_001431,406.99,2025-12-21
ACC_000117,ACC_001431,41.35,2025-09-09
ACC_000117,ACC_001431,5.21,2025-09-05
ACC_000117,ACC_001431,50.12,2025-12-09
ACC_000117,ACC_001431,530.46,2025-10-18
ACC_000117,ACC_001431,55.00,2025-11-22
ACC_000117,ACC_001431,56.51,2026-02-27
ACC_000117,ACC_001431,56.54,2025-10-31
ACC_000117,ACC_001431,56.96,2025-10-30
ACC_000117,ACC_001431,570.28,2026-02-17
ACC_000117,ACC_001431,59.33,2026-03-23
ACC_000117,ACC_001431,59.79,2025-12-23
ACC_000117,ACC_001431,61.56,2025-10-01
ACC_000117,ACC_001431,62.52,2026-04-13
ACC_000117,ACC_001431,633.39,2025-10-14
ACC_000117,ACC_001431,67.67,2026-01-04
ACC_000117,ACC_001431,7.95,2026-04-07
ACC_000117,ACC_001431,75.28,2025-12-08
ACC_000117,ACC_001431,827.56,2025-12-16
ACC_000117,ACC_001431,89.37,2025-10-08
ACC_000117,ACC_001431,9.33,2026-02-02
ACC_000117,ACC_001431,9.69,2026-04-15
ACC_000117,ACC_001431,95.25,2026-02-28
ACC_000117,ACC_001431,98.38,2026-02-04
ACC_000117,ACC_001438,303.01,2026-01-07
ACC_000117,ACC_001438,31.72,2026-01-16
ACC_000117,ACC_001449,610.03,2026-02-06
ACC_000117,ACC_001454,143.29,2026-03-06
ACC_000117,ACC_001482,71.60,2026-03-20
ACC_000117,ACC_001482,763.32,2026-03-08
ACC_000117,ACC_001484,543.01,2025-11-28
ACC_000117,ACC_001498,104.91,2025-10-13
ACC_000117,ACC_001498,528.90,2025-09-22
ACC_000117,ACC_001499,26.68,2026-02-18
ACC_000117,ACC_001499,298.39,2025-12-09
ACC_000117,ACC_001499,326.72,2025-08-18
ACC_000117,ACC_001499,37.01,2025-12-03
ACC_000117,ACC_001499,488.54,2025-11-29
ACC_000117,ACC_001499,573.23,2025-10-12
ACC_000117,ACC_001500,198.90,2026-04-12
ACC_000117,ACC_001500,30.32,2026-02-27
ACC_000117,ACC_001500,321.50,2026-02-19
ACC_000117,ACC_001500,35.89,2026-04-13
ACC_000117,ACC_001500,51.51,2025-10-27
ACC_000117,ACC_001557,94.48,2026-05-04
ACC_000117,ACC_001570,73.19,2025-09-03
ACC_000117,ACC_001571,511.36,2025-09-01
ACC_000117,ACC_001572,768.55,2026-01-16
ACC_000117,ACC_001583,13.71,2025-09-04
ACC_000117,ACC_001584,221.69,2025-09-28
ACC_000118,ACC_001348,60.25,2025-10-06
ACC_000118,ACC_001499,241.75,2025-12-23
ACC_000118,ACC_001500,1367.48,2025-12-23
ACC_000119,ACC_001304,3.70,2026-01-24
ACC_000119,ACC_001304,46.88,2026-01-24
ACC_000119,ACC_001305,7.65,2026-02-06
ACC_000120,ACC_001355,682.04,2025-09-24
ACC_000120,ACC_001355,88.95,2025-09-28
ACC_000120,ACC_001356,103.16,2025-09-27
ACC_000120,ACC_001431,111.07,2025-09-13
ACC_000120,ACC_001431,606.26,2025-08-17
ACC_000120,ACC_001431,699.27,2026-01-27
ACC_000120,ACC_001431,82.70,2025-09-02
ACC_000120,ACC_001431,856.48,2026-03-24
ACC_000120,ACC_001547,76.50,2025-10-02
ACC_000120,ACC_001573,371.60,2025-10-16
ACC_000120,ACC_001573,71.97,2025-10-07
ACC_000121,ACC_001268,201.79,2026-05-28
ACC_000121,ACC_001268,28.90,2026-05-25
ACC_000121,ACC_001268,39.57,2026-05-20
ACC_000121,ACC_001340,895.17,2025-11-07
ACC_000121,ACC_001348,20.02,2026-02-01
ACC_000121,ACC_001349,108.64,2026-01-31
ACC_000121,ACC_001361,966.72,2026-03-24
ACC_000121,ACC_001431,1698.30,2026-05-04
ACC_000121,ACC_001431,269.54,2026-05-09
ACC_000121,ACC_001485,118.22,2025-12-04
ACC_000121,ACC_001485,16.59,2025-11-22
ACC_000121,ACC_001485,162.94,2025-12-15
ACC_000121,ACC_001485,19.87,2025-12-10
ACC_000121,ACC_001485,25.60,2025-12-27
ACC_000121,ACC_001559,123.54,2025-12-31
ACC_000121,ACC_001559,1743.41,2026-01-01
ACC_000123,ACC_001372,306.54,2025-09-01
ACC_000123,ACC_001372,32.27,2025-08-24
ACC_000123,ACC_001431,226.58,2025-12-24
ACC_000123,ACC_001431,23.42,2025-09-08
ACC_000123,ACC_001431,293.17,2025-08-18
ACC_000123,ACC_001431,41.53,2026-04-17
ACC_000123,ACC_001431,44.73,2025-12-24
ACC_000123,ACC_001527,411.75,2026-04-26
ACC_000123,ACC_001527,77.49,2026-04-21
ACC_000124,ACC_001287,44.89,2025-12-11
ACC_000124,ACC_001288,4.79,2025-12-11
ACC_000125,ACC_001348,47.52,2026-01-17
ACC_000125,ACC_001349,334.63,2026-01-19
ACC_000125,ACC_001349,39.39,2026-01-13
ACC_000125,ACC_001431,10.96,2025-12-19
ACC_000125,ACC_001431,101.83,2025-12-12
ACC_000125,ACC_001431,7.04,2026-01-09
ACC_000125,ACC_001499,390.17,2025-09-03
ACC_000125,ACC_001500,32.49,2025-08-30
ACC_000125,ACC_001500,47.91,2025-09-06
ACC_000127,ACC_001431,104.49,2025-10-16
ACC_000127,ACC_001431,15.61,2025-10-18
ACC_000129,ACC_001353,157.64,2026-01-12
ACC_000129,ACC_001353,22.79,2026-01-09
ACC_000129,ACC_001372,16.74,2025-09-19
ACC_000129,ACC_001372,18.26,2025-09-19
ACC_000129,ACC_001372,212.35,2025-09-21
ACC_000129,ACC_001431,106.14,2026-02-05
ACC_000129,ACC_001431,5.53,2026-01-16
ACC_000129,ACC_001459,132.86,2025-08-30
ACC_000129,ACC_001459,171.92,2025-09-16
ACC_000129,ACC_001459,902.10,2025-09-03
ACC_000130,ACC_001348,458.25,2025-12-08
ACC_000131,ACC_001339,590.79,2025-09-27
ACC_000131,ACC_001340,218.98,2025-10-15
ACC_000131,ACC_001340,2999.42,2025-10-12
ACC_000131,ACC_001431,15.89,2026-03-01
ACC_000131,ACC_001431,209.36,2026-02-22
ACC_000132,ACC_001395,111.08,2025-09-10
ACC_000132,ACC_001395,758.88,2025-09-14
ACC_000132,ACC_001499,178.41,2025-09-27
ACC_000132,ACC_001499,35.45,2025-09-09
ACC_000133,ACC_001500,5001.03,2025-12-22
ACC_000134,ACC_001257,1354.13,2025-09-01
ACC_000134,ACC_001257,180.23,2025-08-27
ACC_000135,ACC_001423,446.33,2026-04-03
ACC_000135,ACC_001423,60.40,2026-04-20
ACC_000135,ACC_001424,52.53,2026-04-03
ACC_000136,ACC_001372,161.63,2026-04-24
ACC_000136,ACC_001372,2427.82,2026-04-17
ACC_000136,ACC_001372,260.03,2026-04-18
ACC_000137,ACC_001348,1165.61,2026-04-22
ACC_000137,ACC_001431,118.06,2026-02-10
ACC_000137,ACC_001431,12.28,2026-02-13
ACC_000137,ACC_001431,136.65,2025-11-11
ACC_000137,ACC_001431,3557.94,2025-08-14
ACC_000137,ACC_001431,422.12,2025-08-06
ACC_000137,ACC_001431,837.19,2025-11-11
ACC_000142,ACC_001431,15.60,2026-03-10
ACC_000142,ACC_001431,96.67,2026-03-20
ACC_000143,ACC_001209,716.61,2026-05-03
ACC_000143,ACC_001236,604.63,2025-08-29
ACC_000143,ACC_001252,10.49,2025-10-27
ACC_000143,ACC_001252,1003.83,2025-12-01
ACC_000143,ACC_001252,1015.86,2026-02-12
ACC_000143,ACC_001252,102.96,2026-03-26
ACC_000143,ACC_001252,1051.62,2025-10-08
ACC_000143,ACC_001252,1055.77,2025-08-04
ACC_000143,ACC_001252,106.55,2025-12-18
ACC_000143,ACC_001252,106.58,2026-01-17
ACC_000143,ACC_001252,106.66,2025-09-16
ACC_000143,ACC_001252,1065.11,2025-12-13
ACC_000143,ACC_001252,1068.14,2025-12-05
ACC_000143,ACC_001252,1072.76,2026-04-08
ACC_000143,ACC_001252,108.18,2025-12-14
ACC_000143,ACC_001252,1083.93,2026-01-21
ACC_000143,ACC_001252,1087.11,2026-03-25
ACC_000143,ACC_001252,109.64,2025-08-13
ACC_000143,ACC_001252,11.33,2026-03-03
ACC_000143,ACC_001252,11.57,2025-10-10
ACC_000143,ACC_001252,110.83,2025-10-09
ACC_000143,ACC_001252,1105.43,2026-04-25
ACC_000143,ACC_001252,113.90,2025-10-11
ACC_000143,ACC_001252,1132.38,2025-09-03
ACC_000143,ACC_001252,114.71,2025-10-30
ACC_000143,ACC_001252,114.72,2025-12-14
ACC_000143,ACC_001252,115.22,2026-03-14
ACC_000143,ACC_001252,115.40,2026-04-09
ACC_000143,ACC_001252,115.93,2025-09-20
ACC_000143,ACC_001252,116.19,2025-08-10
ACC_000143,ACC_001252,116.36,2025-11-05
ACC_000143,ACC_001252,116.90,2026-02-25
ACC_000143,ACC_001252,117.46,2026-03-19
ACC_000143,ACC_001252,1171.16,2026-04-22
ACC_000143,ACC_001252,120.23,2026-04-05
ACC_000143,ACC_001252,1205.10,2025-10-08
ACC_000143,ACC_001252,123.60,2025-12-28
ACC_000143,ACC_001252,1237.52,2026-01-25
ACC_000143,ACC_001252,1246.61,2025-09-16
ACC_000143,ACC_001252,1248.99,2025-08-09
ACC_000143,ACC_001252,125.18,2025-09-10
ACC_000143,ACC_001252,1256.97,2025-08-18
ACC_000143,ACC_001252,126.21,2025-12-22
ACC_000143,ACC_001252,126.45,2025-09-09
ACC_000143,ACC_001252,1261.70,2025-12-17
ACC_000143,ACC_001252,128.10,2026-01-14
ACC_000143,ACC_001252,128.49,2026-02-04
ACC_000143,ACC_001252,129.05,2025-12-19
ACC_000143,ACC_001252,1290.23,2025-12-10
ACC_000143,ACC_001252,1298.11,2026-05-20
ACC_000143,ACC_001252,13.19,2026-02-27
ACC_000143,ACC_001252,13.35,2026-05-11
ACC_000143,ACC_001252,13.62,2026-03-23
ACC_000143,ACC_001252,130.37,2025-11-01
ACC_000143,ACC_001252,1307.85,2026-01-24
ACC_000143,ACC_001252,1320.82,2026-03-16
ACC_000143,ACC_001252,133.75,2026-03-16
ACC_000143,ACC_001252,133.85,2026-05-18
ACC_000143,ACC_001252,1354.89,2025-09-20
ACC_000143,ACC_001252,136.84,2026-01-20
ACC_000143,ACC_001252,137.24,2026-03-20
ACC_000143,ACC_001252,1388.58,2025-11-11
ACC_000143,ACC_001252,139.58,2026-03-15
ACC_000143,ACC_001252,1395.07,2025-07-31
ACC_000143,ACC_001252,14.07,2026-03-24
ACC_000143,ACC_001252,14.18,2025-11-01
ACC_000143,ACC_001252,1410.85,2026-01-26
ACC_000143,ACC_001252,142.26,2026-03-13
ACC_000143,ACC_001252,1431.20,2025-08-17
ACC_000143,ACC_001252,145.23,2026-06-10
ACC_000143,ACC_001252,1465.92,2025-11-12
ACC_000143,ACC_001252,147.86,2025-12-14
ACC_000143,ACC_001252,1471.26,2026-04-26
ACC_000143,ACC_001252,148.43,2025-12-17
ACC_000143,ACC_001252,1491.10,2025-08-13
ACC_000143,ACC_001252,1495.82,2025-10-04
ACC_000143,ACC_001252,15.06,2025-11-06
ACC_000143,ACC_001252,15.44,2026-03-26
ACC_000143,ACC_001252,15.86,2025-10-18
ACC_000143,ACC_001252,1505.59,2026-03-15
ACC_000143,ACC_001252,152.13,2026-04-28
ACC_000143,ACC_001252,1524.33,2026-02-16
ACC_000143,ACC_001252,154.40,2025-12-09
ACC_000143,ACC_001252,154.97,2025-12-23
ACC_000143,ACC_001252,157.30,2026-01-10
ACC_000143,ACC_001252,1589.96,2025-08-17
ACC_000143,ACC_001252,16.44,2025-10-31
ACC_000143,ACC_001252,16.72,2026-03-20
ACC_000143,ACC_001252,16.87,2025-11-02
ACC_000143,ACC_001252,161.59,2026-03-29
ACC_000143,ACC_001252,161.98,2026-04-04
ACC_000143,ACC_001252,1626.57,2026-03-19
ACC_000143,ACC_001252,1627.84,2025-12-14
ACC_000143,ACC_001252,164.30,2025-12-13
ACC_000143,ACC_001252,164.38,2025-08-14
ACC_000143,ACC_001252,165.95,2025-09-14
ACC_000143,ACC_001252,1667.78,2025-10-22
ACC_000143,ACC_001252,167.61,2025-11-25
ACC_000143,ACC_001252,1682.80,2026-04-21
ACC_000143,ACC_001252,1683.68,2025-10-04
ACC_000143,ACC_001252,1695.49,2025-12-12
ACC_000143,ACC_001252,17.69,2025-11-13
ACC_000143,ACC_001252,17.87,2025-11-18
ACC_000143,ACC_001252,17.89,2026-03-27
ACC_000143,ACC_001252,17.94,2025-10-28
ACC_000143,ACC_001252,174.52,2026-03-01
ACC_000143,ACC_001252,174.99,2026-04-08
ACC_000143,ACC_001252,1767.03,2025-08-13
ACC_000143,ACC_001252,178.46,2025-10-15
ACC_000143,ACC_001252,178.96,2025-10-04
ACC_000143,ACC_001252,18.29,2026-01-18
ACC_000143,ACC_001252,18.56,2025-10-14
ACC_000143,ACC_001252,180.89,2026-05-15
ACC_000143,ACC_001252,181.18,2025-08-27
ACC_000143,ACC_001252,184.26,2026-06-07
ACC_000143,ACC_001252,184.37,2025-10-26
ACC_000143,ACC_001252,185.67,2025-08-24
ACC_000143,ACC_001252,187.00,2025-08-09
ACC_000143,ACC_001252,187.96,2025-12-13
ACC_000143,ACC_001252,188.32,2025-09-09
ACC_000143,ACC_001252,188.74,2025-11-05
ACC_000143,ACC_001252,189.89,2026-04-28
ACC_000143,ACC_001252,1894.09,2025-12-30
ACC_000143,ACC_001252,1898.53,2026-05-24
ACC_000143,ACC_001252,1899.85,2026-02-18
ACC_000143,ACC_001252,19.20,2026-01-15
ACC_000143,ACC_001252,19.82,2025-11-09
ACC_000143,ACC_001252,190.57,2026-04-30
ACC_000143,ACC_001252,192.80,2026-02-08
ACC_000143,ACC_001252,1921.13,2025-11-16
ACC_000143,ACC_001252,194.17,2025-11-21
ACC_000143,ACC_001252,195.11,2026-03-06
ACC_000143,ACC_001252,1965.17,2025-11-28
ACC_000143,ACC_001252,1982.87,2026-03-23
ACC_000143,ACC_001252,199.06,2026-06-11
ACC_000143,ACC_001252,199.76,2026-01-08
ACC_000143,ACC_001252,20.24,2025-11-23
ACC_000143,ACC_001252,20.28,2026-03-30
ACC_000143,ACC_001252,20.28,2026-05-11
ACC_000143,ACC_001252,200.40,2025-10-13
ACC_000143,ACC_001252,2009.75,2025-12-26
ACC_000143,ACC_001252,201.01,2026-03-25
ACC_000143,ACC_001252,201.98,2026-01-16
ACC_000143,ACC_001252,202.18,2026-01-04
ACC_000143,ACC_001252,202.99,2025-07-19
ACC_000143,ACC_001252,2049.89,2026-05-03
ACC_000143,ACC_001252,206.30,2025-08-10
ACC_000143,ACC_001252,207.31,2025-11-17
ACC_000143,ACC_001252,207.67,2025-11-12
ACC_000143,ACC_001252,208.76,2026-05-02
ACC_000143,ACC_001252,208.88,2026-01-07
ACC_000143,ACC_001252,21.96,2025-10-16
ACC_000143,ACC_001252,210.19,2025-12-09
ACC_000143,ACC_001252,210.51,2025-11-21
ACC_000143,ACC_001252,210.57,2026-04-01
ACC_000143,ACC_001252,212.30,2026-04-02
ACC_000143,ACC_001252,214.30,2025-09-15
ACC_000143,ACC_001252,214.54,2025-10-17
ACC_000143,ACC_001252,215.09,2026-05-22
ACC_000143,ACC_001252,216.46,2025-12-20
ACC_000143,ACC_001252,2195.17,2026-01-30
ACC_000143,ACC_001252,22.00,2025-08-09
ACC_000143,ACC_001252,22.90,2025-08-12
ACC_000143,ACC_001252,220.07,2025-12-10
ACC_000143,ACC_001252,2206.64,2026-06-06
ACC_000143,ACC_001252,222.08,2025-11-21
ACC_000143,ACC_001252,223.02,2025-12-05
ACC_000143,ACC_001252,223.90,2025-09-13
ACC_000143,ACC_001252,225.60,2025-11-22
ACC_000143,ACC_001252,2266.80,2025-08-13
ACC_000143,ACC_001252,227.18,2026-03-02
ACC_000143,ACC_001252,228.20,2025-12-14
ACC_000143,ACC_001252,23.17,2026-01-15
ACC_000143,ACC_001252,23.57,2026-03-26
ACC_000143,ACC_001252,23.73,2026-05-07
ACC_000143,ACC_001252,23.86,2026-02-16
ACC_000143,ACC_001252,23.86,2026-05-18
ACC_000143,ACC_001252,230.09,2026-05-02
ACC_000143,ACC_001252,232.04,2025-11-29
ACC_000143,ACC_001252,234.89,2025-12-13
ACC_000143,ACC_001252,237.60,2026-04-02
ACC_000143,ACC_001252,2383.94,2026-06-10
ACC_000143,ACC_001252,239.45,2026-05-27
ACC_000143,ACC_001252,240.26,2025-12-10
ACC_000143,ACC_001252,241.01,2025-08-14
ACC_000143,ACC_001252,244.08,2026-03-30
ACC_000143,ACC_001252,244.30,2026-04-28
ACC_000143,ACC_001252,245.34,2025-08-20
ACC_000143,ACC_001252,246.23,2025-12-22
ACC_000143,ACC_001252,2468.56,2025-09-01
ACC_000143,ACC_001252,249.44,2026-03-14
ACC_000143,ACC_001252,2498.96,2025-10-26
ACC_000143,ACC_001252,25.10,2025-07-26
ACC_000143,ACC_001252,25.39,2026-05-09
ACC_000143,ACC_001252,25.56,2025-12-18
ACC_000143,ACC_001252,25.70,2025-08-13
ACC_000143,ACC_001252,25.94,2025-09-27
ACC_000143,ACC_001252,250.50,2025-12-18
ACC_000143,ACC_001252,251.98,2025-12-09
ACC_000143,ACC_001252,255.49,2025-11-26
ACC_000143,ACC_001252,255.49,2025-12-10
ACC_000143,ACC_001252,258.31,2025-08-23
ACC_000143,ACC_001252,258.69,2026-05-31
ACC_000143,ACC_001252,2584.44,2025-09-30
ACC_000143,ACC_001252,26.10,2026-05-16
ACC_000143,ACC_001252,26.61,2025-12-13
ACC_000143,ACC_001252,2669.92,2026-03-19
ACC_000143,ACC_001252,267.12,2025-12-16
ACC_000143,ACC_001252,267.27,2025-10-23
ACC_000143,ACC_001252,269.11,2025-09-04
ACC_000143,ACC_001252,27.19,2025-08-13
ACC_000143,ACC_001252,270.06,2026-05-05
ACC_000143,ACC_001252,270.66,2026-03-21
ACC_000143,ACC_001252,272.16,2025-11-16
ACC_000143,ACC_001252,272.82,2026-02-20
ACC_000143,ACC_001252,272.94,2025-09-19
ACC_000143,ACC_001252,273.10,2025-12-24
ACC_000143,ACC_001252,278.93,2025-12-12
ACC_000143,ACC_001252,28.05,2026-03-27
ACC_000143,ACC_001252,28.36,2025-12-20
ACC_000143,ACC_001252,28.37,2026-01-22
ACC_000143,ACC_001252,28.45,2026-01-11
ACC_000143,ACC_001252,28.72,2025-11-22
ACC_000143,ACC_001252,28.91,2026-05-22
ACC_000143,ACC_001252,280.45,2025-11-25
ACC_000143,ACC_001252,2804.42,2026-05-07
ACC_000143,ACC_001252,283.46,2025-10-13
ACC_000143,ACC_001252,283.61,2026-05-19
ACC_000143,ACC_001252,2836.37,2026-02-22
ACC_000143,ACC_001252,285.46,2025-11-09
ACC_000143,ACC_001252,2876.27,2025-12-02
ACC_000143,ACC_001252,289.44,2026-05-03
ACC_000143,ACC_001252,2890.90,2026-01-27
ACC_000143,ACC_001252,29.33,2025-08-16
ACC_000143,ACC_001252,29.61,2025-12-14
ACC_000143,ACC_001252,29.77,2026-01-19
ACC_000143,ACC_001252,29.82,2026-03-22
ACC_000143,ACC_001252,290.11,2026-04-26
ACC_000143,ACC_001252,295.38,2026-02-02
ACC_000143,ACC_001252,30.13,2026-04-09
ACC_000143,ACC_001252,30.14,2025-12-17
ACC_000143,ACC_001252,30.46,2025-11-26
ACC_000143,ACC_001252,30.84,2025-10-01
ACC_000143,ACC_001252,30.93,2025-11-14
ACC_000143,ACC_001252,303.13,2025-12-14
ACC_000143,ACC_001252,3035.94,2026-01-23
ACC_000143,ACC_001252,304.64,2026-05-15
ACC_000143,ACC_001252,308.57,2025-07-23
ACC_000143,ACC_001252,3084.50,2026-02-14
ACC_000143,ACC_001252,31.26,2026-01-26
ACC_000143,ACC_001252,31.53,2025-12-03
ACC_000143,ACC_001252,31.63,2026-05-20
ACC_000143,ACC_001252,312.75,2025-09-21
ACC_000143,ACC_001252,315.56,2026-03-10
ACC_000143,ACC_001252,319.92,2026-03-29
ACC_000143,ACC_001252,32.85,2025-12-16
ACC_000143,ACC_001252,323.87,2026-01-11
ACC_000143,ACC_001252,326.58,2026-01-26
ACC_000143,ACC_001252,326.70,2025-12-26
ACC_000143,ACC_001252,327.03,2026-04-03
ACC_000143,ACC_001252,33.18,2025-07-26
ACC_000143,ACC_001252,33.40,2025-07-22
ACC_000143,ACC_001252,33.62,2026-05-01
ACC_000143,ACC_001252,33.75,2025-09-29
ACC_000143,ACC_001252,338.29,2025-12-21
ACC_000143,ACC_001252,34.98,2025-08-17
ACC_000143,ACC_001252,343.86,2026-03-28
ACC_000143,ACC_001252,346.27,2025-11-25
ACC_000143,ACC_001252,347.92,2025-12-16
ACC_000143,ACC_001252,349.15,2026-05-07
ACC_000143,ACC_001252,35.03,2025-11-19
ACC_000143,ACC_001252,35.18,2026-03-30
ACC_000143,ACC_001252,35.30,2025-10-12
ACC_000143,ACC_001252,35.39,2026-02-12
ACC_000143,ACC_001252,35.45,2026-05-03
ACC_000143,ACC_001252,35.54,2025-10-21
ACC_000143,ACC_001252,35.93,2025-09-04
ACC_000143,ACC_001252,358.89,2025-11-13
ACC_000143,ACC_001252,36.11,2025-10-21
ACC_000143,ACC_001252,360.20,2026-02-24
ACC_000143,ACC_001252,364.31,2025-12-27
ACC_000143,ACC_001252,366.64,2025-12-22
ACC_000143,ACC_001252,368.34,2025-12-03
ACC_000143,ACC_001252,3682.73,2025-09-05
ACC_000143,ACC_001252,369.46,2026-05-09
ACC_000143,ACC_001252,373.98,2025-08-17
ACC_000143,ACC_001252,38.05,2025-10-25
ACC_000143,ACC_001252,38.48,2026-02-28
ACC_000143,ACC_001252,38.53,2025-12-08
ACC_000143,ACC_001252,38.66,2025-10-25
ACC_000143,ACC_001252,383.66,2025-08-31
ACC_000143,ACC_001252,39.21,2025-12-04
ACC_000143,ACC_001252,396.26,2026-03-24
ACC_000143,ACC_001252,4.56,2026-05-17
ACC_000143,ACC_001252,40.56,2026-05-05
ACC_000143,ACC_001252,40.81,2026-05-13
ACC_000143,ACC_001252,400.47,2025-10-27
ACC_000143,ACC_001252,41.11,2025-11-18
ACC_000143,ACC_001252,41.90,2026-01-19
ACC_000143,ACC_001252,416.40,2025-07-23
ACC_000143,ACC_001252,419.20,2025-11-09
ACC_000143,ACC_001252,42.43,2025-09-03
ACC_000143,ACC_001252,42.76,2026-05-07
ACC_000143,ACC_001252,420.44,2026-03-21
ACC_000143,ACC_001252,420.63,2025-12-04
ACC_000143,ACC_001252,424.73,2025-10-17
ACC_000143,ACC_001252,431.65,2026-05-19
ACC_000143,ACC_001252,44.16,2025-07-22
ACC_000143,ACC_001252,44.74,2025-09-05
ACC_000143,ACC_001252,443.84,2025-11-17
ACC_000143,ACC_001252,444.69,2025-11-13
ACC_000143,ACC_001252,449.79,2025-08-02
ACC_000143,ACC_001252,45.77,2025-09-01
ACC_000143,ACC_001252,45.80,2026-03-23
ACC_000143,ACC_001252,45.91,2026-01-21
ACC_000143,ACC_001252,45.96,2026-05-27
ACC_000143,ACC_001252,4551.39,2026-02-18
ACC_000143,ACC_001252,457.94,2026-06-02
ACC_000143,ACC_001252,458.75,2026-01-29
ACC_000143,ACC_001252,46.25,2025-09-28
ACC_000143,ACC_001252,47.12,2026-01-30
ACC_000143,ACC_001252,47.66,2026-03-21
ACC_000143,ACC_001252,470.72,2025-11-30
ACC_000143,ACC_001252,48.86,2025-11-09
ACC_000143,ACC_001252,481.18,2025-08-21
ACC_000143,ACC_001252,484.35,2026-01-22
ACC_000143,ACC_001252,49.21,2026-04-05
ACC_000143,ACC_001252,49.73,2025-11-05
ACC_000143,ACC_001252,491.46,2025-08-29
ACC_000143,ACC_001252,495.13,2025-12-25
ACC_000143,ACC_001252,499.13,2026-02-01
ACC_000143,ACC_001252,499.30,2025-12-23
ACC_000143,ACC_001252,50.19,2026-04-03
ACC_000143,ACC_001252,50.81,2026-03-04
ACC_000143,ACC_001252,508.35,2025-09-25
ACC_000143,ACC_001252,518.29,2026-05-25
ACC_000143,ACC_001252,52.85,2025-12-14
ACC_000143,ACC_001252,53.55,2025-12-22
ACC_000143,ACC_001252,54.04,2025-09-07
ACC_000143,ACC_001252,54.86,2025-10-03
ACC_000143,ACC_001252,55.43,2026-02-19
ACC_000143,ACC_001252,55.89,2025-08-31
ACC_000143,ACC_001252,55.90,2025-10-15
ACC_000143,ACC_001252,55.94,2026-01-25
ACC_000143,ACC_001252,554.20,2025-07-19
ACC_000143,ACC_001252,556.76,2025-11-10
ACC_000143,ACC_001252,56.85,2026-05-25
ACC_000143,ACC_001252,565.44,2026-05-30
ACC_000143,ACC_001252,566.60,2025-11-06
ACC_000143,ACC_001252,57.70,2026-03-13
ACC_000143,ACC_001252,574.38,2026-03-28
ACC_000143,ACC_001252,576.27,2025-08-06
ACC_000143,ACC_001252,58.28,2026-03-29
ACC_000143,ACC_001252,586.64,2025-11-11
ACC_000143,ACC_001252,59.06,2026-04-27
ACC_000143,ACC_001252,59.20,2026-03-17
ACC_000143,ACC_001252,59.28,2026-01-28
ACC_000143,ACC_001252,59.32,2025-09-09
ACC_000143,ACC_001252,59.59,2026-03-30
ACC_000143,ACC_001252,599.85,2026-03-25
ACC_000143,ACC_001252,60.29,2026-03-17
ACC_000143,ACC_001252,60.42,2026-01-15
ACC_000143,ACC_001252,60.83,2026-05-14
ACC_000143,ACC_001252,605.74,2025-12-12
ACC_000143,ACC_001252,613.19,2026-06-02
ACC_000143,ACC_001252,62.52,2026-01-23
ACC_000143,ACC_001252,62.67,2025-09-05
ACC_000143,ACC_001252,633.25,2026-04-25
ACC_000143,ACC_001252,64.09,2025-11-22
ACC_000143,ACC_001252,647.86,2025-10-04
ACC_000143,ACC_001252,67.83,2025-09-03
ACC_000143,ACC_001252,68.37,2026-05-31
ACC_000143,ACC_001252,68.90,2025-12-10
ACC_000143,ACC_001252,690.29,2026-05-29
ACC_000143,ACC_001252,7.02,2025-12-28
ACC_000143,ACC_001252,7.29,2026-05-15
ACC_000143,ACC_001252,70.42,2025-11-11
ACC_000143,ACC_001252,709.77,2025-08-30
ACC_000143,ACC_001252,71.31,2026-01-17
ACC_000143,ACC_001252,71.44,2026-01-13
ACC_000143,ACC_001252,712.42,2025-11-28
ACC_000143,ACC_001252,72.06,2026-05-19
ACC_000143,ACC_001252,720.17,2026-03-04
ACC_000143,ACC_001252,723.70,2026-03-14
ACC_000143,ACC_001252,726.57,2026-01-17
ACC_000143,ACC_001252,73.31,2025-12-14
ACC_000143,ACC_001252,73.72,2025-09-07
ACC_000143,ACC_001252,735.60,2025-12-01
ACC_000143,ACC_001252,736.98,2025-08-22
ACC_000143,ACC_001252,74.70,2025-11-15
ACC_000143,ACC_001252,742.56,2026-03-18
ACC_000143,ACC_001252,748.29,2026-04-07
ACC_000143,ACC_001252,75.18,2025-10-02
ACC_000143,ACC_001252,75.38,2025-12-03
ACC_000143,ACC_001252,75.73,2026-05-29
ACC_000143,ACC_001252,752.22,2026-02-05
ACC_000143,ACC_001252,753.30,2026-06-03
ACC_000143,ACC_001252,764.38,2026-03-20
ACC_000143,ACC_001252,764.59,2025-08-25
ACC_000143,ACC_001252,769.22,2025-11-24
ACC_000143,ACC_001252,77.16,2026-05-18
ACC_000143,ACC_001252,779.61,2026-04-03
ACC_000143,ACC_001252,780.77,2025-11-07
ACC_000143,ACC_001252,785.06,2026-04-12
ACC_000143,ACC_001252,79.64,2026-03-25
ACC_000143,ACC_001252,8.34,2026-05-13
ACC_000143,ACC_001252,8.62,2025-12-24
ACC_000143,ACC_001252,8.82,2025-11-05
ACC_000143,ACC_001252,80.70,2026-04-23
ACC_000143,ACC_001252,80.76,2026-03-10
ACC_000143,ACC_001252,81.28,2025-09-13
ACC_000143,ACC_001252,82.15,2026-05-10
ACC_000143,ACC_001252,82.20,2026-02-15
ACC_000143,ACC_001252,827.06,2025-08-30
ACC_000143,ACC_001252,83.09,2026-05-02
ACC_000143,ACC_001252,838.45,2026-01-29
ACC_000143,ACC_001252,85.89,2026-01-01
ACC_000143,ACC_001252,855.17,2026-04-21
ACC_000143,ACC_001252,86.88,2026-01-21
ACC_000143,ACC_001252,87.97,2026-01-19
ACC_000143,ACC_001252,870.30,2026-03-08
ACC_000143,ACC_001252,883.36,2025-12-05
ACC_000143,ACC_001252,89.34,2026-02-01
ACC_000143,ACC_001252,898.23,2026-01-20
ACC_000143,ACC_001252,9.88,2025-10-14
ACC_000143,ACC_001252,91.32,2025-12-10
ACC_000143,ACC_001252,912.13,2026-06-06
ACC_000143,ACC_001252,92.01,2025-12-10
ACC_000143,ACC_001252,93.24,2025-12-18
ACC_000143,ACC_001252,939.56,2026-03-29
ACC_000143,ACC_001252,94.70,2025-10-13
ACC_000143,ACC_001252,940.96,2025-09-03
ACC_000143,ACC_001252,95.29,2026-03-09
ACC_000143,ACC_001252,95.53,2025-12-10
ACC_000143,ACC_001252,97.14,2025-10-11
ACC_000143,ACC_001252,97.63,2026-06-06
ACC_000143,ACC_001252,981.21,2025-12-16
ACC_000143,ACC_001252,989.04,2025-11-15
ACC_000143,ACC_001301,1352.78,2025-09-05
ACC_000143,ACC_001340,1838.99,2025-11-08
ACC_000143,ACC_001348,123.99,2025-08-21
ACC_000143,ACC_001348,2119.82,2025-07-26
ACC_000143,ACC_001348,634.37,2026-03-07
ACC_000143,ACC_001349,226.80,2025-08-21
ACC_000143,ACC_001355,700.41,2025-08-07
ACC_000143,ACC_001355,85.89,2025-08-23
ACC_000143,ACC_001372,1062.18,2025-10-02
ACC_000143,ACC_001372,1846.69,2026-03-21
ACC_000143,ACC_001372,211.43,2025-08-13
ACC_000143,ACC_001372,2180.91,2025-08-14
ACC_000143,ACC_001372,231.70,2026-03-10
ACC_000143,ACC_001372,353.38,2025-08-29
ACC_000143,ACC_001372,434.57,2026-04-10
ACC_000143,ACC_001372,79.86,2026-04-18
ACC_000143,ACC_001388,145.30,2026-06-07
ACC_000143,ACC_001431,11.04,2026-05-02
ACC_000143,ACC_001431,1540.73,2026-05-21
ACC_000143,ACC_001431,1559.70,2025-08-05
ACC_000143,ACC_001431,1665.46,2026-05-24
ACC_000143,ACC_001431,1668.13,2026-01-13
ACC_000143,ACC_001431,173.32,2026-04-27
ACC_000143,ACC_001431,176.58,2026-03-05
ACC_000143,ACC_001431,1786.46,2026-03-02
ACC_000143,ACC_001431,179.67,2025-08-22
ACC_000143,ACC_001431,184.76,2026-03-15
ACC_000143,ACC_001431,186.24,2026-03-03
ACC_000143,ACC_001431,2163.67,2025-11-22
ACC_000143,ACC_001431,23.63,2025-09-01
ACC_000143,ACC_001431,239.42,2026-01-03
ACC_000143,ACC_001431,31.86,2026-04-30
ACC_000143,ACC_001431,326.05,2025-08-24
ACC_000143,ACC_001431,331.16,2026-01-04
ACC_000143,ACC_001431,349.61,2025-11-29
ACC_000143,ACC_001431,430.54,2025-11-13
ACC_000143,ACC_001431,453.70,2025-09-22
ACC_000143,ACC_001431,59.80,2026-03-14
ACC_000143,ACC_001431,69.42,2025-10-03
ACC_000143,ACC_001431,69.92,2025-12-03
ACC_000143,ACC_001431,745.75,2025-10-01
ACC_000143,ACC_001431,799.44,2025-11-19
ACC_000143,ACC_001431,80.06,2025-12-02
ACC_000143,ACC_001431,80.85,2026-03-19
ACC_000143,ACC_001431,827.92,2026-03-11
ACC_000143,ACC_001431,929.95,2025-10-10
ACC_000143,ACC_001459,647.32,2025-12-28
ACC_000143,ACC_001500,486.56,2025-08-11
ACC_000143,ACC_001559,712.55,2026-03-17
ACC_000143,ACC_001559,79.81,2026-03-21
ACC_000144,ACC_001252,10.00,2025-10-17
ACC_000144,ACC_001252,100.02,2025-11-14
ACC_000144,ACC_001252,101.05,2025-08-18
ACC_000144,ACC_001252,1019.04,2026-04-25
ACC_000144,ACC_001252,102.13,2025-09-01
ACC_000144,ACC_001252,102.13,2025-09-05
ACC_000144,ACC_001252,102.80,2026-04-19
ACC_000144,ACC_001252,1022.87,2025-09-16
ACC_000144,ACC_001252,1025.72,2025-10-03
ACC_000144,ACC_001252,103.84,2025-10-28
ACC_000144,ACC_001252,1031.97,2025-12-24
ACC_000144,ACC_001252,1046.19,2026-05-06
ACC_000144,ACC_001252,1051.48,2026-04-19
ACC_000144,ACC_001252,106.87,2025-12-14
ACC_000144,ACC_001252,1063.63,2025-10-15
ACC_000144,ACC_001252,107.38,2026-04-23
ACC_000144,ACC_001252,107.80,2026-03-11
ACC_000144,ACC_001252,108.12,2026-05-03
ACC_000144,ACC_001252,109.09,2026-01-24
ACC_000144,ACC_001252,109.36,2025-09-30
ACC_000144,ACC_001252,109.74,2025-09-02
ACC_000144,ACC_001252,109.94,2026-03-14
ACC_000144,ACC_001252,11.33,2026-05-03
ACC_000144,ACC_001252,11.49,2026-03-29
ACC_000144,ACC_001252,1100.54,2025-11-23
ACC_000144,ACC_001252,1115.77,2025-12-10
ACC_000144,ACC_001252,1125.52,2026-04-15
ACC_000144,ACC_001252,1128.50,2026-05-24
ACC_000144,ACC_001252,1130.67,2026-04-27
ACC_000144,ACC_001252,1147.86,2026-04-30
ACC_000144,ACC_001252,117.33,2026-04-14
ACC_000144,ACC_001252,117.68,2026-04-24
ACC_000144,ACC_001252,1178.31,2026-03-31
ACC_000144,ACC_001252,1179.62,2025-08-08
ACC_000144,ACC_001252,118.84,2025-11-28
ACC_000144,ACC_001252,1187.23,2025-12-16
ACC_000144,ACC_001252,119.21,2025-08-01
ACC_000144,ACC_001252,1190.55,2025-10-07
ACC_000144,ACC_001252,1191.12,2026-05-10
ACC_000144,ACC_001252,1197.26,2026-04-26
ACC_000144,ACC_001252,12.26,2026-04-02
ACC_000144,ACC_001252,120.69,2026-03-09
ACC_000144,ACC_001252,1203.88,2025-09-10
ACC_000144,ACC_001252,1205.04,2025-10-03
ACC_000144,ACC_001252,121.20,2025-11-15
ACC_000144,ACC_001252,1217.99,2025-09-20
ACC_000144,ACC_001252,123.16,2025-09-10
ACC_000144,ACC_001252,123.58,2025-12-12
ACC_000144,ACC_001252,123.70,2025-12-08
ACC_000144,ACC_001252,123.76,2025-07-24
ACC_000144,ACC_001252,1238.59,2025-09-03
ACC_000144,ACC_001252,1238.95,2026-02-04
ACC_000144,ACC_001252,1249.52,2026-05-10
ACC_000144,ACC_001252,1266.96,2025-09-21
ACC_000144,ACC_001252,127.18,2026-04-05
ACC_000144,ACC_001252,127.30,2026-01-22
ACC_000144,ACC_001252,1272.46,2026-05-21
ACC_000144,ACC_001252,129.89,2026-02-16
ACC_000144,ACC_001252,1292.22,2025-08-16
ACC_000144,ACC_001252,1298.79,2025-09-22
ACC_000144,ACC_001252,130.60,2026-02-20
ACC_000144,ACC_001252,1310.30,2025-09-07
ACC_000144,ACC_001252,1319.30,2025-10-10
ACC_000144,ACC_001252,1319.96,2025-09-06
ACC_000144,ACC_001252,132.47,2026-02-04
ACC_000144,ACC_001252,1322.38,2026-04-22
ACC_000144,ACC_001252,133.20,2025-11-11
ACC_000144,ACC_001252,1332.62,2026-01-20
ACC_000144,ACC_001252,1347.29,2025-09-11
ACC_000144,ACC_001252,1348.70,2026-03-20
ACC_000144,ACC_001252,135.13,2026-01-01
ACC_000144,ACC_001252,135.96,2026-03-18
ACC_000144,ACC_001252,136.28,2025-10-13
ACC_000144,ACC_001252,136.60,2026-05-02
ACC_000144,ACC_001252,1368.61,2025-07-25
ACC_000144,ACC_001252,137.54,2026-04-20
ACC_000144,ACC_001252,139.15,2026-04-20
ACC_000144,ACC_001252,139.59,2026-01-09
ACC_000144,ACC_001252,14.40,2026-02-23
ACC_000144,ACC_001252,1402.57,2025-11-25
ACC_000144,ACC_001252,1407.14,2025-09-20
ACC_000144,ACC_001252,141.98,2025-10-09
ACC_000144,ACC_001252,1410.74,2026-01-16
ACC_000144,ACC_001252,144.28,2025-10-07
ACC_000144,ACC_001252,144.78,2026-03-15
ACC_000144,ACC_001252,1446.08,2025-10-22
ACC_000144,ACC_001252,1446.86,2025-09-26
ACC_000144,ACC_001252,145.38,2025-10-03
ACC_000144,ACC_001252,1466.36,2025-12-01
ACC_000144,ACC_001252,1496.06,2025-11-27
ACC_000144,ACC_001252,15.15,2026-04-20
ACC_000144,ACC_001252,15.45,2026-01-07
ACC_000144,ACC_001252,150.76,2026-04-12
ACC_000144,ACC_001252,151.76,2026-01-15
ACC_000144,ACC_001252,151.78,2026-03-02
ACC_000144,ACC_001252,151.93,2025-11-18
ACC_000144,ACC_001252,1520.62,2025-07-29
ACC_000144,ACC_001252,1533.16,2025-11-24
ACC_000144,ACC_001252,155.33,2026-04-24
ACC_000144,ACC_001252,155.38,2026-01-26
ACC_000144,ACC_001252,1551.95,2026-05-14
ACC_000144,ACC_001252,158.66,2025-11-24
ACC_000144,ACC_001252,1585.14,2025-08-18
ACC_000144,ACC_001252,159.24,2025-11-18
ACC_000144,ACC_001252,159.27,2026-03-29
ACC_000144,ACC_001252,1592.35,2026-01-16
ACC_000144,ACC_001252,1597.61,2026-01-11
ACC_000144,ACC_001252,16.30,2026-03-14
ACC_000144,ACC_001252,16.46,2026-04-29
ACC_000144,ACC_001252,1603.00,2025-10-06
ACC_000144,ACC_001252,1604.40,2025-09-23
ACC_000144,ACC_001252,161.47,2025-09-01
ACC_000144,ACC_001252,161.51,2026-05-10
ACC_000144,ACC_001252,161.95,2025-10-09
ACC_000144,ACC_001252,164.18,2026-04-04
ACC_000144,ACC_001252,1641.84,2025-09-19
ACC_000144,ACC_001252,1646.55,2025-10-12
ACC_000144,ACC_001252,1654.42,2026-03-11
ACC_000144,ACC_001252,1675.54,2026-02-16
ACC_000144,ACC_001252,1678.83,2026-02-08
ACC_000144,ACC_001252,1692.76,2025-09-24
ACC_000144,ACC_001252,17.56,2025-12-05
ACC_000144,ACC_001252,170.90,2025-11-01
ACC_000144,ACC_001252,170.99,2025-10-04
ACC_000144,ACC_001252,172.02,2025-10-28
ACC_000144,ACC_001252,172.08,2025-12-18
ACC_000144,ACC_001252,1722.83,2026-02-08
ACC_000144,ACC_001252,1727.00,2025-08-02
ACC_000144,ACC_001252,173.02,2026-02-28
ACC_000144,ACC_001252,1754.25,2026-01-12
ACC_000144,ACC_001252,177.92,2025-12-15
ACC_000144,ACC_001252,178.64,2025-09-06
ACC_000144,ACC_001252,179.50,2026-02-08
ACC_000144,ACC_001252,179.78,2026-04-20
ACC_000144,ACC_001252,18.20,2025-11-04
ACC_000144,ACC_001252,18.39,2025-12-12
ACC_000144,ACC_001252,18.47,2026-04-29
ACC_000144,ACC_001252,18.71,2025-09-03
ACC_000144,ACC_001252,180.79,2026-04-20
ACC_000144,ACC_001252,180.80,2026-05-06
ACC_000144,ACC_001252,182.67,2026-02-05
ACC_000144,ACC_001252,183.39,2026-01-13
ACC_000144,ACC_001252,183.39,2026-04-29
ACC_000144,ACC_001252,184.01,2025-10-14
ACC_000144,ACC_001252,184.70,2026-03-28
ACC_000144,ACC_001252,185.57,2025-10-16
ACC_000144,ACC_001252,1852.35,2025-10-18
ACC_000144,ACC_001252,186.73,2026-05-06
ACC_000144,ACC_001252,1865.91,2025-10-11
ACC_000144,ACC_001252,1867.06,2026-03-28
ACC_000144,ACC_001252,187.98,2026-01-26
ACC_000144,ACC_001252,188.68,2025-10-04
ACC_000144,ACC_001252,189.29,2026-01-18
ACC_000144,ACC_001252,189.85,2026-01-21
ACC_000144,ACC_001252,189.92,2025-11-10
ACC_000144,ACC_001252,1896.03,2025-08-31
ACC_000144,ACC_001252,1896.03,2025-09-04
ACC_000144,ACC_001252,19.28,2025-08-14
ACC_000144,ACC_001252,19.36,2026-02-19
ACC_000144,ACC_001252,191.36,2025-12-02
ACC_000144,ACC_001252,1915.68,2026-02-20
ACC_000144,ACC_001252,192.66,2025-10-10
ACC_000144,ACC_001252,1944.72,2025-10-03
ACC_000144,ACC_001252,1959.61,2025-09-29
ACC_000144,ACC_001252,196.05,2025-07-28
ACC_000144,ACC_001252,196.32,2026-01-26
ACC_000144,ACC_001252,1966.54,2025-07-09
ACC_000144,ACC_001252,1973.99,2026-03-24
ACC_000144,ACC_001252,1990.54,2026-05-31
ACC_000144,ACC_001252,20.04,2025-09-11
ACC_000144,ACC_001252,2006.50,2026-03-15
ACC_000144,ACC_001252,2010.90,2026-02-12
ACC_000144,ACC_001252,2019.04,2026-05-27
ACC_000144,ACC_001252,202.63,2025-11-23
ACC_000144,ACC_001252,203.17,2026-03-25
ACC_000144,ACC_001252,204.07,2026-02-26
ACC_000144,ACC_001252,2056.05,2026-03-29
ACC_000144,ACC_001252,2056.63,2025-07-29
ACC_000144,ACC_001252,2065.16,2026-02-27
ACC_000144,ACC_001252,2076.37,2026-03-03
ACC_000144,ACC_001252,211.77,2025-11-07
ACC_000144,ACC_001252,212.01,2025-08-05
ACC_000144,ACC_001252,214.06,2025-08-07
ACC_000144,ACC_001252,215.99,2025-10-20
ACC_000144,ACC_001252,216.53,2025-11-05
ACC_000144,ACC_001252,218.08,2026-04-24
ACC_000144,ACC_001252,2189.44,2025-11-21
ACC_000144,ACC_001252,219.00,2025-10-08
ACC_000144,ACC_001252,219.59,2025-08-10
ACC_000144,ACC_001252,22.07,2026-01-20
ACC_000144,ACC_001252,22.37,2026-04-30
ACC_000144,ACC_001252,22.51,2026-01-18
ACC_000144,ACC_001252,22.56,2025-08-30
ACC_000144,ACC_001252,22.81,2026-01-11
ACC_000144,ACC_001252,221.22,2026-04-08
ACC_000144,ACC_001252,221.78,2026-04-28
ACC_000144,ACC_001252,222.68,2026-02-14
ACC_000144,ACC_001252,223.02,2026-05-10
ACC_000144,ACC_001252,223.62,2026-03-15
ACC_000144,ACC_001252,224.07,2026-01-19
ACC_000144,ACC_001252,226.10,2026-01-21
ACC_000144,ACC_001252,226.67,2025-11-22
ACC_000144,ACC_001252,227.32,2026-03-18
ACC_000144,ACC_001252,227.58,2025-08-02
ACC_000144,ACC_001252,23.48,2025-08-26
ACC_000144,ACC_001252,23.59,2026-03-23
ACC_000144,ACC_001252,23.73,2025-10-03
ACC_000144,ACC_001252,2325.21,2026-04-01
ACC_000144,ACC_001252,2339.89,2025-08-03
ACC_000144,ACC_001252,234.31,2026-03-24
ACC_000144,ACC_001252,236.90,2026-03-04
ACC_000144,ACC_001252,238.04,2025-11-19
ACC_000144,ACC_001252,238.68,2026-03-19
ACC_000144,ACC_001252,24.40,2026-01-14
ACC_000144,ACC_001252,240.78,2025-08-09
ACC_000144,ACC_001252,242.69,2025-10-14
ACC_000144,ACC_001252,243.11,2025-08-11
ACC_000144,ACC_001252,244.74,2025-10-05
ACC_000144,ACC_001252,246.69,2025-11-28
ACC_000144,ACC_001252,248.05,2025-09-01
ACC_000144,ACC_001252,249.08,2026-01-17
ACC_000144,ACC_001252,249.16,2025-12-01
ACC_000144,ACC_001252,25.01,2026-04-16
ACC_000144,ACC_001252,25.34,2025-10-16
ACC_000144,ACC_001252,25.61,2026-01-16
ACC_000144,ACC_001252,25.63,2025-08-10
ACC_000144,ACC_001252,25.86,2025-11-22
ACC_000144,ACC_001252,25.91,2025-11-08
ACC_000144,ACC_001252,251.02,2025-09-07
ACC_000144,ACC_001252,252.39,2026-01-30
ACC_000144,ACC_001252,253.21,2025-10-13
ACC_000144,ACC_001252,254.60,2026-02-18
ACC_000144,ACC_001252,257.31,2025-11-03
ACC_000144,ACC_001252,259.13,2025-09-05
ACC_000144,ACC_001252,259.31,2026-01-11
ACC_000144,ACC_001252,259.91,2026-01-15
ACC_000144,ACC_001252,26.34,2025-11-22
ACC_000144,ACC_001252,26.93,2026-02-20
ACC_000144,ACC_001252,26.99,2026-05-04
ACC_000144,ACC_001252,262.02,2025-08-30
ACC_000144,ACC_001252,263.09,2025-11-01
ACC_000144,ACC_001252,2658.44,2025-10-16
ACC_000144,ACC_001252,269.41,2025-09-03
ACC_000144,ACC_001252,27.11,2026-02-24
ACC_000144,ACC_001252,27.17,2026-04-25
ACC_000144,ACC_001252,27.63,2026-02-05
ACC_000144,ACC_001252,272.82,2025-11-14
ACC_000144,ACC_001252,277.74,2025-12-11
ACC_000144,ACC_001252,278.81,2026-03-12
ACC_000144,ACC_001252,28.51,2026-04-07
ACC_000144,ACC_001252,28.83,2025-08-30
ACC_000144,ACC_001252,287.91,2026-04-24
ACC_000144,ACC_001252,289.17,2025-12-03
ACC_000144,ACC_001252,29.06,2025-09-07
ACC_000144,ACC_001252,29.09,2025-10-11
ACC_000144,ACC_001252,29.43,2026-03-10
ACC_000144,ACC_001252,291.83,2025-08-06
ACC_000144,ACC_001252,292.31,2026-01-25
ACC_000144,ACC_001252,297.57,2026-04-23
ACC_000144,ACC_001252,298.48,2025-10-03
ACC_000144,ACC_001252,30.05,2025-12-07
ACC_000144,ACC_001252,30.18,2026-02-12
ACC_000144,ACC_001252,30.26,2026-02-16
ACC_000144,ACC_001252,300.77,2025-09-29
ACC_000144,ACC_001252,301.13,2026-04-30
ACC_000144,ACC_001252,301.18,2025-07-23
ACC_000144,ACC_001252,302.60,2025-09-03
ACC_000144,ACC_001252,304.61,2025-09-05
ACC_000144,ACC_001252,305.03,2026-01-30
ACC_000144,ACC_001252,306.44,2026-01-22
ACC_000144,ACC_001252,309.38,2026-01-06
ACC_000144,ACC_001252,309.50,2026-02-08
ACC_000144,ACC_001252,31.21,2026-02-20
ACC_000144,ACC_001252,31.41,2025-12-01
ACC_000144,ACC_001252,31.67,2026-02-12
ACC_000144,ACC_001252,31.97,2026-02-02
ACC_000144,ACC_001252,311.06,2025-10-14
ACC_000144,ACC_001252,3115.29,2025-07-13
ACC_000144,ACC_001252,312.14,2026-02-01
ACC_000144,ACC_001252,314.69,2026-05-28
ACC_000144,ACC_001252,318.69,2025-08-06
ACC_000144,ACC_001252,32.40,2026-04-30
ACC_000144,ACC_001252,32.86,2025-09-29
ACC_000144,ACC_001252,32.89,2025-12-08
ACC_000144,ACC_001252,322.81,2025-10-10
ACC_000144,ACC_001252,326.17,2025-08-06
ACC_000144,ACC_001252,326.36,2025-11-28
ACC_000144,ACC_001252,326.90,2026-04-18
ACC_000144,ACC_001252,329.25,2025-08-22
ACC_000144,ACC_001252,3298.99,2026-03-25
ACC_000144,ACC_001252,33.25,2026-01-22
ACC_000144,ACC_001252,33.86,2025-10-15
ACC_000144,ACC_001252,330.88,2026-02-02
ACC_000144,ACC_001252,331.81,2026-02-11
ACC_000144,ACC_001252,334.27,2025-12-14
ACC_000144,ACC_001252,337.28,2025-10-18
ACC_000144,ACC_001252,338.05,2025-08-13
ACC_000144,ACC_001252,339.74,2026-03-07
ACC_000144,ACC_001252,34.42,2026-02-18
ACC_000144,ACC_001252,340.56,2026-03-08
ACC_000144,ACC_001252,3401.29,2025-08-17
ACC_000144,ACC_001252,342.37,2026-06-01
ACC_000144,ACC_001252,346.50,2025-09-27
ACC_000144,ACC_001252,35.48,2026-02-02
ACC_000144,ACC_001252,35.54,2026-01-14
ACC_000144,ACC_001252,35.60,2026-03-21
ACC_000144,ACC_001252,352.94,2025-08-10
ACC_000144,ACC_001252,353.20,2025-12-19
ACC_000144,ACC_001252,353.86,2026-02-12
ACC_000144,ACC_001252,354.01,2025-10-03
ACC_000144,ACC_001252,354.61,2025-08-09
ACC_000144,ACC_001252,355.97,2025-08-27
ACC_000144,ACC_001252,36.21,2026-02-16
ACC_000144,ACC_001252,36.37,2026-04-03
ACC_000144,ACC_001252,36.41,2025-10-20
ACC_000144,ACC_001252,36.81,2025-11-26
ACC_000144,ACC_001252,365.22,2025-12-05
ACC_000144,ACC_001252,37.67,2025-08-03
ACC_000144,ACC_001252,37.94,2025-12-12
ACC_000144,ACC_001252,376.21,2025-12-23
ACC_000144,ACC_001252,3760.09,2025-08-07
ACC_000144,ACC_001252,38.10,2026-02-15
ACC_000144,ACC_001252,38.73,2025-10-23
ACC_000144,ACC_001252,38.74,2025-08-15
ACC_000144,ACC_001252,382.92,2025-08-28
ACC_000144,ACC_001252,387.29,2026-02-15
ACC_000144,ACC_001252,39.08,2026-05-04
ACC_000144,ACC_001252,390.69,2025-07-19
ACC_000144,ACC_001252,395.14,2025-10-09
ACC_000144,ACC_001252,398.39,2026-02-16
ACC_000144,ACC_001252,399.69,2026-02-12
ACC_000144,ACC_001252,40.27,2026-01-10
ACC_000144,ACC_001252,40.81,2026-04-23
ACC_000144,ACC_001252,40.96,2025-11-26
ACC_000144,ACC_001252,402.84,2025-09-09
ACC_000144,ACC_001252,41.72,2025-08-07
ACC_000144,ACC_001252,410.51,2026-03-14
ACC_000144,ACC_001252,411.87,2025-08-23
ACC_000144,ACC_001252,413.95,2026-03-05
ACC_000144,ACC_001252,42.60,2026-03-19
ACC_000144,ACC_001252,42.80,2026-03-05
ACC_000144,ACC_001252,42.91,2025-08-19
ACC_000144,ACC_001252,429.57,2026-03-01
ACC_000144,ACC_001252,43.09,2025-09-27
ACC_000144,ACC_001252,43.41,2026-03-09
ACC_000144,ACC_001252,43.52,2025-09-12
ACC_000144,ACC_001252,44.05,2025-12-11
ACC_000144,ACC_001252,44.21,2025-08-21
ACC_000144,ACC_001252,44.88,2026-02-09
ACC_000144,ACC_001252,440.69,2026-02-15
ACC_000144,ACC_001252,45.04,2026-03-16
ACC_000144,ACC_001252,45.16,2026-03-17
ACC_000144,ACC_001252,46.02,2026-02-25
ACC_000144,ACC_001252,46.17,2026-02-21
ACC_000144,ACC_001252,46.68,2026-04-18
ACC_000144,ACC_001252,46.90,2026-02-16
ACC_000144,ACC_001252,461.22,2026-02-11
ACC_000144,ACC_001252,469.85,2025-10-15
ACC_000144,ACC_001252,47.14,2026-03-12
ACC_000144,ACC_001252,470.59,2026-03-09
ACC_000144,ACC_001252,474.04,2025-10-01
ACC_000144,ACC_001252,477.46,2026-04-19
ACC_000144,ACC_001252,48.49,2025-08-20
ACC_000144,ACC_001252,48.89,2026-03-03
ACC_000144,ACC_001252,480.82,2025-11-11
ACC_000144,ACC_001252,483.18,2026-04-26
ACC_000144,ACC_001252,4874.81,2025-08-21
ACC_000144,ACC_001252,49.05,2026-02-27
ACC_000144,ACC_001252,49.23,2026-02-06
ACC_000144,ACC_001252,49.44,2026-02-09
ACC_000144,ACC_001252,491.26,2026-02-09
ACC_000144,ACC_001252,494.54,2026-02-25
ACC_000144,ACC_001252,495.77,2026-03-11
ACC_000144,ACC_001252,498.85,2025-08-24
ACC_000144,ACC_001252,50.86,2025-08-16
ACC_000144,ACC_001252,500.25,2026-02-19
ACC_000144,ACC_001252,503.54,2025-12-02
ACC_000144,ACC_001252,506.18,2025-08-17
ACC_000144,ACC_001252,507.31,2026-02-23
ACC_000144,ACC_001252,51.15,2025-08-17
ACC_000144,ACC_001252,51.59,2026-02-19
ACC_000144,ACC_001252,51.74,2026-02-05
ACC_000144,ACC_001252,510.65,2026-01-02
ACC_000144,ACC_001252,511.61,2025-10-07
ACC_000144,ACC_001252,517.13,2025-11-29
ACC_000144,ACC_001252,523.58,2025-12-10
ACC_000144,ACC_001252,525.89,2025-08-11
ACC_000144,ACC_001252,529.09,2025-08-26
ACC_000144,ACC_001252,53.37,2026-04-22
ACC_000144,ACC_001252,53.46,2025-11-13
ACC_000144,ACC_001252,53.49,2025-08-27
ACC_000144,ACC_001252,53.49,2026-02-22
ACC_000144,ACC_001252,537.00,2026-04-23
ACC_000144,ACC_001252,539.15,2025-08-21
ACC_000144,ACC_001252,54.59,2026-02-22
ACC_000144,ACC_001252,543.22,2026-01-29
ACC_000144,ACC_001252,547.90,2025-08-06
ACC_000144,ACC_001252,55.61,2025-12-16
ACC_000144,ACC_001252,55.97,2025-10-27
ACC_000144,ACC_001252,555.49,2026-04-14
ACC_000144,ACC_001252,563.56,2025-08-06
ACC_000144,ACC_001252,569.04,2026-02-21
ACC_000144,ACC_001252,57.14,2026-02-18
ACC_000144,ACC_001252,57.24,2025-10-13
ACC_000144,ACC_001252,574.99,2025-08-15
ACC_000144,ACC_001252,578.58,2025-09-19
ACC_000144,ACC_001252,578.92,2026-03-31
ACC_000144,ACC_001252,58.24,2026-01-29
ACC_000144,ACC_001252,58.66,2026-01-10
ACC_000144,ACC_001252,58.88,2025-09-19
ACC_000144,ACC_001252,58.95,2025-10-01
ACC_000144,ACC_001252,587.90,2026-02-06
ACC_000144,ACC_001252,59.66,2025-11-16
ACC_000144,ACC_001252,6.57,2025-09-03
ACC_000144,ACC_001252,615.29,2026-02-02
ACC_000144,ACC_001252,615.33,2025-09-01
ACC_000144,ACC_001252,627.22,2025-09-13
ACC_000144,ACC_001252,630.80,2026-04-20
ACC_000144,ACC_001252,642.13,2025-11-15
ACC_000144,ACC_001252,650.72,2025-10-11
ACC_000144,ACC_001252,651.86,2026-05-28
ACC_000144,ACC_001252,656.08,2026-02-13
ACC_000144,ACC_001252,657.48,2026-03-30
ACC_000144,ACC_001252,658.76,2025-08-02
ACC_000144,ACC_001252,66.39,2025-11-17
ACC_000144,ACC_001252,66.84,2026-03-05
ACC_000144,ACC_001252,661.03,2026-02-07
ACC_000144,ACC_001252,67.77,2025-09-16
ACC_000144,ACC_001252,67.78,2026-03-09
ACC_000144,ACC_001252,68.38,2025-08-29
ACC_000144,ACC_001252,68.53,2025-08-31
ACC_000144,ACC_001252,684.59,2025-10-13
ACC_000144,ACC_001252,685.01,2026-04-19
ACC_000144,ACC_001252,69.34,2026-04-19
ACC_000144,ACC_001252,69.45,2026-02-14
ACC_000144,ACC_001252,692.94,2025-12-06
ACC_000144,ACC_001252,709.23,2025-10-09
ACC_000144,ACC_001252,71.16,2026-03-28
ACC_000144,ACC_001252,71.40,2025-11-17
ACC_000144,ACC_001252,71.86,2026-03-29
ACC_000144,ACC_001252,714.97,2025-08-28
ACC_000144,ACC_001252,72.96,2025-11-13
ACC_000144,ACC_001252,721.21,2026-04-24
ACC_000144,ACC_001252,721.49,2026-03-27
ACC_000144,ACC_001252,73.29,2026-04-17
ACC_000144,ACC_001252,73.37,2025-11-07
ACC_000144,ACC_001252,74.35,2026-05-08
ACC_000144,ACC_001252,74.87,2026-04-18
ACC_000144,ACC_001252,742.99,2026-05-25
ACC_000144,ACC_001252,747.36,2025-09-15
ACC_000144,ACC_001252,750.21,2026-05-25
ACC_000144,ACC_001252,76.44,2025-11-03
ACC_000144,ACC_001252,764.28,2026-02-25
ACC_000144,ACC_001252,764.88,2025-09-29
ACC_000144,ACC_001252,765.70,2025-12-20
ACC_000144,ACC_001252,768.55,2025-08-10
ACC_000144,ACC_001252,77.66,2026-05-12
ACC_000144,ACC_001252,77.76,2025-10-24
ACC_000144,ACC_001252,777.46,2025-10-11
ACC_000144,ACC_001252,78.02,2026-04-09
ACC_000144,ACC_001252,78.31,2025-10-17
ACC_000144,ACC_001252,78.87,2025-08-14
ACC_000144,ACC_001252,780.03,2026-04-23
ACC_000144,ACC_001252,785.49,2025-12-20
ACC_000144,ACC_001252,785.75,2026-05-29
ACC_000144,ACC_001252,79.70,2025-12-16
ACC_000144,ACC_001252,79.78,2025-12-12
ACC_000144,ACC_001252,797.48,2025-09-07
ACC_000144,ACC_001252,80.51,2026-01-20
ACC_000144,ACC_001252,80.94,2026-04-10
ACC_000144,ACC_001252,81.00,2025-09-23
ACC_000144,ACC_001252,81.95,2025-10-14
ACC_000144,ACC_001252,810.00,2025-10-07
ACC_000144,ACC_001252,810.32,2025-09-17
ACC_000144,ACC_001252,813.10,2026-04-03
ACC_000144,ACC_001252,834.60,2025-08-12
ACC_000144,ACC_001252,850.37,2026-04-11
ACC_000144,ACC_001252,866.18,2026-01-13
ACC_000144,ACC_001252,871.88,2026-04-29
ACC_000144,ACC_001252,874.48,2026-03-27
ACC_000144,ACC_001252,88.00,2026-04-01
ACC_000144,ACC_001252,886.68,2025-11-05
ACC_000144,ACC_001252,89.42,2026-04-22
ACC_000144,ACC_001252,89.86,2026-03-05
ACC_000144,ACC_001252,892.55,2026-04-15
ACC_000144,ACC_001252,895.02,2026-02-11
ACC_000144,ACC_001252,9.53,2025-08-30
ACC_000144,ACC_001252,9.93,2025-10-21
ACC_000144,ACC_001252,90.63,2025-11-20
ACC_000144,ACC_001252,91.34,2026-04-16
ACC_000144,ACC_001252,91.66,2026-03-25
ACC_000144,ACC_001252,916.10,2026-04-25
ACC_000144,ACC_001252,920.70,2025-08-04
ACC_000144,ACC_001252,922.53,2026-04-28
ACC_000144,ACC_001252,926.17,2026-04-18
ACC_000144,ACC_001252,93.29,2026-05-14
ACC_000144,ACC_001252,934.97,2026-01-15
ACC_000144,ACC_001252,94.03,2026-02-18
ACC_000144,ACC_001252,95.11,2025-10-18
ACC_000144,ACC_001252,956.88,2026-04-29
ACC_000144,ACC_001252,965.34,2025-11-27
ACC_000144,ACC_001252,97.00,2026-04-21
ACC_000144,ACC_001252,97.45,2026-04-16
ACC_000144,ACC_001252,974.50,2025-11-01
ACC_000144,ACC_001252,985.48,2025-11-28
ACC_000144,ACC_001252,987.76,2025-08-14
ACC_000144,ACC_001252,99.15,2025-08-05
ACC_000144,ACC_001339,13.33,2026-02-18
ACC_000144,ACC_001339,96.66,2026-03-04
ACC_000144,ACC_001340,12.13,2026-02-13
ACC_000144,ACC_001372,1133.43,2025-11-19
ACC_000144,ACC_001372,17.91,2026-03-02
ACC_000144,ACC_001372,8.72,2026-03-07
ACC_000144,ACC_001372,92.43,2026-02-06
ACC_000144,ACC_001374,1318.06,2025-11-18
ACC_000144,ACC_001374,216.96,2025-12-03
ACC_000144,ACC_001375,1646.78,2025-11-24
ACC_000144,ACC_001375,309.46,2025-12-16
ACC_000144,ACC_001390,190.40,2025-11-18
ACC_000144,ACC_001390,23.84,2025-12-01
ACC_000144,ACC_001390,30.28,2025-11-09
ACC_000144,ACC_001396,82.04,2026-02-13
ACC_000144,ACC_001397,139.96,2026-02-08
ACC_000144,ACC_001397,1475.24,2026-02-16
ACC_000144,ACC_001401,2163.22,2026-04-26
ACC_000144,ACC_001402,195.52,2026-04-30
ACC_000144,ACC_001431,117.28,2025-09-23
ACC_000144,ACC_001431,1219.20,2026-01-16
ACC_000144,ACC_001431,138.86,2025-11-08
ACC_000144,ACC_001431,144.76,2026-01-17
ACC_000144,ACC_001431,1560.06,2025-11-23
ACC_000144,ACC_001431,16.55,2026-03-10
ACC_000144,ACC_001431,160.05,2026-01-23
ACC_000144,ACC_001431,187.46,2026-01-09
ACC_000144,ACC_001431,228.52,2025-11-29
ACC_000144,ACC_001431,2329.59,2025-09-26
ACC_000144,ACC_001431,275.17,2026-02-25
ACC_000144,ACC_001431,457.21,2025-09-25
ACC_000144,ACC_001431,60.89,2026-02-07
ACC_000144,ACC_001431,72.85,2025-09-21
ACC_000144,ACC_001431,886.64,2026-02-04
ACC_000144,ACC_001438,1586.37,2026-03-02
ACC_000144,ACC_001438,196.34,2026-02-19
ACC_000144,ACC_001484,139.40,2025-12-16
ACC_000144,ACC_001484,1517.05,2025-12-20
ACC_000144,ACC_001491,92.95,2026-04-08
ACC_000144,ACC_001492,849.89,2026-03-24
ACC_000144,ACC_001499,109.80,2026-02-28
ACC_000144,ACC_001499,1159.85,2026-05-01
ACC_000144,ACC_001499,116.98,2025-10-30
ACC_000144,ACC_001499,136.61,2026-05-04
ACC_000144,ACC_001500,334.18,2025-12-08
ACC_000144,ACC_001500,48.10,2025-11-07
ACC_000144,ACC_001500,960.84,2025-11-10
ACC_000144,ACC_001526,458.35,2026-06-07
ACC_000144,ACC_001562,181.86,2025-09-28
ACC_000144,ACC_001572,43.19,2026-05-10
ACC_000144,ACC_001572,533.29,2026-05-24
ACC_000144,ACC_001572,84.54,2026-05-24
ACC_000145,ACC_001348,462.35,2026-03-16
ACC_000145,ACC_001482,119.97,2025-11-22
ACC_000145,ACC_001482,710.60,2025-11-03
ACC_000145,ACC_001482,72.11,2025-11-16
ACC_000146,ACC_001231,519.46,2025-12-17
ACC_000146,ACC_001431,428.31,2026-05-18
ACC_000153,ACC_001252,608.86,2025-09-13
ACC_000153,ACC_001252,96.99,2025-09-30
ACC_000153,ACC_001301,18.32,2026-05-03
ACC_000153,ACC_001301,229.00,2026-05-20
ACC_000153,ACC_001371,51.39,2025-10-31
ACC_000153,ACC_001371,6.78,2025-11-15
ACC_000153,ACC_001390,18.04,2026-04-16
ACC_000153,ACC_001390,193.56,2026-04-03
ACC_000153,ACC_001390,29.71,2026-04-05
ACC_000153,ACC_001431,105.34,2025-07-21
ACC_000153,ACC_001431,1169.85,2025-08-02
ACC_000153,ACC_001431,120.47,2026-04-28
ACC_000153,ACC_001499,702.07,2026-01-05
ACC_000153,ACC_001499,74.68,2025-12-23
ACC_000159,ACC_001418,110.23,2026-05-19
ACC_000159,ACC_001419,17.05,2026-05-13
ACC_000159,ACC_001419,7.03,2026-05-23
ACC_000159,ACC_001431,629.21,2025-11-06
ACC_000166,ACC_001488,403.55,2026-05-06
ACC_000171,ACC_001233,4.14,2025-08-01
ACC_000171,ACC_001234,38.88,2025-07-20
ACC_000171,ACC_001234,6.85,2025-07-21
ACC_000171,ACC_001252,393.53,2026-05-22
ACC_000171,ACC_001309,107.65,2025-09-25
ACC_000171,ACC_001309,43.20,2025-10-01
ACC_000171,ACC_001309,703.31,2025-10-06
ACC_000171,ACC_001343,10.93,2026-01-27
ACC_000171,ACC_001344,151.14,2026-02-05
ACC_000171,ACC_001348,19.03,2025-10-14
ACC_000171,ACC_001349,196.80,2025-10-23
ACC_000171,ACC_001349,384.72,2026-04-11
ACC_000171,ACC_001365,5.01,2025-12-27
ACC_000171,ACC_001365,59.38,2026-01-01
ACC_000171,ACC_001365,7.98,2026-01-24
ACC_000171,ACC_001380,553.60,2025-08-01
ACC_000171,ACC_001380,62.60,2025-08-23
ACC_000171,ACC_001389,5.81,2026-05-04
ACC_000171,ACC_001389,77.21,2026-04-27
ACC_000171,ACC_001389,8.06,2026-04-25
ACC_000171,ACC_001395,480.26,2025-12-14
ACC_000171,ACC_001395,80.72,2025-12-28
ACC_000171,ACC_001431,107.10,2026-05-07
ACC_000171,ACC_001431,12.86,2026-04-02
ACC_000171,ACC_001431,21.63,2026-03-03
ACC_000171,ACC_001431,276.92,2026-03-12
ACC_000171,ACC_001431,427.61,2026-02-28
ACC_000171,ACC_001431,580.92,2026-05-09
ACC_000171,ACC_001431,75.46,2026-03-31
ACC_000171,ACC_001431,96.82,2026-05-07
ACC_000171,ACC_001438,523.07,2026-02-05
ACC_000171,ACC_001499,125.10,2026-04-08
ACC_000171,ACC_001499,14.20,2026-05-02
ACC_000171,ACC_001499,7.87,2026-04-28
ACC_000171,ACC_001500,124.70,2025-10-03
ACC_000171,ACC_001537,220.46,2026-04-06
ACC_000171,ACC_001537,27.58,2026-03-24
ACC_000171,ACC_001537,33.25,2026-03-31
ACC_000171,ACC_001572,460.37,2026-05-22
ACC_000171,ACC_001572,63.42,2026-05-07
ACC_000171,ACC_001572,73.89,2026-05-22
ACC_000172,ACC_001263,171.00,2026-03-18
ACC_000172,ACC_001264,113.93,2026-04-03
ACC_000172,ACC_001264,1166.35,2026-03-15
ACC_000172,ACC_001301,78.12,2025-11-26
ACC_000172,ACC_001301,9.42,2025-11-19
ACC_000172,ACC_001339,25.34,2025-11-10
ACC_000172,ACC_001340,258.11,2025-10-29
ACC_000172,ACC_001340,46.12,2025-10-14
ACC_000172,ACC_001341,73.20,2025-10-19
ACC_000172,ACC_001342,562.24,2025-10-23
ACC_000172,ACC_001354,2.75,2026-03-02
ACC_000172,ACC_001354,46.45,2026-03-21
ACC_000172,ACC_001354,7.75,2026-03-27
ACC_000172,ACC_001355,454.40,2026-04-09
ACC_000172,ACC_001355,68.30,2026-03-27
ACC_000172,ACC_001356,53.09,2026-03-29
ACC_000172,ACC_001372,24.16,2025-10-16
ACC_000172,ACC_001372,294.12,2025-09-24
ACC_000172,ACC_001372,37.10,2025-10-18
ACC_000172,ACC_001388,269.82,2026-05-26
ACC_000172,ACC_001388,30.07,2026-05-12
ACC_000172,ACC_001388,51.01,2026-05-13
ACC_000172,ACC_001431,109.78,2025-09-03
ACC_000172,ACC_001431,1096.51,2026-06-11
ACC_000172,ACC_001431,13.23,2025-09-30
ACC_000172,ACC_001431,15.26,2025-10-23
ACC_000172,ACC_001431,200.83,2025-10-14
ACC_000172,ACC_001431,22.87,2025-10-25
ACC_000172,ACC_001431,226.91,2025-12-22
ACC_000172,ACC_001431,293.73,2026-04-13
ACC_000172,ACC_001431,337.58,2026-03-10
ACC_000172,ACC_001431,46.19,2026-01-30
ACC_000172,ACC_001431,48.96,2026-04-19
ACC_000172,ACC_001431,503.71,2025-09-05
ACC_000172,ACC_001431,556.66,2026-06-03
ACC_000172,ACC_001431,56.29,2026-05-03
ACC_000172,ACC_001431,59.94,2026-05-12
ACC_000172,ACC_001431,60.48,2026-05-30
ACC_000172,ACC_001431,65.03,2026-01-03
ACC_000172,ACC_001431,680.05,2026-01-16
ACC_000172,ACC_001431,787.94,2026-05-03
ACC_000172,ACC_001475,506.95,2026-03-20
ACC_000172,ACC_001475,94.16,2026-03-17
ACC_000172,ACC_001557,94.57,2025-10-10
ACC_000172,ACC_001558,13.66,2025-10-31
ACC_000172,ACC_001570,11.43,2025-10-17
ACC_000172,ACC_001570,6.58,2025-11-11
ACC_000172,ACC_001570,73.97,2025-10-29
ACC_000172,ACC_001576,4.30,2025-10-18
ACC_000172,ACC_001576,52.03,2025-10-13
ACC_000173,ACC_001247,334.18,2026-04-02
ACC_000173,ACC_001252,51.98,2026-01-30
ACC_000173,ACC_001258,163.11,2026-05-25
ACC_000173,ACC_001259,523.56,2025-11-23
ACC_000173,ACC_001289,42.24,2025-11-02
ACC_000173,ACC_001289,477.97,2025-10-09
ACC_000173,ACC_001327,726.89,2026-01-10
ACC_000173,ACC_001327,96.59,2026-01-05
ACC_000173,ACC_001339,117.95,2026-05-13
ACC_000173,ACC_001339,425.67,2026-02-15
ACC_000173,ACC_001362,100.42,2026-02-28
ACC_000173,ACC_001362,176.55,2026-03-19
ACC_000173,ACC_001362,956.49,2026-03-19
ACC_000173,ACC_001372,591.08,2026-04-19
ACC_000173,ACC_001388,752.87,2026-03-06
ACC_000173,ACC_001388,81.32,2026-03-08
ACC_000173,ACC_001431,1186.89,2025-09-02
ACC_000173,ACC_001431,1259.87,2025-09-29
ACC_000173,ACC_001431,163.22,2025-09-30
ACC_000173,ACC_001431,198.06,2026-01-17
ACC_000173,ACC_001431,311.14,2025-11-18
ACC_000173,ACC_001431,61.99,2026-04-02
ACC_000173,ACC_001431,8.95,2026-03-22
ACC_000173,ACC_001438,298.24,2025-12-30
ACC_000173,ACC_001438,36.18,2026-01-02
ACC_000173,ACC_001438,46.77,2025-12-12
ACC_000173,ACC_001482,573.49,2025-11-06
ACC_000173,ACC_001499,151.87,2025-10-15
ACC_000173,ACC_001528,58.03,2026-03-06
ACC_000173,ACC_001528,666.97,2026-03-01
ACC_000173,ACC_001528,82.62,2026-02-22
ACC_000174,ACC_001331,2144.64,2025-09-27
ACC_000174,ACC_001372,12.05,2025-10-04
ACC_000174,ACC_001372,172.96,2025-09-28
ACC_000174,ACC_001374,202.23,2025-09-26
ACC_000174,ACC_001388,131.86,2025-09-24
ACC_000174,ACC_001388,166.19,2026-04-03
ACC_000174,ACC_001388,22.87,2026-04-28
ACC_000174,ACC_001388,28.18,2026-04-11
ACC_000174,ACC_001431,76.67,2026-01-14
ACC_000174,ACC_001471,106.32,2026-04-13
ACC_000174,ACC_001471,874.09,2026-03-31
ACC_000174,ACC_001471,98.59,2026-03-27
ACC_000174,ACC_001499,259.91,2025-09-07
ACC_000174,ACC_001499,30.44,2025-09-14
ACC_000174,ACC_001499,43.72,2025-09-18
ACC_000174,ACC_001527,892.70,2026-02-24
ACC_000174,ACC_001530,22.63,2025-12-10
ACC_000174,ACC_001530,437.05,2025-12-04
ACC_000174,ACC_001531,67.45,2025-11-23
ACC_000175,ACC_001283,1486.52,2026-04-23
ACC_000175,ACC_001321,124.13,2026-02-11
ACC_000175,ACC_001321,15.50,2026-02-24
ACC_000175,ACC_001328,243.28,2026-02-26
ACC_000175,ACC_001388,40.00,2026-05-01
ACC_000175,ACC_001388,66.23,2026-04-24
ACC_000175,ACC_001388,692.78,2026-04-21
ACC_000175,ACC_001431,46.47,2025-12-29
ACC_000175,ACC_001431,546.16,2026-04-24
ACC_000175,ACC_001431,558.65,2025-12-04
ACC_000175,ACC_001431,81.51,2026-04-17
ACC_000175,ACC_001431,91.83,2025-12-23
ACC_000175,ACC_001431,96.21,2026-04-15
ACC_000175,ACC_001499,68.34,2026-02-23
ACC_000175,ACC_001499,85.49,2026-02-06
ACC_000175,ACC_001500,436.75,2026-01-28
ACC_000175,ACC_001547,1106.88,2026-01-22
ACC_000175,ACC_001547,72.11,2026-01-28
ACC_000176,ACC_001269,2332.04,2026-05-27
ACC_000176,ACC_001269,255.14,2026-06-06
ACC_000176,ACC_001340,127.09,2026-04-27
ACC_000176,ACC_001340,727.22,2026-05-14
ACC_000176,ACC_001343,9.14,2026-01-02
ACC_000176,ACC_001344,138.75,2025-12-28
ACC_000176,ACC_001344,16.42,2026-01-03
ACC_000176,ACC_001431,236.24,2025-10-06
ACC_000176,ACC_001431,3322.54,2025-10-04
ACC_000176,ACC_001431,3530.21,2025-11-25
ACC_000176,ACC_001431,385.04,2026-05-05
ACC_000176,ACC_001431,39.48,2026-05-29
ACC_000176,ACC_001431,47.68,2026-05-16
ACC_000176,ACC_001466,19.79,2026-06-05
ACC_000176,ACC_001467,11.00,2026-06-03
ACC_000176,ACC_001467,137.12,2026-05-14
ACC_000176,ACC_001484,704.18,2026-04-23
ACC_000176,ACC_001484,80.49,2026-04-14
ACC_000176,ACC_001484,99.21,2026-05-07
ACC_000176,ACC_001499,1265.45,2025-11-25
ACC_000176,ACC_001499,183.65,2025-12-18
ACC_000176,ACC_001543,330.17,2026-06-08
ACC_000177,ACC_001372,140.62,2026-02-01
ACC_000179,ACC_001343,59.21,2025-08-03
ACC_000179,ACC_001344,4.62,2025-07-25
ACC_000179,ACC_001431,236.26,2025-08-24
ACC_000179,ACC_001500,14.24,2025-08-21
ACC_000179,ACC_001500,14.82,2025-07-29
ACC_000179,ACC_001500,184.10,2025-08-10
ACC_000180,ACC_001349,1122.07,2025-12-29
ACC_000181,ACC_001348,370.09,2025-11-17
ACC_000182,ACC_001431,110.49,2026-06-01
ACC_000182,ACC_001431,20.87,2026-06-04
ACC_000182,ACC_001431,469.44,2025-11-07
ACC_000182,ACC_001431,59.19,2026-02-13
ACC_000182,ACC_001431,67.66,2025-10-25
ACC_000182,ACC_001431,959.87,2026-02-22
ACC_000182,ACC_001485,132.80,2026-03-18
ACC_000182,ACC_001485,24.06,2026-04-13
ACC_000182,ACC_001485,8.70,2026-03-25
ACC_000184,ACC_001348,70.32,2026-04-14
ACC_000184,ACC_001349,5.78,2026-04-29
ACC_000184,ACC_001431,301.85,2025-08-18
ACC_000187,ACC_001431,1430.18,2026-03-13
ACC_000188,ACC_001256,1109.10,2026-04-04
ACC_000188,ACC_001290,1964.22,2025-07-29
ACC_000188,ACC_001301,1096.74,2025-08-29
ACC_000188,ACC_001301,150.76,2025-09-05
ACC_000188,ACC_001371,712.77,2026-03-06
ACC_000188,ACC_001371,76.04,2026-03-14
ACC_000188,ACC_001431,1875.12,2026-04-20
ACC_000188,ACC_001431,299.05,2026-05-03
ACC_000188,ACC_001431,499.64,2025-07-30
ACC_000188,ACC_001431,62.42,2025-08-03
ACC_000188,ACC_001539,1140.07,2025-07-25
ACC_000190,ACC_001372,452.04,2025-09-02
ACC_000190,ACC_001388,5.14,2026-01-08
ACC_000190,ACC_001388,57.61,2026-01-04
ACC_000190,ACC_001388,7.73,2026-01-17
ACC_000190,ACC_001431,551.06,2026-04-10
ACC_000191,ACC_001339,4.63,2026-01-03
ACC_000191,ACC_001339,67.17,2025-12-25
ACC_000191,ACC_001339,9.22,2025-12-15
ACC_000191,ACC_001372,4.34,2026-05-29
ACC_000191,ACC_001372,47.79,2026-06-03
ACC_000191,ACC_001431,343.77,2025-08-13
ACC_000191,ACC_001438,614.06,2026-01-06
ACC_000191,ACC_001499,414.89,2025-08-28
ACC_000192,ACC_001348,468.85,2025-09-27
ACC_000192,ACC_001431,114.41,2026-02-03
ACC_000192,ACC_001431,38.89,2025-08-27
ACC_000192,ACC_001431,473.12,2025-08-09
ACC_000192,ACC_001431,52.67,2025-09-02
ACC_000192,ACC_001431,6.50,2025-11-28
ACC_000192,ACC_001431,96.51,2025-11-30
ACC_000192,ACC_001484,139.90,2026-03-13
ACC_000192,ACC_001484,1391.79,2026-03-31
ACC_000192,ACC_001484,99.47,2026-03-31
ACC_000192,ACC_001578,155.81,2025-11-06
ACC_000193,ACC_001285,362.12,2026-02-12
ACC_000193,ACC_001286,63.50,2026-02-24
ACC_000193,ACC_001339,19.21,2026-05-07
ACC_000193,ACC_001339,235.80,2026-05-18
ACC_000193,ACC_001340,19.43,2026-05-18
ACC_000193,ACC_001349,1232.59,2025-09-26
ACC_000193,ACC_001349,166.05,2025-10-09
ACC_000193,ACC_001431,119.22,2026-01-12
ACC_000193,ACC_001499,1022.19,2026-04-10
ACC_000193,ACC_001500,151.56,2026-04-24
ACC_000193,ACC_001500,162.06,2026-04-11
ACC_000193,ACC_001527,576.14,2025-08-05
ACC_000193,ACC_001532,411.53,2026-01-08
ACC_000194,ACC_001388,107.80,2026-05-16
ACC_000194,ACC_001388,707.37,2026-05-14
ACC_000194,ACC_001388,99.43,2026-05-06
ACC_000194,ACC_001431,138.42,2025-07-12
ACC_000194,ACC_001431,9.54,2025-07-20
ACC_000194,ACC_001477,506.90,2026-03-18
ACC_000194,ACC_001510,10.70,2025-08-16
ACC_000194,ACC_001511,93.58,2025-09-02
ACC_000195,ACC_001252,507.39,2026-04-02
ACC_000197,ACC_001388,123.94,2025-08-15
ACC_000197,ACC_001388,38.82,2025-07-26
ACC_000197,ACC_001388,675.89,2025-08-13
ACC_000199,ACC_001372,171.82,2026-03-30
ACC_000199,ACC_001372,895.03,2026-04-18
ACC_000199,ACC_001431,18.92,2025-11-08
ACC_000199,ACC_001431,235.28,2025-11-12
ACC_000203,ACC_001308,108.84,2026-04-16
ACC_000203,ACC_001308,13.37,2026-05-13
ACC_000205,ACC_001252,106.76,2026-04-06
ACC_000205,ACC_001291,100.32,2026-05-06
ACC_000205,ACC_001349,122.11,2025-09-24
ACC_000205,ACC_001360,452.07,2025-10-20
ACC_000205,ACC_001360,56.08,2025-10-19
ACC_000205,ACC_001360,60.15,2025-10-10
ACC_000205,ACC_001370,125.16,2026-04-05
ACC_000205,ACC_001370,656.04,2026-05-01
ACC_000205,ACC_001372,426.45,2026-02-18
ACC_000205,ACC_001388,171.10,2026-03-06
ACC_000205,ACC_001431,103.65,2025-10-25
ACC_000205,ACC_001431,119.03,2026-01-31
ACC_000205,ACC_001431,1308.54,2026-05-03
ACC_000205,ACC_001431,134.90,2025-10-18
ACC_000205,ACC_001431,1431.52,2025-10-24
ACC_000205,ACC_001431,161.82,2026-05-05
ACC_000205,ACC_001431,165.01,2026-05-22
ACC_000205,ACC_001431,20.22,2025-10-12
ACC_000205,ACC_001431,205.83,2025-10-24
ACC_000205,ACC_001431,21.47,2026-05-12
ACC_000205,ACC_001431,24.12,2026-05-26
ACC_000205,ACC_001431,253.53,2025-12-01
ACC_000205,ACC_001431,30.53,2025-08-07
ACC_000205,ACC_001431,303.90,2026-04-11
ACC_000205,ACC_001431,32.48,2026-04-25
ACC_000205,ACC_001431,321.19,2025-09-21
ACC_000205,ACC_001431,389.41,2026-04-03
ACC_000205,ACC_001431,396.34,2026-02-10
ACC_000205,ACC_001431,426.34,2025-08-09
ACC_000205,ACC_001431,47.08,2026-04-26
ACC_000205,ACC_001431,48.16,2025-07-21
ACC_000205,ACC_001431,507.61,2025-08-07
ACC_000205,ACC_001431,51.44,2026-01-23
ACC_000205,ACC_001431,53.79,2026-04-22
ACC_000205,ACC_001431,538.29,2025-08-01
ACC_000205,ACC_001431,63.45,2026-04-21
ACC_000205,ACC_001431,64.36,2026-04-10
ACC_000205,ACC_001431,714.50,2026-01-25
ACC_000205,ACC_001431,72.97,2025-08-27
ACC_000205,ACC_001459,387.30,2026-03-29
ACC_000205,ACC_001459,40.45,2026-04-03
ACC_000205,ACC_001466,65.47,2025-08-18
ACC_000205,ACC_001467,737.41,2025-08-19
ACC_000205,ACC_001482,127.12,2026-03-27
ACC_000205,ACC_001499,75.40,2025-12-21
ACC_000205,ACC_001500,3.24,2025-09-11
ACC_000205,ACC_001500,37.01,2025-09-26
ACC_000205,ACC_001500,42.58,2026-01-15
ACC_000205,ACC_001500,442.10,2026-01-03
ACC_000209,ACC_001232,2.96,2026-04-14
ACC_000209,ACC_001232,49.38,2026-04-10
ACC_000209,ACC_001232,5.08,2026-03-28
ACC_000209,ACC_001278,6.52,2025-08-08
ACC_000209,ACC_001278,75.73,2025-08-10
ACC_000209,ACC_001370,389.26,2026-04-12
ACC_000209,ACC_001388,43.30,2026-02-20
ACC_000209,ACC_001431,10.58,2025-12-21
ACC_000209,ACC_001431,1008.68,2025-12-07
ACC_000209,ACC_001431,149.26,2025-12-26
ACC_000209,ACC_001431,15.64,2026-05-24
ACC_000209,ACC_001431,169.49,2025-12-06
ACC_000209,ACC_001431,17.23,2026-01-08
ACC_000209,ACC_001431,257.31,2025-12-18
ACC_000209,ACC_001431,305.99,2026-02-15
ACC_000209,ACC_001431,32.84,2026-02-10
ACC_000209,ACC_001431,43.04,2026-01-13
ACC_000209,ACC_001431,5.59,2026-06-10
ACC_000209,ACC_001431,52.16,2025-09-27
ACC_000209,ACC_001431,54.50,2026-02-04
ACC_000209,ACC_001431,58.50,2026-01-10
ACC_000209,ACC_001431,6.54,2025-09-18
ACC_000209,ACC_001431,6.86,2025-09-27
ACC_000209,ACC_001431,92.41,2026-05-15
ACC_000209,ACC_001438,13.84,2025-11-21
ACC_000209,ACC_001438,88.04,2025-12-15
ACC_000209,ACC_001498,279.97,2025-11-20
ACC_000209,ACC_001498,39.16,2025-11-21
ACC_000209,ACC_001500,109.40,2025-11-01
ACC_000209,ACC_001500,7.32,2025-11-05
ACC_000209,ACC_001501,11.13,2026-01-19
ACC_000209,ACC_001501,12.99,2026-01-20
ACC_000209,ACC_001501,88.43,2026-02-01
ACC_000210,ACC_001247,48.07,2026-03-19
ACC_000210,ACC_001343,11.21,2025-09-15
ACC_000210,ACC_001343,14.31,2025-10-01
ACC_000210,ACC_001344,114.67,2025-09-26
ACC_000210,ACC_001376,42.46,2026-01-10
ACC_000210,ACC_001376,484.76,2025-12-24
ACC_000210,ACC_001376,68.71,2026-01-23
ACC_000210,ACC_001431,5.93,2025-12-11
ACC_000210,ACC_001431,57.54,2026-03-12
ACC_000210,ACC_001431,6.41,2026-03-25
ACC_000210,ACC_001431,62.83,2026-01-13
ACC_000210,ACC_001431,7.35,2026-01-03
ACC_000210,ACC_001431,7.75,2026-03-16
ACC_000210,ACC_001431,91.95,2025-12-19
ACC_000210,ACC_001494,40.35,2025-08-21
ACC_000210,ACC_001495,323.67,2025-08-03
ACC_000210,ACC_001499,7.76,2025-09-14
ACC_000210,ACC_001499,71.77,2025-10-10
ACC_000210,ACC_001500,5.33,2025-10-07
ACC_000211,ACC_001302,21.19,2025-09-19
ACC_000211,ACC_001303,146.81,2025-09-17
ACC_000211,ACC_001303,24.58,2025-09-11
ACC_000211,ACC_001348,6.29,2026-05-19
ACC_000211,ACC_001348,78.56,2026-05-11
ACC_000211,ACC_001349,14.49,2026-05-30
ACC_000211,ACC_001388,4.45,2026-03-12
ACC_000211,ACC_001388,51.40,2026-03-06
ACC_000211,ACC_001431,1154.98,2025-10-26
ACC_000211,ACC_001431,15.64,2026-05-07
ACC_000211,ACC_001431,186.77,2025-09-19
ACC_000211,ACC_001431,21.80,2026-05-07
ACC_000211,ACC_001431,235.43,2026-04-11
ACC_000211,ACC_001431,263.54,2026-02-24
ACC_000211,ACC_001431,4.59,2025-07-25
ACC_000211,ACC_001431,42.56,2026-03-07
ACC_000211,ACC_001431,6.99,2025-07-14
ACC_000211,ACC_001431,62.86,2026-03-17
ACC_000211,ACC_001431,7.97,2026-03-26
ACC_000211,ACC_001431,76.92,2025-07-24
ACC_000211,ACC_001431,84.90,2026-05-06
ACC_000211,ACC_001431,96.64,2025-11-13
ACC_000211,ACC_001482,259.03,2025-11-08
ACC_000211,ACC_001485,366.25,2026-03-31
ACC_000211,ACC_001495,16.66,2026-05-07
ACC_000211,ACC_001495,99.74,2026-04-23
ACC_000211,ACC_001499,208.73,2026-04-14
ACC_000211,ACC_001499,21.22,2026-04-15
ACC_000211,ACC_001499,6.76,2025-12-18
ACC_000211,ACC_001499,91.39,2025-12-17
ACC_000211,ACC_001500,13.33,2026-01-01
ACC_000211,ACC_001500,24.58,2026-03-03
ACC_000212,ACC_001500,58.66,2025-09-03
ACC_000214,ACC_001431,4.75,2025-08-31
ACC_000214,ACC_001431,65.06,2025-08-18
ACC_000214,ACC_001431,8.20,2025-08-19
ACC_000216,ACC_001431,431.57,2025-10-10
ACC_000216,ACC_001431,78.64,2025-10-05
ACC_000217,ACC_001485,272.19,2026-05-27
ACC_000218,ACC_001210,1091.95,2025-08-30
ACC_000218,ACC_001210,55.84,2025-08-04
ACC_000219,ACC_001431,115.59,2026-02-19
ACC_000219,ACC_001431,20.23,2026-02-27
ACC_000219,ACC_001431,4.41,2026-01-08
ACC_000219,ACC_001431,52.38,2026-01-22
ACC_000219,ACC_001431,6.79,2026-01-25
ACC_000219,ACC_001572,586.64,2025-10-21
ACC_000220,ACC_001431,1179.02,2025-10-11
ACC_000222,ACC_001516,980.11,2025-09-19
ACC_000223,ACC_001308,13.42,2026-05-19
ACC_000223,ACC_001308,188.76,2026-05-20
ACC_000223,ACC_001390,114.02,2026-03-10
ACC_000223,ACC_001390,688.04,2026-03-28
ACC_000223,ACC_001431,10.74,2026-01-16
ACC_000223,ACC_001431,7.78,2026-01-05
ACC_000223,ACC_001431,74.76,2025-12-24
ACC_000230,ACC_001301,1353.95,2026-02-06
ACC_000230,ACC_001301,238.92,2026-02-10
ACC_000230,ACC_001431,12.11,2025-11-15
ACC_000230,ACC_001431,161.31,2025-10-27
ACC_000230,ACC_001431,23.93,2025-10-20
ACC_000235,ACC_001341,44.48,2025-12-03
ACC_000235,ACC_001342,22.25,2025-12-24
ACC_000235,ACC_001342,280.20,2025-11-27
ACC_000236,ACC_001233,56.68,2025-11-30
ACC_000236,ACC_001234,343.48,2025-12-16
ACC_000236,ACC_001234,56.31,2025-12-07
ACC_000236,ACC_001340,267.71,2025-11-22
ACC_000236,ACC_001340,38.83,2025-11-22
ACC_000236,ACC_001340,52.85,2025-11-11
ACC_000238,ACC_001330,126.69,2025-08-30
ACC_000238,ACC_001340,123.55,2026-05-10
ACC_000238,ACC_001340,197.02,2025-09-02
ACC_000238,ACC_001340,22.97,2026-04-21
ACC_000238,ACC_001340,34.26,2025-08-13
ACC_000238,ACC_001340,8.30,2026-05-01
ACC_000238,ACC_001343,348.15,2026-02-06
ACC_000238,ACC_001344,23.87,2026-02-06
ACC_000238,ACC_001344,35.94,2026-01-16
ACC_000238,ACC_001349,498.96,2025-09-24
ACC_000238,ACC_001354,564.83,2025-08-31
ACC_000238,ACC_001354,98.82,2025-09-15
ACC_000238,ACC_001356,391.90,2025-11-24
ACC_000238,ACC_001356,64.82,2025-12-02
ACC_000238,ACC_001356,64.95,2025-12-10
ACC_000238,ACC_001372,23.81,2026-02-14
ACC_000238,ACC_001372,254.80,2026-02-28
ACC_000238,ACC_001372,285.59,2025-10-29
ACC_000238,ACC_001372,40.19,2025-11-09
ACC_000238,ACC_001430,123.94,2026-01-16
ACC_000238,ACC_001430,19.57,2026-01-13
ACC_000238,ACC_001431,10.51,2026-01-05
ACC_000238,ACC_001431,142.62,2026-01-20
ACC_000238,ACC_001431,150.12,2025-09-30
ACC_000238,ACC_001431,18.36,2025-11-13
ACC_000238,ACC_001431,198.35,2026-01-15
ACC_000238,ACC_001431,2.94,2025-12-01
ACC_000238,ACC_001431,23.62,2025-09-24
ACC_000238,ACC_001431,23.63,2025-09-17
ACC_000238,ACC_001431,251.00,2025-12-03
ACC_000238,ACC_001431,27.86,2026-04-19
ACC_000238,ACC_001431,28.00,2026-01-25
ACC_000238,ACC_001431,288.21,2026-04-11
ACC_000238,ACC_001431,35.61,2026-02-04
ACC_000238,ACC_001431,37.82,2025-11-28
ACC_000238,ACC_001431,381.15,2025-12-23
ACC_000238,ACC_001431,39.04,2025-12-31
ACC_000238,ACC_001431,399.40,2025-12-10
ACC_000238,ACC_001431,408.79,2025-08-12
ACC_000238,ACC_001431,41.87,2025-11-09
ACC_000238,ACC_001431,490.66,2026-01-26
ACC_000238,ACC_001431,584.62,2026-02-10
ACC_000238,ACC_001431,65.84,2026-01-03
ACC_000238,ACC_001431,67.06,2025-12-25
ACC_000238,ACC_001431,68.34,2025-12-10
ACC_000238,ACC_001431,69.81,2025-08-21
ACC_000238,ACC_001438,102.60,2026-03-11
ACC_000238,ACC_001438,519.41,2026-02-27
ACC_000238,ACC_001459,47.26,2026-04-20
ACC_000238,ACC_001459,560.20,2026-05-09
ACC_000238,ACC_001485,140.01,2025-08-05
ACC_000238,ACC_001485,22.19,2025-08-22
ACC_000238,ACC_001485,26.02,2025-08-13
ACC_000238,ACC_001499,16.86,2026-03-08
ACC_000238,ACC_001499,227.75,2025-11-27
ACC_000238,ACC_001499,25.37,2025-09-23
ACC_000238,ACC_001499,25.89,2026-05-23
ACC_000238,ACC_001499,30.67,2025-10-26
ACC_000238,ACC_001499,37.42,2025-10-21
ACC_000238,ACC_001499,62.34,2025-10-22
ACC_000238,ACC_001499,655.21,2025-10-13
ACC_000238,ACC_001500,110.45,2026-03-12
ACC_000238,ACC_001500,12.19,2025-10-14
ACC_000238,ACC_001500,16.71,2025-11-25
ACC_000238,ACC_001500,163.78,2025-10-11
ACC_000238,ACC_001500,183.46,2025-09-17
ACC_000238,ACC_001500,19.92,2025-09-20
ACC_000238,ACC_001500,429.77,2026-05-14
ACC_000238,ACC_001500,5.91,2026-03-22
ACC_000238,ACC_001500,62.43,2026-06-07
ACC_000238,ACC_001515,370.18,2025-11-26
ACC_000238,ACC_001515,72.78,2025-11-22
ACC_000238,ACC_001557,47.87,2026-02-02
ACC_000238,ACC_001557,728.81,2026-01-21
ACC_000238,ACC_001558,44.49,2026-01-17
ACC_000239,ACC_001252,5.34,2025-12-27
ACC_000239,ACC_001252,83.72,2025-12-29
ACC_000239,ACC_001257,30.41,2026-04-17
ACC_000239,ACC_001257,301.14,2026-04-29
ACC_000239,ACC_001257,44.36,2026-04-24
ACC_000239,ACC_001263,316.28,2026-04-06
ACC_000239,ACC_001300,216.14,2025-08-02
ACC_000239,ACC_001339,174.08,2025-12-26
ACC_000239,ACC_001343,442.75,2025-08-05
ACC_000239,ACC_001344,298.52,2025-10-01
ACC_000239,ACC_001349,379.34,2026-02-17
ACC_000239,ACC_001357,305.17,2026-02-25
ACC_000239,ACC_001365,406.07,2025-11-08
ACC_000239,ACC_001365,72.54,2025-11-11
ACC_000239,ACC_001365,79.88,2025-11-11
ACC_000239,ACC_001372,306.51,2025-09-13
ACC_000239,ACC_001372,564.86,2026-05-22
ACC_000239,ACC_001388,27.08,2026-05-19
ACC_000239,ACC_001388,438.14,2026-06-04
ACC_000239,ACC_001388,72.78,2025-12-26
ACC_000239,ACC_001388,87.30,2026-06-15
ACC_000239,ACC_001394,4.17,2026-02-12
ACC_000239,ACC_001394,5.48,2026-03-04
ACC_000239,ACC_001394,55.21,2026-02-13
ACC_000239,ACC_001410,15.49,2026-03-21
ACC_000239,ACC_001410,299.41,2026-03-09
ACC_000239,ACC_001410,50.91,2026-03-11
ACC_000239,ACC_001426,55.46,2025-10-23
ACC_000239,ACC_001427,30.30,2025-11-03
ACC_000239,ACC_001427,358.99,2025-10-12
ACC_000239,ACC_001431,10.52,2026-01-18
ACC_000239,ACC_001431,136.60,2025-10-30
ACC_000239,ACC_001431,141.06,2026-05-01
ACC_000239,ACC_001431,155.15,2025-12-16
ACC_000239,ACC_001431,163.30,2025-11-08
ACC_000239,ACC_001431,19.69,2026-04-29
ACC_000239,ACC_001431,199.72,2025-08-04
ACC_000239,ACC_001431,213.62,2025-08-25
ACC_000239,ACC_001431,22.01,2026-01-01
ACC_000239,ACC_001431,28.57,2025-11-06
ACC_000239,ACC_001431,29.68,2025-10-17
ACC_000239,ACC_001431,343.93,2026-03-09
ACC_000239,ACC_001431,393.21,2025-10-26
ACC_000239,ACC_001431,47.21,2026-03-12
ACC_000239,ACC_001431,49.92,2026-02-05
ACC_000239,ACC_001431,5.85,2025-09-22
ACC_000239,ACC_001431,53.23,2026-01-18
ACC_000239,ACC_001431,53.71,2025-09-29
ACC_000239,ACC_001431,63.43,2026-03-28
ACC_000239,ACC_001431,636.06,2026-04-11
ACC_000239,ACC_001431,7.87,2025-12-19
ACC_000239,ACC_001431,73.85,2025-12-19
ACC_000239,ACC_001444,106.26,2026-01-05
ACC_000239,ACC_001444,13.44,2026-01-11
ACC_000239,ACC_001474,6.70,2026-03-13
ACC_000239,ACC_001475,2.85,2026-03-15
ACC_000239,ACC_001475,40.23,2026-03-09
ACC_000239,ACC_001498,70.29,2025-12-27
ACC_000239,ACC_001498,8.13,2025-12-13
ACC_000239,ACC_001498,9.21,2025-12-18
ACC_000239,ACC_001499,326.91,2025-10-12
ACC_000239,ACC_001499,40.10,2026-05-17
ACC_000239,ACC_001500,3.36,2026-04-30
ACC_000239,ACC_001572,248.23,2026-04-01
ACC_000239,ACC_001572,38.33,2026-04-01
ACC_000239,ACC_001572,43.48,2026-04-08
ACC_000239,ACC_001580,12.14,2025-10-01
ACC_000239,ACC_001580,224.40,2025-10-06
ACC_000240,ACC_001431,508.88,2026-01-31
ACC_000241,ACC_001500,1588.31,2025-10-07
ACC_000242,ACC_001444,1314.24,2025-10-07
ACC_000242,ACC_001444,156.74,2025-10-04
ACC_000242,ACC_001444,334.09,2025-11-17
ACC_000242,ACC_001444,34.73,2026-05-01
ACC_000242,ACC_001444,458.75,2026-05-08
ACC_000242,ACC_001444,72.32,2025-08-28
ACC_000242,ACC_001444,992.94,2025-08-14
ACC_000242,ACC_001587,840.40,2025-10-03
ACC_000242,ACC_001588,100.23,2025-09-30
ACC_000242,ACC_001590,354.45,2025-11-13
ACC_000242,ACC_001591,961.24,2025-08-10
ACC_000242,ACC_001592,70.01,2025-08-24
ACC_000242,ACC_001593,855.60,2026-05-04
ACC_000242,ACC_001594,64.78,2026-04-27
ACC_000243,ACC_001431,402.53,2025-09-05
ACC_000243,ACC_001431,419.46,2026-04-22
ACC_000243,ACC_001431,43.47,2026-05-08
ACC_000243,ACC_001431,77.00,2025-09-06
ACC_000243,ACC_001453,388.44,2025-11-07
ACC_000243,ACC_001500,348.05,2025-09-14
ACC_000244,ACC_001431,106.60,2026-04-17
ACC_000244,ACC_001431,17.24,2026-04-10
ACC_000244,ACC_001431,20.80,2026-04-26
ACC_000245,ACC_001431,258.36,2026-05-04
ACC_000245,ACC_001431,30.43,2026-05-09
ACC_000247,ACC_001387,12.51,2025-10-07
ACC_000247,ACC_001387,175.73,2025-09-26
ACC_000247,ACC_001431,125.79,2026-01-05
ACC_000247,ACC_001431,14.14,2026-01-01
ACC_000248,ACC_001349,246.27,2026-02-22
ACC_000248,ACC_001349,36.62,2026-03-03
ACC_000248,ACC_001431,418.46,2025-09-24
ACC_000248,ACC_001431,46.59,2025-10-06
ACC_000248,ACC_001499,117.07,2026-01-30
ACC_000248,ACC_001499,15.86,2026-02-03
ACC_000248,ACC_001500,5.95,2026-01-25
ACC_000249,ACC_001431,170.46,2026-03-03
ACC_000249,ACC_001431,24.46,2026-03-01
ACC_000249,ACC_001431,26.23,2026-02-27
ACC_000249,ACC_001431,9.77,2026-04-25
ACC_000249,ACC_001431,94.81,2026-04-24
ACC_000250,ACC_001230,28.38,2025-11-24
ACC_000250,ACC_001231,278.83,2025-12-09
ACC_000250,ACC_001274,71.37,2026-02-19
ACC_000250,ACC_001499,434.55,2025-10-21
ACC_000250,ACC_001500,30.60,2025-10-12
ACC_000250,ACC_001500,32.81,2025-10-18
ACC_000255,ACC_001365,169.62,2026-03-03
ACC_000255,ACC_001372,249.30,2025-12-03
ACC_000255,ACC_001431,62.72,2026-01-15
ACC_000255,ACC_001431,9.23,2026-01-21
ACC_000255,ACC_001499,239.69,2026-04-12
ACC_000255,ACC_001499,38.82,2026-04-01
ACC_000262,ACC_001485,701.45,2025-07-31
ACC_000262,ACC_001485,73.01,2025-08-15
ACC_000264,ACC_001348,1539.71,2025-09-19
ACC_000264,ACC_001349,151.32,2025-09-25
ACC_000264,ACC_001349,272.50,2025-10-16
ACC_000264,ACC_001359,27.59,2025-11-04
ACC_000264,ACC_001359,311.13,2025-10-31
ACC_000264,ACC_001359,38.60,2025-10-29
ACC_000264,ACC_001431,1261.90,2025-12-05
ACC_000264,ACC_001431,19.17,2026-04-01
ACC_000264,ACC_001431,265.43,2026-04-13
ACC_000264,ACC_001431,68.77,2025-12-01
ACC_000264,ACC_001431,92.48,2025-11-21
ACC_000264,ACC_001499,15.24,2026-03-09
ACC_000264,ACC_001500,105.00,2026-03-06
ACC_000264,ACC_001500,12.06,2026-02-27
ACC_000265,ACC_001388,267.95,2026-05-27
ACC_000265,ACC_001388,34.80,2026-05-22
ACC_000265,ACC_001415,2170.33,2025-11-29
ACC_000265,ACC_001500,106.68,2025-11-11
ACC_000265,ACC_001500,1435.82,2025-08-07
ACC_000265,ACC_001500,886.03,2025-10-27
ACC_000266,ACC_001297,72.48,2025-09-05
ACC_000266,ACC_001298,3.91,2025-08-20
ACC_000266,ACC_001356,2240.84,2026-04-24
ACC_000266,ACC_001371,133.99,2026-01-14
ACC_000266,ACC_001371,1535.97,2026-01-24
ACC_000266,ACC_001388,808.30,2026-06-02
ACC_000266,ACC_001404,89.52,2026-02-19
ACC_000266,ACC_001405,43.64,2026-03-07
ACC_000266,ACC_001405,665.66,2026-02-10
ACC_000266,ACC_001431,1033.49,2026-04-08
ACC_000266,ACC_001431,2366.50,2025-12-09
ACC_000266,ACC_001431,253.04,2025-12-06
ACC_000266,ACC_001431,78.93,2026-04-20
ACC_000266,ACC_001438,883.62,2025-09-06
ACC_000266,ACC_001499,227.63,2026-05-13
ACC_000266,ACC_001499,35.61,2026-05-25
ACC_000271,ACC_001499,1452.96,2026-03-14
ACC_000272,ACC_001252,557.19,2026-03-31
ACC_000272,ACC_001252,68.78,2026-04-20
ACC_000273,ACC_001252,138.84,2026-04-14
ACC_000273,ACC_001252,21.67,2026-04-10
ACC_000273,ACC_001252,22.03,2026-04-14
ACC_000273,ACC_001301,15.03,2026-01-19
ACC_000273,ACC_001301,88.51,2026-01-02
ACC_000273,ACC_001348,218.36,2025-09-15
ACC_000273,ACC_001348,25.70,2025-09-29
ACC_000273,ACC_001348,26.05,2025-09-07
ACC_000273,ACC_001355,70.46,2025-12-15
ACC_000273,ACC_001355,865.64,2025-12-06
ACC_000273,ACC_001372,15.27,2025-11-04
ACC_000273,ACC_001372,5.71,2025-11-24
ACC_000273,ACC_001372,79.47,2025-11-18
ACC_000273,ACC_001388,32.25,2026-05-16
ACC_000273,ACC_001388,33.61,2026-05-07
ACC_000273,ACC_001388,459.62,2026-05-15
ACC_000273,ACC_001431,122.25,2026-03-05
ACC_000273,ACC_001431,220.41,2025-08-11
ACC_000273,ACC_001431,258.25,2025-11-19
ACC_000273,ACC_001431,359.64,2026-01-20
ACC_000273,ACC_001431,61.10,2026-01-11
ACC_000273,ACC_001457,394.10,2025-09-18
ACC_000273,ACC_001457,60.41,2025-09-14
ACC_000273,ACC_001457,65.24,2025-09-14
ACC_000273,ACC_001542,14.52,2025-11-02
ACC_000273,ACC_001543,84.63,2025-10-25
ACC_000276,ACC_001431,341.28,2025-12-11
ACC_000278,ACC_001431,643.88,2025-11-02
ACC_000278,ACC_001431,91.85,2025-10-17
ACC_000280,ACC_001217,31.84,2026-05-23
ACC_000280,ACC_001218,17.29,2026-05-23
ACC_000280,ACC_001218,208.17,2026-06-07
ACC_000280,ACC_001301,10.94,2025-09-15
ACC_000280,ACC_001301,60.42,2025-09-19
ACC_000280,ACC_001301,997.28,2025-10-18
ACC_000280,ACC_001348,46.31,2026-02-06
ACC_000280,ACC_001348,6.37,2025-08-22
ACC_000280,ACC_001349,2.91,2025-09-15
ACC_000280,ACC_001349,288.83,2026-01-27
ACC_000280,ACC_001349,41.88,2026-01-17
ACC_000280,ACC_001349,44.28,2025-08-26
ACC_000280,ACC_001372,143.76,2026-04-09
ACC_000280,ACC_001372,24.52,2026-04-24
ACC_000280,ACC_001372,281.13,2025-12-07
ACC_000280,ACC_001372,328.05,2025-12-28
ACC_000280,ACC_001372,38.40,2025-11-29
ACC_000280,ACC_001372,51.14,2025-12-07
ACC_000280,ACC_001387,20.86,2026-01-25
ACC_000280,ACC_001387,354.94,2026-02-11
ACC_000280,ACC_001387,50.22,2026-01-18
ACC_000280,ACC_001431,120.82,2026-02-20
ACC_000280,ACC_001431,13.18,2025-07-27
ACC_000280,ACC_001431,14.65,2025-12-21
ACC_000280,ACC_001431,161.98,2025-12-12
ACC_000280,ACC_001431,25.04,2025-09-05
ACC_000280,ACC_001431,26.50,2025-11-29
ACC_000280,ACC_001431,26.83,2026-05-31
ACC_000280,ACC_001431,263.32,2025-10-24
ACC_000280,ACC_001431,274.93,2026-02-15
ACC_000280,ACC_001431,28.41,2025-08-12
ACC_000280,ACC_001431,280.69,2025-08-24
ACC_000280,ACC_001431,38.18,2026-02-11
ACC_000280,ACC_001431,381.57,2026-06-08
ACC_000280,ACC_001431,40.34,2026-02-05
ACC_000280,ACC_001431,47.25,2026-02-15
ACC_000280,ACC_001431,517.19,2026-05-05
ACC_000280,ACC_001431,61.58,2026-03-16
ACC_000280,ACC_001431,643.60,2026-02-06
ACC_000280,ACC_001431,652.23,2026-04-17
ACC_000280,ACC_001431,70.17,2025-08-11
ACC_000280,ACC_001431,9.09,2025-08-26
ACC_000280,ACC_001431,9.79,2026-03-24
ACC_000280,ACC_001431,98.35,2026-05-29
ACC_000280,ACC_001459,1590.26,2025-08-28
ACC_000280,ACC_001459,245.42,2025-09-06
ACC_000280,ACC_001459,303.65,2025-09-20
ACC_000280,ACC_001484,121.47,2025-09-17
ACC_000280,ACC_001484,18.16,2025-09-24
ACC_000280,ACC_001485,371.06,2026-06-06
ACC_000280,ACC_001485,601.85,2025-11-09
ACC_000280,ACC_001500,150.19,2026-05-27
ACC_000280,ACC_001500,27.16,2026-06-08
ACC_000280,ACC_001500,85.48,2026-06-02
ACC_000280,ACC_001527,86.84,2026-01-08
ACC_000280,ACC_001539,81.13,2025-10-17
ACC_000280,ACC_001567,15.24,2026-05-26
ACC_000280,ACC_001567,165.30,2026-05-20
ACC_000280,ACC_001572,709.10,2025-10-23
ACC_000281,ACC_001382,196.18,2026-01-03
ACC_000281,ACC_001431,116.62,2025-12-28
ACC_000282,ACC_001210,10.62,2026-05-13
ACC_000282,ACC_001210,13.32,2026-06-03
ACC_000282,ACC_001210,253.17,2026-05-17
ACC_000282,ACC_001210,29.50,2026-05-17
ACC_000282,ACC_001210,80.86,2026-05-09
ACC_000282,ACC_001220,531.05,2026-02-27
ACC_000282,ACC_001227,1141.03,2025-12-30
ACC_000282,ACC_001227,115.49,2025-12-25
ACC_000282,ACC_001227,117.60,2025-11-20
ACC_000282,ACC_001227,183.26,2026-01-12
ACC_000282,ACC_001230,34.55,2025-09-20
ACC_000282,ACC_001231,33.18,2025-09-26
ACC_000282,ACC_001231,355.08,2025-09-14
ACC_000282,ACC_001235,933.58,2026-03-10
ACC_000282,ACC_001236,118.96,2026-03-13
ACC_000282,ACC_001236,1294.59,2026-03-14
ACC_000282,ACC_001236,85.79,2026-03-09
ACC_000282,ACC_001242,103.32,2026-06-02
ACC_000282,ACC_001242,1722.64,2026-05-15
ACC_000282,ACC_001242,181.81,2025-09-17
ACC_000282,ACC_001242,317.41,2026-05-15
ACC_000282,ACC_001250,130.90,2025-12-14
ACC_000282,ACC_001251,943.94,2025-09-15
ACC_000282,ACC_001252,10.10,2025-09-27
ACC_000282,ACC_001252,10.46,2026-03-24
ACC_000282,ACC_001252,10.67,2025-11-17
ACC_000282,ACC_001252,10.68,2025-11-08
ACC_000282,ACC_001252,10.71,2026-01-30
ACC_000282,ACC_001252,100.61,2026-04-03
ACC_000282,ACC_001252,100.93,2025-08-01
ACC_000282,ACC_001252,1001.94,2025-09-10
ACC_000282,ACC_001252,101.13,2026-05-18
ACC_000282,ACC_001252,102.67,2026-04-24
ACC_000282,ACC_001252,102.86,2026-02-12
ACC_000282,ACC_001252,102.91,2026-03-28
ACC_000282,ACC_001252,1027.40,2026-03-19
ACC_000282,ACC_001252,103.06,2026-03-14
ACC_000282,ACC_001252,103.19,2026-06-08
ACC_000282,ACC_001252,103.66,2026-01-10
ACC_000282,ACC_001252,103.68,2026-05-03
ACC_000282,ACC_001252,103.70,2026-04-20
ACC_000282,ACC_001252,1034.72,2026-05-06
ACC_000282,ACC_001252,1035.51,2026-05-25
ACC_000282,ACC_001252,104.00,2026-05-04
ACC_000282,ACC_001252,104.02,2025-12-05
ACC_000282,ACC_001252,104.09,2026-02-22
ACC_000282,ACC_001252,104.33,2025-10-09
ACC_000282,ACC_001252,105.21,2026-01-03
ACC_000282,ACC_001252,105.34,2025-10-03
ACC_000282,ACC_001252,105.45,2026-01-30
ACC_000282,ACC_001252,105.94,2025-10-13
ACC_000282,ACC_001252,1050.77,2026-03-20
ACC_000282,ACC_001252,106.91,2025-11-25
ACC_000282,ACC_001252,107.40,2026-05-02
ACC_000282,ACC_001252,107.50,2025-12-12
ACC_000282,ACC_001252,107.60,2026-03-24
ACC_000282,ACC_001252,107.96,2026-01-01
ACC_000282,ACC_001252,108.39,2026-04-17
ACC_000282,ACC_001252,108.58,2025-08-19
ACC_000282,ACC_001252,108.58,2025-12-12
ACC_000282,ACC_001252,1096.83,2025-11-23
ACC_000282,ACC_001252,11.20,2025-10-06
ACC_000282,ACC_001252,11.38,2026-05-02
ACC_000282,ACC_001252,11.58,2026-05-17
ACC_000282,ACC_001252,11.63,2025-10-28
ACC_000282,ACC_001252,11.65,2026-03-07
ACC_000282,ACC_001252,110.92,2025-08-01
ACC_000282,ACC_001252,111.38,2025-10-20
ACC_000282,ACC_001252,112.70,2026-02-20
ACC_000282,ACC_001252,112.77,2026-03-16
ACC_000282,ACC_001252,113.68,2025-11-17
ACC_000282,ACC_001252,113.75,2025-12-13
ACC_000282,ACC_001252,113.87,2026-05-26
ACC_000282,ACC_001252,113.97,2026-03-20
ACC_000282,ACC_001252,1130.86,2025-09-06
ACC_000282,ACC_001252,1138.33,2026-03-26
ACC_000282,ACC_001252,116.70,2025-11-27
ACC_000282,ACC_001252,118.41,2026-04-02
ACC_000282,ACC_001252,118.53,2026-03-18
ACC_000282,ACC_001252,118.77,2025-08-26
ACC_000282,ACC_001252,119.45,2025-11-07
ACC_000282,ACC_001252,119.95,2026-03-18
ACC_000282,ACC_001252,1195.56,2025-12-30
ACC_000282,ACC_001252,12.22,2025-11-13
ACC_000282,ACC_001252,12.38,2026-01-05
ACC_000282,ACC_001252,12.42,2026-03-15
ACC_000282,ACC_001252,12.45,2026-03-12
ACC_000282,ACC_001252,12.50,2026-04-03
ACC_000282,ACC_001252,12.96,2025-11-12
ACC_000282,ACC_001252,120.84,2026-04-20
ACC_000282,ACC_001252,1209.48,2025-09-14
ACC_000282,ACC_001252,121.02,2025-10-17
ACC_000282,ACC_001252,121.79,2025-09-20
ACC_000282,ACC_001252,123.50,2026-05-23
ACC_000282,ACC_001252,1246.68,2026-03-15
ACC_000282,ACC_001252,125.94,2025-12-16
ACC_000282,ACC_001252,126.73,2025-12-20
ACC_000282,ACC_001252,126.84,2025-11-11
ACC_000282,ACC_001252,1266.03,2025-12-02
ACC_000282,ACC_001252,127.89,2026-01-19
ACC_000282,ACC_001252,1272.37,2026-05-31
ACC_000282,ACC_001252,1282.74,2025-11-28
ACC_000282,ACC_001252,129.14,2026-01-23
ACC_000282,ACC_001252,129.65,2025-12-09
ACC_000282,ACC_001252,13.00,2025-09-02
ACC_000282,ACC_001252,13.16,2025-11-21
ACC_000282,ACC_001252,13.30,2026-02-01
ACC_000282,ACC_001252,13.35,2025-10-24
ACC_000282,ACC_001252,13.49,2025-10-15
ACC_000282,ACC_001252,13.55,2026-03-11
ACC_000282,ACC_001252,13.61,2025-08-03
ACC_000282,ACC_001252,13.85,2025-08-26
ACC_000282,ACC_001252,13.87,2025-09-13
ACC_000282,ACC_001252,13.87,2025-11-17
ACC_000282,ACC_001252,13.99,2026-02-15
ACC_000282,ACC_001252,130.21,2026-02-16
ACC_000282,ACC_001252,130.74,2025-11-26
ACC_000282,ACC_001252,1300.12,2025-12-30
ACC_000282,ACC_001252,131.09,2025-11-02
ACC_000282,ACC_001252,131.16,2025-09-19
ACC_000282,ACC_001252,131.17,2026-01-05
ACC_000282,ACC_001252,131.28,2025-11-21
ACC_000282,ACC_001252,132.57,2026-02-26
ACC_000282,ACC_001252,134.51,2025-08-19
ACC_000282,ACC_001252,134.83,2025-11-28
ACC_000282,ACC_001252,135.66,2026-02-10
ACC_000282,ACC_001252,136.45,2025-09-29
ACC_000282,ACC_001252,1362.18,2025-10-31
ACC_000282,ACC_001252,1362.76,2025-12-26
ACC_000282,ACC_001252,138.76,2026-04-21
ACC_000282,ACC_001252,139.49,2025-10-05
ACC_000282,ACC_001252,14.09,2025-11-19
ACC_000282,ACC_001252,14.09,2026-03-28
ACC_000282,ACC_001252,14.23,2025-12-15
ACC_000282,ACC_001252,14.28,2026-05-22
ACC_000282,ACC_001252,14.66,2025-09-05
ACC_000282,ACC_001252,14.89,2025-09-09
ACC_000282,ACC_001252,140.03,2026-03-22
ACC_000282,ACC_001252,140.19,2025-10-16
ACC_000282,ACC_001252,140.37,2025-12-30
ACC_000282,ACC_001252,1403.44,2025-07-29
ACC_000282,ACC_001252,1444.79,2026-05-10
ACC_000282,ACC_001252,145.59,2026-01-24
ACC_000282,ACC_001252,146.34,2026-05-08
ACC_000282,ACC_001252,146.93,2026-04-01
ACC_000282,ACC_001252,148.05,2025-09-14
ACC_000282,ACC_001252,148.96,2025-10-13
ACC_000282,ACC_001252,1482.78,2026-02-17
ACC_000282,ACC_001252,149.27,2025-09-26
ACC_000282,ACC_001252,149.96,2025-09-16
ACC_000282,ACC_001252,15.00,2026-02-03
ACC_000282,ACC_001252,15.05,2026-04-01
ACC_000282,ACC_001252,15.23,2026-05-12
ACC_000282,ACC_001252,15.32,2026-01-09
ACC_000282,ACC_001252,15.57,2025-08-28
ACC_000282,ACC_001252,15.58,2025-11-01
ACC_000282,ACC_001252,15.65,2026-05-21
ACC_000282,ACC_001252,15.71,2025-12-16
ACC_000282,ACC_001252,15.82,2026-02-28
ACC_000282,ACC_001252,15.87,2025-09-10
ACC_000282,ACC_001252,15.98,2025-11-23
ACC_000282,ACC_001252,1504.41,2026-03-13
ACC_000282,ACC_001252,152.57,2025-08-03
ACC_000282,ACC_001252,153.56,2026-03-24
ACC_000282,ACC_001252,153.63,2026-03-28
ACC_000282,ACC_001252,154.21,2026-06-03
ACC_000282,ACC_001252,154.45,2025-11-29
ACC_000282,ACC_001252,155.22,2026-04-16
ACC_000282,ACC_001252,1555.58,2026-06-04
ACC_000282,ACC_001252,156.83,2026-04-30
ACC_000282,ACC_001252,157.74,2026-06-07
ACC_000282,ACC_001252,157.96,2026-04-28
ACC_000282,ACC_001252,159.71,2025-11-23
ACC_000282,ACC_001252,16.08,2025-12-08
ACC_000282,ACC_001252,16.14,2025-10-01
ACC_000282,ACC_001252,16.31,2025-11-25
ACC_000282,ACC_001252,16.48,2025-08-10
ACC_000282,ACC_001252,16.48,2026-04-24
ACC_000282,ACC_001252,16.52,2025-08-05
ACC_000282,ACC_001252,16.93,2026-01-30
ACC_000282,ACC_001252,1607.68,2025-07-25
ACC_000282,ACC_001252,161.75,2026-04-26
ACC_000282,ACC_001252,165.17,2026-01-26
ACC_000282,ACC_001252,167.16,2025-08-05
ACC_000282,ACC_001252,168.04,2025-11-24
ACC_000282,ACC_001252,17.01,2025-09-05
ACC_000282,ACC_001252,17.03,2025-12-19
ACC_000282,ACC_001252,17.32,2026-01-31
ACC_000282,ACC_001252,17.34,2026-01-26
ACC_000282,ACC_001252,17.64,2025-10-21
ACC_000282,ACC_001252,17.98,2025-12-12
ACC_000282,ACC_001252,171.76,2025-10-01
ACC_000282,ACC_001252,172.27,2025-10-13
ACC_000282,ACC_001252,173.42,2025-09-30
ACC_000282,ACC_001252,177.72,2025-11-04
ACC_000282,ACC_001252,1777.20,2026-03-17
ACC_000282,ACC_001252,18.22,2026-05-03
ACC_000282,ACC_001252,18.41,2026-03-04
ACC_000282,ACC_001252,18.58,2026-01-04
ACC_000282,ACC_001252,18.62,2026-05-16
ACC_000282,ACC_001252,18.84,2026-03-11
ACC_000282,ACC_001252,18.89,2026-03-08
ACC_000282,ACC_001252,181.91,2025-12-24
ACC_000282,ACC_001252,182.42,2026-02-16
ACC_000282,ACC_001252,189.61,2026-02-06
ACC_000282,ACC_001252,19.00,2025-08-09
ACC_000282,ACC_001252,19.21,2025-07-26
ACC_000282,ACC_001252,19.32,2026-01-31
ACC_000282,ACC_001252,19.57,2025-10-14
ACC_000282,ACC_001252,19.72,2026-01-28
ACC_000282,ACC_001252,19.87,2025-08-30
ACC_000282,ACC_001252,191.87,2025-12-30
ACC_000282,ACC_001252,192.33,2026-03-29
ACC_000282,ACC_001252,1944.91,2025-11-04
ACC_000282,ACC_001252,198.38,2025-09-27
ACC_000282,ACC_001252,198.92,2026-02-20
ACC_000282,ACC_001252,199.64,2026-06-12
ACC_000282,ACC_001252,2.93,2026-05-13
ACC_000282,ACC_001252,20.00,2026-03-18
ACC_000282,ACC_001252,20.10,2026-05-26
ACC_000282,ACC_001252,20.32,2026-04-28
ACC_000282,ACC_001252,20.43,2026-05-16
ACC_000282,ACC_001252,20.47,2026-01-25
ACC_000282,ACC_001252,20.49,2026-03-17
ACC_000282,ACC_001252,20.61,2025-10-25
ACC_000282,ACC_001252,20.63,2025-10-28
ACC_000282,ACC_001252,20.78,2026-01-08
ACC_000282,ACC_001252,20.79,2025-10-04
ACC_000282,ACC_001252,20.85,2025-10-19
ACC_000282,ACC_001252,2026.95,2026-02-21
ACC_000282,ACC_001252,203.25,2026-05-22
ACC_000282,ACC_001252,205.21,2025-10-09
ACC_000282,ACC_001252,206.09,2025-10-29
ACC_000282,ACC_001252,2078.05,2026-02-20
ACC_000282,ACC_001252,21.10,2026-04-28
ACC_000282,ACC_001252,21.27,2025-11-09
ACC_000282,ACC_001252,21.69,2025-12-12
ACC_000282,ACC_001252,21.86,2025-09-22
ACC_000282,ACC_001252,21.96,2025-12-15
ACC_000282,ACC_001252,215.32,2026-06-07
ACC_000282,ACC_001252,219.83,2025-08-07
ACC_000282,ACC_001252,22.09,2025-07-30
ACC_000282,ACC_001252,22.24,2026-01-27
ACC_000282,ACC_001252,22.34,2025-09-01
ACC_000282,ACC_001252,22.35,2025-12-20
ACC_000282,ACC_001252,22.39,2025-10-18
ACC_000282,ACC_001252,22.76,2025-11-10
ACC_000282,ACC_001252,22.92,2025-09-19
ACC_000282,ACC_001252,220.64,2026-02-14
ACC_000282,ACC_001252,220.85,2025-12-26
ACC_000282,ACC_001252,222.87,2025-12-29
ACC_000282,ACC_001252,226.55,2026-05-01
ACC_000282,ACC_001252,228.24,2026-02-13
ACC_000282,ACC_001252,228.69,2026-03-21
ACC_000282,ACC_001252,23.08,2025-12-11
ACC_000282,ACC_001252,23.20,2026-01-20
ACC_000282,ACC_001252,23.43,2026-01-24
ACC_000282,ACC_001252,23.52,2026-06-02
ACC_000282,ACC_001252,23.57,2026-01-21
ACC_000282,ACC_001252,23.85,2025-10-27
ACC_000282,ACC_001252,231.91,2026-02-02
ACC_000282,ACC_001252,233.58,2025-07-13
ACC_000282,ACC_001252,234.84,2025-10-13
ACC_000282,ACC_001252,235.00,2025-08-12
ACC_000282,ACC_001252,239.04,2026-05-14
ACC_000282,ACC_001252,24.37,2025-11-01
ACC_000282,ACC_001252,24.43,2025-09-08
ACC_000282,ACC_001252,24.84,2025-08-14
ACC_000282,ACC_001252,242.11,2025-09-11
ACC_000282,ACC_001252,244.08,2026-06-16
ACC_000282,ACC_001252,245.18,2025-12-03
ACC_000282,ACC_001252,245.95,2025-08-08
ACC_000282,ACC_001252,25.04,2025-12-11
ACC_000282,ACC_001252,25.30,2025-10-01
ACC_000282,ACC_001252,25.33,2025-10-31
ACC_000282,ACC_001252,25.36,2026-05-12
ACC_000282,ACC_001252,25.63,2026-05-07
ACC_000282,ACC_001252,25.98,2026-05-27
ACC_000282,ACC_001252,250.36,2025-10-20
ACC_000282,ACC_001252,254.03,2025-12-25
ACC_000282,ACC_001252,257.50,2026-03-25
ACC_000282,ACC_001252,257.86,2025-12-27
ACC_000282,ACC_001252,258.18,2026-01-26
ACC_000282,ACC_001252,259.88,2025-09-07
ACC_000282,ACC_001252,26.22,2025-09-04
ACC_000282,ACC_001252,26.26,2025-09-01
ACC_000282,ACC_001252,26.32,2025-12-07
ACC_000282,ACC_001252,26.34,2025-10-28
ACC_000282,ACC_001252,26.50,2025-11-05
ACC_000282,ACC_001252,263.93,2026-02-17
ACC_000282,ACC_001252,265.61,2025-10-13
ACC_000282,ACC_001252,269.35,2025-08-01
ACC_000282,ACC_001252,27.03,2026-05-02
ACC_000282,ACC_001252,27.36,2025-11-04
ACC_000282,ACC_001252,270.63,2025-10-16
ACC_000282,ACC_001252,271.11,2025-12-23
ACC_000282,ACC_001252,274.14,2026-01-30
ACC_000282,ACC_001252,275.60,2025-12-13
ACC_000282,ACC_001252,276.97,2026-05-05
ACC_000282,ACC_001252,28.16,2026-02-04
ACC_000282,ACC_001252,28.37,2025-11-06
ACC_000282,ACC_001252,28.79,2025-10-08
ACC_000282,ACC_001252,28.81,2026-05-17
ACC_000282,ACC_001252,283.66,2025-11-08
ACC_000282,ACC_001252,29.11,2026-05-31
ACC_000282,ACC_001252,29.51,2025-10-03
ACC_000282,ACC_001252,29.76,2026-03-02
ACC_000282,ACC_001252,295.26,2026-02-15
ACC_000282,ACC_001252,297.23,2026-01-22
ACC_000282,ACC_001252,299.54,2025-09-16
ACC_000282,ACC_001252,3.36,2025-08-17
ACC_000282,ACC_001252,3.59,2025-08-22
ACC_000282,ACC_001252,3.78,2026-03-11
ACC_000282,ACC_001252,30.02,2025-08-19
ACC_000282,ACC_001252,301.50,2025-09-23
ACC_000282,ACC_001252,307.35,2025-09-20
ACC_000282,ACC_001252,307.36,2025-08-25
ACC_000282,ACC_001252,309.11,2026-04-25
ACC_000282,ACC_001252,309.71,2025-08-05
ACC_000282,ACC_001252,309.95,2025-12-16
ACC_000282,ACC_001252,31.73,2025-09-23
ACC_000282,ACC_001252,312.32,2026-02-11
ACC_000282,ACC_001252,313.89,2025-12-22
ACC_000282,ACC_001252,317.78,2025-10-24
ACC_000282,ACC_001252,319.40,2026-01-06
ACC_000282,ACC_001252,32.28,2026-05-21
ACC_000282,ACC_001252,32.35,2025-09-26
ACC_000282,ACC_001252,32.48,2026-03-14
ACC_000282,ACC_001252,32.80,2025-07-21
ACC_000282,ACC_001252,322.55,2026-05-11
ACC_000282,ACC_001252,323.76,2026-05-10
ACC_000282,ACC_001252,329.76,2025-12-17
ACC_000282,ACC_001252,33.04,2025-08-29
ACC_000282,ACC_001252,33.29,2026-03-13
ACC_000282,ACC_001252,33.54,2025-09-05
ACC_000282,ACC_001252,332.87,2026-04-05
ACC_000282,ACC_001252,337.26,2026-05-22
ACC_000282,ACC_001252,34.32,2026-03-18
ACC_000282,ACC_001252,34.37,2026-03-23
ACC_000282,ACC_001252,34.41,2026-03-06
ACC_000282,ACC_001252,34.48,2025-10-07
ACC_000282,ACC_001252,34.99,2026-06-12
ACC_000282,ACC_001252,341.54,2025-07-27
ACC_000282,ACC_001252,343.73,2026-03-13
ACC_000282,ACC_001252,344.06,2025-10-18
ACC_000282,ACC_001252,344.76,2026-02-08
ACC_000282,ACC_001252,35.09,2025-07-21
ACC_000282,ACC_001252,35.48,2025-12-24
ACC_000282,ACC_001252,351.01,2026-04-10
ACC_000282,ACC_001252,357.72,2025-09-07
ACC_000282,ACC_001252,358.51,2026-03-18
ACC_000282,ACC_001252,359.60,2026-02-04
ACC_000282,ACC_001252,36.21,2026-02-25
ACC_000282,ACC_001252,36.47,2025-12-23
ACC_000282,ACC_001252,367.70,2025-10-17
ACC_000282,ACC_001252,37.02,2026-06-06
ACC_000282,ACC_001252,37.28,2026-02-27
ACC_000282,ACC_001252,370.14,2025-12-26
ACC_000282,ACC_001252,375.12,2025-10-25
ACC_000282,ACC_001252,377.91,2026-05-26
ACC_000282,ACC_001252,38.45,2025-09-27
ACC_000282,ACC_001252,388.59,2025-12-21
ACC_000282,ACC_001252,389.30,2025-11-19
ACC_000282,ACC_001252,39.24,2025-12-08
ACC_000282,ACC_001252,39.53,2025-08-23
ACC_000282,ACC_001252,39.71,2026-05-06
ACC_000282,ACC_001252,391.86,2025-07-09
ACC_000282,ACC_001252,4.04,2026-05-17
ACC_000282,ACC_001252,4.14,2025-12-12
ACC_000282,ACC_001252,4.26,2026-04-02
ACC_000282,ACC_001252,4.29,2026-01-07
ACC_000282,ACC_001252,4.30,2025-12-16
ACC_000282,ACC_001252,4.34,2025-09-06
ACC_000282,ACC_001252,4.45,2026-01-20
ACC_000282,ACC_001252,40.81,2025-08-23
ACC_000282,ACC_001252,40.91,2026-04-28
ACC_000282,ACC_001252,400.36,2026-05-07
ACC_000282,ACC_001252,401.96,2025-10-22
ACC_000282,ACC_001252,404.81,2025-08-29
ACC_000282,ACC_001252,407.16,2026-05-21
ACC_000282,ACC_001252,408.01,2026-02-07
ACC_000282,ACC_001252,41.28,2025-11-06
ACC_000282,ACC_001252,41.30,2025-07-25
ACC_000282,ACC_001252,41.47,2026-01-23
ACC_000282,ACC_001252,411.37,2025-12-26
ACC_000282,ACC_001252,414.33,2026-01-25
ACC_000282,ACC_001252,42.32,2025-08-02
ACC_000282,ACC_001252,42.60,2026-05-28
ACC_000282,ACC_001252,420.38,2025-08-27
ACC_000282,ACC_001252,421.82,2025-11-15
ACC_000282,ACC_001252,424.81,2026-04-14
ACC_000282,ACC_001252,426.70,2026-01-23
ACC_000282,ACC_001252,427.99,2025-12-12
ACC_000282,ACC_001252,43.11,2026-03-03
ACC_000282,ACC_001252,43.51,2025-09-02
ACC_000282,ACC_001252,43.67,2025-11-08
ACC_000282,ACC_001252,43.71,2026-03-07
ACC_000282,ACC_001252,43.86,2025-10-23
ACC_000282,ACC_001252,430.31,2025-07-23
ACC_000282,ACC_001252,44.10,2026-01-26
ACC_000282,ACC_001252,44.29,2026-02-21
ACC_000282,ACC_001252,447.82,2026-04-23
ACC_000282,ACC_001252,45.52,2026-01-27
ACC_000282,ACC_001252,453.91,2025-07-30
ACC_000282,ACC_001252,454.10,2026-04-29
ACC_000282,ACC_001252,457.56,2026-04-09
ACC_000282,ACC_001252,459.01,2025-09-26
ACC_000282,ACC_001252,46.08,2026-01-26
ACC_000282,ACC_001252,468.07,2026-06-05
ACC_000282,ACC_001252,468.39,2026-01-27
ACC_000282,ACC_001252,47.17,2026-03-22
ACC_000282,ACC_001252,47.38,2026-03-01
ACC_000282,ACC_001252,47.39,2026-06-08
ACC_000282,ACC_001252,47.89,2025-09-21
ACC_000282,ACC_001252,471.64,2026-04-27
ACC_000282,ACC_001252,476.24,2025-08-23
ACC_000282,ACC_001252,476.50,2026-01-10
ACC_000282,ACC_001252,476.78,2025-12-22
ACC_000282,ACC_001252,48.25,2026-03-19
ACC_000282,ACC_001252,48.46,2026-01-24
ACC_000282,ACC_001252,48.53,2025-12-09
ACC_000282,ACC_001252,48.90,2026-05-23
ACC_000282,ACC_001252,482.59,2026-03-09
ACC_000282,ACC_001252,49.12,2026-03-27
ACC_000282,ACC_001252,49.13,2025-09-25
ACC_000282,ACC_001252,49.31,2025-09-08
ACC_000282,ACC_001252,492.57,2025-09-02
ACC_000282,ACC_001252,497.27,2026-03-14
ACC_000282,ACC_001252,497.95,2026-02-19
ACC_000282,ACC_001252,5.30,2026-01-11
ACC_000282,ACC_001252,5.72,2025-07-24
ACC_000282,ACC_001252,5.81,2026-05-22
ACC_000282,ACC_001252,5.88,2025-08-29
ACC_000282,ACC_001252,50.89,2026-05-02
ACC_000282,ACC_001252,506.95,2025-10-17
ACC_000282,ACC_001252,509.19,2025-12-30
ACC_000282,ACC_001252,51.45,2026-01-06
ACC_000282,ACC_001252,51.52,2025-09-09
ACC_000282,ACC_001252,51.58,2025-09-08
ACC_000282,ACC_001252,515.30,2025-08-15
ACC_000282,ACC_001252,52.45,2025-07-30
ACC_000282,ACC_001252,529.39,2025-09-11
ACC_000282,ACC_001252,53.03,2026-03-24
ACC_000282,ACC_001252,534.24,2025-08-03
ACC_000282,ACC_001252,539.11,2026-02-07
ACC_000282,ACC_001252,54.18,2025-12-04
ACC_000282,ACC_001252,54.26,2025-11-29
ACC_000282,ACC_001252,54.27,2025-08-28
ACC_000282,ACC_001252,540.52,2025-11-05
ACC_000282,ACC_001252,541.72,2026-03-27
ACC_000282,ACC_001252,543.74,2026-03-18
ACC_000282,ACC_001252,55.03,2025-07-17
ACC_000282,ACC_001252,55.03,2026-02-07
ACC_000282,ACC_001252,55.68,2026-05-20
ACC_000282,ACC_001252,55.69,2025-12-09
ACC_000282,ACC_001252,55.84,2026-02-18
ACC_000282,ACC_001252,56.74,2025-12-23
ACC_000282,ACC_001252,56.74,2026-03-05
ACC_000282,ACC_001252,57.12,2026-03-14
ACC_000282,ACC_001252,57.13,2025-11-21
ACC_000282,ACC_001252,57.62,2025-08-06
ACC_000282,ACC_001252,57.76,2026-03-03
ACC_000282,ACC_001252,572.30,2026-02-12
ACC_000282,ACC_001252,572.53,2025-12-17
ACC_000282,ACC_001252,575.71,2025-08-29
ACC_000282,ACC_001252,577.95,2026-01-18
ACC_000282,ACC_001252,58.01,2026-05-07
ACC_000282,ACC_001252,58.07,2025-12-13
ACC_000282,ACC_001252,58.50,2025-11-01
ACC_000282,ACC_001252,580.15,2025-12-25
ACC_000282,ACC_001252,581.20,2026-05-12
ACC_000282,ACC_001252,586.44,2025-11-08
ACC_000282,ACC_001252,587.52,2026-01-29
ACC_000282,ACC_001252,59.34,2026-04-24
ACC_000282,ACC_001252,59.69,2026-01-09
ACC_000282,ACC_001252,596.35,2026-02-23
ACC_000282,ACC_001252,597.49,2025-08-23
ACC_000282,ACC_001252,6.22,2026-01-28
ACC_000282,ACC_001252,6.41,2025-08-18
ACC_000282,ACC_001252,6.41,2025-10-06
ACC_000282,ACC_001252,6.72,2026-04-06
ACC_000282,ACC_001252,6.79,2026-05-05
ACC_000282,ACC_001252,6.86,2026-01-16
ACC_000282,ACC_001252,6.99,2026-01-06
ACC_000282,ACC_001252,60.11,2026-05-02
ACC_000282,ACC_001252,60.84,2025-08-23
ACC_000282,ACC_001252,601.89,2025-08-22
ACC_000282,ACC_001252,603.32,2026-04-18
ACC_000282,ACC_001252,61.30,2026-02-22
ACC_000282,ACC_001252,61.60,2025-12-28
ACC_000282,ACC_001252,61.75,2025-07-27
ACC_000282,ACC_001252,613.43,2026-04-06
ACC_000282,ACC_001252,617.16,2026-05-11
ACC_000282,ACC_001252,62.54,2026-01-30
ACC_000282,ACC_001252,624.06,2026-03-31
ACC_000282,ACC_001252,624.33,2025-11-02
ACC_000282,ACC_001252,629.74,2026-02-08
ACC_000282,ACC_001252,63.12,2025-08-05
ACC_000282,ACC_001252,63.23,2025-10-14
ACC_000282,ACC_001252,63.49,2025-12-28
ACC_000282,ACC_001252,633.35,2025-11-01
ACC_000282,ACC_001252,633.35,2026-03-29
ACC_000282,ACC_001252,64.07,2026-01-05
ACC_000282,ACC_001252,64.09,2026-03-04
ACC_000282,ACC_001252,64.47,2026-02-11
ACC_000282,ACC_001252,64.56,2025-11-02
ACC_000282,ACC_001252,641.02,2026-05-25
ACC_000282,ACC_001252,641.74,2025-08-08
ACC_000282,ACC_001252,65.29,2025-09-26
ACC_000282,ACC_001252,65.34,2026-01-30
ACC_000282,ACC_001252,657.23,2026-02-12
ACC_000282,ACC_001252,66.31,2026-04-07
ACC_000282,ACC_001252,66.45,2026-05-11
ACC_000282,ACC_001252,66.94,2025-11-17
ACC_000282,ACC_001252,66.94,2025-12-11
ACC_000282,ACC_001252,660.80,2025-12-21
ACC_000282,ACC_001252,664.37,2025-10-21
ACC_000282,ACC_001252,67.06,2026-06-01
ACC_000282,ACC_001252,673.06,2026-02-23
ACC_000282,ACC_001252,674.80,2026-05-09
ACC_000282,ACC_001252,68.49,2026-02-18
ACC_000282,ACC_001252,68.84,2025-09-04
ACC_000282,ACC_001252,682.82,2025-11-26
ACC_000282,ACC_001252,69.05,2025-10-05
ACC_000282,ACC_001252,69.87,2026-01-28
ACC_000282,ACC_001252,7.26,2025-09-06
ACC_000282,ACC_001252,7.38,2025-07-23
ACC_000282,ACC_001252,70.01,2026-05-06
ACC_000282,ACC_001252,70.08,2025-11-25
ACC_000282,ACC_001252,70.23,2025-12-27
ACC_000282,ACC_001252,70.59,2025-11-06
ACC_000282,ACC_001252,70.88,2026-04-01
ACC_000282,ACC_001252,71.42,2025-08-03
ACC_000282,ACC_001252,72.85,2026-01-05
ACC_000282,ACC_001252,724.64,2025-09-30
ACC_000282,ACC_001252,73.25,2026-01-28
ACC_000282,ACC_001252,73.59,2025-11-06
ACC_000282,ACC_001252,734.06,2025-08-19
ACC_000282,ACC_001252,735.38,2026-03-16
ACC_000282,ACC_001252,737.18,2025-11-27
ACC_000282,ACC_001252,737.37,2025-08-27
ACC_000282,ACC_001252,74.18,2026-01-09
ACC_000282,ACC_001252,75.07,2025-08-23
ACC_000282,ACC_001252,75.10,2026-05-06
ACC_000282,ACC_001252,75.44,2026-01-06
ACC_000282,ACC_001252,75.44,2026-02-08
ACC_000282,ACC_001252,75.76,2025-09-12
ACC_000282,ACC_001252,75.78,2025-12-09
ACC_000282,ACC_001252,755.98,2026-04-14
ACC_000282,ACC_001252,758.51,2025-12-21
ACC_000282,ACC_001252,76.31,2025-12-13
ACC_000282,ACC_001252,76.67,2025-11-05
ACC_000282,ACC_001252,76.70,2026-04-29
ACC_000282,ACC_001252,76.75,2025-10-18
ACC_000282,ACC_001252,76.76,2025-08-30
ACC_000282,ACC_001252,76.88,2026-01-24
ACC_000282,ACC_001252,76.90,2026-05-24
ACC_000282,ACC_001252,769.98,2026-02-16
ACC_000282,ACC_001252,772.98,2026-05-13
ACC_000282,ACC_001252,78.01,2025-10-16
ACC_000282,ACC_001252,786.67,2026-06-01
ACC_000282,ACC_001252,79.10,2025-11-23
ACC_000282,ACC_001252,79.21,2025-12-17
ACC_000282,ACC_001252,79.93,2025-12-03
ACC_000282,ACC_001252,79.93,2025-12-13
ACC_000282,ACC_001252,792.45,2026-03-22
ACC_000282,ACC_001252,8.02,2026-05-26
ACC_000282,ACC_001252,8.26,2025-11-21
ACC_000282,ACC_001252,8.49,2026-03-24
ACC_000282,ACC_001252,8.56,2025-10-02
ACC_000282,ACC_001252,8.61,2025-12-12
ACC_000282,ACC_001252,8.65,2025-10-10
ACC_000282,ACC_001252,8.94,2025-12-16
ACC_000282,ACC_001252,80.63,2025-12-14
ACC_000282,ACC_001252,80.84,2025-10-09
ACC_000282,ACC_001252,803.99,2025-09-14
ACC_000282,ACC_001252,81.13,2026-03-19
ACC_000282,ACC_001252,81.19,2026-02-14
ACC_000282,ACC_001252,811.91,2025-09-10
ACC_000282,ACC_001252,82.06,2025-09-15
ACC_000282,ACC_001252,82.51,2025-09-06
ACC_000282,ACC_001252,82.80,2025-08-22
ACC_000282,ACC_001252,824.93,2026-04-18
ACC_000282,ACC_001252,824.99,2025-11-06
ACC_000282,ACC_001252,83.51,2026-06-04
ACC_000282,ACC_001252,831.19,2026-05-08
ACC_000282,ACC_001252,84.17,2026-03-28
ACC_000282,ACC_001252,84.77,2025-07-31
ACC_000282,ACC_001252,85.14,2026-02-04
ACC_000282,ACC_001252,85.33,2025-08-27
ACC_000282,ACC_001252,86.69,2025-11-22
ACC_000282,ACC_001252,86.94,2025-12-26
ACC_000282,ACC_001252,863.14,2026-03-22
ACC_000282,ACC_001252,87.07,2026-01-10
ACC_000282,ACC_001252,873.77,2025-08-12
ACC_000282,ACC_001252,88.16,2025-10-09
ACC_000282,ACC_001252,88.72,2026-05-19
ACC_000282,ACC_001252,889.36,2026-02-19
ACC_000282,ACC_001252,89.72,2025-08-26
ACC_000282,ACC_001252,89.75,2025-11-27
ACC_000282,ACC_001252,89.98,2026-02-28
ACC_000282,ACC_001252,9.01,2025-09-14
ACC_000282,ACC_001252,9.11,2025-10-24
ACC_000282,ACC_001252,9.14,2025-07-20
ACC_000282,ACC_001252,9.18,2026-05-09
ACC_000282,ACC_001252,9.44,2026-02-19
ACC_000282,ACC_001252,9.54,2026-03-28
ACC_000282,ACC_001252,9.66,2025-09-09
ACC_000282,ACC_001252,9.68,2025-10-28
ACC_000282,ACC_001252,9.74,2026-01-24
ACC_000282,ACC_001252,9.76,2026-03-30
ACC_000282,ACC_001252,9.96,2025-08-09
ACC_000282,ACC_001252,90.05,2026-03-18
ACC_000282,ACC_001252,90.74,2025-10-12
ACC_000282,ACC_001252,904.30,2026-04-02
ACC_000282,ACC_001252,905.76,2025-12-26
ACC_000282,ACC_001252,91.82,2026-01-13
ACC_000282,ACC_001252,92.42,2026-04-06
ACC_000282,ACC_001252,92.47,2025-08-31
ACC_000282,ACC_001252,921.58,2025-12-25
ACC_000282,ACC_001252,924.72,2025-08-26
ACC_000282,ACC_001252,93.46,2026-03-23
ACC_000282,ACC_001252,93.48,2026-02-16
ACC_000282,ACC_001252,94.87,2025-12-24
ACC_000282,ACC_001252,949.53,2026-05-15
ACC_000282,ACC_001252,95.46,2026-03-12
ACC_000282,ACC_001252,95.57,2025-08-24
ACC_000282,ACC_001252,96.29,2026-03-28
ACC_000282,ACC_001252,96.44,2025-09-02
ACC_000282,ACC_001252,96.62,2025-09-30
ACC_000282,ACC_001252,97.09,2025-12-08
ACC_000282,ACC_001252,97.23,2025-11-10
ACC_000282,ACC_001252,97.84,2025-10-29
ACC_000282,ACC_001252,98.17,2026-01-28
ACC_000282,ACC_001252,989.94,2025-09-10
ACC_000282,ACC_001252,99.02,2025-12-07
ACC_000282,ACC_001252,99.38,2025-09-10
ACC_000282,ACC_001252,99.55,2026-04-02
ACC_000282,ACC_001252,99.80,2025-12-18
ACC_000282,ACC_001252,99.94,2025-12-15
ACC_000282,ACC_001253,10.98,2026-05-14
ACC_000282,ACC_001253,12.47,2026-06-03
ACC_000282,ACC_001253,125.03,2026-05-24
ACC_000282,ACC_001253,63.08,2026-05-15
ACC_000282,ACC_001254,834.23,2026-04-15
ACC_000282,ACC_001255,74.22,2026-04-07
ACC_000282,ACC_001256,30.97,2026-01-19
ACC_000282,ACC_001257,170.76,2025-12-27
ACC_000282,ACC_001260,70.05,2025-08-07
ACC_000282,ACC_001260,91.34,2025-08-03
ACC_000282,ACC_001263,12.66,2026-01-05
ACC_000282,ACC_001263,62.52,2026-02-20
ACC_000282,ACC_001264,108.15,2026-01-03
ACC_000282,ACC_001264,13.90,2026-01-28
ACC_000282,ACC_001264,6.81,2026-03-05
ACC_000282,ACC_001265,160.58,2026-03-19
ACC_000282,ACC_001268,133.08,2026-01-01
ACC_000282,ACC_001268,1697.80,2026-01-04
ACC_000282,ACC_001268,94.62,2026-01-11
ACC_000282,ACC_001269,155.94,2025-08-14
ACC_000282,ACC_001269,27.57,2026-05-04
ACC_000282,ACC_001269,454.60,2026-04-27
ACC_000282,ACC_001269,90.90,2026-04-23
ACC_000282,ACC_001269,91.29,2025-08-22
ACC_000282,ACC_001269,91.55,2026-04-09
ACC_000282,ACC_001271,53.67,2026-01-03
ACC_000282,ACC_001272,452.74,2025-12-06
ACC_000282,ACC_001272,64.94,2025-12-06
ACC_000282,ACC_001273,5.95,2025-11-03
ACC_000282,ACC_001273,55.37,2025-11-02
ACC_000282,ACC_001273,8.63,2025-11-12
ACC_000282,ACC_001279,1125.13,2026-02-26
ACC_000282,ACC_001279,161.47,2026-03-17
ACC_000282,ACC_001280,72.03,2025-09-25
ACC_000282,ACC_001281,394.16,2025-10-03
ACC_000282,ACC_001289,900.23,2025-10-19
ACC_000282,ACC_001291,160.75,2025-11-14
ACC_000282,ACC_001291,833.32,2025-11-06
ACC_000282,ACC_001291,88.78,2025-11-11
ACC_000282,ACC_001292,101.04,2026-02-05
ACC_000282,ACC_001292,111.27,2026-02-01
ACC_000282,ACC_001292,12.10,2025-11-07
ACC_000282,ACC_001292,1500.70,2026-03-15
ACC_000282,ACC_001292,155.41,2026-02-07
ACC_000282,ACC_001292,16.93,2026-03-02
ACC_000282,ACC_001292,18.49,2025-11-03
ACC_000282,ACC_001292,22.83,2025-11-12
ACC_000282,ACC_001292,25.74,2025-11-25
ACC_000282,ACC_001292,250.95,2025-11-17
ACC_000282,ACC_001292,29.96,2026-03-06
ACC_000282,ACC_001292,345.91,2025-11-13
ACC_000282,ACC_001292,4.50,2026-02-20
ACC_000282,ACC_001292,54.12,2026-03-13
ACC_000282,ACC_001292,68.91,2025-11-13
ACC_000282,ACC_001292,70.12,2026-04-19
ACC_000282,ACC_001292,87.82,2026-02-03
ACC_000282,ACC_001292,921.43,2026-03-11
ACC_000282,ACC_001293,102.65,2026-03-24
ACC_000282,ACC_001293,167.18,2026-03-28
ACC_000282,ACC_001293,170.58,2025-11-25
ACC_000282,ACC_001293,19.11,2026-02-16
ACC_000282,ACC_001293,21.05,2026-02-12
ACC_000282,ACC_001293,260.66,2025-11-21
ACC_000282,ACC_001293,294.65,2026-04-03
ACC_000282,ACC_001293,328.91,2026-03-30
ACC_000282,ACC_001293,330.75,2026-04-01
ACC_000282,ACC_001293,34.88,2025-11-08
ACC_000282,ACC_001293,35.48,2025-11-21
ACC_000282,ACC_001293,49.99,2025-11-17
ACC_000282,ACC_001293,541.12,2026-04-05
ACC_000282,ACC_001293,69.64,2026-03-17
ACC_000282,ACC_001293,7.96,2026-02-24
ACC_000282,ACC_001293,73.82,2026-04-23
ACC_000282,ACC_001293,762.08,2025-10-28
ACC_000282,ACC_001293,802.24,2025-11-01
ACC_000282,ACC_001298,111.00,2026-04-17
ACC_000282,ACC_001298,65.05,2026-04-30
ACC_000282,ACC_001298,865.36,2026-04-26
ACC_000282,ACC_001300,233.31,2026-01-25
ACC_000282,ACC_001300,26.37,2026-01-31
ACC_000282,ACC_001301,113.96,2025-08-22
ACC_000282,ACC_001301,124.95,2025-10-15
ACC_000282,ACC_001301,138.77,2025-08-02
ACC_000282,ACC_001301,140.04,2025-08-16
ACC_000282,ACC_001301,1528.20,2026-01-04
ACC_000282,ACC_001301,21.06,2025-07-15
ACC_000282,ACC_001301,22.46,2025-10-25
ACC_000282,ACC_001301,22.98,2026-02-07
ACC_000282,ACC_001301,227.01,2026-03-17
ACC_000282,ACC_001301,238.94,2025-10-21
ACC_000282,ACC_001301,272.27,2025-08-02
ACC_000282,ACC_001301,283.23,2026-01-14
ACC_000282,ACC_001301,323.61,2025-09-06
ACC_000282,ACC_001301,33.14,2026-02-11
ACC_000282,ACC_001301,37.49,2026-03-25
ACC_000282,ACC_001301,38.66,2025-10-01
ACC_000282,ACC_001301,45.83,2025-10-14
ACC_000282,ACC_001301,51.53,2025-07-24
ACC_000282,ACC_001301,732.71,2025-08-25
ACC_000282,ACC_001301,83.13,2026-05-18
ACC_000282,ACC_001303,142.33,2026-05-30
ACC_000282,ACC_001303,759.69,2026-05-22
ACC_000282,ACC_001304,202.07,2026-01-07
ACC_000282,ACC_001304,38.87,2026-01-16
ACC_000282,ACC_001305,18.91,2026-02-05
ACC_000282,ACC_001309,118.87,2025-11-09
ACC_000282,ACC_001309,336.52,2026-01-29
ACC_000282,ACC_001309,61.28,2025-10-17
ACC_000282,ACC_001309,675.57,2026-01-11
ACC_000282,ACC_001309,71.00,2025-12-20
ACC_000282,ACC_001309,84.32,2025-10-02
ACC_000282,ACC_001309,843.54,2025-09-25
ACC_000282,ACC_001318,3.15,2026-03-31
ACC_000282,ACC_001318,54.30,2026-04-05
ACC_000282,ACC_001319,8.97,2026-03-20
ACC_000282,ACC_001324,1193.58,2025-12-09
ACC_000282,ACC_001324,183.74,2026-01-01
ACC_000282,ACC_001324,226.16,2026-01-01
ACC_000282,ACC_001331,13.09,2025-08-12
ACC_000282,ACC_001331,257.03,2025-07-31
ACC_000282,ACC_001339,106.87,2025-11-29
ACC_000282,ACC_001339,168.43,2026-03-13
ACC_000282,ACC_001339,168.84,2026-05-31
ACC_000282,ACC_001339,171.58,2026-04-06
ACC_000282,ACC_001339,185.76,2025-08-22
ACC_000282,ACC_001339,20.84,2025-11-29
ACC_000282,ACC_001339,75.36,2026-01-30
ACC_000282,ACC_001339,8.84,2026-03-17
ACC_000282,ACC_001340,11.12,2026-02-16
ACC_000282,ACC_001340,1235.15,2026-03-30
ACC_000282,ACC_001340,142.01,2026-03-25
ACC_000282,ACC_001340,1967.86,2026-03-22
ACC_000282,ACC_001340,215.26,2026-04-06
ACC_000282,ACC_001340,215.75,2025-10-29
ACC_000282,ACC_001340,26.83,2026-01-04
ACC_000282,ACC_001340,354.89,2026-01-10
ACC_000282,ACC_001340,39.26,2026-04-25
ACC_000282,ACC_001340,394.79,2026-03-30
ACC_000282,ACC_001340,5.01,2026-02-16
ACC_000282,ACC_001340,64.12,2026-03-11
ACC_000282,ACC_001340,66.26,2026-04-17
ACC_000282,ACC_001340,69.88,2026-01-30
ACC_000282,ACC_001343,388.77,2026-06-02
ACC_000282,ACC_001343,489.86,2025-11-15
ACC_000282,ACC_001343,86.53,2025-10-05
ACC_000282,ACC_001343,934.83,2025-09-30
ACC_000282,ACC_001344,121.67,2026-04-19
ACC_000282,ACC_001346,250.80,2025-11-22
ACC_000282,ACC_001346,35.29,2025-12-02
ACC_000282,ACC_001348,135.51,2025-10-07
ACC_000282,ACC_001348,1402.60,2025-08-21
ACC_000282,ACC_001348,161.65,2025-11-07
ACC_000282,ACC_001348,17.83,2025-11-18
ACC_000282,ACC_001348,170.53,2025-12-30
ACC_000282,ACC_001348,20.44,2026-01-19
ACC_000282,ACC_001348,225.47,2025-11-21
ACC_000282,ACC_001348,25.96,2025-10-26
ACC_000282,ACC_001348,29.68,2025-11-27
ACC_000282,ACC_001348,352.94,2025-10-20
ACC_000282,ACC_001348,391.59,2026-01-11
ACC_000282,ACC_001348,437.00,2025-08-06
ACC_000282,ACC_001348,51.93,2025-10-22
ACC_000282,ACC_001348,57.58,2026-01-22
ACC_000282,ACC_001348,8.40,2025-12-23
ACC_000282,ACC_001349,119.61,2026-01-12
ACC_000282,ACC_001349,13.75,2026-01-03
ACC_000282,ACC_001349,2009.20,2026-03-19
ACC_000282,ACC_001349,304.60,2025-10-21
ACC_000282,ACC_001349,622.43,2026-05-19
ACC_000282,ACC_001349,65.66,2025-08-02
ACC_000282,ACC_001349,75.48,2025-12-21
ACC_000282,ACC_001349,9.36,2025-12-09
ACC_000282,ACC_001350,1303.70,2026-02-05
ACC_000282,ACC_001350,155.59,2026-01-28
ACC_000282,ACC_001350,235.49,2026-01-27
ACC_000282,ACC_001352,142.14,2026-02-23
ACC_000282,ACC_001352,939.14,2026-02-20
ACC_000282,ACC_001354,1075.35,2025-12-14
ACC_000282,ACC_001354,173.43,2025-12-14
ACC_000282,ACC_001354,199.43,2025-11-24
ACC_000282,ACC_001354,629.75,2026-01-10
ACC_000282,ACC_001355,70.32,2026-01-06
ACC_000282,ACC_001355,75.62,2025-12-29
ACC_000282,ACC_001355,782.77,2025-09-11
ACC_000282,ACC_001355,83.69,2026-01-14
ACC_000282,ACC_001356,124.34,2026-05-26
ACC_000282,ACC_001356,3.57,2025-12-19
ACC_000282,ACC_001356,304.43,2026-04-10
ACC_000282,ACC_001356,418.66,2025-12-14
ACC_000282,ACC_001356,47.72,2025-12-15
ACC_000282,ACC_001356,6.39,2026-01-27
ACC_000282,ACC_001356,620.50,2025-10-11
ACC_000282,ACC_001356,9.31,2026-01-06
ACC_000282,ACC_001365,1847.23,2025-08-28
ACC_000282,ACC_001365,225.07,2025-09-14
ACC_000282,ACC_001365,569.47,2025-08-22
ACC_000282,ACC_001365,66.26,2025-08-24
ACC_000282,ACC_001366,12.05,2025-12-15
ACC_000282,ACC_001366,27.86,2025-12-16
ACC_000282,ACC_001367,183.21,2025-12-15
ACC_000282,ACC_001370,12.65,2025-11-25
ACC_000282,ACC_001370,24.03,2025-09-08
ACC_000282,ACC_001370,28.15,2025-11-30
ACC_000282,ACC_001370,425.09,2025-08-22
ACC_000282,ACC_001371,126.33,2025-11-24
ACC_000282,ACC_001371,146.41,2025-11-20
ACC_000282,ACC_001371,17.30,2026-03-31
ACC_000282,ACC_001371,174.39,2025-08-26
ACC_000282,ACC_001371,3.70,2026-01-13
ACC_000282,ACC_001371,337.51,2026-03-28
ACC_000282,ACC_001371,34.36,2025-08-15
ACC_000282,ACC_001371,46.50,2026-01-07
ACC_000282,ACC_001371,6.65,2026-01-11
ACC_000282,ACC_001372,123.41,2025-12-21
ACC_000282,ACC_001372,125.76,2025-12-16
ACC_000282,ACC_001372,14.08,2025-12-30
ACC_000282,ACC_001372,14.23,2026-02-23
ACC_000282,ACC_001372,152.50,2025-10-16
ACC_000282,ACC_001372,17.55,2025-12-10
ACC_000282,ACC_001372,19.61,2025-10-26
ACC_000282,ACC_001372,198.48,2025-12-29
ACC_000282,ACC_001372,204.81,2025-12-16
ACC_000282,ACC_001372,215.89,2025-07-17
ACC_000282,ACC_001372,227.06,2026-05-20
ACC_000282,ACC_001372,23.52,2025-12-31
ACC_000282,ACC_001372,26.03,2025-12-14
ACC_000282,ACC_001372,280.00,2025-12-19
ACC_000282,ACC_001372,294.98,2026-05-04
ACC_000282,ACC_001372,316.14,2025-09-23
ACC_000282,ACC_001372,34.46,2025-11-21
ACC_000282,ACC_001372,38.83,2025-12-18
ACC_000282,ACC_001372,389.80,2025-12-15
ACC_000282,ACC_001372,39.32,2025-12-09
ACC_000282,ACC_001372,40.84,2026-06-08
ACC_000282,ACC_001372,43.87,2026-06-14
ACC_000282,ACC_001372,44.16,2026-02-25
ACC_000282,ACC_001372,445.12,2026-02-22
ACC_000282,ACC_001372,669.58,2025-07-25
ACC_000282,ACC_001372,74.06,2026-02-28
ACC_000282,ACC_001372,842.00,2026-04-22
ACC_000282,ACC_001372,92.92,2026-04-19
ACC_000282,ACC_001372,981.12,2025-07-30
ACC_000282,ACC_001374,119.10,2026-03-28
ACC_000282,ACC_001374,17.75,2026-03-15
ACC_000282,ACC_001374,406.89,2025-09-25
ACC_000282,ACC_001374,507.45,2026-04-28
ACC_000282,ACC_001374,51.14,2025-09-27
ACC_000282,ACC_001375,32.40,2025-12-13
ACC_000282,ACC_001375,59.48,2025-10-14
ACC_000282,ACC_001375,741.16,2025-09-25
ACC_000282,ACC_001376,118.68,2025-07-22
ACC_000282,ACC_001376,12.86,2025-07-26
ACC_000282,ACC_001376,130.79,2026-05-18
ACC_000282,ACC_001376,15.23,2026-06-01
ACC_000282,ACC_001376,17.42,2026-05-25
ACC_000282,ACC_001380,144.51,2026-02-21
ACC_000282,ACC_001380,160.00,2026-03-12
ACC_000282,ACC_001380,830.39,2026-02-14
ACC_000282,ACC_001386,363.38,2026-01-07
ACC_000282,ACC_001387,679.67,2025-11-24
ACC_000282,ACC_001388,1022.77,2025-11-01
ACC_000282,ACC_001388,12.00,2025-10-02
ACC_000282,ACC_001388,125.32,2025-11-11
ACC_000282,ACC_001388,1299.71,2025-09-05
ACC_000282,ACC_001388,141.25,2025-12-24
ACC_000282,ACC_001388,15.67,2026-01-09
ACC_000282,ACC_001388,152.26,2025-11-23
ACC_000282,ACC_001388,155.39,2025-11-26
ACC_000282,ACC_001388,156.17,2026-03-19
ACC_000282,ACC_001388,16.92,2026-03-05
ACC_000282,ACC_001388,165.65,2025-10-08
ACC_000282,ACC_001388,184.16,2025-11-11
ACC_000282,ACC_001388,205.44,2025-12-13
ACC_000282,ACC_001388,217.50,2026-03-14
ACC_000282,ACC_001388,25.74,2026-01-06
ACC_000282,ACC_001388,30.88,2026-03-25
ACC_000282,ACC_001388,420.01,2026-03-21
ACC_000282,ACC_001388,455.06,2025-10-24
ACC_000282,ACC_001388,526.84,2026-05-17
ACC_000282,ACC_001388,69.36,2025-11-27
ACC_000282,ACC_001388,743.33,2026-02-08
ACC_000282,ACC_001388,812.18,2025-11-17
ACC_000282,ACC_001388,85.20,2025-11-05
ACC_000282,ACC_001388,9.75,2025-11-09
ACC_000282,ACC_001396,121.94,2026-05-03
ACC_000282,ACC_001396,23.68,2026-01-11
ACC_000282,ACC_001396,404.77,2026-01-30
ACC_000282,ACC_001396,648.37,2026-05-06
ACC_000282,ACC_001397,53.98,2026-01-11
ACC_000282,ACC_001406,151.64,2025-08-17
ACC_000282,ACC_001406,20.04,2025-07-30
ACC_000282,ACC_001406,67.61,2025-09-09
ACC_000282,ACC_001407,29.91,2026-05-09
ACC_000282,ACC_001407,37.86,2025-09-11
ACC_000282,ACC_001407,434.16,2026-04-26
ACC_000282,ACC_001407,527.92,2025-09-10
ACC_000282,ACC_001407,74.65,2026-04-30
ACC_000282,ACC_001410,720.07,2026-02-23
ACC_000282,ACC_001410,81.66,2026-02-18
ACC_000282,ACC_001410,95.22,2026-02-14
ACC_000282,ACC_001415,574.41,2025-10-27
ACC_000282,ACC_001416,102.48,2025-11-23
ACC_000282,ACC_001416,52.19,2025-11-12
ACC_000282,ACC_001417,467.38,2026-04-24
ACC_000282,ACC_001418,136.03,2026-04-03
ACC_000282,ACC_001418,51.52,2025-08-13
ACC_000282,ACC_001419,26.41,2026-03-25
ACC_000282,ACC_001425,1700.24,2025-10-04
ACC_000282,ACC_001431,10.22,2026-05-17
ACC_000282,ACC_001431,10.83,2025-12-11
ACC_000282,ACC_001431,1003.20,2026-02-08
ACC_000282,ACC_001431,101.32,2026-04-15
ACC_000282,ACC_001431,101.94,2026-02-14
ACC_000282,ACC_001431,103.19,2026-01-27
ACC_000282,ACC_001431,1042.83,2026-05-21
ACC_000282,ACC_001431,106.44,2025-10-19
ACC_000282,ACC_001431,107.14,2025-09-20
ACC_000282,ACC_001431,107.32,2025-07-27
ACC_000282,ACC_001431,107.71,2025-07-27
ACC_000282,ACC_001431,109.44,2026-04-05
ACC_000282,ACC_001431,11.05,2026-04-27
ACC_000282,ACC_001431,11.14,2026-01-15
ACC_000282,ACC_001431,11.80,2026-01-19
ACC_000282,ACC_001431,111.34,2025-10-30
ACC_000282,ACC_001431,111.42,2026-01-06
ACC_000282,ACC_001431,112.11,2025-09-22
ACC_000282,ACC_001431,115.23,2025-11-16
ACC_000282,ACC_001431,1155.82,2025-12-14
ACC_000282,ACC_001431,117.56,2026-05-21
ACC_000282,ACC_001431,117.81,2026-04-12
ACC_000282,ACC_001431,1179.88,2026-02-04
ACC_000282,ACC_001431,118.63,2025-09-22
ACC_000282,ACC_001431,12.18,2025-12-29
ACC_000282,ACC_001431,12.24,2025-12-16
ACC_000282,ACC_001431,12.57,2026-03-15
ACC_000282,ACC_001431,120.27,2026-05-27
ACC_000282,ACC_001431,121.20,2026-03-07
ACC_000282,ACC_001431,121.81,2025-08-06
ACC_000282,ACC_001431,1233.79,2025-11-06
ACC_000282,ACC_001431,1235.37,2025-10-20
ACC_000282,ACC_001431,127.68,2025-09-13
ACC_000282,ACC_001431,13.04,2025-11-03
ACC_000282,ACC_001431,13.32,2025-11-15
ACC_000282,ACC_001431,13.47,2025-09-25
ACC_000282,ACC_001431,13.61,2025-09-07
ACC_000282,ACC_001431,13.68,2026-01-04
ACC_000282,ACC_001431,13.94,2025-08-05
ACC_000282,ACC_001431,13.96,2025-11-21
ACC_000282,ACC_001431,133.82,2026-05-12
ACC_000282,ACC_001431,134.51,2025-11-29
ACC_000282,ACC_001431,134.78,2025-11-27
ACC_000282,ACC_001431,138.78,2025-12-12
ACC_000282,ACC_001431,14.30,2025-08-10
ACC_000282,ACC_001431,14.68,2026-05-06
ACC_000282,ACC_001431,14.75,2026-05-06
ACC_000282,ACC_001431,14.93,2025-09-21
ACC_000282,ACC_001431,14.96,2026-01-22
ACC_000282,ACC_001431,140.72,2026-01-20
ACC_000282,ACC_001431,140.81,2025-12-19
ACC_000282,ACC_001431,1415.87,2025-12-01
ACC_000282,ACC_001431,142.29,2026-04-30
ACC_000282,ACC_001431,142.41,2025-11-20
ACC_000282,ACC_001431,143.07,2026-01-02
ACC_000282,ACC_001431,144.51,2026-02-15
ACC_000282,ACC_001431,145.28,2026-05-25
ACC_000282,ACC_001431,145.54,2026-04-17
ACC_000282,ACC_001431,146.04,2026-05-02
ACC_000282,ACC_001431,148.30,2025-12-09
ACC_000282,ACC_001431,15.59,2026-03-17
ACC_000282,ACC_001431,15.68,2026-04-10
ACC_000282,ACC_001431,15.82,2025-08-10
ACC_000282,ACC_001431,152.94,2025-11-27
ACC_000282,ACC_001431,158.99,2026-01-06
ACC_000282,ACC_001431,16.92,2025-08-23
ACC_000282,ACC_001431,161.39,2025-11-27
ACC_000282,ACC_001431,163.03,2026-05-18
ACC_000282,ACC_001431,165.08,2025-08-10
ACC_000282,ACC_001431,165.93,2025-11-17
ACC_000282,ACC_001431,17.85,2026-04-19
ACC_000282,ACC_001431,172.51,2025-09-11
ACC_000282,ACC_001431,172.81,2026-03-29
ACC_000282,ACC_001431,173.31,2026-04-06
ACC_000282,ACC_001431,177.61,2025-12-02
ACC_000282,ACC_001431,1780.98,2025-11-19
ACC_000282,ACC_001431,18.03,2026-01-22
ACC_000282,ACC_001431,18.38,2026-03-23
ACC_000282,ACC_001431,18.46,2026-03-12
ACC_000282,ACC_001431,18.94,2025-12-10
ACC_000282,ACC_001431,181.58,2025-10-31
ACC_000282,ACC_001431,183.65,2026-05-21
ACC_000282,ACC_001431,184.82,2025-12-03
ACC_000282,ACC_001431,188.23,2025-08-20
ACC_000282,ACC_001431,19.25,2025-08-25
ACC_000282,ACC_001431,19.65,2026-02-10
ACC_000282,ACC_001431,192.82,2026-01-28
ACC_000282,ACC_001431,193.08,2025-12-12
ACC_000282,ACC_001431,196.58,2025-10-12
ACC_000282,ACC_001431,198.61,2025-12-02
ACC_000282,ACC_001431,20.78,2026-01-28
ACC_000282,ACC_001431,20.84,2025-12-22
ACC_000282,ACC_001431,200.25,2025-09-13
ACC_000282,ACC_001431,205.97,2025-09-25
ACC_000282,ACC_001431,21.19,2026-05-05
ACC_000282,ACC_001431,21.20,2025-12-16
ACC_000282,ACC_001431,21.74,2025-10-31
ACC_000282,ACC_001431,217.97,2025-12-28
ACC_000282,ACC_001431,22.79,2026-05-06
ACC_000282,ACC_001431,222.17,2026-03-13
ACC_000282,ACC_001431,222.30,2026-04-23
ACC_000282,ACC_001431,227.05,2026-02-18
ACC_000282,ACC_001431,23.79,2026-04-04
ACC_000282,ACC_001431,236.07,2025-12-22
ACC_000282,ACC_001431,236.71,2025-09-14
ACC_000282,ACC_001431,236.95,2025-11-10
ACC_000282,ACC_001431,24.53,2025-10-14
ACC_000282,ACC_001431,25.76,2025-08-31
ACC_000282,ACC_001431,26.14,2025-12-31
ACC_000282,ACC_001431,26.63,2025-08-18
ACC_000282,ACC_001431,26.64,2025-07-31
ACC_000282,ACC_001431,26.84,2026-05-23
ACC_000282,ACC_001431,268.58,2025-12-30
ACC_000282,ACC_001431,269.07,2026-01-18
ACC_000282,ACC_001431,27.71,2026-01-30
ACC_000282,ACC_001431,27.81,2025-11-07
ACC_000282,ACC_001431,27.84,2026-02-17
ACC_000282,ACC_001431,27.86,2026-01-01
ACC_000282,ACC_001431,273.35,2026-03-17
ACC_000282,ACC_001431,273.66,2026-01-13
ACC_000282,ACC_001431,28.25,2026-01-13
ACC_000282,ACC_001431,28.44,2025-12-25
ACC_000282,ACC_001431,29.33,2026-05-01
ACC_000282,ACC_001431,297.92,2025-09-10
ACC_000282,ACC_001431,298.41,2025-08-24
ACC_000282,ACC_001431,299.63,2026-04-12
ACC_000282,ACC_001431,30.23,2025-08-18
ACC_000282,ACC_001431,302.09,2026-01-04
ACC_000282,ACC_001431,302.69,2025-10-10
ACC_000282,ACC_001431,305.73,2026-05-05
ACC_000282,ACC_001431,31.81,2025-09-01
ACC_000282,ACC_001431,312.10,2025-11-14
ACC_000282,ACC_001431,318.81,2026-02-14
ACC_000282,ACC_001431,322.90,2026-04-07
ACC_000282,ACC_001431,33.83,2026-01-04
ACC_000282,ACC_001431,330.36,2026-03-31
ACC_000282,ACC_001431,336.74,2026-03-21
ACC_000282,ACC_001431,34.21,2025-07-23
ACC_000282,ACC_001431,35.67,2025-12-20
ACC_000282,ACC_001431,352.08,2025-07-24
ACC_000282,ACC_001431,356.60,2026-02-17
ACC_000282,ACC_001431,359.29,2025-10-16
ACC_000282,ACC_001431,36.74,2025-10-17
ACC_000282,ACC_001431,364.42,2026-03-10
ACC_000282,ACC_001431,37.05,2026-03-31
ACC_000282,ACC_001431,377.02,2025-12-21
ACC_000282,ACC_001431,38.95,2025-11-10
ACC_000282,ACC_001431,381.81,2026-01-07
ACC_000282,ACC_001431,39.42,2026-02-02
ACC_000282,ACC_001431,393.43,2025-08-14
ACC_000282,ACC_001431,397.47,2026-05-11
ACC_000282,ACC_001431,4.00,2025-09-21
ACC_000282,ACC_001431,4.30,2025-08-20
ACC_000282,ACC_001431,4.42,2025-10-03
ACC_000282,ACC_001431,4.55,2025-08-13
ACC_000282,ACC_001431,40.82,2025-08-20
ACC_000282,ACC_001431,400.38,2026-01-17
ACC_000282,ACC_001431,401.45,2025-08-13
ACC_000282,ACC_001431,42.50,2026-04-25
ACC_000282,ACC_001431,42.77,2025-10-05
ACC_000282,ACC_001431,424.66,2025-12-27
ACC_000282,ACC_001431,43.12,2026-03-09
ACC_000282,ACC_001431,43.56,2025-08-03
ACC_000282,ACC_001431,430.36,2026-06-12
ACC_000282,ACC_001431,430.86,2026-03-20
ACC_000282,ACC_001431,436.83,2026-01-12
ACC_000282,ACC_001431,44.07,2026-01-04
ACC_000282,ACC_001431,44.35,2026-05-13
ACC_000282,ACC_001431,45.45,2026-02-26
ACC_000282,ACC_001431,45.46,2026-02-17
ACC_000282,ACC_001431,452.20,2025-11-08
ACC_000282,ACC_001431,46.21,2025-10-23
ACC_000282,ACC_001431,46.39,2026-04-05
ACC_000282,ACC_001431,46.66,2025-11-09
ACC_000282,ACC_001431,46.98,2025-12-29
ACC_000282,ACC_001431,46.99,2026-05-09
ACC_000282,ACC_001431,461.53,2026-03-05
ACC_000282,ACC_001431,469.14,2026-04-14
ACC_000282,ACC_001431,47.11,2026-05-13
ACC_000282,ACC_001431,47.93,2025-08-23
ACC_000282,ACC_001431,5.84,2026-04-06
ACC_000282,ACC_001431,50.52,2025-10-31
ACC_000282,ACC_001431,50.90,2026-03-23
ACC_000282,ACC_001431,51.24,2026-06-01
ACC_000282,ACC_001431,51.99,2026-04-05
ACC_000282,ACC_001431,510.62,2026-03-16
ACC_000282,ACC_001431,514.31,2026-03-23
ACC_000282,ACC_001431,515.79,2025-11-28
ACC_000282,ACC_001431,516.30,2026-02-03
ACC_000282,ACC_001431,528.21,2026-05-09
ACC_000282,ACC_001431,54.39,2026-03-07
ACC_000282,ACC_001431,54.66,2026-04-12
ACC_000282,ACC_001431,540.48,2025-10-16
ACC_000282,ACC_001431,55.39,2026-06-04
ACC_000282,ACC_001431,55.77,2025-07-30
ACC_000282,ACC_001431,56.50,2025-10-10
ACC_000282,ACC_001431,58.25,2025-09-14
ACC_000282,ACC_001431,58.63,2025-10-17
ACC_000282,ACC_001431,59.00,2025-11-07
ACC_000282,ACC_001431,590.27,2025-12-26
ACC_000282,ACC_001431,599.99,2025-11-13
ACC_000282,ACC_001431,6.45,2026-02-17
ACC_000282,ACC_001431,6.69,2026-04-06
ACC_000282,ACC_001431,6.77,2026-04-10
ACC_000282,ACC_001431,6.95,2026-02-09
ACC_000282,ACC_001431,60.17,2025-08-26
ACC_000282,ACC_001431,60.49,2026-04-13
ACC_000282,ACC_001431,602.99,2025-10-21
ACC_000282,ACC_001431,610.26,2026-05-21
ACC_000282,ACC_001431,619.40,2025-08-14
ACC_000282,ACC_001431,63.07,2026-03-08
ACC_000282,ACC_001431,634.51,2025-11-11
ACC_000282,ACC_001431,64.49,2026-04-19
ACC_000282,ACC_001431,65.36,2025-08-08
ACC_000282,ACC_001431,66.40,2026-03-02
ACC_000282,ACC_001431,667.34,2025-10-02
ACC_000282,ACC_001431,67.65,2025-10-11
ACC_000282,ACC_001431,685.68,2026-02-22
ACC_000282,ACC_001431,688.82,2025-12-01
ACC_000282,ACC_001431,69.16,2025-10-24
ACC_000282,ACC_001431,692.49,2025-09-19
ACC_000282,ACC_001431,698.07,2025-11-23
ACC_000282,ACC_001431,70.42,2025-10-31
ACC_000282,ACC_001431,72.57,2025-12-17
ACC_000282,ACC_001431,723.76,2025-09-28
ACC_000282,ACC_001431,73.23,2025-12-01
ACC_000282,ACC_001431,736.05,2025-09-21
ACC_000282,ACC_001431,74.39,2026-02-25
ACC_000282,ACC_001431,74.42,2025-10-09
ACC_000282,ACC_001431,76.17,2026-01-09
ACC_000282,ACC_001431,76.36,2025-08-14
ACC_000282,ACC_001431,772.27,2025-12-01
ACC_000282,ACC_001431,772.57,2026-04-13
ACC_000282,ACC_001431,781.86,2026-02-02
ACC_000282,ACC_001431,785.09,2026-04-23
ACC_000282,ACC_001431,79.17,2026-04-01
ACC_000282,ACC_001431,79.90,2025-10-24
ACC_000282,ACC_001431,8.11,2026-02-04
ACC_000282,ACC_001431,8.68,2025-11-06
ACC_000282,ACC_001431,80.66,2026-01-23
ACC_000282,ACC_001431,81.28,2025-09-13
ACC_000282,ACC_001431,81.66,2026-02-28
ACC_000282,ACC_001431,82.80,2026-04-03
ACC_000282,ACC_001431,83.82,2026-02-12
ACC_000282,ACC_001431,85.03,2025-07-28
ACC_000282,ACC_001431,85.69,2025-10-01
ACC_000282,ACC_001431,85.77,2026-05-08
ACC_000282,ACC_001431,884.68,2025-09-28
ACC_000282,ACC_001431,9.01,2025-07-29
ACC_000282,ACC_001431,9.01,2025-10-04
ACC_000282,ACC_001431,9.60,2025-11-27
ACC_000282,ACC_001431,9.81,2026-05-07
ACC_000282,ACC_001431,9.84,2026-04-18
ACC_000282,ACC_001431,90.20,2026-06-06
ACC_000282,ACC_001431,90.35,2026-03-31
ACC_000282,ACC_001431,90.60,2025-11-04
ACC_000282,ACC_001431,90.87,2026-05-09
ACC_000282,ACC_001431,905.01,2026-04-07
ACC_000282,ACC_001431,91.25,2026-03-27
ACC_000282,ACC_001431,912.10,2026-02-17
ACC_000282,ACC_001431,93.09,2025-10-20
ACC_000282,ACC_001431,93.76,2025-12-29
ACC_000282,ACC_001431,932.87,2026-01-25
ACC_000282,ACC_001431,941.34,2026-03-26
ACC_000282,ACC_001431,947.10,2026-05-23
ACC_000282,ACC_001431,95.44,2026-05-25
ACC_000282,ACC_001431,952.17,2025-11-22
ACC_000282,ACC_001431,96.52,2025-12-20
ACC_000282,ACC_001431,96.60,2025-10-17
ACC_000282,ACC_001431,968.60,2026-03-31
ACC_000282,ACC_001431,98.85,2026-04-05
ACC_000282,ACC_001431,98.87,2026-05-01
ACC_000282,ACC_001436,108.44,2025-08-08
ACC_000282,ACC_001436,12.55,2025-08-31
ACC_000282,ACC_001436,18.50,2025-08-21
ACC_000282,ACC_001438,120.54,2025-08-31
ACC_000282,ACC_001438,150.25,2026-02-01
ACC_000282,ACC_001438,151.48,2026-02-21
ACC_000282,ACC_001438,1513.97,2026-01-23
ACC_000282,ACC_001438,16.83,2025-09-20
ACC_000282,ACC_001438,198.30,2025-12-09
ACC_000282,ACC_001438,215.04,2025-10-14
ACC_000282,ACC_001438,370.46,2025-09-12
ACC_000282,ACC_001438,40.92,2025-09-09
ACC_000282,ACC_001438,435.63,2026-03-19
ACC_000282,ACC_001438,576.54,2026-01-18
ACC_000282,ACC_001439,596.65,2026-03-12
ACC_000282,ACC_001442,344.60,2026-02-22
ACC_000282,ACC_001445,16.00,2026-04-02
ACC_000282,ACC_001445,209.65,2026-04-12
ACC_000282,ACC_001445,30.37,2026-04-15
ACC_000282,ACC_001446,166.19,2026-04-30
ACC_000282,ACC_001449,38.24,2025-09-13
ACC_000282,ACC_001449,472.14,2025-09-30
ACC_000282,ACC_001449,79.12,2025-10-07
ACC_000282,ACC_001453,104.03,2026-01-07
ACC_000282,ACC_001453,14.63,2026-01-08
ACC_000282,ACC_001453,9.17,2026-01-13
ACC_000282,ACC_001457,11.10,2025-08-24
ACC_000282,ACC_001457,86.88,2025-09-01
ACC_000282,ACC_001458,13.88,2025-11-14
ACC_000282,ACC_001458,81.34,2025-11-22
ACC_000282,ACC_001459,10.16,2026-04-05
ACC_000282,ACC_001459,372.08,2025-09-13
ACC_000282,ACC_001459,4.06,2026-03-17
ACC_000282,ACC_001459,52.72,2026-03-28
ACC_000282,ACC_001464,167.13,2026-01-23
ACC_000282,ACC_001464,31.63,2026-01-24
ACC_000282,ACC_001470,50.05,2025-11-23
ACC_000282,ACC_001470,626.81,2025-12-15
ACC_000282,ACC_001471,24.78,2025-12-03
ACC_000282,ACC_001471,344.18,2025-12-06
ACC_000282,ACC_001471,49.25,2025-12-04
ACC_000282,ACC_001481,193.74,2025-10-26
ACC_000282,ACC_001482,129.13,2026-01-28
ACC_000282,ACC_001482,177.46,2025-10-05
ACC_000282,ACC_001482,277.57,2025-08-22
ACC_000282,ACC_001482,34.32,2025-10-06
ACC_000282,ACC_001482,34.59,2025-09-27
ACC_000282,ACC_001482,383.22,2026-01-16
ACC_000282,ACC_001482,61.73,2026-02-22
ACC_000282,ACC_001482,706.30,2026-01-25
ACC_000282,ACC_001482,74.53,2026-01-07
ACC_000282,ACC_001483,129.22,2026-05-25
ACC_000282,ACC_001483,23.15,2025-12-12
ACC_000282,ACC_001483,25.27,2026-05-24
ACC_000282,ACC_001483,296.86,2025-12-11
ACC_000282,ACC_001483,49.49,2025-12-26
ACC_000282,ACC_001483,620.28,2026-02-24
ACC_000282,ACC_001484,144.07,2025-11-13
ACC_000282,ACC_001484,17.63,2025-09-18
ACC_000282,ACC_001484,317.81,2025-09-18
ACC_000282,ACC_001484,570.46,2025-08-07
ACC_000282,ACC_001484,62.18,2025-09-14
ACC_000282,ACC_001484,97.77,2025-08-06
ACC_000282,ACC_001485,122.23,2025-10-23
ACC_000282,ACC_001485,163.48,2025-11-20
ACC_000282,ACC_001485,17.72,2025-11-19
ACC_000282,ACC_001485,248.87,2025-11-25
ACC_000282,ACC_001485,34.76,2025-11-07
ACC_000282,ACC_001485,588.99,2025-08-15
ACC_000282,ACC_001485,618.03,2025-11-02
ACC_000282,ACC_001485,62.73,2025-09-04
ACC_000282,ACC_001485,71.91,2025-11-13
ACC_000282,ACC_001485,76.26,2025-08-29
ACC_000282,ACC_001486,113.47,2025-11-05
ACC_000282,ACC_001488,35.41,2025-11-11
ACC_000282,ACC_001488,424.27,2025-10-26
ACC_000282,ACC_001494,327.74,2025-10-03
ACC_000282,ACC_001495,59.46,2025-10-11
ACC_000282,ACC_001498,94.75,2026-05-05
ACC_000282,ACC_001499,111.44,2026-01-03
ACC_000282,ACC_001499,116.09,2026-04-03
ACC_000282,ACC_001499,122.88,2025-10-07
ACC_000282,ACC_001499,127.15,2025-10-29
ACC_000282,ACC_001499,151.78,2025-10-31
ACC_000282,ACC_001499,154.34,2026-03-08
ACC_000282,ACC_001499,17.10,2026-01-13
ACC_000282,ACC_001499,17.41,2025-11-02
ACC_000282,ACC_001499,17.90,2025-09-06
ACC_000282,ACC_001499,18.19,2025-10-30
ACC_000282,ACC_001499,207.14,2025-12-27
ACC_000282,ACC_001499,21.42,2025-11-10
ACC_000282,ACC_001499,210.00,2025-12-29
ACC_000282,ACC_001499,242.99,2026-03-26
ACC_000282,ACC_001499,25.06,2025-09-12
ACC_000282,ACC_001499,262.07,2025-10-27
ACC_000282,ACC_001499,277.04,2025-08-25
ACC_000282,ACC_001499,30.20,2025-11-01
ACC_000282,ACC_001499,30.94,2026-03-26
ACC_000282,ACC_001499,311.05,2025-12-11
ACC_000282,ACC_001499,323.85,2025-11-19
ACC_000282,ACC_001499,34.41,2026-03-25
ACC_000282,ACC_001499,365.68,2026-02-18
ACC_000282,ACC_001499,37.86,2025-10-14
ACC_000282,ACC_001499,372.42,2025-11-12
ACC_000282,ACC_001499,40.90,2026-02-11
ACC_000282,ACC_001499,44.26,2026-04-04
ACC_000282,ACC_001499,44.73,2025-10-25
ACC_000282,ACC_001499,45.48,2026-03-19
ACC_000282,ACC_001499,49.69,2025-11-01
ACC_000282,ACC_001499,54.80,2026-04-28
ACC_000282,ACC_001499,715.91,2025-08-21
ACC_000282,ACC_001499,89.08,2026-05-09
ACC_000282,ACC_001499,91.21,2026-04-01
ACC_000282,ACC_001499,955.45,2025-10-26
ACC_000282,ACC_001500,1079.90,2025-09-25
ACC_000282,ACC_001500,114.39,2025-11-01
ACC_000282,ACC_001500,1215.63,2025-09-07
ACC_000282,ACC_001500,124.31,2026-05-06
ACC_000282,ACC_001500,130.28,2025-10-01
ACC_000282,ACC_001500,132.85,2025-09-27
ACC_000282,ACC_001500,15.43,2026-01-07
ACC_000282,ACC_001500,16.37,2025-09-11
ACC_000282,ACC_001500,169.94,2026-04-03
ACC_000282,ACC_001500,172.47,2025-12-23
ACC_000282,ACC_001500,19.23,2025-11-27
ACC_000282,ACC_001500,215.71,2026-04-25
ACC_000282,ACC_001500,224.39,2025-12-01
ACC_000282,ACC_001500,23.69,2025-11-22
ACC_000282,ACC_001500,23.92,2026-03-18
ACC_000282,ACC_001500,234.39,2026-04-14
ACC_000282,ACC_001500,26.75,2026-04-23
ACC_000282,ACC_001500,277.06,2026-02-28
ACC_000282,ACC_001500,294.72,2026-02-06
ACC_000282,ACC_001500,34.15,2025-10-18
ACC_000282,ACC_001500,34.84,2026-01-05
ACC_000282,ACC_001500,350.87,2026-04-30
ACC_000282,ACC_001500,42.11,2025-11-25
ACC_000282,ACC_001500,448.56,2026-03-08
ACC_000282,ACC_001500,45.48,2025-09-23
ACC_000282,ACC_001500,466.31,2025-11-13
ACC_000282,ACC_001500,54.36,2025-08-30
ACC_000282,ACC_001500,574.66,2026-03-13
ACC_000282,ACC_001500,596.93,2025-09-28
ACC_000282,ACC_001500,632.17,2026-05-16
ACC_000282,ACC_001500,637.60,2025-08-25
ACC_000282,ACC_001500,658.74,2026-03-25
ACC_000282,ACC_001500,71.25,2026-05-15
ACC_000282,ACC_001500,72.27,2025-11-02
ACC_000282,ACC_001500,795.65,2025-12-02
ACC_000282,ACC_001500,81.97,2025-11-16
ACC_000282,ACC_001500,846.96,2026-05-03
ACC_000282,ACC_001500,849.58,2025-12-28
ACC_000282,ACC_001500,9.37,2026-04-11
ACC_000282,ACC_001501,1134.65,2026-01-01
ACC_000282,ACC_001501,147.18,2026-01-11
ACC_000282,ACC_001501,187.06,2025-12-31
ACC_000282,ACC_001501,195.47,2025-08-30
ACC_000282,ACC_001510,303.80,2026-04-02
ACC_000282,ACC_001516,208.08,2025-10-21
ACC_000282,ACC_001517,42.83,2025-12-15
ACC_000282,ACC_001517,58.48,2025-11-22
ACC_000282,ACC_001518,299.30,2025-12-09
ACC_000282,ACC_001522,86.09,2025-10-13
ACC_000282,ACC_001523,105.05,2025-12-29
ACC_000282,ACC_001523,15.21,2025-10-18
ACC_000282,ACC_001523,9.18,2025-10-11
ACC_000282,ACC_001527,33.02,2026-05-12
ACC_000282,ACC_001527,510.25,2026-04-29
ACC_000282,ACC_001529,32.00,2025-12-15
ACC_000282,ACC_001529,332.53,2025-12-11
ACC_000282,ACC_001529,44.14,2025-12-19
ACC_000282,ACC_001537,17.68,2026-05-14
ACC_000282,ACC_001537,18.93,2026-05-26
ACC_000282,ACC_001537,97.32,2026-05-13
ACC_000282,ACC_001538,364.69,2025-12-25
ACC_000282,ACC_001542,125.82,2026-04-15
ACC_000282,ACC_001542,170.83,2025-12-16
ACC_000282,ACC_001542,86.66,2026-04-05
ACC_000282,ACC_001543,30.32,2026-03-22
ACC_000282,ACC_001543,443.83,2026-03-17
ACC_000282,ACC_001547,101.65,2026-03-27
ACC_000282,ACC_001547,102.70,2026-03-24
ACC_000282,ACC_001547,520.95,2026-03-28
ACC_000282,ACC_001547,689.96,2025-09-23
ACC_000282,ACC_001549,299.33,2026-04-03
ACC_000282,ACC_001556,41.28,2026-03-07
ACC_000282,ACC_001556,622.38,2026-02-13
ACC_000282,ACC_001556,87.60,2026-02-13
ACC_000282,ACC_001557,45.53,2025-08-09
ACC_000282,ACC_001558,379.80,2025-07-26
ACC_000282,ACC_001558,45.15,2025-08-03
ACC_000282,ACC_001572,448.43,2025-11-02
ACC_000282,ACC_001572,83.84,2025-10-21
ACC_000282,ACC_001572,84.98,2025-10-24
ACC_000282,ACC_001580,110.08,2026-02-08
ACC_000282,ACC_001580,5.75,2026-03-04
ACC_000282,ACC_001580,6.17,2026-03-09
ACC_000282,ACC_001583,884.44,2025-09-16
ACC_000282,ACC_001585,176.39,2025-11-14
ACC_000282,ACC_001585,21.35,2026-02-08
ACC_000282,ACC_001585,32.32,2025-11-14
ACC_000282,ACC_001585,5.99,2026-01-14
ACC_000282,ACC_001585,7.44,2026-01-10
ACC_000282,ACC_001585,87.62,2026-01-29
ACC_000282,ACC_001586,108.91,2026-01-25
ACC_000282,ACC_001586,17.17,2026-02-12
ACC_000282,ACC_001586,225.00,2025-11-18
ACC_000282,ACC_001586,25.34,2025-11-10
ACC_000283,ACC_001215,110.23,2026-04-25
ACC_000283,ACC_001215,153.02,2026-03-27
ACC_000283,ACC_001216,870.82,2026-04-23
ACC_000283,ACC_001224,1317.92,2025-09-18
ACC_000283,ACC_001225,131.74,2025-10-20
ACC_000283,ACC_001226,171.21,2026-04-01
ACC_000283,ACC_001226,66.49,2026-02-03
ACC_000283,ACC_001226,693.03,2025-12-31
ACC_000283,ACC_001227,105.63,2025-12-31
ACC_000283,ACC_001227,25.67,2026-04-18
ACC_000283,ACC_001227,631.07,2026-03-28
ACC_000283,ACC_001230,12.31,2026-02-24
ACC_000283,ACC_001230,7.79,2026-02-23
ACC_000283,ACC_001231,144.44,2026-03-17
ACC_000283,ACC_001233,17.05,2026-01-22
ACC_000283,ACC_001234,216.07,2026-02-13
ACC_000283,ACC_001234,43.10,2026-01-27
ACC_000283,ACC_001235,948.44,2026-05-25
ACC_000283,ACC_001236,1073.37,2026-05-29
ACC_000283,ACC_001246,125.87,2025-10-06
ACC_000283,ACC_001246,57.12,2025-10-02
ACC_000283,ACC_001246,677.24,2025-09-22
ACC_000283,ACC_001247,179.21,2025-10-04
ACC_000283,ACC_001247,25.56,2025-09-14
ACC_000283,ACC_001247,9.86,2025-09-28
ACC_000283,ACC_001252,10.00,2025-12-23
ACC_000283,ACC_001252,10.42,2026-05-31
ACC_000283,ACC_001252,100.62,2025-11-01
ACC_000283,ACC_001252,101.38,2025-12-05
ACC_000283,ACC_001252,102.80,2025-12-05
ACC_000283,ACC_001252,102.96,2025-08-31
ACC_000283,ACC_001252,1036.81,2025-12-16
ACC_000283,ACC_001252,1037.96,2026-04-24
ACC_000283,ACC_001252,104.24,2026-05-31
ACC_000283,ACC_001252,1052.43,2025-07-29
ACC_000283,ACC_001252,1059.76,2026-01-01
ACC_000283,ACC_001252,107.35,2026-05-10
ACC_000283,ACC_001252,107.75,2025-12-23
ACC_000283,ACC_001252,1073.70,2025-09-21
ACC_000283,ACC_001252,109.02,2025-12-24
ACC_000283,ACC_001252,109.26,2026-05-19
ACC_000283,ACC_001252,109.88,2026-03-24
ACC_000283,ACC_001252,1096.99,2025-08-02
ACC_000283,ACC_001252,11.24,2025-11-21
ACC_000283,ACC_001252,11.24,2026-03-28
ACC_000283,ACC_001252,11.47,2025-11-17
ACC_000283,ACC_001252,11.75,2026-02-04
ACC_000283,ACC_001252,11.94,2025-11-28
ACC_000283,ACC_001252,110.34,2025-12-02
ACC_000283,ACC_001252,110.57,2025-11-14
ACC_000283,ACC_001252,110.62,2025-08-23
ACC_000283,ACC_001252,110.92,2026-06-04
ACC_000283,ACC_001252,112.36,2025-12-29
ACC_000283,ACC_001252,112.81,2025-08-15
ACC_000283,ACC_001252,113.54,2025-12-04
ACC_000283,ACC_001252,1132.96,2025-08-02
ACC_000283,ACC_001252,114.23,2026-02-24
ACC_000283,ACC_001252,115.30,2025-08-27
ACC_000283,ACC_001252,115.57,2025-11-02
ACC_000283,ACC_001252,115.82,2025-10-27
ACC_000283,ACC_001252,1152.13,2025-12-18
ACC_000283,ACC_001252,118.06,2025-12-14
ACC_000283,ACC_001252,119.40,2025-12-07
ACC_000283,ACC_001252,119.65,2026-02-26
ACC_000283,ACC_001252,12.33,2026-01-07
ACC_000283,ACC_001252,12.40,2026-04-04
ACC_000283,ACC_001252,12.48,2025-08-02
ACC_000283,ACC_001252,12.85,2025-08-21
ACC_000283,ACC_001252,1209.34,2026-01-05
ACC_000283,ACC_001252,122.84,2025-09-15
ACC_000283,ACC_001252,1230.58,2026-01-03
ACC_000283,ACC_001252,124.32,2026-01-02
ACC_000283,ACC_001252,124.42,2025-11-20
ACC_000283,ACC_001252,124.99,2025-12-08
ACC_000283,ACC_001252,125.66,2026-05-29
ACC_000283,ACC_001252,125.82,2026-05-27
ACC_000283,ACC_001252,125.85,2025-10-26
ACC_000283,ACC_001252,127.81,2025-09-10
ACC_000283,ACC_001252,13.07,2025-12-13
ACC_000283,ACC_001252,13.35,2026-03-10
ACC_000283,ACC_001252,13.38,2025-11-19
ACC_000283,ACC_001252,13.43,2025-08-06
ACC_000283,ACC_001252,13.49,2026-02-26
ACC_000283,ACC_001252,13.65,2025-11-15
ACC_000283,ACC_001252,13.70,2025-12-12
ACC_000283,ACC_001252,13.91,2025-11-29
ACC_000283,ACC_001252,1304.07,2025-11-24
ACC_000283,ACC_001252,132.35,2026-03-13
ACC_000283,ACC_001252,1327.12,2025-11-20
ACC_000283,ACC_001252,133.71,2026-06-02
ACC_000283,ACC_001252,134.30,2025-12-27
ACC_000283,ACC_001252,136.59,2026-03-23
ACC_000283,ACC_001252,137.57,2025-11-16
ACC_000283,ACC_001252,1377.12,2025-12-30
ACC_000283,ACC_001252,1388.72,2025-12-22
ACC_000283,ACC_001252,14.02,2026-03-04
ACC_000283,ACC_001252,14.32,2025-09-10
ACC_000283,ACC_001252,14.75,2026-04-01
ACC_000283,ACC_001252,14.96,2025-12-08
ACC_000283,ACC_001252,1412.12,2026-04-28
ACC_000283,ACC_001252,1431.60,2025-09-25
ACC_000283,ACC_001252,145.19,2025-12-09
ACC_000283,ACC_001252,145.26,2026-05-25
ACC_000283,ACC_001252,145.67,2025-12-17
ACC_000283,ACC_001252,148.83,2026-02-28
ACC_000283,ACC_001252,1497.08,2025-08-06
ACC_000283,ACC_001252,15.31,2026-02-08
ACC_000283,ACC_001252,15.54,2025-12-02
ACC_000283,ACC_001252,151.65,2025-12-01
ACC_000283,ACC_001252,1544.94,2025-12-22
ACC_000283,ACC_001252,157.25,2025-12-11
ACC_000283,ACC_001252,16.78,2026-02-27
ACC_000283,ACC_001252,16.92,2025-12-04
ACC_000283,ACC_001252,16.98,2025-12-05
ACC_000283,ACC_001252,169.88,2025-12-08
ACC_000283,ACC_001252,17.34,2026-01-18
ACC_000283,ACC_001252,170.67,2025-10-30
ACC_000283,ACC_001252,171.91,2025-09-27
ACC_000283,ACC_001252,18.31,2025-12-08
ACC_000283,ACC_001252,18.32,2026-04-08
ACC_000283,ACC_001252,18.69,2026-03-14
ACC_000283,ACC_001252,18.72,2025-08-03
ACC_000283,ACC_001252,18.91,2026-05-07
ACC_000283,ACC_001252,181.21,2026-01-15
ACC_000283,ACC_001252,181.27,2026-01-11
ACC_000283,ACC_001252,185.10,2025-12-18
ACC_000283,ACC_001252,185.37,2026-03-17
ACC_000283,ACC_001252,189.96,2026-05-23
ACC_000283,ACC_001252,19.26,2026-03-03
ACC_000283,ACC_001252,19.31,2026-02-19
ACC_000283,ACC_001252,19.99,2025-12-04
ACC_000283,ACC_001252,190.12,2025-09-06
ACC_000283,ACC_001252,190.47,2025-09-11
ACC_000283,ACC_001252,191.39,2025-10-28
ACC_000283,ACC_001252,196.98,2025-07-25
ACC_000283,ACC_001252,197.47,2026-01-12
ACC_000283,ACC_001252,199.66,2025-09-02
ACC_000283,ACC_001252,20.57,2026-03-26
ACC_000283,ACC_001252,20.81,2025-12-03
ACC_000283,ACC_001252,201.26,2026-03-31
ACC_000283,ACC_001252,204.78,2026-02-18
ACC_000283,ACC_001252,206.61,2025-11-07
ACC_000283,ACC_001252,206.85,2026-01-15
ACC_000283,ACC_001252,21.53,2026-01-03
ACC_000283,ACC_001252,21.60,2026-01-14
ACC_000283,ACC_001252,21.72,2026-03-09
ACC_000283,ACC_001252,21.75,2026-05-03
ACC_000283,ACC_001252,21.87,2025-09-29
ACC_000283,ACC_001252,210.11,2025-12-22
ACC_000283,ACC_001252,210.27,2025-11-03
ACC_000283,ACC_001252,211.36,2025-08-04
ACC_000283,ACC_001252,213.98,2026-04-05
ACC_000283,ACC_001252,214.03,2026-03-24
ACC_000283,ACC_001252,2177.32,2025-12-26
ACC_000283,ACC_001252,218.35,2026-02-08
ACC_000283,ACC_001252,218.90,2026-03-27
ACC_000283,ACC_001252,219.97,2026-01-05
ACC_000283,ACC_001252,22.03,2025-08-08
ACC_000283,ACC_001252,22.03,2025-12-08
ACC_000283,ACC_001252,22.13,2025-10-06
ACC_000283,ACC_001252,22.14,2025-09-25
ACC_000283,ACC_001252,22.22,2025-08-12
ACC_000283,ACC_001252,22.49,2026-06-02
ACC_000283,ACC_001252,22.81,2026-03-23
ACC_000283,ACC_001252,22.89,2025-11-09
ACC_000283,ACC_001252,22.89,2026-04-01
ACC_000283,ACC_001252,225.84,2026-01-11
ACC_000283,ACC_001252,226.49,2025-07-21
ACC_000283,ACC_001252,227.43,2025-08-08
ACC_000283,ACC_001252,228.39,2025-12-21
ACC_000283,ACC_001252,229.22,2025-10-01
ACC_000283,ACC_001252,23.04,2025-09-27
ACC_000283,ACC_001252,23.28,2025-11-04
ACC_000283,ACC_001252,23.32,2025-09-23
ACC_000283,ACC_001252,23.40,2026-03-23
ACC_000283,ACC_001252,23.63,2026-03-02
ACC_000283,ACC_001252,23.82,2026-01-07
ACC_000283,ACC_001252,23.91,2025-08-16
ACC_000283,ACC_001252,235.13,2025-12-18
ACC_000283,ACC_001252,24.84,2026-03-09
ACC_000283,ACC_001252,240.97,2026-03-07
ACC_000283,ACC_001252,243.10,2026-03-05
ACC_000283,ACC_001252,246.17,2026-01-01
ACC_000283,ACC_001252,248.19,2025-10-29
ACC_000283,ACC_001252,25.24,2026-05-24
ACC_000283,ACC_001252,25.41,2025-12-09
ACC_000283,ACC_001252,25.44,2026-02-15
ACC_000283,ACC_001252,251.71,2026-03-30
ACC_000283,ACC_001252,257.16,2025-10-30
ACC_000283,ACC_001252,261.84,2026-04-09
ACC_000283,ACC_001252,266.22,2025-08-15
ACC_000283,ACC_001252,269.81,2026-02-14
ACC_000283,ACC_001252,269.82,2026-03-27
ACC_000283,ACC_001252,27.01,2025-08-27
ACC_000283,ACC_001252,27.11,2025-08-09
ACC_000283,ACC_001252,27.27,2025-11-15
ACC_000283,ACC_001252,27.92,2026-03-27
ACC_000283,ACC_001252,270.78,2025-09-06
ACC_000283,ACC_001252,270.87,2026-05-29
ACC_000283,ACC_001252,272.78,2026-04-09
ACC_000283,ACC_001252,28.37,2025-08-23
ACC_000283,ACC_001252,28.63,2026-03-27
ACC_000283,ACC_001252,284.73,2026-01-16
ACC_000283,ACC_001252,285.20,2026-02-12
ACC_000283,ACC_001252,285.74,2026-05-18
ACC_000283,ACC_001252,287.56,2025-10-24
ACC_000283,ACC_001252,288.29,2026-02-27
ACC_000283,ACC_001252,29.01,2025-08-07
ACC_000283,ACC_001252,29.23,2025-07-23
ACC_000283,ACC_001252,290.69,2025-11-06
ACC_000283,ACC_001252,293.85,2026-04-10
ACC_000283,ACC_001252,296.14,2026-04-28
ACC_000283,ACC_001252,297.33,2026-03-01
ACC_000283,ACC_001252,298.30,2025-10-01
ACC_000283,ACC_001252,299.14,2026-04-13
ACC_000283,ACC_001252,30.13,2026-06-06
ACC_000283,ACC_001252,30.41,2026-03-22
ACC_000283,ACC_001252,30.69,2026-03-28
ACC_000283,ACC_001252,30.69,2026-04-11
ACC_000283,ACC_001252,300.65,2025-10-31
ACC_000283,ACC_001252,301.91,2025-09-27
ACC_000283,ACC_001252,31.95,2026-06-11
ACC_000283,ACC_001252,314.65,2026-03-28
ACC_000283,ACC_001252,314.65,2026-04-25
ACC_000283,ACC_001252,32.01,2025-12-15
ACC_000283,ACC_001252,32.16,2025-11-11
ACC_000283,ACC_001252,32.99,2025-11-08
ACC_000283,ACC_001252,323.30,2026-05-14
ACC_000283,ACC_001252,324.23,2025-10-27
ACC_000283,ACC_001252,33.10,2026-03-06
ACC_000283,ACC_001252,33.60,2025-07-19
ACC_000283,ACC_001252,33.78,2026-01-07
ACC_000283,ACC_001252,330.86,2026-03-03
ACC_000283,ACC_001252,334.28,2025-08-16
ACC_000283,ACC_001252,334.95,2025-07-30
ACC_000283,ACC_001252,336.52,2025-12-26
ACC_000283,ACC_001252,337.14,2025-07-26
ACC_000283,ACC_001252,337.20,2025-11-26
ACC_000283,ACC_001252,338.34,2026-04-03
ACC_000283,ACC_001252,34.38,2025-09-02
ACC_000283,ACC_001252,34.38,2026-02-27
ACC_000283,ACC_001252,34.39,2025-11-05
ACC_000283,ACC_001252,34.81,2026-03-13
ACC_000283,ACC_001252,341.45,2025-12-09
ACC_000283,ACC_001252,342.80,2025-11-02
ACC_000283,ACC_001252,345.77,2025-11-23
ACC_000283,ACC_001252,348.98,2025-10-25
ACC_000283,ACC_001252,35.51,2025-11-27
ACC_000283,ACC_001252,354.94,2026-04-02
ACC_000283,ACC_001252,356.24,2026-03-03
ACC_000283,ACC_001252,36.90,2025-08-22
ACC_000283,ACC_001252,361.79,2026-04-21
ACC_000283,ACC_001252,362.18,2026-01-17
ACC_000283,ACC_001252,362.92,2026-06-02
ACC_000283,ACC_001252,366.59,2025-08-23
ACC_000283,ACC_001252,37.02,2025-09-07
ACC_000283,ACC_001252,37.88,2025-11-21
ACC_000283,ACC_001252,371.22,2025-10-26
ACC_000283,ACC_001252,371.84,2025-12-23
ACC_000283,ACC_001252,38.30,2025-11-23
ACC_000283,ACC_001252,38.76,2025-08-18
ACC_000283,ACC_001252,381.01,2025-11-14
ACC_000283,ACC_001252,384.32,2025-11-18
ACC_000283,ACC_001252,39.38,2026-05-13
ACC_000283,ACC_001252,39.45,2026-03-03
ACC_000283,ACC_001252,39.72,2026-04-07
ACC_000283,ACC_001252,39.80,2026-03-13
ACC_000283,ACC_001252,399.33,2026-04-24
ACC_000283,ACC_001252,4.19,2025-08-18
ACC_000283,ACC_001252,4.56,2025-09-22
ACC_000283,ACC_001252,4.88,2025-11-03
ACC_000283,ACC_001252,4.96,2025-11-11
ACC_000283,ACC_001252,40.86,2026-05-20
ACC_000283,ACC_001252,405.65,2026-03-24
ACC_000283,ACC_001252,41.69,2025-08-13
ACC_000283,ACC_001252,410.56,2026-01-14
ACC_000283,ACC_001252,412.48,2025-08-19
ACC_000283,ACC_001252,419.59,2026-04-06
ACC_000283,ACC_001252,42.16,2025-12-19
ACC_000283,ACC_001252,42.25,2025-08-28
ACC_000283,ACC_001252,42.69,2026-04-29
ACC_000283,ACC_001252,42.81,2026-06-15
ACC_000283,ACC_001252,422.86,2026-06-07
ACC_000283,ACC_001252,43.84,2026-04-07
ACC_000283,ACC_001252,439.07,2026-06-03
ACC_000283,ACC_001252,439.13,2025-11-15
ACC_000283,ACC_001252,441.24,2025-08-03
ACC_000283,ACC_001252,445.57,2026-04-11
ACC_000283,ACC_001252,449.71,2025-12-13
ACC_000283,ACC_001252,459.05,2025-09-13
ACC_000283,ACC_001252,46.42,2026-01-05
ACC_000283,ACC_001252,46.86,2025-11-09
ACC_000283,ACC_001252,46.94,2025-08-02
ACC_000283,ACC_001252,463.39,2026-01-10
ACC_000283,ACC_001252,47.15,2025-08-21
ACC_000283,ACC_001252,47.22,2026-05-04
ACC_000283,ACC_001252,47.38,2026-01-11
ACC_000283,ACC_001252,47.63,2026-04-03
ACC_000283,ACC_001252,47.65,2026-04-11
ACC_000283,ACC_001252,47.84,2026-01-14
ACC_000283,ACC_001252,472.08,2025-12-30
ACC_000283,ACC_001252,477.79,2025-11-30
ACC_000283,ACC_001252,48.37,2025-12-27
ACC_000283,ACC_001252,48.90,2025-12-03
ACC_000283,ACC_001252,480.41,2025-11-07
ACC_000283,ACC_001252,486.32,2026-01-11
ACC_000283,ACC_001252,487.61,2025-07-26
ACC_000283,ACC_001252,489.00,2026-06-04
ACC_000283,ACC_001252,49.01,2026-06-08
ACC_000283,ACC_001252,49.16,2025-09-19
ACC_000283,ACC_001252,49.58,2026-04-15
ACC_000283,ACC_001252,49.65,2025-09-06
ACC_000283,ACC_001252,494.76,2025-11-25
ACC_000283,ACC_001252,496.69,2025-09-22
ACC_000283,ACC_001252,497.44,2025-11-29
ACC_000283,ACC_001252,5.64,2025-11-07
ACC_000283,ACC_001252,5.73,2025-11-15
ACC_000283,ACC_001252,50.32,2026-03-18
ACC_000283,ACC_001252,50.38,2025-11-05
ACC_000283,ACC_001252,50.54,2025-11-05
ACC_000283,ACC_001252,50.89,2026-06-04
ACC_000283,ACC_001252,51.23,2025-08-23
ACC_000283,ACC_001252,52.20,2025-11-14
ACC_000283,ACC_001252,52.31,2025-11-22
ACC_000283,ACC_001252,527.28,2025-09-20
ACC_000283,ACC_001252,529.38,2025-08-27
ACC_000283,ACC_001252,53.10,2026-05-09
ACC_000283,ACC_001252,53.15,2025-11-25
ACC_000283,ACC_001252,53.76,2025-10-16
ACC_000283,ACC_001252,531.14,2026-01-24
ACC_000283,ACC_001252,532.32,2025-09-17
ACC_000283,ACC_001252,532.54,2025-11-19
ACC_000283,ACC_001252,537.49,2025-12-27
ACC_000283,ACC_001252,538.39,2026-04-19
ACC_000283,ACC_001252,547.22,2025-11-09
ACC_000283,ACC_001252,547.47,2026-03-28
ACC_000283,ACC_001252,548.46,2025-09-24
ACC_000283,ACC_001252,55.51,2026-03-22
ACC_000283,ACC_001252,555.65,2026-01-01
ACC_000283,ACC_001252,57.12,2026-03-11
ACC_000283,ACC_001252,57.44,2026-03-29
ACC_000283,ACC_001252,57.57,2026-04-25
ACC_000283,ACC_001252,57.72,2025-11-10
ACC_000283,ACC_001252,58.35,2025-11-17
ACC_000283,ACC_001252,58.64,2025-09-25
ACC_000283,ACC_001252,59.04,2025-12-09
ACC_000283,ACC_001252,59.11,2026-03-23
ACC_000283,ACC_001252,59.41,2025-11-01
ACC_000283,ACC_001252,59.41,2025-11-06
ACC_000283,ACC_001252,59.73,2025-11-10
ACC_000283,ACC_001252,599.31,2025-10-22
ACC_000283,ACC_001252,6.22,2025-12-05
ACC_000283,ACC_001252,6.59,2025-12-19
ACC_000283,ACC_001252,6.72,2025-08-22
ACC_000283,ACC_001252,6.82,2026-04-09
ACC_000283,ACC_001252,60.13,2025-09-03
ACC_000283,ACC_001252,61.21,2026-04-19
ACC_000283,ACC_001252,613.60,2026-01-28
ACC_000283,ACC_001252,616.03,2025-07-22
ACC_000283,ACC_001252,62.04,2026-03-28
ACC_000283,ACC_001252,62.48,2026-01-20
ACC_000283,ACC_001252,623.16,2025-11-07
ACC_000283,ACC_001252,624.77,2025-11-16
ACC_000283,ACC_001252,628.66,2026-03-29
ACC_000283,ACC_001252,63.01,2026-03-15
ACC_000283,ACC_001252,64.16,2025-08-27
ACC_000283,ACC_001252,645.64,2026-04-15
ACC_000283,ACC_001252,647.38,2025-12-19
ACC_000283,ACC_001252,66.97,2025-09-23
ACC_000283,ACC_001252,67.07,2026-03-18
ACC_000283,ACC_001252,67.35,2025-07-22
ACC_000283,ACC_001252,678.39,2025-08-07
ACC_000283,ACC_001252,68.00,2025-09-29
ACC_000283,ACC_001252,68.09,2025-08-25
ACC_000283,ACC_001252,68.90,2025-11-26
ACC_000283,ACC_001252,688.02,2026-01-15
ACC_000283,ACC_001252,69.01,2026-01-18
ACC_000283,ACC_001252,69.66,2025-09-27
ACC_000283,ACC_001252,7.36,2026-04-01
ACC_000283,ACC_001252,70.20,2025-07-26
ACC_000283,ACC_001252,70.86,2026-01-09
ACC_000283,ACC_001252,70.90,2025-10-02
ACC_000283,ACC_001252,71.42,2025-12-20
ACC_000283,ACC_001252,71.51,2025-11-10
ACC_000283,ACC_001252,72.17,2025-08-06
ACC_000283,ACC_001252,72.43,2026-05-06
ACC_000283,ACC_001252,73.75,2025-10-06
ACC_000283,ACC_001252,74.91,2025-10-23
ACC_000283,ACC_001252,742.79,2025-11-11
ACC_000283,ACC_001252,746.65,2025-12-23
ACC_000283,ACC_001252,75.26,2025-12-28
ACC_000283,ACC_001252,75.32,2025-11-29
ACC_000283,ACC_001252,752.92,2025-12-03
ACC_000283,ACC_001252,76.01,2026-01-05
ACC_000283,ACC_001252,77.52,2026-04-02
ACC_000283,ACC_001252,77.57,2025-12-27
ACC_000283,ACC_001252,773.04,2026-04-16
ACC_000283,ACC_001252,78.69,2025-09-14
ACC_000283,ACC_001252,787.22,2025-12-12
ACC_000283,ACC_001252,79.37,2025-08-27
ACC_000283,ACC_001252,79.73,2026-01-22
ACC_000283,ACC_001252,791.51,2026-05-31
ACC_000283,ACC_001252,8.01,2025-08-17
ACC_000283,ACC_001252,8.43,2026-04-13
ACC_000283,ACC_001252,8.61,2025-12-09
ACC_000283,ACC_001252,8.91,2025-12-09
ACC_000283,ACC_001252,80.00,2026-01-03
ACC_000283,ACC_001252,806.80,2025-09-18
ACC_000283,ACC_001252,81.46,2025-11-28
ACC_000283,ACC_001252,81.67,2025-10-20
ACC_000283,ACC_001252,81.90,2025-12-02
ACC_000283,ACC_001252,82.55,2025-12-06
ACC_000283,ACC_001252,832.46,2025-11-29
ACC_000283,ACC_001252,84.22,2025-12-23
ACC_000283,ACC_001252,84.32,2025-11-14
ACC_000283,ACC_001252,840.19,2026-04-20
ACC_000283,ACC_001252,848.25,2026-01-05
ACC_000283,ACC_001252,86.00,2025-11-10
ACC_000283,ACC_001252,87.02,2025-08-11
ACC_000283,ACC_001252,87.18,2025-10-28
ACC_000283,ACC_001252,88.39,2026-01-24
ACC_000283,ACC_001252,89.74,2026-05-29
ACC_000283,ACC_001252,892.67,2026-02-24
ACC_000283,ACC_001252,9.16,2026-06-04
ACC_000283,ACC_001252,9.23,2025-09-14
ACC_000283,ACC_001252,9.66,2026-04-05
ACC_000283,ACC_001252,9.89,2026-01-11
ACC_000283,ACC_001252,90.28,2026-03-19
ACC_000283,ACC_001252,91.30,2026-01-07
ACC_000283,ACC_001252,91.51,2026-02-23
ACC_000283,ACC_001252,912.02,2025-08-07
ACC_000283,ACC_001252,92.18,2026-01-09
ACC_000283,ACC_001252,927.48,2026-05-08
ACC_000283,ACC_001252,928.15,2025-11-05
ACC_000283,ACC_001252,93.67,2026-03-02
ACC_000283,ACC_001252,946.58,2025-11-11
ACC_000283,ACC_001252,96.01,2025-12-04
ACC_000283,ACC_001252,96.09,2026-05-23
ACC_000283,ACC_001252,96.68,2025-12-31
ACC_000283,ACC_001252,984.75,2026-02-28
ACC_000283,ACC_001252,986.89,2026-05-12
ACC_000283,ACC_001252,99.11,2026-03-22
ACC_000283,ACC_001252,99.12,2026-01-01
ACC_000283,ACC_001252,99.91,2025-11-27
ACC_000283,ACC_001252,993.22,2025-08-11
ACC_000283,ACC_001253,173.50,2026-04-28
ACC_000283,ACC_001253,25.62,2026-05-18
ACC_000283,ACC_001253,363.86,2025-12-06
ACC_000283,ACC_001253,469.63,2025-12-17
ACC_000283,ACC_001253,55.22,2025-12-17
ACC_000283,ACC_001255,296.24,2025-12-24
ACC_000283,ACC_001260,18.72,2026-05-15
ACC_000283,ACC_001260,24.30,2026-05-11
ACC_000283,ACC_001260,28.27,2026-05-31
ACC_000283,ACC_001260,286.68,2026-05-23
ACC_000283,ACC_001260,29.34,2025-08-19
ACC_000283,ACC_001260,29.59,2025-08-15
ACC_000283,ACC_001260,295.75,2025-07-30
ACC_000283,ACC_001260,298.27,2025-07-26
ACC_000283,ACC_001260,34.85,2025-08-10
ACC_000283,ACC_001260,35.15,2025-08-06
ACC_000283,ACC_001260,36.69,2026-05-27
ACC_000283,ACC_001260,372.05,2026-05-19
ACC_000283,ACC_001260,79.20,2026-03-28
ACC_000283,ACC_001260,94.41,2026-04-01
ACC_000283,ACC_001268,363.05,2026-03-07
ACC_000283,ACC_001268,43.68,2026-03-14
ACC_000283,ACC_001268,83.24,2025-08-25
ACC_000283,ACC_001269,10.42,2025-09-04
ACC_000283,ACC_001269,47.50,2026-04-04
ACC_000283,ACC_001273,192.63,2025-11-11
ACC_000283,ACC_001273,24.59,2025-11-10
ACC_000283,ACC_001287,110.59,2026-01-02
ACC_000283,ACC_001287,787.97,2025-12-20
ACC_000283,ACC_001288,117.29,2025-12-30
ACC_000283,ACC_001289,842.40,2026-05-24
ACC_000283,ACC_001291,13.52,2025-09-05
ACC_000283,ACC_001291,9.02,2025-09-12
ACC_000283,ACC_001291,98.94,2025-09-11
ACC_000283,ACC_001292,1087.84,2025-09-25
ACC_000283,ACC_001292,194.53,2025-09-24
ACC_000283,ACC_001292,213.60,2025-11-18
ACC_000283,ACC_001292,219.55,2026-05-07
ACC_000283,ACC_001292,22.28,2026-05-19
ACC_000283,ACC_001292,269.24,2025-11-17
ACC_000283,ACC_001292,293.29,2025-08-27
ACC_000283,ACC_001292,308.38,2026-04-03
ACC_000283,ACC_001292,32.78,2026-05-06
ACC_000283,ACC_001292,43.33,2026-04-12
ACC_000283,ACC_001292,44.82,2026-04-16
ACC_000283,ACC_001292,46.67,2026-03-15
ACC_000283,ACC_001292,48.71,2025-12-10
ACC_000283,ACC_001292,487.77,2025-08-19
ACC_000283,ACC_001292,54.79,2026-05-10
ACC_000283,ACC_001292,58.57,2026-04-04
ACC_000283,ACC_001292,59.75,2025-08-19
ACC_000283,ACC_001292,65.69,2026-04-25
ACC_000283,ACC_001292,682.05,2026-05-10
ACC_000283,ACC_001292,7.68,2026-05-02
ACC_000283,ACC_001292,74.65,2026-05-21
ACC_000283,ACC_001292,84.13,2025-10-06
ACC_000283,ACC_001292,891.85,2025-08-23
ACC_000283,ACC_001293,1157.30,2025-11-23
ACC_000283,ACC_001293,125.32,2026-05-25
ACC_000283,ACC_001293,129.58,2025-09-20
ACC_000283,ACC_001293,129.95,2025-07-19
ACC_000283,ACC_001293,13.33,2026-05-15
ACC_000283,ACC_001293,144.85,2025-10-10
ACC_000283,ACC_001293,16.00,2025-09-07
ACC_000283,ACC_001293,166.58,2025-08-30
ACC_000283,ACC_001293,176.45,2025-07-23
ACC_000283,ACC_001293,191.48,2025-09-03
ACC_000283,ACC_001293,217.31,2025-11-13
ACC_000283,ACC_001293,25.60,2025-09-03
ACC_000283,ACC_001293,298.15,2026-03-30
ACC_000283,ACC_001293,32.68,2025-08-15
ACC_000283,ACC_001293,33.34,2025-10-31
ACC_000283,ACC_001293,352.60,2025-11-22
ACC_000283,ACC_001293,366.99,2026-05-11
ACC_000283,ACC_001293,406.25,2026-05-06
ACC_000283,ACC_001293,469.27,2025-08-23
ACC_000283,ACC_001293,48.28,2026-03-19
ACC_000283,ACC_001293,5.92,2026-04-19
ACC_000283,ACC_001293,50.99,2025-11-28
ACC_000283,ACC_001293,55.04,2025-11-04
ACC_000283,ACC_001293,64.53,2025-12-06
ACC_000283,ACC_001293,67.55,2025-11-24
ACC_000283,ACC_001293,7.16,2026-04-15
ACC_000283,ACC_001293,71.70,2026-04-08
ACC_000283,ACC_001293,724.64,2025-09-21
ACC_000283,ACC_001293,79.41,2026-04-21
ACC_000283,ACC_001293,873.65,2025-11-27
ACC_000283,ACC_001293,9.28,2026-04-28
ACC_000283,ACC_001294,511.16,2026-01-03
ACC_000283,ACC_001297,227.32,2026-05-02
ACC_000283,ACC_001301,118.83,2026-03-10
ACC_000283,ACC_001301,132.90,2026-01-27
ACC_000283,ACC_001301,143.14,2026-02-06
ACC_000283,ACC_001301,154.61,2025-09-27
ACC_000283,ACC_001301,17.22,2026-04-25
ACC_000283,ACC_001301,21.06,2026-03-17
ACC_000283,ACC_001301,228.06,2025-09-06
ACC_000283,ACC_001301,25.25,2025-10-04
ACC_000283,ACC_001301,255.54,2025-07-14
ACC_000283,ACC_001301,28.92,2025-08-13
ACC_000283,ACC_001301,312.95,2025-08-20
ACC_000283,ACC_001301,313.87,2026-05-10
ACC_000283,ACC_001301,48.03,2025-08-14
ACC_000283,ACC_001301,48.37,2025-07-14
ACC_000283,ACC_001301,643.70,2026-04-25
ACC_000283,ACC_001301,693.21,2026-01-11
ACC_000283,ACC_001301,776.49,2026-01-28
ACC_000283,ACC_001302,48.58,2026-03-24
ACC_000283,ACC_001303,573.19,2026-03-13
ACC_000283,ACC_001309,96.10,2025-09-06
ACC_000283,ACC_001325,49.46,2026-06-09
ACC_000283,ACC_001325,619.85,2026-05-25
ACC_000283,ACC_001328,32.95,2026-04-03
ACC_000283,ACC_001328,390.46,2026-04-14
ACC_000283,ACC_001328,61.94,2026-03-26
ACC_000283,ACC_001329,497.13,2025-07-29
ACC_000283,ACC_001329,78.34,2025-07-28
ACC_000283,ACC_001329,93.20,2025-08-13
ACC_000283,ACC_001339,122.98,2025-08-24
ACC_000283,ACC_001339,13.28,2025-08-24
ACC_000283,ACC_001339,20.09,2026-02-05
ACC_000283,ACC_001339,21.50,2026-02-21
ACC_000283,ACC_001339,24.95,2026-05-10
ACC_000283,ACC_001339,313.65,2025-10-06
ACC_000283,ACC_001339,428.93,2025-10-05
ACC_000283,ACC_001339,46.15,2025-08-14
ACC_000283,ACC_001339,478.41,2025-08-11
ACC_000283,ACC_001340,132.12,2026-01-26
ACC_000283,ACC_001340,1479.46,2026-01-14
ACC_000283,ACC_001340,17.15,2025-09-16
ACC_000283,ACC_001340,202.30,2026-01-22
ACC_000283,ACC_001340,27.53,2026-05-06
ACC_000283,ACC_001340,377.90,2026-04-24
ACC_000283,ACC_001340,528.03,2025-12-12
ACC_000283,ACC_001340,67.59,2025-12-18
ACC_000283,ACC_001340,88.98,2025-08-01
ACC_000283,ACC_001342,377.99,2025-10-14
ACC_000283,ACC_001344,39.50,2026-04-19
ACC_000283,ACC_001345,832.75,2026-05-01
ACC_000283,ACC_001348,100.56,2025-12-05
ACC_000283,ACC_001348,108.74,2026-02-21
ACC_000283,ACC_001348,113.20,2025-08-01
ACC_000283,ACC_001348,170.05,2026-04-09
ACC_000283,ACC_001348,18.65,2025-09-01
ACC_000283,ACC_001348,181.08,2025-08-16
ACC_000283,ACC_001348,19.84,2025-08-14
ACC_000283,ACC_001348,206.50,2026-03-05
ACC_000283,ACC_001348,22.19,2025-08-14
ACC_000283,ACC_001348,230.26,2026-01-28
ACC_000283,ACC_001348,35.01,2025-10-23
ACC_000283,ACC_001348,378.24,2026-04-28
ACC_000283,ACC_001348,428.81,2025-12-21
ACC_000283,ACC_001348,45.97,2025-08-07
ACC_000283,ACC_001348,5.71,2025-08-29
ACC_000283,ACC_001348,61.09,2025-10-13
ACC_000283,ACC_001348,97.39,2025-09-01
ACC_000283,ACC_001349,1008.30,2025-07-31
ACC_000283,ACC_001349,1065.35,2026-02-18
ACC_000283,ACC_001349,208.04,2026-01-21
ACC_000283,ACC_001349,29.28,2025-12-20
ACC_000283,ACC_001349,333.74,2025-07-21
ACC_000283,ACC_001349,37.15,2026-04-28
ACC_000283,ACC_001349,426.03,2025-09-25
ACC_000283,ACC_001349,49.02,2026-04-17
ACC_000283,ACC_001349,53.49,2026-04-24
ACC_000283,ACC_001349,63.12,2026-01-06
ACC_000283,ACC_001349,7.16,2025-09-04
ACC_000283,ACC_001354,145.15,2025-11-16
ACC_000283,ACC_001354,411.54,2026-01-15
ACC_000283,ACC_001355,263.30,2026-04-06
ACC_000283,ACC_001355,32.76,2026-04-07
ACC_000283,ACC_001356,1393.74,2026-04-02
ACC_000283,ACC_001356,470.55,2026-03-29
ACC_000283,ACC_001357,109.18,2025-12-13
ACC_000283,ACC_001357,564.79,2025-12-02
ACC_000283,ACC_001359,211.07,2025-12-11
ACC_000283,ACC_001359,28.79,2025-12-12
ACC_000283,ACC_001359,80.58,2025-11-18
ACC_000283,ACC_001360,33.60,2025-12-18
ACC_000283,ACC_001363,919.41,2026-03-25
ACC_000283,ACC_001364,56.37,2026-03-16
ACC_000283,ACC_001365,558.97,2025-08-17
ACC_000283,ACC_001365,69.31,2025-08-21
ACC_000283,ACC_001366,70.71,2025-12-05
ACC_000283,ACC_001366,74.30,2025-11-08
ACC_000283,ACC_001367,488.97,2025-11-25
ACC_000283,ACC_001367,731.34,2025-09-04
ACC_000283,ACC_001370,185.02,2026-03-15
ACC_000283,ACC_001370,32.14,2026-04-03
ACC_000283,ACC_001372,1048.41,2026-01-26
ACC_000283,ACC_001372,1054.63,2025-12-03
ACC_000283,ACC_001372,107.69,2026-04-09
ACC_000283,ACC_001372,1185.58,2026-01-21
ACC_000283,ACC_001372,119.37,2026-02-01
ACC_000283,ACC_001372,131.47,2025-12-09
ACC_000283,ACC_001372,134.49,2026-05-11
ACC_000283,ACC_001372,134.53,2026-05-16
ACC_000283,ACC_001372,141.06,2025-10-01
ACC_000283,ACC_001372,15.13,2026-02-12
ACC_000283,ACC_001372,155.02,2026-01-13
ACC_000283,ACC_001372,157.90,2026-02-12
ACC_000283,ACC_001372,177.16,2026-01-25
ACC_000283,ACC_001372,191.10,2026-05-04
ACC_000283,ACC_001372,198.34,2026-05-07
ACC_000283,ACC_001372,211.31,2026-06-05
ACC_000283,ACC_001372,23.93,2025-09-24
ACC_000283,ACC_001372,2432.51,2026-06-03
ACC_000283,ACC_001372,278.35,2026-02-02
ACC_000283,ACC_001372,28.11,2025-12-23
ACC_000283,ACC_001372,322.82,2025-12-16
ACC_000283,ACC_001372,33.30,2025-08-15
ACC_000283,ACC_001372,34.72,2026-01-29
ACC_000283,ACC_001372,352.08,2025-08-27
ACC_000283,ACC_001372,37.18,2026-01-28
ACC_000283,ACC_001372,4.61,2026-05-15
ACC_000283,ACC_001372,420.70,2025-07-23
ACC_000283,ACC_001372,435.02,2026-05-12
ACC_000283,ACC_001372,445.64,2025-07-24
ACC_000283,ACC_001372,45.08,2026-01-26
ACC_000283,ACC_001372,46.69,2026-05-08
ACC_000283,ACC_001372,463.59,2026-01-31
ACC_000283,ACC_001372,481.32,2025-10-13
ACC_000283,ACC_001372,523.48,2026-03-30
ACC_000283,ACC_001372,54.45,2025-12-09
ACC_000283,ACC_001372,558.37,2026-03-21
ACC_000283,ACC_001372,6.39,2026-05-25
ACC_000283,ACC_001372,62.84,2026-06-06
ACC_000283,ACC_001372,643.40,2026-04-29
ACC_000283,ACC_001372,65.96,2025-10-14
ACC_000283,ACC_001372,693.43,2025-12-22
ACC_000283,ACC_001372,7.95,2026-05-21
ACC_000283,ACC_001372,74.98,2025-08-04
ACC_000283,ACC_001372,77.16,2026-04-15
ACC_000283,ACC_001372,776.11,2026-05-03
ACC_000283,ACC_001372,79.91,2026-04-17
ACC_000283,ACC_001372,8.17,2025-09-12
ACC_000283,ACC_001372,8.68,2026-03-02
ACC_000283,ACC_001372,8.68,2026-04-18
ACC_000283,ACC_001372,847.13,2026-06-01
ACC_000283,ACC_001372,86.57,2026-04-11
ACC_000283,ACC_001372,86.82,2026-02-28
ACC_000283,ACC_001372,90.67,2026-03-31
ACC_000283,ACC_001372,91.39,2025-12-11
ACC_000283,ACC_001372,98.38,2026-05-17
ACC_000283,ACC_001374,119.43,2026-01-13
ACC_000283,ACC_001374,13.61,2026-01-05
ACC_000283,ACC_001375,140.97,2025-12-15
ACC_000283,ACC_001380,107.32,2026-01-09
ACC_000283,ACC_001380,108.93,2025-12-26
ACC_000283,ACC_001380,756.54,2025-12-18
ACC_000283,ACC_001384,301.30,2026-03-31
ACC_000283,ACC_001384,35.56,2026-03-19
ACC_000283,ACC_001384,56.56,2026-03-13
ACC_000283,ACC_001385,23.64,2025-12-31
ACC_000283,ACC_001385,59.98,2025-10-03
ACC_000283,ACC_001386,127.20,2026-01-21
ACC_000283,ACC_001386,19.84,2026-01-11
ACC_000283,ACC_001386,4.75,2025-10-02
ACC_000283,ACC_001386,5.78,2025-10-15
ACC_000283,ACC_001387,149.28,2025-08-10
ACC_000283,ACC_001387,8.41,2025-08-18
ACC_000283,ACC_001387,83.90,2025-09-27
ACC_000283,ACC_001387,9.84,2025-10-06
ACC_000283,ACC_001388,100.68,2025-10-13
ACC_000283,ACC_001388,11.64,2025-08-19
ACC_000283,ACC_001388,120.77,2026-05-27
ACC_000283,ACC_001388,146.72,2026-04-09
ACC_000283,ACC_001388,209.01,2026-02-27
ACC_000283,ACC_001388,209.93,2025-08-22
ACC_000283,ACC_001388,22.96,2025-08-28
ACC_000283,ACC_001388,281.96,2026-04-23
ACC_000283,ACC_001388,6.85,2026-02-26
ACC_000283,ACC_001388,72.19,2026-03-05
ACC_000283,ACC_001388,768.56,2026-05-11
ACC_000283,ACC_001388,78.50,2025-08-10
ACC_000283,ACC_001388,8.48,2025-09-18
ACC_000283,ACC_001388,82.60,2026-01-09
ACC_000283,ACC_001388,90.81,2025-09-26
ACC_000283,ACC_001390,1649.61,2026-02-23
ACC_000283,ACC_001390,308.37,2026-02-21
ACC_000283,ACC_001391,222.95,2026-05-08
ACC_000283,ACC_001391,30.07,2026-04-23
ACC_000283,ACC_001391,36.68,2026-04-28
ACC_000283,ACC_001394,29.44,2026-01-21
ACC_000283,ACC_001394,446.91,2026-02-05
ACC_000283,ACC_001394,65.33,2026-01-15
ACC_000283,ACC_001403,1263.51,2025-07-17
ACC_000283,ACC_001406,130.64,2026-01-09
ACC_000283,ACC_001406,34.53,2026-01-25
ACC_000283,ACC_001406,669.50,2026-01-07
ACC_000283,ACC_001415,103.21,2026-01-11
ACC_000283,ACC_001415,1060.16,2025-12-28
ACC_000283,ACC_001415,1297.00,2025-08-01
ACC_000283,ACC_001415,288.24,2025-08-20
ACC_000283,ACC_001415,77.79,2026-01-17
ACC_000283,ACC_001416,32.68,2025-09-07
ACC_000283,ACC_001418,98.22,2025-11-27
ACC_000283,ACC_001419,116.02,2025-11-09
ACC_000283,ACC_001420,1250.78,2025-11-13
ACC_000283,ACC_001426,1165.67,2026-06-09
ACC_000283,ACC_001427,104.85,2026-05-21
ACC_000283,ACC_001431,10.34,2026-03-05
ACC_000283,ACC_001431,10.70,2025-10-10
ACC_000283,ACC_001431,10.75,2026-05-30
ACC_000283,ACC_001431,100.00,2025-11-17
ACC_000283,ACC_001431,100.19,2026-02-08
ACC_000283,ACC_001431,100.99,2025-08-24
ACC_000283,ACC_001431,101.16,2025-12-01
ACC_000283,ACC_001431,101.65,2026-02-13
ACC_000283,ACC_001431,101.78,2025-11-29
ACC_000283,ACC_001431,1022.79,2026-03-23
ACC_000283,ACC_001431,104.02,2026-01-27
ACC_000283,ACC_001431,1041.56,2026-04-21
ACC_000283,ACC_001431,106.42,2025-08-28
ACC_000283,ACC_001431,106.49,2026-03-20
ACC_000283,ACC_001431,106.97,2026-03-03
ACC_000283,ACC_001431,1063.60,2025-11-28
ACC_000283,ACC_001431,1074.33,2025-11-23
ACC_000283,ACC_001431,108.20,2026-05-21
ACC_000283,ACC_001431,108.87,2026-03-28
ACC_000283,ACC_001431,11.61,2026-03-27
ACC_000283,ACC_001431,110.90,2026-06-08
ACC_000283,ACC_001431,111.12,2025-08-05
ACC_000283,ACC_001431,111.16,2026-02-20
ACC_000283,ACC_001431,112.52,2026-03-13
ACC_000283,ACC_001431,112.91,2026-05-25
ACC_000283,ACC_001431,113.98,2026-04-04
ACC_000283,ACC_001431,1146.16,2026-03-30
ACC_000283,ACC_001431,115.23,2025-10-31
ACC_000283,ACC_001431,1150.87,2025-09-03
ACC_000283,ACC_001431,116.46,2025-08-07
ACC_000283,ACC_001431,1181.35,2026-05-07
ACC_000283,ACC_001431,1184.79,2026-04-01
ACC_000283,ACC_001431,12.19,2025-12-06
ACC_000283,ACC_001431,12.43,2026-03-03
ACC_000283,ACC_001431,12.74,2025-12-06
ACC_000283,ACC_001431,120.69,2026-05-26
ACC_000283,ACC_001431,121.92,2025-12-07
ACC_000283,ACC_001431,122.92,2025-09-13
ACC_000283,ACC_001431,123.43,2025-09-21
ACC_000283,ACC_001431,125.20,2026-05-10
ACC_000283,ACC_001431,126.90,2026-01-29
ACC_000283,ACC_001431,128.04,2025-07-25
ACC_000283,ACC_001431,1294.41,2026-02-07
ACC_000283,ACC_001431,13.15,2026-03-29
ACC_000283,ACC_001431,13.52,2025-10-09
ACC_000283,ACC_001431,13.58,2025-08-22
ACC_000283,ACC_001431,131.38,2026-01-06
ACC_000283,ACC_001431,1335.64,2025-08-04
ACC_000283,ACC_001431,135.32,2026-01-23
ACC_000283,ACC_001431,14.04,2025-08-01
ACC_000283,ACC_001431,14.37,2025-12-15
ACC_000283,ACC_001431,14.63,2026-02-02
ACC_000283,ACC_001431,14.98,2025-10-20
ACC_000283,ACC_001431,141.05,2025-08-06
ACC_000283,ACC_001431,142.15,2025-08-22
ACC_000283,ACC_001431,142.92,2026-03-14
ACC_000283,ACC_001431,143.04,2025-12-14
ACC_000283,ACC_001431,144.42,2026-04-02
ACC_000283,ACC_001431,145.15,2025-07-29
ACC_000283,ACC_001431,145.55,2025-09-29
ACC_000283,ACC_001431,1462.00,2025-08-26
ACC_000283,ACC_001431,149.97,2026-04-17
ACC_000283,ACC_001431,15.54,2026-01-12
ACC_000283,ACC_001431,15.74,2025-12-13
ACC_000283,ACC_001431,15.98,2026-04-01
ACC_000283,ACC_001431,150.13,2026-04-22
ACC_000283,ACC_001431,151.21,2026-04-23
ACC_000283,ACC_001431,151.24,2025-09-19
ACC_000283,ACC_001431,151.31,2025-12-05
ACC_000283,ACC_001431,156.57,2026-03-30
ACC_000283,ACC_001431,157.84,2026-01-09
ACC_000283,ACC_001431,16.25,2025-09-04
ACC_000283,ACC_001431,16.57,2025-11-24
ACC_000283,ACC_001431,16.91,2025-09-05
ACC_000283,ACC_001431,161.67,2025-09-01
ACC_000283,ACC_001431,163.42,2026-02-26
ACC_000283,ACC_001431,163.55,2025-11-11
ACC_000283,ACC_001431,1678.60,2026-05-09
ACC_000283,ACC_001431,17.19,2026-02-09
ACC_000283,ACC_001431,17.59,2026-06-11
ACC_000283,ACC_001431,170.74,2026-05-07
ACC_000283,ACC_001431,172.20,2025-08-20
ACC_000283,ACC_001431,176.57,2025-12-30
ACC_000283,ACC_001431,178.12,2026-01-20
ACC_000283,ACC_001431,18.45,2026-03-17
ACC_000283,ACC_001431,180.03,2026-03-05
ACC_000283,ACC_001431,187.89,2025-09-09
ACC_000283,ACC_001431,19.24,2026-03-14
ACC_000283,ACC_001431,19.52,2025-08-13
ACC_000283,ACC_001431,19.96,2026-01-25
ACC_000283,ACC_001431,19.97,2025-09-29
ACC_000283,ACC_001431,190.52,2026-01-16
ACC_000283,ACC_001431,190.74,2025-11-08
ACC_000283,ACC_001431,192.97,2026-03-23
ACC_000283,ACC_001431,20.22,2025-09-09
ACC_000283,ACC_001431,20.36,2026-03-31
ACC_000283,ACC_001431,200.75,2026-04-30
ACC_000283,ACC_001431,201.72,2025-10-23
ACC_000283,ACC_001431,206.12,2026-01-25
ACC_000283,ACC_001431,2060.82,2026-01-27
ACC_000283,ACC_001431,208.07,2025-08-30
ACC_000283,ACC_001431,208.21,2026-01-16
ACC_000283,ACC_001431,21.68,2025-12-26
ACC_000283,ACC_001431,21.92,2025-12-04
ACC_000283,ACC_001431,215.45,2026-05-22
ACC_000283,ACC_001431,22.35,2025-11-07
ACC_000283,ACC_001431,22.90,2026-05-13
ACC_000283,ACC_001431,221.27,2025-08-10
ACC_000283,ACC_001431,224.01,2026-01-07
ACC_000283,ACC_001431,224.61,2025-08-06
ACC_000283,ACC_001431,229.21,2025-12-03
ACC_000283,ACC_001431,23.47,2026-01-21
ACC_000283,ACC_001431,239.31,2025-07-21
ACC_000283,ACC_001431,24.61,2025-10-25
ACC_000283,ACC_001431,25.31,2025-09-14
ACC_000283,ACC_001431,25.99,2025-10-26
ACC_000283,ACC_001431,256.33,2025-09-19
ACC_000283,ACC_001431,256.94,2025-07-22
ACC_000283,ACC_001431,26.33,2025-10-16
ACC_000283,ACC_001431,26.65,2026-01-18
ACC_000283,ACC_001431,261.10,2026-03-30
ACC_000283,ACC_001431,263.50,2026-01-19
ACC_000283,ACC_001431,268.35,2025-11-05
ACC_000283,ACC_001431,27.59,2026-03-31
ACC_000283,ACC_001431,27.91,2025-12-23
ACC_000283,ACC_001431,2731.16,2025-09-06
ACC_000283,ACC_001431,275.12,2025-08-26
ACC_000283,ACC_001431,28.03,2025-09-07
ACC_000283,ACC_001431,283.27,2025-09-08
ACC_000283,ACC_001431,289.39,2025-10-07
ACC_000283,ACC_001431,29.46,2026-02-08
ACC_000283,ACC_001431,290.57,2025-11-24
ACC_000283,ACC_001431,293.36,2025-12-06
ACC_000283,ACC_001431,294.97,2026-01-19
ACC_000283,ACC_001431,30.19,2025-09-23
ACC_000283,ACC_001431,304.63,2025-08-22
ACC_000283,ACC_001431,308.36,2025-10-29
ACC_000283,ACC_001431,311.48,2026-01-26
ACC_000283,ACC_001431,318.56,2025-12-01
ACC_000283,ACC_001431,32.11,2025-10-09
ACC_000283,ACC_001431,32.56,2025-11-20
ACC_000283,ACC_001431,329.80,2025-10-30
ACC_000283,ACC_001431,33.94,2025-12-04
ACC_000283,ACC_001431,33.96,2026-01-15
ACC_000283,ACC_001431,336.65,2025-07-30
ACC_000283,ACC_001431,337.47,2025-10-18
ACC_000283,ACC_001431,337.71,2025-11-06
ACC_000283,ACC_001431,344.22,2026-05-23
ACC_000283,ACC_001431,35.25,2025-08-29
ACC_000283,ACC_001431,35.59,2025-11-15
ACC_000283,ACC_001431,35.85,2025-08-16
ACC_000283,ACC_001431,354.28,2025-09-21
ACC_000283,ACC_001431,36.28,2026-01-24
ACC_000283,ACC_001431,360.38,2026-05-20
ACC_000283,ACC_001431,363.92,2026-02-13
ACC_000283,ACC_001431,37.31,2025-10-23
ACC_000283,ACC_001431,37.58,2025-10-23
ACC_000283,ACC_001431,37.82,2026-01-20
ACC_000283,ACC_001431,373.84,2025-12-31
ACC_000283,ACC_001431,376.99,2026-06-09
ACC_000283,ACC_001431,38.44,2025-08-22
ACC_000283,ACC_001431,383.64,2025-09-17
ACC_000283,ACC_001431,390.95,2025-11-10
ACC_000283,ACC_001431,4.20,2026-06-05
ACC_000283,ACC_001431,4.58,2026-02-25
ACC_000283,ACC_001431,4.93,2026-03-05
ACC_000283,ACC_001431,40.06,2026-02-09
ACC_000283,ACC_001431,40.90,2025-08-09
ACC_000283,ACC_001431,41.02,2025-11-06
ACC_000283,ACC_001431,41.08,2026-05-25
ACC_000283,ACC_001431,41.09,2026-05-31
ACC_000283,ACC_001431,41.78,2025-08-06
ACC_000283,ACC_001431,419.93,2025-10-30
ACC_000283,ACC_001431,42.39,2026-02-26
ACC_000283,ACC_001431,42.58,2025-08-18
ACC_000283,ACC_001431,44.13,2026-05-17
ACC_000283,ACC_001431,45.01,2025-09-07
ACC_000283,ACC_001431,45.11,2026-01-11
ACC_000283,ACC_001431,455.14,2026-06-04
ACC_000283,ACC_001431,455.36,2026-03-08
ACC_000283,ACC_001431,46.09,2026-02-21
ACC_000283,ACC_001431,46.81,2026-06-06
ACC_000283,ACC_001431,46.92,2025-10-18
ACC_000283,ACC_001431,464.51,2026-05-20
ACC_000283,ACC_001431,465.59,2026-02-02
ACC_000283,ACC_001431,476.32,2025-08-15
ACC_000283,ACC_001431,482.76,2026-05-11
ACC_000283,ACC_001431,484.08,2026-06-04
ACC_000283,ACC_001431,49.56,2025-09-05
ACC_000283,ACC_001431,490.67,2025-11-12
ACC_000283,ACC_001431,493.12,2026-03-03
ACC_000283,ACC_001431,5.60,2025-12-15
ACC_000283,ACC_001431,5.87,2026-04-28
ACC_000283,ACC_001431,5.98,2025-12-23
ACC_000283,ACC_001431,50.32,2026-02-18
ACC_000283,ACC_001431,50.43,2026-02-02
ACC_000283,ACC_001431,50.71,2025-08-14
ACC_000283,ACC_001431,500.61,2025-09-12
ACC_000283,ACC_001431,504.29,2026-02-09
ACC_000283,ACC_001431,51.38,2026-05-30
ACC_000283,ACC_001431,522.09,2026-01-15
ACC_000283,ACC_001431,524.00,2025-12-20
ACC_000283,ACC_001431,53.74,2026-03-02
ACC_000283,ACC_001431,53.92,2025-12-25
ACC_000283,ACC_001431,539.69,2025-11-18
ACC_000283,ACC_001431,54.87,2026-05-16
ACC_000283,ACC_001431,548.53,2025-12-12
ACC_000283,ACC_001431,55.06,2026-01-04
ACC_000283,ACC_001431,56.27,2025-09-24
ACC_000283,ACC_001431,569.64,2025-10-14
ACC_000283,ACC_001431,574.69,2026-03-30
ACC_000283,ACC_001431,58.38,2026-05-13
ACC_000283,ACC_001431,583.35,2026-04-30
ACC_000283,ACC_001431,586.89,2026-02-17
ACC_000283,ACC_001431,59.54,2026-04-13
ACC_000283,ACC_001431,6.70,2025-12-19
ACC_000283,ACC_001431,609.32,2026-05-02
ACC_000283,ACC_001431,61.51,2026-05-20
ACC_000283,ACC_001431,62.10,2025-12-01
ACC_000283,ACC_001431,63.85,2026-03-17
ACC_000283,ACC_001431,637.40,2026-02-14
ACC_000283,ACC_001431,638.64,2026-02-02
ACC_000283,ACC_001431,640.73,2026-01-07
ACC_000283,ACC_001431,647.27,2026-01-22
ACC_000283,ACC_001431,66.37,2025-12-04
ACC_000283,ACC_001431,669.30,2025-08-04
ACC_000283,ACC_001431,67.23,2026-04-09
ACC_000283,ACC_001431,67.70,2026-03-11
ACC_000283,ACC_001431,676.16,2026-05-29
ACC_000283,ACC_001431,68.55,2026-03-15
ACC_000283,ACC_001431,69.81,2026-01-07
ACC_000283,ACC_001431,69.94,2025-11-06
ACC_000283,ACC_001431,690.74,2025-10-13
ACC_000283,ACC_001431,699.49,2025-09-21
ACC_000283,ACC_001431,7.13,2025-09-20
ACC_000283,ACC_001431,7.27,2025-10-31
ACC_000283,ACC_001431,7.42,2026-05-08
ACC_000283,ACC_001431,7.75,2026-03-04
ACC_000283,ACC_001431,7.96,2025-12-04
ACC_000283,ACC_001431,7.97,2025-10-01
ACC_000283,ACC_001431,70.10,2026-02-17
ACC_000283,ACC_001431,705.70,2025-08-24
ACC_000283,ACC_001431,709.43,2025-10-27
ACC_000283,ACC_001431,71.14,2025-08-24
ACC_000283,ACC_001431,71.56,2026-05-13
ACC_000283,ACC_001431,71.72,2025-11-28
ACC_000283,ACC_001431,71.85,2025-11-11
ACC_000283,ACC_001431,71.89,2026-05-27
ACC_000283,ACC_001431,721.13,2026-05-02
ACC_000283,ACC_001431,73.12,2025-11-09
ACC_000283,ACC_001431,74.04,2026-03-10
ACC_000283,ACC_001431,74.12,2025-10-03
ACC_000283,ACC_001431,740.26,2026-04-11
ACC_000283,ACC_001431,757.89,2025-12-21
ACC_000283,ACC_001431,76.37,2026-06-05
ACC_000283,ACC_001431,762.45,2026-04-29
ACC_000283,ACC_001431,763.39,2026-02-15
ACC_000283,ACC_001431,770.84,2026-02-13
ACC_000283,ACC_001431,771.06,2025-08-14
ACC_000283,ACC_001431,777.31,2025-11-13
ACC_000283,ACC_001431,78.46,2025-10-22
ACC_000283,ACC_001431,782.86,2026-03-19
ACC_000283,ACC_001431,789.52,2025-09-06
ACC_000283,ACC_001431,79.27,2026-01-31
ACC_000283,ACC_001431,79.54,2025-10-20
ACC_000283,ACC_001431,790.36,2025-12-22
ACC_000283,ACC_001431,8.08,2025-12-26
ACC_000283,ACC_001431,8.13,2026-01-09
ACC_000283,ACC_001431,8.66,2026-02-19
ACC_000283,ACC_001431,8.72,2025-09-17
ACC_000283,ACC_001431,80.48,2025-08-18
ACC_000283,ACC_001431,807.34,2025-07-26
ACC_000283,ACC_001431,808.39,2026-02-03
ACC_000283,ACC_001431,817.50,2026-05-06
ACC_000283,ACC_001431,828.73,2026-01-16
ACC_000283,ACC_001431,835.37,2025-11-04
ACC_000283,ACC_001431,837.47,2025-10-01
ACC_000283,ACC_001431,85.61,2025-09-15
ACC_000283,ACC_001431,86.89,2026-02-27
ACC_000283,ACC_001431,87.01,2025-12-12
ACC_000283,ACC_001431,87.03,2025-10-30
ACC_000283,ACC_001431,87.60,2026-03-20
ACC_000283,ACC_001431,87.85,2026-03-23
ACC_000283,ACC_001431,89.28,2025-10-28
ACC_000283,ACC_001431,89.83,2026-05-16
ACC_000283,ACC_001431,899.62,2026-04-07
ACC_000283,ACC_001431,9.30,2025-09-12
ACC_000283,ACC_001431,9.71,2026-04-15
ACC_000283,ACC_001431,900.60,2026-01-28
ACC_000283,ACC_001431,91.64,2026-03-29
ACC_000283,ACC_001431,92.67,2026-04-14
ACC_000283,ACC_001431,92.74,2026-01-21
ACC_000283,ACC_001431,926.28,2025-11-28
ACC_000283,ACC_001431,93.73,2025-12-15
ACC_000283,ACC_001431,931.91,2025-12-03
ACC_000283,ACC_001431,94.54,2026-05-22
ACC_000283,ACC_001431,96.08,2026-03-28
ACC_000283,ACC_001431,96.21,2025-12-06
ACC_000283,ACC_001431,963.43,2026-02-26
ACC_000283,ACC_001431,97.88,2026-02-15
ACC_000283,ACC_001431,973.53,2025-10-26
ACC_000283,ACC_001431,99.81,2026-05-01
ACC_000283,ACC_001431,997.57,2026-05-18
ACC_000283,ACC_001435,358.46,2025-10-22
ACC_000283,ACC_001435,39.47,2025-10-18
ACC_000283,ACC_001438,10.17,2025-09-30
ACC_000283,ACC_001438,1016.64,2025-12-13
ACC_000283,ACC_001438,115.69,2026-05-02
ACC_000283,ACC_001438,134.83,2025-09-28
ACC_000283,ACC_001438,15.78,2026-05-10
ACC_000283,ACC_001438,2250.21,2025-10-10
ACC_000283,ACC_001438,227.65,2026-01-18
ACC_000283,ACC_001438,27.56,2025-11-18
ACC_000283,ACC_001438,407.32,2025-11-25
ACC_000283,ACC_001438,51.13,2025-12-19
ACC_000283,ACC_001438,60.10,2025-10-05
ACC_000283,ACC_001438,79.81,2026-01-02
ACC_000283,ACC_001438,827.27,2025-08-05
ACC_000283,ACC_001439,77.28,2026-01-11
ACC_000283,ACC_001440,638.82,2025-12-31
ACC_000283,ACC_001440,87.78,2025-12-26
ACC_000283,ACC_001447,234.13,2025-10-23
ACC_000283,ACC_001455,210.56,2025-09-13
ACC_000283,ACC_001458,24.61,2026-06-02
ACC_000283,ACC_001458,26.67,2026-05-28
ACC_000283,ACC_001458,338.82,2026-05-26
ACC_000283,ACC_001458,627.32,2025-09-19
ACC_000283,ACC_001459,137.46,2025-11-17
ACC_000283,ACC_001459,342.06,2025-09-15
ACC_000283,ACC_001459,50.72,2025-09-18
ACC_000283,ACC_001459,54.67,2025-11-24
ACC_000283,ACC_001459,900.74,2025-12-05
ACC_000283,ACC_001468,374.46,2026-02-03
ACC_000283,ACC_001468,39.36,2026-02-19
ACC_000283,ACC_001468,52.66,2026-05-19
ACC_000283,ACC_001468,541.53,2026-05-21
ACC_000283,ACC_001468,63.46,2026-02-14
ACC_000283,ACC_001472,110.73,2026-01-18
ACC_000283,ACC_001474,129.29,2026-01-30
ACC_000283,ACC_001474,7.15,2026-01-25
ACC_000283,ACC_001475,15.56,2026-01-17
ACC_000283,ACC_001484,14.03,2025-10-05
ACC_000283,ACC_001484,148.42,2025-10-17
ACC_000283,ACC_001484,20.38,2025-10-24
ACC_000283,ACC_001484,328.15,2025-10-09
ACC_000283,ACC_001484,6.40,2025-09-28
ACC_000283,ACC_001484,76.18,2025-09-24
ACC_000283,ACC_001485,282.29,2026-02-26
ACC_000283,ACC_001485,41.21,2026-02-01
ACC_000283,ACC_001485,7.83,2026-01-14
ACC_000283,ACC_001485,702.99,2025-10-16
ACC_000283,ACC_001485,81.59,2025-12-01
ACC_000283,ACC_001498,162.05,2025-08-26
ACC_000283,ACC_001498,198.29,2025-09-14
ACC_000283,ACC_001498,27.60,2025-08-31
ACC_000283,ACC_001498,3.67,2026-03-31
ACC_000283,ACC_001498,54.15,2026-04-17
ACC_000283,ACC_001498,7.91,2026-04-22
ACC_000283,ACC_001498,8.31,2025-09-05
ACC_000283,ACC_001499,10.74,2025-08-26
ACC_000283,ACC_001499,105.90,2025-12-18
ACC_000283,ACC_001499,109.35,2026-01-08
ACC_000283,ACC_001499,1145.27,2026-04-10
ACC_000283,ACC_001499,130.58,2026-04-05
ACC_000283,ACC_001499,131.05,2026-02-04
ACC_000283,ACC_001499,140.44,2026-04-18
ACC_000283,ACC_001499,142.06,2026-04-23
ACC_000283,ACC_001499,16.47,2026-02-25
ACC_000283,ACC_001499,160.60,2025-12-14
ACC_000283,ACC_001499,1726.59,2026-02-02
ACC_000283,ACC_001499,20.00,2026-02-06
ACC_000283,ACC_001499,203.96,2025-09-24
ACC_000283,ACC_001499,23.87,2026-04-29
ACC_000283,ACC_001499,235.35,2026-03-10
ACC_000283,ACC_001499,25.55,2026-04-30
ACC_000283,ACC_001499,254.69,2026-03-02
ACC_000283,ACC_001499,26.09,2026-02-07
ACC_000283,ACC_001499,293.42,2025-09-01
ACC_000283,ACC_001499,33.56,2025-11-22
ACC_000283,ACC_001499,39.43,2025-09-27
ACC_000283,ACC_001499,4.89,2025-09-29
ACC_000283,ACC_001499,41.21,2026-05-14
ACC_000283,ACC_001499,422.15,2026-01-11
ACC_000283,ACC_001499,5.94,2025-09-26
ACC_000283,ACC_001499,534.26,2025-07-31
ACC_000283,ACC_001499,58.74,2025-09-24
ACC_000283,ACC_001499,61.31,2026-05-24
ACC_000283,ACC_001499,66.27,2026-03-16
ACC_000283,ACC_001499,75.75,2025-08-10
ACC_000283,ACC_001499,77.28,2025-10-04
ACC_000283,ACC_001499,795.08,2026-02-04
ACC_000283,ACC_001499,797.26,2025-12-19
ACC_000283,ACC_001499,8.23,2026-05-20
ACC_000283,ACC_001499,875.23,2025-11-20
ACC_000283,ACC_001499,95.09,2026-05-24
ACC_000283,ACC_001499,95.71,2026-03-25
ACC_000283,ACC_001499,96.22,2025-09-26
ACC_000283,ACC_001499,98.26,2025-12-21
ACC_000283,ACC_001500,1104.50,2025-09-12
ACC_000283,ACC_001500,115.99,2026-02-06
ACC_000283,ACC_001500,123.45,2026-01-25
ACC_000283,ACC_001500,14.77,2025-09-13
ACC_000283,ACC_001500,15.22,2026-04-01
ACC_000283,ACC_001500,16.27,2026-03-25
ACC_000283,ACC_001500,18.85,2026-05-25
ACC_000283,ACC_001500,257.26,2026-01-02
ACC_000283,ACC_001500,32.00,2026-03-27
ACC_000283,ACC_001500,358.19,2026-04-13
ACC_000283,ACC_001500,373.27,2026-02-06
ACC_000283,ACC_001500,38.48,2025-11-03
ACC_000283,ACC_001500,382.44,2025-10-01
ACC_000283,ACC_001500,430.33,2025-09-25
ACC_000283,ACC_001500,46.15,2025-12-26
ACC_000283,ACC_001500,525.95,2025-12-15
ACC_000283,ACC_001500,56.84,2025-10-22
ACC_000283,ACC_001500,6.45,2026-06-04
ACC_000283,ACC_001500,63.45,2026-04-11
ACC_000283,ACC_001500,635.05,2026-05-23
ACC_000283,ACC_001500,658.14,2025-11-09
ACC_000283,ACC_001500,67.29,2026-03-09
ACC_000283,ACC_001500,67.60,2026-03-06
ACC_000283,ACC_001500,69.58,2026-01-07
ACC_000283,ACC_001500,7.27,2026-04-18
ACC_000283,ACC_001500,713.58,2025-10-03
ACC_000283,ACC_001500,721.66,2026-03-25
ACC_000283,ACC_001500,741.31,2025-11-25
ACC_000283,ACC_001500,80.64,2025-10-01
ACC_000283,ACC_001500,80.99,2025-12-09
ACC_000283,ACC_001500,9.01,2026-06-05
ACC_000283,ACC_001501,1129.82,2026-04-27
ACC_000283,ACC_001501,162.37,2026-05-06
ACC_000283,ACC_001501,205.98,2026-05-02
ACC_000283,ACC_001501,38.60,2025-09-06
ACC_000283,ACC_001501,481.57,2025-08-16
ACC_000283,ACC_001501,52.19,2025-08-13
ACC_000283,ACC_001510,270.60,2026-04-29
ACC_000283,ACC_001510,355.57,2026-01-03
ACC_000283,ACC_001510,41.20,2026-05-07
ACC_000283,ACC_001510,91.00,2026-03-31
ACC_000283,ACC_001511,33.62,2026-01-12
ACC_000283,ACC_001512,40.13,2025-07-25
ACC_000283,ACC_001513,354.66,2025-07-11
ACC_000283,ACC_001516,30.58,2026-01-27
ACC_000283,ACC_001516,368.57,2026-01-25
ACC_000283,ACC_001516,43.84,2026-01-19
ACC_000283,ACC_001519,1249.27,2026-05-23
ACC_000283,ACC_001519,67.93,2026-05-31
ACC_000283,ACC_001520,1308.72,2026-05-01
ACC_000283,ACC_001520,172.54,2026-04-10
ACC_000283,ACC_001520,69.68,2026-04-03
ACC_000283,ACC_001520,87.68,2026-05-21
ACC_000283,ACC_001522,13.24,2025-11-19
ACC_000283,ACC_001522,8.60,2025-11-03
ACC_000283,ACC_001522,85.26,2025-11-13
ACC_000283,ACC_001523,83.61,2025-08-29
ACC_000283,ACC_001528,2.75,2026-03-29
ACC_000283,ACC_001528,34.91,2026-04-19
ACC_000283,ACC_001528,4.28,2026-04-27
ACC_000283,ACC_001529,112.90,2026-03-29
ACC_000283,ACC_001529,590.23,2026-03-31
ACC_000283,ACC_001529,72.82,2026-03-29
ACC_000283,ACC_001539,101.06,2026-03-31
ACC_000283,ACC_001539,130.19,2026-05-26
ACC_000283,ACC_001539,23.88,2026-06-02
ACC_000283,ACC_001539,25.52,2026-06-01
ACC_000283,ACC_001542,111.09,2025-12-24
ACC_000283,ACC_001542,16.18,2026-04-11
ACC_000283,ACC_001542,26.09,2026-01-30
ACC_000283,ACC_001542,468.50,2026-02-13
ACC_000283,ACC_001542,477.35,2026-04-15
ACC_000283,ACC_001542,75.11,2025-12-14
ACC_000283,ACC_001542,76.86,2026-02-13
ACC_000283,ACC_001543,103.19,2026-03-14
ACC_000283,ACC_001543,25.21,2026-04-19
ACC_000283,ACC_001543,443.48,2026-02-09
ACC_000283,ACC_001543,66.09,2026-01-29
ACC_000283,ACC_001543,701.78,2025-12-21
ACC_000283,ACC_001543,839.25,2026-02-04
ACC_000283,ACC_001547,123.41,2026-05-03
ACC_000283,ACC_001547,14.53,2025-10-07
ACC_000283,ACC_001547,20.53,2026-05-05
ACC_000283,ACC_001547,5.27,2025-09-27
ACC_000283,ACC_001547,721.13,2025-12-23
ACC_000283,ACC_001547,78.68,2025-09-19
ACC_000283,ACC_001560,12.37,2026-02-02
ACC_000283,ACC_001560,134.13,2026-01-15
ACC_000283,ACC_001560,8.70,2026-01-29
ACC_000283,ACC_001561,159.38,2026-05-09
ACC_000283,ACC_001561,8.87,2026-05-16
ACC_000283,ACC_001566,114.21,2025-09-07
ACC_000283,ACC_001566,184.95,2025-09-16
ACC_000283,ACC_001566,19.74,2025-11-29
ACC_000283,ACC_001566,194.68,2025-11-14
ACC_000283,ACC_001566,218.88,2026-06-02
ACC_000283,ACC_001566,237.26,2026-05-29
ACC_000283,ACC_001566,26.47,2025-12-03
ACC_000283,ACC_001566,261.03,2025-11-18
ACC_000283,ACC_001566,485.66,2025-09-06
ACC_000283,ACC_001566,55.92,2025-09-03
ACC_000283,ACC_001566,90.56,2025-09-12
ACC_000283,ACC_001566,991.84,2025-09-10
ACC_000283,ACC_001572,525.47,2026-01-18
ACC_000283,ACC_001572,61.60,2025-09-17
ACC_000283,ACC_001585,176.17,2025-08-06
ACC_000283,ACC_001586,383.13,2025-08-10
ACC_000285,ACC_001431,177.00,2025-09-09
ACC_000286,ACC_001253,1415.85,2026-05-05
ACC_000286,ACC_001253,98.80,2026-05-26
ACC_000286,ACC_001545,52.68,2025-08-18
ACC_000286,ACC_001545,856.52,2025-08-07
ACC_000286,ACC_001545,94.40,2025-08-18
ACC_000287,ACC_001499,190.13,2025-07-26
ACC_000287,ACC_001499,27.69,2025-07-25
ACC_000289,ACC_001431,347.04,2026-03-19
ACC_000289,ACC_001431,37.48,2026-03-25
ACC_000289,ACC_001431,66.50,2026-03-31
ACC_000291,ACC_001431,13.54,2026-02-08
ACC_000291,ACC_001431,233.98,2026-02-01
ACC_000293,ACC_001449,687.63,2025-11-21
ACC_000299,ACC_001388,119.50,2025-11-01
ACC_000299,ACC_001388,18.63,2025-11-20
ACC_000299,ACC_001388,18.86,2025-11-25
ACC_000299,ACC_001572,19.40,2026-04-11
ACC_000299,ACC_001572,98.18,2026-03-25
ACC_000303,ACC_001372,68.13,2026-05-29
ACC_000303,ACC_001372,933.96,2026-05-24
ACC_000303,ACC_001431,14.46,2025-09-27
ACC_000303,ACC_001431,148.06,2025-09-04
ACC_000304,ACC_001431,1030.35,2026-03-25
ACC_000304,ACC_001431,153.65,2026-04-08
ACC_000306,ACC_001252,1331.79,2025-09-09
ACC_000306,ACC_001252,169.83,2025-09-11
ACC_000307,ACC_001431,41.30,2025-12-20
ACC_000308,ACC_001438,1438.26,2025-11-14
ACC_000311,ACC_001431,222.46,2025-12-02
ACC_000311,ACC_001431,33.40,2025-11-25
ACC_000312,ACC_001340,103.16,2025-08-24
ACC_000312,ACC_001340,16.25,2025-08-24
ACC_000312,ACC_001543,293.52,2025-09-07
ACC_000315,ACC_001333,582.79,2026-01-23
ACC_000315,ACC_001333,70.60,2026-01-12
ACC_000315,ACC_001333,77.42,2026-01-18
ACC_000315,ACC_001349,65.84,2025-09-12
ACC_000315,ACC_001349,7.38,2025-09-19
ACC_000315,ACC_001349,9.28,2025-10-05
ACC_000315,ACC_001431,106.12,2026-02-03
ACC_000315,ACC_001431,166.21,2026-04-29
ACC_000315,ACC_001431,23.65,2026-04-18
ACC_000315,ACC_001431,30.29,2026-05-02
ACC_000315,ACC_001431,413.51,2025-09-23
ACC_000315,ACC_001431,661.32,2026-01-26
ACC_000315,ACC_001431,71.46,2026-02-07
ACC_000315,ACC_001472,53.50,2026-05-10
ACC_000315,ACC_001473,5.87,2026-05-21
ACC_000316,ACC_001431,406.02,2026-02-01
ACC_000316,ACC_001438,13.66,2026-04-08
ACC_000316,ACC_001438,253.84,2026-04-26
ACC_000316,ACC_001484,16.68,2025-11-19
ACC_000316,ACC_001484,89.48,2025-11-17
ACC_000317,ACC_001291,15.43,2025-08-16
ACC_000317,ACC_001291,86.31,2025-07-20
ACC_000317,ACC_001431,4.94,2026-01-29
ACC_000317,ACC_001431,5.31,2026-02-04
ACC_000317,ACC_001431,59.81,2026-01-08
ACC_000317,ACC_001438,11.27,2025-12-26
ACC_000317,ACC_001438,59.00,2025-12-23
ACC_000317,ACC_001438,8.88,2025-12-30
ACC_000318,ACC_001431,111.13,2026-05-15
ACC_000318,ACC_001431,129.14,2026-02-01
ACC_000318,ACC_001431,17.31,2026-02-02
ACC_000318,ACC_001431,18.10,2026-05-02
ACC_000318,ACC_001431,20.41,2026-02-03
ACC_000319,ACC_001356,1030.62,2025-12-14
ACC_000319,ACC_001356,177.45,2025-11-29
ACC_000319,ACC_001366,1020.93,2026-05-04
ACC_000319,ACC_001366,117.58,2026-04-06
ACC_000319,ACC_001366,1196.48,2025-10-26
ACC_000319,ACC_001366,14.77,2026-03-03
ACC_000319,ACC_001366,145.17,2026-04-10
ACC_000319,ACC_001366,147.70,2026-05-11
ACC_000319,ACC_001366,1493.44,2026-02-16
ACC_000319,ACC_001366,1518.95,2025-12-25
ACC_000319,ACC_001366,1536.36,2026-05-04
ACC_000319,ACC_001366,1567.56,2026-05-08
ACC_000319,ACC_001366,1608.32,2025-09-06
ACC_000319,ACC_001366,165.61,2026-04-16
ACC_000319,ACC_001366,18.98,2026-02-27
ACC_000319,ACC_001366,187.00,2025-09-14
ACC_000319,ACC_001366,217.11,2026-03-07
ACC_000319,ACC_001366,218.80,2026-03-02
ACC_000319,ACC_001366,270.03,2026-04-20
ACC_000319,ACC_001366,279.30,2026-03-22
ACC_000319,ACC_001366,29.76,2026-03-03
ACC_000319,ACC_001366,292.96,2026-04-18
ACC_000319,ACC_001366,32.88,2026-02-05
ACC_000319,ACC_001366,327.47,2026-01-08
ACC_000319,ACC_001366,346.81,2026-02-16
ACC_000319,ACC_001366,36.93,2026-03-28
ACC_000319,ACC_001366,40.51,2026-05-06
ACC_000319,ACC_001366,41.00,2026-03-15
ACC_000319,ACC_001366,41.95,2026-05-10
ACC_000319,ACC_001366,415.28,2026-02-20
ACC_000319,ACC_001366,432.72,2025-09-23
ACC_000319,ACC_001366,437.25,2026-02-09
ACC_000319,ACC_001366,45.56,2026-05-14
ACC_000319,ACC_001366,45.59,2026-04-01
ACC_000319,ACC_001366,475.02,2026-04-14
ACC_000319,ACC_001366,48.20,2026-04-08
ACC_000319,ACC_001366,49.30,2026-01-01
ACC_000319,ACC_001366,55.26,2026-01-05
ACC_000319,ACC_001366,55.92,2026-02-04
ACC_000319,ACC_001366,639.65,2025-12-11
ACC_000319,ACC_001366,640.12,2026-03-19
ACC_000319,ACC_001366,681.06,2026-06-03
ACC_000319,ACC_001366,69.72,2025-09-20
ACC_000319,ACC_001366,70.57,2026-04-04
ACC_000319,ACC_001366,716.92,2025-12-15
ACC_000319,ACC_001366,72.93,2026-04-03
ACC_000319,ACC_001366,78.73,2026-04-10
ACC_000319,ACC_001366,790.30,2026-03-23
ACC_000319,ACC_001366,84.09,2026-03-06
ACC_000319,ACC_001366,87.28,2026-05-07
ACC_000319,ACC_001366,92.02,2025-11-20
ACC_000319,ACC_001366,92.10,2026-03-10
ACC_000319,ACC_001367,1084.52,2026-04-14
ACC_000319,ACC_001367,118.87,2026-04-20
ACC_000319,ACC_001367,1264.99,2026-03-01
ACC_000319,ACC_001367,1320.56,2025-09-17
ACC_000319,ACC_001367,136.17,2026-02-23
ACC_000319,ACC_001367,1403.71,2025-09-13
ACC_000319,ACC_001367,157.42,2025-11-24
ACC_000319,ACC_001367,162.17,2025-11-13
ACC_000319,ACC_001367,1683.40,2025-11-09
ACC_000319,ACC_001367,176.40,2026-02-20
ACC_000319,ACC_001367,1809.23,2026-02-25
ACC_000319,ACC_001367,185.29,2025-11-11
ACC_000319,ACC_001367,187.72,2026-02-27
ACC_000319,ACC_001367,19.70,2026-02-01
ACC_000319,ACC_001367,198.78,2025-09-10
ACC_000319,ACC_001367,202.60,2026-03-18
ACC_000319,ACC_001367,205.51,2026-03-11
ACC_000319,ACC_001367,2058.89,2026-02-20
ACC_000319,ACC_001367,224.38,2025-11-07
ACC_000319,ACC_001367,226.69,2026-02-16
ACC_000319,ACC_001367,24.98,2026-05-10
ACC_000319,ACC_001367,2445.17,2025-09-10
ACC_000319,ACC_001367,2599.86,2026-05-08
ACC_000319,ACC_001367,261.98,2026-02-05
ACC_000319,ACC_001367,277.44,2025-11-17
ACC_000319,ACC_001367,28.17,2026-03-07
ACC_000319,ACC_001367,284.62,2025-09-19
ACC_000319,ACC_001367,312.93,2026-02-26
ACC_000319,ACC_001367,33.51,2026-01-31
ACC_000319,ACC_001367,370.14,2026-05-17
ACC_000319,ACC_001367,391.45,2026-05-30
ACC_000319,ACC_001367,395.40,2026-04-16
ACC_000319,ACC_001367,400.36,2026-05-13
ACC_000319,ACC_001367,43.32,2026-03-11
ACC_000319,ACC_001367,45.38,2026-05-06
ACC_000319,ACC_001367,450.40,2026-01-04
ACC_000319,ACC_001367,47.20,2026-06-06
ACC_000319,ACC_001367,56.51,2026-04-14
ACC_000319,ACC_001367,668.72,2026-03-08
ACC_000319,ACC_001367,703.87,2026-03-30
ACC_000319,ACC_001367,732.41,2026-03-12
ACC_000319,ACC_001367,74.10,2025-09-16
ACC_000319,ACC_001367,75.75,2026-03-20
ACC_000319,ACC_001367,778.44,2026-04-18
ACC_000319,ACC_001367,79.26,2026-05-18
ACC_000319,ACC_001367,82.12,2026-06-10
ACC_000319,ACC_001367,859.19,2026-04-03
ACC_000319,ACC_001367,89.03,2026-04-07
ACC_000319,ACC_001367,92.46,2026-03-24
ACC_000319,ACC_001367,970.91,2025-12-21
ACC_000319,ACC_001367,983.98,2025-11-05
ACC_000319,ACC_001367,988.03,2025-10-30
ACC_000319,ACC_001374,617.24,2025-10-19
ACC_000319,ACC_001542,372.94,2025-11-13
ACC_000319,ACC_001542,53.02,2025-11-12
ACC_000319,ACC_001543,51.74,2025-11-25
ACC_000320,ACC_001253,39.04,2026-04-17
ACC_000320,ACC_001253,599.81,2026-04-23
ACC_000320,ACC_001366,1036.49,2025-11-06
ACC_000320,ACC_001366,104.46,2026-03-23
ACC_000320,ACC_001366,104.98,2026-01-10
ACC_000320,ACC_001366,105.39,2025-10-05
ACC_000320,ACC_001366,11.96,2026-01-23
ACC_000320,ACC_001366,111.30,2025-08-13
ACC_000320,ACC_001366,112.99,2026-03-26
ACC_000320,ACC_001366,13.21,2025-07-17
ACC_000320,ACC_001366,1301.85,2025-09-28
ACC_000320,ACC_001366,1305.36,2026-03-10
ACC_000320,ACC_001366,1314.93,2026-02-04
ACC_000320,ACC_001366,136.94,2026-05-26
ACC_000320,ACC_001366,1405.18,2025-07-26
ACC_000320,ACC_001366,153.46,2025-09-24
ACC_000320,ACC_001366,156.03,2026-03-30
ACC_000320,ACC_001366,16.35,2026-01-19
ACC_000320,ACC_001366,1634.35,2026-01-20
ACC_000320,ACC_001366,166.60,2025-10-27
ACC_000320,ACC_001366,168.64,2026-01-09
ACC_000320,ACC_001366,1708.10,2025-10-25
ACC_000320,ACC_001366,1868.25,2026-01-31
ACC_000320,ACC_001366,19.84,2025-07-21
ACC_000320,ACC_001366,191.00,2025-10-23
ACC_000320,ACC_001366,1919.24,2025-11-19
ACC_000320,ACC_001366,2097.17,2025-10-02
ACC_000320,ACC_001366,216.11,2026-01-02
ACC_000320,ACC_001366,2173.86,2025-11-09
ACC_000320,ACC_001366,23.93,2025-07-23
ACC_000320,ACC_001366,2485.54,2025-12-25
ACC_000320,ACC_001366,25.87,2025-10-11
ACC_000320,ACC_001366,258.77,2026-06-02
ACC_000320,ACC_001366,289.72,2025-08-05
ACC_000320,ACC_001366,318.13,2025-12-10
ACC_000320,ACC_001366,338.21,2025-07-10
ACC_000320,ACC_001366,342.94,2025-12-16
ACC_000320,ACC_001366,392.94,2026-05-29
ACC_000320,ACC_001366,424.85,2025-12-12
ACC_000320,ACC_001366,487.86,2026-05-20
ACC_000320,ACC_001366,50.16,2025-12-16
ACC_000320,ACC_001366,580.25,2026-05-19
ACC_000320,ACC_001366,582.71,2025-08-24
ACC_000320,ACC_001366,608.72,2025-12-04
ACC_000320,ACC_001366,617.23,2025-08-28
ACC_000320,ACC_001366,62.13,2025-12-12
ACC_000320,ACC_001366,65.42,2025-10-01
ACC_000320,ACC_001366,70.75,2025-07-31
ACC_000320,ACC_001366,723.86,2025-09-17
ACC_000320,ACC_001366,73.30,2025-08-04
ACC_000320,ACC_001366,75.64,2026-03-19
ACC_000320,ACC_001366,805.16,2026-05-24
ACC_000320,ACC_001366,82.98,2026-05-22
ACC_000320,ACC_001366,834.99,2026-05-23
ACC_000320,ACC_001366,86.74,2025-09-19
ACC_000320,ACC_001366,899.99,2025-12-08
ACC_000320,ACC_001366,904.07,2025-11-10
ACC_000320,ACC_001366,95.28,2025-10-17
ACC_000320,ACC_001366,963.78,2025-08-05
ACC_000320,ACC_001367,115.30,2025-08-17
ACC_000320,ACC_001367,117.98,2025-09-23
ACC_000320,ACC_001367,1364.26,2025-10-21
ACC_000320,ACC_001367,142.13,2025-12-03
ACC_000320,ACC_001367,1455.78,2025-07-30
ACC_000320,ACC_001367,1491.39,2025-11-05
ACC_000320,ACC_001367,1514.51,2025-08-09
ACC_000320,ACC_001367,1802.64,2026-03-14
ACC_000320,ACC_001367,187.46,2026-01-17
ACC_000320,ACC_001367,187.51,2025-11-16
ACC_000320,ACC_001367,188.38,2025-12-06
ACC_000320,ACC_001367,192.93,2025-08-01
ACC_000320,ACC_001367,20.57,2026-05-15
ACC_000320,ACC_001367,22.33,2026-01-03
ACC_000320,ACC_001367,239.69,2025-12-07
ACC_000320,ACC_001367,247.21,2025-09-28
ACC_000320,ACC_001367,251.62,2026-02-04
ACC_000320,ACC_001367,27.67,2025-12-30
ACC_000320,ACC_001367,293.02,2026-01-13
ACC_000320,ACC_001367,30.76,2025-10-07
ACC_000320,ACC_001367,31.24,2026-05-11
ACC_000320,ACC_001367,316.65,2025-11-20
ACC_000320,ACC_001367,3241.08,2025-11-23
ACC_000320,ACC_001367,325.71,2026-01-21
ACC_000320,ACC_001367,35.94,2025-07-27
ACC_000320,ACC_001367,357.50,2026-01-31
ACC_000320,ACC_001367,372.48,2026-01-06
ACC_000320,ACC_001367,38.60,2025-08-03
ACC_000320,ACC_001367,399.22,2025-12-25
ACC_000320,ACC_001367,4191.65,2025-12-29
ACC_000320,ACC_001367,499.90,2025-10-09
ACC_000320,ACC_001367,526.60,2026-04-06
ACC_000320,ACC_001367,532.23,2025-09-13
ACC_000320,ACC_001367,550.45,2026-04-10
ACC_000320,ACC_001367,553.47,2025-07-14
ACC_000320,ACC_001367,594.49,2025-10-05
ACC_000320,ACC_001367,63.17,2025-08-07
ACC_000320,ACC_001367,673.26,2025-12-29
ACC_000320,ACC_001367,76.82,2026-01-14
ACC_000320,ACC_001367,80.12,2025-10-21
ACC_000320,ACC_001367,940.63,2026-01-16
ACC_000320,ACC_001431,1298.45,2025-12-19
ACC_000320,ACC_001431,950.88,2026-01-31
ACC_000320,ACC_001499,130.77,2025-10-19
ACC_000321,ACC_001257,128.75,2025-08-26
ACC_000321,ACC_001257,24.30,2025-09-04
ACC_000321,ACC_001366,1077.48,2026-03-06
ACC_000321,ACC_001366,125.10,2025-08-01
ACC_000321,ACC_001366,1323.40,2026-04-05
ACC_000321,ACC_001366,1371.63,2026-01-29
ACC_000321,ACC_001366,14.92,2026-05-20
ACC_000321,ACC_001366,167.44,2026-04-18
ACC_000321,ACC_001366,1683.17,2026-03-10
ACC_000321,ACC_001366,1854.30,2025-11-28
ACC_000321,ACC_001366,213.74,2026-06-05
ACC_000321,ACC_001366,234.53,2026-04-22
ACC_000321,ACC_001366,25.12,2025-12-27
ACC_000321,ACC_001366,264.68,2026-05-22
ACC_000321,ACC_001366,283.86,2025-12-22
ACC_000321,ACC_001366,33.20,2026-04-26
ACC_000321,ACC_001366,351.94,2025-09-11
ACC_000321,ACC_001366,361.57,2025-12-21
ACC_000321,ACC_001366,365.67,2026-06-09
ACC_000321,ACC_001366,41.06,2026-06-12
ACC_000321,ACC_001366,464.74,2026-05-07
ACC_000321,ACC_001366,484.12,2025-09-11
ACC_000321,ACC_001366,58.31,2025-09-03
ACC_000321,ACC_001366,61.45,2025-08-27
ACC_000321,ACC_001366,61.55,2026-05-27
ACC_000321,ACC_001366,640.16,2025-08-29
ACC_000321,ACC_001366,70.24,2026-06-16
ACC_000321,ACC_001366,705.04,2025-11-07
ACC_000321,ACC_001366,710.81,2026-05-26
ACC_000321,ACC_001366,726.41,2025-09-02
ACC_000321,ACC_001366,799.79,2025-11-03
ACC_000321,ACC_001366,849.99,2026-03-10
ACC_000321,ACC_001366,86.84,2026-04-27
ACC_000321,ACC_001366,921.72,2026-03-06
ACC_000321,ACC_001366,94.74,2025-08-20
ACC_000321,ACC_001366,99.83,2025-07-28
ACC_000321,ACC_001367,120.12,2026-05-01
ACC_000321,ACC_001367,1241.00,2026-02-02
ACC_000321,ACC_001367,13.76,2026-05-24
ACC_000321,ACC_001367,1399.26,2025-11-24
ACC_000321,ACC_001367,147.32,2026-03-09
ACC_000321,ACC_001367,159.75,2026-03-05
ACC_000321,ACC_001367,167.12,2026-04-28
ACC_000321,ACC_001367,174.10,2026-03-05
ACC_000321,ACC_001367,1853.68,2026-04-09
ACC_000321,ACC_001367,19.88,2026-05-02
ACC_000321,ACC_001367,214.20,2025-12-18
ACC_000321,ACC_001367,219.50,2025-09-15
ACC_000321,ACC_001367,227.68,2026-04-24
ACC_000321,ACC_001367,27.09,2026-04-28
ACC_000321,ACC_001367,271.98,2026-03-09
ACC_000321,ACC_001367,287.02,2026-05-18
ACC_000321,ACC_001367,29.00,2025-12-31
ACC_000321,ACC_001367,313.19,2025-12-17
ACC_000321,ACC_001367,35.98,2026-05-23
ACC_000321,ACC_001367,36.37,2025-09-07
ACC_000321,ACC_001367,372.79,2025-09-15
ACC_000321,ACC_001367,421.04,2026-05-30
ACC_000321,ACC_001367,45.22,2026-04-22
ACC_000321,ACC_001367,54.60,2025-12-12
ACC_000321,ACC_001367,576.56,2025-08-21
ACC_000321,ACC_001367,63.03,2025-12-16
ACC_000321,ACC_001367,642.86,2026-05-11
ACC_000321,ACC_001367,68.56,2026-04-10
ACC_000321,ACC_001367,722.54,2025-08-25
ACC_000321,ACC_001367,75.60,2025-08-16
ACC_000321,ACC_001367,79.80,2025-08-23
ACC_000321,ACC_001367,96.03,2026-04-14
ACC_000321,ACC_001499,2479.78,2025-11-11
ACC_000322,ACC_001301,172.50,2026-03-19
ACC_000322,ACC_001301,21.47,2026-03-28
ACC_000322,ACC_001301,5.99,2026-03-01
ACC_000322,ACC_001301,52.46,2026-03-16
ACC_000322,ACC_001301,7.35,2026-03-18
ACC_000322,ACC_001372,529.22,2025-07-27
ACC_000322,ACC_001431,512.06,2025-09-03
ACC_000323,ACC_001294,207.88,2025-08-26
ACC_000323,ACC_001294,23.69,2025-09-20
ACC_000323,ACC_001431,896.91,2026-03-29
ACC_000323,ACC_001499,2.13,2026-02-08
ACC_000323,ACC_001500,29.08,2026-02-04
ACC_000323,ACC_001500,3.85,2026-01-17
ACC_000323,ACC_001510,250.74,2026-02-19
ACC_000323,ACC_001511,39.25,2026-02-12
ACC_000323,ACC_001511,45.42,2026-02-09
ACC_000324,ACC_001263,2.81,2025-08-07
ACC_000324,ACC_001263,8.99,2025-07-20
ACC_000324,ACC_001264,52.94,2025-07-15
ACC_000324,ACC_001339,351.26,2025-12-07
ACC_000324,ACC_001340,67.95,2025-12-05
ACC_000329,ACC_001431,122.98,2025-07-17
ACC_000329,ACC_001431,8.37,2025-08-04
ACC_000330,ACC_001501,798.74,2026-03-16
ACC_000330,ACC_001501,95.17,2026-03-19
ACC_000330,ACC_001537,14.96,2026-03-03
ACC_000330,ACC_001537,261.08,2026-03-07
ACC_000331,ACC_001294,56.06,2026-05-12
ACC_000331,ACC_001294,567.08,2026-05-08
ACC_000331,ACC_001294,81.86,2026-05-06
ACC_000331,ACC_001301,210.69,2026-04-21
ACC_000331,ACC_001301,31.58,2026-04-12
ACC_000331,ACC_001339,29.22,2026-05-09
ACC_000331,ACC_001339,448.81,2026-05-11
ACC_000331,ACC_001349,281.01,2025-11-19
ACC_000331,ACC_001365,438.29,2026-04-23
ACC_000331,ACC_001372,50.99,2026-05-12
ACC_000331,ACC_001372,7.62,2026-05-13
ACC_000331,ACC_001372,7.85,2026-05-20
ACC_000331,ACC_001388,270.38,2026-05-05
ACC_000331,ACC_001388,54.06,2026-05-21
ACC_000331,ACC_001398,209.54,2025-09-10
ACC_000331,ACC_001431,13.35,2026-02-14
ACC_000331,ACC_001431,152.20,2026-02-04
ACC_000331,ACC_001431,20.58,2026-04-14
ACC_000331,ACC_001431,216.55,2025-10-30
ACC_000331,ACC_001431,242.43,2025-09-03
ACC_000331,ACC_001431,25.94,2026-04-26
ACC_000331,ACC_001431,255.70,2026-03-07
ACC_000331,ACC_001431,265.58,2025-12-29
ACC_000331,ACC_001431,28.65,2026-02-14
ACC_000331,ACC_001431,280.20,2026-05-08
ACC_000331,ACC_001431,3.33,2025-11-06
ACC_000331,ACC_001431,305.46,2026-04-12
ACC_000331,ACC_001431,310.22,2025-12-25
ACC_000331,ACC_001431,32.16,2025-09-07
ACC_000331,ACC_001431,339.04,2025-12-31
ACC_000331,ACC_001431,34.58,2025-12-17
ACC_000331,ACC_001431,343.81,2025-09-22
ACC_000331,ACC_001431,374.35,2025-07-31
ACC_000331,ACC_001431,38.04,2025-11-14
ACC_000331,ACC_001431,39.90,2025-11-05
ACC_000331,ACC_001431,4.17,2025-12-02
ACC_000331,ACC_001431,4.22,2025-11-26
ACC_000331,ACC_001431,404.34,2026-04-01
ACC_000331,ACC_001431,421.56,2026-04-27
ACC_000331,ACC_001431,43.65,2025-07-30
ACC_000331,ACC_001431,46.08,2026-04-11
ACC_000331,ACC_001431,470.37,2026-02-17
ACC_000331,ACC_001431,481.06,2026-02-13
ACC_000331,ACC_001431,51.64,2026-03-10
ACC_000331,ACC_001431,54.63,2026-05-02
ACC_000331,ACC_001431,540.60,2026-03-09
ACC_000331,ACC_001431,55.17,2025-08-09
ACC_000331,ACC_001431,55.89,2025-10-05
ACC_000331,ACC_001431,57.51,2026-03-30
ACC_000331,ACC_001431,7.61,2025-10-25
ACC_000331,ACC_001431,85.02,2026-02-15
ACC_000331,ACC_001438,102.94,2025-12-24
ACC_000331,ACC_001438,109.10,2026-02-17
ACC_000331,ACC_001438,14.77,2026-02-17
ACC_000331,ACC_001438,32.85,2025-12-14
ACC_000331,ACC_001438,5.24,2026-01-02
ACC_000331,ACC_001438,545.17,2025-12-26
ACC_000331,ACC_001438,8.52,2026-02-18
ACC_000331,ACC_001442,31.35,2025-08-31
ACC_000331,ACC_001443,458.23,2025-09-13
ACC_000331,ACC_001464,93.00,2025-12-02
ACC_000331,ACC_001465,11.10,2025-12-09
ACC_000331,ACC_001472,156.49,2026-03-19
ACC_000331,ACC_001472,27.71,2025-12-11
ACC_000331,ACC_001472,9.23,2026-04-14
ACC_000331,ACC_001473,174.27,2025-11-17
ACC_000331,ACC_001484,12.14,2025-10-02
ACC_000331,ACC_001484,64.88,2025-10-03
ACC_000331,ACC_001484,7.65,2025-10-24
ACC_000331,ACC_001499,14.92,2026-02-16
ACC_000331,ACC_001499,451.18,2026-05-14
ACC_000331,ACC_001499,651.03,2025-08-31
ACC_000331,ACC_001499,82.58,2025-09-14
ACC_000331,ACC_001500,157.87,2026-01-23
ACC_000331,ACC_001500,350.85,2025-11-13
ACC_000331,ACC_001500,38.14,2025-11-15
ACC_000331,ACC_001500,57.63,2025-11-08
ACC_000331,ACC_001542,48.18,2026-01-18
ACC_000331,ACC_001542,531.60,2025-12-25
ACC_000331,ACC_001543,150.86,2025-07-30
ACC_000331,ACC_001543,83.60,2026-01-16
ACC_000331,ACC_001546,27.84,2025-08-16
ACC_000331,ACC_001546,272.36,2025-08-07
ACC_000331,ACC_001546,32.77,2025-08-25
ACC_000331,ACC_001561,272.53,2025-10-09
ACC_000331,ACC_001561,46.65,2025-10-02
ACC_000332,ACC_001231,228.43,2026-02-09
ACC_000332,ACC_001234,3.17,2026-01-03
ACC_000332,ACC_001234,54.93,2025-12-23
ACC_000332,ACC_001304,12.88,2026-06-05
ACC_000332,ACC_001304,85.58,2026-05-26
ACC_000332,ACC_001305,7.88,2026-05-21
ACC_000332,ACC_001348,134.24,2025-09-29
ACC_000332,ACC_001348,148.81,2025-10-23
ACC_000332,ACC_001348,16.26,2025-10-22
ACC_000332,ACC_001348,18.50,2025-10-23
ACC_000332,ACC_001348,22.59,2025-11-03
ACC_000332,ACC_001348,7.39,2025-09-29
ACC_000332,ACC_001372,10.36,2025-09-09
ACC_000332,ACC_001372,12.60,2025-09-14
ACC_000332,ACC_001372,259.47,2025-11-26
ACC_000332,ACC_001372,41.77,2025-12-26
ACC_000332,ACC_001372,59.89,2026-05-21
ACC_000332,ACC_001372,71.09,2025-09-15
ACC_000332,ACC_001384,310.92,2025-10-03
ACC_000332,ACC_001384,41.26,2025-10-27
ACC_000332,ACC_001384,50.74,2025-10-22
ACC_000332,ACC_001388,13.27,2026-06-03
ACC_000332,ACC_001388,55.05,2026-02-22
ACC_000332,ACC_001388,87.29,2026-05-22
ACC_000332,ACC_001406,114.65,2026-03-02
ACC_000332,ACC_001418,114.53,2026-05-05
ACC_000332,ACC_001418,94.80,2026-04-15
ACC_000332,ACC_001419,647.36,2026-05-06
ACC_000332,ACC_001431,10.97,2026-04-07
ACC_000332,ACC_001431,119.63,2026-04-04
ACC_000332,ACC_001431,13.58,2025-09-18
ACC_000332,ACC_001431,133.38,2026-03-03
ACC_000332,ACC_001431,17.59,2025-09-08
ACC_000332,ACC_001431,180.61,2026-01-22
ACC_000332,ACC_001431,2.44,2026-04-30
ACC_000332,ACC_001431,212.96,2026-04-06
ACC_000332,ACC_001431,24.76,2026-03-20
ACC_000332,ACC_001431,25.79,2026-05-25
ACC_000332,ACC_001431,254.28,2025-09-22
ACC_000332,ACC_001431,3.02,2026-05-19
ACC_000332,ACC_001431,323.86,2026-05-18
ACC_000332,ACC_001431,355.48,2026-05-16
ACC_000332,ACC_001431,36.80,2025-10-04
ACC_000332,ACC_001431,4.73,2026-05-09
ACC_000332,ACC_001431,405.79,2025-10-25
ACC_000332,ACC_001431,41.10,2026-04-28
ACC_000332,ACC_001431,433.53,2026-04-17
ACC_000332,ACC_001431,5.07,2025-10-11
ACC_000332,ACC_001431,50.23,2026-04-24
ACC_000332,ACC_001431,523.75,2025-12-04
ACC_000332,ACC_001431,523.96,2025-10-25
ACC_000332,ACC_001431,55.75,2026-03-10
ACC_000332,ACC_001431,58.78,2026-01-16
ACC_000332,ACC_001431,6.59,2026-05-06
ACC_000332,ACC_001431,6.87,2026-03-06
ACC_000332,ACC_001431,61.70,2025-11-15
ACC_000332,ACC_001431,66.47,2026-05-16
ACC_000332,ACC_001431,672.67,2026-03-19
ACC_000332,ACC_001431,68.34,2025-10-28
ACC_000332,ACC_001431,69.50,2026-04-29
ACC_000332,ACC_001431,7.29,2026-05-25
ACC_000332,ACC_001431,7.67,2026-03-02
ACC_000332,ACC_001431,76.08,2026-03-15
ACC_000332,ACC_001431,8.95,2026-04-30
ACC_000332,ACC_001431,836.39,2025-11-15
ACC_000332,ACC_001431,904.05,2026-01-05
ACC_000332,ACC_001431,98.16,2025-09-12
ACC_000332,ACC_001438,1.90,2026-04-26
ACC_000332,ACC_001438,2.48,2026-04-24
ACC_000332,ACC_001438,36.34,2026-04-10
ACC_000332,ACC_001449,276.84,2026-01-28
ACC_000332,ACC_001449,50.25,2026-02-18
ACC_000332,ACC_001484,12.41,2026-01-19
ACC_000332,ACC_001484,12.82,2026-01-16
ACC_000332,ACC_001484,5.93,2025-09-19
ACC_000332,ACC_001484,51.74,2025-08-13
ACC_000332,ACC_001484,57.19,2025-08-27
ACC_000332,ACC_001484,7.51,2025-08-05
ACC_000332,ACC_001484,7.60,2025-09-25
ACC_000332,ACC_001484,80.24,2026-01-12
ACC_000332,ACC_001491,230.14,2026-05-03
ACC_000332,ACC_001491,44.74,2026-05-12
ACC_000332,ACC_001492,29.25,2026-05-02
ACC_000332,ACC_001499,23.91,2026-01-19
ACC_000332,ACC_001499,292.23,2026-01-29
ACC_000332,ACC_001499,427.71,2026-04-18
ACC_000332,ACC_001499,82.52,2026-02-06
ACC_000332,ACC_001499,92.43,2026-02-25
ACC_000332,ACC_001500,11.48,2026-02-18
ACC_000332,ACC_001500,291.93,2026-05-06
ACC_000332,ACC_001500,41.43,2026-04-29
ACC_000332,ACC_001536,361.70,2026-04-08
ACC_000332,ACC_001536,70.80,2026-03-16
ACC_000332,ACC_001572,112.51,2025-12-24
ACC_000332,ACC_001572,83.92,2025-11-28
ACC_000332,ACC_001572,858.94,2025-12-20
ACC_000333,ACC_001252,140.07,2025-11-08
ACC_000333,ACC_001252,20.79,2025-11-20
ACC_000333,ACC_001252,41.13,2026-03-07
ACC_000333,ACC_001252,627.58,2026-03-04
ACC_000333,ACC_001252,81.02,2026-03-03
ACC_000333,ACC_001253,36.74,2025-09-07
ACC_000333,ACC_001274,210.36,2026-05-28
ACC_000333,ACC_001274,38.74,2026-06-01
ACC_000333,ACC_001291,14.60,2025-10-11
ACC_000333,ACC_001291,220.98,2025-09-26
ACC_000333,ACC_001339,338.59,2025-12-28
ACC_000333,ACC_001339,45.97,2025-12-27
ACC_000333,ACC_001349,206.08,2026-05-19
ACC_000333,ACC_001349,574.97,2025-11-21
ACC_000333,ACC_001350,6.98,2026-02-06
ACC_000333,ACC_001350,66.99,2026-02-05
ACC_000333,ACC_001354,97.80,2026-05-29
ACC_000333,ACC_001355,27.00,2026-05-25
ACC_000333,ACC_001355,348.84,2026-03-24
ACC_000333,ACC_001355,387.79,2026-04-28
ACC_000333,ACC_001355,470.13,2025-10-30
ACC_000333,ACC_001355,55.35,2026-05-25
ACC_000333,ACC_001365,11.82,2026-06-15
ACC_000333,ACC_001365,14.16,2026-05-17
ACC_000333,ACC_001365,96.44,2026-05-14
ACC_000333,ACC_001371,244.76,2026-01-17
ACC_000333,ACC_001372,134.37,2025-12-23
ACC_000333,ACC_001372,63.11,2026-05-05
ACC_000333,ACC_001372,908.99,2026-05-15
ACC_000333,ACC_001374,13.34,2025-11-21
ACC_000333,ACC_001374,43.69,2025-12-13
ACC_000333,ACC_001375,5.21,2025-12-16
ACC_000333,ACC_001375,69.05,2025-11-29
ACC_000333,ACC_001388,106.87,2026-05-15
ACC_000333,ACC_001388,3.65,2026-03-18
ACC_000333,ACC_001388,388.49,2025-09-02
ACC_000333,ACC_001388,52.00,2026-03-10
ACC_000333,ACC_001388,8.11,2026-05-18
ACC_000333,ACC_001395,371.12,2026-02-04
ACC_000333,ACC_001395,59.74,2026-02-04
ACC_000333,ACC_001419,444.28,2025-11-18
ACC_000333,ACC_001431,1.49,2025-09-04
ACC_000333,ACC_001431,10.47,2026-02-11
ACC_000333,ACC_001431,101.68,2025-11-13
ACC_000333,ACC_001431,11.71,2026-02-18
ACC_000333,ACC_001431,110.05,2026-03-05
ACC_000333,ACC_001431,118.67,2026-02-11
ACC_000333,ACC_001431,12.55,2025-08-06
ACC_000333,ACC_001431,13.86,2025-11-29
ACC_000333,ACC_001431,14.84,2026-05-28
ACC_000333,ACC_001431,21.21,2026-02-27
ACC_000333,ACC_001431,221.40,2025-08-08
ACC_000333,ACC_001431,228.29,2026-03-31
ACC_000333,ACC_001431,249.87,2025-12-03
ACC_000333,ACC_001431,25.62,2025-08-24
ACC_000333,ACC_001431,25.63,2025-08-25
ACC_000333,ACC_001431,260.28,2026-02-17
ACC_000333,ACC_001431,29.27,2026-03-12
ACC_000333,ACC_001431,344.69,2025-08-01
ACC_000333,ACC_001431,372.53,2025-09-11
ACC_000333,ACC_001431,38.78,2026-01-14
ACC_000333,ACC_001431,4.22,2025-10-21
ACC_000333,ACC_001431,4.33,2025-09-18
ACC_000333,ACC_001431,444.42,2026-03-06
ACC_000333,ACC_001431,455.01,2026-05-22
ACC_000333,ACC_001431,46.08,2026-04-14
ACC_000333,ACC_001431,47.48,2026-05-27
ACC_000333,ACC_001431,5.10,2026-04-10
ACC_000333,ACC_001431,5.20,2025-10-13
ACC_000333,ACC_001431,50.08,2025-10-07
ACC_000333,ACC_001431,56.14,2025-08-04
ACC_000333,ACC_001431,57.90,2025-10-04
ACC_000333,ACC_001431,6.22,2026-05-20
ACC_000333,ACC_001431,67.95,2025-08-04
ACC_000333,ACC_001431,74.80,2026-04-27
ACC_000333,ACC_001431,75.97,2025-10-10
ACC_000333,ACC_001431,8.90,2026-04-21
ACC_000333,ACC_001431,88.77,2026-05-22
ACC_000333,ACC_001438,459.66,2025-10-16
ACC_000333,ACC_001438,63.80,2025-10-23
ACC_000333,ACC_001438,85.63,2025-10-26
ACC_000333,ACC_001482,56.48,2025-10-26
ACC_000333,ACC_001482,9.29,2025-10-26
ACC_000333,ACC_001483,6.69,2025-10-24
ACC_000333,ACC_001483,6.92,2025-10-01
ACC_000333,ACC_001483,98.67,2025-10-14
ACC_000333,ACC_001485,17.85,2026-05-01
ACC_000333,ACC_001485,174.85,2026-04-27
ACC_000333,ACC_001485,25.76,2026-04-19
ACC_000333,ACC_001485,430.48,2026-01-13
ACC_000333,ACC_001485,75.45,2026-01-17
ACC_000333,ACC_001485,83.86,2026-01-12
ACC_000333,ACC_001498,38.49,2026-05-19
ACC_000333,ACC_001498,5.74,2026-05-18
ACC_000333,ACC_001498,6.01,2026-05-16
ACC_000333,ACC_001500,1214.85,2025-11-29
ACC_000333,ACC_001526,125.77,2025-07-23
ACC_000333,ACC_001526,8.53,2025-08-06
ACC_000333,ACC_001543,64.01,2025-09-14
ACC_000333,ACC_001572,5.25,2025-12-05
ACC_000333,ACC_001572,5.85,2025-12-09
ACC_000333,ACC_001572,61.91,2025-11-24
ACC_000340,ACC_001233,13.65,2026-02-22
ACC_000340,ACC_001233,40.04,2026-03-01
ACC_000340,ACC_001234,202.38,2026-02-17
ACC_000340,ACC_001372,2168.10,2026-02-22
ACC_000340,ACC_001372,527.79,2026-05-27
ACC_000340,ACC_001372,67.50,2026-05-13
ACC_000340,ACC_001388,1738.95,2025-11-11
ACC_000340,ACC_001388,245.30,2025-11-06
ACC_000340,ACC_001388,245.52,2025-11-10
ACC_000340,ACC_001431,342.94,2025-09-20
ACC_000340,ACC_001499,17.85,2026-01-27
ACC_000340,ACC_001499,220.11,2026-02-06
ACC_000340,ACC_001499,880.19,2025-07-31
ACC_000340,ACC_001499,93.68,2025-08-20
ACC_000340,ACC_001500,14.73,2026-02-08
ACC_000340,ACC_001500,169.85,2025-07-26
ACC_000340,ACC_001500,64.37,2025-08-12
ACC_000340,ACC_001500,889.01,2025-08-26
ACC_000340,ACC_001500,93.20,2025-08-02
ACC_000344,ACC_001498,222.25,2025-09-05
ACC_000345,ACC_001397,84.41,2025-09-20
ACC_000345,ACC_001397,997.81,2025-09-27
ACC_000345,ACC_001431,115.01,2026-03-19
ACC_000345,ACC_001431,168.24,2025-12-22
ACC_000345,ACC_001431,20.07,2026-04-02
ACC_000345,ACC_001431,9.10,2026-03-24
ACC_000348,ACC_001516,39.85,2025-08-14
ACC_000348,ACC_001516,624.45,2025-08-11
ACC_000353,ACC_001348,316.90,2025-08-31
ACC_000353,ACC_001349,17.38,2025-09-26
ACC_000353,ACC_001349,34.53,2025-09-29
ACC_000356,ACC_001374,1090.77,2026-03-04
ACC_000356,ACC_001374,214.00,2026-03-14
ACC_000357,ACC_001372,164.82,2026-05-26
ACC_000357,ACC_001372,620.17,2026-05-05
ACC_000357,ACC_001372,81.34,2026-05-05
ACC_000358,ACC_001431,293.66,2025-12-05
ACC_000359,ACC_001299,791.14,2025-08-09
ACC_000359,ACC_001431,14.99,2025-08-04
ACC_000359,ACC_001431,173.89,2025-07-29
ACC_000359,ACC_001431,239.47,2025-11-04
ACC_000359,ACC_001431,8.93,2025-08-16
ACC_000359,ACC_001434,99.00,2025-07-10
ACC_000359,ACC_001435,14.10,2025-07-25
ACC_000360,ACC_001431,106.31,2025-08-30
ACC_000360,ACC_001431,18.10,2025-09-08
ACC_000360,ACC_001431,7.36,2025-09-03
ACC_000361,ACC_001372,15.13,2025-10-15
ACC_000361,ACC_001372,83.85,2025-10-15
ACC_000361,ACC_001499,64.36,2025-07-19
ACC_000365,ACC_001431,492.93,2025-10-16
ACC_000365,ACC_001431,51.39,2025-11-04
ACC_000366,ACC_001269,711.42,2025-11-26
ACC_000366,ACC_001485,12.46,2025-09-11
ACC_000366,ACC_001485,68.50,2025-09-24
ACC_000366,ACC_001485,8.49,2025-09-30
ACC_000367,ACC_001309,11.89,2025-10-23
ACC_000367,ACC_001309,6.85,2025-10-19
ACC_000367,ACC_001309,68.07,2025-11-03
ACC_000368,ACC_001431,171.34,2025-10-05
ACC_000368,ACC_001431,27.77,2025-10-05
ACC_000370,ACC_001416,393.27,2026-05-24
ACC_000370,ACC_001416,67.07,2026-05-28
ACC_000370,ACC_001431,11.90,2026-03-12
ACC_000370,ACC_001431,219.02,2026-03-01
ACC_000371,ACC_001431,1145.73,2026-04-28
ACC_000371,ACC_001431,171.21,2026-05-22
ACC_000371,ACC_001431,275.30,2025-08-15
ACC_000371,ACC_001431,48.92,2025-08-21
ACC_000371,ACC_001431,52.24,2025-09-04
ACC_000371,ACC_001431,91.81,2026-05-04
ACC_000371,ACC_001499,37.17,2025-09-28
ACC_000371,ACC_001499,5.25,2025-10-17
ACC_000371,ACC_001500,6.91,2025-10-16
ACC_000372,ACC_001431,133.72,2025-12-06
ACC_000372,ACC_001431,14.27,2025-12-19
ACC_000372,ACC_001484,13.81,2025-09-25
ACC_000372,ACC_001484,224.81,2025-09-21
ACC_000373,ACC_001295,28.95,2026-01-15
ACC_000373,ACC_001295,302.26,2026-01-06
ACC_000374,ACC_001499,30.86,2026-03-22
ACC_000374,ACC_001499,33.21,2026-04-21
ACC_000374,ACC_001500,220.25,2026-04-04
ACC_000378,ACC_001348,37.97,2025-11-13
ACC_000378,ACC_001348,433.40,2025-12-05
ACC_000379,ACC_001349,88.92,2026-04-19
ACC_000379,ACC_001431,1029.02,2025-09-04
ACC_000379,ACC_001431,184.19,2026-01-27
ACC_000379,ACC_001431,19.88,2026-05-18
ACC_000379,ACC_001431,314.10,2026-05-10
ACC_000379,ACC_001431,64.12,2025-08-30
ACC_000379,ACC_001491,15.67,2026-05-06
ACC_000379,ACC_001491,171.91,2026-05-22
ACC_000379,ACC_001491,9.12,2026-05-13
ACC_000379,ACC_001560,6.47,2025-08-03
ACC_000379,ACC_001560,71.86,2025-08-14
ACC_000380,ACC_001208,195.25,2025-11-15
ACC_000380,ACC_001216,24.31,2026-03-22
ACC_000380,ACC_001216,293.62,2026-04-14
ACC_000380,ACC_001216,53.81,2026-03-28
ACC_000380,ACC_001252,26.86,2026-04-19
ACC_000380,ACC_001252,484.89,2026-04-09
ACC_000380,ACC_001280,15.76,2025-10-03
ACC_000380,ACC_001280,195.78,2025-09-25
ACC_000380,ACC_001370,107.18,2026-01-30
ACC_000380,ACC_001370,17.67,2026-01-29
ACC_000380,ACC_001374,56.07,2026-05-20
ACC_000380,ACC_001374,663.12,2026-05-04
ACC_000380,ACC_001375,42.06,2026-05-19
ACC_000380,ACC_001388,313.38,2025-08-06
ACC_000380,ACC_001389,1796.31,2026-01-30
ACC_000380,ACC_001415,189.93,2026-02-01
ACC_000380,ACC_001416,1015.99,2026-01-31
ACC_000380,ACC_001416,155.04,2026-01-28
ACC_000380,ACC_001419,1014.13,2026-03-22
ACC_000380,ACC_001419,105.58,2026-03-11
ACC_000380,ACC_001431,112.63,2026-02-12
ACC_000380,ACC_001431,113.07,2025-09-05
ACC_000380,ACC_001431,118.16,2026-02-15
ACC_000380,ACC_001431,12.96,2025-12-15
ACC_000380,ACC_001431,132.22,2025-11-25
ACC_000380,ACC_001431,17.98,2025-12-08
ACC_000380,ACC_001431,1817.11,2026-06-02
ACC_000380,ACC_001431,20.52,2026-03-15
ACC_000380,ACC_001431,20.86,2025-09-14
ACC_000380,ACC_001431,201.40,2026-03-13
ACC_000380,ACC_001431,21.23,2025-08-16
ACC_000380,ACC_001431,21.68,2026-03-10
ACC_000380,ACC_001431,226.78,2025-12-04
ACC_000380,ACC_001431,261.08,2025-10-10
ACC_000380,ACC_001431,354.18,2025-08-02
ACC_000380,ACC_001431,43.01,2025-11-19
ACC_000380,ACC_001431,46.82,2025-10-21
ACC_000380,ACC_001431,62.91,2026-03-17
ACC_000380,ACC_001431,620.60,2026-03-02
ACC_000380,ACC_001431,688.17,2026-02-20
ACC_000380,ACC_001431,80.47,2026-03-01
ACC_000380,ACC_001431,919.72,2026-02-01
ACC_000380,ACC_001434,449.18,2025-09-21
ACC_000380,ACC_001468,23.90,2026-02-07
ACC_000380,ACC_001468,254.66,2026-02-10
ACC_000380,ACC_001468,31.14,2026-01-30
ACC_000380,ACC_001500,2573.15,2025-11-28
ACC_000385,ACC_001252,45.86,2025-09-08
ACC_000385,ACC_001252,771.69,2025-09-27
ACC_000385,ACC_001431,40.27,2026-04-20
ACC_000385,ACC_001431,42.99,2026-04-10
ACC_000385,ACC_001431,577.04,2026-04-05
ACC_000386,ACC_001431,70.75,2025-07-27
ACC_000386,ACC_001431,849.22,2025-08-09
ACC_000386,ACC_001545,49.03,2025-07-26
ACC_000389,ACC_001348,106.24,2026-02-14
ACC_000389,ACC_001348,51.70,2026-03-01
ACC_000389,ACC_001349,648.76,2026-02-21
ACC_000389,ACC_001407,1659.71,2025-09-29
ACC_000389,ACC_001431,796.02,2026-04-01
ACC_000390,ACC_001273,135.47,2025-12-27
ACC_000390,ACC_001273,70.16,2025-12-22
ACC_000390,ACC_001273,806.50,2025-12-17
ACC_000390,ACC_001337,21.59,2026-02-21
ACC_000390,ACC_001338,13.82,2026-02-12
ACC_000390,ACC_001338,180.76,2026-02-10
ACC_000390,ACC_001375,835.22,2025-08-09
ACC_000390,ACC_001431,576.10,2026-05-30
ACC_000391,ACC_001263,199.36,2026-02-07
ACC_000391,ACC_001263,27.63,2026-02-13
ACC_000391,ACC_001264,38.52,2026-02-09
ACC_000391,ACC_001349,29.95,2025-11-01
ACC_000391,ACC_001349,398.85,2025-11-02
ACC_000391,ACC_001372,439.05,2026-04-04
ACC_000391,ACC_001372,77.83,2026-04-02
ACC_000392,ACC_001230,162.42,2026-01-21
ACC_000392,ACC_001301,146.81,2025-11-03
ACC_000392,ACC_001301,19.06,2025-10-24
ACC_000392,ACC_001356,3.30,2025-10-08
ACC_000392,ACC_001356,31.40,2025-10-13
ACC_000392,ACC_001372,17.59,2025-08-19
ACC_000392,ACC_001372,28.69,2026-04-11
ACC_000392,ACC_001372,32.13,2025-08-23
ACC_000392,ACC_001372,345.68,2025-08-27
ACC_000392,ACC_001372,464.18,2026-03-30
ACC_000392,ACC_001431,206.18,2025-09-01
ACC_000392,ACC_001431,29.57,2026-02-08
ACC_000392,ACC_001438,215.95,2026-01-29
ACC_000392,ACC_001438,28.89,2026-01-13
ACC_000393,ACC_001212,258.07,2026-03-03
ACC_000393,ACC_001212,38.38,2026-03-18
ACC_000393,ACC_001355,208.31,2026-03-20
ACC_000393,ACC_001355,37.55,2026-03-27
ACC_000393,ACC_001356,15.13,2026-03-14
ACC_000393,ACC_001431,100.84,2025-12-02
ACC_000393,ACC_001431,12.97,2025-12-15
ACC_000393,ACC_001431,14.42,2025-12-10
ACC_000393,ACC_001431,18.08,2025-12-07
ACC_000393,ACC_001431,199.32,2026-02-27
ACC_000393,ACC_001431,278.92,2025-11-21
ACC_000393,ACC_001431,39.18,2026-03-15
ACC_000393,ACC_001485,119.39,2025-11-17
ACC_000393,ACC_001498,58.05,2026-04-24
ACC_000394,ACC_001252,949.33,2025-11-05
ACC_000394,ACC_001339,1500.04,2026-04-01
ACC_000394,ACC_001339,235.64,2026-03-25
ACC_000394,ACC_001339,2696.70,2026-04-29
ACC_000394,ACC_001340,229.69,2026-03-13
ACC_000394,ACC_001372,186.72,2025-08-17
ACC_000394,ACC_001372,30.04,2025-10-22
ACC_000394,ACC_001372,315.08,2025-09-29
ACC_000394,ACC_001374,88.54,2025-08-22
ACC_000394,ACC_001375,1028.77,2025-08-30
ACC_000394,ACC_001431,112.46,2025-12-28
ACC_000394,ACC_001431,116.83,2026-01-06
ACC_000394,ACC_001431,125.27,2026-04-20
ACC_000394,ACC_001431,127.12,2025-10-06
ACC_000394,ACC_001431,208.62,2025-10-03
ACC_000394,ACC_001431,21.01,2026-01-06
ACC_000394,ACC_001431,22.84,2025-09-30
ACC_000394,ACC_001431,222.36,2025-10-18
ACC_000394,ACC_001431,24.30,2025-10-18
ACC_000394,ACC_001431,241.37,2025-12-05
ACC_000394,ACC_001431,247.41,2025-09-28
ACC_000394,ACC_001431,2585.46,2025-09-07
ACC_000394,ACC_001431,285.55,2025-09-10
ACC_000394,ACC_001431,306.32,2026-01-31
ACC_000394,ACC_001431,335.07,2026-01-21
ACC_000394,ACC_001431,35.91,2025-09-21
ACC_000394,ACC_001431,432.82,2026-04-20
ACC_000394,ACC_001431,446.49,2025-09-09
ACC_000394,ACC_001431,51.13,2026-01-19
ACC_000394,ACC_001431,62.54,2026-04-28
ACC_000394,ACC_001431,832.95,2026-01-06
ACC_000394,ACC_001431,855.65,2026-04-01
ACC_000394,ACC_001431,915.71,2026-04-25
ACC_000394,ACC_001438,1118.22,2026-03-23
ACC_000394,ACC_001438,176.29,2026-04-07
ACC_000394,ACC_001438,207.49,2026-04-01
ACC_000394,ACC_001485,895.92,2026-02-28
ACC_000394,ACC_001499,210.84,2025-07-31
ACC_000394,ACC_001499,218.47,2026-01-25
ACC_000394,ACC_001499,79.71,2026-05-01
ACC_000394,ACC_001499,884.57,2026-04-09
ACC_000394,ACC_001500,68.02,2025-09-29
ACC_000394,ACC_001501,2483.30,2025-08-20
ACC_000394,ACC_001532,1155.15,2026-04-07
ACC_000394,ACC_001532,166.38,2026-04-01
ACC_000394,ACC_001532,212.57,2026-04-24
ACC_000394,ACC_001546,10.82,2026-03-01
ACC_000394,ACC_001546,132.75,2026-02-14
ACC_000394,ACC_001546,20.55,2026-03-06
ACC_000395,ACC_001252,187.25,2026-05-19
ACC_000395,ACC_001252,27.00,2026-05-04
ACC_000395,ACC_001372,10.06,2025-07-31
ACC_000395,ACC_001372,273.46,2026-03-22
ACC_000395,ACC_001372,36.75,2026-03-13
ACC_000395,ACC_001372,51.38,2025-07-29
ACC_000395,ACC_001372,789.89,2026-01-03
ACC_000395,ACC_001431,211.55,2026-04-25
ACC_000395,ACC_001431,268.29,2025-10-31
ACC_000395,ACC_001431,277.57,2025-09-08
ACC_000395,ACC_001431,41.57,2026-04-08
ACC_000395,ACC_001431,53.52,2025-11-08
ACC_000395,ACC_001499,221.14,2026-04-01
ACC_000395,ACC_001499,29.88,2026-03-29
ACC_000395,ACC_001500,560.70,2025-12-18
ACC_000395,ACC_001500,95.02,2025-12-23
ACC_000396,ACC_001304,224.81,2026-03-15
ACC_000396,ACC_001305,29.41,2026-03-20
ACC_000396,ACC_001305,35.51,2026-03-03
ACC_000396,ACC_001348,10.78,2026-02-03
ACC_000396,ACC_001348,241.17,2025-08-08
ACC_000396,ACC_001348,3.84,2026-01-29
ACC_000396,ACC_001349,54.32,2026-01-28
ACC_000396,ACC_001374,181.04,2026-05-15
ACC_000396,ACC_001425,49.40,2025-10-09
ACC_000396,ACC_001425,5.21,2025-09-25
ACC_000396,ACC_001425,8.34,2025-09-24
ACC_000396,ACC_001471,126.03,2025-12-21
ACC_000396,ACC_001471,22.70,2026-01-08
ACC_000396,ACC_001499,15.55,2026-04-27
ACC_000396,ACC_001499,250.64,2026-04-20
ACC_000397,ACC_001252,12.74,2026-02-08
ACC_000397,ACC_001252,97.57,2026-01-24
ACC_000397,ACC_001365,114.15,2026-05-27
ACC_000397,ACC_001365,39.76,2026-06-10
ACC_000397,ACC_001365,571.50,2026-06-13
ACC_000397,ACC_001372,30.78,2025-12-31
ACC_000397,ACC_001372,36.99,2026-01-06
ACC_000397,ACC_001372,394.15,2026-01-11
ACC_000397,ACC_001431,333.51,2025-12-15
ACC_000397,ACC_001431,55.84,2025-10-21
ACC_000397,ACC_001438,41.15,2025-11-26
ACC_000397,ACC_001438,500.81,2025-11-26
ACC_000397,ACC_001438,73.81,2025-11-21
ACC_000397,ACC_001483,10.90,2025-08-05
ACC_000397,ACC_001483,13.95,2025-08-10
ACC_000397,ACC_001483,92.74,2025-08-01
ACC_000397,ACC_001499,268.92,2026-04-02
ACC_000397,ACC_001499,283.31,2026-03-05
ACC_000397,ACC_001500,46.15,2026-04-16
ACC_000399,ACC_001348,158.39,2025-08-09
ACC_000399,ACC_001348,172.75,2025-08-16
ACC_000399,ACC_001349,867.22,2025-08-22
ACC_000399,ACC_001431,260.72,2025-11-17
ACC_000399,ACC_001431,42.90,2025-11-22
ACC_000399,ACC_001472,6.04,2025-07-15
ACC_000399,ACC_001473,36.65,2025-07-26
ACC_000399,ACC_001499,159.16,2026-02-18
ACC_000400,ACC_001355,11.54,2026-02-17
ACC_000400,ACC_001356,72.57,2026-02-16
ACC_000400,ACC_001431,132.45,2025-08-21
ACC_000400,ACC_001431,23.70,2025-08-10
ACC_000400,ACC_001431,26.05,2025-08-19
ACC_000401,ACC_001431,12.88,2026-04-26
ACC_000401,ACC_001431,171.31,2026-04-12
ACC_000401,ACC_001431,234.84,2025-12-02
ACC_000401,ACC_001431,27.37,2026-04-12
ACC_000401,ACC_001455,194.82,2025-09-30
ACC_000401,ACC_001455,31.85,2025-09-19
ACC_000401,ACC_001557,37.14,2026-02-07
ACC_000401,ACC_001558,419.85,2026-02-23
ACC_000401,ACC_001558,56.95,2026-03-01
ACC_000402,ACC_001348,129.38,2025-12-31
ACC_000402,ACC_001349,12.83,2026-01-08
ACC_000402,ACC_001349,7.32,2026-01-03
ACC_000402,ACC_001431,386.64,2025-09-05
ACC_000402,ACC_001431,45.54,2025-09-18
ACC_000402,ACC_001431,64.49,2025-10-19
ACC_000402,ACC_001431,7.21,2025-12-25
ACC_000402,ACC_001431,77.32,2025-12-31
ACC_000402,ACC_001431,8.66,2026-01-16
ACC_000402,ACC_001485,321.38,2026-02-05
ACC_000402,ACC_001498,18.52,2025-11-20
ACC_000402,ACC_001498,361.83,2025-11-16
ACC_000402,ACC_001510,118.40,2025-08-10
ACC_000402,ACC_001528,14.32,2026-01-20
ACC_000402,ACC_001528,6.39,2026-01-03
ACC_000402,ACC_001528,79.55,2026-01-11
ACC_000403,ACC_001210,347.00,2025-09-23
ACC_000403,ACC_001210,50.43,2025-09-30
ACC_000403,ACC_001372,214.43,2026-06-02
ACC_000403,ACC_001372,26.65,2026-06-08
ACC_000403,ACC_001372,38.19,2026-05-28
ACC_000403,ACC_001377,1203.70,2025-10-28
ACC_000403,ACC_001377,40.30,2025-11-26
ACC_000403,ACC_001377,405.98,2025-11-29
ACC_000403,ACC_001378,104.77,2025-10-26
ACC_000403,ACC_001378,185.63,2025-10-21
ACC_000403,ACC_001378,72.86,2025-12-11
ACC_000403,ACC_001431,122.54,2025-08-11
ACC_000403,ACC_001431,1355.81,2025-08-16
ACC_000403,ACC_001499,80.76,2025-11-03
ACC_000403,ACC_001500,497.70,2025-10-18
ACC_000404,ACC_001316,79.05,2025-08-18
ACC_000404,ACC_001317,1432.46,2025-08-04
ACC_000404,ACC_001349,867.52,2025-09-07
ACC_000404,ACC_001356,46.95,2026-02-15
ACC_000404,ACC_001356,504.79,2026-02-15
ACC_000404,ACC_001431,11.00,2025-11-06
ACC_000404,ACC_001431,124.79,2026-04-03
ACC_000404,ACC_001431,237.00,2026-06-04
ACC_000404,ACC_001431,31.72,2026-05-25
ACC_000404,ACC_001431,393.63,2025-10-16
ACC_000404,ACC_001431,45.18,2025-10-22
ACC_000404,ACC_001431,61.06,2025-09-28
ACC_000404,ACC_001431,64.61,2025-10-14
ACC_000404,ACC_001431,649.61,2026-05-01
ACC_000404,ACC_001431,693.89,2026-03-29
ACC_000404,ACC_001431,765.00,2026-01-15
ACC_000404,ACC_001431,93.49,2026-03-19
ACC_000404,ACC_001526,30.30,2026-01-16
ACC_000404,ACC_001527,372.99,2026-01-28
ACC_000405,ACC_001344,312.06,2025-09-18
ACC_000405,ACC_001348,290.04,2025-08-02
ACC_000405,ACC_001348,33.56,2025-08-21
ACC_000405,ACC_001418,26.39,2026-04-08
ACC_000405,ACC_001419,305.28,2026-04-20
ACC_000405,ACC_001419,39.07,2026-04-03
ACC_000405,ACC_001431,102.52,2026-03-09
ACC_000405,ACC_001431,42.82,2026-04-19
ACC_000405,ACC_001431,466.27,2026-04-21
ACC_000405,ACC_001431,67.66,2026-04-22
ACC_000405,ACC_001522,215.21,2025-12-04
ACC_000405,ACC_001523,17.88,2025-12-01
ACC_000405,ACC_001523,25.27,2025-12-09
ACC_000406,ACC_001340,19.89,2025-10-01
ACC_000406,ACC_001340,279.80,2025-09-11
ACC_000406,ACC_001349,28.10,2025-10-17
ACC_000406,ACC_001349,384.10,2025-10-12
ACC_000406,ACC_001486,162.55,2026-02-28
ACC_000407,ACC_001210,24.84,2026-05-03
ACC_000407,ACC_001210,426.23,2026-04-27
ACC_000407,ACC_001210,43.51,2026-05-13
ACC_000407,ACC_001240,148.97,2026-06-02
ACC_000407,ACC_001240,29.79,2026-05-25
ACC_000407,ACC_001252,119.06,2025-12-05
ACC_000407,ACC_001252,164.81,2025-10-30
ACC_000407,ACC_001252,196.12,2025-10-30
ACC_000407,ACC_001252,869.99,2025-11-03
ACC_000407,ACC_001253,117.65,2026-04-21
ACC_000407,ACC_001253,152.90,2026-04-08
ACC_000407,ACC_001253,16.71,2026-04-20
ACC_000407,ACC_001253,763.27,2026-04-22
ACC_000407,ACC_001271,42.86,2026-04-17
ACC_000407,ACC_001272,661.65,2026-04-14
ACC_000407,ACC_001289,464.74,2025-11-03
ACC_000407,ACC_001289,48.87,2025-11-13
ACC_000407,ACC_001291,158.92,2026-02-04
ACC_000407,ACC_001291,36.76,2025-09-23
ACC_000407,ACC_001291,559.28,2025-09-25
ACC_000407,ACC_001291,856.20,2026-02-23
ACC_000407,ACC_001291,96.18,2026-02-12
ACC_000407,ACC_001291,98.14,2025-09-07
ACC_000407,ACC_001301,162.70,2025-08-14
ACC_000407,ACC_001301,26.57,2025-08-13
ACC_000407,ACC_001301,27.19,2025-08-12
ACC_000407,ACC_001304,52.14,2026-02-08
ACC_000407,ACC_001304,567.40,2026-01-17
ACC_000407,ACC_001309,102.73,2025-10-27
ACC_000407,ACC_001309,70.18,2025-10-16
ACC_000407,ACC_001309,773.16,2025-11-04
ACC_000407,ACC_001312,42.11,2025-09-17
ACC_000407,ACC_001312,540.26,2025-09-14
ACC_000407,ACC_001320,49.00,2025-09-18
ACC_000407,ACC_001320,57.82,2025-09-10
ACC_000407,ACC_001320,651.40,2025-09-06
ACC_000407,ACC_001339,408.78,2026-01-08
ACC_000407,ACC_001339,42.63,2026-02-03
ACC_000407,ACC_001340,126.51,2026-04-30
ACC_000407,ACC_001340,15.74,2026-01-13
ACC_000407,ACC_001340,168.81,2025-12-18
ACC_000407,ACC_001340,21.32,2025-12-27
ACC_000407,ACC_001340,55.27,2026-01-23
ACC_000407,ACC_001346,1177.71,2025-10-05
ACC_000407,ACC_001346,224.02,2025-10-12
ACC_000407,ACC_001346,468.28,2025-10-26
ACC_000407,ACC_001347,180.41,2025-10-04
ACC_000407,ACC_001347,242.83,2026-05-11
ACC_000407,ACC_001347,28.29,2025-09-25
ACC_000407,ACC_001347,54.71,2025-11-02
ACC_000407,ACC_001347,87.94,2025-11-13
ACC_000407,ACC_001348,12.06,2026-05-31
ACC_000407,ACC_001348,13.75,2026-05-02
ACC_000407,ACC_001348,145.34,2025-08-27
ACC_000407,ACC_001348,173.97,2026-03-29
ACC_000407,ACC_001348,4.17,2025-12-13
ACC_000407,ACC_001348,437.39,2026-03-31
ACC_000407,ACC_001348,8.00,2026-01-21
ACC_000407,ACC_001349,101.24,2025-12-31
ACC_000407,ACC_001349,1136.35,2026-03-26
ACC_000407,ACC_001349,12.28,2025-09-07
ACC_000407,ACC_001349,16.03,2026-01-24
ACC_000407,ACC_001349,180.55,2026-04-24
ACC_000407,ACC_001349,34.56,2026-04-27
ACC_000407,ACC_001349,4.93,2026-06-05
ACC_000407,ACC_001349,601.10,2025-08-27
ACC_000407,ACC_001349,74.88,2026-05-22
ACC_000407,ACC_001349,75.01,2025-12-11
ACC_000407,ACC_001350,34.21,2026-04-18
ACC_000407,ACC_001355,23.51,2026-02-02
ACC_000407,ACC_001355,45.37,2026-01-23
ACC_000407,ACC_001355,83.15,2026-01-31
ACC_000407,ACC_001356,436.60,2026-02-13
ACC_000407,ACC_001356,52.48,2026-02-10
ACC_000407,ACC_001356,834.96,2026-01-21
ACC_000407,ACC_001368,61.94,2026-04-23
ACC_000407,ACC_001371,257.49,2026-03-22
ACC_000407,ACC_001372,116.72,2026-05-11
ACC_000407,ACC_001372,130.85,2026-03-29
ACC_000407,ACC_001372,18.48,2026-04-27
ACC_000407,ACC_001372,211.90,2025-12-31
ACC_000407,ACC_001372,39.21,2026-01-06
ACC_000407,ACC_001372,41.10,2025-12-30
ACC_000407,ACC_001372,44.88,2026-02-15
ACC_000407,ACC_001372,485.86,2025-09-11
ACC_000407,ACC_001372,51.37,2025-09-12
ACC_000407,ACC_001372,524.38,2026-01-25
ACC_000407,ACC_001372,6.40,2026-01-08
ACC_000407,ACC_001372,6.43,2026-01-25
ACC_000407,ACC_001372,6.86,2026-01-20
ACC_000407,ACC_001372,612.57,2026-05-30
ACC_000407,ACC_001372,64.26,2026-01-17
ACC_000407,ACC_001372,7.44,2026-01-21
ACC_000407,ACC_001372,8.73,2026-04-14
ACC_000407,ACC_001372,89.84,2026-05-18
ACC_000407,ACC_001372,90.17,2025-09-12
ACC_000407,ACC_001372,98.97,2026-02-12
ACC_000407,ACC_001374,109.66,2025-07-25
ACC_000407,ACC_001374,114.34,2025-11-20
ACC_000407,ACC_001374,277.46,2026-01-24
ACC_000407,ACC_001374,6.40,2025-11-29
ACC_000407,ACC_001375,530.20,2025-12-27
ACC_000407,ACC_001375,65.60,2026-01-25
ACC_000407,ACC_001375,678.35,2026-01-22
ACC_000407,ACC_001375,77.11,2026-01-20
ACC_000407,ACC_001385,11.34,2025-12-13
ACC_000407,ACC_001386,79.43,2025-12-12
ACC_000407,ACC_001386,9.29,2025-12-08
ACC_000407,ACC_001387,109.62,2025-08-28
ACC_000407,ACC_001387,12.03,2025-08-08
ACC_000407,ACC_001387,15.25,2025-08-23
ACC_000407,ACC_001387,238.51,2026-02-24
ACC_000407,ACC_001388,1177.89,2025-11-23
ACC_000407,ACC_001388,133.69,2025-12-29
ACC_000407,ACC_001388,18.04,2026-04-26
ACC_000407,ACC_001388,18.54,2025-10-22
ACC_000407,ACC_001388,194.51,2026-04-18
ACC_000407,ACC_001388,202.46,2026-04-17
ACC_000407,ACC_001388,22.72,2026-01-04
ACC_000407,ACC_001388,22.91,2026-04-18
ACC_000407,ACC_001388,27.79,2026-05-11
ACC_000407,ACC_001388,28.50,2025-10-24
ACC_000407,ACC_001388,284.96,2025-10-30
ACC_000407,ACC_001388,318.15,2025-11-23
ACC_000407,ACC_001388,44.47,2025-12-17
ACC_000407,ACC_001388,62.06,2025-12-06
ACC_000407,ACC_001388,96.41,2026-01-27
ACC_000407,ACC_001390,30.66,2026-04-07
ACC_000407,ACC_001390,443.62,2026-03-19
ACC_000407,ACC_001390,80.28,2026-04-14
ACC_000407,ACC_001392,165.80,2025-09-23
ACC_000407,ACC_001392,25.13,2025-09-10
ACC_000407,ACC_001393,21.36,2025-09-23
ACC_000407,ACC_001415,277.85,2025-10-25
ACC_000407,ACC_001415,3.97,2026-01-19
ACC_000407,ACC_001415,48.98,2025-10-27
ACC_000407,ACC_001415,54.42,2026-01-13
ACC_000407,ACC_001415,6.82,2026-01-28
ACC_000407,ACC_001416,55.37,2025-10-04
ACC_000407,ACC_001417,109.40,2026-01-13
ACC_000407,ACC_001417,998.59,2026-01-03
ACC_000407,ACC_001431,10.02,2026-06-12
ACC_000407,ACC_001431,102.36,2025-10-04
ACC_000407,ACC_001431,104.15,2026-04-14
ACC_000407,ACC_001431,108.92,2026-06-01
ACC_000407,ACC_001431,110.71,2026-05-03
ACC_000407,ACC_001431,113.71,2025-11-28
ACC_000407,ACC_001431,12.10,2025-09-17
ACC_000407,ACC_001431,12.24,2026-05-25
ACC_000407,ACC_001431,12.26,2025-10-26
ACC_000407,ACC_001431,120.71,2025-08-31
ACC_000407,ACC_001431,13.26,2026-05-19
ACC_000407,ACC_001431,13.30,2026-04-01
ACC_000407,ACC_001431,136.79,2026-02-28
ACC_000407,ACC_001431,137.68,2025-09-21
ACC_000407,ACC_001431,14.39,2026-05-06
ACC_000407,ACC_001431,144.24,2026-02-17
ACC_000407,ACC_001431,147.97,2025-12-26
ACC_000407,ACC_001431,15.01,2026-01-20
ACC_000407,ACC_001431,15.37,2025-10-13
ACC_000407,ACC_001431,150.88,2026-06-13
ACC_000407,ACC_001431,16.10,2025-10-10
ACC_000407,ACC_001431,16.68,2026-05-19
ACC_000407,ACC_001431,161.45,2026-01-20
ACC_000407,ACC_001431,163.02,2026-04-11
ACC_000407,ACC_001431,17.30,2026-01-08
ACC_000407,ACC_001431,17.75,2025-10-13
ACC_000407,ACC_001431,170.45,2025-10-19
ACC_000407,ACC_001431,170.69,2025-11-17
ACC_000407,ACC_001431,18.20,2025-10-27
ACC_000407,ACC_001431,182.85,2025-12-27
ACC_000407,ACC_001431,187.35,2025-10-20
ACC_000407,ACC_001431,187.79,2025-10-13
ACC_000407,ACC_001431,19.46,2025-09-04
ACC_000407,ACC_001431,19.51,2026-04-19
ACC_000407,ACC_001431,19.68,2026-04-06
ACC_000407,ACC_001431,194.08,2026-05-04
ACC_000407,ACC_001431,20.77,2025-08-31
ACC_000407,ACC_001431,207.01,2026-05-24
ACC_000407,ACC_001431,21.19,2025-09-17
ACC_000407,ACC_001431,21.30,2025-10-24
ACC_000407,ACC_001431,22.16,2025-09-21
ACC_000407,ACC_001431,220.72,2026-03-26
ACC_000407,ACC_001431,226.36,2026-02-05
ACC_000407,ACC_001431,23.96,2026-06-07
ACC_000407,ACC_001431,245.34,2025-08-26
ACC_000407,ACC_001431,25.16,2025-11-11
ACC_000407,ACC_001431,26.03,2026-01-17
ACC_000407,ACC_001431,260.68,2026-02-04
ACC_000407,ACC_001431,261.43,2025-12-28
ACC_000407,ACC_001431,27.06,2025-10-12
ACC_000407,ACC_001431,27.45,2026-04-30
ACC_000407,ACC_001431,272.27,2026-04-02
ACC_000407,ACC_001431,274.84,2026-03-03
ACC_000407,ACC_001431,278.08,2026-01-31
ACC_000407,ACC_001431,29.46,2026-02-14
ACC_000407,ACC_001431,29.47,2026-05-18
ACC_000407,ACC_001431,29.50,2025-08-30
ACC_000407,ACC_001431,3.60,2025-10-11
ACC_000407,ACC_001431,31.06,2025-08-04
ACC_000407,ACC_001431,31.67,2025-10-24
ACC_000407,ACC_001431,316.69,2026-01-25
ACC_000407,ACC_001431,318.75,2025-10-28
ACC_000407,ACC_001431,326.34,2026-02-15
ACC_000407,ACC_001431,33.41,2025-08-29
ACC_000407,ACC_001431,33.73,2025-09-23
ACC_000407,ACC_001431,332.13,2025-07-24
ACC_000407,ACC_001431,34.04,2026-01-31
ACC_000407,ACC_001431,35.49,2026-02-04
ACC_000407,ACC_001431,362.81,2025-10-11
ACC_000407,ACC_001431,37.09,2026-02-16
ACC_000407,ACC_001431,371.84,2026-05-11
ACC_000407,ACC_001431,378.91,2025-10-31
ACC_000407,ACC_001431,38.18,2026-05-25
ACC_000407,ACC_001431,38.61,2025-11-01
ACC_000407,ACC_001431,381.19,2025-10-04
ACC_000407,ACC_001431,388.34,2025-09-18
ACC_000407,ACC_001431,4.06,2025-09-24
ACC_000407,ACC_001431,4.25,2026-03-11
ACC_000407,ACC_001431,40.70,2026-01-10
ACC_000407,ACC_001431,40.95,2025-08-02
ACC_000407,ACC_001431,401.75,2026-01-02
ACC_000407,ACC_001431,41.29,2026-01-29
ACC_000407,ACC_001431,42.78,2025-10-25
ACC_000407,ACC_001431,426.19,2025-08-05
ACC_000407,ACC_001431,43.32,2025-12-22
ACC_000407,ACC_001431,472.80,2026-01-01
ACC_000407,ACC_001431,476.33,2025-08-10
ACC_000407,ACC_001431,48.19,2025-09-05
ACC_000407,ACC_001431,48.59,2025-11-11
ACC_000407,ACC_001431,485.80,2025-09-29
ACC_000407,ACC_001431,49.56,2025-12-09
ACC_000407,ACC_001431,497.91,2025-10-25
ACC_000407,ACC_001431,50.73,2025-08-25
ACC_000407,ACC_001431,516.14,2026-01-23
ACC_000407,ACC_001431,52.07,2026-02-19
ACC_000407,ACC_001431,58.31,2025-10-11
ACC_000407,ACC_001431,6.12,2025-12-12
ACC_000407,ACC_001431,6.27,2026-02-17
ACC_000407,ACC_001431,6.53,2026-01-08
ACC_000407,ACC_001431,60.46,2025-11-13
ACC_000407,ACC_001431,60.80,2026-02-10
ACC_000407,ACC_001431,60.84,2026-02-22
ACC_000407,ACC_001431,61.52,2026-01-14
ACC_000407,ACC_001431,677.27,2025-08-25
ACC_000407,ACC_001431,687.53,2025-11-27
ACC_000407,ACC_001431,7.09,2025-10-19
ACC_000407,ACC_001431,7.14,2025-12-12
ACC_000407,ACC_001431,7.67,2026-01-19
ACC_000407,ACC_001431,7.85,2026-04-12
ACC_000407,ACC_001431,7.95,2026-04-06
ACC_000407,ACC_001431,71.36,2026-03-27
ACC_000407,ACC_001431,72.36,2025-09-18
ACC_000407,ACC_001431,721.48,2025-11-02
ACC_000407,ACC_001431,75.60,2025-08-04
ACC_000407,ACC_001431,760.42,2025-11-16
ACC_000407,ACC_001431,77.39,2026-05-23
ACC_000407,ACC_001431,78.56,2025-08-29
ACC_000407,ACC_001431,80.91,2026-01-20
ACC_000407,ACC_001431,82.23,2025-08-19
ACC_000407,ACC_001431,832.45,2025-11-09
ACC_000407,ACC_001431,85.03,2025-11-12
ACC_000407,ACC_001431,9.26,2025-08-18
ACC_000407,ACC_001431,9.32,2026-01-23
ACC_000407,ACC_001431,9.56,2025-10-09
ACC_000407,ACC_001431,9.60,2026-04-27
ACC_000407,ACC_001431,99.72,2026-04-14
ACC_000407,ACC_001438,129.42,2025-08-21
ACC_000407,ACC_001438,21.38,2025-08-30
ACC_000407,ACC_001439,579.53,2025-09-20
ACC_000407,ACC_001440,32.21,2025-09-27
ACC_000407,ACC_001448,10.20,2025-07-27
ACC_000407,ACC_001448,6.38,2025-07-31
ACC_000407,ACC_001448,61.63,2025-07-26
ACC_000407,ACC_001465,45.89,2025-09-12
ACC_000407,ACC_001465,54.68,2025-09-21
ACC_000407,ACC_001465,739.73,2025-09-26
ACC_000407,ACC_001473,132.05,2026-05-19
ACC_000407,ACC_001484,120.75,2025-08-01
ACC_000407,ACC_001484,18.19,2025-08-28
ACC_000407,ACC_001484,526.20,2026-04-15
ACC_000407,ACC_001484,6.43,2025-08-07
ACC_000407,ACC_001484,66.90,2026-01-02
ACC_000407,ACC_001484,68.37,2026-04-09
ACC_000407,ACC_001485,11.68,2025-08-20
ACC_000407,ACC_001485,453.18,2026-03-04
ACC_000407,ACC_001485,76.94,2025-09-02
ACC_000407,ACC_001485,8.32,2025-09-04
ACC_000407,ACC_001498,122.37,2025-10-04
ACC_000407,ACC_001498,49.66,2025-11-30
ACC_000407,ACC_001498,7.65,2025-12-01
ACC_000407,ACC_001498,9.05,2025-11-26
ACC_000407,ACC_001499,13.57,2026-04-15
ACC_000407,ACC_001499,13.68,2026-05-24
ACC_000407,ACC_001499,203.08,2025-11-30
ACC_000407,ACC_001499,207.25,2026-06-10
ACC_000407,ACC_001499,3.46,2025-10-07
ACC_000407,ACC_001499,37.41,2026-02-28
ACC_000407,ACC_001499,441.55,2026-05-18
ACC_000407,ACC_001499,49.28,2026-04-03
ACC_000407,ACC_001499,56.75,2025-09-12
ACC_000407,ACC_001499,58.98,2025-11-01
ACC_000407,ACC_001499,61.12,2026-04-18
ACC_000407,ACC_001499,63.91,2026-06-06
ACC_000407,ACC_001500,10.01,2025-10-07
ACC_000407,ACC_001500,11.07,2026-04-12
ACC_000407,ACC_001500,11.79,2026-04-07
ACC_000407,ACC_001500,110.87,2026-04-26
ACC_000407,ACC_001500,124.89,2026-03-04
ACC_000407,ACC_001500,17.07,2025-11-26
ACC_000407,ACC_001500,195.61,2026-05-05
ACC_000407,ACC_001500,309.32,2025-09-11
ACC_000407,ACC_001500,315.92,2025-11-23
ACC_000407,ACC_001500,327.42,2025-09-07
ACC_000407,ACC_001500,470.19,2026-03-19
ACC_000407,ACC_001500,59.67,2025-09-26
ACC_000407,ACC_001500,66.74,2025-09-30
ACC_000407,ACC_001500,7.82,2026-04-23
ACC_000407,ACC_001500,73.80,2026-03-24
ACC_000407,ACC_001500,76.66,2026-06-04
ACC_000407,ACC_001505,201.86,2026-02-19
ACC_000407,ACC_001505,32.04,2026-02-02
ACC_000407,ACC_001505,33.10,2026-01-31
ACC_000407,ACC_001516,185.19,2025-09-08
ACC_000407,ACC_001516,19.99,2025-08-31
ACC_000407,ACC_001522,58.24,2025-12-13
ACC_000407,ACC_001531,118.04,2026-03-23
ACC_000407,ACC_001531,6.65,2026-04-16
ACC_000407,ACC_001542,13.58,2025-09-20
ACC_000407,ACC_001542,15.50,2025-09-13
ACC_000407,ACC_001542,164.89,2025-09-01
ACC_000407,ACC_001542,241.64,2026-03-24
ACC_000407,ACC_001542,269.48,2025-12-05
ACC_000407,ACC_001542,36.21,2026-03-23
ACC_000407,ACC_001566,191.71,2026-01-08
ACC_000407,ACC_001566,23.01,2026-01-08
ACC_000407,ACC_001566,24.67,2025-12-28
ACC_000407,ACC_001571,267.29,2026-01-26
ACC_000407,ACC_001571,51.48,2026-01-17
ACC_000407,ACC_001583,53.41,2026-01-01
ACC_000407,ACC_001584,6.96,2025-12-17
ACC_000407,ACC_001584,7.15,2025-12-27
ACC_000407,ACC_001586,249.84,2026-03-25
ACC_000408,ACC_001227,106.92,2026-02-14
ACC_000408,ACC_001252,16.61,2026-03-01
ACC_000408,ACC_001252,163.08,2026-02-24
ACC_000408,ACC_001252,17.38,2026-03-29
ACC_000408,ACC_001252,183.02,2025-10-31
ACC_000408,ACC_001252,20.35,2025-10-07
ACC_000408,ACC_001252,275.74,2025-10-05
ACC_000408,ACC_001252,29.98,2026-03-06
ACC_000408,ACC_001252,335.99,2025-12-31
ACC_000408,ACC_001253,2.54,2025-08-29
ACC_000408,ACC_001253,401.84,2026-01-28
ACC_000408,ACC_001253,41.10,2025-08-19
ACC_000408,ACC_001253,7.75,2025-08-24
ACC_000408,ACC_001253,78.42,2026-02-02
ACC_000408,ACC_001253,79.31,2025-09-04
ACC_000408,ACC_001256,391.13,2026-05-11
ACC_000408,ACC_001257,55.46,2026-06-03
ACC_000408,ACC_001263,297.10,2025-09-27
ACC_000408,ACC_001263,78.23,2025-11-18
ACC_000408,ACC_001264,495.83,2025-11-19
ACC_000408,ACC_001282,266.72,2026-03-24
ACC_000408,ACC_001291,103.57,2026-03-06
ACC_000408,ACC_001291,133.55,2026-02-27
ACC_000408,ACC_001291,197.69,2025-09-28
ACC_000408,ACC_001291,946.74,2026-03-01
ACC_000408,ACC_001306,31.32,2025-11-25
ACC_000408,ACC_001306,34.54,2025-12-09
ACC_000408,ACC_001307,357.17,2025-12-08
ACC_000408,ACC_001327,83.61,2025-12-31
ACC_000408,ACC_001338,126.04,2026-01-18
ACC_000408,ACC_001339,245.82,2025-11-19
ACC_000408,ACC_001339,26.94,2025-11-22
ACC_000408,ACC_001339,79.48,2026-03-05
ACC_000408,ACC_001340,11.60,2026-03-06
ACC_000408,ACC_001340,39.34,2025-10-24
ACC_000408,ACC_001340,47.28,2025-10-15
ACC_000408,ACC_001340,77.65,2025-09-14
ACC_000408,ACC_001346,98.44,2026-02-14
ACC_000408,ACC_001347,18.98,2026-02-14
ACC_000408,ACC_001348,19.67,2025-09-15
ACC_000408,ACC_001348,235.66,2025-09-10
ACC_000408,ACC_001348,275.63,2026-03-20
ACC_000408,ACC_001348,676.79,2025-08-04
ACC_000408,ACC_001349,14.72,2025-12-28
ACC_000408,ACC_001349,144.45,2025-12-15
ACC_000408,ACC_001349,23.19,2025-12-08
ACC_000408,ACC_001349,413.86,2026-05-01
ACC_000408,ACC_001349,47.31,2026-05-23
ACC_000408,ACC_001349,78.87,2025-08-08
ACC_000408,ACC_001349,79.71,2026-05-04
ACC_000408,ACC_001354,25.79,2025-08-17
ACC_000408,ACC_001354,266.45,2025-08-03
ACC_000408,ACC_001354,39.06,2025-08-15
ACC_000408,ACC_001356,61.69,2025-11-26
ACC_000408,ACC_001361,83.68,2026-05-24
ACC_000408,ACC_001362,10.21,2026-06-20
ACC_000408,ACC_001365,454.76,2025-12-01
ACC_000408,ACC_001372,10.63,2025-12-01
ACC_000408,ACC_001372,105.00,2025-12-05
ACC_000408,ACC_001372,125.17,2026-02-24
ACC_000408,ACC_001372,16.61,2025-12-02
ACC_000408,ACC_001372,216.68,2025-09-06
ACC_000408,ACC_001372,22.63,2025-09-27
ACC_000408,ACC_001372,261.27,2026-03-11
ACC_000408,ACC_001372,337.05,2025-08-25
ACC_000408,ACC_001372,34.96,2026-04-01
ACC_000408,ACC_001372,351.53,2025-11-07
ACC_000408,ACC_001372,384.95,2025-10-26
ACC_000408,ACC_001372,41.69,2025-09-06
ACC_000408,ACC_001372,43.16,2026-03-07
ACC_000408,ACC_001372,53.62,2025-10-29
ACC_000408,ACC_001372,57.59,2025-10-28
ACC_000408,ACC_001372,6.74,2025-09-11
ACC_000408,ACC_001372,66.52,2025-10-25
ACC_000408,ACC_001372,67.95,2025-11-16
ACC_000408,ACC_001372,74.76,2025-11-12
ACC_000408,ACC_001372,75.50,2025-08-28
ACC_000408,ACC_001372,99.60,2026-04-17
ACC_000408,ACC_001375,876.85,2025-08-11
ACC_000408,ACC_001376,283.21,2026-05-09
ACC_000408,ACC_001376,38.64,2026-05-13
ACC_000408,ACC_001388,111.10,2025-08-11
ACC_000408,ACC_001388,2.92,2025-11-19
ACC_000408,ACC_001388,20.52,2025-08-12
ACC_000408,ACC_001388,20.68,2026-01-15
ACC_000408,ACC_001388,22.13,2025-08-27
ACC_000408,ACC_001388,258.99,2026-01-30
ACC_000408,ACC_001388,35.41,2026-04-19
ACC_000408,ACC_001388,365.66,2025-12-11
ACC_000408,ACC_001388,41.90,2026-03-26
ACC_000408,ACC_001388,43.27,2025-12-05
ACC_000408,ACC_001388,44.67,2026-02-04
ACC_000408,ACC_001388,459.37,2026-03-29
ACC_000408,ACC_001401,497.97,2025-08-16
ACC_000408,ACC_001401,517.79,2025-08-20
ACC_000408,ACC_001406,280.91,2026-03-02
ACC_000408,ACC_001406,54.03,2026-03-02
ACC_000408,ACC_001407,19.79,2026-03-17
ACC_000408,ACC_001431,10.67,2026-04-08
ACC_000408,ACC_001431,102.39,2025-12-06
ACC_000408,ACC_001431,103.17,2026-04-26
ACC_000408,ACC_001431,1044.61,2025-10-26
ACC_000408,ACC_001431,105.69,2025-08-06
ACC_000408,ACC_001431,1075.43,2025-09-05
ACC_000408,ACC_001431,1077.22,2026-02-01
ACC_000408,ACC_001431,114.76,2025-12-14
ACC_000408,ACC_001431,118.63,2026-04-20
ACC_000408,ACC_001431,12.65,2025-12-29
ACC_000408,ACC_001431,12.74,2025-12-06
ACC_000408,ACC_001431,12.92,2025-12-24
ACC_000408,ACC_001431,120.41,2025-12-04
ACC_000408,ACC_001431,123.55,2025-09-28
ACC_000408,ACC_001431,124.51,2025-12-13
ACC_000408,ACC_001431,127.35,2026-01-03
ACC_000408,ACC_001431,13.89,2026-04-30
ACC_000408,ACC_001431,132.06,2026-04-08
ACC_000408,ACC_001431,15.07,2026-01-12
ACC_000408,ACC_001431,15.94,2026-01-12
ACC_000408,ACC_001431,152.04,2026-04-15
ACC_000408,ACC_001431,152.88,2025-09-27
ACC_000408,ACC_001431,156.37,2026-01-16
ACC_000408,ACC_001431,16.81,2026-05-20
ACC_000408,ACC_001431,17.11,2026-01-18
ACC_000408,ACC_001431,17.14,2026-05-27
ACC_000408,ACC_001431,178.08,2026-02-01
ACC_000408,ACC_001431,19.79,2025-10-29
ACC_000408,ACC_001431,192.12,2026-03-16
ACC_000408,ACC_001431,196.17,2026-02-01
ACC_000408,ACC_001431,2.44,2026-05-07
ACC_000408,ACC_001431,20.01,2025-12-20
ACC_000408,ACC_001431,20.15,2025-12-28
ACC_000408,ACC_001431,21.92,2025-12-24
ACC_000408,ACC_001431,21.99,2025-12-06
ACC_000408,ACC_001431,211.30,2025-10-17
ACC_000408,ACC_001431,214.80,2025-10-04
ACC_000408,ACC_001431,219.91,2025-08-03
ACC_000408,ACC_001431,22.40,2025-09-20
ACC_000408,ACC_001431,22.50,2026-01-04
ACC_000408,ACC_001431,22.57,2025-10-25
ACC_000408,ACC_001431,22.94,2025-09-21
ACC_000408,ACC_001431,22.97,2026-04-17
ACC_000408,ACC_001431,225.46,2025-10-18
ACC_000408,ACC_001431,226.02,2025-09-20
ACC_000408,ACC_001431,23.71,2025-08-03
ACC_000408,ACC_001431,240.96,2026-01-06
ACC_000408,ACC_001431,246.40,2026-01-27
ACC_000408,ACC_001431,248.10,2025-08-01
ACC_000408,ACC_001431,27.49,2025-07-28
ACC_000408,ACC_001431,275.52,2026-01-28
ACC_000408,ACC_001431,281.70,2025-08-20
ACC_000408,ACC_001431,281.83,2025-10-01
ACC_000408,ACC_001431,289.87,2025-10-24
ACC_000408,ACC_001431,3.25,2026-05-04
ACC_000408,ACC_001431,3.41,2026-06-03
ACC_000408,ACC_001431,30.04,2026-04-02
ACC_000408,ACC_001431,31.72,2025-08-19
ACC_000408,ACC_001431,314.21,2026-03-01
ACC_000408,ACC_001431,32.22,2025-09-17
ACC_000408,ACC_001431,32.54,2025-08-02
ACC_000408,ACC_001431,326.90,2025-07-22
ACC_000408,ACC_001431,333.13,2025-12-29
ACC_000408,ACC_001431,34.09,2025-10-10
ACC_000408,ACC_001431,340.56,2026-02-04
ACC_000408,ACC_001431,356.44,2025-10-28
ACC_000408,ACC_001431,36.12,2025-10-01
ACC_000408,ACC_001431,36.28,2026-03-25
ACC_000408,ACC_001431,36.32,2025-10-07
ACC_000408,ACC_001431,367.94,2025-07-29
ACC_000408,ACC_001431,38.46,2025-10-18
ACC_000408,ACC_001431,381.94,2026-04-30
ACC_000408,ACC_001431,39.26,2026-01-27
ACC_000408,ACC_001431,39.36,2026-03-14
ACC_000408,ACC_001431,39.77,2025-10-21
ACC_000408,ACC_001431,394.89,2025-10-07
ACC_000408,ACC_001431,4.87,2026-05-11
ACC_000408,ACC_001431,42.21,2026-05-12
ACC_000408,ACC_001431,442.99,2026-03-08
ACC_000408,ACC_001431,45.50,2026-04-27
ACC_000408,ACC_001431,47.23,2026-05-22
ACC_000408,ACC_001431,47.35,2025-07-26
ACC_000408,ACC_001431,472.70,2025-11-25
ACC_000408,ACC_001431,475.44,2025-09-04
ACC_000408,ACC_001431,5.12,2025-12-10
ACC_000408,ACC_001431,5.49,2026-05-04
ACC_000408,ACC_001431,503.45,2026-01-19
ACC_000408,ACC_001431,504.10,2025-08-16
ACC_000408,ACC_001431,511.74,2025-07-15
ACC_000408,ACC_001431,52.30,2026-02-14
ACC_000408,ACC_001431,52.45,2025-12-02
ACC_000408,ACC_001431,52.73,2026-05-10
ACC_000408,ACC_001431,6.19,2026-05-12
ACC_000408,ACC_001431,66.45,2026-04-04
ACC_000408,ACC_001431,67.14,2026-02-14
ACC_000408,ACC_001431,67.60,2026-04-08
ACC_000408,ACC_001431,678.22,2026-01-11
ACC_000408,ACC_001431,678.23,2026-02-02
ACC_000408,ACC_001431,7.69,2025-11-24
ACC_000408,ACC_001431,7.80,2026-04-03
ACC_000408,ACC_001431,70.70,2025-08-01
ACC_000408,ACC_001431,73.60,2026-01-27
ACC_000408,ACC_001431,742.03,2026-02-28
ACC_000408,ACC_001431,753.52,2026-01-30
ACC_000408,ACC_001431,8.52,2026-04-26
ACC_000408,ACC_001431,82.26,2026-01-12
ACC_000408,ACC_001431,91.06,2026-05-25
ACC_000408,ACC_001431,94.23,2025-07-28
ACC_000408,ACC_001431,951.68,2025-08-09
ACC_000408,ACC_001433,487.50,2025-10-22
ACC_000408,ACC_001438,436.25,2026-01-25
ACC_000408,ACC_001438,49.90,2026-02-12
ACC_000408,ACC_001449,364.46,2025-12-25
ACC_000408,ACC_001455,133.73,2026-03-17
ACC_000408,ACC_001455,275.79,2026-04-03
ACC_000408,ACC_001455,62.02,2026-01-22
ACC_000408,ACC_001456,28.45,2026-04-16
ACC_000408,ACC_001456,517.07,2025-12-28
ACC_000408,ACC_001459,106.26,2025-08-09
ACC_000408,ACC_001459,18.39,2025-08-15
ACC_000408,ACC_001459,193.04,2025-11-12
ACC_000408,ACC_001473,3.34,2025-09-14
ACC_000408,ACC_001473,43.60,2025-09-01
ACC_000408,ACC_001473,6.75,2025-08-27
ACC_000408,ACC_001479,136.87,2025-12-14
ACC_000408,ACC_001482,357.66,2025-07-19
ACC_000408,ACC_001482,42.28,2025-07-30
ACC_000408,ACC_001482,477.45,2026-04-08
ACC_000408,ACC_001482,67.43,2025-08-03
ACC_000408,ACC_001482,88.68,2026-04-21
ACC_000408,ACC_001483,130.04,2026-01-30
ACC_000408,ACC_001483,9.28,2026-01-31
ACC_000408,ACC_001485,105.64,2026-02-04
ACC_000408,ACC_001485,119.66,2025-09-01
ACC_000408,ACC_001485,12.79,2026-01-03
ACC_000408,ACC_001485,17.39,2026-02-03
ACC_000408,ACC_001485,176.10,2025-08-22
ACC_000408,ACC_001485,18.10,2026-01-17
ACC_000408,ACC_001485,18.95,2025-09-23
ACC_000408,ACC_001485,217.83,2026-02-15
ACC_000408,ACC_001485,252.13,2026-03-19
ACC_000408,ACC_001485,254.40,2026-01-13
ACC_000408,ACC_001485,31.22,2025-08-16
ACC_000408,ACC_001485,321.72,2025-10-09
ACC_000408,ACC_001485,342.37,2025-08-22
ACC_000408,ACC_001485,346.74,2026-01-22
ACC_000408,ACC_001485,36.27,2026-01-10
ACC_000408,ACC_001485,36.97,2026-01-12
ACC_000408,ACC_001485,40.37,2026-03-06
ACC_000408,ACC_001485,43.09,2026-02-16
ACC_000408,ACC_001485,44.68,2026-02-07
ACC_000408,ACC_001485,46.54,2026-03-10
ACC_000408,ACC_001485,9.31,2025-09-01
ACC_000408,ACC_001485,9.51,2025-08-27
ACC_000408,ACC_001487,11.55,2026-05-29
ACC_000408,ACC_001487,14.70,2026-05-20
ACC_000408,ACC_001487,86.59,2026-05-16
ACC_000408,ACC_001499,11.24,2026-05-14
ACC_000408,ACC_001499,111.24,2026-06-04
ACC_000408,ACC_001499,135.33,2026-02-25
ACC_000408,ACC_001499,140.19,2025-12-10
ACC_000408,ACC_001499,233.78,2026-02-20
ACC_000408,ACC_001499,312.68,2026-01-25
ACC_000408,ACC_001499,41.91,2026-04-15
ACC_000408,ACC_001499,42.88,2026-02-21
ACC_000408,ACC_001499,46.87,2025-08-19
ACC_000408,ACC_001499,58.79,2026-05-12
ACC_000408,ACC_001499,610.19,2026-05-18
ACC_000408,ACC_001499,734.77,2025-08-08
ACC_000408,ACC_001499,8.65,2026-05-09
ACC_000408,ACC_001500,13.07,2025-12-12
ACC_000408,ACC_001500,13.73,2026-02-15
ACC_000408,ACC_001500,14.99,2025-10-26
ACC_000408,ACC_001500,16.58,2025-11-29
ACC_000408,ACC_001500,178.19,2025-11-30
ACC_000408,ACC_001500,29.97,2026-02-07
ACC_000408,ACC_001500,362.94,2025-11-15
ACC_000408,ACC_001500,553.45,2025-12-28
ACC_000408,ACC_001500,647.58,2025-10-26
ACC_000408,ACC_001500,92.67,2025-10-16
ACC_000408,ACC_001505,16.79,2025-09-11
ACC_000408,ACC_001505,92.83,2025-08-31
ACC_000408,ACC_001508,662.56,2025-12-30
ACC_000408,ACC_001514,371.63,2026-02-14
ACC_000408,ACC_001515,38.21,2026-02-27
ACC_000408,ACC_001516,51.41,2025-09-05
ACC_000408,ACC_001516,590.51,2025-08-26
ACC_000408,ACC_001542,22.26,2025-10-30
ACC_000408,ACC_001543,139.73,2025-09-14
ACC_000408,ACC_001543,14.07,2025-11-04
ACC_000408,ACC_001543,181.69,2025-10-29
ACC_000408,ACC_001543,22.90,2025-09-17
ACC_000408,ACC_001547,125.96,2025-08-15
ACC_000408,ACC_001547,142.74,2026-01-14
ACC_000408,ACC_001547,16.23,2026-01-16
ACC_000408,ACC_001547,499.83,2025-07-28
ACC_000408,ACC_001547,735.69,2025-08-12
ACC_000408,ACC_001547,8.84,2026-01-31
ACC_000408,ACC_001547,84.63,2025-08-11
ACC_000408,ACC_001595,277.02,2025-12-04
ACC_000408,ACC_001596,24.29,2025-11-21
ACC_000408,ACC_001598,26.79,2025-12-05
ACC_000409,ACC_001230,40.59,2026-01-21
ACC_000409,ACC_001231,398.31,2026-01-30
ACC_000409,ACC_001231,55.23,2026-02-04
ACC_000409,ACC_001248,48.89,2026-03-12
ACC_000409,ACC_001249,6.82,2026-03-12
ACC_000409,ACC_001252,3.86,2025-08-23
ACC_000409,ACC_001252,353.07,2025-07-31
ACC_000409,ACC_001252,445.71,2026-02-08
ACC_000409,ACC_001252,45.07,2025-08-08
ACC_000409,ACC_001252,52.73,2026-02-19
ACC_000409,ACC_001252,530.65,2025-09-11
ACC_000409,ACC_001252,7.77,2025-10-17
ACC_000409,ACC_001252,7.98,2025-10-17
ACC_000409,ACC_001252,71.39,2025-07-25
ACC_000409,ACC_001252,78.66,2025-09-20
ACC_000409,ACC_001252,8.61,2026-02-23
ACC_000409,ACC_001252,82.83,2025-10-03
ACC_000409,ACC_001264,46.42,2026-02-11
ACC_000409,ACC_001274,107.79,2025-12-18
ACC_000409,ACC_001274,12.28,2025-12-13
ACC_000409,ACC_001301,111.24,2026-04-06
ACC_000409,ACC_001301,140.52,2026-02-04
ACC_000409,ACC_001301,17.15,2025-07-22
ACC_000409,ACC_001301,213.46,2025-07-25
ACC_000409,ACC_001301,237.16,2025-09-21
ACC_000409,ACC_001301,26.16,2025-08-18
ACC_000409,ACC_001301,35.81,2025-09-16
ACC_000409,ACC_001301,42.35,2026-04-19
ACC_000409,ACC_001301,656.00,2026-04-06
ACC_000409,ACC_001302,11.64,2025-09-06
ACC_000409,ACC_001302,26.59,2025-09-23
ACC_000409,ACC_001302,30.43,2026-02-13
ACC_000409,ACC_001303,139.08,2025-09-24
ACC_000409,ACC_001303,417.15,2026-02-05
ACC_000409,ACC_001339,302.24,2026-03-18
ACC_000409,ACC_001339,40.52,2026-03-31
ACC_000409,ACC_001339,7.61,2026-04-22
ACC_000409,ACC_001339,9.68,2026-02-13
ACC_000409,ACC_001340,124.32,2026-02-12
ACC_000409,ACC_001340,139.16,2026-04-24
ACC_000409,ACC_001340,33.40,2026-04-01
ACC_000409,ACC_001348,13.07,2025-08-07
ACC_000409,ACC_001348,36.03,2025-08-28
ACC_000409,ACC_001349,244.82,2025-09-14
ACC_000409,ACC_001349,28.35,2025-08-24
ACC_000409,ACC_001349,533.83,2025-08-18
ACC_000409,ACC_001349,89.24,2025-08-19
ACC_000409,ACC_001350,635.57,2026-01-25
ACC_000409,ACC_001354,1.17,2026-05-11
ACC_000409,ACC_001354,21.46,2026-04-25
ACC_000409,ACC_001355,4.89,2025-11-12
ACC_000409,ACC_001355,440.98,2025-12-29
ACC_000409,ACC_001355,63.28,2025-11-17
ACC_000409,ACC_001356,105.23,2026-03-17
ACC_000409,ACC_001356,143.80,2025-08-12
ACC_000409,ACC_001364,200.00,2026-05-27
ACC_000409,ACC_001364,35.91,2026-05-08
ACC_000409,ACC_001364,38.45,2026-05-15
ACC_000409,ACC_001365,257.90,2025-12-24
ACC_000409,ACC_001365,28.40,2026-01-16
ACC_000409,ACC_001372,10.41,2026-06-04
ACC_000409,ACC_001372,105.17,2026-01-18
ACC_000409,ACC_001372,11.15,2026-02-23
ACC_000409,ACC_001372,11.35,2025-09-25
ACC_000409,ACC_001372,118.01,2026-01-31
ACC_000409,ACC_001372,133.21,2025-10-10
ACC_000409,ACC_001372,144.63,2025-10-23
ACC_000409,ACC_001372,15.46,2026-03-19
ACC_000409,ACC_001372,17.74,2025-10-07
ACC_000409,ACC_001372,192.95,2026-05-31
ACC_000409,ACC_001372,195.72,2026-02-20
ACC_000409,ACC_001372,21.04,2025-10-22
ACC_000409,ACC_001372,23.98,2025-10-02
ACC_000409,ACC_001372,28.92,2026-03-30
ACC_000409,ACC_001372,28.98,2026-03-08
ACC_000409,ACC_001372,290.72,2025-08-10
ACC_000409,ACC_001372,3.48,2026-03-24
ACC_000409,ACC_001372,306.84,2025-09-28
ACC_000409,ACC_001372,312.74,2025-12-19
ACC_000409,ACC_001372,318.06,2026-04-10
ACC_000409,ACC_001372,34.21,2026-03-28
ACC_000409,ACC_001372,40.14,2026-03-25
ACC_000409,ACC_001372,43.85,2026-04-01
ACC_000409,ACC_001372,49.18,2026-03-23
ACC_000409,ACC_001372,5.98,2025-09-16
ACC_000409,ACC_001372,56.69,2025-09-15
ACC_000409,ACC_001372,627.30,2026-03-29
ACC_000409,ACC_001372,7.55,2026-03-26
ACC_000409,ACC_001372,91.01,2026-04-05
ACC_000409,ACC_001372,93.27,2026-03-26
ACC_000409,ACC_001374,123.37,2025-07-29
ACC_000409,ACC_001374,24.20,2025-08-16
ACC_000409,ACC_001374,344.18,2025-09-11
ACC_000409,ACC_001375,24.49,2025-07-27
ACC_000409,ACC_001388,10.46,2025-11-11
ACC_000409,ACC_001388,11.83,2025-11-09
ACC_000409,ACC_001388,143.79,2025-11-08
ACC_000409,ACC_001388,16.87,2025-11-24
ACC_000409,ACC_001388,216.87,2026-03-09
ACC_000409,ACC_001388,24.90,2026-03-22
ACC_000409,ACC_001388,255.37,2025-10-29
ACC_000409,ACC_001388,46.60,2025-11-18
ACC_000409,ACC_001388,573.25,2025-11-29
ACC_000409,ACC_001388,60.18,2025-11-22
ACC_000409,ACC_001388,68.97,2025-12-09
ACC_000409,ACC_001388,78.79,2025-11-06
ACC_000409,ACC_001416,540.07,2026-02-08
ACC_000409,ACC_001417,180.74,2026-04-14
ACC_000409,ACC_001417,31.22,2026-04-04
ACC_000409,ACC_001417,34.25,2026-04-02
ACC_000409,ACC_001420,127.22,2026-03-04
ACC_000409,ACC_001420,22.27,2026-03-04
ACC_000409,ACC_001420,24.50,2026-04-01
ACC_000409,ACC_001431,10.05,2026-04-24
ACC_000409,ACC_001431,10.14,2025-08-25
ACC_000409,ACC_001431,10.83,2025-08-12
ACC_000409,ACC_001431,10.84,2025-10-19
ACC_000409,ACC_001431,10.89,2025-11-28
ACC_000409,ACC_001431,100.69,2026-04-01
ACC_000409,ACC_001431,105.09,2026-03-08
ACC_000409,ACC_001431,106.83,2026-01-05
ACC_000409,ACC_001431,11.39,2025-08-12
ACC_000409,ACC_001431,11.82,2025-08-13
ACC_000409,ACC_001431,1159.17,2025-08-05
ACC_000409,ACC_001431,124.90,2025-10-07
ACC_000409,ACC_001431,13.09,2025-12-15
ACC_000409,ACC_001431,13.40,2026-02-26
ACC_000409,ACC_001431,13.70,2026-05-26
ACC_000409,ACC_001431,13.79,2025-09-12
ACC_000409,ACC_001431,14.94,2025-09-18
ACC_000409,ACC_001431,149.04,2026-03-29
ACC_000409,ACC_001431,155.91,2025-08-27
ACC_000409,ACC_001431,16.44,2025-09-03
ACC_000409,ACC_001431,16.55,2026-02-13
ACC_000409,ACC_001431,165.28,2026-02-05
ACC_000409,ACC_001431,17.33,2025-12-21
ACC_000409,ACC_001431,18.57,2026-02-21
ACC_000409,ACC_001431,188.21,2025-08-02
ACC_000409,ACC_001431,19.06,2025-12-19
ACC_000409,ACC_001431,20.48,2025-11-29
ACC_000409,ACC_001431,20.68,2026-03-31
ACC_000409,ACC_001431,20.93,2026-05-13
ACC_000409,ACC_001431,20.97,2026-04-27
ACC_000409,ACC_001431,206.74,2025-10-19
ACC_000409,ACC_001431,21.28,2026-02-06
ACC_000409,ACC_001431,218.24,2026-01-20
ACC_000409,ACC_001431,219.98,2025-08-25
ACC_000409,ACC_001431,220.57,2025-12-08
ACC_000409,ACC_001431,243.16,2025-12-05
ACC_000409,ACC_001431,244.92,2026-01-28
ACC_000409,ACC_001431,249.93,2026-01-15
ACC_000409,ACC_001431,25.73,2026-04-19
ACC_000409,ACC_001431,251.58,2026-04-24
ACC_000409,ACC_001431,255.31,2025-12-11
ACC_000409,ACC_001431,259.26,2026-05-13
ACC_000409,ACC_001431,26.43,2026-04-12
ACC_000409,ACC_001431,26.65,2025-12-12
ACC_000409,ACC_001431,26.70,2025-11-20
ACC_000409,ACC_001431,267.35,2026-05-06
ACC_000409,ACC_001431,268.47,2025-09-21
ACC_000409,ACC_001431,270.17,2026-05-19
ACC_000409,ACC_001431,270.33,2026-04-22
ACC_000409,ACC_001431,274.67,2025-09-10
ACC_000409,ACC_001431,28.63,2025-10-25
ACC_000409,ACC_001431,297.12,2026-04-13
ACC_000409,ACC_001431,3.38,2026-04-30
ACC_000409,ACC_001431,303.93,2025-11-12
ACC_000409,ACC_001431,308.58,2025-07-28
ACC_000409,ACC_001431,319.43,2025-11-16
ACC_000409,ACC_001431,333.58,2026-03-24
ACC_000409,ACC_001431,334.00,2025-09-30
ACC_000409,ACC_001431,35.97,2026-03-30
ACC_000409,ACC_001431,352.76,2025-09-28
ACC_000409,ACC_001431,359.16,2026-05-10
ACC_000409,ACC_001431,36.50,2025-10-01
ACC_000409,ACC_001431,36.80,2025-11-06
ACC_000409,ACC_001431,368.39,2025-07-29
ACC_000409,ACC_001431,38.49,2026-04-12
ACC_000409,ACC_001431,38.60,2025-11-07
ACC_000409,ACC_001431,39.45,2026-06-09
ACC_000409,ACC_001431,39.81,2026-04-22
ACC_000409,ACC_001431,4.36,2025-08-24
ACC_000409,ACC_001431,40.91,2026-06-13
ACC_000409,ACC_001431,41.00,2026-01-12
ACC_000409,ACC_001431,41.68,2026-05-26
ACC_000409,ACC_001431,419.34,2025-10-10
ACC_000409,ACC_001431,42.48,2025-12-23
ACC_000409,ACC_001431,432.93,2025-09-10
ACC_000409,ACC_001431,437.84,2025-09-18
ACC_000409,ACC_001431,46.93,2026-04-22
ACC_000409,ACC_001431,486.25,2025-10-16
ACC_000409,ACC_001431,5.60,2026-01-20
ACC_000409,ACC_001431,50.34,2026-05-05
ACC_000409,ACC_001431,53.20,2026-05-02
ACC_000409,ACC_001431,539.68,2025-09-19
ACC_000409,ACC_001431,54.42,2026-01-16
ACC_000409,ACC_001431,571.80,2025-11-30
ACC_000409,ACC_001431,59.41,2026-04-18
ACC_000409,ACC_001431,6.15,2026-01-17
ACC_000409,ACC_001431,6.56,2026-04-25
ACC_000409,ACC_001431,6.78,2026-04-11
ACC_000409,ACC_001431,62.45,2025-08-07
ACC_000409,ACC_001431,64.63,2025-10-09
ACC_000409,ACC_001431,66.32,2025-08-23
ACC_000409,ACC_001431,7.31,2026-01-27
ACC_000409,ACC_001431,70.45,2025-09-08
ACC_000409,ACC_001431,72.17,2025-08-31
ACC_000409,ACC_001431,72.27,2025-12-11
ACC_000409,ACC_001431,72.91,2026-05-04
ACC_000409,ACC_001431,73.65,2025-09-22
ACC_000409,ACC_001431,74.47,2026-01-15
ACC_000409,ACC_001431,75.23,2025-12-26
ACC_000409,ACC_001431,763.58,2026-03-01
ACC_000409,ACC_001431,768.07,2025-09-30
ACC_000409,ACC_001431,8.01,2026-06-01
ACC_000409,ACC_001431,8.57,2026-04-13
ACC_000409,ACC_001431,80.20,2026-01-21
ACC_000409,ACC_001431,80.78,2025-12-07
ACC_000409,ACC_001431,82.30,2025-09-30
ACC_000409,ACC_001431,82.94,2025-09-05
ACC_000409,ACC_001431,841.38,2025-10-20
ACC_000409,ACC_001431,85.59,2025-09-24
ACC_000409,ACC_001431,850.97,2025-10-28
ACC_000409,ACC_001431,88.95,2026-03-26
ACC_000409,ACC_001431,887.59,2025-07-10
ACC_000409,ACC_001431,9.96,2025-12-03
ACC_000409,ACC_001431,94.25,2026-05-25
ACC_000409,ACC_001431,98.03,2025-08-31
ACC_000409,ACC_001436,67.04,2026-02-02
ACC_000409,ACC_001438,43.70,2025-09-10
ACC_000409,ACC_001441,351.99,2025-12-05
ACC_000409,ACC_001441,44.86,2025-11-25
ACC_000409,ACC_001472,682.59,2025-12-28
ACC_000409,ACC_001482,24.68,2025-12-14
ACC_000409,ACC_001482,26.68,2025-09-22
ACC_000409,ACC_001482,274.18,2025-11-17
ACC_000409,ACC_001482,35.82,2025-11-21
ACC_000409,ACC_001484,13.98,2026-06-11
ACC_000409,ACC_001484,241.70,2026-05-22
ACC_000409,ACC_001484,399.10,2026-02-01
ACC_000409,ACC_001484,66.24,2026-02-09
ACC_000409,ACC_001485,2.51,2026-01-24
ACC_000409,ACC_001485,41.27,2026-01-13
ACC_000409,ACC_001485,535.47,2026-01-26
ACC_000409,ACC_001485,609.97,2025-09-08
ACC_000409,ACC_001485,7.96,2025-09-16
ACC_000409,ACC_001485,70.41,2025-09-08
ACC_000409,ACC_001486,48.79,2026-03-03
ACC_000409,ACC_001486,6.29,2026-02-22
ACC_000409,ACC_001486,7.10,2026-02-10
ACC_000409,ACC_001498,255.72,2026-03-27
ACC_000409,ACC_001498,45.13,2026-04-15
ACC_000409,ACC_001498,56.36,2026-04-11
ACC_000409,ACC_001499,11.67,2026-05-11
ACC_000409,ACC_001499,129.77,2025-11-29
ACC_000409,ACC_001499,150.06,2026-01-16
ACC_000409,ACC_001499,18.09,2026-05-17
ACC_000409,ACC_001499,223.90,2025-11-16
ACC_000409,ACC_001499,23.07,2026-05-10
ACC_000409,ACC_001499,92.81,2026-05-28
ACC_000409,ACC_001500,12.97,2025-12-10
ACC_000409,ACC_001500,122.72,2026-04-15
ACC_000409,ACC_001500,123.35,2026-02-05
ACC_000409,ACC_001500,184.33,2026-05-11
ACC_000409,ACC_001500,20.01,2026-04-29
ACC_000409,ACC_001500,205.64,2025-08-27
ACC_000409,ACC_001500,26.35,2025-12-05
ACC_000409,ACC_001500,322.13,2025-09-19
ACC_000409,ACC_001500,330.31,2026-05-01
ACC_000409,ACC_001500,35.86,2025-08-22
ACC_000409,ACC_001500,42.43,2025-07-28
ACC_000409,ACC_001500,54.58,2025-09-16
ACC_000409,ACC_001500,7.95,2025-11-24
ACC_000409,ACC_001500,80.20,2025-11-25
ACC_000409,ACC_001537,37.38,2025-08-01
ACC_000409,ACC_001537,372.27,2025-08-13
ACC_000409,ACC_001543,751.07,2025-07-18
ACC_000409,ACC_001546,286.24,2026-03-25
ACC_000409,ACC_001547,286.24,2026-04-11
ACC_000409,ACC_001547,31.36,2026-03-23
ACC_000409,ACC_001550,11.20,2026-03-13
ACC_000409,ACC_001551,6.15,2026-04-06
ACC_000409,ACC_001551,67.32,2026-04-03
ACC_000409,ACC_001570,226.55,2025-11-14
ACC_000409,ACC_001572,239.59,2025-12-01
ACC_000409,ACC_001572,36.86,2025-12-05
ACC_000410,ACC_001228,291.60,2026-02-08
ACC_000410,ACC_001228,35.57,2026-02-06
ACC_000410,ACC_001233,170.31,2025-09-10
ACC_000410,ACC_001245,155.68,2026-04-15
ACC_000410,ACC_001245,22.55,2026-04-12
ACC_000410,ACC_001252,1072.81,2026-02-26
ACC_000410,ACC_001252,174.60,2026-03-18
ACC_000410,ACC_001252,770.90,2025-10-31
ACC_000410,ACC_001252,961.56,2025-12-11
ACC_000410,ACC_001287,597.10,2026-05-14
ACC_000410,ACC_001288,52.86,2026-05-18
ACC_000410,ACC_001289,397.11,2026-04-25
ACC_000410,ACC_001292,155.43,2026-04-21
ACC_000410,ACC_001292,198.96,2026-01-02
ACC_000410,ACC_001292,23.54,2026-06-03
ACC_000410,ACC_001292,252.83,2026-05-07
ACC_000410,ACC_001292,285.36,2026-05-03
ACC_000410,ACC_001292,33.59,2025-10-13
ACC_000410,ACC_001292,358.10,2025-12-24
ACC_000410,ACC_001292,38.88,2025-10-09
ACC_000410,ACC_001292,49.53,2026-05-22
ACC_000410,ACC_001292,591.18,2026-03-11
ACC_000410,ACC_001292,60.25,2025-09-27
ACC_000410,ACC_001292,669.00,2026-04-24
ACC_000410,ACC_001292,681.36,2026-03-07
ACC_000410,ACC_001292,69.73,2025-09-23
ACC_000410,ACC_001292,88.35,2026-03-29
ACC_000410,ACC_001292,898.89,2025-12-29
ACC_000410,ACC_001292,90.67,2026-03-17
ACC_000410,ACC_001293,101.83,2026-03-25
ACC_000410,ACC_001293,121.14,2026-04-25
ACC_000410,ACC_001293,130.69,2026-01-06
ACC_000410,ACC_001293,25.64,2025-08-25
ACC_000410,ACC_001293,26.56,2026-05-30
ACC_000410,ACC_001293,285.36,2025-12-20
ACC_000410,ACC_001293,321.89,2025-09-10
ACC_000410,ACC_001293,33.97,2025-08-21
ACC_000410,ACC_001293,426.40,2025-09-06
ACC_000410,ACC_001293,43.51,2026-04-17
ACC_000410,ACC_001293,43.89,2026-05-26
ACC_000410,ACC_001293,431.65,2025-09-30
ACC_000410,ACC_001293,443.10,2026-04-20
ACC_000410,ACC_001293,499.61,2025-09-26
ACC_000410,ACC_001293,65.68,2026-04-21
ACC_000410,ACC_001293,65.91,2026-03-17
ACC_000410,ACC_001293,78.67,2026-03-21
ACC_000410,ACC_001293,81.74,2026-03-21
ACC_000410,ACC_001293,833.89,2026-01-02
ACC_000410,ACC_001297,14.27,2026-01-23
ACC_000410,ACC_001297,96.54,2026-02-10
ACC_000410,ACC_001301,582.19,2026-03-29
ACC_000410,ACC_001301,73.45,2026-03-29
ACC_000410,ACC_001308,131.84,2025-10-15
ACC_000410,ACC_001308,156.95,2025-10-14
ACC_000410,ACC_001308,945.25,2025-10-11
ACC_000410,ACC_001318,12.88,2025-12-28
ACC_000410,ACC_001318,221.63,2026-01-13
ACC_000410,ACC_001338,315.98,2026-03-08
ACC_000410,ACC_001343,449.38,2025-11-07
ACC_000410,ACC_001343,751.39,2026-05-06
ACC_000410,ACC_001343,89.33,2025-11-04
ACC_000410,ACC_001348,3.03,2026-04-16
ACC_000410,ACC_001348,36.12,2026-04-24
ACC_000410,ACC_001348,423.88,2026-01-07
ACC_000410,ACC_001348,440.05,2026-04-16
ACC_000410,ACC_001349,180.75,2025-08-04
ACC_000410,ACC_001349,229.83,2025-10-22
ACC_000410,ACC_001349,3.08,2026-04-30
ACC_000410,ACC_001354,1118.64,2026-04-10
ACC_000410,ACC_001354,35.87,2026-03-13
ACC_000410,ACC_001354,355.64,2026-03-17
ACC_000410,ACC_001354,39.49,2026-04-06
ACC_000410,ACC_001354,70.33,2026-04-07
ACC_000410,ACC_001355,17.64,2025-11-15
ACC_000410,ACC_001356,118.49,2025-11-23
ACC_000410,ACC_001365,398.98,2025-08-09
ACC_000410,ACC_001365,4.26,2026-06-14
ACC_000410,ACC_001365,4.42,2026-05-25
ACC_000410,ACC_001365,40.35,2025-08-19
ACC_000410,ACC_001365,77.37,2025-08-09
ACC_000410,ACC_001365,83.85,2026-06-11
ACC_000410,ACC_001366,101.84,2025-10-11
ACC_000410,ACC_001366,112.35,2025-09-28
ACC_000410,ACC_001366,1148.70,2025-10-08
ACC_000410,ACC_001366,126.00,2026-01-14
ACC_000410,ACC_001366,1307.96,2025-12-06
ACC_000410,ACC_001366,1394.25,2026-02-05
ACC_000410,ACC_001366,156.78,2025-09-24
ACC_000410,ACC_001366,190.30,2025-08-24
ACC_000410,ACC_001366,274.03,2025-12-14
ACC_000410,ACC_001366,274.95,2025-09-07
ACC_000410,ACC_001366,303.66,2026-06-07
ACC_000410,ACC_001366,326.00,2025-08-28
ACC_000410,ACC_001366,38.75,2026-01-02
ACC_000410,ACC_001366,41.06,2026-04-23
ACC_000410,ACC_001366,44.44,2025-12-21
ACC_000410,ACC_001366,457.61,2025-09-11
ACC_000410,ACC_001366,466.53,2025-12-18
ACC_000410,ACC_001366,48.54,2025-12-09
ACC_000410,ACC_001366,604.51,2025-07-23
ACC_000410,ACC_001366,61.66,2026-04-27
ACC_000410,ACC_001366,649.45,2025-07-27
ACC_000410,ACC_001366,66.59,2025-12-17
ACC_000410,ACC_001366,67.20,2025-12-13
ACC_000410,ACC_001366,68.15,2026-02-18
ACC_000410,ACC_001366,69.49,2025-09-18
ACC_000410,ACC_001366,7.61,2026-02-04
ACC_000410,ACC_001366,74.49,2026-02-22
ACC_000410,ACC_001366,750.06,2025-10-20
ACC_000410,ACC_001366,780.43,2025-12-02
ACC_000410,ACC_001366,79.18,2026-01-10
ACC_000410,ACC_001366,810.68,2025-10-04
ACC_000410,ACC_001366,876.24,2026-02-01
ACC_000410,ACC_001367,10.77,2025-09-05
ACC_000410,ACC_001367,11.17,2026-01-17
ACC_000410,ACC_001367,122.75,2026-01-16
ACC_000410,ACC_001367,17.43,2026-01-21
ACC_000410,ACC_001367,208.83,2026-04-01
ACC_000410,ACC_001367,250.48,2025-12-18
ACC_000410,ACC_001367,313.61,2026-04-05
ACC_000410,ACC_001367,336.98,2025-12-14
ACC_000410,ACC_001367,380.19,2026-06-11
ACC_000410,ACC_001367,4.87,2026-01-31
ACC_000410,ACC_001367,41.76,2025-09-14
ACC_000410,ACC_001367,42.40,2025-12-29
ACC_000410,ACC_001367,48.62,2025-12-17
ACC_000410,ACC_001367,7.72,2025-09-09
ACC_000410,ACC_001367,71.87,2025-10-07
ACC_000410,ACC_001367,735.25,2025-10-24
ACC_000410,ACC_001367,78.64,2026-01-12
ACC_000410,ACC_001367,92.19,2025-12-21
ACC_000410,ACC_001370,100.19,2025-11-30
ACC_000410,ACC_001371,1152.62,2025-11-12
ACC_000410,ACC_001372,1118.82,2025-11-04
ACC_000410,ACC_001372,170.27,2025-11-23
ACC_000410,ACC_001372,21.65,2025-11-25
ACC_000410,ACC_001372,321.66,2025-11-13
ACC_000410,ACC_001372,39.69,2026-03-07
ACC_000410,ACC_001372,390.73,2025-12-02
ACC_000410,ACC_001372,402.89,2025-08-05
ACC_000410,ACC_001372,42.93,2025-08-21
ACC_000410,ACC_001372,424.14,2026-05-14
ACC_000410,ACC_001372,45.51,2025-08-13
ACC_000410,ACC_001372,511.65,2026-03-24
ACC_000410,ACC_001372,52.28,2025-12-10
ACC_000410,ACC_001372,55.16,2025-11-30
ACC_000410,ACC_001372,59.50,2026-05-17
ACC_000410,ACC_001372,76.95,2025-12-10
ACC_000410,ACC_001372,86.48,2025-11-07
ACC_000410,ACC_001372,97.47,2026-02-27
ACC_000410,ACC_001374,10.31,2026-02-13
ACC_000410,ACC_001374,24.59,2025-12-10
ACC_000410,ACC_001374,309.87,2025-12-21
ACC_000410,ACC_001374,547.37,2025-09-24
ACC_000410,ACC_001374,96.66,2026-01-18
ACC_000410,ACC_001375,88.52,2025-10-01
ACC_000410,ACC_001376,170.50,2026-01-13
ACC_000410,ACC_001381,5.97,2025-08-30
ACC_000410,ACC_001381,68.75,2026-03-23
ACC_000410,ACC_001381,88.70,2025-09-07
ACC_000410,ACC_001382,487.34,2026-03-11
ACC_000410,ACC_001388,25.70,2025-09-02
ACC_000410,ACC_001388,26.67,2026-04-12
ACC_000410,ACC_001388,406.08,2026-04-07
ACC_000410,ACC_001388,462.24,2025-08-10
ACC_000410,ACC_001388,66.18,2025-08-28
ACC_000410,ACC_001388,72.89,2026-02-01
ACC_000410,ACC_001411,453.32,2025-10-28
ACC_000410,ACC_001411,48.16,2025-10-29
ACC_000410,ACC_001415,407.39,2026-01-23
ACC_000410,ACC_001415,45.71,2025-10-26
ACC_000410,ACC_001416,329.35,2025-11-03
ACC_000410,ACC_001416,34.54,2025-11-15
ACC_000410,ACC_001418,381.06,2025-09-10
ACC_000410,ACC_001430,594.94,2026-05-18
ACC_000410,ACC_001430,99.91,2026-05-19
ACC_000410,ACC_001431,10.98,2025-10-16
ACC_000410,ACC_001431,100.55,2025-09-07
ACC_000410,ACC_001431,106.75,2026-01-16
ACC_000410,ACC_001431,107.48,2025-11-03
ACC_000410,ACC_001431,11.72,2026-04-06
ACC_000410,ACC_001431,110.37,2026-03-31
ACC_000410,ACC_001431,115.43,2026-01-21
ACC_000410,ACC_001431,118.12,2025-11-01
ACC_000410,ACC_001431,118.16,2026-03-30
ACC_000410,ACC_001431,118.51,2026-04-18
ACC_000410,ACC_001431,132.35,2026-02-07
ACC_000410,ACC_001431,142.04,2025-10-25
ACC_000410,ACC_001431,1583.71,2026-01-06
ACC_000410,ACC_001431,1599.86,2026-02-04
ACC_000410,ACC_001431,17.19,2025-08-12
ACC_000410,ACC_001431,178.13,2025-10-12
ACC_000410,ACC_001431,178.38,2025-08-04
ACC_000410,ACC_001431,18.15,2025-12-27
ACC_000410,ACC_001431,20.06,2026-01-04
ACC_000410,ACC_001431,21.27,2025-12-27
ACC_000410,ACC_001431,22.83,2025-10-31
ACC_000410,ACC_001431,22.86,2026-04-21
ACC_000410,ACC_001431,233.03,2026-01-10
ACC_000410,ACC_001431,233.43,2025-10-28
ACC_000410,ACC_001431,257.17,2026-04-19
ACC_000410,ACC_001431,288.45,2025-08-10
ACC_000410,ACC_001431,308.25,2026-01-26
ACC_000410,ACC_001431,32.71,2025-10-27
ACC_000410,ACC_001431,34.08,2025-09-04
ACC_000410,ACC_001431,34.47,2025-12-24
ACC_000410,ACC_001431,34.67,2026-04-13
ACC_000410,ACC_001431,341.50,2026-02-19
ACC_000410,ACC_001431,35.54,2025-10-10
ACC_000410,ACC_001431,351.65,2026-05-01
ACC_000410,ACC_001431,365.95,2025-07-29
ACC_000410,ACC_001431,37.70,2026-04-16
ACC_000410,ACC_001431,371.61,2025-09-19
ACC_000410,ACC_001431,393.18,2026-06-09
ACC_000410,ACC_001431,397.50,2026-03-03
ACC_000410,ACC_001431,44.56,2026-06-10
ACC_000410,ACC_001431,45.77,2025-10-31
ACC_000410,ACC_001431,454.89,2026-01-02
ACC_000410,ACC_001431,466.98,2025-12-22
ACC_000410,ACC_001431,5.49,2026-04-19
ACC_000410,ACC_001431,503.86,2025-10-29
ACC_000410,ACC_001431,52.87,2026-01-11
ACC_000410,ACC_001431,52.96,2026-05-01
ACC_000410,ACC_001431,551.28,2025-12-30
ACC_000410,ACC_001431,56.17,2025-10-02
ACC_000410,ACC_001431,584.58,2026-03-24
ACC_000410,ACC_001431,592.05,2025-09-07
ACC_000410,ACC_001431,6.23,2026-01-01
ACC_000410,ACC_001431,60.81,2026-04-12
ACC_000410,ACC_001431,613.27,2025-10-28
ACC_000410,ACC_001431,68.70,2025-08-15
ACC_000410,ACC_001431,7.31,2026-02-04
ACC_000410,ACC_001431,717.86,2026-03-06
ACC_000410,ACC_001431,730.36,2026-02-18
ACC_000410,ACC_001431,761.41,2025-08-02
ACC_000410,ACC_001431,78.13,2025-12-16
ACC_000410,ACC_001431,78.20,2026-04-12
ACC_000410,ACC_001431,8.91,2026-04-16
ACC_000410,ACC_001431,847.82,2026-01-30
ACC_000410,ACC_001431,893.34,2026-06-05
ACC_000410,ACC_001431,91.05,2025-10-03
ACC_000410,ACC_001431,927.28,2026-03-26
ACC_000410,ACC_001431,933.23,2025-09-02
ACC_000410,ACC_001431,94.21,2026-01-24
ACC_000410,ACC_001431,95.14,2025-10-11
ACC_000410,ACC_001438,120.52,2026-04-22
ACC_000410,ACC_001438,301.19,2025-09-23
ACC_000410,ACC_001438,34.24,2025-09-21
ACC_000410,ACC_001438,39.72,2025-10-01
ACC_000410,ACC_001438,415.87,2025-08-28
ACC_000410,ACC_001438,630.97,2026-04-04
ACC_000410,ACC_001438,75.63,2026-03-26
ACC_000410,ACC_001438,876.77,2026-02-10
ACC_000410,ACC_001453,549.92,2025-09-01
ACC_000410,ACC_001453,83.70,2025-08-28
ACC_000410,ACC_001464,32.57,2026-04-09
ACC_000410,ACC_001464,354.05,2025-10-09
ACC_000410,ACC_001464,617.70,2026-04-12
ACC_000410,ACC_001464,69.18,2025-09-25
ACC_000410,ACC_001465,38.09,2026-04-24
ACC_000410,ACC_001468,14.28,2025-10-05
ACC_000410,ACC_001468,15.77,2025-09-20
ACC_000410,ACC_001468,167.18,2025-09-13
ACC_000410,ACC_001482,1205.78,2025-10-29
ACC_000410,ACC_001484,263.27,2026-05-08
ACC_000410,ACC_001484,30.71,2026-05-09
ACC_000410,ACC_001484,42.66,2025-12-20
ACC_000410,ACC_001484,47.42,2026-04-29
ACC_000410,ACC_001484,753.92,2025-12-13
ACC_000410,ACC_001485,10.27,2026-01-09
ACC_000410,ACC_001485,58.34,2026-01-01
ACC_000410,ACC_001488,234.54,2026-05-22
ACC_000410,ACC_001488,43.07,2026-05-19
ACC_000410,ACC_001494,157.02,2025-12-03
ACC_000410,ACC_001494,177.07,2025-10-26
ACC_000410,ACC_001494,18.54,2025-09-10
ACC_000410,ACC_001494,180.58,2025-09-13
ACC_000410,ACC_001494,20.26,2025-12-21
ACC_000410,ACC_001494,21.43,2025-09-13
ACC_000410,ACC_001494,223.29,2025-09-08
ACC_000410,ACC_001494,243.95,2025-11-10
ACC_000410,ACC_001494,248.63,2026-01-02
ACC_000410,ACC_001494,257.84,2026-01-16
ACC_000410,ACC_001494,26.65,2025-07-26
ACC_000410,ACC_001494,28.49,2025-09-14
ACC_000410,ACC_001494,280.27,2025-10-30
ACC_000410,ACC_001494,281.70,2026-04-25
ACC_000410,ACC_001494,305.68,2026-02-03
ACC_000410,ACC_001494,318.37,2025-12-07
ACC_000410,ACC_001494,32.03,2025-07-17
ACC_000410,ACC_001494,333.37,2026-01-20
ACC_000410,ACC_001494,334.20,2026-05-12
ACC_000410,ACC_001494,40.55,2026-03-21
ACC_000410,ACC_001494,457.11,2026-02-07
ACC_000410,ACC_001494,466.42,2025-11-16
ACC_000410,ACC_001494,47.55,2026-03-17
ACC_000410,ACC_001494,477.41,2025-11-12
ACC_000410,ACC_001494,48.40,2025-12-05
ACC_000410,ACC_001494,508.80,2025-12-02
ACC_000410,ACC_001494,51.26,2025-12-23
ACC_000410,ACC_001494,6.86,2025-11-09
ACC_000410,ACC_001494,646.17,2026-03-11
ACC_000410,ACC_001494,688.38,2025-11-22
ACC_000410,ACC_001494,757.74,2026-03-07
ACC_000410,ACC_001494,86.43,2025-12-14
ACC_000410,ACC_001495,1115.09,2026-02-08
ACC_000410,ACC_001495,117.50,2025-09-09
ACC_000410,ACC_001495,13.07,2025-11-14
ACC_000410,ACC_001495,156.57,2025-07-17
ACC_000410,ACC_001495,18.75,2025-09-09
ACC_000410,ACC_001495,183.23,2025-07-21
ACC_000410,ACC_001495,19.17,2025-12-25
ACC_000410,ACC_001495,190.80,2026-05-08
ACC_000410,ACC_001495,20.68,2025-11-18
ACC_000410,ACC_001495,255.14,2025-09-12
ACC_000410,ACC_001495,262.73,2025-12-29
ACC_000410,ACC_001495,27.37,2025-07-13
ACC_000410,ACC_001495,276.61,2026-04-21
ACC_000410,ACC_001495,28.09,2026-05-29
ACC_000410,ACC_001495,31.19,2025-07-30
ACC_000410,ACC_001495,31.44,2026-05-08
ACC_000410,ACC_001495,310.54,2025-11-14
ACC_000410,ACC_001495,34.36,2025-11-29
ACC_000410,ACC_001495,35.17,2025-11-25
ACC_000410,ACC_001495,40.22,2026-05-08
ACC_000410,ACC_001495,40.96,2026-05-12
ACC_000410,ACC_001495,45.90,2025-11-15
ACC_000410,ACC_001495,45.95,2025-12-09
ACC_000410,ACC_001495,48.51,2025-12-27
ACC_000410,ACC_001495,483.05,2025-12-06
ACC_000410,ACC_001495,49.21,2026-06-02
ACC_000410,ACC_001495,50.72,2025-11-11
ACC_000410,ACC_001495,514.90,2026-02-04
ACC_000410,ACC_001495,55.06,2026-05-12
ACC_000410,ACC_001495,6.21,2025-11-13
ACC_000410,ACC_001495,672.55,2025-11-26
ACC_000410,ACC_001495,88.47,2025-12-10
ACC_000410,ACC_001499,175.33,2026-04-27
ACC_000410,ACC_001499,18.84,2026-04-06
ACC_000410,ACC_001499,22.55,2025-11-14
ACC_000410,ACC_001499,27.75,2026-04-05
ACC_000410,ACC_001499,32.57,2026-03-13
ACC_000410,ACC_001499,33.03,2026-05-08
ACC_000410,ACC_001499,34.26,2026-05-04
ACC_000410,ACC_001499,37.08,2025-11-06
ACC_000410,ACC_001499,479.62,2026-02-27
ACC_000410,ACC_001500,17.99,2026-04-27
ACC_000410,ACC_001500,216.14,2026-02-02
ACC_000410,ACC_001500,220.51,2026-05-04
ACC_000410,ACC_001500,232.71,2026-04-03
ACC_000410,ACC_001500,388.90,2025-10-31
ACC_000410,ACC_001501,161.90,2025-10-30
ACC_000410,ACC_001516,441.32,2026-03-22
ACC_000410,ACC_001516,77.38,2026-04-02
ACC_000410,ACC_001517,352.02,2026-02-28
ACC_000410,ACC_001519,24.72,2026-02-06
ACC_000410,ACC_001519,477.90,2026-02-04
ACC_000410,ACC_001519,60.13,2026-02-04
ACC_000410,ACC_001552,273.73,2026-05-31
ACC_000410,ACC_001553,1518.70,2026-05-09
ACC_000410,ACC_001568,126.52,2025-08-12
ACC_000411,ACC_001217,153.26,2025-09-27
ACC_000411,ACC_001227,29.24,2025-08-18
ACC_000411,ACC_001227,382.80,2025-09-02
ACC_000411,ACC_001233,103.94,2026-04-22
ACC_000411,ACC_001233,16.03,2026-05-12
ACC_000411,ACC_001234,6.53,2026-04-28
ACC_000411,ACC_001237,11.75,2026-05-28
ACC_000411,ACC_001237,223.09,2026-05-13
ACC_000411,ACC_001237,44.28,2026-05-20
ACC_000411,ACC_001252,32.02,2026-02-06
ACC_000411,ACC_001252,392.22,2025-11-05
ACC_000411,ACC_001252,442.46,2026-01-09
ACC_000411,ACC_001252,5.40,2025-11-22
ACC_000411,ACC_001252,73.47,2025-11-13
ACC_000411,ACC_001255,608.42,2025-11-27
ACC_000411,ACC_001263,344.24,2026-03-03
ACC_000411,ACC_001263,52.88,2026-03-15
ACC_000411,ACC_001264,31.71,2026-03-22
ACC_000411,ACC_001269,578.08,2025-09-22
ACC_000411,ACC_001292,25.84,2026-02-13
ACC_000411,ACC_001292,283.93,2026-03-02
ACC_000411,ACC_001292,33.53,2026-02-07
ACC_000411,ACC_001292,388.44,2026-05-08
ACC_000411,ACC_001292,389.40,2026-05-04
ACC_000411,ACC_001292,401.37,2026-02-10
ACC_000411,ACC_001292,47.71,2025-10-12
ACC_000411,ACC_001292,470.73,2026-02-14
ACC_000411,ACC_001292,49.76,2026-04-27
ACC_000411,ACC_001292,522.37,2025-08-20
ACC_000411,ACC_001292,612.07,2025-10-25
ACC_000411,ACC_001292,8.58,2026-05-15
ACC_000411,ACC_001292,82.38,2025-10-16
ACC_000411,ACC_001293,22.90,2026-02-17
ACC_000411,ACC_001293,28.59,2026-02-03
ACC_000411,ACC_001293,320.46,2026-02-26
ACC_000411,ACC_001293,33.98,2026-02-26
ACC_000411,ACC_001293,354.47,2025-10-21
ACC_000411,ACC_001293,36.09,2025-09-03
ACC_000411,ACC_001293,38.35,2026-02-22
ACC_000411,ACC_001293,39.12,2026-05-06
ACC_000411,ACC_001293,49.64,2026-05-01
ACC_000411,ACC_001293,5.84,2026-05-19
ACC_000411,ACC_001293,53.27,2025-09-06
ACC_000411,ACC_001293,54.04,2025-09-07
ACC_000411,ACC_001293,57.41,2026-05-02
ACC_000411,ACC_001293,782.27,2025-08-24
ACC_000411,ACC_001293,79.77,2025-09-10
ACC_000411,ACC_001301,55.24,2026-02-22
ACC_000411,ACC_001304,252.50,2025-08-25
ACC_000411,ACC_001320,1153.52,2026-04-24
ACC_000411,ACC_001320,132.39,2026-05-09
ACC_000411,ACC_001320,169.04,2026-05-15
ACC_000411,ACC_001339,441.63,2026-04-06
ACC_000411,ACC_001340,51.47,2026-04-14
ACC_000411,ACC_001340,773.65,2026-02-03
ACC_000411,ACC_001340,80.79,2026-03-29
ACC_000411,ACC_001348,1461.91,2026-05-27
ACC_000411,ACC_001348,165.03,2026-05-17
ACC_000411,ACC_001348,24.18,2025-09-17
ACC_000411,ACC_001349,177.86,2025-09-09
ACC_000411,ACC_001349,224.05,2026-05-21
ACC_000411,ACC_001349,39.15,2026-02-03
ACC_000411,ACC_001349,391.24,2025-07-14
ACC_000411,ACC_001350,351.07,2025-11-02
ACC_000411,ACC_001350,54.86,2025-11-11
ACC_000411,ACC_001352,284.65,2026-01-21
ACC_000411,ACC_001355,141.69,2025-08-18
ACC_000411,ACC_001355,337.50,2026-01-12
ACC_000411,ACC_001355,585.25,2026-06-09
ACC_000411,ACC_001355,61.15,2026-06-16
ACC_000411,ACC_001355,93.70,2025-12-05
ACC_000411,ACC_001356,14.88,2025-11-22
ACC_000411,ACC_001356,18.63,2025-12-12
ACC_000411,ACC_001356,29.17,2026-01-14
ACC_000411,ACC_001356,734.03,2025-08-12
ACC_000411,ACC_001366,10.16,2025-11-28
ACC_000411,ACC_001366,11.23,2026-01-23
ACC_000411,ACC_001366,145.03,2025-09-15
ACC_000411,ACC_001366,147.91,2026-03-30
ACC_000411,ACC_001366,15.83,2025-07-27
ACC_000411,ACC_001366,158.77,2026-01-29
ACC_000411,ACC_001366,169.58,2026-03-01
ACC_000411,ACC_001366,174.37,2026-01-25
ACC_000411,ACC_001366,196.52,2026-03-26
ACC_000411,ACC_001366,22.02,2025-11-07
ACC_000411,ACC_001366,22.23,2025-10-15
ACC_000411,ACC_001366,24.02,2026-01-05
ACC_000411,ACC_001366,26.38,2026-01-01
ACC_000411,ACC_001366,271.45,2025-09-18
ACC_000411,ACC_001366,289.47,2025-11-01
ACC_000411,ACC_001366,29.41,2026-03-28
ACC_000411,ACC_001366,29.75,2026-04-01
ACC_000411,ACC_001366,329.31,2025-11-19
ACC_000411,ACC_001366,353.88,2025-10-18
ACC_000411,ACC_001366,359.34,2025-08-05
ACC_000411,ACC_001366,38.00,2025-09-17
ACC_000411,ACC_001366,42.84,2026-02-28
ACC_000411,ACC_001366,45.36,2025-09-15
ACC_000411,ACC_001366,456.71,2026-02-14
ACC_000411,ACC_001366,49.70,2025-11-18
ACC_000411,ACC_001366,493.03,2025-10-14
ACC_000411,ACC_001366,50.16,2025-11-22
ACC_000411,ACC_001366,57.00,2025-09-30
ACC_000411,ACC_001366,65.04,2025-11-04
ACC_000411,ACC_001366,65.29,2025-11-23
ACC_000411,ACC_001366,650.85,2026-02-18
ACC_000411,ACC_001366,66.83,2025-07-28
ACC_000411,ACC_001366,69.28,2025-10-10
ACC_000411,ACC_001366,70.30,2025-10-25
ACC_000411,ACC_001366,74.09,2025-11-27
ACC_000411,ACC_001366,76.94,2025-08-05
ACC_000411,ACC_001366,80.70,2025-11-21
ACC_000411,ACC_001366,88.75,2025-10-21
ACC_000411,ACC_001366,9.45,2025-09-20
ACC_000411,ACC_001366,9.46,2026-03-20
ACC_000411,ACC_001366,92.63,2026-03-19
ACC_000411,ACC_001366,92.69,2025-11-08
ACC_000411,ACC_001366,96.52,2025-10-06
ACC_000411,ACC_001366,97.53,2025-09-14
ACC_000411,ACC_001367,107.53,2025-11-01
ACC_000411,ACC_001367,1087.76,2026-03-30
ACC_000411,ACC_001367,11.88,2025-09-24
ACC_000411,ACC_001367,12.33,2026-01-19
ACC_000411,ACC_001367,120.93,2025-07-29
ACC_000411,ACC_001367,124.89,2025-11-05
ACC_000411,ACC_001367,124.95,2025-09-18
ACC_000411,ACC_001367,129.02,2025-07-25
ACC_000411,ACC_001367,129.33,2026-03-25
ACC_000411,ACC_001367,136.61,2025-09-24
ACC_000411,ACC_001367,139.67,2026-03-15
ACC_000411,ACC_001367,1445.31,2026-03-26
ACC_000411,ACC_001367,16.82,2025-09-27
ACC_000411,ACC_001367,16.89,2025-07-23
ACC_000411,ACC_001367,167.91,2025-11-16
ACC_000411,ACC_001367,171.55,2026-03-05
ACC_000411,ACC_001367,171.67,2025-09-28
ACC_000411,ACC_001367,171.84,2026-03-21
ACC_000411,ACC_001367,19.08,2025-11-11
ACC_000411,ACC_001367,205.05,2025-09-11
ACC_000411,ACC_001367,21.54,2025-10-01
ACC_000411,ACC_001367,22.29,2025-09-19
ACC_000411,ACC_001367,24.19,2025-10-11
ACC_000411,ACC_001367,26.88,2025-09-21
ACC_000411,ACC_001367,271.46,2025-11-20
ACC_000411,ACC_001367,31.51,2025-09-15
ACC_000411,ACC_001367,315.08,2025-10-28
ACC_000411,ACC_001367,326.27,2025-11-15
ACC_000411,ACC_001367,34.22,2025-10-04
ACC_000411,ACC_001367,345.65,2025-12-27
ACC_000411,ACC_001367,356.69,2025-11-18
ACC_000411,ACC_001367,362.11,2025-12-31
ACC_000411,ACC_001367,378.13,2025-11-06
ACC_000411,ACC_001367,38.32,2025-10-17
ACC_000411,ACC_001367,397.73,2025-08-09
ACC_000411,ACC_001367,41.71,2025-10-13
ACC_000411,ACC_001367,436.43,2025-11-02
ACC_000411,ACC_001367,452.07,2025-09-14
ACC_000411,ACC_001367,452.22,2026-03-17
ACC_000411,ACC_001367,47.84,2026-02-24
ACC_000411,ACC_001367,5.14,2025-08-06
ACC_000411,ACC_001367,521.93,2026-03-13
ACC_000411,ACC_001367,557.61,2025-11-22
ACC_000411,ACC_001367,6.53,2025-08-02
ACC_000411,ACC_001367,65.44,2026-03-24
ACC_000411,ACC_001367,69.28,2025-08-07
ACC_000411,ACC_001367,69.52,2025-08-01
ACC_000411,ACC_001367,69.92,2025-11-25
ACC_000411,ACC_001367,73.97,2025-08-01
ACC_000411,ACC_001367,75.53,2026-03-20
ACC_000411,ACC_001367,75.55,2025-09-11
ACC_000411,ACC_001367,8.96,2025-11-24
ACC_000411,ACC_001367,87.98,2025-08-03
ACC_000411,ACC_001367,9.57,2026-03-24
ACC_000411,ACC_001370,13.51,2025-11-05
ACC_000411,ACC_001370,242.29,2025-11-13
ACC_000411,ACC_001370,43.85,2026-01-28
ACC_000411,ACC_001371,43.27,2025-11-10
ACC_000411,ACC_001372,129.43,2026-04-27
ACC_000411,ACC_001372,1457.97,2025-12-15
ACC_000411,ACC_001372,181.00,2025-08-03
ACC_000411,ACC_001372,26.50,2025-11-18
ACC_000411,ACC_001372,274.07,2025-11-22
ACC_000411,ACC_001372,315.21,2025-11-18
ACC_000411,ACC_001372,331.92,2026-02-21
ACC_000411,ACC_001372,4.92,2025-07-27
ACC_000411,ACC_001372,407.62,2026-03-10
ACC_000411,ACC_001372,43.80,2026-05-03
ACC_000411,ACC_001372,47.74,2025-11-13
ACC_000411,ACC_001372,53.03,2025-11-29
ACC_000411,ACC_001372,57.61,2025-07-25
ACC_000411,ACC_001372,61.37,2026-04-14
ACC_000411,ACC_001372,622.00,2026-04-15
ACC_000411,ACC_001372,64.01,2026-03-10
ACC_000411,ACC_001372,709.61,2026-04-30
ACC_000411,ACC_001375,46.25,2025-10-02
ACC_000411,ACC_001387,112.97,2026-05-08
ACC_000411,ACC_001388,44.59,2026-02-13
ACC_000411,ACC_001388,677.23,2026-02-13
ACC_000411,ACC_001418,635.51,2026-02-06
ACC_000411,ACC_001419,53.45,2025-10-18
ACC_000411,ACC_001430,142.46,2025-12-01
ACC_000411,ACC_001430,15.39,2025-12-08
ACC_000411,ACC_001431,101.04,2025-12-22
ACC_000411,ACC_001431,103.50,2025-10-22
ACC_000411,ACC_001431,1069.64,2026-04-06
ACC_000411,ACC_001431,109.62,2026-04-22
ACC_000411,ACC_001431,12.73,2025-12-21
ACC_000411,ACC_001431,120.88,2025-10-22
ACC_000411,ACC_001431,121.02,2026-02-22
ACC_000411,ACC_001431,1255.28,2025-08-31
ACC_000411,ACC_001431,1261.62,2026-04-07
ACC_000411,ACC_001431,132.28,2025-10-31
ACC_000411,ACC_001431,134.21,2025-10-30
ACC_000411,ACC_001431,1363.29,2026-02-12
ACC_000411,ACC_001431,14.60,2025-10-28
ACC_000411,ACC_001431,15.28,2025-11-17
ACC_000411,ACC_001431,15.31,2026-03-08
ACC_000411,ACC_001431,15.89,2025-12-17
ACC_000411,ACC_001431,163.09,2025-09-16
ACC_000411,ACC_001431,166.15,2026-04-19
ACC_000411,ACC_001431,169.45,2025-10-06
ACC_000411,ACC_001431,17.67,2025-10-11
ACC_000411,ACC_001431,170.47,2026-04-11
ACC_000411,ACC_001431,173.76,2025-12-10
ACC_000411,ACC_001431,18.32,2025-10-13
ACC_000411,ACC_001431,207.48,2026-05-15
ACC_000411,ACC_001431,21.99,2025-10-30
ACC_000411,ACC_001431,211.59,2025-08-13
ACC_000411,ACC_001431,233.54,2025-11-24
ACC_000411,ACC_001431,24.51,2026-05-31
ACC_000411,ACC_001431,244.48,2026-02-27
ACC_000411,ACC_001431,247.89,2025-08-20
ACC_000411,ACC_001431,250.38,2026-04-24
ACC_000411,ACC_001431,261.92,2026-02-14
ACC_000411,ACC_001431,27.27,2026-04-08
ACC_000411,ACC_001431,27.87,2025-11-17
ACC_000411,ACC_001431,3.06,2026-04-20
ACC_000411,ACC_001431,31.93,2026-01-03
ACC_000411,ACC_001431,31.96,2026-06-03
ACC_000411,ACC_001431,316.16,2026-04-14
ACC_000411,ACC_001431,353.12,2026-01-04
ACC_000411,ACC_001431,36.64,2025-12-31
ACC_000411,ACC_001431,37.89,2025-08-31
ACC_000411,ACC_001431,39.29,2026-03-03
ACC_000411,ACC_001431,40.59,2026-04-06
ACC_000411,ACC_001431,40.89,2026-05-15
ACC_000411,ACC_001431,40.98,2026-04-26
ACC_000411,ACC_001431,406.65,2025-10-31
ACC_000411,ACC_001431,41.17,2025-12-09
ACC_000411,ACC_001431,429.48,2026-03-29
ACC_000411,ACC_001431,440.83,2026-03-23
ACC_000411,ACC_001431,45.27,2026-04-27
ACC_000411,ACC_001431,456.53,2025-12-05
ACC_000411,ACC_001431,487.63,2026-05-15
ACC_000411,ACC_001431,5.18,2026-04-18
ACC_000411,ACC_001431,5.39,2026-01-02
ACC_000411,ACC_001431,5.43,2025-08-03
ACC_000411,ACC_001431,5.87,2025-10-18
ACC_000411,ACC_001431,50.90,2025-10-23
ACC_000411,ACC_001431,519.85,2026-05-11
ACC_000411,ACC_001431,52.35,2025-08-11
ACC_000411,ACC_001431,525.75,2026-01-08
ACC_000411,ACC_001431,539.72,2026-03-29
ACC_000411,ACC_001431,560.04,2025-07-30
ACC_000411,ACC_001431,59.30,2026-01-18
ACC_000411,ACC_001431,60.62,2026-01-07
ACC_000411,ACC_001431,687.83,2025-10-16
ACC_000411,ACC_001431,740.99,2025-12-09
ACC_000411,ACC_001431,748.33,2026-05-01
ACC_000411,ACC_001431,75.15,2026-04-04
ACC_000411,ACC_001431,8.99,2025-12-17
ACC_000411,ACC_001431,83.24,2025-10-10
ACC_000411,ACC_001431,85.23,2025-10-30
ACC_000411,ACC_001431,87.53,2025-12-11
ACC_000411,ACC_001431,89.87,2026-05-17
ACC_000411,ACC_001431,91.76,2026-05-31
ACC_000411,ACC_001431,918.25,2026-04-30
ACC_000411,ACC_001431,92.83,2025-12-14
ACC_000411,ACC_001442,828.83,2025-11-29
ACC_000411,ACC_001449,38.65,2025-11-11
ACC_000411,ACC_001455,17.30,2026-03-22
ACC_000411,ACC_001455,192.22,2026-02-21
ACC_000411,ACC_001455,24.25,2026-04-05
ACC_000411,ACC_001456,155.07,2026-03-27
ACC_000411,ACC_001456,23.16,2026-02-12
ACC_000411,ACC_001472,273.06,2026-05-21
ACC_000411,ACC_001473,33.63,2026-05-25
ACC_000411,ACC_001484,467.79,2026-02-14
ACC_000411,ACC_001484,48.92,2026-02-02
ACC_000411,ACC_001484,78.71,2026-04-03
ACC_000411,ACC_001484,835.86,2026-04-05
ACC_000411,ACC_001485,134.30,2025-09-30
ACC_000411,ACC_001494,11.31,2026-03-13
ACC_000411,ACC_001494,1153.88,2025-10-01
ACC_000411,ACC_001494,12.54,2025-10-27
ACC_000411,ACC_001494,121.09,2026-03-24
ACC_000411,ACC_001494,125.02,2026-02-02
ACC_000411,ACC_001494,14.89,2025-11-24
ACC_000411,ACC_001494,162.54,2025-09-18
ACC_000411,ACC_001494,18.62,2026-04-03
ACC_000411,ACC_001494,21.94,2026-03-16
ACC_000411,ACC_001494,215.59,2025-09-27
ACC_000411,ACC_001494,23.07,2025-09-29
ACC_000411,ACC_001494,23.25,2026-03-19
ACC_000411,ACC_001494,261.54,2026-02-20
ACC_000411,ACC_001494,264.63,2026-03-02
ACC_000411,ACC_001494,28.20,2025-10-07
ACC_000411,ACC_001494,29.67,2025-09-12
ACC_000411,ACC_001494,30.07,2026-01-31
ACC_000411,ACC_001494,30.38,2025-08-06
ACC_000411,ACC_001494,34.26,2026-03-08
ACC_000411,ACC_001494,35.64,2026-01-27
ACC_000411,ACC_001494,366.96,2026-02-27
ACC_000411,ACC_001494,41.42,2025-08-10
ACC_000411,ACC_001494,418.06,2026-05-30
ACC_000411,ACC_001494,42.04,2026-03-12
ACC_000411,ACC_001494,423.58,2026-04-14
ACC_000411,ACC_001494,454.40,2026-01-25
ACC_000411,ACC_001494,46.10,2025-12-10
ACC_000411,ACC_001494,48.70,2025-09-06
ACC_000411,ACC_001494,49.76,2025-08-13
ACC_000411,ACC_001494,53.72,2025-09-26
ACC_000411,ACC_001494,63.00,2026-03-30
ACC_000411,ACC_001494,66.45,2026-01-16
ACC_000411,ACC_001494,69.95,2025-08-22
ACC_000411,ACC_001494,7.95,2026-06-06
ACC_000411,ACC_001494,722.62,2025-12-12
ACC_000411,ACC_001494,75.23,2025-12-14
ACC_000411,ACC_001494,757.63,2025-09-27
ACC_000411,ACC_001494,8.52,2025-09-11
ACC_000411,ACC_001494,8.85,2026-03-17
ACC_000411,ACC_001494,8.92,2026-05-29
ACC_000411,ACC_001494,805.38,2025-12-08
ACC_000411,ACC_001494,824.45,2026-05-28
ACC_000411,ACC_001494,84.12,2026-01-29
ACC_000411,ACC_001494,9.46,2026-03-19
ACC_000411,ACC_001494,98.76,2026-01-20
ACC_000411,ACC_001495,10.92,2025-09-25
ACC_000411,ACC_001495,11.11,2025-09-15
ACC_000411,ACC_001495,11.50,2025-10-23
ACC_000411,ACC_001495,13.65,2025-11-20
ACC_000411,ACC_001495,14.26,2025-09-04
ACC_000411,ACC_001495,141.56,2025-09-23
ACC_000411,ACC_001495,154.81,2026-03-20
ACC_000411,ACC_001495,18.95,2026-03-15
ACC_000411,ACC_001495,203.65,2026-03-12
ACC_000411,ACC_001495,215.68,2026-02-26
ACC_000411,ACC_001495,23.80,2026-03-30
ACC_000411,ACC_001495,232.97,2026-05-26
ACC_000411,ACC_001495,251.58,2025-10-02
ACC_000411,ACC_001495,267.91,2025-08-16
ACC_000411,ACC_001495,30.11,2025-09-08
ACC_000411,ACC_001495,310.05,2026-02-16
ACC_000411,ACC_001495,343.28,2025-09-22
ACC_000411,ACC_001495,362.96,2026-05-24
ACC_000411,ACC_001495,365.30,2025-08-20
ACC_000411,ACC_001495,366.08,2026-03-16
ACC_000411,ACC_001495,373.51,2025-10-06
ACC_000411,ACC_001495,39.43,2026-03-20
ACC_000411,ACC_001495,41.87,2025-10-11
ACC_000411,ACC_001495,44.06,2025-09-16
ACC_000411,ACC_001495,52.53,2026-03-26
ACC_000411,ACC_001495,53.39,2025-09-30
ACC_000411,ACC_001495,67.64,2026-06-05
ACC_000411,ACC_001495,67.84,2025-08-17
ACC_000411,ACC_001495,675.33,2026-01-29
ACC_000411,ACC_001495,7.54,2026-06-10
ACC_000411,ACC_001495,7.89,2026-03-15
ACC_000411,ACC_001495,7.90,2025-09-11
ACC_000411,ACC_001495,7.95,2025-09-07
ACC_000411,ACC_001495,71.36,2026-06-01
ACC_000411,ACC_001495,74.17,2025-09-10
ACC_000411,ACC_001495,75.03,2025-10-30
ACC_000411,ACC_001495,761.40,2026-04-18
ACC_000411,ACC_001495,780.07,2026-03-03
ACC_000411,ACC_001495,81.82,2025-11-03
ACC_000411,ACC_001495,9.41,2026-05-25
ACC_000411,ACC_001495,91.20,2025-08-26
ACC_000411,ACC_001499,140.95,2026-04-06
ACC_000411,ACC_001499,211.33,2025-10-04
ACC_000411,ACC_001499,44.77,2026-04-06
ACC_000411,ACC_001499,612.29,2025-10-03
ACC_000411,ACC_001499,817.73,2026-04-04
ACC_000411,ACC_001500,106.01,2026-03-11
ACC_000411,ACC_001500,11.76,2025-12-03
ACC_000411,ACC_001500,123.80,2026-02-28
ACC_000411,ACC_001500,528.36,2026-03-25
ACC_000411,ACC_001500,742.26,2026-02-23
ACC_000411,ACC_001500,75.42,2025-10-27
ACC_000411,ACC_001500,79.37,2026-03-24
ACC_000411,ACC_001500,95.28,2025-12-02
ACC_000411,ACC_001532,238.55,2025-08-17
ACC_000411,ACC_001532,26.84,2025-07-28
ACC_000411,ACC_001532,36.10,2025-08-15
ACC_000411,ACC_001537,432.92,2026-01-09
ACC_000411,ACC_001545,859.65,2026-05-02
ACC_000411,ACC_001572,11.51,2026-03-04
ACC_000411,ACC_001572,182.77,2026-02-24
ACC_000411,ACC_001572,30.06,2026-02-22
ACC_000412,ACC_001210,2.23,2026-02-08
ACC_000412,ACC_001210,39.24,2026-01-11
ACC_000412,ACC_001210,7.12,2026-02-08
ACC_000412,ACC_001233,154.79,2025-10-27
ACC_000412,ACC_001233,30.77,2026-05-13
ACC_000412,ACC_001233,366.14,2026-05-14
ACC_000412,ACC_001245,1175.54,2026-05-29
ACC_000412,ACC_001245,152.75,2026-06-01
ACC_000412,ACC_001252,11.12,2026-05-29
ACC_000412,ACC_001252,127.73,2026-05-30
ACC_000412,ACC_001252,493.37,2025-10-17
ACC_000412,ACC_001252,590.45,2025-11-03
ACC_000412,ACC_001252,602.18,2026-05-18
ACC_000412,ACC_001252,61.37,2025-11-23
ACC_000412,ACC_001253,124.13,2025-09-26
ACC_000412,ACC_001257,417.65,2025-12-27
ACC_000412,ACC_001257,45.31,2025-12-17
ACC_000412,ACC_001257,75.73,2025-12-21
ACC_000412,ACC_001268,239.70,2026-01-22
ACC_000412,ACC_001268,30.05,2026-01-23
ACC_000412,ACC_001269,107.36,2026-03-03
ACC_000412,ACC_001282,35.89,2025-09-08
ACC_000412,ACC_001283,122.30,2025-07-27
ACC_000412,ACC_001283,214.23,2025-08-12
ACC_000412,ACC_001283,38.73,2025-08-22
ACC_000412,ACC_001292,12.93,2025-11-24
ACC_000412,ACC_001292,164.62,2025-11-24
ACC_000412,ACC_001292,273.48,2026-03-30
ACC_000412,ACC_001292,308.00,2026-04-28
ACC_000412,ACC_001292,31.96,2026-03-25
ACC_000412,ACC_001292,368.37,2026-05-18
ACC_000412,ACC_001292,44.56,2026-05-28
ACC_000412,ACC_001292,471.54,2026-06-01
ACC_000412,ACC_001292,5.24,2025-09-24
ACC_000412,ACC_001292,5.54,2025-09-28
ACC_000412,ACC_001292,51.04,2026-04-20
ACC_000412,ACC_001292,528.11,2026-02-03
ACC_000412,ACC_001292,60.00,2025-09-29
ACC_000412,ACC_001292,93.35,2026-06-14
ACC_000412,ACC_001292,99.17,2026-02-12
ACC_000412,ACC_001293,102.38,2026-06-10
ACC_000412,ACC_001293,11.24,2026-04-18
ACC_000412,ACC_001293,110.49,2026-04-24
ACC_000412,ACC_001293,118.94,2026-04-20
ACC_000412,ACC_001293,12.10,2026-04-14
ACC_000412,ACC_001293,135.02,2026-02-16
ACC_000412,ACC_001293,135.62,2025-09-30
ACC_000412,ACC_001293,139.11,2025-10-04
ACC_000412,ACC_001293,15.26,2025-11-19
ACC_000412,ACC_001293,201.94,2026-05-02
ACC_000412,ACC_001293,23.06,2025-11-28
ACC_000412,ACC_001293,27.21,2025-11-23
ACC_000412,ACC_001293,28.05,2026-03-29
ACC_000412,ACC_001293,311.67,2026-03-26
ACC_000412,ACC_001293,33.46,2026-04-24
ACC_000412,ACC_001293,415.77,2026-05-22
ACC_000412,ACC_001293,48.87,2026-05-24
ACC_000412,ACC_001293,517.17,2026-05-28
ACC_000412,ACC_001293,6.28,2025-09-19
ACC_000412,ACC_001293,6.64,2025-09-23
ACC_000412,ACC_001293,63.46,2025-10-03
ACC_000412,ACC_001293,719.03,2026-02-07
ACC_000412,ACC_001293,92.33,2025-11-20
ACC_000412,ACC_001301,330.83,2026-03-21
ACC_000412,ACC_001302,266.72,2026-02-24
ACC_000412,ACC_001324,236.52,2026-02-16
ACC_000412,ACC_001332,54.46,2026-01-12
ACC_000412,ACC_001339,1214.57,2026-01-02
ACC_000412,ACC_001340,66.61,2026-02-13
ACC_000412,ACC_001340,8.40,2026-02-10
ACC_000412,ACC_001340,9.84,2026-02-10
ACC_000412,ACC_001348,9.44,2026-03-15
ACC_000412,ACC_001349,174.57,2026-03-20
ACC_000412,ACC_001350,125.64,2025-10-05
ACC_000412,ACC_001350,13.11,2025-10-20
ACC_000412,ACC_001350,8.67,2025-10-02
ACC_000412,ACC_001351,23.59,2025-12-17
ACC_000412,ACC_001352,218.60,2025-12-12
ACC_000412,ACC_001355,121.45,2025-11-19
ACC_000412,ACC_001355,690.51,2025-11-24
ACC_000412,ACC_001355,91.05,2025-12-05
ACC_000412,ACC_001366,10.82,2025-08-05
ACC_000412,ACC_001366,10.99,2026-01-15
ACC_000412,ACC_001366,100.24,2026-01-01
ACC_000412,ACC_001366,101.38,2026-04-12
ACC_000412,ACC_001366,103.82,2025-10-29
ACC_000412,ACC_001366,107.05,2026-02-18
ACC_000412,ACC_001366,107.25,2025-08-25
ACC_000412,ACC_001366,11.68,2026-03-11
ACC_000412,ACC_001366,110.08,2025-10-25
ACC_000412,ACC_001366,114.11,2025-08-29
ACC_000412,ACC_001366,13.05,2026-02-20
ACC_000412,ACC_001366,137.94,2026-01-20
ACC_000412,ACC_001366,139.61,2026-04-24
ACC_000412,ACC_001366,139.82,2026-04-23
ACC_000412,ACC_001366,143.38,2025-10-11
ACC_000412,ACC_001366,15.14,2025-08-09
ACC_000412,ACC_001366,161.43,2025-12-28
ACC_000412,ACC_001366,171.01,2026-02-14
ACC_000412,ACC_001366,209.47,2026-05-02
ACC_000412,ACC_001366,214.48,2026-01-01
ACC_000412,ACC_001366,23.19,2026-04-26
ACC_000412,ACC_001366,23.88,2025-09-27
ACC_000412,ACC_001366,235.93,2025-08-01
ACC_000412,ACC_001366,24.02,2025-08-20
ACC_000412,ACC_001366,25.67,2025-10-21
ACC_000412,ACC_001366,25.92,2025-12-09
ACC_000412,ACC_001366,26.66,2026-05-19
ACC_000412,ACC_001366,260.02,2025-10-03
ACC_000412,ACC_001366,275.42,2025-12-19
ACC_000412,ACC_001366,316.74,2025-11-04
ACC_000412,ACC_001366,32.77,2026-05-17
ACC_000412,ACC_001366,33.48,2026-05-23
ACC_000412,ACC_001366,35.99,2026-06-05
ACC_000412,ACC_001366,410.35,2025-11-30
ACC_000412,ACC_001366,43.43,2026-03-04
ACC_000412,ACC_001366,444.52,2026-01-01
ACC_000412,ACC_001366,456.44,2025-08-28
ACC_000412,ACC_001366,46.21,2025-12-16
ACC_000412,ACC_001366,533.35,2026-04-02
ACC_000412,ACC_001366,550.33,2025-11-26
ACC_000412,ACC_001366,559.52,2025-10-30
ACC_000412,ACC_001366,572.37,2026-04-06
ACC_000412,ACC_001366,576.04,2026-01-14
ACC_000412,ACC_001366,60.02,2026-02-28
ACC_000412,ACC_001366,64.78,2025-12-20
ACC_000412,ACC_001366,74.22,2026-04-26
ACC_000412,ACC_001366,8.01,2026-03-29
ACC_000412,ACC_001366,8.95,2026-04-18
ACC_000412,ACC_001366,80.74,2026-04-19
ACC_000412,ACC_001366,82.28,2025-07-17
ACC_000412,ACC_001366,82.84,2026-04-20
ACC_000412,ACC_001366,9.45,2026-03-25
ACC_000412,ACC_001366,93.86,2026-03-17
ACC_000412,ACC_001366,97.08,2025-12-28
ACC_000412,ACC_001367,1042.08,2025-12-31
ACC_000412,ACC_001367,109.06,2026-03-13
ACC_000412,ACC_001367,119.79,2026-03-14
ACC_000412,ACC_001367,12.17,2025-08-20
ACC_000412,ACC_001367,12.95,2025-08-24
ACC_000412,ACC_001367,13.39,2026-04-22
ACC_000412,ACC_001367,1384.60,2026-01-04
ACC_000412,ACC_001367,141.28,2026-03-10
ACC_000412,ACC_001367,142.28,2025-12-22
ACC_000412,ACC_001367,15.08,2026-04-22
ACC_000412,ACC_001367,16.27,2025-12-25
ACC_000412,ACC_001367,16.72,2026-01-19
ACC_000412,ACC_001367,17.98,2026-02-22
ACC_000412,ACC_001367,176.03,2025-07-28
ACC_000412,ACC_001367,18.50,2025-09-23
ACC_000412,ACC_001367,185.01,2025-10-15
ACC_000412,ACC_001367,189.05,2025-12-26
ACC_000412,ACC_001367,19.90,2025-10-17
ACC_000412,ACC_001367,20.85,2026-02-16
ACC_000412,ACC_001367,200.28,2025-12-15
ACC_000412,ACC_001367,236.40,2025-09-29
ACC_000412,ACC_001367,24.75,2025-12-29
ACC_000412,ACC_001367,252.96,2026-06-01
ACC_000412,ACC_001367,254.48,2026-04-15
ACC_000412,ACC_001367,26.10,2026-05-13
ACC_000412,ACC_001367,26.83,2026-06-01
ACC_000412,ACC_001367,262.99,2026-05-06
ACC_000412,ACC_001367,270.13,2026-04-19
ACC_000412,ACC_001367,28.72,2026-02-18
ACC_000412,ACC_001367,317.10,2025-12-28
ACC_000412,ACC_001367,317.81,2026-04-23
ACC_000412,ACC_001367,32.19,2025-08-24
ACC_000412,ACC_001367,33.20,2025-08-10
ACC_000412,ACC_001367,339.33,2026-06-05
ACC_000412,ACC_001367,347.58,2026-04-19
ACC_000412,ACC_001367,35.64,2025-12-13
ACC_000412,ACC_001367,36.72,2026-04-29
ACC_000412,ACC_001367,43.21,2026-05-03
ACC_000412,ACC_001367,44.50,2025-08-14
ACC_000412,ACC_001367,489.83,2025-09-01
ACC_000412,ACC_001367,516.51,2025-10-31
ACC_000412,ACC_001367,557.90,2026-01-10
ACC_000412,ACC_001367,58.79,2025-07-13
ACC_000412,ACC_001367,593.29,2025-10-26
ACC_000412,ACC_001367,69.16,2026-04-22
ACC_000412,ACC_001367,7.83,2025-10-08
ACC_000412,ACC_001367,73.44,2025-10-18
ACC_000412,ACC_001367,76.77,2025-10-22
ACC_000412,ACC_001367,8.18,2025-10-12
ACC_000412,ACC_001367,8.45,2026-03-15
ACC_000412,ACC_001367,8.59,2025-10-06
ACC_000412,ACC_001367,8.98,2025-10-10
ACC_000412,ACC_001367,90.66,2026-01-16
ACC_000412,ACC_001367,94.46,2026-04-08
ACC_000412,ACC_001370,124.06,2025-08-03
ACC_000412,ACC_001371,344.56,2026-01-12
ACC_000412,ACC_001371,395.74,2026-04-27
ACC_000412,ACC_001372,104.04,2025-09-08
ACC_000412,ACC_001372,106.17,2026-03-15
ACC_000412,ACC_001372,1166.17,2025-09-17
ACC_000412,ACC_001372,13.16,2025-08-08
ACC_000412,ACC_001372,13.25,2026-03-14
ACC_000412,ACC_001372,132.61,2025-12-25
ACC_000412,ACC_001372,15.49,2026-03-14
ACC_000412,ACC_001372,42.95,2026-02-19
ACC_000412,ACC_001372,43.89,2026-02-12
ACC_000412,ACC_001372,432.05,2025-12-07
ACC_000412,ACC_001372,56.08,2025-12-17
ACC_000412,ACC_001372,63.07,2026-02-07
ACC_000412,ACC_001372,639.63,2026-02-16
ACC_000412,ACC_001372,690.66,2025-12-28
ACC_000412,ACC_001372,73.47,2025-08-16
ACC_000412,ACC_001372,747.70,2025-09-24
ACC_000412,ACC_001372,809.56,2026-02-10
ACC_000412,ACC_001374,20.61,2025-11-27
ACC_000412,ACC_001374,80.73,2026-05-15
ACC_000412,ACC_001375,149.32,2025-12-04
ACC_000412,ACC_001375,27.21,2025-11-20
ACC_000412,ACC_001375,71.41,2026-01-23
ACC_000412,ACC_001387,90.30,2025-12-06
ACC_000412,ACC_001387,92.50,2025-12-14
ACC_000412,ACC_001387,928.38,2025-11-29
ACC_000412,ACC_001388,107.29,2026-01-21
ACC_000412,ACC_001388,109.99,2026-01-15
ACC_000412,ACC_001388,2699.31,2026-05-19
ACC_000412,ACC_001388,737.19,2026-01-21
ACC_000412,ACC_001388,76.64,2026-02-17
ACC_000412,ACC_001390,119.03,2026-05-19
ACC_000412,ACC_001390,17.35,2026-05-12
ACC_000412,ACC_001403,79.36,2026-05-14
ACC_000412,ACC_001406,6.94,2025-11-09
ACC_000412,ACC_001406,97.85,2025-11-16
ACC_000412,ACC_001407,20.20,2026-02-25
ACC_000412,ACC_001407,225.82,2026-03-14
ACC_000412,ACC_001407,35.88,2026-03-06
ACC_000412,ACC_001420,418.19,2026-05-04
ACC_000412,ACC_001420,49.38,2026-05-01
ACC_000412,ACC_001431,11.49,2026-01-07
ACC_000412,ACC_001431,110.01,2026-02-20
ACC_000412,ACC_001431,110.46,2025-10-05
ACC_000412,ACC_001431,111.09,2026-03-28
ACC_000412,ACC_001431,112.87,2025-08-27
ACC_000412,ACC_001431,112.92,2025-11-30
ACC_000412,ACC_001431,116.19,2026-01-13
ACC_000412,ACC_001431,1191.23,2025-11-19
ACC_000412,ACC_001431,1204.65,2025-08-04
ACC_000412,ACC_001431,122.69,2025-10-14
ACC_000412,ACC_001431,1314.69,2025-08-19
ACC_000412,ACC_001431,132.02,2025-08-13
ACC_000412,ACC_001431,134.02,2025-11-11
ACC_000412,ACC_001431,135.31,2026-03-25
ACC_000412,ACC_001431,142.27,2025-08-18
ACC_000412,ACC_001431,144.09,2026-03-23
ACC_000412,ACC_001431,149.26,2026-04-22
ACC_000412,ACC_001431,17.72,2025-11-14
ACC_000412,ACC_001431,170.18,2026-01-12
ACC_000412,ACC_001431,18.49,2026-02-14
ACC_000412,ACC_001431,184.50,2025-12-23
ACC_000412,ACC_001431,1849.14,2025-10-02
ACC_000412,ACC_001431,20.26,2025-08-16
ACC_000412,ACC_001431,211.92,2025-08-28
ACC_000412,ACC_001431,22.85,2025-12-03
ACC_000412,ACC_001431,224.73,2026-01-29
ACC_000412,ACC_001431,239.38,2025-08-30
ACC_000412,ACC_001431,24.58,2025-08-09
ACC_000412,ACC_001431,2448.11,2026-01-11
ACC_000412,ACC_001431,28.53,2026-02-22
ACC_000412,ACC_001431,295.97,2026-03-05
ACC_000412,ACC_001431,30.86,2026-03-27
ACC_000412,ACC_001431,309.73,2026-04-12
ACC_000412,ACC_001431,314.13,2026-02-12
ACC_000412,ACC_001431,328.91,2025-10-05
ACC_000412,ACC_001431,330.76,2026-03-18
ACC_000412,ACC_001431,332.41,2026-05-18
ACC_000412,ACC_001431,34.16,2026-03-31
ACC_000412,ACC_001431,34.94,2026-02-25
ACC_000412,ACC_001431,35.37,2025-12-28
ACC_000412,ACC_001431,36.85,2025-08-22
ACC_000412,ACC_001431,367.84,2025-11-03
ACC_000412,ACC_001431,38.78,2026-02-12
ACC_000412,ACC_001431,382.47,2026-04-11
ACC_000412,ACC_001431,4.21,2025-11-22
ACC_000412,ACC_001431,40.20,2025-11-25
ACC_000412,ACC_001431,41.51,2026-04-13
ACC_000412,ACC_001431,41.88,2025-10-05
ACC_000412,ACC_001431,425.89,2026-02-22
ACC_000412,ACC_001431,432.45,2025-11-14
ACC_000412,ACC_001431,466.92,2026-04-15
ACC_000412,ACC_001431,467.59,2025-12-13
ACC_000412,ACC_001431,516.62,2026-02-13
ACC_000412,ACC_001431,54.59,2026-01-25
ACC_000412,ACC_001431,55.43,2026-02-18
ACC_000412,ACC_001431,556.30,2026-02-23
ACC_000412,ACC_001431,58.77,2025-11-10
ACC_000412,ACC_001431,589.61,2025-10-10
ACC_000412,ACC_001431,59.10,2025-10-15
ACC_000412,ACC_001431,59.73,2026-02-26
ACC_000412,ACC_001431,590.24,2026-03-27
ACC_000412,ACC_001431,63.53,2026-01-18
ACC_000412,ACC_001431,64.86,2026-02-08
ACC_000412,ACC_001431,646.76,2025-10-12
ACC_000412,ACC_001431,671.50,2025-10-20
ACC_000412,ACC_001431,69.37,2025-10-05
ACC_000412,ACC_001431,7.89,2025-11-24
ACC_000412,ACC_001431,70.73,2025-10-02
ACC_000412,ACC_001431,70.83,2026-01-20
ACC_000412,ACC_001431,760.86,2026-04-24
ACC_000412,ACC_001431,77.05,2026-04-14
ACC_000412,ACC_001431,778.28,2026-03-07
ACC_000412,ACC_001431,8.84,2026-01-23
ACC_000412,ACC_001431,8.88,2025-08-15
ACC_000412,ACC_001431,9.17,2025-11-29
ACC_000412,ACC_001431,9.47,2025-12-12
ACC_000412,ACC_001431,954.18,2025-10-07
ACC_000412,ACC_001431,97.18,2025-11-27
ACC_000412,ACC_001431,98.29,2025-10-04
ACC_000412,ACC_001431,98.72,2026-01-31
ACC_000412,ACC_001449,1381.45,2025-11-22
ACC_000412,ACC_001449,153.74,2025-11-14
ACC_000412,ACC_001449,356.08,2026-02-14
ACC_000412,ACC_001457,224.08,2025-10-27
ACC_000412,ACC_001457,31.02,2025-10-18
ACC_000412,ACC_001457,37.00,2025-11-08
ACC_000412,ACC_001471,2.61,2026-04-29
ACC_000412,ACC_001471,47.57,2026-05-08
ACC_000412,ACC_001473,160.39,2025-08-21
ACC_000412,ACC_001477,8.45,2025-09-06
ACC_000412,ACC_001477,80.35,2025-08-20
ACC_000412,ACC_001484,1015.85,2026-01-15
ACC_000412,ACC_001484,11.50,2025-10-26
ACC_000412,ACC_001484,267.32,2026-04-11
ACC_000412,ACC_001484,6.99,2025-11-06
ACC_000412,ACC_001484,97.69,2025-10-17
ACC_000412,ACC_001494,10.00,2025-11-07
ACC_000412,ACC_001494,12.40,2025-11-14
ACC_000412,ACC_001494,149.87,2026-03-09
ACC_000412,ACC_001494,217.95,2025-10-19
ACC_000412,ACC_001494,220.76,2025-08-12
ACC_000412,ACC_001494,241.21,2025-08-11
ACC_000412,ACC_001494,254.32,2026-04-26
ACC_000412,ACC_001494,269.85,2026-02-16
ACC_000412,ACC_001494,274.08,2026-04-22
ACC_000412,ACC_001494,28.17,2025-09-20
ACC_000412,ACC_001494,366.70,2025-07-26
ACC_000412,ACC_001494,379.53,2026-02-20
ACC_000412,ACC_001494,380.92,2026-04-05
ACC_000412,ACC_001494,393.78,2025-08-16
ACC_000412,ACC_001494,4.72,2025-12-06
ACC_000412,ACC_001494,44.53,2026-03-17
ACC_000412,ACC_001494,448.86,2025-12-15
ACC_000412,ACC_001494,483.73,2025-10-19
ACC_000412,ACC_001494,51.74,2026-02-19
ACC_000412,ACC_001494,561.99,2026-03-07
ACC_000412,ACC_001494,60.18,2025-09-18
ACC_000412,ACC_001494,7.13,2025-11-27
ACC_000412,ACC_001494,72.38,2025-11-18
ACC_000412,ACC_001494,8.16,2025-11-10
ACC_000412,ACC_001494,805.57,2025-09-27
ACC_000412,ACC_001494,81.63,2026-03-13
ACC_000412,ACC_001494,836.46,2025-12-19
ACC_000412,ACC_001494,85.99,2026-03-07
ACC_000412,ACC_001494,86.24,2025-11-11
ACC_000412,ACC_001494,882.64,2026-03-11
ACC_000412,ACC_001494,892.77,2025-08-15
ACC_000412,ACC_001494,95.43,2026-03-05
ACC_000412,ACC_001495,10.84,2025-12-01
ACC_000412,ACC_001495,103.09,2026-02-23
ACC_000412,ACC_001495,112.24,2025-09-22
ACC_000412,ACC_001495,128.20,2026-03-17
ACC_000412,ACC_001495,14.35,2025-10-02
ACC_000412,ACC_001495,140.67,2025-08-07
ACC_000412,ACC_001495,149.17,2026-03-11
ACC_000412,ACC_001495,1530.86,2025-08-19
ACC_000412,ACC_001495,17.02,2025-11-11
ACC_000412,ACC_001495,173.93,2025-09-14
ACC_000412,ACC_001495,2.77,2025-12-02
ACC_000412,ACC_001495,225.01,2025-09-10
ACC_000412,ACC_001495,263.65,2025-10-15
ACC_000412,ACC_001495,31.76,2026-04-14
ACC_000412,ACC_001495,34.13,2025-09-29
ACC_000412,ACC_001495,35.60,2025-10-03
ACC_000412,ACC_001495,36.44,2025-09-16
ACC_000412,ACC_001495,36.88,2025-12-23
ACC_000412,ACC_001495,39.98,2026-04-10
ACC_000412,ACC_001495,40.42,2026-03-16
ACC_000412,ACC_001495,463.81,2025-10-15
ACC_000412,ACC_001495,47.62,2025-11-14
ACC_000412,ACC_001495,479.46,2026-04-01
ACC_000412,ACC_001495,49.63,2026-03-12
ACC_000412,ACC_001495,50.15,2025-07-24
ACC_000412,ACC_001495,50.66,2025-11-07
ACC_000412,ACC_001495,56.05,2026-03-13
ACC_000412,ACC_001495,677.72,2025-07-30
ACC_000412,ACC_001495,68.73,2025-12-27
ACC_000412,ACC_001495,7.69,2025-09-28
ACC_000412,ACC_001495,92.69,2025-07-28
ACC_000412,ACC_001495,925.42,2025-10-01
ACC_000412,ACC_001498,5.54,2025-09-05
ACC_000412,ACC_001498,8.21,2025-08-19
ACC_000412,ACC_001498,92.19,2025-08-27
ACC_000412,ACC_001499,11.36,2025-12-25
ACC_000412,ACC_001499,155.89,2026-03-29
ACC_000412,ACC_001499,188.23,2026-02-23
ACC_000412,ACC_001499,36.63,2026-01-14
ACC_000412,ACC_001499,4.62,2025-10-14
ACC_000412,ACC_001499,474.39,2026-01-20
ACC_000412,ACC_001499,501.01,2026-02-17
ACC_000412,ACC_001499,52.66,2025-11-01
ACC_000412,ACC_001499,55.64,2025-07-28
ACC_000412,ACC_001499,971.54,2026-02-11
ACC_000412,ACC_001500,11.74,2025-10-08
ACC_000412,ACC_001500,111.17,2025-10-24
ACC_000412,ACC_001500,16.40,2025-11-30
ACC_000412,ACC_001500,17.31,2025-10-27
ACC_000412,ACC_001500,190.44,2026-02-07
ACC_000412,ACC_001500,3.66,2025-07-13
ACC_000412,ACC_001500,4.93,2025-10-03
ACC_000412,ACC_001500,432.86,2025-10-02
ACC_000412,ACC_001500,44.26,2025-10-15
ACC_000412,ACC_001500,59.87,2026-01-15
ACC_000412,ACC_001500,78.64,2025-10-15
ACC_000412,ACC_001500,8.31,2025-10-30
ACC_000412,ACC_001500,86.90,2025-12-14
ACC_000412,ACC_001516,107.17,2026-05-10
ACC_000412,ACC_001516,780.41,2026-01-29
ACC_000412,ACC_001516,86.04,2026-01-16
ACC_000412,ACC_001516,87.32,2026-01-11
ACC_000412,ACC_001542,102.00,2025-11-27
ACC_000412,ACC_001543,1152.18,2025-12-07
ACC_000412,ACC_001543,116.62,2026-01-12
ACC_000412,ACC_001561,106.80,2025-10-05
ACC_000412,ACC_001561,597.83,2025-09-24
ACC_000412,ACC_001572,143.19,2025-11-12
ACC_000412,ACC_001573,585.67,2025-09-24
ACC_000414,ACC_001348,89.12,2026-03-14
ACC_000416,ACC_001374,208.85,2025-11-02
ACC_000416,ACC_001431,11.00,2026-05-07
ACC_000416,ACC_001431,11.09,2026-04-25
ACC_000416,ACC_001431,130.58,2026-05-07
ACC_000416,ACC_001431,24.39,2025-12-10
ACC_000416,ACC_001431,269.52,2025-12-22
ACC_000416,ACC_001431,53.66,2025-12-19
ACC_000419,ACC_001358,548.15,2026-03-09
ACC_000419,ACC_001358,61.46,2026-03-03
ACC_000419,ACC_001358,94.16,2026-03-13
ACC_000419,ACC_001391,324.13,2026-02-01
ACC_000419,ACC_001526,52.18,2026-01-26
ACC_000419,ACC_001527,49.82,2026-01-29
ACC_000419,ACC_001527,624.62,2026-01-30
ACC_000420,ACC_001431,52.28,2025-10-08
ACC_000420,ACC_001431,918.63,2025-09-21
ACC_000421,ACC_001331,1328.48,2026-05-16
ACC_000421,ACC_001331,222.54,2026-05-11
ACC_000421,ACC_001348,114.68,2026-01-12
ACC_000421,ACC_001348,81.38,2026-01-14
ACC_000421,ACC_001349,1075.26,2026-01-12
ACC_000421,ACC_001349,677.38,2026-03-10
ACC_000422,ACC_001423,15.83,2025-12-31
ACC_000422,ACC_001424,15.83,2025-12-27
ACC_000422,ACC_001424,89.09,2025-12-12
ACC_000424,ACC_001431,28.76,2025-10-17
ACC_000424,ACC_001431,37.35,2025-10-05
ACC_000424,ACC_001431,479.41,2025-10-08
ACC_000428,ACC_001349,802.41,2025-08-04
ACC_000428,ACC_001489,272.85,2025-11-29
ACC_000428,ACC_001490,34.03,2025-11-28
ACC_000428,ACC_001490,37.46,2025-12-19
ACC_000432,ACC_001485,118.31,2026-05-09
ACC_000433,ACC_001299,135.91,2026-04-21
ACC_000433,ACC_001299,789.25,2026-04-09
ACC_000433,ACC_001299,86.57,2026-05-03
ACC_000433,ACC_001482,10.95,2025-10-26
ACC_000433,ACC_001482,180.66,2025-10-18
ACC_000433,ACC_001500,187.84,2026-04-03
ACC_000433,ACC_001500,2304.97,2026-04-15
ACC_000433,ACC_001500,367.44,2026-04-15
ACC_000434,ACC_001438,105.72,2026-02-04
ACC_000434,ACC_001438,67.18,2026-01-09
ACC_000434,ACC_001438,723.11,2026-01-13
ACC_000434,ACC_001485,1109.12,2026-03-26
ACC_000434,ACC_001485,144.42,2026-04-08
ACC_000434,ACC_001485,95.85,2026-04-11
ACC_000435,ACC_001371,962.11,2025-10-06
ACC_000435,ACC_001372,136.20,2026-04-26
ACC_000435,ACC_001372,24.95,2026-05-12
ACC_000437,ACC_001245,1280.39,2026-03-04
ACC_000437,ACC_001245,138.78,2026-03-21
ACC_000437,ACC_001245,166.05,2026-03-02
ACC_000437,ACC_001431,28.21,2026-01-18
ACC_000437,ACC_001431,508.69,2026-01-13
ACC_000437,ACC_001431,99.04,2026-01-09
ACC_000438,ACC_001431,12.99,2025-08-31
ACC_000438,ACC_001431,71.25,2025-08-17
ACC_000438,ACC_001431,8.27,2025-08-31
ACC_000440,ACC_001372,156.96,2025-08-28
ACC_000440,ACC_001372,27.20,2025-09-19
ACC_000441,ACC_001431,63.39,2025-10-21
ACC_000442,ACC_001259,123.05,2026-01-22
ACC_000442,ACC_001302,37.03,2026-02-01
ACC_000442,ACC_001302,71.40,2026-01-16
ACC_000442,ACC_001303,422.69,2026-01-30
ACC_000442,ACC_001431,286.62,2025-08-22
ACC_000442,ACC_001431,314.34,2026-03-31
ACC_000442,ACC_001431,52.66,2026-03-31
ACC_000442,ACC_001498,34.08,2025-10-22
ACC_000442,ACC_001498,385.52,2025-10-03
ACC_000443,ACC_001431,176.43,2025-11-05
ACC_000443,ACC_001431,329.72,2025-08-19
ACC_000443,ACC_001431,40.26,2025-09-02
ACC_000443,ACC_001431,431.28,2025-08-16
ACC_000443,ACC_001431,50.28,2025-08-16
ACC_000443,ACC_001484,11.12,2025-11-28
ACC_000443,ACC_001484,11.75,2025-12-06
ACC_000443,ACC_001484,84.21,2025-12-13
ACC_000444,ACC_001431,67.97,2025-08-08
ACC_000444,ACC_001431,9.02,2025-09-02
ACC_000445,ACC_001431,125.36,2026-04-24
ACC_000445,ACC_001431,203.68,2025-10-09
ACC_000445,ACC_001431,233.83,2025-07-30
ACC_000445,ACC_001431,26.44,2025-10-01
ACC_000445,ACC_001431,36.56,2025-09-27
ACC_000445,ACC_001431,411.42,2025-10-19
ACC_000445,ACC_001431,55.87,2025-10-28
ACC_000445,ACC_001431,6.92,2025-11-10
ACC_000445,ACC_001431,630.11,2026-04-25
ACC_000445,ACC_001431,88.30,2025-10-15
ACC_000446,ACC_001494,381.67,2026-05-05
ACC_000446,ACC_001494,59.08,2026-05-13
ACC_000446,ACC_001499,87.04,2025-09-15
ACC_000453,ACC_001277,1067.56,2026-03-29
ACC_000453,ACC_001277,186.34,2026-03-13
ACC_000453,ACC_001372,50.73,2026-04-29
ACC_000453,ACC_001372,9.66,2026-05-14
ACC_000453,ACC_001572,278.72,2025-11-14
ACC_000453,ACC_001572,39.62,2025-11-14
ACC_000453,ACC_001572,40.72,2025-11-15
ACC_000454,ACC_001374,36.80,2025-12-27
ACC_000454,ACC_001375,353.76,2025-12-12
ACC_000454,ACC_001431,284.47,2025-10-16
ACC_000454,ACC_001431,47.67,2025-10-11
ACC_000454,ACC_001498,295.65,2026-01-06
ACC_000454,ACC_001498,52.62,2025-12-31
ACC_000457,ACC_001431,234.37,2026-03-17
ACC_000459,ACC_001339,802.72,2026-03-15
ACC_000459,ACC_001340,144.36,2026-01-24
ACC_000459,ACC_001340,152.67,2026-03-21
ACC_000459,ACC_001500,16.02,2025-12-01
ACC_000459,ACC_001500,86.48,2025-11-30
ACC_000461,ACC_001297,425.93,2025-11-29
ACC_000461,ACC_001431,108.11,2025-08-03
ACC_000461,ACC_001431,11.26,2025-10-16
ACC_000461,ACC_001431,1170.05,2025-07-25
ACC_000461,ACC_001431,82.69,2025-10-22
ACC_000461,ACC_001431,83.25,2025-08-05
ACC_000461,ACC_001431,9.17,2025-10-17
ACC_000463,ACC_001291,249.08,2026-04-03
ACC_000463,ACC_001291,3010.69,2026-04-01
ACC_000463,ACC_001572,54.74,2025-09-30
ACC_000464,ACC_001253,100.99,2026-03-29
ACC_000464,ACC_001253,6.33,2026-04-24
ACC_000464,ACC_001309,184.52,2026-01-30
ACC_000464,ACC_001348,40.67,2025-09-06
ACC_000464,ACC_001348,7.92,2025-10-03
ACC_000464,ACC_001349,5.63,2025-09-17
ACC_000464,ACC_001353,430.28,2025-12-05
ACC_000464,ACC_001355,1323.68,2025-09-04
ACC_000464,ACC_001355,138.48,2025-09-16
ACC_000464,ACC_001355,160.36,2025-09-07
ACC_000464,ACC_001372,38.89,2025-10-07
ACC_000464,ACC_001372,53.87,2026-05-07
ACC_000464,ACC_001372,6.94,2025-10-15
ACC_000464,ACC_001372,673.48,2026-04-10
ACC_000464,ACC_001431,14.40,2026-01-28
ACC_000464,ACC_001431,148.32,2026-01-01
ACC_000464,ACC_001431,19.51,2025-08-11
ACC_000464,ACC_001431,23.02,2025-10-28
ACC_000464,ACC_001431,280.19,2025-11-05
ACC_000464,ACC_001431,293.41,2025-08-04
ACC_000464,ACC_001431,45.41,2025-08-03
ACC_000464,ACC_001431,48.54,2025-12-14
ACC_000464,ACC_001431,6.01,2025-12-23
ACC_000464,ACC_001431,7.03,2025-12-07
ACC_000464,ACC_001499,387.93,2025-07-30
ACC_000464,ACC_001499,78.67,2026-05-25
ACC_000464,ACC_001500,12.61,2025-09-16
ACC_000464,ACC_001500,14.22,2025-09-16
ACC_000464,ACC_001500,39.83,2025-07-30
ACC_000464,ACC_001500,92.47,2025-09-25
ACC_000468,ACC_001438,566.46,2026-03-09
ACC_000468,ACC_001475,119.59,2026-02-17
ACC_000468,ACC_001475,612.84,2026-02-27
ACC_000468,ACC_001475,73.38,2026-02-06
ACC_000470,ACC_001431,111.90,2025-08-20
ACC_000470,ACC_001431,2127.44,2025-12-05
ACC_000470,ACC_001500,1049.93,2025-11-27
ACC_000470,ACC_001500,170.06,2025-11-29
ACC_000470,ACC_001500,188.85,2025-11-23
ACC_000471,ACC_001291,608.81,2025-11-18
ACC_000472,ACC_001431,134.18,2026-04-17
ACC_000472,ACC_001431,528.21,2025-12-24
ACC_000472,ACC_001431,55.76,2026-01-09
ACC_000472,ACC_001431,7.43,2026-04-02
ACC_000475,ACC_001349,221.17,2026-01-11
ACC_000477,ACC_001431,133.60,2025-07-27
ACC_000482,ACC_001301,228.25,2025-11-14
ACC_000482,ACC_001441,113.13,2025-11-05
ACC_000482,ACC_001441,1251.92,2025-11-05
ACC_000482,ACC_001441,71.03,2025-11-04
ACC_000485,ACC_001268,466.57,2026-03-23
ACC_000485,ACC_001268,53.53,2026-03-19
ACC_000485,ACC_001388,255.20,2026-01-05
ACC_000485,ACC_001388,48.60,2025-12-25
ACC_000485,ACC_001431,5.88,2026-01-23
ACC_000485,ACC_001431,60.73,2025-08-03
ACC_000485,ACC_001431,75.18,2026-01-31
ACC_000485,ACC_001431,9.65,2026-01-22
ACC_000486,ACC_001431,135.00,2025-09-09
ACC_000486,ACC_001431,801.68,2025-09-21
ACC_000490,ACC_001431,1301.77,2025-10-04
ACC_000490,ACC_001431,131.65,2025-10-05
ACC_000491,ACC_001294,322.78,2025-09-14
ACC_000491,ACC_001374,77.44,2026-04-23
ACC_000491,ACC_001374,8.52,2026-04-14
ACC_000491,ACC_001375,6.55,2026-04-04
ACC_000491,ACC_001431,81.08,2026-02-22
ACC_000491,ACC_001484,15.02,2026-04-17
ACC_000491,ACC_001484,214.81,2026-05-14
ACC_000491,ACC_001484,28.04,2026-04-29
ACC_000491,ACC_001499,185.37,2026-03-21
ACC_000491,ACC_001499,23.70,2026-03-15
ACC_000492,ACC_001343,166.07,2025-10-04
ACC_000492,ACC_001343,973.70,2025-10-11
ACC_000492,ACC_001344,120.06,2025-10-13
ACC_000492,ACC_001502,479.98,2026-01-25
ACC_000498,ACC_001228,224.82,2025-08-12
ACC_000498,ACC_001247,125.77,2026-02-28
ACC_000498,ACC_001247,663.45,2026-03-02
ACC_000498,ACC_001247,83.90,2026-03-21
ACC_000498,ACC_001252,42.11,2025-09-18
ACC_000498,ACC_001252,512.03,2025-09-15
ACC_000498,ACC_001252,72.41,2025-10-08
ACC_000498,ACC_001267,475.11,2025-09-24
ACC_000498,ACC_001268,19.25,2026-02-24
ACC_000498,ACC_001268,263.91,2026-02-26
ACC_000498,ACC_001269,39.97,2026-03-08
ACC_000498,ACC_001291,46.34,2025-08-08
ACC_000498,ACC_001291,558.13,2025-08-25
ACC_000498,ACC_001291,7.30,2025-07-28
ACC_000498,ACC_001301,103.58,2026-02-06
ACC_000498,ACC_001301,18.65,2025-11-08
ACC_000498,ACC_001301,230.64,2025-11-22
ACC_000498,ACC_001301,519.11,2026-03-25
ACC_000498,ACC_001301,93.95,2026-03-07
ACC_000498,ACC_001301,95.86,2026-04-04
ACC_000498,ACC_001331,42.67,2025-08-31
ACC_000498,ACC_001331,6.39,2025-09-12
ACC_000498,ACC_001331,7.95,2025-09-17
ACC_000498,ACC_001339,12.15,2026-04-23
ACC_000498,ACC_001339,13.08,2026-04-25
ACC_000498,ACC_001339,5.73,2026-01-08
ACC_000498,ACC_001339,73.95,2026-04-11
ACC_000498,ACC_001340,37.63,2025-11-14
ACC_000498,ACC_001340,6.43,2025-12-11
ACC_000498,ACC_001340,69.88,2026-01-01
ACC_000498,ACC_001348,4.59,2026-04-19
ACC_000498,ACC_001348,55.12,2026-03-28
ACC_000498,ACC_001348,585.49,2026-01-05
ACC_000498,ACC_001348,606.51,2026-03-27
ACC_000498,ACC_001348,66.24,2026-01-20
ACC_000498,ACC_001348,68.63,2026-01-12
ACC_000498,ACC_001348,8.10,2025-09-09
ACC_000498,ACC_001348,92.17,2025-09-22
ACC_000498,ACC_001349,52.26,2026-04-08
ACC_000498,ACC_001349,58.52,2025-09-19
ACC_000498,ACC_001349,6.23,2025-11-08
ACC_000498,ACC_001349,64.39,2025-10-20
ACC_000498,ACC_001349,7.08,2025-11-09
ACC_000498,ACC_001349,7.77,2025-09-17
ACC_000498,ACC_001349,74.61,2026-03-29
ACC_000498,ACC_001354,114.12,2026-03-26
ACC_000498,ACC_001356,77.88,2026-05-14
ACC_000498,ACC_001370,356.46,2026-03-24
ACC_000498,ACC_001372,108.08,2026-01-27
ACC_000498,ACC_001372,11.66,2025-09-22
ACC_000498,ACC_001372,131.48,2025-11-22
ACC_000498,ACC_001372,17.66,2025-11-01
ACC_000498,ACC_001372,180.94,2026-01-25
ACC_000498,ACC_001372,21.66,2025-09-22
ACC_000498,ACC_001372,215.75,2025-09-17
ACC_000498,ACC_001372,22.87,2025-11-24
ACC_000498,ACC_001372,254.46,2025-10-16
ACC_000498,ACC_001372,26.01,2025-10-19
ACC_000498,ACC_001372,5.98,2026-01-20
ACC_000498,ACC_001372,7.57,2025-11-28
ACC_000498,ACC_001372,8.05,2026-02-24
ACC_000498,ACC_001372,9.91,2026-03-20
ACC_000498,ACC_001372,90.31,2026-03-17
ACC_000498,ACC_001373,146.17,2025-12-13
ACC_000498,ACC_001373,16.77,2025-12-30
ACC_000498,ACC_001373,207.17,2025-09-06
ACC_000498,ACC_001373,26.26,2025-09-08
ACC_000498,ACC_001373,31.69,2025-09-10
ACC_000498,ACC_001373,8.01,2025-12-29
ACC_000498,ACC_001374,32.26,2026-03-12
ACC_000498,ACC_001374,337.37,2025-08-12
ACC_000498,ACC_001374,39.53,2026-02-14
ACC_000498,ACC_001375,12.09,2026-03-19
ACC_000498,ACC_001375,208.19,2026-02-17
ACC_000498,ACC_001375,221.08,2026-03-28
ACC_000498,ACC_001388,127.24,2025-09-26
ACC_000498,ACC_001388,18.09,2025-09-23
ACC_000498,ACC_001388,47.35,2025-09-22
ACC_000498,ACC_001388,507.22,2025-08-27
ACC_000498,ACC_001388,56.23,2025-09-11
ACC_000498,ACC_001394,193.80,2025-08-10
ACC_000498,ACC_001394,26.40,2025-08-18
ACC_000498,ACC_001394,31.85,2025-08-25
ACC_000498,ACC_001415,709.32,2026-05-18
ACC_000498,ACC_001431,106.46,2025-08-24
ACC_000498,ACC_001431,1149.04,2025-09-10
ACC_000498,ACC_001431,120.66,2025-10-07
ACC_000498,ACC_001431,138.76,2025-10-10
ACC_000498,ACC_001431,144.78,2026-01-19
ACC_000498,ACC_001431,146.90,2026-01-29
ACC_000498,ACC_001431,158.14,2026-04-03
ACC_000498,ACC_001431,166.46,2026-02-21
ACC_000498,ACC_001431,18.33,2026-03-24
ACC_000498,ACC_001431,18.84,2026-01-10
ACC_000498,ACC_001431,183.23,2025-08-30
ACC_000498,ACC_001431,20.21,2026-03-13
ACC_000498,ACC_001431,200.18,2026-02-16
ACC_000498,ACC_001431,203.33,2025-10-04
ACC_000498,ACC_001431,25.78,2026-03-12
ACC_000498,ACC_001431,26.12,2025-12-05
ACC_000498,ACC_001431,262.27,2026-05-05
ACC_000498,ACC_001431,27.43,2025-10-07
ACC_000498,ACC_001431,27.78,2026-01-21
ACC_000498,ACC_001431,28.63,2026-04-03
ACC_000498,ACC_001431,283.66,2025-08-22
ACC_000498,ACC_001431,285.04,2026-03-18
ACC_000498,ACC_001431,29.48,2025-10-11
ACC_000498,ACC_001431,29.54,2026-02-16
ACC_000498,ACC_001431,29.87,2026-02-14
ACC_000498,ACC_001431,31.62,2026-01-28
ACC_000498,ACC_001431,31.80,2026-02-27
ACC_000498,ACC_001431,313.55,2026-01-26
ACC_000498,ACC_001431,32.36,2025-08-22
ACC_000498,ACC_001431,347.20,2025-08-23
ACC_000498,ACC_001431,35.23,2025-09-11
ACC_000498,ACC_001431,352.69,2025-07-28
ACC_000498,ACC_001431,36.47,2025-07-29
ACC_000498,ACC_001431,37.58,2026-04-21
ACC_000498,ACC_001431,389.73,2025-07-25
ACC_000498,ACC_001431,409.26,2026-02-09
ACC_000498,ACC_001431,41.73,2025-12-30
ACC_000498,ACC_001431,440.05,2026-01-11
ACC_000498,ACC_001431,60.80,2025-08-02
ACC_000498,ACC_001431,7.39,2026-04-12
ACC_000498,ACC_001431,707.88,2025-08-24
ACC_000498,ACC_001431,71.01,2026-03-18
ACC_000498,ACC_001431,8.86,2026-03-26
ACC_000498,ACC_001431,803.69,2026-01-26
ACC_000498,ACC_001431,9.90,2026-03-27
ACC_000498,ACC_001431,93.03,2026-01-30
ACC_000498,ACC_001433,10.80,2026-02-12
ACC_000498,ACC_001433,135.37,2026-01-27
ACC_000498,ACC_001433,14.02,2026-02-12
ACC_000498,ACC_001435,197.59,2026-06-11
ACC_000498,ACC_001435,37.47,2026-05-21
ACC_000498,ACC_001436,27.81,2026-06-08
ACC_000498,ACC_001436,361.17,2026-05-15
ACC_000498,ACC_001436,53.04,2026-06-05
ACC_000498,ACC_001438,14.84,2025-11-01
ACC_000498,ACC_001438,146.41,2025-11-15
ACC_000498,ACC_001438,35.12,2025-10-06
ACC_000498,ACC_001438,6.12,2025-10-16
ACC_000498,ACC_001438,6.80,2025-10-06
ACC_000498,ACC_001443,256.26,2026-03-02
ACC_000498,ACC_001447,125.89,2026-02-24
ACC_000498,ACC_001447,726.19,2026-02-13
ACC_000498,ACC_001485,231.42,2025-10-19
ACC_000498,ACC_001485,38.83,2025-10-12
ACC_000498,ACC_001488,115.14,2025-12-26
ACC_000498,ACC_001499,120.13,2026-02-26
ACC_000498,ACC_001499,173.67,2025-11-07
ACC_000498,ACC_001499,18.80,2026-03-08
ACC_000498,ACC_001499,200.88,2025-09-25
ACC_000498,ACC_001499,587.58,2026-04-12
ACC_000498,ACC_001500,10.85,2025-09-19
ACC_000498,ACC_001500,143.18,2026-02-14
ACC_000498,ACC_001500,189.50,2025-09-24
ACC_000498,ACC_001500,21.18,2025-10-02
ACC_000498,ACC_001500,21.91,2025-09-20
ACC_000498,ACC_001500,22.70,2025-09-20
ACC_000498,ACC_001500,25.23,2026-02-10
ACC_000498,ACC_001500,28.00,2026-02-27
ACC_000498,ACC_001500,363.94,2025-09-21
ACC_000498,ACC_001500,371.48,2026-04-03
ACC_000498,ACC_001500,60.42,2026-04-25
ACC_000498,ACC_001501,48.24,2026-01-21
ACC_000498,ACC_001509,28.27,2025-10-22
ACC_000498,ACC_001509,289.48,2025-11-16
ACC_000498,ACC_001509,34.53,2025-10-25
ACC_000498,ACC_001516,54.58,2026-05-03
ACC_000498,ACC_001516,8.85,2026-05-16
ACC_000498,ACC_001517,107.05,2025-11-29
ACC_000498,ACC_001517,568.79,2025-11-16
ACC_000498,ACC_001518,64.69,2025-12-03
ACC_000498,ACC_001541,213.55,2025-09-14
ACC_000498,ACC_001541,32.17,2025-09-10
ACC_000498,ACC_001541,39.25,2025-09-25
ACC_000498,ACC_001559,627.68,2025-10-22
ACC_000499,ACC_001431,101.80,2026-05-06
ACC_000502,ACC_001484,268.89,2026-01-22
ACC_000503,ACC_001372,102.97,2025-09-06
ACC_000503,ACC_001372,584.50,2025-08-18
ACC_000503,ACC_001372,69.78,2025-09-10
ACC_000505,ACC_001431,416.92,2026-04-03
ACC_000505,ACC_001431,42.50,2026-03-18
ACC_000506,ACC_001431,182.90,2026-05-24
ACC_000506,ACC_001431,24.89,2026-05-29
ACC_000506,ACC_001431,35.22,2026-05-18
ACC_000506,ACC_001431,448.97,2025-09-24
ACC_000508,ACC_001431,11.23,2026-04-11
ACC_000508,ACC_001431,69.60,2026-04-19
ACC_000508,ACC_001438,203.02,2026-02-08
ACC_000508,ACC_001438,22.56,2026-02-11
ACC_000508,ACC_001438,38.93,2026-02-03
ACC_000509,ACC_001353,225.34,2025-08-03
ACC_000509,ACC_001353,44.34,2025-07-27
ACC_000515,ACC_001388,893.93,2025-11-19
ACC_000516,ACC_001264,230.40,2026-01-28
ACC_000516,ACC_001265,683.98,2025-11-16
ACC_000516,ACC_001265,85.49,2025-11-07
ACC_000516,ACC_001306,5.30,2025-12-07
ACC_000516,ACC_001306,7.99,2025-11-11
ACC_000516,ACC_001307,42.28,2025-11-29
ACC_000516,ACC_001337,370.21,2026-04-13
ACC_000516,ACC_001338,42.08,2026-05-01
ACC_000516,ACC_001372,146.73,2026-02-06
ACC_000516,ACC_001372,77.32,2026-02-09
ACC_000516,ACC_001372,812.37,2026-01-23
ACC_000516,ACC_001388,393.76,2026-05-13
ACC_000516,ACC_001415,629.04,2026-03-20
ACC_000516,ACC_001431,102.88,2026-05-11
ACC_000516,ACC_001431,106.51,2026-02-22
ACC_000516,ACC_001431,1062.00,2026-02-20
ACC_000516,ACC_001431,154.18,2026-01-04
ACC_000516,ACC_001431,17.39,2026-05-29
ACC_000516,ACC_001431,2020.16,2026-03-10
ACC_000516,ACC_001431,216.15,2026-03-22
ACC_000516,ACC_001431,237.36,2026-05-30
ACC_000516,ACC_001431,373.11,2025-12-17
ACC_000516,ACC_001431,38.76,2026-01-01
ACC_000516,ACC_001431,392.23,2025-11-08
ACC_000516,ACC_001431,40.62,2026-03-23
ACC_000516,ACC_001431,490.89,2026-01-20
ACC_000516,ACC_001431,50.26,2026-02-10
ACC_000516,ACC_001431,662.86,2025-10-02
ACC_000516,ACC_001431,8.55,2026-05-17
ACC_000516,ACC_001431,88.96,2026-02-12
ACC_000516,ACC_001431,929.27,2026-04-12
ACC_000516,ACC_001448,132.67,2025-11-27
ACC_000516,ACC_001448,15.16,2025-12-12
ACC_000516,ACC_001448,18.42,2025-12-13
ACC_000516,ACC_001484,182.29,2025-11-12
ACC_000516,ACC_001484,1823.18,2025-11-10
ACC_000516,ACC_001485,496.30,2025-11-04
ACC_000516,ACC_001500,186.31,2026-02-21
ACC_000516,ACC_001500,875.73,2025-09-15
ACC_000517,ACC_001233,139.99,2026-04-19
ACC_000517,ACC_001233,864.76,2026-04-24
ACC_000517,ACC_001252,117.80,2025-08-13
ACC_000517,ACC_001252,655.02,2025-07-15
ACC_000517,ACC_001252,73.82,2025-08-08
ACC_000517,ACC_001264,523.61,2025-08-20
ACC_000517,ACC_001328,141.21,2025-12-15
ACC_000517,ACC_001328,25.03,2025-11-25
ACC_000517,ACC_001329,8.22,2025-11-21
ACC_000517,ACC_001340,79.60,2025-09-18
ACC_000517,ACC_001340,9.32,2025-09-22
ACC_000517,ACC_001348,325.71,2025-09-11
ACC_000517,ACC_001348,36.83,2025-09-16
ACC_000517,ACC_001348,41.50,2025-09-09
ACC_000517,ACC_001356,42.92,2025-09-15
ACC_000517,ACC_001372,36.34,2026-04-28
ACC_000517,ACC_001372,626.18,2026-05-02
ACC_000517,ACC_001372,83.84,2026-05-06
ACC_000517,ACC_001375,106.85,2026-01-15
ACC_000517,ACC_001375,8.83,2026-01-12
ACC_000517,ACC_001375,9.53,2025-12-31
ACC_000517,ACC_001388,53.88,2026-04-03
ACC_000517,ACC_001431,10.15,2025-11-03
ACC_000517,ACC_001431,113.05,2026-03-02
ACC_000517,ACC_001431,115.20,2025-11-02
ACC_000517,ACC_001431,150.48,2025-09-16
ACC_000517,ACC_001431,152.67,2025-09-17
ACC_000517,ACC_001431,198.75,2025-11-15
ACC_000517,ACC_001431,255.34,2025-12-06
ACC_000517,ACC_001431,27.34,2025-11-10
ACC_000517,ACC_001431,29.26,2026-03-06
ACC_000517,ACC_001431,3.36,2025-11-24
ACC_000517,ACC_001431,319.83,2025-10-29
ACC_000517,ACC_001431,32.09,2025-11-24
ACC_000517,ACC_001431,331.58,2025-10-31
ACC_000517,ACC_001431,37.79,2025-11-22
ACC_000517,ACC_001431,413.86,2025-09-22
ACC_000517,ACC_001431,44.43,2025-11-29
ACC_000517,ACC_001431,463.10,2026-02-04
ACC_000517,ACC_001431,49.72,2025-11-08
ACC_000517,ACC_001431,498.64,2025-08-14
ACC_000517,ACC_001431,53.35,2025-11-06
ACC_000517,ACC_001431,566.60,2026-02-21
ACC_000517,ACC_001431,58.90,2025-08-14
ACC_000517,ACC_001431,59.08,2025-11-05
ACC_000517,ACC_001431,68.22,2025-09-28
ACC_000517,ACC_001431,8.94,2025-11-20
ACC_000517,ACC_001431,927.42,2025-09-08
ACC_000517,ACC_001482,174.07,2025-08-07
ACC_000517,ACC_001482,9.22,2025-08-13
ACC_000517,ACC_001484,30.79,2025-11-29
ACC_000517,ACC_001484,34.91,2025-11-21
ACC_000517,ACC_001484,45.10,2025-09-25
ACC_000517,ACC_001484,5.10,2025-10-15
ACC_000517,ACC_001484,506.07,2025-11-19
ACC_000517,ACC_001499,430.16,2026-06-08
ACC_000517,ACC_001499,52.38,2026-05-31
ACC_000518,ACC_001227,1086.85,2025-12-27
ACC_000518,ACC_001265,812.10,2026-03-20
ACC_000518,ACC_001301,34.88,2025-12-07
ACC_000518,ACC_001301,355.52,2025-12-21
ACC_000518,ACC_001325,200.42,2025-09-04
ACC_000518,ACC_001325,23.90,2025-09-04
ACC_000518,ACC_001339,2.70,2026-06-03
ACC_000518,ACC_001339,3.25,2026-05-26
ACC_000518,ACC_001340,33.27,2026-06-08
ACC_000518,ACC_001348,286.50,2026-01-20
ACC_000518,ACC_001348,3.95,2025-12-18
ACC_000518,ACC_001348,42.51,2025-12-27
ACC_000518,ACC_001348,55.99,2026-01-23
ACC_000518,ACC_001349,382.43,2026-05-24
ACC_000518,ACC_001349,423.29,2025-12-12
ACC_000518,ACC_001354,217.13,2025-12-12
ACC_000518,ACC_001354,42.40,2025-12-20
ACC_000518,ACC_001365,114.88,2025-11-29
ACC_000518,ACC_001365,19.72,2025-11-23
ACC_000518,ACC_001366,3.87,2026-02-19
ACC_000518,ACC_001366,62.66,2026-03-02
ACC_000518,ACC_001366,8.14,2026-02-17
ACC_000518,ACC_001372,10.93,2025-08-27
ACC_000518,ACC_001372,12.88,2025-08-22
ACC_000518,ACC_001372,210.87,2025-08-18
ACC_000518,ACC_001388,22.84,2025-09-04
ACC_000518,ACC_001388,27.75,2025-09-02
ACC_000518,ACC_001388,304.79,2025-08-10
ACC_000518,ACC_001388,39.05,2025-08-25
ACC_000518,ACC_001388,552.42,2025-08-10
ACC_000518,ACC_001431,105.23,2025-09-19
ACC_000518,ACC_001431,108.23,2025-07-23
ACC_000518,ACC_001431,128.35,2025-12-12
ACC_000518,ACC_001431,198.19,2025-10-05
ACC_000518,ACC_001431,29.57,2025-09-22
ACC_000518,ACC_001431,373.27,2026-04-15
ACC_000518,ACC_001431,411.51,2025-10-12
ACC_000518,ACC_001431,624.73,2025-07-12
ACC_000518,ACC_001431,703.25,2025-09-29
ACC_000518,ACC_001431,763.20,2025-10-19
ACC_000518,ACC_001431,77.14,2025-07-27
ACC_000518,ACC_001484,189.80,2026-04-12
ACC_000518,ACC_001499,10.00,2025-11-18
ACC_000518,ACC_001499,1184.27,2026-03-11
ACC_000518,ACC_001499,688.30,2026-01-30
ACC_000518,ACC_001499,91.62,2026-01-16
ACC_000518,ACC_001500,160.98,2025-11-17
ACC_000518,ACC_001500,286.55,2025-10-11
ACC_000518,ACC_001500,31.06,2025-11-12
ACC_000518,ACC_001500,44.09,2025-10-21
ACC_000518,ACC_001500,55.71,2025-10-24
ACC_000518,ACC_001582,28.57,2025-11-25
ACC_000518,ACC_001582,379.77,2025-11-20
ACC_000519,ACC_001499,283.77,2026-06-06
ACC_000520,ACC_001431,470.51,2025-10-28
ACC_000523,ACC_001430,493.93,2026-03-02
ACC_000523,ACC_001430,63.69,2026-02-28
ACC_000523,ACC_001430,74.37,2026-02-16
ACC_000523,ACC_001431,304.81,2026-02-01
ACC_000523,ACC_001431,496.82,2026-03-21
ACC_000523,ACC_001431,86.10,2026-04-22
ACC_000523,ACC_001431,98.67,2026-04-08
ACC_000524,ACC_001431,866.62,2026-03-29
ACC_000524,ACC_001565,636.45,2026-04-18
ACC_000524,ACC_001565,94.16,2026-04-28
ACC_000524,ACC_001565,96.39,2026-04-24
ACC_000526,ACC_001372,452.93,2025-10-10
ACC_000526,ACC_001431,226.77,2025-11-18
ACC_000526,ACC_001431,24.91,2025-12-07
ACC_000533,ACC_001339,205.93,2025-10-04
ACC_000533,ACC_001340,1863.57,2025-10-18
ACC_000533,ACC_001542,79.09,2025-11-19
ACC_000533,ACC_001543,1295.38,2025-11-09
ACC_000534,ACC_001240,31.35,2025-11-09
ACC_000534,ACC_001241,209.53,2025-11-20
ACC_000534,ACC_001277,90.18,2026-05-21
ACC_000534,ACC_001295,460.71,2025-08-12
ACC_000534,ACC_001372,11.27,2026-01-03
ACC_000534,ACC_001372,115.75,2025-12-09
ACC_000534,ACC_001372,12.75,2025-12-28
ACC_000534,ACC_001372,28.64,2026-01-29
ACC_000534,ACC_001372,31.77,2026-01-14
ACC_000534,ACC_001372,394.70,2026-01-19
ACC_000534,ACC_001408,477.04,2026-02-12
ACC_000534,ACC_001409,62.61,2026-01-31
ACC_000534,ACC_001418,135.78,2025-08-19
ACC_000534,ACC_001419,11.57,2025-08-11
ACC_000534,ACC_001431,102.80,2025-11-30
ACC_000534,ACC_001431,1627.94,2025-07-28
ACC_000534,ACC_001431,167.03,2025-11-27
ACC_000534,ACC_001431,169.73,2026-01-27
ACC_000534,ACC_001431,172.50,2025-12-20
ACC_000534,ACC_001431,25.45,2026-01-06
ACC_000534,ACC_001431,26.28,2026-01-14
ACC_000534,ACC_001431,29.11,2025-12-02
ACC_000534,ACC_001431,31.80,2025-12-17
ACC_000534,ACC_001542,449.06,2025-12-17
ACC_000534,ACC_001543,51.04,2025-12-13
ACC_000534,ACC_001543,72.58,2025-12-03
ACC_000534,ACC_001560,37.58,2025-09-17
ACC_000534,ACC_001560,523.95,2025-08-29
ACC_000534,ACC_001560,56.34,2025-09-22
ACC_000538,ACC_001348,29.40,2026-02-25
ACC_000538,ACC_001349,310.06,2026-02-10
ACC_000540,ACC_001372,43.45,2025-09-17
ACC_000540,ACC_001372,554.33,2025-09-27
ACC_000542,ACC_001348,1772.88,2025-12-20
ACC_000542,ACC_001349,267.94,2025-12-20
ACC_000542,ACC_001375,293.85,2025-09-20
ACC_000542,ACC_001388,183.67,2025-10-25
ACC_000542,ACC_001388,2308.69,2025-10-15
ACC_000542,ACC_001388,444.35,2025-10-07
ACC_000542,ACC_001431,26.14,2025-08-29
ACC_000542,ACC_001431,318.61,2026-02-14
ACC_000542,ACC_001431,484.29,2025-09-14
ACC_000542,ACC_001499,134.16,2025-08-27
ACC_000542,ACC_001499,269.78,2025-10-10
ACC_000542,ACC_001499,304.38,2025-08-24
ACC_000542,ACC_001500,22.35,2025-08-21
ACC_000543,ACC_001252,174.40,2025-12-01
ACC_000543,ACC_001252,21.29,2025-11-24
ACC_000543,ACC_001252,26.81,2025-11-26
ACC_000543,ACC_001255,461.22,2026-05-27
ACC_000543,ACC_001337,5.76,2025-12-02
ACC_000543,ACC_001338,107.19,2025-11-24
ACC_000543,ACC_001339,369.12,2025-11-22
ACC_000543,ACC_001340,37.78,2025-12-05
ACC_000543,ACC_001340,53.21,2025-11-20
ACC_000543,ACC_001354,1583.85,2026-01-29
ACC_000543,ACC_001354,174.10,2026-03-01
ACC_000543,ACC_001354,261.72,2026-02-16
ACC_000543,ACC_001372,742.22,2026-05-11
ACC_000543,ACC_001431,1038.91,2025-10-19
ACC_000543,ACC_001431,115.91,2025-10-26
ACC_000543,ACC_001431,1412.29,2025-10-26
ACC_000543,ACC_001431,145.92,2025-10-09
ACC_000543,ACC_001431,1908.73,2026-02-21
ACC_000543,ACC_001431,202.49,2025-09-20
ACC_000543,ACC_001431,909.47,2025-10-13
ACC_000543,ACC_001499,885.41,2025-12-15
ACC_000543,ACC_001500,312.83,2025-11-03
ACC_000543,ACC_001520,2183.06,2025-08-19
ACC_000543,ACC_001537,2195.79,2026-03-31
ACC_000543,ACC_001537,240.85,2026-03-29
ACC_000543,ACC_001537,251.22,2026-03-30
ACC_000543,ACC_001586,140.35,2025-08-13
ACC_000544,ACC_001431,127.00,2025-08-22
ACC_000544,ACC_001431,4.93,2026-01-11
ACC_000544,ACC_001431,96.79,2026-01-04
ACC_000544,ACC_001498,1189.87,2025-09-16
ACC_000544,ACC_001498,65.96,2025-10-03
ACC_000552,ACC_001388,117.15,2025-08-24
ACC_000552,ACC_001388,23.11,2025-09-11
ACC_000552,ACC_001388,8.29,2025-09-03
ACC_000552,ACC_001431,13.92,2026-02-25
ACC_000552,ACC_001431,244.67,2026-03-18
ACC_000552,ACC_001485,71.35,2026-02-27
ACC_000552,ACC_001485,76.77,2026-03-11
ACC_000552,ACC_001485,876.44,2026-02-28
ACC_000552,ACC_001498,330.13,2026-01-18
ACC_000552,ACC_001498,57.39,2026-01-18
ACC_000553,ACC_001227,16.48,2026-04-02
ACC_000553,ACC_001227,254.81,2026-03-24
ACC_000553,ACC_001537,66.23,2026-04-20
ACC_000553,ACC_001537,699.13,2026-04-21
ACC_000556,ACC_001431,276.40,2026-01-03
ACC_000556,ACC_001499,114.96,2026-04-04
ACC_000556,ACC_001500,12.55,2026-04-21
ACC_000557,ACC_001372,411.32,2025-08-19
ACC_000557,ACC_001372,69.08,2025-08-17
ACC_000558,ACC_001431,56.84,2026-01-17
ACC_000558,ACC_001431,6.35,2026-01-23
ACC_000559,ACC_001431,685.29,2026-02-18
ACC_000561,ACC_001252,59.68,2026-03-27
ACC_000561,ACC_001301,108.38,2026-01-09
ACC_000561,ACC_001301,9.93,2026-01-15
ACC_000561,ACC_001340,93.12,2025-12-18
ACC_000561,ACC_001431,12.06,2026-04-07
ACC_000561,ACC_001431,133.60,2025-12-02
ACC_000561,ACC_001431,1487.65,2025-10-27
ACC_000561,ACC_001431,16.35,2026-04-13
ACC_000561,ACC_001431,19.56,2025-11-25
ACC_000561,ACC_001431,311.87,2025-09-08
ACC_000561,ACC_001431,45.15,2026-04-01
ACC_000561,ACC_001431,48.96,2026-03-23
ACC_000561,ACC_001431,580.17,2026-04-25
ACC_000561,ACC_001431,65.39,2026-02-15
ACC_000561,ACC_001431,656.81,2026-04-07
ACC_000561,ACC_001431,85.89,2026-03-24
ACC_000561,ACC_001499,659.54,2026-03-28
ACC_000561,ACC_001500,315.92,2025-12-07
ACC_000561,ACC_001500,51.52,2025-12-30
ACC_000562,ACC_001431,217.51,2026-04-15
ACC_000562,ACC_001431,30.99,2026-04-06
ACC_000564,ACC_001339,175.75,2025-08-03
ACC_000564,ACC_001339,30.00,2025-07-29
ACC_000564,ACC_001340,32.16,2025-07-28
ACC_000565,ACC_001252,523.32,2026-01-17
ACC_000565,ACC_001268,1888.55,2026-04-30
ACC_000565,ACC_001268,228.45,2026-04-30
ACC_000565,ACC_001387,94.77,2025-10-27
ACC_000565,ACC_001431,662.48,2025-12-14
ACC_000566,ACC_001339,670.99,2025-10-01
ACC_000566,ACC_001431,199.04,2026-02-05
ACC_000566,ACC_001431,66.47,2025-09-23
ACC_000566,ACC_001431,779.52,2025-09-23
ACC_000566,ACC_001482,22.32,2025-12-04
ACC_000566,ACC_001482,395.59,2025-12-17
ACC_000566,ACC_001499,1333.75,2025-12-01
ACC_000566,ACC_001500,259.04,2025-12-22
ACC_000566,ACC_001510,29.97,2025-08-31
ACC_000566,ACC_001511,32.34,2025-08-30
ACC_000566,ACC_001511,352.54,2025-08-12
ACC_000567,ACC_001244,5.03,2026-04-18
ACC_000567,ACC_001244,6.93,2026-04-21
ACC_000567,ACC_001244,65.32,2026-04-14
ACC_000567,ACC_001355,878.34,2026-01-01
ACC_000567,ACC_001355,99.96,2026-01-25
ACC_000567,ACC_001356,147.12,2026-01-24
ACC_000568,ACC_001431,382.18,2026-03-17
ACC_000568,ACC_001431,62.90,2026-03-21
ACC_000569,ACC_001234,394.79,2026-05-09
ACC_000569,ACC_001234,68.22,2026-05-02
ACC_000569,ACC_001239,11.49,2025-11-03
ACC_000569,ACC_001239,88.25,2025-11-27
ACC_000569,ACC_001252,512.91,2025-10-30
ACC_000569,ACC_001252,65.50,2025-10-29
ACC_000569,ACC_001291,381.81,2026-03-30
ACC_000569,ACC_001291,52.10,2026-03-29
ACC_000569,ACC_001297,21.29,2026-04-18
ACC_000569,ACC_001297,323.23,2026-05-02
ACC_000569,ACC_001301,159.31,2025-12-07
ACC_000569,ACC_001339,251.41,2025-11-16
ACC_000569,ACC_001339,29.41,2025-12-03
ACC_000569,ACC_001339,30.61,2025-11-19
ACC_000569,ACC_001339,787.12,2026-03-02
ACC_000569,ACC_001348,116.86,2026-02-27
ACC_000569,ACC_001349,10.20,2026-02-28
ACC_000569,ACC_001349,12.98,2026-02-27
ACC_000569,ACC_001374,17.92,2026-05-19
ACC_000569,ACC_001375,159.98,2026-05-23
ACC_000569,ACC_001375,19.48,2026-05-24
ACC_000569,ACC_001388,357.50,2026-04-16
ACC_000569,ACC_001388,48.79,2026-04-02
ACC_000569,ACC_001388,645.20,2026-01-31
ACC_000569,ACC_001431,178.30,2025-10-08
ACC_000569,ACC_001431,250.85,2025-09-23
ACC_000569,ACC_001431,395.17,2025-11-08
ACC_000569,ACC_001431,398.12,2026-02-07
ACC_000569,ACC_001431,456.53,2026-01-25
ACC_000569,ACC_001431,48.35,2026-05-04
ACC_000569,ACC_001431,49.61,2025-10-01
ACC_000569,ACC_001431,5.78,2026-02-16
ACC_000569,ACC_001431,5.94,2026-02-16
ACC_000569,ACC_001431,6.01,2025-09-11
ACC_000569,ACC_001431,609.66,2026-04-13
ACC_000569,ACC_001431,71.31,2025-08-22
ACC_000569,ACC_001431,85.47,2026-02-12
ACC_000569,ACC_001436,26.96,2026-01-02
ACC_000569,ACC_001436,444.45,2025-12-28
ACC_000569,ACC_001436,82.60,2026-01-08
ACC_000569,ACC_001485,537.13,2026-03-06
ACC_000569,ACC_001485,85.95,2026-03-20
ACC_000569,ACC_001499,57.62,2026-05-05
ACC_000570,ACC_001431,153.12,2025-12-28
ACC_000570,ACC_001431,165.28,2025-12-15
ACC_000570,ACC_001431,1766.62,2025-12-09
ACC_000570,ACC_001431,969.76,2025-12-20
ACC_000572,ACC_001245,226.23,2026-03-06
ACC_000572,ACC_001252,12.60,2025-10-13
ACC_000572,ACC_001252,90.72,2025-09-26
ACC_000572,ACC_001372,156.28,2025-08-18
ACC_000572,ACC_001372,305.89,2026-05-10
ACC_000572,ACC_001388,38.84,2026-04-08
ACC_000572,ACC_001388,410.17,2026-04-10
ACC_000572,ACC_001431,10.90,2025-08-16
ACC_000572,ACC_001431,17.93,2026-02-02
ACC_000572,ACC_001431,171.96,2026-01-19
ACC_000572,ACC_001431,404.54,2025-08-02
ACC_000572,ACC_001431,411.32,2026-05-08
ACC_000572,ACC_001431,66.86,2026-05-03
ACC_000572,ACC_001431,71.90,2025-08-13
ACC_000572,ACC_001431,95.43,2025-09-03
ACC_000572,ACC_001438,127.91,2025-12-21
ACC_000572,ACC_001438,16.03,2025-11-27
ACC_000572,ACC_001438,16.58,2025-12-07
ACC_000572,ACC_001438,2.41,2025-10-14
ACC_000572,ACC_001438,4.18,2025-10-05
ACC_000572,ACC_001438,46.06,2025-09-24
ACC_000572,ACC_001485,382.73,2026-03-01
ACC_000572,ACC_001485,40.98,2026-02-27
ACC_000572,ACC_001499,146.59,2026-01-01
ACC_000572,ACC_001499,26.90,2026-01-11
ACC_000572,ACC_001500,21.94,2026-01-10
ACC_000573,ACC_001339,134.96,2025-11-09
ACC_000573,ACC_001339,14.27,2025-12-07
ACC_000573,ACC_001339,23.03,2025-11-23
ACC_000573,ACC_001348,461.86,2026-04-02
ACC_000573,ACC_001349,58.78,2026-04-10
ACC_000573,ACC_001349,630.12,2026-01-18
ACC_000573,ACC_001431,105.12,2025-10-10
ACC_000573,ACC_001431,15.29,2026-04-09
ACC_000573,ACC_001431,163.09,2025-11-29
ACC_000573,ACC_001431,18.90,2025-08-04
ACC_000573,ACC_001431,19.95,2025-10-22
ACC_000573,ACC_001431,250.12,2026-04-23
ACC_000573,ACC_001431,258.47,2025-11-29
ACC_000573,ACC_001431,31.86,2025-11-20
ACC_000573,ACC_001431,320.37,2025-12-18
ACC_000573,ACC_001431,351.97,2025-07-13
ACC_000573,ACC_001431,356.40,2025-10-08
ACC_000573,ACC_001431,38.59,2025-10-22
ACC_000573,ACC_001431,44.56,2026-02-14
ACC_000573,ACC_001431,44.97,2026-04-27
ACC_000573,ACC_001431,46.73,2026-04-09
ACC_000573,ACC_001431,55.43,2025-12-24
ACC_000573,ACC_001431,6.95,2025-09-29
ACC_000573,ACC_001431,63.65,2026-05-12
ACC_000573,ACC_001431,638.93,2026-04-24
ACC_000573,ACC_001434,245.40,2026-05-14
ACC_000573,ACC_001478,1350.97,2026-03-25
ACC_000573,ACC_001484,364.10,2026-05-23
ACC_000573,ACC_001526,4.79,2026-02-06
ACC_000573,ACC_001527,73.89,2026-02-05
ACC_000579,ACC_001348,391.58,2025-11-18
ACC_000579,ACC_001349,37.07,2025-11-18
ACC_000582,ACC_001211,106.39,2026-03-22
ACC_000582,ACC_001211,15.37,2026-03-21
ACC_000584,ACC_001431,34.66,2025-10-03
ACC_000587,ACC_001420,1885.37,2025-09-23
ACC_000587,ACC_001420,201.14,2025-10-02
ACC_000588,ACC_001438,351.00,2026-01-10
ACC_000588,ACC_001485,150.64,2026-01-24
ACC_000588,ACC_001485,891.48,2026-01-28
ACC_000589,ACC_001343,633.09,2026-04-18
ACC_000589,ACC_001344,108.32,2026-04-16
ACC_000590,ACC_001406,56.92,2026-04-03
ACC_000590,ACC_001407,439.73,2026-03-12
ACC_000590,ACC_001431,22.14,2025-07-24
ACC_000590,ACC_001431,229.62,2025-07-29
ACC_000590,ACC_001431,36.20,2025-07-18
ACC_000590,ACC_001473,126.18,2026-01-02
ACC_000590,ACC_001500,5.59,2025-11-13
ACC_000590,ACC_001500,63.68,2025-11-14
ACC_000593,ACC_001344,595.56,2026-03-23
ACC_000596,ACC_001291,28.95,2026-03-13
ACC_000596,ACC_001291,378.96,2026-03-19
ACC_000596,ACC_001291,49.91,2026-03-24
ACC_000596,ACC_001372,10.17,2025-12-25
ACC_000596,ACC_001372,11.68,2026-01-07
ACC_000596,ACC_001372,65.07,2026-01-03
ACC_000596,ACC_001547,199.33,2026-03-02
ACC_000597,ACC_001233,85.71,2026-06-05
ACC_000597,ACC_001234,517.50,2026-05-30
ACC_000597,ACC_001234,62.20,2026-06-17
ACC_000597,ACC_001479,57.03,2026-05-16
ACC_000598,ACC_001431,52.46,2026-03-28
ACC_000598,ACC_001431,633.15,2026-04-05
ACC_000598,ACC_001431,83.63,2026-03-20
ACC_000601,ACC_001340,607.28,2026-03-21
ACC_000602,ACC_001372,970.01,2025-08-30
ACC_000602,ACC_001431,1062.95,2026-05-25
ACC_000602,ACC_001431,109.32,2026-06-12
ACC_000602,ACC_001431,154.61,2026-02-15
ACC_000602,ACC_001431,226.27,2026-06-08
ACC_000602,ACC_001431,505.16,2025-11-16
ACC_000602,ACC_001431,89.99,2026-06-01
ACC_000603,ACC_001252,1606.02,2025-10-12
ACC_000603,ACC_001252,2778.20,2026-01-11
ACC_000603,ACC_001252,515.09,2026-01-13
ACC_000603,ACC_001431,297.14,2025-09-07
ACC_000603,ACC_001431,322.24,2025-08-14
ACC_000603,ACC_001431,33.50,2025-09-26
ACC_000603,ACC_001431,434.48,2026-05-15
ACC_000603,ACC_001431,80.87,2026-06-07
ACC_000603,ACC_001498,44.97,2025-07-27
ACC_000603,ACC_001498,481.00,2025-08-06
ACC_000608,ACC_001388,1307.02,2026-03-01
ACC_000609,ACC_001375,401.86,2025-12-09
ACC_000614,ACC_001252,1144.45,2025-12-11
ACC_000614,ACC_001252,187.39,2025-12-18
ACC_000614,ACC_001349,353.55,2025-10-20
ACC_000615,ACC_001431,135.36,2025-08-28
ACC_000615,ACC_001431,736.99,2025-08-30
ACC_000615,ACC_001431,91.19,2025-08-28
ACC_000619,ACC_001348,20.96,2025-10-22
ACC_000619,ACC_001349,200.64,2025-10-29
ACC_000619,ACC_001349,27.79,2025-10-23
ACC_000619,ACC_001355,48.18,2026-04-22
ACC_000619,ACC_001355,485.79,2026-04-01
ACC_000619,ACC_001372,667.37,2025-11-01
ACC_000621,ACC_001431,85.44,2026-02-02
ACC_000622,ACC_001431,713.56,2025-10-05
ACC_000622,ACC_001431,82.16,2025-09-30
ACC_000623,ACC_001431,508.20,2025-11-11
ACC_000623,ACC_001431,58.35,2025-11-13
ACC_000623,ACC_001431,81.32,2025-11-05
ACC_000626,ACC_001301,111.45,2026-02-04
ACC_000626,ACC_001301,626.65,2026-02-14
ACC_000626,ACC_001301,96.45,2026-02-21
ACC_000626,ACC_001431,413.46,2025-11-06
ACC_000631,ACC_001309,12.58,2026-01-26
ACC_000631,ACC_001309,14.90,2026-01-31
ACC_000631,ACC_001309,172.95,2026-02-01
ACC_000631,ACC_001348,1050.96,2025-11-26
ACC_000631,ACC_001348,110.28,2025-11-17
ACC_000631,ACC_001372,13.94,2025-08-13
ACC_000631,ACC_001372,23.68,2026-05-21
ACC_000631,ACC_001372,241.31,2026-05-31
ACC_000631,ACC_001372,7.54,2025-08-09
ACC_000631,ACC_001372,98.86,2025-08-04
ACC_000631,ACC_001431,12.86,2026-01-16
ACC_000631,ACC_001431,16.32,2026-01-11
ACC_000631,ACC_001431,249.92,2026-01-07
ACC_000631,ACC_001431,3.55,2025-11-03
ACC_000631,ACC_001431,39.37,2025-12-26
ACC_000631,ACC_001431,4.33,2025-10-30
ACC_000631,ACC_001431,66.32,2025-10-24
ACC_000631,ACC_001431,88.63,2026-01-09
ACC_000631,ACC_001438,128.88,2025-08-31
ACC_000631,ACC_001438,8.06,2025-09-19
ACC_000631,ACC_001469,291.34,2025-12-11
ACC_000631,ACC_001499,552.08,2026-03-11
ACC_000631,ACC_001499,99.12,2026-03-24
ACC_000631,ACC_001500,83.10,2026-02-28
ACC_000632,ACC_001485,22.05,2025-09-19
ACC_000632,ACC_001485,378.27,2025-09-24
ACC_000632,ACC_001485,46.71,2025-09-10
ACC_000633,ACC_001431,10.56,2026-02-02
ACC_000633,ACC_001431,137.16,2025-12-14
ACC_000633,ACC_001431,160.79,2026-02-13
ACC_000633,ACC_001431,8.83,2026-02-13
ACC_000633,ACC_001431,9.62,2025-12-05
ACC_000638,ACC_001253,11.50,2026-04-25
ACC_000638,ACC_001253,72.45,2026-04-13
ACC_000638,ACC_001343,124.95,2025-08-03
ACC_000638,ACC_001343,8.35,2025-08-26
ACC_000638,ACC_001344,16.92,2025-09-02
ACC_000638,ACC_001370,20.08,2026-02-25
ACC_000638,ACC_001371,167.90,2026-02-19
ACC_000638,ACC_001375,108.61,2025-10-02
ACC_000638,ACC_001375,18.88,2025-10-16
ACC_000638,ACC_001431,10.20,2025-07-29
ACC_000638,ACC_001431,129.34,2026-03-03
ACC_000638,ACC_001431,137.78,2026-04-15
ACC_000638,ACC_001431,18.48,2025-08-14
ACC_000638,ACC_001431,2.72,2025-08-05
ACC_000638,ACC_001431,218.82,2025-08-15
ACC_000638,ACC_001431,24.11,2026-04-16
ACC_000638,ACC_001431,347.88,2026-04-24
ACC_000638,ACC_001431,36.96,2026-04-26
ACC_000638,ACC_001431,388.79,2025-08-01
ACC_000638,ACC_001431,52.56,2025-07-21
ACC_000638,ACC_001431,53.73,2025-08-01
ACC_000638,ACC_001431,62.41,2026-05-09
ACC_000638,ACC_001431,73.43,2025-07-25
ACC_000638,ACC_001500,369.54,2025-08-28
ACC_000638,ACC_001545,59.75,2026-03-05
ACC_000638,ACC_001545,7.43,2026-02-24
ACC_000638,ACC_001545,9.10,2026-02-18
ACC_000639,ACC_001348,34.62,2025-08-27
ACC_000639,ACC_001348,42.76,2025-08-31
ACC_000639,ACC_001349,289.20,2025-09-02
ACC_000639,ACC_001372,200.30,2026-04-22
ACC_000639,ACC_001431,230.01,2025-11-07
ACC_000639,ACC_001431,28.06,2025-07-30
ACC_000639,ACC_001431,302.18,2025-08-03
ACC_000639,ACC_001431,4.07,2026-05-07
ACC_000639,ACC_001431,40.32,2026-05-05
ACC_000639,ACC_001431,49.88,2025-08-07
ACC_000639,ACC_001499,51.65,2025-10-21
ACC_000639,ACC_001500,401.28,2025-10-30
ACC_000639,ACC_001500,69.94,2025-10-14
ACC_000639,ACC_001560,151.20,2026-04-17
ACC_000640,ACC_001252,872.89,2025-10-13
ACC_000640,ACC_001259,211.76,2025-08-23
ACC_000640,ACC_001268,200.15,2025-08-10
ACC_000640,ACC_001273,886.05,2025-12-04
ACC_000640,ACC_001286,1067.28,2025-10-11
ACC_000640,ACC_001349,673.82,2026-02-12
ACC_000640,ACC_001415,1473.55,2025-09-20
ACC_000640,ACC_001415,186.47,2026-03-06
ACC_000640,ACC_001415,216.98,2025-09-24
ACC_000640,ACC_001431,103.96,2026-04-27
ACC_000640,ACC_001431,116.35,2025-12-03
ACC_000640,ACC_001431,1951.61,2025-08-22
ACC_000640,ACC_001431,197.05,2025-10-25
ACC_000640,ACC_001431,30.17,2025-11-29
ACC_000640,ACC_001431,306.22,2025-08-09
ACC_000640,ACC_001431,36.97,2025-10-29
ACC_000640,ACC_001431,47.16,2025-11-29
ACC_000640,ACC_001431,526.44,2025-11-17
ACC_000640,ACC_001431,534.69,2026-04-03
ACC_000640,ACC_001431,597.65,2026-05-06
ACC_000640,ACC_001431,605.35,2025-12-06
ACC_000640,ACC_001431,67.48,2026-05-19
ACC_000640,ACC_001431,70.41,2026-04-01
ACC_000640,ACC_001431,79.63,2026-05-18
ACC_000640,ACC_001485,138.12,2026-03-13
ACC_000640,ACC_001485,14.22,2026-03-09
ACC_000640,ACC_001485,21.17,2026-04-04
ACC_000640,ACC_001485,25.35,2026-03-26
ACC_000640,ACC_001485,280.40,2026-04-15
ACC_000640,ACC_001559,3259.40,2026-05-15
ACC_000640,ACC_001559,615.75,2026-05-21
ACC_000641,ACC_001230,100.82,2025-09-11
ACC_000641,ACC_001230,1459.27,2025-09-13
ACC_000641,ACC_001309,113.96,2025-08-03
ACC_000641,ACC_001309,143.94,2025-08-18
ACC_000641,ACC_001309,796.90,2025-08-15
ACC_000641,ACC_001328,28.06,2026-04-10
ACC_000641,ACC_001328,524.51,2026-04-06
ACC_000641,ACC_001328,77.33,2026-04-02
ACC_000641,ACC_001346,2024.38,2026-04-18
ACC_000641,ACC_001346,300.45,2026-04-12
ACC_000641,ACC_001347,169.40,2026-04-22
ACC_000641,ACC_001354,1171.45,2025-12-20
ACC_000641,ACC_001372,1478.80,2026-03-31
ACC_000641,ACC_001415,1348.21,2025-11-12
ACC_000641,ACC_001416,209.77,2025-10-30
ACC_000641,ACC_001431,127.77,2025-08-22
ACC_000641,ACC_001431,1382.18,2026-03-27
ACC_000641,ACC_001431,226.65,2026-04-24
ACC_000641,ACC_001431,28.20,2026-05-29
ACC_000641,ACC_001431,291.26,2026-01-01
ACC_000641,ACC_001431,429.69,2026-05-29
ACC_000641,ACC_001431,44.98,2026-01-09
ACC_000641,ACC_001431,682.20,2025-09-18
ACC_000641,ACC_001431,916.82,2025-07-31
ACC_000641,ACC_001449,233.92,2026-03-17
ACC_000641,ACC_001449,37.56,2026-03-07
ACC_000641,ACC_001449,43.74,2026-03-16
ACC_000641,ACC_001464,236.86,2025-12-23
ACC_000641,ACC_001465,202.92,2025-12-30
ACC_000641,ACC_001465,2778.07,2025-12-31
ACC_000641,ACC_001484,125.44,2026-02-28
ACC_000641,ACC_001499,298.66,2025-10-29
ACC_000641,ACC_001500,2056.52,2025-10-07
ACC_000641,ACC_001501,643.75,2025-10-02
ACC_000642,ACC_001339,53.94,2025-12-28
ACC_000642,ACC_001340,503.17,2026-01-13
ACC_000642,ACC_001340,92.34,2025-12-27
ACC_000642,ACC_001431,105.45,2025-08-08
ACC_000642,ACC_001431,13.86,2025-08-22
ACC_000642,ACC_001431,33.21,2025-12-08
ACC_000642,ACC_001431,7.31,2025-09-04
ACC_000642,ACC_001499,5.04,2025-08-29
ACC_000642,ACC_001499,5.86,2025-08-19
ACC_000642,ACC_001500,43.22,2025-08-03
ACC_000644,ACC_001485,13.35,2026-04-15
ACC_000644,ACC_001485,6.58,2026-04-16
ACC_000644,ACC_001485,83.66,2026-04-04
ACC_000644,ACC_001499,60.84,2026-02-19
ACC_000644,ACC_001500,335.70,2026-03-10
ACC_000647,ACC_001431,664.63,2025-10-18
ACC_000647,ACC_001486,803.24,2025-08-20
ACC_000648,ACC_001252,373.00,2025-09-12
ACC_000648,ACC_001309,307.45,2025-10-04
ACC_000648,ACC_001542,805.72,2026-02-16
ACC_000649,ACC_001331,272.71,2026-03-21
ACC_000649,ACC_001431,23.65,2026-02-23
ACC_000649,ACC_001431,24.57,2026-02-20
ACC_000649,ACC_001431,272.63,2026-02-28
ACC_000650,ACC_001431,19.71,2025-09-30
ACC_000650,ACC_001431,197.88,2025-09-22
ACC_000650,ACC_001468,271.73,2026-01-10
ACC_000651,ACC_001372,42.64,2026-05-23
ACC_000651,ACC_001372,625.65,2026-05-18
ACC_000651,ACC_001372,84.33,2026-05-27
ACC_000655,ACC_001372,193.99,2025-08-26
ACC_000658,ACC_001218,351.47,2025-09-18
ACC_000658,ACC_001339,107.11,2026-05-24
ACC_000658,ACC_001340,13.71,2026-05-21
ACC_000658,ACC_001370,396.02,2026-01-08
ACC_000658,ACC_001370,53.61,2026-01-17
ACC_000659,ACC_001231,524.53,2026-02-08
ACC_000659,ACC_001289,7.25,2025-10-08
ACC_000659,ACC_001290,56.06,2025-10-14
ACC_000659,ACC_001290,8.18,2025-10-27
ACC_000659,ACC_001372,16.22,2025-12-25
ACC_000659,ACC_001372,190.38,2026-01-08
ACC_000659,ACC_001372,220.04,2026-05-08
ACC_000659,ACC_001372,252.92,2026-02-24
ACC_000659,ACC_001372,28.20,2026-02-19
ACC_000659,ACC_001373,550.76,2025-09-07
ACC_000659,ACC_001388,1143.42,2025-12-11
ACC_000659,ACC_001388,217.06,2025-12-21
ACC_000659,ACC_001388,82.01,2025-12-21
ACC_000659,ACC_001431,398.92,2026-04-15
ACC_000659,ACC_001431,55.09,2026-04-19
ACC_000660,ACC_001499,2750.86,2025-10-03
ACC_000660,ACC_001500,220.22,2025-10-16
ACC_000663,ACC_001289,1358.00,2026-03-31
ACC_000663,ACC_001290,112.29,2026-04-02
ACC_000663,ACC_001301,145.89,2025-08-28
ACC_000663,ACC_001301,27.61,2025-09-13
ACC_000663,ACC_001301,7.61,2025-08-27
ACC_000663,ACC_001500,21.88,2026-06-03
ACC_000663,ACC_001500,263.04,2026-05-17
ACC_000666,ACC_001331,866.32,2025-09-14
ACC_000666,ACC_001431,34.14,2025-11-29
ACC_000666,ACC_001431,39.79,2025-12-05
ACC_000666,ACC_001431,420.03,2025-12-03
ACC_000667,ACC_001431,811.03,2026-05-31
ACC_000669,ACC_001484,12.06,2025-10-21
ACC_000669,ACC_001484,64.28,2025-10-21
ACC_000673,ACC_001449,17.46,2026-01-28
ACC_000673,ACC_001449,179.27,2026-02-01
ACC_000673,ACC_001449,24.96,2026-02-09
ACC_000679,ACC_001388,117.03,2025-11-19
ACC_000679,ACC_001431,524.11,2026-02-03
ACC_000679,ACC_001431,54.38,2026-02-21
ACC_000679,ACC_001431,70.36,2026-02-22
ACC_000680,ACC_001252,730.00,2026-02-03
ACC_000680,ACC_001499,303.48,2025-10-06
ACC_000680,ACC_001499,618.19,2025-10-17
ACC_000680,ACC_001500,16.48,2025-09-25
ACC_000680,ACC_001500,80.73,2025-10-18
ACC_000683,ACC_001372,1193.09,2025-12-26
ACC_000684,ACC_001309,259.61,2025-07-16
ACC_000684,ACC_001309,29.45,2025-07-19
ACC_000684,ACC_001348,7.08,2025-10-20
ACC_000684,ACC_001349,68.60,2025-10-07
ACC_000685,ACC_001354,136.52,2025-10-27
ACC_000685,ACC_001354,14.00,2025-11-02
ACC_000685,ACC_001372,109.01,2025-08-02
ACC_000685,ACC_001372,111.71,2025-12-25
ACC_000685,ACC_001372,16.34,2025-08-07
ACC_000685,ACC_001372,20.71,2025-08-10
ACC_000685,ACC_001373,40.62,2026-06-08
ACC_000685,ACC_001373,688.49,2026-05-21
ACC_000685,ACC_001373,97.01,2026-06-06
ACC_000685,ACC_001385,598.24,2026-01-08
ACC_000685,ACC_001385,86.90,2025-12-23
ACC_000685,ACC_001386,116.91,2025-12-29
ACC_000685,ACC_001431,216.40,2026-01-01
ACC_000685,ACC_001431,39.18,2026-01-14
ACC_000685,ACC_001516,191.96,2025-12-16
ACC_000685,ACC_001516,27.86,2025-12-22
ACC_000685,ACC_001572,109.53,2026-04-15
ACC_000685,ACC_001572,13.69,2026-04-07
ACC_000685,ACC_001572,6.48,2026-03-28
ACC_000689,ACC_001361,447.68,2025-08-02
ACC_000689,ACC_001365,144.21,2025-09-11
ACC_000689,ACC_001365,17.07,2025-09-23
ACC_000689,ACC_001365,18.85,2025-09-03
ACC_000694,ACC_001268,119.50,2025-12-21
ACC_000694,ACC_001269,736.53,2026-01-02
ACC_000695,ACC_001216,44.96,2025-12-06
ACC_000695,ACC_001216,8.59,2025-12-17
ACC_000695,ACC_001381,982.48,2025-09-02
ACC_000696,ACC_001372,14.08,2025-09-14
ACC_000696,ACC_001372,82.14,2025-09-21
ACC_000700,ACC_001374,363.12,2026-05-09
ACC_000700,ACC_001431,10.60,2026-03-29
ACC_000700,ACC_001431,91.53,2026-03-16
ACC_000701,ACC_001431,768.66,2025-08-14
ACC_000702,ACC_001372,231.20,2025-12-11
ACC_000703,ACC_001268,50.70,2026-02-04
ACC_000703,ACC_001268,668.24,2026-01-24
ACC_000703,ACC_001387,179.01,2025-08-07
ACC_000703,ACC_001387,18.46,2025-08-14
ACC_000703,ACC_001387,22.42,2025-07-15
ACC_000704,ACC_001476,502.48,2026-03-06
ACC_000704,ACC_001477,39.28,2026-03-09
ACC_000704,ACC_001477,93.77,2026-03-06
ACC_000705,ACC_001431,20.14,2025-10-26
ACC_000705,ACC_001431,26.28,2025-10-16
ACC_000705,ACC_001431,288.25,2025-11-06
ACC_000705,ACC_001438,91.73,2026-05-18
ACC_000707,ACC_001339,1071.63,2025-11-28
ACC_000707,ACC_001340,75.38,2025-11-21
ACC_000707,ACC_001372,121.31,2026-05-09
ACC_000707,ACC_001372,14.56,2026-04-24
ACC_000708,ACC_001431,139.98,2025-12-29
ACC_000709,ACC_001438,84.99,2026-03-13
ACC_000710,ACC_001250,608.69,2025-09-11
ACC_000710,ACC_001254,1269.23,2025-12-11
ACC_000710,ACC_001264,12.84,2025-08-23
ACC_000710,ACC_001264,19.15,2025-09-11
ACC_000710,ACC_001264,224.44,2025-09-07
ACC_000710,ACC_001301,43.84,2026-03-20
ACC_000710,ACC_001301,467.29,2026-03-15
ACC_000710,ACC_001330,441.40,2026-04-27
ACC_000710,ACC_001330,45.64,2026-05-06
ACC_000710,ACC_001330,87.26,2026-05-10
ACC_000710,ACC_001340,393.07,2026-03-24
ACC_000710,ACC_001340,78.49,2026-03-09
ACC_000710,ACC_001348,265.19,2026-03-29
ACC_000710,ACC_001348,3.14,2026-01-31
ACC_000710,ACC_001349,41.87,2026-03-28
ACC_000710,ACC_001349,48.05,2026-02-19
ACC_000710,ACC_001349,5.45,2026-02-09
ACC_000710,ACC_001349,51.19,2026-03-20
ACC_000710,ACC_001356,55.48,2025-08-07
ACC_000710,ACC_001365,53.58,2025-12-17
ACC_000710,ACC_001365,583.63,2025-12-20
ACC_000710,ACC_001372,132.09,2025-11-24
ACC_000710,ACC_001372,19.88,2025-11-11
ACC_000710,ACC_001372,54.37,2026-01-18
ACC_000710,ACC_001372,71.98,2026-02-07
ACC_000710,ACC_001372,8.94,2025-11-18
ACC_000710,ACC_001372,996.81,2026-01-15
ACC_000710,ACC_001420,7.28,2026-03-05
ACC_000710,ACC_001420,79.91,2026-03-12
ACC_000710,ACC_001431,105.57,2026-04-19
ACC_000710,ACC_001431,11.99,2025-10-29
ACC_000710,ACC_001431,1372.12,2026-03-09
ACC_000710,ACC_001431,15.63,2026-04-10
ACC_000710,ACC_001431,21.56,2026-04-04
ACC_000710,ACC_001431,226.64,2025-09-06
ACC_000710,ACC_001431,226.77,2025-12-22
ACC_000710,ACC_001431,291.42,2026-04-03
ACC_000710,ACC_001431,414.70,2026-04-28
ACC_000710,ACC_001431,45.04,2025-08-16
ACC_000710,ACC_001431,46.84,2026-04-08
ACC_000710,ACC_001431,474.34,2026-01-14
ACC_000710,ACC_001431,57.48,2025-12-25
ACC_000710,ACC_001431,6.89,2025-09-01
ACC_000710,ACC_001431,7.16,2025-10-30
ACC_000710,ACC_001431,7.67,2026-04-09
ACC_000710,ACC_001431,819.08,2025-11-23
ACC_000710,ACC_001431,97.70,2025-10-25
ACC_000710,ACC_001499,10.16,2025-07-13
ACC_000710,ACC_001499,11.67,2025-08-09
ACC_000710,ACC_001499,147.83,2025-08-04
ACC_000710,ACC_001499,23.35,2026-03-23
ACC_000710,ACC_001499,450.54,2026-04-13
ACC_000710,ACC_001500,148.52,2026-03-25
ACC_000710,ACC_001500,21.26,2026-04-02
ACC_000710,ACC_001510,101.29,2026-01-13
ACC_000710,ACC_001537,479.60,2026-02-04
ACC_000711,ACC_001438,672.51,2025-12-29
ACC_000712,ACC_001388,227.15,2025-12-29
ACC_000712,ACC_001388,37.56,2025-12-20
ACC_000715,ACC_001431,188.47,2025-11-29
ACC_000715,ACC_001431,35.43,2025-12-22
ACC_000716,ACC_001253,191.65,2026-05-20
ACC_000716,ACC_001253,25.43,2026-06-03
ACC_000716,ACC_001294,160.48,2026-03-19
ACC_000716,ACC_001294,30.04,2026-03-14
ACC_000716,ACC_001294,8.23,2026-03-12
ACC_000716,ACC_001348,836.71,2026-02-28
ACC_000716,ACC_001348,95.51,2026-03-16
ACC_000716,ACC_001370,40.51,2026-04-06
ACC_000716,ACC_001371,213.86,2026-04-10
ACC_000716,ACC_001372,17.19,2026-01-18
ACC_000716,ACC_001372,246.92,2026-01-21
ACC_000716,ACC_001372,29.81,2026-01-09
ACC_000716,ACC_001372,397.36,2026-01-07
ACC_000716,ACC_001372,40.19,2026-01-16
ACC_000716,ACC_001372,66.85,2026-01-14
ACC_000716,ACC_001431,10.99,2025-07-24
ACC_000716,ACC_001431,170.00,2026-05-30
ACC_000716,ACC_001431,24.70,2026-06-10
ACC_000716,ACC_001431,32.62,2026-05-26
ACC_000716,ACC_001431,438.67,2026-01-24
ACC_000716,ACC_001431,7.14,2025-07-17
ACC_000716,ACC_001431,76.15,2025-07-16
ACC_000716,ACC_001431,92.45,2025-08-01
ACC_000716,ACC_001482,11.00,2025-10-01
ACC_000716,ACC_001482,3.91,2025-10-01
ACC_000716,ACC_001482,72.45,2025-09-24
ACC_000716,ACC_001485,208.99,2026-02-05
ACC_000716,ACC_001499,24.36,2026-02-18
ACC_000716,ACC_001499,345.44,2026-02-07
ACC_000716,ACC_001499,4.63,2026-02-14
ACC_000716,ACC_001499,53.24,2026-01-21
ACC_000716,ACC_001499,6.45,2026-01-23
ACC_000716,ACC_001500,28.06,2026-02-28
ACC_000716,ACC_001500,4.99,2026-02-24
ACC_000716,ACC_001500,43.38,2025-08-04
ACC_000716,ACC_001500,616.02,2025-08-10
ACC_000716,ACC_001507,41.34,2026-04-01
ACC_000716,ACC_001542,2.95,2025-11-03
ACC_000716,ACC_001542,48.92,2025-11-25
ACC_000717,ACC_001266,11.34,2026-03-29
ACC_000717,ACC_001266,26.90,2026-04-06
ACC_000717,ACC_001267,175.71,2026-04-13
ACC_000717,ACC_001466,11.61,2025-12-31
ACC_000717,ACC_001466,207.10,2025-12-28
ACC_000717,ACC_001467,38.12,2025-12-21
ACC_000717,ACC_001547,28.59,2025-10-09
ACC_000717,ACC_001547,378.56,2025-10-18
ACC_000717,ACC_001547,63.12,2025-10-22
ACC_000718,ACC_001297,107.99,2026-02-15
ACC_000718,ACC_001297,54.95,2026-02-16
ACC_000718,ACC_001298,701.62,2026-01-31
ACC_000718,ACC_001304,120.75,2026-03-14
ACC_000718,ACC_001304,7.43,2026-02-22
ACC_000718,ACC_001305,8.55,2026-03-19
ACC_000718,ACC_001431,23.87,2026-01-17
ACC_000718,ACC_001431,385.33,2026-01-01
ACC_000718,ACC_001431,49.04,2025-12-31
ACC_000719,ACC_001253,153.03,2025-10-18
ACC_000719,ACC_001294,277.58,2026-02-03
ACC_000719,ACC_001301,702.88,2025-11-03
ACC_000719,ACC_001301,73.58,2025-11-13
ACC_000719,ACC_001340,165.61,2026-03-28
ACC_000719,ACC_001355,55.25,2026-03-23
ACC_000719,ACC_001431,152.13,2025-09-25
ACC_000719,ACC_001431,159.75,2026-04-04
ACC_000719,ACC_001431,21.32,2025-09-01
ACC_000719,ACC_001431,244.22,2026-05-20
ACC_000719,ACC_001431,265.92,2026-02-17
ACC_000719,ACC_001431,277.58,2025-09-23
ACC_000719,ACC_001431,29.96,2025-09-15
ACC_000719,ACC_001431,30.11,2025-10-07
ACC_000719,ACC_001431,30.42,2026-03-19
ACC_000719,ACC_001431,422.95,2026-04-23
ACC_000719,ACC_001438,13.18,2025-09-09
ACC_000719,ACC_001438,139.68,2025-09-15
ACC_000719,ACC_001449,12.22,2025-09-10
ACC_000719,ACC_001449,169.91,2025-08-27
ACC_000719,ACC_001480,261.66,2025-12-07
ACC_000719,ACC_001481,30.95,2025-11-28
ACC_000720,ACC_001484,48.42,2026-03-11
ACC_000724,ACC_001348,2896.08,2026-01-21
ACC_000724,ACC_001349,167.35,2026-01-12
ACC_000724,ACC_001349,431.53,2026-01-10
ACC_000727,ACC_001447,110.26,2025-12-02
ACC_000727,ACC_001447,1442.16,2025-11-18
ACC_000727,ACC_001447,173.97,2025-11-16
ACC_000727,ACC_001542,90.78,2025-09-30
ACC_000727,ACC_001543,1072.81,2025-08-31
ACC_000727,ACC_001543,56.47,2025-09-24
ACC_000727,ACC_001576,14.61,2026-05-22
ACC_000727,ACC_001576,248.79,2026-05-25
ACC_000729,ACC_001438,41.16,2025-10-18
ACC_000729,ACC_001438,46.25,2025-11-16
ACC_000729,ACC_001438,692.76,2025-10-17
ACC_000734,ACC_001431,12.36,2026-05-12
ACC_000734,ACC_001431,64.26,2026-05-16
ACC_000735,ACC_001252,97.47,2025-09-13
ACC_000737,ACC_001387,1018.96,2026-06-12
ACC_000737,ACC_001387,107.37,2026-05-29
ACC_000737,ACC_001387,113.94,2026-06-06
ACC_000739,ACC_001348,1062.72,2026-03-18
ACC_000739,ACC_001349,132.25,2026-03-27
ACC_000741,ACC_001438,11.80,2025-09-26
ACC_000741,ACC_001438,15.33,2025-10-19
ACC_000741,ACC_001438,78.07,2025-10-06
ACC_000743,ACC_001388,210.70,2025-10-06
ACC_000743,ACC_001388,37.80,2025-10-23
ACC_000746,ACC_001356,371.13,2025-08-26
ACC_000747,ACC_001494,22.86,2026-05-30
ACC_000747,ACC_001494,45.35,2026-05-24
ACC_000747,ACC_001494,450.87,2026-06-01
ACC_000748,ACC_001252,11.98,2025-10-29
ACC_000748,ACC_001252,121.05,2025-10-20
ACC_000748,ACC_001263,28.73,2026-01-18
ACC_000748,ACC_001264,204.24,2026-01-04
ACC_000748,ACC_001264,34.31,2026-01-19
ACC_000748,ACC_001269,448.78,2026-03-13
ACC_000748,ACC_001301,1623.69,2025-10-01
ACC_000748,ACC_001348,21.55,2026-04-18
ACC_000748,ACC_001349,309.50,2026-04-20
ACC_000748,ACC_001349,42.96,2026-04-07
ACC_000748,ACC_001355,272.10,2026-03-16
ACC_000748,ACC_001356,194.21,2026-05-29
ACC_000748,ACC_001356,30.59,2026-05-12
ACC_000748,ACC_001356,9.86,2026-05-17
ACC_000748,ACC_001370,293.54,2025-10-18
ACC_000748,ACC_001371,128.33,2025-11-09
ACC_000748,ACC_001371,17.60,2025-10-24
ACC_000748,ACC_001371,22.81,2025-11-26
ACC_000748,ACC_001371,35.60,2025-11-06
ACC_000748,ACC_001372,133.11,2026-03-04
ACC_000748,ACC_001372,341.22,2026-05-24
ACC_000748,ACC_001380,1145.70,2026-04-01
ACC_000748,ACC_001380,80.92,2026-03-29
ACC_000748,ACC_001392,6.11,2026-03-13
ACC_000748,ACC_001392,87.12,2026-03-10
ACC_000748,ACC_001431,10.44,2025-12-22
ACC_000748,ACC_001431,119.69,2025-12-30
ACC_000748,ACC_001431,125.66,2025-12-24
ACC_000748,ACC_001431,14.47,2025-12-26
ACC_000748,ACC_001431,15.98,2026-02-03
ACC_000748,ACC_001431,1657.85,2025-08-08
ACC_000748,ACC_001431,17.68,2026-01-05
ACC_000748,ACC_001431,220.95,2026-01-27
ACC_000748,ACC_001431,31.15,2026-05-09
ACC_000748,ACC_001431,393.43,2025-10-19
ACC_000748,ACC_001431,41.81,2025-09-30
ACC_000748,ACC_001431,43.34,2026-01-26
ACC_000748,ACC_001431,5.90,2026-01-02
ACC_000748,ACC_001431,547.41,2026-04-26
ACC_000748,ACC_001431,58.63,2025-12-03
ACC_000748,ACC_001431,6.34,2026-01-23
ACC_000748,ACC_001431,68.42,2026-01-12
ACC_000748,ACC_001431,7.93,2026-01-13
ACC_000748,ACC_001431,91.93,2026-04-30
ACC_000748,ACC_001438,432.27,2025-09-24
ACC_000748,ACC_001438,66.67,2025-09-28
ACC_000748,ACC_001438,75.45,2025-09-28
ACC_000748,ACC_001499,14.46,2026-04-03
ACC_000748,ACC_001499,25.28,2026-03-05
ACC_000748,ACC_001499,25.72,2026-03-11
ACC_000748,ACC_001499,296.11,2026-03-06
ACC_000748,ACC_001499,53.32,2026-03-13
ACC_000748,ACC_001500,139.74,2026-03-31
ACC_000748,ACC_001500,437.96,2025-08-04
ACC_000748,ACC_001526,183.38,2026-05-16
ACC_000748,ACC_001526,34.68,2026-05-09
ACC_000748,ACC_001526,35.30,2026-05-14
ACC_000749,ACC_001276,846.29,2026-01-16
ACC_000749,ACC_001290,179.29,2026-02-21
ACC_000749,ACC_001334,448.08,2025-09-04
ACC_000749,ACC_001334,50.20,2025-09-27
ACC_000749,ACC_001334,75.42,2025-09-25
ACC_000749,ACC_001340,37.45,2025-07-26
ACC_000749,ACC_001340,37.67,2025-08-07
ACC_000749,ACC_001340,512.14,2025-07-16
ACC_000749,ACC_001343,72.29,2026-02-07
ACC_000749,ACC_001344,10.39,2026-02-23
ACC_000749,ACC_001344,5.39,2026-03-01
ACC_000749,ACC_001348,12.88,2026-01-26
ACC_000749,ACC_001349,16.64,2026-02-18
ACC_000749,ACC_001349,85.45,2026-01-16
ACC_000749,ACC_001367,175.59,2026-04-03
ACC_000749,ACC_001367,25.49,2026-03-21
ACC_000749,ACC_001372,1319.55,2026-05-05
ACC_000749,ACC_001372,258.05,2026-05-11
ACC_000749,ACC_001372,32.06,2026-05-05
ACC_000749,ACC_001372,43.96,2026-04-20
ACC_000749,ACC_001431,10.93,2026-05-09
ACC_000749,ACC_001431,1153.72,2026-04-15
ACC_000749,ACC_001431,221.73,2026-04-11
ACC_000749,ACC_001431,291.35,2026-03-29
ACC_000749,ACC_001431,317.41,2026-04-22
ACC_000749,ACC_001431,39.10,2026-03-29
ACC_000749,ACC_001431,536.81,2025-10-04
ACC_000749,ACC_001431,86.67,2026-04-26
ACC_000749,ACC_001438,471.16,2026-02-11
ACC_000749,ACC_001451,185.12,2025-10-17
ACC_000749,ACC_001476,22.16,2025-08-27
ACC_000749,ACC_001477,129.26,2025-08-11
ACC_000749,ACC_001477,17.97,2025-08-09
ACC_000749,ACC_001546,658.38,2026-02-27
ACC_000751,ACC_001349,30.97,2025-12-09
ACC_000751,ACC_001349,323.76,2025-11-22
ACC_000751,ACC_001349,53.93,2025-12-15
ACC_000752,ACC_001372,14.43,2025-07-30
ACC_000752,ACC_001372,269.88,2025-08-02
ACC_000752,ACC_001372,52.26,2025-08-13
ACC_000752,ACC_001431,219.70,2026-04-28
ACC_000752,ACC_001431,257.20,2025-11-17
ACC_000759,ACC_001431,205.82,2026-01-14
ACC_000759,ACC_001431,28.39,2026-01-16
ACC_000760,ACC_001431,95.99,2025-08-27
ACC_000761,ACC_001431,113.59,2026-02-13
ACC_000761,ACC_001431,23.36,2025-08-27
ACC_000761,ACC_001431,669.84,2026-01-31
ACC_000761,ACC_001431,70.16,2025-08-16
ACC_000761,ACC_001431,88.31,2026-03-02
ACC_000762,ACC_001415,3.38,2026-05-28
ACC_000762,ACC_001415,60.29,2026-05-19
ACC_000762,ACC_001431,18.40,2025-11-22
ACC_000762,ACC_001431,244.41,2025-11-25
ACC_000762,ACC_001431,29.89,2025-12-04
ACC_000764,ACC_001388,16.10,2025-07-21
ACC_000764,ACC_001388,183.65,2025-07-31
ACC_000764,ACC_001438,15.72,2026-01-30
ACC_000764,ACC_001438,87.78,2026-02-06
ACC_000764,ACC_001438,9.62,2026-01-27
ACC_000769,ACC_001220,425.02,2025-12-29
ACC_000769,ACC_001252,322.95,2025-09-12
ACC_000769,ACC_001253,103.56,2026-04-10
ACC_000769,ACC_001253,1271.98,2026-03-22
ACC_000769,ACC_001301,295.45,2026-01-02
ACC_000769,ACC_001301,35.64,2026-01-13
ACC_000769,ACC_001301,41.11,2026-01-24
ACC_000769,ACC_001302,11.75,2025-12-12
ACC_000769,ACC_001302,117.58,2025-12-18
ACC_000769,ACC_001303,20.06,2025-12-12
ACC_000769,ACC_001348,17.65,2025-10-31
ACC_000769,ACC_001348,20.74,2025-10-22
ACC_000769,ACC_001349,240.42,2025-10-07
ACC_000769,ACC_001371,28.74,2026-03-26
ACC_000769,ACC_001371,423.72,2026-03-09
ACC_000769,ACC_001372,121.41,2025-08-30
ACC_000769,ACC_001372,14.66,2026-06-06
ACC_000769,ACC_001372,19.28,2026-03-18
ACC_000769,ACC_001372,210.40,2026-03-21
ACC_000769,ACC_001372,771.65,2025-09-15
ACC_000769,ACC_001372,79.22,2025-08-25
ACC_000769,ACC_001372,8.46,2026-05-22
ACC_000769,ACC_001372,91.66,2026-06-10
ACC_000769,ACC_001374,1498.16,2026-04-06
ACC_000769,ACC_001375,191.89,2026-03-31
ACC_000769,ACC_001376,2628.59,2026-04-07
ACC_000769,ACC_001376,386.73,2026-03-31
ACC_000769,ACC_001416,1091.95,2026-02-07
ACC_000769,ACC_001416,113.92,2026-02-01
ACC_000769,ACC_001418,265.81,2026-03-28
ACC_000769,ACC_001418,52.42,2026-03-27
ACC_000769,ACC_001419,43.07,2026-04-04
ACC_000769,ACC_001431,106.45,2026-04-23
ACC_000769,ACC_001431,108.00,2026-05-22
ACC_000769,ACC_001431,111.39,2025-11-07
ACC_000769,ACC_001431,1193.25,2025-09-08
ACC_000769,ACC_001431,120.27,2026-04-17
ACC_000769,ACC_001431,124.41,2025-09-26
ACC_000769,ACC_001431,126.77,2025-08-07
ACC_000769,ACC_001431,1308.35,2026-02-16
ACC_000769,ACC_001431,138.04,2026-03-16
ACC_000769,ACC_001431,151.74,2026-06-12
ACC_000769,ACC_001431,1593.80,2026-03-15
ACC_000769,ACC_001431,1627.84,2025-11-05
ACC_000769,ACC_001431,19.51,2026-01-29
ACC_000769,ACC_001431,19.88,2026-04-13
ACC_000769,ACC_001431,20.84,2026-06-07
ACC_000769,ACC_001431,236.96,2026-02-28
ACC_000769,ACC_001431,26.07,2026-05-17
ACC_000769,ACC_001431,26.95,2025-09-26
ACC_000769,ACC_001431,297.09,2025-10-07
ACC_000769,ACC_001431,305.34,2026-03-20
ACC_000769,ACC_001431,31.50,2026-02-03
ACC_000769,ACC_001431,342.72,2026-03-26
ACC_000769,ACC_001431,358.32,2026-01-31
ACC_000769,ACC_001431,373.96,2026-01-16
ACC_000769,ACC_001431,44.95,2026-03-06
ACC_000769,ACC_001431,45.67,2026-02-20
ACC_000769,ACC_001431,467.80,2026-02-21
ACC_000769,ACC_001431,51.09,2026-05-27
ACC_000769,ACC_001431,578.00,2026-04-12
ACC_000769,ACC_001431,65.33,2026-04-27
ACC_000769,ACC_001431,673.01,2025-10-19
ACC_000769,ACC_001431,677.14,2026-03-29
ACC_000769,ACC_001431,68.59,2026-05-05
ACC_000769,ACC_001431,7.36,2026-04-26
ACC_000769,ACC_001431,737.79,2026-05-11
ACC_000769,ACC_001431,744.14,2025-09-20
ACC_000769,ACC_001431,746.22,2026-05-28
ACC_000769,ACC_001431,78.93,2025-10-17
ACC_000769,ACC_001431,83.76,2025-11-07
ACC_000769,ACC_001431,963.40,2026-05-09
ACC_000769,ACC_001438,6.24,2025-09-24
ACC_000769,ACC_001438,83.48,2025-09-15
ACC_000769,ACC_001439,752.99,2026-05-02
ACC_000769,ACC_001473,358.19,2025-11-03
ACC_000769,ACC_001473,55.39,2025-10-09
ACC_000769,ACC_001499,114.68,2025-07-27
ACC_000769,ACC_001499,1252.09,2025-11-08
ACC_000769,ACC_001499,90.93,2025-07-27
ACC_000769,ACC_001499,909.31,2025-07-28
ACC_000769,ACC_001499,992.12,2025-09-01
ACC_000769,ACC_001500,1104.69,2025-09-21
ACC_000769,ACC_001500,187.39,2025-11-23
ACC_000769,ACC_001500,64.63,2025-11-29
ACC_000769,ACC_001523,513.00,2026-01-20
ACC_000769,ACC_001544,762.53,2026-03-02
ACC_000769,ACC_001544,850.01,2025-09-18
ACC_000769,ACC_001572,121.81,2025-08-13
ACC_000769,ACC_001572,683.41,2025-08-10
ACC_000769,ACC_001580,110.14,2025-10-09
ACC_000769,ACC_001580,14.37,2025-10-14
ACC_000770,ACC_001372,252.61,2025-11-04
ACC_000770,ACC_001500,143.84,2026-05-13
ACC_000770,ACC_001500,20.35,2026-04-27
ACC_000770,ACC_001500,25.78,2026-05-23
ACC_000771,ACC_001403,530.31,2026-02-02
ACC_000771,ACC_001403,97.43,2026-02-13
ACC_000771,ACC_001431,17.39,2025-10-02
ACC_000771,ACC_001431,88.33,2025-09-28
ACC_000771,ACC_001508,442.77,2025-10-15
ACC_000771,ACC_001509,50.06,2025-10-06
ACC_000771,ACC_001509,71.25,2025-10-12
ACC_000772,ACC_001431,1111.74,2026-05-13
ACC_000772,ACC_001431,115.57,2025-11-07
ACC_000772,ACC_001431,161.11,2026-05-21
ACC_000772,ACC_001431,199.98,2026-06-04
ACC_000773,ACC_001252,185.45,2025-11-22
ACC_000773,ACC_001314,255.30,2026-01-31
ACC_000773,ACC_001315,44.45,2026-02-10
ACC_000773,ACC_001339,735.37,2026-05-17
ACC_000773,ACC_001340,1618.00,2025-09-02
ACC_000773,ACC_001340,49.57,2026-06-01
ACC_000773,ACC_001372,1672.90,2026-04-09
ACC_000773,ACC_001388,2466.94,2025-10-12
ACC_000773,ACC_001388,276.57,2025-10-10
ACC_000773,ACC_001415,477.16,2025-09-19
ACC_000773,ACC_001415,64.01,2025-09-12
ACC_000773,ACC_001415,84.49,2025-08-31
ACC_000773,ACC_001431,1602.88,2025-10-19
ACC_000773,ACC_001499,202.20,2025-08-27
ACC_000773,ACC_001500,36.09,2025-09-04
ACC_000773,ACC_001579,272.42,2025-10-31
ACC_000773,ACC_001579,2983.16,2025-10-26
ACC_000776,ACC_001431,181.67,2025-10-20
ACC_000776,ACC_001431,23.28,2025-10-22
ACC_000776,ACC_001431,3.78,2025-11-24
ACC_000776,ACC_001431,55.24,2025-11-23
ACC_000776,ACC_001431,8.28,2025-11-29
ACC_000778,ACC_001263,47.46,2026-04-08
ACC_000778,ACC_001264,491.44,2026-04-07
ACC_000778,ACC_001349,72.96,2025-10-07
ACC_000778,ACC_001349,8.25,2025-10-02
ACC_000779,ACC_001252,6.96,2025-12-29
ACC_000779,ACC_001252,67.51,2025-11-30
ACC_000779,ACC_001252,9.91,2025-12-30
ACC_000779,ACC_001354,250.20,2026-01-29
ACC_000779,ACC_001431,4.29,2026-02-17
ACC_000779,ACC_001431,5.36,2026-02-17
ACC_000779,ACC_001431,59.66,2026-01-26
ACC_000779,ACC_001484,275.02,2025-09-25
ACC_000779,ACC_001499,139.55,2025-12-04
ACC_000779,ACC_001499,4.26,2025-11-19
ACC_000779,ACC_001500,11.92,2025-11-22
ACC_000779,ACC_001500,82.54,2025-12-03
ACC_000779,ACC_001516,97.02,2026-04-05
ACC_000780,ACC_001226,113.16,2026-02-06
ACC_000780,ACC_001226,344.68,2026-02-03
ACC_000780,ACC_001227,108.32,2026-01-31
ACC_000780,ACC_001252,1205.00,2025-09-24
ACC_000780,ACC_001252,179.35,2025-09-17
ACC_000780,ACC_001252,274.72,2025-08-02
ACC_000780,ACC_001252,63.07,2025-09-24
ACC_000780,ACC_001335,363.14,2025-10-25
ACC_000780,ACC_001336,56.53,2025-11-10
ACC_000780,ACC_001348,3.31,2026-01-26
ACC_000780,ACC_001348,5.95,2026-01-03
ACC_000780,ACC_001348,57.92,2025-12-30
ACC_000780,ACC_001348,6.37,2026-01-30
ACC_000780,ACC_001349,54.05,2026-01-24
ACC_000780,ACC_001349,7.39,2026-01-09
ACC_000780,ACC_001354,471.41,2026-03-13
ACC_000780,ACC_001354,70.01,2026-02-28
ACC_000780,ACC_001354,81.56,2026-03-12
ACC_000780,ACC_001375,425.23,2025-09-06
ACC_000780,ACC_001375,53.83,2025-09-04
ACC_000780,ACC_001431,11.45,2025-09-21
ACC_000780,ACC_001431,118.22,2025-09-17
ACC_000780,ACC_001431,132.25,2026-03-11
ACC_000780,ACC_001431,25.19,2026-05-20
ACC_000780,ACC_001431,25.50,2026-02-22
ACC_000780,ACC_001431,318.01,2026-06-09
ACC_000780,ACC_001431,70.33,2026-05-31
ACC_000780,ACC_001431,897.45,2025-11-30
ACC_000780,ACC_001449,18.67,2026-02-05
ACC_000780,ACC_001449,55.80,2026-01-31
ACC_000781,ACC_001372,1354.60,2026-02-01
ACC_000781,ACC_001372,218.60,2026-02-06
ACC_000781,ACC_001431,145.46,2025-10-23
ACC_000781,ACC_001431,164.13,2025-10-23
ACC_000781,ACC_001431,22.97,2026-04-14
ACC_000781,ACC_001431,311.35,2025-09-02
ACC_000781,ACC_001431,365.74,2026-04-10
ACC_000781,ACC_001431,445.15,2026-02-02
ACC_000781,ACC_001431,456.73,2025-11-08
ACC_000781,ACC_001431,49.27,2026-03-20
ACC_000781,ACC_001431,57.03,2026-02-28
ACC_000781,ACC_001431,935.05,2025-10-30
ACC_000781,ACC_001472,51.16,2026-06-02
ACC_000781,ACC_001473,7.07,2026-06-01
ACC_000781,ACC_001485,247.71,2026-05-05
ACC_000781,ACC_001546,349.35,2026-05-18
ACC_000790,ACC_001252,145.34,2026-03-28
ACC_000790,ACC_001252,774.70,2026-04-05
ACC_000790,ACC_001431,302.83,2026-04-14
ACC_000790,ACC_001431,628.39,2026-05-28
ACC_000790,ACC_001431,74.14,2026-05-08
ACC_000790,ACC_001431,82.35,2026-06-04
ACC_000790,ACC_001431,827.24,2026-05-23
ACC_000790,ACC_001473,156.07,2026-03-13
ACC_000790,ACC_001498,1078.75,2026-05-02
ACC_000791,ACC_001372,35.34,2025-12-04
ACC_000791,ACC_001372,350.45,2025-12-19
ACC_000791,ACC_001372,39.08,2025-12-17
ACC_000793,ACC_001348,42.77,2026-06-10
ACC_000793,ACC_001349,262.81,2026-05-26
ACC_000794,ACC_001280,216.57,2025-07-21
ACC_000794,ACC_001280,34.07,2025-07-21
ACC_000794,ACC_001281,24.92,2025-07-19
ACC_000794,ACC_001431,698.66,2026-01-26
ACC_000795,ACC_001268,260.25,2025-09-21
ACC_000796,ACC_001356,3.60,2025-08-17
ACC_000796,ACC_001356,68.93,2025-08-28
ACC_000796,ACC_001356,7.90,2025-08-19
ACC_000796,ACC_001431,131.09,2026-03-31
ACC_000796,ACC_001431,22.93,2026-04-11
ACC_000797,ACC_001210,34.28,2026-05-13
ACC_000797,ACC_001210,648.90,2026-05-25
ACC_000797,ACC_001210,85.68,2026-05-05
ACC_000797,ACC_001232,28.20,2026-05-30
ACC_000797,ACC_001232,313.39,2026-05-13
ACC_000797,ACC_001232,60.22,2026-05-31
ACC_000797,ACC_001348,144.27,2025-10-22
ACC_000797,ACC_001348,91.65,2026-03-06
ACC_000797,ACC_001349,1179.31,2026-02-26
ACC_000797,ACC_001349,12.96,2025-10-10
ACC_000797,ACC_001349,226.81,2026-02-28
ACC_000797,ACC_001419,979.32,2026-04-14
ACC_000797,ACC_001431,155.26,2026-05-21
ACC_000798,ACC_001372,43.12,2026-05-02
ACC_000798,ACC_001390,287.02,2025-10-30
ACC_000798,ACC_001390,45.36,2025-11-11
ACC_000798,ACC_001431,1074.71,2026-01-14
ACC_000798,ACC_001431,144.90,2025-12-30
ACC_000798,ACC_001431,170.38,2026-01-16
ACC_000798,ACC_001431,18.50,2025-12-15
ACC_000798,ACC_001431,25.33,2025-08-03
ACC_000798,ACC_001431,482.58,2025-08-07
ACC_000798,ACC_001431,79.14,2025-07-14
ACC_000798,ACC_001486,295.04,2025-12-14
ACC_000798,ACC_001499,133.66,2025-08-01
ACC_000798,ACC_001500,21.60,2025-08-01
ACC_000799,ACC_001339,970.60,2026-06-08
ACC_000799,ACC_001372,102.68,2026-04-15
ACC_000799,ACC_001372,566.31,2026-03-30
ACC_000799,ACC_001372,66.00,2026-03-21
ACC_000799,ACC_001431,21.47,2026-02-22
ACC_000799,ACC_001431,251.68,2026-03-21
ACC_000799,ACC_001431,283.87,2026-02-13
ACC_000799,ACC_001459,112.43,2026-05-19
ACC_000799,ACC_001459,1169.26,2026-05-17
ACC_000799,ACC_001459,131.22,2026-05-19
ACC_000799,ACC_001472,397.81,2025-11-28
ACC_000799,ACC_001473,53.98,2025-12-05
ACC_000799,ACC_001485,1106.97,2026-03-20
ACC_000799,ACC_001485,82.64,2026-03-30
ACC_000799,ACC_001485,85.51,2026-04-03
ACC_000799,ACC_001526,51.94,2026-04-01
ACC_000799,ACC_001526,619.58,2026-04-07
ACC_000803,ACC_001431,192.46,2025-09-16
ACC_000803,ACC_001431,41.90,2025-09-21
ACC_000803,ACC_001431,446.73,2025-09-21
ACC_000803,ACC_001431,630.18,2025-10-31
ACC_000803,ACC_001431,80.55,2025-11-14
ACC_000804,ACC_001348,20.09,2026-01-13
ACC_000804,ACC_001349,102.81,2026-01-14
ACC_000804,ACC_001365,254.67,2026-02-27
ACC_000804,ACC_001365,50.36,2026-02-25
ACC_000804,ACC_001431,25.57,2025-08-07
ACC_000804,ACC_001431,292.79,2025-08-06
ACC_000804,ACC_001539,88.26,2025-09-01
ACC_000808,ACC_001431,299.39,2026-02-26
ACC_000808,ACC_001431,32.43,2025-10-10
ACC_000808,ACC_001431,350.05,2025-12-10
ACC_000808,ACC_001431,442.79,2025-10-19
ACC_000808,ACC_001431,61.42,2025-10-19
ACC_000808,ACC_001484,127.08,2026-01-18
ACC_000808,ACC_001484,1436.35,2026-01-27
ACC_000808,ACC_001484,446.17,2026-03-02
ACC_000808,ACC_001485,29.69,2026-02-02
ACC_000808,ACC_001485,347.75,2026-01-05
ACC_000808,ACC_001485,56.96,2026-01-11
ACC_000808,ACC_001500,1302.66,2025-12-23
ACC_000809,ACC_001254,95.79,2026-03-06
ACC_000809,ACC_001255,1076.03,2026-02-06
ACC_000809,ACC_001354,396.51,2025-10-25
ACC_000809,ACC_001431,3214.63,2025-12-04
ACC_000809,ACC_001431,326.90,2025-11-23
ACC_000809,ACC_001431,389.54,2025-11-13
ACC_000809,ACC_001500,232.81,2026-03-28
ACC_000809,ACC_001500,38.96,2026-04-04
ACC_000813,ACC_001229,125.90,2026-04-25
ACC_000813,ACC_001229,1322.03,2026-04-28
ACC_000813,ACC_001229,191.79,2026-04-09
ACC_000813,ACC_001229,372.16,2026-05-11
ACC_000813,ACC_001230,801.18,2026-04-27
ACC_000813,ACC_001250,1436.55,2025-09-28
ACC_000813,ACC_001250,269.20,2025-09-29
ACC_000813,ACC_001251,181.24,2025-09-28
ACC_000813,ACC_001252,119.01,2025-09-30
ACC_000813,ACC_001252,128.29,2025-12-11
ACC_000813,ACC_001252,1546.12,2025-09-27
ACC_000813,ACC_001252,168.82,2025-11-29
ACC_000813,ACC_001252,174.24,2025-10-17
ACC_000813,ACC_001252,225.66,2025-10-15
ACC_000813,ACC_001252,250.54,2026-01-13
ACC_000813,ACC_001252,31.29,2026-01-15
ACC_000813,ACC_001252,46.72,2026-01-05
ACC_000813,ACC_001252,623.50,2025-10-14
ACC_000813,ACC_001252,84.45,2025-10-03
ACC_000813,ACC_001252,944.57,2025-11-20
ACC_000813,ACC_001253,1692.42,2025-08-11
ACC_000813,ACC_001292,2363.21,2026-04-06
ACC_000813,ACC_001293,206.95,2026-04-11
ACC_000813,ACC_001293,463.22,2026-04-07
ACC_000813,ACC_001301,100.71,2025-10-22
ACC_000813,ACC_001301,192.57,2025-10-10
ACC_000813,ACC_001301,764.96,2025-10-10
ACC_000813,ACC_001301,829.44,2025-10-31
ACC_000813,ACC_001301,99.88,2025-10-15
ACC_000813,ACC_001339,3968.77,2025-12-17
ACC_000813,ACC_001340,707.44,2025-12-16
ACC_000813,ACC_001348,151.21,2025-09-15
ACC_000813,ACC_001348,153.45,2025-08-25
ACC_000813,ACC_001348,436.06,2026-05-11
ACC_000813,ACC_001348,81.90,2026-05-01
ACC_000813,ACC_001348,885.00,2025-09-06
ACC_000813,ACC_001349,100.76,2025-09-09
ACC_000813,ACC_001349,2302.59,2025-08-20
ACC_000813,ACC_001349,570.52,2025-09-17
ACC_000813,ACC_001349,82.45,2026-05-26
ACC_000813,ACC_001353,1094.61,2025-08-09
ACC_000813,ACC_001356,608.70,2025-09-02
ACC_000813,ACC_001366,38.84,2025-09-22
ACC_000813,ACC_001367,100.43,2025-09-25
ACC_000813,ACC_001367,513.75,2025-09-19
ACC_000813,ACC_001371,370.72,2026-05-30
ACC_000813,ACC_001372,1318.96,2025-12-31
ACC_000813,ACC_001372,1358.97,2026-01-16
ACC_000813,ACC_001372,178.03,2026-01-12
ACC_000813,ACC_001372,361.75,2026-02-28
ACC_000813,ACC_001372,871.70,2026-03-04
ACC_000813,ACC_001372,93.37,2026-01-27
ACC_000813,ACC_001372,96.51,2026-03-02
ACC_000813,ACC_001374,126.18,2025-09-24
ACC_000813,ACC_001374,247.10,2025-08-03
ACC_000813,ACC_001375,1811.98,2025-10-10
ACC_000813,ACC_001375,2622.46,2025-08-20
ACC_000813,ACC_001380,1983.54,2026-01-02
ACC_000813,ACC_001380,31.36,2025-12-10
ACC_000813,ACC_001380,421.07,2025-12-11
ACC_000813,ACC_001380,79.03,2025-12-11
ACC_000813,ACC_001385,16.66,2026-02-02
ACC_000813,ACC_001386,238.78,2026-02-03
ACC_000813,ACC_001386,39.85,2026-01-13
ACC_000813,ACC_001387,194.55,2026-01-10
ACC_000813,ACC_001388,1157.32,2026-01-26
ACC_000813,ACC_001388,129.53,2025-07-20
ACC_000813,ACC_001388,14.11,2025-12-14
ACC_000813,ACC_001388,14.64,2025-08-06
ACC_000813,ACC_001388,157.83,2026-02-17
ACC_000813,ACC_001388,164.36,2026-04-19
ACC_000813,ACC_001388,175.51,2025-12-05
ACC_000813,ACC_001388,18.95,2026-05-01
ACC_000813,ACC_001388,19.16,2026-03-10
ACC_000813,ACC_001388,191.30,2026-01-19
ACC_000813,ACC_001388,24.53,2026-03-05
ACC_000813,ACC_001431,10.17,2026-01-26
ACC_000813,ACC_001431,107.09,2026-01-14
ACC_000813,ACC_001431,110.72,2026-05-14
ACC_000813,ACC_001431,113.79,2026-01-09
ACC_000813,ACC_001431,125.74,2025-10-13
ACC_000813,ACC_001431,1260.15,2025-11-21
ACC_000813,ACC_001431,1351.37,2025-10-16
ACC_000813,ACC_001431,142.28,2025-08-14
ACC_000813,ACC_001431,151.90,2025-08-09
ACC_000813,ACC_001431,1579.47,2026-01-27
ACC_000813,ACC_001431,1609.56,2025-07-27
ACC_000813,ACC_001431,19.48,2026-02-16
ACC_000813,ACC_001431,1936.65,2026-01-12
ACC_000813,ACC_001431,204.16,2025-08-06
ACC_000813,ACC_001431,232.31,2025-08-05
ACC_000813,ACC_001431,237.07,2025-12-30
ACC_000813,ACC_001431,2407.33,2026-02-25
ACC_000813,ACC_001431,25.02,2026-03-07
ACC_000813,ACC_001431,284.80,2026-04-28
ACC_000813,ACC_001431,30.35,2025-12-18
ACC_000813,ACC_001431,3232.18,2026-04-26
ACC_000813,ACC_001431,33.95,2025-10-10
ACC_000813,ACC_001431,344.78,2025-09-11
ACC_000813,ACC_001431,346.61,2026-02-25
ACC_000813,ACC_001431,35.96,2026-02-09
ACC_000813,ACC_001431,372.37,2025-11-02
ACC_000813,ACC_001431,38.17,2025-09-22
ACC_000813,ACC_001431,391.37,2025-08-16
ACC_000813,ACC_001431,400.40,2025-10-30
ACC_000813,ACC_001431,41.39,2025-08-30
ACC_000813,ACC_001431,46.23,2026-01-02
ACC_000813,ACC_001431,49.25,2026-04-21
ACC_000813,ACC_001431,50.49,2025-09-01
ACC_000813,ACC_001431,51.37,2025-11-10
ACC_000813,ACC_001431,52.64,2025-09-01
ACC_000813,ACC_001431,527.02,2025-11-29
ACC_000813,ACC_001431,55.46,2025-10-14
ACC_000813,ACC_001431,558.33,2026-05-09
ACC_000813,ACC_001431,61.12,2026-05-10
ACC_000813,ACC_001431,696.62,2025-09-23
ACC_000813,ACC_001431,711.54,2026-02-06
ACC_000813,ACC_001431,712.06,2025-12-20
ACC_000813,ACC_001431,789.01,2025-08-13
ACC_000813,ACC_001431,810.32,2026-05-28
ACC_000813,ACC_001431,90.22,2025-10-05
ACC_000813,ACC_001431,96.73,2025-10-12
ACC_000813,ACC_001438,1940.89,2025-10-08
ACC_000813,ACC_001438,210.07,2025-11-06
ACC_000813,ACC_001459,937.37,2026-05-08
ACC_000813,ACC_001464,1676.30,2025-11-14
ACC_000813,ACC_001464,175.05,2025-12-05
ACC_000813,ACC_001465,293.77,2025-12-09
ACC_000813,ACC_001482,408.58,2025-09-20
ACC_000813,ACC_001483,178.73,2026-05-21
ACC_000813,ACC_001484,212.54,2026-04-25
ACC_000813,ACC_001484,341.72,2026-04-05
ACC_000813,ACC_001484,38.53,2026-04-30
ACC_000813,ACC_001484,39.74,2026-04-15
ACC_000813,ACC_001485,2077.67,2025-08-21
ACC_000813,ACC_001485,255.08,2025-08-04
ACC_000813,ACC_001498,154.60,2026-04-14
ACC_000813,ACC_001498,156.20,2026-03-31
ACC_000813,ACC_001498,834.56,2026-04-08
ACC_000813,ACC_001499,125.81,2026-02-09
ACC_000813,ACC_001499,163.99,2026-02-20
ACC_000813,ACC_001499,20.51,2025-12-23
ACC_000813,ACC_001499,29.54,2026-02-12
ACC_000813,ACC_001499,37.95,2025-12-01
ACC_000813,ACC_001499,374.03,2025-10-11
ACC_000813,ACC_001499,75.32,2026-03-30
ACC_000813,ACC_001500,1038.80,2026-03-23
ACC_000813,ACC_001500,113.48,2026-01-24
ACC_000813,ACC_001500,15.06,2026-02-07
ACC_000813,ACC_001500,1661.50,2025-11-03
ACC_000813,ACC_001500,21.08,2026-02-04
ACC_000813,ACC_001500,292.13,2025-12-31
ACC_000813,ACC_001500,595.79,2025-11-16
ACC_000813,ACC_001500,65.32,2025-10-27
ACC_000813,ACC_001500,699.90,2026-01-27
ACC_000813,ACC_001500,707.57,2026-03-22
ACC_000813,ACC_001525,257.25,2026-03-23
ACC_000813,ACC_001542,125.08,2026-05-26
ACC_000813,ACC_001542,43.61,2026-03-13
ACC_000813,ACC_001542,895.48,2025-09-03
ACC_000813,ACC_001543,1263.59,2026-06-07
ACC_000813,ACC_001543,208.69,2026-06-11
ACC_000813,ACC_001543,253.14,2026-02-11
ACC_000813,ACC_001547,56.57,2025-08-23
ACC_000813,ACC_001547,845.44,2025-08-22
ACC_000813,ACC_001572,826.04,2025-08-12
ACC_000814,ACC_001215,170.06,2026-03-31
ACC_000814,ACC_001215,374.83,2026-01-03
ACC_000814,ACC_001216,188.44,2026-01-10
ACC_000814,ACC_001216,3273.36,2026-01-17
ACC_000814,ACC_001238,416.72,2026-04-25
ACC_000814,ACC_001252,990.58,2025-08-29
ACC_000814,ACC_001263,1535.89,2026-02-06
ACC_000814,ACC_001263,73.17,2026-01-24
ACC_000814,ACC_001264,453.49,2026-01-23
ACC_000814,ACC_001268,888.84,2026-04-03
ACC_000814,ACC_001269,15.75,2025-12-17
ACC_000814,ACC_001269,197.05,2025-12-14
ACC_000814,ACC_001299,25.76,2026-01-02
ACC_000814,ACC_001299,259.94,2025-12-25
ACC_000814,ACC_001299,29.33,2025-12-17
ACC_000814,ACC_001301,458.80,2026-04-30
ACC_000814,ACC_001301,61.48,2026-04-16
ACC_000814,ACC_001301,74.39,2026-05-11
ACC_000814,ACC_001320,488.74,2025-11-05
ACC_000814,ACC_001339,1706.05,2025-09-06
ACC_000814,ACC_001339,328.41,2025-09-12
ACC_000814,ACC_001340,1248.13,2025-10-07
ACC_000814,ACC_001343,1044.83,2026-01-09
ACC_000814,ACC_001344,201.91,2026-01-26
ACC_000814,ACC_001344,69.29,2026-01-26
ACC_000814,ACC_001348,1159.21,2025-11-06
ACC_000814,ACC_001349,107.88,2025-11-16
ACC_000814,ACC_001349,221.22,2025-11-08
ACC_000814,ACC_001349,540.81,2026-04-02
ACC_000814,ACC_001351,170.57,2025-12-15
ACC_000814,ACC_001354,279.35,2025-12-21
ACC_000814,ACC_001354,37.40,2025-12-20
ACC_000814,ACC_001365,1430.53,2025-12-02
ACC_000814,ACC_001365,2575.26,2025-08-08
ACC_000814,ACC_001365,266.43,2025-12-05
ACC_000814,ACC_001365,303.26,2025-08-11
ACC_000814,ACC_001365,397.94,2025-07-16
ACC_000814,ACC_001372,119.98,2025-12-17
ACC_000814,ACC_001372,1428.26,2025-10-17
ACC_000814,ACC_001372,1622.08,2025-12-29
ACC_000814,ACC_001372,185.98,2026-05-10
ACC_000814,ACC_001372,189.98,2025-11-25
ACC_000814,ACC_001372,2035.65,2026-04-23
ACC_000814,ACC_001372,30.55,2025-11-11
ACC_000814,ACC_001372,30.87,2025-12-09
ACC_000814,ACC_001388,191.15,2026-04-24
ACC_000814,ACC_001388,1942.19,2026-01-20
ACC_000814,ACC_001388,26.19,2026-04-28
ACC_000814,ACC_001388,30.49,2026-04-15
ACC_000814,ACC_001388,556.75,2026-03-07
ACC_000814,ACC_001388,60.38,2026-02-24
ACC_000814,ACC_001388,90.59,2026-03-16
ACC_000814,ACC_001389,2536.17,2025-12-26
ACC_000814,ACC_001415,70.44,2025-10-24
ACC_000814,ACC_001415,73.02,2025-10-17
ACC_000814,ACC_001416,850.54,2025-10-24
ACC_000814,ACC_001431,103.63,2025-09-01
ACC_000814,ACC_001431,1057.38,2025-08-09
ACC_000814,ACC_001431,1100.07,2025-10-19
ACC_000814,ACC_001431,1121.38,2025-09-05
ACC_000814,ACC_001431,1149.59,2025-12-21
ACC_000814,ACC_001431,122.42,2026-01-11
ACC_000814,ACC_001431,1338.83,2026-03-05
ACC_000814,ACC_001431,1490.25,2025-07-28
ACC_000814,ACC_001431,155.62,2026-04-04
ACC_000814,ACC_001431,158.55,2025-08-20
ACC_000814,ACC_001431,16.06,2025-09-04
ACC_000814,ACC_001431,16.60,2025-09-09
ACC_000814,ACC_001431,17.64,2026-02-24
ACC_000814,ACC_001431,172.96,2025-11-01
ACC_000814,ACC_001431,183.21,2025-08-15
ACC_000814,ACC_001431,195.27,2025-10-20
ACC_000814,ACC_001431,20.16,2026-02-23
ACC_000814,ACC_001431,21.79,2026-04-01
ACC_000814,ACC_001431,210.87,2025-08-07
ACC_000814,ACC_001431,224.81,2025-08-15
ACC_000814,ACC_001431,228.11,2026-02-15
ACC_000814,ACC_001431,23.84,2026-03-27
ACC_000814,ACC_001431,243.76,2025-08-26
ACC_000814,ACC_001431,254.47,2025-09-15
ACC_000814,ACC_001431,314.46,2026-04-12
ACC_000814,ACC_001431,3215.75,2025-07-21
ACC_000814,ACC_001431,41.43,2025-09-06
ACC_000814,ACC_001431,45.84,2025-09-06
ACC_000814,ACC_001431,455.32,2026-03-15
ACC_000814,ACC_001431,52.91,2026-03-17
ACC_000814,ACC_001431,54.05,2026-04-26
ACC_000814,ACC_001431,59.55,2026-03-18
ACC_000814,ACC_001431,59.99,2026-03-30
ACC_000814,ACC_001431,590.29,2026-05-03
ACC_000814,ACC_001431,6258.57,2025-08-31
ACC_000814,ACC_001431,646.98,2025-10-20
ACC_000814,ACC_001431,666.74,2025-10-10
ACC_000814,ACC_001431,666.95,2025-08-13
ACC_000814,ACC_001431,668.49,2025-09-21
ACC_000814,ACC_001431,69.84,2025-11-21
ACC_000814,ACC_001431,722.27,2026-01-10
ACC_000814,ACC_001431,75.48,2025-08-19
ACC_000814,ACC_001431,843.31,2025-11-12
ACC_000814,ACC_001431,88.11,2026-04-29
ACC_000814,ACC_001438,1285.74,2026-04-30
ACC_000814,ACC_001438,835.14,2026-04-24
ACC_000814,ACC_001438,84.38,2026-04-29
ACC_000814,ACC_001449,1264.68,2026-03-14
ACC_000814,ACC_001449,178.92,2026-03-10
ACC_000814,ACC_001449,190.98,2026-02-28
ACC_000814,ACC_001482,213.23,2026-03-12
ACC_000814,ACC_001484,1065.18,2025-11-19
ACC_000814,ACC_001484,182.95,2026-02-25
ACC_000814,ACC_001484,28.12,2026-01-22
ACC_000814,ACC_001484,28.89,2026-02-15
ACC_000814,ACC_001484,35.35,2026-03-04
ACC_000814,ACC_001484,387.45,2026-02-03
ACC_000814,ACC_001484,63.34,2025-12-17
ACC_000814,ACC_001484,70.14,2026-02-18
ACC_000814,ACC_001485,162.46,2026-02-02
ACC_000814,ACC_001485,1797.68,2026-01-25
ACC_000814,ACC_001485,275.59,2026-03-23
ACC_000814,ACC_001485,44.70,2026-04-15
ACC_000814,ACC_001499,1108.76,2025-08-03
ACC_000814,ACC_001499,115.61,2025-08-22
ACC_000814,ACC_001499,130.76,2025-08-19
ACC_000814,ACC_001499,1740.18,2025-08-06
ACC_000814,ACC_001499,206.57,2025-08-09
ACC_000814,ACC_001499,224.36,2026-02-24
ACC_000814,ACC_001499,261.87,2025-12-28
ACC_000814,ACC_001499,2783.72,2025-12-14
ACC_000814,ACC_001499,30.28,2025-10-15
ACC_000814,ACC_001499,351.46,2025-12-10
ACC_000814,ACC_001499,36.45,2026-02-22
ACC_000814,ACC_001499,53.80,2025-11-04
ACC_000814,ACC_001499,6.87,2025-08-15
ACC_000814,ACC_001499,979.99,2025-08-11
ACC_000814,ACC_001500,119.36,2025-07-27
ACC_000814,ACC_001500,15.38,2026-05-23
ACC_000814,ACC_001500,168.29,2026-05-30
ACC_000814,ACC_001500,1689.70,2025-10-20
ACC_000814,ACC_001500,217.05,2026-03-14
ACC_000814,ACC_001500,26.78,2026-05-16
ACC_000814,ACC_001500,283.55,2025-10-16
ACC_000814,ACC_001500,39.93,2026-01-05
ACC_000814,ACC_001500,430.10,2025-09-22
ACC_000814,ACC_001500,51.37,2025-12-16
ACC_000814,ACC_001505,731.61,2025-08-11
ACC_000814,ACC_001547,12.59,2025-09-27
ACC_000814,ACC_001547,208.55,2025-10-14
ACC_000814,ACC_001547,22.08,2025-09-25
ACC_000814,ACC_001550,167.57,2026-02-06
ACC_000818,ACC_001499,37.36,2025-08-23
ACC_000818,ACC_001500,18.44,2025-08-21
ACC_000818,ACC_001500,278.22,2025-07-30
ACC_000819,ACC_001499,1577.17,2025-08-18
ACC_000819,ACC_001500,216.87,2025-09-08
ACC_000820,ACC_001232,310.03,2025-09-26
ACC_000821,ACC_001252,824.69,2026-03-15
ACC_000821,ACC_001340,226.94,2025-12-01
ACC_000823,ACC_001372,150.26,2026-04-21
ACC_000823,ACC_001372,176.70,2026-04-28
ACC_000823,ACC_001372,890.56,2026-04-23
ACC_000828,ACC_001297,253.99,2026-03-11
ACC_000828,ACC_001388,282.18,2026-02-21
ACC_000828,ACC_001431,1254.95,2025-09-07
ACC_000828,ACC_001499,1182.22,2026-04-06
ACC_000828,ACC_001499,201.00,2026-04-28
ACC_000831,ACC_001388,1757.92,2026-04-24
ACC_000831,ACC_001388,222.60,2026-05-04
ACC_000831,ACC_001388,336.03,2026-04-14
ACC_000831,ACC_001431,558.16,2025-11-03
ACC_000831,ACC_001431,79.27,2025-11-24
ACC_000831,ACC_001499,390.65,2026-01-23
ACC_000831,ACC_001500,1404.71,2025-09-11
ACC_000832,ACC_001211,1488.98,2026-04-29
ACC_000832,ACC_001431,306.11,2025-10-12
ACC_000832,ACC_001431,455.60,2025-10-12
ACC_000832,ACC_001431,52.21,2025-10-20
ACC_000832,ACC_001431,62.14,2025-10-12
ACC_000832,ACC_001438,1694.37,2025-09-18
ACC_000832,ACC_001485,97.23,2025-08-22
ACC_000833,ACC_001247,1633.48,2026-05-25
ACC_000833,ACC_001248,217.08,2025-10-26
ACC_000833,ACC_001248,33.00,2025-10-17
ACC_000833,ACC_001252,114.81,2026-03-19
ACC_000833,ACC_001252,1562.08,2026-03-06
ACC_000833,ACC_001252,270.45,2026-03-18
ACC_000833,ACC_001340,999.62,2026-01-24
ACC_000833,ACC_001431,16.95,2025-12-18
ACC_000833,ACC_001431,17.23,2025-12-25
ACC_000833,ACC_001431,273.98,2025-12-23
ACC_000833,ACC_001431,38.25,2026-03-20
ACC_000833,ACC_001431,603.13,2026-03-24
ACC_000833,ACC_001500,134.87,2026-04-19
ACC_000833,ACC_001500,716.04,2026-04-03
ACC_000834,ACC_001372,1020.22,2025-08-16
ACC_000835,ACC_001431,1096.35,2026-01-02
ACC_000835,ACC_001431,175.11,2026-01-18
ACC_000836,ACC_001229,1045.82,2025-07-31
ACC_000836,ACC_001229,199.11,2025-07-22
ACC_000836,ACC_001229,86.25,2025-08-09
ACC_000836,ACC_001245,328.67,2026-02-19
ACC_000836,ACC_001245,3412.08,2026-02-04
ACC_000836,ACC_001278,1088.08,2025-11-01
ACC_000836,ACC_001339,115.80,2025-09-13
ACC_000836,ACC_001339,1536.53,2025-09-13
ACC_000836,ACC_001339,207.70,2025-09-09
ACC_000836,ACC_001348,120.34,2025-10-23
ACC_000836,ACC_001348,219.73,2025-10-21
ACC_000836,ACC_001349,1698.38,2025-10-24
ACC_000836,ACC_001363,3318.47,2026-05-15
ACC_000836,ACC_001398,310.70,2025-11-05
ACC_000836,ACC_001398,3247.34,2025-10-29
ACC_000836,ACC_001398,524.11,2025-11-10
ACC_000836,ACC_001431,289.15,2025-09-16
ACC_000836,ACC_001431,29.22,2025-09-07
ACC_000836,ACC_001431,29.94,2025-09-13
ACC_000836,ACC_001438,339.30,2026-05-12
ACC_000836,ACC_001521,2180.66,2026-06-01
ACC_000836,ACC_001521,410.45,2026-05-29
ACC_000843,ACC_001252,62.05,2026-02-19
ACC_000843,ACC_001252,766.46,2026-02-07
ACC_000843,ACC_001252,96.11,2026-02-20
ACC_000843,ACC_001264,48.65,2025-07-20
ACC_000843,ACC_001277,122.61,2025-10-14
ACC_000843,ACC_001278,15.75,2025-10-13
ACC_000843,ACC_001291,268.44,2025-07-28
ACC_000843,ACC_001291,28.77,2025-07-30
ACC_000843,ACC_001301,1156.33,2025-08-09
ACC_000843,ACC_001301,197.42,2025-08-17
ACC_000843,ACC_001348,12.51,2025-12-29
ACC_000843,ACC_001348,215.28,2025-12-18
ACC_000843,ACC_001348,29.99,2025-12-19
ACC_000843,ACC_001372,43.60,2026-01-18
ACC_000843,ACC_001372,435.25,2026-01-12
ACC_000843,ACC_001372,5.21,2025-10-30
ACC_000843,ACC_001372,50.79,2025-10-10
ACC_000843,ACC_001372,78.84,2026-01-16
ACC_000843,ACC_001418,879.90,2025-11-25
ACC_000843,ACC_001431,143.09,2025-08-06
ACC_000843,ACC_001431,152.12,2026-06-04
ACC_000843,ACC_001431,222.13,2025-09-25
ACC_000843,ACC_001431,233.71,2025-09-17
ACC_000843,ACC_001431,24.53,2025-09-23
ACC_000843,ACC_001431,29.19,2026-05-08
ACC_000843,ACC_001431,33.64,2025-09-23
ACC_000843,ACC_001431,43.11,2025-09-23
ACC_000843,ACC_001431,84.75,2026-05-01
ACC_000843,ACC_001438,18.54,2025-10-09
ACC_000843,ACC_001438,234.37,2025-09-27
ACC_000843,ACC_001438,32.13,2025-10-17
ACC_000843,ACC_001482,2.71,2025-11-03
ACC_000843,ACC_001482,50.06,2025-10-21
ACC_000843,ACC_001482,8.56,2025-10-16
ACC_000843,ACC_001499,391.90,2026-04-27
ACC_000843,ACC_001499,551.13,2026-06-09
ACC_000843,ACC_001499,78.35,2026-04-30
ACC_000843,ACC_001500,41.48,2026-04-09
ACC_000843,ACC_001526,10.44,2025-12-14
ACC_000843,ACC_001527,151.20,2025-12-19
ACC_000844,ACC_001301,17.29,2026-05-17
ACC_000844,ACC_001301,7.83,2026-05-13
ACC_000844,ACC_001301,87.49,2026-05-31
ACC_000844,ACC_001328,107.18,2025-11-07
ACC_000844,ACC_001356,20.55,2026-04-21
ACC_000844,ACC_001356,30.61,2026-04-05
ACC_000844,ACC_001356,308.00,2026-04-05
ACC_000844,ACC_001356,320.22,2026-04-09
ACC_000844,ACC_001356,48.66,2026-03-26
ACC_000844,ACC_001388,132.60,2026-04-24
ACC_000844,ACC_001388,242.97,2026-02-17
ACC_000844,ACC_001388,39.93,2026-03-05
ACC_000844,ACC_001388,41.30,2026-02-14
ACC_000844,ACC_001388,60.56,2026-04-24
ACC_000844,ACC_001388,740.49,2026-04-24
ACC_000844,ACC_001431,146.87,2026-05-13
ACC_000844,ACC_001431,389.37,2026-04-12
ACC_000844,ACC_001431,693.00,2025-09-22
ACC_000844,ACC_001431,70.27,2026-04-09
ACC_000844,ACC_001431,738.53,2026-05-18
ACC_000844,ACC_001431,76.34,2026-04-09
ACC_000844,ACC_001431,89.66,2025-09-26
ACC_000844,ACC_001431,95.98,2025-11-04
ACC_000844,ACC_001431,98.18,2025-09-13
ACC_000844,ACC_001499,244.47,2026-02-06
ACC_000845,ACC_001252,686.59,2026-03-01
ACC_000845,ACC_001431,155.25,2025-12-22
ACC_000845,ACC_001431,45.74,2025-12-08
ACC_000845,ACC_001431,794.01,2025-12-19
ACC_000846,ACC_001249,618.59,2025-11-23
ACC_000846,ACC_001431,6.08,2026-05-22
ACC_000846,ACC_001431,94.05,2026-05-15
ACC_000847,ACC_001388,120.96,2025-10-13
ACC_000847,ACC_001388,20.29,2025-11-15
ACC_000847,ACC_001431,30.78,2025-10-23
ACC_000847,ACC_001431,301.98,2025-10-22
ACC_000848,ACC_001291,58.63,2026-03-31
ACC_000850,ACC_001372,21.53,2026-06-01
ACC_000850,ACC_001372,210.05,2026-05-15
ACC_000850,ACC_001372,33.97,2026-05-22
ACC_000850,ACC_001388,104.72,2026-06-06
ACC_000850,ACC_001388,7.15,2026-05-23
ACC_000850,ACC_001431,10.47,2026-06-02
ACC_000850,ACC_001431,148.56,2026-06-03
ACC_000850,ACC_001431,16.49,2026-06-04
ACC_000853,ACC_001545,3327.80,2026-05-14
ACC_000853,ACC_001545,441.02,2026-06-04
ACC_000854,ACC_001252,34.12,2025-09-16
ACC_000854,ACC_001252,486.89,2025-09-28
ACC_000854,ACC_001252,75.18,2026-05-29
ACC_000854,ACC_001252,771.69,2026-05-27
ACC_000854,ACC_001252,82.16,2025-10-06
ACC_000854,ACC_001252,87.85,2026-05-19
ACC_000854,ACC_001263,25.33,2026-04-10
ACC_000854,ACC_001264,355.61,2026-03-31
ACC_000854,ACC_001268,22.31,2025-10-31
ACC_000854,ACC_001268,243.18,2025-11-10
ACC_000854,ACC_001269,40.74,2025-10-26
ACC_000854,ACC_001275,191.42,2025-09-03
ACC_000854,ACC_001276,19.39,2025-09-07
ACC_000854,ACC_001291,6.87,2025-08-12
ACC_000854,ACC_001291,7.04,2025-08-11
ACC_000854,ACC_001291,82.61,2025-08-26
ACC_000854,ACC_001297,608.84,2026-04-26
ACC_000854,ACC_001297,71.29,2025-10-22
ACC_000854,ACC_001298,49.41,2026-04-24
ACC_000854,ACC_001298,5.38,2025-10-03
ACC_000854,ACC_001298,8.11,2025-10-25
ACC_000854,ACC_001301,2.70,2026-01-11
ACC_000854,ACC_001301,210.89,2026-03-11
ACC_000854,ACC_001301,3.26,2025-12-29
ACC_000854,ACC_001301,34.01,2026-01-06
ACC_000854,ACC_001301,396.93,2026-05-11
ACC_000854,ACC_001301,53.05,2026-06-01
ACC_000854,ACC_001339,26.22,2026-04-24
ACC_000854,ACC_001339,377.52,2025-12-13
ACC_000854,ACC_001339,72.83,2026-01-04
ACC_000854,ACC_001347,388.65,2025-08-04
ACC_000854,ACC_001354,185.53,2026-05-13
ACC_000854,ACC_001354,1982.70,2026-05-11
ACC_000854,ACC_001355,123.51,2026-05-08
ACC_000854,ACC_001355,26.70,2026-03-15
ACC_000854,ACC_001355,273.19,2026-03-10
ACC_000854,ACC_001365,55.77,2025-11-22
ACC_000854,ACC_001365,572.01,2025-11-21
ACC_000854,ACC_001372,1358.88,2026-04-28
ACC_000854,ACC_001372,187.80,2026-04-16
ACC_000854,ACC_001372,229.58,2026-04-22
ACC_000854,ACC_001372,24.60,2026-03-01
ACC_000854,ACC_001372,257.60,2026-03-25
ACC_000854,ACC_001372,26.41,2025-11-09
ACC_000854,ACC_001372,269.75,2025-11-16
ACC_000854,ACC_001372,28.41,2025-11-18
ACC_000854,ACC_001372,31.77,2026-03-31
ACC_000854,ACC_001372,339.91,2026-02-17
ACC_000854,ACC_001372,4.50,2026-03-03
ACC_000854,ACC_001372,423.53,2026-03-03
ACC_000854,ACC_001372,52.34,2026-02-23
ACC_000854,ACC_001372,60.29,2026-02-17
ACC_000854,ACC_001372,67.33,2026-02-13
ACC_000854,ACC_001372,9.31,2026-02-14
ACC_000854,ACC_001372,931.31,2026-04-29
ACC_000854,ACC_001380,342.44,2026-01-03
ACC_000854,ACC_001380,43.88,2025-12-21
ACC_000854,ACC_001380,543.55,2026-01-05
ACC_000854,ACC_001388,14.62,2026-02-10
ACC_000854,ACC_001388,153.93,2026-02-10
ACC_000854,ACC_001388,29.81,2026-01-25
ACC_000854,ACC_001388,46.33,2025-11-05
ACC_000854,ACC_001390,31.35,2026-03-25
ACC_000854,ACC_001390,319.67,2026-03-21
ACC_000854,ACC_001420,209.44,2025-12-29
ACC_000854,ACC_001420,23.32,2025-12-22
ACC_000854,ACC_001431,103.66,2026-05-24
ACC_000854,ACC_001431,11.37,2026-05-07
ACC_000854,ACC_001431,110.28,2026-02-06
ACC_000854,ACC_001431,119.18,2026-01-08
ACC_000854,ACC_001431,121.85,2026-02-28
ACC_000854,ACC_001431,124.73,2026-05-05
ACC_000854,ACC_001431,125.42,2025-08-24
ACC_000854,ACC_001431,126.39,2025-09-09
ACC_000854,ACC_001431,13.02,2026-04-29
ACC_000854,ACC_001431,13.65,2026-04-25
ACC_000854,ACC_001431,15.28,2026-04-25
ACC_000854,ACC_001431,15.73,2026-04-13
ACC_000854,ACC_001431,167.82,2025-09-11
ACC_000854,ACC_001431,168.49,2026-04-11
ACC_000854,ACC_001431,173.23,2025-11-04
ACC_000854,ACC_001431,18.68,2026-03-02
ACC_000854,ACC_001431,19.37,2026-02-18
ACC_000854,ACC_001431,19.70,2026-05-29
ACC_000854,ACC_001431,224.05,2026-05-21
ACC_000854,ACC_001431,234.29,2025-12-23
ACC_000854,ACC_001431,238.75,2025-11-14
ACC_000854,ACC_001431,25.51,2025-12-06
ACC_000854,ACC_001431,26.69,2025-12-03
ACC_000854,ACC_001431,28.92,2026-03-12
ACC_000854,ACC_001431,32.46,2025-09-23
ACC_000854,ACC_001431,346.16,2026-04-04
ACC_000854,ACC_001431,352.28,2025-11-25
ACC_000854,ACC_001431,38.25,2025-10-30
ACC_000854,ACC_001431,38.83,2025-08-12
ACC_000854,ACC_001431,382.67,2025-08-22
ACC_000854,ACC_001431,43.70,2025-11-16
ACC_000854,ACC_001431,43.89,2026-05-17
ACC_000854,ACC_001431,441.75,2026-03-14
ACC_000854,ACC_001431,47.27,2026-01-11
ACC_000854,ACC_001431,48.78,2026-04-22
ACC_000854,ACC_001431,5.34,2026-04-11
ACC_000854,ACC_001431,515.42,2025-09-13
ACC_000854,ACC_001431,58.30,2026-05-16
ACC_000854,ACC_001431,6.77,2025-08-28
ACC_000854,ACC_001431,61.00,2026-04-18
ACC_000854,ACC_001431,613.66,2025-12-14
ACC_000854,ACC_001431,63.11,2025-11-14
ACC_000854,ACC_001431,65.18,2026-04-29
ACC_000854,ACC_001431,653.09,2025-08-29
ACC_000854,ACC_001431,7.39,2026-06-06
ACC_000854,ACC_001431,72.13,2025-08-04
ACC_000854,ACC_001431,745.93,2026-02-12
ACC_000854,ACC_001431,75.63,2025-08-07
ACC_000854,ACC_001431,78.39,2025-10-22
ACC_000854,ACC_001431,83.31,2026-04-05
ACC_000854,ACC_001431,85.50,2026-06-02
ACC_000854,ACC_001431,963.43,2025-09-25
ACC_000854,ACC_001449,315.52,2025-09-25
ACC_000854,ACC_001449,50.67,2025-09-23
ACC_000854,ACC_001457,11.00,2025-12-22
ACC_000854,ACC_001457,190.08,2025-11-27
ACC_000854,ACC_001457,28.61,2025-12-11
ACC_000854,ACC_001482,179.79,2025-08-24
ACC_000854,ACC_001482,28.06,2025-08-10
ACC_000854,ACC_001484,11.37,2025-09-04
ACC_000854,ACC_001484,3.70,2025-09-07
ACC_000854,ACC_001484,52.98,2025-09-08
ACC_000854,ACC_001484,6.49,2025-09-15
ACC_000854,ACC_001484,62.13,2025-08-18
ACC_000854,ACC_001485,106.63,2025-08-03
ACC_000854,ACC_001485,127.48,2025-09-21
ACC_000854,ACC_001485,429.33,2026-01-04
ACC_000854,ACC_001485,788.65,2025-07-21
ACC_000854,ACC_001485,81.78,2025-08-07
ACC_000854,ACC_001494,57.68,2025-08-17
ACC_000854,ACC_001494,80.71,2026-03-16
ACC_000854,ACC_001495,295.59,2025-08-05
ACC_000854,ACC_001498,11.63,2025-12-29
ACC_000854,ACC_001498,162.05,2025-11-29
ACC_000854,ACC_001498,219.05,2026-03-15
ACC_000854,ACC_001498,35.54,2026-04-17
ACC_000854,ACC_001498,85.59,2025-12-25
ACC_000854,ACC_001499,189.13,2026-04-16
ACC_000854,ACC_001499,29.41,2025-10-04
ACC_000854,ACC_001499,3.34,2025-10-06
ACC_000854,ACC_001499,36.55,2025-11-30
ACC_000854,ACC_001499,48.01,2025-10-17
ACC_000854,ACC_001499,82.98,2025-11-09
ACC_000854,ACC_001500,227.80,2025-11-19
ACC_000854,ACC_001500,34.77,2025-11-19
ACC_000854,ACC_001500,50.11,2026-04-22
ACC_000854,ACC_001500,7.64,2026-06-02
ACC_000854,ACC_001500,82.15,2026-05-15
ACC_000854,ACC_001500,892.17,2025-10-27
ACC_000854,ACC_001510,330.05,2025-12-04
ACC_000854,ACC_001510,55.76,2026-01-03
ACC_000854,ACC_001511,24.40,2025-12-23
ACC_000854,ACC_001516,3.60,2025-12-07
ACC_000854,ACC_001516,58.28,2025-11-27
ACC_000854,ACC_001526,222.06,2026-04-09
ACC_000854,ACC_001526,42.88,2026-04-23
ACC_000854,ACC_001527,23.77,2026-04-01
ACC_000854,ACC_001538,319.45,2026-01-26
ACC_000854,ACC_001547,131.02,2025-10-04
ACC_000854,ACC_001547,16.55,2025-10-18
ACC_000854,ACC_001547,9.36,2025-10-27
ACC_000855,ACC_001208,33.64,2025-10-15
ACC_000855,ACC_001238,6.57,2026-01-16
ACC_000855,ACC_001238,67.88,2026-01-04
ACC_000855,ACC_001239,5.55,2026-01-20
ACC_000855,ACC_001244,49.97,2025-09-10
ACC_000855,ACC_001252,189.81,2026-05-03
ACC_000855,ACC_001252,5.06,2026-05-11
ACC_000855,ACC_001252,50.22,2026-05-28
ACC_000855,ACC_001253,646.02,2026-02-10
ACC_000855,ACC_001253,89.25,2026-03-06
ACC_000855,ACC_001263,1228.19,2025-08-10
ACC_000855,ACC_001263,166.13,2025-08-05
ACC_000855,ACC_001263,221.40,2025-08-16
ACC_000855,ACC_001268,81.96,2026-01-08
ACC_000855,ACC_001269,941.94,2025-12-28
ACC_000855,ACC_001283,181.93,2025-09-17
ACC_000855,ACC_001299,825.92,2025-12-11
ACC_000855,ACC_001301,114.21,2025-10-01
ACC_000855,ACC_001301,114.45,2025-10-23
ACC_000855,ACC_001301,16.46,2025-10-04
ACC_000855,ACC_001301,21.59,2025-09-29
ACC_000855,ACC_001301,56.20,2026-05-06
ACC_000855,ACC_001301,613.94,2026-02-07
ACC_000855,ACC_001301,86.59,2026-02-04
ACC_000855,ACC_001330,162.80,2025-08-16
ACC_000855,ACC_001330,27.25,2025-08-20
ACC_000855,ACC_001339,37.21,2026-01-15
ACC_000855,ACC_001340,2.70,2026-01-03
ACC_000855,ACC_001340,280.69,2025-12-26
ACC_000855,ACC_001340,52.29,2025-12-29
ACC_000855,ACC_001340,9.76,2026-01-02
ACC_000855,ACC_001348,265.07,2026-02-28
ACC_000855,ACC_001348,6.55,2025-09-12
ACC_000855,ACC_001348,69.02,2025-08-14
ACC_000855,ACC_001349,12.15,2025-09-15
ACC_000855,ACC_001349,212.18,2025-11-26
ACC_000855,ACC_001349,231.21,2025-08-28
ACC_000855,ACC_001372,11.71,2025-08-29
ACC_000855,ACC_001372,110.41,2025-10-01
ACC_000855,ACC_001372,12.04,2026-03-09
ACC_000855,ACC_001372,137.43,2025-09-01
ACC_000855,ACC_001372,14.67,2025-08-24
ACC_000855,ACC_001372,272.20,2026-03-01
ACC_000855,ACC_001372,35.72,2026-03-14
ACC_000855,ACC_001372,391.64,2026-05-09
ACC_000855,ACC_001372,46.32,2026-02-26
ACC_000855,ACC_001372,615.34,2025-10-03
ACC_000855,ACC_001372,627.04,2026-01-06
ACC_000855,ACC_001372,8.71,2026-02-22
ACC_000855,ACC_001372,84.88,2026-03-02
ACC_000855,ACC_001372,99.30,2025-10-02
ACC_000855,ACC_001376,18.94,2025-10-06
ACC_000855,ACC_001376,206.41,2025-11-12
ACC_000855,ACC_001376,9.28,2025-09-14
ACC_000855,ACC_001376,99.43,2025-09-30
ACC_000855,ACC_001379,42.58,2026-03-21
ACC_000855,ACC_001379,545.01,2026-03-15
ACC_000855,ACC_001379,62.32,2026-03-31
ACC_000855,ACC_001387,27.85,2026-04-07
ACC_000855,ACC_001387,341.39,2026-04-08
ACC_000855,ACC_001387,53.18,2026-04-16
ACC_000855,ACC_001390,5.73,2025-09-14
ACC_000855,ACC_001390,93.78,2025-09-03
ACC_000855,ACC_001418,11.90,2026-02-06
ACC_000855,ACC_001418,213.59,2026-02-16
ACC_000855,ACC_001431,104.52,2026-05-10
ACC_000855,ACC_001431,118.92,2026-05-15
ACC_000855,ACC_001431,149.72,2025-11-27
ACC_000855,ACC_001431,155.19,2026-05-27
ACC_000855,ACC_001431,16.72,2025-09-11
ACC_000855,ACC_001431,166.56,2025-09-27
ACC_000855,ACC_001431,204.46,2026-03-10
ACC_000855,ACC_001431,215.03,2025-09-15
ACC_000855,ACC_001431,226.43,2026-03-04
ACC_000855,ACC_001431,229.88,2025-11-25
ACC_000855,ACC_001431,23.42,2026-01-17
ACC_000855,ACC_001431,26.23,2025-08-29
ACC_000855,ACC_001431,28.53,2026-03-11
ACC_000855,ACC_001431,285.39,2026-01-19
ACC_000855,ACC_001431,316.95,2026-04-30
ACC_000855,ACC_001431,41.16,2025-12-14
ACC_000855,ACC_001431,451.40,2025-08-05
ACC_000855,ACC_001431,456.52,2025-10-04
ACC_000855,ACC_001431,466.20,2025-09-06
ACC_000855,ACC_001431,489.95,2025-08-04
ACC_000855,ACC_001431,506.46,2025-11-11
ACC_000855,ACC_001431,54.99,2025-07-31
ACC_000855,ACC_001431,6.45,2025-09-07
ACC_000855,ACC_001431,612.13,2025-08-03
ACC_000855,ACC_001431,62.39,2026-05-22
ACC_000855,ACC_001431,71.90,2025-09-04
ACC_000855,ACC_001431,77.17,2025-08-04
ACC_000855,ACC_001431,79.80,2025-08-10
ACC_000855,ACC_001431,8.63,2026-03-10
ACC_000855,ACC_001431,82.10,2025-08-02
ACC_000855,ACC_001431,87.71,2025-11-18
ACC_000855,ACC_001431,88.15,2025-09-17
ACC_000855,ACC_001431,88.75,2025-11-26
ACC_000855,ACC_001431,9.22,2025-08-04
ACC_000855,ACC_001431,90.77,2025-08-03
ACC_000855,ACC_001431,92.31,2025-08-31
ACC_000855,ACC_001431,93.32,2026-03-19
ACC_000855,ACC_001448,13.48,2026-02-27
ACC_000855,ACC_001448,136.23,2026-03-06
ACC_000855,ACC_001448,9.18,2026-02-26
ACC_000855,ACC_001467,486.51,2025-12-26
ACC_000855,ACC_001485,162.62,2026-02-22
ACC_000855,ACC_001494,237.07,2025-11-20
ACC_000855,ACC_001495,45.96,2025-11-15
ACC_000855,ACC_001499,156.08,2025-08-20
ACC_000855,ACC_001499,391.92,2026-03-07
ACC_000855,ACC_001499,49.18,2025-10-05
ACC_000855,ACC_001499,53.00,2026-01-26
ACC_000855,ACC_001499,568.60,2026-06-07
ACC_000855,ACC_001499,69.23,2026-06-15
ACC_000855,ACC_001499,798.21,2026-01-22
ACC_000855,ACC_001499,890.93,2025-09-17
ACC_000855,ACC_001499,93.40,2025-08-22
ACC_000855,ACC_001500,10.28,2025-08-21
ACC_000855,ACC_001500,146.65,2026-03-15
ACC_000855,ACC_001500,15.61,2025-10-13
ACC_000855,ACC_001500,203.37,2026-04-22
ACC_000855,ACC_001500,307.49,2025-09-26
ACC_000855,ACC_001500,313.21,2025-09-07
ACC_000855,ACC_001500,33.12,2026-04-30
ACC_000855,ACC_001510,3.03,2025-12-24
ACC_000855,ACC_001510,34.06,2026-04-21
ACC_000855,ACC_001511,263.33,2026-04-22
ACC_000855,ACC_001511,3.91,2025-12-24
ACC_000855,ACC_001511,41.77,2025-12-23
ACC_000855,ACC_001573,185.07,2026-05-16
ACC_000855,ACC_001573,19.82,2026-05-28
ACC_000855,ACC_001573,27.85,2026-05-31
ACC_000855,ACC_001583,153.22,2025-10-06
ACC_000855,ACC_001584,18.15,2025-09-28
ACC_000856,ACC_001211,699.04,2026-05-26
ACC_000856,ACC_001227,491.49,2026-01-15
ACC_000856,ACC_001252,129.09,2026-03-03
ACC_000856,ACC_001268,144.79,2025-10-19
ACC_000856,ACC_001288,819.78,2026-04-28
ACC_000856,ACC_001301,19.32,2025-11-22
ACC_000856,ACC_001301,258.49,2025-11-09
ACC_000856,ACC_001301,486.86,2025-11-12
ACC_000856,ACC_001301,82.73,2025-10-17
ACC_000856,ACC_001308,117.04,2026-05-29
ACC_000856,ACC_001308,750.06,2026-05-10
ACC_000856,ACC_001338,88.63,2026-03-04
ACC_000856,ACC_001339,175.49,2026-05-23
ACC_000856,ACC_001340,249.05,2026-01-07
ACC_000856,ACC_001340,29.99,2025-08-01
ACC_000856,ACC_001340,4.63,2025-08-01
ACC_000856,ACC_001340,6.44,2026-01-12
ACC_000856,ACC_001340,65.88,2026-01-31
ACC_000856,ACC_001348,12.12,2025-09-03
ACC_000856,ACC_001348,211.29,2025-09-03
ACC_000856,ACC_001348,24.45,2026-01-17
ACC_000856,ACC_001348,312.41,2025-12-29
ACC_000856,ACC_001348,45.89,2025-10-01
ACC_000856,ACC_001348,55.21,2026-01-20
ACC_000856,ACC_001348,60.03,2026-01-09
ACC_000856,ACC_001349,138.14,2025-12-24
ACC_000856,ACC_001349,23.57,2026-01-09
ACC_000856,ACC_001349,32.38,2025-08-08
ACC_000856,ACC_001349,483.57,2026-03-14
ACC_000856,ACC_001354,291.79,2025-10-08
ACC_000856,ACC_001354,412.86,2025-11-01
ACC_000856,ACC_001354,47.65,2025-11-06
ACC_000856,ACC_001356,30.53,2026-01-13
ACC_000856,ACC_001356,441.83,2026-02-01
ACC_000856,ACC_001365,666.42,2026-05-31
ACC_000856,ACC_001366,43.45,2026-05-27
ACC_000856,ACC_001366,454.57,2026-05-29
ACC_000856,ACC_001367,44.70,2026-05-08
ACC_000856,ACC_001370,20.37,2025-08-12
ACC_000856,ACC_001370,54.08,2025-08-21
ACC_000856,ACC_001371,300.10,2025-08-18
ACC_000856,ACC_001372,11.58,2025-11-26
ACC_000856,ACC_001372,16.55,2025-11-27
ACC_000856,ACC_001372,192.01,2026-01-08
ACC_000856,ACC_001372,2.87,2026-05-22
ACC_000856,ACC_001372,201.26,2025-10-21
ACC_000856,ACC_001372,30.71,2025-10-22
ACC_000856,ACC_001372,38.22,2025-09-01
ACC_000856,ACC_001372,502.83,2025-08-29
ACC_000856,ACC_001372,51.51,2026-05-25
ACC_000856,ACC_001372,59.89,2025-09-08
ACC_000856,ACC_001372,88.75,2025-12-03
ACC_000856,ACC_001372,9.33,2026-05-21
ACC_000856,ACC_001388,138.18,2026-01-10
ACC_000856,ACC_001388,22.27,2026-05-02
ACC_000856,ACC_001388,252.10,2026-03-25
ACC_000856,ACC_001388,259.48,2026-05-04
ACC_000856,ACC_001388,40.73,2026-05-01
ACC_000856,ACC_001388,42.56,2026-03-21
ACC_000856,ACC_001388,8.18,2026-01-09
ACC_000856,ACC_001431,100.20,2026-04-16
ACC_000856,ACC_001431,108.42,2026-03-29
ACC_000856,ACC_001431,119.24,2026-05-01
ACC_000856,ACC_001431,12.05,2026-01-15
ACC_000856,ACC_001431,125.79,2026-06-01
ACC_000856,ACC_001431,13.27,2026-03-20
ACC_000856,ACC_001431,132.10,2026-04-11
ACC_000856,ACC_001431,133.12,2025-09-22
ACC_000856,ACC_001431,136.60,2025-12-26
ACC_000856,ACC_001431,143.52,2026-05-28
ACC_000856,ACC_001431,149.06,2026-01-19
ACC_000856,ACC_001431,15.72,2025-10-06
ACC_000856,ACC_001431,15.75,2025-12-05
ACC_000856,ACC_001431,150.09,2025-09-11
ACC_000856,ACC_001431,16.13,2025-12-31
ACC_000856,ACC_001431,169.30,2026-05-20
ACC_000856,ACC_001431,17.69,2026-03-27
ACC_000856,ACC_001431,172.51,2025-12-01
ACC_000856,ACC_001431,18.75,2026-05-12
ACC_000856,ACC_001431,19.64,2025-09-16
ACC_000856,ACC_001431,195.14,2025-12-01
ACC_000856,ACC_001431,210.76,2025-11-12
ACC_000856,ACC_001431,22.43,2026-03-26
ACC_000856,ACC_001431,22.75,2026-04-17
ACC_000856,ACC_001431,23.04,2026-01-18
ACC_000856,ACC_001431,24.17,2026-01-05
ACC_000856,ACC_001431,248.61,2026-03-04
ACC_000856,ACC_001431,25.17,2025-12-04
ACC_000856,ACC_001431,267.65,2026-01-01
ACC_000856,ACC_001431,28.02,2025-11-25
ACC_000856,ACC_001431,280.24,2026-05-15
ACC_000856,ACC_001431,30.91,2025-12-02
ACC_000856,ACC_001431,315.15,2026-05-22
ACC_000856,ACC_001431,36.01,2026-05-31
ACC_000856,ACC_001431,36.17,2025-11-10
ACC_000856,ACC_001431,370.95,2026-05-27
ACC_000856,ACC_001431,38.64,2026-02-10
ACC_000856,ACC_001431,398.62,2026-01-21
ACC_000856,ACC_001431,4.62,2025-12-01
ACC_000856,ACC_001431,40.30,2026-05-26
ACC_000856,ACC_001431,42.59,2025-11-11
ACC_000856,ACC_001431,438.96,2026-04-21
ACC_000856,ACC_001431,478.40,2025-12-20
ACC_000856,ACC_001431,5.18,2026-05-20
ACC_000856,ACC_001431,5.72,2025-10-30
ACC_000856,ACC_001431,523.41,2026-03-24
ACC_000856,ACC_001431,535.97,2026-01-12
ACC_000856,ACC_001431,54.74,2026-05-16
ACC_000856,ACC_001431,63.98,2025-11-22
ACC_000856,ACC_001431,68.63,2026-05-12
ACC_000856,ACC_001431,7.10,2026-02-09
ACC_000856,ACC_001431,7.61,2026-03-25
ACC_000856,ACC_001431,740.17,2026-05-12
ACC_000856,ACC_001431,77.15,2026-04-09
ACC_000856,ACC_001431,8.06,2025-11-14
ACC_000856,ACC_001431,8.48,2026-05-30
ACC_000856,ACC_001431,8.70,2025-12-09
ACC_000856,ACC_001431,831.61,2026-02-24
ACC_000856,ACC_001431,84.53,2025-09-22
ACC_000856,ACC_001431,856.58,2026-04-03
ACC_000856,ACC_001431,89.92,2025-12-28
ACC_000856,ACC_001431,9.13,2025-10-03
ACC_000856,ACC_001431,9.71,2025-10-12
ACC_000856,ACC_001431,92.99,2026-06-02
ACC_000856,ACC_001431,97.32,2026-03-13
ACC_000856,ACC_001438,130.21,2025-08-10
ACC_000856,ACC_001438,43.96,2025-09-12
ACC_000856,ACC_001438,6.19,2025-09-12
ACC_000856,ACC_001449,137.90,2026-01-15
ACC_000856,ACC_001449,18.63,2025-12-29
ACC_000856,ACC_001449,25.22,2026-01-09
ACC_000856,ACC_001484,57.86,2026-02-08
ACC_000856,ACC_001485,10.22,2026-01-16
ACC_000856,ACC_001485,194.16,2025-09-27
ACC_000856,ACC_001485,33.69,2025-09-14
ACC_000856,ACC_001485,72.54,2026-01-19
ACC_000856,ACC_001494,65.98,2025-11-12
ACC_000856,ACC_001495,10.25,2025-10-30
ACC_000856,ACC_001498,444.84,2025-10-01
ACC_000856,ACC_001499,123.81,2025-12-23
ACC_000856,ACC_001499,177.50,2025-08-26
ACC_000856,ACC_001499,184.62,2025-09-14
ACC_000856,ACC_001499,31.43,2026-04-02
ACC_000856,ACC_001499,32.95,2025-09-22
ACC_000856,ACC_001499,4.75,2025-10-09
ACC_000856,ACC_001499,536.28,2025-10-31
ACC_000856,ACC_001500,10.05,2025-10-15
ACC_000856,ACC_001500,104.90,2025-10-04
ACC_000856,ACC_001500,18.40,2025-12-09
ACC_000856,ACC_001500,24.54,2025-12-26
ACC_000856,ACC_001500,26.63,2026-03-10
ACC_000856,ACC_001500,265.58,2026-04-08
ACC_000856,ACC_001500,34.60,2025-09-26
ACC_000856,ACC_001500,415.03,2026-03-29
ACC_000856,ACC_001500,45.51,2025-10-11
ACC_000856,ACC_001500,569.99,2025-12-17
ACC_000856,ACC_001500,6.84,2025-10-05
ACC_000856,ACC_001500,8.33,2025-10-09
ACC_000856,ACC_001500,98.40,2025-10-16
ACC_000856,ACC_001543,60.39,2026-05-17
ACC_000856,ACC_001547,283.42,2026-04-25
ACC_000856,ACC_001547,43.35,2026-04-29
ACC_000856,ACC_001548,124.31,2026-03-03
ACC_000856,ACC_001548,7.25,2026-03-18
ACC_000856,ACC_001548,8.56,2026-03-03
ACC_000856,ACC_001570,14.81,2025-08-19
ACC_000856,ACC_001570,26.12,2025-08-10
ACC_000856,ACC_001571,148.56,2025-08-06
ACC_000857,ACC_001449,109.50,2025-09-22
ACC_000857,ACC_001449,12.39,2025-09-26
ACC_000858,ACC_001423,16.39,2025-11-22
ACC_000858,ACC_001423,28.08,2025-12-08
ACC_000858,ACC_001424,142.44,2025-11-26
ACC_000862,ACC_001268,1225.85,2025-10-29
ACC_000862,ACC_001348,81.32,2026-04-21
ACC_000862,ACC_001349,550.10,2026-04-04
ACC_000862,ACC_001431,38.80,2025-08-05
ACC_000862,ACC_001431,393.48,2025-08-08
ACC_000862,ACC_001431,6.89,2026-04-20
ACC_000862,ACC_001431,8.74,2026-04-01
ACC_000862,ACC_001431,92.33,2026-04-13
ACC_000863,ACC_001349,101.98,2026-04-04
ACC_000863,ACC_001349,489.44,2025-10-11
ACC_000863,ACC_001349,7.89,2026-04-14
ACC_000863,ACC_001370,620.62,2025-08-15
ACC_000863,ACC_001371,116.76,2025-08-13
ACC_000863,ACC_001371,39.94,2025-08-08
ACC_000863,ACC_001431,13.45,2026-05-07
ACC_000863,ACC_001431,17.58,2026-04-08
ACC_000863,ACC_001431,204.18,2026-04-03
ACC_000863,ACC_001431,421.01,2026-05-14
ACC_000863,ACC_001431,44.00,2026-03-02
ACC_000863,ACC_001431,56.77,2026-05-06
ACC_000863,ACC_001431,69.47,2026-05-01
ACC_000863,ACC_001431,7.00,2026-03-19
ACC_000863,ACC_001431,96.69,2026-05-02
ACC_000870,ACC_001269,452.58,2025-12-02
ACC_000870,ACC_001431,22.94,2026-04-25
ACC_000870,ACC_001431,352.44,2026-04-18
ACC_000870,ACC_001431,40.46,2026-05-06
ACC_000871,ACC_001252,76.87,2026-04-30
ACC_000871,ACC_001252,9.10,2026-04-20
ACC_000872,ACC_001215,621.48,2025-09-15
ACC_000872,ACC_001216,100.39,2025-09-21
ACC_000872,ACC_001230,34.51,2026-01-22
ACC_000872,ACC_001230,482.67,2026-01-27
ACC_000872,ACC_001231,38.02,2026-02-07
ACC_000872,ACC_001252,16.73,2025-12-16
ACC_000872,ACC_001252,1647.85,2025-11-14
ACC_000872,ACC_001252,17.42,2025-12-19
ACC_000872,ACC_001252,233.19,2026-02-03
ACC_000872,ACC_001252,24.26,2026-02-21
ACC_000872,ACC_001252,98.91,2025-12-26
ACC_000872,ACC_001254,28.94,2025-08-19
ACC_000872,ACC_001254,35.49,2025-08-13
ACC_000872,ACC_001255,250.90,2025-07-31
ACC_000872,ACC_001265,880.73,2025-12-05
ACC_000872,ACC_001265,94.26,2025-11-19
ACC_000872,ACC_001277,61.19,2025-09-19
ACC_000872,ACC_001278,41.50,2025-09-27
ACC_000872,ACC_001278,489.27,2025-09-17
ACC_000872,ACC_001280,30.11,2026-01-24
ACC_000872,ACC_001281,185.63,2026-01-18
ACC_000872,ACC_001300,460.03,2025-10-26
ACC_000872,ACC_001300,49.96,2025-10-20
ACC_000872,ACC_001301,1962.79,2025-10-14
ACC_000872,ACC_001301,303.15,2025-11-03
ACC_000872,ACC_001349,100.75,2025-09-14
ACC_000872,ACC_001349,1802.24,2025-09-30
ACC_000872,ACC_001349,358.12,2025-09-30
ACC_000872,ACC_001349,463.40,2025-10-25
ACC_000872,ACC_001349,483.93,2026-02-17
ACC_000872,ACC_001353,33.57,2025-12-23
ACC_000872,ACC_001353,336.41,2025-12-21
ACC_000872,ACC_001355,49.54,2025-10-13
ACC_000872,ACC_001355,92.12,2025-09-27
ACC_000872,ACC_001356,610.70,2025-10-08
ACC_000872,ACC_001365,579.49,2026-03-09
ACC_000872,ACC_001365,69.49,2026-03-17
ACC_000872,ACC_001365,989.92,2026-04-29
ACC_000872,ACC_001372,2168.71,2026-02-14
ACC_000872,ACC_001372,296.41,2026-03-13
ACC_000872,ACC_001372,306.75,2026-01-18
ACC_000872,ACC_001372,42.77,2026-03-17
ACC_000872,ACC_001372,435.14,2026-03-08
ACC_000872,ACC_001374,124.15,2025-09-20
ACC_000872,ACC_001374,2260.75,2025-12-19
ACC_000872,ACC_001374,260.44,2025-12-30
ACC_000872,ACC_001374,291.17,2025-09-26
ACC_000872,ACC_001388,102.18,2025-07-15
ACC_000872,ACC_001388,118.94,2025-11-01
ACC_000872,ACC_001388,1349.78,2025-08-04
ACC_000872,ACC_001388,1352.19,2026-04-10
ACC_000872,ACC_001388,14.97,2025-07-21
ACC_000872,ACC_001388,14.98,2025-07-24
ACC_000872,ACC_001388,43.05,2025-09-13
ACC_000872,ACC_001388,56.15,2025-09-02
ACC_000872,ACC_001388,721.35,2025-09-17
ACC_000872,ACC_001388,73.00,2026-04-13
ACC_000872,ACC_001388,796.78,2025-10-25
ACC_000872,ACC_001388,93.62,2026-04-23
ACC_000872,ACC_001390,1081.05,2026-04-01
ACC_000872,ACC_001390,54.74,2026-04-06
ACC_000872,ACC_001401,104.77,2025-12-10
ACC_000872,ACC_001402,165.49,2025-12-14
ACC_000872,ACC_001402,637.79,2026-04-05
ACC_000872,ACC_001402,68.18,2026-03-30
ACC_000872,ACC_001402,811.51,2026-04-09
ACC_000872,ACC_001402,86.75,2026-04-03
ACC_000872,ACC_001415,280.21,2026-03-04
ACC_000872,ACC_001416,1528.78,2026-03-08
ACC_000872,ACC_001416,90.93,2026-03-07
ACC_000872,ACC_001419,101.12,2026-03-11
ACC_000872,ACC_001419,641.51,2026-03-10
ACC_000872,ACC_001423,675.08,2025-10-05
ACC_000872,ACC_001424,55.65,2025-10-05
ACC_000872,ACC_001431,178.27,2026-02-04
ACC_000872,ACC_001431,198.04,2026-03-24
ACC_000872,ACC_001431,249.67,2026-04-25
ACC_000872,ACC_001431,27.65,2026-03-27
ACC_000872,ACC_001431,29.10,2026-04-25
ACC_000872,ACC_001431,32.69,2026-06-09
ACC_000872,ACC_001431,347.81,2026-05-28
ACC_000872,ACC_001431,35.40,2026-03-10
ACC_000872,ACC_001431,36.19,2026-01-23
ACC_000872,ACC_001431,368.38,2025-10-10
ACC_000872,ACC_001431,407.26,2026-06-04
ACC_000872,ACC_001431,422.08,2026-06-06
ACC_000872,ACC_001431,45.33,2025-10-08
ACC_000872,ACC_001431,469.91,2026-04-09
ACC_000872,ACC_001431,504.04,2026-04-02
ACC_000872,ACC_001431,520.69,2026-01-02
ACC_000872,ACC_001431,58.53,2025-10-19
ACC_000872,ACC_001431,600.68,2026-02-21
ACC_000872,ACC_001431,68.57,2026-06-15
ACC_000872,ACC_001431,68.81,2026-01-07
ACC_000872,ACC_001431,73.50,2026-06-07
ACC_000872,ACC_001431,77.45,2026-04-27
ACC_000872,ACC_001431,85.45,2026-04-20
ACC_000872,ACC_001431,859.51,2026-05-23
ACC_000872,ACC_001431,881.26,2025-08-12
ACC_000872,ACC_001431,96.35,2026-04-22
ACC_000872,ACC_001449,422.81,2025-10-19
ACC_000872,ACC_001452,25.38,2025-09-01
ACC_000872,ACC_001452,412.71,2025-09-09
ACC_000872,ACC_001484,100.65,2025-10-29
ACC_000872,ACC_001484,134.09,2026-04-19
ACC_000872,ACC_001484,151.71,2026-04-03
ACC_000872,ACC_001484,2018.28,2026-04-12
ACC_000872,ACC_001484,567.04,2025-11-03
ACC_000872,ACC_001485,14.10,2025-12-02
ACC_000872,ACC_001485,276.08,2025-11-29
ACC_000872,ACC_001485,29.61,2025-11-28
ACC_000872,ACC_001494,1046.70,2026-04-13
ACC_000872,ACC_001495,169.21,2026-04-13
ACC_000872,ACC_001499,195.36,2026-05-20
ACC_000872,ACC_001499,47.47,2025-09-01
ACC_000872,ACC_001499,712.12,2025-09-06
ACC_000872,ACC_001500,130.46,2025-08-21
ACC_000872,ACC_001500,220.27,2025-11-25
ACC_000872,ACC_001500,335.73,2025-07-21
ACC_000872,ACC_001500,35.80,2025-11-30
ACC_000872,ACC_001500,53.86,2025-07-19
ACC_000872,ACC_001500,55.95,2025-08-09
ACC_000872,ACC_001501,102.15,2025-12-14
ACC_000872,ACC_001501,109.56,2025-11-21
ACC_000872,ACC_001501,782.38,2025-11-16
ACC_000872,ACC_001537,390.80,2026-04-16
ACC_000873,ACC_001252,47.37,2026-03-10
ACC_000873,ACC_001252,602.96,2026-03-03
ACC_000873,ACC_001253,553.36,2026-03-26
ACC_000873,ACC_001253,72.73,2026-04-08
ACC_000873,ACC_001263,106.89,2025-12-12
ACC_000873,ACC_001263,647.50,2025-11-29
ACC_000873,ACC_001270,1662.42,2026-05-19
ACC_000873,ACC_001303,1332.91,2026-01-01
ACC_000873,ACC_001303,217.96,2025-12-30
ACC_000873,ACC_001303,98.31,2025-12-20
ACC_000873,ACC_001316,225.70,2026-02-16
ACC_000873,ACC_001348,130.57,2026-04-14
ACC_000873,ACC_001348,1968.16,2025-11-28
ACC_000873,ACC_001348,22.45,2026-03-31
ACC_000873,ACC_001349,1535.07,2026-03-31
ACC_000873,ACC_001349,23.32,2026-03-24
ACC_000873,ACC_001349,241.09,2026-03-24
ACC_000873,ACC_001371,21.18,2026-02-20
ACC_000873,ACC_001371,215.18,2026-03-04
ACC_000873,ACC_001371,40.46,2026-03-05
ACC_000873,ACC_001372,107.58,2026-03-30
ACC_000873,ACC_001372,155.59,2026-02-01
ACC_000873,ACC_001372,272.50,2025-08-28
ACC_000873,ACC_001372,30.63,2026-02-18
ACC_000873,ACC_001372,421.56,2026-01-28
ACC_000873,ACC_001372,569.63,2026-04-21
ACC_000873,ACC_001372,82.08,2026-04-25
ACC_000873,ACC_001372,9.97,2026-02-07
ACC_000873,ACC_001388,112.48,2025-11-18
ACC_000873,ACC_001388,1130.98,2025-11-23
ACC_000873,ACC_001388,164.58,2025-11-20
ACC_000873,ACC_001388,171.36,2025-09-20
ACC_000873,ACC_001392,172.17,2026-01-11
ACC_000873,ACC_001392,32.11,2026-01-20
ACC_000873,ACC_001393,24.35,2026-01-18
ACC_000873,ACC_001406,62.10,2026-05-26
ACC_000873,ACC_001407,317.19,2026-06-03
ACC_000873,ACC_001407,52.09,2026-05-17
ACC_000873,ACC_001420,1686.60,2025-09-21
ACC_000873,ACC_001420,186.31,2025-09-26
ACC_000873,ACC_001420,226.59,2025-09-05
ACC_000873,ACC_001431,1232.02,2025-12-19
ACC_000873,ACC_001431,13.18,2026-03-19
ACC_000873,ACC_001431,13.96,2026-03-13
ACC_000873,ACC_001431,148.38,2025-12-19
ACC_000873,ACC_001431,211.01,2025-12-29
ACC_000873,ACC_001431,225.12,2026-03-15
ACC_000873,ACC_001431,237.88,2026-02-12
ACC_000873,ACC_001431,2816.74,2026-02-08
ACC_000873,ACC_001431,331.56,2025-08-28
ACC_000873,ACC_001431,35.31,2025-08-30
ACC_000873,ACC_001431,42.99,2026-05-04
ACC_000873,ACC_001431,44.63,2026-04-24
ACC_000873,ACC_001431,448.37,2026-04-14
ACC_000873,ACC_001431,550.73,2025-09-04
ACC_000873,ACC_001431,554.41,2026-02-25
ACC_000873,ACC_001431,560.58,2025-09-07
ACC_000873,ACC_001431,69.49,2025-09-30
ACC_000873,ACC_001431,737.09,2026-03-25
ACC_000873,ACC_001431,76.87,2025-08-25
ACC_000873,ACC_001431,842.69,2026-05-31
ACC_000873,ACC_001431,935.77,2026-04-20
ACC_000873,ACC_001431,98.31,2025-08-20
ACC_000873,ACC_001460,417.99,2026-06-03
ACC_000873,ACC_001460,45.44,2026-06-11
ACC_000873,ACC_001461,46.07,2026-05-24
ACC_000873,ACC_001480,1000.50,2025-12-31
ACC_000873,ACC_001485,115.16,2026-03-11
ACC_000873,ACC_001485,17.13,2025-10-30
ACC_000873,ACC_001485,1724.74,2026-03-06
ACC_000873,ACC_001485,7.94,2025-11-02
ACC_000873,ACC_001485,85.92,2025-11-04
ACC_000873,ACC_001485,93.75,2026-03-09
ACC_000873,ACC_001498,590.30,2026-02-22
ACC_000873,ACC_001498,70.37,2026-02-17
ACC_000873,ACC_001499,1047.84,2026-02-04
ACC_000873,ACC_001499,105.04,2026-04-17
ACC_000873,ACC_001499,124.66,2025-10-25
ACC_000873,ACC_001499,143.74,2025-08-31
ACC_000873,ACC_001499,18.42,2025-08-09
ACC_000873,ACC_001499,206.55,2026-02-26
ACC_000873,ACC_001499,284.67,2026-04-12
ACC_000873,ACC_001499,339.85,2025-08-05
ACC_000873,ACC_001499,476.96,2026-05-16
ACC_000873,ACC_001499,50.65,2025-09-08
ACC_000873,ACC_001499,74.27,2026-02-07
ACC_000873,ACC_001499,997.77,2025-09-13
ACC_000873,ACC_001500,1013.39,2026-02-11
ACC_000873,ACC_001500,138.21,2026-02-16
ACC_000873,ACC_001500,197.18,2025-11-29
ACC_000873,ACC_001500,2028.42,2025-12-23
ACC_000873,ACC_001500,31.09,2026-06-15
ACC_000873,ACC_001500,660.50,2026-04-22
ACC_000873,ACC_001500,815.74,2025-10-25
ACC_000873,ACC_001536,110.56,2025-07-20
ACC_000873,ACC_001536,37.91,2025-07-22
ACC_000873,ACC_001536,685.03,2025-08-09
ACC_000873,ACC_001537,394.99,2025-07-22
ACC_000873,ACC_001539,502.14,2025-11-17
ACC_000873,ACC_001556,323.74,2025-10-06
ACC_000873,ACC_001556,42.93,2025-09-28
ACC_000873,ACC_001556,46.06,2025-10-01
ACC_000877,ACC_001372,1129.85,2026-05-15
ACC_000877,ACC_001431,1540.41,2026-04-21
ACC_000877,ACC_001431,299.59,2026-04-26
ACC_000878,ACC_001252,497.28,2025-08-15
ACC_000878,ACC_001252,59.79,2025-09-03
ACC_000878,ACC_001253,1482.77,2025-12-16
ACC_000878,ACC_001253,213.93,2025-12-17
ACC_000878,ACC_001296,1041.12,2026-04-15
ACC_000878,ACC_001296,85.98,2026-03-30
ACC_000878,ACC_001298,226.06,2026-01-28
ACC_000878,ACC_001301,43.45,2025-11-04
ACC_000878,ACC_001301,6.50,2025-11-07
ACC_000878,ACC_001301,7.65,2025-11-07
ACC_000878,ACC_001351,56.28,2026-03-26
ACC_000878,ACC_001372,10.46,2025-12-18
ACC_000878,ACC_001372,10.71,2025-11-30
ACC_000878,ACC_001372,187.75,2026-03-20
ACC_000878,ACC_001372,63.23,2025-11-25
ACC_000878,ACC_001387,268.44,2026-04-10
ACC_000878,ACC_001387,51.38,2026-04-16
ACC_000878,ACC_001431,10.30,2025-07-24
ACC_000878,ACC_001431,10.87,2025-08-18
ACC_000878,ACC_001431,109.74,2025-08-27
ACC_000878,ACC_001431,121.10,2026-01-11
ACC_000878,ACC_001431,142.92,2025-09-15
ACC_000878,ACC_001431,1447.49,2025-08-28
ACC_000878,ACC_001431,158.22,2025-09-17
ACC_000878,ACC_001431,176.64,2025-07-29
ACC_000878,ACC_001431,189.26,2026-01-13
ACC_000878,ACC_001431,19.77,2025-10-04
ACC_000878,ACC_001431,216.59,2025-09-11
ACC_000878,ACC_001431,22.29,2025-08-14
ACC_000878,ACC_001431,24.11,2025-09-22
ACC_000878,ACC_001431,27.35,2025-10-04
ACC_000878,ACC_001431,280.60,2026-05-07
ACC_000878,ACC_001431,342.25,2025-09-09
ACC_000878,ACC_001431,412.38,2025-10-01
ACC_000878,ACC_001431,57.73,2025-10-11
ACC_000878,ACC_001431,587.98,2026-01-18
ACC_000878,ACC_001431,671.19,2026-01-01
ACC_000878,ACC_001431,7.32,2025-07-26
ACC_000878,ACC_001431,88.52,2025-07-25
ACC_000878,ACC_001431,974.68,2025-12-25
ACC_000878,ACC_001498,95.49,2025-10-25
ACC_000878,ACC_001499,10.42,2026-01-10
ACC_000878,ACC_001499,76.71,2026-01-07
ACC_000878,ACC_001500,18.29,2026-05-04
ACC_000878,ACC_001500,180.30,2026-05-15
ACC_000878,ACC_001510,79.68,2025-11-24
ACC_000878,ACC_001511,119.23,2025-11-12
ACC_000878,ACC_001511,617.88,2025-11-12
ACC_000879,ACC_001252,1116.84,2026-04-29
ACC_000879,ACC_001478,739.86,2025-08-21
ACC_000879,ACC_001479,109.34,2025-08-17
ACC_000880,ACC_001252,108.41,2026-05-18
ACC_000880,ACC_001252,13.64,2026-05-14
ACC_000880,ACC_001431,11.41,2026-04-07
ACC_000880,ACC_001431,180.68,2026-04-05
ACC_000880,ACC_001431,30.61,2026-04-02
ACC_000881,ACC_001252,226.32,2026-05-07
ACC_000882,ACC_001299,191.34,2025-10-01
ACC_000887,ACC_001499,287.30,2026-04-27
ACC_000887,ACC_001500,1553.18,2026-04-27
ACC_000890,ACC_001431,1228.70,2026-01-18
ACC_000890,ACC_001431,141.05,2026-02-13
ACC_000890,ACC_001431,95.93,2026-01-22
ACC_000891,ACC_001252,135.80,2025-12-28
ACC_000891,ACC_001252,14.97,2025-12-14
ACC_000891,ACC_001252,22.10,2025-12-26
ACC_000891,ACC_001325,12.27,2026-03-29
ACC_000891,ACC_001325,6.10,2026-03-26
ACC_000891,ACC_001325,63.22,2026-03-12
ACC_000891,ACC_001355,339.29,2026-02-10
ACC_000891,ACC_001356,42.23,2026-02-02
ACC_000891,ACC_001356,58.34,2026-02-06
ACC_000891,ACC_001431,10.19,2026-04-14
ACC_000891,ACC_001431,12.03,2025-09-11
ACC_000891,ACC_001431,125.38,2025-11-26
ACC_000891,ACC_001431,18.44,2025-11-30
ACC_000891,ACC_001431,19.52,2025-11-28
ACC_000891,ACC_001431,6.84,2025-09-18
ACC_000891,ACC_001431,74.93,2026-04-18
ACC_000891,ACC_001431,9.05,2026-04-13
ACC_000891,ACC_001431,91.42,2025-09-19
ACC_000891,ACC_001468,98.72,2025-09-02
ACC_000891,ACC_001485,24.63,2026-01-28
ACC_000891,ACC_001485,246.32,2026-01-27
ACC_000891,ACC_001485,34.28,2026-02-13
ACC_000891,ACC_001568,18.77,2026-04-06
ACC_000891,ACC_001568,28.03,2026-04-20
ACC_000891,ACC_001569,280.35,2026-04-21
ACC_000895,ACC_001291,3.51,2025-07-25
ACC_000895,ACC_001291,35.99,2025-08-01
ACC_000895,ACC_001291,6.28,2025-08-03
ACC_000895,ACC_001308,10.84,2025-10-17
ACC_000895,ACC_001308,173.75,2025-10-19
ACC_000897,ACC_001485,143.32,2025-09-25
ACC_000897,ACC_001485,23.50,2025-09-12
ACC_000897,ACC_001485,7.21,2025-09-23
ACC_000898,ACC_001372,290.84,2025-09-01
ACC_000899,ACC_001431,12.01,2025-11-21
ACC_000899,ACC_001431,62.74,2025-11-07
ACC_000900,ACC_001431,141.69,2026-03-16
ACC_000900,ACC_001431,820.67,2026-03-23
ACC_000900,ACC_001435,520.80,2025-11-26
ACC_000900,ACC_001435,58.65,2025-12-12
ACC_000901,ACC_001370,76.50,2025-10-02
ACC_000901,ACC_001371,822.43,2025-09-12
ACC_000901,ACC_001388,346.78,2025-08-01
ACC_000901,ACC_001388,58.95,2025-07-25
ACC_000901,ACC_001388,66.67,2025-08-10
ACC_000901,ACC_001431,241.45,2025-11-28
ACC_000901,ACC_001431,37.26,2025-11-29
ACC_000903,ACC_001263,10.17,2025-12-11
ACC_000903,ACC_001263,3.82,2025-12-06
ACC_000903,ACC_001263,65.50,2025-12-11
ACC_000904,ACC_001219,36.60,2025-10-22
ACC_000904,ACC_001219,386.16,2025-10-20
ACC_000904,ACC_001339,7.00,2025-08-18
ACC_000904,ACC_001339,83.91,2025-08-03
ACC_000904,ACC_001340,8.01,2025-08-09
ACC_000904,ACC_001370,768.83,2025-07-30
ACC_000904,ACC_001372,113.59,2026-05-08
ACC_000904,ACC_001372,754.34,2026-04-28
ACC_000904,ACC_001431,121.33,2026-05-21
ACC_000904,ACC_001431,126.16,2026-04-17
ACC_000904,ACC_001431,1570.28,2026-05-19
ACC_000904,ACC_001431,16.83,2026-06-02
ACC_000904,ACC_001431,1965.27,2026-03-31
ACC_000904,ACC_001431,23.28,2026-02-03
ACC_000904,ACC_001431,233.26,2026-01-31
ACC_000904,ACC_001431,254.32,2026-04-16
ACC_000904,ACC_001431,277.53,2026-05-09
ACC_000904,ACC_001431,41.85,2026-02-01
ACC_000904,ACC_001431,5.52,2026-06-14
ACC_000904,ACC_001431,93.09,2026-05-21
ACC_000904,ACC_001484,134.25,2025-10-19
ACC_000904,ACC_001499,1080.71,2026-01-27
ACC_000904,ACC_001499,156.34,2026-01-18
ACC_000904,ACC_001500,191.49,2026-01-28
ACC_000905,ACC_001255,1515.48,2025-09-08
ACC_000905,ACC_001301,436.81,2026-02-10
ACC_000905,ACC_001301,80.57,2026-03-03
ACC_000905,ACC_001348,73.70,2025-11-23
ACC_000905,ACC_001349,333.79,2026-04-02
ACC_000905,ACC_001349,388.36,2025-11-11
ACC_000905,ACC_001349,50.56,2026-03-29
ACC_000905,ACC_001388,109.08,2025-10-13
ACC_000905,ACC_001388,656.98,2025-10-05
ACC_000905,ACC_001388,71.65,2025-10-29
ACC_000905,ACC_001431,10.81,2025-09-21
ACC_000905,ACC_001431,103.70,2025-09-02
ACC_000905,ACC_001431,11.12,2025-08-31
ACC_000905,ACC_001431,15.43,2026-03-18
ACC_000905,ACC_001431,243.22,2026-03-02
ACC_000905,ACC_001431,28.94,2026-02-22
ACC_000905,ACC_001431,284.09,2026-02-19
ACC_000905,ACC_001431,31.39,2026-02-21
ACC_000905,ACC_001431,49.59,2026-02-28
ACC_000905,ACC_001431,534.51,2025-11-09
ACC_000905,ACC_001431,607.48,2025-08-19
ACC_000905,ACC_001431,714.90,2026-05-18
ACC_000906,ACC_001348,103.51,2025-09-05
ACC_000906,ACC_001348,9.03,2025-09-01
ACC_000906,ACC_001349,1863.04,2026-04-20
ACC_000906,ACC_001349,220.07,2026-05-06
ACC_000906,ACC_001349,5.56,2025-08-26
ACC_000906,ACC_001372,46.14,2025-09-28
ACC_000906,ACC_001372,757.64,2025-10-16
ACC_000906,ACC_001431,103.55,2026-03-09
ACC_000906,ACC_001431,1357.64,2026-03-24
ACC_000906,ACC_001431,148.89,2026-03-24
ACC_000906,ACC_001431,1759.42,2026-04-18
ACC_000906,ACC_001431,200.78,2026-04-04
ACC_000906,ACC_001431,28.22,2026-03-26
ACC_000906,ACC_001431,28.79,2026-03-15
ACC_000906,ACC_001431,29.73,2026-03-18
ACC_000906,ACC_001431,394.80,2026-05-09
ACC_000906,ACC_001431,401.85,2026-04-13
ACC_000906,ACC_001431,46.34,2026-06-04
ACC_000906,ACC_001431,574.00,2026-02-16
ACC_000906,ACC_001431,59.82,2026-04-02
ACC_000906,ACC_001431,7.24,2026-05-01
ACC_000906,ACC_001431,72.41,2026-05-14
ACC_000906,ACC_001431,93.69,2026-04-13
ACC_000906,ACC_001485,365.69,2025-09-23
ACC_000906,ACC_001500,10.05,2025-11-20
ACC_000906,ACC_001500,57.43,2025-11-05
ACC_000906,ACC_001500,6.54,2025-11-13
ACC_000907,ACC_001431,187.98,2026-06-04
ACC_000907,ACC_001431,31.58,2026-06-13
ACC_000907,ACC_001431,36.91,2026-06-17
ACC_000907,ACC_001559,286.65,2025-12-06
ACC_000907,ACC_001559,44.34,2025-12-22
ACC_000907,ACC_001559,46.92,2025-12-23
ACC_000908,ACC_001431,480.24,2025-11-03
ACC_000908,ACC_001431,56.94,2025-11-04
ACC_000908,ACC_001431,77.13,2025-11-13
ACC_000909,ACC_001499,112.98,2026-05-27
ACC_000909,ACC_001499,658.13,2026-06-07
ACC_000909,ACC_001499,95.71,2026-06-10
ACC_000910,ACC_001231,129.19,2025-08-15
ACC_000910,ACC_001231,13.14,2025-08-14
ACC_000910,ACC_001233,19.14,2025-12-29
ACC_000910,ACC_001233,29.37,2025-12-22
ACC_000910,ACC_001234,172.57,2025-11-29
ACC_000910,ACC_001235,139.11,2025-08-21
ACC_000910,ACC_001235,141.75,2025-08-27
ACC_000910,ACC_001235,908.15,2025-08-29
ACC_000910,ACC_001248,92.59,2025-11-07
ACC_000910,ACC_001249,59.02,2025-10-23
ACC_000910,ACC_001249,840.04,2025-11-02
ACC_000910,ACC_001252,262.88,2026-03-09
ACC_000910,ACC_001252,46.79,2026-03-07
ACC_000910,ACC_001252,491.83,2025-12-31
ACC_000910,ACC_001252,509.42,2025-11-16
ACC_000910,ACC_001252,575.62,2026-03-21
ACC_000910,ACC_001252,78.47,2026-04-08
ACC_000910,ACC_001252,94.65,2025-11-19
ACC_000910,ACC_001253,624.07,2025-11-24
ACC_000910,ACC_001263,1389.90,2025-11-02
ACC_000910,ACC_001265,1917.05,2025-12-17
ACC_000910,ACC_001291,174.71,2026-03-01
ACC_000910,ACC_001291,21.38,2026-02-19
ACC_000910,ACC_001291,8.76,2026-02-16
ACC_000910,ACC_001296,130.26,2026-03-20
ACC_000910,ACC_001301,12.02,2026-05-11
ACC_000910,ACC_001301,135.57,2025-08-14
ACC_000910,ACC_001301,17.41,2025-09-20
ACC_000910,ACC_001301,180.70,2026-05-03
ACC_000910,ACC_001301,209.84,2025-11-18
ACC_000910,ACC_001301,22.11,2025-10-03
ACC_000910,ACC_001301,223.20,2025-09-11
ACC_000910,ACC_001301,29.18,2026-05-08
ACC_000910,ACC_001301,8.17,2025-08-09
ACC_000910,ACC_001344,264.77,2026-03-02
ACC_000910,ACC_001346,103.69,2026-03-07
ACC_000910,ACC_001347,794.45,2026-03-04
ACC_000910,ACC_001348,1015.17,2025-09-04
ACC_000910,ACC_001348,180.68,2025-09-03
ACC_000910,ACC_001349,109.06,2026-02-17
ACC_000910,ACC_001349,1543.04,2026-02-25
ACC_000910,ACC_001349,284.96,2026-02-11
ACC_000910,ACC_001349,2972.19,2025-09-25
ACC_000910,ACC_001349,396.98,2025-10-16
ACC_000910,ACC_001349,432.89,2025-09-28
ACC_000910,ACC_001349,482.56,2026-05-19
ACC_000910,ACC_001349,730.48,2025-08-11
ACC_000910,ACC_001349,90.54,2026-05-31
ACC_000910,ACC_001354,293.50,2025-11-14
ACC_000910,ACC_001354,40.84,2025-11-26
ACC_000910,ACC_001354,41.03,2025-10-02
ACC_000910,ACC_001354,55.50,2025-11-14
ACC_000910,ACC_001354,621.19,2025-09-28
ACC_000910,ACC_001354,73.91,2025-09-27
ACC_000910,ACC_001355,1450.73,2026-04-03
ACC_000910,ACC_001355,278.86,2026-02-23
ACC_000910,ACC_001356,2752.25,2026-02-06
ACC_000910,ACC_001356,311.79,2025-12-08
ACC_000910,ACC_001365,100.55,2025-07-30
ACC_000910,ACC_001370,346.09,2026-03-01
ACC_000910,ACC_001372,186.04,2025-09-07
ACC_000910,ACC_001372,342.12,2026-05-04
ACC_000910,ACC_001372,38.49,2025-09-06
ACC_000910,ACC_001372,41.62,2026-05-17
ACC_000910,ACC_001372,46.95,2026-05-07
ACC_000910,ACC_001372,476.94,2025-09-10
ACC_000910,ACC_001372,54.24,2025-09-22
ACC_000910,ACC_001372,676.94,2025-12-31
ACC_000910,ACC_001372,77.71,2026-01-03
ACC_000910,ACC_001374,200.23,2026-05-22
ACC_000910,ACC_001388,107.91,2026-05-12
ACC_000910,ACC_001388,19.64,2026-05-06
ACC_000910,ACC_001388,1938.00,2025-12-19
ACC_000910,ACC_001388,20.24,2026-05-07
ACC_000910,ACC_001388,230.41,2026-03-13
ACC_000910,ACC_001388,358.25,2025-12-22
ACC_000910,ACC_001388,44.81,2025-11-08
ACC_000910,ACC_001388,617.24,2025-11-12
ACC_000910,ACC_001415,186.47,2026-04-22
ACC_000910,ACC_001415,2514.81,2026-04-15
ACC_000910,ACC_001415,397.66,2025-11-22
ACC_000910,ACC_001415,417.69,2026-04-21
ACC_000910,ACC_001416,55.67,2025-11-27
ACC_000910,ACC_001418,39.48,2026-04-01
ACC_000910,ACC_001419,46.51,2026-03-30
ACC_000910,ACC_001419,521.10,2026-04-09
ACC_000910,ACC_001423,64.08,2025-09-02
ACC_000910,ACC_001424,525.86,2025-08-27
ACC_000910,ACC_001431,10.22,2025-12-24
ACC_000910,ACC_001431,10.40,2025-09-27
ACC_000910,ACC_001431,101.00,2026-06-07
ACC_000910,ACC_001431,103.79,2025-08-12
ACC_000910,ACC_001431,1035.13,2025-11-17
ACC_000910,ACC_001431,1063.45,2026-01-14
ACC_000910,ACC_001431,1064.26,2026-01-05
ACC_000910,ACC_001431,11.59,2026-02-13
ACC_000910,ACC_001431,110.66,2025-09-15
ACC_000910,ACC_001431,110.84,2026-01-29
ACC_000910,ACC_001431,113.33,2026-02-03
ACC_000910,ACC_001431,1132.67,2025-12-15
ACC_000910,ACC_001431,1135.61,2026-03-04
ACC_000910,ACC_001431,1150.58,2025-10-24
ACC_000910,ACC_001431,1180.61,2025-08-03
ACC_000910,ACC_001431,119.95,2026-05-16
ACC_000910,ACC_001431,121.02,2026-01-06
ACC_000910,ACC_001431,123.68,2026-05-06
ACC_000910,ACC_001431,135.36,2026-02-06
ACC_000910,ACC_001431,138.73,2026-04-01
ACC_000910,ACC_001431,154.25,2025-12-31
ACC_000910,ACC_001431,160.36,2026-01-04
ACC_000910,ACC_001431,1608.28,2026-02-28
ACC_000910,ACC_001431,161.26,2025-07-28
ACC_000910,ACC_001431,167.39,2025-08-04
ACC_000910,ACC_001431,17.01,2026-01-22
ACC_000910,ACC_001431,17.98,2026-01-23
ACC_000910,ACC_001431,172.13,2025-11-20
ACC_000910,ACC_001431,18.12,2025-09-26
ACC_000910,ACC_001431,18.49,2026-01-15
ACC_000910,ACC_001431,186.75,2026-01-28
ACC_000910,ACC_001431,187.76,2026-03-07
ACC_000910,ACC_001431,192.03,2026-03-13
ACC_000910,ACC_001431,2005.73,2025-12-16
ACC_000910,ACC_001431,203.59,2025-11-20
ACC_000910,ACC_001431,2041.70,2025-12-21
ACC_000910,ACC_001431,23.35,2025-07-18
ACC_000910,ACC_001431,2341.06,2026-01-31
ACC_000910,ACC_001431,265.91,2026-03-07
ACC_000910,ACC_001431,273.90,2026-03-29
ACC_000910,ACC_001431,313.85,2025-10-02
ACC_000910,ACC_001431,314.57,2026-03-21
ACC_000910,ACC_001431,326.15,2025-11-30
ACC_000910,ACC_001431,33.34,2026-04-20
ACC_000910,ACC_001431,331.25,2026-01-25
ACC_000910,ACC_001431,3597.71,2026-01-19
ACC_000910,ACC_001431,463.08,2026-01-05
ACC_000910,ACC_001431,48.90,2026-04-08
ACC_000910,ACC_001431,484.67,2025-09-29
ACC_000910,ACC_001431,489.78,2026-04-19
ACC_000910,ACC_001431,50.66,2026-06-02
ACC_000910,ACC_001431,53.15,2026-03-21
ACC_000910,ACC_001431,53.74,2025-08-07
ACC_000910,ACC_001431,6.52,2026-01-20
ACC_000910,ACC_001431,602.73,2025-10-29
ACC_000910,ACC_001431,627.88,2026-06-05
ACC_000910,ACC_001431,67.57,2026-01-16
ACC_000910,ACC_001431,673.97,2026-06-09
ACC_000910,ACC_001431,692.85,2026-04-20
ACC_000910,ACC_001431,7.15,2026-01-28
ACC_000910,ACC_001431,70.11,2026-01-18
ACC_000910,ACC_001431,749.42,2026-03-24
ACC_000910,ACC_001431,758.91,2026-01-26
ACC_000910,ACC_001431,789.71,2025-08-09
ACC_000910,ACC_001431,806.16,2025-08-12
ACC_000910,ACC_001431,833.35,2026-04-13
ACC_000910,ACC_001431,84.25,2026-01-06
ACC_000910,ACC_001431,915.43,2026-02-16
ACC_000910,ACC_001431,97.96,2025-11-06
ACC_000910,ACC_001431,99.74,2026-04-14
ACC_000910,ACC_001438,361.93,2025-10-14
ACC_000910,ACC_001438,68.15,2025-10-23
ACC_000910,ACC_001438,79.07,2025-08-11
ACC_000910,ACC_001449,418.42,2025-12-22
ACC_000910,ACC_001449,42.76,2025-12-04
ACC_000910,ACC_001449,82.21,2025-11-28
ACC_000910,ACC_001459,1447.25,2026-01-28
ACC_000910,ACC_001465,870.21,2026-04-11
ACC_000910,ACC_001484,344.77,2025-11-21
ACC_000910,ACC_001484,35.82,2025-11-26
ACC_000910,ACC_001484,58.85,2025-11-29
ACC_000910,ACC_001485,121.55,2025-09-09
ACC_000910,ACC_001485,191.42,2026-03-12
ACC_000910,ACC_001485,873.89,2025-09-22
ACC_000910,ACC_001498,17.31,2026-05-16
ACC_000910,ACC_001498,184.03,2026-05-22
ACC_000910,ACC_001499,3159.15,2025-11-04
ACC_000910,ACC_001499,318.87,2025-11-09
ACC_000910,ACC_001499,415.50,2025-10-11
ACC_000910,ACC_001499,60.10,2026-06-05
ACC_000910,ACC_001499,71.75,2025-11-23
ACC_000910,ACC_001499,76.91,2026-06-10
ACC_000910,ACC_001499,813.54,2025-12-17
ACC_000910,ACC_001500,13.41,2026-03-16
ACC_000910,ACC_001500,182.97,2026-03-04
ACC_000910,ACC_001500,620.13,2026-06-01
ACC_000910,ACC_001500,698.25,2025-11-17
ACC_000910,ACC_001500,948.77,2026-01-29
ACC_000910,ACC_001516,929.25,2026-03-20
ACC_000910,ACC_001526,526.67,2026-01-07
ACC_000910,ACC_001527,1269.33,2026-03-25
ACC_000910,ACC_001543,27.00,2026-05-26
ACC_000910,ACC_001543,330.63,2026-05-25
ACC_000910,ACC_001543,527.81,2026-04-01
ACC_000910,ACC_001544,1464.54,2025-11-18
ACC_000910,ACC_001544,292.85,2025-11-07
ACC_000911,ACC_001208,107.04,2025-09-16
ACC_000911,ACC_001208,113.00,2025-08-28
ACC_000911,ACC_001208,578.77,2025-09-13
ACC_000911,ACC_001221,981.90,2026-02-13
ACC_000911,ACC_001227,1124.03,2025-12-04
ACC_000911,ACC_001230,1248.95,2025-12-25
ACC_000911,ACC_001230,212.81,2025-12-23
ACC_000911,ACC_001231,167.24,2025-12-27
ACC_000911,ACC_001252,102.07,2026-04-27
ACC_000911,ACC_001252,1257.31,2025-11-11
ACC_000911,ACC_001252,128.38,2025-10-19
ACC_000911,ACC_001252,159.48,2025-10-19
ACC_000911,ACC_001252,517.92,2026-06-14
ACC_000911,ACC_001252,605.15,2026-05-09
ACC_000911,ACC_001252,86.84,2026-06-12
ACC_000911,ACC_001255,128.13,2025-10-04
ACC_000911,ACC_001255,13.15,2025-10-05
ACC_000911,ACC_001257,136.53,2026-01-28
ACC_000911,ACC_001257,700.88,2026-01-24
ACC_000911,ACC_001280,14.91,2025-12-23
ACC_000911,ACC_001280,165.79,2025-12-18
ACC_000911,ACC_001289,567.57,2025-09-29
ACC_000911,ACC_001291,1732.68,2025-07-26
ACC_000911,ACC_001301,14.83,2025-09-25
ACC_000911,ACC_001301,15.16,2025-09-05
ACC_000911,ACC_001301,84.09,2025-09-25
ACC_000911,ACC_001316,1392.43,2025-11-07
ACC_000911,ACC_001325,450.42,2025-08-20
ACC_000911,ACC_001325,52.57,2025-08-21
ACC_000911,ACC_001325,68.63,2025-09-10
ACC_000911,ACC_001340,1063.23,2025-10-25
ACC_000911,ACC_001343,170.86,2026-04-10
ACC_000911,ACC_001345,173.53,2026-03-30
ACC_000911,ACC_001347,498.84,2026-04-26
ACC_000911,ACC_001348,112.43,2025-10-01
ACC_000911,ACC_001348,315.65,2025-09-07
ACC_000911,ACC_001348,676.76,2025-09-30
ACC_000911,ACC_001348,84.07,2026-04-22
ACC_000911,ACC_001349,112.11,2026-04-22
ACC_000911,ACC_001349,1303.74,2026-04-29
ACC_000911,ACC_001349,16.09,2026-04-11
ACC_000911,ACC_001349,439.70,2025-10-16
ACC_000911,ACC_001349,72.20,2025-10-07
ACC_000911,ACC_001353,112.91,2026-04-21
ACC_000911,ACC_001354,247.65,2026-02-03
ACC_000911,ACC_001354,34.04,2026-02-03
ACC_000911,ACC_001354,40.09,2026-02-17
ACC_000911,ACC_001354,42.59,2025-11-09
ACC_000911,ACC_001354,569.91,2025-11-07
ACC_000911,ACC_001355,116.73,2026-05-17
ACC_000911,ACC_001355,230.98,2025-09-19
ACC_000911,ACC_001355,296.63,2025-09-23
ACC_000911,ACC_001356,2166.68,2025-09-18
ACC_000911,ACC_001356,650.72,2026-05-25
ACC_000911,ACC_001372,105.91,2026-04-05
ACC_000911,ACC_001372,117.56,2025-08-08
ACC_000911,ACC_001372,120.43,2026-05-04
ACC_000911,ACC_001372,136.46,2026-04-19
ACC_000911,ACC_001372,1594.73,2026-04-22
ACC_000911,ACC_001372,1656.69,2025-08-08
ACC_000911,ACC_001372,344.67,2025-11-26
ACC_000911,ACC_001372,625.75,2026-04-16
ACC_000911,ACC_001372,73.38,2026-04-26
ACC_000911,ACC_001374,1065.69,2025-10-02
ACC_000911,ACC_001374,20.73,2026-04-01
ACC_000911,ACC_001374,209.60,2025-09-15
ACC_000911,ACC_001374,427.48,2025-12-27
ACC_000911,ACC_001374,77.53,2025-07-24
ACC_000911,ACC_001375,135.33,2026-03-20
ACC_000911,ACC_001375,285.17,2025-08-25
ACC_000911,ACC_001380,226.61,2026-04-10
ACC_000911,ACC_001387,271.60,2025-09-25
ACC_000911,ACC_001387,31.21,2025-08-28
ACC_000911,ACC_001387,373.59,2025-09-09
ACC_000911,ACC_001387,49.79,2025-09-23
ACC_000911,ACC_001388,1030.43,2025-09-09
ACC_000911,ACC_001388,124.73,2025-08-11
ACC_000911,ACC_001388,14.45,2025-08-01
ACC_000911,ACC_001388,18.05,2025-08-06
ACC_000911,ACC_001388,32.57,2026-03-06
ACC_000911,ACC_001388,34.97,2026-03-11
ACC_000911,ACC_001388,341.42,2026-02-24
ACC_000911,ACC_001388,507.86,2026-03-06
ACC_000911,ACC_001388,52.39,2026-03-08
ACC_000911,ACC_001390,328.90,2025-11-30
ACC_000911,ACC_001398,497.32,2025-10-13
ACC_000911,ACC_001398,55.18,2025-10-23
ACC_000911,ACC_001415,1230.64,2025-12-04
ACC_000911,ACC_001415,190.38,2025-12-28
ACC_000911,ACC_001416,2468.19,2025-10-01
ACC_000911,ACC_001431,101.15,2025-10-13
ACC_000911,ACC_001431,1026.50,2026-04-27
ACC_000911,ACC_001431,108.03,2026-05-05
ACC_000911,ACC_001431,1091.82,2026-05-24
ACC_000911,ACC_001431,11.73,2026-02-07
ACC_000911,ACC_001431,113.07,2025-12-30
ACC_000911,ACC_001431,117.92,2026-03-05
ACC_000911,ACC_001431,1173.23,2025-12-22
ACC_000911,ACC_001431,118.42,2025-09-21
ACC_000911,ACC_001431,1209.78,2026-03-06
ACC_000911,ACC_001431,121.69,2026-05-19
ACC_000911,ACC_001431,126.12,2026-02-05
ACC_000911,ACC_001431,126.48,2026-01-18
ACC_000911,ACC_001431,1267.73,2025-11-19
ACC_000911,ACC_001431,128.77,2026-01-03
ACC_000911,ACC_001431,129.68,2025-09-22
ACC_000911,ACC_001431,13.70,2026-02-15
ACC_000911,ACC_001431,131.94,2026-03-05
ACC_000911,ACC_001431,133.89,2025-11-12
ACC_000911,ACC_001431,134.98,2025-08-06
ACC_000911,ACC_001431,140.79,2026-04-17
ACC_000911,ACC_001431,1452.30,2026-01-17
ACC_000911,ACC_001431,147.95,2025-08-07
ACC_000911,ACC_001431,1583.63,2025-08-05
ACC_000911,ACC_001431,161.29,2026-02-02
ACC_000911,ACC_001431,1626.21,2025-09-30
ACC_000911,ACC_001431,17.24,2025-11-25
ACC_000911,ACC_001431,189.81,2025-10-13
ACC_000911,ACC_001431,19.22,2025-12-21
ACC_000911,ACC_001431,19.81,2026-04-09
ACC_000911,ACC_001431,191.21,2025-10-15
ACC_000911,ACC_001431,1915.13,2026-02-05
ACC_000911,ACC_001431,1918.20,2026-01-05
ACC_000911,ACC_001431,193.07,2025-10-10
ACC_000911,ACC_001431,1953.42,2025-09-23
ACC_000911,ACC_001431,196.12,2026-04-25
ACC_000911,ACC_001431,204.80,2026-01-24
ACC_000911,ACC_001431,208.75,2026-03-30
ACC_000911,ACC_001431,2156.59,2026-02-08
ACC_000911,ACC_001431,216.58,2026-05-17
ACC_000911,ACC_001431,217.24,2026-01-29
ACC_000911,ACC_001431,22.04,2026-02-23
ACC_000911,ACC_001431,220.69,2026-04-20
ACC_000911,ACC_001431,2263.37,2026-05-28
ACC_000911,ACC_001431,227.61,2026-02-05
ACC_000911,ACC_001431,235.88,2026-02-18
ACC_000911,ACC_001431,24.64,2025-12-25
ACC_000911,ACC_001431,241.47,2025-09-11
ACC_000911,ACC_001431,244.02,2025-10-07
ACC_000911,ACC_001431,266.79,2025-08-29
ACC_000911,ACC_001431,306.92,2026-01-29
ACC_000911,ACC_001431,310.15,2025-10-27
ACC_000911,ACC_001431,32.96,2026-03-06
ACC_000911,ACC_001431,329.91,2025-12-22
ACC_000911,ACC_001431,362.54,2025-12-04
ACC_000911,ACC_001431,399.70,2026-01-07
ACC_000911,ACC_001431,46.20,2026-02-15
ACC_000911,ACC_001431,469.89,2026-02-26
ACC_000911,ACC_001431,49.52,2026-03-13
ACC_000911,ACC_001431,525.31,2025-09-13
ACC_000911,ACC_001431,571.82,2026-03-04
ACC_000911,ACC_001431,578.69,2025-09-08
ACC_000911,ACC_001431,63.02,2025-12-14
ACC_000911,ACC_001431,635.49,2025-08-18
ACC_000911,ACC_001431,66.32,2025-11-06
ACC_000911,ACC_001431,67.33,2026-04-01
ACC_000911,ACC_001431,74.53,2026-04-20
ACC_000911,ACC_001431,749.18,2025-09-21
ACC_000911,ACC_001431,76.08,2025-09-07
ACC_000911,ACC_001431,81.30,2026-06-06
ACC_000911,ACC_001431,860.82,2025-12-21
ACC_000911,ACC_001431,878.89,2026-04-23
ACC_000911,ACC_001431,890.49,2025-07-23
ACC_000911,ACC_001431,92.69,2025-12-27
ACC_000911,ACC_001431,923.27,2026-03-04
ACC_000911,ACC_001431,932.51,2026-03-30
ACC_000911,ACC_001431,99.21,2026-05-09
ACC_000911,ACC_001432,1924.30,2026-05-10
ACC_000911,ACC_001432,318.79,2026-05-13
ACC_000911,ACC_001433,118.70,2026-05-13
ACC_000911,ACC_001438,4274.12,2025-11-14
ACC_000911,ACC_001442,113.33,2025-09-03
ACC_000911,ACC_001442,18.18,2025-09-21
ACC_000911,ACC_001443,13.57,2025-09-06
ACC_000911,ACC_001473,222.63,2025-12-19
ACC_000911,ACC_001473,2458.05,2025-12-13
ACC_000911,ACC_001476,242.61,2026-01-30
ACC_000911,ACC_001476,46.26,2026-02-23
ACC_000911,ACC_001477,27.47,2026-02-24
ACC_000911,ACC_001484,862.81,2026-04-18
ACC_000911,ACC_001485,118.32,2026-05-31
ACC_000911,ACC_001485,22.15,2026-05-23
ACC_000911,ACC_001486,60.41,2026-03-05
ACC_000911,ACC_001486,883.08,2026-03-11
ACC_000911,ACC_001498,300.82,2026-04-22
ACC_000911,ACC_001498,50.84,2026-04-22
ACC_000911,ACC_001499,127.20,2025-12-09
ACC_000911,ACC_001499,1336.49,2025-12-06
ACC_000911,ACC_001499,179.10,2025-08-22
ACC_000911,ACC_001499,25.96,2025-09-06
ACC_000911,ACC_001499,35.03,2025-11-19
ACC_000911,ACC_001499,455.71,2025-10-18
ACC_000911,ACC_001499,648.46,2025-07-31
ACC_000911,ACC_001499,81.00,2025-11-08
ACC_000911,ACC_001500,236.15,2025-11-29
ACC_000911,ACC_001500,24.88,2025-09-11
ACC_000911,ACC_001500,34.52,2025-08-22
ACC_000911,ACC_001502,239.12,2025-12-05
ACC_000911,ACC_001527,211.25,2025-11-18
ACC_000911,ACC_001527,25.25,2025-12-01
ACC_000911,ACC_001527,35.24,2025-12-11
ACC_000911,ACC_001547,69.77,2026-06-01
ACC_000911,ACC_001547,877.09,2026-06-09
ACC_000912,ACC_001431,725.43,2026-01-05
ACC_000912,ACC_001468,265.79,2026-06-04
ACC_000912,ACC_001468,37.97,2026-05-25
ACC_000912,ACC_001468,51.42,2026-05-10
ACC_000913,ACC_001431,48.49,2025-08-25
ACC_000913,ACC_001431,531.52,2025-08-24
ACC_000913,ACC_001431,61.36,2025-08-20
ACC_000917,ACC_001431,11.02,2026-06-03
ACC_000917,ACC_001431,62.74,2026-05-21
ACC_000918,ACC_001431,14.15,2026-02-18
ACC_000918,ACC_001431,144.87,2026-02-13
ACC_000918,ACC_001431,27.46,2026-02-18
ACC_000922,ACC_001371,694.89,2025-12-12
ACC_000926,ACC_001354,338.56,2026-05-28
ACC_000926,ACC_001354,38.68,2026-05-13
ACC_000926,ACC_001354,55.47,2026-05-18
ACC_000926,ACC_001431,177.63,2026-05-19
ACC_000927,ACC_001252,336.48,2025-11-13
ACC_000927,ACC_001252,40.80,2025-11-12
ACC_000935,ACC_001431,143.14,2026-02-27
ACC_000936,ACC_001348,148.65,2025-11-04
ACC_000936,ACC_001349,16.57,2025-10-27
ACC_000936,ACC_001431,6.15,2025-09-27
ACC_000936,ACC_001431,91.15,2025-09-20
ACC_000936,ACC_001438,14.92,2025-08-16
ACC_000936,ACC_001438,17.64,2025-07-29
ACC_000936,ACC_001438,206.33,2025-08-08
ACC_000936,ACC_001499,111.33,2025-08-20
ACC_000936,ACC_001500,752.84,2025-08-16
ACC_000937,ACC_001301,161.32,2026-04-14
ACC_000937,ACC_001301,19.84,2026-04-17
ACC_000937,ACC_001301,21.49,2026-04-12
ACC_000937,ACC_001338,1446.12,2026-01-30
ACC_000937,ACC_001339,824.64,2025-11-13
ACC_000937,ACC_001348,106.37,2025-08-06
ACC_000937,ACC_001348,816.55,2025-08-01
ACC_000937,ACC_001349,80.48,2025-08-01
ACC_000937,ACC_001431,145.78,2025-11-28
ACC_000938,ACC_001372,55.44,2025-10-20
ACC_000938,ACC_001372,651.02,2025-10-29
ACC_000938,ACC_001431,19.89,2026-02-13
ACC_000938,ACC_001431,232.29,2026-02-15
ACC_000938,ACC_001431,33.83,2026-03-01
ACC_000938,ACC_001431,492.39,2026-01-07
ACC_000938,ACC_001431,51.83,2026-01-15
ACC_000938,ACC_001431,63.28,2026-04-13
ACC_000938,ACC_001431,673.80,2026-03-22
ACC_000938,ACC_001499,23.78,2026-01-30
ACC_000938,ACC_001499,250.24,2026-01-28
ACC_000938,ACC_001499,30.28,2026-02-07
ACC_000938,ACC_001500,1126.50,2026-01-14
ACC_000939,ACC_001431,13.31,2025-09-19
ACC_000939,ACC_001431,133.32,2025-09-28
ACC_000939,ACC_001431,31.80,2026-04-07
ACC_000939,ACC_001431,42.47,2026-04-21
ACC_000939,ACC_001431,429.51,2026-04-09
ACC_000939,ACC_001431,8.32,2025-09-17
ACC_000940,ACC_001245,120.90,2026-01-11
ACC_000940,ACC_001372,113.95,2026-03-03
ACC_000940,ACC_001372,1258.79,2026-02-09
ACC_000940,ACC_001372,213.09,2026-03-04
ACC_000940,ACC_001543,797.38,2026-02-28
ACC_000941,ACC_001348,87.00,2025-11-18
ACC_000941,ACC_001349,39.89,2025-11-22
ACC_000941,ACC_001349,542.19,2025-11-09
ACC_000941,ACC_001372,1987.54,2026-02-15
ACC_000942,ACC_001431,2422.40,2026-04-11
ACC_000942,ACC_001547,10.94,2026-03-13
ACC_000942,ACC_001547,183.08,2026-02-19
ACC_000943,ACC_001348,1957.28,2025-10-04
ACC_000943,ACC_001348,282.57,2025-07-20
ACC_000943,ACC_001348,52.40,2025-09-13
ACC_000943,ACC_001348,707.66,2025-09-04
ACC_000943,ACC_001349,3270.42,2025-07-28
ACC_000943,ACC_001349,88.48,2025-09-07
ACC_000943,ACC_001388,525.78,2025-08-05
ACC_000943,ACC_001388,71.71,2025-08-06
ACC_000943,ACC_001388,94.14,2025-08-01
ACC_000943,ACC_001431,302.04,2025-08-12
ACC_000943,ACC_001431,32.21,2025-12-07
ACC_000943,ACC_001431,36.77,2026-02-24
ACC_000943,ACC_001431,399.45,2025-12-02
ACC_000943,ACC_001431,621.45,2026-03-06
ACC_000943,ACC_001431,847.20,2026-02-07
ACC_000943,ACC_001431,97.37,2026-03-06
ACC_000943,ACC_001485,115.61,2025-10-24
ACC_000943,ACC_001485,72.88,2025-11-19
ACC_000943,ACC_001485,849.03,2025-11-03
ACC_000943,ACC_001567,137.56,2025-12-30
ACC_000944,ACC_001372,167.34,2025-09-13
ACC_000950,ACC_001449,256.31,2026-03-27
ACC_000950,ACC_001449,38.79,2026-03-25
ACC_000950,ACC_001449,46.55,2026-03-20
ACC_000953,ACC_001431,1134.89,2026-05-06
ACC_000953,ACC_001431,21.57,2025-08-10
ACC_000953,ACC_001431,314.86,2025-08-03
ACC_000953,ACC_001431,35.91,2025-08-16
ACC_000953,ACC_001431,38.71,2026-03-08
ACC_000953,ACC_001431,601.23,2026-03-20
ACC_000953,ACC_001431,84.25,2026-05-05
ACC_000953,ACC_001485,142.87,2026-02-16
ACC_000953,ACC_001485,75.86,2026-02-15
ACC_000953,ACC_001485,927.34,2026-02-13
ACC_000953,ACC_001499,139.31,2025-09-21
ACC_000953,ACC_001499,14.35,2025-09-06
ACC_000953,ACC_001500,12.43,2025-09-24
ACC_000954,ACC_001252,82.15,2026-03-05
ACC_000954,ACC_001365,1490.43,2026-01-06
ACC_000954,ACC_001365,258.92,2025-12-26
ACC_000954,ACC_001365,282.66,2025-12-26
ACC_000954,ACC_001431,347.26,2025-09-06
ACC_000954,ACC_001431,48.95,2025-08-22
ACC_000955,ACC_001263,31.76,2025-12-10
ACC_000955,ACC_001264,322.00,2025-12-13
ACC_000955,ACC_001431,424.35,2025-10-25
ACC_000956,ACC_001301,528.71,2025-09-07
ACC_000956,ACC_001339,159.95,2025-10-30
ACC_000956,ACC_001340,65.40,2025-11-09
ACC_000956,ACC_001340,902.77,2025-10-26
ACC_000956,ACC_001372,615.30,2025-12-30
ACC_000957,ACC_001387,214.72,2025-08-09
ACC_000957,ACC_001387,22.68,2025-07-26
ACC_000957,ACC_001431,25.19,2025-09-26
ACC_000957,ACC_001431,270.28,2025-09-25
ACC_000957,ACC_001556,14.73,2026-04-02
ACC_000957,ACC_001556,193.81,2026-04-10
ACC_000957,ACC_001556,38.62,2026-04-04
ACC_000958,ACC_001309,69.64,2026-06-10
ACC_000958,ACC_001431,12.32,2025-11-12
ACC_000958,ACC_001431,13.37,2025-11-06
ACC_000958,ACC_001431,133.52,2025-12-11
ACC_000958,ACC_001431,20.30,2026-05-28
ACC_000958,ACC_001431,318.86,2026-05-28
ACC_000958,ACC_001431,53.65,2025-12-09
ACC_000958,ACC_001431,58.51,2026-05-24
ACC_000958,ACC_001431,751.60,2025-11-18
ACC_000958,ACC_001431,78.40,2025-11-06
ACC_000958,ACC_001485,47.59,2026-01-08
ACC_000958,ACC_001485,530.25,2025-12-27
ACC_000959,ACC_001268,321.51,2025-12-06
ACC_000959,ACC_001339,10.74,2026-01-29
ACC_000959,ACC_001339,27.99,2026-02-18
ACC_000959,ACC_001340,179.92,2026-02-20
ACC_000959,ACC_001348,151.78,2026-02-10
ACC_000959,ACC_001349,18.71,2026-02-15
ACC_000959,ACC_001349,7.77,2026-02-14
ACC_000959,ACC_001372,284.59,2026-02-20
ACC_000959,ACC_001372,32.62,2026-02-16
ACC_000959,ACC_001387,482.61,2026-03-12
ACC_000959,ACC_001387,86.91,2026-03-26
ACC_000959,ACC_001389,465.52,2026-05-25
ACC_000959,ACC_001431,11.10,2026-04-10
ACC_000959,ACC_001431,341.87,2025-11-05
ACC_000959,ACC_001431,69.67,2025-11-13
ACC_000959,ACC_001431,74.08,2026-04-06
ACC_000959,ACC_001431,8.05,2025-11-29
ACC_000959,ACC_001431,9.23,2026-04-08
ACC_000960,ACC_001340,260.52,2025-08-02
ACC_000960,ACC_001372,14.19,2025-08-17
ACC_000960,ACC_001372,74.66,2025-09-09
ACC_000960,ACC_001388,212.75,2025-08-06
ACC_000960,ACC_001431,155.79,2025-08-21
ACC_000960,ACC_001431,277.56,2025-12-10
ACC_000960,ACC_001431,3.70,2026-02-16
ACC_000960,ACC_001431,5.70,2026-03-02
ACC_000960,ACC_001431,53.41,2026-02-19
ACC_000960,ACC_001449,191.02,2025-08-15
ACC_000960,ACC_001501,11.60,2026-01-30
ACC_000960,ACC_001501,5.50,2026-01-30
ACC_000960,ACC_001501,72.06,2026-01-30
ACC_000960,ACC_001572,167.66,2025-08-05
ACC_000961,ACC_001449,11.84,2026-03-23
ACC_000961,ACC_001449,165.51,2026-03-02
ACC_000961,ACC_001449,29.87,2026-03-25
ACC_000962,ACC_001431,285.62,2025-10-07
ACC_000962,ACC_001500,122.54,2025-09-10
ACC_000963,ACC_001252,444.75,2026-01-16
ACC_000963,ACC_001252,88.50,2025-12-26
ACC_000964,ACC_001374,590.31,2026-03-04
ACC_000965,ACC_001431,13.68,2025-09-11
ACC_000965,ACC_001431,77.30,2025-08-15
ACC_000966,ACC_001431,25.53,2026-01-23
ACC_000966,ACC_001431,321.15,2026-01-28
ACC_000969,ACC_001484,11.08,2026-02-24
ACC_000969,ACC_001484,4.30,2026-03-07
ACC_000969,ACC_001484,55.83,2026-03-05
ACC_000970,ACC_001339,38.91,2025-12-20
ACC_000970,ACC_001339,450.21,2025-12-08
ACC_000970,ACC_001340,33.47,2025-12-09
ACC_000970,ACC_001347,254.08,2026-02-02
ACC_000970,ACC_001347,32.34,2026-01-09
ACC_000970,ACC_001388,270.66,2026-05-05
ACC_000970,ACC_001388,34.83,2026-05-02
ACC_000976,ACC_001365,184.33,2025-11-08
ACC_000976,ACC_001365,945.06,2025-10-18
ACC_000976,ACC_001372,112.28,2026-01-19
ACC_000976,ACC_001372,13.71,2026-01-01
ACC_000976,ACC_001431,152.59,2026-05-21
ACC_000978,ACC_001431,1231.67,2026-03-23
ACC_000978,ACC_001431,191.53,2026-03-26
ACC_000978,ACC_001431,206.87,2026-03-20
ACC_000982,ACC_001374,173.28,2026-01-10
ACC_000984,ACC_001252,43.79,2026-03-31
ACC_000984,ACC_001252,554.03,2026-03-26
ACC_000984,ACC_001253,12.64,2026-01-24
ACC_000984,ACC_001253,4.82,2026-01-07
ACC_000984,ACC_001253,66.52,2026-01-10
ACC_000984,ACC_001268,540.98,2025-09-24
ACC_000984,ACC_001269,41.75,2025-09-12
ACC_000984,ACC_001293,182.69,2025-08-23
ACC_000984,ACC_001336,606.20,2026-03-30
ACC_000984,ACC_001336,62.47,2026-03-07
ACC_000984,ACC_001336,67.53,2026-03-08
ACC_000984,ACC_001361,457.13,2026-03-30
ACC_000984,ACC_001365,778.76,2025-10-22
ACC_000984,ACC_001374,224.53,2025-10-31
ACC_000984,ACC_001375,53.01,2025-08-10
ACC_000984,ACC_001387,11.60,2025-12-10
ACC_000984,ACC_001387,118.09,2025-11-28
ACC_000984,ACC_001387,14.23,2025-12-12
ACC_000984,ACC_001388,662.32,2025-11-06
ACC_000984,ACC_001388,99.12,2025-11-03
ACC_000984,ACC_001389,381.16,2026-02-13
ACC_000984,ACC_001431,106.86,2025-12-12
ACC_000984,ACC_001431,107.29,2026-01-08
ACC_000984,ACC_001431,1269.85,2025-12-02
ACC_000984,ACC_001431,13.63,2026-06-13
ACC_000984,ACC_001431,131.45,2026-02-17
ACC_000984,ACC_001431,1934.83,2026-01-06
ACC_000984,ACC_001431,200.85,2025-10-09
ACC_000984,ACC_001431,206.85,2025-11-24
ACC_000984,ACC_001431,231.17,2026-05-16
ACC_000984,ACC_001431,248.88,2025-12-09
ACC_000984,ACC_001431,28.25,2025-08-11
ACC_000984,ACC_001431,295.55,2025-08-18
ACC_000984,ACC_001431,361.85,2025-12-30
ACC_000984,ACC_001431,39.76,2025-08-09
ACC_000984,ACC_001431,601.53,2025-12-04
ACC_000984,ACC_001431,688.14,2025-11-22
ACC_000984,ACC_001431,743.92,2025-09-03
ACC_000984,ACC_001431,77.79,2025-12-05
ACC_000984,ACC_001491,140.34,2025-10-22
ACC_000984,ACC_001500,24.33,2026-05-20
ACC_000984,ACC_001500,255.91,2026-05-25
ACC_000984,ACC_001500,27.18,2026-05-17
ACC_000984,ACC_001500,302.22,2026-05-14
ACC_000984,ACC_001500,50.20,2026-05-18
ACC_000984,ACC_001531,652.87,2026-02-03
ACC_000986,ACC_001209,362.97,2025-11-24
ACC_000988,ACC_001355,89.77,2025-10-05
ACC_000989,ACC_001349,137.68,2026-01-19
ACC_000991,ACC_001558,119.00,2026-05-18
ACC_000991,ACC_001558,817.15,2026-04-29
ACC_000994,ACC_001348,20.95,2026-01-29
ACC_000994,ACC_001349,19.23,2026-02-10
ACC_000994,ACC_001349,241.28,2026-02-06
ACC_000995,ACC_001431,714.83,2025-12-29
ACC_000995,ACC_001431,88.00,2025-12-30
ACC_000995,ACC_001438,1559.86,2026-04-09
ACC_000995,ACC_001438,389.61,2026-04-09
ACC_000998,ACC_001254,72.19,2025-11-02
ACC_000998,ACC_001254,779.34,2025-11-07
ACC_000998,ACC_001255,128.44,2025-10-26
ACC_000998,ACC_001349,15.53,2026-03-15
ACC_000998,ACC_001349,225.04,2026-03-14
ACC_000999,ACC_001372,136.29,2025-07-18
ACC_000999,ACC_001431,111.30,2025-11-20
ACC_000999,ACC_001431,116.09,2025-12-07
ACC_000999,ACC_001431,315.37,2026-03-01
ACC_000999,ACC_001431,45.87,2026-02-11
ACC_000999,ACC_001431,759.33,2025-11-14
ACC_001000,ACC_001252,1172.16,2025-11-28
ACC_001000,ACC_001252,229.73,2025-11-23
ACC_001000,ACC_001349,1132.87,2025-10-05
ACC_001002,ACC_001248,32.33,2026-02-09
ACC_001002,ACC_001249,446.61,2026-02-19
ACC_001002,ACC_001249,49.68,2026-02-11
ACC_001002,ACC_001329,14.60,2025-08-27
ACC_001002,ACC_001329,283.42,2025-09-13
ACC_001002,ACC_001348,36.32,2026-02-18
ACC_001002,ACC_001349,302.24,2026-01-26
ACC_001002,ACC_001349,49.43,2026-02-10
ACC_001002,ACC_001438,130.06,2025-12-27
ACC_001002,ACC_001438,73.70,2026-01-16
ACC_001002,ACC_001438,863.95,2025-12-23
ACC_001003,ACC_001301,16.86,2026-01-23
ACC_001003,ACC_001301,329.17,2026-01-17
ACC_001003,ACC_001431,103.77,2026-01-18
ACC_001003,ACC_001431,16.58,2025-12-26
ACC_001003,ACC_001431,180.67,2026-05-19
ACC_001003,ACC_001431,19.52,2026-01-19
ACC_001003,ACC_001431,23.04,2026-06-05
ACC_001003,ACC_001431,292.27,2025-12-16
ACC_001003,ACC_001431,34.86,2026-06-09
ACC_001003,ACC_001431,595.44,2025-09-11
ACC_001004,ACC_001323,6.88,2025-08-04
ACC_001004,ACC_001323,65.43,2025-08-11
ACC_001004,ACC_001323,7.01,2025-08-21
ACC_001004,ACC_001374,386.58,2025-12-12
ACC_001004,ACC_001375,39.21,2025-12-21
ACC_001004,ACC_001431,149.63,2025-12-19
ACC_001004,ACC_001431,2152.96,2025-12-13
ACC_001004,ACC_001431,239.59,2025-12-17
ACC_001004,ACC_001431,26.98,2025-09-17
ACC_001004,ACC_001484,710.17,2025-09-09
ACC_001005,ACC_001237,207.93,2026-04-28
ACC_001005,ACC_001237,25.05,2026-04-19
ACC_001005,ACC_001237,27.66,2026-04-30
ACC_001007,ACC_001499,441.94,2025-10-12
ACC_001014,ACC_001379,705.07,2026-04-19
ACC_001014,ACC_001379,78.09,2026-05-07
ACC_001015,ACC_001252,49.82,2026-03-10
ACC_001015,ACC_001252,555.19,2026-03-08
ACC_001015,ACC_001252,88.64,2026-03-26
ACC_001015,ACC_001253,233.46,2025-12-22
ACC_001015,ACC_001310,1371.40,2026-01-08
ACC_001015,ACC_001353,29.38,2025-11-12
ACC_001015,ACC_001353,305.07,2025-11-14
ACC_001015,ACC_001353,34.57,2025-11-08
ACC_001015,ACC_001365,16.41,2026-03-11
ACC_001015,ACC_001365,251.96,2026-03-20
ACC_001015,ACC_001365,41.66,2026-03-05
ACC_001015,ACC_001366,10.95,2025-09-24
ACC_001015,ACC_001366,105.80,2026-04-22
ACC_001015,ACC_001366,1062.09,2026-04-13
ACC_001015,ACC_001366,1098.51,2026-05-14
ACC_001015,ACC_001366,11.73,2025-09-07
ACC_001015,ACC_001366,112.73,2026-01-24
ACC_001015,ACC_001366,1231.20,2026-05-18
ACC_001015,ACC_001366,14.61,2026-01-03
ACC_001015,ACC_001366,142.52,2025-12-30
ACC_001015,ACC_001366,151.33,2026-01-07
ACC_001015,ACC_001366,1659.13,2026-04-17
ACC_001015,ACC_001366,17.96,2025-09-11
ACC_001015,ACC_001366,1750.54,2026-04-10
ACC_001015,ACC_001366,178.50,2026-05-20
ACC_001015,ACC_001366,194.29,2026-01-28
ACC_001015,ACC_001366,197.45,2026-01-20
ACC_001015,ACC_001366,216.01,2026-01-03
ACC_001015,ACC_001366,23.90,2026-01-07
ACC_001015,ACC_001366,243.79,2025-08-20
ACC_001015,ACC_001366,249.42,2025-08-03
ACC_001015,ACC_001366,266.58,2026-05-06
ACC_001015,ACC_001366,277.17,2025-11-07
ACC_001015,ACC_001366,29.55,2025-11-16
ACC_001015,ACC_001366,339.95,2025-11-03
ACC_001015,ACC_001366,36.25,2025-11-12
ACC_001015,ACC_001366,439.46,2025-08-08
ACC_001015,ACC_001366,46.28,2025-08-05
ACC_001015,ACC_001366,47.32,2025-10-17
ACC_001015,ACC_001366,47.57,2025-08-09
ACC_001015,ACC_001366,51.21,2026-03-21
ACC_001015,ACC_001366,547.43,2025-12-15
ACC_001015,ACC_001366,58.56,2026-03-17
ACC_001015,ACC_001366,645.35,2025-12-19
ACC_001015,ACC_001366,65.49,2026-04-07
ACC_001015,ACC_001366,65.75,2025-11-06
ACC_001015,ACC_001366,73.59,2025-09-11
ACC_001015,ACC_001366,733.88,2026-04-10
ACC_001015,ACC_001366,8.70,2025-09-28
ACC_001015,ACC_001366,81.15,2026-03-11
ACC_001015,ACC_001366,839.14,2026-04-06
ACC_001015,ACC_001366,87.76,2026-04-18
ACC_001015,ACC_001366,9.71,2025-10-03
ACC_001015,ACC_001366,9.84,2025-09-23
ACC_001015,ACC_001366,90.82,2026-04-11
ACC_001015,ACC_001366,92.54,2026-01-03
ACC_001015,ACC_001366,950.61,2025-07-15
ACC_001015,ACC_001367,100.85,2026-04-06
ACC_001015,ACC_001367,1154.27,2026-01-10
ACC_001015,ACC_001367,116.96,2026-03-15
ACC_001015,ACC_001367,122.95,2025-09-05
ACC_001015,ACC_001367,1262.33,2026-04-06
ACC_001015,ACC_001367,1264.33,2026-04-02
ACC_001015,ACC_001367,1283.54,2026-01-07
ACC_001015,ACC_001367,1481.68,2025-07-19
ACC_001015,ACC_001367,1524.24,2026-04-06
ACC_001015,ACC_001367,160.02,2025-07-30
ACC_001015,ACC_001367,178.70,2026-05-24
ACC_001015,ACC_001367,190.13,2025-08-16
ACC_001015,ACC_001367,1945.44,2026-01-11
ACC_001015,ACC_001367,228.18,2026-05-10
ACC_001015,ACC_001367,245.40,2025-10-01
ACC_001015,ACC_001367,265.10,2025-09-27
ACC_001015,ACC_001367,299.27,2026-01-24
ACC_001015,ACC_001367,427.54,2025-08-04
ACC_001015,ACC_001367,43.80,2025-10-21
ACC_001015,ACC_001367,46.28,2025-10-03
ACC_001015,ACC_001367,49.99,2025-09-29
ACC_001015,ACC_001367,53.60,2025-11-10
ACC_001015,ACC_001367,58.46,2025-09-15
ACC_001015,ACC_001367,6.42,2025-09-19
ACC_001015,ACC_001367,669.70,2026-01-06
ACC_001015,ACC_001367,8.62,2025-10-07
ACC_001015,ACC_001367,80.26,2025-09-01
ACC_001015,ACC_001367,88.16,2025-10-28
ACC_001015,ACC_001367,88.20,2026-04-10
ACC_001015,ACC_001367,909.14,2026-05-28
ACC_001015,ACC_001367,910.20,2026-06-01
ACC_001015,ACC_001367,99.36,2025-10-24
ACC_001015,ACC_001370,28.41,2026-01-06
ACC_001015,ACC_001370,30.82,2026-01-07
ACC_001015,ACC_001371,170.54,2026-01-11
ACC_001015,ACC_001372,123.94,2025-11-12
ACC_001015,ACC_001372,211.68,2026-02-25
ACC_001015,ACC_001372,332.03,2026-03-29
ACC_001015,ACC_001372,41.92,2026-02-25
ACC_001015,ACC_001372,46.03,2026-04-16
ACC_001015,ACC_001372,64.45,2026-04-22
ACC_001015,ACC_001387,592.43,2026-05-11
ACC_001015,ACC_001388,114.88,2025-11-11
ACC_001015,ACC_001388,128.05,2025-11-16
ACC_001015,ACC_001388,506.14,2026-02-19
ACC_001015,ACC_001388,738.77,2025-11-07
ACC_001015,ACC_001431,11.88,2026-06-06
ACC_001015,ACC_001431,110.16,2025-08-04
ACC_001015,ACC_001431,110.78,2025-09-24
ACC_001015,ACC_001431,1147.48,2025-12-24
ACC_001015,ACC_001431,12.84,2025-08-03
ACC_001015,ACC_001431,120.11,2026-02-14
ACC_001015,ACC_001431,121.42,2026-02-01
ACC_001015,ACC_001431,1273.32,2026-03-04
ACC_001015,ACC_001431,1337.83,2026-03-11
ACC_001015,ACC_001431,137.95,2025-10-08
ACC_001015,ACC_001431,1398.26,2025-09-03
ACC_001015,ACC_001431,141.91,2025-09-05
ACC_001015,ACC_001431,151.15,2025-10-04
ACC_001015,ACC_001431,178.16,2025-12-03
ACC_001015,ACC_001431,1782.48,2025-09-01
ACC_001015,ACC_001431,18.26,2025-11-22
ACC_001015,ACC_001431,195.13,2026-03-19
ACC_001015,ACC_001431,211.17,2026-03-07
ACC_001015,ACC_001431,23.04,2025-12-07
ACC_001015,ACC_001431,23.47,2025-12-11
ACC_001015,ACC_001431,276.37,2026-03-04
ACC_001015,ACC_001431,28.25,2025-10-11
ACC_001015,ACC_001431,348.28,2026-01-31
ACC_001015,ACC_001431,36.87,2026-02-18
ACC_001015,ACC_001431,39.86,2026-02-16
ACC_001015,ACC_001431,41.81,2026-04-18
ACC_001015,ACC_001431,431.19,2026-04-10
ACC_001015,ACC_001431,476.01,2026-05-10
ACC_001015,ACC_001431,595.96,2026-03-07
ACC_001015,ACC_001431,6.60,2026-05-18
ACC_001015,ACC_001431,632.49,2025-10-08
ACC_001015,ACC_001431,648.20,2026-01-22
ACC_001015,ACC_001431,70.86,2026-04-26
ACC_001015,ACC_001431,702.04,2025-09-28
ACC_001015,ACC_001431,77.48,2026-06-01
ACC_001015,ACC_001431,81.86,2025-11-02
ACC_001015,ACC_001431,82.54,2025-12-12
ACC_001015,ACC_001431,866.36,2025-08-22
ACC_001015,ACC_001431,91.76,2025-12-02
ACC_001015,ACC_001438,297.85,2026-03-28
ACC_001015,ACC_001500,14.26,2026-01-02
ACC_001015,ACC_001500,54.14,2025-07-31
ACC_001015,ACC_001500,796.67,2025-08-13
ACC_001015,ACC_001500,90.14,2026-01-09
ACC_001015,ACC_001508,195.21,2026-05-06
ACC_001015,ACC_001510,10.93,2025-11-27
ACC_001015,ACC_001510,7.44,2025-11-06
ACC_001015,ACC_001511,95.50,2025-11-16
ACC_001015,ACC_001545,393.99,2025-09-20
ACC_001016,ACC_001210,126.72,2025-07-29
ACC_001016,ACC_001210,128.20,2025-08-18
ACC_001016,ACC_001210,707.20,2025-08-16
ACC_001016,ACC_001226,135.75,2025-12-17
ACC_001016,ACC_001226,6.99,2025-12-15
ACC_001016,ACC_001226,9.38,2025-12-10
ACC_001016,ACC_001237,143.33,2025-09-29
ACC_001016,ACC_001237,836.95,2025-09-26
ACC_001016,ACC_001252,110.75,2025-10-08
ACC_001016,ACC_001252,167.37,2025-10-31
ACC_001016,ACC_001252,18.55,2025-09-29
ACC_001016,ACC_001252,6.21,2025-09-30
ACC_001016,ACC_001301,44.00,2026-01-24
ACC_001016,ACC_001301,455.38,2026-01-19
ACC_001016,ACC_001301,55.75,2026-01-30
ACC_001016,ACC_001321,106.02,2026-01-21
ACC_001016,ACC_001321,14.45,2026-01-23
ACC_001016,ACC_001321,8.05,2026-01-22
ACC_001016,ACC_001348,71.70,2026-01-19
ACC_001016,ACC_001366,109.21,2025-07-21
ACC_001016,ACC_001366,123.62,2025-09-29
ACC_001016,ACC_001366,13.65,2026-02-13
ACC_001016,ACC_001366,133.23,2026-02-15
ACC_001016,ACC_001366,143.20,2025-07-25
ACC_001016,ACC_001366,144.26,2025-08-15
ACC_001016,ACC_001366,152.66,2026-04-13
ACC_001016,ACC_001366,184.28,2025-09-30
ACC_001016,ACC_001366,200.01,2026-04-02
ACC_001016,ACC_001366,23.45,2025-09-19
ACC_001016,ACC_001366,245.92,2025-10-04
ACC_001016,ACC_001366,338.79,2026-01-11
ACC_001016,ACC_001366,433.48,2025-12-28
ACC_001016,ACC_001366,436.63,2025-09-29
ACC_001016,ACC_001366,477.63,2026-03-30
ACC_001016,ACC_001366,503.27,2026-01-15
ACC_001016,ACC_001366,562.99,2026-05-28
ACC_001016,ACC_001366,778.73,2026-04-03
ACC_001016,ACC_001366,89.44,2026-02-19
ACC_001016,ACC_001366,9.16,2026-02-17
ACC_001016,ACC_001367,100.07,2026-05-01
ACC_001016,ACC_001367,1077.16,2025-08-13
ACC_001016,ACC_001367,110.45,2026-04-09
ACC_001016,ACC_001367,120.42,2026-01-18
ACC_001016,ACC_001367,121.31,2026-05-20
ACC_001016,ACC_001367,1412.45,2025-08-17
ACC_001016,ACC_001367,143.27,2026-03-29
ACC_001016,ACC_001367,1464.72,2026-04-27
ACC_001016,ACC_001367,161.94,2025-08-11
ACC_001016,ACC_001367,17.57,2025-09-15
ACC_001016,ACC_001367,171.86,2025-10-03
ACC_001016,ACC_001367,30.78,2025-09-16
ACC_001016,ACC_001367,310.87,2025-10-03
ACC_001016,ACC_001367,368.06,2026-05-24
ACC_001016,ACC_001367,371.64,2025-08-16
ACC_001016,ACC_001367,418.69,2025-08-20
ACC_001016,ACC_001367,425.71,2026-03-26
ACC_001016,ACC_001367,43.23,2025-09-12
ACC_001016,ACC_001367,50.25,2026-03-22
ACC_001016,ACC_001367,529.20,2026-05-21
ACC_001016,ACC_001367,563.43,2026-03-30
ACC_001016,ACC_001367,656.43,2026-05-25
ACC_001016,ACC_001367,67.84,2025-08-20
ACC_001016,ACC_001367,69.46,2026-03-26
ACC_001016,ACC_001367,69.88,2025-09-21
ACC_001016,ACC_001367,70.26,2026-05-01
ACC_001016,ACC_001367,71.16,2026-01-14
ACC_001016,ACC_001367,733.54,2026-01-01
ACC_001016,ACC_001367,76.43,2025-08-24
ACC_001016,ACC_001367,80.76,2025-09-17
ACC_001016,ACC_001367,82.05,2026-05-16
ACC_001016,ACC_001367,83.01,2026-04-27
ACC_001016,ACC_001367,87.15,2026-05-05
ACC_001016,ACC_001367,990.67,2026-04-23
ACC_001016,ACC_001372,169.85,2026-04-03
ACC_001016,ACC_001372,19.65,2025-11-25
ACC_001016,ACC_001372,401.37,2025-08-03
ACC_001016,ACC_001372,50.57,2025-09-01
ACC_001016,ACC_001372,59.53,2026-02-22
ACC_001016,ACC_001372,6.90,2026-03-10
ACC_001016,ACC_001372,8.72,2026-03-16
ACC_001016,ACC_001372,98.70,2025-12-18
ACC_001016,ACC_001374,35.93,2026-02-23
ACC_001016,ACC_001374,571.33,2026-02-28
ACC_001016,ACC_001375,41.35,2026-03-20
ACC_001016,ACC_001376,48.21,2026-01-09
ACC_001016,ACC_001376,8.04,2026-01-21
ACC_001016,ACC_001387,34.53,2025-08-08
ACC_001016,ACC_001387,588.52,2025-08-08
ACC_001016,ACC_001387,88.55,2026-03-24
ACC_001016,ACC_001407,10.25,2026-06-04
ACC_001016,ACC_001407,108.39,2026-05-19
ACC_001016,ACC_001407,19.38,2026-05-30
ACC_001016,ACC_001421,45.08,2025-09-05
ACC_001016,ACC_001422,2.70,2025-09-04
ACC_001016,ACC_001431,11.43,2025-12-09
ACC_001016,ACC_001431,114.28,2026-03-30
ACC_001016,ACC_001431,1240.38,2026-03-25
ACC_001016,ACC_001431,155.06,2025-07-29
ACC_001016,ACC_001431,16.05,2025-11-22
ACC_001016,ACC_001431,179.88,2025-11-26
ACC_001016,ACC_001431,181.82,2025-11-16
ACC_001016,ACC_001431,1852.13,2025-08-11
ACC_001016,ACC_001431,29.77,2025-08-18
ACC_001016,ACC_001431,314.27,2026-03-27
ACC_001016,ACC_001431,33.85,2026-04-23
ACC_001016,ACC_001431,35.71,2025-11-30
ACC_001016,ACC_001431,35.98,2026-03-24
ACC_001016,ACC_001431,388.79,2025-08-19
ACC_001016,ACC_001431,594.35,2025-09-24
ACC_001016,ACC_001431,619.88,2026-01-16
ACC_001016,ACC_001431,79.67,2025-09-25
ACC_001016,ACC_001431,85.48,2025-11-12
ACC_001016,ACC_001431,98.12,2025-09-28
ACC_001016,ACC_001438,280.90,2026-02-11
ACC_001016,ACC_001438,54.33,2026-02-23
ACC_001016,ACC_001485,352.22,2025-12-07
ACC_001016,ACC_001499,413.93,2025-12-23
ACC_001016,ACC_001500,150.92,2025-12-24
ACC_001016,ACC_001500,18.83,2025-08-15
ACC_001016,ACC_001500,22.88,2025-12-17
ACC_001016,ACC_001500,296.19,2025-08-12
ACC_001016,ACC_001562,217.14,2025-11-18
ACC_001016,ACC_001562,27.10,2025-11-26
ACC_001016,ACC_001572,395.62,2025-07-22
ACC_001016,ACC_001572,48.57,2025-07-18
ACC_001016,ACC_001583,4.27,2026-05-14
ACC_001016,ACC_001584,59.00,2026-05-15
ACC_001017,ACC_001226,14.31,2025-11-15
ACC_001017,ACC_001226,17.96,2025-11-06
ACC_001017,ACC_001227,99.33,2025-11-13
ACC_001017,ACC_001252,2062.84,2026-01-30
ACC_001017,ACC_001263,469.72,2025-07-22
ACC_001017,ACC_001263,62.41,2025-08-09
ACC_001017,ACC_001264,40.96,2025-07-27
ACC_001017,ACC_001301,116.09,2026-04-04
ACC_001017,ACC_001301,690.60,2026-03-30
ACC_001017,ACC_001301,832.46,2025-10-15
ACC_001017,ACC_001312,490.04,2026-03-22
ACC_001017,ACC_001312,537.80,2026-03-26
ACC_001017,ACC_001312,98.10,2026-03-05
ACC_001017,ACC_001313,89.39,2026-03-01
ACC_001017,ACC_001339,32.57,2026-05-12
ACC_001017,ACC_001339,82.01,2025-11-20
ACC_001017,ACC_001339,982.15,2025-12-14
ACC_001017,ACC_001340,25.93,2026-05-11
ACC_001017,ACC_001340,324.58,2026-05-17
ACC_001017,ACC_001348,163.72,2026-03-13
ACC_001017,ACC_001348,251.66,2025-08-20
ACC_001017,ACC_001348,44.02,2025-08-21
ACC_001017,ACC_001366,1080.29,2025-09-12
ACC_001017,ACC_001366,11.52,2026-01-07
ACC_001017,ACC_001366,112.65,2026-01-17
ACC_001017,ACC_001366,1278.65,2026-04-11
ACC_001017,ACC_001366,13.27,2026-01-24
ACC_001017,ACC_001366,14.08,2026-05-15
ACC_001017,ACC_001366,157.99,2025-10-05
ACC_001017,ACC_001366,16.88,2026-05-17
ACC_001017,ACC_001366,17.68,2026-05-19
ACC_001017,ACC_001366,18.47,2026-01-03
ACC_001017,ACC_001366,191.82,2026-03-01
ACC_001017,ACC_001366,1991.48,2026-04-15
ACC_001017,ACC_001366,202.31,2025-08-21
ACC_001017,ACC_001366,209.81,2026-05-29
ACC_001017,ACC_001366,21.28,2026-01-20
ACC_001017,ACC_001366,22.40,2025-08-14
ACC_001017,ACC_001366,22.63,2025-11-15
ACC_001017,ACC_001366,22.76,2025-09-05
ACC_001017,ACC_001366,263.42,2026-06-02
ACC_001017,ACC_001366,294.75,2026-03-05
ACC_001017,ACC_001366,344.74,2026-02-22
ACC_001017,ACC_001366,35.52,2025-09-09
ACC_001017,ACC_001366,355.11,2025-11-21
ACC_001017,ACC_001366,368.16,2025-09-03
ACC_001017,ACC_001366,39.28,2025-12-03
ACC_001017,ACC_001366,5.98,2026-05-11
ACC_001017,ACC_001366,510.61,2025-10-26
ACC_001017,ACC_001366,54.56,2025-12-15
ACC_001017,ACC_001366,574.69,2025-09-07
ACC_001017,ACC_001366,632.52,2025-12-02
ACC_001017,ACC_001366,661.78,2025-09-14
ACC_001017,ACC_001366,76.84,2025-09-14
ACC_001017,ACC_001366,86.35,2025-12-11
ACC_001017,ACC_001366,9.56,2025-12-31
ACC_001017,ACC_001366,92.34,2025-08-21
ACC_001017,ACC_001367,1034.12,2025-08-16
ACC_001017,ACC_001367,112.25,2026-05-20
ACC_001017,ACC_001367,114.67,2026-05-12
ACC_001017,ACC_001367,126.61,2025-09-19
ACC_001017,ACC_001367,137.02,2026-05-24
ACC_001017,ACC_001367,15.14,2025-12-27
ACC_001017,ACC_001367,155.30,2025-08-25
ACC_001017,ACC_001367,16.31,2025-08-18
ACC_001017,ACC_001367,160.31,2025-09-15
ACC_001017,ACC_001367,1739.14,2025-08-20
ACC_001017,ACC_001367,180.61,2026-01-13
ACC_001017,ACC_001367,208.81,2025-09-10
ACC_001017,ACC_001367,22.02,2026-05-21
ACC_001017,ACC_001367,23.35,2025-09-03
ACC_001017,ACC_001367,233.78,2025-10-09
ACC_001017,ACC_001367,25.24,2025-11-11
ACC_001017,ACC_001367,286.74,2025-09-06
ACC_001017,ACC_001367,318.40,2025-11-25
ACC_001017,ACC_001367,32.07,2025-08-30
ACC_001017,ACC_001367,332.39,2026-02-18
ACC_001017,ACC_001367,340.23,2025-08-25
ACC_001017,ACC_001367,401.21,2025-11-01
ACC_001017,ACC_001367,436.58,2025-09-18
ACC_001017,ACC_001367,47.26,2025-08-20
ACC_001017,ACC_001367,48.61,2025-12-13
ACC_001017,ACC_001367,483.93,2025-10-30
ACC_001017,ACC_001367,50.69,2025-09-18
ACC_001017,ACC_001367,502.86,2025-11-28
ACC_001017,ACC_001367,521.66,2025-12-18
ACC_001017,ACC_001367,58.82,2025-12-17
ACC_001017,ACC_001367,607.17,2025-11-05
ACC_001017,ACC_001367,616.04,2026-05-19
ACC_001017,ACC_001367,62.86,2025-11-29
ACC_001017,ACC_001367,631.32,2025-12-22
ACC_001017,ACC_001367,7.80,2026-05-15
ACC_001017,ACC_001367,73.77,2025-08-24
ACC_001017,ACC_001367,751.99,2026-05-23
ACC_001017,ACC_001367,853.19,2025-09-16
ACC_001017,ACC_001367,87.91,2026-05-08
ACC_001017,ACC_001371,126.04,2025-10-24
ACC_001017,ACC_001371,16.35,2025-11-06
ACC_001017,ACC_001372,8.96,2026-01-04
ACC_001017,ACC_001372,80.86,2025-12-31
ACC_001017,ACC_001372,834.87,2026-04-21
ACC_001017,ACC_001372,9.66,2025-12-28
ACC_001017,ACC_001388,14.72,2025-10-27
ACC_001017,ACC_001388,258.36,2025-10-10
ACC_001017,ACC_001392,49.92,2026-05-14
ACC_001017,ACC_001392,88.53,2026-05-02
ACC_001017,ACC_001393,455.81,2026-05-12
ACC_001017,ACC_001407,499.54,2026-03-17
ACC_001017,ACC_001431,110.21,2026-05-10
ACC_001017,ACC_001431,161.03,2026-02-01
ACC_001017,ACC_001431,164.83,2026-01-29
ACC_001017,ACC_001431,235.54,2026-05-08
ACC_001017,ACC_001431,237.83,2025-10-07
ACC_001017,ACC_001431,25.07,2026-05-18
ACC_001017,ACC_001431,265.88,2026-04-27
ACC_001017,ACC_001431,33.23,2026-04-14
ACC_001017,ACC_001431,34.76,2026-05-17
ACC_001017,ACC_001431,41.19,2026-04-27
ACC_001017,ACC_001431,41.80,2025-12-28
ACC_001017,ACC_001431,491.79,2025-11-30
ACC_001017,ACC_001431,659.56,2026-05-19
ACC_001017,ACC_001431,70.97,2026-05-24
ACC_001017,ACC_001431,709.27,2025-07-19
ACC_001017,ACC_001431,945.63,2026-02-03
ACC_001017,ACC_001431,967.89,2026-05-09
ACC_001017,ACC_001431,97.34,2025-12-17
ACC_001017,ACC_001445,27.97,2025-08-11
ACC_001017,ACC_001445,41.66,2025-07-31
ACC_001017,ACC_001446,259.41,2025-07-30
ACC_001017,ACC_001468,374.41,2026-02-01
ACC_001017,ACC_001468,40.80,2026-02-04
ACC_001017,ACC_001471,1068.26,2025-09-08
ACC_001017,ACC_001471,178.97,2025-10-03
ACC_001017,ACC_001471,192.78,2025-10-06
ACC_001017,ACC_001472,15.48,2025-12-28
ACC_001017,ACC_001473,9.57,2025-12-31
ACC_001017,ACC_001473,93.50,2025-12-31
ACC_001017,ACC_001499,10.43,2025-08-29
ACC_001017,ACC_001499,331.96,2026-04-03
ACC_001017,ACC_001499,6.80,2025-09-03
ACC_001017,ACC_001500,40.42,2026-04-17
ACC_001017,ACC_001500,49.45,2026-03-27
ACC_001017,ACC_001500,78.40,2025-08-29
ACC_001017,ACC_001572,13.83,2026-05-13
ACC_001017,ACC_001572,166.25,2026-05-21
ACC_001018,ACC_001431,128.32,2026-04-14
ACC_001018,ACC_001431,37.22,2025-09-12
ACC_001018,ACC_001431,416.27,2025-09-06
ACC_001018,ACC_001431,66.90,2025-09-16
ACC_001018,ACC_001431,77.19,2026-02-09
ACC_001018,ACC_001485,15.75,2026-04-30
ACC_001018,ACC_001485,255.96,2026-04-25
ACC_001019,ACC_001301,227.50,2026-02-07
ACC_001019,ACC_001499,127.71,2025-09-05
ACC_001019,ACC_001499,178.22,2025-12-26
ACC_001019,ACC_001500,34.93,2025-12-22
ACC_001019,ACC_001500,9.53,2025-08-30
ACC_001020,ACC_001343,20.07,2026-03-22
ACC_001020,ACC_001344,140.52,2026-03-27
ACC_001020,ACC_001349,20.45,2025-10-19
ACC_001020,ACC_001349,242.03,2025-10-17
ACC_001020,ACC_001349,32.27,2025-10-31
ACC_001020,ACC_001365,103.63,2026-05-08
ACC_001020,ACC_001365,14.05,2026-05-15
ACC_001020,ACC_001365,9.56,2026-05-12
ACC_001020,ACC_001370,358.97,2026-04-12
ACC_001020,ACC_001370,587.24,2025-10-10
ACC_001020,ACC_001371,116.26,2025-10-07
ACC_001020,ACC_001371,48.10,2026-04-24
ACC_001020,ACC_001372,239.98,2025-11-19
ACC_001020,ACC_001372,57.23,2025-11-20
ACC_001020,ACC_001372,7.41,2025-10-29
ACC_001020,ACC_001499,109.37,2025-08-02
ACC_001020,ACC_001500,7.56,2025-08-03
ACC_001021,ACC_001431,582.39,2025-08-01
ACC_001022,ACC_001431,12.12,2026-02-13
ACC_001022,ACC_001431,15.57,2026-03-30
ACC_001022,ACC_001431,16.86,2026-02-09
ACC_001022,ACC_001431,17.02,2026-03-31
ACC_001022,ACC_001431,170.18,2026-04-05
ACC_001022,ACC_001431,84.35,2026-02-14
ACC_001024,ACC_001301,1467.40,2026-06-07
ACC_001024,ACC_001301,176.15,2026-05-13
ACC_001024,ACC_001301,89.86,2026-05-31
ACC_001024,ACC_001500,327.02,2026-05-14
ACC_001024,ACC_001500,60.12,2026-05-18
ACC_001027,ACC_001359,204.82,2025-08-12
ACC_001029,ACC_001252,670.39,2025-08-27
ACC_001029,ACC_001307,251.25,2025-11-04
ACC_001029,ACC_001339,460.75,2026-03-14
ACC_001029,ACC_001340,52.94,2026-03-15
ACC_001029,ACC_001431,137.36,2026-03-19
ACC_001029,ACC_001431,157.79,2025-09-16
ACC_001029,ACC_001431,18.89,2026-03-23
ACC_001029,ACC_001431,185.09,2026-06-15
ACC_001029,ACC_001431,21.83,2026-03-16
ACC_001029,ACC_001431,2381.22,2026-05-29
ACC_001029,ACC_001431,29.65,2026-05-03
ACC_001029,ACC_001431,324.95,2026-04-08
ACC_001029,ACC_001431,48.50,2025-09-10
ACC_001029,ACC_001431,958.25,2025-09-25
ACC_001029,ACC_001436,104.22,2026-04-25
ACC_001029,ACC_001436,83.36,2026-04-24
ACC_001029,ACC_001436,951.53,2026-04-21
ACC_001031,ACC_001268,79.40,2026-04-01
ACC_001031,ACC_001269,509.54,2026-03-23
ACC_001031,ACC_001269,57.56,2026-04-04
ACC_001037,ACC_001263,132.64,2026-01-26
ACC_001037,ACC_001264,770.95,2026-02-19
ACC_001037,ACC_001431,170.80,2026-01-23
ACC_001037,ACC_001431,172.32,2025-09-27
ACC_001037,ACC_001431,23.73,2025-10-05
ACC_001037,ACC_001431,24.82,2026-05-01
ACC_001037,ACC_001431,344.26,2025-10-20
ACC_001037,ACC_001431,439.41,2026-04-26
ACC_001037,ACC_001431,50.63,2025-10-06
ACC_001037,ACC_001431,54.49,2026-04-28
ACC_001037,ACC_001431,6.35,2025-10-20
ACC_001037,ACC_001431,9.78,2025-10-21
ACC_001040,ACC_001388,412.99,2025-10-02
ACC_001040,ACC_001431,20.80,2026-02-15
ACC_001040,ACC_001431,301.07,2026-02-04
ACC_001040,ACC_001431,57.06,2026-02-06
ACC_001044,ACC_001431,271.11,2025-09-12
ACC_001045,ACC_001366,2723.36,2025-11-04
ACC_001047,ACC_001339,841.65,2025-10-25
ACC_001047,ACC_001372,12.18,2026-04-21
ACC_001047,ACC_001372,170.91,2026-05-06
ACC_001047,ACC_001431,1407.89,2025-09-25
ACC_001047,ACC_001499,49.81,2025-08-04
ACC_001047,ACC_001500,275.64,2025-07-26
ACC_001047,ACC_001500,31.71,2025-07-24
ACC_001048,ACC_001304,30.89,2025-09-19
ACC_001048,ACC_001305,38.50,2025-09-19
ACC_001048,ACC_001305,462.82,2025-09-22
ACC_001048,ACC_001388,102.04,2025-12-14
ACC_001048,ACC_001388,111.71,2025-11-21
ACC_001048,ACC_001388,639.54,2025-12-06
ACC_001048,ACC_001537,505.48,2025-10-14
ACC_001048,ACC_001537,91.12,2025-10-19
ACC_001052,ACC_001431,938.83,2026-05-27
ACC_001054,ACC_001248,26.09,2025-08-16
ACC_001054,ACC_001249,137.57,2025-09-01
ACC_001054,ACC_001249,16.88,2025-09-14
ACC_001054,ACC_001252,25.43,2026-02-27
ACC_001054,ACC_001252,267.17,2026-03-14
ACC_001054,ACC_001252,44.67,2025-12-24
ACC_001054,ACC_001252,538.45,2025-12-22
ACC_001054,ACC_001252,75.59,2025-12-30
ACC_001054,ACC_001254,40.69,2026-06-05
ACC_001054,ACC_001254,51.69,2026-05-23
ACC_001054,ACC_001255,287.95,2026-05-10
ACC_001054,ACC_001341,103.94,2025-10-21
ACC_001054,ACC_001341,17.74,2025-10-15
ACC_001054,ACC_001342,20.32,2025-10-27
ACC_001054,ACC_001348,27.10,2025-08-12
ACC_001054,ACC_001348,532.41,2026-05-18
ACC_001054,ACC_001348,74.57,2025-09-21
ACC_001054,ACC_001349,303.10,2025-07-30
ACC_001054,ACC_001349,644.91,2025-09-18
ACC_001054,ACC_001349,67.28,2026-05-19
ACC_001054,ACC_001354,579.59,2026-02-22
ACC_001054,ACC_001366,17.75,2026-03-31
ACC_001054,ACC_001366,202.33,2026-03-27
ACC_001054,ACC_001368,1636.44,2026-04-20
ACC_001054,ACC_001372,1014.63,2025-08-17
ACC_001054,ACC_001372,161.69,2025-07-29
ACC_001054,ACC_001372,262.96,2026-04-10
ACC_001054,ACC_001372,29.32,2026-04-11
ACC_001054,ACC_001372,52.36,2025-08-07
ACC_001054,ACC_001374,655.10,2026-04-25
ACC_001054,ACC_001381,142.31,2026-05-08
ACC_001054,ACC_001382,18.77,2026-04-27
ACC_001054,ACC_001382,7.75,2026-04-26
ACC_001054,ACC_001388,25.22,2026-03-03
ACC_001054,ACC_001388,274.86,2026-02-24
ACC_001054,ACC_001388,35.52,2026-01-05
ACC_001054,ACC_001388,37.86,2025-08-05
ACC_001054,ACC_001388,42.15,2025-12-22
ACC_001054,ACC_001388,46.07,2026-02-21
ACC_001054,ACC_001388,48.62,2025-08-03
ACC_001054,ACC_001388,480.22,2025-08-03
ACC_001054,ACC_001388,493.38,2025-12-25
ACC_001054,ACC_001388,609.11,2025-12-08
ACC_001054,ACC_001388,62.05,2025-12-03
ACC_001054,ACC_001388,83.26,2025-12-12
ACC_001054,ACC_001431,1057.43,2025-09-26
ACC_001054,ACC_001431,11.54,2026-03-11
ACC_001054,ACC_001431,112.47,2026-04-22
ACC_001054,ACC_001431,134.81,2026-03-03
ACC_001054,ACC_001431,136.55,2025-10-13
ACC_001054,ACC_001431,15.88,2025-09-13
ACC_001054,ACC_001431,16.95,2025-09-01
ACC_001054,ACC_001431,168.30,2026-05-17
ACC_001054,ACC_001431,194.09,2025-09-18
ACC_001054,ACC_001431,196.82,2025-09-01
ACC_001054,ACC_001431,202.63,2025-09-29
ACC_001054,ACC_001431,203.25,2026-04-10
ACC_001054,ACC_001431,21.48,2025-10-21
ACC_001054,ACC_001431,24.68,2025-08-07
ACC_001054,ACC_001431,25.83,2026-02-09
ACC_001054,ACC_001431,256.16,2025-10-21
ACC_001054,ACC_001431,300.16,2025-08-25
ACC_001054,ACC_001431,345.34,2025-08-08
ACC_001054,ACC_001431,35.64,2025-08-29
ACC_001054,ACC_001431,372.71,2025-11-05
ACC_001054,ACC_001431,407.61,2026-03-07
ACC_001054,ACC_001431,43.80,2025-08-30
ACC_001054,ACC_001431,438.83,2026-01-31
ACC_001054,ACC_001431,54.85,2025-11-05
ACC_001054,ACC_001431,55.45,2025-09-11
ACC_001054,ACC_001431,6.52,2025-11-05
ACC_001054,ACC_001431,634.08,2026-03-25
ACC_001054,ACC_001431,65.32,2026-03-24
ACC_001054,ACC_001431,702.51,2026-03-30
ACC_001054,ACC_001431,713.56,2025-10-24
ACC_001054,ACC_001431,735.14,2026-03-12
ACC_001054,ACC_001431,74.62,2026-04-14
ACC_001054,ACC_001431,83.65,2026-02-07
ACC_001054,ACC_001431,85.92,2026-03-05
ACC_001054,ACC_001482,1124.75,2026-01-31
ACC_001054,ACC_001482,191.08,2026-01-31
ACC_001054,ACC_001482,63.44,2026-01-15
ACC_001054,ACC_001498,485.66,2025-11-27
ACC_001054,ACC_001498,84.35,2025-11-27
ACC_001054,ACC_001499,13.46,2025-07-31
ACC_001054,ACC_001499,144.89,2025-08-17
ACC_001054,ACC_001499,399.30,2026-04-26
ACC_001054,ACC_001499,53.52,2025-10-24
ACC_001054,ACC_001499,70.77,2026-05-05
ACC_001054,ACC_001499,85.18,2026-03-19
ACC_001054,ACC_001499,975.10,2025-11-07
ACC_001054,ACC_001500,48.28,2026-04-20
ACC_001054,ACC_001500,8.26,2025-10-20
ACC_001054,ACC_001508,1016.34,2025-10-22
ACC_001054,ACC_001508,391.60,2026-01-22
ACC_001054,ACC_001509,50.26,2026-02-21
ACC_001054,ACC_001509,74.14,2026-01-28
ACC_001054,ACC_001522,76.09,2026-02-01
ACC_001055,ACC_001237,1012.40,2025-08-11
ACC_001055,ACC_001237,171.27,2025-08-13
ACC_001055,ACC_001237,67.79,2025-08-16
ACC_001055,ACC_001252,106.40,2026-01-31
ACC_001055,ACC_001252,564.87,2026-02-03
ACC_001055,ACC_001253,120.56,2026-03-14
ACC_001055,ACC_001253,123.71,2026-04-04
ACC_001055,ACC_001253,126.86,2025-12-22
ACC_001055,ACC_001253,18.15,2026-01-11
ACC_001055,ACC_001253,20.01,2026-04-05
ACC_001055,ACC_001253,661.38,2026-03-06
ACC_001055,ACC_001253,9.32,2025-12-27
ACC_001055,ACC_001253,93.47,2026-03-25
ACC_001055,ACC_001264,97.68,2026-01-11
ACC_001055,ACC_001268,62.48,2026-03-28
ACC_001055,ACC_001268,97.16,2026-04-01
ACC_001055,ACC_001269,652.87,2026-04-04
ACC_001055,ACC_001302,353.55,2025-11-15
ACC_001055,ACC_001339,378.42,2026-04-25
ACC_001055,ACC_001340,54.90,2026-05-16
ACC_001055,ACC_001344,59.22,2026-04-01
ACC_001055,ACC_001344,8.17,2026-03-28
ACC_001055,ACC_001348,114.45,2026-01-27
ACC_001055,ACC_001348,21.29,2026-03-30
ACC_001055,ACC_001349,159.23,2026-03-20
ACC_001055,ACC_001349,9.71,2026-04-06
ACC_001055,ACC_001372,13.78,2025-08-06
ACC_001055,ACC_001372,69.86,2025-08-04
ACC_001055,ACC_001388,327.56,2026-02-20
ACC_001055,ACC_001388,46.11,2026-03-12
ACC_001055,ACC_001388,50.63,2026-03-07
ACC_001055,ACC_001431,10.28,2026-03-23
ACC_001055,ACC_001431,11.66,2025-08-22
ACC_001055,ACC_001431,1145.23,2026-03-05
ACC_001055,ACC_001431,115.71,2026-01-24
ACC_001055,ACC_001431,119.89,2025-10-21
ACC_001055,ACC_001431,125.05,2025-08-05
ACC_001055,ACC_001431,13.06,2026-05-30
ACC_001055,ACC_001431,1403.09,2026-02-02
ACC_001055,ACC_001431,144.24,2025-10-15
ACC_001055,ACC_001431,17.20,2026-03-06
ACC_001055,ACC_001431,175.00,2026-03-01
ACC_001055,ACC_001431,18.03,2025-10-05
ACC_001055,ACC_001431,18.53,2025-10-18
ACC_001055,ACC_001431,18.98,2025-10-27
ACC_001055,ACC_001431,182.41,2026-04-27
ACC_001055,ACC_001431,186.20,2026-02-07
ACC_001055,ACC_001431,187.98,2026-03-06
ACC_001055,ACC_001431,202.96,2025-10-07
ACC_001055,ACC_001431,205.70,2026-06-02
ACC_001055,ACC_001431,210.69,2025-11-08
ACC_001055,ACC_001431,23.43,2026-06-04
ACC_001055,ACC_001431,23.45,2025-12-28
ACC_001055,ACC_001431,294.88,2026-03-22
ACC_001055,ACC_001431,3.86,2025-12-23
ACC_001055,ACC_001431,34.77,2026-04-27
ACC_001055,ACC_001431,35.17,2026-05-05
ACC_001055,ACC_001431,36.73,2026-01-09
ACC_001055,ACC_001431,369.28,2025-12-25
ACC_001055,ACC_001431,376.55,2026-05-15
ACC_001055,ACC_001431,41.93,2026-03-07
ACC_001055,ACC_001431,487.15,2026-01-10
ACC_001055,ACC_001431,53.05,2026-01-11
ACC_001055,ACC_001431,549.23,2026-04-16
ACC_001055,ACC_001431,567.23,2026-03-07
ACC_001055,ACC_001431,610.51,2025-10-08
ACC_001055,ACC_001431,65.63,2026-03-01
ACC_001055,ACC_001431,694.90,2025-08-24
ACC_001055,ACC_001431,746.78,2026-04-07
ACC_001055,ACC_001431,776.71,2025-08-30
ACC_001055,ACC_001431,88.11,2026-03-11
ACC_001055,ACC_001431,93.23,2026-01-12
ACC_001055,ACC_001431,98.58,2025-08-07
ACC_001055,ACC_001436,152.40,2025-11-23
ACC_001055,ACC_001438,22.59,2026-05-07
ACC_001055,ACC_001438,336.63,2026-05-05
ACC_001055,ACC_001438,56.30,2026-04-25
ACC_001055,ACC_001442,46.74,2025-08-02
ACC_001055,ACC_001443,368.81,2025-08-06
ACC_001055,ACC_001459,1173.94,2026-02-15
ACC_001055,ACC_001459,179.01,2026-02-09
ACC_001055,ACC_001459,64.72,2026-02-09
ACC_001055,ACC_001480,15.55,2025-11-30
ACC_001055,ACC_001480,8.82,2025-12-07
ACC_001055,ACC_001481,98.80,2025-12-03
ACC_001055,ACC_001498,114.98,2025-10-27
ACC_001055,ACC_001498,638.52,2025-10-20
ACC_001055,ACC_001498,99.24,2025-10-21
ACC_001055,ACC_001499,108.79,2026-04-04
ACC_001055,ACC_001499,125.99,2026-01-09
ACC_001055,ACC_001499,570.92,2025-10-22
ACC_001055,ACC_001499,61.39,2025-10-21
ACC_001055,ACC_001500,1113.78,2025-11-27
ACC_001055,ACC_001500,123.01,2026-04-11
ACC_001055,ACC_001500,147.53,2026-01-17
ACC_001055,ACC_001500,225.05,2025-12-30
ACC_001055,ACC_001500,757.74,2026-01-12
ACC_001055,ACC_001500,887.07,2026-03-11
ACC_001055,ACC_001547,12.87,2026-02-02
ACC_001055,ACC_001547,181.14,2026-02-15
ACC_001055,ACC_001547,25.24,2026-03-25
ACC_001055,ACC_001547,297.93,2026-03-01
ACC_001055,ACC_001547,30.48,2026-03-21
ACC_001056,ACC_001252,114.55,2025-08-27
ACC_001056,ACC_001252,1282.89,2025-08-27
ACC_001056,ACC_001252,88.00,2025-09-10
ACC_001056,ACC_001253,546.70,2025-10-22
ACC_001056,ACC_001253,92.57,2025-10-24
ACC_001056,ACC_001253,93.95,2025-11-10
ACC_001056,ACC_001287,2479.85,2026-05-21
ACC_001056,ACC_001288,384.28,2026-05-28
ACC_001056,ACC_001291,11.84,2026-05-21
ACC_001056,ACC_001291,66.50,2026-06-09
ACC_001056,ACC_001309,123.85,2025-12-18
ACC_001056,ACC_001309,1241.54,2025-12-30
ACC_001056,ACC_001309,173.00,2025-12-19
ACC_001056,ACC_001310,983.51,2026-04-06
ACC_001056,ACC_001311,72.87,2026-05-02
ACC_001056,ACC_001314,152.10,2025-09-14
ACC_001056,ACC_001315,975.92,2025-09-13
ACC_001056,ACC_001348,196.32,2025-12-05
ACC_001056,ACC_001372,1101.07,2026-01-21
ACC_001056,ACC_001372,1272.14,2026-04-22
ACC_001056,ACC_001372,142.71,2026-05-03
ACC_001056,ACC_001372,192.50,2026-01-17
ACC_001056,ACC_001372,3646.17,2026-01-19
ACC_001056,ACC_001380,71.31,2025-09-13
ACC_001056,ACC_001380,770.91,2025-09-03
ACC_001056,ACC_001388,865.02,2025-07-15
ACC_001056,ACC_001420,316.49,2025-08-24
ACC_001056,ACC_001431,100.89,2026-01-10
ACC_001056,ACC_001431,11.16,2026-05-12
ACC_001056,ACC_001431,1150.30,2026-03-27
ACC_001056,ACC_001431,14.77,2026-05-18
ACC_001056,ACC_001431,162.11,2026-03-29
ACC_001056,ACC_001431,2419.93,2026-01-24
ACC_001056,ACC_001431,2448.58,2025-07-29
ACC_001056,ACC_001431,258.92,2025-09-07
ACC_001056,ACC_001431,27.58,2025-10-01
ACC_001056,ACC_001431,301.25,2025-12-29
ACC_001056,ACC_001431,35.15,2025-09-06
ACC_001056,ACC_001431,37.58,2025-12-28
ACC_001056,ACC_001431,382.42,2026-01-05
ACC_001056,ACC_001431,396.85,2025-08-10
ACC_001056,ACC_001431,41.20,2026-01-09
ACC_001056,ACC_001431,426.79,2025-09-21
ACC_001056,ACC_001431,426.84,2026-01-30
ACC_001056,ACC_001431,66.52,2025-08-01
ACC_001056,ACC_001431,77.90,2026-04-30
ACC_001056,ACC_001431,8.25,2026-05-07
ACC_001056,ACC_001431,8.50,2025-08-10
ACC_001056,ACC_001431,91.92,2026-05-05
ACC_001056,ACC_001438,264.04,2025-09-10
ACC_001056,ACC_001438,43.95,2025-09-21
ACC_001056,ACC_001438,52.56,2025-09-12
ACC_001056,ACC_001459,184.14,2026-01-09
ACC_001056,ACC_001459,32.80,2026-01-04
ACC_001056,ACC_001499,220.69,2026-02-24
ACC_001056,ACC_001499,2301.44,2025-10-04
ACC_001056,ACC_001499,25.74,2026-03-04
ACC_001056,ACC_001499,70.25,2026-06-01
ACC_001056,ACC_001500,729.01,2026-05-16
ACC_001056,ACC_001500,82.72,2026-05-14
ACC_001056,ACC_001572,706.00,2025-07-20
ACC_001057,ACC_001233,441.76,2026-02-15
ACC_001057,ACC_001234,50.70,2026-02-11
ACC_001057,ACC_001234,52.25,2026-02-18
ACC_001057,ACC_001245,20.07,2025-10-31
ACC_001057,ACC_001245,364.68,2025-10-25
ACC_001057,ACC_001252,171.40,2026-03-15
ACC_001057,ACC_001256,361.80,2026-04-23
ACC_001057,ACC_001256,37.10,2026-04-13
ACC_001057,ACC_001263,578.08,2025-12-10
ACC_001057,ACC_001292,1605.02,2025-08-23
ACC_001057,ACC_001293,221.60,2025-08-31
ACC_001057,ACC_001293,90.97,2025-09-05
ACC_001057,ACC_001301,1101.71,2025-08-18
ACC_001057,ACC_001301,163.74,2025-09-04
ACC_001057,ACC_001301,165.78,2025-08-09
ACC_001057,ACC_001301,60.07,2025-10-06
ACC_001057,ACC_001301,65.13,2025-10-21
ACC_001057,ACC_001301,670.38,2025-10-03
ACC_001057,ACC_001339,60.82,2025-11-22
ACC_001057,ACC_001339,73.62,2025-11-11
ACC_001057,ACC_001340,484.38,2026-04-29
ACC_001057,ACC_001340,586.21,2025-11-20
ACC_001057,ACC_001349,536.62,2025-11-27
ACC_001057,ACC_001349,56.39,2025-11-29
ACC_001057,ACC_001372,399.09,2025-08-03
ACC_001057,ACC_001388,108.46,2025-07-30
ACC_001057,ACC_001388,545.15,2025-07-26
ACC_001057,ACC_001388,84.22,2025-08-08
ACC_001057,ACC_001431,10.89,2026-02-24
ACC_001057,ACC_001431,1032.28,2026-05-03
ACC_001057,ACC_001431,12.62,2026-05-01
ACC_001057,ACC_001431,120.03,2026-05-03
ACC_001057,ACC_001431,1432.97,2026-02-10
ACC_001057,ACC_001431,172.03,2025-09-25
ACC_001057,ACC_001431,182.73,2026-02-16
ACC_001057,ACC_001431,188.53,2025-11-26
ACC_001057,ACC_001431,20.32,2026-04-26
ACC_001057,ACC_001431,207.23,2026-02-11
ACC_001057,ACC_001431,29.96,2025-11-28
ACC_001057,ACC_001431,434.03,2025-11-06
ACC_001057,ACC_001431,675.85,2025-10-06
ACC_001057,ACC_001431,78.52,2025-09-30
ACC_001057,ACC_001431,79.67,2026-05-10
ACC_001057,ACC_001431,93.85,2025-10-12
ACC_001057,ACC_001431,943.21,2025-11-18
ACC_001057,ACC_001438,112.54,2025-09-05
ACC_001057,ACC_001438,117.62,2025-07-30
ACC_001057,ACC_001438,12.50,2025-09-17
ACC_001057,ACC_001438,1888.17,2025-08-13
ACC_001057,ACC_001438,217.04,2025-07-31
ACC_001057,ACC_001438,295.04,2025-08-26
ACC_001057,ACC_001438,636.71,2025-07-21
ACC_001057,ACC_001438,84.72,2025-08-07
ACC_001057,ACC_001441,1062.90,2025-10-26
ACC_001057,ACC_001441,142.01,2025-10-11
ACC_001057,ACC_001454,2493.45,2025-10-04
ACC_001057,ACC_001485,1115.84,2026-03-10
ACC_001057,ACC_001485,145.43,2025-12-12
ACC_001057,ACC_001485,22.58,2025-12-13
ACC_001057,ACC_001485,23.23,2026-01-02
ACC_001057,ACC_001485,338.92,2025-10-19
ACC_001057,ACC_001499,194.08,2025-11-03
ACC_001057,ACC_001499,481.79,2025-09-25
ACC_001057,ACC_001499,50.56,2025-10-05
ACC_001057,ACC_001499,75.09,2025-08-25
ACC_001057,ACC_001499,96.18,2025-10-04
ACC_001057,ACC_001500,104.37,2026-03-03
ACC_001057,ACC_001500,171.63,2025-11-30
ACC_001057,ACC_001505,1010.38,2026-02-11
ACC_001057,ACC_001556,1948.48,2026-05-08
ACC_001057,ACC_001556,291.70,2026-05-08
ACC_001057,ACC_001573,108.59,2025-11-18
ACC_001057,ACC_001573,115.50,2025-11-23
ACC_001057,ACC_001573,662.41,2025-11-02
ACC_001058,ACC_001237,762.91,2026-03-29
ACC_001058,ACC_001247,1072.65,2026-04-24
ACC_001058,ACC_001297,107.17,2026-03-08
ACC_001058,ACC_001297,96.60,2026-04-07
ACC_001058,ACC_001298,659.72,2026-03-26
ACC_001058,ACC_001301,704.09,2025-09-29
ACC_001058,ACC_001301,73.74,2025-10-24
ACC_001058,ACC_001339,106.07,2025-10-05
ACC_001058,ACC_001339,185.54,2025-09-27
ACC_001058,ACC_001339,691.72,2025-10-02
ACC_001058,ACC_001340,1035.15,2025-08-07
ACC_001058,ACC_001340,107.42,2025-10-18
ACC_001058,ACC_001340,1206.51,2025-10-04
ACC_001058,ACC_001340,132.10,2025-10-23
ACC_001058,ACC_001343,34.72,2025-10-05
ACC_001058,ACC_001344,20.95,2025-10-15
ACC_001058,ACC_001344,213.54,2025-10-23
ACC_001058,ACC_001348,805.66,2025-12-20
ACC_001058,ACC_001349,63.83,2025-12-16
ACC_001058,ACC_001350,50.57,2026-05-14
ACC_001058,ACC_001350,52.77,2026-05-25
ACC_001058,ACC_001350,690.76,2026-06-09
ACC_001058,ACC_001370,655.21,2026-05-04
ACC_001058,ACC_001371,71.99,2026-05-17
ACC_001058,ACC_001372,303.28,2026-05-16
ACC_001058,ACC_001372,37.56,2026-05-25
ACC_001058,ACC_001372,42.94,2026-05-02
ACC_001058,ACC_001372,675.02,2025-10-18
ACC_001058,ACC_001388,343.19,2026-02-15
ACC_001058,ACC_001388,43.41,2026-02-25
ACC_001058,ACC_001388,54.13,2026-02-16
ACC_001058,ACC_001431,103.27,2025-10-15
ACC_001058,ACC_001431,1048.45,2025-09-12
ACC_001058,ACC_001431,15.40,2025-08-11
ACC_001058,ACC_001431,15.75,2026-05-24
ACC_001058,ACC_001431,15.78,2025-08-14
ACC_001058,ACC_001431,157.25,2026-03-27
ACC_001058,ACC_001431,16.94,2025-09-26
ACC_001058,ACC_001431,165.80,2025-08-01
ACC_001058,ACC_001431,212.99,2026-06-01
ACC_001058,ACC_001431,2168.07,2026-03-03
ACC_001058,ACC_001431,230.07,2025-09-06
ACC_001058,ACC_001431,31.62,2025-08-19
ACC_001058,ACC_001431,325.18,2026-03-06
ACC_001058,ACC_001431,3347.66,2026-03-08
ACC_001058,ACC_001431,39.83,2026-06-08
ACC_001058,ACC_001431,430.12,2026-02-16
ACC_001058,ACC_001431,507.48,2025-10-09
ACC_001058,ACC_001431,55.11,2026-02-26
ACC_001058,ACC_001431,597.47,2025-08-30
ACC_001058,ACC_001431,83.22,2026-02-09
ACC_001058,ACC_001431,846.46,2026-04-14
ACC_001058,ACC_001431,95.56,2025-09-12
ACC_001058,ACC_001431,982.15,2026-05-20
ACC_001058,ACC_001482,653.42,2026-01-27
ACC_001058,ACC_001484,15.94,2025-11-12
ACC_001058,ACC_001484,96.06,2025-11-09
ACC_001058,ACC_001498,12.24,2025-12-24
ACC_001058,ACC_001498,177.11,2025-12-19
ACC_001058,ACC_001498,33.48,2025-12-31
ACC_001058,ACC_001499,304.26,2026-01-15
ACC_001058,ACC_001499,432.57,2025-12-29
ACC_001058,ACC_001499,926.67,2025-10-20
ACC_001058,ACC_001500,22.78,2025-12-20
ACC_001058,ACC_001500,38.23,2025-12-17
ACC_001064,ACC_001431,208.31,2025-10-14
ACC_001064,ACC_001431,40.42,2025-09-28
ACC_001067,ACC_001301,12.16,2025-11-10
ACC_001067,ACC_001301,173.59,2025-10-30
ACC_001067,ACC_001301,22.62,2025-10-24
ACC_001068,ACC_001348,426.59,2025-08-24
ACC_001068,ACC_001349,28.49,2025-09-02
ACC_001068,ACC_001349,51.10,2025-08-28
ACC_001069,ACC_001431,259.58,2026-04-22
ACC_001070,ACC_001253,660.49,2026-02-04
ACC_001070,ACC_001253,90.26,2026-01-23
ACC_001070,ACC_001431,22.95,2025-12-18
ACC_001070,ACC_001431,368.71,2025-12-17
ACC_001071,ACC_001415,94.77,2026-03-15
ACC_001071,ACC_001431,1470.68,2026-02-24
ACC_001071,ACC_001431,208.46,2026-02-15
ACC_001071,ACC_001431,241.26,2026-02-22
ACC_001071,ACC_001485,109.77,2025-09-15
ACC_001071,ACC_001485,633.52,2025-09-15
ACC_001071,ACC_001527,219.87,2026-02-09
ACC_001071,ACC_001527,33.59,2026-02-01
ACC_001072,ACC_001252,19.42,2025-12-01
ACC_001072,ACC_001252,287.12,2025-12-16
ACC_001072,ACC_001253,264.81,2025-10-04
ACC_001072,ACC_001253,31.56,2025-09-16
ACC_001072,ACC_001253,52.71,2025-10-10
ACC_001072,ACC_001254,214.77,2025-11-25
ACC_001072,ACC_001255,1390.31,2025-11-11
ACC_001072,ACC_001345,361.02,2025-08-11
ACC_001072,ACC_001348,194.47,2026-04-12
ACC_001072,ACC_001348,26.66,2026-04-12
ACC_001072,ACC_001348,427.51,2026-05-01
ACC_001072,ACC_001348,43.60,2026-05-10
ACC_001072,ACC_001349,34.18,2026-04-27
ACC_001072,ACC_001365,728.94,2026-04-28
ACC_001072,ACC_001365,75.76,2026-04-18
ACC_001072,ACC_001372,10.49,2025-07-21
ACC_001072,ACC_001372,133.16,2025-09-14
ACC_001072,ACC_001372,167.06,2025-07-29
ACC_001072,ACC_001372,185.34,2025-11-27
ACC_001072,ACC_001372,2166.46,2025-11-26
ACC_001072,ACC_001372,2300.75,2025-11-27
ACC_001072,ACC_001372,24.79,2025-07-15
ACC_001072,ACC_001372,66.23,2025-09-22
ACC_001072,ACC_001372,920.15,2025-09-10
ACC_001072,ACC_001375,1061.51,2025-11-13
ACC_001072,ACC_001388,132.02,2025-09-23
ACC_001072,ACC_001388,28.62,2026-05-04
ACC_001072,ACC_001388,357.95,2026-04-22
ACC_001072,ACC_001431,1095.66,2026-05-19
ACC_001072,ACC_001431,1128.59,2025-08-18
ACC_001072,ACC_001431,140.55,2025-08-30
ACC_001072,ACC_001431,155.29,2025-12-27
ACC_001072,ACC_001431,156.95,2025-08-14
ACC_001072,ACC_001431,20.46,2026-06-07
ACC_001072,ACC_001431,324.07,2026-05-26
ACC_001072,ACC_001431,446.71,2026-05-30
ACC_001072,ACC_001431,639.51,2026-01-01
ACC_001072,ACC_001431,68.38,2026-04-30
ACC_001072,ACC_001431,82.40,2026-05-08
ACC_001072,ACC_001431,908.20,2025-08-19
ACC_001072,ACC_001499,1349.48,2025-08-16
ACC_001074,ACC_001339,27.95,2026-04-20
ACC_001074,ACC_001340,184.62,2026-04-23
ACC_001074,ACC_001419,631.65,2026-05-15
ACC_001074,ACC_001431,53.76,2026-02-01
ACC_001074,ACC_001431,9.49,2026-01-29
ACC_001075,ACC_001371,217.41,2026-01-07
ACC_001076,ACC_001237,49.47,2025-07-27
ACC_001076,ACC_001237,552.95,2025-08-01
ACC_001076,ACC_001237,77.96,2025-08-04
ACC_001076,ACC_001248,57.57,2026-02-27
ACC_001076,ACC_001249,4.28,2026-02-10
ACC_001076,ACC_001252,10.76,2025-11-26
ACC_001076,ACC_001252,122.34,2026-01-30
ACC_001076,ACC_001252,160.58,2026-02-09
ACC_001076,ACC_001252,17.43,2025-11-28
ACC_001076,ACC_001252,390.82,2025-11-08
ACC_001076,ACC_001252,404.20,2026-01-01
ACC_001076,ACC_001252,46.54,2025-11-01
ACC_001076,ACC_001252,48.15,2025-08-27
ACC_001076,ACC_001252,53.02,2025-12-18
ACC_001076,ACC_001252,562.19,2025-09-11
ACC_001076,ACC_001252,60.17,2025-12-29
ACC_001076,ACC_001252,656.56,2025-09-21
ACC_001076,ACC_001252,910.12,2026-02-08
ACC_001076,ACC_001252,96.61,2025-11-19
ACC_001076,ACC_001253,114.53,2025-11-13
ACC_001076,ACC_001253,26.60,2025-09-11
ACC_001076,ACC_001253,418.76,2025-09-28
ACC_001076,ACC_001253,62.24,2025-09-29
ACC_001076,ACC_001253,902.91,2025-11-01
ACC_001076,ACC_001273,726.43,2026-04-05
ACC_001076,ACC_001273,75.41,2026-04-16
ACC_001076,ACC_001273,90.87,2026-04-02
ACC_001076,ACC_001286,26.07,2026-02-07
ACC_001076,ACC_001286,491.72,2026-01-31
ACC_001076,ACC_001292,476.47,2026-05-11
ACC_001076,ACC_001293,58.49,2026-05-12
ACC_001076,ACC_001293,75.10,2026-05-12
ACC_001076,ACC_001297,540.97,2025-08-10
ACC_001076,ACC_001298,107.57,2025-08-07
ACC_001076,ACC_001320,789.38,2026-04-25
ACC_001076,ACC_001332,17.66,2025-11-14
ACC_001076,ACC_001333,124.11,2025-11-01
ACC_001076,ACC_001335,42.79,2026-05-11
ACC_001076,ACC_001336,276.23,2026-05-02
ACC_001076,ACC_001336,33.42,2026-04-28
ACC_001076,ACC_001339,628.99,2026-03-06
ACC_001076,ACC_001340,66.06,2025-11-29
ACC_001076,ACC_001343,158.28,2025-11-23
ACC_001076,ACC_001343,250.59,2025-07-29
ACC_001076,ACC_001343,43.23,2025-08-03
ACC_001076,ACC_001343,940.12,2025-12-03
ACC_001076,ACC_001348,104.89,2026-02-01
ACC_001076,ACC_001348,1130.65,2025-09-18
ACC_001076,ACC_001348,132.81,2025-09-06
ACC_001076,ACC_001348,146.12,2025-09-19
ACC_001076,ACC_001348,188.04,2026-01-16
ACC_001076,ACC_001348,254.78,2025-10-09
ACC_001076,ACC_001348,278.00,2025-10-19
ACC_001076,ACC_001348,41.75,2025-10-15
ACC_001076,ACC_001348,50.34,2025-10-22
ACC_001076,ACC_001348,53.90,2025-12-29
ACC_001076,ACC_001349,20.23,2026-02-03
ACC_001076,ACC_001349,29.55,2026-01-10
ACC_001076,ACC_001349,341.74,2026-01-05
ACC_001076,ACC_001349,5.63,2026-02-22
ACC_001076,ACC_001354,10.65,2025-12-07
ACC_001076,ACC_001354,17.44,2026-01-04
ACC_001076,ACC_001354,201.49,2025-12-29
ACC_001076,ACC_001354,4.69,2025-11-23
ACC_001076,ACC_001354,78.49,2025-11-25
ACC_001076,ACC_001355,50.08,2026-05-30
ACC_001076,ACC_001355,51.29,2026-05-23
ACC_001076,ACC_001355,614.72,2026-06-04
ACC_001076,ACC_001356,118.87,2025-11-29
ACC_001076,ACC_001365,156.62,2026-03-23
ACC_001076,ACC_001370,248.58,2025-11-21
ACC_001076,ACC_001370,34.10,2025-11-29
ACC_001076,ACC_001371,107.14,2026-02-14
ACC_001076,ACC_001371,14.60,2025-12-09
ACC_001076,ACC_001371,41.07,2026-02-19
ACC_001076,ACC_001371,816.88,2026-03-03
ACC_001076,ACC_001372,106.50,2025-08-19
ACC_001076,ACC_001372,142.36,2025-07-27
ACC_001076,ACC_001372,182.84,2025-09-09
ACC_001076,ACC_001372,24.78,2025-09-11
ACC_001076,ACC_001372,799.31,2025-09-02
ACC_001076,ACC_001374,166.53,2025-08-22
ACC_001076,ACC_001374,30.77,2025-08-03
ACC_001076,ACC_001374,438.09,2026-03-25
ACC_001076,ACC_001374,46.51,2026-03-08
ACC_001076,ACC_001374,61.79,2026-03-06
ACC_001076,ACC_001375,20.56,2025-08-19
ACC_001076,ACC_001388,139.14,2025-11-19
ACC_001076,ACC_001388,202.27,2026-05-24
ACC_001076,ACC_001388,203.67,2025-09-18
ACC_001076,ACC_001388,39.28,2025-09-17
ACC_001076,ACC_001388,58.10,2025-11-16
ACC_001076,ACC_001388,723.83,2025-11-29
ACC_001076,ACC_001390,155.16,2026-01-03
ACC_001076,ACC_001407,410.55,2025-12-12
ACC_001076,ACC_001416,37.55,2025-09-14
ACC_001076,ACC_001420,105.49,2026-01-14
ACC_001076,ACC_001420,5.53,2026-01-03
ACC_001076,ACC_001431,10.95,2025-10-29
ACC_001076,ACC_001431,10.99,2026-05-14
ACC_001076,ACC_001431,100.57,2026-02-22
ACC_001076,ACC_001431,102.59,2025-10-18
ACC_001076,ACC_001431,11.55,2025-08-20
ACC_001076,ACC_001431,11.78,2025-12-06
ACC_001076,ACC_001431,114.58,2025-11-08
ACC_001076,ACC_001431,12.20,2026-01-20
ACC_001076,ACC_001431,12.28,2026-04-02
ACC_001076,ACC_001431,120.28,2026-02-11
ACC_001076,ACC_001431,123.23,2026-03-30
ACC_001076,ACC_001431,125.20,2025-07-31
ACC_001076,ACC_001431,1259.16,2025-11-07
ACC_001076,ACC_001431,1261.51,2025-12-27
ACC_001076,ACC_001431,127.86,2025-11-14
ACC_001076,ACC_001431,13.53,2025-12-25
ACC_001076,ACC_001431,137.00,2025-08-20
ACC_001076,ACC_001431,154.86,2025-11-09
ACC_001076,ACC_001431,16.80,2025-12-01
ACC_001076,ACC_001431,163.14,2026-01-07
ACC_001076,ACC_001431,17.48,2026-03-19
ACC_001076,ACC_001431,177.43,2025-09-23
ACC_001076,ACC_001431,19.12,2026-01-10
ACC_001076,ACC_001431,20.35,2026-01-06
ACC_001076,ACC_001431,208.93,2026-04-03
ACC_001076,ACC_001431,21.47,2026-03-30
ACC_001076,ACC_001431,220.51,2025-12-07
ACC_001076,ACC_001431,233.86,2026-04-08
ACC_001076,ACC_001431,240.42,2025-12-06
ACC_001076,ACC_001431,250.80,2025-09-09
ACC_001076,ACC_001431,256.67,2025-08-11
ACC_001076,ACC_001431,257.04,2026-01-06
ACC_001076,ACC_001431,320.64,2026-01-28
ACC_001076,ACC_001431,35.22,2026-03-15
ACC_001076,ACC_001431,37.30,2026-01-01
ACC_001076,ACC_001431,39.74,2025-08-22
ACC_001076,ACC_001431,4.70,2026-01-16
ACC_001076,ACC_001431,42.24,2026-03-28
ACC_001076,ACC_001431,43.61,2026-02-16
ACC_001076,ACC_001431,444.41,2026-03-23
ACC_001076,ACC_001431,46.17,2026-04-12
ACC_001076,ACC_001431,49.72,2026-02-13
ACC_001076,ACC_001431,501.78,2026-01-19
ACC_001076,ACC_001431,557.07,2026-04-24
ACC_001076,ACC_001431,568.34,2025-08-11
ACC_001076,ACC_001431,6.88,2026-03-05
ACC_001076,ACC_001431,63.90,2026-04-20
ACC_001076,ACC_001431,64.99,2026-01-06
ACC_001076,ACC_001431,65.68,2025-08-18
ACC_001076,ACC_001431,67.10,2026-05-28
ACC_001076,ACC_001431,685.31,2026-01-28
ACC_001076,ACC_001431,689.42,2025-12-17
ACC_001076,ACC_001431,692.91,2025-09-14
ACC_001076,ACC_001431,743.12,2025-11-03
ACC_001076,ACC_001431,78.29,2025-07-29
ACC_001076,ACC_001431,78.89,2026-03-24
ACC_001076,ACC_001431,79.37,2025-08-13
ACC_001076,ACC_001431,83.09,2025-11-25
ACC_001076,ACC_001431,83.12,2025-11-06
ACC_001076,ACC_001431,88.95,2026-02-01
ACC_001076,ACC_001431,92.67,2026-04-23
ACC_001076,ACC_001438,527.27,2025-09-25
ACC_001076,ACC_001438,58.07,2025-11-10
ACC_001076,ACC_001438,596.26,2025-11-06
ACC_001076,ACC_001438,72.75,2025-09-21
ACC_001076,ACC_001438,77.32,2025-11-04
ACC_001076,ACC_001443,275.80,2025-12-18
ACC_001076,ACC_001449,331.26,2025-08-25
ACC_001076,ACC_001449,64.24,2025-09-18
ACC_001076,ACC_001464,16.25,2025-08-09
ACC_001076,ACC_001465,169.25,2025-08-05
ACC_001076,ACC_001482,592.21,2026-03-17
ACC_001076,ACC_001484,59.24,2026-04-25
ACC_001076,ACC_001484,618.96,2026-04-11
ACC_001076,ACC_001484,754.53,2025-12-31
ACC_001076,ACC_001485,70.55,2026-05-06
ACC_001076,ACC_001491,50.75,2025-11-14
ACC_001076,ACC_001492,3.27,2025-11-21
ACC_001076,ACC_001499,114.63,2026-04-23
ACC_001076,ACC_001499,264.67,2026-01-16
ACC_001076,ACC_001499,34.84,2025-09-20
ACC_001076,ACC_001499,588.31,2026-01-18
ACC_001076,ACC_001499,599.54,2025-08-30
ACC_001076,ACC_001499,63.67,2026-02-15
ACC_001076,ACC_001499,65.23,2026-02-11
ACC_001076,ACC_001499,76.08,2025-09-08
ACC_001076,ACC_001499,8.93,2026-02-11
ACC_001076,ACC_001500,1007.69,2026-03-07
ACC_001076,ACC_001500,103.65,2025-09-21
ACC_001076,ACC_001500,12.10,2026-04-24
ACC_001076,ACC_001500,128.53,2026-05-05
ACC_001076,ACC_001500,252.55,2025-10-07
ACC_001076,ACC_001500,333.90,2026-01-27
ACC_001076,ACC_001500,34.44,2026-01-29
ACC_001076,ACC_001500,34.57,2026-01-02
ACC_001076,ACC_001500,47.70,2025-12-28
ACC_001076,ACC_001500,6.67,2026-05-03
ACC_001076,ACC_001526,58.62,2026-04-25
ACC_001076,ACC_001542,201.38,2025-12-07
ACC_001077,ACC_001250,74.47,2025-08-21
ACC_001077,ACC_001251,1225.46,2025-08-12
ACC_001077,ACC_001251,191.77,2025-08-06
ACC_001077,ACC_001431,1032.69,2026-06-10
ACC_001077,ACC_001431,163.64,2026-05-22
ACC_001077,ACC_001485,318.61,2026-01-30
ACC_001077,ACC_001499,249.52,2026-04-23
ACC_001077,ACC_001499,44.09,2026-05-03
ACC_001077,ACC_001508,301.09,2026-04-30
ACC_001077,ACC_001509,31.37,2026-04-22
ACC_001077,ACC_001509,47.08,2026-05-10
ACC_001079,ACC_001484,34.84,2026-02-15
ACC_001079,ACC_001484,360.05,2026-01-30
ACC_001079,ACC_001484,38.10,2026-02-08
ACC_001081,ACC_001500,492.19,2025-10-28
ACC_001081,ACC_001500,94.67,2025-10-20
ACC_001083,ACC_001431,118.49,2025-10-31
ACC_001083,ACC_001431,18.30,2025-10-29
ACC_001084,ACC_001431,13.36,2025-08-21
ACC_001084,ACC_001431,176.73,2025-10-04
ACC_001084,ACC_001431,22.48,2025-10-03
ACC_001084,ACC_001431,67.70,2025-09-09
ACC_001084,ACC_001499,280.03,2025-10-13
ACC_001084,ACC_001500,27.85,2025-10-19
ACC_001084,ACC_001500,54.83,2025-10-14
ACC_001085,ACC_001348,145.94,2025-08-26
ACC_001086,ACC_001278,523.45,2025-12-09
ACC_001086,ACC_001278,79.52,2025-12-26
ACC_001086,ACC_001500,303.39,2026-04-17
ACC_001086,ACC_001500,48.72,2026-04-25
ACC_001086,ACC_001500,58.92,2026-04-04
ACC_001087,ACC_001348,136.52,2026-03-20
ACC_001087,ACC_001349,10.35,2026-04-04
ACC_001087,ACC_001349,23.96,2026-04-04
ACC_001088,ACC_001268,24.22,2025-11-05
ACC_001088,ACC_001269,171.00,2025-11-10
ACC_001088,ACC_001308,119.07,2026-02-09
ACC_001088,ACC_001308,1674.24,2026-02-11
ACC_001088,ACC_001331,19.02,2025-11-17
ACC_001088,ACC_001331,196.48,2025-11-10
ACC_001088,ACC_001331,37.22,2025-11-18
ACC_001088,ACC_001348,233.91,2025-10-20
ACC_001088,ACC_001348,31.59,2025-11-07
ACC_001088,ACC_001349,1834.03,2026-01-13
ACC_001088,ACC_001354,7.73,2026-03-18
ACC_001088,ACC_001354,92.30,2026-03-29
ACC_001088,ACC_001372,545.26,2025-09-03
ACC_001088,ACC_001372,590.06,2025-10-23
ACC_001088,ACC_001372,71.34,2025-08-31
ACC_001088,ACC_001372,85.49,2025-10-23
ACC_001088,ACC_001372,91.93,2025-10-28
ACC_001088,ACC_001374,1892.96,2025-11-30
ACC_001088,ACC_001385,13.27,2025-09-20
ACC_001088,ACC_001386,179.44,2025-09-25
ACC_001088,ACC_001388,295.17,2026-05-08
ACC_001088,ACC_001388,39.01,2026-05-27
ACC_001088,ACC_001388,58.71,2026-05-07
ACC_001088,ACC_001415,43.45,2025-09-17
ACC_001088,ACC_001415,447.08,2025-09-02
ACC_001088,ACC_001431,1039.67,2026-03-09
ACC_001088,ACC_001431,1975.79,2025-07-23
ACC_001088,ACC_001431,204.60,2026-03-09
ACC_001088,ACC_001431,210.88,2026-02-27
ACC_001088,ACC_001431,35.08,2025-08-14
ACC_001088,ACC_001431,368.69,2026-05-05
ACC_001088,ACC_001431,39.55,2026-03-16
ACC_001088,ACC_001431,40.55,2026-03-21
ACC_001088,ACC_001431,4536.08,2026-05-23
ACC_001088,ACC_001431,457.27,2025-08-14
ACC_001088,ACC_001431,56.87,2026-05-08
ACC_001088,ACC_001431,571.37,2025-08-31
ACC_001088,ACC_001431,636.96,2026-05-18
ACC_001088,ACC_001431,700.99,2026-05-08
ACC_001088,ACC_001431,72.52,2026-04-17
ACC_001088,ACC_001431,78.61,2026-03-03
ACC_001088,ACC_001431,84.90,2025-08-05
ACC_001088,ACC_001431,87.37,2025-08-01
ACC_001088,ACC_001455,563.46,2025-11-16
ACC_001088,ACC_001456,85.80,2025-11-21
ACC_001088,ACC_001464,385.41,2025-11-14
ACC_001088,ACC_001465,45.73,2025-11-28
ACC_001088,ACC_001465,52.00,2025-11-24
ACC_001088,ACC_001499,1086.14,2026-01-20
ACC_001088,ACC_001533,1855.78,2025-11-14
ACC_001088,ACC_001533,206.28,2025-11-16
ACC_001088,ACC_001534,197.70,2025-11-25
ACC_001088,ACC_001581,127.44,2026-04-11
ACC_001088,ACC_001582,23.86,2026-04-19
ACC_001091,ACC_001268,38.01,2025-10-17
ACC_001091,ACC_001268,61.35,2025-10-21
ACC_001091,ACC_001269,479.44,2025-10-10
ACC_001093,ACC_001252,266.92,2025-10-01
ACC_001093,ACC_001252,40.43,2025-09-29
ACC_001093,ACC_001388,339.24,2026-03-17
ACC_001093,ACC_001388,43.18,2026-03-28
ACC_001094,ACC_001349,202.11,2026-02-26
ACC_001094,ACC_001354,1292.62,2026-03-25
ACC_001094,ACC_001354,151.08,2026-03-29
ACC_001094,ACC_001355,253.59,2025-12-14
ACC_001094,ACC_001356,34.31,2026-01-05
ACC_001094,ACC_001356,37.75,2026-01-07
ACC_001094,ACC_001388,113.50,2026-03-09
ACC_001094,ACC_001388,14.07,2026-03-08
ACC_001094,ACC_001431,13.47,2025-12-30
ACC_001094,ACC_001431,167.20,2025-12-03
ACC_001094,ACC_001431,509.12,2026-05-05
ACC_001094,ACC_001500,12.02,2025-07-22
ACC_001094,ACC_001500,172.94,2025-08-13
ACC_001094,ACC_001500,24.23,2025-08-13
ACC_001095,ACC_001253,418.26,2026-06-01
ACC_001095,ACC_001329,1194.66,2026-02-27
ACC_001095,ACC_001349,122.66,2025-07-25
ACC_001095,ACC_001349,148.56,2025-07-30
ACC_001095,ACC_001349,747.32,2025-07-23
ACC_001095,ACC_001431,13.60,2025-09-08
ACC_001095,ACC_001431,141.80,2025-08-24
ACC_001095,ACC_001431,19.95,2025-09-14
ACC_001095,ACC_001449,543.86,2026-04-16
ACC_001095,ACC_001449,71.73,2026-04-25
ACC_001095,ACC_001500,266.15,2026-04-19
ACC_001095,ACC_001500,388.43,2026-02-19
ACC_001103,ACC_001585,751.49,2025-11-28
ACC_001103,ACC_001585,78.86,2025-12-08
ACC_001105,ACC_001431,273.91,2026-03-29
ACC_001105,ACC_001431,40.85,2026-04-19
ACC_001106,ACC_001370,81.61,2026-02-10
ACC_001109,ACC_001372,128.65,2026-03-17
ACC_001109,ACC_001372,14.57,2026-03-28
ACC_001109,ACC_001372,8.31,2026-03-05
ACC_001111,ACC_001356,155.81,2025-12-05
ACC_001111,ACC_001375,104.82,2025-12-21
ACC_001111,ACC_001375,30.23,2025-12-18
ACC_001111,ACC_001375,584.68,2025-12-03
ACC_001111,ACC_001485,1295.22,2026-02-06
ACC_001111,ACC_001485,165.06,2026-02-03
ACC_001111,ACC_001485,254.27,2026-02-14
ACC_001112,ACC_001431,151.10,2025-11-10
ACC_001112,ACC_001431,1695.57,2026-05-03
ACC_001112,ACC_001431,24.91,2025-12-02
ACC_001112,ACC_001431,242.22,2026-05-28
ACC_001112,ACC_001431,5.95,2026-01-26
ACC_001112,ACC_001431,66.74,2026-02-03
ACC_001112,ACC_001471,202.41,2025-12-13
ACC_001112,ACC_001471,23.12,2025-12-13
ACC_001112,ACC_001512,328.47,2026-06-14
ACC_001112,ACC_001513,57.06,2026-05-27
ACC_001113,ACC_001247,11.44,2025-07-31
ACC_001113,ACC_001247,129.03,2025-07-18
ACC_001113,ACC_001247,23.00,2025-07-30
ACC_001113,ACC_001301,1195.75,2025-10-07
ACC_001113,ACC_001301,2177.58,2026-04-21
ACC_001113,ACC_001339,1524.16,2025-09-27
ACC_001113,ACC_001340,171.96,2025-10-04
ACC_001113,ACC_001340,207.87,2025-10-07
ACC_001113,ACC_001356,1217.70,2026-01-11
ACC_001113,ACC_001372,1035.94,2025-11-15
ACC_001113,ACC_001372,316.84,2025-10-23
ACC_001113,ACC_001407,804.94,2026-02-26
ACC_001113,ACC_001431,1960.70,2026-02-19
ACC_001113,ACC_001431,1990.63,2026-03-28
ACC_001113,ACC_001431,251.41,2026-03-05
ACC_001113,ACC_001438,19.09,2026-06-03
ACC_001113,ACC_001438,211.27,2026-05-25
ACC_001113,ACC_001499,1182.04,2026-03-22
ACC_001113,ACC_001499,813.25,2025-10-01
ACC_001113,ACC_001500,182.35,2026-04-06
ACC_001113,ACC_001500,182.48,2026-03-25
ACC_001114,ACC_001431,388.43,2026-04-17
ACC_001116,ACC_001431,405.35,2026-05-29
ACC_001118,ACC_001499,46.45,2025-08-25
ACC_001118,ACC_001500,255.14,2025-08-11
ACC_001119,ACC_001339,737.23,2025-11-15
ACC_001120,ACC_001355,45.34,2026-02-04
ACC_001120,ACC_001356,7.24,2026-01-30
ACC_001120,ACC_001431,108.90,2025-07-31
ACC_001120,ACC_001431,13.68,2025-08-16
ACC_001120,ACC_001431,14.59,2025-08-17
ACC_001120,ACC_001431,17.82,2025-09-27
ACC_001120,ACC_001431,327.28,2025-09-19
ACC_001120,ACC_001456,35.07,2026-03-29
ACC_001120,ACC_001456,477.46,2026-03-17
ACC_001120,ACC_001456,51.09,2026-03-27
ACC_001120,ACC_001483,80.63,2026-02-08
ACC_001120,ACC_001483,924.71,2026-02-10
ACC_001121,ACC_001485,493.52,2025-12-04
ACC_001121,ACC_001485,77.31,2025-11-29
ACC_001122,ACC_001431,102.74,2025-08-06
ACC_001122,ACC_001431,35.48,2025-08-09
ACC_001122,ACC_001431,554.59,2025-07-29
ACC_001123,ACC_001500,10.43,2026-05-31
ACC_001123,ACC_001500,116.96,2026-05-11
ACC_001124,ACC_001340,50.42,2026-05-09
ACC_001124,ACC_001340,519.58,2026-04-29
ACC_001124,ACC_001340,59.85,2026-05-02
ACC_001124,ACC_001526,24.21,2026-03-04
ACC_001124,ACC_001527,175.76,2026-03-02
ACC_001127,ACC_001268,45.62,2026-03-21
ACC_001127,ACC_001269,455.53,2026-03-30
ACC_001127,ACC_001269,62.39,2026-03-05
ACC_001138,ACC_001215,557.53,2026-03-06
ACC_001138,ACC_001245,645.47,2026-04-08
ACC_001138,ACC_001245,78.88,2026-04-29
ACC_001138,ACC_001245,89.03,2026-04-17
ACC_001138,ACC_001249,1981.96,2026-01-29
ACC_001138,ACC_001252,101.46,2025-08-19
ACC_001138,ACC_001252,1205.23,2025-09-01
ACC_001138,ACC_001252,128.72,2025-08-28
ACC_001138,ACC_001252,1458.19,2025-11-30
ACC_001138,ACC_001252,147.96,2026-01-18
ACC_001138,ACC_001252,15.88,2025-09-06
ACC_001138,ACC_001252,204.38,2025-11-16
ACC_001138,ACC_001252,210.68,2025-11-21
ACC_001138,ACC_001252,302.13,2025-09-28
ACC_001138,ACC_001252,402.73,2026-02-23
ACC_001138,ACC_001252,57.10,2025-09-26
ACC_001138,ACC_001252,7.70,2026-01-12
ACC_001138,ACC_001265,396.27,2025-12-29
ACC_001138,ACC_001282,762.21,2025-11-15
ACC_001138,ACC_001282,94.90,2025-11-26
ACC_001138,ACC_001291,571.67,2025-12-21
ACC_001138,ACC_001294,222.78,2026-04-05
ACC_001138,ACC_001294,23.33,2026-04-22
ACC_001138,ACC_001297,48.68,2025-07-30
ACC_001138,ACC_001297,495.69,2025-07-17
ACC_001138,ACC_001297,99.06,2025-07-27
ACC_001138,ACC_001301,108.33,2026-02-16
ACC_001138,ACC_001301,1472.85,2026-06-11
ACC_001138,ACC_001301,290.67,2026-06-10
ACC_001138,ACC_001301,623.27,2026-02-27
ACC_001138,ACC_001309,605.40,2025-11-26
ACC_001138,ACC_001329,875.03,2025-11-06
ACC_001138,ACC_001336,526.92,2026-03-25
ACC_001138,ACC_001339,718.50,2026-02-11
ACC_001138,ACC_001343,120.76,2025-08-06
ACC_001138,ACC_001344,1386.88,2025-08-26
ACC_001138,ACC_001346,127.15,2026-01-24
ACC_001138,ACC_001346,236.25,2025-12-29
ACC_001138,ACC_001347,1196.01,2026-01-25
ACC_001138,ACC_001348,219.74,2025-10-04
ACC_001138,ACC_001348,23.03,2026-04-07
ACC_001138,ACC_001348,32.17,2025-09-19
ACC_001138,ACC_001348,356.67,2026-04-18
ACC_001138,ACC_001348,44.73,2026-04-09
ACC_001138,ACC_001348,458.67,2025-09-26
ACC_001138,ACC_001349,143.31,2025-08-08
ACC_001138,ACC_001349,17.59,2025-09-26
ACC_001138,ACC_001349,39.30,2025-10-01
ACC_001138,ACC_001349,9.82,2025-08-11
ACC_001138,ACC_001355,679.18,2025-09-05
ACC_001138,ACC_001372,1096.64,2025-10-12
ACC_001138,ACC_001372,110.47,2025-10-04
ACC_001138,ACC_001372,118.45,2025-10-15
ACC_001138,ACC_001372,129.31,2026-02-26
ACC_001138,ACC_001372,352.91,2026-05-23
ACC_001138,ACC_001372,44.91,2025-10-08
ACC_001138,ACC_001372,468.00,2025-10-20
ACC_001138,ACC_001372,59.50,2026-05-29
ACC_001138,ACC_001372,618.14,2026-05-21
ACC_001138,ACC_001372,75.64,2025-11-02
ACC_001138,ACC_001372,752.85,2026-03-19
ACC_001138,ACC_001374,81.54,2025-08-21
ACC_001138,ACC_001376,1084.65,2026-05-27
ACC_001138,ACC_001376,67.49,2026-06-08
ACC_001138,ACC_001380,92.87,2026-05-10
ACC_001138,ACC_001380,923.56,2026-04-27
ACC_001138,ACC_001380,98.06,2026-05-07
ACC_001138,ACC_001383,105.40,2026-02-18
ACC_001138,ACC_001383,344.27,2026-06-12
ACC_001138,ACC_001383,57.84,2026-02-18
ACC_001138,ACC_001383,964.39,2026-02-14
ACC_001138,ACC_001387,1044.66,2026-01-18
ACC_001138,ACC_001387,70.57,2026-01-10
ACC_001138,ACC_001388,2363.96,2025-07-29
ACC_001138,ACC_001388,380.02,2025-07-23
ACC_001138,ACC_001427,24.73,2026-05-09
ACC_001138,ACC_001427,392.58,2026-05-05
ACC_001138,ACC_001427,62.37,2026-05-18
ACC_001138,ACC_001431,10.59,2026-04-13
ACC_001138,ACC_001431,1004.96,2026-04-28
ACC_001138,ACC_001431,1006.21,2026-03-19
ACC_001138,ACC_001431,1038.70,2025-09-08
ACC_001138,ACC_001431,106.78,2025-12-05
ACC_001138,ACC_001431,108.59,2026-04-19
ACC_001138,ACC_001431,109.95,2026-04-04
ACC_001138,ACC_001431,111.94,2026-03-11
ACC_001138,ACC_001431,117.22,2025-10-01
ACC_001138,ACC_001431,121.16,2026-02-26
ACC_001138,ACC_001431,121.84,2026-01-17
ACC_001138,ACC_001431,1222.21,2025-10-23
ACC_001138,ACC_001431,1259.63,2025-09-13
ACC_001138,ACC_001431,128.51,2026-04-20
ACC_001138,ACC_001431,1307.00,2025-09-20
ACC_001138,ACC_001431,132.37,2026-03-24
ACC_001138,ACC_001431,1326.79,2026-02-01
ACC_001138,ACC_001431,148.46,2025-11-06
ACC_001138,ACC_001431,156.97,2026-05-04
ACC_001138,ACC_001431,18.73,2025-10-18
ACC_001138,ACC_001431,180.87,2025-10-14
ACC_001138,ACC_001431,188.38,2026-05-08
ACC_001138,ACC_001431,205.18,2026-02-07
ACC_001138,ACC_001431,217.60,2025-10-17
ACC_001138,ACC_001431,219.16,2025-08-21
ACC_001138,ACC_001431,22.41,2026-04-14
ACC_001138,ACC_001431,22.85,2026-01-25
ACC_001138,ACC_001431,220.73,2025-09-23
ACC_001138,ACC_001431,224.36,2026-02-06
ACC_001138,ACC_001431,2272.13,2025-09-21
ACC_001138,ACC_001431,23.32,2025-11-13
ACC_001138,ACC_001431,234.26,2026-02-03
ACC_001138,ACC_001431,24.84,2025-11-05
ACC_001138,ACC_001431,25.76,2025-07-25
ACC_001138,ACC_001431,259.55,2026-03-12
ACC_001138,ACC_001431,29.73,2026-01-19
ACC_001138,ACC_001431,292.95,2026-03-26
ACC_001138,ACC_001431,302.32,2025-07-12
ACC_001138,ACC_001431,31.34,2025-08-21
ACC_001138,ACC_001431,33.37,2025-09-10
ACC_001138,ACC_001431,338.03,2025-10-11
ACC_001138,ACC_001431,350.76,2025-10-15
ACC_001138,ACC_001431,37.87,2026-04-07
ACC_001138,ACC_001431,374.78,2025-08-11
ACC_001138,ACC_001431,39.53,2025-08-13
ACC_001138,ACC_001431,44.65,2026-03-20
ACC_001138,ACC_001431,45.31,2026-01-15
ACC_001138,ACC_001431,50.39,2026-03-27
ACC_001138,ACC_001431,51.37,2025-08-22
ACC_001138,ACC_001431,52.08,2025-12-26
ACC_001138,ACC_001431,538.27,2026-01-29
ACC_001138,ACC_001431,54.38,2025-07-15
ACC_001138,ACC_001431,54.52,2025-10-12
ACC_001138,ACC_001431,564.83,2026-01-11
ACC_001138,ACC_001431,573.96,2026-05-06
ACC_001138,ACC_001431,60.61,2025-10-26
ACC_001138,ACC_001431,614.81,2026-04-14
ACC_001138,ACC_001431,63.27,2025-09-02
ACC_001138,ACC_001431,647.88,2026-03-07
ACC_001138,ACC_001431,65.69,2025-08-22
ACC_001138,ACC_001431,660.77,2025-10-27
ACC_001138,ACC_001431,663.15,2025-12-16
ACC_001138,ACC_001431,67.48,2025-10-02
ACC_001138,ACC_001431,735.16,2026-03-26
ACC_001138,ACC_001431,74.93,2026-05-15
ACC_001138,ACC_001431,749.07,2026-04-27
ACC_001138,ACC_001431,78.92,2025-12-27
ACC_001138,ACC_001431,780.37,2026-04-13
ACC_001138,ACC_001431,816.78,2025-12-07
ACC_001138,ACC_001431,830.76,2025-08-23
ACC_001138,ACC_001431,853.84,2026-03-06
ACC_001138,ACC_001431,86.51,2026-03-24
ACC_001138,ACC_001431,89.56,2026-04-27
ACC_001138,ACC_001431,90.41,2026-01-26
ACC_001138,ACC_001431,910.48,2025-11-23
ACC_001138,ACC_001431,923.39,2025-09-27
ACC_001138,ACC_001431,93.12,2025-09-08
ACC_001138,ACC_001431,93.78,2026-03-10
ACC_001138,ACC_001431,95.92,2025-10-12
ACC_001138,ACC_001431,97.21,2026-05-03
ACC_001138,ACC_001431,99.33,2025-10-29
ACC_001138,ACC_001431,99.69,2026-02-07
ACC_001138,ACC_001445,24.37,2025-11-30
ACC_001138,ACC_001445,306.35,2025-11-30
ACC_001138,ACC_001483,1248.56,2025-11-14
ACC_001138,ACC_001483,160.35,2025-08-19
ACC_001138,ACC_001483,160.80,2025-09-06
ACC_001138,ACC_001483,180.96,2025-12-07
ACC_001138,ACC_001483,845.51,2025-08-26
ACC_001138,ACC_001485,109.69,2025-07-17
ACC_001138,ACC_001485,121.04,2025-08-08
ACC_001138,ACC_001485,1313.48,2025-11-17
ACC_001138,ACC_001485,174.77,2025-11-23
ACC_001138,ACC_001485,2442.35,2025-08-06
ACC_001138,ACC_001485,2917.14,2026-05-02
ACC_001138,ACC_001485,332.46,2025-08-03
ACC_001138,ACC_001485,349.02,2025-08-30
ACC_001138,ACC_001485,621.11,2026-03-03
ACC_001138,ACC_001485,707.48,2025-08-07
ACC_001138,ACC_001493,232.05,2025-08-21
ACC_001138,ACC_001499,142.97,2026-03-12
ACC_001138,ACC_001499,197.97,2026-05-20
ACC_001138,ACC_001499,27.04,2025-09-18
ACC_001138,ACC_001499,4.62,2026-03-11
ACC_001138,ACC_001499,441.98,2026-06-09
ACC_001138,ACC_001499,53.60,2025-09-24
ACC_001138,ACC_001499,665.28,2025-09-15
ACC_001138,ACC_001499,77.36,2025-09-04
ACC_001138,ACC_001499,86.40,2026-06-13
ACC_001138,ACC_001499,86.51,2025-08-31
ACC_001138,ACC_001500,14.04,2026-03-11
ACC_001138,ACC_001500,1677.05,2026-04-26
ACC_001138,ACC_001500,193.02,2025-09-22
ACC_001138,ACC_001500,219.36,2026-04-23
ACC_001138,ACC_001500,24.36,2025-10-12
ACC_001138,ACC_001500,33.49,2025-10-08
ACC_001138,ACC_001500,471.03,2025-08-31
ACC_001138,ACC_001500,485.08,2025-09-07
ACC_001138,ACC_001500,6.50,2026-03-10
ACC_001138,ACC_001500,85.30,2026-03-01
ACC_001138,ACC_001526,81.47,2026-06-05
ACC_001138,ACC_001527,1372.00,2026-05-11
ACC_001138,ACC_001527,200.57,2026-05-24
ACC_001138,ACC_001542,1105.67,2025-11-30
ACC_001138,ACC_001543,166.34,2025-11-28
ACC_001138,ACC_001548,338.32,2026-05-15
ACC_001138,ACC_001548,41.17,2026-06-11
ACC_001138,ACC_001577,1682.20,2026-03-14
ACC_001140,ACC_001431,180.37,2026-01-18
ACC_001140,ACC_001431,19.88,2026-01-08
ACC_001140,ACC_001431,234.93,2025-11-27
ACC_001140,ACC_001431,34.82,2025-11-29
ACC_001140,ACC_001431,35.09,2026-01-28
ACC_001140,ACC_001431,39.19,2025-12-11
ACC_001141,ACC_001301,10.01,2025-09-03
ACC_001141,ACC_001301,10.61,2025-09-13
ACC_001141,ACC_001301,189.89,2025-08-30
ACC_001141,ACC_001431,4.17,2026-02-18
ACC_001141,ACC_001431,52.03,2026-03-05
ACC_001141,ACC_001450,10.86,2026-02-04
ACC_001141,ACC_001450,7.35,2026-02-02
ACC_001141,ACC_001450,85.78,2026-02-23
ACC_001142,ACC_001431,38.92,2025-08-09
ACC_001142,ACC_001431,447.86,2025-08-07
ACC_001142,ACC_001431,47.30,2025-07-23
ACC_001150,ACC_001390,145.37,2025-08-29
ACC_001150,ACC_001390,22.84,2025-09-04
ACC_001150,ACC_001581,16.77,2025-12-22
ACC_001150,ACC_001581,219.19,2025-12-06
ACC_001151,ACC_001431,14.63,2025-11-26
ACC_001151,ACC_001431,178.60,2026-04-03
ACC_001151,ACC_001431,215.07,2025-12-02
ACC_001151,ACC_001431,23.13,2025-12-04
ACC_001151,ACC_001431,70.45,2026-02-23
ACC_001151,ACC_001483,619.01,2025-12-03
ACC_001151,ACC_001500,58.10,2026-01-30
ACC_001151,ACC_001500,847.71,2026-01-25
ACC_001151,ACC_001508,5.32,2025-10-03
ACC_001151,ACC_001509,70.22,2025-09-20
ACC_001152,ACC_001283,323.69,2025-09-28
ACC_001157,ACC_001372,315.94,2025-12-13
ACC_001157,ACC_001372,61.34,2025-12-30
ACC_001157,ACC_001431,16.36,2025-10-04
ACC_001157,ACC_001431,171.97,2025-09-28
ACC_001157,ACC_001431,19.29,2025-07-26
ACC_001157,ACC_001431,327.48,2025-08-08
ACC_001157,ACC_001431,41.05,2025-11-03
ACC_001157,ACC_001431,43.65,2026-02-02
ACC_001157,ACC_001431,500.55,2025-10-21
ACC_001157,ACC_001431,506.40,2026-02-26
ACC_001157,ACC_001431,82.37,2026-02-23
ACC_001157,ACC_001431,82.86,2026-04-24
ACC_001157,ACC_001431,89.88,2025-10-22
ACC_001157,ACC_001431,9.97,2026-04-20
ACC_001157,ACC_001476,11.45,2025-12-13
ACC_001157,ACC_001477,125.22,2025-12-04
ACC_001158,ACC_001263,26.87,2025-11-25
ACC_001158,ACC_001348,53.98,2025-09-16
ACC_001158,ACC_001349,4.74,2025-09-11
ACC_001158,ACC_001349,9.46,2025-09-12
ACC_001158,ACC_001431,38.93,2025-09-28
ACC_001158,ACC_001431,6.34,2025-10-27
ACC_001158,ACC_001431,8.23,2025-09-27
ACC_001158,ACC_001431,96.71,2025-10-14
ACC_001158,ACC_001488,58.63,2026-04-29
ACC_001158,ACC_001542,45.09,2026-03-20
ACC_001158,ACC_001543,286.52,2026-03-13
ACC_001158,ACC_001543,34.20,2026-04-09
ACC_001158,ACC_001572,11.16,2025-09-29
ACC_001158,ACC_001572,3.68,2025-09-12
ACC_001158,ACC_001572,70.24,2025-09-28
ACC_001164,ACC_001438,109.97,2025-10-24
ACC_001167,ACC_001252,59.28,2026-01-19
ACC_001167,ACC_001252,599.28,2026-01-18
ACC_001167,ACC_001252,64.40,2026-01-20
ACC_001167,ACC_001431,506.23,2025-10-08
ACC_001167,ACC_001485,598.58,2025-10-04
ACC_001168,ACC_001346,175.94,2025-09-24
ACC_001169,ACC_001348,92.02,2026-05-24
ACC_001169,ACC_001349,500.97,2026-06-07
ACC_001169,ACC_001431,1079.42,2025-09-08
ACC_001169,ACC_001499,4.92,2026-01-18
ACC_001169,ACC_001499,48.34,2026-01-29
ACC_001169,ACC_001500,9.33,2026-01-28
ACC_001170,ACC_001499,105.18,2026-04-10
ACC_001170,ACC_001499,5.31,2026-04-12
ACC_001170,ACC_001500,18.43,2026-03-31
ACC_001176,ACC_001373,10.43,2026-06-04
ACC_001176,ACC_001373,5.85,2026-06-04
ACC_001176,ACC_001373,63.55,2026-05-19
ACC_001176,ACC_001431,487.57,2025-08-07
ACC_001177,ACC_001431,13.82,2025-09-19
ACC_001177,ACC_001431,156.68,2025-09-17
ACC_001177,ACC_001431,26.23,2025-09-15
ACC_001177,ACC_001499,27.99,2026-02-02
ACC_001177,ACC_001500,467.35,2026-02-03
ACC_001178,ACC_001252,335.12,2025-10-15
ACC_001178,ACC_001256,111.40,2026-04-12
ACC_001178,ACC_001355,122.23,2025-08-17
ACC_001178,ACC_001356,41.40,2025-08-07
ACC_001178,ACC_001356,683.56,2025-08-18
ACC_001179,ACC_001253,111.45,2026-04-10
ACC_001179,ACC_001280,46.64,2026-01-27
ACC_001179,ACC_001280,81.88,2026-01-28
ACC_001179,ACC_001281,573.60,2026-01-31
ACC_001179,ACC_001301,291.14,2025-07-20
ACC_001179,ACC_001301,55.11,2025-08-05
ACC_001179,ACC_001371,33.60,2026-04-12
ACC_001179,ACC_001371,522.28,2026-03-16
ACC_001179,ACC_001372,1596.52,2025-09-12
ACC_001179,ACC_001372,180.62,2025-09-15
ACC_001179,ACC_001372,448.25,2026-03-15
ACC_001179,ACC_001372,48.65,2026-03-09
ACC_001179,ACC_001431,1154.93,2026-03-03
ACC_001179,ACC_001431,167.49,2026-02-27
ACC_001179,ACC_001431,248.13,2026-01-25
ACC_001179,ACC_001431,47.79,2026-02-01
ACC_001179,ACC_001431,755.90,2025-11-24
ACC_001179,ACC_001457,344.76,2025-09-13
ACC_001179,ACC_001499,406.53,2025-10-28
ACC_001179,ACC_001499,56.28,2025-10-12
ACC_001181,ACC_001431,308.11,2026-03-04
ACC_001181,ACC_001431,59.19,2026-03-11
ACC_001185,ACC_001340,609.21,2025-08-20
ACC_001185,ACC_001431,243.88,2025-12-02
ACC_001187,ACC_001431,2682.73,2026-02-21
ACC_001187,ACC_001500,13.37,2025-08-08
ACC_001187,ACC_001500,199.27,2025-08-15
ACC_001188,ACC_001349,418.95,2025-07-17
ACC_001188,ACC_001371,357.43,2025-07-30
ACC_001191,ACC_001235,120.97,2025-07-31
ACC_001191,ACC_001235,190.85,2025-12-07
ACC_001191,ACC_001235,22.39,2026-05-07
ACC_001191,ACC_001235,232.66,2025-12-11
ACC_001191,ACC_001235,237.34,2026-05-24
ACC_001191,ACC_001235,26.26,2025-08-25
ACC_001191,ACC_001235,31.33,2025-12-04
ACC_001191,ACC_001235,32.35,2025-08-13
ACC_001191,ACC_001235,34.62,2026-05-07
ACC_001191,ACC_001235,359.26,2025-12-11
ACC_001191,ACC_001235,422.63,2025-08-06
ACC_001191,ACC_001235,43.69,2025-07-22
ACC_001191,ACC_001235,48.84,2026-06-05
ACC_001191,ACC_001235,49.42,2025-09-17
ACC_001191,ACC_001235,5.54,2025-09-26
ACC_001191,ACC_001235,50.48,2026-03-24
ACC_001191,ACC_001235,51.33,2025-11-04
ACC_001191,ACC_001235,6.51,2025-11-16
ACC_001191,ACC_001235,6.88,2025-09-30
ACC_001191,ACC_001235,62.47,2025-07-16
ACC_001191,ACC_001235,69.86,2025-12-01
ACC_001191,ACC_001235,7.65,2025-09-25
ACC_001191,ACC_001235,7.84,2025-07-31
ACC_001191,ACC_001235,709.34,2026-05-05
ACC_001191,ACC_001235,80.39,2025-10-27
ACC_001191,ACC_001235,83.26,2026-05-14
ACC_001191,ACC_001235,84.50,2025-08-30
ACC_001191,ACC_001235,89.81,2025-09-21
ACC_001191,ACC_001235,9.50,2025-09-29
ACC_001191,ACC_001236,137.44,2025-10-31
ACC_001191,ACC_001236,164.92,2025-12-07
ACC_001191,ACC_001236,226.35,2025-08-04
ACC_001191,ACC_001236,23.35,2025-07-18
ACC_001191,ACC_001236,23.76,2026-05-11
ACC_001191,ACC_001236,248.99,2026-05-06
ACC_001191,ACC_001236,264.15,2026-05-10
ACC_001191,ACC_001236,27.90,2026-06-01
ACC_001191,ACC_001236,3.37,2025-08-05
ACC_001191,ACC_001236,3.41,2025-08-09
ACC_001191,ACC_001236,345.85,2026-05-01
ACC_001191,ACC_001236,36.73,2026-05-11
ACC_001191,ACC_001236,37.11,2025-11-27
ACC_001191,ACC_001236,40.35,2025-11-08
ACC_001191,ACC_001236,40.59,2026-05-10
ACC_001191,ACC_001236,41.75,2025-08-26
ACC_001191,ACC_001236,415.51,2026-05-28
ACC_001191,ACC_001236,44.19,2025-12-08
ACC_001191,ACC_001236,44.78,2025-08-09
ACC_001191,ACC_001236,53.16,2025-08-29
ACC_001191,ACC_001236,531.32,2025-10-23
ACC_001191,ACC_001236,61.55,2025-09-20
ACC_001191,ACC_001236,61.69,2025-07-12
ACC_001191,ACC_001236,7.94,2025-08-04
ACC_001191,ACC_001236,75.51,2026-03-28
ACC_001191,ACC_001236,76.46,2025-09-24
ACC_001191,ACC_001236,8.28,2025-11-12
ACC_001191,ACC_001236,855.43,2025-08-10
ACC_001191,ACC_001236,908.36,2025-10-27
ACC_001191,ACC_001252,85.19,2025-09-05
ACC_001191,ACC_001339,6.33,2026-01-04
ACC_001191,ACC_001340,124.43,2026-01-16
ACC_001191,ACC_001431,103.37,2025-08-01
ACC_001191,ACC_001431,12.23,2026-05-13
ACC_001191,ACC_001431,122.38,2026-05-04
ACC_001191,ACC_001431,152.70,2026-06-04
ACC_001191,ACC_001431,16.76,2026-04-25
ACC_001191,ACC_001431,2.56,2025-11-21
ACC_001191,ACC_001431,3.64,2025-11-03
ACC_001191,ACC_001431,315.47,2025-08-24
ACC_001191,ACC_001431,50.44,2025-11-26
ACC_001191,ACC_001431,9.72,2025-07-21
ACC_001191,ACC_001431,9.92,2025-07-25
ACC_001191,ACC_001485,682.22,2026-01-03
ACC_001191,ACC_001499,28.66,2026-01-22
ACC_001191,ACC_001500,402.40,2026-01-06
ACC_001195,ACC_001431,304.95,2025-12-30
ACC_001195,ACC_001431,33.36,2025-12-21
ACC_001195,ACC_001431,353.98,2025-08-15
ACC_001195,ACC_001431,39.54,2025-08-30
ACC_001195,ACC_001431,61.20,2025-08-29
ACC_001196,ACC_001273,1270.00,2025-08-30
ACC_001196,ACC_001273,77.58,2025-09-21
ACC_001196,ACC_001431,1305.00,2025-11-30
ACC_001196,ACC_001431,197.58,2026-04-30
ACC_001196,ACC_001431,249.88,2025-11-27
ACC_001196,ACC_001431,35.62,2026-04-27
ACC_001196,ACC_001431,38.09,2026-05-09
ACC_001196,ACC_001431,437.04,2025-10-09
ACC_001196,ACC_001431,686.09,2026-03-30
ACC_001196,ACC_001431,73.22,2026-03-21
ACC_001196,ACC_001431,86.31,2025-12-04
ACC_001196,ACC_001499,119.73,2025-08-02
ACC_001196,ACC_001500,760.36,2025-08-02
ACC_001200,ACC_001252,314.16,2026-04-24
ACC_001200,ACC_001365,10.92,2026-03-16
ACC_001200,ACC_001365,100.86,2026-03-21
ACC_001200,ACC_001365,6.82,2026-03-26
ACC_001201,ACC_001431,12.58,2025-11-03
ACC_001201,ACC_001431,319.29,2026-05-13
ACC_001201,ACC_001431,68.82,2025-10-28
ACC_001201,ACC_001542,208.80,2025-11-16
ACC_001201,ACC_001542,34.35,2025-11-01
ACC_001202,ACC_001294,616.16,2025-10-10
ACC_001202,ACC_001294,77.52,2025-10-05
ACC_001202,ACC_001431,194.34,2025-12-11
ACC_001202,ACC_001431,29.31,2025-12-22
ACC_001207,ACC_001253,166.52,2026-01-10
ACC_001207,ACC_001253,1721.21,2025-12-30
ACC_001307,ACC_001597,8.89,2025-11-28
ACC_001444,ACC_001589,49.61,2025-10-14
ACC_001587,ACC_001444,788.13,2025-10-06
ACC_001588,ACC_001444,94.00,2025-10-05
ACC_001589,ACC_000242,47.13,2025-10-16
ACC_001590,ACC_001444,332.40,2025-11-21
ACC_001591,ACC_001444,901.45,2025-08-16
ACC_001592,ACC_001444,65.66,2025-08-28
ACC_001593,ACC_001444,802.38,2026-05-06
ACC_001594,ACC_001444,60.75,2026-05-05
ACC_001595,ACC_001306,242.92,2025-12-07
ACC_001596,ACC_001307,21.30,2025-11-24
ACC_001597,ACC_000407,8.45,2025-12-03
ACC_001598,ACC_001307,23.49,2025-12-09
ACC_001599,ACC_001601,10.60,2025-12-22
ACC_001599,ACC_001601,101.96,2026-06-01
ACC_001599,ACC_001601,11.59,2026-05-05
ACC_001599,ACC_001601,11.93,2026-06-07
ACC_001599,ACC_001601,123.64,2025-10-05
ACC_001599,ACC_001601,129.58,2025-09-22
ACC_001599,ACC_001601,13.00,2026-02-07
ACC_001599,ACC_001601,14.96,2025-12-17
ACC_001599,ACC_001601,149.45,2025-09-30
ACC_001599,ACC_001601,152.70,2026-02-17
ACC_001599,ACC_001601,16.05,2025-09-23
ACC_001599,ACC_001601,16.42,2025-10-03
ACC_001599,ACC_001601,17.06,2025-12-18
ACC_001599,ACC_001601,17.99,2026-02-07
ACC_001599,ACC_001601,195.91,2025-12-25
ACC_001599,ACC_001601,198.25,2026-03-12
ACC_001599,ACC_001601,210.70,2025-07-30
ACC_001599,ACC_001601,213.65,2025-11-05
ACC_001599,ACC_001601,22.76,2025-08-06
ACC_001599,ACC_001601,223.45,2026-03-02
ACC_001599,ACC_001601,229.48,2026-03-11
ACC_001599,ACC_001601,25.52,2026-03-19
ACC_001599,ACC_001601,256.31,2025-12-10
ACC_001599,ACC_001601,26.77,2026-03-04
ACC_001599,ACC_001601,265.40,2025-08-17
ACC_001599,ACC_001601,27.99,2025-07-23
ACC_001599,ACC_001601,3.84,2026-05-06
ACC_001599,ACC_001601,30.10,2025-12-07
ACC_001599,ACC_001601,30.30,2026-03-07
ACC_001599,ACC_001601,30.80,2026-03-24
ACC_001599,ACC_001601,317.61,2025-11-24
ACC_001599,ACC_001601,332.89,2026-04-09
ACC_001599,ACC_001601,361.15,2026-03-17
ACC_001599,ACC_001601,40.11,2026-02-24
ACC_001599,ACC_001601,40.87,2026-03-09
ACC_001599,ACC_001601,42.14,2025-11-10
ACC_001599,ACC_001601,51.81,2026-03-19
ACC_001599,ACC_001601,58.79,2025-11-27
ACC_001599,ACC_001601,6.22,2026-02-10
ACC_001599,ACC_001601,6.45,2026-02-10
ACC_001599,ACC_001601,63.48,2026-03-19
ACC_001599,ACC_001601,65.09,2026-01-27
ACC_001599,ACC_001601,74.36,2026-05-12
ACC_001599,ACC_001601,75.14,2026-02-06
ACC_001599,ACC_001601,75.67,2025-08-28
ACC_001599,ACC_001601,75.92,2026-04-12
ACC_001599,ACC_001601,8.24,2025-09-04
ACC_001599,ACC_001601,81.51,2026-04-13
ACC_001599,ACC_001601,85.70,2025-12-31
ACC_001599,ACC_001601,9.11,2025-09-19
ACC_001599,ACC_001601,9.14,2026-04-15
ACC_001599,ACC_001601,9.18,2025-09-15
ACC_001599,ACC_001601,95.22,2026-05-07
ACC_001602,ACC_001560,106.22,2026-04-11
ACC_001602,ACC_001560,1213.50,2026-04-21
ACC_001602,ACC_001604,100.70,2025-11-29
ACC_001602,ACC_001604,101.30,2026-03-21
ACC_001602,ACC_001604,102.94,2026-03-10
ACC_001602,ACC_001604,1039.07,2026-04-19
ACC_001602,ACC_001604,108.02,2026-02-05
ACC_001602,ACC_001604,110.14,2026-05-10
ACC_001602,ACC_001604,1183.95,2025-10-03
ACC_001602,ACC_001604,128.92,2025-11-10
ACC_001602,ACC_001604,137.41,2025-11-16
ACC_001602,ACC_001604,141.78,2025-10-22
ACC_001602,ACC_001604,146.11,2026-05-12
ACC_001602,ACC_001604,147.99,2026-03-11
ACC_001602,ACC_001604,163.77,2026-04-20
ACC_001602,ACC_001604,172.56,2026-05-12
ACC_001602,ACC_001604,1765.33,2025-12-16
ACC_001602,ACC_001604,217.49,2025-12-03
ACC_001602,ACC_001604,24.13,2026-06-04
ACC_001602,ACC_001604,26.51,2025-11-15
ACC_001602,ACC_001604,313.84,2026-05-26
ACC_001602,ACC_001604,32.16,2025-11-20
ACC_001602,ACC_001604,397.95,2025-12-08
ACC_001602,ACC_001604,40.72,2025-12-19
ACC_001602,ACC_001604,44.48,2026-05-21
ACC_001602,ACC_001604,464.37,2025-12-02
ACC_001602,ACC_001604,489.84,2026-04-30
ACC_001602,ACC_001604,514.53,2025-12-30
ACC_001602,ACC_001604,55.18,2025-12-31
ACC_001602,ACC_001604,570.33,2025-12-21
ACC_001602,ACC_001604,589.68,2025-12-11
ACC_001602,ACC_001604,61.93,2025-12-22
ACC_001602,ACC_001604,633.20,2025-12-25
ACC_001602,ACC_001604,674.88,2026-05-15
ACC_001602,ACC_001604,70.91,2026-05-29
ACC_001602,ACC_001604,705.59,2025-10-23
ACC_001602,ACC_001604,72.13,2025-10-15
ACC_001602,ACC_001604,721.94,2026-02-23
ACC_001602,ACC_001604,724.63,2026-01-06
ACC_001602,ACC_001604,756.10,2025-10-20
ACC_001602,ACC_001604,757.37,2025-11-06
ACC_001602,ACC_001604,761.74,2025-12-04
ACC_001602,ACC_001604,763.85,2025-11-08
ACC_001602,ACC_001604,803.94,2025-10-24
ACC_001602,ACC_001604,81.13,2025-11-05
ACC_001602,ACC_001604,826.68,2026-03-21
ACC_001602,ACC_001604,854.31,2026-03-07
ACC_001602,ACC_001604,86.31,2026-05-24
ACC_001602,ACC_001604,890.16,2026-06-02
ACC_001602,ACC_001604,92.75,2026-02-23
ACC_001602,ACC_001604,97.20,2025-12-26
ACC_001603,ACC_001604,1048.21,2026-02-04
ACC_001603,ACC_001604,617.53,2025-08-31
ACC_001603,ACC_001604,67.32,2025-09-13
ACC_001603,ACC_001604,95.60,2025-09-16
ACC_001605,ACC_001607,10.17,2026-01-03
ACC_001605,ACC_001607,101.10,2025-09-10
ACC_001605,ACC_001607,101.23,2026-02-27
ACC_001605,ACC_001607,102.44,2025-12-16
ACC_001605,ACC_001607,111.45,2025-07-22
ACC_001605,ACC_001607,113.61,2025-11-19
ACC_001605,ACC_001607,115.43,2025-08-21
ACC_001605,ACC_001607,118.92,2026-05-18
ACC_001605,ACC_001607,125.66,2025-09-02
ACC_001605,ACC_001607,13.59,2026-05-11
ACC_001605,ACC_001607,139.88,2025-10-18
ACC_001605,ACC_001607,14.38,2026-02-10
ACC_001605,ACC_001607,143.26,2025-08-29
ACC_001605,ACC_001607,144.13,2026-02-27
ACC_001605,ACC_001607,150.86,2026-02-15
ACC_001605,ACC_001607,157.40,2025-11-04
ACC_001605,ACC_001607,16.44,2026-04-11
ACC_001605,ACC_001607,167.29,2026-04-15
ACC_001605,ACC_001607,18.30,2025-11-25
ACC_001605,ACC_001607,18.86,2026-05-26
ACC_001605,ACC_001607,183.25,2026-05-01
ACC_001605,ACC_001607,193.89,2025-11-10
ACC_001605,ACC_001607,198.00,2025-12-17
ACC_001605,ACC_001607,21.73,2025-11-23
ACC_001605,ACC_001607,21.73,2026-04-27
ACC_001605,ACC_001607,21.83,2025-11-14
ACC_001605,ACC_001607,216.09,2026-04-23
ACC_001605,ACC_001607,22.06,2025-07-29
ACC_001605,ACC_001607,22.22,2026-05-09
ACC_001605,ACC_001607,230.45,2026-01-08
ACC_001605,ACC_001607,24.67,2025-10-04
ACC_001605,ACC_001607,25.55,2026-02-09
ACC_001605,ACC_001607,26.32,2025-10-20
ACC_001605,ACC_001607,26.88,2025-11-01
ACC_001605,ACC_001607,278.32,2025-10-12
ACC_001605,ACC_001607,285.48,2026-05-01
ACC_001605,ACC_001607,30.05,2026-01-15
ACC_001605,ACC_001607,30.54,2025-11-15
ACC_001605,ACC_001607,304.59,2026-02-26
ACC_001605,ACC_001607,32.39,2026-04-17
ACC_001605,ACC_001607,329.40,2026-06-04
ACC_001605,ACC_001607,358.97,2025-12-09
ACC_001605,ACC_001607,38.87,2025-12-25
ACC_001605,ACC_001607,404.16,2026-03-04
ACC_001605,ACC_001607,41.18,2025-12-05
ACC_001605,ACC_001607,431.93,2026-02-20
ACC_001605,ACC_001607,46.30,2026-02-13
ACC_001605,ACC_001607,48.67,2026-01-27
ACC_001605,ACC_001607,481.30,2025-11-12
ACC_001605,ACC_001607,481.92,2026-02-13
ACC_001605,ACC_001607,61.92,2026-01-25
ACC_001605,ACC_001607,8.76,2025-08-16
ACC_001605,ACC_001607,8.93,2025-10-11
ACC_001605,ACC_001607,9.14,2025-08-02
ACC_001605,ACC_001607,9.23,2025-12-01
ACC_001606,ACC_001607,296.83,2025-12-02
