source_id,target_id
CLM_0000001,CLI_000203
CLM_0000002,CLI_000203
CLM_0000003,CLI_000203
CLM_0000004,CLI_000033
CLM_0000005,CLI_000033
CLM_0000006,CLI_000033
CLM_0000007,CLI_000491
CLM_0000008,CLI_000203
CLM_0000009,CLI_000203
CLM_0000010,CLI_000203
CLM_0000011,CLI_000395
CLM_0000012,CLI_000506
CLM_0000013,CLI_000245
CLM_0000014,CLI_000143
CLM_0000015,CLI_000143
CLM_0000016,CLI_000025
CLM_0000017,CLI_000025
CLM_0000018,CLI_000025
CLM_0000019,CLI_000438
CLM_0000020,CLI_000438
CLM_0000021,CLI_000088
CLM_0000022,CLI_000088
CLM_0000023,CLI_000166
CLM_0000024,CLI_000166
CLM_0000025,CLI_000166
CLM_0000026,CLI_000058
CLM_0000027,CLI_000525
CLM_0000028,CLI_000525
CLM_0000029,CLI_000525
CLM_0000030,CLI_000565
CLM_0000031,CLI_000565
CLM_0000032,CLI_000565
CLM_0000033,CLI_000143
CLM_0000034,CLI_000525
CLM_0000035,CLI_000525
CLM_0000036,CLI_000525
CLM_0000037,CLI_000018
CLM_0000038,CLI_000018
CLM_0000039,CLI_000018
CLM_0000040,CLI_000438
CLM_0000041,CLI_000438
CLM_0000042,CLI_000438
CLM_0000043,CLI_000491
CLM_0000044,CLI_000491
CLM_0000045,CLI_000143
CLM_0000046,CLI_000025
CLM_0000047,CLI_000025
CLM_0000048,CLI_000025
CLM_0000049,CLI_000203
CLM_0000050,CLI_000203
CLM_0000051,CLI_000203
CLM_0000052,CLI_000143
CLM_0000053,CLI_000143
CLM_0000054,CLI_000143
CLM_0000055,CLI_000535
CLM_0000056,CLI_000541
CLM_0000057,CLI_000541
CLM_0000058,CLI_000541
CLM_0000059,CLI_000571
CLM_0000060,CLI_000571
CLM_0000061,CLI_000435
CLM_0000062,CLI_000435
CLM_0000063,CLI_000435
CLM_0000064,CLI_000245
CLM_0000065,CLI_000245
CLM_0000066,CLI_000526
CLM_0000067,CLI_000347
CLM_0000068,CLI_000404
CLM_0000069,CLI_000404
CLM_0000070,CLI_000404
CLM_0000071,CLI_000033
CLM_0000072,CLI_000033
CLM_0000073,CLI_000033
CLM_0000074,CLI_000113
CLM_0000075,CLI_000113
CLM_0000076,CLI_000113
CLM_0000077,CLI_000121
CLM_0000078,CLI_000121
CLM_0000079,CLI_000121
CLM_0000080,CLI_000143
CLM_0000081,CLI_000143
CLM_0000082,CLI_000143
CLM_0000083,CLI_000202
CLM_0000084,CLI_000202
CLM_0000085,CLI_000202
CLM_0000086,CLI_000065
CLM_0000087,CLI_000491
CLM_0000088,CLI_000033
CLM_0000089,CLI_000033
CLM_0000090,CLI_000203
CLM_0000091,CLI_000203
CLM_0000092,CLI_000202
CLM_0000093,CLI_000202
CLM_0000094,CLI_000202
CLM_0000095,CLI_000535
CLM_0000096,CLI_000535
CLM_0000097,CLI_000535
CLM_0000098,CLI_000420
CLM_0000099,CLI_000525
CLM_0000100,CLI_000525
CLM_0000101,CLI_000456
CLM_0000102,CLI_000203
CLM_0000103,CLI_000203
CLM_0000104,CLI_000033
CLM_0000105,CLI_000033
CLM_0000106,CLI_000033
CLM_0000107,CLI_000426
CLM_0000108,CLI_000426
CLM_0000109,CLI_000166
CLM_0000110,CLI_000166
CLM_0000111,CLI_000166
CLM_0000112,CLI_000526
CLM_0000113,CLI_000526
CLM_0000114,CLI_000033
CLM_0000115,CLI_000033
CLM_0000116,CLI_000202
CLM_0000117,CLI_000033
CLM_0000118,CLI_000033
CLM_0000119,CLI_000033
CLM_0000120,CLI_000203
CLM_0000121,CLI_000143
CLM_0000122,CLI_000143
CLM_0000123,CLI_000143
CLM_0000124,CLI_000203
CLM_0000125,CLI_000203
CLM_0000126,CLI_000245
CLM_0000127,CLI_000591
CLM_0000128,CLI_000143
CLM_0000129,CLI_000143
CLM_0000130,CLI_000143
CLM_0000131,CLI_000526
CLM_0000132,CLI_000526
CLM_0000133,CLI_000063
CLM_0000134,CLI_000380
CLM_0000135,CLI_000426
CLM_0000136,CLI_000025
CLM_0000137,CLI_000033
CLM_0000138,CLI_000033
CLM_0000139,CLI_000107
CLM_0000140,CLI_000107
CLM_0000141,CLI_000160
CLM_0000142,CLI_000160
CLM_0000143,CLI_000202
CLM_0000144,CLI_000202
CLM_0000145,CLI_000202
CLM_0000146,CLI_000143
CLM_0000147,CLI_000143
CLM_0000148,CLI_000121
CLM_0000149,CLI_000143
CLM_0000150,CLI_000143
CLM_0000151,CLI_000143
CLM_0000152,CLI_000202
CLM_0000153,CLI_000202
CLM_0000154,CLI_000202
CLM_0000155,CLI_000088
CLM_0000156,CLI_000088
CLM_0000157,CLI_000202
CLM_0000158,CLI_000485
CLM_0000159,CLI_000485
CLM_0000160,CLI_000143
CLM_0000161,CLI_000143
CLM_0000162,CLI_000045
CLM_0000163,CLI_000535
CLM_0000164,CLI_000535
CLM_0000165,CLI_000535
CLM_0000166,CLI_000228
CLM_0000167,CLI_000202
CLM_0000168,CLI_000202
CLM_0000169,CLI_000491
CLM_0000170,CLI_000491
CLM_0000171,CLI_000491
CLM_0000172,CLI_000143
CLM_0000173,CLI_000499
CLM_0000174,CLI_000033
CLM_0000175,CLI_000435
CLM_0000176,CLI_000426
CLM_0000177,CLI_000426
CLM_0000178,CLI_000435
CLM_0000179,CLI_000435
CLM_0000180,CLI_000121
CLM_0000181,CLI_000245
CLM_0000182,CLI_000123
CLM_0000183,CLI_000123
CLM_0000184,CLI_000143
CLM_0000185,CLI_000143
CLM_0000186,CLI_000525
CLM_0000187,CLI_000525
CLM_0000188,CLI_000525
CLM_0000189,CLI_000143
CLM_0000190,CLI_000076
CLM_0000191,CLI_000076
CLM_0000192,CLI_000553
CLM_0000193,CLI_000499
CLM_0000194,CLI_000499
CLM_0000195,CLI_000062
CLM_0000196,CLI_000203
CLM_0000197,CLI_000203
CLM_0000198,CLI_000203
CLM_0000199,CLI_000456
CLM_0000200,CLI_000456
CLM_0000201,CLI_000027
CLM_0000202,CLI_000143
CLM_0000203,CLI_000586
CLM_0000204,CLI_000586
CLM_0000205,CLI_000586
CLM_0000206,CLI_000202
CLM_0000207,CLI_000347
CLM_0000208,CLI_000347
CLM_0000209,CLI_000203
CLM_0000210,CLI_000203
CLM_0000211,CLI_000203
CLM_0000212,CLI_000143
CLM_0000213,CLI_000143
CLM_0000214,CLI_000203
CLM_0000215,CLI_000164
CLM_0000216,CLI_000164
CLM_0000217,CLI_000404
CLM_0000218,CLI_000143
CLM_0000219,CLI_000033
CLM_0000220,CLI_000033
CLM_0000221,CLI_000033
CLM_0000222,CLI_000506
CLM_0000223,CLI_000506
CLM_0000224,CLI_000506
CLM_0000225,CLI_000143
CLM_0000226,CLI_000143
CLM_0000227,CLI_000033
CLM_0000228,CLI_000033
CLM_0000229,CLI_000033
CLM_0000230,CLI_000426
CLM_0000231,CLI_000426
CLM_0000232,CLI_000426
CLM_0000233,CLI_000404
CLM_0000234,CLI_000453
CLM_0000235,CLI_000453
CLM_0000236,CLI_000203
CLM_0000237,CLI_000203
CLM_0000238,CLI_000203
CLM_0000239,CLI_000202
CLM_0000240,CLI_000202
CLM_0000241,CLI_000202
CLM_0000242,CLI_000025
CLM_0000243,CLI_000025
CLM_0000244,CLI_000203
CLM_0000245,CLI_000203
CLM_0000246,CLI_000203
CLM_0000247,CLI_000507
CLM_0000248,CLI_000166
CLM_0000249,CLI_000166
CLM_0000250,CLI_000245
CLM_0000251,CLI_000245
CLM_0000252,CLI_000245
CLM_0000253,CLI_000143
CLM_0000254,CLI_000143
CLM_0000255,CLI_000385
CLM_0000256,CLI_000368
CLM_0000257,CLI_000368
CLM_0000258,CLI_000368
CLM_0000259,CLI_000033
CLM_0000260,CLI_000368
CLM_0000261,CLI_000033
CLM_0000262,CLI_000076
CLM_0000263,CLI_000061
CLM_0000264,CLI_000061
CLM_0000265,CLI_000202
CLM_0000266,CLI_000195
CLM_0000267,CLI_000195
CLM_0000268,CLI_000033
CLM_0000269,CLI_000033
CLM_0000270,CLI_000033
CLM_0000271,CLI_000566
CLM_0000272,CLI_000566
CLM_0000273,CLI_000566
CLM_0000274,CLI_000426
CLM_0000275,CLI_000506
CLM_0000276,CLI_000574
CLM_0000277,CLI_000574
CLM_0000278,CLI_000045
CLM_0000279,CLI_000045
CLM_0000280,CLI_000426
CLM_0000281,CLI_000426
CLM_0000282,CLI_000426
CLM_0000283,CLI_000202
CLM_0000284,CLI_000203
CLM_0000285,CLI_000426
CLM_0000286,CLI_000426
CLM_0000287,CLI_000426
CLM_0000288,CLI_000203
CLM_0000289,CLI_000340
CLM_0000290,CLI_000340
CLM_0000291,CLI_000166
CLM_0000292,CLI_000166
CLM_0000293,CLI_000314
CLM_0000294,CLI_000314
CLM_0000295,CLI_000314
CLM_0000296,CLI_000535
CLM_0000297,CLI_000202
CLM_0000298,CLI_000202
CLM_0000299,CLI_000202
CLM_0000300,CLI_000143
CLM_0000301,CLI_000143
CLM_0000302,CLI_000143
CLM_0000303,CLI_000203
CLM_0000304,CLI_000203
CLM_0000305,CLI_000535
CLM_0000306,CLI_000535
CLM_0000307,CLI_000535
CLM_0000308,CLI_000435
CLM_0000309,CLI_000435
CLM_0000310,CLI_000435
CLM_0000311,CLI_000426
CLM_0000312,CLI_000426
CLM_0000313,CLI_000243
CLM_0000314,CLI_000243
CLM_0000315,CLI_000243
CLM_0000316,CLI_000143
CLM_0000317,CLI_000506
CLM_0000318,CLI_000506
CLM_0000319,CLI_000203
CLM_0000320,CLI_000203
CLM_0000321,CLI_000574
CLM_0000322,CLI_000574
CLM_0000323,CLI_000011
CLM_0000324,CLI_000011
CLM_0000325,CLI_000011
CLM_0000326,CLI_000553
CLM_0000327,CLI_000335
CLM_0000328,CLI_000335
CLM_0000329,CLI_000456
CLM_0000330,CLI_000456
CLM_0000331,CLI_000456
CLM_0000332,CLI_000107
CLM_0000333,CLI_000076
CLM_0000334,CLI_000351
CLM_0000335,CLI_000351
CLM_0000336,CLI_000422
CLM_0000337,CLI_000541
CLM_0000338,CLI_000541
CLM_0000339,CLI_000541
CLM_0000340,CLI_000033
CLM_0000341,CLI_000033
CLM_0000342,CLI_000033
CLM_0000343,CLI_000315
CLM_0000344,CLI_000315
CLM_0000345,CLI_000315
CLM_0000346,CLI_000143
CLM_0000347,CLI_000143
CLM_0000348,CLI_000203
CLM_0000349,CLI_000203
CLM_0000350,CLI_000381
CLM_0000351,CLI_000381
CLM_0000352,CLI_000456
CLM_0000353,CLI_000456
CLM_0000354,CLI_000456
CLM_0000355,CLI_000565
CLM_0000356,CLI_000565
CLM_0000357,CLI_000025
CLM_0000358,CLI_000025
CLM_0000359,CLI_000025
CLM_0000360,CLI_000535
CLM_0000361,CLI_000535
CLM_0000362,CLI_000535
CLM_0000363,CLI_000318
CLM_0000364,CLI_000033
CLM_0000365,CLI_000159
CLM_0000366,CLI_000159
CLM_0000367,CLI_000159
CLM_0000368,CLI_000143
CLM_0000369,CLI_000143
CLM_0000370,CLI_000143
CLM_0000371,CLI_000196
CLM_0000372,CLI_000196
CLM_0000373,CLI_000196
CLM_0000374,CLI_000033
CLM_0000375,CLI_000202
CLM_0000376,CLI_000076
CLM_0000377,CLI_000076
CLM_0000378,CLI_000076
CLM_0000379,CLI_000143
CLM_0000380,CLI_000141
CLM_0000381,CLI_000141
CLM_0000382,CLI_000404
CLM_0000383,CLI_000404
CLM_0000384,CLI_000404
CLM_0000385,CLI_000040
CLM_0000386,CLI_000040
CLM_0000387,CLI_000143
CLM_0000388,CLI_000143
CLM_0000389,CLI_000121
CLM_0000390,CLI_000121
CLM_0000391,CLI_000121
CLM_0000392,CLI_000404
CLM_0000393,CLI_000427
CLM_0000394,CLI_000427
CLM_0000395,CLI_000427
CLM_0000396,CLI_000203
CLM_0000397,CLI_000203
CLM_0000398,CLI_000456
CLM_0000399,CLI_000202
CLM_0000400,CLI_000008
CLM_0000401,CLI_000008
CLM_0000402,CLI_000071
CLM_0000403,CLI_000092
CLM_0000404,CLI_000316
CLM_0000405,CLI_000316
CLM_0000406,CLI_000316
CLM_0000407,CLI_000025
CLM_0000408,CLI_000025
CLM_0000409,CLI_000025
CLM_0000410,CLI_000245
CLM_0000411,CLI_000245
CLM_0000412,CLI_000179
CLM_0000413,CLI_000179
CLM_0000414,CLI_000179
CLM_0000415,CLI_000033
CLM_0000416,CLI_000033
CLM_0000417,CLI_000033
CLM_0000418,CLI_000567
CLM_0000419,CLI_000567
CLM_0000420,CLI_000567
CLM_0000421,CLI_000002
CLM_0000422,CLI_000002
CLM_0000423,CLI_000202
CLM_0000424,CLI_000202
CLM_0000425,CLI_000202
CLM_0000426,CLI_000579
CLM_0000427,CLI_000143
CLM_0000428,CLI_000143
CLM_0000429,CLI_000143
CLM_0000430,CLI_000368
CLM_0000431,CLI_000368
CLM_0000432,CLI_000368
CLM_0000433,CLI_000335
CLM_0000434,CLI_000335
CLM_0000435,CLI_000435
CLM_0000436,CLI_000203
CLM_0000437,CLI_000203
CLM_0000438,CLI_000203
CLM_0000439,CLI_000143
CLM_0000440,CLI_000456
CLM_0000441,CLI_000324
CLM_0000442,CLI_000324
CLM_0000443,CLI_000324
CLM_0000444,CLI_000426
CLM_0000445,CLI_000426
CLM_0000446,CLI_000143
CLM_0000447,CLI_000143
CLM_0000448,CLI_000143
CLM_0000449,CLI_000160
CLM_0000450,CLI_000160
CLM_0000451,CLI_000160
CLM_0000452,CLI_000565
CLM_0000453,CLI_000025
CLM_0000454,CLI_000025
CLM_0000455,CLI_000025
CLM_0000456,CLI_000368
CLM_0000457,CLI_000368
CLM_0000458,CLI_000368
CLM_0000459,CLI_000061
CLM_0000460,CLI_000245
CLM_0000461,CLI_000245
CLM_0000462,CLI_000245
CLM_0000463,CLI_000022
CLM_0000464,CLI_000033
CLM_0000465,CLI_000033
CLM_0000466,CLI_000143
CLM_0000467,CLI_000160
CLM_0000468,CLI_000160
CLM_0000469,CLI_000160
CLM_0000470,CLI_000198
CLM_0000471,CLI_000268
CLM_0000472,CLI_000268
CLM_0000473,CLI_000105
CLM_0000474,CLI_000105
CLM_0000475,CLI_000105
CLM_0000476,CLI_000203
CLM_0000477,CLI_000202
CLM_0000478,CLI_000202
CLM_0000479,CLI_000143
CLM_0000480,CLI_000448
CLM_0000481,CLI_000245
CLM_0000482,CLI_000245
CLM_0000483,CLI_000245
CLM_0000484,CLI_000202
CLM_0000485,CLI_000202
CLM_0000486,CLI_000033
CLM_0000487,CLI_000033
CLM_0000488,CLI_000033
CLM_0000489,CLI_000227
CLM_0000490,CLI_000227
CLM_0000491,CLI_000227
CLM_0000492,CLI_000160
CLM_0000493,CLI_000160
CLM_0000494,CLI_000202
CLM_0000495,CLI_000202
CLM_0000496,CLI_000202
CLM_0000497,CLI_000166
CLM_0000498,CLI_000019
CLM_0000499,CLI_000019
CLM_0000500,CLI_000019
CLM_0000501,CLI_000426
CLM_0000502,CLI_000426
CLM_0000503,CLI_000426
CLM_0000504,CLI_000202
CLM_0000505,CLI_000202
CLM_0000506,CLI_000202
CLM_0000507,CLI_000456
CLM_0000508,CLI_000033
CLM_0000509,CLI_000033
CLM_0000510,CLI_000033
CLM_0000511,CLI_000033
CLM_0000512,CLI_000033
CLM_0000513,CLI_000033
CLM_0000514,CLI_000065
CLM_0000515,CLI_000065
CLM_0000516,CLI_000065
CLM_0000517,CLI_000080
CLM_0000518,CLI_000080
CLM_0000519,CLI_000025
CLM_0000520,CLI_000025
CLM_0000521,CLI_000143
CLM_0000522,CLI_000076
CLM_0000523,CLI_000245
CLM_0000524,CLI_000245
CLM_0000525,CLI_000245
CLM_0000526,CLI_000143
CLM_0000527,CLI_000033
CLM_0000528,CLI_000033
CLM_0000529,CLI_000033
CLM_0000530,CLI_000435
CLM_0000531,CLI_000435
CLM_0000532,CLI_000435
CLM_0000533,CLI_000565
CLM_0000534,CLI_000565
CLM_0000535,CLI_000507
CLM_0000536,CLI_000507
CLM_0000537,CLI_000507
CLM_0000538,CLI_000202
CLM_0000539,CLI_000202
CLM_0000540,CLI_000202
CLM_0000541,CLI_000456
CLM_0000542,CLI_000456
CLM_0000543,CLI_000456
CLM_0000544,CLI_000456
CLM_0000545,CLI_000456
CLM_0000546,CLI_000033
CLM_0000547,CLI_000033
CLM_0000548,CLI_000033
CLM_0000549,CLI_000513
CLM_0000550,CLI_000513
CLM_0000551,CLI_000025
CLM_0000552,CLI_000025
CLM_0000553,CLI_000070
CLM_0000554,CLI_000070
CLM_0000555,CLI_000143
CLM_0000556,CLI_000438
CLM_0000557,CLI_000438
CLM_0000558,CLI_000438
CLM_0000559,CLI_000325
CLM_0000560,CLI_000571
CLM_0000561,CLI_000555
CLM_0000562,CLI_000143
CLM_0000563,CLI_000143
CLM_0000564,CLI_000143
CLM_0000565,CLI_000202
CLM_0000566,CLI_000202
CLM_0000567,CLI_000202
CLM_0000568,CLI_000525
CLM_0000569,CLI_000525
CLM_0000570,CLI_000525
CLM_0000571,CLI_000227
CLM_0000572,CLI_000227
CLM_0000573,CLI_000227
CLM_0000574,CLI_000395
CLM_0000575,CLI_000395
CLM_0000576,CLI_000395
CLM_0000577,CLI_000453
CLM_0000578,CLI_000089
CLM_0000579,CLI_000089
CLM_0000580,CLI_000089
CLM_0000581,CLI_000253
CLM_0000582,CLI_000253
CLM_0000583,CLI_000253
CLM_0000584,CLI_000203
CLM_0000585,CLI_000433
CLM_0000586,CLI_000565
CLM_0000587,CLI_000565
CLM_0000588,CLI_000565
CLM_0000589,CLI_000517
CLM_0000590,CLI_000049
CLM_0000591,CLI_000049
CLM_0000592,CLI_000535
CLM_0000593,CLI_000535
CLM_0000594,CLI_000025
CLM_0000595,CLI_000025
CLM_0000596,CLI_000025
CLM_0000597,CLI_000426
CLM_0000598,CLI_000426
CLM_0000599,CLI_000105
CLM_0000600,CLI_000203
CLM_0000601,CLI_000033
CLM_0000602,CLI_000033
CLM_0000603,CLI_000203
CLM_0000604,CLI_000033
CLM_0000605,CLI_000033
CLM_0000606,CLI_000033
CLM_0000607,CLI_000076
CLM_0000608,CLI_000593
CLM_0000609,CLI_000593
CLM_0000610,CLI_000544
CLM_0000611,CLI_000544
CLM_0000612,CLI_000350
CLM_0000613,CLI_000350
CLM_0000614,CLI_000025
CLM_0000615,CLI_000033
CLM_0000616,CLI_000033
CLM_0000617,CLI_000033
CLM_0000618,CLI_000143
CLM_0000619,CLI_000143
CLM_0000620,CLI_000435
CLM_0000621,CLI_000435
CLM_0000622,CLI_000060
CLM_0000623,CLI_000060
CLM_0000624,CLI_000060
CLM_0000625,CLI_000153
CLM_0000626,CLI_000478
CLM_0000627,CLI_000478
CLM_0000628,CLI_000478
CLM_0000629,CLI_000166
CLM_0000630,CLI_000166
CLM_0000631,CLI_000166
CLM_0000632,CLI_000574
CLM_0000633,CLI_000107
CLM_0000634,CLI_000107
CLM_0000635,CLI_000202
CLM_0000636,CLI_000202
CLM_0000637,CLI_000202
CLM_0000638,CLI_000202
CLM_0000639,CLI_000202
CLM_0000640,CLI_000202
CLM_0000641,CLI_000033
CLM_0000642,CLI_000033
CLM_0000643,CLI_000382
CLM_0000644,CLI_000491
CLM_0000645,CLI_000143
CLM_0000646,CLI_000033
CLM_0000647,CLI_000033
CLM_0000648,CLI_000089
CLM_0000649,CLI_000282
CLM_0000650,CLI_000282
CLM_0000651,CLI_000143
CLM_0000652,CLI_000143
CLM_0000653,CLI_000143
CLM_0000654,CLI_000143
CLM_0000655,CLI_000060
CLM_0000656,CLI_000060
CLM_0000657,CLI_000060
CLM_0000658,CLI_000203
CLM_0000659,CLI_000203
CLM_0000660,CLI_000143
CLM_0000661,CLI_000143
CLM_0000662,CLI_000143
CLM_0000663,CLI_000200
CLM_0000664,CLI_000002
CLM_0000665,CLI_000203
CLM_0000666,CLI_000203
CLM_0000667,CLI_000203
CLM_0000668,CLI_000107
CLM_0000669,CLI_000025
CLM_0000670,CLI_000025
CLM_0000671,CLI_000177
CLM_0000672,CLI_000385
CLM_0000673,CLI_000385
CLM_0000674,CLI_000097
CLM_0000675,CLI_000097
CLM_0000676,CLI_000122
CLM_0000677,CLI_000253
CLM_0000678,CLI_000253
CLM_0000679,CLI_000089
CLM_0000680,CLI_000437
CLM_0000681,CLI_000193
CLM_0000682,CLI_000011
CLM_0000683,CLI_000011
CLM_0000684,CLI_000011
CLM_0000685,CLI_000526
CLM_0000686,CLI_000008
CLM_0000687,CLI_000008
CLM_0000688,CLI_000008
CLM_0000689,CLI_000535
CLM_0000690,CLI_000535
CLM_0000691,CLI_000052
CLM_0000692,CLI_000052
CLM_0000693,CLI_000143
CLM_0000694,CLI_000143
CLM_0000695,CLI_000143
CLM_0000696,CLI_000143
CLM_0000697,CLI_000143
CLM_0000698,CLI_000143
CLM_0000699,CLI_000299
CLM_0000700,CLI_000143
CLM_0000701,CLI_000143
CLM_0000702,CLI_000435
CLM_0000703,CLI_000076
CLM_0000704,CLI_000076
CLM_0000705,CLI_000025
CLM_0000706,CLI_000025
CLM_0000707,CLI_000005
CLM_0000708,CLI_000005
CLM_0000709,CLI_000351
CLM_0000710,CLI_000166
CLM_0000711,CLI_000166
CLM_0000712,CLI_000166
CLM_0000713,CLI_000456
CLM_0000714,CLI_000456
CLM_0000715,CLI_000143
CLM_0000716,CLI_000143
CLM_0000717,CLI_000143
CLM_0000718,CLI_000076
CLM_0000719,CLI_000076
CLM_0000720,CLI_000076
CLM_0000721,CLI_000076
CLM_0000722,CLI_000076
CLM_0000723,CLI_000143
CLM_0000724,CLI_000143
CLM_0000725,CLI_000143
CLM_0000726,CLI_000002
CLM_0000727,CLI_000002
CLM_0000728,CLI_000002
CLM_0000729,CLI_000143
CLM_0000730,CLI_000143
CLM_0000731,CLI_000202
CLM_0000732,CLI_000033
CLM_0000733,CLI_000033
CLM_0000734,CLI_000033
CLM_0000735,CLI_000506
CLM_0000736,CLI_000033
CLM_0000737,CLI_000253
CLM_0000738,CLI_000456
CLM_0000739,CLI_000456
CLM_0000740,CLI_000456
CLM_0000741,CLI_000098
CLM_0000742,CLI_000143
CLM_0000743,CLI_000143
CLM_0000744,CLI_000143
CLM_0000745,CLI_000143
CLM_0000746,CLI_000143
CLM_0000747,CLI_000535
CLM_0000748,CLI_000080
CLM_0000749,CLI_000080
CLM_0000750,CLI_000143
CLM_0000751,CLI_000143
CLM_0000752,CLI_000143
CLM_0000753,CLI_000404
CLM_0000754,CLI_000404
CLM_0000755,CLI_000184
CLM_0000756,CLI_000184
CLM_0000757,CLI_000553
CLM_0000758,CLI_000553
CLM_0000759,CLI_000553
CLM_0000760,CLI_000143
CLM_0000761,CLI_000506
CLM_0000762,CLI_000506
CLM_0000763,CLI_000203
CLM_0000764,CLI_000203
CLM_0000765,CLI_000435
CLM_0000766,CLI_000435
CLM_0000767,CLI_000435
CLM_0000768,CLI_000245
CLM_0000769,CLI_000491
CLM_0000770,CLI_000203
CLM_0000771,CLI_000203
CLM_0000772,CLI_000166
CLM_0000773,CLI_000526
CLM_0000774,CLI_000203
CLM_0000775,CLI_000111
CLM_0000776,CLI_000202
CLM_0000777,CLI_000147
CLM_0000778,CLI_000147
CLM_0000779,CLI_000025
CLM_0000780,CLI_000368
CLM_0000781,CLI_000368
CLM_0000782,CLI_000143
CLM_0000783,CLI_000143
CLM_0000784,CLI_000033
CLM_0000785,CLI_000033
CLM_0000786,CLI_000031
CLM_0000787,CLI_000031
CLM_0000788,CLI_000166
CLM_0000789,CLI_000426
CLM_0000790,CLI_000426
CLM_0000791,CLI_000426
CLM_0000792,CLI_000033
CLM_0000793,CLI_000143
CLM_0000794,CLI_000143
CLM_0000795,CLI_000506
CLM_0000796,CLI_000506
CLM_0000797,CLI_000506
CLM_0000798,CLI_000143
CLM_0000799,CLI_000143
CLM_0000800,CLI_000025
CLM_0000801,CLI_000143
CLM_0000802,CLI_000143
CLM_0000803,CLI_000143
CLM_0000804,CLI_000097
CLM_0000805,CLI_000180
CLM_0000806,CLI_000180
CLM_0000807,CLI_000471
CLM_0000808,CLI_000471
CLM_0000809,CLI_000565
CLM_0000810,CLI_000565
CLM_0000811,CLI_000453
CLM_0000812,CLI_000453
CLM_0000813,CLI_000453
CLM_0000814,CLI_000435
CLM_0000815,CLI_000435
CLM_0000816,CLI_000143
CLM_0000817,CLI_000061
CLM_0000818,CLI_000166
CLM_0000819,CLI_000507
CLM_0000820,CLI_000507
CLM_0000821,CLI_000404
CLM_0000822,CLI_000404
CLM_0000823,CLI_000404
CLM_0000824,CLI_000526
CLM_0000825,CLI_000404
CLM_0000826,CLI_000121
CLM_0000827,CLI_000092
CLM_0000828,CLI_000092
CLM_0000829,CLI_000092
CLM_0000830,CLI_000002
CLM_0000831,CLI_000166
CLM_0000832,CLI_000506
CLM_0000833,CLI_000506
CLM_0000834,CLI_000202
CLM_0000835,CLI_000506
CLM_0000836,CLI_000061
CLM_0000837,CLI_000061
CLM_0000838,CLI_000143
CLM_0000839,CLI_000143
CLM_0000840,CLI_000143
CLM_0000841,CLI_000088
CLM_0000842,CLI_000088
CLM_0000843,CLI_000088
CLM_0000844,CLI_000404
CLM_0000845,CLI_000404
CLM_0000846,CLI_000404
CLM_0000847,CLI_000033
CLM_0000848,CLI_000526
CLM_0000849,CLI_000456
CLM_0000850,CLI_000456
CLM_0000851,CLI_000025
CLM_0000852,CLI_000025
CLM_0000853,CLI_000025
CLM_0000854,CLI_000456
CLM_0000855,CLI_000456
CLM_0000856,CLI_000456
CLM_0000857,CLI_000146
CLM_0000858,CLI_000146
CLM_0000859,CLI_000146
CLM_0000860,CLI_000386
CLM_0000861,CLI_000386
CLM_0000862,CLI_000272
CLM_0000863,CLI_000272
CLM_0000864,CLI_000253
CLM_0000865,CLI_000045
CLM_0000866,CLI_000045
CLM_0000867,CLI_000404
CLM_0000868,CLI_000404
CLM_0000869,CLI_000534
CLM_0000870,CLI_000534
CLM_0000871,CLI_000203
CLM_0000872,CLI_000203
CLM_0000873,CLI_000525
CLM_0000874,CLI_000525
CLM_0000875,CLI_000525
CLM_0000876,CLI_000526
CLM_0000877,CLI_000526
CLM_0000878,CLI_000526
CLM_0000879,CLI_000033
CLM_0000880,CLI_000033
CLM_0000881,CLI_000033
CLM_0000882,CLI_000203
CLM_0000883,CLI_000465
CLM_0000884,CLI_000465
CLM_0000885,CLI_000565
CLM_0000886,CLI_000025
CLM_0000887,CLI_000008
CLM_0000888,CLI_000008
CLM_0000889,CLI_000008
CLM_0000890,CLI_000282
CLM_0000891,CLI_000192
CLM_0000892,CLI_000143
CLM_0000893,CLI_000143
CLM_0000894,CLI_000033
CLM_0000895,CLI_000033
CLM_0000896,CLI_000143
CLM_0000897,CLI_000143
CLM_0000898,CLI_000245
CLM_0000899,CLI_000143
CLM_0000900,CLI_000203
CLM_0000901,CLI_000203
CLM_0000902,CLI_000203
CLM_0000903,CLI_000089
CLM_0000904,CLI_000025
CLM_0000905,CLI_000025
CLM_0000906,CLI_000025
CLM_0000907,CLI_000025
CLM_0000908,CLI_000456
CLM_0000909,CLI_000456
CLM_0000910,CLI_000097
CLM_0000911,CLI_000097
CLM_0000912,CLI_000097
CLM_0000913,CLI_000143
CLM_0000914,CLI_000143
CLM_0000915,CLI_000143
CLM_0000916,CLI_000143
CLM_0000917,CLI_000565
CLM_0000918,CLI_000203
CLM_0000919,CLI_000426
CLM_0000920,CLI_000426
CLM_0000921,CLI_000426
CLM_0000922,CLI_000506
CLM_0000923,CLI_000506
CLM_0000924,CLI_000088
CLM_0000925,CLI_000088
CLM_0000926,CLI_000203
CLM_0000927,CLI_000088
CLM_0000928,CLI_000285
CLM_0000929,CLI_000354
CLM_0000930,CLI_000143
CLM_0000931,CLI_000143
CLM_0000932,CLI_000143
CLM_0000933,CLI_000076
CLM_0000934,CLI_000076
CLM_0000935,CLI_000076
CLM_0000936,CLI_000061
CLM_0000937,CLI_000061
CLM_0000938,CLI_000456
CLM_0000939,CLI_000456
CLM_0000940,CLI_000203
CLM_0000941,CLI_000203
CLM_0000942,CLI_000203
CLM_0000943,CLI_000196
CLM_0000944,CLI_000196
CLM_0000945,CLI_000121
CLM_0000946,CLI_000121
CLM_0000947,CLI_000278
CLM_0000948,CLI_000194
CLM_0000949,CLI_000194
CLM_0000950,CLI_000194
CLM_0000951,CLI_000121
CLM_0000952,CLI_000143
CLM_0000953,CLI_000143
CLM_0000954,CLI_000506
CLM_0000955,CLI_000506
CLM_0000956,CLI_000169
CLM_0000957,CLI_000143
CLM_0000958,CLI_000143
CLM_0000959,CLI_000143
CLM_0000960,CLI_000188
CLM_0000961,CLI_000024
CLM_0000962,CLI_000024
CLM_0000963,CLI_000024
CLM_0000964,CLI_000404
CLM_0000965,CLI_000143
CLM_0000966,CLI_000385
CLM_0000967,CLI_000143
CLM_0000968,CLI_000143
CLM_0000969,CLI_000088
CLM_0000970,CLI_000088
CLM_0000971,CLI_000088
CLM_0000972,CLI_000203
CLM_0000973,CLI_000203
CLM_0000974,CLI_000355
CLM_0000975,CLI_000404
CLM_0000976,CLI_000025
CLM_0000977,CLI_000025
CLM_0000978,CLI_000143
CLM_0000979,CLI_000433
CLM_0000980,CLI_000433
CLM_0000981,CLI_000433
CLM_0000982,CLI_000025
CLM_0000983,CLI_000025
CLM_0000984,CLI_000143
CLM_0000985,CLI_000202
CLM_0000986,CLI_000325
CLM_0000987,CLI_000325
CLM_0000988,CLI_000203
CLM_0000989,CLI_000203
CLM_0000990,CLI_000203
CLM_0000991,CLI_000203
CLM_0000992,CLI_000203
CLM_0000993,CLI_000506
CLM_0000994,CLI_000419
CLM_0000995,CLI_000419
CLM_0000996,CLI_000419
CLM_0000997,CLI_000352
CLM_0000998,CLI_000352
CLM_0000999,CLI_000352
CLM_0001000,CLI_000143
CLM_0001001,CLI_000143
CLM_0001002,CLI_000143
CLM_0001003,CLI_000143
CLM_0001004,CLI_000143
CLM_0001005,CLI_000495
CLM_0001006,CLI_000495
CLM_0001007,CLI_000089
CLM_0001008,CLI_000089
CLM_0001009,CLI_000089
CLM_0001010,CLI_000395
CLM_0001011,CLI_000395
CLM_0001012,CLI_000395
CLM_0001013,CLI_000202
CLM_0001014,CLI_000202
CLM_0001015,CLI_000034
CLM_0001016,CLI_000202
CLM_0001017,CLI_000202
CLM_0001018,CLI_000525
CLM_0001019,CLI_000525
CLM_0001020,CLI_000525
CLM_0001021,CLI_000525
CLM_0001022,CLI_000347
CLM_0001023,CLI_000347
CLM_0001024,CLI_000426
CLM_0001025,CLI_000426
CLM_0001026,CLI_000202
CLM_0001027,CLI_000202
CLM_0001028,CLI_000202
CLM_0001029,CLI_000033
CLM_0001030,CLI_000033
CLM_0001031,CLI_000023
CLM_0001032,CLI_000426
CLM_0001033,CLI_000202
CLM_0001034,CLI_000202
CLM_0001035,CLI_000202
CLM_0001036,CLI_000141
CLM_0001037,CLI_000141
CLM_0001038,CLI_000141
CLM_0001039,CLI_000202
CLM_0001040,CLI_000202
CLM_0001041,CLI_000202
CLM_0001042,CLI_000166
CLM_0001043,CLI_000526
CLM_0001044,CLI_000449
CLM_0001045,CLI_000449
CLM_0001046,CLI_000456
CLM_0001047,CLI_000456
CLM_0001048,CLI_000456
CLM_0001049,CLI_000203
CLM_0001050,CLI_000143
CLM_0001051,CLI_000143
CLM_0001052,CLI_000143
CLM_0001053,CLI_000374
CLM_0001054,CLI_000374
CLM_0001055,CLI_000011
CLM_0001056,CLI_000011
CLM_0001057,CLI_000456
CLM_0001058,CLI_000456
CLM_0001059,CLI_000557
CLM_0001060,CLI_000557
CLM_0001061,CLI_000202
CLM_0001062,CLI_000202
CLM_0001063,CLI_000202
CLM_0001064,CLI_000223
CLM_0001065,CLI_000223
CLM_0001066,CLI_000253
CLM_0001067,CLI_000253
CLM_0001068,CLI_000426
CLM_0001069,CLI_000203
CLM_0001070,CLI_000203
CLM_0001071,CLI_000033
CLM_0001072,CLI_000033
CLM_0001073,CLI_000033
CLM_0001074,CLI_000143
CLM_0001075,CLI_000574
CLM_0001076,CLI_000574
CLM_0001077,CLI_000143
CLM_0001078,CLI_000143
CLM_0001079,CLI_000347
CLM_0001080,CLI_000143
CLM_0001081,CLI_000025
CLM_0001082,CLI_000025
CLM_0001083,CLI_000203
CLM_0001084,CLI_000203
CLM_0001085,CLI_000203
CLM_0001086,CLI_000033
CLM_0001087,CLI_000033
CLM_0001088,CLI_000033
CLM_0001089,CLI_000166
CLM_0001090,CLI_000245
CLM_0001091,CLI_000143
CLM_0001092,CLI_000143
CLM_0001093,CLI_000061
CLM_0001094,CLI_000061
CLM_0001095,CLI_000088
CLM_0001096,CLI_000088
CLM_0001097,CLI_000040
CLM_0001098,CLI_000040
CLM_0001099,CLI_000165
CLM_0001100,CLI_000165
CLM_0001101,CLI_000525
CLM_0001102,CLI_000525
CLM_0001103,CLI_000525
CLM_0001104,CLI_000517
CLM_0001105,CLI_000517
CLM_0001106,CLI_000526
CLM_0001107,CLI_000091
CLM_0001108,CLI_000091
CLM_0001109,CLI_000091
CLM_0001110,CLI_000202
CLM_0001111,CLI_000203
CLM_0001112,CLI_000203
CLM_0001113,CLI_000491
CLM_0001114,CLI_000491
CLM_0001115,CLI_000426
CLM_0001116,CLI_000426
CLM_0001117,CLI_000426
CLM_0001118,CLI_000076
CLM_0001119,CLI_000076
CLM_0001120,CLI_000279
CLM_0001121,CLI_000279
CLM_0001122,CLI_000351
CLM_0001123,CLI_000351
CLM_0001124,CLI_000351
CLM_0001125,CLI_000391
CLM_0001126,CLI_000391
CLM_0001127,CLI_000391
CLM_0001128,CLI_000456
CLM_0001129,CLI_000456
CLM_0001130,CLI_000327
CLM_0001131,CLI_000327
CLM_0001132,CLI_000327
CLM_0001133,CLI_000374
CLM_0001134,CLI_000374
CLM_0001135,CLI_000374
CLM_0001136,CLI_000574
CLM_0001137,CLI_000574
CLM_0001138,CLI_000574
CLM_0001139,CLI_000177
CLM_0001140,CLI_000177
CLM_0001141,CLI_000177
CLM_0001142,CLI_000025
CLM_0001143,CLI_000033
CLM_0001144,CLI_000368
CLM_0001145,CLI_000027
CLM_0001146,CLI_000089
CLM_0001147,CLI_000089
CLM_0001148,CLI_000089
CLM_0001149,CLI_000426
CLM_0001150,CLI_000426
CLM_0001151,CLI_000426
CLM_0001152,CLI_000426
CLM_0001153,CLI_000426
CLM_0001154,CLI_000426
CLM_0001155,CLI_000245
CLM_0001156,CLI_000025
CLM_0001157,CLI_000025
CLM_0001158,CLI_000435
CLM_0001159,CLI_000435
CLM_0001160,CLI_000033
CLM_0001161,CLI_000033
CLM_0001162,CLI_000203
CLM_0001163,CLI_000203
CLM_0001164,CLI_000506
CLM_0001165,CLI_000141
CLM_0001166,CLI_000076
CLM_0001167,CLI_000076
CLM_0001168,CLI_000076
CLM_0001169,CLI_000506
CLM_0001170,CLI_000203
CLM_0001171,CLI_000203
CLM_0001172,CLI_000332
CLM_0001173,CLI_000332
CLM_0001174,CLI_000332
CLM_0001175,CLI_000354
CLM_0001176,CLI_000354
CLM_0001177,CLI_000354
CLM_0001178,CLI_000491
CLM_0001179,CLI_000025
CLM_0001180,CLI_000227
CLM_0001181,CLI_000227
CLM_0001182,CLI_000207
CLM_0001183,CLI_000207
CLM_0001184,CLI_000207
CLM_0001185,CLI_000143
CLM_0001186,CLI_000143
CLM_0001187,CLI_000033
CLM_0001188,CLI_000033
CLM_0001189,CLI_000253
CLM_0001190,CLI_000025
CLM_0001191,CLI_000025
CLM_0001192,CLI_000166
CLM_0001193,CLI_000202
CLM_0001194,CLI_000202
CLM_0001195,CLI_000025
CLM_0001196,CLI_000025
CLM_0001197,CLI_000121
CLM_0001198,CLI_000121
CLM_0001199,CLI_000121
CLM_0001200,CLI_000456
CLM_0001201,CLI_000456
CLM_0001202,CLI_000541
CLM_0001203,CLI_000005
CLM_0001204,CLI_000033
CLM_0001205,CLI_000033
CLM_0001206,CLI_000315
CLM_0001207,CLI_000315
CLM_0001208,CLI_000315
CLM_0001209,CLI_000491
CLM_0001210,CLI_000491
CLM_0001211,CLI_000143
CLM_0001212,CLI_000143
CLM_0001213,CLI_000143
CLM_0001214,CLI_000143
CLM_0001215,CLI_000143
CLM_0001216,CLI_000143
CLM_0001217,CLI_000166
CLM_0001218,CLI_000166
CLM_0001219,CLI_000166
CLM_0001220,CLI_000202
CLM_0001221,CLI_000202
CLM_0001222,CLI_000202
CLM_0001223,CLI_000030
CLM_0001224,CLI_000030
CLM_0001225,CLI_000030
CLM_0001226,CLI_000143
CLM_0001227,CLI_000061
CLM_0001228,CLI_000061
CLM_0001229,CLI_000143
CLM_0001230,CLI_000143
CLM_0001231,CLI_000194
CLM_0001232,CLI_000194
CLM_0001233,CLI_000202
CLM_0001234,CLI_000202
CLM_0001235,CLI_000202
CLM_0001236,CLI_000143
CLM_0001237,CLI_000207
CLM_0001238,CLI_000404
CLM_0001239,CLI_000404
CLM_0001240,CLI_000025
CLM_0001241,CLI_000025
CLM_0001242,CLI_000166
CLM_0001243,CLI_000166
CLM_0001244,CLI_000166
CLM_0001245,CLI_000435
CLM_0001246,CLI_000435
CLM_0001247,CLI_000033
CLM_0001248,CLI_000033
CLM_0001249,CLI_000033
CLM_0001250,CLI_000404
CLM_0001251,CLI_000404
CLM_0001252,CLI_000033
CLM_0001253,CLI_000033
CLM_0001254,CLI_000033
CLM_0001255,CLI_000380
CLM_0001256,CLI_000380
CLM_0001257,CLI_000202
CLM_0001258,CLI_000143
CLM_0001259,CLI_000143
CLM_0001260,CLI_000438
CLM_0001261,CLI_000438
CLM_0001262,CLI_000203
CLM_0001263,CLI_000033
CLM_0001264,CLI_000033
CLM_0001265,CLI_000121
CLM_0001266,CLI_000121
CLM_0001267,CLI_000121
CLM_0001268,CLI_000202
CLM_0001269,CLI_000202
CLM_0001270,CLI_000202
CLM_0001271,CLI_000143
CLM_0001272,CLI_000354
CLM_0001273,CLI_000354
CLM_0001274,CLI_000025
CLM_0001275,CLI_000438
CLM_0001276,CLI_000438
CLM_0001277,CLI_000030
CLM_0001278,CLI_000456
CLM_0001279,CLI_000456
CLM_0001280,CLI_000426
CLM_0001281,CLI_000143
CLM_0001282,CLI_000143
CLM_0001283,CLI_000143
CLM_0001284,CLI_000391
CLM_0001285,CLI_000025
CLM_0001286,CLI_000025
CLM_0001287,CLI_000025
CLM_0001288,CLI_000426
CLM_0001289,CLI_000426
CLM_0001290,CLI_000426
CLM_0001291,CLI_000203
CLM_0001292,CLI_000203
CLM_0001293,CLI_000391
CLM_0001294,CLI_000391
CLM_0001295,CLI_000107
CLM_0001296,CLI_000107
CLM_0001297,CLI_000033
CLM_0001298,CLI_000033
CLM_0001299,CLI_000033
CLM_0001300,CLI_000049
CLM_0001301,CLI_000049
CLM_0001302,CLI_000203
CLM_0001303,CLI_000203
CLM_0001304,CLI_000203
CLM_0001305,CLI_000088
CLM_0001306,CLI_000088
CLM_0001307,CLI_000088
CLM_0001308,CLI_000223
CLM_0001309,CLI_000404
CLM_0001310,CLI_000404
CLM_0001311,CLI_000404
CLM_0001312,CLI_000105
CLM_0001313,CLI_000404
CLM_0001314,CLI_000404
CLM_0001315,CLI_000143
CLM_0001316,CLI_000143
CLM_0001317,CLI_000143
CLM_0001318,CLI_000303
CLM_0001319,CLI_000303
CLM_0001320,CLI_000303
CLM_0001321,CLI_000076
CLM_0001322,CLI_000076
CLM_0001323,CLI_000143
CLM_0001324,CLI_000143
CLM_0001325,CLI_000552
CLM_0001326,CLI_000552
CLM_0001327,CLI_000552
CLM_0001328,CLI_000143
CLM_0001329,CLI_000143
CLM_0001330,CLI_000506
CLM_0001331,CLI_000506
CLM_0001332,CLI_000506
CLM_0001333,CLI_000143
CLM_0001334,CLI_000025
CLM_0001335,CLI_000025
CLM_0001336,CLI_000033
CLM_0001337,CLI_000077
CLM_0001338,CLI_000426
CLM_0001339,CLI_000426
CLM_0001340,CLI_000088
CLM_0001341,CLI_000368
CLM_0001342,CLI_000368
CLM_0001343,CLI_000368
CLM_0001344,CLI_000143
CLM_0001345,CLI_000143
CLM_0001346,CLI_000143
CLM_0001347,CLI_000143
CLM_0001348,CLI_000143
CLM_0001349,CLI_000200
CLM_0001350,CLI_000200
CLM_0001351,CLI_000200
CLM_0001352,CLI_000550
CLM_0001353,CLI_000404
CLM_0001354,CLI_000404
CLM_0001355,CLI_000404
CLM_0001356,CLI_000143
CLM_0001357,CLI_000143
CLM_0001358,CLI_000143
CLM_0001359,CLI_000143
CLM_0001360,CLI_000143
CLM_0001361,CLI_000143
CLM_0001362,CLI_000143
CLM_0001363,CLI_000141
CLM_0001364,CLI_000141
CLM_0001365,CLI_000380
CLM_0001366,CLI_000380
CLM_0001367,CLI_000143
CLM_0001368,CLI_000143
CLM_0001369,CLI_000506
CLM_0001370,CLI_000314
CLM_0001371,CLI_000314
CLM_0001372,CLI_000456
CLM_0001373,CLI_000456
CLM_0001374,CLI_000200
CLM_0001375,CLI_000143
CLM_0001376,CLI_000143
CLM_0001377,CLI_000143
CLM_0001378,CLI_000143
CLM_0001379,CLI_000143
CLM_0001380,CLI_000143
CLM_0001381,CLI_000019
CLM_0001382,CLI_000019
CLM_0001383,CLI_000019
CLM_0001384,CLI_000203
CLM_0001385,CLI_000203
CLM_0001386,CLI_000513
CLM_0001387,CLI_000513
CLM_0001388,CLI_000143
CLM_0001389,CLI_000143
CLM_0001390,CLI_000426
CLM_0001391,CLI_000061
CLM_0001392,CLI_000061
CLM_0001393,CLI_000143
CLM_0001394,CLI_000088
CLM_0001395,CLI_000203
CLM_0001396,CLI_000203
CLM_0001397,CLI_000339
CLM_0001398,CLI_000339
CLM_0001399,CLI_000339
CLM_0001400,CLI_000435
CLM_0001401,CLI_000435
CLM_0001402,CLI_000435
CLM_0001403,CLI_000203
CLM_0001404,CLI_000203
CLM_0001405,CLI_000203
CLM_0001406,CLI_000025
CLM_0001407,CLI_000025
CLM_0001408,CLI_000025
CLM_0001409,CLI_000025
CLM_0001410,CLI_000025
CLM_0001411,CLI_000025
CLM_0001412,CLI_000025
CLM_0001413,CLI_000194
CLM_0001414,CLI_000194
CLM_0001415,CLI_000194
CLM_0001416,CLI_000202
CLM_0001417,CLI_000202
CLM_0001418,CLI_000565
CLM_0001419,CLI_000565
CLM_0001420,CLI_000565
CLM_0001421,CLI_000166
CLM_0001422,CLI_000166
CLM_0001423,CLI_000166
CLM_0001424,CLI_000535
CLM_0001425,CLI_000535
CLM_0001426,CLI_000535
CLM_0001427,CLI_000138
CLM_0001428,CLI_000033
CLM_0001429,CLI_000033
CLM_0001430,CLI_000160
CLM_0001431,CLI_000160
CLM_0001432,CLI_000061
CLM_0001433,CLI_000061
CLM_0001434,CLI_000203
CLM_0001435,CLI_000203
CLM_0001436,CLI_000203
CLM_0001437,CLI_000143
CLM_0001438,CLI_000143
CLM_0001439,CLI_000143
CLM_0001440,CLI_000143
CLM_0001441,CLI_000143
CLM_0001442,CLI_000143
CLM_0001443,CLI_000141
CLM_0001444,CLI_000141
CLM_0001445,CLI_000141
CLM_0001446,CLI_000351
CLM_0001447,CLI_000351
CLM_0001448,CLI_000025
CLM_0001449,CLI_000025
CLM_0001450,CLI_000025
CLM_0001451,CLI_000526
CLM_0001452,CLI_000526
CLM_0001453,CLI_000025
CLM_0001454,CLI_000526
CLM_0001455,CLI_000202
CLM_0001456,CLI_000166
CLM_0001457,CLI_000166
CLM_0001458,CLI_000203
CLM_0001459,CLI_000203
CLM_0001460,CLI_000203
CLM_0001461,CLI_000076
CLM_0001462,CLI_000076
CLM_0001463,CLI_000143
CLM_0001464,CLI_000143
CLM_0001465,CLI_000143
CLM_0001466,CLI_000025
CLM_0001467,CLI_000025
CLM_0001468,CLI_000584
CLM_0001469,CLI_000525
CLM_0001470,CLI_000525
CLM_0001471,CLI_000426
CLM_0001472,CLI_000426
CLM_0001473,CLI_000525
CLM_0001474,CLI_000525
CLM_0001475,CLI_000525
CLM_0001476,CLI_000517
CLM_0001477,CLI_000517
CLM_0001478,CLI_000203
CLM_0001479,CLI_000203
CLM_0001480,CLI_000347
CLM_0001481,CLI_000347
CLM_0001482,CLI_000347
CLM_0001483,CLI_000033
CLM_0001484,CLI_000033
CLM_0001485,CLI_000203
CLM_0001486,CLI_000203
CLM_0001487,CLI_000203
CLM_0001488,CLI_000570
CLM_0001489,CLI_000570
CLM_0001490,CLI_000456
CLM_0001491,CLI_000525
CLM_0001492,CLI_000525
CLM_0001493,CLI_000456
CLM_0001494,CLI_000456
CLM_0001495,CLI_000253
CLM_0001496,CLI_000253
CLM_0001497,CLI_000253
CLM_0001498,CLI_000493
CLM_0001499,CLI_000456
CLM_0001500,CLI_000189
CLM_0001501,CLI_000395
CLM_0001502,CLI_000395
CLM_0001503,CLI_000202
CLM_0001504,CLI_000202
CLM_0001505,CLI_000202
CLM_0001506,CLI_000426
CLM_0001507,CLI_000202
CLM_0001508,CLI_000426
CLM_0001509,CLI_000426
CLM_0001510,CLI_000011
CLM_0001511,CLI_000011
CLM_0001512,CLI_000280
CLM_0001513,CLI_000076
CLM_0001514,CLI_000076
CLM_0001515,CLI_000245
CLM_0001516,CLI_000245
CLM_0001517,CLI_000245
CLM_0001518,CLI_000071
CLM_0001519,CLI_000071
CLM_0001520,CLI_000071
CLM_0001521,CLI_000143
CLM_0001522,CLI_000143
CLM_0001523,CLI_000143
CLM_0001524,CLI_000033
CLM_0001525,CLI_000565
CLM_0001526,CLI_000565
CLM_0001527,CLI_000565
CLM_0001528,CLI_000143
CLM_0001529,CLI_000526
CLM_0001530,CLI_000526
CLM_0001531,CLI_000526
CLM_0001532,CLI_000368
CLM_0001533,CLI_000368
CLM_0001534,CLI_000368
CLM_0001535,CLI_000598
CLM_0001536,CLI_000598
CLM_0001537,CLI_000525
CLM_0001538,CLI_000525
CLM_0001539,CLI_000525
CLM_0001540,CLI_000456
CLM_0001541,CLI_000039
CLM_0001542,CLI_000143
CLM_0001543,CLI_000143
CLM_0001544,CLI_000426
CLM_0001545,CLI_000426
CLM_0001546,CLI_000025
CLM_0001547,CLI_000025
CLM_0001548,CLI_000143
CLM_0001549,CLI_000422
CLM_0001550,CLI_000422
CLM_0001551,CLI_000189
CLM_0001552,CLI_000189
CLM_0001553,CLI_000143
CLM_0001554,CLI_000143
CLM_0001555,CLI_000033
CLM_0001556,CLI_000033
CLM_0001557,CLI_000033
CLM_0001558,CLI_000203
CLM_0001559,CLI_000203
CLM_0001560,CLI_000203
CLM_0001561,CLI_000143
CLM_0001562,CLI_000143
CLM_0001563,CLI_000076
CLM_0001564,CLI_000202
CLM_0001565,CLI_000404
CLM_0001566,CLI_000404
CLM_0001567,CLI_000404
CLM_0001568,CLI_000419
CLM_0001569,CLI_000419
CLM_0001570,CLI_000285
CLM_0001571,CLI_000456
CLM_0001572,CLI_000143
CLM_0001573,CLI_000076
CLM_0001574,CLI_000076
CLM_0001575,CLI_000025
CLM_0001576,CLI_000025
CLM_0001577,CLI_000025
CLM_0001578,CLI_000143
CLM_0001579,CLI_000143
CLM_0001580,CLI_000025
CLM_0001581,CLI_000025
CLM_0001582,CLI_000025
CLM_0001583,CLI_000105
CLM_0001584,CLI_000105
CLM_0001585,CLI_000202
CLM_0001586,CLI_000202
CLM_0001587,CLI_000202
CLM_0001588,CLI_000565
CLM_0001589,CLI_000565
CLM_0001590,CLI_000435
CLM_0001591,CLI_000143
CLM_0001592,CLI_000404
CLM_0001593,CLI_000404
CLM_0001594,CLI_000404
CLM_0001595,CLI_000506
CLM_0001596,CLI_000033
CLM_0001597,CLI_000033
CLM_0001598,CLI_000060
CLM_0001599,CLI_000060
CLM_0001600,CLI_000506
CLM_0001601,CLI_000506
CLM_0001602,CLI_000553
CLM_0001603,CLI_000553
CLM_0001604,CLI_000553
CLM_0001605,CLI_000203
CLM_0001606,CLI_000203
CLM_0001607,CLI_000203
CLM_0001608,CLI_000088
CLM_0001609,CLI_000088
CLM_0001610,CLI_000088
CLM_0001611,CLI_000359
CLM_0001612,CLI_000359
CLM_0001613,CLI_000525
CLM_0001614,CLI_000194
CLM_0001615,CLI_000194
CLM_0001616,CLI_000194
CLM_0001617,CLI_000435
CLM_0001618,CLI_000033
CLM_0001619,CLI_000033
CLM_0001620,CLI_000435
CLM_0001621,CLI_000198
CLM_0001622,CLI_000198
CLM_0001623,CLI_000198
CLM_0001624,CLI_000025
CLM_0001625,CLI_000025
CLM_0001626,CLI_000202
CLM_0001627,CLI_000202
CLM_0001628,CLI_000033
CLM_0001629,CLI_000076
CLM_0001630,CLI_000076
CLM_0001631,CLI_000076
CLM_0001632,CLI_000526
CLM_0001633,CLI_000526
CLM_0001634,CLI_000526
CLM_0001635,CLI_000166
CLM_0001636,CLI_000166
CLM_0001637,CLI_000076
CLM_0001638,CLI_000143
CLM_0001639,CLI_000033
CLM_0001640,CLI_000033
CLM_0001641,CLI_000033
CLM_0001642,CLI_000105
CLM_0001643,CLI_000203
CLM_0001644,CLI_000033
CLM_0001645,CLI_000033
CLM_0001646,CLI_000033
CLM_0001647,CLI_000107
CLM_0001648,CLI_000107
CLM_0001649,CLI_000061
CLM_0001650,CLI_000061
CLM_0001651,CLI_000202
CLM_0001652,CLI_000404
CLM_0001653,CLI_000404
CLM_0001654,CLI_000404
CLM_0001655,CLI_000025
CLM_0001656,CLI_000193
CLM_0001657,CLI_000193
CLM_0001658,CLI_000193
CLM_0001659,CLI_000202
CLM_0001660,CLI_000141
CLM_0001661,CLI_000061
CLM_0001662,CLI_000061
CLM_0001663,CLI_000166
CLM_0001664,CLI_000166
CLM_0001665,CLI_000025
CLM_0001666,CLI_000025
CLM_0001667,CLI_000025
CLM_0001668,CLI_000143
CLM_0001669,CLI_000143
CLM_0001670,CLI_000036
CLM_0001671,CLI_000202
CLM_0001672,CLI_000061
CLM_0001673,CLI_000061
CLM_0001674,CLI_000061
CLM_0001675,CLI_000143
CLM_0001676,CLI_000143
CLM_0001677,CLI_000228
CLM_0001678,CLI_000228
CLM_0001679,CLI_000506
CLM_0001680,CLI_000506
CLM_0001681,CLI_000105
CLM_0001682,CLI_000202
CLM_0001683,CLI_000202
CLM_0001684,CLI_000202
CLM_0001685,CLI_000143
CLM_0001686,CLI_000011
CLM_0001687,CLI_000011
CLM_0001688,CLI_000011
CLM_0001689,CLI_000535
CLM_0001690,CLI_000033
CLM_0001691,CLI_000033
CLM_0001692,CLI_000033
CLM_0001693,CLI_000117
CLM_0001694,CLI_000117
CLM_0001695,CLI_000453
CLM_0001696,CLI_000453
CLM_0001697,CLI_000453
CLM_0001698,CLI_000143
CLM_0001699,CLI_000107
CLM_0001700,CLI_000107
CLM_0001701,CLI_000130
CLM_0001702,CLI_000506
CLM_0001703,CLI_000506
CLM_0001704,CLI_000034
CLM_0001705,CLI_000315
CLM_0001706,CLI_000025
CLM_0001707,CLI_000143
CLM_0001708,CLI_000565
CLM_0001709,CLI_000565
CLM_0001710,CLI_000565
CLM_0001711,CLI_000203
CLM_0001712,CLI_000203
CLM_0001713,CLI_000203
CLM_0001714,CLI_000245
CLM_0001715,CLI_000025
CLM_0001716,CLI_000025
CLM_0001717,CLI_000456
CLM_0001718,CLI_000456
CLM_0001719,CLI_000185
CLM_0001720,CLI_000185
CLM_0001721,CLI_000143
CLM_0001722,CLI_000143
CLM_0001723,CLI_000143
CLM_0001724,CLI_000456
CLM_0001725,CLI_000456
CLM_0001726,CLI_000456
CLM_0001727,CLI_000345
CLM_0001728,CLI_000345
CLM_0001729,CLI_000345
CLM_0001730,CLI_000426
CLM_0001731,CLI_000134
CLM_0001732,CLI_000107
CLM_0001733,CLI_000107
CLM_0001734,CLI_000107
CLM_0001735,CLI_000541
CLM_0001736,CLI_000541
CLM_0001737,CLI_000426
CLM_0001738,CLI_000426
CLM_0001739,CLI_000166
CLM_0001740,CLI_000166
CLM_0001741,CLI_000166
CLM_0001742,CLI_000194
CLM_0001743,CLI_000194
CLM_0001744,CLI_000194
CLM_0001745,CLI_000034
CLM_0001746,CLI_000034
CLM_0001747,CLI_000034
CLM_0001748,CLI_000203
CLM_0001749,CLI_000143
CLM_0001750,CLI_000166
CLM_0001751,CLI_000166
CLM_0001752,CLI_000166
CLM_0001753,CLI_000056
CLM_0001754,CLI_000565
CLM_0001755,CLI_000565
CLM_0001756,CLI_000565
CLM_0001757,CLI_000076
CLM_0001758,CLI_000076
CLM_0001759,CLI_000076
CLM_0001760,CLI_000143
CLM_0001761,CLI_000143
CLM_0001762,CLI_000243
CLM_0001763,CLI_000202
CLM_0001764,CLI_000541
CLM_0001765,CLI_000541
CLM_0001766,CLI_000025
CLM_0001767,CLI_000025
CLM_0001768,CLI_000025
CLM_0001769,CLI_000254
CLM_0001770,CLI_000033
CLM_0001771,CLI_000033
CLM_0001772,CLI_000033
CLM_0001773,CLI_000033
CLM_0001774,CLI_000033
CLM_0001775,CLI_000544
CLM_0001776,CLI_000419
CLM_0001777,CLI_000419
CLM_0001778,CLI_000203
CLM_0001779,CLI_000440
CLM_0001780,CLI_000440
CLM_0001781,CLI_000440
CLM_0001782,CLI_000033
CLM_0001783,CLI_000033
CLM_0001784,CLI_000033
CLM_0001785,CLI_000203
CLM_0001786,CLI_000203
CLM_0001787,CLI_000501
CLM_0001788,CLI_000501
CLM_0001789,CLI_000501
CLM_0001790,CLI_000351
CLM_0001791,CLI_000351
CLM_0001792,CLI_000202
CLM_0001793,CLI_000202
CLM_0001794,CLI_000202
CLM_0001795,CLI_000426
CLM_0001796,CLI_000456
CLM_0001797,CLI_000456
CLM_0001798,CLI_000536
CLM_0001799,CLI_000166
CLM_0001800,CLI_000166
CLM_0001801,CLI_000166
CLM_0001802,CLI_000538
CLM_0001803,CLI_000538
CLM_0001804,CLI_000075
CLM_0001805,CLI_000075
CLM_0001806,CLI_000143
CLM_0001807,CLI_000202
CLM_0001808,CLI_000202
CLM_0001809,CLI_000202
CLM_0001810,CLI_000203
CLM_0001811,CLI_000143
CLM_0001812,CLI_000143
CLM_0001813,CLI_000535
CLM_0001814,CLI_000202
CLM_0001815,CLI_000202
CLM_0001816,CLI_000202
CLM_0001817,CLI_000143
CLM_0001818,CLI_000143
CLM_0001819,CLI_000202
CLM_0001820,CLI_000202
CLM_0001821,CLI_000202
CLM_0001822,CLI_000401
CLM_0001823,CLI_000401
CLM_0001824,CLI_000477
CLM_0001825,CLI_000469
CLM_0001826,CLI_000203
CLM_0001827,CLI_000203
CLM_0001828,CLI_000391
CLM_0001829,CLI_000093
CLM_0001830,CLI_000203
CLM_0001831,CLI_000506
CLM_0001832,CLI_000166
CLM_0001833,CLI_000456
CLM_0001834,CLI_000076
CLM_0001835,CLI_000076
CLM_0001836,CLI_000525
CLM_0001837,CLI_000426
CLM_0001838,CLI_000033
CLM_0001839,CLI_000033
CLM_0001840,CLI_000033
CLM_0001841,CLI_000096
CLM_0001842,CLI_000096
CLM_0001843,CLI_000096
CLM_0001844,CLI_000262
CLM_0001845,CLI_000262
CLM_0001846,CLI_000404
CLM_0001847,CLI_000404
CLM_0001848,CLI_000404
CLM_0001849,CLI_000143
CLM_0001850,CLI_000143
CLM_0001851,CLI_000143
CLM_0001852,CLI_000033
CLM_0001853,CLI_000033
CLM_0001854,CLI_000166
CLM_0001855,CLI_000166
CLM_0001856,CLI_000143
CLM_0001857,CLI_000143
CLM_0001858,CLI_000435
CLM_0001859,CLI_000479
CLM_0001860,CLI_000479
CLM_0001861,CLI_000160
CLM_0001862,CLI_000456
CLM_0001863,CLI_000456
CLM_0001864,CLI_000456
CLM_0001865,CLI_000025
CLM_0001866,CLI_000025
CLM_0001867,CLI_000025
CLM_0001868,CLI_000143
CLM_0001869,CLI_000404
CLM_0001870,CLI_000404
CLM_0001871,CLI_000453
CLM_0001872,CLI_000453
CLM_0001873,CLI_000453
CLM_0001874,CLI_000166
CLM_0001875,CLI_000202
CLM_0001876,CLI_000314
CLM_0001877,CLI_000314
CLM_0001878,CLI_000314
CLM_0001879,CLI_000203
CLM_0001880,CLI_000203
CLM_0001881,CLI_000521
CLM_0001882,CLI_000521
CLM_0001883,CLI_000521
CLM_0001884,CLI_000105
CLM_0001885,CLI_000105
CLM_0001886,CLI_000105
CLM_0001887,CLI_000203
CLM_0001888,CLI_000203
CLM_0001889,CLI_000203
CLM_0001890,CLI_000506
CLM_0001891,CLI_000506
CLM_0001892,CLI_000143
CLM_0001893,CLI_000426
CLM_0001894,CLI_000143
CLM_0001895,CLI_000143
CLM_0001896,CLI_000143
CLM_0001897,CLI_000456
CLM_0001898,CLI_000435
CLM_0001899,CLI_000535
CLM_0001900,CLI_000565
CLM_0001901,CLI_000565
CLM_0001902,CLI_000565
CLM_0001903,CLI_000033
CLM_0001904,CLI_000033
CLM_0001905,CLI_000033
CLM_0001906,CLI_000033
CLM_0001907,CLI_000033
CLM_0001908,CLI_000456
CLM_0001909,CLI_000456
CLM_0001910,CLI_000059
CLM_0001911,CLI_000059
CLM_0001912,CLI_000033
CLM_0001913,CLI_000076
CLM_0001914,CLI_000143
CLM_0001915,CLI_000143
CLM_0001916,CLI_000143
CLM_0001917,CLI_000535
CLM_0001918,CLI_000535
CLM_0001919,CLI_000526
CLM_0001920,CLI_000526
CLM_0001921,CLI_000205
CLM_0001922,CLI_000205
CLM_0001923,CLI_000205
CLM_0001924,CLI_000438
CLM_0001925,CLI_000438
CLM_0001926,CLI_000033
CLM_0001927,CLI_000033
CLM_0001928,CLI_000033
CLM_0001929,CLI_000245
CLM_0001930,CLI_000290
CLM_0001931,CLI_000290
CLM_0001932,CLI_000290
CLM_0001933,CLI_000257
CLM_0001934,CLI_000143
CLM_0001935,CLI_000143
CLM_0001936,CLI_000033
CLM_0001937,CLI_000033
CLM_0001938,CLI_000033
CLM_0001939,CLI_000456
CLM_0001940,CLI_000456
CLM_0001941,CLI_000456
CLM_0001942,CLI_000158
CLM_0001943,CLI_000158
CLM_0001944,CLI_000202
CLM_0001945,CLI_000202
CLM_0001946,CLI_000143
CLM_0001947,CLI_000202
CLM_0001948,CLI_000202
CLM_0001949,CLI_000203
CLM_0001950,CLI_000203
CLM_0001951,CLI_000203
CLM_0001952,CLI_000203
CLM_0001953,CLI_000382
CLM_0001954,CLI_000141
CLM_0001955,CLI_000076
CLM_0001956,CLI_000076
CLM_0001957,CLI_000076
CLM_0001958,CLI_000506
CLM_0001959,CLI_000506
CLM_0001960,CLI_000268
CLM_0001961,CLI_000268
CLM_0001962,CLI_000268
CLM_0001963,CLI_000419
CLM_0001964,CLI_000419
CLM_0001965,CLI_000526
CLM_0001966,CLI_000253
CLM_0001967,CLI_000253
CLM_0001968,CLI_000076
CLM_0001969,CLI_000033
CLM_0001970,CLI_000033
CLM_0001971,CLI_000033
CLM_0001972,CLI_000143
CLM_0001973,CLI_000143
CLM_0001974,CLI_000203
CLM_0001975,CLI_000203
CLM_0001976,CLI_000033
CLM_0001977,CLI_000033
CLM_0001978,CLI_000033
CLM_0001979,CLI_000202
CLM_0001980,CLI_000202
CLM_0001981,CLI_000377
CLM_0001982,CLI_000377
CLM_0001983,CLI_000193
CLM_0001984,CLI_000426
CLM_0001985,CLI_000426
CLM_0001986,CLI_000426
CLM_0001987,CLI_000203
CLM_0001988,CLI_000203
CLM_0001989,CLI_000203
CLM_0001990,CLI_000506
CLM_0001991,CLI_000506
CLM_0001992,CLI_000143
CLM_0001993,CLI_000143
CLM_0001994,CLI_000025
CLM_0001995,CLI_000025
CLM_0001996,CLI_000513
CLM_0001997,CLI_000513
CLM_0001998,CLI_000513
CLM_0001999,CLI_000143
CLM_0002000,CLI_000143
CLM_0002001,CLI_000045
CLM_0002002,CLI_000045
CLM_0002003,CLI_000045
CLM_0002004,CLI_000061
CLM_0002005,CLI_000565
CLM_0002006,CLI_000565
CLM_0002007,CLI_000034
CLM_0002008,CLI_000166
CLM_0002009,CLI_000166
CLM_0002010,CLI_000143
CLM_0002011,CLI_000143
CLM_0002012,CLI_000143
CLM_0002013,CLI_000253
CLM_0002014,CLI_000348
CLM_0002015,CLI_000348
CLM_0002016,CLI_000348
CLM_0002017,CLI_000228
CLM_0002018,CLI_000228
CLM_0002019,CLI_000228
CLM_0002020,CLI_000025
CLM_0002021,CLI_000202
CLM_0002022,CLI_000202
CLM_0002023,CLI_000157
CLM_0002024,CLI_000202
CLM_0002025,CLI_000202
CLM_0002026,CLI_000076
CLM_0002027,CLI_000105
CLM_0002028,CLI_000105
CLM_0002029,CLI_000245
CLM_0002030,CLI_000245
CLM_0002031,CLI_000245
CLM_0002032,CLI_000203
CLM_0002033,CLI_000203
CLM_0002034,CLI_000061
CLM_0002035,CLI_000061
CLM_0002036,CLI_000076
CLM_0002037,CLI_000076
CLM_0002038,CLI_000202
CLM_0002039,CLI_000143
CLM_0002040,CLI_000143
CLM_0002041,CLI_000347
CLM_0002042,CLI_000347
CLM_0002043,CLI_000347
CLM_0002044,CLI_000253
CLM_0002045,CLI_000253
CLM_0002046,CLI_000253
CLM_0002047,CLI_000033
CLM_0002048,CLI_000033
CLM_0002049,CLI_000033
CLM_0002050,CLI_000506
CLM_0002051,CLI_000506
CLM_0002052,CLI_000506
CLM_0002053,CLI_000202
CLM_0002054,CLI_000160
CLM_0002055,CLI_000160
CLM_0002056,CLI_000160
CLM_0002057,CLI_000141
CLM_0002058,CLI_000141
CLM_0002059,CLI_000141
CLM_0002060,CLI_000089
CLM_0002061,CLI_000089
CLM_0002062,CLI_000089
CLM_0002063,CLI_000456
CLM_0002064,CLI_000456
CLM_0002065,CLI_000282
CLM_0002066,CLI_000282
CLM_0002067,CLI_000506
CLM_0002068,CLI_000506
CLM_0002069,CLI_000506
CLM_0002070,CLI_000061
CLM_0002071,CLI_000061
CLM_0002072,CLI_000002
CLM_0002073,CLI_000501
CLM_0002074,CLI_000501
CLM_0002075,CLI_000501
CLM_0002076,CLI_000368
CLM_0002077,CLI_000368
CLM_0002078,CLI_000033
CLM_0002079,CLI_000033
CLM_0002080,CLI_000404
CLM_0002081,CLI_000202
CLM_0002082,CLI_000202
CLM_0002083,CLI_000262
CLM_0002084,CLI_000525
CLM_0002085,CLI_000525
CLM_0002086,CLI_000453
CLM_0002087,CLI_000453
CLM_0002088,CLI_000453
CLM_0002089,CLI_000521
CLM_0002090,CLI_000521
CLM_0002091,CLI_000143
CLM_0002092,CLI_000143
CLM_0002093,CLI_000143
CLM_0002094,CLI_000143
CLM_0002095,CLI_000456
CLM_0002096,CLI_000202
CLM_0002097,CLI_000202
CLM_0002098,CLI_000419
CLM_0002099,CLI_000419
CLM_0002100,CLI_000419
CLM_0002101,CLI_000404
CLM_0002102,CLI_000470
CLM_0002103,CLI_000470
CLM_0002104,CLI_000470
CLM_0002105,CLI_000143
CLM_0002106,CLI_000143
CLM_0002107,CLI_000143
CLM_0002108,CLI_000076
CLM_0002109,CLI_000076
CLM_0002110,CLI_000076
CLM_0002111,CLI_000203
CLM_0002112,CLI_000203
CLM_0002113,CLI_000203
CLM_0002114,CLI_000143
CLM_0002115,CLI_000143
CLM_0002116,CLI_000143
CLM_0002117,CLI_000056
CLM_0002118,CLI_000056
CLM_0002119,CLI_000188
CLM_0002120,CLI_000188
CLM_0002121,CLI_000161
CLM_0002122,CLI_000161
CLM_0002123,CLI_000143
CLM_0002124,CLI_000280
CLM_0002125,CLI_000280
CLM_0002126,CLI_000030
CLM_0002127,CLI_000143
CLM_0002128,CLI_000143
CLM_0002129,CLI_000143
CLM_0002130,CLI_000025
CLM_0002131,CLI_000025
CLM_0002132,CLI_000456
CLM_0002133,CLI_000456
CLM_0002134,CLI_000456
CLM_0002135,CLI_000253
CLM_0002136,CLI_000253
CLM_0002137,CLI_000253
CLM_0002138,CLI_000143
CLM_0002139,CLI_000202
CLM_0002140,CLI_000033
CLM_0002141,CLI_000033
CLM_0002142,CLI_000203
CLM_0002143,CLI_000203
CLM_0002144,CLI_000506
CLM_0002145,CLI_000506
CLM_0002146,CLI_000506
CLM_0002147,CLI_000435
CLM_0002148,CLI_000030
CLM_0002149,CLI_000030
CLM_0002150,CLI_000030
CLM_0002151,CLI_000435
CLM_0002152,CLI_000025
CLM_0002153,CLI_000025
CLM_0002154,CLI_000285
CLM_0002155,CLI_000285
CLM_0002156,CLI_000456
CLM_0002157,CLI_000506
CLM_0002158,CLI_000506
CLM_0002159,CLI_000506
CLM_0002160,CLI_000045
CLM_0002161,CLI_000045
CLM_0002162,CLI_000045
CLM_0002163,CLI_000134
CLM_0002164,CLI_000134
CLM_0002165,CLI_000447
CLM_0002166,CLI_000447
CLM_0002167,CLI_000447
CLM_0002168,CLI_000021
CLM_0002169,CLI_000282
CLM_0002170,CLI_000526
CLM_0002171,CLI_000526
CLM_0002172,CLI_000404
CLM_0002173,CLI_000404
CLM_0002174,CLI_000420
CLM_0002175,CLI_000420
CLM_0002176,CLI_000525
CLM_0002177,CLI_000525
CLM_0002178,CLI_000525
CLM_0002179,CLI_000525
CLM_0002180,CLI_000202
CLM_0002181,CLI_000202
CLM_0002182,CLI_000202
CLM_0002183,CLI_000278
CLM_0002184,CLI_000278
CLM_0002185,CLI_000278
CLM_0002186,CLI_000285
CLM_0002187,CLI_000285
CLM_0002188,CLI_000133
CLM_0002189,CLI_000133
CLM_0002190,CLI_000133
CLM_0002191,CLI_000202
CLM_0002192,CLI_000143
CLM_0002193,CLI_000143
CLM_0002194,CLI_000143
CLM_0002195,CLI_000033
CLM_0002196,CLI_000033
CLM_0002197,CLI_000033
CLM_0002198,CLI_000565
CLM_0002199,CLI_000565
CLM_0002200,CLI_000143
CLM_0002201,CLI_000143
CLM_0002202,CLI_000143
CLM_0002203,CLI_000382
CLM_0002204,CLI_000414
CLM_0002205,CLI_000143
CLM_0002206,CLI_000076
CLM_0002207,CLI_000076
CLM_0002208,CLI_000076
CLM_0002209,CLI_000033
CLM_0002210,CLI_000166
CLM_0002211,CLI_000166
CLM_0002212,CLI_000143
CLM_0002213,CLI_000143
CLM_0002214,CLI_000123
CLM_0002215,CLI_000202
CLM_0002216,CLI_000202
CLM_0002217,CLI_000454
CLM_0002218,CLI_000454
CLM_0002219,CLI_000454
CLM_0002220,CLI_000166
CLM_0002221,CLI_000166
CLM_0002222,CLI_000195
CLM_0002223,CLI_000025
CLM_0002224,CLI_000025
CLM_0002225,CLI_000025
CLM_0002226,CLI_000143
CLM_0002227,CLI_000143
CLM_0002228,CLI_000143
CLM_0002229,CLI_000471
CLM_0002230,CLI_000033
CLM_0002231,CLI_000033
CLM_0002232,CLI_000033
CLM_0002233,CLI_000033
CLM_0002234,CLI_000134
CLM_0002235,CLI_000134
CLM_0002236,CLI_000565
CLM_0002237,CLI_000565
CLM_0002238,CLI_000043
CLM_0002239,CLI_000043
CLM_0002240,CLI_000426
CLM_0002241,CLI_000426
CLM_0002242,CLI_000426
CLM_0002243,CLI_000202
CLM_0002244,CLI_000202
CLM_0002245,CLI_000033
CLM_0002246,CLI_000033
CLM_0002247,CLI_000314
CLM_0002248,CLI_000526
CLM_0002249,CLI_000526
CLM_0002250,CLI_000526
CLM_0002251,CLI_000253
CLM_0002252,CLI_000143
CLM_0002253,CLI_000143
CLM_0002254,CLI_000143
CLM_0002255,CLI_000506
CLM_0002256,CLI_000526
CLM_0002257,CLI_000526
CLM_0002258,CLI_000579
CLM_0002259,CLI_000347
CLM_0002260,CLI_000525
CLM_0002261,CLI_000525
CLM_0002262,CLI_000033
CLM_0002263,CLI_000092
CLM_0002264,CLI_000092
CLM_0002265,CLI_000033
CLM_0002266,CLI_000105
CLM_0002267,CLI_000105
CLM_0002268,CLI_000105
CLM_0002269,CLI_000203
CLM_0002270,CLI_000426
CLM_0002271,CLI_000426
CLM_0002272,CLI_000426
CLM_0002273,CLI_000353
CLM_0002274,CLI_000353
CLM_0002275,CLI_000353
CLM_0002276,CLI_000189
CLM_0002277,CLI_000585
CLM_0002278,CLI_000426
CLM_0002279,CLI_000105
CLM_0002280,CLI_000105
CLM_0002281,CLI_000105
CLM_0002282,CLI_000143
CLM_0002283,CLI_000143
CLM_0002284,CLI_000143
CLM_0002285,CLI_000593
CLM_0002286,CLI_000593
CLM_0002287,CLI_000593
CLM_0002288,CLI_000033
CLM_0002289,CLI_000033
CLM_0002290,CLI_000533
CLM_0002291,CLI_000533
CLM_0002292,CLI_000533
CLM_0002293,CLI_000192
CLM_0002294,CLI_000119
CLM_0002295,CLI_000119
CLM_0002296,CLI_000119
CLM_0002297,CLI_000025
CLM_0002298,CLI_000025
CLM_0002299,CLI_000351
CLM_0002300,CLI_000351
CLM_0002301,CLI_000351
CLM_0002302,CLI_000143
CLM_0002303,CLI_000143
CLM_0002304,CLI_000143
CLM_0002305,CLI_000426
CLM_0002306,CLI_000426
CLM_0002307,CLI_000245
CLM_0002308,CLI_000245
CLM_0002309,CLI_000245
CLM_0002310,CLI_000253
CLM_0002311,CLI_000253
CLM_0002312,CLI_000033
CLM_0002313,CLI_000033
CLM_0002314,CLI_000025
CLM_0002315,CLI_000025
CLM_0002316,CLI_000025
CLM_0002317,CLI_000166
CLM_0002318,CLI_000166
CLM_0002319,CLI_000166
CLM_0002320,CLI_000426
CLM_0002321,CLI_000426
CLM_0002322,CLI_000426
CLM_0002323,CLI_000203
CLM_0002324,CLI_000565
CLM_0002325,CLI_000565
CLM_0002326,CLI_000565
CLM_0002327,CLI_000141
CLM_0002328,CLI_000143
CLM_0002329,CLI_000143
CLM_0002330,CLI_000143
CLM_0002331,CLI_000541
CLM_0002332,CLI_000541
CLM_0002333,CLI_000541
CLM_0002334,CLI_000203
CLM_0002335,CLI_000179
CLM_0002336,CLI_000179
CLM_0002337,CLI_000033
CLM_0002338,CLI_000033
CLM_0002339,CLI_000033
CLM_0002340,CLI_000189
CLM_0002341,CLI_000033
CLM_0002342,CLI_000033
CLM_0002343,CLI_000033
CLM_0002344,CLI_000011
CLM_0002345,CLI_000143
CLM_0002346,CLI_000143
CLM_0002347,CLI_000143
CLM_0002348,CLI_000203
CLM_0002349,CLI_000203
CLM_0002350,CLI_000203
CLM_0002351,CLI_000525
CLM_0002352,CLI_000196
CLM_0002353,CLI_000143
CLM_0002354,CLI_000143
CLM_0002355,CLI_000426
CLM_0002356,CLI_000426
CLM_0002357,CLI_000426
CLM_0002358,CLI_000202
CLM_0002359,CLI_000202
CLM_0002360,CLI_000202
CLM_0002361,CLI_000426
CLM_0002362,CLI_000426
CLM_0002363,CLI_000203
CLM_0002364,CLI_000203
CLM_0002365,CLI_000203
CLM_0002366,CLI_000002
CLM_0002367,CLI_000252
CLM_0002368,CLI_000398
CLM_0002369,CLI_000404
CLM_0002370,CLI_000143
CLM_0002371,CLI_000143
CLM_0002372,CLI_000143
CLM_0002373,CLI_000143
CLM_0002374,CLI_000143
CLM_0002375,CLI_000565
CLM_0002376,CLI_000565
CLM_0002377,CLI_000506
CLM_0002378,CLI_000011
CLM_0002379,CLI_000011
CLM_0002380,CLI_000123
CLM_0002381,CLI_000123
CLM_0002382,CLI_000202
CLM_0002383,CLI_000143
CLM_0002384,CLI_000404
CLM_0002385,CLI_000404
CLM_0002386,CLI_000011
CLM_0002387,CLI_000011
CLM_0002388,CLI_000314
CLM_0002389,CLI_000314
CLM_0002390,CLI_000314
CLM_0002391,CLI_000491
CLM_0002392,CLI_000426
CLM_0002393,CLI_000426
CLM_0002394,CLI_000456
CLM_0002395,CLI_000456
CLM_0002396,CLI_000456
CLM_0002397,CLI_000143
CLM_0002398,CLI_000143
CLM_0002399,CLI_000143
CLM_0002400,CLI_000107
CLM_0002401,CLI_000107
CLM_0002402,CLI_000143
CLM_0002403,CLI_000031
CLM_0002404,CLI_000031
CLM_0002405,CLI_000031
CLM_0002406,CLI_000033
CLM_0002407,CLI_000203
CLM_0002408,CLI_000203
CLM_0002409,CLI_000203
CLM_0002410,CLI_000203
CLM_0002411,CLI_000361
CLM_0002412,CLI_000361
CLM_0002413,CLI_000143
CLM_0002414,CLI_000143
CLM_0002415,CLI_000143
CLM_0002416,CLI_000401
CLM_0002417,CLI_000076
CLM_0002418,CLI_000143
CLM_0002419,CLI_000268
CLM_0002420,CLI_000268
CLM_0002421,CLI_000033
CLM_0002422,CLI_000033
CLM_0002423,CLI_000033
CLM_0002424,CLI_000076
CLM_0002425,CLI_000143
CLM_0002426,CLI_000143
CLM_0002427,CLI_000143
CLM_0002428,CLI_000141
CLM_0002429,CLI_000141
CLM_0002430,CLI_000141
CLM_0002431,CLI_000052
CLM_0002432,CLI_000052
CLM_0002433,CLI_000052
CLM_0002434,CLI_000426
CLM_0002435,CLI_000426
CLM_0002436,CLI_000253
CLM_0002437,CLI_000253
CLM_0002438,CLI_000203
CLM_0002439,CLI_000203
CLM_0002440,CLI_000506
CLM_0002441,CLI_000033
CLM_0002442,CLI_000188
CLM_0002443,CLI_000188
CLM_0002444,CLI_000188
CLM_0002445,CLI_000143
CLM_0002446,CLI_000143
CLM_0002447,CLI_000143
CLM_0002448,CLI_000011
CLM_0002449,CLI_000011
CLM_0002450,CLI_000011
CLM_0002451,CLI_000143
CLM_0002452,CLI_000143
CLM_0002453,CLI_000143
CLM_0002454,CLI_000166
CLM_0002455,CLI_000166
CLM_0002456,CLI_000076
CLM_0002457,CLI_000076
CLM_0002458,CLI_000076
CLM_0002459,CLI_000200
CLM_0002460,CLI_000200
CLM_0002461,CLI_000143
CLM_0002462,CLI_000143
CLM_0002463,CLI_000202
CLM_0002464,CLI_000202
CLM_0002465,CLI_000202
CLM_0002466,CLI_000506
CLM_0002467,CLI_000203
CLM_0002468,CLI_000203
CLM_0002469,CLI_000204
CLM_0002470,CLI_000204
CLM_0002471,CLI_000204
CLM_0002472,CLI_000033
CLM_0002473,CLI_000033
CLM_0002474,CLI_000282
CLM_0002475,CLI_000282
CLM_0002476,CLI_000143
CLM_0002477,CLI_000143
CLM_0002478,CLI_000143
CLM_0002479,CLI_000166
CLM_0002480,CLI_000166
CLM_0002481,CLI_000166
CLM_0002482,CLI_000253
CLM_0002483,CLI_000456
CLM_0002484,CLI_000456
CLM_0002485,CLI_000456
CLM_0002486,CLI_000280
CLM_0002487,CLI_000171
CLM_0002488,CLI_000202
CLM_0002489,CLI_000097
CLM_0002490,CLI_000097
CLM_0002491,CLI_000097
CLM_0002492,CLI_000143
CLM_0002493,CLI_000143
CLM_0002494,CLI_000585
CLM_0002495,CLI_000585
CLM_0002496,CLI_000585
CLM_0002497,CLI_000033
CLM_0002498,CLI_000245
CLM_0002499,CLI_000245
CLM_0002500,CLI_000080
CLM_0002501,CLI_000228
CLM_0002502,CLI_000228
CLM_0002503,CLI_000112
CLM_0002504,CLI_000049
CLM_0002505,CLI_000049
CLM_0002506,CLI_000018
CLM_0002507,CLI_000018
CLM_0002508,CLI_000202
CLM_0002509,CLI_000202
CLM_0002510,CLI_000061
CLM_0002511,CLI_000377
CLM_0002512,CLI_000377
CLM_0002513,CLI_000377
CLM_0002514,CLI_000025
CLM_0002515,CLI_000025
CLM_0002516,CLI_000435
CLM_0002517,CLI_000435
CLM_0002518,CLI_000435
CLM_0002519,CLI_000456
CLM_0002520,CLI_000456
CLM_0002521,CLI_000179
CLM_0002522,CLI_000179
CLM_0002523,CLI_000179
CLM_0002524,CLI_000166
CLM_0002525,CLI_000166
CLM_0002526,CLI_000518
CLM_0002527,CLI_000518
CLM_0002528,CLI_000518
CLM_0002529,CLI_000407
CLM_0002530,CLI_000407
CLM_0002531,CLI_000407
CLM_0002532,CLI_000245
CLM_0002533,CLI_000245
CLM_0002534,CLI_000245
CLM_0002535,CLI_000407
CLM_0002536,CLI_000407
CLM_0002537,CLI_000435
CLM_0002538,CLI_000202
CLM_0002539,CLI_000506
CLM_0002540,CLI_000506
CLM_0002541,CLI_000202
CLM_0002542,CLI_000506
CLM_0002543,CLI_000506
CLM_0002544,CLI_000506
CLM_0002545,CLI_000434
CLM_0002546,CLI_000434
CLM_0002547,CLI_000533
CLM_0002548,CLI_000535
CLM_0002549,CLI_000535
CLM_0002550,CLI_000535
CLM_0002551,CLI_000535
CLM_0002552,CLI_000535
CLM_0002553,CLI_000535
CLM_0002554,CLI_000166
CLM_0002555,CLI_000380
CLM_0002556,CLI_000380
CLM_0002557,CLI_000380
CLM_0002558,CLI_000202
CLM_0002559,CLI_000202
CLM_0002560,CLI_000202
CLM_0002561,CLI_000202
CLM_0002562,CLI_000435
CLM_0002563,CLI_000435
CLM_0002564,CLI_000385
CLM_0002565,CLI_000385
CLM_0002566,CLI_000426
CLM_0002567,CLI_000203
CLM_0002568,CLI_000203
CLM_0002569,CLI_000203
CLM_0002570,CLI_000203
CLM_0002571,CLI_000203
CLM_0002572,CLI_000143
CLM_0002573,CLI_000143
CLM_0002574,CLI_000143
CLM_0002575,CLI_000202
CLM_0002576,CLI_000204
CLM_0002577,CLI_000059
CLM_0002578,CLI_000591
CLM_0002579,CLI_000591
CLM_0002580,CLI_000591
CLM_0002581,CLI_000419
CLM_0002582,CLI_000419
CLM_0002583,CLI_000419
CLM_0002584,CLI_000033
CLM_0002585,CLI_000033
CLM_0002586,CLI_000033
CLM_0002587,CLI_000033
CLM_0002588,CLI_000033
CLM_0002589,CLI_000033
CLM_0002590,CLI_000121
CLM_0002591,CLI_000121
CLM_0002592,CLI_000121
CLM_0002593,CLI_000368
CLM_0002594,CLI_000368
CLM_0002595,CLI_000368
CLM_0002596,CLI_000202
CLM_0002597,CLI_000202
CLM_0002598,CLI_000202
CLM_0002599,CLI_000202
CLM_0002600,CLI_000525
CLM_0002601,CLI_000525
CLM_0002602,CLI_000525
CLM_0002603,CLI_000392
CLM_0002604,CLI_000392
CLM_0002605,CLI_000392
CLM_0002606,CLI_000166
CLM_0002607,CLI_000273
CLM_0002608,CLI_000273
CLM_0002609,CLI_000076
CLM_0002610,CLI_000076
CLM_0002611,CLI_000076
CLM_0002612,CLI_000143
CLM_0002613,CLI_000143
CLM_0002614,CLI_000200
CLM_0002615,CLI_000200
CLM_0002616,CLI_000200
CLM_0002617,CLI_000200
CLM_0002618,CLI_000200
CLM_0002619,CLI_000160
CLM_0002620,CLI_000160
CLM_0002621,CLI_000160
CLM_0002622,CLI_000141
CLM_0002623,CLI_000141
CLM_0002624,CLI_000143
CLM_0002625,CLI_000143
CLM_0002626,CLI_000397
CLM_0002627,CLI_000061
CLM_0002628,CLI_000061
CLM_0002629,CLI_000315
CLM_0002630,CLI_000315
CLM_0002631,CLI_000143
CLM_0002632,CLI_000143
CLM_0002633,CLI_000143
CLM_0002634,CLI_000143
CLM_0002635,CLI_000143
CLM_0002636,CLI_000426
CLM_0002637,CLI_000426
CLM_0002638,CLI_000005
CLM_0002639,CLI_000005
CLM_0002640,CLI_000005
CLM_0002641,CLI_000166
CLM_0002642,CLI_000166
CLM_0002643,CLI_000166
CLM_0002644,CLI_000404
CLM_0002645,CLI_000404
CLM_0002646,CLI_000089
CLM_0002647,CLI_000089
CLM_0002648,CLI_000203
CLM_0002649,CLI_000203
CLM_0002650,CLI_000203
CLM_0002651,CLI_000388
CLM_0002652,CLI_000198
CLM_0002653,CLI_000198
CLM_0002654,CLI_000143
CLM_0002655,CLI_000143
CLM_0002656,CLI_000076
CLM_0002657,CLI_000245
CLM_0002658,CLI_000033
CLM_0002659,CLI_000033
CLM_0002660,CLI_000025
CLM_0002661,CLI_000143
CLM_0002662,CLI_000143
CLM_0002663,CLI_000404
CLM_0002664,CLI_000143
CLM_0002665,CLI_000143
CLM_0002666,CLI_000143
CLM_0002667,CLI_000456
CLM_0002668,CLI_000456
CLM_0002669,CLI_000456
CLM_0002670,CLI_000202
CLM_0002671,CLI_000280
CLM_0002672,CLI_000456
CLM_0002673,CLI_000456
CLM_0002674,CLI_000456
CLM_0002675,CLI_000033
CLM_0002676,CLI_000365
CLM_0002677,CLI_000365
CLM_0002678,CLI_000365
CLM_0002679,CLI_000189
CLM_0002680,CLI_000189
CLM_0002681,CLI_000189
CLM_0002682,CLI_000033
CLM_0002683,CLI_000107
CLM_0002684,CLI_000107
CLM_0002685,CLI_000107
CLM_0002686,CLI_000597
CLM_0002687,CLI_000426
CLM_0002688,CLI_000426
CLM_0002689,CLI_000426
CLM_0002690,CLI_000479
CLM_0002691,CLI_000479
CLM_0002692,CLI_000033
CLM_0002693,CLI_000033
CLM_0002694,CLI_000033
CLM_0002695,CLI_000453
CLM_0002696,CLI_000453
CLM_0002697,CLI_000453
CLM_0002698,CLI_000237
CLM_0002699,CLI_000237
CLM_0002700,CLI_000237
CLM_0002701,CLI_000253
CLM_0002702,CLI_000143
CLM_0002703,CLI_000143
CLM_0002704,CLI_000143
CLM_0002705,CLI_000166
CLM_0002706,CLI_000166
CLM_0002707,CLI_000033
CLM_0002708,CLI_000033
CLM_0002709,CLI_000033
CLM_0002710,CLI_000218
CLM_0002711,CLI_000218
CLM_0002712,CLI_000408
CLM_0002713,CLI_000166
CLM_0002714,CLI_000166
CLM_0002715,CLI_000299
CLM_0002716,CLI_000299
CLM_0002717,CLI_000299
CLM_0002718,CLI_000332
CLM_0002719,CLI_000332
CLM_0002720,CLI_000332
CLM_0002721,CLI_000440
CLM_0002722,CLI_000196
CLM_0002723,CLI_000196
CLM_0002724,CLI_000091
CLM_0002725,CLI_000091
CLM_0002726,CLI_000091
CLM_0002727,CLI_000143
CLM_0002728,CLI_000143
CLM_0002729,CLI_000143
CLM_0002730,CLI_000426
CLM_0002731,CLI_000435
CLM_0002732,CLI_000435
CLM_0002733,CLI_000025
CLM_0002734,CLI_000025
CLM_0002735,CLI_000025
CLM_0002736,CLI_000143
CLM_0002737,CLI_000143
CLM_0002738,CLI_000143
CLM_0002739,CLI_000143
CLM_0002740,CLI_000025
CLM_0002741,CLI_000025
CLM_0002742,CLI_000033
CLM_0002743,CLI_000033
CLM_0002744,CLI_000033
CLM_0002745,CLI_000202
CLM_0002746,CLI_000143
CLM_0002747,CLI_000202
CLM_0002748,CLI_000202
CLM_0002749,CLI_000203
CLM_0002750,CLI_000203
CLM_0002751,CLI_000203
CLM_0002752,CLI_000033
CLM_0002753,CLI_000417
CLM_0002754,CLI_000417
CLM_0002755,CLI_000417
CLM_0002756,CLI_000401
CLM_0002757,CLI_000401
CLM_0002758,CLI_000401
CLM_0002759,CLI_000097
CLM_0002760,CLI_000097
CLM_0002761,CLI_000097
CLM_0002762,CLI_000143
CLM_0002763,CLI_000143
CLM_0002764,CLI_000506
CLM_0002765,CLI_000033
CLM_0002766,CLI_000195
CLM_0002767,CLI_000033
CLM_0002768,CLI_000033
CLM_0002769,CLI_000033
CLM_0002770,CLI_000158
CLM_0002771,CLI_000158
CLM_0002772,CLI_000158
CLM_0002773,CLI_000196
CLM_0002774,CLI_000507
CLM_0002775,CLI_000507
CLM_0002776,CLI_000160
CLM_0002777,CLI_000160
CLM_0002778,CLI_000160
CLM_0002779,CLI_000033
CLM_0002780,CLI_000033
CLM_0002781,CLI_000506
CLM_0002782,CLI_000506
CLM_0002783,CLI_000541
CLM_0002784,CLI_000541
CLM_0002785,CLI_000541
CLM_0002786,CLI_000566
CLM_0002787,CLI_000566
CLM_0002788,CLI_000566
CLM_0002789,CLI_000076
CLM_0002790,CLI_000052
CLM_0002791,CLI_000076
CLM_0002792,CLI_000076
CLM_0002793,CLI_000076
CLM_0002794,CLI_000076
CLM_0002795,CLI_000076
CLM_0002796,CLI_000278
CLM_0002797,CLI_000052
CLM_0002798,CLI_000052
CLM_0002799,CLI_000052
CLM_0002800,CLI_000033
CLM_0002801,CLI_000033
CLM_0002802,CLI_000246
CLM_0002803,CLI_000166
CLM_0002804,CLI_000166
CLM_0002805,CLI_000166
CLM_0002806,CLI_000063
CLM_0002807,CLI_000063
CLM_0002808,CLI_000063
CLM_0002809,CLI_000426
CLM_0002810,CLI_000426
CLM_0002811,CLI_000426
CLM_0002812,CLI_000033
CLM_0002813,CLI_000203
CLM_0002814,CLI_000202
CLM_0002815,CLI_000379
CLM_0002816,CLI_000155
CLM_0002817,CLI_000155
CLM_0002818,CLI_000506
CLM_0002819,CLI_000506
CLM_0002820,CLI_000506
CLM_0002821,CLI_000161
CLM_0002822,CLI_000161
CLM_0002823,CLI_000076
CLM_0002824,CLI_000076
CLM_0002825,CLI_000076
CLM_0002826,CLI_000033
CLM_0002827,CLI_000143
CLM_0002828,CLI_000143
CLM_0002829,CLI_000143
CLM_0002830,CLI_000394
CLM_0002831,CLI_000394
CLM_0002832,CLI_000394
CLM_0002833,CLI_000088
CLM_0002834,CLI_000088
CLM_0002835,CLI_000506
CLM_0002836,CLI_000203
CLM_0002837,CLI_000203
CLM_0002838,CLI_000469
CLM_0002839,CLI_000469
CLM_0002840,CLI_000469
CLM_0002841,CLI_000202
CLM_0002842,CLI_000202
CLM_0002843,CLI_000202
CLM_0002844,CLI_000506
CLM_0002845,CLI_000506
CLM_0002846,CLI_000506
CLM_0002847,CLI_000033
CLM_0002848,CLI_000033
CLM_0002849,CLI_000033
CLM_0002850,CLI_000033
CLM_0002851,CLI_000535
CLM_0002852,CLI_000453
CLM_0002853,CLI_000453
CLM_0002854,CLI_000453
CLM_0002855,CLI_000001
CLM_0002856,CLI_000080
CLM_0002857,CLI_000245
CLM_0002858,CLI_000245
CLM_0002859,CLI_000245
CLM_0002860,CLI_000096
CLM_0002861,CLI_000052
CLM_0002862,CLI_000203
CLM_0002863,CLI_000203
CLM_0002864,CLI_000203
CLM_0002865,CLI_000001
CLM_0002866,CLI_000143
CLM_0002867,CLI_000143
CLM_0002868,CLI_000166
CLM_0002869,CLI_000203
CLM_0002870,CLI_000203
CLM_0002871,CLI_000399
CLM_0002872,CLI_000033
CLM_0002873,CLI_000025
CLM_0002874,CLI_000033
CLM_0002875,CLI_000033
CLM_0002876,CLI_000033
CLM_0002877,CLI_000041
CLM_0002878,CLI_000041
CLM_0002879,CLI_000268
CLM_0002880,CLI_000268
CLM_0002881,CLI_000033
CLM_0002882,CLI_000033
CLM_0002883,CLI_000033
CLM_0002884,CLI_000033
CLM_0002885,CLI_000033
CLM_0002886,CLI_000033
CLM_0002887,CLI_000011
CLM_0002888,CLI_000011
CLM_0002889,CLI_000011
CLM_0002890,CLI_000285
CLM_0002891,CLI_000285
CLM_0002892,CLI_000535
CLM_0002893,CLI_000535
CLM_0002894,CLI_000535
CLM_0002895,CLI_000501
CLM_0002896,CLI_000314
CLM_0002897,CLI_000314
CLM_0002898,CLI_000314
CLM_0002899,CLI_000203
CLM_0002900,CLI_000577
CLM_0002901,CLI_000456
CLM_0002902,CLI_000491
CLM_0002903,CLI_000196
CLM_0002904,CLI_000141
CLM_0002905,CLI_000141
CLM_0002906,CLI_000141
CLM_0002907,CLI_000025
CLM_0002908,CLI_000160
CLM_0002909,CLI_000160
CLM_0002910,CLI_000059
CLM_0002911,CLI_000501
CLM_0002912,CLI_000011
CLM_0002913,CLI_000033
CLM_0002914,CLI_000025
CLM_0002915,CLI_000025
CLM_0002916,CLI_000218
CLM_0002917,CLI_000218
CLM_0002918,CLI_000134
CLM_0002919,CLI_000134
CLM_0002920,CLI_000506
CLM_0002921,CLI_000506
CLM_0002922,CLI_000456
CLM_0002923,CLI_000419
CLM_0002924,CLI_000157
CLM_0002925,CLI_000157
CLM_0002926,CLI_000157
CLM_0002927,CLI_000526
CLM_0002928,CLI_000141
CLM_0002929,CLI_000141
CLM_0002930,CLI_000141
CLM_0002931,CLI_000076
CLM_0002932,CLI_000076
CLM_0002933,CLI_000143
CLM_0002934,CLI_000143
CLM_0002935,CLI_000143
CLM_0002936,CLI_000426
CLM_0002937,CLI_000426
CLM_0002938,CLI_000426
CLM_0002939,CLI_000143
CLM_0002940,CLI_000143
CLM_0002941,CLI_000143
CLM_0002942,CLI_000143
CLM_0002943,CLI_000550
CLM_0002944,CLI_000121
CLM_0002945,CLI_000121
CLM_0002946,CLI_000121
CLM_0002947,CLI_000499
CLM_0002948,CLI_000499
CLM_0002949,CLI_000499
CLM_0002950,CLI_000404
CLM_0002951,CLI_000143
CLM_0002952,CLI_000143
CLM_0002953,CLI_000143
CLM_0002954,CLI_000143
CLM_0002955,CLI_000089
CLM_0002956,CLI_000025
CLM_0002957,CLI_000025
CLM_0002958,CLI_000025
CLM_0002959,CLI_000426
CLM_0002960,CLI_000426
CLM_0002961,CLI_000426
CLM_0002962,CLI_000143
CLM_0002963,CLI_000143
CLM_0002964,CLI_000025
CLM_0002965,CLI_000025
CLM_0002966,CLI_000063
CLM_0002967,CLI_000063
CLM_0002968,CLI_000063
CLM_0002969,CLI_000456
CLM_0002970,CLI_000456
CLM_0002971,CLI_000166
CLM_0002972,CLI_000166
CLM_0002973,CLI_000166
CLM_0002974,CLI_000202
CLM_0002975,CLI_000565
CLM_0002976,CLI_000143
CLM_0002977,CLI_000143
CLM_0002978,CLI_000143
CLM_0002979,CLI_000202
CLM_0002980,CLI_000202
CLM_0002981,CLI_000202
CLM_0002982,CLI_000552
CLM_0002983,CLI_000552
CLM_0002984,CLI_000552
CLM_0002985,CLI_000426
CLM_0002986,CLI_000426
CLM_0002987,CLI_000143
CLM_0002988,CLI_000143
CLM_0002989,CLI_000143
CLM_0002990,CLI_000203
CLM_0002991,CLI_000203
CLM_0002992,CLI_000034
CLM_0002993,CLI_000034
CLM_0002994,CLI_000034
CLM_0002995,CLI_000033
CLM_0002996,CLI_000033
CLM_0002997,CLI_000282
CLM_0002998,CLI_000124
CLM_0002999,CLI_000076
CLM_0003000,CLI_000076
CLM_0003001,CLI_000076
CLM_0003002,CLI_000565
CLM_0003003,CLI_000565
CLM_0003004,CLI_000565
CLM_0003005,CLI_000314
CLM_0003006,CLI_000314
CLM_0003007,CLI_000314
CLM_0003008,CLI_000143
CLM_0003009,CLI_000143
CLM_0003010,CLI_000143
CLM_0003011,CLI_000565
CLM_0003012,CLI_000565
CLM_0003013,CLI_000045
CLM_0003014,CLI_000583
CLM_0003015,CLI_000143
CLM_0003016,CLI_000380
CLM_0003017,CLI_000262
CLM_0003018,CLI_000262
CLM_0003019,CLI_000315
CLM_0003020,CLI_000315
CLM_0003021,CLI_000315
CLM_0003022,CLI_000202
CLM_0003023,CLI_000202
CLM_0003024,CLI_000202
CLM_0003025,CLI_000033
CLM_0003026,CLI_000033
CLM_0003027,CLI_000033
CLM_0003028,CLI_000045
CLM_0003029,CLI_000565
CLM_0003030,CLI_000565
CLM_0003031,CLI_000565
CLM_0003032,CLI_000426
CLM_0003033,CLI_000351
CLM_0003034,CLI_000351
CLM_0003035,CLI_000282
CLM_0003036,CLI_000282
CLM_0003037,CLI_000194
CLM_0003038,CLI_000412
CLM_0003039,CLI_000202
CLM_0003040,CLI_000202
CLM_0003041,CLI_000202
CLM_0003042,CLI_000426
CLM_0003043,CLI_000426
CLM_0003044,CLI_000203
CLM_0003045,CLI_000203
CLM_0003046,CLI_000203
CLM_0003047,CLI_000526
CLM_0003048,CLI_000423
CLM_0003049,CLI_000423
CLM_0003050,CLI_000423
CLM_0003051,CLI_000143
CLM_0003052,CLI_000426
CLM_0003053,CLI_000426
CLM_0003054,CLI_000426
CLM_0003055,CLI_000202
CLM_0003056,CLI_000025
CLM_0003057,CLI_000025
CLM_0003058,CLI_000025
CLM_0003059,CLI_000202
CLM_0003060,CLI_000202
CLM_0003061,CLI_000076
CLM_0003062,CLI_000076
CLM_0003063,CLI_000076
CLM_0003064,CLI_000202
CLM_0003065,CLI_000202
CLM_0003066,CLI_000202
CLM_0003067,CLI_000404
CLM_0003068,CLI_000404
CLM_0003069,CLI_000398
CLM_0003070,CLI_000398
CLM_0003071,CLI_000143
CLM_0003072,CLI_000143
CLM_0003073,CLI_000202
CLM_0003074,CLI_000202
CLM_0003075,CLI_000202
CLM_0003076,CLI_000404
CLM_0003077,CLI_000404
CLM_0003078,CLI_000404
CLM_0003079,CLI_000143
CLM_0003080,CLI_000143
CLM_0003081,CLI_000143
CLM_0003082,CLI_000228
CLM_0003083,CLI_000228
CLM_0003084,CLI_000228
CLM_0003085,CLI_000033
CLM_0003086,CLI_000033
CLM_0003087,CLI_000033
CLM_0003088,CLI_000025
CLM_0003089,CLI_000025
CLM_0003090,CLI_000025
CLM_0003091,CLI_000143
CLM_0003092,CLI_000143
CLM_0003093,CLI_000143
CLM_0003094,CLI_000382
CLM_0003095,CLI_000382
CLM_0003096,CLI_000076
CLM_0003097,CLI_000076
CLM_0003098,CLI_000426
CLM_0003099,CLI_000033
CLM_0003100,CLI_000033
CLM_0003101,CLI_000143
CLM_0003102,CLI_000143
CLM_0003103,CLI_000143
CLM_0003104,CLI_000143
CLM_0003105,CLI_000143
CLM_0003106,CLI_000202
CLM_0003107,CLI_000202
CLM_0003108,CLI_000202
CLM_0003109,CLI_000450
CLM_0003110,CLI_000450
CLM_0003111,CLI_000143
CLM_0003112,CLI_000143
CLM_0003113,CLI_000454
CLM_0003114,CLI_000454
CLM_0003115,CLI_000506
CLM_0003116,CLI_000525
CLM_0003117,CLI_000525
CLM_0003118,CLI_000525
CLM_0003119,CLI_000203
CLM_0003120,CLI_000011
CLM_0003121,CLI_000506
CLM_0003122,CLI_000506
CLM_0003123,CLI_000426
CLM_0003124,CLI_000426
CLM_0003125,CLI_000495
CLM_0003126,CLI_000202
CLM_0003127,CLI_000202
CLM_0003128,CLI_000202
CLM_0003129,CLI_000076
CLM_0003130,CLI_000426
CLM_0003131,CLI_000315
CLM_0003132,CLI_000033
CLM_0003133,CLI_000033
CLM_0003134,CLI_000033
CLM_0003135,CLI_000076
CLM_0003136,CLI_000143
CLM_0003137,CLI_000143
CLM_0003138,CLI_000143
CLM_0003139,CLI_000282
CLM_0003140,CLI_000380
CLM_0003141,CLI_000380
CLM_0003142,CLI_000380
CLM_0003143,CLI_000143
CLM_0003144,CLI_000368
CLM_0003145,CLI_000368
CLM_0003146,CLI_000052
CLM_0003147,CLI_000105
CLM_0003148,CLI_000105
CLM_0003149,CLI_000025
CLM_0003150,CLI_000025
CLM_0003151,CLI_000203
CLM_0003152,CLI_000426
CLM_0003153,CLI_000426
CLM_0003154,CLI_000404
CLM_0003155,CLI_000242
CLM_0003156,CLI_000242
CLM_0003157,CLI_000272
CLM_0003158,CLI_000272
CLM_0003159,CLI_000272
CLM_0003160,CLI_000033
CLM_0003161,CLI_000585
CLM_0003162,CLI_000585
CLM_0003163,CLI_000585
CLM_0003164,CLI_000429
CLM_0003165,CLI_000456
CLM_0003166,CLI_000456
CLM_0003167,CLI_000456
CLM_0003168,CLI_000453
CLM_0003169,CLI_000453
CLM_0003170,CLI_000166
CLM_0003171,CLI_000166
CLM_0003172,CLI_000025
CLM_0003173,CLI_000143
CLM_0003174,CLI_000143
CLM_0003175,CLI_000426
CLM_0003176,CLI_000143
CLM_0003177,CLI_000143
CLM_0003178,CLI_000143
CLM_0003179,CLI_000203
CLM_0003180,CLI_000435
CLM_0003181,CLI_000435
CLM_0003182,CLI_000435
CLM_0003183,CLI_000143
CLM_0003184,CLI_000143
CLM_0003185,CLI_000143
CLM_0003186,CLI_000088
CLM_0003187,CLI_000033
CLM_0003188,CLI_000033
CLM_0003189,CLI_000033
CLM_0003190,CLI_000404
CLM_0003191,CLI_000535
CLM_0003192,CLI_000535
CLM_0003193,CLI_000380
CLM_0003194,CLI_000380
CLM_0003195,CLI_000380
CLM_0003196,CLI_000143
CLM_0003197,CLI_000143
CLM_0003198,CLI_000011
CLM_0003199,CLI_000011
CLM_0003200,CLI_000586
CLM_0003201,CLI_000586
CLM_0003202,CLI_000426
CLM_0003203,CLI_000456
CLM_0003204,CLI_000456
CLM_0003205,CLI_000025
CLM_0003206,CLI_000200
CLM_0003207,CLI_000200
CLM_0003208,CLI_000141
CLM_0003209,CLI_000141
CLM_0003210,CLI_000141
CLM_0003211,CLI_000292
CLM_0003212,CLI_000292
CLM_0003213,CLI_000533
CLM_0003214,CLI_000533
CLM_0003215,CLI_000533
CLM_0003216,CLI_000282
CLM_0003217,CLI_000134
CLM_0003218,CLI_000134
CLM_0003219,CLI_000310
CLM_0003220,CLI_000310
CLM_0003221,CLI_000253
CLM_0003222,CLI_000253
CLM_0003223,CLI_000143
CLM_0003224,CLI_000143
CLM_0003225,CLI_000143
CLM_0003226,CLI_000166
CLM_0003227,CLI_000166
CLM_0003228,CLI_000404
CLM_0003229,CLI_000253
CLM_0003230,CLI_000143
CLM_0003231,CLI_000143
CLM_0003232,CLI_000143
CLM_0003233,CLI_000138
CLM_0003234,CLI_000138
CLM_0003235,CLI_000203
CLM_0003236,CLI_000203
CLM_0003237,CLI_000089
CLM_0003238,CLI_000143
CLM_0003239,CLI_000143
CLM_0003240,CLI_000143
CLM_0003241,CLI_000076
CLM_0003242,CLI_000033
CLM_0003243,CLI_000033
CLM_0003244,CLI_000541
CLM_0003245,CLI_000541
CLM_0003246,CLI_000065
CLM_0003247,CLI_000065
CLM_0003248,CLI_000025
CLM_0003249,CLI_000025
CLM_0003250,CLI_000025
CLM_0003251,CLI_000021
CLM_0003252,CLI_000021
CLM_0003253,CLI_000456
CLM_0003254,CLI_000456
CLM_0003255,CLI_000456
CLM_0003256,CLI_000231
CLM_0003257,CLI_000231
CLM_0003258,CLI_000231
CLM_0003259,CLI_000025
CLM_0003260,CLI_000025
CLM_0003261,CLI_000025
CLM_0003262,CLI_000143
CLM_0003263,CLI_000143
CLM_0003264,CLI_000143
CLM_0003265,CLI_000142
CLM_0003266,CLI_000268
CLM_0003267,CLI_000268
CLM_0003268,CLI_000268
CLM_0003269,CLI_000368
CLM_0003270,CLI_000368
CLM_0003271,CLI_000011
CLM_0003272,CLI_000011
CLM_0003273,CLI_000011
CLM_0003274,CLI_000143
CLM_0003275,CLI_000533
CLM_0003276,CLI_000533
CLM_0003277,CLI_000565
CLM_0003278,CLI_000565
CLM_0003279,CLI_000565
CLM_0003280,CLI_000143
CLM_0003281,CLI_000025
CLM_0003282,CLI_000143
CLM_0003283,CLI_000143
CLM_0003284,CLI_000565
CLM_0003285,CLI_000565
CLM_0003286,CLI_000565
CLM_0003287,CLI_000404
CLM_0003288,CLI_000052
CLM_0003289,CLI_000058
CLM_0003290,CLI_000058
CLM_0003291,CLI_000025
CLM_0003292,CLI_000143
CLM_0003293,CLI_000143
CLM_0003294,CLI_000045
CLM_0003295,CLI_000045
CLM_0003296,CLI_000045
CLM_0003297,CLI_000525
CLM_0003298,CLI_000375
CLM_0003299,CLI_000375
CLM_0003300,CLI_000375
CLM_0003301,CLI_000565
CLM_0003302,CLI_000565
CLM_0003303,CLI_000565
CLM_0003304,CLI_000262
CLM_0003305,CLI_000262
CLM_0003306,CLI_000262
CLM_0003307,CLI_000198
CLM_0003308,CLI_000143
CLM_0003309,CLI_000143
CLM_0003310,CLI_000143
CLM_0003311,CLI_000203
CLM_0003312,CLI_000203
CLM_0003313,CLI_000203
CLM_0003314,CLI_000203
CLM_0003315,CLI_000344
CLM_0003316,CLI_000344
CLM_0003317,CLI_000344
CLM_0003318,CLI_000033
CLM_0003319,CLI_000033
CLM_0003320,CLI_000203
CLM_0003321,CLI_000203
CLM_0003322,CLI_000203
CLM_0003323,CLI_000525
CLM_0003324,CLI_000253
CLM_0003325,CLI_000253
CLM_0003326,CLI_000253
CLM_0003327,CLI_000412
CLM_0003328,CLI_000073
CLM_0003329,CLI_000073
CLM_0003330,CLI_000025
CLM_0003331,CLI_000025
CLM_0003332,CLI_000025
CLM_0003333,CLI_000245
CLM_0003334,CLI_000245
CLM_0003335,CLI_000245
CLM_0003336,CLI_000203
CLM_0003337,CLI_000203
CLM_0003338,CLI_000438
CLM_0003339,CLI_000438
CLM_0003340,CLI_000203
CLM_0003341,CLI_000525
CLM_0003342,CLI_000462
CLM_0003343,CLI_000141
CLM_0003344,CLI_000166
CLM_0003345,CLI_000166
CLM_0003346,CLI_000166
CLM_0003347,CLI_000285
CLM_0003348,CLI_000285
CLM_0003349,CLI_000143
CLM_0003350,CLI_000076
CLM_0003351,CLI_000076
CLM_0003352,CLI_000076
CLM_0003353,CLI_000105
CLM_0003354,CLI_000076
CLM_0003355,CLI_000076
CLM_0003356,CLI_000419
CLM_0003357,CLI_000419
CLM_0003358,CLI_000025
CLM_0003359,CLI_000025
CLM_0003360,CLI_000025
CLM_0003361,CLI_000076
CLM_0003362,CLI_000076
CLM_0003363,CLI_000202
CLM_0003364,CLI_000202
CLM_0003365,CLI_000018
CLM_0003366,CLI_000526
CLM_0003367,CLI_000526
CLM_0003368,CLI_000143
CLM_0003369,CLI_000203
CLM_0003370,CLI_000203
CLM_0003371,CLI_000203
CLM_0003372,CLI_000203
CLM_0003373,CLI_000219
CLM_0003374,CLI_000219
CLM_0003375,CLI_000202
CLM_0003376,CLI_000535
CLM_0003377,CLI_000008
CLM_0003378,CLI_000008
CLM_0003379,CLI_000008
CLM_0003380,CLI_000488
CLM_0003381,CLI_000025
CLM_0003382,CLI_000121
CLM_0003383,CLI_000203
CLM_0003384,CLI_000203
CLM_0003385,CLI_000565
CLM_0003386,CLI_000157
CLM_0003387,CLI_000004
CLM_0003388,CLI_000004
CLM_0003389,CLI_000143
CLM_0003390,CLI_000143
CLM_0003391,CLI_000011
CLM_0003392,CLI_000166
CLM_0003393,CLI_000166
CLM_0003394,CLI_000195
CLM_0003395,CLI_000195
CLM_0003396,CLI_000203
CLM_0003397,CLI_000203
CLM_0003398,CLI_000203
CLM_0003399,CLI_000143
CLM_0003400,CLI_000143
CLM_0003401,CLI_000143
CLM_0003402,CLI_000025
CLM_0003403,CLI_000025
CLM_0003404,CLI_000025
CLM_0003405,CLI_000076
CLM_0003406,CLI_000076
CLM_0003407,CLI_000076
CLM_0003408,CLI_000253
CLM_0003409,CLI_000203
CLM_0003410,CLI_000203
CLM_0003411,CLI_000203
CLM_0003412,CLI_000408
CLM_0003413,CLI_000550
CLM_0003414,CLI_000550
CLM_0003415,CLI_000393
CLM_0003416,CLI_000033
CLM_0003417,CLI_000253
CLM_0003418,CLI_000253
CLM_0003419,CLI_000368
CLM_0003420,CLI_000368
CLM_0003421,CLI_000368
CLM_0003422,CLI_000076
CLM_0003423,CLI_000088
CLM_0003424,CLI_000544
CLM_0003425,CLI_000368
CLM_0003426,CLI_000077
CLM_0003427,CLI_000565
CLM_0003428,CLI_000565
CLM_0003429,CLI_000565
CLM_0003430,CLI_000143
CLM_0003431,CLI_000143
CLM_0003432,CLI_000076
CLM_0003433,CLI_000533
CLM_0003434,CLI_000533
CLM_0003435,CLI_000121
CLM_0003436,CLI_000121
CLM_0003437,CLI_000121
CLM_0003438,CLI_000098
CLM_0003439,CLI_000098
CLM_0003440,CLI_000076
CLM_0003441,CLI_000107
CLM_0003442,CLI_000526
CLM_0003443,CLI_000526
CLM_0003444,CLI_000526
CLM_0003445,CLI_000143
CLM_0003446,CLI_000143
CLM_0003447,CLI_000386
CLM_0003448,CLI_000386
CLM_0003449,CLI_000143
CLM_0003450,CLI_000025
CLM_0003451,CLI_000404
CLM_0003452,CLI_000033
CLM_0003453,CLI_000033
CLM_0003454,CLI_000033
CLM_0003455,CLI_000479
CLM_0003456,CLI_000498
CLM_0003457,CLI_000498
CLM_0003458,CLI_000245
CLM_0003459,CLI_000245
CLM_0003460,CLI_000203
CLM_0003461,CLI_000203
CLM_0003462,CLI_000203
CLM_0003463,CLI_000073
CLM_0003464,CLI_000073
CLM_0003465,CLI_000025
CLM_0003466,CLI_000282
CLM_0003467,CLI_000282
CLM_0003468,CLI_000202
CLM_0003469,CLI_000202
CLM_0003470,CLI_000060
CLM_0003471,CLI_000060
CLM_0003472,CLI_000060
CLM_0003473,CLI_000143
CLM_0003474,CLI_000143
CLM_0003475,CLI_000143
CLM_0003476,CLI_000143
CLM_0003477,CLI_000143
CLM_0003478,CLI_000143
CLM_0003479,CLI_000426
CLM_0003480,CLI_000362
CLM_0003481,CLI_000362
CLM_0003482,CLI_000553
CLM_0003483,CLI_000553
CLM_0003484,CLI_000553
CLM_0003485,CLI_000143
CLM_0003486,CLI_000143
CLM_0003487,CLI_000143
CLM_0003488,CLI_000143
CLM_0003489,CLI_000521
CLM_0003490,CLI_000521
CLM_0003491,CLI_000521
CLM_0003492,CLI_000143
CLM_0003493,CLI_000143
CLM_0003494,CLI_000143
CLM_0003495,CLI_000033
CLM_0003496,CLI_000033
CLM_0003497,CLI_000033
CLM_0003498,CLI_000404
CLM_0003499,CLI_000404
CLM_0003500,CLI_000404
CLM_0003501,CLI_000134
CLM_0003502,CLI_000033
CLM_0003503,CLI_000218
CLM_0003504,CLI_000218
CLM_0003505,CLI_000218
CLM_0003506,CLI_000143
CLM_0003507,CLI_000025
CLM_0003508,CLI_000438
CLM_0003509,CLI_000049
CLM_0003510,CLI_000049
CLM_0003511,CLI_000565
CLM_0003512,CLI_000565
CLM_0003513,CLI_000565
CLM_0003514,CLI_000245
CLM_0003515,CLI_000245
CLM_0003516,CLI_000245
CLM_0003517,CLI_000535
CLM_0003518,CLI_000535
CLM_0003519,CLI_000160
CLM_0003520,CLI_000160
CLM_0003521,CLI_000202
CLM_0003522,CLI_000143
CLM_0003523,CLI_000143
CLM_0003524,CLI_000143
CLM_0003525,CLI_000565
CLM_0003526,CLI_000565
CLM_0003527,CLI_000138
CLM_0003528,CLI_000138
CLM_0003529,CLI_000282
CLM_0003530,CLI_000282
CLM_0003531,CLI_000282
CLM_0003532,CLI_000033
CLM_0003533,CLI_000143
CLM_0003534,CLI_000143
CLM_0003535,CLI_000426
CLM_0003536,CLI_000426
CLM_0003537,CLI_000513
CLM_0003538,CLI_000143
CLM_0003539,CLI_000143
CLM_0003540,CLI_000033
CLM_0003541,CLI_000033
CLM_0003542,CLI_000033
CLM_0003543,CLI_000060
CLM_0003544,CLI_000033
CLM_0003545,CLI_000033
CLM_0003546,CLI_000033
CLM_0003547,CLI_000052
CLM_0003548,CLI_000052
CLM_0003549,CLI_000052
CLM_0003550,CLI_000025
CLM_0003551,CLI_000506
CLM_0003552,CLI_000506
CLM_0003553,CLI_000435
CLM_0003554,CLI_000435
CLM_0003555,CLI_000203
CLM_0003556,CLI_000143
CLM_0003557,CLI_000143
CLM_0003558,CLI_000282
CLM_0003559,CLI_000282
CLM_0003560,CLI_000202
CLM_0003561,CLI_000352
CLM_0003562,CLI_000352
CLM_0003563,CLI_000352
CLM_0003564,CLI_000143
CLM_0003565,CLI_000143
CLM_0003566,CLI_000143
CLM_0003567,CLI_000449
CLM_0003568,CLI_000449
CLM_0003569,CLI_000100
CLM_0003570,CLI_000100
CLM_0003571,CLI_000100
CLM_0003572,CLI_000323
CLM_0003573,CLI_000323
CLM_0003574,CLI_000426
CLM_0003575,CLI_000105
CLM_0003576,CLI_000105
CLM_0003577,CLI_000105
CLM_0003578,CLI_000202
CLM_0003579,CLI_000202
CLM_0003580,CLI_000027
CLM_0003581,CLI_000027
CLM_0003582,CLI_000027
CLM_0003583,CLI_000025
CLM_0003584,CLI_000025
CLM_0003585,CLI_000143
CLM_0003586,CLI_000143
CLM_0003587,CLI_000143
CLM_0003588,CLI_000579
CLM_0003589,CLI_000579
CLM_0003590,CLI_000319
CLM_0003591,CLI_000319
CLM_0003592,CLI_000202
CLM_0003593,CLI_000202
CLM_0003594,CLI_000203
CLM_0003595,CLI_000033
CLM_0003596,CLI_000033
CLM_0003597,CLI_000202
CLM_0003598,CLI_000202
CLM_0003599,CLI_000202
CLM_0003600,CLI_000194
CLM_0003601,CLI_000194
CLM_0003602,CLI_000025
CLM_0003603,CLI_000070
CLM_0003604,CLI_000070
CLM_0003605,CLI_000070
CLM_0003606,CLI_000202
CLM_0003607,CLI_000202
CLM_0003608,CLI_000202
CLM_0003609,CLI_000526
CLM_0003610,CLI_000526
CLM_0003611,CLI_000005
CLM_0003612,CLI_000096
CLM_0003613,CLI_000096
CLM_0003614,CLI_000096
CLM_0003615,CLI_000200
CLM_0003616,CLI_000200
CLM_0003617,CLI_000141
CLM_0003618,CLI_000141
CLM_0003619,CLI_000141
CLM_0003620,CLI_000535
CLM_0003621,CLI_000535
CLM_0003622,CLI_000423
CLM_0003623,CLI_000423
CLM_0003624,CLI_000423
CLM_0003625,CLI_000414
CLM_0003626,CLI_000143
CLM_0003627,CLI_000203
CLM_0003628,CLI_000203
CLM_0003629,CLI_000404
CLM_0003630,CLI_000404
CLM_0003631,CLI_000404
CLM_0003632,CLI_000076
CLM_0003633,CLI_000426
CLM_0003634,CLI_000426
CLM_0003635,CLI_000166
CLM_0003636,CLI_000456
CLM_0003637,CLI_000456
CLM_0003638,CLI_000182
CLM_0003639,CLI_000182
CLM_0003640,CLI_000182
CLM_0003641,CLI_000107
CLM_0003642,CLI_000107
CLM_0003643,CLI_000143
CLM_0003644,CLI_000143
CLM_0003645,CLI_000143
CLM_0003646,CLI_000143
CLM_0003647,CLI_000143
CLM_0003648,CLI_000143
CLM_0003649,CLI_000526
CLM_0003650,CLI_000025
CLM_0003651,CLI_000143
CLM_0003652,CLI_000143
CLM_0003653,CLI_000143
CLM_0003654,CLI_000525
CLM_0003655,CLI_000076
CLM_0003656,CLI_000143
CLM_0003657,CLI_000105
CLM_0003658,CLI_000202
CLM_0003659,CLI_000456
CLM_0003660,CLI_000456
CLM_0003661,CLI_000456
CLM_0003662,CLI_000143
CLM_0003663,CLI_000143
CLM_0003664,CLI_000137
CLM_0003665,CLI_000137
CLM_0003666,CLI_000203
CLM_0003667,CLI_000203
CLM_0003668,CLI_000203
CLM_0003669,CLI_000426
CLM_0003670,CLI_000525
CLM_0003671,CLI_000525
CLM_0003672,CLI_000525
CLM_0003673,CLI_000404
CLM_0003674,CLI_000201
CLM_0003675,CLI_000201
CLM_0003676,CLI_000202
CLM_0003677,CLI_000166
CLM_0003678,CLI_000166
CLM_0003679,CLI_000535
CLM_0003680,CLI_000533
CLM_0003681,CLI_000533
CLM_0003682,CLI_000426
CLM_0003683,CLI_000426
CLM_0003684,CLI_000202
CLM_0003685,CLI_000202
CLM_0003686,CLI_000143
CLM_0003687,CLI_000203
CLM_0003688,CLI_000203
CLM_0003689,CLI_000203
CLM_0003690,CLI_000438
CLM_0003691,CLI_000438
CLM_0003692,CLI_000438
CLM_0003693,CLI_000456
CLM_0003694,CLI_000456
CLM_0003695,CLI_000088
CLM_0003696,CLI_000088
CLM_0003697,CLI_000088
CLM_0003698,CLI_000202
CLM_0003699,CLI_000143
CLM_0003700,CLI_000143
CLM_0003701,CLI_000380
CLM_0003702,CLI_000525
CLM_0003703,CLI_000525
CLM_0003704,CLI_000202
CLM_0003705,CLI_000506
CLM_0003706,CLI_000506
CLM_0003707,CLI_000195
CLM_0003708,CLI_000195
CLM_0003709,CLI_000195
CLM_0003710,CLI_000238
CLM_0003711,CLI_000238
CLM_0003712,CLI_000238
CLM_0003713,CLI_000471
CLM_0003714,CLI_000143
CLM_0003715,CLI_000143
CLM_0003716,CLI_000076
CLM_0003717,CLI_000076
CLM_0003718,CLI_000076
CLM_0003719,CLI_000395
CLM_0003720,CLI_000395
CLM_0003721,CLI_000395
CLM_0003722,CLI_000438
CLM_0003723,CLI_000518
CLM_0003724,CLI_000518
CLM_0003725,CLI_000518
CLM_0003726,CLI_000315
CLM_0003727,CLI_000141
CLM_0003728,CLI_000141
CLM_0003729,CLI_000444
CLM_0003730,CLI_000444
CLM_0003731,CLI_000444
CLM_0003732,CLI_000404
CLM_0003733,CLI_000404
CLM_0003734,CLI_000404
CLM_0003735,CLI_000404
CLM_0003736,CLI_000404
CLM_0003737,CLI_000203
CLM_0003738,CLI_000091
CLM_0003739,CLI_000091
CLM_0003740,CLI_000526
CLM_0003741,CLI_000526
CLM_0003742,CLI_000526
CLM_0003743,CLI_000245
CLM_0003744,CLI_000245
CLM_0003745,CLI_000245
CLM_0003746,CLI_000205
CLM_0003747,CLI_000205
CLM_0003748,CLI_000205
CLM_0003749,CLI_000202
CLM_0003750,CLI_000535
CLM_0003751,CLI_000535
CLM_0003752,CLI_000143
CLM_0003753,CLI_000143
CLM_0003754,CLI_000143
CLM_0003755,CLI_000268
CLM_0003756,CLI_000268
CLM_0003757,CLI_000268
CLM_0003758,CLI_000024
CLM_0003759,CLI_000024
CLM_0003760,CLI_000202
CLM_0003761,CLI_000268
CLM_0003762,CLI_000202
CLM_0003763,CLI_000202
CLM_0003764,CLI_000202
CLM_0003765,CLI_000535
CLM_0003766,CLI_000535
CLM_0003767,CLI_000535
CLM_0003768,CLI_000368
CLM_0003769,CLI_000368
CLM_0003770,CLI_000368
CLM_0003771,CLI_000414
CLM_0003772,CLI_000414
CLM_0003773,CLI_000374
CLM_0003774,CLI_000374
CLM_0003775,CLI_000374
CLM_0003776,CLI_000426
CLM_0003777,CLI_000426
CLM_0003778,CLI_000426
CLM_0003779,CLI_000535
CLM_0003780,CLI_000076
CLM_0003781,CLI_000166
CLM_0003782,CLI_000166
CLM_0003783,CLI_000166
CLM_0003784,CLI_000143
CLM_0003785,CLI_000143
CLM_0003786,CLI_000143
CLM_0003787,CLI_000160
CLM_0003788,CLI_000160
CLM_0003789,CLI_000491
CLM_0003790,CLI_000033
CLM_0003791,CLI_000143
CLM_0003792,CLI_000143
CLM_0003793,CLI_000143
CLM_0003794,CLI_000203
CLM_0003795,CLI_000203
CLM_0003796,CLI_000543
CLM_0003797,CLI_000543
CLM_0003798,CLI_000543
CLM_0003799,CLI_000143
CLM_0003800,CLI_000143
CLM_0003801,CLI_000143
CLM_0003802,CLI_000525
CLM_0003803,CLI_000517
CLM_0003804,CLI_000517
CLM_0003805,CLI_000517
CLM_0003806,CLI_000315
CLM_0003807,CLI_000315
CLM_0003808,CLI_000025
CLM_0003809,CLI_000025
CLM_0003810,CLI_000025
CLM_0003811,CLI_000143
CLM_0003812,CLI_000143
CLM_0003813,CLI_000165
CLM_0003814,CLI_000165
CLM_0003815,CLI_000143
CLM_0003816,CLI_000143
CLM_0003817,CLI_000143
CLM_0003818,CLI_000426
CLM_0003819,CLI_000426
CLM_0003820,CLI_000426
CLM_0003821,CLI_000143
CLM_0003822,CLI_000435
CLM_0003823,CLI_000435
CLM_0003824,CLI_000435
CLM_0003825,CLI_000214
CLM_0003826,CLI_000214
CLM_0003827,CLI_000214
CLM_0003828,CLI_000121
CLM_0003829,CLI_000121
CLM_0003830,CLI_000121
CLM_0003831,CLI_000025
CLM_0003832,CLI_000033
CLM_0003833,CLI_000200
CLM_0003834,CLI_000200
CLM_0003835,CLI_000200
CLM_0003836,CLI_000143
CLM_0003837,CLI_000143
CLM_0003838,CLI_000143
CLM_0003839,CLI_000245
CLM_0003840,CLI_000245
CLM_0003841,CLI_000245
CLM_0003842,CLI_000045
CLM_0003843,CLI_000166
CLM_0003844,CLI_000166
CLM_0003845,CLI_000166
CLM_0003846,CLI_000089
CLM_0003847,CLI_000121
CLM_0003848,CLI_000121
CLM_0003849,CLI_000121
CLM_0003850,CLI_000011
CLM_0003851,CLI_000245
CLM_0003852,CLI_000245
CLM_0003853,CLI_000245
CLM_0003854,CLI_000455
CLM_0003855,CLI_000455
CLM_0003856,CLI_000455
CLM_0003857,CLI_000143
CLM_0003858,CLI_000565
CLM_0003859,CLI_000203
CLM_0003860,CLI_000203
CLM_0003861,CLI_000426
CLM_0003862,CLI_000033
CLM_0003863,CLI_000397
CLM_0003864,CLI_000397
CLM_0003865,CLI_000479
CLM_0003866,CLI_000479
CLM_0003867,CLI_000479
CLM_0003868,CLI_000368
CLM_0003869,CLI_000368
CLM_0003870,CLI_000368
CLM_0003871,CLI_000535
CLM_0003872,CLI_000535
CLM_0003873,CLI_000535
CLM_0003874,CLI_000134
CLM_0003875,CLI_000134
CLM_0003876,CLI_000202
CLM_0003877,CLI_000202
CLM_0003878,CLI_000202
CLM_0003879,CLI_000202
CLM_0003880,CLI_000202
CLM_0003881,CLI_000143
CLM_0003882,CLI_000143
CLM_0003883,CLI_000143
CLM_0003884,CLI_000033
CLM_0003885,CLI_000033
CLM_0003886,CLI_000033
CLM_0003887,CLI_000025
CLM_0003888,CLI_000045
CLM_0003889,CLI_000045
CLM_0003890,CLI_000045
CLM_0003891,CLI_000202
CLM_0003892,CLI_000253
CLM_0003893,CLI_000089
CLM_0003894,CLI_000089
CLM_0003895,CLI_000089
CLM_0003896,CLI_000525
CLM_0003897,CLI_000525
CLM_0003898,CLI_000203
CLM_0003899,CLI_000203
CLM_0003900,CLI_000202
CLM_0003901,CLI_000202
CLM_0003902,CLI_000143
CLM_0003903,CLI_000143
CLM_0003904,CLI_000143
CLM_0003905,CLI_000143
CLM_0003906,CLI_000354
CLM_0003907,CLI_000354
CLM_0003908,CLI_000285
CLM_0003909,CLI_000285
CLM_0003910,CLI_000285
CLM_0003911,CLI_000526
CLM_0003912,CLI_000526
CLM_0003913,CLI_000025
CLM_0003914,CLI_000033
CLM_0003915,CLI_000033
CLM_0003916,CLI_000228
CLM_0003917,CLI_000426
CLM_0003918,CLI_000426
CLM_0003919,CLI_000426
CLM_0003920,CLI_000438
CLM_0003921,CLI_000438
CLM_0003922,CLI_000438
CLM_0003923,CLI_000033
CLM_0003924,CLI_000033
CLM_0003925,CLI_000033
CLM_0003926,CLI_000143
CLM_0003927,CLI_000485
CLM_0003928,CLI_000485
CLM_0003929,CLI_000485
CLM_0003930,CLI_000143
CLM_0003931,CLI_000143
CLM_0003932,CLI_000143
CLM_0003933,CLI_000456
CLM_0003934,CLI_000456
CLM_0003935,CLI_000456
CLM_0003936,CLI_000456
CLM_0003937,CLI_000456
CLM_0003938,CLI_000033
CLM_0003939,CLI_000033
CLM_0003940,CLI_000033
CLM_0003941,CLI_000202
CLM_0003942,CLI_000202
CLM_0003943,CLI_000025
CLM_0003944,CLI_000025
CLM_0003945,CLI_000403
CLM_0003946,CLI_000403
CLM_0003947,CLI_000203
CLM_0003948,CLI_000526
CLM_0003949,CLI_000526
CLM_0003950,CLI_000253
CLM_0003951,CLI_000203
CLM_0003952,CLI_000203
CLM_0003953,CLI_000025
CLM_0003954,CLI_000253
CLM_0003955,CLI_000143
CLM_0003956,CLI_000049
CLM_0003957,CLI_000049
CLM_0003958,CLI_000157
CLM_0003959,CLI_000157
CLM_0003960,CLI_000157
CLM_0003961,CLI_000143
CLM_0003962,CLI_000435
CLM_0003963,CLI_000435
CLM_0003964,CLI_000456
CLM_0003965,CLI_000203
CLM_0003966,CLI_000203
CLM_0003967,CLI_000025
CLM_0003968,CLI_000202
CLM_0003969,CLI_000202
CLM_0003970,CLI_000202
CLM_0003971,CLI_000541
CLM_0003972,CLI_000541
CLM_0003973,CLI_000438
CLM_0003974,CLI_000141
CLM_0003975,CLI_000141
CLM_0003976,CLI_000141
CLM_0003977,CLI_000456
CLM_0003978,CLI_000456
CLM_0003979,CLI_000143
CLM_0003980,CLI_000143
CLM_0003981,CLI_000253
CLM_0003982,CLI_000490
CLM_0003983,CLI_000285
CLM_0003984,CLI_000285
CLM_0003985,CLI_000565
CLM_0003986,CLI_000565
CLM_0003987,CLI_000565
CLM_0003988,CLI_000033
CLM_0003989,CLI_000456
CLM_0003990,CLI_000456
CLM_0003991,CLI_000456
CLM_0003992,CLI_000506
CLM_0003993,CLI_000143
CLM_0003994,CLI_000143
CLM_0003995,CLI_000143
CLM_0003996,CLI_000404
CLM_0003997,CLI_000143
CLM_0003998,CLI_000143
CLM_0003999,CLI_000143
CLM_0004000,CLI_000280
CLM_0004001,CLI_000280
CLM_0004002,CLI_000076
CLM_0004003,CLI_000404
CLM_0004004,CLI_000404
CLM_0004005,CLI_000143
CLM_0004006,CLI_000143
CLM_0004007,CLI_000143
CLM_0004008,CLI_000202
CLM_0004009,CLI_000202
CLM_0004010,CLI_000498
CLM_0004011,CLI_000033
CLM_0004012,CLI_000033
CLM_0004013,CLI_000143
CLM_0004014,CLI_000143
CLM_0004015,CLI_000456
CLM_0004016,CLI_000025
CLM_0004017,CLI_000049
CLM_0004018,CLI_000049
CLM_0004019,CLI_000025
CLM_0004020,CLI_000025
CLM_0004021,CLI_000315
CLM_0004022,CLI_000315
CLM_0004023,CLI_000426
CLM_0004024,CLI_000426
CLM_0004025,CLI_000426
CLM_0004026,CLI_000160
CLM_0004027,CLI_000506
CLM_0004028,CLI_000011
CLM_0004029,CLI_000011
CLM_0004030,CLI_000189
CLM_0004031,CLI_000189
CLM_0004032,CLI_000535
CLM_0004033,CLI_000535
CLM_0004034,CLI_000535
CLM_0004035,CLI_000456
CLM_0004036,CLI_000225
CLM_0004037,CLI_000535
CLM_0004038,CLI_000535
CLM_0004039,CLI_000228
CLM_0004040,CLI_000228
CLM_0004041,CLI_000166
CLM_0004042,CLI_000435
CLM_0004043,CLI_000435
CLM_0004044,CLI_000435
CLM_0004045,CLI_000033
CLM_0004046,CLI_000033
CLM_0004047,CLI_000033
CLM_0004048,CLI_000107
CLM_0004049,CLI_000107
CLM_0004050,CLI_000143
CLM_0004051,CLI_000143
CLM_0004052,CLI_000385
CLM_0004053,CLI_000385
CLM_0004054,CLI_000385
CLM_0004055,CLI_000435
CLM_0004056,CLI_000435
CLM_0004057,CLI_000426
CLM_0004058,CLI_000426
CLM_0004059,CLI_000143
CLM_0004060,CLI_000143
CLM_0004061,CLI_000143
CLM_0004062,CLI_000571
CLM_0004063,CLI_000024
CLM_0004064,CLI_000024
CLM_0004065,CLI_000024
CLM_0004066,CLI_000203
CLM_0004067,CLI_000143
CLM_0004068,CLI_000426
CLM_0004069,CLI_000426
CLM_0004070,CLI_000426
CLM_0004071,CLI_000456
CLM_0004072,CLI_000456
CLM_0004073,CLI_000456
CLM_0004074,CLI_000143
CLM_0004075,CLI_000001
CLM_0004076,CLI_000001
CLM_0004077,CLI_000001
CLM_0004078,CLI_000025
CLM_0004079,CLI_000025
CLM_0004080,CLI_000033
CLM_0004081,CLI_000143
CLM_0004082,CLI_000143
CLM_0004083,CLI_000121
CLM_0004084,CLI_000121
CLM_0004085,CLI_000121
CLM_0004086,CLI_000076
CLM_0004087,CLI_000076
CLM_0004088,CLI_000076
CLM_0004089,CLI_000033
CLM_0004090,CLI_000033
CLM_0004091,CLI_000033
CLM_0004092,CLI_000143
CLM_0004093,CLI_000143
CLM_0004094,CLI_000404
CLM_0004095,CLI_000404
CLM_0004096,CLI_000228
CLM_0004097,CLI_000228
CLM_0004098,CLI_000228
CLM_0004099,CLI_000143
CLM_0004100,CLI_000143
CLM_0004101,CLI_000143
CLM_0004102,CLI_000203
CLM_0004103,CLI_000203
CLM_0004104,CLI_000426
CLM_0004105,CLI_000426
CLM_0004106,CLI_000426
CLM_0004107,CLI_000315
CLM_0004108,CLI_000064
CLM_0004109,CLI_000202
CLM_0004110,CLI_000202
CLM_0004111,CLI_000202
CLM_0004112,CLI_000285
CLM_0004113,CLI_000143
CLM_0004114,CLI_000143
CLM_0004115,CLI_000340
CLM_0004116,CLI_000340
CLM_0004117,CLI_000340
CLM_0004118,CLI_000310
CLM_0004119,CLI_000310
CLM_0004120,CLI_000310
CLM_0004121,CLI_000544
CLM_0004122,CLI_000544
CLM_0004123,CLI_000544
CLM_0004124,CLI_000025
CLM_0004125,CLI_000025
CLM_0004126,CLI_000361
CLM_0004127,CLI_000361
CLM_0004128,CLI_000384
CLM_0004129,CLI_000384
CLM_0004130,CLI_000202
CLM_0004131,CLI_000202
CLM_0004132,CLI_000202
CLM_0004133,CLI_000525
CLM_0004134,CLI_000202
CLM_0004135,CLI_000202
CLM_0004136,CLI_000506
CLM_0004137,CLI_000506
CLM_0004138,CLI_000479
CLM_0004139,CLI_000033
CLM_0004140,CLI_000033
CLM_0004141,CLI_000033
CLM_0004142,CLI_000253
CLM_0004143,CLI_000253
CLM_0004144,CLI_000253
CLM_0004145,CLI_000033
CLM_0004146,CLI_000525
CLM_0004147,CLI_000143
CLM_0004148,CLI_000143
CLM_0004149,CLI_000143
CLM_0004150,CLI_000253
CLM_0004151,CLI_000253
CLM_0004152,CLI_000253
CLM_0004153,CLI_000025
CLM_0004154,CLI_000143
CLM_0004155,CLI_000143
CLM_0004156,CLI_000033
CLM_0004157,CLI_000033
CLM_0004158,CLI_000033
CLM_0004159,CLI_000143
CLM_0004160,CLI_000070
CLM_0004161,CLI_000070
CLM_0004162,CLI_000203
CLM_0004163,CLI_000203
CLM_0004164,CLI_000203
CLM_0004165,CLI_000143
CLM_0004166,CLI_000166
CLM_0004167,CLI_000166
CLM_0004168,CLI_000141
CLM_0004169,CLI_000203
CLM_0004170,CLI_000435
CLM_0004171,CLI_000435
CLM_0004172,CLI_000435
CLM_0004173,CLI_000426
CLM_0004174,CLI_000426
CLM_0004175,CLI_000196
CLM_0004176,CLI_000196
CLM_0004177,CLI_000202
CLM_0004178,CLI_000025
CLM_0004179,CLI_000526
CLM_0004180,CLI_000526
CLM_0004181,CLI_000526
CLM_0004182,CLI_000203
CLM_0004183,CLI_000380
CLM_0004184,CLI_000491
CLM_0004185,CLI_000491
CLM_0004186,CLI_000143
CLM_0004187,CLI_000143
CLM_0004188,CLI_000033
CLM_0004189,CLI_000033
CLM_0004190,CLI_000143
CLM_0004191,CLI_000143
CLM_0004192,CLI_000025
CLM_0004193,CLI_000025
CLM_0004194,CLI_000025
CLM_0004195,CLI_000143
CLM_0004196,CLI_000143
CLM_0004197,CLI_000386
CLM_0004198,CLI_000202
CLM_0004199,CLI_000202
CLM_0004200,CLI_000203
CLM_0004201,CLI_000203
CLM_0004202,CLI_000025
CLM_0004203,CLI_000404
CLM_0004204,CLI_000456
CLM_0004205,CLI_000456
CLM_0004206,CLI_000456
CLM_0004207,CLI_000025
CLM_0004208,CLI_000025
CLM_0004209,CLI_000202
CLM_0004210,CLI_000202
CLM_0004211,CLI_000202
CLM_0004212,CLI_000380
CLM_0004213,CLI_000380
CLM_0004214,CLI_000380
CLM_0004215,CLI_000169
CLM_0004216,CLI_000169
CLM_0004217,CLI_000169
CLM_0004218,CLI_000143
CLM_0004219,CLI_000143
CLM_0004220,CLI_000045
CLM_0004221,CLI_000045
CLM_0004222,CLI_000045
CLM_0004223,CLI_000143
CLM_0004224,CLI_000143
CLM_0004225,CLI_000438
CLM_0004226,CLI_000438
CLM_0004227,CLI_000438
CLM_0004228,CLI_000426
CLM_0004229,CLI_000426
CLM_0004230,CLI_000426
CLM_0004231,CLI_000143
CLM_0004232,CLI_000143
CLM_0004233,CLI_000061
CLM_0004234,CLI_000061
CLM_0004235,CLI_000097
CLM_0004236,CLI_000189
CLM_0004237,CLI_000189
CLM_0004238,CLI_000025
CLM_0004239,CLI_000025
CLM_0004240,CLI_000025
CLM_0004241,CLI_000469
CLM_0004242,CLI_000469
CLM_0004243,CLI_000525
CLM_0004244,CLI_000195
CLM_0004245,CLI_000535
CLM_0004246,CLI_000535
CLM_0004247,CLI_000202
CLM_0004248,CLI_000202
CLM_0004249,CLI_000202
CLM_0004250,CLI_000456
CLM_0004251,CLI_000456
CLM_0004252,CLI_000143
CLM_0004253,CLI_000143
CLM_0004254,CLI_000143
CLM_0004255,CLI_000143
CLM_0004256,CLI_000033
CLM_0004257,CLI_000033
CLM_0004258,CLI_000426
CLM_0004259,CLI_000059
CLM_0004260,CLI_000059
CLM_0004261,CLI_000059
CLM_0004262,CLI_000143
CLM_0004263,CLI_000404
CLM_0004264,CLI_000404
CLM_0004265,CLI_000245
CLM_0004266,CLI_000202
CLM_0004267,CLI_000202
CLM_0004268,CLI_000380
CLM_0004269,CLI_000380
CLM_0004270,CLI_000354
CLM_0004271,CLI_000354
CLM_0004272,CLI_000033
CLM_0004273,CLI_000033
CLM_0004274,CLI_000033
CLM_0004275,CLI_000565
CLM_0004276,CLI_000415
CLM_0004277,CLI_000435
CLM_0004278,CLI_000076
CLM_0004279,CLI_000076
CLM_0004280,CLI_000076
CLM_0004281,CLI_000134
CLM_0004282,CLI_000134
CLM_0004283,CLI_000134
CLM_0004284,CLI_000033
CLM_0004285,CLI_000033
CLM_0004286,CLI_000033
CLM_0004287,CLI_000202
CLM_0004288,CLI_000202
CLM_0004289,CLI_000202
CLM_0004290,CLI_000202
CLM_0004291,CLI_000202
CLM_0004292,CLI_000202
CLM_0004293,CLI_000083
CLM_0004294,CLI_000083
CLM_0004295,CLI_000083
CLM_0004296,CLI_000143
CLM_0004297,CLI_000143
CLM_0004298,CLI_000143
CLM_0004299,CLI_000196
CLM_0004300,CLI_000196
CLM_0004301,CLI_000404
CLM_0004302,CLI_000404
CLM_0004303,CLI_000203
CLM_0004304,CLI_000203
CLM_0004305,CLI_000203
CLM_0004306,CLI_000404
CLM_0004307,CLI_000404
CLM_0004308,CLI_000404
CLM_0004309,CLI_000076
CLM_0004310,CLI_000076
CLM_0004311,CLI_000203
CLM_0004312,CLI_000033
CLM_0004313,CLI_000565
CLM_0004314,CLI_000565
CLM_0004315,CLI_000203
CLM_0004316,CLI_000203
CLM_0004317,CLI_000203
CLM_0004318,CLI_000076
CLM_0004319,CLI_000076
CLM_0004320,CLI_000076
CLM_0004321,CLI_000089
CLM_0004322,CLI_000089
CLM_0004323,CLI_000089
CLM_0004324,CLI_000202
CLM_0004325,CLI_000202
CLM_0004326,CLI_000203
CLM_0004327,CLI_000203
CLM_0004328,CLI_000298
CLM_0004329,CLI_000298
CLM_0004330,CLI_000033
CLM_0004331,CLI_000033
CLM_0004332,CLI_000033
CLM_0004333,CLI_000143
CLM_0004334,CLI_000143
CLM_0004335,CLI_000143
CLM_0004336,CLI_000319
CLM_0004337,CLI_000419
CLM_0004338,CLI_000203
CLM_0004339,CLI_000203
CLM_0004340,CLI_000143
CLM_0004341,CLI_000143
CLM_0004342,CLI_000033
CLM_0004343,CLI_000157
CLM_0004344,CLI_000157
CLM_0004345,CLI_000157
CLM_0004346,CLI_000143
CLM_0004347,CLI_000143
CLM_0004348,CLI_000202
CLM_0004349,CLI_000202
CLM_0004350,CLI_000526
CLM_0004351,CLI_000202
CLM_0004352,CLI_000202
CLM_0004353,CLI_000202
CLM_0004354,CLI_000526
CLM_0004355,CLI_000526
CLM_0004356,CLI_000526
CLM_0004357,CLI_000033
CLM_0004358,CLI_000033
CLM_0004359,CLI_000033
CLM_0004360,CLI_000025
CLM_0004361,CLI_000025
CLM_0004362,CLI_000202
CLM_0004363,CLI_000202
CLM_0004364,CLI_000143
CLM_0004365,CLI_000143
CLM_0004366,CLI_000166
CLM_0004367,CLI_000435
CLM_0004368,CLI_000202
CLM_0004369,CLI_000202
CLM_0004370,CLI_000404
CLM_0004371,CLI_000033
CLM_0004372,CLI_000033
CLM_0004373,CLI_000033
CLM_0004374,CLI_000033
CLM_0004375,CLI_000202
CLM_0004376,CLI_000202
CLM_0004377,CLI_000202
CLM_0004378,CLI_000143
CLM_0004379,CLI_000143
CLM_0004380,CLI_000096
CLM_0004381,CLI_000404
CLM_0004382,CLI_000404
CLM_0004383,CLI_000404
CLM_0004384,CLI_000282
CLM_0004385,CLI_000253
CLM_0004386,CLI_000253
CLM_0004387,CLI_000253
CLM_0004388,CLI_000506
CLM_0004389,CLI_000506
CLM_0004390,CLI_000506
CLM_0004391,CLI_000166
CLM_0004392,CLI_000166
CLM_0004393,CLI_000143
CLM_0004394,CLI_000143
CLM_0004395,CLI_000019
CLM_0004396,CLI_000143
CLM_0004397,CLI_000143
CLM_0004398,CLI_000027
CLM_0004399,CLI_000061
CLM_0004400,CLI_000061
CLM_0004401,CLI_000061
CLM_0004402,CLI_000203
CLM_0004403,CLI_000203
CLM_0004404,CLI_000438
CLM_0004405,CLI_000435
CLM_0004406,CLI_000203
CLM_0004407,CLI_000088
CLM_0004408,CLI_000025
CLM_0004409,CLI_000025
CLM_0004410,CLI_000025
CLM_0004411,CLI_000033
CLM_0004412,CLI_000143
CLM_0004413,CLI_000025
CLM_0004414,CLI_000025
CLM_0004415,CLI_000025
CLM_0004416,CLI_000143
CLM_0004417,CLI_000143
CLM_0004418,CLI_000143
CLM_0004419,CLI_000520
CLM_0004420,CLI_000520
CLM_0004421,CLI_000025
CLM_0004422,CLI_000025
CLM_0004423,CLI_000002
CLM_0004424,CLI_000002
CLM_0004425,CLI_000002
CLM_0004426,CLI_000426
CLM_0004427,CLI_000426
CLM_0004428,CLI_000033
CLM_0004429,CLI_000033
CLM_0004430,CLI_000143
CLM_0004431,CLI_000143
CLM_0004432,CLI_000036
CLM_0004433,CLI_000202
CLM_0004434,CLI_000202
CLM_0004435,CLI_000202
CLM_0004436,CLI_000033
CLM_0004437,CLI_000525
CLM_0004438,CLI_000525
CLM_0004439,CLI_000194
CLM_0004440,CLI_000194
CLM_0004441,CLI_000033
CLM_0004442,CLI_000033
CLM_0004443,CLI_000456
CLM_0004444,CLI_000456
CLM_0004445,CLI_000061
CLM_0004446,CLI_000061
CLM_0004447,CLI_000061
CLM_0004448,CLI_000031
CLM_0004449,CLI_000031
CLM_0004450,CLI_000143
CLM_0004451,CLI_000253
CLM_0004452,CLI_000253
CLM_0004453,CLI_000253
CLM_0004454,CLI_000469
CLM_0004455,CLI_000143
CLM_0004456,CLI_000143
CLM_0004457,CLI_000380
CLM_0004458,CLI_000380
CLM_0004459,CLI_000380
CLM_0004460,CLI_000166
CLM_0004461,CLI_000166
CLM_0004462,CLI_000197
CLM_0004463,CLI_000197
CLM_0004464,CLI_000197
CLM_0004465,CLI_000368
CLM_0004466,CLI_000368
CLM_0004467,CLI_000368
CLM_0004468,CLI_000586
CLM_0004469,CLI_000586
CLM_0004470,CLI_000586
CLM_0004471,CLI_000143
CLM_0004472,CLI_000143
CLM_0004473,CLI_000025
CLM_0004474,CLI_000253
CLM_0004475,CLI_000253
CLM_0004476,CLI_000435
CLM_0004477,CLI_000435
CLM_0004478,CLI_000058
CLM_0004479,CLI_000058
CLM_0004480,CLI_000368
CLM_0004481,CLI_000368
CLM_0004482,CLI_000368
CLM_0004483,CLI_000143
CLM_0004484,CLI_000143
CLM_0004485,CLI_000143
CLM_0004486,CLI_000476
CLM_0004487,CLI_000506
CLM_0004488,CLI_000506
CLM_0004489,CLI_000506
CLM_0004490,CLI_000202
CLM_0004491,CLI_000426
CLM_0004492,CLI_000426
CLM_0004493,CLI_000426
CLM_0004494,CLI_000491
CLM_0004495,CLI_000202
CLM_0004496,CLI_000202
CLM_0004497,CLI_000202
CLM_0004498,CLI_000143
CLM_0004499,CLI_000143
CLM_0004500,CLI_000143
CLM_0004501,CLI_000143
CLM_0004502,CLI_000491
CLM_0004503,CLI_000491
CLM_0004504,CLI_000491
CLM_0004505,CLI_000174
CLM_0004506,CLI_000174
CLM_0004507,CLI_000203
CLM_0004508,CLI_000203
CLM_0004509,CLI_000203
CLM_0004510,CLI_000143
CLM_0004511,CLI_000143
CLM_0004512,CLI_000143
CLM_0004513,CLI_000404
CLM_0004514,CLI_000404
CLM_0004515,CLI_000160
CLM_0004516,CLI_000160
CLM_0004517,CLI_000160
CLM_0004518,CLI_000203
CLM_0004519,CLI_000203
CLM_0004520,CLI_000143
CLM_0004521,CLI_000033
CLM_0004522,CLI_000033
CLM_0004523,CLI_000033
CLM_0004524,CLI_000143
CLM_0004525,CLI_000143
CLM_0004526,CLI_000574
CLM_0004527,CLI_000202
CLM_0004528,CLI_000453
CLM_0004529,CLI_000453
CLM_0004530,CLI_000506
CLM_0004531,CLI_000506
CLM_0004532,CLI_000591
CLM_0004533,CLI_000591
CLM_0004534,CLI_000591
CLM_0004535,CLI_000540
CLM_0004536,CLI_000540
CLM_0004537,CLI_000076
CLM_0004538,CLI_000076
CLM_0004539,CLI_000025
CLM_0004540,CLI_000202
CLM_0004541,CLI_000202
CLM_0004542,CLI_000025
CLM_0004543,CLI_000362
CLM_0004544,CLI_000143
CLM_0004545,CLI_000143
CLM_0004546,CLI_000143
CLM_0004547,CLI_000160
CLM_0004548,CLI_000160
CLM_0004549,CLI_000166
CLM_0004550,CLI_000166
CLM_0004551,CLI_000166
CLM_0004552,CLI_000008
CLM_0004553,CLI_000002
CLM_0004554,CLI_000143
CLM_0004555,CLI_000565
CLM_0004556,CLI_000565
CLM_0004557,CLI_000565
CLM_0004558,CLI_000591
CLM_0004559,CLI_000591
CLM_0004560,CLI_000203
CLM_0004561,CLI_000203
CLM_0004562,CLI_000203
CLM_0004563,CLI_000033
CLM_0004564,CLI_000143
CLM_0004565,CLI_000143
CLM_0004566,CLI_000321
CLM_0004567,CLI_000535
CLM_0004568,CLI_000535
CLM_0004569,CLI_000535
CLM_0004570,CLI_000143
CLM_0004571,CLI_000143
CLM_0004572,CLI_000351
CLM_0004573,CLI_000351
CLM_0004574,CLI_000088
CLM_0004575,CLI_000088
CLM_0004576,CLI_000535
CLM_0004577,CLI_000203
CLM_0004578,CLI_000170
CLM_0004579,CLI_000589
CLM_0004580,CLI_000589
CLM_0004581,CLI_000589
CLM_0004582,CLI_000401
CLM_0004583,CLI_000401
CLM_0004584,CLI_000002
CLM_0004585,CLI_000002
CLM_0004586,CLI_000299
CLM_0004587,CLI_000245
CLM_0004588,CLI_000245
CLM_0004589,CLI_000245
CLM_0004590,CLI_000535
CLM_0004591,CLI_000535
CLM_0004592,CLI_000412
CLM_0004593,CLI_000315
CLM_0004594,CLI_000315
CLM_0004595,CLI_000011
CLM_0004596,CLI_000011
CLM_0004597,CLI_000143
CLM_0004598,CLI_000143
CLM_0004599,CLI_000143
CLM_0004600,CLI_000525
CLM_0004601,CLI_000525
CLM_0004602,CLI_000143
CLM_0004603,CLI_000058
CLM_0004604,CLI_000058
CLM_0004605,CLI_000058
CLM_0004606,CLI_000325
CLM_0004607,CLI_000325
CLM_0004608,CLI_000426
CLM_0004609,CLI_000426
CLM_0004610,CLI_000435
CLM_0004611,CLI_000435
CLM_0004612,CLI_000203
CLM_0004613,CLI_000203
CLM_0004614,CLI_000130
CLM_0004615,CLI_000130
CLM_0004616,CLI_000203
CLM_0004617,CLI_000203
CLM_0004618,CLI_000202
CLM_0004619,CLI_000268
CLM_0004620,CLI_000268
CLM_0004621,CLI_000268
CLM_0004622,CLI_000033
CLM_0004623,CLI_000033
CLM_0004624,CLI_000140
CLM_0004625,CLI_000140
CLM_0004626,CLI_000143
CLM_0004627,CLI_000143
CLM_0004628,CLI_000143
CLM_0004629,CLI_000506
CLM_0004630,CLI_000506
CLM_0004631,CLI_000506
CLM_0004632,CLI_000025
CLM_0004633,CLI_000025
CLM_0004634,CLI_000025
CLM_0004635,CLI_000076
CLM_0004636,CLI_000033
CLM_0004637,CLI_000033
CLM_0004638,CLI_000033
CLM_0004639,CLI_000203
CLM_0004640,CLI_000061
CLM_0004641,CLI_000202
CLM_0004642,CLI_000202
CLM_0004643,CLI_000202
CLM_0004644,CLI_000202
CLM_0004645,CLI_000202
CLM_0004646,CLI_000202
CLM_0004647,CLI_000166
CLM_0004648,CLI_000202
CLM_0004649,CLI_000160
CLM_0004650,CLI_000160
CLM_0004651,CLI_000160
CLM_0004652,CLI_000033
CLM_0004653,CLI_000506
CLM_0004654,CLI_000314
CLM_0004655,CLI_000314
CLM_0004656,CLI_000314
CLM_0004657,CLI_000501
CLM_0004658,CLI_000501
CLM_0004659,CLI_000526
CLM_0004660,CLI_000535
CLM_0004661,CLI_000535
CLM_0004662,CLI_000535
CLM_0004663,CLI_000535
CLM_0004664,CLI_000395
CLM_0004665,CLI_000395
CLM_0004666,CLI_000395
CLM_0004667,CLI_000315
CLM_0004668,CLI_000315
CLM_0004669,CLI_000033
CLM_0004670,CLI_000033
CLM_0004671,CLI_000033
CLM_0004672,CLI_000543
CLM_0004673,CLI_000543
CLM_0004674,CLI_000143
CLM_0004675,CLI_000143
CLM_0004676,CLI_000143
CLM_0004677,CLI_000245
CLM_0004678,CLI_000245
CLM_0004679,CLI_000245
CLM_0004680,CLI_000426
CLM_0004681,CLI_000426
CLM_0004682,CLI_000033
CLM_0004683,CLI_000033
CLM_0004684,CLI_000045
CLM_0004685,CLI_000169
CLM_0004686,CLI_000169
CLM_0004687,CLI_000025
CLM_0004688,CLI_000317
CLM_0004689,CLI_000317
CLM_0004690,CLI_000317
CLM_0004691,CLI_000262
CLM_0004692,CLI_000262
CLM_0004693,CLI_000107
CLM_0004694,CLI_000107
CLM_0004695,CLI_000033
CLM_0004696,CLI_000033
CLM_0004697,CLI_000143
CLM_0004698,CLI_000143
CLM_0004699,CLI_000456
CLM_0004700,CLI_000404
CLM_0004701,CLI_000404
CLM_0004702,CLI_000404
CLM_0004703,CLI_000143
CLM_0004704,CLI_000143
CLM_0004705,CLI_000143
CLM_0004706,CLI_000025
CLM_0004707,CLI_000426
CLM_0004708,CLI_000384
CLM_0004709,CLI_000384
CLM_0004710,CLI_000112
CLM_0004711,CLI_000447
CLM_0004712,CLI_000076
CLM_0004713,CLI_000076
CLM_0004714,CLI_000076
CLM_0004715,CLI_000426
CLM_0004716,CLI_000426
CLM_0004717,CLI_000426
CLM_0004718,CLI_000076
CLM_0004719,CLI_000202
CLM_0004720,CLI_000317
CLM_0004721,CLI_000051
CLM_0004722,CLI_000051
CLM_0004723,CLI_000051
CLM_0004724,CLI_000426
CLM_0004725,CLI_000426
CLM_0004726,CLI_000591
CLM_0004727,CLI_000591
CLM_0004728,CLI_000566
CLM_0004729,CLI_000566
CLM_0004730,CLI_000566
CLM_0004731,CLI_000535
CLM_0004732,CLI_000456
CLM_0004733,CLI_000368
CLM_0004734,CLI_000368
CLM_0004735,CLI_000368
CLM_0004736,CLI_000076
CLM_0004737,CLI_000143
CLM_0004738,CLI_000143
CLM_0004739,CLI_000414
CLM_0004740,CLI_000414
CLM_0004741,CLI_000414
CLM_0004742,CLI_000202
CLM_0004743,CLI_000202
CLM_0004744,CLI_000166
CLM_0004745,CLI_000033
CLM_0004746,CLI_000033
CLM_0004747,CLI_000382
CLM_0004748,CLI_000382
CLM_0004749,CLI_000105
CLM_0004750,CLI_000456
CLM_0004751,CLI_000456
CLM_0004752,CLI_000456
CLM_0004753,CLI_000426
CLM_0004754,CLI_000426
CLM_0004755,CLI_000426
CLM_0004756,CLI_000033
CLM_0004757,CLI_000404
CLM_0004758,CLI_000404
CLM_0004759,CLI_000404
CLM_0004760,CLI_000200
CLM_0004761,CLI_000200
CLM_0004762,CLI_000200
CLM_0004763,CLI_000351
CLM_0004764,CLI_000351
CLM_0004765,CLI_000385
CLM_0004766,CLI_000385
CLM_0004767,CLI_000385
CLM_0004768,CLI_000143
CLM_0004769,CLI_000143
CLM_0004770,CLI_000033
CLM_0004771,CLI_000033
CLM_0004772,CLI_000202
CLM_0004773,CLI_000202
CLM_0004774,CLI_000202
CLM_0004775,CLI_000143
CLM_0004776,CLI_000143
CLM_0004777,CLI_000143
CLM_0004778,CLI_000065
CLM_0004779,CLI_000065
CLM_0004780,CLI_000558
CLM_0004781,CLI_000143
CLM_0004782,CLI_000143
CLM_0004783,CLI_000143
CLM_0004784,CLI_000143
CLM_0004785,CLI_000143
CLM_0004786,CLI_000565
CLM_0004787,CLI_000565
CLM_0004788,CLI_000061
CLM_0004789,CLI_000061
CLM_0004790,CLI_000360
CLM_0004791,CLI_000360
CLM_0004792,CLI_000360
CLM_0004793,CLI_000033
CLM_0004794,CLI_000033
CLM_0004795,CLI_000033
CLM_0004796,CLI_000088
CLM_0004797,CLI_000088
CLM_0004798,CLI_000088
CLM_0004799,CLI_000456
CLM_0004800,CLI_000456
CLM_0004801,CLI_000456
CLM_0004802,CLI_000076
CLM_0004803,CLI_000049
CLM_0004804,CLI_000049
CLM_0004805,CLI_000049
CLM_0004806,CLI_000435
CLM_0004807,CLI_000435
CLM_0004808,CLI_000087
CLM_0004809,CLI_000087
CLM_0004810,CLI_000087
CLM_0004811,CLI_000456
CLM_0004812,CLI_000456
CLM_0004813,CLI_000456
CLM_0004814,CLI_000380
CLM_0004815,CLI_000380
CLM_0004816,CLI_000380
CLM_0004817,CLI_000143
CLM_0004818,CLI_000203
CLM_0004819,CLI_000203
CLM_0004820,CLI_000397
CLM_0004821,CLI_000565
CLM_0004822,CLI_000565
CLM_0004823,CLI_000565
CLM_0004824,CLI_000143
CLM_0004825,CLI_000143
CLM_0004826,CLI_000203
CLM_0004827,CLI_000203
CLM_0004828,CLI_000203
CLM_0004829,CLI_000202
CLM_0004830,CLI_000202
CLM_0004831,CLI_000380
CLM_0004832,CLI_000380
CLM_0004833,CLI_000380
CLM_0004834,CLI_000525
CLM_0004835,CLI_000525
CLM_0004836,CLI_000202
CLM_0004837,CLI_000203
CLM_0004838,CLI_000143
CLM_0004839,CLI_000143
CLM_0004840,CLI_000203
CLM_0004841,CLI_000203
CLM_0004842,CLI_000456
CLM_0004843,CLI_000456
CLM_0004844,CLI_000513
CLM_0004845,CLI_000513
CLM_0004846,CLI_000314
CLM_0004847,CLI_000314
CLM_0004848,CLI_000314
CLM_0004849,CLI_000203
CLM_0004850,CLI_000203
CLM_0004851,CLI_000203
CLM_0004852,CLI_000203
CLM_0004853,CLI_000025
CLM_0004854,CLI_000025
CLM_0004855,CLI_000525
CLM_0004856,CLI_000525
CLM_0004857,CLI_000202
CLM_0004858,CLI_000143
CLM_0004859,CLI_000143
CLM_0004860,CLI_000143
CLM_0004861,CLI_000314
CLM_0004862,CLI_000314
CLM_0004863,CLI_000203
CLM_0004864,CLI_000485
CLM_0004865,CLI_000485
CLM_0004866,CLI_000202
CLM_0004867,CLI_000404
CLM_0004868,CLI_000202
CLM_0004869,CLI_000076
CLM_0004870,CLI_000076
CLM_0004871,CLI_000061
CLM_0004872,CLI_000061
CLM_0004873,CLI_000517
CLM_0004874,CLI_000517
CLM_0004875,CLI_000517
CLM_0004876,CLI_000076
CLM_0004877,CLI_000076
CLM_0004878,CLI_000076
CLM_0004879,CLI_000076
CLM_0004880,CLI_000143
CLM_0004881,CLI_000143
CLM_0004882,CLI_000435
CLM_0004883,CLI_000435
CLM_0004884,CLI_000045
CLM_0004885,CLI_000126
CLM_0004886,CLI_000126
CLM_0004887,CLI_000382
CLM_0004888,CLI_000382
CLM_0004889,CLI_000382
CLM_0004890,CLI_000189
CLM_0004891,CLI_000189
CLM_0004892,CLI_000127
CLM_0004893,CLI_000127
CLM_0004894,CLI_000143
CLM_0004895,CLI_000143
CLM_0004896,CLI_000143
CLM_0004897,CLI_000143
CLM_0004898,CLI_000143
CLM_0004899,CLI_000143
CLM_0004900,CLI_000435
CLM_0004901,CLI_000203
CLM_0004902,CLI_000203
CLM_0004903,CLI_000203
CLM_0004904,CLI_000501
CLM_0004905,CLI_000199
CLM_0004906,CLI_000202
CLM_0004907,CLI_000025
CLM_0004908,CLI_000025
CLM_0004909,CLI_000025
CLM_0004910,CLI_000469
CLM_0004911,CLI_000469
CLM_0004912,CLI_000469
CLM_0004913,CLI_000033
CLM_0004914,CLI_000033
CLM_0004915,CLI_000033
CLM_0004916,CLI_000293
CLM_0004917,CLI_000293
CLM_0004918,CLI_000033
CLM_0004919,CLI_000033
CLM_0004920,CLI_000426
CLM_0004921,CLI_000426
CLM_0004922,CLI_000426
CLM_0004923,CLI_000033
CLM_0004924,CLI_000033
CLM_0004925,CLI_000033
CLM_0004926,CLI_000076
CLM_0004927,CLI_000076
CLM_0004928,CLI_000143
CLM_0004929,CLI_000143
CLM_0004930,CLI_000143
CLM_0004931,CLI_000061
CLM_0004932,CLI_000242
CLM_0004933,CLI_000242
CLM_0004934,CLI_000242
CLM_0004935,CLI_000533
CLM_0004936,CLI_000143
CLM_0004937,CLI_000143
CLM_0004938,CLI_000506
CLM_0004939,CLI_000506
CLM_0004940,CLI_000166
CLM_0004941,CLI_000033
CLM_0004942,CLI_000426
CLM_0004943,CLI_000207
CLM_0004944,CLI_000018
CLM_0004945,CLI_000018
CLM_0004946,CLI_000033
CLM_0004947,CLI_000143
CLM_0004948,CLI_000143
CLM_0004949,CLI_000143
CLM_0004950,CLI_000438
CLM_0004951,CLI_000438
CLM_0004952,CLI_000438
CLM_0004953,CLI_000414
CLM_0004954,CLI_000414
CLM_0004955,CLI_000535
CLM_0004956,CLI_000535
CLM_0004957,CLI_000535
CLM_0004958,CLI_000189
CLM_0004959,CLI_000203
CLM_0004960,CLI_000203
CLM_0004961,CLI_000025
CLM_0004962,CLI_000025
CLM_0004963,CLI_000143
CLM_0004964,CLI_000143
CLM_0004965,CLI_000143
CLM_0004966,CLI_000285
CLM_0004967,CLI_000285
CLM_0004968,CLI_000285
CLM_0004969,CLI_000426
CLM_0004970,CLI_000426
CLM_0004971,CLI_000426
CLM_0004972,CLI_000076
CLM_0004973,CLI_000076
CLM_0004974,CLI_000553
CLM_0004975,CLI_000553
CLM_0004976,CLI_000143
CLM_0004977,CLI_000107
CLM_0004978,CLI_000008
CLM_0004979,CLI_000008
CLM_0004980,CLI_000008
CLM_0004981,CLI_000426
CLM_0004982,CLI_000426
CLM_0004983,CLI_000426
CLM_0004984,CLI_000143
CLM_0004985,CLI_000143
CLM_0004986,CLI_000143
CLM_0004987,CLI_000033
CLM_0004988,CLI_000253
CLM_0004989,CLI_000253
CLM_0004990,CLI_000202
CLM_0004991,CLI_000202
CLM_0004992,CLI_000033
CLM_0004993,CLI_000272
CLM_0004994,CLI_000253
CLM_0004995,CLI_000253
CLM_0004996,CLI_000119
CLM_0004997,CLI_000119
CLM_0004998,CLI_000119
CLM_0004999,CLI_000501
CLM_0005000,CLI_000501
CLM_0005001,CLI_000501
CLM_0005002,CLI_000019
CLM_0005003,CLI_000019
CLM_0005004,CLI_000347
CLM_0005005,CLI_000347
CLM_0005006,CLI_000347
CLM_0005007,CLI_000033
CLM_0005008,CLI_000033
CLM_0005009,CLI_000526
CLM_0005010,CLI_000143
CLM_0005011,CLI_000143
CLM_0005012,CLI_000202
CLM_0005013,CLI_000202
CLM_0005014,CLI_000202
CLM_0005015,CLI_000107
CLM_0005016,CLI_000107
CLM_0005017,CLI_000585
CLM_0005018,CLI_000585
CLM_0005019,CLI_000526
CLM_0005020,CLI_000526
CLM_0005021,CLI_000526
CLM_0005022,CLI_000435
CLM_0005023,CLI_000435
CLM_0005024,CLI_000435
CLM_0005025,CLI_000025
CLM_0005026,CLI_000025
CLM_0005027,CLI_000025
CLM_0005028,CLI_000280
CLM_0005029,CLI_000280
CLM_0005030,CLI_000298
CLM_0005031,CLI_000359
CLM_0005032,CLI_000359
CLM_0005033,CLI_000143
CLM_0005034,CLI_000426
CLM_0005035,CLI_000426
CLM_0005036,CLI_000426
CLM_0005037,CLI_000202
CLM_0005038,CLI_000202
CLM_0005039,CLI_000143
CLM_0005040,CLI_000143
CLM_0005041,CLI_000076
CLM_0005042,CLI_000076
CLM_0005043,CLI_000456
CLM_0005044,CLI_000193
CLM_0005045,CLI_000143
CLM_0005046,CLI_000285
CLM_0005047,CLI_000285
CLM_0005048,CLI_000285
CLM_0005049,CLI_000203
CLM_0005050,CLI_000203
CLM_0005051,CLI_000245
CLM_0005052,CLI_000203
CLM_0005053,CLI_000203
CLM_0005054,CLI_000025
CLM_0005055,CLI_000323
CLM_0005056,CLI_000323
CLM_0005057,CLI_000143
CLM_0005058,CLI_000203
CLM_0005059,CLI_000203
CLM_0005060,CLI_000049
CLM_0005061,CLI_000143
CLM_0005062,CLI_000143
CLM_0005063,CLI_000143
CLM_0005064,CLI_000404
CLM_0005065,CLI_000404
CLM_0005066,CLI_000404
CLM_0005067,CLI_000202
CLM_0005068,CLI_000386
CLM_0005069,CLI_000386
CLM_0005070,CLI_000535
CLM_0005071,CLI_000505
CLM_0005072,CLI_000505
CLM_0005073,CLI_000505
CLM_0005074,CLI_000143
CLM_0005075,CLI_000143
CLM_0005076,CLI_000143
CLM_0005077,CLI_000025
CLM_0005078,CLI_000565
CLM_0005079,CLI_000565
CLM_0005080,CLI_000565
CLM_0005081,CLI_000076
CLM_0005082,CLI_000076
CLM_0005083,CLI_000143
CLM_0005084,CLI_000143
CLM_0005085,CLI_000105
CLM_0005086,CLI_000105
CLM_0005087,CLI_000160
CLM_0005088,CLI_000160
CLM_0005089,CLI_000160
CLM_0005090,CLI_000385
CLM_0005091,CLI_000385
CLM_0005092,CLI_000385
CLM_0005093,CLI_000426
CLM_0005094,CLI_000426
CLM_0005095,CLI_000426
CLM_0005096,CLI_000143
CLM_0005097,CLI_000143
CLM_0005098,CLI_000076
CLM_0005099,CLI_000076
CLM_0005100,CLI_000426
CLM_0005101,CLI_000101
CLM_0005102,CLI_000101
CLM_0005103,CLI_000060
CLM_0005104,CLI_000060
CLM_0005105,CLI_000060
CLM_0005106,CLI_000025
CLM_0005107,CLI_000033
CLM_0005108,CLI_000033
CLM_0005109,CLI_000033
CLM_0005110,CLI_000143
CLM_0005111,CLI_000203
CLM_0005112,CLI_000203
CLM_0005113,CLI_000203
CLM_0005114,CLI_000591
CLM_0005115,CLI_000166
CLM_0005116,CLI_000166
CLM_0005117,CLI_000166
CLM_0005118,CLI_000203
CLM_0005119,CLI_000076
CLM_0005120,CLI_000076
CLM_0005121,CLI_000061
CLM_0005122,CLI_000565
CLM_0005123,CLI_000565
CLM_0005124,CLI_000143
CLM_0005125,CLI_000143
CLM_0005126,CLI_000354
CLM_0005127,CLI_000354
CLM_0005128,CLI_000414
CLM_0005129,CLI_000414
CLM_0005130,CLI_000202
CLM_0005131,CLI_000143
CLM_0005132,CLI_000143
CLM_0005133,CLI_000143
CLM_0005134,CLI_000354
CLM_0005135,CLI_000049
CLM_0005136,CLI_000049
CLM_0005137,CLI_000049
CLM_0005138,CLI_000061
CLM_0005139,CLI_000033
CLM_0005140,CLI_000045
CLM_0005141,CLI_000045
CLM_0005142,CLI_000045
CLM_0005143,CLI_000088
CLM_0005144,CLI_000011
CLM_0005145,CLI_000058
CLM_0005146,CLI_000058
CLM_0005147,CLI_000058
CLM_0005148,CLI_000223
CLM_0005149,CLI_000223
CLM_0005150,CLI_000143
CLM_0005151,CLI_000143
CLM_0005152,CLI_000143
CLM_0005153,CLI_000076
CLM_0005154,CLI_000076
CLM_0005155,CLI_000076
CLM_0005156,CLI_000469
CLM_0005157,CLI_000025
CLM_0005158,CLI_000025
CLM_0005159,CLI_000025
CLM_0005160,CLI_000143
CLM_0005161,CLI_000143
CLM_0005162,CLI_000299
CLM_0005163,CLI_000033
CLM_0005164,CLI_000033
CLM_0005165,CLI_000033
CLM_0005166,CLI_000002
CLM_0005167,CLI_000002
CLM_0005168,CLI_000002
CLM_0005169,CLI_000143
CLM_0005170,CLI_000456
CLM_0005171,CLI_000196
CLM_0005172,CLI_000196
CLM_0005173,CLI_000196
CLM_0005174,CLI_000143
CLM_0005175,CLI_000143
CLM_0005176,CLI_000143
CLM_0005177,CLI_000456
CLM_0005178,CLI_000456
CLM_0005179,CLI_000456
CLM_0005180,CLI_000426
CLM_0005181,CLI_000426
CLM_0005182,CLI_000426
CLM_0005183,CLI_000202
CLM_0005184,CLI_000202
CLM_0005185,CLI_000202
CLM_0005186,CLI_000107
CLM_0005187,CLI_000107
CLM_0005188,CLI_000107
CLM_0005189,CLI_000033
CLM_0005190,CLI_000033
CLM_0005191,CLI_000143
CLM_0005192,CLI_000143
CLM_0005193,CLI_000499
CLM_0005194,CLI_000335
CLM_0005195,CLI_000335
CLM_0005196,CLI_000526
CLM_0005197,CLI_000526
CLM_0005198,CLI_000526
CLM_0005199,CLI_000143
CLM_0005200,CLI_000143
CLM_0005201,CLI_000063
CLM_0005202,CLI_000535
CLM_0005203,CLI_000535
CLM_0005204,CLI_000535
CLM_0005205,CLI_000203
CLM_0005206,CLI_000033
CLM_0005207,CLI_000033
CLM_0005208,CLI_000202
CLM_0005209,CLI_000203
CLM_0005210,CLI_000526
CLM_0005211,CLI_000526
CLM_0005212,CLI_000278
CLM_0005213,CLI_000143
CLM_0005214,CLI_000143
CLM_0005215,CLI_000033
CLM_0005216,CLI_000285
CLM_0005217,CLI_000285
CLM_0005218,CLI_000202
CLM_0005219,CLI_000202
CLM_0005220,CLI_000202
CLM_0005221,CLI_000143
CLM_0005222,CLI_000143
CLM_0005223,CLI_000143
CLM_0005224,CLI_000565
CLM_0005225,CLI_000565
CLM_0005226,CLI_000008
CLM_0005227,CLI_000008
CLM_0005228,CLI_000008
CLM_0005229,CLI_000184
CLM_0005230,CLI_000184
CLM_0005231,CLI_000184
CLM_0005232,CLI_000143
CLM_0005233,CLI_000143
CLM_0005234,CLI_000143
CLM_0005235,CLI_000025
CLM_0005236,CLI_000025
CLM_0005237,CLI_000033
CLM_0005238,CLI_000033
CLM_0005239,CLI_000368
CLM_0005240,CLI_000362
CLM_0005241,CLI_000362
CLM_0005242,CLI_000362
CLM_0005243,CLI_000061
CLM_0005244,CLI_000061
CLM_0005245,CLI_000061
CLM_0005246,CLI_000203
CLM_0005247,CLI_000203
CLM_0005248,CLI_000386
CLM_0005249,CLI_000386
CLM_0005250,CLI_000025
CLM_0005251,CLI_000202
CLM_0005252,CLI_000202
CLM_0005253,CLI_000202
CLM_0005254,CLI_000025
CLM_0005255,CLI_000025
CLM_0005256,CLI_000506
CLM_0005257,CLI_000525
CLM_0005258,CLI_000525
CLM_0005259,CLI_000011
CLM_0005260,CLI_000011
CLM_0005261,CLI_000457
CLM_0005262,CLI_000457
CLM_0005263,CLI_000457
CLM_0005264,CLI_000121
CLM_0005265,CLI_000347
CLM_0005266,CLI_000202
CLM_0005267,CLI_000011
CLM_0005268,CLI_000584
CLM_0005269,CLI_000584
CLM_0005270,CLI_000584
CLM_0005271,CLI_000076
CLM_0005272,CLI_000076
CLM_0005273,CLI_000249
CLM_0005274,CLI_000249
CLM_0005275,CLI_000143
CLM_0005276,CLI_000143
CLM_0005277,CLI_000394
CLM_0005278,CLI_000558
CLM_0005279,CLI_000558
CLM_0005280,CLI_000143
CLM_0005281,CLI_000143
CLM_0005282,CLI_000143
CLM_0005283,CLI_000200
CLM_0005284,CLI_000200
CLM_0005285,CLI_000200
CLM_0005286,CLI_000453
CLM_0005287,CLI_000453
CLM_0005288,CLI_000453
CLM_0005289,CLI_000335
CLM_0005290,CLI_000335
CLM_0005291,CLI_000061
CLM_0005292,CLI_000203
CLM_0005293,CLI_000203
CLM_0005294,CLI_000435
CLM_0005295,CLI_000245
CLM_0005296,CLI_000245
CLM_0005297,CLI_000143
CLM_0005298,CLI_000253
CLM_0005299,CLI_000253
CLM_0005300,CLI_000253
CLM_0005301,CLI_000202
CLM_0005302,CLI_000202
CLM_0005303,CLI_000202
CLM_0005304,CLI_000585
CLM_0005305,CLI_000585
CLM_0005306,CLI_000045
CLM_0005307,CLI_000143
CLM_0005308,CLI_000143
CLM_0005309,CLI_000565
CLM_0005310,CLI_000565
CLM_0005311,CLI_000076
CLM_0005312,CLI_000076
CLM_0005313,CLI_000160
CLM_0005314,CLI_000160
CLM_0005315,CLI_000160
CLM_0005316,CLI_000201
CLM_0005317,CLI_000201
CLM_0005318,CLI_000076
CLM_0005319,CLI_000076
CLM_0005320,CLI_000076
CLM_0005321,CLI_000025
CLM_0005322,CLI_000025
CLM_0005323,CLI_000025
CLM_0005324,CLI_000025
CLM_0005325,CLI_000025
CLM_0005326,CLI_000025
CLM_0005327,CLI_000025
CLM_0005328,CLI_000025
CLM_0005329,CLI_000203
CLM_0005330,CLI_000203
CLM_0005331,CLI_000426
CLM_0005332,CLI_000031
CLM_0005333,CLI_000031
CLM_0005334,CLI_000143
CLM_0005335,CLI_000279
CLM_0005336,CLI_000279
CLM_0005337,CLI_000279
CLM_0005338,CLI_000033
CLM_0005339,CLI_000033
CLM_0005340,CLI_000061
CLM_0005341,CLI_000061
CLM_0005342,CLI_000594
CLM_0005343,CLI_000202
CLM_0005344,CLI_000202
CLM_0005345,CLI_000143
CLM_0005346,CLI_000143
CLM_0005347,CLI_000419
CLM_0005348,CLI_000419
CLM_0005349,CLI_000419
CLM_0005350,CLI_000033
CLM_0005351,CLI_000023
CLM_0005352,CLI_000023
CLM_0005353,CLI_000023
CLM_0005354,CLI_000143
CLM_0005355,CLI_000143
CLM_0005356,CLI_000143
CLM_0005357,CLI_000033
CLM_0005358,CLI_000033
CLM_0005359,CLI_000535
CLM_0005360,CLI_000535
CLM_0005361,CLI_000535
CLM_0005362,CLI_000089
CLM_0005363,CLI_000089
CLM_0005364,CLI_000033
CLM_0005365,CLI_000033
CLM_0005366,CLI_000121
CLM_0005367,CLI_000121
CLM_0005368,CLI_000121
CLM_0005369,CLI_000591
CLM_0005370,CLI_000591
CLM_0005371,CLI_000591
CLM_0005372,CLI_000202
CLM_0005373,CLI_000202
CLM_0005374,CLI_000435
CLM_0005375,CLI_000435
CLM_0005376,CLI_000202
CLM_0005377,CLI_000202
CLM_0005378,CLI_000202
CLM_0005379,CLI_000121
CLM_0005380,CLI_000121
CLM_0005381,CLI_000121
CLM_0005382,CLI_000198
CLM_0005383,CLI_000198
CLM_0005384,CLI_000033
CLM_0005385,CLI_000033
CLM_0005386,CLI_000033
CLM_0005387,CLI_000426
CLM_0005388,CLI_000033
CLM_0005389,CLI_000535
CLM_0005390,CLI_000535
CLM_0005391,CLI_000535
CLM_0005392,CLI_000525
CLM_0005393,CLI_000203
CLM_0005394,CLI_000203
CLM_0005395,CLI_000203
CLM_0005396,CLI_000061
CLM_0005397,CLI_000061
CLM_0005398,CLI_000061
CLM_0005399,CLI_000033
CLM_0005400,CLI_000033
CLM_0005401,CLI_000061
CLM_0005402,CLI_000061
CLM_0005403,CLI_000456
CLM_0005404,CLI_000456
CLM_0005405,CLI_000456
CLM_0005406,CLI_000525
CLM_0005407,CLI_000525
CLM_0005408,CLI_000525
CLM_0005409,CLI_000096
CLM_0005410,CLI_000141
CLM_0005411,CLI_000141
CLM_0005412,CLI_000404
CLM_0005413,CLI_000404
CLM_0005414,CLI_000456
CLM_0005415,CLI_000158
CLM_0005416,CLI_000158
CLM_0005417,CLI_000158
CLM_0005418,CLI_000143
CLM_0005419,CLI_000143
CLM_0005420,CLI_000161
CLM_0005421,CLI_000161
CLM_0005422,CLI_000161
CLM_0005423,CLI_000426
CLM_0005424,CLI_000426
CLM_0005425,CLI_000426
CLM_0005426,CLI_000080
CLM_0005427,CLI_000080
CLM_0005428,CLI_000080
CLM_0005429,CLI_000121
CLM_0005430,CLI_000121
CLM_0005431,CLI_000202
CLM_0005432,CLI_000202
CLM_0005433,CLI_000046
CLM_0005434,CLI_000435
CLM_0005435,CLI_000435
CLM_0005436,CLI_000435
CLM_0005437,CLI_000033
CLM_0005438,CLI_000033
CLM_0005439,CLI_000033
CLM_0005440,CLI_000368
CLM_0005441,CLI_000368
CLM_0005442,CLI_000143
CLM_0005443,CLI_000033
CLM_0005444,CLI_000303
CLM_0005445,CLI_000303
CLM_0005446,CLI_000303
CLM_0005447,CLI_000068
CLM_0005448,CLI_000068
CLM_0005449,CLI_000181
CLM_0005450,CLI_000181
CLM_0005451,CLI_000181
CLM_0005452,CLI_000033
CLM_0005453,CLI_000033
CLM_0005454,CLI_000033
CLM_0005455,CLI_000033
CLM_0005456,CLI_000166
CLM_0005457,CLI_000166
CLM_0005458,CLI_000166
CLM_0005459,CLI_000002
CLM_0005460,CLI_000134
CLM_0005461,CLI_000061
CLM_0005462,CLI_000061
CLM_0005463,CLI_000049
CLM_0005464,CLI_000574
CLM_0005465,CLI_000574
CLM_0005466,CLI_000574
CLM_0005467,CLI_000506
CLM_0005468,CLI_000506
CLM_0005469,CLI_000453
CLM_0005470,CLI_000453
CLM_0005471,CLI_000453
CLM_0005472,CLI_000033
CLM_0005473,CLI_000033
CLM_0005474,CLI_000033
CLM_0005475,CLI_000121
CLM_0005476,CLI_000076
CLM_0005477,CLI_000456
CLM_0005478,CLI_000456
CLM_0005479,CLI_000456
CLM_0005480,CLI_000052
CLM_0005481,CLI_000052
CLM_0005482,CLI_000052
CLM_0005483,CLI_000196
CLM_0005484,CLI_000196
CLM_0005485,CLI_000143
CLM_0005486,CLI_000143
CLM_0005487,CLI_000033
CLM_0005488,CLI_000033
CLM_0005489,CLI_000076
CLM_0005490,CLI_000033
CLM_0005491,CLI_000033
CLM_0005492,CLI_000435
CLM_0005493,CLI_000202
CLM_0005494,CLI_000202
CLM_0005495,CLI_000202
CLM_0005496,CLI_000062
CLM_0005497,CLI_000062
CLM_0005498,CLI_000203
CLM_0005499,CLI_000203
CLM_0005500,CLI_000033
CLM_0005501,CLI_000203
CLM_0005502,CLI_000203
CLM_0005503,CLI_000203
CLM_0005504,CLI_000166
CLM_0005505,CLI_000166
CLM_0005506,CLI_000166
CLM_0005507,CLI_000076
CLM_0005508,CLI_000076
CLM_0005509,CLI_000502
CLM_0005510,CLI_000143
CLM_0005511,CLI_000385
CLM_0005512,CLI_000385
CLM_0005513,CLI_000385
CLM_0005514,CLI_000001
CLM_0005515,CLI_000001
CLM_0005516,CLI_000001
CLM_0005517,CLI_000404
CLM_0005518,CLI_000404
CLM_0005519,CLI_000404
CLM_0005520,CLI_000391
CLM_0005521,CLI_000033
CLM_0005522,CLI_000033
CLM_0005523,CLI_000143
CLM_0005524,CLI_000143
CLM_0005525,CLI_000089
CLM_0005526,CLI_000089
CLM_0005527,CLI_000089
CLM_0005528,CLI_000195
CLM_0005529,CLI_000195
CLM_0005530,CLI_000195
CLM_0005531,CLI_000526
CLM_0005532,CLI_000526
CLM_0005533,CLI_000526
CLM_0005534,CLI_000033
CLM_0005535,CLI_000033
CLM_0005536,CLI_000033
CLM_0005537,CLI_000033
CLM_0005538,CLI_000033
CLM_0005539,CLI_000285
CLM_0005540,CLI_000285
CLM_0005541,CLI_000535
CLM_0005542,CLI_000359
CLM_0005543,CLI_000359
CLM_0005544,CLI_000359
CLM_0005545,CLI_000143
CLM_0005546,CLI_000143
CLM_0005547,CLI_000127
CLM_0005548,CLI_000127
CLM_0005549,CLI_000127
CLM_0005550,CLI_000025
CLM_0005551,CLI_000025
CLM_0005552,CLI_000025
CLM_0005553,CLI_000404
CLM_0005554,CLI_000112
CLM_0005555,CLI_000588
CLM_0005556,CLI_000107
CLM_0005557,CLI_000143
CLM_0005558,CLI_000143
CLM_0005559,CLI_000143
CLM_0005560,CLI_000127
CLM_0005561,CLI_000101
CLM_0005562,CLI_000101
CLM_0005563,CLI_000121
CLM_0005564,CLI_000143
CLM_0005565,CLI_000143
CLM_0005566,CLI_000143
CLM_0005567,CLI_000143
CLM_0005568,CLI_000143
CLM_0005569,CLI_000253
CLM_0005570,CLI_000143
CLM_0005571,CLI_000143
CLM_0005572,CLI_000143
CLM_0005573,CLI_000029
CLM_0005574,CLI_000029
CLM_0005575,CLI_000343
CLM_0005576,CLI_000354
CLM_0005577,CLI_000354
CLM_0005578,CLI_000354
CLM_0005579,CLI_000198
CLM_0005580,CLI_000198
CLM_0005581,CLI_000033
CLM_0005582,CLI_000033
CLM_0005583,CLI_000033
CLM_0005584,CLI_000076
CLM_0005585,CLI_000076
CLM_0005586,CLI_000426
CLM_0005587,CLI_000438
CLM_0005588,CLI_000438
CLM_0005589,CLI_000438
CLM_0005590,CLI_000011
CLM_0005591,CLI_000011
CLM_0005592,CLI_000203
CLM_0005593,CLI_000203
CLM_0005594,CLI_000121
CLM_0005595,CLI_000121
CLM_0005596,CLI_000426
CLM_0005597,CLI_000166
CLM_0005598,CLI_000166
CLM_0005599,CLI_000166
CLM_0005600,CLI_000426
CLM_0005601,CLI_000143
CLM_0005602,CLI_000143
CLM_0005603,CLI_000143
CLM_0005604,CLI_000202
CLM_0005605,CLI_000202
CLM_0005606,CLI_000435
CLM_0005607,CLI_000456
CLM_0005608,CLI_000456
CLM_0005609,CLI_000456
CLM_0005610,CLI_000012
CLM_0005611,CLI_000012
CLM_0005612,CLI_000012
CLM_0005613,CLI_000033
CLM_0005614,CLI_000143
CLM_0005615,CLI_000076
CLM_0005616,CLI_000161
CLM_0005617,CLI_000202
CLM_0005618,CLI_000202
CLM_0005619,CLI_000202
CLM_0005620,CLI_000435
CLM_0005621,CLI_000435
CLM_0005622,CLI_000435
CLM_0005623,CLI_000143
CLM_0005624,CLI_000143
CLM_0005625,CLI_000143
CLM_0005626,CLI_000535
CLM_0005627,CLI_000535
CLM_0005628,CLI_000456
CLM_0005629,CLI_000456
CLM_0005630,CLI_000456
CLM_0005631,CLI_000107
CLM_0005632,CLI_000107
CLM_0005633,CLI_000107
CLM_0005634,CLI_000025
CLM_0005635,CLI_000033
CLM_0005636,CLI_000033
CLM_0005637,CLI_000121
CLM_0005638,CLI_000121
CLM_0005639,CLI_000121
CLM_0005640,CLI_000404
CLM_0005641,CLI_000404
CLM_0005642,CLI_000404
CLM_0005643,CLI_000456
CLM_0005644,CLI_000203
CLM_0005645,CLI_000203
CLM_0005646,CLI_000203
CLM_0005647,CLI_000033
CLM_0005648,CLI_000033
CLM_0005649,CLI_000033
CLM_0005650,CLI_000203
CLM_0005651,CLI_000310
CLM_0005652,CLI_000310
CLM_0005653,CLI_000310
CLM_0005654,CLI_000008
CLM_0005655,CLI_000315
CLM_0005656,CLI_000315
CLM_0005657,CLI_000315
CLM_0005658,CLI_000143
CLM_0005659,CLI_000143
CLM_0005660,CLI_000143
CLM_0005661,CLI_000033
CLM_0005662,CLI_000033
CLM_0005663,CLI_000033
CLM_0005664,CLI_000565
CLM_0005665,CLI_000565
CLM_0005666,CLI_000565
CLM_0005667,CLI_000203
CLM_0005668,CLI_000506
CLM_0005669,CLI_000540
CLM_0005670,CLI_000540
CLM_0005671,CLI_000540
CLM_0005672,CLI_000143
CLM_0005673,CLI_000143
CLM_0005674,CLI_000565
CLM_0005675,CLI_000565
CLM_0005676,CLI_000143
CLM_0005677,CLI_000203
CLM_0005678,CLI_000203
CLM_0005679,CLI_000166
CLM_0005680,CLI_000166
CLM_0005681,CLI_000426
CLM_0005682,CLI_000426
CLM_0005683,CLI_000426
CLM_0005684,CLI_000526
CLM_0005685,CLI_000526
CLM_0005686,CLI_000526
CLM_0005687,CLI_000025
CLM_0005688,CLI_000025
CLM_0005689,CLI_000435
CLM_0005690,CLI_000435
CLM_0005691,CLI_000143
CLM_0005692,CLI_000143
CLM_0005693,CLI_000203
CLM_0005694,CLI_000203
CLM_0005695,CLI_000203
CLM_0005696,CLI_000006
CLM_0005697,CLI_000143
CLM_0005698,CLI_000143
CLM_0005699,CLI_000143
CLM_0005700,CLI_000506
CLM_0005701,CLI_000203
CLM_0005702,CLI_000203
CLM_0005703,CLI_000188
CLM_0005704,CLI_000021
CLM_0005705,CLI_000021
CLM_0005706,CLI_000021
CLM_0005707,CLI_000394
CLM_0005708,CLI_000394
CLM_0005709,CLI_000076
CLM_0005710,CLI_000143
CLM_0005711,CLI_000143
CLM_0005712,CLI_000553
CLM_0005713,CLI_000033
CLM_0005714,CLI_000076
CLM_0005715,CLI_000143
CLM_0005716,CLI_000296
CLM_0005717,CLI_000435
CLM_0005718,CLI_000203
CLM_0005719,CLI_000203
CLM_0005720,CLI_000456
CLM_0005721,CLI_000456
CLM_0005722,CLI_000456
CLM_0005723,CLI_000033
CLM_0005724,CLI_000166
CLM_0005725,CLI_000166
CLM_0005726,CLI_000525
CLM_0005727,CLI_000018
CLM_0005728,CLI_000018
CLM_0005729,CLI_000018
CLM_0005730,CLI_000535
CLM_0005731,CLI_000535
CLM_0005732,CLI_000535
CLM_0005733,CLI_000565
CLM_0005734,CLI_000052
CLM_0005735,CLI_000052
CLM_0005736,CLI_000052
CLM_0005737,CLI_000011
CLM_0005738,CLI_000011
CLM_0005739,CLI_000176
CLM_0005740,CLI_000160
CLM_0005741,CLI_000160
CLM_0005742,CLI_000565
CLM_0005743,CLI_000565
CLM_0005744,CLI_000506
CLM_0005745,CLI_000506
CLM_0005746,CLI_000534
CLM_0005747,CLI_000553
CLM_0005748,CLI_000553
CLM_0005749,CLI_000553
CLM_0005750,CLI_000253
CLM_0005751,CLI_000253
CLM_0005752,CLI_000068
CLM_0005753,CLI_000597
CLM_0005754,CLI_000597
CLM_0005755,CLI_000597
CLM_0005756,CLI_000033
CLM_0005757,CLI_000033
CLM_0005758,CLI_000033
CLM_0005759,CLI_000025
CLM_0005760,CLI_000025
CLM_0005761,CLI_000025
CLM_0005762,CLI_000526
CLM_0005763,CLI_000526
CLM_0005764,CLI_000526
CLM_0005765,CLI_000574
CLM_0005766,CLI_000574
CLM_0005767,CLI_000574
CLM_0005768,CLI_000025
CLM_0005769,CLI_000025
CLM_0005770,CLI_000203
CLM_0005771,CLI_000203
CLM_0005772,CLI_000119
CLM_0005773,CLI_000119
CLM_0005774,CLI_000119
CLM_0005775,CLI_000143
CLM_0005776,CLI_000143
CLM_0005777,CLI_000143
CLM_0005778,CLI_000257
CLM_0005779,CLI_000257
CLM_0005780,CLI_000257
CLM_0005781,CLI_000025
CLM_0005782,CLI_000025
CLM_0005783,CLI_000506
CLM_0005784,CLI_000506
CLM_0005785,CLI_000506
CLM_0005786,CLI_000202
CLM_0005787,CLI_000202
CLM_0005788,CLI_000202
CLM_0005789,CLI_000073
CLM_0005790,CLI_000552
CLM_0005791,CLI_000552
CLM_0005792,CLI_000285
CLM_0005793,CLI_000285
CLM_0005794,CLI_000285
CLM_0005795,CLI_000196
CLM_0005796,CLI_000076
CLM_0005797,CLI_000076
CLM_0005798,CLI_000157
CLM_0005799,CLI_000157
CLM_0005800,CLI_000189
CLM_0005801,CLI_000354
CLM_0005802,CLI_000354
CLM_0005803,CLI_000080
CLM_0005804,CLI_000166
CLM_0005805,CLI_000166
CLM_0005806,CLI_000166
CLM_0005807,CLI_000143
CLM_0005808,CLI_000143
CLM_0005809,CLI_000253
CLM_0005810,CLI_000253
CLM_0005811,CLI_000253
CLM_0005812,CLI_000203
CLM_0005813,CLI_000203
CLM_0005814,CLI_000076
CLM_0005815,CLI_000076
CLM_0005816,CLI_000426
CLM_0005817,CLI_000565
CLM_0005818,CLI_000565
CLM_0005819,CLI_000565
CLM_0005820,CLI_000202
CLM_0005821,CLI_000166
CLM_0005822,CLI_000166
CLM_0005823,CLI_000166
CLM_0005824,CLI_000033
CLM_0005825,CLI_000033
CLM_0005826,CLI_000033
CLM_0005827,CLI_000088
CLM_0005828,CLI_000143
CLM_0005829,CLI_000143
CLM_0005830,CLI_000293
CLM_0005831,CLI_000293
CLM_0005832,CLI_000293
CLM_0005833,CLI_000525
CLM_0005834,CLI_000525
CLM_0005835,CLI_000025
CLM_0005836,CLI_000025
CLM_0005837,CLI_000426
CLM_0005838,CLI_000427
CLM_0005839,CLI_000143
CLM_0005840,CLI_000143
CLM_0005841,CLI_000184
CLM_0005842,CLI_000184
CLM_0005843,CLI_000184
CLM_0005844,CLI_000166
CLM_0005845,CLI_000166
CLM_0005846,CLI_000166
CLM_0005847,CLI_000483
CLM_0005848,CLI_000483
CLM_0005849,CLI_000018
CLM_0005850,CLI_000018
CLM_0005851,CLI_000018
CLM_0005852,CLI_000088
CLM_0005853,CLI_000395
CLM_0005854,CLI_000143
CLM_0005855,CLI_000143
CLM_0005856,CLI_000033
CLM_0005857,CLI_000033
CLM_0005858,CLI_000368
CLM_0005859,CLI_000368
CLM_0005860,CLI_000045
CLM_0005861,CLI_000426
CLM_0005862,CLI_000033
CLM_0005863,CLI_000033
CLM_0005864,CLI_000456
CLM_0005865,CLI_000143
CLM_0005866,CLI_000143
CLM_0005867,CLI_000143
CLM_0005868,CLI_000479
CLM_0005869,CLI_000479
CLM_0005870,CLI_000479
CLM_0005871,CLI_000203
CLM_0005872,CLI_000594
CLM_0005873,CLI_000594
CLM_0005874,CLI_000594
CLM_0005875,CLI_000435
CLM_0005876,CLI_000435
CLM_0005877,CLI_000435
CLM_0005878,CLI_000143
CLM_0005879,CLI_000419
CLM_0005880,CLI_000143
CLM_0005881,CLI_000143
CLM_0005882,CLI_000143
CLM_0005883,CLI_000571
CLM_0005884,CLI_000049
CLM_0005885,CLI_000049
CLM_0005886,CLI_000049
CLM_0005887,CLI_000385
CLM_0005888,CLI_000536
CLM_0005889,CLI_000536
CLM_0005890,CLI_000536
CLM_0005891,CLI_000025
CLM_0005892,CLI_000088
CLM_0005893,CLI_000525
CLM_0005894,CLI_000426
CLM_0005895,CLI_000426
CLM_0005896,CLI_000426
CLM_0005897,CLI_000456
CLM_0005898,CLI_000456
CLM_0005899,CLI_000456
CLM_0005900,CLI_000033
CLM_0005901,CLI_000033
CLM_0005902,CLI_000033
CLM_0005903,CLI_000579
CLM_0005904,CLI_000060
CLM_0005905,CLI_000060
CLM_0005906,CLI_000143
CLM_0005907,CLI_000202
CLM_0005908,CLI_000202
CLM_0005909,CLI_000202
CLM_0005910,CLI_000063
CLM_0005911,CLI_000202
CLM_0005912,CLI_000202
CLM_0005913,CLI_000166
CLM_0005914,CLI_000435
CLM_0005915,CLI_000033
CLM_0005916,CLI_000326
CLM_0005917,CLI_000326
CLM_0005918,CLI_000025
CLM_0005919,CLI_000565
CLM_0005920,CLI_000565
CLM_0005921,CLI_000565
CLM_0005922,CLI_000143
CLM_0005923,CLI_000398
CLM_0005924,CLI_000398
CLM_0005925,CLI_000506
CLM_0005926,CLI_000506
CLM_0005927,CLI_000552
CLM_0005928,CLI_000426
CLM_0005929,CLI_000107
CLM_0005930,CLI_000107
CLM_0005931,CLI_000107
CLM_0005932,CLI_000395
CLM_0005933,CLI_000395
CLM_0005934,CLI_000469
CLM_0005935,CLI_000469
CLM_0005936,CLI_000469
CLM_0005937,CLI_000143
CLM_0005938,CLI_000143
CLM_0005939,CLI_000076
CLM_0005940,CLI_000076
CLM_0005941,CLI_000404
CLM_0005942,CLI_000404
CLM_0005943,CLI_000025
CLM_0005944,CLI_000025
CLM_0005945,CLI_000025
CLM_0005946,CLI_000435
CLM_0005947,CLI_000435
CLM_0005948,CLI_000435
CLM_0005949,CLI_000507
CLM_0005950,CLI_000507
CLM_0005951,CLI_000344
CLM_0005952,CLI_000344
CLM_0005953,CLI_000143
CLM_0005954,CLI_000202
CLM_0005955,CLI_000202
CLM_0005956,CLI_000202
CLM_0005957,CLI_000025
CLM_0005958,CLI_000033
CLM_0005959,CLI_000033
CLM_0005960,CLI_000033
CLM_0005961,CLI_000076
CLM_0005962,CLI_000214
CLM_0005963,CLI_000214
CLM_0005964,CLI_000214
CLM_0005965,CLI_000143
CLM_0005966,CLI_000143
CLM_0005967,CLI_000143
CLM_0005968,CLI_000143
CLM_0005969,CLI_000143
CLM_0005970,CLI_000203
CLM_0005971,CLI_000203
CLM_0005972,CLI_000453
CLM_0005973,CLI_000453
CLM_0005974,CLI_000499
CLM_0005975,CLI_000499
CLM_0005976,CLI_000499
CLM_0005977,CLI_000456
CLM_0005978,CLI_000076
CLM_0005979,CLI_000143
CLM_0005980,CLI_000143
CLM_0005981,CLI_000143
CLM_0005982,CLI_000160
CLM_0005983,CLI_000525
CLM_0005984,CLI_000525
CLM_0005985,CLI_000121
CLM_0005986,CLI_000203
CLM_0005987,CLI_000203
CLM_0005988,CLI_000435
CLM_0005989,CLI_000435
CLM_0005990,CLI_000435
CLM_0005991,CLI_000203
CLM_0005992,CLI_000203
CLM_0005993,CLI_000203
CLM_0005994,CLI_000203
CLM_0005995,CLI_000203
CLM_0005996,CLI_000202
CLM_0005997,CLI_000202
CLM_0005998,CLI_000202
CLM_0005999,CLI_000033
CLM_0006000,CLI_000033
CLM_0006001,CLI_000033
CLM_0006002,CLI_000202
CLM_0006003,CLI_000202
CLM_0006004,CLI_000143
CLM_0006005,CLI_000143
CLM_0006006,CLI_000143
CLM_0006007,CLI_000143
CLM_0006008,CLI_000121
CLM_0006009,CLI_000121
CLM_0006010,CLI_000565
CLM_0006011,CLI_000565
CLM_0006012,CLI_000565
CLM_0006013,CLI_000456
CLM_0006014,CLI_000456
CLM_0006015,CLI_000456
CLM_0006016,CLI_000343
CLM_0006017,CLI_000203
CLM_0006018,CLI_000203
CLM_0006019,CLI_000203
CLM_0006020,CLI_000202
CLM_0006021,CLI_000541
CLM_0006022,CLI_000541
CLM_0006023,CLI_000541
CLM_0006024,CLI_000530
CLM_0006025,CLI_000530
CLM_0006026,CLI_000530
CLM_0006027,CLI_000203
CLM_0006028,CLI_000025
CLM_0006029,CLI_000202
CLM_0006030,CLI_000404
CLM_0006031,CLI_000404
CLM_0006032,CLI_000404
CLM_0006033,CLI_000565
CLM_0006034,CLI_000565
CLM_0006035,CLI_000565
CLM_0006036,CLI_000203
CLM_0006037,CLI_000203
CLM_0006038,CLI_000203
CLM_0006039,CLI_000426
CLM_0006040,CLI_000426
CLM_0006041,CLI_000426
CLM_0006042,CLI_000143
CLM_0006043,CLI_000435
CLM_0006044,CLI_000380
CLM_0006045,CLI_000380
CLM_0006046,CLI_000143
CLM_0006047,CLI_000143
CLM_0006048,CLI_000161
CLM_0006049,CLI_000280
CLM_0006050,CLI_000245
CLM_0006051,CLI_000245
CLM_0006052,CLI_000245
CLM_0006053,CLI_000525
CLM_0006054,CLI_000525
CLM_0006055,CLI_000525
CLM_0006056,CLI_000203
CLM_0006057,CLI_000203
CLM_0006058,CLI_000203
CLM_0006059,CLI_000351
CLM_0006060,CLI_000351
CLM_0006061,CLI_000025
CLM_0006062,CLI_000088
CLM_0006063,CLI_000076
CLM_0006064,CLI_000076
CLM_0006065,CLI_000076
CLM_0006066,CLI_000565
CLM_0006067,CLI_000385
CLM_0006068,CLI_000143
CLM_0006069,CLI_000143
CLM_0006070,CLI_000401
CLM_0006071,CLI_000401
CLM_0006072,CLI_000143
CLM_0006073,CLI_000143
CLM_0006074,CLI_000143
CLM_0006075,CLI_000202
CLM_0006076,CLI_000202
CLM_0006077,CLI_000202
CLM_0006078,CLI_000588
CLM_0006079,CLI_000143
CLM_0006080,CLI_000203
CLM_0006081,CLI_000203
CLM_0006082,CLI_000203
CLM_0006083,CLI_000088
CLM_0006084,CLI_000143
CLM_0006085,CLI_000364
CLM_0006086,CLI_000364
CLM_0006087,CLI_000002
CLM_0006088,CLI_000002
CLM_0006089,CLI_000143
CLM_0006090,CLI_000404
CLM_0006091,CLI_000404
CLM_0006092,CLI_000404
CLM_0006093,CLI_000033
CLM_0006094,CLI_000033
CLM_0006095,CLI_000565
CLM_0006096,CLI_000565
CLM_0006097,CLI_000203
CLM_0006098,CLI_000203
CLM_0006099,CLI_000203
CLM_0006100,CLI_000195
CLM_0006101,CLI_000195
CLM_0006102,CLI_000195
CLM_0006103,CLI_000368
CLM_0006104,CLI_000368
CLM_0006105,CLI_000368
CLM_0006106,CLI_000506
CLM_0006107,CLI_000506
CLM_0006108,CLI_000506
CLM_0006109,CLI_000348
CLM_0006110,CLI_000414
CLM_0006111,CLI_000414
CLM_0006112,CLI_000088
CLM_0006113,CLI_000088
CLM_0006114,CLI_000047
CLM_0006115,CLI_000047
CLM_0006116,CLI_000047
CLM_0006117,CLI_000121
CLM_0006118,CLI_000166
CLM_0006119,CLI_000052
CLM_0006120,CLI_000506
CLM_0006121,CLI_000506
CLM_0006122,CLI_000198
CLM_0006123,CLI_000198
CLM_0006124,CLI_000143
CLM_0006125,CLI_000076
CLM_0006126,CLI_000143
CLM_0006127,CLI_000201
CLM_0006128,CLI_000426
CLM_0006129,CLI_000426
CLM_0006130,CLI_000536
CLM_0006131,CLI_000536
CLM_0006132,CLI_000196
CLM_0006133,CLI_000426
CLM_0006134,CLI_000426
CLM_0006135,CLI_000426
CLM_0006136,CLI_000143
CLM_0006137,CLI_000143
CLM_0006138,CLI_000143
CLM_0006139,CLI_000076
CLM_0006140,CLI_000076
CLM_0006141,CLI_000063
CLM_0006142,CLI_000063
CLM_0006143,CLI_000063
CLM_0006144,CLI_000262
CLM_0006145,CLI_000262
CLM_0006146,CLI_000143
CLM_0006147,CLI_000143
CLM_0006148,CLI_000501
CLM_0006149,CLI_000143
CLM_0006150,CLI_000203
CLM_0006151,CLI_000203
CLM_0006152,CLI_000203
CLM_0006153,CLI_000506
CLM_0006154,CLI_000513
CLM_0006155,CLI_000513
CLM_0006156,CLI_000513
CLM_0006157,CLI_000143
CLM_0006158,CLI_000143
CLM_0006159,CLI_000143
CLM_0006160,CLI_000061
CLM_0006161,CLI_000061
CLM_0006162,CLI_000061
CLM_0006163,CLI_000203
CLM_0006164,CLI_000203
CLM_0006165,CLI_000203
CLM_0006166,CLI_000202
CLM_0006167,CLI_000052
CLM_0006168,CLI_000052
CLM_0006169,CLI_000052
CLM_0006170,CLI_000426
CLM_0006171,CLI_000426
CLM_0006172,CLI_000274
CLM_0006173,CLI_000274
CLM_0006174,CLI_000426
CLM_0006175,CLI_000526
CLM_0006176,CLI_000526
CLM_0006177,CLI_000526
CLM_0006178,CLI_000060
CLM_0006179,CLI_000060
CLM_0006180,CLI_000033
CLM_0006181,CLI_000033
CLM_0006182,CLI_000076
CLM_0006183,CLI_000076
CLM_0006184,CLI_000076
CLM_0006185,CLI_000143
CLM_0006186,CLI_000143
CLM_0006187,CLI_000061
CLM_0006188,CLI_000061
CLM_0006189,CLI_000061
CLM_0006190,CLI_000525
CLM_0006191,CLI_000525
CLM_0006192,CLI_000525
CLM_0006193,CLI_000479
CLM_0006194,CLI_000535
CLM_0006195,CLI_000535
CLM_0006196,CLI_000471
CLM_0006197,CLI_000471
CLM_0006198,CLI_000471
CLM_0006199,CLI_000469
CLM_0006200,CLI_000469
CLM_0006201,CLI_000464
CLM_0006202,CLI_000376
CLM_0006203,CLI_000011
CLM_0006204,CLI_000469
CLM_0006205,CLI_000469
CLM_0006206,CLI_000143
CLM_0006207,CLI_000143
CLM_0006208,CLI_000426
CLM_0006209,CLI_000076
CLM_0006210,CLI_000076
CLM_0006211,CLI_000076
CLM_0006212,CLI_000089
CLM_0006213,CLI_000089
CLM_0006214,CLI_000380
CLM_0006215,CLI_000380
CLM_0006216,CLI_000033
CLM_0006217,CLI_000033
CLM_0006218,CLI_000033
CLM_0006219,CLI_000574
CLM_0006220,CLI_000574
CLM_0006221,CLI_000203
CLM_0006222,CLI_000203
CLM_0006223,CLI_000143
CLM_0006224,CLI_000143
CLM_0006225,CLI_000143
CLM_0006226,CLI_000533
CLM_0006227,CLI_000565
CLM_0006228,CLI_000565
CLM_0006229,CLI_000203
CLM_0006230,CLI_000203
CLM_0006231,CLI_000203
CLM_0006232,CLI_000033
CLM_0006233,CLI_000076
CLM_0006234,CLI_000076
CLM_0006235,CLI_000033
CLM_0006236,CLI_000033
CLM_0006237,CLI_000045
CLM_0006238,CLI_000045
CLM_0006239,CLI_000478
CLM_0006240,CLI_000478
CLM_0006241,CLI_000105
CLM_0006242,CLI_000076
CLM_0006243,CLI_000033
CLM_0006244,CLI_000033
CLM_0006245,CLI_000061
CLM_0006246,CLI_000061
CLM_0006247,CLI_000203
CLM_0006248,CLI_000203
CLM_0006249,CLI_000101
CLM_0006250,CLI_000101
CLM_0006251,CLI_000101
CLM_0006252,CLI_000033
CLM_0006253,CLI_000033
CLM_0006254,CLI_000202
CLM_0006255,CLI_000202
CLM_0006256,CLI_000245
CLM_0006257,CLI_000245
CLM_0006258,CLI_000245
CLM_0006259,CLI_000262
CLM_0006260,CLI_000262
CLM_0006261,CLI_000143
CLM_0006262,CLI_000143
CLM_0006263,CLI_000506
CLM_0006264,CLI_000506
CLM_0006265,CLI_000033
CLM_0006266,CLI_000033
CLM_0006267,CLI_000033
CLM_0006268,CLI_000409
CLM_0006269,CLI_000409
CLM_0006270,CLI_000202
CLM_0006271,CLI_000202
CLM_0006272,CLI_000202
CLM_0006273,CLI_000189
CLM_0006274,CLI_000189
CLM_0006275,CLI_000521
CLM_0006276,CLI_000521
CLM_0006277,CLI_000435
CLM_0006278,CLI_000435
CLM_0006279,CLI_000444
CLM_0006280,CLI_000444
CLM_0006281,CLI_000444
CLM_0006282,CLI_000456
CLM_0006283,CLI_000253
CLM_0006284,CLI_000384
CLM_0006285,CLI_000384
CLM_0006286,CLI_000384
CLM_0006287,CLI_000182
CLM_0006288,CLI_000182
CLM_0006289,CLI_000143
CLM_0006290,CLI_000143
CLM_0006291,CLI_000143
CLM_0006292,CLI_000536
CLM_0006293,CLI_000536
CLM_0006294,CLI_000536
CLM_0006295,CLI_000166
CLM_0006296,CLI_000195
CLM_0006297,CLI_000195
CLM_0006298,CLI_000195
CLM_0006299,CLI_000011
CLM_0006300,CLI_000011
CLM_0006301,CLI_000011
CLM_0006302,CLI_000478
CLM_0006303,CLI_000478
CLM_0006304,CLI_000456
CLM_0006305,CLI_000456
CLM_0006306,CLI_000456
CLM_0006307,CLI_000076
CLM_0006308,CLI_000143
CLM_0006309,CLI_000138
CLM_0006310,CLI_000138
CLM_0006311,CLI_000138
CLM_0006312,CLI_000033
CLM_0006313,CLI_000033
CLM_0006314,CLI_000203
CLM_0006315,CLI_000479
CLM_0006316,CLI_000202
CLM_0006317,CLI_000404
CLM_0006318,CLI_000404
CLM_0006319,CLI_000033
CLM_0006320,CLI_000033
CLM_0006321,CLI_000033
CLM_0006322,CLI_000076
CLM_0006323,CLI_000076
CLM_0006324,CLI_000456
CLM_0006325,CLI_000456
CLM_0006326,CLI_000143
CLM_0006327,CLI_000526
CLM_0006328,CLI_000565
CLM_0006329,CLI_000391
CLM_0006330,CLI_000391
CLM_0006331,CLI_000196
CLM_0006332,CLI_000196
CLM_0006333,CLI_000058
CLM_0006334,CLI_000058
CLM_0006335,CLI_000058
CLM_0006336,CLI_000202
CLM_0006337,CLI_000202
CLM_0006338,CLI_000202
CLM_0006339,CLI_000033
CLM_0006340,CLI_000033
CLM_0006341,CLI_000444
CLM_0006342,CLI_000444
CLM_0006343,CLI_000444
CLM_0006344,CLI_000566
CLM_0006345,CLI_000566
CLM_0006346,CLI_000566
CLM_0006347,CLI_000025
CLM_0006348,CLI_000254
CLM_0006349,CLI_000535
CLM_0006350,CLI_000535
CLM_0006351,CLI_000088
CLM_0006352,CLI_000340
CLM_0006353,CLI_000202
CLM_0006354,CLI_000202
CLM_0006355,CLI_000195
CLM_0006356,CLI_000195
CLM_0006357,CLI_000426
CLM_0006358,CLI_000426
CLM_0006359,CLI_000426
CLM_0006360,CLI_000107
CLM_0006361,CLI_000033
CLM_0006362,CLI_000052
CLM_0006363,CLI_000052
CLM_0006364,CLI_000052
CLM_0006365,CLI_000033
CLM_0006366,CLI_000033
CLM_0006367,CLI_000076
CLM_0006368,CLI_000076
CLM_0006369,CLI_000404
CLM_0006370,CLI_000404
CLM_0006371,CLI_000404
CLM_0006372,CLI_000143
CLM_0006373,CLI_000143
CLM_0006374,CLI_000444
CLM_0006375,CLI_000444
CLM_0006376,CLI_000444
CLM_0006377,CLI_000525
CLM_0006378,CLI_000525
CLM_0006379,CLI_000525
CLM_0006380,CLI_000060
CLM_0006381,CLI_000060
CLM_0006382,CLI_000435
CLM_0006383,CLI_000435
CLM_0006384,CLI_000096
CLM_0006385,CLI_000096
CLM_0006386,CLI_000096
CLM_0006387,CLI_000143
CLM_0006388,CLI_000143
CLM_0006389,CLI_000202
CLM_0006390,CLI_000202
CLM_0006391,CLI_000202
CLM_0006392,CLI_000202
CLM_0006393,CLI_000565
CLM_0006394,CLI_000565
CLM_0006395,CLI_000565
CLM_0006396,CLI_000202
CLM_0006397,CLI_000202
CLM_0006398,CLI_000143
CLM_0006399,CLI_000143
CLM_0006400,CLI_000143
CLM_0006401,CLI_000353
CLM_0006402,CLI_000353
CLM_0006403,CLI_000353
CLM_0006404,CLI_000490
CLM_0006405,CLI_000203
CLM_0006406,CLI_000203
CLM_0006407,CLI_000025
CLM_0006408,CLI_000025
CLM_0006409,CLI_000025
CLM_0006410,CLI_000285
CLM_0006411,CLI_000285
CLM_0006412,CLI_000552
CLM_0006413,CLI_000552
CLM_0006414,CLI_000202
CLM_0006415,CLI_000202
CLM_0006416,CLI_000202
CLM_0006417,CLI_000202
CLM_0006418,CLI_000143
CLM_0006419,CLI_000143
CLM_0006420,CLI_000143
CLM_0006421,CLI_000262
CLM_0006422,CLI_000280
CLM_0006423,CLI_000280
CLM_0006424,CLI_000280
CLM_0006425,CLI_000143
CLM_0006426,CLI_000143
CLM_0006427,CLI_000535
CLM_0006428,CLI_000535
CLM_0006429,CLI_000535
CLM_0006430,CLI_000033
CLM_0006431,CLI_000033
CLM_0006432,CLI_000011
CLM_0006433,CLI_000011
CLM_0006434,CLI_000525
CLM_0006435,CLI_000534
CLM_0006436,CLI_000314
CLM_0006437,CLI_000314
CLM_0006438,CLI_000023
CLM_0006439,CLI_000023
CLM_0006440,CLI_000023
CLM_0006441,CLI_000404
CLM_0006442,CLI_000404
CLM_0006443,CLI_000202
CLM_0006444,CLI_000202
CLM_0006445,CLI_000395
CLM_0006446,CLI_000438
CLM_0006447,CLI_000438
CLM_0006448,CLI_000092
CLM_0006449,CLI_000092
CLM_0006450,CLI_000506
CLM_0006451,CLI_000506
CLM_0006452,CLI_000506
CLM_0006453,CLI_000143
CLM_0006454,CLI_000202
CLM_0006455,CLI_000202
CLM_0006456,CLI_000202
CLM_0006457,CLI_000143
CLM_0006458,CLI_000143
CLM_0006459,CLI_000143
CLM_0006460,CLI_000143
CLM_0006461,CLI_000143
CLM_0006462,CLI_000143
CLM_0006463,CLI_000143
CLM_0006464,CLI_000143
CLM_0006465,CLI_000503
CLM_0006466,CLI_000202
CLM_0006467,CLI_000525
CLM_0006468,CLI_000525
CLM_0006469,CLI_000525
CLM_0006470,CLI_000033
CLM_0006471,CLI_000033
CLM_0006472,CLI_000033
CLM_0006473,CLI_000203
CLM_0006474,CLI_000203
CLM_0006475,CLI_000203
CLM_0006476,CLI_000533
CLM_0006477,CLI_000065
CLM_0006478,CLI_000065
CLM_0006479,CLI_000456
CLM_0006480,CLI_000347
CLM_0006481,CLI_000347
CLM_0006482,CLI_000347
CLM_0006483,CLI_000282
CLM_0006484,CLI_000282
CLM_0006485,CLI_000025
CLM_0006486,CLI_000426
CLM_0006487,CLI_000426
CLM_0006488,CLI_000426
CLM_0006489,CLI_000203
CLM_0006490,CLI_000203
CLM_0006491,CLI_000203
CLM_0006492,CLI_000002
CLM_0006493,CLI_000501
CLM_0006494,CLI_000426
CLM_0006495,CLI_000426
CLM_0006496,CLI_000426
CLM_0006497,CLI_000018
CLM_0006498,CLI_000018
CLM_0006499,CLI_000089
CLM_0006500,CLI_000089
CLM_0006501,CLI_000089
CLM_0006502,CLI_000404
CLM_0006503,CLI_000143
CLM_0006504,CLI_000143
CLM_0006505,CLI_000357
CLM_0006506,CLI_000357
CLM_0006507,CLI_000357
CLM_0006508,CLI_000025
CLM_0006509,CLI_000025
CLM_0006510,CLI_000025
CLM_0006511,CLI_000386
CLM_0006512,CLI_000025
CLM_0006513,CLI_000143
CLM_0006514,CLI_000143
CLM_0006515,CLI_000143
CLM_0006516,CLI_000004
CLM_0006517,CLI_000004
CLM_0006518,CLI_000004
CLM_0006519,CLI_000479
CLM_0006520,CLI_000479
CLM_0006521,CLI_000479
CLM_0006522,CLI_000121
CLM_0006523,CLI_000121
CLM_0006524,CLI_000435
CLM_0006525,CLI_000435
CLM_0006526,CLI_000469
CLM_0006527,CLI_000469
CLM_0006528,CLI_000395
CLM_0006529,CLI_000395
CLM_0006530,CLI_000143
CLM_0006531,CLI_000143
CLM_0006532,CLI_000157
CLM_0006533,CLI_000157
CLM_0006534,CLI_000456
CLM_0006535,CLI_000456
CLM_0006536,CLI_000456
CLM_0006537,CLI_000491
CLM_0006538,CLI_000394
CLM_0006539,CLI_000394
CLM_0006540,CLI_000394
CLM_0006541,CLI_000577
CLM_0006542,CLI_000435
CLM_0006543,CLI_000435
CLM_0006544,CLI_000435
CLM_0006545,CLI_000404
CLM_0006546,CLI_000426
CLM_0006547,CLI_000404
CLM_0006548,CLI_000404
CLM_0006549,CLI_000565
CLM_0006550,CLI_000565
CLM_0006551,CLI_000143
CLM_0006552,CLI_000470
CLM_0006553,CLI_000203
CLM_0006554,CLI_000591
CLM_0006555,CLI_000591
CLM_0006556,CLI_000141
CLM_0006557,CLI_000141
CLM_0006558,CLI_000141
CLM_0006559,CLI_000134
CLM_0006560,CLI_000134
CLM_0006561,CLI_000134
CLM_0006562,CLI_000076
CLM_0006563,CLI_000076
CLM_0006564,CLI_000076
CLM_0006565,CLI_000025
CLM_0006566,CLI_000025
CLM_0006567,CLI_000025
CLM_0006568,CLI_000506
CLM_0006569,CLI_000506
CLM_0006570,CLI_000033
CLM_0006571,CLI_000033
CLM_0006572,CLI_000033
CLM_0006573,CLI_000202
CLM_0006574,CLI_000456
CLM_0006575,CLI_000456
CLM_0006576,CLI_000202
CLM_0006577,CLI_000202
CLM_0006578,CLI_000525
CLM_0006579,CLI_000525
CLM_0006580,CLI_000526
CLM_0006581,CLI_000526
CLM_0006582,CLI_000526
CLM_0006583,CLI_000415
CLM_0006584,CLI_000415
CLM_0006585,CLI_000404
CLM_0006586,CLI_000404
CLM_0006587,CLI_000404
CLM_0006588,CLI_000368
CLM_0006589,CLI_000368
CLM_0006590,CLI_000368
CLM_0006591,CLI_000143
CLM_0006592,CLI_000143
CLM_0006593,CLI_000143
CLM_0006594,CLI_000419
CLM_0006595,CLI_000419
CLM_0006596,CLI_000419
CLM_0006597,CLI_000426
CLM_0006598,CLI_000426
CLM_0006599,CLI_000426
CLM_0006600,CLI_000354
CLM_0006601,CLI_000354
CLM_0006602,CLI_000354
CLM_0006603,CLI_000253
CLM_0006604,CLI_000033
CLM_0006605,CLI_000033
CLM_0006606,CLI_000203
CLM_0006607,CLI_000203
CLM_0006608,CLI_000203
CLM_0006609,CLI_000143
CLM_0006610,CLI_000143
CLM_0006611,CLI_000143
CLM_0006612,CLI_000380
CLM_0006613,CLI_000245
CLM_0006614,CLI_000385
CLM_0006615,CLI_000076
CLM_0006616,CLI_000076
CLM_0006617,CLI_000076
CLM_0006618,CLI_000203
CLM_0006619,CLI_000203
CLM_0006620,CLI_000203
CLM_0006621,CLI_000097
CLM_0006622,CLI_000097
CLM_0006623,CLI_000097
CLM_0006624,CLI_000143
CLM_0006625,CLI_000143
CLM_0006626,CLI_000143
CLM_0006627,CLI_000245
CLM_0006628,CLI_000202
CLM_0006629,CLI_000202
CLM_0006630,CLI_000202
CLM_0006631,CLI_000194
CLM_0006632,CLI_000203
CLM_0006633,CLI_000143
CLM_0006634,CLI_000143
CLM_0006635,CLI_000121
CLM_0006636,CLI_000121
CLM_0006637,CLI_000121
CLM_0006638,CLI_000429
CLM_0006639,CLI_000429
CLM_0006640,CLI_000429
CLM_0006641,CLI_000025
CLM_0006642,CLI_000025
CLM_0006643,CLI_000025
CLM_0006644,CLI_000143
CLM_0006645,CLI_000143
CLM_0006646,CLI_000002
CLM_0006647,CLI_000002
CLM_0006648,CLI_000002
CLM_0006649,CLI_000228
CLM_0006650,CLI_000228
CLM_0006651,CLI_000293
CLM_0006652,CLI_000293
CLM_0006653,CLI_000293
CLM_0006654,CLI_000143
CLM_0006655,CLI_000143
CLM_0006656,CLI_000143
CLM_0006657,CLI_000143
CLM_0006658,CLI_000453
CLM_0006659,CLI_000453
CLM_0006660,CLI_000076
CLM_0006661,CLI_000076
CLM_0006662,CLI_000076
CLM_0006663,CLI_000076
CLM_0006664,CLI_000076
CLM_0006665,CLI_000076
CLM_0006666,CLI_000025
CLM_0006667,CLI_000025
CLM_0006668,CLI_000025
CLM_0006669,CLI_000001
CLM_0006670,CLI_000001
CLM_0006671,CLI_000219
CLM_0006672,CLI_000219
CLM_0006673,CLI_000479
CLM_0006674,CLI_000479
CLM_0006675,CLI_000479
CLM_0006676,CLI_000435
CLM_0006677,CLI_000435
CLM_0006678,CLI_000435
CLM_0006679,CLI_000203
CLM_0006680,CLI_000203
CLM_0006681,CLI_000203
CLM_0006682,CLI_000033
CLM_0006683,CLI_000477
CLM_0006684,CLI_000477
CLM_0006685,CLI_000025
CLM_0006686,CLI_000025
CLM_0006687,CLI_000025
CLM_0006688,CLI_000202
CLM_0006689,CLI_000202
CLM_0006690,CLI_000282
CLM_0006691,CLI_000076
CLM_0006692,CLI_000141
CLM_0006693,CLI_000061
CLM_0006694,CLI_000061
CLM_0006695,CLI_000404
CLM_0006696,CLI_000347
CLM_0006697,CLI_000347
CLM_0006698,CLI_000347
CLM_0006699,CLI_000143
CLM_0006700,CLI_000143
CLM_0006701,CLI_000143
CLM_0006702,CLI_000061
CLM_0006703,CLI_000061
CLM_0006704,CLI_000143
CLM_0006705,CLI_000203
CLM_0006706,CLI_000203
CLM_0006707,CLI_000202
CLM_0006708,CLI_000041
CLM_0006709,CLI_000041
CLM_0006710,CLI_000268
CLM_0006711,CLI_000203
CLM_0006712,CLI_000203
CLM_0006713,CLI_000203
CLM_0006714,CLI_000203
CLM_0006715,CLI_000203
CLM_0006716,CLI_000203
CLM_0006717,CLI_000004
CLM_0006718,CLI_000368
CLM_0006719,CLI_000368
CLM_0006720,CLI_000368
CLM_0006721,CLI_000203
CLM_0006722,CLI_000203
CLM_0006723,CLI_000203
CLM_0006724,CLI_000426
CLM_0006725,CLI_000426
CLM_0006726,CLI_000426
CLM_0006727,CLI_000351
CLM_0006728,CLI_000351
CLM_0006729,CLI_000351
CLM_0006730,CLI_000096
CLM_0006731,CLI_000525
CLM_0006732,CLI_000525
CLM_0006733,CLI_000525
CLM_0006734,CLI_000160
CLM_0006735,CLI_000025
CLM_0006736,CLI_000025
CLM_0006737,CLI_000025
CLM_0006738,CLI_000060
CLM_0006739,CLI_000198
CLM_0006740,CLI_000198
CLM_0006741,CLI_000198
CLM_0006742,CLI_000143
CLM_0006743,CLI_000143
CLM_0006744,CLI_000143
CLM_0006745,CLI_000218
CLM_0006746,CLI_000566
CLM_0006747,CLI_000566
CLM_0006748,CLI_000044
CLM_0006749,CLI_000044
CLM_0006750,CLI_000044
CLM_0006751,CLI_000247
CLM_0006752,CLI_000202
CLM_0006753,CLI_000143
CLM_0006754,CLI_000143
CLM_0006755,CLI_000143
CLM_0006756,CLI_000143
CLM_0006757,CLI_000088
CLM_0006758,CLI_000088
CLM_0006759,CLI_000088
CLM_0006760,CLI_000202
CLM_0006761,CLI_000202
CLM_0006762,CLI_000202
CLM_0006763,CLI_000178
CLM_0006764,CLI_000335
CLM_0006765,CLI_000335
CLM_0006766,CLI_000335
CLM_0006767,CLI_000143
CLM_0006768,CLI_000143
CLM_0006769,CLI_000143
CLM_0006770,CLI_000134
CLM_0006771,CLI_000134
CLM_0006772,CLI_000134
CLM_0006773,CLI_000121
CLM_0006774,CLI_000121
CLM_0006775,CLI_000285
CLM_0006776,CLI_000368
CLM_0006777,CLI_000368
CLM_0006778,CLI_000025
CLM_0006779,CLI_000025
CLM_0006780,CLI_000525
CLM_0006781,CLI_000525
CLM_0006782,CLI_000525
CLM_0006783,CLI_000143
CLM_0006784,CLI_000143
CLM_0006785,CLI_000033
CLM_0006786,CLI_000033
CLM_0006787,CLI_000145
CLM_0006788,CLI_000145
CLM_0006789,CLI_000145
CLM_0006790,CLI_000481
CLM_0006791,CLI_000065
CLM_0006792,CLI_000049
CLM_0006793,CLI_000049
CLM_0006794,CLI_000049
CLM_0006795,CLI_000202
CLM_0006796,CLI_000202
CLM_0006797,CLI_000008
CLM_0006798,CLI_000008
CLM_0006799,CLI_000008
CLM_0006800,CLI_000202
CLM_0006801,CLI_000202
CLM_0006802,CLI_000202
CLM_0006803,CLI_000426
CLM_0006804,CLI_000426
CLM_0006805,CLI_000143
CLM_0006806,CLI_000143
CLM_0006807,CLI_000143
CLM_0006808,CLI_000143
CLM_0006809,CLI_000143
CLM_0006810,CLI_000535
CLM_0006811,CLI_000143
CLM_0006812,CLI_000091
CLM_0006813,CLI_000479
CLM_0006814,CLI_000479
CLM_0006815,CLI_000479
CLM_0006816,CLI_000033
CLM_0006817,CLI_000033
CLM_0006818,CLI_000395
CLM_0006819,CLI_000314
CLM_0006820,CLI_000314
CLM_0006821,CLI_000033
CLM_0006822,CLI_000063
CLM_0006823,CLI_000143
CLM_0006824,CLI_000315
CLM_0006825,CLI_000315
CLM_0006826,CLI_000315
CLM_0006827,CLI_000202
CLM_0006828,CLI_000202
CLM_0006829,CLI_000076
CLM_0006830,CLI_000076
CLM_0006831,CLI_000076
CLM_0006832,CLI_000076
CLM_0006833,CLI_000426
CLM_0006834,CLI_000426
CLM_0006835,CLI_000435
CLM_0006836,CLI_000033
CLM_0006837,CLI_000456
CLM_0006838,CLI_000456
CLM_0006839,CLI_000456
CLM_0006840,CLI_000456
CLM_0006841,CLI_000009
CLM_0006842,CLI_000009
CLM_0006843,CLI_000009
CLM_0006844,CLI_000025
CLM_0006845,CLI_000025
CLM_0006846,CLI_000025
CLM_0006847,CLI_000025
CLM_0006848,CLI_000027
CLM_0006849,CLI_000202
CLM_0006850,CLI_000076
CLM_0006851,CLI_000565
CLM_0006852,CLI_000138
CLM_0006853,CLI_000138
CLM_0006854,CLI_000143
CLM_0006855,CLI_000143
CLM_0006856,CLI_000143
CLM_0006857,CLI_000535
CLM_0006858,CLI_000535
CLM_0006859,CLI_000535
CLM_0006860,CLI_000404
CLM_0006861,CLI_000404
CLM_0006862,CLI_000203
CLM_0006863,CLI_000166
CLM_0006864,CLI_000166
CLM_0006865,CLI_000203
CLM_0006866,CLI_000195
CLM_0006867,CLI_000195
CLM_0006868,CLI_000195
CLM_0006869,CLI_000337
CLM_0006870,CLI_000337
CLM_0006871,CLI_000337
CLM_0006872,CLI_000310
CLM_0006873,CLI_000310
CLM_0006874,CLI_000310
CLM_0006875,CLI_000143
CLM_0006876,CLI_000143
CLM_0006877,CLI_000143
CLM_0006878,CLI_000143
CLM_0006879,CLI_000203
CLM_0006880,CLI_000203
CLM_0006881,CLI_000203
CLM_0006882,CLI_000426
CLM_0006883,CLI_000426
CLM_0006884,CLI_000426
CLM_0006885,CLI_000025
CLM_0006886,CLI_000025
CLM_0006887,CLI_000025
CLM_0006888,CLI_000033
CLM_0006889,CLI_000033
CLM_0006890,CLI_000202
CLM_0006891,CLI_000202
CLM_0006892,CLI_000202
CLM_0006893,CLI_000196
CLM_0006894,CLI_000196
CLM_0006895,CLI_000196
CLM_0006896,CLI_000253
CLM_0006897,CLI_000025
CLM_0006898,CLI_000025
CLM_0006899,CLI_000025
CLM_0006900,CLI_000525
CLM_0006901,CLI_000525
CLM_0006902,CLI_000203
CLM_0006903,CLI_000166
CLM_0006904,CLI_000166
CLM_0006905,CLI_000166
CLM_0006906,CLI_000143
CLM_0006907,CLI_000143
CLM_0006908,CLI_000404
CLM_0006909,CLI_000404
CLM_0006910,CLI_000033
CLM_0006911,CLI_000070
CLM_0006912,CLI_000070
CLM_0006913,CLI_000076
CLM_0006914,CLI_000076
CLM_0006915,CLI_000076
CLM_0006916,CLI_000033
CLM_0006917,CLI_000033
CLM_0006918,CLI_000143
CLM_0006919,CLI_000051
CLM_0006920,CLI_000051
CLM_0006921,CLI_000160
CLM_0006922,CLI_000160
CLM_0006923,CLI_000203
CLM_0006924,CLI_000203
CLM_0006925,CLI_000025
CLM_0006926,CLI_000025
CLM_0006927,CLI_000052
CLM_0006928,CLI_000052
CLM_0006929,CLI_000119
CLM_0006930,CLI_000533
CLM_0006931,CLI_000202
CLM_0006932,CLI_000143
CLM_0006933,CLI_000368
CLM_0006934,CLI_000368
CLM_0006935,CLI_000565
CLM_0006936,CLI_000565
CLM_0006937,CLI_000565
CLM_0006938,CLI_000166
CLM_0006939,CLI_000166
CLM_0006940,CLI_000166
CLM_0006941,CLI_000565
CLM_0006942,CLI_000565
CLM_0006943,CLI_000033
CLM_0006944,CLI_000033
CLM_0006945,CLI_000033
CLM_0006946,CLI_000143
CLM_0006947,CLI_000143
CLM_0006948,CLI_000143
CLM_0006949,CLI_000541
CLM_0006950,CLI_000541
CLM_0006951,CLI_000541
CLM_0006952,CLI_000488
CLM_0006953,CLI_000501
CLM_0006954,CLI_000501
CLM_0006955,CLI_000203
CLM_0006956,CLI_000203
CLM_0006957,CLI_000203
CLM_0006958,CLI_000143
CLM_0006959,CLI_000143
CLM_0006960,CLI_000143
CLM_0006961,CLI_000189
CLM_0006962,CLI_000189
CLM_0006963,CLI_000189
CLM_0006964,CLI_000426
CLM_0006965,CLI_000426
CLM_0006966,CLI_000278
CLM_0006967,CLI_000189
CLM_0006968,CLI_000189
CLM_0006969,CLI_000189
CLM_0006970,CLI_000262
CLM_0006971,CLI_000262
CLM_0006972,CLI_000262
CLM_0006973,CLI_000160
CLM_0006974,CLI_000049
CLM_0006975,CLI_000049
CLM_0006976,CLI_000049
CLM_0006977,CLI_000426
CLM_0006978,CLI_000426
CLM_0006979,CLI_000426
CLM_0006980,CLI_000052
CLM_0006981,CLI_000052
CLM_0006982,CLI_000189
CLM_0006983,CLI_000189
CLM_0006984,CLI_000025
CLM_0006985,CLI_000025
CLM_0006986,CLI_000025
CLM_0006987,CLI_000203
CLM_0006988,CLI_000203
CLM_0006989,CLI_000203
CLM_0006990,CLI_000203
CLM_0006991,CLI_000202
CLM_0006992,CLI_000202
CLM_0006993,CLI_000506
CLM_0006994,CLI_000506
CLM_0006995,CLI_000506
CLM_0006996,CLI_000535
CLM_0006997,CLI_000535
CLM_0006998,CLI_000306
CLM_0006999,CLI_000306
CLM_0007000,CLI_000306
CLM_0007001,CLI_000491
CLM_0007002,CLI_000491
CLM_0007003,CLI_000491
CLM_0007004,CLI_000380
CLM_0007005,CLI_000380
CLM_0007006,CLI_000202
CLM_0007007,CLI_000202
CLM_0007008,CLI_000202
CLM_0007009,CLI_000203
CLM_0007010,CLI_000203
CLM_0007011,CLI_000143
CLM_0007012,CLI_000143
CLM_0007013,CLI_000025
CLM_0007014,CLI_000025
CLM_0007015,CLI_000025
CLM_0007016,CLI_000143
CLM_0007017,CLI_000143
CLM_0007018,CLI_000143
CLM_0007019,CLI_000202
CLM_0007020,CLI_000089
CLM_0007021,CLI_000268
CLM_0007022,CLI_000426
CLM_0007023,CLI_000426
CLM_0007024,CLI_000203
CLM_0007025,CLI_000203
CLM_0007026,CLI_000203
CLM_0007027,CLI_000052
CLM_0007028,CLI_000052
CLM_0007029,CLI_000143
CLM_0007030,CLI_000143
CLM_0007031,CLI_000121
CLM_0007032,CLI_000121
CLM_0007033,CLI_000143
CLM_0007034,CLI_000143
CLM_0007035,CLI_000088
CLM_0007036,CLI_000202
CLM_0007037,CLI_000202
CLM_0007038,CLI_000202
CLM_0007039,CLI_000202
CLM_0007040,CLI_000202
CLM_0007041,CLI_000202
CLM_0007042,CLI_000194
CLM_0007043,CLI_000426
CLM_0007044,CLI_000426
CLM_0007045,CLI_000143
CLM_0007046,CLI_000089
CLM_0007047,CLI_000089
CLM_0007048,CLI_000089
CLM_0007049,CLI_000203
CLM_0007050,CLI_000143
CLM_0007051,CLI_000143
CLM_0007052,CLI_000526
CLM_0007053,CLI_000526
CLM_0007054,CLI_000202
CLM_0007055,CLI_000202
CLM_0007056,CLI_000506
CLM_0007057,CLI_000506
CLM_0007058,CLI_000506
CLM_0007059,CLI_000025
CLM_0007060,CLI_000025
CLM_0007061,CLI_000203
CLM_0007062,CLI_000203
CLM_0007063,CLI_000203
CLM_0007064,CLI_000143
CLM_0007065,CLI_000143
CLM_0007066,CLI_000143
CLM_0007067,CLI_000143
CLM_0007068,CLI_000143
CLM_0007069,CLI_000143
CLM_0007070,CLI_000143
CLM_0007071,CLI_000143
CLM_0007072,CLI_000419
CLM_0007073,CLI_000419
CLM_0007074,CLI_000419
CLM_0007075,CLI_000088
CLM_0007076,CLI_000088
CLM_0007077,CLI_000088
CLM_0007078,CLI_000202
CLM_0007079,CLI_000202
CLM_0007080,CLI_000456
CLM_0007081,CLI_000456
CLM_0007082,CLI_000456
CLM_0007083,CLI_000526
CLM_0007084,CLI_000526
CLM_0007085,CLI_000526
CLM_0007086,CLI_000166
CLM_0007087,CLI_000166
CLM_0007088,CLI_000025
CLM_0007089,CLI_000025
CLM_0007090,CLI_000143
CLM_0007091,CLI_000143
CLM_0007092,CLI_000143
CLM_0007093,CLI_000588
CLM_0007094,CLI_000588
CLM_0007095,CLI_000143
CLM_0007096,CLI_000143
CLM_0007097,CLI_000143
CLM_0007098,CLI_000456
CLM_0007099,CLI_000456
CLM_0007100,CLI_000535
CLM_0007101,CLI_000535
CLM_0007102,CLI_000202
CLM_0007103,CLI_000202
CLM_0007104,CLI_000202
CLM_0007105,CLI_000107
CLM_0007106,CLI_000107
CLM_0007107,CLI_000107
CLM_0007108,CLI_000203
CLM_0007109,CLI_000076
CLM_0007110,CLI_000253
CLM_0007111,CLI_000143
CLM_0007112,CLI_000143
CLM_0007113,CLI_000196
CLM_0007114,CLI_000263
CLM_0007115,CLI_000263
CLM_0007116,CLI_000263
CLM_0007117,CLI_000354
CLM_0007118,CLI_000456
CLM_0007119,CLI_000193
CLM_0007120,CLI_000193
CLM_0007121,CLI_000454
CLM_0007122,CLI_000454
CLM_0007123,CLI_000506
CLM_0007124,CLI_000166
CLM_0007125,CLI_000166
CLM_0007126,CLI_000354
CLM_0007127,CLI_000354
CLM_0007128,CLI_000323
CLM_0007129,CLI_000323
CLM_0007130,CLI_000435
CLM_0007131,CLI_000435
CLM_0007132,CLI_000293
CLM_0007133,CLI_000293
CLM_0007134,CLI_000088
CLM_0007135,CLI_000088
CLM_0007136,CLI_000088
CLM_0007137,CLI_000381
CLM_0007138,CLI_000381
CLM_0007139,CLI_000381
CLM_0007140,CLI_000526
CLM_0007141,CLI_000526
CLM_0007142,CLI_000228
CLM_0007143,CLI_000228
CLM_0007144,CLI_000228
CLM_0007145,CLI_000219
CLM_0007146,CLI_000143
CLM_0007147,CLI_000143
CLM_0007148,CLI_000143
CLM_0007149,CLI_000043
CLM_0007150,CLI_000043
CLM_0007151,CLI_000043
CLM_0007152,CLI_000180
CLM_0007153,CLI_000456
CLM_0007154,CLI_000456
CLM_0007155,CLI_000061
CLM_0007156,CLI_000426
CLM_0007157,CLI_000253
CLM_0007158,CLI_000253
CLM_0007159,CLI_000253
CLM_0007160,CLI_000347
CLM_0007161,CLI_000347
CLM_0007162,CLI_000347
CLM_0007163,CLI_000149
CLM_0007164,CLI_000149
CLM_0007165,CLI_000149
CLM_0007166,CLI_000552
CLM_0007167,CLI_000552
CLM_0007168,CLI_000552
CLM_0007169,CLI_000285
CLM_0007170,CLI_000025
CLM_0007171,CLI_000143
CLM_0007172,CLI_000143
CLM_0007173,CLI_000166
CLM_0007174,CLI_000166
CLM_0007175,CLI_000166
CLM_0007176,CLI_000315
CLM_0007177,CLI_000281
CLM_0007178,CLI_000281
CLM_0007179,CLI_000143
CLM_0007180,CLI_000143
CLM_0007181,CLI_000414
CLM_0007182,CLI_000414
CLM_0007183,CLI_000526
CLM_0007184,CLI_000526
CLM_0007185,CLI_000143
CLM_0007186,CLI_000143
CLM_0007187,CLI_000045
CLM_0007188,CLI_000045
CLM_0007189,CLI_000525
CLM_0007190,CLI_000525
CLM_0007191,CLI_000525
CLM_0007192,CLI_000025
CLM_0007193,CLI_000033
CLM_0007194,CLI_000033
CLM_0007195,CLI_000033
CLM_0007196,CLI_000202
CLM_0007197,CLI_000202
CLM_0007198,CLI_000472
CLM_0007199,CLI_000472
CLM_0007200,CLI_000435
CLM_0007201,CLI_000143
CLM_0007202,CLI_000203
CLM_0007203,CLI_000025
CLM_0007204,CLI_000025
CLM_0007205,CLI_000076
CLM_0007206,CLI_000076
CLM_0007207,CLI_000076
CLM_0007208,CLI_000506
CLM_0007209,CLI_000506
CLM_0007210,CLI_000025
CLM_0007211,CLI_000380
CLM_0007212,CLI_000380
CLM_0007213,CLI_000380
CLM_0007214,CLI_000435
CLM_0007215,CLI_000435
CLM_0007216,CLI_000033
CLM_0007217,CLI_000139
CLM_0007218,CLI_000033
CLM_0007219,CLI_000200
CLM_0007220,CLI_000200
CLM_0007221,CLI_000143
CLM_0007222,CLI_000076
CLM_0007223,CLI_000506
CLM_0007224,CLI_000506
CLM_0007225,CLI_000506
CLM_0007226,CLI_000526
CLM_0007227,CLI_000526
CLM_0007228,CLI_000526
CLM_0007229,CLI_000456
CLM_0007230,CLI_000141
CLM_0007231,CLI_000141
CLM_0007232,CLI_000491
CLM_0007233,CLI_000491
CLM_0007234,CLI_000166
CLM_0007235,CLI_000166
CLM_0007236,CLI_000166
CLM_0007237,CLI_000453
CLM_0007238,CLI_000203
CLM_0007239,CLI_000203
CLM_0007240,CLI_000203
CLM_0007241,CLI_000506
CLM_0007242,CLI_000506
CLM_0007243,CLI_000506
CLM_0007244,CLI_000025
CLM_0007245,CLI_000370
CLM_0007246,CLI_000370
CLM_0007247,CLI_000370
CLM_0007248,CLI_000456
CLM_0007249,CLI_000456
CLM_0007250,CLI_000456
CLM_0007251,CLI_000257
CLM_0007252,CLI_000076
CLM_0007253,CLI_000076
CLM_0007254,CLI_000029
CLM_0007255,CLI_000029
CLM_0007256,CLI_000033
CLM_0007257,CLI_000033
CLM_0007258,CLI_000033
CLM_0007259,CLI_000033
CLM_0007260,CLI_000143
CLM_0007261,CLI_000203
CLM_0007262,CLI_000203
CLM_0007263,CLI_000143
CLM_0007264,CLI_000248
CLM_0007265,CLI_000426
CLM_0007266,CLI_000426
CLM_0007267,CLI_000262
CLM_0007268,CLI_000262
CLM_0007269,CLI_000262
CLM_0007270,CLI_000456
CLM_0007271,CLI_000456
CLM_0007272,CLI_000456
CLM_0007273,CLI_000202
CLM_0007274,CLI_000202
CLM_0007275,CLI_000202
CLM_0007276,CLI_000521
CLM_0007277,CLI_000143
CLM_0007278,CLI_000202
CLM_0007279,CLI_000202
CLM_0007280,CLI_000202
CLM_0007281,CLI_000419
CLM_0007282,CLI_000143
CLM_0007283,CLI_000124
CLM_0007284,CLI_000202
CLM_0007285,CLI_000202
CLM_0007286,CLI_000202
CLM_0007287,CLI_000377
CLM_0007288,CLI_000377
CLM_0007289,CLI_000202
CLM_0007290,CLI_000202
CLM_0007291,CLI_000138
CLM_0007292,CLI_000033
CLM_0007293,CLI_000033
CLM_0007294,CLI_000268
CLM_0007295,CLI_000382
CLM_0007296,CLI_000178
CLM_0007297,CLI_000178
CLM_0007298,CLI_000245
CLM_0007299,CLI_000245
CLM_0007300,CLI_000188
CLM_0007301,CLI_000033
CLM_0007302,CLI_000033
CLM_0007303,CLI_000033
CLM_0007304,CLI_000033
CLM_0007305,CLI_000456
CLM_0007306,CLI_000249
CLM_0007307,CLI_000249
CLM_0007308,CLI_000249
CLM_0007309,CLI_000268
CLM_0007310,CLI_000426
CLM_0007311,CLI_000143
CLM_0007312,CLI_000143
CLM_0007313,CLI_000391
CLM_0007314,CLI_000044
CLM_0007315,CLI_000143
CLM_0007316,CLI_000456
CLM_0007317,CLI_000025
CLM_0007318,CLI_000238
CLM_0007319,CLI_000506
CLM_0007320,CLI_000435
CLM_0007321,CLI_000435
CLM_0007322,CLI_000253
CLM_0007323,CLI_000253
CLM_0007324,CLI_000253
CLM_0007325,CLI_000429
CLM_0007326,CLI_000429
CLM_0007327,CLI_000429
CLM_0007328,CLI_000535
CLM_0007329,CLI_000535
CLM_0007330,CLI_000470
CLM_0007331,CLI_000470
CLM_0007332,CLI_000469
CLM_0007333,CLI_000469
CLM_0007334,CLI_000469
CLM_0007335,CLI_000203
CLM_0007336,CLI_000025
CLM_0007337,CLI_000025
CLM_0007338,CLI_000061
CLM_0007339,CLI_000061
CLM_0007340,CLI_000061
CLM_0007341,CLI_000419
CLM_0007342,CLI_000565
CLM_0007343,CLI_000565
CLM_0007344,CLI_000143
CLM_0007345,CLI_000143
CLM_0007346,CLI_000143
CLM_0007347,CLI_000011
CLM_0007348,CLI_000075
CLM_0007349,CLI_000075
CLM_0007350,CLI_000049
CLM_0007351,CLI_000049
CLM_0007352,CLI_000049
CLM_0007353,CLI_000088
CLM_0007354,CLI_000088
CLM_0007355,CLI_000008
CLM_0007356,CLI_000008
CLM_0007357,CLI_000008
CLM_0007358,CLI_000030
CLM_0007359,CLI_000030
CLM_0007360,CLI_000030
CLM_0007361,CLI_000202
CLM_0007362,CLI_000202
CLM_0007363,CLI_000456
CLM_0007364,CLI_000456
CLM_0007365,CLI_000456
CLM_0007366,CLI_000533
CLM_0007367,CLI_000143
CLM_0007368,CLI_000143
CLM_0007369,CLI_000143
CLM_0007370,CLI_000141
CLM_0007371,CLI_000143
CLM_0007372,CLI_000143
CLM_0007373,CLI_000045
CLM_0007374,CLI_000045
CLM_0007375,CLI_000045
CLM_0007376,CLI_000535
CLM_0007377,CLI_000535
CLM_0007378,CLI_000525
CLM_0007379,CLI_000435
CLM_0007380,CLI_000452
CLM_0007381,CLI_000452
CLM_0007382,CLI_000452
CLM_0007383,CLI_000202
CLM_0007384,CLI_000202
CLM_0007385,CLI_000143
CLM_0007386,CLI_000033
CLM_0007387,CLI_000033
CLM_0007388,CLI_000013
CLM_0007389,CLI_000062
CLM_0007390,CLI_000062
CLM_0007391,CLI_000062
CLM_0007392,CLI_000453
CLM_0007393,CLI_000210
CLM_0007394,CLI_000210
CLM_0007395,CLI_000210
CLM_0007396,CLI_000203
CLM_0007397,CLI_000203
CLM_0007398,CLI_000533
CLM_0007399,CLI_000533
CLM_0007400,CLI_000526
CLM_0007401,CLI_000526
CLM_0007402,CLI_000526
CLM_0007403,CLI_000033
CLM_0007404,CLI_000380
CLM_0007405,CLI_000380
CLM_0007406,CLI_000380
CLM_0007407,CLI_000088
CLM_0007408,CLI_000456
CLM_0007409,CLI_000203
CLM_0007410,CLI_000426
CLM_0007411,CLI_000143
CLM_0007412,CLI_000202
CLM_0007413,CLI_000404
CLM_0007414,CLI_000404
CLM_0007415,CLI_000404
CLM_0007416,CLI_000061
CLM_0007417,CLI_000202
CLM_0007418,CLI_000202
CLM_0007419,CLI_000202
CLM_0007420,CLI_000316
CLM_0007421,CLI_000316
CLM_0007422,CLI_000316
CLM_0007423,CLI_000088
CLM_0007424,CLI_000088
CLM_0007425,CLI_000088
CLM_0007426,CLI_000143
CLM_0007427,CLI_000143
CLM_0007428,CLI_000202
CLM_0007429,CLI_000377
CLM_0007430,CLI_000202
CLM_0007431,CLI_000202
CLM_0007432,CLI_000202
CLM_0007433,CLI_000594
CLM_0007434,CLI_000521
CLM_0007435,CLI_000521
CLM_0007436,CLI_000521
CLM_0007437,CLI_000143
CLM_0007438,CLI_000143
CLM_0007439,CLI_000143
CLM_0007440,CLI_000203
CLM_0007441,CLI_000456
CLM_0007442,CLI_000456
CLM_0007443,CLI_000456
CLM_0007444,CLI_000088
CLM_0007445,CLI_000088
CLM_0007446,CLI_000088
CLM_0007447,CLI_000033
CLM_0007448,CLI_000076
CLM_0007449,CLI_000076
CLM_0007450,CLI_000076
CLM_0007451,CLI_000203
CLM_0007452,CLI_000203
CLM_0007453,CLI_000203
CLM_0007454,CLI_000506
CLM_0007455,CLI_000323
CLM_0007456,CLI_000323
CLM_0007457,CLI_000323
CLM_0007458,CLI_000025
CLM_0007459,CLI_000025
CLM_0007460,CLI_000525
CLM_0007461,CLI_000525
CLM_0007462,CLI_000205
CLM_0007463,CLI_000143
CLM_0007464,CLI_000143
CLM_0007465,CLI_000143
CLM_0007466,CLI_000566
CLM_0007467,CLI_000566
CLM_0007468,CLI_000202
CLM_0007469,CLI_000535
CLM_0007470,CLI_000535
CLM_0007471,CLI_000535
CLM_0007472,CLI_000025
CLM_0007473,CLI_000025
CLM_0007474,CLI_000012
CLM_0007475,CLI_000506
CLM_0007476,CLI_000435
CLM_0007477,CLI_000426
CLM_0007478,CLI_000065
CLM_0007479,CLI_000065
CLM_0007480,CLI_000535
CLM_0007481,CLI_000535
CLM_0007482,CLI_000426
CLM_0007483,CLI_000011
CLM_0007484,CLI_000011
CLM_0007485,CLI_000011
CLM_0007486,CLI_000202
CLM_0007487,CLI_000031
CLM_0007488,CLI_000031
CLM_0007489,CLI_000033
CLM_0007490,CLI_000202
CLM_0007491,CLI_000469
CLM_0007492,CLI_000469
CLM_0007493,CLI_000456
CLM_0007494,CLI_000456
CLM_0007495,CLI_000456
CLM_0007496,CLI_000188
CLM_0007497,CLI_000196
CLM_0007498,CLI_000196
CLM_0007499,CLI_000404
CLM_0007500,CLI_000404
CLM_0007501,CLI_000308
CLM_0007502,CLI_000033
CLM_0007503,CLI_000033
CLM_0007504,CLI_000591
CLM_0007505,CLI_000456
CLM_0007506,CLI_000456
CLM_0007507,CLI_000033
CLM_0007508,CLI_000033
CLM_0007509,CLI_000033
CLM_0007510,CLI_000565
CLM_0007511,CLI_000565
CLM_0007512,CLI_000565
CLM_0007513,CLI_000203
CLM_0007514,CLI_000203
CLM_0007515,CLI_000506
CLM_0007516,CLI_000506
CLM_0007517,CLI_000506
CLM_0007518,CLI_000202
CLM_0007519,CLI_000202
CLM_0007520,CLI_000089
CLM_0007521,CLI_000089
CLM_0007522,CLI_000089
CLM_0007523,CLI_000268
CLM_0007524,CLI_000565
CLM_0007525,CLI_000565
CLM_0007526,CLI_000565
CLM_0007527,CLI_000196
CLM_0007528,CLI_000196
CLM_0007529,CLI_000196
CLM_0007530,CLI_000203
CLM_0007531,CLI_000203
CLM_0007532,CLI_000202
CLM_0007533,CLI_000202
CLM_0007534,CLI_000202
CLM_0007535,CLI_000033
CLM_0007536,CLI_000033
CLM_0007537,CLI_000033
CLM_0007538,CLI_000160
CLM_0007539,CLI_000143
CLM_0007540,CLI_000426
CLM_0007541,CLI_000426
CLM_0007542,CLI_000426
CLM_0007543,CLI_000143
CLM_0007544,CLI_000143
CLM_0007545,CLI_000429
CLM_0007546,CLI_000544
CLM_0007547,CLI_000203
CLM_0007548,CLI_000203
CLM_0007549,CLI_000203
CLM_0007550,CLI_000025
CLM_0007551,CLI_000025
CLM_0007552,CLI_000025
CLM_0007553,CLI_000025
CLM_0007554,CLI_000025
CLM_0007555,CLI_000143
CLM_0007556,CLI_000143
CLM_0007557,CLI_000143
CLM_0007558,CLI_000122
CLM_0007559,CLI_000025
CLM_0007560,CLI_000143
CLM_0007561,CLI_000143
CLM_0007562,CLI_000401
CLM_0007563,CLI_000401
CLM_0007564,CLI_000143
CLM_0007565,CLI_000143
CLM_0007566,CLI_000233
CLM_0007567,CLI_000171
CLM_0007568,CLI_000171
CLM_0007569,CLI_000052
CLM_0007570,CLI_000245
CLM_0007571,CLI_000245
CLM_0007572,CLI_000160
CLM_0007573,CLI_000033
CLM_0007574,CLI_000033
CLM_0007575,CLI_000033
CLM_0007576,CLI_000143
CLM_0007577,CLI_000143
CLM_0007578,CLI_000143
CLM_0007579,CLI_000566
CLM_0007580,CLI_000566
CLM_0007581,CLI_000566
CLM_0007582,CLI_000456
CLM_0007583,CLI_000166
CLM_0007584,CLI_000143
CLM_0007585,CLI_000143
CLM_0007586,CLI_000088
CLM_0007587,CLI_000088
CLM_0007588,CLI_000088
CLM_0007589,CLI_000011
CLM_0007590,CLI_000033
CLM_0007591,CLI_000033
CLM_0007592,CLI_000033
CLM_0007593,CLI_000143
CLM_0007594,CLI_000245
CLM_0007595,CLI_000245
CLM_0007596,CLI_000245
CLM_0007597,CLI_000107
CLM_0007598,CLI_000107
CLM_0007599,CLI_000107
CLM_0007600,CLI_000059
CLM_0007601,CLI_000166
CLM_0007602,CLI_000368
CLM_0007603,CLI_000368
CLM_0007604,CLI_000368
CLM_0007605,CLI_000202
CLM_0007606,CLI_000202
CLM_0007607,CLI_000202
CLM_0007608,CLI_000395
CLM_0007609,CLI_000395
CLM_0007610,CLI_000073
CLM_0007611,CLI_000073
CLM_0007612,CLI_000073
CLM_0007613,CLI_000166
CLM_0007614,CLI_000426
CLM_0007615,CLI_000426
CLM_0007616,CLI_000571
CLM_0007617,CLI_000571
CLM_0007618,CLI_000571
CLM_0007619,CLI_000456
CLM_0007620,CLI_000456
CLM_0007621,CLI_000557
CLM_0007622,CLI_000557
CLM_0007623,CLI_000385
CLM_0007624,CLI_000385
CLM_0007625,CLI_000385
CLM_0007626,CLI_000166
CLM_0007627,CLI_000166
CLM_0007628,CLI_000166
CLM_0007629,CLI_000202
CLM_0007630,CLI_000435
CLM_0007631,CLI_000228
CLM_0007632,CLI_000228
CLM_0007633,CLI_000061
CLM_0007634,CLI_000061
CLM_0007635,CLI_000061
CLM_0007636,CLI_000526
CLM_0007637,CLI_000025
CLM_0007638,CLI_000025
CLM_0007639,CLI_000025
CLM_0007640,CLI_000141
CLM_0007641,CLI_000141
CLM_0007642,CLI_000141
CLM_0007643,CLI_000202
CLM_0007644,CLI_000202
CLM_0007645,CLI_000552
CLM_0007646,CLI_000552
CLM_0007647,CLI_000166
CLM_0007648,CLI_000166
CLM_0007649,CLI_000143
CLM_0007650,CLI_000203
CLM_0007651,CLI_000203
CLM_0007652,CLI_000203
CLM_0007653,CLI_000033
CLM_0007654,CLI_000033
CLM_0007655,CLI_000030
CLM_0007656,CLI_000027
CLM_0007657,CLI_000027
CLM_0007658,CLI_000027
CLM_0007659,CLI_000535
CLM_0007660,CLI_000535
CLM_0007661,CLI_000143
CLM_0007662,CLI_000324
CLM_0007663,CLI_000324
CLM_0007664,CLI_000203
CLM_0007665,CLI_000203
CLM_0007666,CLI_000203
CLM_0007667,CLI_000202
CLM_0007668,CLI_000202
CLM_0007669,CLI_000202
CLM_0007670,CLI_000456
CLM_0007671,CLI_000456
CLM_0007672,CLI_000435
CLM_0007673,CLI_000435
CLM_0007674,CLI_000033
CLM_0007675,CLI_000506
CLM_0007676,CLI_000506
CLM_0007677,CLI_000506
CLM_0007678,CLI_000374
CLM_0007679,CLI_000203
CLM_0007680,CLI_000203
CLM_0007681,CLI_000525
CLM_0007682,CLI_000525
CLM_0007683,CLI_000166
CLM_0007684,CLI_000166
CLM_0007685,CLI_000166
CLM_0007686,CLI_000203
CLM_0007687,CLI_000195
CLM_0007688,CLI_000195
CLM_0007689,CLI_000404
CLM_0007690,CLI_000404
CLM_0007691,CLI_000404
CLM_0007692,CLI_000506
CLM_0007693,CLI_000202
CLM_0007694,CLI_000202
CLM_0007695,CLI_000202
CLM_0007696,CLI_000525
CLM_0007697,CLI_000525
CLM_0007698,CLI_000565
CLM_0007699,CLI_000565
CLM_0007700,CLI_000565
CLM_0007701,CLI_000354
CLM_0007702,CLI_000314
CLM_0007703,CLI_000531
CLM_0007704,CLI_000359
CLM_0007705,CLI_000359
CLM_0007706,CLI_000359
CLM_0007707,CLI_000506
CLM_0007708,CLI_000506
CLM_0007709,CLI_000076
CLM_0007710,CLI_000076
CLM_0007711,CLI_000076
CLM_0007712,CLI_000166
CLM_0007713,CLI_000166
CLM_0007714,CLI_000166
CLM_0007715,CLI_000456
CLM_0007716,CLI_000456
CLM_0007717,CLI_000456
CLM_0007718,CLI_000456
CLM_0007719,CLI_000456
CLM_0007720,CLI_000456
CLM_0007721,CLI_000143
CLM_0007722,CLI_000143
CLM_0007723,CLI_000143
CLM_0007724,CLI_000045
CLM_0007725,CLI_000045
CLM_0007726,CLI_000253
CLM_0007727,CLI_000143
CLM_0007728,CLI_000143
CLM_0007729,CLI_000456
CLM_0007730,CLI_000316
CLM_0007731,CLI_000121
CLM_0007732,CLI_000121
CLM_0007733,CLI_000121
CLM_0007734,CLI_000506
CLM_0007735,CLI_000506
CLM_0007736,CLI_000203
CLM_0007737,CLI_000203
CLM_0007738,CLI_000143
CLM_0007739,CLI_000262
CLM_0007740,CLI_000262
CLM_0007741,CLI_000262
CLM_0007742,CLI_000453
CLM_0007743,CLI_000453
CLM_0007744,CLI_000062
CLM_0007745,CLI_000160
CLM_0007746,CLI_000160
CLM_0007747,CLI_000061
CLM_0007748,CLI_000155
CLM_0007749,CLI_000155
CLM_0007750,CLI_000155
CLM_0007751,CLI_000315
CLM_0007752,CLI_000315
CLM_0007753,CLI_000245
CLM_0007754,CLI_000245
CLM_0007755,CLI_000245
CLM_0007756,CLI_000166
CLM_0007757,CLI_000166
CLM_0007758,CLI_000456
CLM_0007759,CLI_000456
CLM_0007760,CLI_000025
CLM_0007761,CLI_000025
CLM_0007762,CLI_000143
CLM_0007763,CLI_000520
CLM_0007764,CLI_000533
CLM_0007765,CLI_000143
CLM_0007766,CLI_000143
CLM_0007767,CLI_000143
CLM_0007768,CLI_000202
CLM_0007769,CLI_000354
CLM_0007770,CLI_000354
CLM_0007771,CLI_000591
CLM_0007772,CLI_000076
CLM_0007773,CLI_000143
CLM_0007774,CLI_000166
CLM_0007775,CLI_000166
CLM_0007776,CLI_000476
CLM_0007777,CLI_000476
CLM_0007778,CLI_000476
CLM_0007779,CLI_000141
CLM_0007780,CLI_000141
CLM_0007781,CLI_000023
CLM_0007782,CLI_000023
CLM_0007783,CLI_000121
CLM_0007784,CLI_000121
CLM_0007785,CLI_000121
CLM_0007786,CLI_000088
CLM_0007787,CLI_000088
CLM_0007788,CLI_000491
CLM_0007789,CLI_000450
CLM_0007790,CLI_000450
CLM_0007791,CLI_000450
CLM_0007792,CLI_000316
CLM_0007793,CLI_000316
CLM_0007794,CLI_000316
CLM_0007795,CLI_000265
CLM_0007796,CLI_000265
CLM_0007797,CLI_000089
CLM_0007798,CLI_000089
CLM_0007799,CLI_000089
CLM_0007800,CLI_000147
CLM_0007801,CLI_000203
CLM_0007802,CLI_000203
CLM_0007803,CLI_000426
CLM_0007804,CLI_000426
CLM_0007805,CLI_000565
CLM_0007806,CLI_000565
CLM_0007807,CLI_000565
CLM_0007808,CLI_000143
CLM_0007809,CLI_000076
CLM_0007810,CLI_000203
CLM_0007811,CLI_000203
CLM_0007812,CLI_000203
CLM_0007813,CLI_000203
CLM_0007814,CLI_000203
CLM_0007815,CLI_000203
CLM_0007816,CLI_000076
CLM_0007817,CLI_000076
CLM_0007818,CLI_000002
CLM_0007819,CLI_000002
CLM_0007820,CLI_000002
CLM_0007821,CLI_000245
CLM_0007822,CLI_000245
CLM_0007823,CLI_000245
CLM_0007824,CLI_000253
CLM_0007825,CLI_000253
CLM_0007826,CLI_000253
CLM_0007827,CLI_000426
CLM_0007828,CLI_000426
CLM_0007829,CLI_000025
CLM_0007830,CLI_000025
CLM_0007831,CLI_000203
CLM_0007832,CLI_000203
CLM_0007833,CLI_000143
CLM_0007834,CLI_000045
CLM_0007835,CLI_000045
CLM_0007836,CLI_000045
CLM_0007837,CLI_000218
CLM_0007838,CLI_000218
CLM_0007839,CLI_000218
CLM_0007840,CLI_000536
CLM_0007841,CLI_000143
CLM_0007842,CLI_000143
CLM_0007843,CLI_000143
CLM_0007844,CLI_000143
CLM_0007845,CLI_000143
CLM_0007846,CLI_000011
CLM_0007847,CLI_000011
CLM_0007848,CLI_000011
CLM_0007849,CLI_000574
CLM_0007850,CLI_000143
CLM_0007851,CLI_000143
CLM_0007852,CLI_000143
CLM_0007853,CLI_000526
CLM_0007854,CLI_000526
CLM_0007855,CLI_000143
CLM_0007856,CLI_000143
CLM_0007857,CLI_000143
CLM_0007858,CLI_000006
CLM_0007859,CLI_000006
CLM_0007860,CLI_000491
CLM_0007861,CLI_000203
CLM_0007862,CLI_000076
CLM_0007863,CLI_000076
CLM_0007864,CLI_000426
CLM_0007865,CLI_000426
CLM_0007866,CLI_000404
CLM_0007867,CLI_000404
CLM_0007868,CLI_000404
CLM_0007869,CLI_000194
CLM_0007870,CLI_000194
CLM_0007871,CLI_000076
CLM_0007872,CLI_000076
CLM_0007873,CLI_000076
CLM_0007874,CLI_000380
CLM_0007875,CLI_000380
CLM_0007876,CLI_000380
CLM_0007877,CLI_000444
CLM_0007878,CLI_000565
CLM_0007879,CLI_000565
CLM_0007880,CLI_000025
CLM_0007881,CLI_000025
CLM_0007882,CLI_000469
CLM_0007883,CLI_000426
CLM_0007884,CLI_000535
CLM_0007885,CLI_000535
CLM_0007886,CLI_000535
CLM_0007887,CLI_000143
CLM_0007888,CLI_000025
CLM_0007889,CLI_000143
CLM_0007890,CLI_000143
CLM_0007891,CLI_000143
CLM_0007892,CLI_000136
CLM_0007893,CLI_000033
CLM_0007894,CLI_000033
CLM_0007895,CLI_000033
CLM_0007896,CLI_000253
CLM_0007897,CLI_000253
CLM_0007898,CLI_000067
CLM_0007899,CLI_000067
CLM_0007900,CLI_000143
CLM_0007901,CLI_000143
CLM_0007902,CLI_000281
CLM_0007903,CLI_000281
CLM_0007904,CLI_000281
CLM_0007905,CLI_000525
CLM_0007906,CLI_000025
CLM_0007907,CLI_000025
CLM_0007908,CLI_000025
CLM_0007909,CLI_000202
CLM_0007910,CLI_000202
CLM_0007911,CLI_000025
CLM_0007912,CLI_000025
CLM_0007913,CLI_000033
CLM_0007914,CLI_000565
CLM_0007915,CLI_000076
CLM_0007916,CLI_000076
CLM_0007917,CLI_000202
CLM_0007918,CLI_000141
CLM_0007919,CLI_000141
CLM_0007920,CLI_000141
CLM_0007921,CLI_000435
CLM_0007922,CLI_000435
CLM_0007923,CLI_000435
CLM_0007924,CLI_000011
CLM_0007925,CLI_000347
CLM_0007926,CLI_000347
CLM_0007927,CLI_000153
CLM_0007928,CLI_000203
CLM_0007929,CLI_000201
CLM_0007930,CLI_000201
CLM_0007931,CLI_000143
CLM_0007932,CLI_000202
CLM_0007933,CLI_000202
CLM_0007934,CLI_000202
CLM_0007935,CLI_000033
CLM_0007936,CLI_000033
CLM_0007937,CLI_000033
CLM_0007938,CLI_000453
CLM_0007939,CLI_000025
CLM_0007940,CLI_000025
CLM_0007941,CLI_000143
CLM_0007942,CLI_000143
CLM_0007943,CLI_000143
CLM_0007944,CLI_000242
CLM_0007945,CLI_000143
CLM_0007946,CLI_000143
CLM_0007947,CLI_000143
CLM_0007948,CLI_000202
CLM_0007949,CLI_000202
CLM_0007950,CLI_000216
CLM_0007951,CLI_000216
CLM_0007952,CLI_000216
CLM_0007953,CLI_000323
CLM_0007954,CLI_000426
CLM_0007955,CLI_000426
CLM_0007956,CLI_000426
CLM_0007957,CLI_000347
CLM_0007958,CLI_000404
CLM_0007959,CLI_000404
CLM_0007960,CLI_000404
CLM_0007961,CLI_000076
CLM_0007962,CLI_000526
CLM_0007963,CLI_000526
CLM_0007964,CLI_000526
CLM_0007965,CLI_000052
CLM_0007966,CLI_000565
CLM_0007967,CLI_000202
CLM_0007968,CLI_000202
CLM_0007969,CLI_000282
CLM_0007970,CLI_000282
CLM_0007971,CLI_000282
CLM_0007972,CLI_000143
CLM_0007973,CLI_000317
CLM_0007974,CLI_000317
CLM_0007975,CLI_000202
CLM_0007976,CLI_000202
CLM_0007977,CLI_000143
CLM_0007978,CLI_000143
CLM_0007979,CLI_000456
CLM_0007980,CLI_000574
CLM_0007981,CLI_000202
CLM_0007982,CLI_000202
CLM_0007983,CLI_000203
CLM_0007984,CLI_000203
CLM_0007985,CLI_000143
CLM_0007986,CLI_000143
CLM_0007987,CLI_000033
CLM_0007988,CLI_000591
CLM_0007989,CLI_000143
CLM_0007990,CLI_000143
CLM_0007991,CLI_000223
CLM_0007992,CLI_000223
CLM_0007993,CLI_000143
CLM_0007994,CLI_000033
CLM_0007995,CLI_000033
CLM_0007996,CLI_000143
CLM_0007997,CLI_000253
CLM_0007998,CLI_000253
CLM_0007999,CLI_000143
CLM_0008000,CLI_000143
CLM_0008001,CLI_000143
CLM_0008002,CLI_000121
CLM_0008003,CLI_000121
CLM_0008004,CLI_000227
CLM_0008005,CLI_000143
CLM_0008006,CLI_000052
CLM_0008007,CLI_000143
CLM_0008008,CLI_000143
CLM_0008009,CLI_000143
CLM_0008010,CLI_000160
CLM_0008011,CLI_000160
CLM_0008012,CLI_000395
CLM_0008013,CLI_000395
CLM_0008014,CLI_000025
CLM_0008015,CLI_000025
CLM_0008016,CLI_000025
CLM_0008017,CLI_000203
CLM_0008018,CLI_000203
CLM_0008019,CLI_000203
CLM_0008020,CLI_000143
CLM_0008021,CLI_000449
CLM_0008022,CLI_000449
CLM_0008023,CLI_000202
CLM_0008024,CLI_000202
CLM_0008025,CLI_000202
CLM_0008026,CLI_000080
CLM_0008027,CLI_000080
CLM_0008028,CLI_000370
CLM_0008029,CLI_000025
CLM_0008030,CLI_000245
CLM_0008031,CLI_000245
CLM_0008032,CLI_000245
CLM_0008033,CLI_000282
CLM_0008034,CLI_000282
CLM_0008035,CLI_000282
CLM_0008036,CLI_000456
CLM_0008037,CLI_000453
CLM_0008038,CLI_000453
CLM_0008039,CLI_000063
CLM_0008040,CLI_000063
CLM_0008041,CLI_000202
CLM_0008042,CLI_000202
CLM_0008043,CLI_000501
CLM_0008044,CLI_000501
CLM_0008045,CLI_000501
CLM_0008046,CLI_000382
CLM_0008047,CLI_000382
CLM_0008048,CLI_000382
CLM_0008049,CLI_000456
CLM_0008050,CLI_000456
CLM_0008051,CLI_000456
CLM_0008052,CLI_000456
CLM_0008053,CLI_000391
CLM_0008054,CLI_000391
CLM_0008055,CLI_000203
CLM_0008056,CLI_000138
CLM_0008057,CLI_000326
CLM_0008058,CLI_000232
CLM_0008059,CLI_000232
CLM_0008060,CLI_000308
CLM_0008061,CLI_000308
CLM_0008062,CLI_000308
CLM_0008063,CLI_000143
CLM_0008064,CLI_000143
CLM_0008065,CLI_000143
CLM_0008066,CLI_000245
CLM_0008067,CLI_000181
CLM_0008068,CLI_000181
CLM_0008069,CLI_000181
CLM_0008070,CLI_000010
CLM_0008071,CLI_000033
CLM_0008072,CLI_000033
CLM_0008073,CLI_000033
CLM_0008074,CLI_000203
CLM_0008075,CLI_000203
CLM_0008076,CLI_000025
CLM_0008077,CLI_000025
CLM_0008078,CLI_000141
CLM_0008079,CLI_000141
CLM_0008080,CLI_000141
CLM_0008081,CLI_000305
CLM_0008082,CLI_000305
CLM_0008083,CLI_000305
CLM_0008084,CLI_000203
CLM_0008085,CLI_000203
CLM_0008086,CLI_000203
CLM_0008087,CLI_000033
CLM_0008088,CLI_000033
CLM_0008089,CLI_000025
CLM_0008090,CLI_000025
CLM_0008091,CLI_000025
CLM_0008092,CLI_000034
CLM_0008093,CLI_000034
CLM_0008094,CLI_000033
CLM_0008095,CLI_000033
CLM_0008096,CLI_000011
CLM_0008097,CLI_000245
CLM_0008098,CLI_000033
CLM_0008099,CLI_000033
CLM_0008100,CLI_000033
CLM_0008101,CLI_000033
CLM_0008102,CLI_000202
CLM_0008103,CLI_000525
CLM_0008104,CLI_000525
CLM_0008105,CLI_000160
CLM_0008106,CLI_000160
CLM_0008107,CLI_000143
CLM_0008108,CLI_000102
CLM_0008109,CLI_000121
CLM_0008110,CLI_000121
CLM_0008111,CLI_000262
CLM_0008112,CLI_000525
CLM_0008113,CLI_000404
CLM_0008114,CLI_000127
CLM_0008115,CLI_000127
CLM_0008116,CLI_000127
CLM_0008117,CLI_000033
CLM_0008118,CLI_000033
CLM_0008119,CLI_000031
CLM_0008120,CLI_000076
CLM_0008121,CLI_000076
CLM_0008122,CLI_000245
CLM_0008123,CLI_000245
CLM_0008124,CLI_000426
CLM_0008125,CLI_000426
CLM_0008126,CLI_000426
CLM_0008127,CLI_000143
CLM_0008128,CLI_000143
CLM_0008129,CLI_000143
CLM_0008130,CLI_000456
CLM_0008131,CLI_000426
CLM_0008132,CLI_000533
CLM_0008133,CLI_000533
CLM_0008134,CLI_000203
CLM_0008135,CLI_000143
CLM_0008136,CLI_000510
CLM_0008137,CLI_000510
CLM_0008138,CLI_000510
CLM_0008139,CLI_000506
CLM_0008140,CLI_000506
CLM_0008141,CLI_000506
CLM_0008142,CLI_000456
CLM_0008143,CLI_000456
CLM_0008144,CLI_000368
CLM_0008145,CLI_000025
CLM_0008146,CLI_000202
CLM_0008147,CLI_000202
CLM_0008148,CLI_000203
CLM_0008149,CLI_000203
CLM_0008150,CLI_000202
CLM_0008151,CLI_000202
CLM_0008152,CLI_000202
CLM_0008153,CLI_000368
CLM_0008154,CLI_000368
CLM_0008155,CLI_000368
CLM_0008156,CLI_000068
CLM_0008157,CLI_000068
CLM_0008158,CLI_000468
CLM_0008159,CLI_000468
CLM_0008160,CLI_000385
CLM_0008161,CLI_000207
CLM_0008162,CLI_000207
CLM_0008163,CLI_000207
CLM_0008164,CLI_000551
CLM_0008165,CLI_000551
CLM_0008166,CLI_000551
CLM_0008167,CLI_000535
CLM_0008168,CLI_000535
CLM_0008169,CLI_000535
CLM_0008170,CLI_000404
CLM_0008171,CLI_000525
CLM_0008172,CLI_000525
CLM_0008173,CLI_000202
CLM_0008174,CLI_000202
CLM_0008175,CLI_000202
CLM_0008176,CLI_000404
CLM_0008177,CLI_000525
CLM_0008178,CLI_000107
CLM_0008179,CLI_000107
CLM_0008180,CLI_000107
CLM_0008181,CLI_000526
CLM_0008182,CLI_000526
CLM_0008183,CLI_000419
CLM_0008184,CLI_000419
CLM_0008185,CLI_000194
CLM_0008186,CLI_000194
CLM_0008187,CLI_000194
CLM_0008188,CLI_000414
CLM_0008189,CLI_000453
CLM_0008190,CLI_000453
CLM_0008191,CLI_000202
CLM_0008192,CLI_000202
CLM_0008193,CLI_000531
CLM_0008194,CLI_000531
CLM_0008195,CLI_000526
CLM_0008196,CLI_000526
CLM_0008197,CLI_000346
CLM_0008198,CLI_000544
CLM_0008199,CLI_000544
CLM_0008200,CLI_000506
CLM_0008201,CLI_000506
CLM_0008202,CLI_000506
CLM_0008203,CLI_000143
CLM_0008204,CLI_000404
CLM_0008205,CLI_000404
CLM_0008206,CLI_000594
CLM_0008207,CLI_000594
CLM_0008208,CLI_000594
CLM_0008209,CLI_000143
CLM_0008210,CLI_000143
CLM_0008211,CLI_000143
CLM_0008212,CLI_000025
CLM_0008213,CLI_000025
CLM_0008214,CLI_000477
CLM_0008215,CLI_000435
CLM_0008216,CLI_000435
CLM_0008217,CLI_000435
CLM_0008218,CLI_000253
CLM_0008219,CLI_000121
CLM_0008220,CLI_000121
CLM_0008221,CLI_000121
CLM_0008222,CLI_000282
CLM_0008223,CLI_000282
CLM_0008224,CLI_000282
CLM_0008225,CLI_000202
CLM_0008226,CLI_000143
CLM_0008227,CLI_000143
CLM_0008228,CLI_000143
CLM_0008229,CLI_000143
CLM_0008230,CLI_000143
CLM_0008231,CLI_000143
CLM_0008232,CLI_000143
CLM_0008233,CLI_000143
CLM_0008234,CLI_000404
CLM_0008235,CLI_000456
CLM_0008236,CLI_000456
CLM_0008237,CLI_000456
CLM_0008238,CLI_000033
CLM_0008239,CLI_000461
CLM_0008240,CLI_000143
CLM_0008241,CLI_000217
CLM_0008242,CLI_000203
CLM_0008243,CLI_000143
CLM_0008244,CLI_000404
CLM_0008245,CLI_000404
CLM_0008246,CLI_000121
CLM_0008247,CLI_000061
CLM_0008248,CLI_000061
CLM_0008249,CLI_000076
CLM_0008250,CLI_000076
CLM_0008251,CLI_000076
CLM_0008252,CLI_000033
CLM_0008253,CLI_000033
CLM_0008254,CLI_000033
CLM_0008255,CLI_000143
CLM_0008256,CLI_000143
CLM_0008257,CLI_000143
CLM_0008258,CLI_000143
CLM_0008259,CLI_000143
CLM_0008260,CLI_000456
CLM_0008261,CLI_000456
CLM_0008262,CLI_000202
CLM_0008263,CLI_000202
CLM_0008264,CLI_000202
CLM_0008265,CLI_000426
CLM_0008266,CLI_000426
CLM_0008267,CLI_000344
CLM_0008268,CLI_000344
CLM_0008269,CLI_000143
CLM_0008270,CLI_000096
CLM_0008271,CLI_000202
CLM_0008272,CLI_000202
CLM_0008273,CLI_000166
CLM_0008274,CLI_000166
CLM_0008275,CLI_000202
CLM_0008276,CLI_000202
CLM_0008277,CLI_000166
CLM_0008278,CLI_000166
CLM_0008279,CLI_000166
CLM_0008280,CLI_000280
CLM_0008281,CLI_000280
CLM_0008282,CLI_000280
CLM_0008283,CLI_000589
CLM_0008284,CLI_000404
CLM_0008285,CLI_000404
CLM_0008286,CLI_000404
CLM_0008287,CLI_000076
CLM_0008288,CLI_000076
CLM_0008289,CLI_000166
CLM_0008290,CLI_000228
CLM_0008291,CLI_000228
CLM_0008292,CLI_000143
CLM_0008293,CLI_000437
CLM_0008294,CLI_000437
CLM_0008295,CLI_000449
CLM_0008296,CLI_000449
CLM_0008297,CLI_000147
CLM_0008298,CLI_000147
CLM_0008299,CLI_000147
CLM_0008300,CLI_000535
CLM_0008301,CLI_000535
CLM_0008302,CLI_000535
CLM_0008303,CLI_000102
CLM_0008304,CLI_000525
CLM_0008305,CLI_000525
CLM_0008306,CLI_000525
CLM_0008307,CLI_000143
CLM_0008308,CLI_000202
CLM_0008309,CLI_000202
CLM_0008310,CLI_000202
CLM_0008311,CLI_000143
CLM_0008312,CLI_000143
CLM_0008313,CLI_000401
CLM_0008314,CLI_000404
CLM_0008315,CLI_000180
CLM_0008316,CLI_000180
CLM_0008317,CLI_000180
CLM_0008318,CLI_000143
CLM_0008319,CLI_000143
CLM_0008320,CLI_000143
CLM_0008321,CLI_000025
CLM_0008322,CLI_000025
CLM_0008323,CLI_000088
CLM_0008324,CLI_000088
CLM_0008325,CLI_000518
CLM_0008326,CLI_000426
CLM_0008327,CLI_000426
CLM_0008328,CLI_000347
CLM_0008329,CLI_000347
CLM_0008330,CLI_000525
CLM_0008331,CLI_000525
CLM_0008332,CLI_000525
CLM_0008333,CLI_000203
CLM_0008334,CLI_000203
CLM_0008335,CLI_000203
CLM_0008336,CLI_000282
CLM_0008337,CLI_000061
CLM_0008338,CLI_000061
CLM_0008339,CLI_000426
CLM_0008340,CLI_000202
CLM_0008341,CLI_000565
CLM_0008342,CLI_000565
CLM_0008343,CLI_000033
CLM_0008344,CLI_000351
CLM_0008345,CLI_000351
CLM_0008346,CLI_000143
CLM_0008347,CLI_000143
CLM_0008348,CLI_000166
CLM_0008349,CLI_000166
CLM_0008350,CLI_000166
CLM_0008351,CLI_000253
CLM_0008352,CLI_000456
CLM_0008353,CLI_000061
CLM_0008354,CLI_000554
CLM_0008355,CLI_000033
CLM_0008356,CLI_000033
CLM_0008357,CLI_000143
CLM_0008358,CLI_000347
CLM_0008359,CLI_000347
CLM_0008360,CLI_000347
CLM_0008361,CLI_000033
CLM_0008362,CLI_000203
CLM_0008363,CLI_000143
CLM_0008364,CLI_000160
CLM_0008365,CLI_000160
CLM_0008366,CLI_000173
CLM_0008367,CLI_000173
CLM_0008368,CLI_000275
CLM_0008369,CLI_000275
CLM_0008370,CLI_000426
CLM_0008371,CLI_000426
CLM_0008372,CLI_000025
CLM_0008373,CLI_000404
CLM_0008374,CLI_000368
CLM_0008375,CLI_000368
CLM_0008376,CLI_000368
CLM_0008377,CLI_000456
CLM_0008378,CLI_000456
CLM_0008379,CLI_000143
CLM_0008380,CLI_000203
CLM_0008381,CLI_000025
CLM_0008382,CLI_000025
CLM_0008383,CLI_000025
CLM_0008384,CLI_000585
CLM_0008385,CLI_000585
CLM_0008386,CLI_000033
CLM_0008387,CLI_000033
CLM_0008388,CLI_000033
CLM_0008389,CLI_000143
CLM_0008390,CLI_000143
CLM_0008391,CLI_000202
CLM_0008392,CLI_000145
CLM_0008393,CLI_000145
CLM_0008394,CLI_000404
CLM_0008395,CLI_000143
CLM_0008396,CLI_000143
CLM_0008397,CLI_000426
CLM_0008398,CLI_000426
CLM_0008399,CLI_000143
CLM_0008400,CLI_000435
CLM_0008401,CLI_000025
CLM_0008402,CLI_000591
CLM_0008403,CLI_000591
CLM_0008404,CLI_000097
CLM_0008405,CLI_000097
CLM_0008406,CLI_000104
CLM_0008407,CLI_000104
CLM_0008408,CLI_000544
CLM_0008409,CLI_000544
CLM_0008410,CLI_000544
CLM_0008411,CLI_000025
CLM_0008412,CLI_000025
CLM_0008413,CLI_000025
CLM_0008414,CLI_000062
CLM_0008415,CLI_000203
CLM_0008416,CLI_000203
CLM_0008417,CLI_000299
CLM_0008418,CLI_000315
CLM_0008419,CLI_000088
CLM_0008420,CLI_000088
CLM_0008421,CLI_000088
CLM_0008422,CLI_000565
CLM_0008423,CLI_000565
CLM_0008424,CLI_000544
CLM_0008425,CLI_000366
CLM_0008426,CLI_000366
CLM_0008427,CLI_000202
CLM_0008428,CLI_000202
CLM_0008429,CLI_000202
CLM_0008430,CLI_000202
CLM_0008431,CLI_000202
CLM_0008432,CLI_000143
CLM_0008433,CLI_000477
CLM_0008434,CLI_000525
CLM_0008435,CLI_000049
CLM_0008436,CLI_000049
CLM_0008437,CLI_000049
CLM_0008438,CLI_000525
CLM_0008439,CLI_000426
CLM_0008440,CLI_000426
CLM_0008441,CLI_000107
CLM_0008442,CLI_000107
CLM_0008443,CLI_000107
CLM_0008444,CLI_000202
CLM_0008445,CLI_000202
CLM_0008446,CLI_000202
CLM_0008447,CLI_000345
CLM_0008448,CLI_000345
CLM_0008449,CLI_000160
CLM_0008450,CLI_000160
CLM_0008451,CLI_000160
CLM_0008452,CLI_000143
CLM_0008453,CLI_000143
CLM_0008454,CLI_000143
CLM_0008455,CLI_000143
CLM_0008456,CLI_000143
CLM_0008457,CLI_000143
CLM_0008458,CLI_000202
CLM_0008459,CLI_000202
CLM_0008460,CLI_000033
CLM_0008461,CLI_000033
CLM_0008462,CLI_000033
CLM_0008463,CLI_000086
CLM_0008464,CLI_000033
CLM_0008465,CLI_000033
CLM_0008466,CLI_000033
CLM_0008467,CLI_000033
CLM_0008468,CLI_000033
CLM_0008469,CLI_000033
CLM_0008470,CLI_000166
CLM_0008471,CLI_000166
CLM_0008472,CLI_000166
CLM_0008473,CLI_000033
CLM_0008474,CLI_000404
CLM_0008475,CLI_000143
CLM_0008476,CLI_000033
CLM_0008477,CLI_000526
CLM_0008478,CLI_000419
CLM_0008479,CLI_000351
CLM_0008480,CLI_000351
CLM_0008481,CLI_000351
CLM_0008482,CLI_000456
CLM_0008483,CLI_000076
CLM_0008484,CLI_000033
CLM_0008485,CLI_000033
CLM_0008486,CLI_000033
CLM_0008487,CLI_000526
CLM_0008488,CLI_000394
CLM_0008489,CLI_000160
CLM_0008490,CLI_000160
CLM_0008491,CLI_000160
CLM_0008492,CLI_000520
CLM_0008493,CLI_000520
CLM_0008494,CLI_000520
CLM_0008495,CLI_000560
CLM_0008496,CLI_000560
CLM_0008497,CLI_000560
CLM_0008498,CLI_000203
CLM_0008499,CLI_000203
CLM_0008500,CLI_000143
CLM_0008501,CLI_000143
CLM_0008502,CLI_000202
CLM_0008503,CLI_000143
CLM_0008504,CLI_000143
CLM_0008505,CLI_000143
CLM_0008506,CLI_000007
CLM_0008507,CLI_000007
CLM_0008508,CLI_000007
CLM_0008509,CLI_000143
CLM_0008510,CLI_000088
CLM_0008511,CLI_000410
CLM_0008512,CLI_000414
CLM_0008513,CLI_000414
CLM_0008514,CLI_000414
CLM_0008515,CLI_000121
CLM_0008516,CLI_000121
CLM_0008517,CLI_000536
CLM_0008518,CLI_000536
CLM_0008519,CLI_000536
CLM_0008520,CLI_000166
CLM_0008521,CLI_000166
CLM_0008522,CLI_000166
CLM_0008523,CLI_000435
CLM_0008524,CLI_000435
CLM_0008525,CLI_000435
CLM_0008526,CLI_000401
CLM_0008527,CLI_000401
CLM_0008528,CLI_000401
CLM_0008529,CLI_000202
CLM_0008530,CLI_000033
CLM_0008531,CLI_000033
CLM_0008532,CLI_000121
CLM_0008533,CLI_000203
CLM_0008534,CLI_000315
CLM_0008535,CLI_000315
CLM_0008536,CLI_000025
CLM_0008537,CLI_000025
CLM_0008538,CLI_000025
CLM_0008539,CLI_000404
CLM_0008540,CLI_000404
CLM_0008541,CLI_000025
CLM_0008542,CLI_000202
CLM_0008543,CLI_000202
CLM_0008544,CLI_000381
CLM_0008545,CLI_000381
CLM_0008546,CLI_000506
CLM_0008547,CLI_000506
CLM_0008548,CLI_000506
CLM_0008549,CLI_000541
CLM_0008550,CLI_000202
CLM_0008551,CLI_000202
CLM_0008552,CLI_000456
CLM_0008553,CLI_000456
CLM_0008554,CLI_000456
CLM_0008555,CLI_000189
CLM_0008556,CLI_000279
CLM_0008557,CLI_000435
CLM_0008558,CLI_000435
CLM_0008559,CLI_000143
CLM_0008560,CLI_000143
CLM_0008561,CLI_000160
CLM_0008562,CLI_000160
CLM_0008563,CLI_000160
CLM_0008564,CLI_000476
CLM_0008565,CLI_000076
CLM_0008566,CLI_000203
CLM_0008567,CLI_000097
CLM_0008568,CLI_000202
CLM_0008569,CLI_000202
CLM_0008570,CLI_000202
CLM_0008571,CLI_000395
CLM_0008572,CLI_000395
CLM_0008573,CLI_000143
CLM_0008574,CLI_000143
CLM_0008575,CLI_000404
CLM_0008576,CLI_000143
CLM_0008577,CLI_000202
CLM_0008578,CLI_000202
CLM_0008579,CLI_000202
CLM_0008580,CLI_000202
CLM_0008581,CLI_000202
CLM_0008582,CLI_000202
CLM_0008583,CLI_000025
CLM_0008584,CLI_000025
CLM_0008585,CLI_000160
CLM_0008586,CLI_000160
CLM_0008587,CLI_000160
CLM_0008588,CLI_000203
CLM_0008589,CLI_000203
CLM_0008590,CLI_000439
CLM_0008591,CLI_000439
CLM_0008592,CLI_000033
CLM_0008593,CLI_000033
CLM_0008594,CLI_000025
CLM_0008595,CLI_000025
CLM_0008596,CLI_000143
CLM_0008597,CLI_000153
CLM_0008598,CLI_000153
CLM_0008599,CLI_000153
CLM_0008600,CLI_000033
CLM_0008601,CLI_000143
CLM_0008602,CLI_000143
CLM_0008603,CLI_000143
CLM_0008604,CLI_000285
CLM_0008605,CLI_000285
CLM_0008606,CLI_000143
CLM_0008607,CLI_000145
CLM_0008608,CLI_000145
CLM_0008609,CLI_000061
CLM_0008610,CLI_000033
CLM_0008611,CLI_000033
CLM_0008612,CLI_000565
CLM_0008613,CLI_000565
CLM_0008614,CLI_000565
CLM_0008615,CLI_000110
CLM_0008616,CLI_000110
CLM_0008617,CLI_000202
CLM_0008618,CLI_000202
CLM_0008619,CLI_000456
CLM_0008620,CLI_000456
CLM_0008621,CLI_000539
CLM_0008622,CLI_000539
CLM_0008623,CLI_000539
CLM_0008624,CLI_000025
CLM_0008625,CLI_000025
CLM_0008626,CLI_000178
CLM_0008627,CLI_000178
CLM_0008628,CLI_000178
CLM_0008629,CLI_000385
CLM_0008630,CLI_000385
CLM_0008631,CLI_000185
CLM_0008632,CLI_000185
CLM_0008633,CLI_000061
CLM_0008634,CLI_000453
CLM_0008635,CLI_000453
CLM_0008636,CLI_000453
CLM_0008637,CLI_000049
CLM_0008638,CLI_000049
CLM_0008639,CLI_000049
CLM_0008640,CLI_000025
CLM_0008641,CLI_000414
CLM_0008642,CLI_000061
CLM_0008643,CLI_000061
CLM_0008644,CLI_000169
CLM_0008645,CLI_000069
CLM_0008646,CLI_000025
CLM_0008647,CLI_000025
CLM_0008648,CLI_000464
CLM_0008649,CLI_000464
CLM_0008650,CLI_000464
CLM_0008651,CLI_000202
CLM_0008652,CLI_000202
CLM_0008653,CLI_000477
CLM_0008654,CLI_000477
CLM_0008655,CLI_000477
CLM_0008656,CLI_000025
CLM_0008657,CLI_000025
CLM_0008658,CLI_000025
CLM_0008659,CLI_000200
CLM_0008660,CLI_000200
CLM_0008661,CLI_000456
CLM_0008662,CLI_000426
CLM_0008663,CLI_000426
CLM_0008664,CLI_000203
CLM_0008665,CLI_000203
CLM_0008666,CLI_000395
CLM_0008667,CLI_000395
CLM_0008668,CLI_000395
CLM_0008669,CLI_000597
CLM_0008670,CLI_000597
CLM_0008671,CLI_000141
CLM_0008672,CLI_000141
CLM_0008673,CLI_000141
CLM_0008674,CLI_000143
CLM_0008675,CLI_000456
CLM_0008676,CLI_000456
CLM_0008677,CLI_000426
CLM_0008678,CLI_000426
CLM_0008679,CLI_000457
CLM_0008680,CLI_000457
CLM_0008681,CLI_000457
CLM_0008682,CLI_000253
CLM_0008683,CLI_000253
CLM_0008684,CLI_000253
CLM_0008685,CLI_000061
CLM_0008686,CLI_000203
CLM_0008687,CLI_000203
CLM_0008688,CLI_000202
CLM_0008689,CLI_000202
CLM_0008690,CLI_000203
CLM_0008691,CLI_000203
CLM_0008692,CLI_000506
CLM_0008693,CLI_000506
CLM_0008694,CLI_000404
CLM_0008695,CLI_000143
CLM_0008696,CLI_000143
CLM_0008697,CLI_000143
CLM_0008698,CLI_000426
CLM_0008699,CLI_000426
CLM_0008700,CLI_000532
CLM_0008701,CLI_000532
CLM_0008702,CLI_000532
CLM_0008703,CLI_000404
CLM_0008704,CLI_000404
CLM_0008705,CLI_000195
CLM_0008706,CLI_000253
CLM_0008707,CLI_000253
CLM_0008708,CLI_000253
CLM_0008709,CLI_000253
CLM_0008710,CLI_000253
CLM_0008711,CLI_000203
CLM_0008712,CLI_000143
CLM_0008713,CLI_000143
CLM_0008714,CLI_000143
CLM_0008715,CLI_000426
CLM_0008716,CLI_000557
CLM_0008717,CLI_000557
CLM_0008718,CLI_000426
CLM_0008719,CLI_000426
CLM_0008720,CLI_000426
CLM_0008721,CLI_000535
CLM_0008722,CLI_000285
CLM_0008723,CLI_000285
CLM_0008724,CLI_000285
CLM_0008725,CLI_000033
CLM_0008726,CLI_000033
CLM_0008727,CLI_000033
CLM_0008728,CLI_000070
CLM_0008729,CLI_000033
CLM_0008730,CLI_000033
CLM_0008731,CLI_000008
CLM_0008732,CLI_000160
CLM_0008733,CLI_000160
CLM_0008734,CLI_000262
CLM_0008735,CLI_000262
CLM_0008736,CLI_000025
CLM_0008737,CLI_000535
CLM_0008738,CLI_000245
CLM_0008739,CLI_000245
CLM_0008740,CLI_000479
CLM_0008741,CLI_000456
CLM_0008742,CLI_000456
CLM_0008743,CLI_000203
CLM_0008744,CLI_000203
CLM_0008745,CLI_000315
CLM_0008746,CLI_000315
CLM_0008747,CLI_000426
CLM_0008748,CLI_000426
CLM_0008749,CLI_000426
CLM_0008750,CLI_000456
CLM_0008751,CLI_000143
CLM_0008752,CLI_000143
CLM_0008753,CLI_000143
CLM_0008754,CLI_000202
CLM_0008755,CLI_000202
CLM_0008756,CLI_000203
CLM_0008757,CLI_000203
CLM_0008758,CLI_000203
CLM_0008759,CLI_000280
CLM_0008760,CLI_000280
CLM_0008761,CLI_000535
CLM_0008762,CLI_000535
CLM_0008763,CLI_000426
CLM_0008764,CLI_000025
CLM_0008765,CLI_000202
CLM_0008766,CLI_000202
CLM_0008767,CLI_000033
CLM_0008768,CLI_000033
CLM_0008769,CLI_000033
CLM_0008770,CLI_000076
CLM_0008771,CLI_000076
CLM_0008772,CLI_000578
CLM_0008773,CLI_000525
CLM_0008774,CLI_000404
CLM_0008775,CLI_000404
CLM_0008776,CLI_000404
CLM_0008777,CLI_000479
CLM_0008778,CLI_000479
CLM_0008779,CLI_000166
CLM_0008780,CLI_000166
CLM_0008781,CLI_000166
CLM_0008782,CLI_000272
CLM_0008783,CLI_000272
CLM_0008784,CLI_000141
CLM_0008785,CLI_000141
CLM_0008786,CLI_000141
CLM_0008787,CLI_000347
CLM_0008788,CLI_000293
CLM_0008789,CLI_000293
CLM_0008790,CLI_000432
CLM_0008791,CLI_000203
CLM_0008792,CLI_000033
CLM_0008793,CLI_000033
CLM_0008794,CLI_000245
CLM_0008795,CLI_000245
CLM_0008796,CLI_000534
CLM_0008797,CLI_000534
CLM_0008798,CLI_000033
CLM_0008799,CLI_000105
CLM_0008800,CLI_000105
CLM_0008801,CLI_000105
CLM_0008802,CLI_000161
CLM_0008803,CLI_000202
CLM_0008804,CLI_000202
CLM_0008805,CLI_000202
CLM_0008806,CLI_000404
CLM_0008807,CLI_000404
CLM_0008808,CLI_000404
CLM_0008809,CLI_000089
CLM_0008810,CLI_000089
CLM_0008811,CLI_000404
CLM_0008812,CLI_000404
CLM_0008813,CLI_000404
CLM_0008814,CLI_000143
CLM_0008815,CLI_000166
CLM_0008816,CLI_000166
CLM_0008817,CLI_000166
CLM_0008818,CLI_000088
CLM_0008819,CLI_000245
CLM_0008820,CLI_000479
CLM_0008821,CLI_000143
CLM_0008822,CLI_000143
CLM_0008823,CLI_000439
CLM_0008824,CLI_000439
CLM_0008825,CLI_000419
CLM_0008826,CLI_000280
CLM_0008827,CLI_000280
CLM_0008828,CLI_000280
CLM_0008829,CLI_000143
CLM_0008830,CLI_000143
CLM_0008831,CLI_000143
CLM_0008832,CLI_000033
CLM_0008833,CLI_000426
CLM_0008834,CLI_000426
CLM_0008835,CLI_000025
CLM_0008836,CLI_000025
CLM_0008837,CLI_000025
CLM_0008838,CLI_000456
CLM_0008839,CLI_000456
CLM_0008840,CLI_000456
CLM_0008841,CLI_000045
CLM_0008842,CLI_000088
CLM_0008843,CLI_000269
CLM_0008844,CLI_000269
CLM_0008845,CLI_000018
CLM_0008846,CLI_000018
CLM_0008847,CLI_000018
CLM_0008848,CLI_000526
CLM_0008849,CLI_000526
CLM_0008850,CLI_000526
CLM_0008851,CLI_000506
CLM_0008852,CLI_000506
CLM_0008853,CLI_000143
CLM_0008854,CLI_000143
CLM_0008855,CLI_000143
CLM_0008856,CLI_000535
CLM_0008857,CLI_000541
CLM_0008858,CLI_000541
CLM_0008859,CLI_000506
CLM_0008860,CLI_000227
CLM_0008861,CLI_000143
CLM_0008862,CLI_000143
CLM_0008863,CLI_000143
CLM_0008864,CLI_000033
CLM_0008865,CLI_000033
CLM_0008866,CLI_000315
CLM_0008867,CLI_000315
CLM_0008868,CLI_000565
CLM_0008869,CLI_000565
CLM_0008870,CLI_000565
CLM_0008871,CLI_000089
CLM_0008872,CLI_000089
CLM_0008873,CLI_000347
CLM_0008874,CLI_000347
CLM_0008875,CLI_000347
CLM_0008876,CLI_000203
CLM_0008877,CLI_000203
CLM_0008878,CLI_000426
CLM_0008879,CLI_000033
CLM_0008880,CLI_000088
CLM_0008881,CLI_000088
CLM_0008882,CLI_000044
CLM_0008883,CLI_000044
CLM_0008884,CLI_000285
CLM_0008885,CLI_000285
CLM_0008886,CLI_000535
CLM_0008887,CLI_000535
CLM_0008888,CLI_000565
CLM_0008889,CLI_000565
CLM_0008890,CLI_000033
CLM_0008891,CLI_000535
CLM_0008892,CLI_000535
CLM_0008893,CLI_000535
CLM_0008894,CLI_000253
CLM_0008895,CLI_000253
CLM_0008896,CLI_000253
CLM_0008897,CLI_000404
CLM_0008898,CLI_000033
CLM_0008899,CLI_000033
CLM_0008900,CLI_000143
CLM_0008901,CLI_000143
CLM_0008902,CLI_000143
CLM_0008903,CLI_000002
CLM_0008904,CLI_000002
CLM_0008905,CLI_000002
CLM_0008906,CLI_000105
CLM_0008907,CLI_000105
CLM_0008908,CLI_000105
CLM_0008909,CLI_000143
CLM_0008910,CLI_000541
CLM_0008911,CLI_000541
CLM_0008912,CLI_000541
CLM_0008913,CLI_000025
CLM_0008914,CLI_000121
CLM_0008915,CLI_000121
CLM_0008916,CLI_000121
CLM_0008917,CLI_000143
CLM_0008918,CLI_000535
CLM_0008919,CLI_000535
CLM_0008920,CLI_000203
CLM_0008921,CLI_000299
CLM_0008922,CLI_000073
CLM_0008923,CLI_000073
CLM_0008924,CLI_000143
CLM_0008925,CLI_000143
CLM_0008926,CLI_000143
CLM_0008927,CLI_000166
CLM_0008928,CLI_000166
CLM_0008929,CLI_000166
CLM_0008930,CLI_000166
CLM_0008931,CLI_000097
CLM_0008932,CLI_000219
CLM_0008933,CLI_000219
CLM_0008934,CLI_000219
CLM_0008935,CLI_000076
CLM_0008936,CLI_000076
CLM_0008937,CLI_000203
CLM_0008938,CLI_000203
CLM_0008939,CLI_000203
CLM_0008940,CLI_000011
CLM_0008941,CLI_000060
CLM_0008942,CLI_000426
CLM_0008943,CLI_000202
CLM_0008944,CLI_000202
CLM_0008945,CLI_000565
CLM_0008946,CLI_000565
CLM_0008947,CLI_000203
CLM_0008948,CLI_000203
CLM_0008949,CLI_000203
CLM_0008950,CLI_000414
CLM_0008951,CLI_000143
CLM_0008952,CLI_000143
CLM_0008953,CLI_000526
CLM_0008954,CLI_000160
CLM_0008955,CLI_000160
CLM_0008956,CLI_000160
CLM_0008957,CLI_000237
CLM_0008958,CLI_000076
CLM_0008959,CLI_000076
CLM_0008960,CLI_000076
CLM_0008961,CLI_000535
CLM_0008962,CLI_000245
CLM_0008963,CLI_000245
CLM_0008964,CLI_000143
CLM_0008965,CLI_000143
CLM_0008966,CLI_000025
CLM_0008967,CLI_000025
CLM_0008968,CLI_000143
CLM_0008969,CLI_000143
CLM_0008970,CLI_000245
CLM_0008971,CLI_000025
CLM_0008972,CLI_000025
CLM_0008973,CLI_000025
CLM_0008974,CLI_000202
CLM_0008975,CLI_000196
CLM_0008976,CLI_000196
CLM_0008977,CLI_000196
CLM_0008978,CLI_000245
CLM_0008979,CLI_000245
CLM_0008980,CLI_000245
CLM_0008981,CLI_000535
CLM_0008982,CLI_000033
CLM_0008983,CLI_000033
CLM_0008984,CLI_000033
CLM_0008985,CLI_000501
CLM_0008986,CLI_000203
CLM_0008987,CLI_000203
CLM_0008988,CLI_000506
CLM_0008989,CLI_000143
CLM_0008990,CLI_000143
CLM_0008991,CLI_000143
CLM_0008992,CLI_000143
CLM_0008993,CLI_000143
CLM_0008994,CLI_000143
CLM_0008995,CLI_000025
CLM_0008996,CLI_000025
CLM_0008997,CLI_000025
CLM_0008998,CLI_000121
CLM_0008999,CLI_000426
CLM_0009000,CLI_000426
CLM_0009001,CLI_000471
CLM_0009002,CLI_000471
CLM_0009003,CLI_000456
CLM_0009004,CLI_000291
CLM_0009005,CLI_000291
CLM_0009006,CLI_000033
CLM_0009007,CLI_000033
CLM_0009008,CLI_000033
CLM_0009009,CLI_000143
CLM_0009010,CLI_000143
CLM_0009011,CLI_000143
CLM_0009012,CLI_000033
CLM_0009013,CLI_000033
CLM_0009014,CLI_000033
CLM_0009015,CLI_000033
CLM_0009016,CLI_000033
CLM_0009017,CLI_000033
CLM_0009018,CLI_000525
CLM_0009019,CLI_000525
CLM_0009020,CLI_000525
CLM_0009021,CLI_000202
CLM_0009022,CLI_000435
CLM_0009023,CLI_000435
CLM_0009024,CLI_000228
CLM_0009025,CLI_000228
CLM_0009026,CLI_000143
CLM_0009027,CLI_000203
CLM_0009028,CLI_000033
CLM_0009029,CLI_000033
CLM_0009030,CLI_000033
CLM_0009031,CLI_000401
CLM_0009032,CLI_000401
CLM_0009033,CLI_000076
CLM_0009034,CLI_000076
CLM_0009035,CLI_000107
CLM_0009036,CLI_000025
CLM_0009037,CLI_000143
CLM_0009038,CLI_000553
CLM_0009039,CLI_000553
CLM_0009040,CLI_000526
CLM_0009041,CLI_000526
CLM_0009042,CLI_000526
CLM_0009043,CLI_000203
CLM_0009044,CLI_000203
CLM_0009045,CLI_000368
CLM_0009046,CLI_000143
CLM_0009047,CLI_000143
CLM_0009048,CLI_000025
CLM_0009049,CLI_000025
CLM_0009050,CLI_000025
CLM_0009051,CLI_000571
CLM_0009052,CLI_000571
CLM_0009053,CLI_000202
CLM_0009054,CLI_000202
CLM_0009055,CLI_000143
CLM_0009056,CLI_000076
CLM_0009057,CLI_000076
CLM_0009058,CLI_000076
CLM_0009059,CLI_000525
CLM_0009060,CLI_000076
CLM_0009061,CLI_000076
CLM_0009062,CLI_000525
CLM_0009063,CLI_000525
CLM_0009064,CLI_000525
CLM_0009065,CLI_000143
CLM_0009066,CLI_000025
CLM_0009067,CLI_000025
CLM_0009068,CLI_000025
CLM_0009069,CLI_000273
CLM_0009070,CLI_000535
CLM_0009071,CLI_000535
CLM_0009072,CLI_000535
CLM_0009073,CLI_000203
CLM_0009074,CLI_000203
CLM_0009075,CLI_000076
CLM_0009076,CLI_000143
CLM_0009077,CLI_000143
CLM_0009078,CLI_000143
CLM_0009079,CLI_000166
CLM_0009080,CLI_000143
CLM_0009081,CLI_000143
CLM_0009082,CLI_000013
CLM_0009083,CLI_000013
CLM_0009084,CLI_000013
CLM_0009085,CLI_000386
CLM_0009086,CLI_000386
CLM_0009087,CLI_000386
CLM_0009088,CLI_000456
CLM_0009089,CLI_000456
CLM_0009090,CLI_000570
CLM_0009091,CLI_000570
CLM_0009092,CLI_000570
CLM_0009093,CLI_000044
CLM_0009094,CLI_000044
CLM_0009095,CLI_000044
CLM_0009096,CLI_000196
CLM_0009097,CLI_000196
CLM_0009098,CLI_000202
CLM_0009099,CLI_000202
CLM_0009100,CLI_000203
CLM_0009101,CLI_000203
CLM_0009102,CLI_000203
CLM_0009103,CLI_000203
CLM_0009104,CLI_000025
CLM_0009105,CLI_000025
CLM_0009106,CLI_000585
CLM_0009107,CLI_000456
CLM_0009108,CLI_000456
CLM_0009109,CLI_000456
CLM_0009110,CLI_000025
CLM_0009111,CLI_000025
CLM_0009112,CLI_000025
CLM_0009113,CLI_000143
CLM_0009114,CLI_000143
CLM_0009115,CLI_000143
CLM_0009116,CLI_000203
CLM_0009117,CLI_000203
CLM_0009118,CLI_000323
CLM_0009119,CLI_000202
CLM_0009120,CLI_000202
CLM_0009121,CLI_000279
CLM_0009122,CLI_000279
CLM_0009123,CLI_000279
CLM_0009124,CLI_000426
CLM_0009125,CLI_000202
CLM_0009126,CLI_000202
CLM_0009127,CLI_000404
CLM_0009128,CLI_000404
CLM_0009129,CLI_000404
CLM_0009130,CLI_000033
CLM_0009131,CLI_000052
CLM_0009132,CLI_000052
CLM_0009133,CLI_000052
CLM_0009134,CLI_000105
CLM_0009135,CLI_000105
CLM_0009136,CLI_000105
CLM_0009137,CLI_000049
CLM_0009138,CLI_000049
CLM_0009139,CLI_000033
CLM_0009140,CLI_000033
CLM_0009141,CLI_000033
CLM_0009142,CLI_000456
CLM_0009143,CLI_000456
CLM_0009144,CLI_000506
CLM_0009145,CLI_000525
CLM_0009146,CLI_000404
CLM_0009147,CLI_000404
CLM_0009148,CLI_000404
CLM_0009149,CLI_000202
CLM_0009150,CLI_000202
CLM_0009151,CLI_000166
CLM_0009152,CLI_000166
CLM_0009153,CLI_000574
CLM_0009154,CLI_000574
CLM_0009155,CLI_000141
CLM_0009156,CLI_000202
CLM_0009157,CLI_000143
CLM_0009158,CLI_000143
CLM_0009159,CLI_000143
CLM_0009160,CLI_000097
CLM_0009161,CLI_000097
CLM_0009162,CLI_000153
CLM_0009163,CLI_000189
CLM_0009164,CLI_000189
CLM_0009165,CLI_000143
CLM_0009166,CLI_000456
CLM_0009167,CLI_000143
CLM_0009168,CLI_000143
CLM_0009169,CLI_000160
CLM_0009170,CLI_000160
CLM_0009171,CLI_000160
CLM_0009172,CLI_000061
CLM_0009173,CLI_000061
CLM_0009174,CLI_000061
CLM_0009175,CLI_000367
CLM_0009176,CLI_000367
CLM_0009177,CLI_000367
CLM_0009178,CLI_000253
CLM_0009179,CLI_000253
CLM_0009180,CLI_000253
CLM_0009181,CLI_000302
CLM_0009182,CLI_000302
CLM_0009183,CLI_000302
CLM_0009184,CLI_000583
CLM_0009185,CLI_000583
CLM_0009186,CLI_000583
CLM_0009187,CLI_000025
CLM_0009188,CLI_000025
CLM_0009189,CLI_000025
CLM_0009190,CLI_000060
CLM_0009191,CLI_000060
CLM_0009192,CLI_000060
CLM_0009193,CLI_000025
CLM_0009194,CLI_000565
CLM_0009195,CLI_000565
CLM_0009196,CLI_000565
CLM_0009197,CLI_000202
CLM_0009198,CLI_000202
CLM_0009199,CLI_000143
CLM_0009200,CLI_000143
CLM_0009201,CLI_000127
CLM_0009202,CLI_000202
CLM_0009203,CLI_000202
CLM_0009204,CLI_000202
CLM_0009205,CLI_000315
CLM_0009206,CLI_000315
CLM_0009207,CLI_000143
CLM_0009208,CLI_000347
CLM_0009209,CLI_000076
CLM_0009210,CLI_000076
CLM_0009211,CLI_000076
CLM_0009212,CLI_000089
CLM_0009213,CLI_000253
CLM_0009214,CLI_000253
CLM_0009215,CLI_000253
CLM_0009216,CLI_000085
CLM_0009217,CLI_000143
CLM_0009218,CLI_000143
CLM_0009219,CLI_000506
CLM_0009220,CLI_000166
CLM_0009221,CLI_000166
CLM_0009222,CLI_000518
CLM_0009223,CLI_000143
CLM_0009224,CLI_000143
CLM_0009225,CLI_000143
CLM_0009226,CLI_000506
CLM_0009227,CLI_000506
CLM_0009228,CLI_000143
CLM_0009229,CLI_000143
CLM_0009230,CLI_000025
CLM_0009231,CLI_000025
CLM_0009232,CLI_000025
CLM_0009233,CLI_000314
CLM_0009234,CLI_000314
CLM_0009235,CLI_000314
CLM_0009236,CLI_000143
CLM_0009237,CLI_000143
CLM_0009238,CLI_000143
CLM_0009239,CLI_000143
CLM_0009240,CLI_000143
CLM_0009241,CLI_000143
CLM_0009242,CLI_000202
CLM_0009243,CLI_000202
CLM_0009244,CLI_000202
CLM_0009245,CLI_000025
CLM_0009246,CLI_000025
CLM_0009247,CLI_000166
CLM_0009248,CLI_000203
CLM_0009249,CLI_000143
CLM_0009250,CLI_000143
CLM_0009251,CLI_000143
CLM_0009252,CLI_000143
CLM_0009253,CLI_000143
CLM_0009254,CLI_000143
CLM_0009255,CLI_000506
CLM_0009256,CLI_000506
CLM_0009257,CLI_000203
CLM_0009258,CLI_000203
CLM_0009259,CLI_000203
CLM_0009260,CLI_000025
CLM_0009261,CLI_000025
CLM_0009262,CLI_000025
CLM_0009263,CLI_000296
CLM_0009264,CLI_000296
CLM_0009265,CLI_000296
CLM_0009266,CLI_000395
CLM_0009267,CLI_000570
CLM_0009268,CLI_000570
CLM_0009269,CLI_000143
CLM_0009270,CLI_000143
CLM_0009271,CLI_000143
CLM_0009272,CLI_000282
CLM_0009273,CLI_000282
CLM_0009274,CLI_000520
CLM_0009275,CLI_000143
CLM_0009276,CLI_000143
CLM_0009277,CLI_000456
CLM_0009278,CLI_000456
CLM_0009279,CLI_000068
CLM_0009280,CLI_000068
CLM_0009281,CLI_000068
CLM_0009282,CLI_000025
CLM_0009283,CLI_000025
CLM_0009284,CLI_000025
CLM_0009285,CLI_000526
CLM_0009286,CLI_000076
CLM_0009287,CLI_000076
CLM_0009288,CLI_000475
CLM_0009289,CLI_000475
CLM_0009290,CLI_000475
CLM_0009291,CLI_000143
CLM_0009292,CLI_000143
CLM_0009293,CLI_000039
CLM_0009294,CLI_000203
CLM_0009295,CLI_000544
CLM_0009296,CLI_000506
CLM_0009297,CLI_000506
CLM_0009298,CLI_000506
CLM_0009299,CLI_000245
CLM_0009300,CLI_000245
CLM_0009301,CLI_000245
CLM_0009302,CLI_000456
CLM_0009303,CLI_000166
CLM_0009304,CLI_000525
CLM_0009305,CLI_000525
CLM_0009306,CLI_000525
CLM_0009307,CLI_000088
CLM_0009308,CLI_000203
CLM_0009309,CLI_000203
CLM_0009310,CLI_000203
CLM_0009311,CLI_000143
CLM_0009312,CLI_000143
CLM_0009313,CLI_000143
CLM_0009314,CLI_000025
CLM_0009315,CLI_000053
CLM_0009316,CLI_000053
CLM_0009317,CLI_000033
CLM_0009318,CLI_000288
CLM_0009319,CLI_000288
CLM_0009320,CLI_000203
CLM_0009321,CLI_000203
CLM_0009322,CLI_000555
CLM_0009323,CLI_000198
CLM_0009324,CLI_000198
CLM_0009325,CLI_000198
CLM_0009326,CLI_000203
CLM_0009327,CLI_000203
CLM_0009328,CLI_000404
CLM_0009329,CLI_000525
CLM_0009330,CLI_000193
CLM_0009331,CLI_000193
CLM_0009332,CLI_000193
CLM_0009333,CLI_000143
CLM_0009334,CLI_000404
CLM_0009335,CLI_000404
CLM_0009336,CLI_000404
CLM_0009337,CLI_000088
CLM_0009338,CLI_000426
CLM_0009339,CLI_000495
CLM_0009340,CLI_000495
CLM_0009341,CLI_000143
CLM_0009342,CLI_000143
CLM_0009343,CLI_000143
CLM_0009344,CLI_000143
CLM_0009345,CLI_000143
CLM_0009346,CLI_000234
CLM_0009347,CLI_000178
CLM_0009348,CLI_000143
CLM_0009349,CLI_000526
CLM_0009350,CLI_000435
CLM_0009351,CLI_000127
CLM_0009352,CLI_000127
CLM_0009353,CLI_000127
CLM_0009354,CLI_000076
CLM_0009355,CLI_000076
CLM_0009356,CLI_000565
CLM_0009357,CLI_000426
CLM_0009358,CLI_000426
CLM_0009359,CLI_000426
CLM_0009360,CLI_000011
CLM_0009361,CLI_000011
CLM_0009362,CLI_000380
CLM_0009363,CLI_000380
CLM_0009364,CLI_000380
CLM_0009365,CLI_000076
CLM_0009366,CLI_000278
CLM_0009367,CLI_000278
CLM_0009368,CLI_000285
CLM_0009369,CLI_000285
CLM_0009370,CLI_000202
CLM_0009371,CLI_000025
CLM_0009372,CLI_000025
CLM_0009373,CLI_000025
CLM_0009374,CLI_000202
CLM_0009375,CLI_000506
CLM_0009376,CLI_000506
CLM_0009377,CLI_000506
CLM_0009378,CLI_000262
CLM_0009379,CLI_000262
CLM_0009380,CLI_000262
CLM_0009381,CLI_000565
CLM_0009382,CLI_000404
CLM_0009383,CLI_000404
CLM_0009384,CLI_000404
CLM_0009385,CLI_000202
CLM_0009386,CLI_000202
CLM_0009387,CLI_000202
CLM_0009388,CLI_000143
CLM_0009389,CLI_000143
CLM_0009390,CLI_000315
CLM_0009391,CLI_000315
CLM_0009392,CLI_000241
CLM_0009393,CLI_000241
CLM_0009394,CLI_000183
CLM_0009395,CLI_000202
CLM_0009396,CLI_000202
CLM_0009397,CLI_000202
CLM_0009398,CLI_000202
CLM_0009399,CLI_000025
CLM_0009400,CLI_000143
CLM_0009401,CLI_000203
CLM_0009402,CLI_000191
CLM_0009403,CLI_000191
CLM_0009404,CLI_000191
CLM_0009405,CLI_000380
CLM_0009406,CLI_000203
CLM_0009407,CLI_000203
CLM_0009408,CLI_000166
CLM_0009409,CLI_000426
CLM_0009410,CLI_000426
CLM_0009411,CLI_000526
CLM_0009412,CLI_000143
CLM_0009413,CLI_000143
CLM_0009414,CLI_000426
CLM_0009415,CLI_000426
CLM_0009416,CLI_000143
CLM_0009417,CLI_000088
CLM_0009418,CLI_000088
CLM_0009419,CLI_000143
CLM_0009420,CLI_000143
CLM_0009421,CLI_000143
CLM_0009422,CLI_000143
CLM_0009423,CLI_000143
CLM_0009424,CLI_000143
CLM_0009425,CLI_000143
CLM_0009426,CLI_000435
CLM_0009427,CLI_000526
CLM_0009428,CLI_000526
CLM_0009429,CLI_000143
CLM_0009430,CLI_000507
CLM_0009431,CLI_000507
CLM_0009432,CLI_000141
CLM_0009433,CLI_000323
CLM_0009434,CLI_000323
CLM_0009435,CLI_000076
CLM_0009436,CLI_000368
CLM_0009437,CLI_000470
CLM_0009438,CLI_000143
CLM_0009439,CLI_000143
CLM_0009440,CLI_000143
CLM_0009441,CLI_000203
CLM_0009442,CLI_000404
CLM_0009443,CLI_000404
CLM_0009444,CLI_000404
CLM_0009445,CLI_000203
CLM_0009446,CLI_000203
CLM_0009447,CLI_000203
CLM_0009448,CLI_000203
CLM_0009449,CLI_000414
CLM_0009450,CLI_000414
CLM_0009451,CLI_000414
CLM_0009452,CLI_000076
CLM_0009453,CLI_000435
CLM_0009454,CLI_000380
CLM_0009455,CLI_000380
CLM_0009456,CLI_000001
CLM_0009457,CLI_000001
CLM_0009458,CLI_000178
CLM_0009459,CLI_000178
CLM_0009460,CLI_000178
CLM_0009461,CLI_000166
CLM_0009462,CLI_000166
CLM_0009463,CLI_000166
CLM_0009464,CLI_000166
CLM_0009465,CLI_000230
CLM_0009466,CLI_000230
CLM_0009467,CLI_000230
CLM_0009468,CLI_000245
CLM_0009469,CLI_000526
CLM_0009470,CLI_000526
CLM_0009471,CLI_000116
CLM_0009472,CLI_000116
CLM_0009473,CLI_000068
CLM_0009474,CLI_000068
CLM_0009475,CLI_000334
CLM_0009476,CLI_000426
CLM_0009477,CLI_000426
CLM_0009478,CLI_000426
CLM_0009479,CLI_000157
CLM_0009480,CLI_000368
CLM_0009481,CLI_000368
CLM_0009482,CLI_000368
CLM_0009483,CLI_000203
CLM_0009484,CLI_000203
CLM_0009485,CLI_000121
CLM_0009486,CLI_000121
CLM_0009487,CLI_000143
CLM_0009488,CLI_000143
CLM_0009489,CLI_000143
CLM_0009490,CLI_000143
CLM_0009491,CLI_000143
CLM_0009492,CLI_000143
CLM_0009493,CLI_000033
CLM_0009494,CLI_000203
CLM_0009495,CLI_000203
CLM_0009496,CLI_000143
CLM_0009497,CLI_000143
CLM_0009498,CLI_000143
CLM_0009499,CLI_000282
CLM_0009500,CLI_000525
CLM_0009501,CLI_000202
CLM_0009502,CLI_000166
CLM_0009503,CLI_000278
CLM_0009504,CLI_000278
CLM_0009505,CLI_000278
CLM_0009506,CLI_000525
CLM_0009507,CLI_000121
CLM_0009508,CLI_000121
CLM_0009509,CLI_000121
CLM_0009510,CLI_000565
CLM_0009511,CLI_000076
CLM_0009512,CLI_000076
CLM_0009513,CLI_000076
CLM_0009514,CLI_000526
CLM_0009515,CLI_000143
CLM_0009516,CLI_000143
CLM_0009517,CLI_000143
CLM_0009518,CLI_000456
CLM_0009519,CLI_000456
CLM_0009520,CLI_000456
CLM_0009521,CLI_000121
CLM_0009522,CLI_000121
CLM_0009523,CLI_000395
CLM_0009524,CLI_000395
CLM_0009525,CLI_000535
CLM_0009526,CLI_000535
CLM_0009527,CLI_000535
CLM_0009528,CLI_000404
CLM_0009529,CLI_000404
CLM_0009530,CLI_000282
CLM_0009531,CLI_000282
CLM_0009532,CLI_000025
CLM_0009533,CLI_000526
CLM_0009534,CLI_000526
CLM_0009535,CLI_000526
CLM_0009536,CLI_000565
CLM_0009537,CLI_000565
CLM_0009538,CLI_000565
CLM_0009539,CLI_000033
CLM_0009540,CLI_000033
CLM_0009541,CLI_000033
CLM_0009542,CLI_000285
CLM_0009543,CLI_000285
CLM_0009544,CLI_000202
CLM_0009545,CLI_000202
CLM_0009546,CLI_000202
CLM_0009547,CLI_000318
CLM_0009548,CLI_000166
CLM_0009549,CLI_000166
CLM_0009550,CLI_000404
CLM_0009551,CLI_000202
CLM_0009552,CLI_000202
CLM_0009553,CLI_000282
CLM_0009554,CLI_000282
CLM_0009555,CLI_000282
CLM_0009556,CLI_000506
CLM_0009557,CLI_000506
CLM_0009558,CLI_000384
CLM_0009559,CLI_000384
CLM_0009560,CLI_000426
CLM_0009561,CLI_000426
CLM_0009562,CLI_000426
CLM_0009563,CLI_000282
CLM_0009564,CLI_000282
CLM_0009565,CLI_000282
CLM_0009566,CLI_000203
CLM_0009567,CLI_000077
CLM_0009568,CLI_000565
CLM_0009569,CLI_000002
CLM_0009570,CLI_000386
CLM_0009571,CLI_000202
CLM_0009572,CLI_000202
CLM_0009573,CLI_000497
CLM_0009574,CLI_000497
CLM_0009575,CLI_000497
CLM_0009576,CLI_000426
CLM_0009577,CLI_000426
CLM_0009578,CLI_000426
CLM_0009579,CLI_000195
CLM_0009580,CLI_000195
CLM_0009581,CLI_000195
CLM_0009582,CLI_000089
CLM_0009583,CLI_000089
CLM_0009584,CLI_000089
CLM_0009585,CLI_000033
CLM_0009586,CLI_000033
CLM_0009587,CLI_000143
CLM_0009588,CLI_000143
CLM_0009589,CLI_000143
CLM_0009590,CLI_000203
CLM_0009591,CLI_000203
CLM_0009592,CLI_000203
CLM_0009593,CLI_000025
CLM_0009594,CLI_000025
CLM_0009595,CLI_000314
CLM_0009596,CLI_000314
CLM_0009597,CLI_000202
CLM_0009598,CLI_000202
CLM_0009599,CLI_000248
CLM_0009600,CLI_000248
CLM_0009601,CLI_000248
CLM_0009602,CLI_000315
CLM_0009603,CLI_000073
CLM_0009604,CLI_000141
CLM_0009605,CLI_000141
CLM_0009606,CLI_000141
CLM_0009607,CLI_000143
CLM_0009608,CLI_000143
CLM_0009609,CLI_000335
CLM_0009610,CLI_000335
CLM_0009611,CLI_000095
CLM_0009612,CLI_000095
CLM_0009613,CLI_000143
CLM_0009614,CLI_000143
CLM_0009615,CLI_000143
CLM_0009616,CLI_000143
CLM_0009617,CLI_000143
CLM_0009618,CLI_000535
CLM_0009619,CLI_000535
CLM_0009620,CLI_000535
CLM_0009621,CLI_000553
CLM_0009622,CLI_000553
CLM_0009623,CLI_000228
CLM_0009624,CLI_000228
CLM_0009625,CLI_000228
CLM_0009626,CLI_000143
CLM_0009627,CLI_000143
CLM_0009628,CLI_000143
CLM_0009629,CLI_000426
CLM_0009630,CLI_000426
CLM_0009631,CLI_000426
CLM_0009632,CLI_000600
CLM_0009633,CLI_000600
CLM_0009634,CLI_000143
CLM_0009635,CLI_000584
CLM_0009636,CLI_000584
CLM_0009637,CLI_000584
CLM_0009638,CLI_000033
CLM_0009639,CLI_000033
CLM_0009640,CLI_000033
CLM_0009641,CLI_000228
CLM_0009642,CLI_000202
CLM_0009643,CLI_000202
CLM_0009644,CLI_000202
CLM_0009645,CLI_000025
CLM_0009646,CLI_000025
CLM_0009647,CLI_000456
CLM_0009648,CLI_000456
CLM_0009649,CLI_000347
CLM_0009650,CLI_000203
CLM_0009651,CLI_000203
CLM_0009652,CLI_000203
CLM_0009653,CLI_000532
CLM_0009654,CLI_000011
CLM_0009655,CLI_000011
CLM_0009656,CLI_000011
CLM_0009657,CLI_000456
CLM_0009658,CLI_000456
CLM_0009659,CLI_000143
CLM_0009660,CLI_000025
CLM_0009661,CLI_000025
CLM_0009662,CLI_000025
CLM_0009663,CLI_000454
CLM_0009664,CLI_000454
CLM_0009665,CLI_000044
CLM_0009666,CLI_000044
CLM_0009667,CLI_000061
CLM_0009668,CLI_000203
CLM_0009669,CLI_000203
CLM_0009670,CLI_000203
CLM_0009671,CLI_000033
CLM_0009672,CLI_000033
CLM_0009673,CLI_000033
CLM_0009674,CLI_000088
CLM_0009675,CLI_000088
CLM_0009676,CLI_000088
CLM_0009677,CLI_000535
CLM_0009678,CLI_000535
CLM_0009679,CLI_000076
CLM_0009680,CLI_000076
CLM_0009681,CLI_000076
CLM_0009682,CLI_000033
CLM_0009683,CLI_000033
CLM_0009684,CLI_000033
CLM_0009685,CLI_000033
CLM_0009686,CLI_000033
CLM_0009687,CLI_000033
CLM_0009688,CLI_000203
CLM_0009689,CLI_000202
CLM_0009690,CLI_000203
CLM_0009691,CLI_000203
CLM_0009692,CLI_000203
CLM_0009693,CLI_000230
CLM_0009694,CLI_000456
CLM_0009695,CLI_000456
CLM_0009696,CLI_000456
CLM_0009697,CLI_000143
CLM_0009698,CLI_000435
CLM_0009699,CLI_000435
CLM_0009700,CLI_000526
CLM_0009701,CLI_000526
CLM_0009702,CLI_000526
CLM_0009703,CLI_000203
CLM_0009704,CLI_000203
CLM_0009705,CLI_000203
CLM_0009706,CLI_000143
CLM_0009707,CLI_000143
CLM_0009708,CLI_000183
CLM_0009709,CLI_000183
CLM_0009710,CLI_000285
CLM_0009711,CLI_000285
CLM_0009712,CLI_000033
CLM_0009713,CLI_000143
CLM_0009714,CLI_000143
CLM_0009715,CLI_000196
CLM_0009716,CLI_000196
CLM_0009717,CLI_000076
CLM_0009718,CLI_000202
CLM_0009719,CLI_000202
CLM_0009720,CLI_000143
CLM_0009721,CLI_000143
CLM_0009722,CLI_000143
CLM_0009723,CLI_000025
CLM_0009724,CLI_000202
CLM_0009725,CLI_000202
CLM_0009726,CLI_000202
CLM_0009727,CLI_000456
CLM_0009728,CLI_000456
CLM_0009729,CLI_000143
CLM_0009730,CLI_000506
CLM_0009731,CLI_000506
CLM_0009732,CLI_000426
CLM_0009733,CLI_000426
CLM_0009734,CLI_000426
CLM_0009735,CLI_000143
CLM_0009736,CLI_000030
CLM_0009737,CLI_000030
CLM_0009738,CLI_000030
CLM_0009739,CLI_000456
CLM_0009740,CLI_000202
CLM_0009741,CLI_000468
CLM_0009742,CLI_000468
CLM_0009743,CLI_000404
CLM_0009744,CLI_000404
CLM_0009745,CLI_000143
CLM_0009746,CLI_000525
CLM_0009747,CLI_000525
CLM_0009748,CLI_000525
CLM_0009749,CLI_000203
CLM_0009750,CLI_000203
CLM_0009751,CLI_000533
CLM_0009752,CLI_000533
CLM_0009753,CLI_000533
CLM_0009754,CLI_000571
CLM_0009755,CLI_000571
CLM_0009756,CLI_000033
CLM_0009757,CLI_000033
CLM_0009758,CLI_000033
CLM_0009759,CLI_000143
CLM_0009760,CLI_000544
CLM_0009761,CLI_000544
CLM_0009762,CLI_000544
CLM_0009763,CLI_000143
CLM_0009764,CLI_000134
CLM_0009765,CLI_000196
CLM_0009766,CLI_000196
CLM_0009767,CLI_000314
CLM_0009768,CLI_000143
CLM_0009769,CLI_000143
CLM_0009770,CLI_000033
CLM_0009771,CLI_000011
CLM_0009772,CLI_000471
CLM_0009773,CLI_000076
CLM_0009774,CLI_000262
CLM_0009775,CLI_000262
CLM_0009776,CLI_000262
CLM_0009777,CLI_000525
CLM_0009778,CLI_000525
CLM_0009779,CLI_000525
CLM_0009780,CLI_000391
CLM_0009781,CLI_000391
CLM_0009782,CLI_000506
CLM_0009783,CLI_000506
CLM_0009784,CLI_000506
CLM_0009785,CLI_000025
CLM_0009786,CLI_000025
CLM_0009787,CLI_000025
CLM_0009788,CLI_000314
CLM_0009789,CLI_000314
CLM_0009790,CLI_000314
CLM_0009791,CLI_000089
CLM_0009792,CLI_000089
CLM_0009793,CLI_000506
CLM_0009794,CLI_000506
CLM_0009795,CLI_000049
CLM_0009796,CLI_000049
CLM_0009797,CLI_000332
CLM_0009798,CLI_000332
CLM_0009799,CLI_000438
CLM_0009800,CLI_000526
CLM_0009801,CLI_000526
CLM_0009802,CLI_000426
CLM_0009803,CLI_000143
CLM_0009804,CLI_000143
CLM_0009805,CLI_000166
CLM_0009806,CLI_000166
CLM_0009807,CLI_000395
CLM_0009808,CLI_000457
CLM_0009809,CLI_000202
CLM_0009810,CLI_000127
CLM_0009811,CLI_000535
CLM_0009812,CLI_000535
CLM_0009813,CLI_000535
CLM_0009814,CLI_000203
CLM_0009815,CLI_000203
CLM_0009816,CLI_000143
CLM_0009817,CLI_000143
CLM_0009818,CLI_000453
CLM_0009819,CLI_000453
CLM_0009820,CLI_000351
CLM_0009821,CLI_000143
CLM_0009822,CLI_000143
CLM_0009823,CLI_000143
CLM_0009824,CLI_000435
CLM_0009825,CLI_000435
CLM_0009826,CLI_000203
CLM_0009827,CLI_000203
CLM_0009828,CLI_000203
CLM_0009829,CLI_000202
CLM_0009830,CLI_000203
CLM_0009831,CLI_000374
CLM_0009832,CLI_000253
CLM_0009833,CLI_000253
CLM_0009834,CLI_000253
CLM_0009835,CLI_000166
CLM_0009836,CLI_000166
CLM_0009837,CLI_000033
CLM_0009838,CLI_000033
CLM_0009839,CLI_000033
CLM_0009840,CLI_000033
CLM_0009841,CLI_000033
CLM_0009842,CLI_000468
CLM_0009843,CLI_000468
CLM_0009844,CLI_000468
CLM_0009845,CLI_000202
CLM_0009846,CLI_000202
CLM_0009847,CLI_000525
CLM_0009848,CLI_000525
CLM_0009849,CLI_000525
CLM_0009850,CLI_000228
CLM_0009851,CLI_000143
CLM_0009852,CLI_000143
CLM_0009853,CLI_000404
CLM_0009854,CLI_000404
CLM_0009855,CLI_000404
CLM_0009856,CLI_000202
CLM_0009857,CLI_000202
CLM_0009858,CLI_000033
CLM_0009859,CLI_000033
CLM_0009860,CLI_000033
CLM_0009861,CLI_000535
CLM_0009862,CLI_000169
CLM_0009863,CLI_000169
CLM_0009864,CLI_000456
CLM_0009865,CLI_000058
CLM_0009866,CLI_000438
CLM_0009867,CLI_000438
CLM_0009868,CLI_000438
CLM_0009869,CLI_000143
CLM_0009870,CLI_000202
CLM_0009871,CLI_000202
CLM_0009872,CLI_000202
CLM_0009873,CLI_000143
CLM_0009874,CLI_000143
CLM_0009875,CLI_000033
CLM_0009876,CLI_000033
CLM_0009877,CLI_000033
CLM_0009878,CLI_000202
CLM_0009879,CLI_000426
CLM_0009880,CLI_000426
CLM_0009881,CLI_000426
CLM_0009882,CLI_000143
CLM_0009883,CLI_000033
CLM_0009884,CLI_000505
CLM_0009885,CLI_000505
CLM_0009886,CLI_000526
CLM_0009887,CLI_000202
CLM_0009888,CLI_000076
CLM_0009889,CLI_000076
CLM_0009890,CLI_000076
CLM_0009891,CLI_000268
CLM_0009892,CLI_000268
CLM_0009893,CLI_000268
CLM_0009894,CLI_000435
CLM_0009895,CLI_000435
CLM_0009896,CLI_000435
CLM_0009897,CLI_000501
CLM_0009898,CLI_000501
CLM_0009899,CLI_000501
CLM_0009900,CLI_000166
CLM_0009901,CLI_000166
CLM_0009902,CLI_000166
CLM_0009903,CLI_000426
CLM_0009904,CLI_000025
CLM_0009905,CLI_000025
CLM_0009906,CLI_000025
CLM_0009907,CLI_000231
CLM_0009908,CLI_000565
CLM_0009909,CLI_000565
CLM_0009910,CLI_000565
CLM_0009911,CLI_000143
CLM_0009912,CLI_000143
CLM_0009913,CLI_000506
CLM_0009914,CLI_000506
CLM_0009915,CLI_000506
CLM_0009916,CLI_000476
CLM_0009917,CLI_000476
CLM_0009918,CLI_000476
CLM_0009919,CLI_000268
CLM_0009920,CLI_000268
CLM_0009921,CLI_000268
CLM_0009922,CLI_000166
CLM_0009923,CLI_000166
CLM_0009924,CLI_000033
CLM_0009925,CLI_000033
CLM_0009926,CLI_000033
CLM_0009927,CLI_000143
CLM_0009928,CLI_000143
CLM_0009929,CLI_000143
CLM_0009930,CLI_000143
CLM_0009931,CLI_000143
CLM_0009932,CLI_000143
CLM_0009933,CLI_000416
CLM_0009934,CLI_000535
CLM_0009935,CLI_000535
CLM_0009936,CLI_000143
CLM_0009937,CLI_000143
CLM_0009938,CLI_000565
CLM_0009939,CLI_000565
CLM_0009940,CLI_000565
CLM_0009941,CLI_000347
CLM_0009942,CLI_000347
CLM_0009943,CLI_000059
CLM_0009944,CLI_000059
CLM_0009945,CLI_000065
CLM_0009946,CLI_000065
CLM_0009947,CLI_000065
CLM_0009948,CLI_000202
CLM_0009949,CLI_000262
CLM_0009950,CLI_000033
CLM_0009951,CLI_000033
CLM_0009952,CLI_000033
CLM_0009953,CLI_000404
CLM_0009954,CLI_000404
CLM_0009955,CLI_000404
CLM_0009956,CLI_000203
CLM_0009957,CLI_000203
CLM_0009958,CLI_000533
CLM_0009959,CLI_000025
CLM_0009960,CLI_000076
CLM_0009961,CLI_000076
CLM_0009962,CLI_000076
CLM_0009963,CLI_000051
CLM_0009964,CLI_000526
CLM_0009965,CLI_000526
CLM_0009966,CLI_000290
CLM_0009967,CLI_000189
CLM_0009968,CLI_000189
CLM_0009969,CLI_000258
CLM_0009970,CLI_000045
CLM_0009971,CLI_000203
CLM_0009972,CLI_000203
CLM_0009973,CLI_000203
CLM_0009974,CLI_000203
CLM_0009975,CLI_000143
CLM_0009976,CLI_000143
CLM_0009977,CLI_000558
CLM_0009978,CLI_000558
CLM_0009979,CLI_000558
CLM_0009980,CLI_000426
CLM_0009981,CLI_000143
CLM_0009982,CLI_000203
CLM_0009983,CLI_000203
CLM_0009984,CLI_000456
CLM_0009985,CLI_000456
CLM_0009986,CLI_000456
CLM_0009987,CLI_000268
CLM_0009988,CLI_000268
CLM_0009989,CLI_000143
CLM_0009990,CLI_000143
CLM_0009991,CLI_000143
CLM_0009992,CLI_000143
CLM_0009993,CLI_000143
CLM_0009994,CLI_000395
CLM_0009995,CLI_000395
CLM_0009996,CLI_000574
CLM_0009997,CLI_000574
CLM_0009998,CLI_000255
CLM_0009999,CLI_000166
CLM_0010000,CLI_000166
CLM_0010001,CLI_000166
CLM_0010002,CLI_000223
CLM_0010003,CLI_000223
CLM_0010004,CLI_000223
CLM_0010005,CLI_000438
CLM_0010006,CLI_000438
CLM_0010007,CLI_000143
CLM_0010008,CLI_000143
CLM_0010009,CLI_000033
CLM_0010010,CLI_000052
CLM_0010011,CLI_000052
CLM_0010012,CLI_000052
CLM_0010013,CLI_000426
CLM_0010014,CLI_000362
CLM_0010015,CLI_000362
CLM_0010016,CLI_000203
CLM_0010017,CLI_000203
CLM_0010018,CLI_000033
CLM_0010019,CLI_000033
CLM_0010020,CLI_000553
CLM_0010021,CLI_000553
CLM_0010022,CLI_000143
CLM_0010023,CLI_000143
CLM_0010024,CLI_000076
CLM_0010025,CLI_000033
CLM_0010026,CLI_000025
CLM_0010027,CLI_000506
CLM_0010028,CLI_000506
CLM_0010029,CLI_000506
CLM_0010030,CLI_000033
CLM_0010031,CLI_000033
CLM_0010032,CLI_000033
CLM_0010033,CLI_000033
CLM_0010034,CLI_000535
CLM_0010035,CLI_000535
CLM_0010036,CLI_000033
CLM_0010037,CLI_000033
CLM_0010038,CLI_000404
CLM_0010039,CLI_000404
CLM_0010040,CLI_000404
CLM_0010041,CLI_000143
CLM_0010042,CLI_000143
CLM_0010043,CLI_000143
CLM_0010044,CLI_000041
CLM_0010045,CLI_000041
CLM_0010046,CLI_000456
CLM_0010047,CLI_000456
CLM_0010048,CLI_000456
CLM_0010049,CLI_000189
CLM_0010050,CLI_000189
CLM_0010051,CLI_000033
CLM_0010052,CLI_000033
CLM_0010053,CLI_000033
CLM_0010054,CLI_000001
CLM_0010055,CLI_000507
CLM_0010056,CLI_000202
CLM_0010057,CLI_000202
CLM_0010058,CLI_000166
CLM_0010059,CLI_000166
CLM_0010060,CLI_000214
CLM_0010061,CLI_000214
CLM_0010062,CLI_000214
CLM_0010063,CLI_000202
CLM_0010064,CLI_000202
CLM_0010065,CLI_000202
CLM_0010066,CLI_000143
CLM_0010067,CLI_000143
CLM_0010068,CLI_000143
CLM_0010069,CLI_000124
CLM_0010070,CLI_000525
CLM_0010071,CLI_000525
CLM_0010072,CLI_000525
CLM_0010073,CLI_000525
CLM_0010074,CLI_000525
CLM_0010075,CLI_000202
CLM_0010076,CLI_000025
CLM_0010077,CLI_000025
CLM_0010078,CLI_000404
CLM_0010079,CLI_000491
CLM_0010080,CLI_000491
CLM_0010081,CLI_000491
CLM_0010082,CLI_000506
CLM_0010083,CLI_000025
CLM_0010084,CLI_000025
CLM_0010085,CLI_000299
CLM_0010086,CLI_000299
CLM_0010087,CLI_000453
CLM_0010088,CLI_000453
CLM_0010089,CLI_000011
CLM_0010090,CLI_000033
CLM_0010091,CLI_000404
CLM_0010092,CLI_000404
CLM_0010093,CLI_000404
CLM_0010094,CLI_000419
CLM_0010095,CLI_000419
CLM_0010096,CLI_000419
CLM_0010097,CLI_000143
CLM_0010098,CLI_000143
CLM_0010099,CLI_000143
CLM_0010100,CLI_000203
CLM_0010101,CLI_000203
CLM_0010102,CLI_000203
CLM_0010103,CLI_000143
CLM_0010104,CLI_000143
CLM_0010105,CLI_000143
CLM_0010106,CLI_000202
CLM_0010107,CLI_000202
CLM_0010108,CLI_000202
CLM_0010109,CLI_000385
CLM_0010110,CLI_000419
CLM_0010111,CLI_000419
CLM_0010112,CLI_000419
CLM_0010113,CLI_000435
CLM_0010114,CLI_000435
CLM_0010115,CLI_000435
CLM_0010116,CLI_000166
CLM_0010117,CLI_000143
CLM_0010118,CLI_000143
CLM_0010119,CLI_000143
CLM_0010120,CLI_000456
CLM_0010121,CLI_000456
CLM_0010122,CLI_000456
CLM_0010123,CLI_000203
CLM_0010124,CLI_000203
CLM_0010125,CLI_000570
CLM_0010126,CLI_000570
CLM_0010127,CLI_000202
CLM_0010128,CLI_000202
CLM_0010129,CLI_000202
CLM_0010130,CLI_000278
CLM_0010131,CLI_000278
CLM_0010132,CLI_000456
CLM_0010133,CLI_000456
CLM_0010134,CLI_000470
CLM_0010135,CLI_000138
CLM_0010136,CLI_000200
CLM_0010137,CLI_000200
CLM_0010138,CLI_000203
CLM_0010139,CLI_000203
CLM_0010140,CLI_000242
CLM_0010141,CLI_000394
CLM_0010142,CLI_000394
CLM_0010143,CLI_000394
CLM_0010144,CLI_000506
CLM_0010145,CLI_000506
CLM_0010146,CLI_000195
CLM_0010147,CLI_000195
CLM_0010148,CLI_000195
CLM_0010149,CLI_000203
CLM_0010150,CLI_000203
CLM_0010151,CLI_000202
CLM_0010152,CLI_000202
CLM_0010153,CLI_000202
CLM_0010154,CLI_000202
CLM_0010155,CLI_000202
CLM_0010156,CLI_000076
CLM_0010157,CLI_000121
CLM_0010158,CLI_000025
CLM_0010159,CLI_000025
CLM_0010160,CLI_000199
CLM_0010161,CLI_000199
CLM_0010162,CLI_000199
CLM_0010163,CLI_000203
CLM_0010164,CLI_000203
CLM_0010165,CLI_000203
CLM_0010166,CLI_000202
CLM_0010167,CLI_000033
CLM_0010168,CLI_000033
CLM_0010169,CLI_000033
CLM_0010170,CLI_000202
CLM_0010171,CLI_000272
CLM_0010172,CLI_000203
CLM_0010173,CLI_000203
CLM_0010174,CLI_000076
CLM_0010175,CLI_000076
CLM_0010176,CLI_000076
CLM_0010177,CLI_000033
CLM_0010178,CLI_000138
CLM_0010179,CLI_000138
CLM_0010180,CLI_000202
CLM_0010181,CLI_000253
CLM_0010182,CLI_000253
CLM_0010183,CLI_000033
CLM_0010184,CLI_000033
CLM_0010185,CLI_000196
CLM_0010186,CLI_000196
CLM_0010187,CLI_000196
CLM_0010188,CLI_000314
CLM_0010189,CLI_000314
CLM_0010190,CLI_000314
CLM_0010191,CLI_000591
CLM_0010192,CLI_000033
CLM_0010193,CLI_000385
CLM_0010194,CLI_000385
CLM_0010195,CLI_000385
CLM_0010196,CLI_000214
CLM_0010197,CLI_000214
CLM_0010198,CLI_000160
CLM_0010199,CLI_000160
CLM_0010200,CLI_000456
CLM_0010201,CLI_000456
CLM_0010202,CLI_000203
CLM_0010203,CLI_000292
CLM_0010204,CLI_000143
CLM_0010205,CLI_000143
CLM_0010206,CLI_000143
CLM_0010207,CLI_000203
CLM_0010208,CLI_000203
CLM_0010209,CLI_000203
CLM_0010210,CLI_000203
CLM_0010211,CLI_000203
CLM_0010212,CLI_000203
CLM_0010213,CLI_000395
CLM_0010214,CLI_000143
CLM_0010215,CLI_000143
CLM_0010216,CLI_000166
CLM_0010217,CLI_000166
CLM_0010218,CLI_000166
CLM_0010219,CLI_000202
CLM_0010220,CLI_000202
CLM_0010221,CLI_000033
CLM_0010222,CLI_000404
CLM_0010223,CLI_000253
CLM_0010224,CLI_000526
CLM_0010225,CLI_000033
CLM_0010226,CLI_000033
CLM_0010227,CLI_000456
CLM_0010228,CLI_000143
CLM_0010229,CLI_000143
CLM_0010230,CLI_000033
CLM_0010231,CLI_000033
CLM_0010232,CLI_000435
CLM_0010233,CLI_000435
CLM_0010234,CLI_000033
CLM_0010235,CLI_000155
CLM_0010236,CLI_000155
CLM_0010237,CLI_000155
CLM_0010238,CLI_000456
CLM_0010239,CLI_000194
CLM_0010240,CLI_000203
CLM_0010241,CLI_000203
CLM_0010242,CLI_000203
CLM_0010243,CLI_000025
CLM_0010244,CLI_000033
CLM_0010245,CLI_000033
CLM_0010246,CLI_000025
CLM_0010247,CLI_000203
CLM_0010248,CLI_000203
CLM_0010249,CLI_000203
CLM_0010250,CLI_000559
CLM_0010251,CLI_000559
CLM_0010252,CLI_000525
CLM_0010253,CLI_000076
CLM_0010254,CLI_000506
CLM_0010255,CLI_000506
CLM_0010256,CLI_000506
CLM_0010257,CLI_000525
CLM_0010258,CLI_000525
CLM_0010259,CLI_000525
CLM_0010260,CLI_000591
CLM_0010261,CLI_000591
CLM_0010262,CLI_000426
CLM_0010263,CLI_000143
CLM_0010264,CLI_000143
CLM_0010265,CLI_000143
CLM_0010266,CLI_000398
CLM_0010267,CLI_000398
CLM_0010268,CLI_000565
CLM_0010269,CLI_000565
CLM_0010270,CLI_000565
CLM_0010271,CLI_000143
CLM_0010272,CLI_000025
CLM_0010273,CLI_000299
CLM_0010274,CLI_000299
CLM_0010275,CLI_000380
CLM_0010276,CLI_000380
CLM_0010277,CLI_000105
CLM_0010278,CLI_000105
CLM_0010279,CLI_000513
CLM_0010280,CLI_000513
CLM_0010281,CLI_000513
CLM_0010282,CLI_000374
CLM_0010283,CLI_000143
CLM_0010284,CLI_000143
CLM_0010285,CLI_000225
CLM_0010286,CLI_000225
CLM_0010287,CLI_000225
CLM_0010288,CLI_000525
CLM_0010289,CLI_000525
CLM_0010290,CLI_000404
CLM_0010291,CLI_000404
CLM_0010292,CLI_000404
CLM_0010293,CLI_000453
CLM_0010294,CLI_000453
CLM_0010295,CLI_000453
CLM_0010296,CLI_000033
CLM_0010297,CLI_000033
CLM_0010298,CLI_000033
CLM_0010299,CLI_000203
CLM_0010300,CLI_000426
CLM_0010301,CLI_000426
CLM_0010302,CLI_000033
CLM_0010303,CLI_000033
CLM_0010304,CLI_000033
CLM_0010305,CLI_000548
CLM_0010306,CLI_000548
CLM_0010307,CLI_000143
CLM_0010308,CLI_000143
CLM_0010309,CLI_000143
CLM_0010310,CLI_000166
CLM_0010311,CLI_000009
CLM_0010312,CLI_000009
CLM_0010313,CLI_000009
CLM_0010314,CLI_000143
CLM_0010315,CLI_000143
CLM_0010316,CLI_000525
CLM_0010317,CLI_000525
CLM_0010318,CLI_000397
CLM_0010319,CLI_000397
CLM_0010320,CLI_000166
CLM_0010321,CLI_000426
CLM_0010322,CLI_000426
CLM_0010323,CLI_000404
CLM_0010324,CLI_000502
CLM_0010325,CLI_000502
CLM_0010326,CLI_000502
CLM_0010327,CLI_000253
CLM_0010328,CLI_000253
CLM_0010329,CLI_000253
CLM_0010330,CLI_000143
CLM_0010331,CLI_000143
CLM_0010332,CLI_000143
CLM_0010333,CLI_000143
CLM_0010334,CLI_000143
CLM_0010335,CLI_000143
CLM_0010336,CLI_000285
CLM_0010337,CLI_000097
CLM_0010338,CLI_000097
CLM_0010339,CLI_000097
CLM_0010340,CLI_000143
CLM_0010341,CLI_000143
CLM_0010342,CLI_000025
CLM_0010343,CLI_000202
CLM_0010344,CLI_000435
CLM_0010345,CLI_000282
CLM_0010346,CLI_000282
CLM_0010347,CLI_000456
CLM_0010348,CLI_000456
CLM_0010349,CLI_000025
CLM_0010350,CLI_000025
CLM_0010351,CLI_000426
CLM_0010352,CLI_000426
CLM_0010353,CLI_000471
CLM_0010354,CLI_000471
CLM_0010355,CLI_000471
CLM_0010356,CLI_000203
CLM_0010357,CLI_000203
CLM_0010358,CLI_000143
CLM_0010359,CLI_000143
CLM_0010360,CLI_000506
CLM_0010361,CLI_000506
CLM_0010362,CLI_000506
CLM_0010363,CLI_000105
CLM_0010364,CLI_000194
CLM_0010365,CLI_000194
CLM_0010366,CLI_000076
CLM_0010367,CLI_000327
CLM_0010368,CLI_000327
CLM_0010369,CLI_000327
CLM_0010370,CLI_000426
CLM_0010371,CLI_000426
CLM_0010372,CLI_000426
CLM_0010373,CLI_000143
CLM_0010374,CLI_000143
CLM_0010375,CLI_000025
CLM_0010376,CLI_000025
CLM_0010377,CLI_000025
CLM_0010378,CLI_000426
CLM_0010379,CLI_000143
CLM_0010380,CLI_000456
CLM_0010381,CLI_000456
CLM_0010382,CLI_000404
CLM_0010383,CLI_000404
CLM_0010384,CLI_000404
CLM_0010385,CLI_000143
CLM_0010386,CLI_000143
CLM_0010387,CLI_000143
CLM_0010388,CLI_000143
CLM_0010389,CLI_000143
CLM_0010390,CLI_000011
CLM_0010391,CLI_000323
CLM_0010392,CLI_000076
CLM_0010393,CLI_000456
CLM_0010394,CLI_000143
CLM_0010395,CLI_000143
CLM_0010396,CLI_000143
CLM_0010397,CLI_000143
CLM_0010398,CLI_000143
CLM_0010399,CLI_000076
CLM_0010400,CLI_000076
CLM_0010401,CLI_000335
CLM_0010402,CLI_000166
CLM_0010403,CLI_000166
CLM_0010404,CLI_000143
CLM_0010405,CLI_000557
CLM_0010406,CLI_000557
CLM_0010407,CLI_000166
CLM_0010408,CLI_000166
CLM_0010409,CLI_000380
CLM_0010410,CLI_000143
CLM_0010411,CLI_000143
CLM_0010412,CLI_000438
CLM_0010413,CLI_000438
CLM_0010414,CLI_000025
CLM_0010415,CLI_000368
CLM_0010416,CLI_000368
CLM_0010417,CLI_000368
CLM_0010418,CLI_000268
CLM_0010419,CLI_000268
CLM_0010420,CLI_000268
CLM_0010421,CLI_000347
CLM_0010422,CLI_000160
CLM_0010423,CLI_000591
CLM_0010424,CLI_000025
CLM_0010425,CLI_000025
CLM_0010426,CLI_000565
CLM_0010427,CLI_000565
CLM_0010428,CLI_000033
CLM_0010429,CLI_000033
CLM_0010430,CLI_000166
CLM_0010431,CLI_000033
CLM_0010432,CLI_000033
CLM_0010433,CLI_000033
CLM_0010434,CLI_000143
CLM_0010435,CLI_000541
CLM_0010436,CLI_000541
CLM_0010437,CLI_000541
CLM_0010438,CLI_000426
CLM_0010439,CLI_000426
CLM_0010440,CLI_000063
CLM_0010441,CLI_000538
CLM_0010442,CLI_000538
CLM_0010443,CLI_000538
CLM_0010444,CLI_000143
CLM_0010445,CLI_000143
CLM_0010446,CLI_000143
CLM_0010447,CLI_000203
CLM_0010448,CLI_000203
CLM_0010449,CLI_000203
CLM_0010450,CLI_000033
CLM_0010451,CLI_000033
CLM_0010452,CLI_000033
CLM_0010453,CLI_000025
CLM_0010454,CLI_000025
CLM_0010455,CLI_000025
CLM_0010456,CLI_000471
CLM_0010457,CLI_000471
CLM_0010458,CLI_000471
CLM_0010459,CLI_000423
CLM_0010460,CLI_000423
CLM_0010461,CLI_000035
CLM_0010462,CLI_000368
CLM_0010463,CLI_000368
CLM_0010464,CLI_000368
CLM_0010465,CLI_000506
CLM_0010466,CLI_000160
CLM_0010467,CLI_000160
CLM_0010468,CLI_000025
CLM_0010469,CLI_000218
CLM_0010470,CLI_000033
CLM_0010471,CLI_000033
CLM_0010472,CLI_000025
CLM_0010473,CLI_000025
CLM_0010474,CLI_000025
CLM_0010475,CLI_000566
CLM_0010476,CLI_000203
CLM_0010477,CLI_000203
CLM_0010478,CLI_000143
CLM_0010479,CLI_000143
CLM_0010480,CLI_000025
CLM_0010481,CLI_000025
CLM_0010482,CLI_000025
CLM_0010483,CLI_000453
CLM_0010484,CLI_000453
CLM_0010485,CLI_000453
CLM_0010486,CLI_000143
CLM_0010487,CLI_000076
CLM_0010488,CLI_000076
CLM_0010489,CLI_000076
CLM_0010490,CLI_000202
CLM_0010491,CLI_000202
CLM_0010492,CLI_000025
CLM_0010493,CLI_000025
CLM_0010494,CLI_000533
CLM_0010495,CLI_000533
CLM_0010496,CLI_000533
CLM_0010497,CLI_000202
CLM_0010498,CLI_000525
CLM_0010499,CLI_000525
CLM_0010500,CLI_000525
CLM_0010501,CLI_000203
CLM_0010502,CLI_000203
CLM_0010503,CLI_000143
CLM_0010504,CLI_000143
CLM_0010505,CLI_000143
CLM_0010506,CLI_000414
CLM_0010507,CLI_000245
CLM_0010508,CLI_000323
CLM_0010509,CLI_000323
CLM_0010510,CLI_000323
CLM_0010511,CLI_000435
CLM_0010512,CLI_000009
CLM_0010513,CLI_000009
CLM_0010514,CLI_000009
CLM_0010515,CLI_000245
CLM_0010516,CLI_000245
CLM_0010517,CLI_000143
CLM_0010518,CLI_000143
CLM_0010519,CLI_000166
CLM_0010520,CLI_000004
CLM_0010521,CLI_000004
CLM_0010522,CLI_000203
CLM_0010523,CLI_000203
CLM_0010524,CLI_000203
CLM_0010525,CLI_000033
CLM_0010526,CLI_000025
CLM_0010527,CLI_000025
CLM_0010528,CLI_000025
CLM_0010529,CLI_000088
CLM_0010530,CLI_000088
CLM_0010531,CLI_000088
CLM_0010532,CLI_000033
CLM_0010533,CLI_000477
CLM_0010534,CLI_000574
CLM_0010535,CLI_000574
CLM_0010536,CLI_000143
CLM_0010537,CLI_000535
CLM_0010538,CLI_000535
CLM_0010539,CLI_000367
CLM_0010540,CLI_000367
CLM_0010541,CLI_000367
CLM_0010542,CLI_000385
CLM_0010543,CLI_000385
CLM_0010544,CLI_000385
CLM_0010545,CLI_000143
CLM_0010546,CLI_000426
CLM_0010547,CLI_000033
CLM_0010548,CLI_000033
CLM_0010549,CLI_000033
CLM_0010550,CLI_000194
CLM_0010551,CLI_000203
CLM_0010552,CLI_000203
CLM_0010553,CLI_000456
CLM_0010554,CLI_000456
CLM_0010555,CLI_000456
CLM_0010556,CLI_000202
CLM_0010557,CLI_000202
CLM_0010558,CLI_000202
CLM_0010559,CLI_000049
CLM_0010560,CLI_000049
CLM_0010561,CLI_000049
CLM_0010562,CLI_000076
CLM_0010563,CLI_000076
CLM_0010564,CLI_000076
CLM_0010565,CLI_000245
CLM_0010566,CLI_000435
CLM_0010567,CLI_000435
CLM_0010568,CLI_000525
CLM_0010569,CLI_000033
CLM_0010570,CLI_000033
CLM_0010571,CLI_000380
CLM_0010572,CLI_000380
CLM_0010573,CLI_000025
CLM_0010574,CLI_000025
CLM_0010575,CLI_000025
CLM_0010576,CLI_000021
CLM_0010577,CLI_000021
CLM_0010578,CLI_000021
CLM_0010579,CLI_000215
CLM_0010580,CLI_000202
CLM_0010581,CLI_000202
CLM_0010582,CLI_000202
CLM_0010583,CLI_000414
CLM_0010584,CLI_000414
CLM_0010585,CLI_000414
CLM_0010586,CLI_000033
CLM_0010587,CLI_000143
CLM_0010588,CLI_000143
CLM_0010589,CLI_000143
CLM_0010590,CLI_000202
CLM_0010591,CLI_000143
CLM_0010592,CLI_000143
CLM_0010593,CLI_000391
CLM_0010594,CLI_000419
CLM_0010595,CLI_000419
CLM_0010596,CLI_000419
CLM_0010597,CLI_000506
CLM_0010598,CLI_000506
CLM_0010599,CLI_000506
CLM_0010600,CLI_000203
CLM_0010601,CLI_000203
CLM_0010602,CLI_000076
CLM_0010603,CLI_000552
CLM_0010604,CLI_000552
CLM_0010605,CLI_000552
CLM_0010606,CLI_000329
CLM_0010607,CLI_000329
CLM_0010608,CLI_000329
CLM_0010609,CLI_000143
CLM_0010610,CLI_000278
CLM_0010611,CLI_000278
CLM_0010612,CLI_000143
CLM_0010613,CLI_000143
CLM_0010614,CLI_000143
CLM_0010615,CLI_000435
CLM_0010616,CLI_000435
CLM_0010617,CLI_000435
CLM_0010618,CLI_000143
CLM_0010619,CLI_000143
CLM_0010620,CLI_000143
CLM_0010621,CLI_000426
CLM_0010622,CLI_000426
CLM_0010623,CLI_000426
CLM_0010624,CLI_000453
CLM_0010625,CLI_000453
CLM_0010626,CLI_000453
CLM_0010627,CLI_000143
CLM_0010628,CLI_000143
CLM_0010629,CLI_000143
CLM_0010630,CLI_000202
CLM_0010631,CLI_000202
CLM_0010632,CLI_000202
CLM_0010633,CLI_000506
CLM_0010634,CLI_000506
CLM_0010635,CLI_000429
CLM_0010636,CLI_000429
CLM_0010637,CLI_000429
CLM_0010638,CLI_000033
CLM_0010639,CLI_000033
CLM_0010640,CLI_000033
CLM_0010641,CLI_000506
CLM_0010642,CLI_000203
CLM_0010643,CLI_000203
CLM_0010644,CLI_000506
CLM_0010645,CLI_000143
CLM_0010646,CLI_000143
CLM_0010647,CLI_000143
CLM_0010648,CLI_000426
CLM_0010649,CLI_000426
CLM_0010650,CLI_000426
CLM_0010651,CLI_000143
CLM_0010652,CLI_000203
CLM_0010653,CLI_000391
CLM_0010654,CLI_000391
CLM_0010655,CLI_000391
CLM_0010656,CLI_000143
CLM_0010657,CLI_000525
CLM_0010658,CLI_000525
CLM_0010659,CLI_000444
CLM_0010660,CLI_000200
CLM_0010661,CLI_000143
CLM_0010662,CLI_000507
CLM_0010663,CLI_000507
CLM_0010664,CLI_000507
CLM_0010665,CLI_000143
CLM_0010666,CLI_000143
CLM_0010667,CLI_000076
CLM_0010668,CLI_000253
CLM_0010669,CLI_000253
CLM_0010670,CLI_000565
CLM_0010671,CLI_000565
CLM_0010672,CLI_000143
CLM_0010673,CLI_000143
CLM_0010674,CLI_000143
CLM_0010675,CLI_000565
CLM_0010676,CLI_000565
CLM_0010677,CLI_000506
CLM_0010678,CLI_000506
CLM_0010679,CLI_000143
CLM_0010680,CLI_000143
CLM_0010681,CLI_000143
CLM_0010682,CLI_000541
CLM_0010683,CLI_000453
CLM_0010684,CLI_000453
CLM_0010685,CLI_000552
CLM_0010686,CLI_000552
CLM_0010687,CLI_000552
CLM_0010688,CLI_000203
CLM_0010689,CLI_000202
CLM_0010690,CLI_000202
CLM_0010691,CLI_000141
CLM_0010692,CLI_000141
CLM_0010693,CLI_000141
CLM_0010694,CLI_000033
CLM_0010695,CLI_000061
CLM_0010696,CLI_000368
CLM_0010697,CLI_000368
CLM_0010698,CLI_000368
CLM_0010699,CLI_000033
CLM_0010700,CLI_000033
CLM_0010701,CLI_000435
CLM_0010702,CLI_000435
CLM_0010703,CLI_000435
CLM_0010704,CLI_000076
CLM_0010705,CLI_000076
CLM_0010706,CLI_000345
CLM_0010707,CLI_000143
CLM_0010708,CLI_000107
CLM_0010709,CLI_000107
CLM_0010710,CLI_000107
CLM_0010711,CLI_000202
CLM_0010712,CLI_000166
CLM_0010713,CLI_000282
CLM_0010714,CLI_000282
CLM_0010715,CLI_000282
CLM_0010716,CLI_000178
CLM_0010717,CLI_000178
CLM_0010718,CLI_000143
CLM_0010719,CLI_000535
CLM_0010720,CLI_000535
CLM_0010721,CLI_000506
CLM_0010722,CLI_000143
CLM_0010723,CLI_000143
CLM_0010724,CLI_000011
CLM_0010725,CLI_000203
CLM_0010726,CLI_000203
CLM_0010727,CLI_000203
CLM_0010728,CLI_000506
CLM_0010729,CLI_000565
CLM_0010730,CLI_000565
CLM_0010731,CLI_000565
CLM_0010732,CLI_000203
CLM_0010733,CLI_000203
CLM_0010734,CLI_000203
CLM_0010735,CLI_000535
CLM_0010736,CLI_000535
CLM_0010737,CLI_000166
CLM_0010738,CLI_000166
CLM_0010739,CLI_000465
CLM_0010740,CLI_000426
CLM_0010741,CLI_000426
CLM_0010742,CLI_000426
CLM_0010743,CLI_000181
CLM_0010744,CLI_000181
CLM_0010745,CLI_000181
CLM_0010746,CLI_000253
CLM_0010747,CLI_000253
CLM_0010748,CLI_000076
CLM_0010749,CLI_000011
CLM_0010750,CLI_000011
CLM_0010751,CLI_000219
CLM_0010752,CLI_000219
CLM_0010753,CLI_000061
CLM_0010754,CLI_000597
CLM_0010755,CLI_000311
CLM_0010756,CLI_000040
CLM_0010757,CLI_000040
CLM_0010758,CLI_000040
CLM_0010759,CLI_000535
CLM_0010760,CLI_000253
CLM_0010761,CLI_000033
CLM_0010762,CLI_000033
CLM_0010763,CLI_000033
CLM_0010764,CLI_000426
CLM_0010765,CLI_000426
CLM_0010766,CLI_000426
CLM_0010767,CLI_000080
CLM_0010768,CLI_000080
CLM_0010769,CLI_000080
CLM_0010770,CLI_000052
CLM_0010771,CLI_000052
CLM_0010772,CLI_000315
CLM_0010773,CLI_000315
CLM_0010774,CLI_000456
CLM_0010775,CLI_000456
CLM_0010776,CLI_000143
CLM_0010777,CLI_000143
CLM_0010778,CLI_000076
CLM_0010779,CLI_000076
CLM_0010780,CLI_000076
CLM_0010781,CLI_000456
CLM_0010782,CLI_000456
CLM_0010783,CLI_000335
CLM_0010784,CLI_000335
CLM_0010785,CLI_000335
CLM_0010786,CLI_000512
CLM_0010787,CLI_000199
CLM_0010788,CLI_000199
CLM_0010789,CLI_000228
CLM_0010790,CLI_000535
CLM_0010791,CLI_000535
CLM_0010792,CLI_000535
CLM_0010793,CLI_000368
CLM_0010794,CLI_000061
CLM_0010795,CLI_000278
CLM_0010796,CLI_000278
CLM_0010797,CLI_000050
CLM_0010798,CLI_000050
CLM_0010799,CLI_000033
CLM_0010800,CLI_000033
CLM_0010801,CLI_000033
CLM_0010802,CLI_000506
CLM_0010803,CLI_000335
CLM_0010804,CLI_000335
CLM_0010805,CLI_000335
CLM_0010806,CLI_000025
CLM_0010807,CLI_000025
CLM_0010808,CLI_000456
CLM_0010809,CLI_000438
CLM_0010810,CLI_000438
CLM_0010811,CLI_000438
CLM_0010812,CLI_000594
CLM_0010813,CLI_000195
CLM_0010814,CLI_000426
CLM_0010815,CLI_000426
CLM_0010816,CLI_000426
CLM_0010817,CLI_000203
CLM_0010818,CLI_000203
CLM_0010819,CLI_000143
CLM_0010820,CLI_000506
CLM_0010821,CLI_000506
CLM_0010822,CLI_000506
CLM_0010823,CLI_000076
CLM_0010824,CLI_000076
CLM_0010825,CLI_000506
CLM_0010826,CLI_000253
CLM_0010827,CLI_000253
CLM_0010828,CLI_000025
CLM_0010829,CLI_000025
CLM_0010830,CLI_000025
CLM_0010831,CLI_000143
CLM_0010832,CLI_000143
CLM_0010833,CLI_000426
CLM_0010834,CLI_000426
CLM_0010835,CLI_000426
CLM_0010836,CLI_000426
CLM_0010837,CLI_000526
CLM_0010838,CLI_000526
CLM_0010839,CLI_000526
CLM_0010840,CLI_000143
CLM_0010841,CLI_000245
CLM_0010842,CLI_000196
CLM_0010843,CLI_000196
CLM_0010844,CLI_000196
CLM_0010845,CLI_000245
CLM_0010846,CLI_000245
CLM_0010847,CLI_000401
CLM_0010848,CLI_000401
CLM_0010849,CLI_000401
CLM_0010850,CLI_000253
CLM_0010851,CLI_000253
CLM_0010852,CLI_000097
CLM_0010853,CLI_000097
CLM_0010854,CLI_000143
CLM_0010855,CLI_000143
CLM_0010856,CLI_000143
CLM_0010857,CLI_000143
CLM_0010858,CLI_000143
CLM_0010859,CLI_000207
CLM_0010860,CLI_000543
CLM_0010861,CLI_000543
CLM_0010862,CLI_000491
CLM_0010863,CLI_000080
CLM_0010864,CLI_000080
CLM_0010865,CLI_000080
CLM_0010866,CLI_000203
CLM_0010867,CLI_000202
CLM_0010868,CLI_000202
CLM_0010869,CLI_000456
CLM_0010870,CLI_000456
CLM_0010871,CLI_000143
CLM_0010872,CLI_000143
CLM_0010873,CLI_000143
CLM_0010874,CLI_000343
CLM_0010875,CLI_000343
CLM_0010876,CLI_000202
CLM_0010877,CLI_000202
CLM_0010878,CLI_000456
CLM_0010879,CLI_000456
CLM_0010880,CLI_000456
CLM_0010881,CLI_000426
CLM_0010882,CLI_000426
CLM_0010883,CLI_000426
CLM_0010884,CLI_000541
CLM_0010885,CLI_000541
CLM_0010886,CLI_000438
CLM_0010887,CLI_000438
CLM_0010888,CLI_000438
CLM_0010889,CLI_000435
CLM_0010890,CLI_000435
CLM_0010891,CLI_000435
CLM_0010892,CLI_000426
CLM_0010893,CLI_000456
CLM_0010894,CLI_000143
CLM_0010895,CLI_000143
CLM_0010896,CLI_000479
CLM_0010897,CLI_000407
CLM_0010898,CLI_000407
CLM_0010899,CLI_000407
CLM_0010900,CLI_000059
CLM_0010901,CLI_000426
CLM_0010902,CLI_000426
CLM_0010903,CLI_000426
CLM_0010904,CLI_000201
CLM_0010905,CLI_000201
CLM_0010906,CLI_000201
CLM_0010907,CLI_000535
CLM_0010908,CLI_000535
CLM_0010909,CLI_000535
CLM_0010910,CLI_000202
CLM_0010911,CLI_000033
CLM_0010912,CLI_000033
CLM_0010913,CLI_000033
CLM_0010914,CLI_000456
CLM_0010915,CLI_000456
CLM_0010916,CLI_000456
CLM_0010917,CLI_000076
CLM_0010918,CLI_000076
CLM_0010919,CLI_000076
CLM_0010920,CLI_000076
CLM_0010921,CLI_000011
CLM_0010922,CLI_000011
CLM_0010923,CLI_000011
CLM_0010924,CLI_000525
CLM_0010925,CLI_000525
CLM_0010926,CLI_000166
CLM_0010927,CLI_000143
CLM_0010928,CLI_000143
CLM_0010929,CLI_000426
CLM_0010930,CLI_000506
CLM_0010931,CLI_000506
CLM_0010932,CLI_000506
CLM_0010933,CLI_000095
CLM_0010934,CLI_000565
CLM_0010935,CLI_000565
CLM_0010936,CLI_000565
CLM_0010937,CLI_000327
CLM_0010938,CLI_000143
CLM_0010939,CLI_000491
CLM_0010940,CLI_000435
CLM_0010941,CLI_000435
CLM_0010942,CLI_000426
CLM_0010943,CLI_000426
CLM_0010944,CLI_000203
CLM_0010945,CLI_000203
CLM_0010946,CLI_000143
CLM_0010947,CLI_000143
CLM_0010948,CLI_000088
CLM_0010949,CLI_000088
CLM_0010950,CLI_000088
CLM_0010951,CLI_000202
CLM_0010952,CLI_000202
CLM_0010953,CLI_000368
CLM_0010954,CLI_000368
CLM_0010955,CLI_000368
CLM_0010956,CLI_000506
CLM_0010957,CLI_000506
CLM_0010958,CLI_000506
CLM_0010959,CLI_000155
CLM_0010960,CLI_000155
CLM_0010961,CLI_000526
CLM_0010962,CLI_000526
CLM_0010963,CLI_000143
CLM_0010964,CLI_000025
CLM_0010965,CLI_000025
CLM_0010966,CLI_000025
CLM_0010967,CLI_000544
CLM_0010968,CLI_000544
CLM_0010969,CLI_000544
CLM_0010970,CLI_000166
CLM_0010971,CLI_000429
CLM_0010972,CLI_000429
CLM_0010973,CLI_000404
CLM_0010974,CLI_000404
CLM_0010975,CLI_000203
CLM_0010976,CLI_000203
CLM_0010977,CLI_000315
CLM_0010978,CLI_000456
CLM_0010979,CLI_000456
CLM_0010980,CLI_000435
CLM_0010981,CLI_000435
CLM_0010982,CLI_000435
CLM_0010983,CLI_000541
CLM_0010984,CLI_000541
CLM_0010985,CLI_000541
CLM_0010986,CLI_000202
CLM_0010987,CLI_000202
CLM_0010988,CLI_000202
CLM_0010989,CLI_000499
CLM_0010990,CLI_000499
CLM_0010991,CLI_000165
CLM_0010992,CLI_000165
CLM_0010993,CLI_000203
CLM_0010994,CLI_000203
CLM_0010995,CLI_000025
CLM_0010996,CLI_000025
CLM_0010997,CLI_000199
CLM_0010998,CLI_000202
CLM_0010999,CLI_000202
CLM_0011000,CLI_000202
CLM_0011001,CLI_000143
CLM_0011002,CLI_000143
CLM_0011003,CLI_000143
CLM_0011004,CLI_000404
CLM_0011005,CLI_000404
CLM_0011006,CLI_000201
CLM_0011007,CLI_000201
CLM_0011008,CLI_000201
CLM_0011009,CLI_000401
CLM_0011010,CLI_000401
CLM_0011011,CLI_000419
CLM_0011012,CLI_000033
CLM_0011013,CLI_000033
CLM_0011014,CLI_000033
CLM_0011015,CLI_000143
CLM_0011016,CLI_000076
CLM_0011017,CLI_000076
CLM_0011018,CLI_000076
CLM_0011019,CLI_000382
CLM_0011020,CLI_000382
CLM_0011021,CLI_000382
CLM_0011022,CLI_000456
CLM_0011023,CLI_000456
CLM_0011024,CLI_000456
CLM_0011025,CLI_000199
CLM_0011026,CLI_000199
CLM_0011027,CLI_000426
CLM_0011028,CLI_000426
CLM_0011029,CLI_000426
CLM_0011030,CLI_000421
CLM_0011031,CLI_000421
CLM_0011032,CLI_000385
CLM_0011033,CLI_000385
CLM_0011034,CLI_000385
CLM_0011035,CLI_000018
CLM_0011036,CLI_000456
CLM_0011037,CLI_000203
CLM_0011038,CLI_000203
CLM_0011039,CLI_000203
CLM_0011040,CLI_000245
CLM_0011041,CLI_000245
CLM_0011042,CLI_000245
CLM_0011043,CLI_000404
CLM_0011044,CLI_000404
CLM_0011045,CLI_000166
CLM_0011046,CLI_000166
CLM_0011047,CLI_000097
CLM_0011048,CLI_000097
CLM_0011049,CLI_000033
CLM_0011050,CLI_000033
CLM_0011051,CLI_000033
CLM_0011052,CLI_000166
CLM_0011053,CLI_000166
CLM_0011054,CLI_000166
CLM_0011055,CLI_000404
CLM_0011056,CLI_000404
CLM_0011057,CLI_000506
CLM_0011058,CLI_000506
CLM_0011059,CLI_000506
CLM_0011060,CLI_000526
CLM_0011061,CLI_000526
CLM_0011062,CLI_000533
CLM_0011063,CLI_000533
CLM_0011064,CLI_000143
CLM_0011065,CLI_000143
CLM_0011066,CLI_000044
CLM_0011067,CLI_000044
CLM_0011068,CLI_000569
CLM_0011069,CLI_000386
CLM_0011070,CLI_000386
CLM_0011071,CLI_000386
CLM_0011072,CLI_000501
CLM_0011073,CLI_000257
CLM_0011074,CLI_000257
CLM_0011075,CLI_000257
CLM_0011076,CLI_000565
CLM_0011077,CLI_000565
CLM_0011078,CLI_000456
CLM_0011079,CLI_000195
CLM_0011080,CLI_000195
CLM_0011081,CLI_000061
CLM_0011082,CLI_000061
CLM_0011083,CLI_000491
CLM_0011084,CLI_000491
CLM_0011085,CLI_000491
CLM_0011086,CLI_000203
CLM_0011087,CLI_000203
CLM_0011088,CLI_000203
CLM_0011089,CLI_000166
CLM_0011090,CLI_000025
CLM_0011091,CLI_000033
CLM_0011092,CLI_000052
CLM_0011093,CLI_000052
CLM_0011094,CLI_000126
CLM_0011095,CLI_000126
CLM_0011096,CLI_000126
CLM_0011097,CLI_000368
CLM_0011098,CLI_000368
CLM_0011099,CLI_000033
CLM_0011100,CLI_000033
CLM_0011101,CLI_000033
CLM_0011102,CLI_000386
CLM_0011103,CLI_000045
CLM_0011104,CLI_000045
CLM_0011105,CLI_000045
CLM_0011106,CLI_000506
CLM_0011107,CLI_000506
CLM_0011108,CLI_000525
CLM_0011109,CLI_000525
CLM_0011110,CLI_000525
CLM_0011111,CLI_000194
CLM_0011112,CLI_000194
CLM_0011113,CLI_000429
CLM_0011114,CLI_000429
CLM_0011115,CLI_000506
CLM_0011116,CLI_000506
CLM_0011117,CLI_000506
CLM_0011118,CLI_000025
CLM_0011119,CLI_000025
CLM_0011120,CLI_000025
CLM_0011121,CLI_000202
CLM_0011122,CLI_000202
CLM_0011123,CLI_000202
CLM_0011124,CLI_000033
CLM_0011125,CLI_000479
CLM_0011126,CLI_000479
CLM_0011127,CLI_000462
CLM_0011128,CLI_000076
CLM_0011129,CLI_000076
CLM_0011130,CLI_000404
CLM_0011131,CLI_000404
CLM_0011132,CLI_000202
CLM_0011133,CLI_000202
CLM_0011134,CLI_000202
CLM_0011135,CLI_000143
CLM_0011136,CLI_000143
CLM_0011137,CLI_000143
CLM_0011138,CLI_000203
CLM_0011139,CLI_000203
CLM_0011140,CLI_000203
CLM_0011141,CLI_000143
CLM_0011142,CLI_000143
CLM_0011143,CLI_000426
CLM_0011144,CLI_000426
CLM_0011145,CLI_000426
CLM_0011146,CLI_000471
CLM_0011147,CLI_000471
CLM_0011148,CLI_000471
CLM_0011149,CLI_000453
CLM_0011150,CLI_000453
CLM_0011151,CLI_000453
CLM_0011152,CLI_000435
CLM_0011153,CLI_000435
CLM_0011154,CLI_000435
CLM_0011155,CLI_000143
CLM_0011156,CLI_000143
CLM_0011157,CLI_000143
CLM_0011158,CLI_000196
CLM_0011159,CLI_000196
CLM_0011160,CLI_000395
CLM_0011161,CLI_000033
CLM_0011162,CLI_000033
CLM_0011163,CLI_000590
CLM_0011164,CLI_000590
CLM_0011165,CLI_000590
CLM_0011166,CLI_000253
CLM_0011167,CLI_000253
CLM_0011168,CLI_000188
CLM_0011169,CLI_000188
CLM_0011170,CLI_000188
CLM_0011171,CLI_000404
CLM_0011172,CLI_000404
CLM_0011173,CLI_000282
CLM_0011174,CLI_000282
CLM_0011175,CLI_000282
CLM_0011176,CLI_000426
CLM_0011177,CLI_000426
CLM_0011178,CLI_000426
CLM_0011179,CLI_000033
CLM_0011180,CLI_000033
CLM_0011181,CLI_000315
CLM_0011182,CLI_000097
CLM_0011183,CLI_000348
CLM_0011184,CLI_000348
CLM_0011185,CLI_000348
CLM_0011186,CLI_000426
CLM_0011187,CLI_000426
CLM_0011188,CLI_000033
CLM_0011189,CLI_000033
CLM_0011190,CLI_000202
CLM_0011191,CLI_000202
CLM_0011192,CLI_000202
CLM_0011193,CLI_000159
CLM_0011194,CLI_000159
CLM_0011195,CLI_000159
CLM_0011196,CLI_000421
CLM_0011197,CLI_000421
CLM_0011198,CLI_000160
CLM_0011199,CLI_000160
CLM_0011200,CLI_000160
CLM_0011201,CLI_000143
CLM_0011202,CLI_000143
CLM_0011203,CLI_000033
CLM_0011204,CLI_000033
CLM_0011205,CLI_000033
CLM_0011206,CLI_000033
CLM_0011207,CLI_000033
CLM_0011208,CLI_000202
CLM_0011209,CLI_000202
CLM_0011210,CLI_000202
CLM_0011211,CLI_000203
CLM_0011212,CLI_000033
CLM_0011213,CLI_000033
CLM_0011214,CLI_000456
CLM_0011215,CLI_000143
CLM_0011216,CLI_000143
CLM_0011217,CLI_000143
CLM_0011218,CLI_000143
CLM_0011219,CLI_000143
CLM_0011220,CLI_000143
CLM_0011221,CLI_000285
CLM_0011222,CLI_000285
CLM_0011223,CLI_000285
CLM_0011224,CLI_000245
CLM_0011225,CLI_000245
CLM_0011226,CLI_000245
CLM_0011227,CLI_000033
CLM_0011228,CLI_000526
CLM_0011229,CLI_000526
CLM_0011230,CLI_000143
CLM_0011231,CLI_000143
CLM_0011232,CLI_000143
CLM_0011233,CLI_000143
CLM_0011234,CLI_000166
CLM_0011235,CLI_000033
CLM_0011236,CLI_000033
CLM_0011237,CLI_000033
CLM_0011238,CLI_000203
CLM_0011239,CLI_000203
CLM_0011240,CLI_000203
CLM_0011241,CLI_000143
CLM_0011242,CLI_000143
CLM_0011243,CLI_000143
CLM_0011244,CLI_000143
CLM_0011245,CLI_000143
CLM_0011246,CLI_000107
CLM_0011247,CLI_000107
CLM_0011248,CLI_000107
CLM_0011249,CLI_000526
CLM_0011250,CLI_000526
CLM_0011251,CLI_000239
CLM_0011252,CLI_000239
CLM_0011253,CLI_000025
CLM_0011254,CLI_000506
CLM_0011255,CLI_000506
CLM_0011256,CLI_000033
CLM_0011257,CLI_000033
CLM_0011258,CLI_000033
CLM_0011259,CLI_000143
CLM_0011260,CLI_000542
CLM_0011261,CLI_000542
CLM_0011262,CLI_000574
CLM_0011263,CLI_000574
CLM_0011264,CLI_000574
CLM_0011265,CLI_000045
CLM_0011266,CLI_000045
CLM_0011267,CLI_000045
CLM_0011268,CLI_000456
CLM_0011269,CLI_000203
CLM_0011270,CLI_000180
CLM_0011271,CLI_000180
CLM_0011272,CLI_000447
CLM_0011273,CLI_000447
CLM_0011274,CLI_000225
CLM_0011275,CLI_000225
CLM_0011276,CLI_000076
CLM_0011277,CLI_000203
CLM_0011278,CLI_000203
CLM_0011279,CLI_000526
CLM_0011280,CLI_000526
CLM_0011281,CLI_000526
CLM_0011282,CLI_000198
CLM_0011283,CLI_000198
CLM_0011284,CLI_000198
CLM_0011285,CLI_000315
CLM_0011286,CLI_000315
CLM_0011287,CLI_000143
CLM_0011288,CLI_000143
CLM_0011289,CLI_000025
CLM_0011290,CLI_000202
CLM_0011291,CLI_000202
CLM_0011292,CLI_000202
CLM_0011293,CLI_000225
CLM_0011294,CLI_000225
CLM_0011295,CLI_000225
CLM_0011296,CLI_000089
CLM_0011297,CLI_000089
CLM_0011298,CLI_000033
CLM_0011299,CLI_000033
CLM_0011300,CLI_000202
CLM_0011301,CLI_000202
CLM_0011302,CLI_000076
CLM_0011303,CLI_000076
CLM_0011304,CLI_000591
CLM_0011305,CLI_000143
CLM_0011306,CLI_000143
CLM_0011307,CLI_000143
CLM_0011308,CLI_000523
CLM_0011309,CLI_000202
CLM_0011310,CLI_000301
CLM_0011311,CLI_000202
CLM_0011312,CLI_000202
CLM_0011313,CLI_000202
CLM_0011314,CLI_000526
CLM_0011315,CLI_000526
CLM_0011316,CLI_000544
CLM_0011317,CLI_000544
CLM_0011318,CLI_000506
CLM_0011319,CLI_000506
CLM_0011320,CLI_000435
CLM_0011321,CLI_000435
CLM_0011322,CLI_000143
CLM_0011323,CLI_000278
CLM_0011324,CLI_000533
CLM_0011325,CLI_000025
CLM_0011326,CLI_000025
CLM_0011327,CLI_000143
CLM_0011328,CLI_000143
CLM_0011329,CLI_000022
CLM_0011330,CLI_000022
CLM_0011331,CLI_000022
CLM_0011332,CLI_000525
CLM_0011333,CLI_000525
CLM_0011334,CLI_000525
CLM_0011335,CLI_000203
CLM_0011336,CLI_000203
CLM_0011337,CLI_000203
CLM_0011338,CLI_000076
CLM_0011339,CLI_000076
CLM_0011340,CLI_000024
CLM_0011341,CLI_000033
CLM_0011342,CLI_000033
CLM_0011343,CLI_000033
CLM_0011344,CLI_000143
CLM_0011345,CLI_000143
CLM_0011346,CLI_000426
CLM_0011347,CLI_000426
CLM_0011348,CLI_000426
CLM_0011349,CLI_000143
CLM_0011350,CLI_000143
CLM_0011351,CLI_000143
CLM_0011352,CLI_000316
CLM_0011353,CLI_000202
CLM_0011354,CLI_000202
CLM_0011355,CLI_000143
CLM_0011356,CLI_000143
CLM_0011357,CLI_000143
CLM_0011358,CLI_000143
CLM_0011359,CLI_000033
CLM_0011360,CLI_000033
CLM_0011361,CLI_000525
CLM_0011362,CLI_000525
CLM_0011363,CLI_000354
CLM_0011364,CLI_000354
CLM_0011365,CLI_000444
CLM_0011366,CLI_000444
CLM_0011367,CLI_000444
CLM_0011368,CLI_000143
CLM_0011369,CLI_000143
CLM_0011370,CLI_000143
CLM_0011371,CLI_000033
CLM_0011372,CLI_000033
CLM_0011373,CLI_000033
CLM_0011374,CLI_000143
CLM_0011375,CLI_000426
CLM_0011376,CLI_000426
CLM_0011377,CLI_000426
CLM_0011378,CLI_000091
CLM_0011379,CLI_000091
CLM_0011380,CLI_000091
CLM_0011381,CLI_000185
CLM_0011382,CLI_000185
CLM_0011383,CLI_000185
CLM_0011384,CLI_000143
CLM_0011385,CLI_000533
CLM_0011386,CLI_000533
CLM_0011387,CLI_000533
CLM_0011388,CLI_000033
CLM_0011389,CLI_000033
CLM_0011390,CLI_000033
CLM_0011391,CLI_000347
CLM_0011392,CLI_000202
CLM_0011393,CLI_000426
CLM_0011394,CLI_000426
CLM_0011395,CLI_000485
CLM_0011396,CLI_000485
CLM_0011397,CLI_000485
CLM_0011398,CLI_000143
CLM_0011399,CLI_000143
CLM_0011400,CLI_000202
CLM_0011401,CLI_000202
CLM_0011402,CLI_000202
CLM_0011403,CLI_000141
CLM_0011404,CLI_000141
CLM_0011405,CLI_000141
CLM_0011406,CLI_000143
CLM_0011407,CLI_000143
CLM_0011408,CLI_000143
CLM_0011409,CLI_000426
CLM_0011410,CLI_000426
CLM_0011411,CLI_000426
CLM_0011412,CLI_000202
CLM_0011413,CLI_000202
CLM_0011414,CLI_000310
CLM_0011415,CLI_000310
CLM_0011416,CLI_000310
CLM_0011417,CLI_000033
CLM_0011418,CLI_000525
CLM_0011419,CLI_000525
CLM_0011420,CLI_000525
CLM_0011421,CLI_000088
CLM_0011422,CLI_000088
CLM_0011423,CLI_000351
CLM_0011424,CLI_000351
CLM_0011425,CLI_000574
CLM_0011426,CLI_000574
CLM_0011427,CLI_000574
CLM_0011428,CLI_000253
CLM_0011429,CLI_000025
CLM_0011430,CLI_000025
CLM_0011431,CLI_000025
CLM_0011432,CLI_000033
CLM_0011433,CLI_000033
CLM_0011434,CLI_000419
CLM_0011435,CLI_000194
CLM_0011436,CLI_000138
CLM_0011437,CLI_000138
CLM_0011438,CLI_000138
CLM_0011439,CLI_000049
CLM_0011440,CLI_000049
CLM_0011441,CLI_000223
CLM_0011442,CLI_000223
CLM_0011443,CLI_000202
CLM_0011444,CLI_000202
CLM_0011445,CLI_000456
CLM_0011446,CLI_000456
CLM_0011447,CLI_000456
CLM_0011448,CLI_000456
CLM_0011449,CLI_000160
CLM_0011450,CLI_000368
CLM_0011451,CLI_000404
CLM_0011452,CLI_000507
CLM_0011453,CLI_000507
CLM_0011454,CLI_000544
CLM_0011455,CLI_000544
CLM_0011456,CLI_000591
CLM_0011457,CLI_000594
CLM_0011458,CLI_000594
CLM_0011459,CLI_000565
CLM_0011460,CLI_000314
CLM_0011461,CLI_000314
CLM_0011462,CLI_000314
CLM_0011463,CLI_000565
CLM_0011464,CLI_000565
CLM_0011465,CLI_000456
CLM_0011466,CLI_000138
CLM_0011467,CLI_000138
CLM_0011468,CLI_000138
CLM_0011469,CLI_000426
CLM_0011470,CLI_000426
CLM_0011471,CLI_000203
CLM_0011472,CLI_000203
CLM_0011473,CLI_000203
CLM_0011474,CLI_000202
CLM_0011475,CLI_000202
CLM_0011476,CLI_000203
CLM_0011477,CLI_000554
CLM_0011478,CLI_000011
CLM_0011479,CLI_000011
CLM_0011480,CLI_000080
CLM_0011481,CLI_000080
CLM_0011482,CLI_000202
CLM_0011483,CLI_000202
CLM_0011484,CLI_000292
CLM_0011485,CLI_000517
CLM_0011486,CLI_000517
CLM_0011487,CLI_000517
CLM_0011488,CLI_000025
CLM_0011489,CLI_000025
CLM_0011490,CLI_000491
CLM_0011491,CLI_000491
CLM_0011492,CLI_000491
CLM_0011493,CLI_000380
CLM_0011494,CLI_000380
CLM_0011495,CLI_000380
CLM_0011496,CLI_000544
CLM_0011497,CLI_000203
CLM_0011498,CLI_000203
CLM_0011499,CLI_000203
CLM_0011500,CLI_000507
CLM_0011501,CLI_000507
CLM_0011502,CLI_000195
CLM_0011503,CLI_000195
CLM_0011504,CLI_000195
CLM_0011505,CLI_000202
CLM_0011506,CLI_000025
CLM_0011507,CLI_000025
CLM_0011508,CLI_000203
CLM_0011509,CLI_000203
CLM_0011510,CLI_000253
CLM_0011511,CLI_000253
CLM_0011512,CLI_000253
CLM_0011513,CLI_000143
CLM_0011514,CLI_000325
CLM_0011515,CLI_000325
CLM_0011516,CLI_000325
CLM_0011517,CLI_000143
CLM_0011518,CLI_000143
CLM_0011519,CLI_000143
CLM_0011520,CLI_000202
CLM_0011521,CLI_000202
CLM_0011522,CLI_000202
CLM_0011523,CLI_000202
CLM_0011524,CLI_000143
CLM_0011525,CLI_000202
CLM_0011526,CLI_000202
CLM_0011527,CLI_000202
CLM_0011528,CLI_000033
CLM_0011529,CLI_000143
CLM_0011530,CLI_000143
CLM_0011531,CLI_000143
CLM_0011532,CLI_000033
CLM_0011533,CLI_000033
CLM_0011534,CLI_000143
CLM_0011535,CLI_000456
CLM_0011536,CLI_000456
CLM_0011537,CLI_000368
CLM_0011538,CLI_000525
CLM_0011539,CLI_000525
CLM_0011540,CLI_000143
CLM_0011541,CLI_000143
CLM_0011542,CLI_000004
CLM_0011543,CLI_000004
CLM_0011544,CLI_000166
CLM_0011545,CLI_000166
CLM_0011546,CLI_000203
CLM_0011547,CLI_000214
CLM_0011548,CLI_000214
CLM_0011549,CLI_000214
CLM_0011550,CLI_000526
CLM_0011551,CLI_000143
CLM_0011552,CLI_000166
CLM_0011553,CLI_000166
CLM_0011554,CLI_000143
CLM_0011555,CLI_000061
CLM_0011556,CLI_000454
CLM_0011557,CLI_000454
CLM_0011558,CLI_000454
CLM_0011559,CLI_000426
CLM_0011560,CLI_000426
CLM_0011561,CLI_000368
CLM_0011562,CLI_000035
CLM_0011563,CLI_000035
CLM_0011564,CLI_000035
CLM_0011565,CLI_000203
CLM_0011566,CLI_000203
CLM_0011567,CLI_000565
CLM_0011568,CLI_000565
CLM_0011569,CLI_000535
CLM_0011570,CLI_000189
CLM_0011571,CLI_000160
CLM_0011572,CLI_000293
CLM_0011573,CLI_000166
CLM_0011574,CLI_000166
CLM_0011575,CLI_000166
CLM_0011576,CLI_000506
CLM_0011577,CLI_000506
CLM_0011578,CLI_000506
CLM_0011579,CLI_000033
CLM_0011580,CLI_000033
CLM_0011581,CLI_000033
CLM_0011582,CLI_000456
CLM_0011583,CLI_000456
CLM_0011584,CLI_000456
CLM_0011585,CLI_000033
CLM_0011586,CLI_000033
CLM_0011587,CLI_000033
CLM_0011588,CLI_000076
CLM_0011589,CLI_000076
CLM_0011590,CLI_000076
CLM_0011591,CLI_000121
CLM_0011592,CLI_000121
CLM_0011593,CLI_000228
CLM_0011594,CLI_000045
CLM_0011595,CLI_000045
CLM_0011596,CLI_000143
CLM_0011597,CLI_000143
CLM_0011598,CLI_000535
CLM_0011599,CLI_000535
CLM_0011600,CLI_000335
CLM_0011601,CLI_000335
CLM_0011602,CLI_000203
CLM_0011603,CLI_000203
CLM_0011604,CLI_000143
CLM_0011605,CLI_000033
CLM_0011606,CLI_000033
CLM_0011607,CLI_000506
CLM_0011608,CLI_000506
CLM_0011609,CLI_000199
CLM_0011610,CLI_000199
CLM_0011611,CLI_000199
CLM_0011612,CLI_000033
CLM_0011613,CLI_000033
CLM_0011614,CLI_000033
CLM_0011615,CLI_000219
CLM_0011616,CLI_000219
CLM_0011617,CLI_000143
CLM_0011618,CLI_000143
CLM_0011619,CLI_000143
CLM_0011620,CLI_000525
CLM_0011621,CLI_000525
CLM_0011622,CLI_000535
CLM_0011623,CLI_000203
CLM_0011624,CLI_000435
CLM_0011625,CLI_000435
CLM_0011626,CLI_000435
CLM_0011627,CLI_000526
CLM_0011628,CLI_000525
CLM_0011629,CLI_000253
CLM_0011630,CLI_000253
CLM_0011631,CLI_000506
CLM_0011632,CLI_000506
CLM_0011633,CLI_000111
CLM_0011634,CLI_000111
CLM_0011635,CLI_000011
CLM_0011636,CLI_000011
CLM_0011637,CLI_000011
CLM_0011638,CLI_000143
CLM_0011639,CLI_000143
CLM_0011640,CLI_000506
CLM_0011641,CLI_000506
CLM_0011642,CLI_000506
CLM_0011643,CLI_000076
CLM_0011644,CLI_000076
CLM_0011645,CLI_000218
CLM_0011646,CLI_000143
CLM_0011647,CLI_000143
CLM_0011648,CLI_000088
CLM_0011649,CLI_000088
CLM_0011650,CLI_000143
CLM_0011651,CLI_000143
CLM_0011652,CLI_000323
CLM_0011653,CLI_000323
CLM_0011654,CLI_000245
CLM_0011655,CLI_000245
CLM_0011656,CLI_000245
CLM_0011657,CLI_000203
CLM_0011658,CLI_000203
CLM_0011659,CLI_000203
CLM_0011660,CLI_000203
CLM_0011661,CLI_000203
CLM_0011662,CLI_000456
CLM_0011663,CLI_000525
CLM_0011664,CLI_000143
CLM_0011665,CLI_000143
CLM_0011666,CLI_000143
CLM_0011667,CLI_000426
CLM_0011668,CLI_000426
CLM_0011669,CLI_000426
CLM_0011670,CLI_000188
CLM_0011671,CLI_000188
CLM_0011672,CLI_000143
CLM_0011673,CLI_000143
CLM_0011674,CLI_000143
CLM_0011675,CLI_000132
CLM_0011676,CLI_000132
CLM_0011677,CLI_000203
CLM_0011678,CLI_000203
CLM_0011679,CLI_000203
CLM_0011680,CLI_000070
CLM_0011681,CLI_000070
CLM_0011682,CLI_000565
CLM_0011683,CLI_000565
CLM_0011684,CLI_000203
CLM_0011685,CLI_000203
CLM_0011686,CLI_000033
CLM_0011687,CLI_000033
CLM_0011688,CLI_000574
CLM_0011689,CLI_000574
CLM_0011690,CLI_000574
CLM_0011691,CLI_000521
CLM_0011692,CLI_000521
CLM_0011693,CLI_000141
CLM_0011694,CLI_000076
CLM_0011695,CLI_000076
CLM_0011696,CLI_000076
CLM_0011697,CLI_000456
CLM_0011698,CLI_000565
CLM_0011699,CLI_000143
CLM_0011700,CLI_000143
CLM_0011701,CLI_000319
CLM_0011702,CLI_000033
CLM_0011703,CLI_000033
CLM_0011704,CLI_000033
CLM_0011705,CLI_000203
CLM_0011706,CLI_000203
CLM_0011707,CLI_000253
CLM_0011708,CLI_000253
CLM_0011709,CLI_000202
CLM_0011710,CLI_000202
CLM_0011711,CLI_000202
CLM_0011712,CLI_000202
CLM_0011713,CLI_000143
CLM_0011714,CLI_000143
CLM_0011715,CLI_000025
CLM_0011716,CLI_000025
CLM_0011717,CLI_000025
CLM_0011718,CLI_000479
CLM_0011719,CLI_000404
CLM_0011720,CLI_000456
CLM_0011721,CLI_000456
CLM_0011722,CLI_000456
CLM_0011723,CLI_000228
CLM_0011724,CLI_000143
CLM_0011725,CLI_000143
CLM_0011726,CLI_000033
CLM_0011727,CLI_000033
CLM_0011728,CLI_000033
CLM_0011729,CLI_000138
CLM_0011730,CLI_000138
CLM_0011731,CLI_000138
CLM_0011732,CLI_000353
CLM_0011733,CLI_000353
CLM_0011734,CLI_000353
CLM_0011735,CLI_000404
CLM_0011736,CLI_000033
CLM_0011737,CLI_000033
CLM_0011738,CLI_000033
CLM_0011739,CLI_000033
CLM_0011740,CLI_000033
CLM_0011741,CLI_000456
CLM_0011742,CLI_000252
CLM_0011743,CLI_000252
CLM_0011744,CLI_000252
CLM_0011745,CLI_000203
CLM_0011746,CLI_000203
CLM_0011747,CLI_000203
CLM_0011748,CLI_000253
CLM_0011749,CLI_000425
CLM_0011750,CLI_000425
CLM_0011751,CLI_000202
CLM_0011752,CLI_000202
CLM_0011753,CLI_000202
CLM_0011754,CLI_000381
CLM_0011755,CLI_000438
CLM_0011756,CLI_000438
CLM_0011757,CLI_000438
CLM_0011758,CLI_000025
CLM_0011759,CLI_000025
CLM_0011760,CLI_000025
CLM_0011761,CLI_000202
CLM_0011762,CLI_000202
CLM_0011763,CLI_000456
CLM_0011764,CLI_000143
CLM_0011765,CLI_000143
CLM_0011766,CLI_000143
CLM_0011767,CLI_000202
CLM_0011768,CLI_000202
CLM_0011769,CLI_000033
CLM_0011770,CLI_000033
CLM_0011771,CLI_000033
CLM_0011772,CLI_000419
CLM_0011773,CLI_000419
CLM_0011774,CLI_000419
CLM_0011775,CLI_000404
CLM_0011776,CLI_000404
CLM_0011777,CLI_000404
CLM_0011778,CLI_000143
CLM_0011779,CLI_000143
CLM_0011780,CLI_000143
CLM_0011781,CLI_000202
CLM_0011782,CLI_000340
CLM_0011783,CLI_000340
CLM_0011784,CLI_000541
CLM_0011785,CLI_000541
CLM_0011786,CLI_000347
CLM_0011787,CLI_000347
CLM_0011788,CLI_000202
CLM_0011789,CLI_000202
CLM_0011790,CLI_000202
CLM_0011791,CLI_000414
CLM_0011792,CLI_000414
CLM_0011793,CLI_000414
CLM_0011794,CLI_000456
CLM_0011795,CLI_000456
CLM_0011796,CLI_000456
CLM_0011797,CLI_000456
CLM_0011798,CLI_000121
CLM_0011799,CLI_000121
CLM_0011800,CLI_000453
CLM_0011801,CLI_000453
CLM_0011802,CLI_000506
CLM_0011803,CLI_000456
CLM_0011804,CLI_000253
CLM_0011805,CLI_000253
CLM_0011806,CLI_000025
CLM_0011807,CLI_000435
CLM_0011808,CLI_000435
CLM_0011809,CLI_000143
CLM_0011810,CLI_000452
CLM_0011811,CLI_000452
CLM_0011812,CLI_000166
CLM_0011813,CLI_000203
CLM_0011814,CLI_000526
CLM_0011815,CLI_000526
CLM_0011816,CLI_000202
CLM_0011817,CLI_000202
CLM_0011818,CLI_000202
CLM_0011819,CLI_000143
CLM_0011820,CLI_000301
CLM_0011821,CLI_000203
CLM_0011822,CLI_000011
CLM_0011823,CLI_000011
CLM_0011824,CLI_000011
CLM_0011825,CLI_000203
CLM_0011826,CLI_000452
CLM_0011827,CLI_000414
CLM_0011828,CLI_000414
CLM_0011829,CLI_000439
CLM_0011830,CLI_000439
CLM_0011831,CLI_000033
CLM_0011832,CLI_000033
CLM_0011833,CLI_000033
CLM_0011834,CLI_000368
CLM_0011835,CLI_000368
CLM_0011836,CLI_000368
CLM_0011837,CLI_000076
CLM_0011838,CLI_000076
CLM_0011839,CLI_000435
CLM_0011840,CLI_000435
CLM_0011841,CLI_000202
CLM_0011842,CLI_000202
CLM_0011843,CLI_000202
CLM_0011844,CLI_000107
CLM_0011845,CLI_000348
CLM_0011846,CLI_000348
CLM_0011847,CLI_000166
CLM_0011848,CLI_000166
CLM_0011849,CLI_000166
CLM_0011850,CLI_000293
CLM_0011851,CLI_000293
CLM_0011852,CLI_000456
CLM_0011853,CLI_000202
CLM_0011854,CLI_000253
CLM_0011855,CLI_000203
CLM_0011856,CLI_000557
CLM_0011857,CLI_000557
CLM_0011858,CLI_000557
CLM_0011859,CLI_000201
CLM_0011860,CLI_000201
CLM_0011861,CLI_000201
CLM_0011862,CLI_000107
CLM_0011863,CLI_000107
CLM_0011864,CLI_000444
CLM_0011865,CLI_000444
CLM_0011866,CLI_000444
CLM_0011867,CLI_000166
CLM_0011868,CLI_000166
CLM_0011869,CLI_000033
CLM_0011870,CLI_000068
CLM_0011871,CLI_000068
CLM_0011872,CLI_000068
CLM_0011873,CLI_000143
CLM_0011874,CLI_000143
CLM_0011875,CLI_000426
CLM_0011876,CLI_000019
CLM_0011877,CLI_000019
CLM_0011878,CLI_000019
CLM_0011879,CLI_000143
CLM_0011880,CLI_000143
CLM_0011881,CLI_000033
CLM_0011882,CLI_000033
CLM_0011883,CLI_000202
CLM_0011884,CLI_000202
CLM_0011885,CLI_000456
CLM_0011886,CLI_000033
CLM_0011887,CLI_000033
CLM_0011888,CLI_000033
CLM_0011889,CLI_000456
CLM_0011890,CLI_000456
CLM_0011891,CLI_000456
CLM_0011892,CLI_000203
CLM_0011893,CLI_000203
CLM_0011894,CLI_000203
CLM_0011895,CLI_000076
CLM_0011896,CLI_000347
CLM_0011897,CLI_000535
CLM_0011898,CLI_000535
CLM_0011899,CLI_000202
CLM_0011900,CLI_000202
CLM_0011901,CLI_000345
CLM_0011902,CLI_000052
CLM_0011903,CLI_000052
CLM_0011904,CLI_000052
CLM_0011905,CLI_000565
CLM_0011906,CLI_000211
CLM_0011907,CLI_000211
CLM_0011908,CLI_000211
CLM_0011909,CLI_000426
CLM_0011910,CLI_000426
CLM_0011911,CLI_000426
CLM_0011912,CLI_000426
CLM_0011913,CLI_000426
CLM_0011914,CLI_000025
CLM_0011915,CLI_000025
CLM_0011916,CLI_000025
CLM_0011917,CLI_000245
CLM_0011918,CLI_000245
CLM_0011919,CLI_000025
CLM_0011920,CLI_000025
CLM_0011921,CLI_000025
CLM_0011922,CLI_000202
CLM_0011923,CLI_000202
CLM_0011924,CLI_000076
CLM_0011925,CLI_000076
CLM_0011926,CLI_000076
CLM_0011927,CLI_000202
CLM_0011928,CLI_000107
CLM_0011929,CLI_000107
CLM_0011930,CLI_000107
CLM_0011931,CLI_000143
CLM_0011932,CLI_000417
CLM_0011933,CLI_000417
CLM_0011934,CLI_000417
CLM_0011935,CLI_000478
CLM_0011936,CLI_000478
CLM_0011937,CLI_000478
CLM_0011938,CLI_000453
CLM_0011939,CLI_000453
CLM_0011940,CLI_000453
CLM_0011941,CLI_000382
CLM_0011942,CLI_000382
CLM_0011943,CLI_000382
CLM_0011944,CLI_000525
CLM_0011945,CLI_000189
CLM_0011946,CLI_000189
CLM_0011947,CLI_000189
CLM_0011948,CLI_000419
CLM_0011949,CLI_000476
CLM_0011950,CLI_000476
CLM_0011951,CLI_000476
CLM_0011952,CLI_000002
CLM_0011953,CLI_000002
CLM_0011954,CLI_000456
CLM_0011955,CLI_000526
CLM_0011956,CLI_000526
CLM_0011957,CLI_000526
CLM_0011958,CLI_000526
CLM_0011959,CLI_000033
CLM_0011960,CLI_000033
CLM_0011961,CLI_000033
CLM_0011962,CLI_000033
CLM_0011963,CLI_000474
CLM_0011964,CLI_000474
CLM_0011965,CLI_000033
CLM_0011966,CLI_000566
CLM_0011967,CLI_000566
CLM_0011968,CLI_000566
CLM_0011969,CLI_000143
CLM_0011970,CLI_000143
CLM_0011971,CLI_000499
CLM_0011972,CLI_000499
CLM_0011973,CLI_000033
CLM_0011974,CLI_000033
CLM_0011975,CLI_000033
CLM_0011976,CLI_000426
CLM_0011977,CLI_000426
CLM_0011978,CLI_000076
CLM_0011979,CLI_000076
CLM_0011980,CLI_000525
CLM_0011981,CLI_000525
CLM_0011982,CLI_000525
CLM_0011983,CLI_000525
CLM_0011984,CLI_000525
CLM_0011985,CLI_000088
CLM_0011986,CLI_000033
CLM_0011987,CLI_000033
CLM_0011988,CLI_000385
CLM_0011989,CLI_000404
CLM_0011990,CLI_000404
CLM_0011991,CLI_000404
CLM_0011992,CLI_000195
CLM_0011993,CLI_000195
CLM_0011994,CLI_000195
CLM_0011995,CLI_000456
CLM_0011996,CLI_000579
CLM_0011997,CLI_000153
CLM_0011998,CLI_000202
CLM_0011999,CLI_000033
CLM_0012000,CLI_000033
CLM_0012001,CLI_000033
CLM_0012002,CLI_000143
CLM_0012003,CLI_000526
CLM_0012004,CLI_000526
CLM_0012005,CLI_000195
CLM_0012006,CLI_000195
CLM_0012007,CLI_000195
CLM_0012008,CLI_000143
CLM_0012009,CLI_000143
CLM_0012010,CLI_000143
CLM_0012011,CLI_000143
CLM_0012012,CLI_000471
CLM_0012013,CLI_000245
CLM_0012014,CLI_000025
CLM_0012015,CLI_000203
CLM_0012016,CLI_000565
CLM_0012017,CLI_000565
CLM_0012018,CLI_000565
CLM_0012019,CLI_000584
CLM_0012020,CLI_000584
CLM_0012021,CLI_000088
CLM_0012022,CLI_000088
CLM_0012023,CLI_000088
CLM_0012024,CLI_000524
CLM_0012025,CLI_000524
CLM_0012026,CLI_000524
CLM_0012027,CLI_000203
CLM_0012028,CLI_000203
CLM_0012029,CLI_000203
CLM_0012030,CLI_000052
CLM_0012031,CLI_000052
CLM_0012032,CLI_000052
CLM_0012033,CLI_000318
CLM_0012034,CLI_000318
CLM_0012035,CLI_000318
CLM_0012036,CLI_000535
CLM_0012037,CLI_000535
CLM_0012038,CLI_000535
CLM_0012039,CLI_000143
CLM_0012040,CLI_000143
CLM_0012041,CLI_000143
CLM_0012042,CLI_000456
CLM_0012043,CLI_000380
CLM_0012044,CLI_000380
CLM_0012045,CLI_000380
CLM_0012046,CLI_000202
CLM_0012047,CLI_000533
CLM_0012048,CLI_000533
CLM_0012049,CLI_000533
CLM_0012050,CLI_000033
CLM_0012051,CLI_000033
CLM_0012052,CLI_000285
CLM_0012053,CLI_000119
CLM_0012054,CLI_000119
CLM_0012055,CLI_000143
CLM_0012056,CLI_000143
CLM_0012057,CLI_000143
CLM_0012058,CLI_000143
CLM_0012059,CLI_000491
CLM_0012060,CLI_000491
CLM_0012061,CLI_000491
CLM_0012062,CLI_000565
CLM_0012063,CLI_000143
CLM_0012064,CLI_000143
CLM_0012065,CLI_000143
CLM_0012066,CLI_000143
CLM_0012067,CLI_000143
CLM_0012068,CLI_000419
CLM_0012069,CLI_000419
CLM_0012070,CLI_000419
CLM_0012071,CLI_000525
CLM_0012072,CLI_000525
CLM_0012073,CLI_000143
CLM_0012074,CLI_000143
CLM_0012075,CLI_000143
CLM_0012076,CLI_000525
CLM_0012077,CLI_000525
CLM_0012078,CLI_000203
CLM_0012079,CLI_000134
CLM_0012080,CLI_000108
CLM_0012081,CLI_000506
CLM_0012082,CLI_000506
CLM_0012083,CLI_000506
CLM_0012084,CLI_000153
CLM_0012085,CLI_000121
CLM_0012086,CLI_000121
CLM_0012087,CLI_000121
CLM_0012088,CLI_000318
CLM_0012089,CLI_000143
CLM_0012090,CLI_000040
CLM_0012091,CLI_000040
CLM_0012092,CLI_000040
CLM_0012093,CLI_000143
CLM_0012094,CLI_000143
CLM_0012095,CLI_000033
CLM_0012096,CLI_000033
CLM_0012097,CLI_000033
CLM_0012098,CLI_000380
CLM_0012099,CLI_000380
CLM_0012100,CLI_000380
CLM_0012101,CLI_000476
CLM_0012102,CLI_000202
CLM_0012103,CLI_000202
CLM_0012104,CLI_000033
CLM_0012105,CLI_000033
CLM_0012106,CLI_000033
CLM_0012107,CLI_000033
CLM_0012108,CLI_000033
CLM_0012109,CLI_000061
CLM_0012110,CLI_000061
CLM_0012111,CLI_000414
CLM_0012112,CLI_000414
CLM_0012113,CLI_000426
CLM_0012114,CLI_000025
CLM_0012115,CLI_000535
CLM_0012116,CLI_000535
CLM_0012117,CLI_000535
CLM_0012118,CLI_000052
CLM_0012119,CLI_000202
CLM_0012120,CLI_000202
CLM_0012121,CLI_000202
CLM_0012122,CLI_000195
CLM_0012123,CLI_000195
CLM_0012124,CLI_000143
CLM_0012125,CLI_000143
CLM_0012126,CLI_000143
CLM_0012127,CLI_000380
CLM_0012128,CLI_000380
CLM_0012129,CLI_000380
CLM_0012130,CLI_000202
CLM_0012131,CLI_000202
CLM_0012132,CLI_000202
CLM_0012133,CLI_000203
CLM_0012134,CLI_000203
CLM_0012135,CLI_000565
CLM_0012136,CLI_000025
CLM_0012137,CLI_000025
CLM_0012138,CLI_000025
CLM_0012139,CLI_000375
CLM_0012140,CLI_000375
CLM_0012141,CLI_000202
CLM_0012142,CLI_000025
CLM_0012143,CLI_000025
CLM_0012144,CLI_000269
CLM_0012145,CLI_000469
CLM_0012146,CLI_000469
CLM_0012147,CLI_000469
CLM_0012148,CLI_000535
CLM_0012149,CLI_000535
CLM_0012150,CLI_000201
CLM_0012151,CLI_000201
CLM_0012152,CLI_000033
CLM_0012153,CLI_000143
CLM_0012154,CLI_000143
CLM_0012155,CLI_000203
CLM_0012156,CLI_000242
CLM_0012157,CLI_000141
CLM_0012158,CLI_000426
CLM_0012159,CLI_000426
CLM_0012160,CLI_000033
CLM_0012161,CLI_000535
CLM_0012162,CLI_000535
CLM_0012163,CLI_000535
CLM_0012164,CLI_000033
CLM_0012165,CLI_000033
CLM_0012166,CLI_000033
CLM_0012167,CLI_000033
CLM_0012168,CLI_000033
CLM_0012169,CLI_000253
CLM_0012170,CLI_000143
CLM_0012171,CLI_000025
CLM_0012172,CLI_000025
CLM_0012173,CLI_000202
CLM_0012174,CLI_000202
CLM_0012175,CLI_000143
CLM_0012176,CLI_000143
CLM_0012177,CLI_000526
CLM_0012178,CLI_000526
CLM_0012179,CLI_000253
CLM_0012180,CLI_000177
CLM_0012181,CLI_000177
CLM_0012182,CLI_000219
CLM_0012183,CLI_000219
CLM_0012184,CLI_000202
CLM_0012185,CLI_000202
CLM_0012186,CLI_000414
CLM_0012187,CLI_000414
CLM_0012188,CLI_000202
CLM_0012189,CLI_000202
CLM_0012190,CLI_000202
CLM_0012191,CLI_000033
CLM_0012192,CLI_000535
CLM_0012193,CLI_000143
CLM_0012194,CLI_000143
CLM_0012195,CLI_000076
CLM_0012196,CLI_000506
CLM_0012197,CLI_000506
CLM_0012198,CLI_000506
CLM_0012199,CLI_000025
CLM_0012200,CLI_000143
CLM_0012201,CLI_000143
CLM_0012202,CLI_000506
CLM_0012203,CLI_000299
CLM_0012204,CLI_000299
CLM_0012205,CLI_000299
CLM_0012206,CLI_000196
CLM_0012207,CLI_000196
CLM_0012208,CLI_000196
CLM_0012209,CLI_000157
CLM_0012210,CLI_000157
CLM_0012211,CLI_000157
CLM_0012212,CLI_000033
CLM_0012213,CLI_000033
CLM_0012214,CLI_000033
CLM_0012215,CLI_000169
CLM_0012216,CLI_000169
CLM_0012217,CLI_000169
CLM_0012218,CLI_000166
CLM_0012219,CLI_000166
CLM_0012220,CLI_000166
CLM_0012221,CLI_000511
CLM_0012222,CLI_000511
CLM_0012223,CLI_000511
CLM_0012224,CLI_000025
CLM_0012225,CLI_000025
CLM_0012226,CLI_000025
CLM_0012227,CLI_000203
CLM_0012228,CLI_000203
CLM_0012229,CLI_000314
CLM_0012230,CLI_000196
CLM_0012231,CLI_000196
CLM_0012232,CLI_000052
CLM_0012233,CLI_000052
CLM_0012234,CLI_000052
CLM_0012235,CLI_000426
CLM_0012236,CLI_000426
CLM_0012237,CLI_000404
CLM_0012238,CLI_000404
CLM_0012239,CLI_000202
CLM_0012240,CLI_000202
CLM_0012241,CLI_000202
CLM_0012242,CLI_000203
CLM_0012243,CLI_000203
CLM_0012244,CLI_000203
CLM_0012245,CLI_000195
CLM_0012246,CLI_000143
CLM_0012247,CLI_000143
CLM_0012248,CLI_000143
CLM_0012249,CLI_000044
CLM_0012250,CLI_000044
CLM_0012251,CLI_000044
CLM_0012252,CLI_000202
CLM_0012253,CLI_000097
CLM_0012254,CLI_000097
CLM_0012255,CLI_000456
CLM_0012256,CLI_000456
CLM_0012257,CLI_000076
CLM_0012258,CLI_000076
CLM_0012259,CLI_000202
CLM_0012260,CLI_000196
CLM_0012261,CLI_000196
CLM_0012262,CLI_000196
CLM_0012263,CLI_000166
CLM_0012264,CLI_000166
CLM_0012265,CLI_000166
CLM_0012266,CLI_000354
CLM_0012267,CLI_000354
CLM_0012268,CLI_000354
CLM_0012269,CLI_000203
CLM_0012270,CLI_000203
CLM_0012271,CLI_000203
CLM_0012272,CLI_000426
CLM_0012273,CLI_000426
CLM_0012274,CLI_000143
CLM_0012275,CLI_000143
CLM_0012276,CLI_000143
CLM_0012277,CLI_000202
CLM_0012278,CLI_000202
CLM_0012279,CLI_000501
CLM_0012280,CLI_000203
CLM_0012281,CLI_000203
CLM_0012282,CLI_000202
CLM_0012283,CLI_000202
CLM_0012284,CLI_000202
CLM_0012285,CLI_000143
CLM_0012286,CLI_000143
CLM_0012287,CLI_000143
CLM_0012288,CLI_000311
CLM_0012289,CLI_000311
CLM_0012290,CLI_000311
CLM_0012291,CLI_000025
CLM_0012292,CLI_000025
CLM_0012293,CLI_000025
CLM_0012294,CLI_000408
CLM_0012295,CLI_000181
CLM_0012296,CLI_000181
CLM_0012297,CLI_000181
CLM_0012298,CLI_000203
CLM_0012299,CLI_000203
CLM_0012300,CLI_000203
CLM_0012301,CLI_000202
CLM_0012302,CLI_000202
CLM_0012303,CLI_000544
CLM_0012304,CLI_000544
CLM_0012305,CLI_000112
CLM_0012306,CLI_000112
CLM_0012307,CLI_000217
CLM_0012308,CLI_000217
CLM_0012309,CLI_000203
CLM_0012310,CLI_000533
CLM_0012311,CLI_000533
CLM_0012312,CLI_000203
CLM_0012313,CLI_000089
CLM_0012314,CLI_000203
CLM_0012315,CLI_000203
CLM_0012316,CLI_000203
CLM_0012317,CLI_000143
CLM_0012318,CLI_000404
CLM_0012319,CLI_000404
CLM_0012320,CLI_000404
CLM_0012321,CLI_000143
CLM_0012322,CLI_000143
CLM_0012323,CLI_000033
CLM_0012324,CLI_000134
CLM_0012325,CLI_000134
CLM_0012326,CLI_000438
CLM_0012327,CLI_000438
CLM_0012328,CLI_000143
CLM_0012329,CLI_000143
CLM_0012330,CLI_000556
CLM_0012331,CLI_000556
CLM_0012332,CLI_000143
CLM_0012333,CLI_000143
CLM_0012334,CLI_000530
CLM_0012335,CLI_000530
CLM_0012336,CLI_000530
CLM_0012337,CLI_000391
CLM_0012338,CLI_000391
CLM_0012339,CLI_000019
CLM_0012340,CLI_000019
CLM_0012341,CLI_000019
CLM_0012342,CLI_000202
CLM_0012343,CLI_000202
CLM_0012344,CLI_000535
CLM_0012345,CLI_000535
CLM_0012346,CLI_000535
CLM_0012347,CLI_000143
CLM_0012348,CLI_000143
CLM_0012349,CLI_000506
CLM_0012350,CLI_000089
CLM_0012351,CLI_000089
CLM_0012352,CLI_000253
CLM_0012353,CLI_000253
CLM_0012354,CLI_000391
CLM_0012355,CLI_000391
CLM_0012356,CLI_000426
CLM_0012357,CLI_000025
CLM_0012358,CLI_000025
CLM_0012359,CLI_000166
CLM_0012360,CLI_000166
CLM_0012361,CLI_000076
CLM_0012362,CLI_000076
CLM_0012363,CLI_000143
CLM_0012364,CLI_000143
CLM_0012365,CLI_000033
CLM_0012366,CLI_000033
CLM_0012367,CLI_000033
CLM_0012368,CLI_000134
CLM_0012369,CLI_000134
CLM_0012370,CLI_000134
CLM_0012371,CLI_000143
CLM_0012372,CLI_000404
CLM_0012373,CLI_000030
CLM_0012374,CLI_000030
CLM_0012375,CLI_000030
CLM_0012376,CLI_000088
CLM_0012377,CLI_000426
CLM_0012378,CLI_000426
CLM_0012379,CLI_000553
CLM_0012380,CLI_000526
CLM_0012381,CLI_000143
CLM_0012382,CLI_000143
CLM_0012383,CLI_000143
CLM_0012384,CLI_000143
CLM_0012385,CLI_000143
CLM_0012386,CLI_000189
CLM_0012387,CLI_000189
CLM_0012388,CLI_000189
CLM_0012389,CLI_000033
CLM_0012390,CLI_000143
CLM_0012391,CLI_000143
CLM_0012392,CLI_000571
CLM_0012393,CLI_000571
CLM_0012394,CLI_000571
CLM_0012395,CLI_000049
CLM_0012396,CLI_000049
CLM_0012397,CLI_000049
CLM_0012398,CLI_000088
CLM_0012399,CLI_000143
CLM_0012400,CLI_000143
CLM_0012401,CLI_000202
CLM_0012402,CLI_000143
CLM_0012403,CLI_000143
CLM_0012404,CLI_000143
CLM_0012405,CLI_000121
CLM_0012406,CLI_000525
CLM_0012407,CLI_000525
CLM_0012408,CLI_000525
CLM_0012409,CLI_000143
CLM_0012410,CLI_000143
CLM_0012411,CLI_000426
CLM_0012412,CLI_000426
CLM_0012413,CLI_000426
CLM_0012414,CLI_000195
CLM_0012415,CLI_000195
CLM_0012416,CLI_000565
CLM_0012417,CLI_000565
CLM_0012418,CLI_000565
CLM_0012419,CLI_000076
CLM_0012420,CLI_000076
CLM_0012421,CLI_000076
CLM_0012422,CLI_000525
CLM_0012423,CLI_000525
CLM_0012424,CLI_000203
CLM_0012425,CLI_000203
CLM_0012426,CLI_000203
CLM_0012427,CLI_000025
CLM_0012428,CLI_000025
CLM_0012429,CLI_000025
CLM_0012430,CLI_000482
CLM_0012431,CLI_000482
CLM_0012432,CLI_000526
CLM_0012433,CLI_000526
CLM_0012434,CLI_000526
CLM_0012435,CLI_000143
CLM_0012436,CLI_000025
CLM_0012437,CLI_000025
CLM_0012438,CLI_000025
CLM_0012439,CLI_000253
CLM_0012440,CLI_000121
CLM_0012441,CLI_000121
CLM_0012442,CLI_000121
CLM_0012443,CLI_000218
CLM_0012444,CLI_000274
CLM_0012445,CLI_000274
CLM_0012446,CLI_000121
CLM_0012447,CLI_000121
CLM_0012448,CLI_000121
CLM_0012449,CLI_000025
CLM_0012450,CLI_000025
CLM_0012451,CLI_000574
CLM_0012452,CLI_000574
CLM_0012453,CLI_000574
CLM_0012454,CLI_000045
CLM_0012455,CLI_000045
CLM_0012456,CLI_000143
CLM_0012457,CLI_000143
CLM_0012458,CLI_000143
CLM_0012459,CLI_000033
CLM_0012460,CLI_000033
CLM_0012461,CLI_000107
CLM_0012462,CLI_000107
CLM_0012463,CLI_000033
CLM_0012464,CLI_000202
CLM_0012465,CLI_000202
CLM_0012466,CLI_000585
CLM_0012467,CLI_000585
CLM_0012468,CLI_000044
CLM_0012469,CLI_000044
CLM_0012470,CLI_000044
CLM_0012471,CLI_000315
CLM_0012472,CLI_000315
CLM_0012473,CLI_000315
CLM_0012474,CLI_000143
CLM_0012475,CLI_000143
CLM_0012476,CLI_000525
CLM_0012477,CLI_000195
CLM_0012478,CLI_000113
CLM_0012479,CLI_000113
CLM_0012480,CLI_000033
CLM_0012481,CLI_000381
CLM_0012482,CLI_000381
CLM_0012483,CLI_000381
CLM_0012484,CLI_000033
CLM_0012485,CLI_000033
CLM_0012486,CLI_000033
CLM_0012487,CLI_000025
CLM_0012488,CLI_000382
CLM_0012489,CLI_000382
CLM_0012490,CLI_000143
CLM_0012491,CLI_000143
CLM_0012492,CLI_000107
CLM_0012493,CLI_000419
CLM_0012494,CLI_000419
CLM_0012495,CLI_000143
CLM_0012496,CLI_000202
CLM_0012497,CLI_000200
CLM_0012498,CLI_000200
CLM_0012499,CLI_000202
CLM_0012500,CLI_000253
CLM_0012501,CLI_000253
CLM_0012502,CLI_000253
CLM_0012503,CLI_000435
CLM_0012504,CLI_000435
CLM_0012505,CLI_000143
CLM_0012506,CLI_000143
CLM_0012507,CLI_000143
CLM_0012508,CLI_000385
CLM_0012509,CLI_000004
CLM_0012510,CLI_000004
CLM_0012511,CLI_000076
CLM_0012512,CLI_000316
CLM_0012513,CLI_000347
CLM_0012514,CLI_000033
CLM_0012515,CLI_000285
CLM_0012516,CLI_000285
CLM_0012517,CLI_000285
CLM_0012518,CLI_000143
CLM_0012519,CLI_000143
CLM_0012520,CLI_000571
CLM_0012521,CLI_000535
CLM_0012522,CLI_000535
CLM_0012523,CLI_000011
CLM_0012524,CLI_000196
CLM_0012525,CLI_000196
CLM_0012526,CLI_000196
CLM_0012527,CLI_000404
CLM_0012528,CLI_000404
CLM_0012529,CLI_000404
CLM_0012530,CLI_000090
CLM_0012531,CLI_000143
CLM_0012532,CLI_000143
CLM_0012533,CLI_000143
CLM_0012534,CLI_000203
CLM_0012535,CLI_000203
CLM_0012536,CLI_000203
CLM_0012537,CLI_000525
CLM_0012538,CLI_000525
CLM_0012539,CLI_000525
CLM_0012540,CLI_000203
CLM_0012541,CLI_000203
CLM_0012542,CLI_000203
CLM_0012543,CLI_000203
CLM_0012544,CLI_000143
CLM_0012545,CLI_000143
CLM_0012546,CLI_000456
CLM_0012547,CLI_000152
CLM_0012548,CLI_000152
CLM_0012549,CLI_000025
CLM_0012550,CLI_000025
CLM_0012551,CLI_000183
CLM_0012552,CLI_000183
CLM_0012553,CLI_000025
CLM_0012554,CLI_000025
CLM_0012555,CLI_000143
CLM_0012556,CLI_000061
CLM_0012557,CLI_000049
CLM_0012558,CLI_000049
CLM_0012559,CLI_000506
CLM_0012560,CLI_000002
CLM_0012561,CLI_000002
CLM_0012562,CLI_000202
CLM_0012563,CLI_000202
CLM_0012564,CLI_000202
CLM_0012565,CLI_000171
CLM_0012566,CLI_000171
CLM_0012567,CLI_000171
CLM_0012568,CLI_000189
CLM_0012569,CLI_000189
CLM_0012570,CLI_000189
CLM_0012571,CLI_000160
CLM_0012572,CLI_000160
CLM_0012573,CLI_000521
CLM_0012574,CLI_000143
CLM_0012575,CLI_000143
CLM_0012576,CLI_000143
CLM_0012577,CLI_000268
CLM_0012578,CLI_000380
CLM_0012579,CLI_000380
CLM_0012580,CLI_000380
CLM_0012581,CLI_000456
CLM_0012582,CLI_000456
CLM_0012583,CLI_000456
CLM_0012584,CLI_000315
CLM_0012585,CLI_000047
CLM_0012586,CLI_000047
CLM_0012587,CLI_000047
CLM_0012588,CLI_000188
CLM_0012589,CLI_000133
CLM_0012590,CLI_000133
CLM_0012591,CLI_000076
CLM_0012592,CLI_000076
CLM_0012593,CLI_000076
CLM_0012594,CLI_000203
CLM_0012595,CLI_000203
CLM_0012596,CLI_000202
CLM_0012597,CLI_000202
CLM_0012598,CLI_000202
CLM_0012599,CLI_000025
CLM_0012600,CLI_000025
CLM_0012601,CLI_000201
CLM_0012602,CLI_000386
CLM_0012603,CLI_000386
CLM_0012604,CLI_000386
CLM_0012605,CLI_000149
CLM_0012606,CLI_000149
CLM_0012607,CLI_000380
CLM_0012608,CLI_000088
CLM_0012609,CLI_000088
CLM_0012610,CLI_000088
CLM_0012611,CLI_000203
CLM_0012612,CLI_000202
CLM_0012613,CLI_000202
CLM_0012614,CLI_000253
CLM_0012615,CLI_000253
CLM_0012616,CLI_000202
CLM_0012617,CLI_000202
CLM_0012618,CLI_000202
CLM_0012619,CLI_000544
CLM_0012620,CLI_000544
CLM_0012621,CLI_000544
CLM_0012622,CLI_000571
CLM_0012623,CLI_000426
CLM_0012624,CLI_000426
CLM_0012625,CLI_000426
CLM_0012626,CLI_000404
CLM_0012627,CLI_000404
CLM_0012628,CLI_000591
CLM_0012629,CLI_000591
CLM_0012630,CLI_000591
CLM_0012631,CLI_000282
CLM_0012632,CLI_000282
CLM_0012633,CLI_000033
CLM_0012634,CLI_000453
CLM_0012635,CLI_000469
CLM_0012636,CLI_000189
CLM_0012637,CLI_000189
CLM_0012638,CLI_000033
CLM_0012639,CLI_000033
CLM_0012640,CLI_000299
CLM_0012641,CLI_000201
CLM_0012642,CLI_000245
CLM_0012643,CLI_000245
CLM_0012644,CLI_000591
CLM_0012645,CLI_000591
CLM_0012646,CLI_000591
CLM_0012647,CLI_000456
CLM_0012648,CLI_000456
CLM_0012649,CLI_000565
CLM_0012650,CLI_000565
CLM_0012651,CLI_000203
CLM_0012652,CLI_000203
CLM_0012653,CLI_000063
CLM_0012654,CLI_000202
CLM_0012655,CLI_000202
CLM_0012656,CLI_000202
CLM_0012657,CLI_000404
CLM_0012658,CLI_000404
CLM_0012659,CLI_000415
CLM_0012660,CLI_000415
CLM_0012661,CLI_000033
CLM_0012662,CLI_000033
CLM_0012663,CLI_000033
CLM_0012664,CLI_000141
CLM_0012665,CLI_000025
CLM_0012666,CLI_000025
CLM_0012667,CLI_000025
CLM_0012668,CLI_000195
CLM_0012669,CLI_000143
CLM_0012670,CLI_000143
CLM_0012671,CLI_000143
CLM_0012672,CLI_000535
CLM_0012673,CLI_000219
CLM_0012674,CLI_000096
CLM_0012675,CLI_000404
CLM_0012676,CLI_000404
CLM_0012677,CLI_000025
CLM_0012678,CLI_000025
CLM_0012679,CLI_000025
CLM_0012680,CLI_000033
CLM_0012681,CLI_000033
CLM_0012682,CLI_000105
CLM_0012683,CLI_000166
CLM_0012684,CLI_000586
CLM_0012685,CLI_000586
CLM_0012686,CLI_000506
CLM_0012687,CLI_000506
CLM_0012688,CLI_000327
CLM_0012689,CLI_000327
CLM_0012690,CLI_000202
CLM_0012691,CLI_000202
CLM_0012692,CLI_000202
CLM_0012693,CLI_000033
CLM_0012694,CLI_000025
CLM_0012695,CLI_000025
CLM_0012696,CLI_000025
CLM_0012697,CLI_000404
CLM_0012698,CLI_000404
CLM_0012699,CLI_000526
CLM_0012700,CLI_000166
CLM_0012701,CLI_000315
CLM_0012702,CLI_000315
CLM_0012703,CLI_000506
CLM_0012704,CLI_000506
CLM_0012705,CLI_000453
CLM_0012706,CLI_000453
CLM_0012707,CLI_000453
CLM_0012708,CLI_000107
CLM_0012709,CLI_000061
CLM_0012710,CLI_000061
CLM_0012711,CLI_000061
CLM_0012712,CLI_000203
CLM_0012713,CLI_000203
CLM_0012714,CLI_000203
CLM_0012715,CLI_000351
CLM_0012716,CLI_000351
CLM_0012717,CLI_000001
CLM_0012718,CLI_000001
CLM_0012719,CLI_000001
CLM_0012720,CLI_000076
CLM_0012721,CLI_000076
CLM_0012722,CLI_000143
CLM_0012723,CLI_000143
CLM_0012724,CLI_000426
CLM_0012725,CLI_000419
CLM_0012726,CLI_000506
CLM_0012727,CLI_000506
CLM_0012728,CLI_000501
CLM_0012729,CLI_000501
CLM_0012730,CLI_000143
CLM_0012731,CLI_000143
CLM_0012732,CLI_000143
CLM_0012733,CLI_000535
CLM_0012734,CLI_000535
CLM_0012735,CLI_000535
CLM_0012736,CLI_000137
CLM_0012737,CLI_000143
CLM_0012738,CLI_000395
CLM_0012739,CLI_000395
CLM_0012740,CLI_000395
CLM_0012741,CLI_000589
CLM_0012742,CLI_000143
CLM_0012743,CLI_000143
CLM_0012744,CLI_000426
CLM_0012745,CLI_000203
CLM_0012746,CLI_000404
CLM_0012747,CLI_000202
CLM_0012748,CLI_000202
CLM_0012749,CLI_000202
CLM_0012750,CLI_000025
CLM_0012751,CLI_000025
CLM_0012752,CLI_000143
CLM_0012753,CLI_000404
CLM_0012754,CLI_000404
CLM_0012755,CLI_000404
CLM_0012756,CLI_000143
CLM_0012757,CLI_000143
CLM_0012758,CLI_000143
CLM_0012759,CLI_000143
CLM_0012760,CLI_000143
CLM_0012761,CLI_000143
CLM_0012762,CLI_000488
CLM_0012763,CLI_000143
CLM_0012764,CLI_000426
CLM_0012765,CLI_000426
CLM_0012766,CLI_000033
CLM_0012767,CLI_000033
CLM_0012768,CLI_000143
CLM_0012769,CLI_000143
CLM_0012770,CLI_000143
CLM_0012771,CLI_000435
CLM_0012772,CLI_000435
CLM_0012773,CLI_000435
CLM_0012774,CLI_000052
CLM_0012775,CLI_000052
CLM_0012776,CLI_000052
CLM_0012777,CLI_000426
CLM_0012778,CLI_000526
CLM_0012779,CLI_000526
CLM_0012780,CLI_000058
CLM_0012781,CLI_000058
CLM_0012782,CLI_000202
CLM_0012783,CLI_000202
CLM_0012784,CLI_000456
CLM_0012785,CLI_000468
CLM_0012786,CLI_000143
CLM_0012787,CLI_000143
CLM_0012788,CLI_000143
CLM_0012789,CLI_000506
CLM_0012790,CLI_000124
CLM_0012791,CLI_000124
CLM_0012792,CLI_000124
CLM_0012793,CLI_000143
CLM_0012794,CLI_000203
CLM_0012795,CLI_000520
CLM_0012796,CLI_000426
CLM_0012797,CLI_000426
CLM_0012798,CLI_000526
CLM_0012799,CLI_000526
CLM_0012800,CLI_000160
CLM_0012801,CLI_000160
CLM_0012802,CLI_000337
CLM_0012803,CLI_000337
CLM_0012804,CLI_000337
CLM_0012805,CLI_000143
CLM_0012806,CLI_000143
CLM_0012807,CLI_000143
CLM_0012808,CLI_000419
CLM_0012809,CLI_000419
CLM_0012810,CLI_000477
CLM_0012811,CLI_000477
CLM_0012812,CLI_000477
CLM_0012813,CLI_000404
CLM_0012814,CLI_000404
CLM_0012815,CLI_000065
CLM_0012816,CLI_000065
CLM_0012817,CLI_000065
CLM_0012818,CLI_000303
CLM_0012819,CLI_000303
CLM_0012820,CLI_000525
CLM_0012821,CLI_000201
CLM_0012822,CLI_000201
CLM_0012823,CLI_000201
CLM_0012824,CLI_000143
CLM_0012825,CLI_000143
CLM_0012826,CLI_000105
CLM_0012827,CLI_000203
CLM_0012828,CLI_000203
CLM_0012829,CLI_000203
CLM_0012830,CLI_000368
CLM_0012831,CLI_000368
CLM_0012832,CLI_000143
CLM_0012833,CLI_000435
CLM_0012834,CLI_000143
CLM_0012835,CLI_000166
CLM_0012836,CLI_000166
CLM_0012837,CLI_000166
CLM_0012838,CLI_000535
CLM_0012839,CLI_000535
CLM_0012840,CLI_000535
CLM_0012841,CLI_000033
CLM_0012842,CLI_000033
CLM_0012843,CLI_000033
CLM_0012844,CLI_000456
CLM_0012845,CLI_000456
CLM_0012846,CLI_000456
CLM_0012847,CLI_000203
CLM_0012848,CLI_000203
CLM_0012849,CLI_000202
CLM_0012850,CLI_000202
CLM_0012851,CLI_000202
CLM_0012852,CLI_000470
CLM_0012853,CLI_000470
CLM_0012854,CLI_000253
CLM_0012855,CLI_000253
CLM_0012856,CLI_000253
CLM_0012857,CLI_000262
CLM_0012858,CLI_000262
CLM_0012859,CLI_000262
CLM_0012860,CLI_000476
CLM_0012861,CLI_000476
CLM_0012862,CLI_000476
CLM_0012863,CLI_000143
CLM_0012864,CLI_000143
CLM_0012865,CLI_000061
CLM_0012866,CLI_000061
CLM_0012867,CLI_000061
CLM_0012868,CLI_000143
CLM_0012869,CLI_000143
CLM_0012870,CLI_000143
CLM_0012871,CLI_000076
CLM_0012872,CLI_000076
CLM_0012873,CLI_000076
CLM_0012874,CLI_000404
CLM_0012875,CLI_000404
CLM_0012876,CLI_000253
CLM_0012877,CLI_000013
CLM_0012878,CLI_000013
CLM_0012879,CLI_000143
CLM_0012880,CLI_000143
CLM_0012881,CLI_000143
CLM_0012882,CLI_000143
CLM_0012883,CLI_000245
CLM_0012884,CLI_000245
CLM_0012885,CLI_000388
CLM_0012886,CLI_000388
CLM_0012887,CLI_000506
CLM_0012888,CLI_000506
CLM_0012889,CLI_000143
CLM_0012890,CLI_000143
CLM_0012891,CLI_000143
CLM_0012892,CLI_000025
CLM_0012893,CLI_000025
CLM_0012894,CLI_000143
CLM_0012895,CLI_000143
CLM_0012896,CLI_000253
CLM_0012897,CLI_000253
CLM_0012898,CLI_000543
CLM_0012899,CLI_000543
CLM_0012900,CLI_000543
CLM_0012901,CLI_000426
CLM_0012902,CLI_000426
CLM_0012903,CLI_000368
CLM_0012904,CLI_000368
CLM_0012905,CLI_000282
CLM_0012906,CLI_000282
CLM_0012907,CLI_000282
CLM_0012908,CLI_000166
CLM_0012909,CLI_000166
CLM_0012910,CLI_000202
CLM_0012911,CLI_000202
CLM_0012912,CLI_000202
CLM_0012913,CLI_000456
CLM_0012914,CLI_000456
CLM_0012915,CLI_000089
CLM_0012916,CLI_000089
CLM_0012917,CLI_000025
CLM_0012918,CLI_000025
CLM_0012919,CLI_000025
CLM_0012920,CLI_000088
CLM_0012921,CLI_000435
CLM_0012922,CLI_000161
CLM_0012923,CLI_000161
CLM_0012924,CLI_000161
CLM_0012925,CLI_000143
CLM_0012926,CLI_000143
CLM_0012927,CLI_000143
CLM_0012928,CLI_000143
CLM_0012929,CLI_000033
CLM_0012930,CLI_000033
CLM_0012931,CLI_000525
CLM_0012932,CLI_000525
CLM_0012933,CLI_000525
CLM_0012934,CLI_000046
CLM_0012935,CLI_000046
CLM_0012936,CLI_000456
CLM_0012937,CLI_000166
CLM_0012938,CLI_000218
CLM_0012939,CLI_000218
CLM_0012940,CLI_000456
CLM_0012941,CLI_000456
CLM_0012942,CLI_000456
CLM_0012943,CLI_000404
CLM_0012944,CLI_000404
CLM_0012945,CLI_000033
CLM_0012946,CLI_000033
CLM_0012947,CLI_000143
CLM_0012948,CLI_000404
CLM_0012949,CLI_000404
CLM_0012950,CLI_000404
CLM_0012951,CLI_000591
CLM_0012952,CLI_000591
CLM_0012953,CLI_000591
CLM_0012954,CLI_000468
CLM_0012955,CLI_000468
CLM_0012956,CLI_000468
CLM_0012957,CLI_000076
CLM_0012958,CLI_000143
CLM_0012959,CLI_000143
CLM_0012960,CLI_000143
CLM_0012961,CLI_000544
CLM_0012962,CLI_000544
CLM_0012963,CLI_000544
CLM_0012964,CLI_000456
CLM_0012965,CLI_000456
CLM_0012966,CLI_000202
CLM_0012967,CLI_000063
CLM_0012968,CLI_000063
CLM_0012969,CLI_000063
CLM_0012970,CLI_000202
CLM_0012971,CLI_000202
CLM_0012972,CLI_000202
CLM_0012973,CLI_000253
CLM_0012974,CLI_000253
CLM_0012975,CLI_000253
CLM_0012976,CLI_000506
CLM_0012977,CLI_000506
CLM_0012978,CLI_000203
CLM_0012979,CLI_000011
CLM_0012980,CLI_000203
CLM_0012981,CLI_000203
CLM_0012982,CLI_000203
CLM_0012983,CLI_000434
CLM_0012984,CLI_000434
CLM_0012985,CLI_000025
CLM_0012986,CLI_000025
CLM_0012987,CLI_000506
CLM_0012988,CLI_000506
CLM_0012989,CLI_000033
CLM_0012990,CLI_000453
CLM_0012991,CLI_000033
CLM_0012992,CLI_000033
CLM_0012993,CLI_000033
CLM_0012994,CLI_000438
CLM_0012995,CLI_000435
CLM_0012996,CLI_000435
CLM_0012997,CLI_000166
CLM_0012998,CLI_000535
CLM_0012999,CLI_000535
CLM_0013000,CLI_000535
CLM_0013001,CLI_000565
CLM_0013002,CLI_000565
CLM_0013003,CLI_000507
CLM_0013004,CLI_000507
CLM_0013005,CLI_000143
CLM_0013006,CLI_000143
CLM_0013007,CLI_000143
CLM_0013008,CLI_000076
CLM_0013009,CLI_000314
CLM_0013010,CLI_000526
CLM_0013011,CLI_000526
CLM_0013012,CLI_000045
CLM_0013013,CLI_000045
CLM_0013014,CLI_000076
CLM_0013015,CLI_000076
CLM_0013016,CLI_000143
CLM_0013017,CLI_000143
CLM_0013018,CLI_000143
CLM_0013019,CLI_000506
CLM_0013020,CLI_000506
CLM_0013021,CLI_000506
CLM_0013022,CLI_000033
CLM_0013023,CLI_000535
CLM_0013024,CLI_000535
CLM_0013025,CLI_000143
CLM_0013026,CLI_000143
CLM_0013027,CLI_000143
CLM_0013028,CLI_000033
CLM_0013029,CLI_000130
CLM_0013030,CLI_000202
CLM_0013031,CLI_000202
CLM_0013032,CLI_000121
CLM_0013033,CLI_000121
CLM_0013034,CLI_000121
CLM_0013035,CLI_000143
CLM_0013036,CLI_000143
CLM_0013037,CLI_000143
CLM_0013038,CLI_000262
CLM_0013039,CLI_000202
CLM_0013040,CLI_000202
CLM_0013041,CLI_000143
CLM_0013042,CLI_000143
CLM_0013043,CLI_000143
CLM_0013044,CLI_000203
CLM_0013045,CLI_000203
CLM_0013046,CLI_000202
CLM_0013047,CLI_000202
CLM_0013048,CLI_000202
CLM_0013049,CLI_000033
CLM_0013050,CLI_000033
CLM_0013051,CLI_000076
CLM_0013052,CLI_000076
CLM_0013053,CLI_000076
CLM_0013054,CLI_000121
CLM_0013055,CLI_000121
CLM_0013056,CLI_000121
CLM_0013057,CLI_000203
CLM_0013058,CLI_000203
CLM_0013059,CLI_000285
CLM_0013060,CLI_000143
CLM_0013061,CLI_000143
CLM_0013062,CLI_000143
CLM_0013063,CLI_000203
CLM_0013064,CLI_000033
CLM_0013065,CLI_000525
CLM_0013066,CLI_000525
CLM_0013067,CLI_000143
CLM_0013068,CLI_000033
CLM_0013069,CLI_000033
CLM_0013070,CLI_000033
CLM_0013071,CLI_000202
CLM_0013072,CLI_000426
CLM_0013073,CLI_000426
CLM_0013074,CLI_000526
CLM_0013075,CLI_000526
CLM_0013076,CLI_000203
CLM_0013077,CLI_000203
CLM_0013078,CLI_000143
CLM_0013079,CLI_000143
CLM_0013080,CLI_000143
CLM_0013081,CLI_000121
CLM_0013082,CLI_000121
CLM_0013083,CLI_000121
CLM_0013084,CLI_000143
CLM_0013085,CLI_000404
CLM_0013086,CLI_000404
CLM_0013087,CLI_000435
CLM_0013088,CLI_000435
CLM_0013089,CLI_000565
CLM_0013090,CLI_000143
CLM_0013091,CLI_000143
CLM_0013092,CLI_000089
CLM_0013093,CLI_000089
CLM_0013094,CLI_000033
CLM_0013095,CLI_000033
CLM_0013096,CLI_000089
CLM_0013097,CLI_000089
CLM_0013098,CLI_000089
CLM_0013099,CLI_000195
CLM_0013100,CLI_000202
CLM_0013101,CLI_000202
CLM_0013102,CLI_000253
CLM_0013103,CLI_000253
CLM_0013104,CLI_000143
CLM_0013105,CLI_000143
CLM_0013106,CLI_000456
CLM_0013107,CLI_000033
CLM_0013108,CLI_000033
CLM_0013109,CLI_000532
CLM_0013110,CLI_000532
CLM_0013111,CLI_000525
CLM_0013112,CLI_000525
CLM_0013113,CLI_000506
CLM_0013114,CLI_000506
CLM_0013115,CLI_000143
CLM_0013116,CLI_000143
CLM_0013117,CLI_000203
CLM_0013118,CLI_000202
CLM_0013119,CLI_000141
CLM_0013120,CLI_000141
CLM_0013121,CLI_000141
CLM_0013122,CLI_000276
CLM_0013123,CLI_000276
CLM_0013124,CLI_000276
CLM_0013125,CLI_000076
CLM_0013126,CLI_000506
CLM_0013127,CLI_000506
CLM_0013128,CLI_000166
CLM_0013129,CLI_000166
CLM_0013130,CLI_000166
CLM_0013131,CLI_000166
CLM_0013132,CLI_000203
CLM_0013133,CLI_000025
CLM_0013134,CLI_000025
CLM_0013135,CLI_000426
CLM_0013136,CLI_000426
CLM_0013137,CLI_000435
CLM_0013138,CLI_000435
CLM_0013139,CLI_000435
CLM_0013140,CLI_000404
CLM_0013141,CLI_000426
CLM_0013142,CLI_000506
CLM_0013143,CLI_000160
CLM_0013144,CLI_000426
CLM_0013145,CLI_000426
CLM_0013146,CLI_000426
CLM_0013147,CLI_000591
CLM_0013148,CLI_000591
CLM_0013149,CLI_000002
CLM_0013150,CLI_000002
CLM_0013151,CLI_000002
CLM_0013152,CLI_000076
CLM_0013153,CLI_000202
CLM_0013154,CLI_000202
CLM_0013155,CLI_000143
CLM_0013156,CLI_000143
CLM_0013157,CLI_000143
CLM_0013158,CLI_000306
CLM_0013159,CLI_000306
CLM_0013160,CLI_000143
CLM_0013161,CLI_000143
CLM_0013162,CLI_000025
CLM_0013163,CLI_000025
CLM_0013164,CLI_000143
CLM_0013165,CLI_000143
CLM_0013166,CLI_000143
CLM_0013167,CLI_000375
CLM_0013168,CLI_000506
CLM_0013169,CLI_000506
CLM_0013170,CLI_000506
CLM_0013171,CLI_000404
CLM_0013172,CLI_000404
CLM_0013173,CLI_000404
CLM_0013174,CLI_000491
CLM_0013175,CLI_000491
CLM_0013176,CLI_000491
CLM_0013177,CLI_000143
CLM_0013178,CLI_000076
CLM_0013179,CLI_000368
CLM_0013180,CLI_000368
CLM_0013181,CLI_000013
CLM_0013182,CLI_000013
CLM_0013183,CLI_000506
CLM_0013184,CLI_000506
CLM_0013185,CLI_000526
CLM_0013186,CLI_000526
CLM_0013187,CLI_000507
CLM_0013188,CLI_000061
CLM_0013189,CLI_000061
CLM_0013190,CLI_000061
CLM_0013191,CLI_000076
CLM_0013192,CLI_000076
CLM_0013193,CLI_000076
CLM_0013194,CLI_000202
CLM_0013195,CLI_000202
CLM_0013196,CLI_000203
CLM_0013197,CLI_000525
CLM_0013198,CLI_000570
CLM_0013199,CLI_000570
CLM_0013200,CLI_000193
CLM_0013201,CLI_000193
CLM_0013202,CLI_000193
CLM_0013203,CLI_000143
CLM_0013204,CLI_000143
CLM_0013205,CLI_000214
CLM_0013206,CLI_000214
CLM_0013207,CLI_000214
CLM_0013208,CLI_000435
CLM_0013209,CLI_000166
CLM_0013210,CLI_000166
CLM_0013211,CLI_000203
CLM_0013212,CLI_000203
CLM_0013213,CLI_000203
CLM_0013214,CLI_000456
CLM_0013215,CLI_000456
CLM_0013216,CLI_000426
CLM_0013217,CLI_000426
CLM_0013218,CLI_000141
CLM_0013219,CLI_000166
CLM_0013220,CLI_000166
CLM_0013221,CLI_000202
CLM_0013222,CLI_000202
CLM_0013223,CLI_000033
CLM_0013224,CLI_000033
CLM_0013225,CLI_000033
CLM_0013226,CLI_000076
CLM_0013227,CLI_000076
CLM_0013228,CLI_000125
CLM_0013229,CLI_000125
CLM_0013230,CLI_000044
CLM_0013231,CLI_000044
CLM_0013232,CLI_000044
CLM_0013233,CLI_000395
CLM_0013234,CLI_000025
CLM_0013235,CLI_000025
CLM_0013236,CLI_000141
CLM_0013237,CLI_000202
CLM_0013238,CLI_000202
CLM_0013239,CLI_000202
CLM_0013240,CLI_000203
CLM_0013241,CLI_000203
CLM_0013242,CLI_000203
CLM_0013243,CLI_000076
CLM_0013244,CLI_000076
CLM_0013245,CLI_000166
CLM_0013246,CLI_000166
CLM_0013247,CLI_000533
CLM_0013248,CLI_000533
CLM_0013249,CLI_000525
CLM_0013250,CLI_000525
CLM_0013251,CLI_000525
CLM_0013252,CLI_000351
CLM_0013253,CLI_000160
CLM_0013254,CLI_000456
CLM_0013255,CLI_000456
CLM_0013256,CLI_000166
CLM_0013257,CLI_000166
CLM_0013258,CLI_000143
CLM_0013259,CLI_000143
CLM_0013260,CLI_000143
CLM_0013261,CLI_000025
CLM_0013262,CLI_000025
CLM_0013263,CLI_000025
CLM_0013264,CLI_000351
CLM_0013265,CLI_000143
CLM_0013266,CLI_000143
CLM_0013267,CLI_000143
CLM_0013268,CLI_000435
CLM_0013269,CLI_000506
CLM_0013270,CLI_000506
CLM_0013271,CLI_000385
CLM_0013272,CLI_000456
CLM_0013273,CLI_000456
CLM_0013274,CLI_000456
CLM_0013275,CLI_000025
CLM_0013276,CLI_000025
CLM_0013277,CLI_000506
CLM_0013278,CLI_000506
CLM_0013279,CLI_000506
CLM_0013280,CLI_000253
CLM_0013281,CLI_000253
CLM_0013282,CLI_000253
CLM_0013283,CLI_000033
CLM_0013284,CLI_000033
CLM_0013285,CLI_000033
CLM_0013286,CLI_000544
CLM_0013287,CLI_000157
CLM_0013288,CLI_000456
CLM_0013289,CLI_000456
CLM_0013290,CLI_000526
CLM_0013291,CLI_000203
CLM_0013292,CLI_000203
CLM_0013293,CLI_000033
CLM_0013294,CLI_000033
CLM_0013295,CLI_000089
CLM_0013296,CLI_000089
CLM_0013297,CLI_000343
CLM_0013298,CLI_000343
CLM_0013299,CLI_000343
CLM_0013300,CLI_000166
CLM_0013301,CLI_000166
CLM_0013302,CLI_000166
CLM_0013303,CLI_000025
CLM_0013304,CLI_000025
CLM_0013305,CLI_000203
CLM_0013306,CLI_000203
CLM_0013307,CLI_000203
CLM_0013308,CLI_000203
CLM_0013309,CLI_000143
CLM_0013310,CLI_000143
CLM_0013311,CLI_000404
CLM_0013312,CLI_000460
CLM_0013313,CLI_000460
CLM_0013314,CLI_000460
CLM_0013315,CLI_000105
CLM_0013316,CLI_000105
CLM_0013317,CLI_000105
CLM_0013318,CLI_000553
CLM_0013319,CLI_000202
CLM_0013320,CLI_000202
CLM_0013321,CLI_000202
CLM_0013322,CLI_000202
CLM_0013323,CLI_000203
CLM_0013324,CLI_000143
CLM_0013325,CLI_000591
CLM_0013326,CLI_000591
CLM_0013327,CLI_000591
CLM_0013328,CLI_000296
CLM_0013329,CLI_000143
CLM_0013330,CLI_000143
CLM_0013331,CLI_000143
CLM_0013332,CLI_000076
CLM_0013333,CLI_000076
CLM_0013334,CLI_000076
CLM_0013335,CLI_000426
CLM_0013336,CLI_000426
CLM_0013337,CLI_000203
CLM_0013338,CLI_000203
CLM_0013339,CLI_000196
CLM_0013340,CLI_000196
CLM_0013341,CLI_000535
CLM_0013342,CLI_000535
CLM_0013343,CLI_000535
CLM_0013344,CLI_000025
CLM_0013345,CLI_000025
CLM_0013346,CLI_000025
CLM_0013347,CLI_000332
CLM_0013348,CLI_000332
CLM_0013349,CLI_000386
CLM_0013350,CLI_000386
CLM_0013351,CLI_000386
CLM_0013352,CLI_000203
CLM_0013353,CLI_000203
CLM_0013354,CLI_000033
CLM_0013355,CLI_000143
CLM_0013356,CLI_000143
CLM_0013357,CLI_000470
CLM_0013358,CLI_000033
CLM_0013359,CLI_000033
CLM_0013360,CLI_000033
CLM_0013361,CLI_000033
CLM_0013362,CLI_000095
CLM_0013363,CLI_000143
CLM_0013364,CLI_000143
CLM_0013365,CLI_000368
CLM_0013366,CLI_000368
CLM_0013367,CLI_000570
CLM_0013368,CLI_000570
CLM_0013369,CLI_000061
CLM_0013370,CLI_000025
CLM_0013371,CLI_000025
CLM_0013372,CLI_000025
CLM_0013373,CLI_000025
CLM_0013374,CLI_000025
CLM_0013375,CLI_000404
CLM_0013376,CLI_000404
CLM_0013377,CLI_000404
CLM_0013378,CLI_000025
CLM_0013379,CLI_000404
CLM_0013380,CLI_000404
CLM_0013381,CLI_000453
CLM_0013382,CLI_000453
CLM_0013383,CLI_000453
CLM_0013384,CLI_000203
CLM_0013385,CLI_000203
CLM_0013386,CLI_000033
CLM_0013387,CLI_000033
CLM_0013388,CLI_000426
CLM_0013389,CLI_000426
CLM_0013390,CLI_000033
CLM_0013391,CLI_000033
CLM_0013392,CLI_000033
CLM_0013393,CLI_000506
CLM_0013394,CLI_000506
CLM_0013395,CLI_000419
CLM_0013396,CLI_000419
CLM_0013397,CLI_000025
CLM_0013398,CLI_000025
CLM_0013399,CLI_000025
CLM_0013400,CLI_000038
CLM_0013401,CLI_000038
CLM_0013402,CLI_000038
CLM_0013403,CLI_000435
CLM_0013404,CLI_000245
CLM_0013405,CLI_000245
CLM_0013406,CLI_000245
CLM_0013407,CLI_000203
CLM_0013408,CLI_000143
CLM_0013409,CLI_000143
CLM_0013410,CLI_000143
CLM_0013411,CLI_000025
CLM_0013412,CLI_000025
CLM_0013413,CLI_000025
CLM_0013414,CLI_000404
CLM_0013415,CLI_000404
CLM_0013416,CLI_000203
CLM_0013417,CLI_000203
CLM_0013418,CLI_000203
CLM_0013419,CLI_000143
CLM_0013420,CLI_000143
CLM_0013421,CLI_000143
CLM_0013422,CLI_000426
CLM_0013423,CLI_000426
CLM_0013424,CLI_000203
CLM_0013425,CLI_000166
CLM_0013426,CLI_000435
CLM_0013427,CLI_000435
CLM_0013428,CLI_000412
CLM_0013429,CLI_000143
CLM_0013430,CLI_000143
CLM_0013431,CLI_000025
CLM_0013432,CLI_000025
CLM_0013433,CLI_000231
CLM_0013434,CLI_000404
CLM_0013435,CLI_000404
CLM_0013436,CLI_000448
CLM_0013437,CLI_000448
CLM_0013438,CLI_000488
CLM_0013439,CLI_000488
CLM_0013440,CLI_000207
CLM_0013441,CLI_000207
CLM_0013442,CLI_000207
CLM_0013443,CLI_000143
CLM_0013444,CLI_000143
CLM_0013445,CLI_000143
CLM_0013446,CLI_000025
CLM_0013447,CLI_000025
CLM_0013448,CLI_000347
CLM_0013449,CLI_000347
CLM_0013450,CLI_000347
CLM_0013451,CLI_000426
CLM_0013452,CLI_000426
CLM_0013453,CLI_000426
CLM_0013454,CLI_000202
CLM_0013455,CLI_000202
CLM_0013456,CLI_000202
CLM_0013457,CLI_000018
CLM_0013458,CLI_000018
CLM_0013459,CLI_000506
CLM_0013460,CLI_000506
CLM_0013461,CLI_000506
CLM_0013462,CLI_000033
CLM_0013463,CLI_000166
CLM_0013464,CLI_000166
CLM_0013465,CLI_000166
CLM_0013466,CLI_000202
CLM_0013467,CLI_000143
CLM_0013468,CLI_000143
CLM_0013469,CLI_000506
CLM_0013470,CLI_000506
CLM_0013471,CLI_000203
CLM_0013472,CLI_000203
CLM_0013473,CLI_000203
CLM_0013474,CLI_000535
CLM_0013475,CLI_000385
CLM_0013476,CLI_000385
CLM_0013477,CLI_000385
CLM_0013478,CLI_000202
CLM_0013479,CLI_000033
CLM_0013480,CLI_000033
CLM_0013481,CLI_000038
CLM_0013482,CLI_000038
CLM_0013483,CLI_000166
CLM_0013484,CLI_000166
CLM_0013485,CLI_000166
CLM_0013486,CLI_000512
CLM_0013487,CLI_000426
CLM_0013488,CLI_000426
CLM_0013489,CLI_000025
CLM_0013490,CLI_000143
CLM_0013491,CLI_000143
CLM_0013492,CLI_000143
CLM_0013493,CLI_000429
CLM_0013494,CLI_000429
CLM_0013495,CLI_000202
CLM_0013496,CLI_000202
CLM_0013497,CLI_000166
CLM_0013498,CLI_000166
CLM_0013499,CLI_000533
CLM_0013500,CLI_000456
CLM_0013501,CLI_000456
CLM_0013502,CLI_000340
CLM_0013503,CLI_000340
CLM_0013504,CLI_000076
CLM_0013505,CLI_000076
CLM_0013506,CLI_000034
CLM_0013507,CLI_000143
CLM_0013508,CLI_000143
CLM_0013509,CLI_000143
CLM_0013510,CLI_000076
CLM_0013511,CLI_000076
CLM_0013512,CLI_000202
CLM_0013513,CLI_000314
CLM_0013514,CLI_000314
CLM_0013515,CLI_000121
CLM_0013516,CLI_000121
CLM_0013517,CLI_000414
CLM_0013518,CLI_000506
CLM_0013519,CLI_000591
CLM_0013520,CLI_000591
CLM_0013521,CLI_000591
CLM_0013522,CLI_000553
CLM_0013523,CLI_000025
CLM_0013524,CLI_000025
CLM_0013525,CLI_000025
CLM_0013526,CLI_000134
CLM_0013527,CLI_000134
CLM_0013528,CLI_000134
CLM_0013529,CLI_000011
CLM_0013530,CLI_000011
CLM_0013531,CLI_000011
CLM_0013532,CLI_000233
CLM_0013533,CLI_000203
CLM_0013534,CLI_000203
CLM_0013535,CLI_000203
CLM_0013536,CLI_000202
CLM_0013537,CLI_000426
CLM_0013538,CLI_000426
CLM_0013539,CLI_000426
CLM_0013540,CLI_000143
CLM_0013541,CLI_000143
CLM_0013542,CLI_000245
CLM_0013543,CLI_000033
CLM_0013544,CLI_000033
CLM_0013545,CLI_000285
CLM_0013546,CLI_000285
CLM_0013547,CLI_000143
CLM_0013548,CLI_000143
CLM_0013549,CLI_000143
CLM_0013550,CLI_000033
CLM_0013551,CLI_000033
CLM_0013552,CLI_000033
CLM_0013553,CLI_000166
CLM_0013554,CLI_000025
CLM_0013555,CLI_000506
CLM_0013556,CLI_000506
CLM_0013557,CLI_000506
CLM_0013558,CLI_000203
CLM_0013559,CLI_000203
CLM_0013560,CLI_000203
CLM_0013561,CLI_000107
CLM_0013562,CLI_000107
CLM_0013563,CLI_000107
CLM_0013564,CLI_000143
CLM_0013565,CLI_000143
CLM_0013566,CLI_000143
CLM_0013567,CLI_000416
CLM_0013568,CLI_000416
CLM_0013569,CLI_000416
CLM_0013570,CLI_000025
CLM_0013571,CLI_000025
CLM_0013572,CLI_000025
CLM_0013573,CLI_000202
CLM_0013574,CLI_000143
CLM_0013575,CLI_000143
CLM_0013576,CLI_000143
CLM_0013577,CLI_000435
CLM_0013578,CLI_000202
CLM_0013579,CLI_000202
CLM_0013580,CLI_000202
CLM_0013581,CLI_000202
CLM_0013582,CLI_000202
CLM_0013583,CLI_000565
CLM_0013584,CLI_000565
CLM_0013585,CLI_000025
CLM_0013586,CLI_000202
CLM_0013587,CLI_000202
CLM_0013588,CLI_000202
CLM_0013589,CLI_000285
CLM_0013590,CLI_000285
CLM_0013591,CLI_000285
CLM_0013592,CLI_000385
CLM_0013593,CLI_000426
CLM_0013594,CLI_000426
CLM_0013595,CLI_000426
CLM_0013596,CLI_000122
CLM_0013597,CLI_000033
CLM_0013598,CLI_000033
CLM_0013599,CLI_000033
CLM_0013600,CLI_000195
CLM_0013601,CLI_000143
CLM_0013602,CLI_000202
CLM_0013603,CLI_000202
CLM_0013604,CLI_000345
CLM_0013605,CLI_000345
CLM_0013606,CLI_000011
CLM_0013607,CLI_000011
CLM_0013608,CLI_000011
CLM_0013609,CLI_000385
CLM_0013610,CLI_000134
CLM_0013611,CLI_000134
CLM_0013612,CLI_000203
CLM_0013613,CLI_000011
CLM_0013614,CLI_000011
CLM_0013615,CLI_000011
CLM_0013616,CLI_000535
CLM_0013617,CLI_000535
CLM_0013618,CLI_000535
CLM_0013619,CLI_000350
CLM_0013620,CLI_000350
CLM_0013621,CLI_000350
CLM_0013622,CLI_000124
CLM_0013623,CLI_000124
CLM_0013624,CLI_000033
CLM_0013625,CLI_000395
CLM_0013626,CLI_000395
CLM_0013627,CLI_000395
CLM_0013628,CLI_000033
CLM_0013629,CLI_000203
CLM_0013630,CLI_000203
CLM_0013631,CLI_000513
CLM_0013632,CLI_000513
CLM_0013633,CLI_000224
CLM_0013634,CLI_000535
CLM_0013635,CLI_000535
CLM_0013636,CLI_000166
CLM_0013637,CLI_000203
CLM_0013638,CLI_000203
CLM_0013639,CLI_000143
CLM_0013640,CLI_000143
CLM_0013641,CLI_000076
CLM_0013642,CLI_000076
CLM_0013643,CLI_000076
CLM_0013644,CLI_000202
CLM_0013645,CLI_000202
CLM_0013646,CLI_000025
CLM_0013647,CLI_000192
CLM_0013648,CLI_000192
CLM_0013649,CLI_000143
CLM_0013650,CLI_000143
CLM_0013651,CLI_000143
CLM_0013652,CLI_000143
CLM_0013653,CLI_000238
CLM_0013654,CLI_000238
CLM_0013655,CLI_000456
CLM_0013656,CLI_000121
CLM_0013657,CLI_000506
CLM_0013658,CLI_000318
CLM_0013659,CLI_000296
CLM_0013660,CLI_000121
CLM_0013661,CLI_000121
CLM_0013662,CLI_000355
CLM_0013663,CLI_000143
CLM_0013664,CLI_000143
CLM_0013665,CLI_000121
CLM_0013666,CLI_000166
CLM_0013667,CLI_000166
CLM_0013668,CLI_000025
CLM_0013669,CLI_000025
CLM_0013670,CLI_000385
CLM_0013671,CLI_000166
CLM_0013672,CLI_000166
CLM_0013673,CLI_000541
CLM_0013674,CLI_000541
CLM_0013675,CLI_000541
CLM_0013676,CLI_000253
CLM_0013677,CLI_000253
CLM_0013678,CLI_000253
CLM_0013679,CLI_000025
CLM_0013680,CLI_000025
CLM_0013681,CLI_000203
CLM_0013682,CLI_000203
CLM_0013683,CLI_000203
CLM_0013684,CLI_000061
CLM_0013685,CLI_000061
CLM_0013686,CLI_000553
CLM_0013687,CLI_000553
CLM_0013688,CLI_000143
CLM_0013689,CLI_000143
CLM_0013690,CLI_000143
CLM_0013691,CLI_000025
CLM_0013692,CLI_000025
CLM_0013693,CLI_000033
CLM_0013694,CLI_000510
CLM_0013695,CLI_000510
CLM_0013696,CLI_000143
CLM_0013697,CLI_000143
CLM_0013698,CLI_000404
CLM_0013699,CLI_000404
CLM_0013700,CLI_000426
CLM_0013701,CLI_000033
CLM_0013702,CLI_000033
CLM_0013703,CLI_000033
CLM_0013704,CLI_000076
CLM_0013705,CLI_000025
CLM_0013706,CLI_000194
CLM_0013707,CLI_000194
CLM_0013708,CLI_000194
CLM_0013709,CLI_000033
CLM_0013710,CLI_000033
CLM_0013711,CLI_000404
CLM_0013712,CLI_000404
CLM_0013713,CLI_000110
CLM_0013714,CLI_000110
CLM_0013715,CLI_000110
CLM_0013716,CLI_000535
CLM_0013717,CLI_000535
CLM_0013718,CLI_000535
CLM_0013719,CLI_000203
CLM_0013720,CLI_000203
CLM_0013721,CLI_000143
CLM_0013722,CLI_000202
CLM_0013723,CLI_000535
CLM_0013724,CLI_000565
CLM_0013725,CLI_000565
CLM_0013726,CLI_000143
CLM_0013727,CLI_000143
CLM_0013728,CLI_000143
CLM_0013729,CLI_000203
CLM_0013730,CLI_000143
CLM_0013731,CLI_000215
CLM_0013732,CLI_000215
CLM_0013733,CLI_000215
CLM_0013734,CLI_000011
CLM_0013735,CLI_000011
CLM_0013736,CLI_000456
CLM_0013737,CLI_000456
CLM_0013738,CLI_000535
CLM_0013739,CLI_000535
CLM_0013740,CLI_000552
CLM_0013741,CLI_000552
CLM_0013742,CLI_000435
CLM_0013743,CLI_000435
CLM_0013744,CLI_000435
CLM_0013745,CLI_000565
CLM_0013746,CLI_000565
CLM_0013747,CLI_000143
CLM_0013748,CLI_000456
CLM_0013749,CLI_000456
CLM_0013750,CLI_000429
CLM_0013751,CLI_000143
CLM_0013752,CLI_000351
CLM_0013753,CLI_000351
CLM_0013754,CLI_000351
CLM_0013755,CLI_000565
CLM_0013756,CLI_000565
CLM_0013757,CLI_000033
CLM_0013758,CLI_000033
CLM_0013759,CLI_000426
CLM_0013760,CLI_000354
CLM_0013761,CLI_000354
CLM_0013762,CLI_000354
CLM_0013763,CLI_000435
CLM_0013764,CLI_000435
CLM_0013765,CLI_000435
CLM_0013766,CLI_000591
CLM_0013767,CLI_000591
CLM_0013768,CLI_000160
CLM_0013769,CLI_000160
CLM_0013770,CLI_000160
CLM_0013771,CLI_000202
CLM_0013772,CLI_000194
CLM_0013773,CLI_000194
CLM_0013774,CLI_000143
CLM_0013775,CLI_000143
CLM_0013776,CLI_000143
CLM_0013777,CLI_000192
CLM_0013778,CLI_000192
CLM_0013779,CLI_000192
CLM_0013780,CLI_000426
CLM_0013781,CLI_000426
CLM_0013782,CLI_000435
CLM_0013783,CLI_000435
CLM_0013784,CLI_000435
CLM_0013785,CLI_000544
CLM_0013786,CLI_000544
CLM_0013787,CLI_000435
CLM_0013788,CLI_000435
CLM_0013789,CLI_000435
CLM_0013790,CLI_000143
CLM_0013791,CLI_000293
CLM_0013792,CLI_000293
CLM_0013793,CLI_000030
CLM_0013794,CLI_000166
CLM_0013795,CLI_000143
CLM_0013796,CLI_000143
CLM_0013797,CLI_000143
CLM_0013798,CLI_000061
CLM_0013799,CLI_000061
CLM_0013800,CLI_000143
CLM_0013801,CLI_000143
CLM_0013802,CLI_000143
CLM_0013803,CLI_000143
CLM_0013804,CLI_000143
CLM_0013805,CLI_000076
CLM_0013806,CLI_000456
CLM_0013807,CLI_000456
CLM_0013808,CLI_000456
CLM_0013809,CLI_000143
CLM_0013810,CLI_000541
CLM_0013811,CLI_000127
CLM_0013812,CLI_000033
CLM_0013813,CLI_000033
CLM_0013814,CLI_000553
CLM_0013815,CLI_000267
CLM_0013816,CLI_000267
CLM_0013817,CLI_000076
CLM_0013818,CLI_000076
CLM_0013819,CLI_000076
CLM_0013820,CLI_000121
CLM_0013821,CLI_000121
CLM_0013822,CLI_000121
CLM_0013823,CLI_000076
CLM_0013824,CLI_000526
CLM_0013825,CLI_000526
CLM_0013826,CLI_000526
CLM_0013827,CLI_000076
CLM_0013828,CLI_000076
CLM_0013829,CLI_000076
CLM_0013830,CLI_000261
CLM_0013831,CLI_000261
CLM_0013832,CLI_000253
CLM_0013833,CLI_000253
CLM_0013834,CLI_000253
CLM_0013835,CLI_000253
CLM_0013836,CLI_000143
CLM_0013837,CLI_000143
CLM_0013838,CLI_000076
CLM_0013839,CLI_000157
CLM_0013840,CLI_000157
CLM_0013841,CLI_000456
CLM_0013842,CLI_000456
CLM_0013843,CLI_000456
CLM_0013844,CLI_000203
CLM_0013845,CLI_000203
CLM_0013846,CLI_000143
CLM_0013847,CLI_000143
CLM_0013848,CLI_000143
CLM_0013849,CLI_000195
CLM_0013850,CLI_000202
CLM_0013851,CLI_000202
CLM_0013852,CLI_000202
CLM_0013853,CLI_000143
CLM_0013854,CLI_000143
CLM_0013855,CLI_000253
CLM_0013856,CLI_000253
CLM_0013857,CLI_000253
CLM_0013858,CLI_000580
CLM_0013859,CLI_000580
CLM_0013860,CLI_000580
CLM_0013861,CLI_000535
CLM_0013862,CLI_000426
CLM_0013863,CLI_000426
CLM_0013864,CLI_000426
CLM_0013865,CLI_000202
CLM_0013866,CLI_000202
CLM_0013867,CLI_000354
CLM_0013868,CLI_000063
CLM_0013869,CLI_000063
CLM_0013870,CLI_000535
CLM_0013871,CLI_000535
CLM_0013872,CLI_000435
CLM_0013873,CLI_000435
CLM_0013874,CLI_000435
CLM_0013875,CLI_000143
CLM_0013876,CLI_000506
CLM_0013877,CLI_000143
CLM_0013878,CLI_000143
CLM_0013879,CLI_000143
CLM_0013880,CLI_000143
CLM_0013881,CLI_000034
CLM_0013882,CLI_000034
CLM_0013883,CLI_000245
CLM_0013884,CLI_000404
CLM_0013885,CLI_000404
CLM_0013886,CLI_000076
CLM_0013887,CLI_000076
CLM_0013888,CLI_000076
CLM_0013889,CLI_000203
CLM_0013890,CLI_000203
CLM_0013891,CLI_000203
CLM_0013892,CLI_000231
CLM_0013893,CLI_000231
CLM_0013894,CLI_000231
CLM_0013895,CLI_000002
CLM_0013896,CLI_000189
CLM_0013897,CLI_000189
CLM_0013898,CLI_000189
CLM_0013899,CLI_000344
CLM_0013900,CLI_000033
CLM_0013901,CLI_000033
CLM_0013902,CLI_000525
CLM_0013903,CLI_000525
CLM_0013904,CLI_000134
CLM_0013905,CLI_000134
CLM_0013906,CLI_000025
CLM_0013907,CLI_000404
CLM_0013908,CLI_000143
CLM_0013909,CLI_000143
CLM_0013910,CLI_000143
CLM_0013911,CLI_000027
CLM_0013912,CLI_000027
CLM_0013913,CLI_000027
CLM_0013914,CLI_000025
CLM_0013915,CLI_000143
CLM_0013916,CLI_000143
CLM_0013917,CLI_000143
CLM_0013918,CLI_000202
CLM_0013919,CLI_000202
CLM_0013920,CLI_000202
CLM_0013921,CLI_000202
CLM_0013922,CLI_000202
CLM_0013923,CLI_000160
CLM_0013924,CLI_000056
CLM_0013925,CLI_000056
CLM_0013926,CLI_000187
CLM_0013927,CLI_000187
CLM_0013928,CLI_000063
CLM_0013929,CLI_000063
CLM_0013930,CLI_000063
CLM_0013931,CLI_000499
CLM_0013932,CLI_000499
CLM_0013933,CLI_000499
CLM_0013934,CLI_000105
CLM_0013935,CLI_000476
CLM_0013936,CLI_000476
CLM_0013937,CLI_000143
CLM_0013938,CLI_000194
CLM_0013939,CLI_000194
CLM_0013940,CLI_000025
CLM_0013941,CLI_000025
CLM_0013942,CLI_000061
CLM_0013943,CLI_000045
CLM_0013944,CLI_000202
CLM_0013945,CLI_000202
CLM_0013946,CLI_000247
CLM_0013947,CLI_000247
CLM_0013948,CLI_000247
CLM_0013949,CLI_000155
CLM_0013950,CLI_000155
CLM_0013951,CLI_000155
CLM_0013952,CLI_000419
CLM_0013953,CLI_000373
CLM_0013954,CLI_000203
CLM_0013955,CLI_000203
CLM_0013956,CLI_000203
CLM_0013957,CLI_000070
CLM_0013958,CLI_000143
CLM_0013959,CLI_000143
CLM_0013960,CLI_000143
CLM_0013961,CLI_000506
CLM_0013962,CLI_000143
CLM_0013963,CLI_000143
CLM_0013964,CLI_000426
CLM_0013965,CLI_000435
CLM_0013966,CLI_000435
CLM_0013967,CLI_000435
CLM_0013968,CLI_000481
CLM_0013969,CLI_000481
CLM_0013970,CLI_000107
CLM_0013971,CLI_000202
CLM_0013972,CLI_000594
CLM_0013973,CLI_000594
CLM_0013974,CLI_000594
CLM_0013975,CLI_000435
CLM_0013976,CLI_000435
CLM_0013977,CLI_000435
CLM_0013978,CLI_000404
CLM_0013979,CLI_000404
CLM_0013980,CLI_000404
CLM_0013981,CLI_000456
CLM_0013982,CLI_000285
CLM_0013983,CLI_000285
CLM_0013984,CLI_000525
CLM_0013985,CLI_000525
CLM_0013986,CLI_000525
CLM_0013987,CLI_000535
CLM_0013988,CLI_000052
CLM_0013989,CLI_000052
CLM_0013990,CLI_000052
CLM_0013991,CLI_000143
CLM_0013992,CLI_000143
CLM_0013993,CLI_000203
CLM_0013994,CLI_000203
CLM_0013995,CLI_000203
CLM_0013996,CLI_000526
CLM_0013997,CLI_000202
CLM_0013998,CLI_000202
CLM_0013999,CLI_000368
CLM_0014000,CLI_000368
CLM_0014001,CLI_000368
CLM_0014002,CLI_000033
CLM_0014003,CLI_000435
CLM_0014004,CLI_000435
CLM_0014005,CLI_000535
CLM_0014006,CLI_000535
CLM_0014007,CLI_000535
CLM_0014008,CLI_000022
CLM_0014009,CLI_000022
CLM_0014010,CLI_000535
CLM_0014011,CLI_000207
CLM_0014012,CLI_000207
CLM_0014013,CLI_000143
CLM_0014014,CLI_000143
CLM_0014015,CLI_000143
CLM_0014016,CLI_000143
CLM_0014017,CLI_000143
CLM_0014018,CLI_000143
CLM_0014019,CLI_000228
CLM_0014020,CLI_000228
CLM_0014021,CLI_000228
CLM_0014022,CLI_000574
CLM_0014023,CLI_000574
CLM_0014024,CLI_000565
CLM_0014025,CLI_000565
CLM_0014026,CLI_000535
CLM_0014027,CLI_000535
CLM_0014028,CLI_000535
CLM_0014029,CLI_000577
CLM_0014030,CLI_000577
CLM_0014031,CLI_000577
CLM_0014032,CLI_000541
CLM_0014033,CLI_000541
CLM_0014034,CLI_000143
CLM_0014035,CLI_000143
CLM_0014036,CLI_000143
CLM_0014037,CLI_000456
CLM_0014038,CLI_000456
CLM_0014039,CLI_000456
CLM_0014040,CLI_000127
CLM_0014041,CLI_000127
CLM_0014042,CLI_000285
CLM_0014043,CLI_000285
CLM_0014044,CLI_000426
CLM_0014045,CLI_000426
CLM_0014046,CLI_000429
CLM_0014047,CLI_000536
CLM_0014048,CLI_000536
CLM_0014049,CLI_000404
CLM_0014050,CLI_000404
CLM_0014051,CLI_000404
CLM_0014052,CLI_000501
CLM_0014053,CLI_000501
CLM_0014054,CLI_000501
CLM_0014055,CLI_000526
CLM_0014056,CLI_000526
CLM_0014057,CLI_000439
CLM_0014058,CLI_000033
CLM_0014059,CLI_000033
CLM_0014060,CLI_000033
CLM_0014061,CLI_000282
CLM_0014062,CLI_000282
CLM_0014063,CLI_000088
CLM_0014064,CLI_000088
CLM_0014065,CLI_000202
CLM_0014066,CLI_000202
CLM_0014067,CLI_000143
CLM_0014068,CLI_000201
CLM_0014069,CLI_000525
CLM_0014070,CLI_000025
CLM_0014071,CLI_000025
CLM_0014072,CLI_000435
CLM_0014073,CLI_000435
CLM_0014074,CLI_000166
CLM_0014075,CLI_000166
CLM_0014076,CLI_000203
CLM_0014077,CLI_000143
CLM_0014078,CLI_000025
CLM_0014079,CLI_000143
CLM_0014080,CLI_000143
CLM_0014081,CLI_000076
CLM_0014082,CLI_000076
CLM_0014083,CLI_000280
CLM_0014084,CLI_000280
CLM_0014085,CLI_000088
CLM_0014086,CLI_000088
CLM_0014087,CLI_000207
CLM_0014088,CLI_000207
CLM_0014089,CLI_000207
CLM_0014090,CLI_000506
CLM_0014091,CLI_000506
CLM_0014092,CLI_000506
CLM_0014093,CLI_000065
CLM_0014094,CLI_000025
CLM_0014095,CLI_000025
CLM_0014096,CLI_000025
CLM_0014097,CLI_000203
CLM_0014098,CLI_000438
CLM_0014099,CLI_000438
CLM_0014100,CLI_000143
CLM_0014101,CLI_000143
CLM_0014102,CLI_000143
CLM_0014103,CLI_000061
CLM_0014104,CLI_000061
CLM_0014105,CLI_000033
CLM_0014106,CLI_000073
CLM_0014107,CLI_000073
CLM_0014108,CLI_000073
CLM_0014109,CLI_000203
CLM_0014110,CLI_000203
CLM_0014111,CLI_000203
CLM_0014112,CLI_000143
CLM_0014113,CLI_000143
CLM_0014114,CLI_000143
CLM_0014115,CLI_000143
CLM_0014116,CLI_000145
CLM_0014117,CLI_000145
CLM_0014118,CLI_000145
CLM_0014119,CLI_000033
CLM_0014120,CLI_000506
CLM_0014121,CLI_000506
CLM_0014122,CLI_000033
CLM_0014123,CLI_000435
CLM_0014124,CLI_000202
CLM_0014125,CLI_000202
CLM_0014126,CLI_000202
CLM_0014127,CLI_000506
CLM_0014128,CLI_000025
CLM_0014129,CLI_000025
CLM_0014130,CLI_000200
CLM_0014131,CLI_000200
CLM_0014132,CLI_000200
CLM_0014133,CLI_000060
CLM_0014134,CLI_000315
CLM_0014135,CLI_000088
CLM_0014136,CLI_000088
CLM_0014137,CLI_000088
CLM_0014138,CLI_000535
CLM_0014139,CLI_000535
CLM_0014140,CLI_000535
CLM_0014141,CLI_000143
CLM_0014142,CLI_000143
CLM_0014143,CLI_000353
CLM_0014144,CLI_000353
CLM_0014145,CLI_000353
CLM_0014146,CLI_000143
CLM_0014147,CLI_000143
CLM_0014148,CLI_000143
CLM_0014149,CLI_000245
CLM_0014150,CLI_000245
CLM_0014151,CLI_000245
CLM_0014152,CLI_000011
CLM_0014153,CLI_000011
CLM_0014154,CLI_000061
CLM_0014155,CLI_000166
CLM_0014156,CLI_000166
CLM_0014157,CLI_000228
CLM_0014158,CLI_000228
CLM_0014159,CLI_000143
CLM_0014160,CLI_000143
CLM_0014161,CLI_000149
CLM_0014162,CLI_000317
CLM_0014163,CLI_000317
CLM_0014164,CLI_000025
CLM_0014165,CLI_000025
CLM_0014166,CLI_000025
CLM_0014167,CLI_000203
CLM_0014168,CLI_000203
CLM_0014169,CLI_000203
CLM_0014170,CLI_000033
CLM_0014171,CLI_000033
CLM_0014172,CLI_000033
CLM_0014173,CLI_000169
CLM_0014174,CLI_000169
CLM_0014175,CLI_000169
CLM_0014176,CLI_000033
CLM_0014177,CLI_000395
CLM_0014178,CLI_000395
CLM_0014179,CLI_000143
CLM_0014180,CLI_000143
CLM_0014181,CLI_000311
CLM_0014182,CLI_000426
CLM_0014183,CLI_000203
CLM_0014184,CLI_000426
CLM_0014185,CLI_000426
CLM_0014186,CLI_000025
CLM_0014187,CLI_000143
CLM_0014188,CLI_000143
CLM_0014189,CLI_000143
CLM_0014190,CLI_000594
CLM_0014191,CLI_000594
CLM_0014192,CLI_000426
CLM_0014193,CLI_000426
CLM_0014194,CLI_000552
CLM_0014195,CLI_000552
CLM_0014196,CLI_000160
CLM_0014197,CLI_000160
CLM_0014198,CLI_000202
CLM_0014199,CLI_000202
CLM_0014200,CLI_000202
CLM_0014201,CLI_000203
CLM_0014202,CLI_000203
CLM_0014203,CLI_000203
CLM_0014204,CLI_000141
CLM_0014205,CLI_000141
CLM_0014206,CLI_000141
CLM_0014207,CLI_000426
CLM_0014208,CLI_000076
CLM_0014209,CLI_000076
CLM_0014210,CLI_000076
CLM_0014211,CLI_000203
CLM_0014212,CLI_000203
CLM_0014213,CLI_000506
CLM_0014214,CLI_000105
CLM_0014215,CLI_000105
CLM_0014216,CLI_000143
CLM_0014217,CLI_000088
CLM_0014218,CLI_000533
CLM_0014219,CLI_000533
CLM_0014220,CLI_000533
CLM_0014221,CLI_000253
CLM_0014222,CLI_000253
CLM_0014223,CLI_000253
CLM_0014224,CLI_000282
CLM_0014225,CLI_000202
CLM_0014226,CLI_000202
CLM_0014227,CLI_000202
CLM_0014228,CLI_000525
CLM_0014229,CLI_000525
CLM_0014230,CLI_000525
CLM_0014231,CLI_000426
CLM_0014232,CLI_000127
CLM_0014233,CLI_000127
CLM_0014234,CLI_000127
CLM_0014235,CLI_000531
CLM_0014236,CLI_000531
CLM_0014237,CLI_000073
CLM_0014238,CLI_000073
CLM_0014239,CLI_000202
CLM_0014240,CLI_000202
CLM_0014241,CLI_000025
CLM_0014242,CLI_000025
CLM_0014243,CLI_000278
CLM_0014244,CLI_000278
CLM_0014245,CLI_000278
CLM_0014246,CLI_000143
CLM_0014247,CLI_000143
CLM_0014248,CLI_000202
CLM_0014249,CLI_000202
CLM_0014250,CLI_000033
CLM_0014251,CLI_000404
CLM_0014252,CLI_000404
CLM_0014253,CLI_000404
CLM_0014254,CLI_000442
CLM_0014255,CLI_000442
CLM_0014256,CLI_000506
CLM_0014257,CLI_000426
CLM_0014258,CLI_000525
CLM_0014259,CLI_000368
CLM_0014260,CLI_000368
CLM_0014261,CLI_000395
CLM_0014262,CLI_000088
CLM_0014263,CLI_000088
CLM_0014264,CLI_000143
CLM_0014265,CLI_000143
CLM_0014266,CLI_000143
CLM_0014267,CLI_000426
CLM_0014268,CLI_000535
CLM_0014269,CLI_000535
CLM_0014270,CLI_000535
CLM_0014271,CLI_000098
CLM_0014272,CLI_000143
CLM_0014273,CLI_000202
CLM_0014274,CLI_000202
CLM_0014275,CLI_000143
CLM_0014276,CLI_000143
CLM_0014277,CLI_000143
CLM_0014278,CLI_000506
CLM_0014279,CLI_000506
CLM_0014280,CLI_000506
CLM_0014281,CLI_000456
CLM_0014282,CLI_000456
CLM_0014283,CLI_000262
CLM_0014284,CLI_000262
CLM_0014285,CLI_000385
CLM_0014286,CLI_000385
CLM_0014287,CLI_000435
CLM_0014288,CLI_000435
CLM_0014289,CLI_000282
CLM_0014290,CLI_000282
CLM_0014291,CLI_000456
CLM_0014292,CLI_000456
CLM_0014293,CLI_000426
CLM_0014294,CLI_000426
CLM_0014295,CLI_000033
CLM_0014296,CLI_000107
CLM_0014297,CLI_000107
CLM_0014298,CLI_000107
CLM_0014299,CLI_000143
CLM_0014300,CLI_000426
CLM_0014301,CLI_000143
CLM_0014302,CLI_000011
CLM_0014303,CLI_000011
CLM_0014304,CLI_000011
CLM_0014305,CLI_000143
CLM_0014306,CLI_000143
CLM_0014307,CLI_000143
CLM_0014308,CLI_000202
CLM_0014309,CLI_000202
CLM_0014310,CLI_000076
CLM_0014311,CLI_000076
CLM_0014312,CLI_000033
CLM_0014313,CLI_000033
CLM_0014314,CLI_000033
CLM_0014315,CLI_000025
CLM_0014316,CLI_000203
CLM_0014317,CLI_000203
CLM_0014318,CLI_000143
CLM_0014319,CLI_000143
CLM_0014320,CLI_000143
CLM_0014321,CLI_000143
CLM_0014322,CLI_000025
CLM_0014323,CLI_000025
CLM_0014324,CLI_000395
CLM_0014325,CLI_000395
CLM_0014326,CLI_000033
CLM_0014327,CLI_000033
CLM_0014328,CLI_000033
CLM_0014329,CLI_000195
CLM_0014330,CLI_000025
CLM_0014331,CLI_000025
CLM_0014332,CLI_000033
CLM_0014333,CLI_000033
CLM_0014334,CLI_000025
CLM_0014335,CLI_000025
CLM_0014336,CLI_000025
CLM_0014337,CLI_000203
CLM_0014338,CLI_000203
CLM_0014339,CLI_000203
CLM_0014340,CLI_000041
CLM_0014341,CLI_000202
CLM_0014342,CLI_000202
CLM_0014343,CLI_000574
CLM_0014344,CLI_000574
CLM_0014345,CLI_000123
CLM_0014346,CLI_000123
CLM_0014347,CLI_000419
CLM_0014348,CLI_000419
CLM_0014349,CLI_000419
CLM_0014350,CLI_000097
CLM_0014351,CLI_000097
CLM_0014352,CLI_000097
CLM_0014353,CLI_000143
CLM_0014354,CLI_000143
CLM_0014355,CLI_000143
CLM_0014356,CLI_000143
CLM_0014357,CLI_000311
CLM_0014358,CLI_000311
CLM_0014359,CLI_000311
CLM_0014360,CLI_000203
CLM_0014361,CLI_000052
CLM_0014362,CLI_000052
CLM_0014363,CLI_000245
CLM_0014364,CLI_000426
CLM_0014365,CLI_000426
CLM_0014366,CLI_000426
CLM_0014367,CLI_000203
CLM_0014368,CLI_000203
CLM_0014369,CLI_000203
CLM_0014370,CLI_000028
CLM_0014371,CLI_000506
CLM_0014372,CLI_000506
CLM_0014373,CLI_000506
CLM_0014374,CLI_000065
CLM_0014375,CLI_000065
CLM_0014376,CLI_000456
CLM_0014377,CLI_000456
CLM_0014378,CLI_000456
CLM_0014379,CLI_000143
CLM_0014380,CLI_000166
CLM_0014381,CLI_000166
CLM_0014382,CLI_000166
CLM_0014383,CLI_000526
CLM_0014384,CLI_000526
CLM_0014385,CLI_000526
CLM_0014386,CLI_000209
CLM_0014387,CLI_000209
CLM_0014388,CLI_000209
CLM_0014389,CLI_000245
CLM_0014390,CLI_000245
CLM_0014391,CLI_000245
CLM_0014392,CLI_000574
CLM_0014393,CLI_000574
CLM_0014394,CLI_000143
CLM_0014395,CLI_000143
CLM_0014396,CLI_000143
CLM_0014397,CLI_000127
CLM_0014398,CLI_000063
CLM_0014399,CLI_000063
CLM_0014400,CLI_000025
CLM_0014401,CLI_000245
CLM_0014402,CLI_000245
CLM_0014403,CLI_000245
CLM_0014404,CLI_000283
CLM_0014405,CLI_000283
CLM_0014406,CLI_000283
CLM_0014407,CLI_000202
CLM_0014408,CLI_000076
CLM_0014409,CLI_000076
CLM_0014410,CLI_000076
CLM_0014411,CLI_000203
CLM_0014412,CLI_000203
CLM_0014413,CLI_000203
CLM_0014414,CLI_000143
CLM_0014415,CLI_000143
CLM_0014416,CLI_000143
CLM_0014417,CLI_000414
CLM_0014418,CLI_000414
CLM_0014419,CLI_000203
CLM_0014420,CLI_000203
CLM_0014421,CLI_000203
CLM_0014422,CLI_000076
CLM_0014423,CLI_000076
CLM_0014424,CLI_000121
CLM_0014425,CLI_000121
CLM_0014426,CLI_000121
CLM_0014427,CLI_000471
CLM_0014428,CLI_000471
CLM_0014429,CLI_000143
CLM_0014430,CLI_000143
CLM_0014431,CLI_000143
CLM_0014432,CLI_000535
CLM_0014433,CLI_000535
CLM_0014434,CLI_000535
CLM_0014435,CLI_000203
CLM_0014436,CLI_000203
CLM_0014437,CLI_000143
CLM_0014438,CLI_000525
CLM_0014439,CLI_000203
CLM_0014440,CLI_000203
CLM_0014441,CLI_000203
CLM_0014442,CLI_000196
CLM_0014443,CLI_000196
CLM_0014444,CLI_000196
CLM_0014445,CLI_000203
CLM_0014446,CLI_000203
CLM_0014447,CLI_000203
CLM_0014448,CLI_000202
CLM_0014449,CLI_000404
CLM_0014450,CLI_000404
CLM_0014451,CLI_000404
CLM_0014452,CLI_000088
CLM_0014453,CLI_000202
CLM_0014454,CLI_000202
CLM_0014455,CLI_000202
CLM_0014456,CLI_000143
CLM_0014457,CLI_000143
CLM_0014458,CLI_000061
CLM_0014459,CLI_000143
CLM_0014460,CLI_000143
CLM_0014461,CLI_000143
CLM_0014462,CLI_000506
CLM_0014463,CLI_000033
CLM_0014464,CLI_000033
CLM_0014465,CLI_000426
CLM_0014466,CLI_000426
CLM_0014467,CLI_000426
CLM_0014468,CLI_000426
CLM_0014469,CLI_000426
CLM_0014470,CLI_000404
CLM_0014471,CLI_000404
CLM_0014472,CLI_000591
CLM_0014473,CLI_000591
CLM_0014474,CLI_000143
CLM_0014475,CLI_000245
CLM_0014476,CLI_000354
CLM_0014477,CLI_000354
CLM_0014478,CLI_000245
CLM_0014479,CLI_000033
CLM_0014480,CLI_000435
CLM_0014481,CLI_000435
CLM_0014482,CLI_000506
CLM_0014483,CLI_000581
CLM_0014484,CLI_000535
CLM_0014485,CLI_000203
CLM_0014486,CLI_000203
CLM_0014487,CLI_000203
CLM_0014488,CLI_000404
CLM_0014489,CLI_000404
CLM_0014490,CLI_000404
CLM_0014491,CLI_000553
CLM_0014492,CLI_000386
CLM_0014493,CLI_000386
CLM_0014494,CLI_000386
CLM_0014495,CLI_000143
CLM_0014496,CLI_000076
CLM_0014497,CLI_000076
CLM_0014498,CLI_000076
CLM_0014499,CLI_000335
CLM_0014500,CLI_000335
CLM_0014501,CLI_000061
CLM_0014502,CLI_000202
CLM_0014503,CLI_000202
CLM_0014504,CLI_000202
CLM_0014505,CLI_000063
CLM_0014506,CLI_000063
CLM_0014507,CLI_000280
CLM_0014508,CLI_000280
CLM_0014509,CLI_000033
CLM_0014510,CLI_000033
CLM_0014511,CLI_000535
CLM_0014512,CLI_000203
CLM_0014513,CLI_000203
CLM_0014514,CLI_000143
CLM_0014515,CLI_000143
CLM_0014516,CLI_000143
CLM_0014517,CLI_000033
CLM_0014518,CLI_000033
CLM_0014519,CLI_000426
CLM_0014520,CLI_000426
CLM_0014521,CLI_000491
CLM_0014522,CLI_000491
CLM_0014523,CLI_000242
CLM_0014524,CLI_000242
CLM_0014525,CLI_000242
CLM_0014526,CLI_000506
CLM_0014527,CLI_000011
CLM_0014528,CLI_000011
CLM_0014529,CLI_000061
CLM_0014530,CLI_000061
CLM_0014531,CLI_000166
CLM_0014532,CLI_000166
CLM_0014533,CLI_000166
CLM_0014534,CLI_000119
CLM_0014535,CLI_000119
CLM_0014536,CLI_000119
CLM_0014537,CLI_000585
CLM_0014538,CLI_000585
CLM_0014539,CLI_000585
CLM_0014540,CLI_000426
CLM_0014541,CLI_000426
CLM_0014542,CLI_000143
CLM_0014543,CLI_000058
CLM_0014544,CLI_000058
CLM_0014545,CLI_000391
CLM_0014546,CLI_000143
CLM_0014547,CLI_000143
CLM_0014548,CLI_000143
CLM_0014549,CLI_000143
CLM_0014550,CLI_000336
CLM_0014551,CLI_000336
CLM_0014552,CLI_000535
CLM_0014553,CLI_000535
CLM_0014554,CLI_000525
CLM_0014555,CLI_000166
CLM_0014556,CLI_000456
CLM_0014557,CLI_000456
CLM_0014558,CLI_000166
CLM_0014559,CLI_000166
CLM_0014560,CLI_000202
CLM_0014561,CLI_000202
CLM_0014562,CLI_000202
CLM_0014563,CLI_000143
CLM_0014564,CLI_000143
CLM_0014565,CLI_000525
CLM_0014566,CLI_000525
CLM_0014567,CLI_000525
CLM_0014568,CLI_000485
CLM_0014569,CLI_000485
CLM_0014570,CLI_000456
CLM_0014571,CLI_000456
CLM_0014572,CLI_000456
CLM_0014573,CLI_000033
CLM_0014574,CLI_000033
CLM_0014575,CLI_000033
CLM_0014576,CLI_000557
CLM_0014577,CLI_000557
CLM_0014578,CLI_000557
CLM_0014579,CLI_000203
CLM_0014580,CLI_000203
CLM_0014581,CLI_000203
CLM_0014582,CLI_000143
CLM_0014583,CLI_000143
CLM_0014584,CLI_000143
CLM_0014585,CLI_000404
CLM_0014586,CLI_000076
CLM_0014587,CLI_000076
CLM_0014588,CLI_000033
CLM_0014589,CLI_000033
CLM_0014590,CLI_000033
CLM_0014591,CLI_000558
CLM_0014592,CLI_000558
CLM_0014593,CLI_000558
CLM_0014594,CLI_000435
CLM_0014595,CLI_000526
CLM_0014596,CLI_000526
CLM_0014597,CLI_000526
CLM_0014598,CLI_000161
CLM_0014599,CLI_000161
CLM_0014600,CLI_000161
CLM_0014601,CLI_000059
CLM_0014602,CLI_000105
CLM_0014603,CLI_000426
CLM_0014604,CLI_000440
CLM_0014605,CLI_000440
CLM_0014606,CLI_000526
CLM_0014607,CLI_000526
CLM_0014608,CLI_000526
CLM_0014609,CLI_000506
CLM_0014610,CLI_000506
CLM_0014611,CLI_000506
CLM_0014612,CLI_000088
CLM_0014613,CLI_000166
CLM_0014614,CLI_000506
CLM_0014615,CLI_000506
CLM_0014616,CLI_000332
CLM_0014617,CLI_000196
CLM_0014618,CLI_000297
CLM_0014619,CLI_000297
CLM_0014620,CLI_000297
CLM_0014621,CLI_000143
CLM_0014622,CLI_000143
CLM_0014623,CLI_000025
CLM_0014624,CLI_000025
CLM_0014625,CLI_000347
CLM_0014626,CLI_000347
CLM_0014627,CLI_000438
CLM_0014628,CLI_000203
CLM_0014629,CLI_000143
CLM_0014630,CLI_000426
CLM_0014631,CLI_000426
CLM_0014632,CLI_000203
CLM_0014633,CLI_000203
CLM_0014634,CLI_000203
CLM_0014635,CLI_000533
CLM_0014636,CLI_000347
CLM_0014637,CLI_000076
CLM_0014638,CLI_000076
CLM_0014639,CLI_000076
CLM_0014640,CLI_000571
CLM_0014641,CLI_000571
CLM_0014642,CLI_000245
CLM_0014643,CLI_000245
CLM_0014644,CLI_000245
CLM_0014645,CLI_000456
CLM_0014646,CLI_000456
CLM_0014647,CLI_000202
CLM_0014648,CLI_000202
CLM_0014649,CLI_000194
CLM_0014650,CLI_000194
CLM_0014651,CLI_000194
CLM_0014652,CLI_000143
CLM_0014653,CLI_000143
CLM_0014654,CLI_000015
CLM_0014655,CLI_000015
CLM_0014656,CLI_000080
CLM_0014657,CLI_000535
CLM_0014658,CLI_000202
CLM_0014659,CLI_000202
CLM_0014660,CLI_000202
CLM_0014661,CLI_000166
CLM_0014662,CLI_000320
CLM_0014663,CLI_000320
CLM_0014664,CLI_000320
CLM_0014665,CLI_000491
CLM_0014666,CLI_000491
CLM_0014667,CLI_000202
CLM_0014668,CLI_000033
CLM_0014669,CLI_000033
CLM_0014670,CLI_000143
CLM_0014671,CLI_000143
CLM_0014672,CLI_000404
CLM_0014673,CLI_000070
CLM_0014674,CLI_000070
CLM_0014675,CLI_000070
CLM_0014676,CLI_000534
CLM_0014677,CLI_000076
CLM_0014678,CLI_000076
CLM_0014679,CLI_000076
CLM_0014680,CLI_000203
CLM_0014681,CLI_000203
CLM_0014682,CLI_000385
CLM_0014683,CLI_000385
CLM_0014684,CLI_000385
CLM_0014685,CLI_000061
CLM_0014686,CLI_000061
CLM_0014687,CLI_000011
CLM_0014688,CLI_000011
CLM_0014689,CLI_000011
CLM_0014690,CLI_000541
CLM_0014691,CLI_000502
CLM_0014692,CLI_000502
CLM_0014693,CLI_000143
CLM_0014694,CLI_000143
CLM_0014695,CLI_000245
CLM_0014696,CLI_000565
CLM_0014697,CLI_000178
CLM_0014698,CLI_000178
CLM_0014699,CLI_000025
CLM_0014700,CLI_000025
CLM_0014701,CLI_000025
CLM_0014702,CLI_000245
CLM_0014703,CLI_000426
CLM_0014704,CLI_000426
CLM_0014705,CLI_000426
CLM_0014706,CLI_000565
CLM_0014707,CLI_000245
CLM_0014708,CLI_000491
CLM_0014709,CLI_000491
CLM_0014710,CLI_000491
CLM_0014711,CLI_000143
CLM_0014712,CLI_000143
CLM_0014713,CLI_000202
CLM_0014714,CLI_000202
CLM_0014715,CLI_000245
CLM_0014716,CLI_000245
CLM_0014717,CLI_000245
CLM_0014718,CLI_000447
CLM_0014719,CLI_000447
CLM_0014720,CLI_000447
CLM_0014721,CLI_000143
CLM_0014722,CLI_000253
CLM_0014723,CLI_000598
CLM_0014724,CLI_000598
CLM_0014725,CLI_000379
CLM_0014726,CLI_000379
CLM_0014727,CLI_000505
CLM_0014728,CLI_000505
CLM_0014729,CLI_000435
CLM_0014730,CLI_000368
CLM_0014731,CLI_000033
CLM_0014732,CLI_000033
CLM_0014733,CLI_000025
CLM_0014734,CLI_000025
CLM_0014735,CLI_000143
CLM_0014736,CLI_000143
CLM_0014737,CLI_000061
CLM_0014738,CLI_000565
CLM_0014739,CLI_000138
CLM_0014740,CLI_000105
CLM_0014741,CLI_000339
CLM_0014742,CLI_000339
CLM_0014743,CLI_000380
CLM_0014744,CLI_000380
CLM_0014745,CLI_000380
CLM_0014746,CLI_000453
CLM_0014747,CLI_000166
CLM_0014748,CLI_000166
CLM_0014749,CLI_000166
CLM_0014750,CLI_000143
CLM_0014751,CLI_000143
CLM_0014752,CLI_000143
CLM_0014753,CLI_000143
CLM_0014754,CLI_000143
CLM_0014755,CLI_000091
CLM_0014756,CLI_000091
CLM_0014757,CLI_000121
CLM_0014758,CLI_000121
CLM_0014759,CLI_000143
CLM_0014760,CLI_000143
CLM_0014761,CLI_000025
CLM_0014762,CLI_000025
CLM_0014763,CLI_000025
CLM_0014764,CLI_000143
CLM_0014765,CLI_000143
CLM_0014766,CLI_000143
CLM_0014767,CLI_000253
CLM_0014768,CLI_000404
CLM_0014769,CLI_000011
CLM_0014770,CLI_000011
CLM_0014771,CLI_000143
CLM_0014772,CLI_000143
CLM_0014773,CLI_000089
CLM_0014774,CLI_000089
CLM_0014775,CLI_000089
CLM_0014776,CLI_000202
CLM_0014777,CLI_000556
CLM_0014778,CLI_000354
CLM_0014779,CLI_000354
CLM_0014780,CLI_000354
CLM_0014781,CLI_000544
CLM_0014782,CLI_000544
CLM_0014783,CLI_000143
CLM_0014784,CLI_000203
CLM_0014785,CLI_000203
CLM_0014786,CLI_000203
CLM_0014787,CLI_000203
CLM_0014788,CLI_000414
CLM_0014789,CLI_000033
CLM_0014790,CLI_000033
CLM_0014791,CLI_000033
CLM_0014792,CLI_000565
CLM_0014793,CLI_000565
CLM_0014794,CLI_000565
CLM_0014795,CLI_000127
CLM_0014796,CLI_000127
CLM_0014797,CLI_000143
CLM_0014798,CLI_000143
CLM_0014799,CLI_000143
CLM_0014800,CLI_000143
CLM_0014801,CLI_000477
CLM_0014802,CLI_000477
CLM_0014803,CLI_000477
CLM_0014804,CLI_000143
CLM_0014805,CLI_000143
CLM_0014806,CLI_000404
CLM_0014807,CLI_000354
CLM_0014808,CLI_000354
CLM_0014809,CLI_000091
CLM_0014810,CLI_000091
CLM_0014811,CLI_000091
CLM_0014812,CLI_000438
CLM_0014813,CLI_000380
CLM_0014814,CLI_000382
CLM_0014815,CLI_000456
CLM_0014816,CLI_000456
CLM_0014817,CLI_000039
CLM_0014818,CLI_000061
CLM_0014819,CLI_000061
CLM_0014820,CLI_000347
CLM_0014821,CLI_000347
CLM_0014822,CLI_000347
CLM_0014823,CLI_000143
CLM_0014824,CLI_000143
CLM_0014825,CLI_000535
CLM_0014826,CLI_000535
CLM_0014827,CLI_000202
CLM_0014828,CLI_000202
CLM_0014829,CLI_000203
CLM_0014830,CLI_000025
CLM_0014831,CLI_000097
CLM_0014832,CLI_000253
CLM_0014833,CLI_000076
CLM_0014834,CLI_000076
CLM_0014835,CLI_000076
CLM_0014836,CLI_000018
CLM_0014837,CLI_000018
CLM_0014838,CLI_000018
CLM_0014839,CLI_000143
CLM_0014840,CLI_000565
CLM_0014841,CLI_000565
CLM_0014842,CLI_000565
CLM_0014843,CLI_000491
CLM_0014844,CLI_000025
CLM_0014845,CLI_000025
CLM_0014846,CLI_000530
CLM_0014847,CLI_000150
CLM_0014848,CLI_000025
CLM_0014849,CLI_000195
CLM_0014850,CLI_000203
CLM_0014851,CLI_000203
CLM_0014852,CLI_000386
CLM_0014853,CLI_000278
CLM_0014854,CLI_000278
CLM_0014855,CLI_000160
CLM_0014856,CLI_000160
CLM_0014857,CLI_000160
CLM_0014858,CLI_000143
CLM_0014859,CLI_000166
CLM_0014860,CLI_000166
CLM_0014861,CLI_000166
CLM_0014862,CLI_000025
CLM_0014863,CLI_000404
CLM_0014864,CLI_000404
CLM_0014865,CLI_000289
CLM_0014866,CLI_000289
CLM_0014867,CLI_000565
CLM_0014868,CLI_000435
CLM_0014869,CLI_000435
CLM_0014870,CLI_000435
CLM_0014871,CLI_000076
CLM_0014872,CLI_000076
CLM_0014873,CLI_000152
CLM_0014874,CLI_000152
CLM_0014875,CLI_000370
CLM_0014876,CLI_000370
CLM_0014877,CLI_000506
CLM_0014878,CLI_000203
CLM_0014879,CLI_000203
CLM_0014880,CLI_000199
CLM_0014881,CLI_000199
CLM_0014882,CLI_000199
CLM_0014883,CLI_000458
CLM_0014884,CLI_000458
CLM_0014885,CLI_000458
CLM_0014886,CLI_000143
CLM_0014887,CLI_000143
CLM_0014888,CLI_000143
CLM_0014889,CLI_000291
CLM_0014890,CLI_000291
CLM_0014891,CLI_000166
CLM_0014892,CLI_000166
CLM_0014893,CLI_000456
CLM_0014894,CLI_000456
CLM_0014895,CLI_000456
CLM_0014896,CLI_000294
CLM_0014897,CLI_000202
CLM_0014898,CLI_000202
CLM_0014899,CLI_000121
CLM_0014900,CLI_000143
CLM_0014901,CLI_000202
CLM_0014902,CLI_000202
CLM_0014903,CLI_000202
CLM_0014904,CLI_000143
CLM_0014905,CLI_000166
CLM_0014906,CLI_000166
CLM_0014907,CLI_000166
CLM_0014908,CLI_000323
CLM_0014909,CLI_000323
CLM_0014910,CLI_000188
CLM_0014911,CLI_000202
CLM_0014912,CLI_000426
CLM_0014913,CLI_000426
CLM_0014914,CLI_000202
CLM_0014915,CLI_000202
CLM_0014916,CLI_000202
CLM_0014917,CLI_000025
CLM_0014918,CLI_000025
CLM_0014919,CLI_000025
CLM_0014920,CLI_000218
CLM_0014921,CLI_000218
CLM_0014922,CLI_000022
CLM_0014923,CLI_000022
CLM_0014924,CLI_000426
CLM_0014925,CLI_000426
CLM_0014926,CLI_000033
CLM_0014927,CLI_000033
CLM_0014928,CLI_000033
CLM_0014929,CLI_000404
CLM_0014930,CLI_000143
CLM_0014931,CLI_000143
CLM_0014932,CLI_000143
CLM_0014933,CLI_000538
CLM_0014934,CLI_000538
CLM_0014935,CLI_000479
CLM_0014936,CLI_000426
CLM_0014937,CLI_000426
CLM_0014938,CLI_000525
CLM_0014939,CLI_000525
CLM_0014940,CLI_000143
CLM_0014941,CLI_000143
CLM_0014942,CLI_000143
CLM_0014943,CLI_000143
CLM_0014944,CLI_000143
CLM_0014945,CLI_000143
CLM_0014946,CLI_000143
CLM_0014947,CLI_000456
CLM_0014948,CLI_000456
CLM_0014949,CLI_000025
CLM_0014950,CLI_000426
CLM_0014951,CLI_000426
CLM_0014952,CLI_000305
CLM_0014953,CLI_000305
CLM_0014954,CLI_000033
CLM_0014955,CLI_000033
CLM_0014956,CLI_000033
CLM_0014957,CLI_000166
CLM_0014958,CLI_000166
CLM_0014959,CLI_000166
CLM_0014960,CLI_000565
CLM_0014961,CLI_000565
CLM_0014962,CLI_000456
CLM_0014963,CLI_000456
CLM_0014964,CLI_000202
CLM_0014965,CLI_000202
CLM_0014966,CLI_000203
CLM_0014967,CLI_000203
CLM_0014968,CLI_000203
CLM_0014969,CLI_000404
CLM_0014970,CLI_000404
CLM_0014971,CLI_000160
CLM_0014972,CLI_000160
CLM_0014973,CLI_000160
CLM_0014974,CLI_000456
CLM_0014975,CLI_000456
CLM_0014976,CLI_000456
CLM_0014977,CLI_000591
CLM_0014978,CLI_000591
CLM_0014979,CLI_000453
CLM_0014980,CLI_000453
CLM_0014981,CLI_000019
CLM_0014982,CLI_000019
CLM_0014983,CLI_000019
CLM_0014984,CLI_000274
CLM_0014985,CLI_000203
CLM_0014986,CLI_000105
CLM_0014987,CLI_000105
CLM_0014988,CLI_000202
CLM_0014989,CLI_000526
CLM_0014990,CLI_000526
CLM_0014991,CLI_000526
CLM_0014992,CLI_000033
CLM_0014993,CLI_000456
CLM_0014994,CLI_000456
CLM_0014995,CLI_000456
CLM_0014996,CLI_000034
CLM_0014997,CLI_000034
CLM_0014998,CLI_000034
CLM_0014999,CLI_000245
CLM_0015000,CLI_000025
CLM_0015001,CLI_000025
CLM_0015002,CLI_000535
CLM_0015003,CLI_000535
CLM_0015004,CLI_000535
CLM_0015005,CLI_000506
CLM_0015006,CLI_000506
CLM_0015007,CLI_000506
CLM_0015008,CLI_000535
CLM_0015009,CLI_000535
CLM_0015010,CLI_000535
CLM_0015011,CLI_000565
CLM_0015012,CLI_000166
CLM_0015013,CLI_000166
CLM_0015014,CLI_000166
CLM_0015015,CLI_000076
CLM_0015016,CLI_000076
CLM_0015017,CLI_000076
CLM_0015018,CLI_000203
CLM_0015019,CLI_000203
CLM_0015020,CLI_000253
CLM_0015021,CLI_000268
CLM_0015022,CLI_000268
CLM_0015023,CLI_000535
CLM_0015024,CLI_000535
CLM_0015025,CLI_000535
CLM_0015026,CLI_000354
CLM_0015027,CLI_000525
CLM_0015028,CLI_000525
CLM_0015029,CLI_000471
CLM_0015030,CLI_000202
CLM_0015031,CLI_000202
CLM_0015032,CLI_000202
CLM_0015033,CLI_000253
CLM_0015034,CLI_000384
CLM_0015035,CLI_000202
CLM_0015036,CLI_000202
CLM_0015037,CLI_000506
CLM_0015038,CLI_000506
CLM_0015039,CLI_000095
CLM_0015040,CLI_000095
CLM_0015041,CLI_000033
CLM_0015042,CLI_000456
CLM_0015043,CLI_000525
CLM_0015044,CLI_000525
CLM_0015045,CLI_000525
CLM_0015046,CLI_000076
CLM_0015047,CLI_000076
CLM_0015048,CLI_000076
CLM_0015049,CLI_000565
CLM_0015050,CLI_000565
CLM_0015051,CLI_000143
CLM_0015052,CLI_000143
CLM_0015053,CLI_000143
CLM_0015054,CLI_000285
CLM_0015055,CLI_000033
CLM_0015056,CLI_000203
CLM_0015057,CLI_000565
CLM_0015058,CLI_000565
CLM_0015059,CLI_000565
CLM_0015060,CLI_000444
CLM_0015061,CLI_000143
CLM_0015062,CLI_000143
CLM_0015063,CLI_000398
CLM_0015064,CLI_000398
CLM_0015065,CLI_000033
CLM_0015066,CLI_000033
CLM_0015067,CLI_000033
CLM_0015068,CLI_000456
CLM_0015069,CLI_000143
CLM_0015070,CLI_000033
CLM_0015071,CLI_000059
CLM_0015072,CLI_000059
CLM_0015073,CLI_000435
CLM_0015074,CLI_000060
CLM_0015075,CLI_000166
CLM_0015076,CLI_000166
CLM_0015077,CLI_000166
CLM_0015078,CLI_000227
CLM_0015079,CLI_000227
CLM_0015080,CLI_000227
CLM_0015081,CLI_000268
CLM_0015082,CLI_000268
CLM_0015083,CLI_000268
CLM_0015084,CLI_000203
CLM_0015085,CLI_000203
CLM_0015086,CLI_000203
CLM_0015087,CLI_000202
CLM_0015088,CLI_000535
CLM_0015089,CLI_000203
CLM_0015090,CLI_000203
CLM_0015091,CLI_000203
CLM_0015092,CLI_000033
CLM_0015093,CLI_000192
CLM_0015094,CLI_000192
CLM_0015095,CLI_000368
CLM_0015096,CLI_000061
CLM_0015097,CLI_000061
CLM_0015098,CLI_000404
CLM_0015099,CLI_000143
CLM_0015100,CLI_000456
CLM_0015101,CLI_000097
CLM_0015102,CLI_000097
CLM_0015103,CLI_000061
CLM_0015104,CLI_000143
CLM_0015105,CLI_000143
CLM_0015106,CLI_000143
CLM_0015107,CLI_000277
CLM_0015108,CLI_000277
CLM_0015109,CLI_000033
CLM_0015110,CLI_000033
CLM_0015111,CLI_000453
CLM_0015112,CLI_000033
CLM_0015113,CLI_000133
CLM_0015114,CLI_000133
CLM_0015115,CLI_000133
CLM_0015116,CLI_000444
CLM_0015117,CLI_000444
CLM_0015118,CLI_000444
CLM_0015119,CLI_000435
CLM_0015120,CLI_000033
CLM_0015121,CLI_000033
CLM_0015122,CLI_000567
CLM_0015123,CLI_000025
CLM_0015124,CLI_000025
CLM_0015125,CLI_000468
CLM_0015126,CLI_000253
CLM_0015127,CLI_000253
CLM_0015128,CLI_000253
CLM_0015129,CLI_000138
CLM_0015130,CLI_000138
CLM_0015131,CLI_000404
CLM_0015132,CLI_000404
CLM_0015133,CLI_000404
CLM_0015134,CLI_000426
CLM_0015135,CLI_000121
CLM_0015136,CLI_000121
CLM_0015137,CLI_000121
CLM_0015138,CLI_000143
CLM_0015139,CLI_000143
CLM_0015140,CLI_000143
CLM_0015141,CLI_000166
CLM_0015142,CLI_000166
CLM_0015143,CLI_000525
CLM_0015144,CLI_000525
CLM_0015145,CLI_000238
CLM_0015146,CLI_000070
CLM_0015147,CLI_000070
CLM_0015148,CLI_000070
CLM_0015149,CLI_000202
CLM_0015150,CLI_000202
CLM_0015151,CLI_000202
CLM_0015152,CLI_000025
CLM_0015153,CLI_000284
CLM_0015154,CLI_000284
CLM_0015155,CLI_000284
CLM_0015156,CLI_000354
CLM_0015157,CLI_000354
CLM_0015158,CLI_000354
CLM_0015159,CLI_000506
CLM_0015160,CLI_000506
CLM_0015161,CLI_000506
CLM_0015162,CLI_000076
CLM_0015163,CLI_000076
CLM_0015164,CLI_000076
CLM_0015165,CLI_000143
CLM_0015166,CLI_000143
CLM_0015167,CLI_000435
CLM_0015168,CLI_000025
CLM_0015169,CLI_000143
CLM_0015170,CLI_000203
CLM_0015171,CLI_000404
CLM_0015172,CLI_000404
CLM_0015173,CLI_000404
CLM_0015174,CLI_000143
CLM_0015175,CLI_000143
CLM_0015176,CLI_000143
CLM_0015177,CLI_000166
CLM_0015178,CLI_000166
CLM_0015179,CLI_000166
CLM_0015180,CLI_000525
CLM_0015181,CLI_000525
CLM_0015182,CLI_000525
CLM_0015183,CLI_000143
CLM_0015184,CLI_000166
CLM_0015185,CLI_000166
CLM_0015186,CLI_000025
CLM_0015187,CLI_000025
CLM_0015188,CLI_000025
CLM_0015189,CLI_000290
CLM_0015190,CLI_000525
CLM_0015191,CLI_000202
CLM_0015192,CLI_000202
CLM_0015193,CLI_000025
CLM_0015194,CLI_000143
CLM_0015195,CLI_000143
CLM_0015196,CLI_000143
CLM_0015197,CLI_000444
CLM_0015198,CLI_000444
CLM_0015199,CLI_000444
CLM_0015200,CLI_000456
CLM_0015201,CLI_000456
CLM_0015202,CLI_000033
CLM_0015203,CLI_000033
CLM_0015204,CLI_000196
CLM_0015205,CLI_000196
CLM_0015206,CLI_000196
CLM_0015207,CLI_000143
CLM_0015208,CLI_000143
CLM_0015209,CLI_000143
CLM_0015210,CLI_000033
CLM_0015211,CLI_000033
CLM_0015212,CLI_000033
CLM_0015213,CLI_000143
CLM_0015214,CLI_000143
CLM_0015215,CLI_000160
CLM_0015216,CLI_000160
CLM_0015217,CLI_000160
CLM_0015218,CLI_000025
CLM_0015219,CLI_000076
CLM_0015220,CLI_000076
CLM_0015221,CLI_000143
CLM_0015222,CLI_000143
CLM_0015223,CLI_000143
CLM_0015224,CLI_000143
CLM_0015225,CLI_000025
CLM_0015226,CLI_000025
CLM_0015227,CLI_000202
CLM_0015228,CLI_000419
CLM_0015229,CLI_000419
CLM_0015230,CLI_000202
CLM_0015231,CLI_000202
CLM_0015232,CLI_000202
CLM_0015233,CLI_000025
CLM_0015234,CLI_000033
CLM_0015235,CLI_000033
CLM_0015236,CLI_000033
CLM_0015237,CLI_000031
CLM_0015238,CLI_000143
CLM_0015239,CLI_000143
CLM_0015240,CLI_000525
CLM_0015241,CLI_000426
CLM_0015242,CLI_000506
CLM_0015243,CLI_000565
CLM_0015244,CLI_000565
CLM_0015245,CLI_000565
CLM_0015246,CLI_000579
CLM_0015247,CLI_000143
CLM_0015248,CLI_000143
CLM_0015249,CLI_000143
CLM_0015250,CLI_000395
CLM_0015251,CLI_000395
CLM_0015252,CLI_000440
CLM_0015253,CLI_000440
CLM_0015254,CLI_000121
CLM_0015255,CLI_000284
CLM_0015256,CLI_000284
CLM_0015257,CLI_000284
CLM_0015258,CLI_000347
CLM_0015259,CLI_000347
CLM_0015260,CLI_000347
CLM_0015261,CLI_000435
CLM_0015262,CLI_000435
CLM_0015263,CLI_000506
CLM_0015264,CLI_000506
CLM_0015265,CLI_000143
CLM_0015266,CLI_000143
CLM_0015267,CLI_000453
CLM_0015268,CLI_000453
CLM_0015269,CLI_000282
CLM_0015270,CLI_000282
CLM_0015271,CLI_000526
CLM_0015272,CLI_000202
CLM_0015273,CLI_000468
CLM_0015274,CLI_000468
CLM_0015275,CLI_000143
CLM_0015276,CLI_000143
CLM_0015277,CLI_000506
CLM_0015278,CLI_000506
CLM_0015279,CLI_000506
CLM_0015280,CLI_000121
CLM_0015281,CLI_000456
CLM_0015282,CLI_000456
CLM_0015283,CLI_000202
CLM_0015284,CLI_000202
CLM_0015285,CLI_000049
CLM_0015286,CLI_000049
CLM_0015287,CLI_000143
CLM_0015288,CLI_000143
CLM_0015289,CLI_000143
CLM_0015290,CLI_000354
CLM_0015291,CLI_000354
CLM_0015292,CLI_000033
CLM_0015293,CLI_000033
CLM_0015294,CLI_000202
CLM_0015295,CLI_000143
CLM_0015296,CLI_000143
CLM_0015297,CLI_000202
CLM_0015298,CLI_000196
CLM_0015299,CLI_000196
CLM_0015300,CLI_000196
CLM_0015301,CLI_000160
CLM_0015302,CLI_000033
CLM_0015303,CLI_000033
CLM_0015304,CLI_000245
CLM_0015305,CLI_000507
CLM_0015306,CLI_000507
CLM_0015307,CLI_000018
CLM_0015308,CLI_000454
CLM_0015309,CLI_000454
CLM_0015310,CLI_000323
CLM_0015311,CLI_000143
CLM_0015312,CLI_000143
CLM_0015313,CLI_000143
CLM_0015314,CLI_000253
CLM_0015315,CLI_000253
CLM_0015316,CLI_000253
CLM_0015317,CLI_000033
CLM_0015318,CLI_000200
CLM_0015319,CLI_000200
CLM_0015320,CLI_000200
CLM_0015321,CLI_000404
CLM_0015322,CLI_000404
CLM_0015323,CLI_000025
CLM_0015324,CLI_000025
CLM_0015325,CLI_000025
CLM_0015326,CLI_000202
CLM_0015327,CLI_000143
CLM_0015328,CLI_000143
CLM_0015329,CLI_000143
CLM_0015330,CLI_000143
CLM_0015331,CLI_000143
CLM_0015332,CLI_000033
CLM_0015333,CLI_000052
CLM_0015334,CLI_000435
CLM_0015335,CLI_000435
CLM_0015336,CLI_000435
CLM_0015337,CLI_000426
CLM_0015338,CLI_000426
CLM_0015339,CLI_000426
CLM_0015340,CLI_000479
CLM_0015341,CLI_000479
CLM_0015342,CLI_000479
CLM_0015343,CLI_000253
CLM_0015344,CLI_000253
CLM_0015345,CLI_000025
CLM_0015346,CLI_000143
CLM_0015347,CLI_000456
CLM_0015348,CLI_000535
CLM_0015349,CLI_000202
CLM_0015350,CLI_000166
CLM_0015351,CLI_000166
CLM_0015352,CLI_000202
CLM_0015353,CLI_000202
CLM_0015354,CLI_000392
CLM_0015355,CLI_000392
CLM_0015356,CLI_000392
CLM_0015357,CLI_000253
CLM_0015358,CLI_000253
CLM_0015359,CLI_000253
CLM_0015360,CLI_000025
CLM_0015361,CLI_000030
CLM_0015362,CLI_000416
CLM_0015363,CLI_000416
CLM_0015364,CLI_000416
CLM_0015365,CLI_000340
CLM_0015366,CLI_000525
CLM_0015367,CLI_000525
CLM_0015368,CLI_000525
CLM_0015369,CLI_000033
CLM_0015370,CLI_000033
CLM_0015371,CLI_000033
CLM_0015372,CLI_000506
CLM_0015373,CLI_000143
CLM_0015374,CLI_000203
CLM_0015375,CLI_000203
CLM_0015376,CLI_000513
CLM_0015377,CLI_000513
CLM_0015378,CLI_000513
CLM_0015379,CLI_000429
CLM_0015380,CLI_000435
CLM_0015381,CLI_000435
CLM_0015382,CLI_000435
CLM_0015383,CLI_000550
CLM_0015384,CLI_000550
CLM_0015385,CLI_000550
CLM_0015386,CLI_000143
CLM_0015387,CLI_000143
CLM_0015388,CLI_000143
CLM_0015389,CLI_000203
CLM_0015390,CLI_000203
CLM_0015391,CLI_000426
CLM_0015392,CLI_000426
CLM_0015393,CLI_000426
CLM_0015394,CLI_000456
CLM_0015395,CLI_000456
CLM_0015396,CLI_000202
CLM_0015397,CLI_000202
CLM_0015398,CLI_000143
CLM_0015399,CLI_000033
CLM_0015400,CLI_000202
CLM_0015401,CLI_000202
CLM_0015402,CLI_000202
CLM_0015403,CLI_000097
CLM_0015404,CLI_000203
CLM_0015405,CLI_000203
CLM_0015406,CLI_000401
CLM_0015407,CLI_000143
CLM_0015408,CLI_000202
CLM_0015409,CLI_000202
CLM_0015410,CLI_000506
CLM_0015411,CLI_000506
CLM_0015412,CLI_000033
CLM_0015413,CLI_000033
CLM_0015414,CLI_000033
CLM_0015415,CLI_000143
CLM_0015416,CLI_000143
CLM_0015417,CLI_000456
CLM_0015418,CLI_000141
CLM_0015419,CLI_000141
CLM_0015420,CLI_000282
CLM_0015421,CLI_000385
CLM_0015422,CLI_000076
CLM_0015423,CLI_000076
CLM_0015424,CLI_000076
CLM_0015425,CLI_000202
CLM_0015426,CLI_000202
CLM_0015427,CLI_000202
CLM_0015428,CLI_000586
CLM_0015429,CLI_000586
CLM_0015430,CLI_000586
CLM_0015431,CLI_000203
CLM_0015432,CLI_000370
CLM_0015433,CLI_000370
CLM_0015434,CLI_000370
CLM_0015435,CLI_000553
CLM_0015436,CLI_000553
CLM_0015437,CLI_000533
CLM_0015438,CLI_000533
CLM_0015439,CLI_000202
CLM_0015440,CLI_000143
CLM_0015441,CLI_000143
CLM_0015442,CLI_000189
CLM_0015443,CLI_000189
CLM_0015444,CLI_000033
CLM_0015445,CLI_000033
CLM_0015446,CLI_000033
CLM_0015447,CLI_000033
CLM_0015448,CLI_000169
CLM_0015449,CLI_000169
CLM_0015450,CLI_000169
CLM_0015451,CLI_000025
CLM_0015452,CLI_000143
CLM_0015453,CLI_000143
CLM_0015454,CLI_000143
CLM_0015455,CLI_000380
CLM_0015456,CLI_000380
CLM_0015457,CLI_000380
CLM_0015458,CLI_000143
CLM_0015459,CLI_000166
CLM_0015460,CLI_000501
CLM_0015461,CLI_000501
CLM_0015462,CLI_000501
CLM_0015463,CLI_000268
CLM_0015464,CLI_000138
CLM_0015465,CLI_000138
CLM_0015466,CLI_000138
CLM_0015467,CLI_000143
CLM_0015468,CLI_000143
CLM_0015469,CLI_000261
CLM_0015470,CLI_000261
CLM_0015471,CLI_000506
CLM_0015472,CLI_000506
CLM_0015473,CLI_000033
CLM_0015474,CLI_000193
CLM_0015475,CLI_000245
CLM_0015476,CLI_000245
CLM_0015477,CLI_000245
CLM_0015478,CLI_000456
CLM_0015479,CLI_000456
CLM_0015480,CLI_000456
CLM_0015481,CLI_000025
CLM_0015482,CLI_000025
CLM_0015483,CLI_000565
CLM_0015484,CLI_000533
CLM_0015485,CLI_000533
CLM_0015486,CLI_000044
CLM_0015487,CLI_000044
CLM_0015488,CLI_000044
CLM_0015489,CLI_000141
CLM_0015490,CLI_000141
CLM_0015491,CLI_000141
CLM_0015492,CLI_000033
CLM_0015493,CLI_000058
CLM_0015494,CLI_000058
CLM_0015495,CLI_000058
CLM_0015496,CLI_000033
CLM_0015497,CLI_000453
CLM_0015498,CLI_000453
CLM_0015499,CLI_000453
CLM_0015500,CLI_000203
CLM_0015501,CLI_000203
CLM_0015502,CLI_000203
CLM_0015503,CLI_000282
CLM_0015504,CLI_000282
CLM_0015505,CLI_000025
CLM_0015506,CLI_000025
CLM_0015507,CLI_000025
CLM_0015508,CLI_000088
CLM_0015509,CLI_000453
CLM_0015510,CLI_000426
CLM_0015511,CLI_000426
CLM_0015512,CLI_000426
CLM_0015513,CLI_000025
CLM_0015514,CLI_000025
CLM_0015515,CLI_000525
CLM_0015516,CLI_000456
CLM_0015517,CLI_000245
CLM_0015518,CLI_000245
CLM_0015519,CLI_000245
CLM_0015520,CLI_000245
CLM_0015521,CLI_000202
CLM_0015522,CLI_000202
CLM_0015523,CLI_000160
CLM_0015524,CLI_000426
CLM_0015525,CLI_000525
CLM_0015526,CLI_000025
CLM_0015527,CLI_000025
CLM_0015528,CLI_000025
CLM_0015529,CLI_000404
CLM_0015530,CLI_000404
CLM_0015531,CLI_000404
CLM_0015532,CLI_000049
CLM_0015533,CLI_000049
CLM_0015534,CLI_000049
CLM_0015535,CLI_000203
CLM_0015536,CLI_000096
CLM_0015537,CLI_000096
CLM_0015538,CLI_000203
CLM_0015539,CLI_000203
CLM_0015540,CLI_000386
CLM_0015541,CLI_000386
CLM_0015542,CLI_000141
CLM_0015543,CLI_000141
CLM_0015544,CLI_000141
CLM_0015545,CLI_000380
CLM_0015546,CLI_000380
CLM_0015547,CLI_000380
CLM_0015548,CLI_000097
CLM_0015549,CLI_000097
CLM_0015550,CLI_000097
CLM_0015551,CLI_000001
CLM_0015552,CLI_000143
CLM_0015553,CLI_000143
CLM_0015554,CLI_000143
CLM_0015555,CLI_000203
CLM_0015556,CLI_000419
CLM_0015557,CLI_000419
CLM_0015558,CLI_000419
CLM_0015559,CLI_000139
CLM_0015560,CLI_000139
CLM_0015561,CLI_000033
CLM_0015562,CLI_000033
CLM_0015563,CLI_000435
CLM_0015564,CLI_000143
CLM_0015565,CLI_000141
CLM_0015566,CLI_000141
CLM_0015567,CLI_000025
CLM_0015568,CLI_000535
CLM_0015569,CLI_000535
CLM_0015570,CLI_000535
CLM_0015571,CLI_000218
CLM_0015572,CLI_000218
CLM_0015573,CLI_000218
CLM_0015574,CLI_000296
CLM_0015575,CLI_000296
CLM_0015576,CLI_000296
CLM_0015577,CLI_000008
CLM_0015578,CLI_000203
CLM_0015579,CLI_000526
CLM_0015580,CLI_000203
CLM_0015581,CLI_000203
CLM_0015582,CLI_000203
CLM_0015583,CLI_000533
CLM_0015584,CLI_000385
CLM_0015585,CLI_000385
CLM_0015586,CLI_000385
CLM_0015587,CLI_000202
CLM_0015588,CLI_000143
CLM_0015589,CLI_000143
CLM_0015590,CLI_000203
CLM_0015591,CLI_000435
CLM_0015592,CLI_000435
CLM_0015593,CLI_000134
CLM_0015594,CLI_000134
CLM_0015595,CLI_000134
CLM_0015596,CLI_000253
CLM_0015597,CLI_000253
CLM_0015598,CLI_000253
CLM_0015599,CLI_000385
CLM_0015600,CLI_000385
CLM_0015601,CLI_000385
CLM_0015602,CLI_000143
CLM_0015603,CLI_000589
CLM_0015604,CLI_000589
CLM_0015605,CLI_000589
CLM_0015606,CLI_000426
CLM_0015607,CLI_000426
CLM_0015608,CLI_000203
CLM_0015609,CLI_000203
CLM_0015610,CLI_000203
CLM_0015611,CLI_000096
CLM_0015612,CLI_000426
CLM_0015613,CLI_000426
CLM_0015614,CLI_000426
CLM_0015615,CLI_000087
CLM_0015616,CLI_000087
CLM_0015617,CLI_000166
CLM_0015618,CLI_000166
CLM_0015619,CLI_000189
CLM_0015620,CLI_000565
CLM_0015621,CLI_000456
CLM_0015622,CLI_000456
CLM_0015623,CLI_000456
CLM_0015624,CLI_000456
CLM_0015625,CLI_000203
CLM_0015626,CLI_000203
CLM_0015627,CLI_000143
CLM_0015628,CLI_000143
CLM_0015629,CLI_000195
CLM_0015630,CLI_000143
CLM_0015631,CLI_000143
CLM_0015632,CLI_000143
CLM_0015633,CLI_000202
CLM_0015634,CLI_000202
CLM_0015635,CLI_000597
CLM_0015636,CLI_000597
CLM_0015637,CLI_000597
CLM_0015638,CLI_000506
CLM_0015639,CLI_000506
CLM_0015640,CLI_000076
CLM_0015641,CLI_000076
CLM_0015642,CLI_000076
CLM_0015643,CLI_000143
CLM_0015644,CLI_000143
CLM_0015645,CLI_000143
CLM_0015646,CLI_000175
CLM_0015647,CLI_000175
CLM_0015648,CLI_000175
CLM_0015649,CLI_000456
CLM_0015650,CLI_000456
CLM_0015651,CLI_000456
CLM_0015652,CLI_000202
CLM_0015653,CLI_000202
CLM_0015654,CLI_000202
CLM_0015655,CLI_000368
CLM_0015656,CLI_000061
CLM_0015657,CLI_000061
CLM_0015658,CLI_000121
CLM_0015659,CLI_000121
CLM_0015660,CLI_000107
CLM_0015661,CLI_000456
CLM_0015662,CLI_000456
CLM_0015663,CLI_000456
CLM_0015664,CLI_000456
CLM_0015665,CLI_000456
CLM_0015666,CLI_000456
CLM_0015667,CLI_000456
CLM_0015668,CLI_000456
CLM_0015669,CLI_000456
CLM_0015670,CLI_000426
CLM_0015671,CLI_000426
CLM_0015672,CLI_000049
CLM_0015673,CLI_000049
CLM_0015674,CLI_000203
CLM_0015675,CLI_000203
CLM_0015676,CLI_000456
CLM_0015677,CLI_000456
CLM_0015678,CLI_000223
CLM_0015679,CLI_000223
CLM_0015680,CLI_000203
CLM_0015681,CLI_000143
CLM_0015682,CLI_000469
CLM_0015683,CLI_000469
CLM_0015684,CLI_000469
CLM_0015685,CLI_000526
CLM_0015686,CLI_000526
CLM_0015687,CLI_000033
CLM_0015688,CLI_000033
CLM_0015689,CLI_000033
CLM_0015690,CLI_000161
CLM_0015691,CLI_000506
CLM_0015692,CLI_000506
CLM_0015693,CLI_000033
CLM_0015694,CLI_000033
CLM_0015695,CLI_000203
CLM_0015696,CLI_000203
CLM_0015697,CLI_000253
CLM_0015698,CLI_000253
CLM_0015699,CLI_000253
CLM_0015700,CLI_000285
CLM_0015701,CLI_000285
CLM_0015702,CLI_000526
CLM_0015703,CLI_000143
CLM_0015704,CLI_000143
CLM_0015705,CLI_000143
CLM_0015706,CLI_000506
CLM_0015707,CLI_000033
CLM_0015708,CLI_000033
CLM_0015709,CLI_000143
CLM_0015710,CLI_000143
CLM_0015711,CLI_000404
CLM_0015712,CLI_000404
CLM_0015713,CLI_000404
CLM_0015714,CLI_000025
CLM_0015715,CLI_000025
CLM_0015716,CLI_000033
CLM_0015717,CLI_000143
CLM_0015718,CLI_000535
CLM_0015719,CLI_000143
CLM_0015720,CLI_000347
CLM_0015721,CLI_000347
CLM_0015722,CLI_000347
CLM_0015723,CLI_000479
CLM_0015724,CLI_000479
CLM_0015725,CLI_000479
CLM_0015726,CLI_000025
CLM_0015727,CLI_000025
CLM_0015728,CLI_000025
CLM_0015729,CLI_000143
CLM_0015730,CLI_000143
CLM_0015731,CLI_000121
CLM_0015732,CLI_000565
CLM_0015733,CLI_000565
CLM_0015734,CLI_000007
CLM_0015735,CLI_000598
CLM_0015736,CLI_000598
CLM_0015737,CLI_000453
CLM_0015738,CLI_000182
CLM_0015739,CLI_000182
CLM_0015740,CLI_000242
CLM_0015741,CLI_000242
CLM_0015742,CLI_000242
CLM_0015743,CLI_000061
CLM_0015744,CLI_000061
CLM_0015745,CLI_000404
CLM_0015746,CLI_000404
CLM_0015747,CLI_000404
CLM_0015748,CLI_000245
CLM_0015749,CLI_000245
CLM_0015750,CLI_000143
CLM_0015751,CLI_000143
CLM_0015752,CLI_000143
CLM_0015753,CLI_000337
CLM_0015754,CLI_000565
CLM_0015755,CLI_000565
CLM_0015756,CLI_000565
CLM_0015757,CLI_000335
CLM_0015758,CLI_000335
CLM_0015759,CLI_000335
CLM_0015760,CLI_000426
CLM_0015761,CLI_000426
CLM_0015762,CLI_000456
CLM_0015763,CLI_000456
CLM_0015764,CLI_000456
CLM_0015765,CLI_000435
CLM_0015766,CLI_000435
CLM_0015767,CLI_000435
CLM_0015768,CLI_000202
CLM_0015769,CLI_000166
CLM_0015770,CLI_000166
CLM_0015771,CLI_000143
CLM_0015772,CLI_000143
CLM_0015773,CLI_000025
CLM_0015774,CLI_000033
CLM_0015775,CLI_000033
CLM_0015776,CLI_000033
CLM_0015777,CLI_000203
CLM_0015778,CLI_000203
CLM_0015779,CLI_000089
CLM_0015780,CLI_000228
CLM_0015781,CLI_000228
CLM_0015782,CLI_000143
CLM_0015783,CLI_000143
CLM_0015784,CLI_000143
CLM_0015785,CLI_000404
CLM_0015786,CLI_000426
CLM_0015787,CLI_000076
CLM_0015788,CLI_000076
CLM_0015789,CLI_000076
CLM_0015790,CLI_000202
CLM_0015791,CLI_000202
CLM_0015792,CLI_000202
CLM_0015793,CLI_000456
CLM_0015794,CLI_000456
CLM_0015795,CLI_000203
CLM_0015796,CLI_000203
CLM_0015797,CLI_000203
CLM_0015798,CLI_000438
CLM_0015799,CLI_000526
CLM_0015800,CLI_000181
CLM_0015801,CLI_000202
CLM_0015802,CLI_000202
CLM_0015803,CLI_000435
CLM_0015804,CLI_000435
CLM_0015805,CLI_000143
CLM_0015806,CLI_000076
CLM_0015807,CLI_000025
CLM_0015808,CLI_000025
CLM_0015809,CLI_000202
CLM_0015810,CLI_000025
CLM_0015811,CLI_000025
CLM_0015812,CLI_000025
CLM_0015813,CLI_000089
CLM_0015814,CLI_000089
CLM_0015815,CLI_000089
CLM_0015816,CLI_000166
CLM_0015817,CLI_000166
CLM_0015818,CLI_000166
CLM_0015819,CLI_000203
CLM_0015820,CLI_000203
CLM_0015821,CLI_000202
CLM_0015822,CLI_000202
CLM_0015823,CLI_000202
CLM_0015824,CLI_000061
CLM_0015825,CLI_000061
CLM_0015826,CLI_000061
CLM_0015827,CLI_000088
CLM_0015828,CLI_000025
CLM_0015829,CLI_000025
CLM_0015830,CLI_000143
CLM_0015831,CLI_000143
CLM_0015832,CLI_000143
CLM_0015833,CLI_000374
CLM_0015834,CLI_000143
CLM_0015835,CLI_000143
CLM_0015836,CLI_000143
CLM_0015837,CLI_000143
CLM_0015838,CLI_000368
CLM_0015839,CLI_000368
CLM_0015840,CLI_000089
CLM_0015841,CLI_000332
CLM_0015842,CLI_000143
CLM_0015843,CLI_000143
CLM_0015844,CLI_000143
CLM_0015845,CLI_000506
CLM_0015846,CLI_000166
CLM_0015847,CLI_000166
CLM_0015848,CLI_000319
CLM_0015849,CLI_000319
CLM_0015850,CLI_000319
CLM_0015851,CLI_000380
CLM_0015852,CLI_000202
CLM_0015853,CLI_000143
CLM_0015854,CLI_000143
CLM_0015855,CLI_000370
CLM_0015856,CLI_000370
CLM_0015857,CLI_000426
CLM_0015858,CLI_000426
CLM_0015859,CLI_000247
CLM_0015860,CLI_000143
CLM_0015861,CLI_000347
CLM_0015862,CLI_000347
CLM_0015863,CLI_000347
CLM_0015864,CLI_000368
CLM_0015865,CLI_000029
CLM_0015866,CLI_000426
CLM_0015867,CLI_000426
CLM_0015868,CLI_000491
CLM_0015869,CLI_000033
CLM_0015870,CLI_000033
CLM_0015871,CLI_000143
CLM_0015872,CLI_000143
CLM_0015873,CLI_000143
CLM_0015874,CLI_000202
CLM_0015875,CLI_000202
CLM_0015876,CLI_000202
CLM_0015877,CLI_000143
CLM_0015878,CLI_000143
CLM_0015879,CLI_000143
CLM_0015880,CLI_000143
CLM_0015881,CLI_000143
CLM_0015882,CLI_000143
CLM_0015883,CLI_000143
CLM_0015884,CLI_000395
CLM_0015885,CLI_000395
CLM_0015886,CLI_000076
CLM_0015887,CLI_000076
CLM_0015888,CLI_000076
CLM_0015889,CLI_000033
CLM_0015890,CLI_000033
CLM_0015891,CLI_000033
CLM_0015892,CLI_000203
CLM_0015893,CLI_000526
CLM_0015894,CLI_000526
CLM_0015895,CLI_000368
CLM_0015896,CLI_000368
CLM_0015897,CLI_000368
CLM_0015898,CLI_000143
CLM_0015899,CLI_000143
CLM_0015900,CLI_000203
CLM_0015901,CLI_000203
CLM_0015902,CLI_000488
CLM_0015903,CLI_000488
CLM_0015904,CLI_000488
CLM_0015905,CLI_000404
CLM_0015906,CLI_000404
CLM_0015907,CLI_000404
CLM_0015908,CLI_000025
CLM_0015909,CLI_000202
CLM_0015910,CLI_000202
CLM_0015911,CLI_000202
CLM_0015912,CLI_000380
CLM_0015913,CLI_000143
CLM_0015914,CLI_000143
CLM_0015915,CLI_000143
CLM_0015916,CLI_000412
CLM_0015917,CLI_000412
CLM_0015918,CLI_000426
CLM_0015919,CLI_000033
CLM_0015920,CLI_000076
CLM_0015921,CLI_000076
CLM_0015922,CLI_000076
CLM_0015923,CLI_000202
CLM_0015924,CLI_000202
CLM_0015925,CLI_000202
CLM_0015926,CLI_000061
CLM_0015927,CLI_000061
CLM_0015928,CLI_000061
CLM_0015929,CLI_000419
CLM_0015930,CLI_000419
CLM_0015931,CLI_000419
CLM_0015932,CLI_000076
CLM_0015933,CLI_000076
CLM_0015934,CLI_000033
CLM_0015935,CLI_000033
CLM_0015936,CLI_000033
CLM_0015937,CLI_000456
CLM_0015938,CLI_000456
CLM_0015939,CLI_000456
CLM_0015940,CLI_000404
CLM_0015941,CLI_000404
CLM_0015942,CLI_000143
CLM_0015943,CLI_000435
CLM_0015944,CLI_000435
CLM_0015945,CLI_000282
CLM_0015946,CLI_000166
CLM_0015947,CLI_000143
CLM_0015948,CLI_000143
CLM_0015949,CLI_000253
CLM_0015950,CLI_000202
CLM_0015951,CLI_000202
CLM_0015952,CLI_000202
CLM_0015953,CLI_000171
CLM_0015954,CLI_000506
CLM_0015955,CLI_000506
CLM_0015956,CLI_000506
CLM_0015957,CLI_000143
CLM_0015958,CLI_000143
CLM_0015959,CLI_000282
CLM_0015960,CLI_000282
CLM_0015961,CLI_000189
CLM_0015962,CLI_000189
CLM_0015963,CLI_000189
CLM_0015964,CLI_000316
CLM_0015965,CLI_000203
CLM_0015966,CLI_000025
CLM_0015967,CLI_000565
CLM_0015968,CLI_000565
CLM_0015969,CLI_000574
CLM_0015970,CLI_000574
CLM_0015971,CLI_000574
CLM_0015972,CLI_000033
CLM_0015973,CLI_000060
CLM_0015974,CLI_000060
CLM_0015975,CLI_000202
CLM_0015976,CLI_000506
CLM_0015977,CLI_000315
CLM_0015978,CLI_000315
CLM_0015979,CLI_000143
CLM_0015980,CLI_000143
CLM_0015981,CLI_000327
CLM_0015982,CLI_000347
CLM_0015983,CLI_000315
CLM_0015984,CLI_000143
CLM_0015985,CLI_000143
CLM_0015986,CLI_000456
CLM_0015987,CLI_000203
CLM_0015988,CLI_000282
CLM_0015989,CLI_000248
CLM_0015990,CLI_000248
CLM_0015991,CLI_000202
CLM_0015992,CLI_000194
CLM_0015993,CLI_000194
CLM_0015994,CLI_000143
CLM_0015995,CLI_000033
CLM_0015996,CLI_000033
CLM_0015997,CLI_000435
CLM_0015998,CLI_000435
CLM_0015999,CLI_000435
CLM_0016000,CLI_000525
CLM_0016001,CLI_000525
CLM_0016002,CLI_000033
CLM_0016003,CLI_000384
CLM_0016004,CLI_000384
CLM_0016005,CLI_000384
CLM_0016006,CLI_000045
CLM_0016007,CLI_000447
CLM_0016008,CLI_000447
CLM_0016009,CLI_000556
CLM_0016010,CLI_000556
CLM_0016011,CLI_000143
CLM_0016012,CLI_000143
CLM_0016013,CLI_000143
CLM_0016014,CLI_000435
CLM_0016015,CLI_000143
CLM_0016016,CLI_000143
CLM_0016017,CLI_000143
CLM_0016018,CLI_000143
CLM_0016019,CLI_000143
CLM_0016020,CLI_000143
CLM_0016021,CLI_000194
CLM_0016022,CLI_000194
CLM_0016023,CLI_000030
CLM_0016024,CLI_000143
CLM_0016025,CLI_000121
CLM_0016026,CLI_000121
CLM_0016027,CLI_000121
CLM_0016028,CLI_000160
CLM_0016029,CLI_000033
CLM_0016030,CLI_000143
CLM_0016031,CLI_000143
CLM_0016032,CLI_000143
CLM_0016033,CLI_000468
CLM_0016034,CLI_000468
CLM_0016035,CLI_000076
CLM_0016036,CLI_000076
CLM_0016037,CLI_000076
CLM_0016038,CLI_000194
CLM_0016039,CLI_000435
CLM_0016040,CLI_000435
CLM_0016041,CLI_000435
CLM_0016042,CLI_000166
CLM_0016043,CLI_000166
CLM_0016044,CLI_000166
CLM_0016045,CLI_000426
CLM_0016046,CLI_000426
CLM_0016047,CLI_000426
CLM_0016048,CLI_000033
CLM_0016049,CLI_000426
CLM_0016050,CLI_000426
CLM_0016051,CLI_000282
CLM_0016052,CLI_000282
CLM_0016053,CLI_000282
CLM_0016054,CLI_000202
CLM_0016055,CLI_000025
CLM_0016056,CLI_000456
CLM_0016057,CLI_000456
CLM_0016058,CLI_000427
CLM_0016059,CLI_000427
CLM_0016060,CLI_000202
CLM_0016061,CLI_000202
CLM_0016062,CLI_000121
CLM_0016063,CLI_000076
CLM_0016064,CLI_000166
CLM_0016065,CLI_000166
CLM_0016066,CLI_000166
CLM_0016067,CLI_000335
CLM_0016068,CLI_000073
CLM_0016069,CLI_000073
CLM_0016070,CLI_000073
CLM_0016071,CLI_000499
CLM_0016072,CLI_000404
CLM_0016073,CLI_000404
CLM_0016074,CLI_000404
CLM_0016075,CLI_000354
CLM_0016076,CLI_000272
CLM_0016077,CLI_000272
CLM_0016078,CLI_000076
CLM_0016079,CLI_000076
CLM_0016080,CLI_000143
CLM_0016081,CLI_000143
CLM_0016082,CLI_000143
CLM_0016083,CLI_000456
CLM_0016084,CLI_000456
CLM_0016085,CLI_000025
CLM_0016086,CLI_000025
CLM_0016087,CLI_000456
CLM_0016088,CLI_000456
CLM_0016089,CLI_000107
CLM_0016090,CLI_000107
CLM_0016091,CLI_000107
CLM_0016092,CLI_000535
CLM_0016093,CLI_000535
CLM_0016094,CLI_000535
CLM_0016095,CLI_000105
CLM_0016096,CLI_000105
CLM_0016097,CLI_000395
CLM_0016098,CLI_000395
CLM_0016099,CLI_000143
CLM_0016100,CLI_000143
CLM_0016101,CLI_000143
CLM_0016102,CLI_000202
CLM_0016103,CLI_000202
CLM_0016104,CLI_000202
CLM_0016105,CLI_000435
CLM_0016106,CLI_000435
CLM_0016107,CLI_000435
CLM_0016108,CLI_000202
CLM_0016109,CLI_000202
CLM_0016110,CLI_000202
CLM_0016111,CLI_000404
CLM_0016112,CLI_000404
CLM_0016113,CLI_000404
CLM_0016114,CLI_000143
CLM_0016115,CLI_000143
CLM_0016116,CLI_000033
CLM_0016117,CLI_000033
CLM_0016118,CLI_000295
CLM_0016119,CLI_000295
CLM_0016120,CLI_000295
CLM_0016121,CLI_000506
CLM_0016122,CLI_000506
CLM_0016123,CLI_000160
CLM_0016124,CLI_000253
CLM_0016125,CLI_000253
CLM_0016126,CLI_000253
CLM_0016127,CLI_000258
CLM_0016128,CLI_000258
CLM_0016129,CLI_000435
CLM_0016130,CLI_000435
CLM_0016131,CLI_000435
CLM_0016132,CLI_000535
CLM_0016133,CLI_000535
CLM_0016134,CLI_000526
CLM_0016135,CLI_000526
CLM_0016136,CLI_000526
CLM_0016137,CLI_000426
CLM_0016138,CLI_000166
CLM_0016139,CLI_000166
CLM_0016140,CLI_000166
CLM_0016141,CLI_000002
CLM_0016142,CLI_000143
CLM_0016143,CLI_000143
CLM_0016144,CLI_000143
CLM_0016145,CLI_000143
CLM_0016146,CLI_000253
CLM_0016147,CLI_000107
CLM_0016148,CLI_000107
CLM_0016149,CLI_000107
CLM_0016150,CLI_000426
CLM_0016151,CLI_000526
CLM_0016152,CLI_000526
CLM_0016153,CLI_000526
CLM_0016154,CLI_000456
CLM_0016155,CLI_000456
CLM_0016156,CLI_000456
CLM_0016157,CLI_000202
CLM_0016158,CLI_000202
CLM_0016159,CLI_000460
CLM_0016160,CLI_000460
CLM_0016161,CLI_000460
CLM_0016162,CLI_000198
CLM_0016163,CLI_000202
CLM_0016164,CLI_000202
CLM_0016165,CLI_000202
CLM_0016166,CLI_000202
CLM_0016167,CLI_000022
CLM_0016168,CLI_000022
CLM_0016169,CLI_000253
CLM_0016170,CLI_000143
CLM_0016171,CLI_000143
CLM_0016172,CLI_000526
CLM_0016173,CLI_000526
CLM_0016174,CLI_000526
CLM_0016175,CLI_000404
CLM_0016176,CLI_000404
CLM_0016177,CLI_000404
CLM_0016178,CLI_000166
CLM_0016179,CLI_000166
CLM_0016180,CLI_000143
CLM_0016181,CLI_000354
CLM_0016182,CLI_000253
CLM_0016183,CLI_000253
CLM_0016184,CLI_000253
CLM_0016185,CLI_000435
CLM_0016186,CLI_000435
CLM_0016187,CLI_000166
CLM_0016188,CLI_000166
CLM_0016189,CLI_000203
CLM_0016190,CLI_000333
CLM_0016191,CLI_000134
CLM_0016192,CLI_000203
CLM_0016193,CLI_000203
CLM_0016194,CLI_000203
CLM_0016195,CLI_000567
CLM_0016196,CLI_000567
CLM_0016197,CLI_000567
CLM_0016198,CLI_000143
CLM_0016199,CLI_000202
CLM_0016200,CLI_000203
CLM_0016201,CLI_000203
CLM_0016202,CLI_000203
CLM_0016203,CLI_000404
CLM_0016204,CLI_000404
CLM_0016205,CLI_000202
CLM_0016206,CLI_000068
CLM_0016207,CLI_000068
CLM_0016208,CLI_000068
CLM_0016209,CLI_000594
CLM_0016210,CLI_000594
CLM_0016211,CLI_000532
CLM_0016212,CLI_000532
CLM_0016213,CLI_000033
CLM_0016214,CLI_000033
CLM_0016215,CLI_000143
CLM_0016216,CLI_000143
CLM_0016217,CLI_000143
CLM_0016218,CLI_000189
CLM_0016219,CLI_000189
CLM_0016220,CLI_000202
CLM_0016221,CLI_000202
CLM_0016222,CLI_000202
CLM_0016223,CLI_000311
CLM_0016224,CLI_000311
CLM_0016225,CLI_000354
CLM_0016226,CLI_000297
CLM_0016227,CLI_000297
CLM_0016228,CLI_000404
CLM_0016229,CLI_000404
CLM_0016230,CLI_000143
CLM_0016231,CLI_000143
CLM_0016232,CLI_000143
CLM_0016233,CLI_000203
CLM_0016234,CLI_000143
CLM_0016235,CLI_000143
CLM_0016236,CLI_000143
CLM_0016237,CLI_000143
CLM_0016238,CLI_000143
CLM_0016239,CLI_000076
CLM_0016240,CLI_000076
CLM_0016241,CLI_000143
CLM_0016242,CLI_000143
CLM_0016243,CLI_000143
CLM_0016244,CLI_000052
CLM_0016245,CLI_000052
CLM_0016246,CLI_000052
CLM_0016247,CLI_000033
CLM_0016248,CLI_000033
CLM_0016249,CLI_000033
CLM_0016250,CLI_000143
CLM_0016251,CLI_000143
CLM_0016252,CLI_000143
CLM_0016253,CLI_000281
CLM_0016254,CLI_000281
CLM_0016255,CLI_000281
CLM_0016256,CLI_000333
CLM_0016257,CLI_000333
CLM_0016258,CLI_000333
CLM_0016259,CLI_000166
CLM_0016260,CLI_000033
CLM_0016261,CLI_000033
CLM_0016262,CLI_000033
CLM_0016263,CLI_000426
CLM_0016264,CLI_000203
CLM_0016265,CLI_000203
CLM_0016266,CLI_000456
CLM_0016267,CLI_000456
CLM_0016268,CLI_000143
CLM_0016269,CLI_000143
CLM_0016270,CLI_000143
CLM_0016271,CLI_000526
CLM_0016272,CLI_000526
CLM_0016273,CLI_000513
CLM_0016274,CLI_000513
CLM_0016275,CLI_000513
CLM_0016276,CLI_000033
CLM_0016277,CLI_000202
CLM_0016278,CLI_000488
CLM_0016279,CLI_000488
CLM_0016280,CLI_000488
CLM_0016281,CLI_000368
CLM_0016282,CLI_000143
CLM_0016283,CLI_000143
CLM_0016284,CLI_000285
CLM_0016285,CLI_000285
CLM_0016286,CLI_000202
CLM_0016287,CLI_000202
CLM_0016288,CLI_000042
CLM_0016289,CLI_000061
CLM_0016290,CLI_000061
CLM_0016291,CLI_000061
CLM_0016292,CLI_000033
CLM_0016293,CLI_000278
CLM_0016294,CLI_000456
CLM_0016295,CLI_000456
CLM_0016296,CLI_000456
CLM_0016297,CLI_000456
CLM_0016298,CLI_000143
CLM_0016299,CLI_000202
CLM_0016300,CLI_000202
CLM_0016301,CLI_000125
CLM_0016302,CLI_000125
CLM_0016303,CLI_000125
CLM_0016304,CLI_000152
CLM_0016305,CLI_000456
CLM_0016306,CLI_000456
CLM_0016307,CLI_000456
CLM_0016308,CLI_000143
CLM_0016309,CLI_000143
CLM_0016310,CLI_000143
CLM_0016311,CLI_000202
CLM_0016312,CLI_000202
CLM_0016313,CLI_000202
CLM_0016314,CLI_000491
CLM_0016315,CLI_000491
CLM_0016316,CLI_000404
CLM_0016317,CLI_000315
CLM_0016318,CLI_000315
CLM_0016319,CLI_000315
CLM_0016320,CLI_000435
CLM_0016321,CLI_000435
CLM_0016322,CLI_000435
CLM_0016323,CLI_000203
CLM_0016324,CLI_000203
CLM_0016325,CLI_000107
CLM_0016326,CLI_000107
CLM_0016327,CLI_000166
CLM_0016328,CLI_000166
CLM_0016329,CLI_000143
CLM_0016330,CLI_000143
CLM_0016331,CLI_000143
CLM_0016332,CLI_000143
CLM_0016333,CLI_000143
CLM_0016334,CLI_000143
CLM_0016335,CLI_000143
CLM_0016336,CLI_000020
CLM_0016337,CLI_000020
CLM_0016338,CLI_000456
CLM_0016339,CLI_000456
CLM_0016340,CLI_000456
CLM_0016341,CLI_000506
CLM_0016342,CLI_000565
CLM_0016343,CLI_000565
CLM_0016344,CLI_000351
CLM_0016345,CLI_000351
CLM_0016346,CLI_000525
CLM_0016347,CLI_000525
CLM_0016348,CLI_000525
CLM_0016349,CLI_000347
CLM_0016350,CLI_000454
CLM_0016351,CLI_000454
CLM_0016352,CLI_000454
CLM_0016353,CLI_000245
CLM_0016354,CLI_000245
CLM_0016355,CLI_000121
CLM_0016356,CLI_000426
CLM_0016357,CLI_000202
CLM_0016358,CLI_000025
CLM_0016359,CLI_000325
CLM_0016360,CLI_000325
CLM_0016361,CLI_000404
CLM_0016362,CLI_000404
CLM_0016363,CLI_000404
CLM_0016364,CLI_000001
CLM_0016365,CLI_000001
CLM_0016366,CLI_000001
CLM_0016367,CLI_000435
CLM_0016368,CLI_000435
CLM_0016369,CLI_000435
CLM_0016370,CLI_000143
CLM_0016371,CLI_000143
CLM_0016372,CLI_000351
CLM_0016373,CLI_000351
CLM_0016374,CLI_000541
CLM_0016375,CLI_000541
CLM_0016376,CLI_000541
CLM_0016377,CLI_000166
CLM_0016378,CLI_000166
CLM_0016379,CLI_000166
CLM_0016380,CLI_000426
CLM_0016381,CLI_000426
CLM_0016382,CLI_000202
CLM_0016383,CLI_000202
CLM_0016384,CLI_000202
CLM_0016385,CLI_000202
CLM_0016386,CLI_000061
CLM_0016387,CLI_000061
CLM_0016388,CLI_000268
CLM_0016389,CLI_000161
CLM_0016390,CLI_000161
CLM_0016391,CLI_000061
CLM_0016392,CLI_000061
CLM_0016393,CLI_000426
CLM_0016394,CLI_000426
CLM_0016395,CLI_000426
CLM_0016396,CLI_000076
CLM_0016397,CLI_000033
CLM_0016398,CLI_000033
CLM_0016399,CLI_000513
CLM_0016400,CLI_000513
CLM_0016401,CLI_000513
CLM_0016402,CLI_000285
CLM_0016403,CLI_000143
CLM_0016404,CLI_000395
CLM_0016405,CLI_000395
CLM_0016406,CLI_000395
CLM_0016407,CLI_000404
CLM_0016408,CLI_000404
CLM_0016409,CLI_000404
CLM_0016410,CLI_000185
CLM_0016411,CLI_000185
CLM_0016412,CLI_000025
CLM_0016413,CLI_000025
CLM_0016414,CLI_000202
CLM_0016415,CLI_000202
CLM_0016416,CLI_000203
CLM_0016417,CLI_000203
CLM_0016418,CLI_000143
CLM_0016419,CLI_000143
CLM_0016420,CLI_000143
CLM_0016421,CLI_000143
CLM_0016422,CLI_000143
CLM_0016423,CLI_000202
CLM_0016424,CLI_000202
CLM_0016425,CLI_000456
CLM_0016426,CLI_000456
CLM_0016427,CLI_000310
CLM_0016428,CLI_000335
CLM_0016429,CLI_000335
CLM_0016430,CLI_000335
CLM_0016431,CLI_000202
CLM_0016432,CLI_000202
CLM_0016433,CLI_000202
CLM_0016434,CLI_000565
CLM_0016435,CLI_000143
CLM_0016436,CLI_000143
CLM_0016437,CLI_000203
CLM_0016438,CLI_000203
CLM_0016439,CLI_000202
CLM_0016440,CLI_000089
CLM_0016441,CLI_000089
CLM_0016442,CLI_000143
CLM_0016443,CLI_000143
CLM_0016444,CLI_000143
CLM_0016445,CLI_000565
CLM_0016446,CLI_000565
CLM_0016447,CLI_000049
CLM_0016448,CLI_000049
CLM_0016449,CLI_000025
CLM_0016450,CLI_000143
CLM_0016451,CLI_000315
CLM_0016452,CLI_000315
CLM_0016453,CLI_000203
CLM_0016454,CLI_000203
CLM_0016455,CLI_000203
CLM_0016456,CLI_000395
CLM_0016457,CLI_000395
CLM_0016458,CLI_000395
CLM_0016459,CLI_000485
CLM_0016460,CLI_000485
CLM_0016461,CLI_000282
CLM_0016462,CLI_000202
CLM_0016463,CLI_000202
CLM_0016464,CLI_000202
CLM_0016465,CLI_000045
CLM_0016466,CLI_000045
CLM_0016467,CLI_000045
CLM_0016468,CLI_000063
CLM_0016469,CLI_000063
CLM_0016470,CLI_000368
CLM_0016471,CLI_000368
CLM_0016472,CLI_000414
CLM_0016473,CLI_000414
CLM_0016474,CLI_000414
CLM_0016475,CLI_000426
CLM_0016476,CLI_000426
CLM_0016477,CLI_000426
CLM_0016478,CLI_000143
CLM_0016479,CLI_000166
CLM_0016480,CLI_000166
CLM_0016481,CLI_000198
CLM_0016482,CLI_000198
CLM_0016483,CLI_000062
CLM_0016484,CLI_000525
CLM_0016485,CLI_000525
CLM_0016486,CLI_000525
CLM_0016487,CLI_000203
CLM_0016488,CLI_000203
CLM_0016489,CLI_000203
CLM_0016490,CLI_000526
CLM_0016491,CLI_000526
CLM_0016492,CLI_000526
CLM_0016493,CLI_000002
CLM_0016494,CLI_000002
CLM_0016495,CLI_000002
CLM_0016496,CLI_000386
CLM_0016497,CLI_000386
CLM_0016498,CLI_000033
CLM_0016499,CLI_000033
CLM_0016500,CLI_000097
CLM_0016501,CLI_000097
CLM_0016502,CLI_000166
CLM_0016503,CLI_000166
CLM_0016504,CLI_000166
CLM_0016505,CLI_000076
CLM_0016506,CLI_000076
CLM_0016507,CLI_000076
CLM_0016508,CLI_000025
CLM_0016509,CLI_000025
CLM_0016510,CLI_000076
CLM_0016511,CLI_000076
CLM_0016512,CLI_000253
CLM_0016513,CLI_000039
CLM_0016514,CLI_000039
CLM_0016515,CLI_000456
CLM_0016516,CLI_000456
CLM_0016517,CLI_000456
CLM_0016518,CLI_000495
CLM_0016519,CLI_000495
CLM_0016520,CLI_000453
CLM_0016521,CLI_000453
CLM_0016522,CLI_000453
CLM_0016523,CLI_000143
CLM_0016524,CLI_000143
CLM_0016525,CLI_000143
CLM_0016526,CLI_000282
CLM_0016527,CLI_000282
CLM_0016528,CLI_000121
CLM_0016529,CLI_000426
CLM_0016530,CLI_000426
CLM_0016531,CLI_000426
CLM_0016532,CLI_000033
CLM_0016533,CLI_000033
CLM_0016534,CLI_000143
CLM_0016535,CLI_000143
CLM_0016536,CLI_000143
CLM_0016537,CLI_000143
CLM_0016538,CLI_000143
CLM_0016539,CLI_000426
CLM_0016540,CLI_000245
CLM_0016541,CLI_000245
CLM_0016542,CLI_000245
CLM_0016543,CLI_000164
CLM_0016544,CLI_000164
CLM_0016545,CLI_000164
CLM_0016546,CLI_000449
CLM_0016547,CLI_000449
CLM_0016548,CLI_000305
CLM_0016549,CLI_000203
CLM_0016550,CLI_000203
CLM_0016551,CLI_000203
CLM_0016552,CLI_000020
CLM_0016553,CLI_000020
CLM_0016554,CLI_000202
CLM_0016555,CLI_000202
CLM_0016556,CLI_000143
CLM_0016557,CLI_000143
CLM_0016558,CLI_000143
CLM_0016559,CLI_000143
CLM_0016560,CLI_000143
CLM_0016561,CLI_000143
CLM_0016562,CLI_000143
CLM_0016563,CLI_000253
CLM_0016564,CLI_000253
CLM_0016565,CLI_000253
CLM_0016566,CLI_000025
CLM_0016567,CLI_000025
CLM_0016568,CLI_000143
CLM_0016569,CLI_000143
CLM_0016570,CLI_000160
CLM_0016571,CLI_000160
CLM_0016572,CLI_000025
CLM_0016573,CLI_000025
CLM_0016574,CLI_000121
CLM_0016575,CLI_000121
CLM_0016576,CLI_000121
CLM_0016577,CLI_000025
CLM_0016578,CLI_000025
CLM_0016579,CLI_000025
CLM_0016580,CLI_000033
CLM_0016581,CLI_000033
CLM_0016582,CLI_000404
CLM_0016583,CLI_000404
CLM_0016584,CLI_000143
CLM_0016585,CLI_000143
CLM_0016586,CLI_000426
CLM_0016587,CLI_000426
CLM_0016588,CLI_000426
CLM_0016589,CLI_000143
CLM_0016590,CLI_000143
CLM_0016591,CLI_000143
CLM_0016592,CLI_000526
CLM_0016593,CLI_000526
CLM_0016594,CLI_000506
CLM_0016595,CLI_000506
CLM_0016596,CLI_000506
CLM_0016597,CLI_000203
CLM_0016598,CLI_000385
CLM_0016599,CLI_000385
CLM_0016600,CLI_000453
CLM_0016601,CLI_000453
CLM_0016602,CLI_000160
CLM_0016603,CLI_000160
CLM_0016604,CLI_000160
CLM_0016605,CLI_000565
CLM_0016606,CLI_000166
CLM_0016607,CLI_000404
CLM_0016608,CLI_000404
CLM_0016609,CLI_000426
CLM_0016610,CLI_000426
CLM_0016611,CLI_000426
CLM_0016612,CLI_000469
CLM_0016613,CLI_000469
CLM_0016614,CLI_000469
CLM_0016615,CLI_000351
CLM_0016616,CLI_000351
CLM_0016617,CLI_000351
CLM_0016618,CLI_000414
CLM_0016619,CLI_000426
CLM_0016620,CLI_000426
CLM_0016621,CLI_000426
CLM_0016622,CLI_000143
CLM_0016623,CLI_000143
CLM_0016624,CLI_000202
CLM_0016625,CLI_000202
CLM_0016626,CLI_000588
CLM_0016627,CLI_000160
CLM_0016628,CLI_000143
CLM_0016629,CLI_000143
CLM_0016630,CLI_000385
CLM_0016631,CLI_000385
CLM_0016632,CLI_000110
CLM_0016633,CLI_000025
CLM_0016634,CLI_000025
CLM_0016635,CLI_000097
CLM_0016636,CLI_000143
CLM_0016637,CLI_000143
CLM_0016638,CLI_000143
CLM_0016639,CLI_000565
CLM_0016640,CLI_000565
CLM_0016641,CLI_000565
CLM_0016642,CLI_000245
CLM_0016643,CLI_000245
CLM_0016644,CLI_000245
CLM_0016645,CLI_000200
CLM_0016646,CLI_000200
CLM_0016647,CLI_000157
CLM_0016648,CLI_000157
CLM_0016649,CLI_000215
CLM_0016650,CLI_000215
CLM_0016651,CLI_000215
CLM_0016652,CLI_000202
CLM_0016653,CLI_000202
CLM_0016654,CLI_000456
CLM_0016655,CLI_000456
CLM_0016656,CLI_000033
CLM_0016657,CLI_000033
CLM_0016658,CLI_000109
CLM_0016659,CLI_000109
CLM_0016660,CLI_000109
CLM_0016661,CLI_000143
CLM_0016662,CLI_000143
CLM_0016663,CLI_000143
CLM_0016664,CLI_000143
CLM_0016665,CLI_000535
CLM_0016666,CLI_000535
CLM_0016667,CLI_000535
CLM_0016668,CLI_000426
CLM_0016669,CLI_000426
CLM_0016670,CLI_000426
CLM_0016671,CLI_000368
CLM_0016672,CLI_000368
CLM_0016673,CLI_000368
CLM_0016674,CLI_000107
CLM_0016675,CLI_000107
CLM_0016676,CLI_000107
CLM_0016677,CLI_000199
CLM_0016678,CLI_000513
CLM_0016679,CLI_000513
CLM_0016680,CLI_000513
CLM_0016681,CLI_000033
CLM_0016682,CLI_000404
CLM_0016683,CLI_000404
CLM_0016684,CLI_000404
CLM_0016685,CLI_000203
CLM_0016686,CLI_000088
CLM_0016687,CLI_000088
CLM_0016688,CLI_000535
CLM_0016689,CLI_000535
CLM_0016690,CLI_000088
CLM_0016691,CLI_000316
CLM_0016692,CLI_000316
CLM_0016693,CLI_000202
CLM_0016694,CLI_000202
CLM_0016695,CLI_000143
CLM_0016696,CLI_000143
CLM_0016697,CLI_000456
CLM_0016698,CLI_000033
CLM_0016699,CLI_000033
CLM_0016700,CLI_000033
CLM_0016701,CLI_000203
CLM_0016702,CLI_000203
CLM_0016703,CLI_000300
CLM_0016704,CLI_000033
CLM_0016705,CLI_000033
CLM_0016706,CLI_000033
CLM_0016707,CLI_000143
CLM_0016708,CLI_000143
CLM_0016709,CLI_000143
CLM_0016710,CLI_000253
CLM_0016711,CLI_000476
CLM_0016712,CLI_000476
CLM_0016713,CLI_000202
CLM_0016714,CLI_000202
CLM_0016715,CLI_000245
CLM_0016716,CLI_000245
CLM_0016717,CLI_000245
CLM_0016718,CLI_000203
CLM_0016719,CLI_000143
CLM_0016720,CLI_000143
CLM_0016721,CLI_000025
CLM_0016722,CLI_000025
CLM_0016723,CLI_000025
CLM_0016724,CLI_000491
CLM_0016725,CLI_000491
CLM_0016726,CLI_000491
CLM_0016727,CLI_000143
CLM_0016728,CLI_000143
CLM_0016729,CLI_000143
CLM_0016730,CLI_000064
CLM_0016731,CLI_000064
CLM_0016732,CLI_000064
CLM_0016733,CLI_000138
CLM_0016734,CLI_000138
CLM_0016735,CLI_000138
CLM_0016736,CLI_000315
CLM_0016737,CLI_000203
CLM_0016738,CLI_000203
CLM_0016739,CLI_000203
CLM_0016740,CLI_000202
CLM_0016741,CLI_000404
CLM_0016742,CLI_000506
CLM_0016743,CLI_000506
CLM_0016744,CLI_000143
CLM_0016745,CLI_000143
CLM_0016746,CLI_000404
CLM_0016747,CLI_000404
CLM_0016748,CLI_000404
CLM_0016749,CLI_000426
CLM_0016750,CLI_000033
CLM_0016751,CLI_000557
CLM_0016752,CLI_000557
CLM_0016753,CLI_000143
CLM_0016754,CLI_000143
CLM_0016755,CLI_000143
CLM_0016756,CLI_000456
CLM_0016757,CLI_000456
CLM_0016758,CLI_000456
CLM_0016759,CLI_000143
CLM_0016760,CLI_000033
CLM_0016761,CLI_000033
CLM_0016762,CLI_000033
CLM_0016763,CLI_000426
CLM_0016764,CLI_000414
CLM_0016765,CLI_000011
CLM_0016766,CLI_000011
CLM_0016767,CLI_000011
CLM_0016768,CLI_000202
CLM_0016769,CLI_000202
CLM_0016770,CLI_000194
CLM_0016771,CLI_000194
CLM_0016772,CLI_000194
CLM_0016773,CLI_000368
CLM_0016774,CLI_000202
CLM_0016775,CLI_000419
CLM_0016776,CLI_000203
CLM_0016777,CLI_000025
CLM_0016778,CLI_000025
CLM_0016779,CLI_000061
CLM_0016780,CLI_000061
CLM_0016781,CLI_000517
CLM_0016782,CLI_000517
CLM_0016783,CLI_000517
CLM_0016784,CLI_000033
CLM_0016785,CLI_000033
CLM_0016786,CLI_000404
CLM_0016787,CLI_000565
CLM_0016788,CLI_000219
CLM_0016789,CLI_000219
CLM_0016790,CLI_000508
CLM_0016791,CLI_000025
CLM_0016792,CLI_000025
CLM_0016793,CLI_000025
CLM_0016794,CLI_000426
CLM_0016795,CLI_000426
CLM_0016796,CLI_000426
CLM_0016797,CLI_000594
CLM_0016798,CLI_000368
CLM_0016799,CLI_000526
CLM_0016800,CLI_000526
CLM_0016801,CLI_000526
CLM_0016802,CLI_000121
CLM_0016803,CLI_000121
CLM_0016804,CLI_000143
CLM_0016805,CLI_000143
CLM_0016806,CLI_000376
CLM_0016807,CLI_000376
CLM_0016808,CLI_000376
CLM_0016809,CLI_000143
CLM_0016810,CLI_000143
CLM_0016811,CLI_000435
CLM_0016812,CLI_000435
CLM_0016813,CLI_000435
CLM_0016814,CLI_000426
CLM_0016815,CLI_000426
CLM_0016816,CLI_000426
CLM_0016817,CLI_000060
CLM_0016818,CLI_000245
CLM_0016819,CLI_000245
CLM_0016820,CLI_000025
CLM_0016821,CLI_000025
CLM_0016822,CLI_000025
CLM_0016823,CLI_000385
CLM_0016824,CLI_000385
CLM_0016825,CLI_000385
CLM_0016826,CLI_000157
CLM_0016827,CLI_000157
CLM_0016828,CLI_000565
CLM_0016829,CLI_000540
CLM_0016830,CLI_000411
CLM_0016831,CLI_000262
CLM_0016832,CLI_000262
CLM_0016833,CLI_000262
CLM_0016834,CLI_000166
CLM_0016835,CLI_000166
CLM_0016836,CLI_000143
CLM_0016837,CLI_000143
CLM_0016838,CLI_000143
CLM_0016839,CLI_000526
CLM_0016840,CLI_000526
CLM_0016841,CLI_000526
CLM_0016842,CLI_000315
CLM_0016843,CLI_000315
CLM_0016844,CLI_000534
CLM_0016845,CLI_000534
CLM_0016846,CLI_000047
CLM_0016847,CLI_000203
CLM_0016848,CLI_000426
CLM_0016849,CLI_000143
CLM_0016850,CLI_000143
CLM_0016851,CLI_000203
CLM_0016852,CLI_000203
CLM_0016853,CLI_000203
CLM_0016854,CLI_000033
CLM_0016855,CLI_000033
CLM_0016856,CLI_000033
CLM_0016857,CLI_000094
CLM_0016858,CLI_000143
CLM_0016859,CLI_000143
CLM_0016860,CLI_000143
CLM_0016861,CLI_000143
CLM_0016862,CLI_000143
CLM_0016863,CLI_000143
CLM_0016864,CLI_000143
CLM_0016865,CLI_000143
CLM_0016866,CLI_000143
CLM_0016867,CLI_000052
CLM_0016868,CLI_000052
CLM_0016869,CLI_000426
CLM_0016870,CLI_000426
CLM_0016871,CLI_000076
CLM_0016872,CLI_000033
CLM_0016873,CLI_000203
CLM_0016874,CLI_000203
CLM_0016875,CLI_000203
CLM_0016876,CLI_000426
CLM_0016877,CLI_000426
CLM_0016878,CLI_000033
CLM_0016879,CLI_000456
CLM_0016880,CLI_000426
CLM_0016881,CLI_000426
CLM_0016882,CLI_000426
CLM_0016883,CLI_000076
CLM_0016884,CLI_000076
CLM_0016885,CLI_000076
CLM_0016886,CLI_000368
CLM_0016887,CLI_000368
CLM_0016888,CLI_000202
CLM_0016889,CLI_000143
CLM_0016890,CLI_000143
CLM_0016891,CLI_000143
CLM_0016892,CLI_000426
CLM_0016893,CLI_000202
CLM_0016894,CLI_000143
CLM_0016895,CLI_000143
CLM_0016896,CLI_000143
CLM_0016897,CLI_000166
CLM_0016898,CLI_000166
CLM_0016899,CLI_000481
CLM_0016900,CLI_000143
CLM_0016901,CLI_000143
CLM_0016902,CLI_000535
CLM_0016903,CLI_000535
CLM_0016904,CLI_000160
CLM_0016905,CLI_000160
CLM_0016906,CLI_000202
CLM_0016907,CLI_000202
CLM_0016908,CLI_000202
CLM_0016909,CLI_000202
CLM_0016910,CLI_000202
CLM_0016911,CLI_000202
CLM_0016912,CLI_000143
CLM_0016913,CLI_000143
CLM_0016914,CLI_000143
CLM_0016915,CLI_000404
CLM_0016916,CLI_000404
CLM_0016917,CLI_000107
CLM_0016918,CLI_000426
CLM_0016919,CLI_000426
CLM_0016920,CLI_000268
CLM_0016921,CLI_000268
CLM_0016922,CLI_000166
CLM_0016923,CLI_000203
CLM_0016924,CLI_000203
CLM_0016925,CLI_000203
CLM_0016926,CLI_000292
CLM_0016927,CLI_000292
CLM_0016928,CLI_000526
CLM_0016929,CLI_000526
CLM_0016930,CLI_000509
CLM_0016931,CLI_000509
CLM_0016932,CLI_000509
CLM_0016933,CLI_000166
CLM_0016934,CLI_000166
CLM_0016935,CLI_000443
CLM_0016936,CLI_000443
CLM_0016937,CLI_000443
CLM_0016938,CLI_000195
CLM_0016939,CLI_000283
CLM_0016940,CLI_000404
CLM_0016941,CLI_000404
CLM_0016942,CLI_000404
CLM_0016943,CLI_000429
CLM_0016944,CLI_000202
CLM_0016945,CLI_000202
CLM_0016946,CLI_000506
CLM_0016947,CLI_000506
CLM_0016948,CLI_000506
CLM_0016949,CLI_000368
CLM_0016950,CLI_000368
CLM_0016951,CLI_000368
CLM_0016952,CLI_000033
CLM_0016953,CLI_000033
CLM_0016954,CLI_000517
CLM_0016955,CLI_000453
CLM_0016956,CLI_000565
CLM_0016957,CLI_000127
CLM_0016958,CLI_000127
CLM_0016959,CLI_000565
CLM_0016960,CLI_000565
CLM_0016961,CLI_000565
CLM_0016962,CLI_000196
CLM_0016963,CLI_000196
CLM_0016964,CLI_000004
CLM_0016965,CLI_000203
CLM_0016966,CLI_000203
CLM_0016967,CLI_000203
CLM_0016968,CLI_000456
CLM_0016969,CLI_000456
CLM_0016970,CLI_000456
CLM_0016971,CLI_000033
CLM_0016972,CLI_000001
CLM_0016973,CLI_000143
CLM_0016974,CLI_000143
CLM_0016975,CLI_000143
CLM_0016976,CLI_000315
CLM_0016977,CLI_000315
CLM_0016978,CLI_000315
CLM_0016979,CLI_000143
CLM_0016980,CLI_000143
CLM_0016981,CLI_000160
CLM_0016982,CLI_000160
CLM_0016983,CLI_000143
CLM_0016984,CLI_000143
CLM_0016985,CLI_000343
CLM_0016986,CLI_000253
CLM_0016987,CLI_000253
CLM_0016988,CLI_000202
CLM_0016989,CLI_000001
CLM_0016990,CLI_000001
CLM_0016991,CLI_000001
CLM_0016992,CLI_000143
CLM_0016993,CLI_000025
CLM_0016994,CLI_000025
CLM_0016995,CLI_000540
CLM_0016996,CLI_000540
CLM_0016997,CLI_000540
CLM_0016998,CLI_000025
CLM_0016999,CLI_000025
CLM_0017000,CLI_000469
CLM_0017001,CLI_000469
CLM_0017002,CLI_000469
CLM_0017003,CLI_000033
CLM_0017004,CLI_000033
CLM_0017005,CLI_000143
CLM_0017006,CLI_000143
CLM_0017007,CLI_000282
CLM_0017008,CLI_000282
CLM_0017009,CLI_000541
CLM_0017010,CLI_000541
CLM_0017011,CLI_000541
CLM_0017012,CLI_000203
CLM_0017013,CLI_000203
CLM_0017014,CLI_000203
CLM_0017015,CLI_000426
CLM_0017016,CLI_000426
CLM_0017017,CLI_000426
CLM_0017018,CLI_000076
CLM_0017019,CLI_000076
CLM_0017020,CLI_000076
CLM_0017021,CLI_000456
CLM_0017022,CLI_000143
CLM_0017023,CLI_000203
CLM_0017024,CLI_000033
CLM_0017025,CLI_000033
CLM_0017026,CLI_000033
CLM_0017027,CLI_000143
CLM_0017028,CLI_000544
CLM_0017029,CLI_000025
CLM_0017030,CLI_000025
CLM_0017031,CLI_000316
CLM_0017032,CLI_000316
CLM_0017033,CLI_000316
CLM_0017034,CLI_000033
CLM_0017035,CLI_000033
CLM_0017036,CLI_000033
CLM_0017037,CLI_000426
CLM_0017038,CLI_000426
CLM_0017039,CLI_000105
CLM_0017040,CLI_000076
CLM_0017041,CLI_000076
CLM_0017042,CLI_000315
CLM_0017043,CLI_000315
CLM_0017044,CLI_000202
CLM_0017045,CLI_000143
CLM_0017046,CLI_000419
CLM_0017047,CLI_000419
CLM_0017048,CLI_000076
CLM_0017049,CLI_000076
CLM_0017050,CLI_000076
CLM_0017051,CLI_000426
CLM_0017052,CLI_000426
CLM_0017053,CLI_000076
CLM_0017054,CLI_000076
CLM_0017055,CLI_000076
CLM_0017056,CLI_000253
CLM_0017057,CLI_000253
CLM_0017058,CLI_000061
CLM_0017059,CLI_000203
CLM_0017060,CLI_000203
CLM_0017061,CLI_000310
CLM_0017062,CLI_000310
CLM_0017063,CLI_000310
CLM_0017064,CLI_000453
CLM_0017065,CLI_000453
CLM_0017066,CLI_000143
CLM_0017067,CLI_000143
CLM_0017068,CLI_000143
CLM_0017069,CLI_000456
CLM_0017070,CLI_000076
CLM_0017071,CLI_000127
CLM_0017072,CLI_000456
CLM_0017073,CLI_000456
CLM_0017074,CLI_000143
CLM_0017075,CLI_000143
CLM_0017076,CLI_000143
CLM_0017077,CLI_000143
CLM_0017078,CLI_000143
CLM_0017079,CLI_000143
CLM_0017080,CLI_000061
CLM_0017081,CLI_000061
CLM_0017082,CLI_000061
CLM_0017083,CLI_000062
CLM_0017084,CLI_000062
CLM_0017085,CLI_000062
CLM_0017086,CLI_000089
CLM_0017087,CLI_000089
CLM_0017088,CLI_000253
CLM_0017089,CLI_000253
CLM_0017090,CLI_000285
CLM_0017091,CLI_000203
CLM_0017092,CLI_000203
CLM_0017093,CLI_000143
CLM_0017094,CLI_000143
CLM_0017095,CLI_000076
CLM_0017096,CLI_000076
CLM_0017097,CLI_000143
CLM_0017098,CLI_000143
CLM_0017099,CLI_000121
CLM_0017100,CLI_000121
CLM_0017101,CLI_000143
CLM_0017102,CLI_000143
CLM_0017103,CLI_000456
CLM_0017104,CLI_000202
CLM_0017105,CLI_000202
CLM_0017106,CLI_000025
CLM_0017107,CLI_000202
CLM_0017108,CLI_000202
CLM_0017109,CLI_000202
CLM_0017110,CLI_000438
CLM_0017111,CLI_000438
CLM_0017112,CLI_000203
CLM_0017113,CLI_000203
CLM_0017114,CLI_000203
CLM_0017115,CLI_000202
CLM_0017116,CLI_000202
CLM_0017117,CLI_000202
CLM_0017118,CLI_000033
CLM_0017119,CLI_000033
CLM_0017120,CLI_000033
CLM_0017121,CLI_000526
CLM_0017122,CLI_000526
CLM_0017123,CLI_000526
CLM_0017124,CLI_000203
CLM_0017125,CLI_000203
CLM_0017126,CLI_000203
CLM_0017127,CLI_000203
CLM_0017128,CLI_000203
CLM_0017129,CLI_000203
CLM_0017130,CLI_000535
CLM_0017131,CLI_000491
CLM_0017132,CLI_000419
CLM_0017133,CLI_000419
CLM_0017134,CLI_000419
CLM_0017135,CLI_000456
CLM_0017136,CLI_000202
CLM_0017137,CLI_000202
CLM_0017138,CLI_000033
CLM_0017139,CLI_000033
CLM_0017140,CLI_000025
CLM_0017141,CLI_000025
CLM_0017142,CLI_000025
CLM_0017143,CLI_000202
CLM_0017144,CLI_000085
CLM_0017145,CLI_000085
CLM_0017146,CLI_000060
CLM_0017147,CLI_000060
CLM_0017148,CLI_000076
CLM_0017149,CLI_000143
CLM_0017150,CLI_000143
CLM_0017151,CLI_000143
CLM_0017152,CLI_000404
CLM_0017153,CLI_000202
CLM_0017154,CLI_000202
CLM_0017155,CLI_000202
CLM_0017156,CLI_000202
CLM_0017157,CLI_000143
CLM_0017158,CLI_000143
CLM_0017159,CLI_000143
CLM_0017160,CLI_000107
CLM_0017161,CLI_000533
CLM_0017162,CLI_000533
CLM_0017163,CLI_000526
CLM_0017164,CLI_000526
CLM_0017165,CLI_000526
CLM_0017166,CLI_000525
CLM_0017167,CLI_000525
CLM_0017168,CLI_000033
CLM_0017169,CLI_000033
CLM_0017170,CLI_000033
CLM_0017171,CLI_000541
CLM_0017172,CLI_000203
CLM_0017173,CLI_000203
CLM_0017174,CLI_000203
CLM_0017175,CLI_000063
CLM_0017176,CLI_000063
CLM_0017177,CLI_000063
CLM_0017178,CLI_000456
CLM_0017179,CLI_000456
CLM_0017180,CLI_000202
CLM_0017181,CLI_000245
CLM_0017182,CLI_000245
CLM_0017183,CLI_000245
CLM_0017184,CLI_000033
CLM_0017185,CLI_000033
CLM_0017186,CLI_000033
CLM_0017187,CLI_000202
CLM_0017188,CLI_000202
CLM_0017189,CLI_000202
CLM_0017190,CLI_000343
CLM_0017191,CLI_000343
CLM_0017192,CLI_000343
CLM_0017193,CLI_000285
CLM_0017194,CLI_000285
CLM_0017195,CLI_000285
CLM_0017196,CLI_000143
CLM_0017197,CLI_000143
CLM_0017198,CLI_000257
CLM_0017199,CLI_000315
CLM_0017200,CLI_000426
CLM_0017201,CLI_000426
CLM_0017202,CLI_000201
CLM_0017203,CLI_000201
CLM_0017204,CLI_000201
CLM_0017205,CLI_000315
CLM_0017206,CLI_000315
CLM_0017207,CLI_000315
CLM_0017208,CLI_000203
CLM_0017209,CLI_000203
CLM_0017210,CLI_000166
CLM_0017211,CLI_000287
CLM_0017212,CLI_000287
CLM_0017213,CLI_000395
CLM_0017214,CLI_000395
CLM_0017215,CLI_000395
CLM_0017216,CLI_000166
CLM_0017217,CLI_000166
CLM_0017218,CLI_000166
CLM_0017219,CLI_000030
CLM_0017220,CLI_000033
CLM_0017221,CLI_000033
CLM_0017222,CLI_000033
CLM_0017223,CLI_000105
CLM_0017224,CLI_000105
CLM_0017225,CLI_000105
CLM_0017226,CLI_000262
CLM_0017227,CLI_000262
CLM_0017228,CLI_000262
CLM_0017229,CLI_000025
CLM_0017230,CLI_000025
CLM_0017231,CLI_000143
CLM_0017232,CLI_000435
CLM_0017233,CLI_000202
CLM_0017234,CLI_000143
CLM_0017235,CLI_000143
CLM_0017236,CLI_000089
CLM_0017237,CLI_000435
CLM_0017238,CLI_000435
CLM_0017239,CLI_000435
CLM_0017240,CLI_000062
CLM_0017241,CLI_000062
CLM_0017242,CLI_000143
CLM_0017243,CLI_000143
CLM_0017244,CLI_000143
CLM_0017245,CLI_000541
CLM_0017246,CLI_000541
CLM_0017247,CLI_000541
CLM_0017248,CLI_000253
CLM_0017249,CLI_000253
CLM_0017250,CLI_000143
CLM_0017251,CLI_000143
CLM_0017252,CLI_000273
CLM_0017253,CLI_000273
CLM_0017254,CLI_000143
CLM_0017255,CLI_000143
CLM_0017256,CLI_000143
CLM_0017257,CLI_000535
CLM_0017258,CLI_000535
CLM_0017259,CLI_000477
CLM_0017260,CLI_000477
CLM_0017261,CLI_000143
CLM_0017262,CLI_000143
CLM_0017263,CLI_000143
CLM_0017264,CLI_000202
CLM_0017265,CLI_000202
CLM_0017266,CLI_000382
CLM_0017267,CLI_000143
CLM_0017268,CLI_000121
CLM_0017269,CLI_000506
CLM_0017270,CLI_000506
CLM_0017271,CLI_000385
CLM_0017272,CLI_000385
CLM_0017273,CLI_000143
CLM_0017274,CLI_000143
CLM_0017275,CLI_000143
CLM_0017276,CLI_000203
CLM_0017277,CLI_000088
CLM_0017278,CLI_000088
CLM_0017279,CLI_000088
CLM_0017280,CLI_000401
CLM_0017281,CLI_000143
CLM_0017282,CLI_000143
CLM_0017283,CLI_000143
CLM_0017284,CLI_000143
CLM_0017285,CLI_000143
CLM_0017286,CLI_000143
CLM_0017287,CLI_000143
CLM_0017288,CLI_000249
CLM_0017289,CLI_000249
CLM_0017290,CLI_000143
CLM_0017291,CLI_000435
CLM_0017292,CLI_000435
CLM_0017293,CLI_000025
CLM_0017294,CLI_000025
CLM_0017295,CLI_000025
CLM_0017296,CLI_000076
CLM_0017297,CLI_000076
CLM_0017298,CLI_000076
CLM_0017299,CLI_000253
CLM_0017300,CLI_000253
CLM_0017301,CLI_000253
CLM_0017302,CLI_000029
CLM_0017303,CLI_000029
CLM_0017304,CLI_000121
CLM_0017305,CLI_000121
CLM_0017306,CLI_000107
CLM_0017307,CLI_000107
CLM_0017308,CLI_000107
CLM_0017309,CLI_000076
CLM_0017310,CLI_000076
CLM_0017311,CLI_000076
CLM_0017312,CLI_000525
CLM_0017313,CLI_000166
CLM_0017314,CLI_000166
CLM_0017315,CLI_000121
CLM_0017316,CLI_000253
CLM_0017317,CLI_000253
CLM_0017318,CLI_000435
CLM_0017319,CLI_000435
CLM_0017320,CLI_000435
CLM_0017321,CLI_000535
CLM_0017322,CLI_000268
CLM_0017323,CLI_000025
CLM_0017324,CLI_000025
CLM_0017325,CLI_000061
CLM_0017326,CLI_000470
CLM_0017327,CLI_000470
CLM_0017328,CLI_000202
CLM_0017329,CLI_000202
CLM_0017330,CLI_000121
CLM_0017331,CLI_000143
CLM_0017332,CLI_000143
CLM_0017333,CLI_000456
CLM_0017334,CLI_000456
CLM_0017335,CLI_000506
CLM_0017336,CLI_000022
CLM_0017337,CLI_000022
CLM_0017338,CLI_000022
CLM_0017339,CLI_000534
CLM_0017340,CLI_000033
CLM_0017341,CLI_000033
CLM_0017342,CLI_000033
CLM_0017343,CLI_000539
CLM_0017344,CLI_000539
CLM_0017345,CLI_000565
CLM_0017346,CLI_000565
CLM_0017347,CLI_000565
CLM_0017348,CLI_000143
CLM_0017349,CLI_000143
CLM_0017350,CLI_000143
CLM_0017351,CLI_000471
CLM_0017352,CLI_000033
CLM_0017353,CLI_000033
CLM_0017354,CLI_000033
CLM_0017355,CLI_000121
CLM_0017356,CLI_000121
CLM_0017357,CLI_000121
CLM_0017358,CLI_000088
CLM_0017359,CLI_000202
CLM_0017360,CLI_000202
CLM_0017361,CLI_000202
CLM_0017362,CLI_000105
CLM_0017363,CLI_000105
CLM_0017364,CLI_000414
CLM_0017365,CLI_000414
CLM_0017366,CLI_000526
CLM_0017367,CLI_000507
CLM_0017368,CLI_000025
CLM_0017369,CLI_000011
CLM_0017370,CLI_000011
CLM_0017371,CLI_000176
CLM_0017372,CLI_000176
CLM_0017373,CLI_000380
CLM_0017374,CLI_000380
CLM_0017375,CLI_000065
CLM_0017376,CLI_000065
CLM_0017377,CLI_000435
CLM_0017378,CLI_000435
CLM_0017379,CLI_000436
CLM_0017380,CLI_000436
CLM_0017381,CLI_000076
CLM_0017382,CLI_000076
CLM_0017383,CLI_000076
CLM_0017384,CLI_000076
CLM_0017385,CLI_000076
CLM_0017386,CLI_000559
CLM_0017387,CLI_000559
CLM_0017388,CLI_000559
CLM_0017389,CLI_000435
CLM_0017390,CLI_000435
CLM_0017391,CLI_000006
CLM_0017392,CLI_000006
CLM_0017393,CLI_000585
CLM_0017394,CLI_000585
CLM_0017395,CLI_000105
CLM_0017396,CLI_000105
CLM_0017397,CLI_000426
CLM_0017398,CLI_000506
CLM_0017399,CLI_000506
CLM_0017400,CLI_000506
CLM_0017401,CLI_000506
CLM_0017402,CLI_000253
CLM_0017403,CLI_000253
CLM_0017404,CLI_000143
CLM_0017405,CLI_000143
CLM_0017406,CLI_000143
CLM_0017407,CLI_000202
CLM_0017408,CLI_000202
CLM_0017409,CLI_000202
CLM_0017410,CLI_000025
CLM_0017411,CLI_000025
CLM_0017412,CLI_000025
CLM_0017413,CLI_000426
CLM_0017414,CLI_000456
CLM_0017415,CLI_000456
CLM_0017416,CLI_000426
CLM_0017417,CLI_000591
CLM_0017418,CLI_000591
CLM_0017419,CLI_000143
CLM_0017420,CLI_000143
CLM_0017421,CLI_000143
CLM_0017422,CLI_000033
CLM_0017423,CLI_000033
CLM_0017424,CLI_000033
CLM_0017425,CLI_000435
CLM_0017426,CLI_000435
CLM_0017427,CLI_000143
CLM_0017428,CLI_000143
CLM_0017429,CLI_000143
CLM_0017430,CLI_000395
CLM_0017431,CLI_000395
CLM_0017432,CLI_000453
CLM_0017433,CLI_000245
CLM_0017434,CLI_000245
CLM_0017435,CLI_000076
CLM_0017436,CLI_000076
CLM_0017437,CLI_000076
CLM_0017438,CLI_000076
CLM_0017439,CLI_000076
CLM_0017440,CLI_000076
CLM_0017441,CLI_000328
CLM_0017442,CLI_000143
CLM_0017443,CLI_000143
CLM_0017444,CLI_000143
CLM_0017445,CLI_000435
CLM_0017446,CLI_000435
CLM_0017447,CLI_000435
CLM_0017448,CLI_000051
CLM_0017449,CLI_000051
CLM_0017450,CLI_000051
CLM_0017451,CLI_000202
CLM_0017452,CLI_000202
CLM_0017453,CLI_000202
CLM_0017454,CLI_000143
CLM_0017455,CLI_000143
CLM_0017456,CLI_000143
CLM_0017457,CLI_000166
CLM_0017458,CLI_000033
CLM_0017459,CLI_000202
CLM_0017460,CLI_000202
CLM_0017461,CLI_000426
CLM_0017462,CLI_000268
CLM_0017463,CLI_000268
CLM_0017464,CLI_000380
CLM_0017465,CLI_000380
CLM_0017466,CLI_000061
CLM_0017467,CLI_000033
CLM_0017468,CLI_000033
CLM_0017469,CLI_000535
CLM_0017470,CLI_000143
CLM_0017471,CLI_000143
CLM_0017472,CLI_000033
CLM_0017473,CLI_000033
CLM_0017474,CLI_000195
CLM_0017475,CLI_000195
CLM_0017476,CLI_000145
CLM_0017477,CLI_000166
CLM_0017478,CLI_000089
CLM_0017479,CLI_000429
CLM_0017480,CLI_000429
CLM_0017481,CLI_000429
CLM_0017482,CLI_000202
CLM_0017483,CLI_000202
CLM_0017484,CLI_000202
CLM_0017485,CLI_000202
CLM_0017486,CLI_000202
CLM_0017487,CLI_000202
CLM_0017488,CLI_000166
CLM_0017489,CLI_000166
CLM_0017490,CLI_000552
CLM_0017491,CLI_000552
CLM_0017492,CLI_000025
CLM_0017493,CLI_000025
CLM_0017494,CLI_000025
CLM_0017495,CLI_000143
CLM_0017496,CLI_000143
CLM_0017497,CLI_000535
CLM_0017498,CLI_000535
CLM_0017499,CLI_000535
CLM_0017500,CLI_000203
CLM_0017501,CLI_000203
CLM_0017502,CLI_000045
CLM_0017503,CLI_000143
CLM_0017504,CLI_000143
CLM_0017505,CLI_000143
CLM_0017506,CLI_000096
CLM_0017507,CLI_000096
CLM_0017508,CLI_000143
CLM_0017509,CLI_000426
CLM_0017510,CLI_000426
CLM_0017511,CLI_000143
CLM_0017512,CLI_000143
CLM_0017513,CLI_000347
CLM_0017514,CLI_000347
CLM_0017515,CLI_000347
CLM_0017516,CLI_000143
CLM_0017517,CLI_000143
CLM_0017518,CLI_000203
CLM_0017519,CLI_000203
CLM_0017520,CLI_000076
CLM_0017521,CLI_000076
CLM_0017522,CLI_000076
CLM_0017523,CLI_000025
CLM_0017524,CLI_000025
CLM_0017525,CLI_000025
CLM_0017526,CLI_000541
CLM_0017527,CLI_000541
CLM_0017528,CLI_000404
CLM_0017529,CLI_000404
CLM_0017530,CLI_000506
CLM_0017531,CLI_000506
CLM_0017532,CLI_000535
CLM_0017533,CLI_000033
CLM_0017534,CLI_000033
CLM_0017535,CLI_000065
CLM_0017536,CLI_000203
CLM_0017537,CLI_000245
CLM_0017538,CLI_000143
CLM_0017539,CLI_000143
CLM_0017540,CLI_000143
CLM_0017541,CLI_000438
CLM_0017542,CLI_000438
CLM_0017543,CLI_000438
CLM_0017544,CLI_000061
CLM_0017545,CLI_000594
CLM_0017546,CLI_000594
CLM_0017547,CLI_000594
CLM_0017548,CLI_000543
CLM_0017549,CLI_000543
CLM_0017550,CLI_000118
CLM_0017551,CLI_000118
CLM_0017552,CLI_000118
CLM_0017553,CLI_000435
CLM_0017554,CLI_000435
CLM_0017555,CLI_000202
CLM_0017556,CLI_000202
CLM_0017557,CLI_000202
CLM_0017558,CLI_000202
CLM_0017559,CLI_000456
CLM_0017560,CLI_000143
CLM_0017561,CLI_000143
CLM_0017562,CLI_000143
CLM_0017563,CLI_000414
CLM_0017564,CLI_000404
CLM_0017565,CLI_000404
CLM_0017566,CLI_000404
CLM_0017567,CLI_000269
CLM_0017568,CLI_000269
CLM_0017569,CLI_000347
CLM_0017570,CLI_000347
CLM_0017571,CLI_000347
CLM_0017572,CLI_000485
CLM_0017573,CLI_000485
CLM_0017574,CLI_000499
CLM_0017575,CLI_000499
CLM_0017576,CLI_000506
CLM_0017577,CLI_000506
CLM_0017578,CLI_000033
CLM_0017579,CLI_000380
CLM_0017580,CLI_000071
CLM_0017581,CLI_000071
CLM_0017582,CLI_000071
CLM_0017583,CLI_000526
CLM_0017584,CLI_000526
CLM_0017585,CLI_000526
CLM_0017586,CLI_000024
CLM_0017587,CLI_000426
CLM_0017588,CLI_000426
CLM_0017589,CLI_000426
CLM_0017590,CLI_000183
CLM_0017591,CLI_000183
CLM_0017592,CLI_000435
CLM_0017593,CLI_000435
CLM_0017594,CLI_000435
CLM_0017595,CLI_000427
CLM_0017596,CLI_000427
CLM_0017597,CLI_000404
CLM_0017598,CLI_000011
CLM_0017599,CLI_000143
CLM_0017600,CLI_000143
CLM_0017601,CLI_000253
CLM_0017602,CLI_000105
CLM_0017603,CLI_000033
CLM_0017604,CLI_000033
CLM_0017605,CLI_000033
CLM_0017606,CLI_000202
CLM_0017607,CLI_000202
CLM_0017608,CLI_000202
CLM_0017609,CLI_000513
CLM_0017610,CLI_000513
CLM_0017611,CLI_000456
CLM_0017612,CLI_000033
CLM_0017613,CLI_000033
CLM_0017614,CLI_000076
CLM_0017615,CLI_000076
CLM_0017616,CLI_000076
CLM_0017617,CLI_000565
CLM_0017618,CLI_000565
CLM_0017619,CLI_000143
CLM_0017620,CLI_000143
CLM_0017621,CLI_000143
CLM_0017622,CLI_000143
CLM_0017623,CLI_000076
CLM_0017624,CLI_000033
CLM_0017625,CLI_000033
CLM_0017626,CLI_000033
CLM_0017627,CLI_000456
CLM_0017628,CLI_000456
CLM_0017629,CLI_000456
CLM_0017630,CLI_000456
CLM_0017631,CLI_000456
CLM_0017632,CLI_000202
CLM_0017633,CLI_000202
CLM_0017634,CLI_000242
CLM_0017635,CLI_000242
CLM_0017636,CLI_000033
CLM_0017637,CLI_000033
CLM_0017638,CLI_000033
CLM_0017639,CLI_000426
CLM_0017640,CLI_000426
CLM_0017641,CLI_000426
CLM_0017642,CLI_000061
CLM_0017643,CLI_000426
CLM_0017644,CLI_000426
CLM_0017645,CLI_000143
CLM_0017646,CLI_000033
CLM_0017647,CLI_000033
CLM_0017648,CLI_000001
CLM_0017649,CLI_000065
CLM_0017650,CLI_000065
CLM_0017651,CLI_000065
CLM_0017652,CLI_000506
CLM_0017653,CLI_000435
CLM_0017654,CLI_000435
CLM_0017655,CLI_000166
CLM_0017656,CLI_000166
CLM_0017657,CLI_000166
CLM_0017658,CLI_000382
CLM_0017659,CLI_000382
CLM_0017660,CLI_000025
CLM_0017661,CLI_000025
CLM_0017662,CLI_000025
CLM_0017663,CLI_000025
CLM_0017664,CLI_000025
CLM_0017665,CLI_000314
CLM_0017666,CLI_000314
CLM_0017667,CLI_000314
CLM_0017668,CLI_000032
CLM_0017669,CLI_000143
CLM_0017670,CLI_000143
CLM_0017671,CLI_000347
CLM_0017672,CLI_000347
CLM_0017673,CLI_000347
CLM_0017674,CLI_000018
CLM_0017675,CLI_000018
CLM_0017676,CLI_000018
CLM_0017677,CLI_000143
CLM_0017678,CLI_000143
CLM_0017679,CLI_000143
CLM_0017680,CLI_000203
CLM_0017681,CLI_000203
CLM_0017682,CLI_000268
CLM_0017683,CLI_000202
CLM_0017684,CLI_000202
CLM_0017685,CLI_000429
CLM_0017686,CLI_000429
CLM_0017687,CLI_000429
CLM_0017688,CLI_000382
CLM_0017689,CLI_000382
CLM_0017690,CLI_000472
CLM_0017691,CLI_000525
CLM_0017692,CLI_000525
CLM_0017693,CLI_000160
CLM_0017694,CLI_000526
CLM_0017695,CLI_000526
CLM_0017696,CLI_000166
CLM_0017697,CLI_000525
CLM_0017698,CLI_000525
CLM_0017699,CLI_000065
CLM_0017700,CLI_000065
CLM_0017701,CLI_000439
CLM_0017702,CLI_000439
CLM_0017703,CLI_000439
CLM_0017704,CLI_000065
CLM_0017705,CLI_000065
CLM_0017706,CLI_000088
CLM_0017707,CLI_000088
CLM_0017708,CLI_000025
CLM_0017709,CLI_000202
CLM_0017710,CLI_000202
CLM_0017711,CLI_000202
CLM_0017712,CLI_000404
CLM_0017713,CLI_000404
CLM_0017714,CLI_000565
CLM_0017715,CLI_000565
CLM_0017716,CLI_000565
CLM_0017717,CLI_000245
CLM_0017718,CLI_000245
CLM_0017719,CLI_000245
CLM_0017720,CLI_000203
CLM_0017721,CLI_000203
CLM_0017722,CLI_000203
CLM_0017723,CLI_000216
CLM_0017724,CLI_000557
CLM_0017725,CLI_000557
CLM_0017726,CLI_000435
CLM_0017727,CLI_000435
CLM_0017728,CLI_000435
CLM_0017729,CLI_000025
CLM_0017730,CLI_000025
CLM_0017731,CLI_000025
CLM_0017732,CLI_000501
CLM_0017733,CLI_000501
CLM_0017734,CLI_000501
CLM_0017735,CLI_000525
CLM_0017736,CLI_000061
CLM_0017737,CLI_000061
CLM_0017738,CLI_000143
CLM_0017739,CLI_000456
CLM_0017740,CLI_000456
CLM_0017741,CLI_000202
CLM_0017742,CLI_000202
CLM_0017743,CLI_000481
CLM_0017744,CLI_000107
CLM_0017745,CLI_000107
CLM_0017746,CLI_000203
CLM_0017747,CLI_000268
CLM_0017748,CLI_000225
CLM_0017749,CLI_000225
CLM_0017750,CLI_000506
CLM_0017751,CLI_000033
CLM_0017752,CLI_000033
CLM_0017753,CLI_000033
CLM_0017754,CLI_000404
CLM_0017755,CLI_000404
CLM_0017756,CLI_000196
CLM_0017757,CLI_000196
CLM_0017758,CLI_000196
CLM_0017759,CLI_000143
CLM_0017760,CLI_000143
CLM_0017761,CLI_000143
CLM_0017762,CLI_000541
CLM_0017763,CLI_000541
CLM_0017764,CLI_000143
CLM_0017765,CLI_000143
CLM_0017766,CLI_000143
CLM_0017767,CLI_000143
CLM_0017768,CLI_000076
CLM_0017769,CLI_000195
CLM_0017770,CLI_000195
CLM_0017771,CLI_000195
CLM_0017772,CLI_000011
CLM_0017773,CLI_000477
CLM_0017774,CLI_000477
CLM_0017775,CLI_000036
CLM_0017776,CLI_000076
CLM_0017777,CLI_000076
CLM_0017778,CLI_000076
CLM_0017779,CLI_000456
CLM_0017780,CLI_000005
CLM_0017781,CLI_000005
CLM_0017782,CLI_000005
CLM_0017783,CLI_000385
CLM_0017784,CLI_000535
CLM_0017785,CLI_000535
CLM_0017786,CLI_000426
CLM_0017787,CLI_000105
CLM_0017788,CLI_000105
CLM_0017789,CLI_000025
CLM_0017790,CLI_000253
CLM_0017791,CLI_000435
CLM_0017792,CLI_000435
CLM_0017793,CLI_000456
CLM_0017794,CLI_000456
CLM_0017795,CLI_000470
CLM_0017796,CLI_000470
CLM_0017797,CLI_000470
CLM_0017798,CLI_000426
CLM_0017799,CLI_000426
CLM_0017800,CLI_000202
CLM_0017801,CLI_000202
CLM_0017802,CLI_000404
CLM_0017803,CLI_000426
CLM_0017804,CLI_000426
CLM_0017805,CLI_000253
CLM_0017806,CLI_000253
CLM_0017807,CLI_000253
CLM_0017808,CLI_000426
CLM_0017809,CLI_000426
CLM_0017810,CLI_000426
CLM_0017811,CLI_000143
CLM_0017812,CLI_000456
CLM_0017813,CLI_000456
CLM_0017814,CLI_000456
CLM_0017815,CLI_000203
CLM_0017816,CLI_000203
CLM_0017817,CLI_000203
CLM_0017818,CLI_000166
CLM_0017819,CLI_000169
CLM_0017820,CLI_000169
CLM_0017821,CLI_000169
CLM_0017822,CLI_000033
CLM_0017823,CLI_000143
CLM_0017824,CLI_000143
CLM_0017825,CLI_000377
CLM_0017826,CLI_000377
CLM_0017827,CLI_000252
CLM_0017828,CLI_000252
CLM_0017829,CLI_000252
CLM_0017830,CLI_000526
CLM_0017831,CLI_000526
CLM_0017832,CLI_000025
CLM_0017833,CLI_000491
CLM_0017834,CLI_000491
CLM_0017835,CLI_000025
CLM_0017836,CLI_000025
CLM_0017837,CLI_000025
CLM_0017838,CLI_000105
CLM_0017839,CLI_000203
CLM_0017840,CLI_000203
CLM_0017841,CLI_000203
CLM_0017842,CLI_000203
CLM_0017843,CLI_000203
CLM_0017844,CLI_000203
CLM_0017845,CLI_000143
CLM_0017846,CLI_000143
CLM_0017847,CLI_000143
CLM_0017848,CLI_000303
CLM_0017849,CLI_000033
CLM_0017850,CLI_000033
CLM_0017851,CLI_000033
CLM_0017852,CLI_000368
CLM_0017853,CLI_000143
CLM_0017854,CLI_000203
CLM_0017855,CLI_000203
CLM_0017856,CLI_000465
CLM_0017857,CLI_000465
CLM_0017858,CLI_000143
CLM_0017859,CLI_000143
CLM_0017860,CLI_000143
CLM_0017861,CLI_000033
CLM_0017862,CLI_000033
CLM_0017863,CLI_000282
CLM_0017864,CLI_000282
CLM_0017865,CLI_000202
CLM_0017866,CLI_000392
CLM_0017867,CLI_000392
CLM_0017868,CLI_000456
CLM_0017869,CLI_000456
CLM_0017870,CLI_000143
CLM_0017871,CLI_000143
CLM_0017872,CLI_000143
CLM_0017873,CLI_000143
CLM_0017874,CLI_000143
CLM_0017875,CLI_000238
CLM_0017876,CLI_000238
CLM_0017877,CLI_000426
CLM_0017878,CLI_000426
CLM_0017879,CLI_000143
CLM_0017880,CLI_000143
CLM_0017881,CLI_000143
CLM_0017882,CLI_000143
CLM_0017883,CLI_000025
CLM_0017884,CLI_000202
CLM_0017885,CLI_000124
CLM_0017886,CLI_000211
CLM_0017887,CLI_000196
CLM_0017888,CLI_000083
CLM_0017889,CLI_000083
CLM_0017890,CLI_000083
CLM_0017891,CLI_000143
CLM_0017892,CLI_000143
CLM_0017893,CLI_000143
CLM_0017894,CLI_000553
CLM_0017895,CLI_000553
CLM_0017896,CLI_000553
CLM_0017897,CLI_000367
CLM_0017898,CLI_000005
CLM_0017899,CLI_000005
CLM_0017900,CLI_000107
CLM_0017901,CLI_000107
CLM_0017902,CLI_000107
CLM_0017903,CLI_000404
CLM_0017904,CLI_000404
CLM_0017905,CLI_000088
CLM_0017906,CLI_000088
CLM_0017907,CLI_000089
CLM_0017908,CLI_000426
CLM_0017909,CLI_000426
CLM_0017910,CLI_000143
CLM_0017911,CLI_000143
CLM_0017912,CLI_000143
CLM_0017913,CLI_000470
CLM_0017914,CLI_000218
CLM_0017915,CLI_000218
CLM_0017916,CLI_000203
CLM_0017917,CLI_000245
CLM_0017918,CLI_000143
CLM_0017919,CLI_000143
CLM_0017920,CLI_000033
CLM_0017921,CLI_000202
CLM_0017922,CLI_000202
CLM_0017923,CLI_000076
CLM_0017924,CLI_000076
CLM_0017925,CLI_000076
CLM_0017926,CLI_000143
CLM_0017927,CLI_000143
CLM_0017928,CLI_000143
CLM_0017929,CLI_000143
CLM_0017930,CLI_000025
CLM_0017931,CLI_000404
CLM_0017932,CLI_000076
CLM_0017933,CLI_000523
CLM_0017934,CLI_000052
CLM_0017935,CLI_000052
CLM_0017936,CLI_000340
CLM_0017937,CLI_000340
CLM_0017938,CLI_000340
CLM_0017939,CLI_000143
CLM_0017940,CLI_000200
CLM_0017941,CLI_000200
CLM_0017942,CLI_000200
CLM_0017943,CLI_000143
CLM_0017944,CLI_000188
CLM_0017945,CLI_000188
CLM_0017946,CLI_000203
CLM_0017947,CLI_000479
CLM_0017948,CLI_000479
CLM_0017949,CLI_000456
CLM_0017950,CLI_000420
CLM_0017951,CLI_000245
CLM_0017952,CLI_000245
CLM_0017953,CLI_000245
CLM_0017954,CLI_000426
CLM_0017955,CLI_000426
CLM_0017956,CLI_000092
CLM_0017957,CLI_000092
CLM_0017958,CLI_000033
CLM_0017959,CLI_000033
CLM_0017960,CLI_000143
CLM_0017961,CLI_000076
CLM_0017962,CLI_000076
CLM_0017963,CLI_000088
CLM_0017964,CLI_000088
CLM_0017965,CLI_000088
CLM_0017966,CLI_000151
CLM_0017967,CLI_000151
CLM_0017968,CLI_000203
CLM_0017969,CLI_000088
CLM_0017970,CLI_000088
CLM_0017971,CLI_000033
CLM_0017972,CLI_000143
CLM_0017973,CLI_000052
CLM_0017974,CLI_000052
CLM_0017975,CLI_000052
CLM_0017976,CLI_000426
CLM_0017977,CLI_000456
CLM_0017978,CLI_000456
CLM_0017979,CLI_000565
CLM_0017980,CLI_000571
CLM_0017981,CLI_000571
CLM_0017982,CLI_000571
CLM_0017983,CLI_000011
CLM_0017984,CLI_000121
CLM_0017985,CLI_000121
CLM_0017986,CLI_000121
CLM_0017987,CLI_000143
CLM_0017988,CLI_000143
CLM_0017989,CLI_000143
CLM_0017990,CLI_000335
CLM_0017991,CLI_000143
CLM_0017992,CLI_000143
CLM_0017993,CLI_000143
CLM_0017994,CLI_000202
CLM_0017995,CLI_000202
CLM_0017996,CLI_000202
CLM_0017997,CLI_000107
CLM_0017998,CLI_000107
CLM_0017999,CLI_000107
CLM_0018000,CLI_000440
CLM_0018001,CLI_000025
CLM_0018002,CLI_000025
CLM_0018003,CLI_000025
CLM_0018004,CLI_000202
CLM_0018005,CLI_000202
CLM_0018006,CLI_000202
CLM_0018007,CLI_000073
CLM_0018008,CLI_000073
CLM_0018009,CLI_000025
CLM_0018010,CLI_000025
CLM_0018011,CLI_000025
CLM_0018012,CLI_000202
CLM_0018013,CLI_000202
CLM_0018014,CLI_000202
CLM_0018015,CLI_000143
CLM_0018016,CLI_000143
CLM_0018017,CLI_000143
CLM_0018018,CLI_000245
CLM_0018019,CLI_000245
CLM_0018020,CLI_000245
CLM_0018021,CLI_000107
CLM_0018022,CLI_000107
CLM_0018023,CLI_000426
CLM_0018024,CLI_000426
CLM_0018025,CLI_000061
CLM_0018026,CLI_000368
CLM_0018027,CLI_000368
CLM_0018028,CLI_000368
CLM_0018029,CLI_000143
CLM_0018030,CLI_000143
CLM_0018031,CLI_000076
CLM_0018032,CLI_000076
CLM_0018033,CLI_000571
CLM_0018034,CLI_000202
CLM_0018035,CLI_000202
CLM_0018036,CLI_000202
CLM_0018037,CLI_000166
CLM_0018038,CLI_000166
CLM_0018039,CLI_000143
CLM_0018040,CLI_000143
CLM_0018041,CLI_000417
CLM_0018042,CLI_000207
CLM_0018043,CLI_000207
CLM_0018044,CLI_000025
CLM_0018045,CLI_000025
CLM_0018046,CLI_000025
CLM_0018047,CLI_000095
CLM_0018048,CLI_000095
CLM_0018049,CLI_000471
CLM_0018050,CLI_000471
CLM_0018051,CLI_000033
CLM_0018052,CLI_000033
CLM_0018053,CLI_000280
CLM_0018054,CLI_000506
CLM_0018055,CLI_000506
CLM_0018056,CLI_000506
CLM_0018057,CLI_000033
CLM_0018058,CLI_000033
CLM_0018059,CLI_000203
CLM_0018060,CLI_000203
CLM_0018061,CLI_000203
CLM_0018062,CLI_000203
CLM_0018063,CLI_000245
CLM_0018064,CLI_000245
CLM_0018065,CLI_000166
CLM_0018066,CLI_000166
CLM_0018067,CLI_000166
CLM_0018068,CLI_000095
CLM_0018069,CLI_000513
CLM_0018070,CLI_000088
CLM_0018071,CLI_000088
CLM_0018072,CLI_000088
CLM_0018073,CLI_000203
CLM_0018074,CLI_000143
CLM_0018075,CLI_000506
CLM_0018076,CLI_000526
CLM_0018077,CLI_000526
CLM_0018078,CLI_000526
CLM_0018079,CLI_000426
CLM_0018080,CLI_000426
CLM_0018081,CLI_000426
CLM_0018082,CLI_000404
CLM_0018083,CLI_000404
CLM_0018084,CLI_000404
CLM_0018085,CLI_000203
CLM_0018086,CLI_000203
CLM_0018087,CLI_000203
CLM_0018088,CLI_000143
CLM_0018089,CLI_000143
CLM_0018090,CLI_000367
CLM_0018091,CLI_000533
CLM_0018092,CLI_000533
CLM_0018093,CLI_000533
CLM_0018094,CLI_000347
CLM_0018095,CLI_000347
CLM_0018096,CLI_000347
CLM_0018097,CLI_000143
CLM_0018098,CLI_000143
CLM_0018099,CLI_000143
CLM_0018100,CLI_000143
CLM_0018101,CLI_000143
CLM_0018102,CLI_000143
CLM_0018103,CLI_000351
CLM_0018104,CLI_000351
CLM_0018105,CLI_000351
CLM_0018106,CLI_000456
CLM_0018107,CLI_000456
CLM_0018108,CLI_000456
CLM_0018109,CLI_000025
CLM_0018110,CLI_000025
CLM_0018111,CLI_000033
CLM_0018112,CLI_000033
CLM_0018113,CLI_000456
CLM_0018114,CLI_000456
CLM_0018115,CLI_000143
CLM_0018116,CLI_000143
CLM_0018117,CLI_000506
CLM_0018118,CLI_000203
CLM_0018119,CLI_000076
CLM_0018120,CLI_000076
CLM_0018121,CLI_000076
CLM_0018122,CLI_000076
CLM_0018123,CLI_000076
CLM_0018124,CLI_000143
CLM_0018125,CLI_000143
CLM_0018126,CLI_000203
CLM_0018127,CLI_000203
CLM_0018128,CLI_000203
CLM_0018129,CLI_000195
CLM_0018130,CLI_000025
CLM_0018131,CLI_000025
CLM_0018132,CLI_000025
CLM_0018133,CLI_000025
CLM_0018134,CLI_000025
CLM_0018135,CLI_000076
CLM_0018136,CLI_000404
CLM_0018137,CLI_000404
CLM_0018138,CLI_000404
CLM_0018139,CLI_000314
CLM_0018140,CLI_000346
CLM_0018141,CLI_000202
CLM_0018142,CLI_000202
CLM_0018143,CLI_000202
CLM_0018144,CLI_000076
CLM_0018145,CLI_000076
CLM_0018146,CLI_000076
CLM_0018147,CLI_000025
CLM_0018148,CLI_000025
CLM_0018149,CLI_000143
CLM_0018150,CLI_000143
CLM_0018151,CLI_000143
CLM_0018152,CLI_000076
CLM_0018153,CLI_000143
CLM_0018154,CLI_000268
CLM_0018155,CLI_000160
CLM_0018156,CLI_000143
CLM_0018157,CLI_000143
CLM_0018158,CLI_000143
CLM_0018159,CLI_000360
CLM_0018160,CLI_000360
CLM_0018161,CLI_000360
CLM_0018162,CLI_000203
CLM_0018163,CLI_000203
CLM_0018164,CLI_000426
CLM_0018165,CLI_000285
CLM_0018166,CLI_000565
CLM_0018167,CLI_000061
CLM_0018168,CLI_000061
CLM_0018169,CLI_000196
CLM_0018170,CLI_000196
CLM_0018171,CLI_000525
CLM_0018172,CLI_000525
CLM_0018173,CLI_000525
CLM_0018174,CLI_000426
CLM_0018175,CLI_000426
CLM_0018176,CLI_000426
CLM_0018177,CLI_000121
CLM_0018178,CLI_000202
CLM_0018179,CLI_000565
CLM_0018180,CLI_000189
CLM_0018181,CLI_000189
CLM_0018182,CLI_000189
CLM_0018183,CLI_000036
CLM_0018184,CLI_000036
CLM_0018185,CLI_000134
CLM_0018186,CLI_000134
CLM_0018187,CLI_000045
CLM_0018188,CLI_000232
CLM_0018189,CLI_000076
CLM_0018190,CLI_000076
CLM_0018191,CLI_000027
CLM_0018192,CLI_000033
CLM_0018193,CLI_000404
CLM_0018194,CLI_000404
CLM_0018195,CLI_000166
CLM_0018196,CLI_000591
CLM_0018197,CLI_000203
CLM_0018198,CLI_000203
CLM_0018199,CLI_000166
CLM_0018200,CLI_000166
CLM_0018201,CLI_000426
CLM_0018202,CLI_000203
CLM_0018203,CLI_000203
CLM_0018204,CLI_000025
CLM_0018205,CLI_000025
CLM_0018206,CLI_000076
CLM_0018207,CLI_000076
CLM_0018208,CLI_000076
CLM_0018209,CLI_000223
CLM_0018210,CLI_000223
CLM_0018211,CLI_000033
CLM_0018212,CLI_000033
CLM_0018213,CLI_000199
CLM_0018214,CLI_000199
CLM_0018215,CLI_000199
CLM_0018216,CLI_000126
CLM_0018217,CLI_000126
CLM_0018218,CLI_000033
CLM_0018219,CLI_000033
CLM_0018220,CLI_000033
CLM_0018221,CLI_000142
CLM_0018222,CLI_000142
CLM_0018223,CLI_000142
CLM_0018224,CLI_000143
CLM_0018225,CLI_000143
CLM_0018226,CLI_000143
CLM_0018227,CLI_000479
CLM_0018228,CLI_000479
CLM_0018229,CLI_000479
CLM_0018230,CLI_000386
CLM_0018231,CLI_000426
CLM_0018232,CLI_000033
CLM_0018233,CLI_000033
CLM_0018234,CLI_000033
CLM_0018235,CLI_000203
CLM_0018236,CLI_000203
CLM_0018237,CLI_000203
CLM_0018238,CLI_000061
CLM_0018239,CLI_000061
CLM_0018240,CLI_000061
CLM_0018241,CLI_000045
CLM_0018242,CLI_000435
CLM_0018243,CLI_000435
CLM_0018244,CLI_000535
CLM_0018245,CLI_000535
CLM_0018246,CLI_000535
CLM_0018247,CLI_000196
CLM_0018248,CLI_000426
CLM_0018249,CLI_000426
CLM_0018250,CLI_000426
CLM_0018251,CLI_000426
CLM_0018252,CLI_000025
CLM_0018253,CLI_000025
CLM_0018254,CLI_000025
CLM_0018255,CLI_000143
CLM_0018256,CLI_000143
CLM_0018257,CLI_000143
CLM_0018258,CLI_000100
CLM_0018259,CLI_000100
CLM_0018260,CLI_000100
CLM_0018261,CLI_000541
CLM_0018262,CLI_000541
CLM_0018263,CLI_000541
CLM_0018264,CLI_000245
CLM_0018265,CLI_000157
CLM_0018266,CLI_000202
CLM_0018267,CLI_000202
CLM_0018268,CLI_000202
CLM_0018269,CLI_000143
CLM_0018270,CLI_000143
CLM_0018271,CLI_000143
CLM_0018272,CLI_000143
CLM_0018273,CLI_000202
CLM_0018274,CLI_000203
CLM_0018275,CLI_000203
CLM_0018276,CLI_000202
CLM_0018277,CLI_000202
CLM_0018278,CLI_000203
CLM_0018279,CLI_000203
CLM_0018280,CLI_000143
CLM_0018281,CLI_000143
CLM_0018282,CLI_000202
CLM_0018283,CLI_000348
CLM_0018284,CLI_000009
CLM_0018285,CLI_000009
CLM_0018286,CLI_000009
CLM_0018287,CLI_000202
CLM_0018288,CLI_000202
CLM_0018289,CLI_000202
CLM_0018290,CLI_000127
CLM_0018291,CLI_000127
CLM_0018292,CLI_000535
CLM_0018293,CLI_000033
CLM_0018294,CLI_000033
CLM_0018295,CLI_000033
CLM_0018296,CLI_000033
CLM_0018297,CLI_000033
CLM_0018298,CLI_000314
CLM_0018299,CLI_000314
CLM_0018300,CLI_000535
CLM_0018301,CLI_000535
CLM_0018302,CLI_000143
CLM_0018303,CLI_000143
CLM_0018304,CLI_000076
CLM_0018305,CLI_000506
CLM_0018306,CLI_000285
CLM_0018307,CLI_000143
CLM_0018308,CLI_000143
CLM_0018309,CLI_000011
CLM_0018310,CLI_000202
CLM_0018311,CLI_000202
CLM_0018312,CLI_000202
CLM_0018313,CLI_000202
CLM_0018314,CLI_000202
CLM_0018315,CLI_000134
CLM_0018316,CLI_000134
CLM_0018317,CLI_000134
CLM_0018318,CLI_000585
CLM_0018319,CLI_000585
CLM_0018320,CLI_000203
CLM_0018321,CLI_000419
CLM_0018322,CLI_000419
CLM_0018323,CLI_000419
CLM_0018324,CLI_000312
CLM_0018325,CLI_000202
CLM_0018326,CLI_000202
CLM_0018327,CLI_000426
CLM_0018328,CLI_000426
CLM_0018329,CLI_000426
CLM_0018330,CLI_000426
CLM_0018331,CLI_000426
CLM_0018332,CLI_000368
CLM_0018333,CLI_000368
CLM_0018334,CLI_000253
CLM_0018335,CLI_000506
CLM_0018336,CLI_000506
CLM_0018337,CLI_000456
CLM_0018338,CLI_000456
CLM_0018339,CLI_000385
CLM_0018340,CLI_000385
CLM_0018341,CLI_000344
CLM_0018342,CLI_000344
CLM_0018343,CLI_000344
CLM_0018344,CLI_000203
CLM_0018345,CLI_000203
CLM_0018346,CLI_000506
CLM_0018347,CLI_000506
CLM_0018348,CLI_000506
CLM_0018349,CLI_000203
CLM_0018350,CLI_000203
CLM_0018351,CLI_000203
CLM_0018352,CLI_000203
CLM_0018353,CLI_000203
CLM_0018354,CLI_000456
CLM_0018355,CLI_000456
CLM_0018356,CLI_000456
CLM_0018357,CLI_000456
CLM_0018358,CLI_000456
CLM_0018359,CLI_000380
CLM_0018360,CLI_000193
CLM_0018361,CLI_000471
CLM_0018362,CLI_000471
CLM_0018363,CLI_000471
CLM_0018364,CLI_000143
CLM_0018365,CLI_000143
CLM_0018366,CLI_000143
CLM_0018367,CLI_000143
CLM_0018368,CLI_000143
CLM_0018369,CLI_000143
CLM_0018370,CLI_000426
CLM_0018371,CLI_000426
CLM_0018372,CLI_000160
CLM_0018373,CLI_000160
CLM_0018374,CLI_000203
CLM_0018375,CLI_000203
CLM_0018376,CLI_000202
CLM_0018377,CLI_000202
CLM_0018378,CLI_000380
CLM_0018379,CLI_000380
CLM_0018380,CLI_000011
CLM_0018381,CLI_000497
CLM_0018382,CLI_000456
CLM_0018383,CLI_000025
CLM_0018384,CLI_000456
CLM_0018385,CLI_000202
CLM_0018386,CLI_000202
CLM_0018387,CLI_000049
CLM_0018388,CLI_000049
CLM_0018389,CLI_000049
CLM_0018390,CLI_000541
CLM_0018391,CLI_000541
CLM_0018392,CLI_000178
CLM_0018393,CLI_000178
CLM_0018394,CLI_000419
CLM_0018395,CLI_000419
CLM_0018396,CLI_000419
CLM_0018397,CLI_000143
CLM_0018398,CLI_000143
CLM_0018399,CLI_000143
CLM_0018400,CLI_000203
CLM_0018401,CLI_000203
CLM_0018402,CLI_000438
CLM_0018403,CLI_000438
CLM_0018404,CLI_000143
CLM_0018405,CLI_000305
CLM_0018406,CLI_000202
CLM_0018407,CLI_000202
CLM_0018408,CLI_000202
CLM_0018409,CLI_000513
CLM_0018410,CLI_000513
CLM_0018411,CLI_000513
CLM_0018412,CLI_000506
CLM_0018413,CLI_000506
CLM_0018414,CLI_000426
CLM_0018415,CLI_000143
CLM_0018416,CLI_000143
CLM_0018417,CLI_000025
CLM_0018418,CLI_000025
CLM_0018419,CLI_000025
CLM_0018420,CLI_000426
CLM_0018421,CLI_000535
CLM_0018422,CLI_000535
CLM_0018423,CLI_000202
CLM_0018424,CLI_000202
CLM_0018425,CLI_000565
CLM_0018426,CLI_000565
CLM_0018427,CLI_000565
CLM_0018428,CLI_000380
CLM_0018429,CLI_000380
CLM_0018430,CLI_000070
CLM_0018431,CLI_000070
CLM_0018432,CLI_000401
CLM_0018433,CLI_000426
CLM_0018434,CLI_000456
CLM_0018435,CLI_000456
CLM_0018436,CLI_000203
CLM_0018437,CLI_000203
CLM_0018438,CLI_000456
CLM_0018439,CLI_000299
CLM_0018440,CLI_000299
CLM_0018441,CLI_000385
CLM_0018442,CLI_000385
CLM_0018443,CLI_000426
CLM_0018444,CLI_000426
CLM_0018445,CLI_000211
CLM_0018446,CLI_000211
CLM_0018447,CLI_000245
CLM_0018448,CLI_000245
CLM_0018449,CLI_000352
CLM_0018450,CLI_000223
CLM_0018451,CLI_000223
CLM_0018452,CLI_000223
CLM_0018453,CLI_000526
CLM_0018454,CLI_000526
CLM_0018455,CLI_000526
CLM_0018456,CLI_000025
CLM_0018457,CLI_000025
CLM_0018458,CLI_000253
CLM_0018459,CLI_000456
CLM_0018460,CLI_000456
CLM_0018461,CLI_000456
CLM_0018462,CLI_000368
CLM_0018463,CLI_000368
CLM_0018464,CLI_000203
CLM_0018465,CLI_000347
CLM_0018466,CLI_000425
CLM_0018467,CLI_000435
CLM_0018468,CLI_000435
CLM_0018469,CLI_000435
CLM_0018470,CLI_000253
CLM_0018471,CLI_000253
CLM_0018472,CLI_000253
CLM_0018473,CLI_000370
CLM_0018474,CLI_000143
CLM_0018475,CLI_000143
CLM_0018476,CLI_000143
CLM_0018477,CLI_000143
CLM_0018478,CLI_000166
CLM_0018479,CLI_000166
CLM_0018480,CLI_000166
CLM_0018481,CLI_000143
CLM_0018482,CLI_000143
CLM_0018483,CLI_000141
CLM_0018484,CLI_000025
CLM_0018485,CLI_000107
CLM_0018486,CLI_000107
CLM_0018487,CLI_000107
CLM_0018488,CLI_000166
CLM_0018489,CLI_000033
CLM_0018490,CLI_000025
CLM_0018491,CLI_000141
CLM_0018492,CLI_000141
CLM_0018493,CLI_000141
CLM_0018494,CLI_000143
CLM_0018495,CLI_000088
CLM_0018496,CLI_000088
CLM_0018497,CLI_000107
CLM_0018498,CLI_000107
CLM_0018499,CLI_000107
CLM_0018500,CLI_000059
CLM_0018501,CLI_000059
CLM_0018502,CLI_000203
CLM_0018503,CLI_000203
CLM_0018504,CLI_000203
CLM_0018505,CLI_000105
CLM_0018506,CLI_000105
CLM_0018507,CLI_000105
CLM_0018508,CLI_000565
CLM_0018509,CLI_000404
CLM_0018510,CLI_000203
CLM_0018511,CLI_000203
CLM_0018512,CLI_000385
CLM_0018513,CLI_000385
CLM_0018514,CLI_000385
CLM_0018515,CLI_000202
CLM_0018516,CLI_000083
CLM_0018517,CLI_000083
CLM_0018518,CLI_000083
CLM_0018519,CLI_000141
CLM_0018520,CLI_000141
CLM_0018521,CLI_000435
CLM_0018522,CLI_000435
CLM_0018523,CLI_000435
CLM_0018524,CLI_000143
CLM_0018525,CLI_000202
CLM_0018526,CLI_000202
CLM_0018527,CLI_000202
CLM_0018528,CLI_000202
CLM_0018529,CLI_000202
CLM_0018530,CLI_000491
CLM_0018531,CLI_000491
CLM_0018532,CLI_000491
CLM_0018533,CLI_000033
CLM_0018534,CLI_000033
CLM_0018535,CLI_000033
CLM_0018536,CLI_000188
CLM_0018537,CLI_000188
CLM_0018538,CLI_000092
CLM_0018539,CLI_000092
CLM_0018540,CLI_000092
CLM_0018541,CLI_000435
CLM_0018542,CLI_000435
CLM_0018543,CLI_000025
CLM_0018544,CLI_000535
CLM_0018545,CLI_000404
CLM_0018546,CLI_000166
CLM_0018547,CLI_000166
CLM_0018548,CLI_000525
CLM_0018549,CLI_000525
CLM_0018550,CLI_000166
CLM_0018551,CLI_000202
CLM_0018552,CLI_000202
CLM_0018553,CLI_000143
CLM_0018554,CLI_000202
CLM_0018555,CLI_000202
CLM_0018556,CLI_000202
CLM_0018557,CLI_000544
CLM_0018558,CLI_000544
CLM_0018559,CLI_000143
CLM_0018560,CLI_000143
CLM_0018561,CLI_000143
CLM_0018562,CLI_000143
CLM_0018563,CLI_000426
CLM_0018564,CLI_000395
CLM_0018565,CLI_000395
CLM_0018566,CLI_000395
CLM_0018567,CLI_000143
CLM_0018568,CLI_000426
CLM_0018569,CLI_000426
CLM_0018570,CLI_000426
CLM_0018571,CLI_000033
CLM_0018572,CLI_000033
CLM_0018573,CLI_000203
CLM_0018574,CLI_000203
CLM_0018575,CLI_000203
CLM_0018576,CLI_000025
CLM_0018577,CLI_000025
CLM_0018578,CLI_000143
CLM_0018579,CLI_000310
CLM_0018580,CLI_000310
CLM_0018581,CLI_000310
CLM_0018582,CLI_000143
CLM_0018583,CLI_000143
CLM_0018584,CLI_000143
CLM_0018585,CLI_000426
CLM_0018586,CLI_000426
CLM_0018587,CLI_000143
CLM_0018588,CLI_000143
CLM_0018589,CLI_000143
CLM_0018590,CLI_000579
CLM_0018591,CLI_000579
CLM_0018592,CLI_000116
CLM_0018593,CLI_000116
CLM_0018594,CLI_000116
CLM_0018595,CLI_000040
CLM_0018596,CLI_000040
CLM_0018597,CLI_000245
CLM_0018598,CLI_000143
CLM_0018599,CLI_000143
CLM_0018600,CLI_000143
CLM_0018601,CLI_000203
CLM_0018602,CLI_000203
CLM_0018603,CLI_000076
CLM_0018604,CLI_000076
CLM_0018605,CLI_000161
CLM_0018606,CLI_000161
CLM_0018607,CLI_000161
CLM_0018608,CLI_000036
CLM_0018609,CLI_000435
CLM_0018610,CLI_000088
CLM_0018611,CLI_000088
CLM_0018612,CLI_000245
CLM_0018613,CLI_000245
CLM_0018614,CLI_000245
CLM_0018615,CLI_000245
CLM_0018616,CLI_000121
CLM_0018617,CLI_000121
CLM_0018618,CLI_000121
CLM_0018619,CLI_000203
CLM_0018620,CLI_000203
CLM_0018621,CLI_000203
CLM_0018622,CLI_000574
CLM_0018623,CLI_000574
CLM_0018624,CLI_000202
CLM_0018625,CLI_000202
CLM_0018626,CLI_000143
CLM_0018627,CLI_000143
CLM_0018628,CLI_000143
CLM_0018629,CLI_000203
CLM_0018630,CLI_000203
CLM_0018631,CLI_000033
CLM_0018632,CLI_000202
CLM_0018633,CLI_000202
CLM_0018634,CLI_000196
CLM_0018635,CLI_000196
CLM_0018636,CLI_000196
CLM_0018637,CLI_000143
CLM_0018638,CLI_000143
CLM_0018639,CLI_000033
CLM_0018640,CLI_000033
CLM_0018641,CLI_000029
CLM_0018642,CLI_000203
CLM_0018643,CLI_000245
CLM_0018644,CLI_000245
CLM_0018645,CLI_000025
CLM_0018646,CLI_000025
CLM_0018647,CLI_000002
CLM_0018648,CLI_000002
CLM_0018649,CLI_000038
CLM_0018650,CLI_000038
CLM_0018651,CLI_000038
CLM_0018652,CLI_000033
CLM_0018653,CLI_000033
CLM_0018654,CLI_000033
CLM_0018655,CLI_000269
CLM_0018656,CLI_000269
CLM_0018657,CLI_000456
CLM_0018658,CLI_000166
CLM_0018659,CLI_000033
CLM_0018660,CLI_000033
CLM_0018661,CLI_000526
CLM_0018662,CLI_000480
CLM_0018663,CLI_000480
CLM_0018664,CLI_000480
CLM_0018665,CLI_000189
CLM_0018666,CLI_000189
CLM_0018667,CLI_000189
CLM_0018668,CLI_000111
CLM_0018669,CLI_000395
CLM_0018670,CLI_000395
CLM_0018671,CLI_000143
CLM_0018672,CLI_000143
CLM_0018673,CLI_000380
CLM_0018674,CLI_000033
CLM_0018675,CLI_000033
CLM_0018676,CLI_000033
CLM_0018677,CLI_000253
CLM_0018678,CLI_000253
CLM_0018679,CLI_000025
CLM_0018680,CLI_000107
CLM_0018681,CLI_000107
CLM_0018682,CLI_000107
CLM_0018683,CLI_000067
CLM_0018684,CLI_000067
CLM_0018685,CLI_000067
CLM_0018686,CLI_000354
CLM_0018687,CLI_000354
CLM_0018688,CLI_000426
CLM_0018689,CLI_000203
CLM_0018690,CLI_000203
CLM_0018691,CLI_000203
CLM_0018692,CLI_000076
CLM_0018693,CLI_000076
CLM_0018694,CLI_000076
CLM_0018695,CLI_000076
CLM_0018696,CLI_000506
CLM_0018697,CLI_000049
CLM_0018698,CLI_000049
CLM_0018699,CLI_000049
CLM_0018700,CLI_000426
CLM_0018701,CLI_000426
CLM_0018702,CLI_000535
CLM_0018703,CLI_000535
CLM_0018704,CLI_000535
CLM_0018705,CLI_000535
CLM_0018706,CLI_000404
CLM_0018707,CLI_000404
CLM_0018708,CLI_000202
CLM_0018709,CLI_000380
CLM_0018710,CLI_000380
CLM_0018711,CLI_000143
CLM_0018712,CLI_000143
CLM_0018713,CLI_000143
CLM_0018714,CLI_000203
CLM_0018715,CLI_000203
CLM_0018716,CLI_000143
CLM_0018717,CLI_000143
CLM_0018718,CLI_000143
CLM_0018719,CLI_000203
CLM_0018720,CLI_000025
CLM_0018721,CLI_000025
CLM_0018722,CLI_000242
CLM_0018723,CLI_000242
CLM_0018724,CLI_000121
CLM_0018725,CLI_000121
CLM_0018726,CLI_000121
CLM_0018727,CLI_000202
CLM_0018728,CLI_000202
CLM_0018729,CLI_000203
CLM_0018730,CLI_000033
CLM_0018731,CLI_000033
CLM_0018732,CLI_000033
CLM_0018733,CLI_000011
CLM_0018734,CLI_000011
CLM_0018735,CLI_000049
CLM_0018736,CLI_000049
CLM_0018737,CLI_000202
CLM_0018738,CLI_000202
CLM_0018739,CLI_000202
CLM_0018740,CLI_000076
CLM_0018741,CLI_000076
CLM_0018742,CLI_000088
CLM_0018743,CLI_000143
CLM_0018744,CLI_000143
CLM_0018745,CLI_000143
CLM_0018746,CLI_000143
CLM_0018747,CLI_000143
CLM_0018748,CLI_000143
CLM_0018749,CLI_000380
CLM_0018750,CLI_000380
CLM_0018751,CLI_000380
CLM_0018752,CLI_000203
CLM_0018753,CLI_000203
CLM_0018754,CLI_000089
CLM_0018755,CLI_000203
CLM_0018756,CLI_000025
CLM_0018757,CLI_000025
CLM_0018758,CLI_000121
CLM_0018759,CLI_000177
CLM_0018760,CLI_000177
CLM_0018761,CLI_000177
CLM_0018762,CLI_000080
CLM_0018763,CLI_000080
CLM_0018764,CLI_000253
CLM_0018765,CLI_000253
CLM_0018766,CLI_000533
CLM_0018767,CLI_000533
CLM_0018768,CLI_000203
CLM_0018769,CLI_000203
CLM_0018770,CLI_000203
CLM_0018771,CLI_000025
CLM_0018772,CLI_000025
CLM_0018773,CLI_000143
CLM_0018774,CLI_000143
CLM_0018775,CLI_000143
CLM_0018776,CLI_000143
CLM_0018777,CLI_000506
CLM_0018778,CLI_000506
CLM_0018779,CLI_000076
CLM_0018780,CLI_000202
CLM_0018781,CLI_000202
CLM_0018782,CLI_000368
CLM_0018783,CLI_000368
CLM_0018784,CLI_000203
CLM_0018785,CLI_000200
CLM_0018786,CLI_000033
CLM_0018787,CLI_000033
CLM_0018788,CLI_000202
CLM_0018789,CLI_000202
CLM_0018790,CLI_000380
CLM_0018791,CLI_000380
CLM_0018792,CLI_000228
CLM_0018793,CLI_000228
CLM_0018794,CLI_000202
CLM_0018795,CLI_000202
CLM_0018796,CLI_000202
CLM_0018797,CLI_000426
CLM_0018798,CLI_000426
CLM_0018799,CLI_000426
CLM_0018800,CLI_000143
CLM_0018801,CLI_000426
CLM_0018802,CLI_000315
CLM_0018803,CLI_000315
CLM_0018804,CLI_000315
CLM_0018805,CLI_000203
CLM_0018806,CLI_000203
CLM_0018807,CLI_000203
CLM_0018808,CLI_000535
CLM_0018809,CLI_000535
CLM_0018810,CLI_000535
CLM_0018811,CLI_000202
CLM_0018812,CLI_000202
CLM_0018813,CLI_000202
CLM_0018814,CLI_000426
CLM_0018815,CLI_000202
CLM_0018816,CLI_000202
CLM_0018817,CLI_000202
CLM_0018818,CLI_000033
CLM_0018819,CLI_000033
CLM_0018820,CLI_000033
CLM_0018821,CLI_000435
CLM_0018822,CLI_000435
CLM_0018823,CLI_000525
CLM_0018824,CLI_000525
CLM_0018825,CLI_000202
CLM_0018826,CLI_000328
CLM_0018827,CLI_000328
CLM_0018828,CLI_000025
CLM_0018829,CLI_000025
CLM_0018830,CLI_000203
CLM_0018831,CLI_000203
CLM_0018832,CLI_000143
CLM_0018833,CLI_000157
CLM_0018834,CLI_000157
CLM_0018835,CLI_000157
CLM_0018836,CLI_000296
CLM_0018837,CLI_000479
CLM_0018838,CLI_000479
CLM_0018839,CLI_000143
CLM_0018840,CLI_000143
CLM_0018841,CLI_000033
CLM_0018842,CLI_000011
CLM_0018843,CLI_000155
CLM_0018844,CLI_000189
CLM_0018845,CLI_000315
CLM_0018846,CLI_000315
CLM_0018847,CLI_000315
CLM_0018848,CLI_000404
CLM_0018849,CLI_000404
CLM_0018850,CLI_000404
CLM_0018851,CLI_000160
CLM_0018852,CLI_000160
CLM_0018853,CLI_000160
CLM_0018854,CLI_000404
CLM_0018855,CLI_000426
CLM_0018856,CLI_000134
CLM_0018857,CLI_000134
CLM_0018858,CLI_000203
CLM_0018859,CLI_000203
CLM_0018860,CLI_000203
CLM_0018861,CLI_000203
CLM_0018862,CLI_000143
CLM_0018863,CLI_000080
CLM_0018864,CLI_000080
CLM_0018865,CLI_000080
CLM_0018866,CLI_000025
CLM_0018867,CLI_000101
CLM_0018868,CLI_000101
CLM_0018869,CLI_000101
CLM_0018870,CLI_000025
CLM_0018871,CLI_000025
CLM_0018872,CLI_000025
CLM_0018873,CLI_000202
CLM_0018874,CLI_000202
CLM_0018875,CLI_000202
CLM_0018876,CLI_000591
CLM_0018877,CLI_000565
CLM_0018878,CLI_000143
CLM_0018879,CLI_000426
CLM_0018880,CLI_000426
CLM_0018881,CLI_000539
CLM_0018882,CLI_000539
CLM_0018883,CLI_000013
CLM_0018884,CLI_000013
CLM_0018885,CLI_000506
CLM_0018886,CLI_000506
CLM_0018887,CLI_000282
CLM_0018888,CLI_000282
CLM_0018889,CLI_000282
CLM_0018890,CLI_000033
CLM_0018891,CLI_000033
CLM_0018892,CLI_000033
CLM_0018893,CLI_000181
CLM_0018894,CLI_000579
CLM_0018895,CLI_000579
CLM_0018896,CLI_000579
CLM_0018897,CLI_000506
CLM_0018898,CLI_000506
CLM_0018899,CLI_000033
CLM_0018900,CLI_000033
CLM_0018901,CLI_000033
CLM_0018902,CLI_000414
CLM_0018903,CLI_000414
CLM_0018904,CLI_000414
CLM_0018905,CLI_000456
CLM_0018906,CLI_000025
CLM_0018907,CLI_000025
CLM_0018908,CLI_000076
CLM_0018909,CLI_000506
CLM_0018910,CLI_000506
CLM_0018911,CLI_000506
CLM_0018912,CLI_000033
CLM_0018913,CLI_000435
CLM_0018914,CLI_000435
CLM_0018915,CLI_000435
CLM_0018916,CLI_000404
CLM_0018917,CLI_000404
CLM_0018918,CLI_000404
CLM_0018919,CLI_000160
CLM_0018920,CLI_000253
CLM_0018921,CLI_000253
CLM_0018922,CLI_000203
CLM_0018923,CLI_000203
CLM_0018924,CLI_000351
CLM_0018925,CLI_000351
CLM_0018926,CLI_000025
CLM_0018927,CLI_000025
CLM_0018928,CLI_000293
CLM_0018929,CLI_000435
CLM_0018930,CLI_000435
CLM_0018931,CLI_000362
CLM_0018932,CLI_000362
CLM_0018933,CLI_000025
CLM_0018934,CLI_000526
CLM_0018935,CLI_000526
CLM_0018936,CLI_000526
CLM_0018937,CLI_000005
CLM_0018938,CLI_000021
CLM_0018939,CLI_000194
CLM_0018940,CLI_000033
CLM_0018941,CLI_000245
CLM_0018942,CLI_000245
CLM_0018943,CLI_000245
CLM_0018944,CLI_000253
CLM_0018945,CLI_000253
CLM_0018946,CLI_000253
CLM_0018947,CLI_000245
CLM_0018948,CLI_000456
CLM_0018949,CLI_000456
CLM_0018950,CLI_000456
CLM_0018951,CLI_000025
CLM_0018952,CLI_000025
CLM_0018953,CLI_000025
CLM_0018954,CLI_000034
CLM_0018955,CLI_000034
CLM_0018956,CLI_000143
CLM_0018957,CLI_000143
CLM_0018958,CLI_000143
CLM_0018959,CLI_000143
CLM_0018960,CLI_000202
CLM_0018961,CLI_000076
CLM_0018962,CLI_000025
CLM_0018963,CLI_000202
CLM_0018964,CLI_000202
CLM_0018965,CLI_000202
CLM_0018966,CLI_000395
CLM_0018967,CLI_000395
CLM_0018968,CLI_000143
CLM_0018969,CLI_000143
CLM_0018970,CLI_000166
CLM_0018971,CLI_000166
CLM_0018972,CLI_000166
CLM_0018973,CLI_000121
CLM_0018974,CLI_000121
CLM_0018975,CLI_000121
CLM_0018976,CLI_000429
CLM_0018977,CLI_000435
CLM_0018978,CLI_000435
CLM_0018979,CLI_000395
CLM_0018980,CLI_000395
CLM_0018981,CLI_000395
CLM_0018982,CLI_000143
CLM_0018983,CLI_000143
CLM_0018984,CLI_000143
CLM_0018985,CLI_000203
CLM_0018986,CLI_000203
CLM_0018987,CLI_000203
CLM_0018988,CLI_000025
CLM_0018989,CLI_000025
CLM_0018990,CLI_000143
CLM_0018991,CLI_000143
CLM_0018992,CLI_000143
CLM_0018993,CLI_000011
CLM_0018994,CLI_000143
CLM_0018995,CLI_000143
CLM_0018996,CLI_000151
CLM_0018997,CLI_000151
CLM_0018998,CLI_000001
CLM_0018999,CLI_000029
CLM_0019000,CLI_000076
CLM_0019001,CLI_000076
CLM_0019002,CLI_000076
CLM_0019003,CLI_000426
CLM_0019004,CLI_000426
CLM_0019005,CLI_000033
CLM_0019006,CLI_000033
CLM_0019007,CLI_000033
CLM_0019008,CLI_000292
CLM_0019009,CLI_000292
CLM_0019010,CLI_000245
CLM_0019011,CLI_000506
CLM_0019012,CLI_000143
CLM_0019013,CLI_000143
CLM_0019014,CLI_000368
CLM_0019015,CLI_000304
CLM_0019016,CLI_000076
CLM_0019017,CLI_000076
CLM_0019018,CLI_000076
CLM_0019019,CLI_000262
CLM_0019020,CLI_000262
CLM_0019021,CLI_000262
CLM_0019022,CLI_000440
CLM_0019023,CLI_000119
CLM_0019024,CLI_000119
CLM_0019025,CLI_000119
CLM_0019026,CLI_000207
CLM_0019027,CLI_000207
CLM_0019028,CLI_000207
CLM_0019029,CLI_000143
CLM_0019030,CLI_000143
CLM_0019031,CLI_000033
CLM_0019032,CLI_000033
CLM_0019033,CLI_000535
CLM_0019034,CLI_000535
CLM_0019035,CLI_000061
CLM_0019036,CLI_000061
CLM_0019037,CLI_000202
CLM_0019038,CLI_000202
CLM_0019039,CLI_000025
CLM_0019040,CLI_000025
CLM_0019041,CLI_000025
CLM_0019042,CLI_000076
CLM_0019043,CLI_000076
CLM_0019044,CLI_000143
CLM_0019045,CLI_000033
CLM_0019046,CLI_000033
CLM_0019047,CLI_000253
CLM_0019048,CLI_000426
CLM_0019049,CLI_000426
CLM_0019050,CLI_000426
CLM_0019051,CLI_000202
CLM_0019052,CLI_000202
CLM_0019053,CLI_000011
CLM_0019054,CLI_000143
CLM_0019055,CLI_000143
CLM_0019056,CLI_000143
CLM_0019057,CLI_000426
CLM_0019058,CLI_000426
CLM_0019059,CLI_000535
CLM_0019060,CLI_000299
CLM_0019061,CLI_000299
CLM_0019062,CLI_000076
CLM_0019063,CLI_000076
CLM_0019064,CLI_000076
CLM_0019065,CLI_000033
CLM_0019066,CLI_000033
CLM_0019067,CLI_000404
CLM_0019068,CLI_000391
CLM_0019069,CLI_000107
CLM_0019070,CLI_000107
CLM_0019071,CLI_000033
CLM_0019072,CLI_000025
CLM_0019073,CLI_000389
CLM_0019074,CLI_000389
CLM_0019075,CLI_000389
CLM_0019076,CLI_000091
CLM_0019077,CLI_000091
CLM_0019078,CLI_000025
CLM_0019079,CLI_000419
CLM_0019080,CLI_000419
CLM_0019081,CLI_000419
CLM_0019082,CLI_000195
CLM_0019083,CLI_000544
CLM_0019084,CLI_000544
CLM_0019085,CLI_000544
CLM_0019086,CLI_000419
CLM_0019087,CLI_000419
CLM_0019088,CLI_000143
CLM_0019089,CLI_000143
CLM_0019090,CLI_000143
CLM_0019091,CLI_000435
CLM_0019092,CLI_000435
CLM_0019093,CLI_000435
CLM_0019094,CLI_000426
CLM_0019095,CLI_000426
CLM_0019096,CLI_000426
CLM_0019097,CLI_000033
CLM_0019098,CLI_000143
CLM_0019099,CLI_000143
CLM_0019100,CLI_000143
CLM_0019101,CLI_000429
CLM_0019102,CLI_000429
CLM_0019103,CLI_000565
CLM_0019104,CLI_000565
CLM_0019105,CLI_000166
CLM_0019106,CLI_000166
CLM_0019107,CLI_000166
CLM_0019108,CLI_000347
CLM_0019109,CLI_000033
CLM_0019110,CLI_000033
CLM_0019111,CLI_000061
CLM_0019112,CLI_000061
CLM_0019113,CLI_000202
CLM_0019114,CLI_000143
CLM_0019115,CLI_000142
CLM_0019116,CLI_000142
CLM_0019117,CLI_000142
CLM_0019118,CLI_000025
CLM_0019119,CLI_000025
CLM_0019120,CLI_000025
CLM_0019121,CLI_000426
CLM_0019122,CLI_000203
CLM_0019123,CLI_000203
CLM_0019124,CLI_000033
CLM_0019125,CLI_000479
CLM_0019126,CLI_000479
CLM_0019127,CLI_000479
CLM_0019128,CLI_000426
CLM_0019129,CLI_000426
CLM_0019130,CLI_000426
CLM_0019131,CLI_000203
CLM_0019132,CLI_000565
CLM_0019133,CLI_000565
CLM_0019134,CLI_000565
CLM_0019135,CLI_000401
CLM_0019136,CLI_000143
CLM_0019137,CLI_000143
CLM_0019138,CLI_000456
CLM_0019139,CLI_000456
CLM_0019140,CLI_000134
CLM_0019141,CLI_000134
CLM_0019142,CLI_000202
CLM_0019143,CLI_000076
CLM_0019144,CLI_000076
CLM_0019145,CLI_000535
CLM_0019146,CLI_000535
CLM_0019147,CLI_000435
CLM_0019148,CLI_000435
CLM_0019149,CLI_000435
CLM_0019150,CLI_000203
CLM_0019151,CLI_000203
CLM_0019152,CLI_000426
CLM_0019153,CLI_000143
CLM_0019154,CLI_000143
CLM_0019155,CLI_000404
CLM_0019156,CLI_000033
CLM_0019157,CLI_000033
CLM_0019158,CLI_000033
CLM_0019159,CLI_000011
CLM_0019160,CLI_000011
CLM_0019161,CLI_000011
CLM_0019162,CLI_000456
CLM_0019163,CLI_000456
CLM_0019164,CLI_000456
CLM_0019165,CLI_000593
CLM_0019166,CLI_000593
CLM_0019167,CLI_000166
CLM_0019168,CLI_000166
CLM_0019169,CLI_000166
CLM_0019170,CLI_000143
CLM_0019171,CLI_000143
CLM_0019172,CLI_000143
CLM_0019173,CLI_000160
CLM_0019174,CLI_000160
CLM_0019175,CLI_000160
CLM_0019176,CLI_000506
CLM_0019177,CLI_000506
CLM_0019178,CLI_000033
CLM_0019179,CLI_000033
CLM_0019180,CLI_000033
CLM_0019181,CLI_000426
CLM_0019182,CLI_000426
CLM_0019183,CLI_000426
CLM_0019184,CLI_000202
CLM_0019185,CLI_000414
CLM_0019186,CLI_000088
CLM_0019187,CLI_000088
CLM_0019188,CLI_000143
CLM_0019189,CLI_000143
CLM_0019190,CLI_000143
CLM_0019191,CLI_000076
CLM_0019192,CLI_000203
CLM_0019193,CLI_000203
CLM_0019194,CLI_000282
CLM_0019195,CLI_000282
CLM_0019196,CLI_000202
CLM_0019197,CLI_000202
CLM_0019198,CLI_000202
CLM_0019199,CLI_000202
CLM_0019200,CLI_000202
CLM_0019201,CLI_000033
CLM_0019202,CLI_000033
CLM_0019203,CLI_000526
CLM_0019204,CLI_000526
CLM_0019205,CLI_000526
CLM_0019206,CLI_000526
CLM_0019207,CLI_000456
CLM_0019208,CLI_000011
CLM_0019209,CLI_000011
CLM_0019210,CLI_000535
CLM_0019211,CLI_000533
CLM_0019212,CLI_000203
CLM_0019213,CLI_000203
CLM_0019214,CLI_000058
CLM_0019215,CLI_000058
CLM_0019216,CLI_000033
CLM_0019217,CLI_000033
CLM_0019218,CLI_000033
CLM_0019219,CLI_000202
CLM_0019220,CLI_000202
CLM_0019221,CLI_000347
CLM_0019222,CLI_000506
CLM_0019223,CLI_000565
CLM_0019224,CLI_000565
CLM_0019225,CLI_000049
CLM_0019226,CLI_000033
CLM_0019227,CLI_000143
CLM_0019228,CLI_000143
CLM_0019229,CLI_000143
CLM_0019230,CLI_000025
CLM_0019231,CLI_000025
CLM_0019232,CLI_000025
CLM_0019233,CLI_000272
CLM_0019234,CLI_000272
CLM_0019235,CLI_000272
CLM_0019236,CLI_000385
CLM_0019237,CLI_000076
CLM_0019238,CLI_000076
CLM_0019239,CLI_000076
CLM_0019240,CLI_000219
CLM_0019241,CLI_000203
CLM_0019242,CLI_000033
CLM_0019243,CLI_000033
CLM_0019244,CLI_000460
CLM_0019245,CLI_000460
CLM_0019246,CLI_000426
CLM_0019247,CLI_000202
CLM_0019248,CLI_000202
CLM_0019249,CLI_000202
CLM_0019250,CLI_000526
CLM_0019251,CLI_000525
CLM_0019252,CLI_000525
CLM_0019253,CLI_000525
CLM_0019254,CLI_000517
CLM_0019255,CLI_000517
CLM_0019256,CLI_000517
CLM_0019257,CLI_000173
CLM_0019258,CLI_000594
CLM_0019259,CLI_000594
CLM_0019260,CLI_000202
CLM_0019261,CLI_000202
CLM_0019262,CLI_000525
CLM_0019263,CLI_000525
CLM_0019264,CLI_000506
CLM_0019265,CLI_000506
CLM_0019266,CLI_000506
CLM_0019267,CLI_000033
CLM_0019268,CLI_000033
CLM_0019269,CLI_000107
CLM_0019270,CLI_000107
CLM_0019271,CLI_000107
CLM_0019272,CLI_000232
CLM_0019273,CLI_000232
CLM_0019274,CLI_000031
CLM_0019275,CLI_000202
CLM_0019276,CLI_000202
CLM_0019277,CLI_000202
CLM_0019278,CLI_000426
CLM_0019279,CLI_000506
CLM_0019280,CLI_000506
CLM_0019281,CLI_000506
CLM_0019282,CLI_000166
CLM_0019283,CLI_000166
CLM_0019284,CLI_000143
CLM_0019285,CLI_000435
CLM_0019286,CLI_000202
CLM_0019287,CLI_000202
CLM_0019288,CLI_000033
CLM_0019289,CLI_000395
CLM_0019290,CLI_000395
CLM_0019291,CLI_000025
CLM_0019292,CLI_000025
CLM_0019293,CLI_000025
CLM_0019294,CLI_000025
CLM_0019295,CLI_000011
CLM_0019296,CLI_000143
CLM_0019297,CLI_000143
CLM_0019298,CLI_000143
CLM_0019299,CLI_000426
CLM_0019300,CLI_000426
CLM_0019301,CLI_000426
CLM_0019302,CLI_000127
CLM_0019303,CLI_000127
CLM_0019304,CLI_000127
CLM_0019305,CLI_000203
CLM_0019306,CLI_000143
CLM_0019307,CLI_000143
CLM_0019308,CLI_000143
CLM_0019309,CLI_000076
CLM_0019310,CLI_000076
CLM_0019311,CLI_000076
CLM_0019312,CLI_000456
CLM_0019313,CLI_000456
CLM_0019314,CLI_000105
CLM_0019315,CLI_000105
CLM_0019316,CLI_000105
CLM_0019317,CLI_000025
CLM_0019318,CLI_000025
CLM_0019319,CLI_000025
CLM_0019320,CLI_000203
CLM_0019321,CLI_000203
CLM_0019322,CLI_000203
CLM_0019323,CLI_000535
CLM_0019324,CLI_000535
CLM_0019325,CLI_000535
CLM_0019326,CLI_000480
CLM_0019327,CLI_000480
CLM_0019328,CLI_000480
CLM_0019329,CLI_000025
CLM_0019330,CLI_000025
CLM_0019331,CLI_000404
CLM_0019332,CLI_000404
CLM_0019333,CLI_000033
CLM_0019334,CLI_000033
CLM_0019335,CLI_000033
CLM_0019336,CLI_000033
CLM_0019337,CLI_000033
CLM_0019338,CLI_000033
CLM_0019339,CLI_000285
CLM_0019340,CLI_000285
CLM_0019341,CLI_000285
CLM_0019342,CLI_000202
CLM_0019343,CLI_000025
CLM_0019344,CLI_000107
CLM_0019345,CLI_000107
CLM_0019346,CLI_000107
CLM_0019347,CLI_000404
CLM_0019348,CLI_000404
CLM_0019349,CLI_000404
CLM_0019350,CLI_000202
CLM_0019351,CLI_000202
CLM_0019352,CLI_000202
CLM_0019353,CLI_000456
CLM_0019354,CLI_000456
CLM_0019355,CLI_000409
CLM_0019356,CLI_000409
CLM_0019357,CLI_000409
CLM_0019358,CLI_000285
CLM_0019359,CLI_000285
CLM_0019360,CLI_000285
CLM_0019361,CLI_000541
CLM_0019362,CLI_000541
CLM_0019363,CLI_000541
CLM_0019364,CLI_000507
CLM_0019365,CLI_000507
CLM_0019366,CLI_000507
CLM_0019367,CLI_000143
CLM_0019368,CLI_000143
CLM_0019369,CLI_000143
CLM_0019370,CLI_000426
CLM_0019371,CLI_000426
CLM_0019372,CLI_000253
CLM_0019373,CLI_000426
CLM_0019374,CLI_000426
CLM_0019375,CLI_000426
CLM_0019376,CLI_000236
CLM_0019377,CLI_000236
CLM_0019378,CLI_000236
CLM_0019379,CLI_000426
CLM_0019380,CLI_000426
CLM_0019381,CLI_000033
CLM_0019382,CLI_000033
CLM_0019383,CLI_000456
CLM_0019384,CLI_000456
CLM_0019385,CLI_000506
CLM_0019386,CLI_000143
CLM_0019387,CLI_000143
CLM_0019388,CLI_000143
CLM_0019389,CLI_000202
CLM_0019390,CLI_000202
CLM_0019391,CLI_000202
CLM_0019392,CLI_000253
CLM_0019393,CLI_000253
CLM_0019394,CLI_000202
CLM_0019395,CLI_000033
CLM_0019396,CLI_000033
CLM_0019397,CLI_000033
CLM_0019398,CLI_000382
CLM_0019399,CLI_000382
CLM_0019400,CLI_000382
CLM_0019401,CLI_000565
CLM_0019402,CLI_000565
CLM_0019403,CLI_000565
CLM_0019404,CLI_000105
CLM_0019405,CLI_000105
CLM_0019406,CLI_000203
CLM_0019407,CLI_000435
CLM_0019408,CLI_000435
CLM_0019409,CLI_000202
CLM_0019410,CLI_000202
CLM_0019411,CLI_000202
CLM_0019412,CLI_000426
CLM_0019413,CLI_000143
CLM_0019414,CLI_000143
CLM_0019415,CLI_000404
CLM_0019416,CLI_000404
CLM_0019417,CLI_000262
CLM_0019418,CLI_000262
CLM_0019419,CLI_000262
CLM_0019420,CLI_000025
CLM_0019421,CLI_000025
CLM_0019422,CLI_000033
CLM_0019423,CLI_000033
CLM_0019424,CLI_000033
CLM_0019425,CLI_000166
CLM_0019426,CLI_000025
CLM_0019427,CLI_000025
CLM_0019428,CLI_000025
CLM_0019429,CLI_000049
CLM_0019430,CLI_000049
CLM_0019431,CLI_000202
CLM_0019432,CLI_000033
CLM_0019433,CLI_000033
CLM_0019434,CLI_000065
CLM_0019435,CLI_000065
CLM_0019436,CLI_000065
CLM_0019437,CLI_000061
CLM_0019438,CLI_000061
CLM_0019439,CLI_000061
CLM_0019440,CLI_000526
CLM_0019441,CLI_000526
CLM_0019442,CLI_000143
CLM_0019443,CLI_000404
CLM_0019444,CLI_000404
CLM_0019445,CLI_000404
CLM_0019446,CLI_000395
CLM_0019447,CLI_000034
CLM_0019448,CLI_000506
CLM_0019449,CLI_000506
CLM_0019450,CLI_000506
CLM_0019451,CLI_000435
CLM_0019452,CLI_000435
CLM_0019453,CLI_000435
CLM_0019454,CLI_000426
CLM_0019455,CLI_000426
CLM_0019456,CLI_000276
CLM_0019457,CLI_000276
CLM_0019458,CLI_000189
CLM_0019459,CLI_000189
CLM_0019460,CLI_000033
CLM_0019461,CLI_000033
CLM_0019462,CLI_000368
CLM_0019463,CLI_000071
CLM_0019464,CLI_000071
CLM_0019465,CLI_000033
CLM_0019466,CLI_000033
CLM_0019467,CLI_000033
CLM_0019468,CLI_000426
CLM_0019469,CLI_000060
CLM_0019470,CLI_000060
CLM_0019471,CLI_000033
CLM_0019472,CLI_000033
CLM_0019473,CLI_000143
CLM_0019474,CLI_000143
CLM_0019475,CLI_000143
CLM_0019476,CLI_000025
CLM_0019477,CLI_000025
CLM_0019478,CLI_000025
CLM_0019479,CLI_000368
CLM_0019480,CLI_000368
CLM_0019481,CLI_000368
CLM_0019482,CLI_000044
CLM_0019483,CLI_000044
CLM_0019484,CLI_000324
CLM_0019485,CLI_000324
CLM_0019486,CLI_000535
CLM_0019487,CLI_000456
CLM_0019488,CLI_000213
CLM_0019489,CLI_000202
CLM_0019490,CLI_000033
CLM_0019491,CLI_000033
CLM_0019492,CLI_000033
CLM_0019493,CLI_000526
CLM_0019494,CLI_000526
CLM_0019495,CLI_000526
CLM_0019496,CLI_000565
CLM_0019497,CLI_000565
CLM_0019498,CLI_000565
CLM_0019499,CLI_000143
CLM_0019500,CLI_000143
CLM_0019501,CLI_000143
CLM_0019502,CLI_000143
CLM_0019503,CLI_000033
CLM_0019504,CLI_000160
CLM_0019505,CLI_000160
CLM_0019506,CLI_000143
CLM_0019507,CLI_000143
CLM_0019508,CLI_000506
CLM_0019509,CLI_000506
CLM_0019510,CLI_000506
CLM_0019511,CLI_000380
CLM_0019512,CLI_000203
CLM_0019513,CLI_000203
CLM_0019514,CLI_000033
CLM_0019515,CLI_000011
CLM_0019516,CLI_000143
CLM_0019517,CLI_000143
CLM_0019518,CLI_000456
CLM_0019519,CLI_000456
CLM_0019520,CLI_000143
CLM_0019521,CLI_000076
CLM_0019522,CLI_000525
CLM_0019523,CLI_000525
CLM_0019524,CLI_000525
CLM_0019525,CLI_000166
CLM_0019526,CLI_000166
CLM_0019527,CLI_000166
CLM_0019528,CLI_000166
CLM_0019529,CLI_000315
CLM_0019530,CLI_000315
CLM_0019531,CLI_000315
CLM_0019532,CLI_000166
CLM_0019533,CLI_000166
CLM_0019534,CLI_000166
CLM_0019535,CLI_000257
CLM_0019536,CLI_000257
CLM_0019537,CLI_000257
CLM_0019538,CLI_000033
CLM_0019539,CLI_000033
CLM_0019540,CLI_000033
CLM_0019541,CLI_000096
CLM_0019542,CLI_000096
CLM_0019543,CLI_000097
CLM_0019544,CLI_000202
CLM_0019545,CLI_000143
CLM_0019546,CLI_000565
CLM_0019547,CLI_000565
CLM_0019548,CLI_000565
CLM_0019549,CLI_000228
CLM_0019550,CLI_000228
CLM_0019551,CLI_000203
CLM_0019552,CLI_000426
CLM_0019553,CLI_000426
CLM_0019554,CLI_000426
CLM_0019555,CLI_000100
CLM_0019556,CLI_000100
CLM_0019557,CLI_000100
CLM_0019558,CLI_000253
CLM_0019559,CLI_000253
CLM_0019560,CLI_000202
CLM_0019561,CLI_000202
CLM_0019562,CLI_000143
CLM_0019563,CLI_000526
CLM_0019564,CLI_000526
CLM_0019565,CLI_000526
CLM_0019566,CLI_000245
CLM_0019567,CLI_000088
CLM_0019568,CLI_000202
CLM_0019569,CLI_000202
CLM_0019570,CLI_000368
CLM_0019571,CLI_000368
CLM_0019572,CLI_000368
CLM_0019573,CLI_000327
CLM_0019574,CLI_000141
CLM_0019575,CLI_000141
CLM_0019576,CLI_000141
CLM_0019577,CLI_000305
CLM_0019578,CLI_000305
CLM_0019579,CLI_000305
CLM_0019580,CLI_000535
CLM_0019581,CLI_000535
CLM_0019582,CLI_000535
CLM_0019583,CLI_000025
CLM_0019584,CLI_000025
CLM_0019585,CLI_000025
CLM_0019586,CLI_000391
CLM_0019587,CLI_000391
CLM_0019588,CLI_000426
CLM_0019589,CLI_000025
CLM_0019590,CLI_000025
CLM_0019591,CLI_000025
CLM_0019592,CLI_000526
CLM_0019593,CLI_000526
CLM_0019594,CLI_000506
CLM_0019595,CLI_000506
CLM_0019596,CLI_000404
CLM_0019597,CLI_000404
CLM_0019598,CLI_000404
CLM_0019599,CLI_000426
CLM_0019600,CLI_000426
CLM_0019601,CLI_000105
CLM_0019602,CLI_000105
CLM_0019603,CLI_000105
CLM_0019604,CLI_000080
CLM_0019605,CLI_000080
CLM_0019606,CLI_000552
CLM_0019607,CLI_000395
CLM_0019608,CLI_000426
CLM_0019609,CLI_000426
CLM_0019610,CLI_000426
CLM_0019611,CLI_000076
CLM_0019612,CLI_000076
CLM_0019613,CLI_000143
CLM_0019614,CLI_000166
CLM_0019615,CLI_000166
CLM_0019616,CLI_000202
CLM_0019617,CLI_000202
CLM_0019618,CLI_000404
CLM_0019619,CLI_000404
CLM_0019620,CLI_000282
CLM_0019621,CLI_000282
CLM_0019622,CLI_000160
CLM_0019623,CLI_000160
CLM_0019624,CLI_000143
CLM_0019625,CLI_000368
CLM_0019626,CLI_000368
CLM_0019627,CLI_000368
CLM_0019628,CLI_000200
CLM_0019629,CLI_000200
CLM_0019630,CLI_000200
CLM_0019631,CLI_000429
CLM_0019632,CLI_000429
CLM_0019633,CLI_000033
CLM_0019634,CLI_000033
CLM_0019635,CLI_000033
CLM_0019636,CLI_000380
CLM_0019637,CLI_000380
CLM_0019638,CLI_000195
CLM_0019639,CLI_000195
CLM_0019640,CLI_000195
CLM_0019641,CLI_000195
CLM_0019642,CLI_000089
CLM_0019643,CLI_000059
CLM_0019644,CLI_000059
CLM_0019645,CLI_000143
CLM_0019646,CLI_000143
CLM_0019647,CLI_000143
CLM_0019648,CLI_000533
CLM_0019649,CLI_000533
CLM_0019650,CLI_000533
CLM_0019651,CLI_000052
CLM_0019652,CLI_000143
CLM_0019653,CLI_000143
CLM_0019654,CLI_000143
CLM_0019655,CLI_000141
CLM_0019656,CLI_000141
CLM_0019657,CLI_000245
CLM_0019658,CLI_000245
CLM_0019659,CLI_000245
CLM_0019660,CLI_000456
CLM_0019661,CLI_000456
CLM_0019662,CLI_000456
CLM_0019663,CLI_000456
CLM_0019664,CLI_000456
CLM_0019665,CLI_000456
CLM_0019666,CLI_000202
CLM_0019667,CLI_000202
CLM_0019668,CLI_000202
CLM_0019669,CLI_000310
CLM_0019670,CLI_000310
CLM_0019671,CLI_000285
CLM_0019672,CLI_000285
CLM_0019673,CLI_000285
CLM_0019674,CLI_000143
CLM_0019675,CLI_000143
CLM_0019676,CLI_000097
CLM_0019677,CLI_000203
CLM_0019678,CLI_000219
CLM_0019679,CLI_000219
CLM_0019680,CLI_000194
CLM_0019681,CLI_000194
CLM_0019682,CLI_000088
CLM_0019683,CLI_000088
CLM_0019684,CLI_000088
CLM_0019685,CLI_000202
CLM_0019686,CLI_000506
CLM_0019687,CLI_000166
CLM_0019688,CLI_000203
CLM_0019689,CLI_000456
CLM_0019690,CLI_000456
CLM_0019691,CLI_000506
CLM_0019692,CLI_000506
CLM_0019693,CLI_000404
CLM_0019694,CLI_000143
CLM_0019695,CLI_000143
CLM_0019696,CLI_000025
CLM_0019697,CLI_000025
CLM_0019698,CLI_000143
CLM_0019699,CLI_000143
CLM_0019700,CLI_000143
CLM_0019701,CLI_000456
CLM_0019702,CLI_000456
CLM_0019703,CLI_000456
CLM_0019704,CLI_000033
CLM_0019705,CLI_000025
CLM_0019706,CLI_000025
CLM_0019707,CLI_000025
CLM_0019708,CLI_000203
CLM_0019709,CLI_000550
CLM_0019710,CLI_000550
CLM_0019711,CLI_000381
CLM_0019712,CLI_000381
CLM_0019713,CLI_000381
CLM_0019714,CLI_000456
CLM_0019715,CLI_000565
CLM_0019716,CLI_000565
CLM_0019717,CLI_000565
CLM_0019718,CLI_000426
CLM_0019719,CLI_000426
CLM_0019720,CLI_000200
CLM_0019721,CLI_000200
CLM_0019722,CLI_000143
CLM_0019723,CLI_000143
CLM_0019724,CLI_000143
CLM_0019725,CLI_000010
CLM_0019726,CLI_000010
CLM_0019727,CLI_000010
CLM_0019728,CLI_000143
CLM_0019729,CLI_000143
CLM_0019730,CLI_000143
CLM_0019731,CLI_000426
CLM_0019732,CLI_000426
CLM_0019733,CLI_000426
CLM_0019734,CLI_000202
CLM_0019735,CLI_000202
CLM_0019736,CLI_000202
CLM_0019737,CLI_000202
CLM_0019738,CLI_000202
CLM_0019739,CLI_000033
CLM_0019740,CLI_000107
CLM_0019741,CLI_000203
CLM_0019742,CLI_000203
CLM_0019743,CLI_000143
CLM_0019744,CLI_000143
CLM_0019745,CLI_000143
CLM_0019746,CLI_000202
CLM_0019747,CLI_000025
CLM_0019748,CLI_000025
CLM_0019749,CLI_000143
CLM_0019750,CLI_000097
CLM_0019751,CLI_000203
CLM_0019752,CLI_000061
CLM_0019753,CLI_000061
CLM_0019754,CLI_000143
CLM_0019755,CLI_000143
CLM_0019756,CLI_000143
CLM_0019757,CLI_000203
CLM_0019758,CLI_000203
CLM_0019759,CLI_000203
CLM_0019760,CLI_000141
CLM_0019761,CLI_000076
CLM_0019762,CLI_000076
CLM_0019763,CLI_000076
CLM_0019764,CLI_000143
CLM_0019765,CLI_000143
CLM_0019766,CLI_000202
CLM_0019767,CLI_000202
CLM_0019768,CLI_000143
CLM_0019769,CLI_000404
CLM_0019770,CLI_000525
CLM_0019771,CLI_000525
CLM_0019772,CLI_000525
CLM_0019773,CLI_000025
CLM_0019774,CLI_000025
CLM_0019775,CLI_000025
CLM_0019776,CLI_000507
CLM_0019777,CLI_000507
CLM_0019778,CLI_000507
CLM_0019779,CLI_000253
CLM_0019780,CLI_000253
CLM_0019781,CLI_000203
CLM_0019782,CLI_000203
CLM_0019783,CLI_000203
CLM_0019784,CLI_000076
CLM_0019785,CLI_000076
CLM_0019786,CLI_000076
CLM_0019787,CLI_000345
CLM_0019788,CLI_000142
CLM_0019789,CLI_000143
CLM_0019790,CLI_000169
CLM_0019791,CLI_000169
CLM_0019792,CLI_000169
CLM_0019793,CLI_000456
CLM_0019794,CLI_000456
CLM_0019795,CLI_000535
CLM_0019796,CLI_000143
CLM_0019797,CLI_000076
CLM_0019798,CLI_000076
CLM_0019799,CLI_000076
CLM_0019800,CLI_000435
CLM_0019801,CLI_000435
CLM_0019802,CLI_000076
CLM_0019803,CLI_000076
CLM_0019804,CLI_000076
CLM_0019805,CLI_000584
CLM_0019806,CLI_000385
CLM_0019807,CLI_000385
CLM_0019808,CLI_000125
CLM_0019809,CLI_000125
CLM_0019810,CLI_000565
CLM_0019811,CLI_000565
CLM_0019812,CLI_000565
CLM_0019813,CLI_000202
CLM_0019814,CLI_000076
CLM_0019815,CLI_000076
CLM_0019816,CLI_000076
CLM_0019817,CLI_000526
CLM_0019818,CLI_000203
CLM_0019819,CLI_000203
CLM_0019820,CLI_000203
CLM_0019821,CLI_000203
CLM_0019822,CLI_000447
CLM_0019823,CLI_000447
CLM_0019824,CLI_000121
CLM_0019825,CLI_000233
CLM_0019826,CLI_000233
CLM_0019827,CLI_000233
CLM_0019828,CLI_000367
CLM_0019829,CLI_000367
CLM_0019830,CLI_000162
CLM_0019831,CLI_000162
CLM_0019832,CLI_000162
CLM_0019833,CLI_000184
CLM_0019834,CLI_000184
CLM_0019835,CLI_000184
CLM_0019836,CLI_000203
CLM_0019837,CLI_000203
CLM_0019838,CLI_000203
CLM_0019839,CLI_000202
CLM_0019840,CLI_000202
CLM_0019841,CLI_000143
CLM_0019842,CLI_000143
CLM_0019843,CLI_000565
CLM_0019844,CLI_000565
CLM_0019845,CLI_000143
CLM_0019846,CLI_000143
CLM_0019847,CLI_000166
CLM_0019848,CLI_000166
CLM_0019849,CLI_000506
CLM_0019850,CLI_000506
CLM_0019851,CLI_000202
CLM_0019852,CLI_000202
CLM_0019853,CLI_000202
CLM_0019854,CLI_000141
CLM_0019855,CLI_000141
CLM_0019856,CLI_000141
CLM_0019857,CLI_000479
CLM_0019858,CLI_000479
CLM_0019859,CLI_000479
CLM_0019860,CLI_000565
CLM_0019861,CLI_000565
CLM_0019862,CLI_000565
CLM_0019863,CLI_000121
CLM_0019864,CLI_000121
CLM_0019865,CLI_000060
CLM_0019866,CLI_000060
CLM_0019867,CLI_000404
CLM_0019868,CLI_000404
CLM_0019869,CLI_000404
CLM_0019870,CLI_000456
CLM_0019871,CLI_000456
CLM_0019872,CLI_000456
CLM_0019873,CLI_000061
CLM_0019874,CLI_000061
CLM_0019875,CLI_000139
CLM_0019876,CLI_000160
CLM_0019877,CLI_000160
CLM_0019878,CLI_000160
CLM_0019879,CLI_000426
CLM_0019880,CLI_000426
CLM_0019881,CLI_000426
CLM_0019882,CLI_000456
CLM_0019883,CLI_000456
CLM_0019884,CLI_000456
CLM_0019885,CLI_000033
CLM_0019886,CLI_000012
CLM_0019887,CLI_000012
CLM_0019888,CLI_000203
CLM_0019889,CLI_000203
CLM_0019890,CLI_000456
CLM_0019891,CLI_000203
CLM_0019892,CLI_000203
CLM_0019893,CLI_000203
CLM_0019894,CLI_000535
CLM_0019895,CLI_000535
CLM_0019896,CLI_000535
CLM_0019897,CLI_000202
CLM_0019898,CLI_000166
CLM_0019899,CLI_000231
CLM_0019900,CLI_000025
CLM_0019901,CLI_000033
CLM_0019902,CLI_000033
CLM_0019903,CLI_000481
CLM_0019904,CLI_000481
CLM_0019905,CLI_000481
CLM_0019906,CLI_000314
CLM_0019907,CLI_000314
CLM_0019908,CLI_000314
CLM_0019909,CLI_000565
CLM_0019910,CLI_000565
CLM_0019911,CLI_000565
CLM_0019912,CLI_000143
CLM_0019913,CLI_000202
CLM_0019914,CLI_000025
CLM_0019915,CLI_000025
CLM_0019916,CLI_000025
CLM_0019917,CLI_000453
CLM_0019918,CLI_000453
CLM_0019919,CLI_000453
CLM_0019920,CLI_000438
CLM_0019921,CLI_000438
CLM_0019922,CLI_000203
CLM_0019923,CLI_000203
CLM_0019924,CLI_000025
CLM_0019925,CLI_000025
CLM_0019926,CLI_000456
CLM_0019927,CLI_000456
CLM_0019928,CLI_000202
CLM_0019929,CLI_000202
CLM_0019930,CLI_000456
CLM_0019931,CLI_000456
CLM_0019932,CLI_000456
CLM_0019933,CLI_000456
CLM_0019934,CLI_000456
CLM_0019935,CLI_000526
CLM_0019936,CLI_000526
CLM_0019937,CLI_000526
CLM_0019938,CLI_000494
CLM_0019939,CLI_000033
CLM_0019940,CLI_000419
CLM_0019941,CLI_000419
CLM_0019942,CLI_000025
CLM_0019943,CLI_000143
CLM_0019944,CLI_000025
CLM_0019945,CLI_000025
CLM_0019946,CLI_000143
CLM_0019947,CLI_000143
CLM_0019948,CLI_000585
CLM_0019949,CLI_000169
CLM_0019950,CLI_000169
CLM_0019951,CLI_000169
CLM_0019952,CLI_000033
CLM_0019953,CLI_000107
CLM_0019954,CLI_000107
CLM_0019955,CLI_000107
CLM_0019956,CLI_000202
CLM_0019957,CLI_000202
CLM_0019958,CLI_000025
CLM_0019959,CLI_000025
CLM_0019960,CLI_000025
CLM_0019961,CLI_000058
CLM_0019962,CLI_000058
CLM_0019963,CLI_000143
CLM_0019964,CLI_000143
CLM_0019965,CLI_000143
CLM_0019966,CLI_000380
CLM_0019967,CLI_000039
CLM_0019968,CLI_000039
CLM_0019969,CLI_000039
CLM_0019970,CLI_000138
CLM_0019971,CLI_000138
CLM_0019972,CLI_000435
CLM_0019973,CLI_000143
CLM_0019974,CLI_000143
CLM_0019975,CLI_000477
CLM_0019976,CLI_000477
CLM_0019977,CLI_000477
CLM_0019978,CLI_000121
CLM_0019979,CLI_000033
CLM_0019980,CLI_000033
CLM_0019981,CLI_000033
CLM_0019982,CLI_000491
CLM_0019983,CLI_000143
CLM_0019984,CLI_000202
CLM_0019985,CLI_000579
CLM_0019986,CLI_000579
CLM_0019987,CLI_000143
CLM_0019988,CLI_000143
CLM_0019989,CLI_000143
CLM_0019990,CLI_000202
CLM_0019991,CLI_000419
CLM_0019992,CLI_000456
CLM_0019993,CLI_000456
CLM_0019994,CLI_000166
CLM_0019995,CLI_000166
CLM_0019996,CLI_000166
CLM_0019997,CLI_000143
CLM_0019998,CLI_000456
CLM_0019999,CLI_000456
CLM_0020000,CLI_000419
CLM_0020001,CLI_000419
CLM_0020002,CLI_000419
CLM_0020003,CLI_000189
CLM_0020004,CLI_000189
CLM_0020005,CLI_000189
CLM_0020006,CLI_000202
CLM_0020007,CLI_000404
CLM_0020008,CLI_000404
CLM_0020009,CLI_000526
CLM_0020010,CLI_000025
CLM_0020011,CLI_000025
CLM_0020012,CLI_000143
CLM_0020013,CLI_000143
CLM_0020014,CLI_000565
CLM_0020015,CLI_000565
CLM_0020016,CLI_000143
CLM_0020017,CLI_000143
CLM_0020018,CLI_000143
CLM_0020019,CLI_000203
CLM_0020020,CLI_000033
CLM_0020021,CLI_000143
CLM_0020022,CLI_000143
CLM_0020023,CLI_000060
CLM_0020024,CLI_000223
CLM_0020025,CLI_000223
CLM_0020026,CLI_000565
CLM_0020027,CLI_000025
CLM_0020028,CLI_000076
CLM_0020029,CLI_000143
CLM_0020030,CLI_000143
CLM_0020031,CLI_000143
CLM_0020032,CLI_000203
CLM_0020033,CLI_000203
CLM_0020034,CLI_000203
CLM_0020035,CLI_000025
CLM_0020036,CLI_000025
CLM_0020037,CLI_000025
CLM_0020038,CLI_000143
CLM_0020039,CLI_000143
CLM_0020040,CLI_000426
CLM_0020041,CLI_000033
CLM_0020042,CLI_000395
CLM_0020043,CLI_000395
CLM_0020044,CLI_000200
CLM_0020045,CLI_000200
CLM_0020046,CLI_000200
CLM_0020047,CLI_000456
CLM_0020048,CLI_000068
CLM_0020049,CLI_000068
CLM_0020050,CLI_000068
CLM_0020051,CLI_000113
CLM_0020052,CLI_000113
CLM_0020053,CLI_000318
CLM_0020054,CLI_000033
CLM_0020055,CLI_000033
CLM_0020056,CLI_000456
CLM_0020057,CLI_000404
CLM_0020058,CLI_000404
CLM_0020059,CLI_000404
CLM_0020060,CLI_000011
CLM_0020061,CLI_000435
CLM_0020062,CLI_000435
CLM_0020063,CLI_000143
CLM_0020064,CLI_000143
CLM_0020065,CLI_000385
CLM_0020066,CLI_000385
CLM_0020067,CLI_000385
CLM_0020068,CLI_000143
CLM_0020069,CLI_000143
CLM_0020070,CLI_000380
CLM_0020071,CLI_000380
CLM_0020072,CLI_000380
CLM_0020073,CLI_000203
CLM_0020074,CLI_000143
CLM_0020075,CLI_000046
CLM_0020076,CLI_000046
CLM_0020077,CLI_000166
CLM_0020078,CLI_000058
CLM_0020079,CLI_000058
CLM_0020080,CLI_000025
CLM_0020081,CLI_000025
CLM_0020082,CLI_000061
CLM_0020083,CLI_000061
CLM_0020084,CLI_000061
CLM_0020085,CLI_000143
CLM_0020086,CLI_000526
CLM_0020087,CLI_000535
CLM_0020088,CLI_000535
CLM_0020089,CLI_000203
CLM_0020090,CLI_000203
CLM_0020091,CLI_000299
CLM_0020092,CLI_000033
CLM_0020093,CLI_000033
CLM_0020094,CLI_000033
CLM_0020095,CLI_000065
CLM_0020096,CLI_000065
CLM_0020097,CLI_000143
CLM_0020098,CLI_000299
CLM_0020099,CLI_000088
CLM_0020100,CLI_000088
CLM_0020101,CLI_000088
CLM_0020102,CLI_000368
CLM_0020103,CLI_000368
CLM_0020104,CLI_000552
CLM_0020105,CLI_000552
CLM_0020106,CLI_000552
CLM_0020107,CLI_000143
CLM_0020108,CLI_000033
CLM_0020109,CLI_000535
CLM_0020110,CLI_000535
CLM_0020111,CLI_000143
CLM_0020112,CLI_000143
CLM_0020113,CLI_000143
CLM_0020114,CLI_000203
CLM_0020115,CLI_000134
CLM_0020116,CLI_000134
CLM_0020117,CLI_000134
CLM_0020118,CLI_000141
CLM_0020119,CLI_000203
CLM_0020120,CLI_000203
CLM_0020121,CLI_000143
CLM_0020122,CLI_000033
CLM_0020123,CLI_000214
CLM_0020124,CLI_000214
CLM_0020125,CLI_000214
CLM_0020126,CLI_000195
CLM_0020127,CLI_000541
CLM_0020128,CLI_000541
CLM_0020129,CLI_000535
CLM_0020130,CLI_000535
CLM_0020131,CLI_000076
CLM_0020132,CLI_000076
CLM_0020133,CLI_000166
CLM_0020134,CLI_000166
CLM_0020135,CLI_000521
CLM_0020136,CLI_000025
CLM_0020137,CLI_000245
CLM_0020138,CLI_000245
CLM_0020139,CLI_000245
CLM_0020140,CLI_000525
CLM_0020141,CLI_000525
CLM_0020142,CLI_000525
CLM_0020143,CLI_000089
CLM_0020144,CLI_000089
CLM_0020145,CLI_000203
CLM_0020146,CLI_000203
CLM_0020147,CLI_000076
CLM_0020148,CLI_000076
CLM_0020149,CLI_000088
CLM_0020150,CLI_000033
CLM_0020151,CLI_000033
CLM_0020152,CLI_000121
CLM_0020153,CLI_000121
CLM_0020154,CLI_000025
CLM_0020155,CLI_000426
CLM_0020156,CLI_000268
CLM_0020157,CLI_000268
CLM_0020158,CLI_000143
CLM_0020159,CLI_000506
CLM_0020160,CLI_000506
CLM_0020161,CLI_000506
CLM_0020162,CLI_000107
CLM_0020163,CLI_000107
CLM_0020164,CLI_000107
CLM_0020165,CLI_000426
CLM_0020166,CLI_000526
CLM_0020167,CLI_000526
CLM_0020168,CLI_000526
CLM_0020169,CLI_000438
CLM_0020170,CLI_000438
CLM_0020171,CLI_000438
CLM_0020172,CLI_000380
CLM_0020173,CLI_000143
CLM_0020174,CLI_000143
CLM_0020175,CLI_000143
CLM_0020176,CLI_000404
CLM_0020177,CLI_000404
CLM_0020178,CLI_000061
CLM_0020179,CLI_000143
CLM_0020180,CLI_000143
CLM_0020181,CLI_000179
CLM_0020182,CLI_000033
CLM_0020183,CLI_000033
CLM_0020184,CLI_000033
CLM_0020185,CLI_000544
CLM_0020186,CLI_000141
CLM_0020187,CLI_000419
CLM_0020188,CLI_000419
CLM_0020189,CLI_000419
CLM_0020190,CLI_000525
CLM_0020191,CLI_000525
CLM_0020192,CLI_000525
CLM_0020193,CLI_000456
CLM_0020194,CLI_000456
CLM_0020195,CLI_000253
CLM_0020196,CLI_000535
CLM_0020197,CLI_000316
CLM_0020198,CLI_000316
CLM_0020199,CLI_000316
CLM_0020200,CLI_000565
CLM_0020201,CLI_000565
CLM_0020202,CLI_000565
CLM_0020203,CLI_000158
CLM_0020204,CLI_000158
CLM_0020205,CLI_000404
CLM_0020206,CLI_000143
CLM_0020207,CLI_000143
CLM_0020208,CLI_000143
CLM_0020209,CLI_000426
CLM_0020210,CLI_000426
CLM_0020211,CLI_000426
CLM_0020212,CLI_000245
CLM_0020213,CLI_000245
CLM_0020214,CLI_000033
CLM_0020215,CLI_000541
CLM_0020216,CLI_000541
CLM_0020217,CLI_000506
CLM_0020218,CLI_000506
CLM_0020219,CLI_000506
CLM_0020220,CLI_000314
CLM_0020221,CLI_000314
CLM_0020222,CLI_000088
CLM_0020223,CLI_000438
CLM_0020224,CLI_000426
CLM_0020225,CLI_000426
CLM_0020226,CLI_000095
CLM_0020227,CLI_000095
CLM_0020228,CLI_000525
CLM_0020229,CLI_000525
CLM_0020230,CLI_000525
CLM_0020231,CLI_000001
CLM_0020232,CLI_000001
CLM_0020233,CLI_000088
CLM_0020234,CLI_000088
CLM_0020235,CLI_000152
CLM_0020236,CLI_000033
CLM_0020237,CLI_000033
CLM_0020238,CLI_000033
CLM_0020239,CLI_000202
CLM_0020240,CLI_000202
CLM_0020241,CLI_000202
CLM_0020242,CLI_000143
CLM_0020243,CLI_000315
CLM_0020244,CLI_000315
CLM_0020245,CLI_000315
CLM_0020246,CLI_000360
CLM_0020247,CLI_000360
CLM_0020248,CLI_000360
CLM_0020249,CLI_000456
CLM_0020250,CLI_000121
CLM_0020251,CLI_000121
CLM_0020252,CLI_000278
CLM_0020253,CLI_000143
CLM_0020254,CLI_000143
CLM_0020255,CLI_000121
CLM_0020256,CLI_000121
CLM_0020257,CLI_000121
CLM_0020258,CLI_000392
CLM_0020259,CLI_000392
CLM_0020260,CLI_000392
CLM_0020261,CLI_000202
CLM_0020262,CLI_000202
CLM_0020263,CLI_000202
CLM_0020264,CLI_000202
CLM_0020265,CLI_000025
CLM_0020266,CLI_000025
CLM_0020267,CLI_000426
CLM_0020268,CLI_000426
CLM_0020269,CLI_000426
CLM_0020270,CLI_000501
CLM_0020271,CLI_000501
CLM_0020272,CLI_000501
CLM_0020273,CLI_000076
CLM_0020274,CLI_000076
CLM_0020275,CLI_000076
CLM_0020276,CLI_000380
CLM_0020277,CLI_000380
CLM_0020278,CLI_000033
CLM_0020279,CLI_000033
CLM_0020280,CLI_000033
CLM_0020281,CLI_000506
CLM_0020282,CLI_000506
CLM_0020283,CLI_000202
CLM_0020284,CLI_000143
CLM_0020285,CLI_000143
CLM_0020286,CLI_000143
CLM_0020287,CLI_000143
CLM_0020288,CLI_000143
CLM_0020289,CLI_000143
CLM_0020290,CLI_000253
CLM_0020291,CLI_000253
CLM_0020292,CLI_000253
CLM_0020293,CLI_000143
CLM_0020294,CLI_000468
CLM_0020295,CLI_000166
CLM_0020296,CLI_000033
CLM_0020297,CLI_000033
CLM_0020298,CLI_000143
CLM_0020299,CLI_000143
CLM_0020300,CLI_000143
CLM_0020301,CLI_000526
CLM_0020302,CLI_000203
CLM_0020303,CLI_000203
CLM_0020304,CLI_000435
CLM_0020305,CLI_000435
CLM_0020306,CLI_000435
CLM_0020307,CLI_000033
CLM_0020308,CLI_000033
CLM_0020309,CLI_000033
CLM_0020310,CLI_000526
CLM_0020311,CLI_000526
CLM_0020312,CLI_000143
CLM_0020313,CLI_000143
CLM_0020314,CLI_000143
CLM_0020315,CLI_000188
CLM_0020316,CLI_000188
CLM_0020317,CLI_000002
CLM_0020318,CLI_000002
CLM_0020319,CLI_000228
CLM_0020320,CLI_000377
CLM_0020321,CLI_000377
CLM_0020322,CLI_000143
CLM_0020323,CLI_000143
CLM_0020324,CLI_000143
CLM_0020325,CLI_000426
CLM_0020326,CLI_000143
CLM_0020327,CLI_000143
CLM_0020328,CLI_000143
CLM_0020329,CLI_000143
CLM_0020330,CLI_000565
CLM_0020331,CLI_000565
CLM_0020332,CLI_000565
CLM_0020333,CLI_000456
CLM_0020334,CLI_000282
CLM_0020335,CLI_000282
CLM_0020336,CLI_000282
CLM_0020337,CLI_000076
CLM_0020338,CLI_000076
CLM_0020339,CLI_000404
CLM_0020340,CLI_000227
CLM_0020341,CLI_000227
CLM_0020342,CLI_000479
CLM_0020343,CLI_000184
CLM_0020344,CLI_000184
CLM_0020345,CLI_000202
CLM_0020346,CLI_000202
CLM_0020347,CLI_000380
CLM_0020348,CLI_000404
CLM_0020349,CLI_000404
CLM_0020350,CLI_000404
CLM_0020351,CLI_000426
CLM_0020352,CLI_000426
CLM_0020353,CLI_000426
CLM_0020354,CLI_000166
CLM_0020355,CLI_000166
CLM_0020356,CLI_000253
CLM_0020357,CLI_000253
CLM_0020358,CLI_000253
CLM_0020359,CLI_000033
CLM_0020360,CLI_000033
CLM_0020361,CLI_000033
CLM_0020362,CLI_000025
CLM_0020363,CLI_000268
CLM_0020364,CLI_000533
CLM_0020365,CLI_000533
CLM_0020366,CLI_000541
CLM_0020367,CLI_000541
CLM_0020368,CLI_000541
CLM_0020369,CLI_000143
CLM_0020370,CLI_000143
CLM_0020371,CLI_000143
CLM_0020372,CLI_000143
CLM_0020373,CLI_000143
CLM_0020374,CLI_000061
CLM_0020375,CLI_000013
CLM_0020376,CLI_000013
CLM_0020377,CLI_000268
CLM_0020378,CLI_000143
CLM_0020379,CLI_000033
CLM_0020380,CLI_000033
CLM_0020381,CLI_000033
CLM_0020382,CLI_000095
CLM_0020383,CLI_000095
CLM_0020384,CLI_000095
CLM_0020385,CLI_000404
CLM_0020386,CLI_000143
CLM_0020387,CLI_000143
CLM_0020388,CLI_000143
CLM_0020389,CLI_000368
CLM_0020390,CLI_000159
CLM_0020391,CLI_000159
CLM_0020392,CLI_000228
CLM_0020393,CLI_000143
CLM_0020394,CLI_000143
CLM_0020395,CLI_000143
CLM_0020396,CLI_000203
CLM_0020397,CLI_000208
CLM_0020398,CLI_000208
CLM_0020399,CLI_000208
CLM_0020400,CLI_000202
CLM_0020401,CLI_000202
CLM_0020402,CLI_000202
CLM_0020403,CLI_000419
CLM_0020404,CLI_000033
CLM_0020405,CLI_000347
CLM_0020406,CLI_000196
CLM_0020407,CLI_000196
CLM_0020408,CLI_000196
CLM_0020409,CLI_000195
CLM_0020410,CLI_000195
CLM_0020411,CLI_000195
CLM_0020412,CLI_000143
CLM_0020413,CLI_000076
CLM_0020414,CLI_000107
CLM_0020415,CLI_000107
CLM_0020416,CLI_000107
CLM_0020417,CLI_000565
CLM_0020418,CLI_000565
CLM_0020419,CLI_000565
CLM_0020420,CLI_000526
CLM_0020421,CLI_000526
CLM_0020422,CLI_000526
CLM_0020423,CLI_000117
CLM_0020424,CLI_000117
CLM_0020425,CLI_000363
CLM_0020426,CLI_000363
CLM_0020427,CLI_000363
CLM_0020428,CLI_000143
CLM_0020429,CLI_000033
CLM_0020430,CLI_000076
CLM_0020431,CLI_000076
CLM_0020432,CLI_000202
CLM_0020433,CLI_000203
CLM_0020434,CLI_000420
CLM_0020435,CLI_000420
CLM_0020436,CLI_000420
CLM_0020437,CLI_000143
CLM_0020438,CLI_000143
CLM_0020439,CLI_000033
CLM_0020440,CLI_000033
CLM_0020441,CLI_000033
CLM_0020442,CLI_000450
CLM_0020443,CLI_000450
CLM_0020444,CLI_000143
CLM_0020445,CLI_000143
CLM_0020446,CLI_000143
CLM_0020447,CLI_000565
CLM_0020448,CLI_000565
CLM_0020449,CLI_000061
CLM_0020450,CLI_000061
CLM_0020451,CLI_000061
CLM_0020452,CLI_000426
CLM_0020453,CLI_000426
CLM_0020454,CLI_000088
CLM_0020455,CLI_000088
CLM_0020456,CLI_000088
CLM_0020457,CLI_000030
CLM_0020458,CLI_000030
CLM_0020459,CLI_000088
CLM_0020460,CLI_000393
CLM_0020461,CLI_000393
CLM_0020462,CLI_000525
CLM_0020463,CLI_000525
CLM_0020464,CLI_000525
CLM_0020465,CLI_000404
CLM_0020466,CLI_000404
CLM_0020467,CLI_000404
CLM_0020468,CLI_000025
CLM_0020469,CLI_000025
CLM_0020470,CLI_000025
CLM_0020471,CLI_000065
CLM_0020472,CLI_000065
CLM_0020473,CLI_000456
CLM_0020474,CLI_000456
CLM_0020475,CLI_000456
CLM_0020476,CLI_000526
CLM_0020477,CLI_000143
CLM_0020478,CLI_000055
CLM_0020479,CLI_000055
CLM_0020480,CLI_000143
CLM_0020481,CLI_000143
CLM_0020482,CLI_000541
CLM_0020483,CLI_000541
CLM_0020484,CLI_000052
CLM_0020485,CLI_000052
CLM_0020486,CLI_000196
CLM_0020487,CLI_000202
CLM_0020488,CLI_000435
CLM_0020489,CLI_000435
CLM_0020490,CLI_000202
CLM_0020491,CLI_000565
CLM_0020492,CLI_000202
CLM_0020493,CLI_000202
CLM_0020494,CLI_000143
CLM_0020495,CLI_000143
CLM_0020496,CLI_000438
CLM_0020497,CLI_000438
CLM_0020498,CLI_000438
CLM_0020499,CLI_000143
CLM_0020500,CLI_000143
CLM_0020501,CLI_000033
CLM_0020502,CLI_000491
CLM_0020503,CLI_000143
CLM_0020504,CLI_000143
CLM_0020505,CLI_000143
CLM_0020506,CLI_000033
CLM_0020507,CLI_000033
CLM_0020508,CLI_000203
CLM_0020509,CLI_000203
CLM_0020510,CLI_000565
CLM_0020511,CLI_000565
CLM_0020512,CLI_000565
CLM_0020513,CLI_000245
CLM_0020514,CLI_000324
CLM_0020515,CLI_000324
CLM_0020516,CLI_000310
CLM_0020517,CLI_000419
CLM_0020518,CLI_000419
CLM_0020519,CLI_000419
CLM_0020520,CLI_000429
CLM_0020521,CLI_000429
CLM_0020522,CLI_000429
CLM_0020523,CLI_000535
CLM_0020524,CLI_000535
CLM_0020525,CLI_000535
CLM_0020526,CLI_000202
CLM_0020527,CLI_000202
CLM_0020528,CLI_000202
CLM_0020529,CLI_000262
CLM_0020530,CLI_000025
CLM_0020531,CLI_000025
CLM_0020532,CLI_000507
CLM_0020533,CLI_000507
CLM_0020534,CLI_000203
CLM_0020535,CLI_000401
CLM_0020536,CLI_000401
CLM_0020537,CLI_000401
CLM_0020538,CLI_000456
CLM_0020539,CLI_000517
CLM_0020540,CLI_000517
CLM_0020541,CLI_000025
CLM_0020542,CLI_000426
CLM_0020543,CLI_000426
CLM_0020544,CLI_000426
CLM_0020545,CLI_000525
CLM_0020546,CLI_000525
CLM_0020547,CLI_000143
CLM_0020548,CLI_000203
CLM_0020549,CLI_000005
CLM_0020550,CLI_000005
CLM_0020551,CLI_000143
CLM_0020552,CLI_000143
CLM_0020553,CLI_000565
CLM_0020554,CLI_000565
CLM_0020555,CLI_000565
CLM_0020556,CLI_000025
CLM_0020557,CLI_000025
CLM_0020558,CLI_000025
CLM_0020559,CLI_000033
CLM_0020560,CLI_000076
CLM_0020561,CLI_000076
CLM_0020562,CLI_000535
CLM_0020563,CLI_000426
CLM_0020564,CLI_000426
CLM_0020565,CLI_000426
CLM_0020566,CLI_000076
CLM_0020567,CLI_000076
CLM_0020568,CLI_000076
CLM_0020569,CLI_000195
CLM_0020570,CLI_000076
CLM_0020571,CLI_000565
CLM_0020572,CLI_000565
CLM_0020573,CLI_000076
CLM_0020574,CLI_000166
CLM_0020575,CLI_000166
CLM_0020576,CLI_000166
CLM_0020577,CLI_000160
CLM_0020578,CLI_000160
CLM_0020579,CLI_000444
CLM_0020580,CLI_000444
CLM_0020581,CLI_000444
CLM_0020582,CLI_000456
CLM_0020583,CLI_000565
CLM_0020584,CLI_000456
CLM_0020585,CLI_000456
CLM_0020586,CLI_000352
CLM_0020587,CLI_000352
CLM_0020588,CLI_000352
CLM_0020589,CLI_000076
CLM_0020590,CLI_000076
CLM_0020591,CLI_000501
CLM_0020592,CLI_000501
CLM_0020593,CLI_000202
CLM_0020594,CLI_000202
CLM_0020595,CLI_000143
CLM_0020596,CLI_000515
CLM_0020597,CLI_000515
CLM_0020598,CLI_000515
CLM_0020599,CLI_000380
CLM_0020600,CLI_000182
CLM_0020601,CLI_000426
CLM_0020602,CLI_000426
CLM_0020603,CLI_000426
CLM_0020604,CLI_000533
CLM_0020605,CLI_000533
CLM_0020606,CLI_000498
CLM_0020607,CLI_000498
CLM_0020608,CLI_000061
CLM_0020609,CLI_000061
CLM_0020610,CLI_000344
CLM_0020611,CLI_000199
CLM_0020612,CLI_000435
CLM_0020613,CLI_000435
CLM_0020614,CLI_000202
CLM_0020615,CLI_000202
CLM_0020616,CLI_000202
CLM_0020617,CLI_000404
CLM_0020618,CLI_000404
CLM_0020619,CLI_000105
CLM_0020620,CLI_000382
CLM_0020621,CLI_000202
CLM_0020622,CLI_000202
CLM_0020623,CLI_000202
CLM_0020624,CLI_000456
CLM_0020625,CLI_000456
CLM_0020626,CLI_000456
CLM_0020627,CLI_000456
CLM_0020628,CLI_000491
CLM_0020629,CLI_000491
CLM_0020630,CLI_000491
CLM_0020631,CLI_000089
CLM_0020632,CLI_000089
CLM_0020633,CLI_000089
CLM_0020634,CLI_000315
CLM_0020635,CLI_000315
CLM_0020636,CLI_000404
CLM_0020637,CLI_000404
CLM_0020638,CLI_000189
CLM_0020639,CLI_000189
CLM_0020640,CLI_000189
CLM_0020641,CLI_000310
CLM_0020642,CLI_000310
CLM_0020643,CLI_000160
CLM_0020644,CLI_000506
CLM_0020645,CLI_000506
CLM_0020646,CLI_000506
CLM_0020647,CLI_000107
CLM_0020648,CLI_000107
CLM_0020649,CLI_000033
CLM_0020650,CLI_000033
CLM_0020651,CLI_000033
CLM_0020652,CLI_000161
CLM_0020653,CLI_000161
CLM_0020654,CLI_000143
CLM_0020655,CLI_000089
CLM_0020656,CLI_000089
CLM_0020657,CLI_000089
CLM_0020658,CLI_000203
CLM_0020659,CLI_000076
CLM_0020660,CLI_000076
CLM_0020661,CLI_000076
CLM_0020662,CLI_000404
CLM_0020663,CLI_000404
CLM_0020664,CLI_000404
CLM_0020665,CLI_000217
CLM_0020666,CLI_000435
CLM_0020667,CLI_000435
CLM_0020668,CLI_000121
CLM_0020669,CLI_000121
CLM_0020670,CLI_000121
CLM_0020671,CLI_000203
CLM_0020672,CLI_000203
CLM_0020673,CLI_000143
CLM_0020674,CLI_000143
CLM_0020675,CLI_000143
CLM_0020676,CLI_000143
CLM_0020677,CLI_000143
CLM_0020678,CLI_000143
CLM_0020679,CLI_000351
CLM_0020680,CLI_000351
CLM_0020681,CLI_000061
CLM_0020682,CLI_000061
CLM_0020683,CLI_000141
CLM_0020684,CLI_000141
CLM_0020685,CLI_000076
CLM_0020686,CLI_000404
CLM_0020687,CLI_000525
CLM_0020688,CLI_000525
CLM_0020689,CLI_000203
CLM_0020690,CLI_000435
CLM_0020691,CLI_000435
CLM_0020692,CLI_000394
CLM_0020693,CLI_000410
CLM_0020694,CLI_000410
CLM_0020695,CLI_000410
CLM_0020696,CLI_000107
CLM_0020697,CLI_000107
CLM_0020698,CLI_000059
CLM_0020699,CLI_000059
CLM_0020700,CLI_000076
CLM_0020701,CLI_000202
CLM_0020702,CLI_000202
CLM_0020703,CLI_000202
CLM_0020704,CLI_000166
CLM_0020705,CLI_000166
CLM_0020706,CLI_000245
CLM_0020707,CLI_000245
CLM_0020708,CLI_000245
CLM_0020709,CLI_000535
CLM_0020710,CLI_000535
CLM_0020711,CLI_000535
CLM_0020712,CLI_000203
CLM_0020713,CLI_000288
CLM_0020714,CLI_000288
CLM_0020715,CLI_000245
CLM_0020716,CLI_000245
CLM_0020717,CLI_000245
CLM_0020718,CLI_000202
CLM_0020719,CLI_000202
CLM_0020720,CLI_000202
CLM_0020721,CLI_000202
CLM_0020722,CLI_000202
CLM_0020723,CLI_000202
CLM_0020724,CLI_000036
CLM_0020725,CLI_000036
CLM_0020726,CLI_000036
CLM_0020727,CLI_000282
CLM_0020728,CLI_000282
CLM_0020729,CLI_000282
CLM_0020730,CLI_000130
CLM_0020731,CLI_000130
CLM_0020732,CLI_000285
CLM_0020733,CLI_000033
CLM_0020734,CLI_000033
CLM_0020735,CLI_000033
CLM_0020736,CLI_000253
CLM_0020737,CLI_000253
CLM_0020738,CLI_000253
CLM_0020739,CLI_000435
CLM_0020740,CLI_000435
CLM_0020741,CLI_000033
CLM_0020742,CLI_000033
CLM_0020743,CLI_000033
CLM_0020744,CLI_000375
CLM_0020745,CLI_000375
CLM_0020746,CLI_000375
CLM_0020747,CLI_000143
CLM_0020748,CLI_000143
CLM_0020749,CLI_000456
CLM_0020750,CLI_000506
CLM_0020751,CLI_000025
CLM_0020752,CLI_000025
CLM_0020753,CLI_000025
CLM_0020754,CLI_000166
CLM_0020755,CLI_000033
CLM_0020756,CLI_000033
CLM_0020757,CLI_000033
CLM_0020758,CLI_000426
CLM_0020759,CLI_000426
CLM_0020760,CLI_000121
CLM_0020761,CLI_000143
CLM_0020762,CLI_000143
CLM_0020763,CLI_000203
CLM_0020764,CLI_000310
CLM_0020765,CLI_000310
CLM_0020766,CLI_000310
CLM_0020767,CLI_000203
CLM_0020768,CLI_000203
CLM_0020769,CLI_000143
CLM_0020770,CLI_000143
CLM_0020771,CLI_000245
CLM_0020772,CLI_000245
CLM_0020773,CLI_000395
CLM_0020774,CLI_000395
CLM_0020775,CLI_000395
CLM_0020776,CLI_000438
CLM_0020777,CLI_000438
CLM_0020778,CLI_000143
CLM_0020779,CLI_000143
CLM_0020780,CLI_000143
CLM_0020781,CLI_000404
CLM_0020782,CLI_000404
CLM_0020783,CLI_000404
CLM_0020784,CLI_000453
CLM_0020785,CLI_000143
CLM_0020786,CLI_000143
CLM_0020787,CLI_000599
CLM_0020788,CLI_000076
CLM_0020789,CLI_000553
CLM_0020790,CLI_000088
CLM_0020791,CLI_000088
CLM_0020792,CLI_000491
CLM_0020793,CLI_000143
CLM_0020794,CLI_000143
CLM_0020795,CLI_000143
CLM_0020796,CLI_000033
CLM_0020797,CLI_000033
CLM_0020798,CLI_000033
CLM_0020799,CLI_000143
CLM_0020800,CLI_000045
CLM_0020801,CLI_000045
CLM_0020802,CLI_000045
CLM_0020803,CLI_000042
CLM_0020804,CLI_000042
CLM_0020805,CLI_000203
CLM_0020806,CLI_000203
CLM_0020807,CLI_000203
CLM_0020808,CLI_000105
CLM_0020809,CLI_000143
CLM_0020810,CLI_000571
CLM_0020811,CLI_000426
CLM_0020812,CLI_000426
CLM_0020813,CLI_000223
CLM_0020814,CLI_000223
CLM_0020815,CLI_000223
CLM_0020816,CLI_000061
CLM_0020817,CLI_000061
CLM_0020818,CLI_000419
CLM_0020819,CLI_000419
CLM_0020820,CLI_000525
CLM_0020821,CLI_000525
CLM_0020822,CLI_000525
CLM_0020823,CLI_000456
CLM_0020824,CLI_000456
CLM_0020825,CLI_000033
CLM_0020826,CLI_000033
CLM_0020827,CLI_000033
CLM_0020828,CLI_000166
CLM_0020829,CLI_000166
CLM_0020830,CLI_000202
CLM_0020831,CLI_000202
CLM_0020832,CLI_000202
CLM_0020833,CLI_000456
CLM_0020834,CLI_000456
CLM_0020835,CLI_000456
CLM_0020836,CLI_000076
CLM_0020837,CLI_000143
CLM_0020838,CLI_000401
CLM_0020839,CLI_000008
CLM_0020840,CLI_000008
CLM_0020841,CLI_000011
CLM_0020842,CLI_000166
CLM_0020843,CLI_000166
CLM_0020844,CLI_000143
CLM_0020845,CLI_000107
CLM_0020846,CLI_000280
CLM_0020847,CLI_000033
CLM_0020848,CLI_000033
CLM_0020849,CLI_000033
CLM_0020850,CLI_000089
CLM_0020851,CLI_000332
CLM_0020852,CLI_000143
CLM_0020853,CLI_000571
CLM_0020854,CLI_000033
CLM_0020855,CLI_000076
CLM_0020856,CLI_000076
CLM_0020857,CLI_000076
CLM_0020858,CLI_000143
CLM_0020859,CLI_000143
CLM_0020860,CLI_000202
CLM_0020861,CLI_000202
CLM_0020862,CLI_000143
CLM_0020863,CLI_000076
CLM_0020864,CLI_000076
CLM_0020865,CLI_000143
CLM_0020866,CLI_000138
CLM_0020867,CLI_000426
CLM_0020868,CLI_000426
CLM_0020869,CLI_000556
CLM_0020870,CLI_000556
CLM_0020871,CLI_000068
CLM_0020872,CLI_000068
CLM_0020873,CLI_000068
CLM_0020874,CLI_000526
CLM_0020875,CLI_000426
CLM_0020876,CLI_000426
CLM_0020877,CLI_000426
CLM_0020878,CLI_000033
CLM_0020879,CLI_000033
CLM_0020880,CLI_000033
CLM_0020881,CLI_000143
CLM_0020882,CLI_000143
CLM_0020883,CLI_000143
CLM_0020884,CLI_000310
CLM_0020885,CLI_000310
CLM_0020886,CLI_000354
CLM_0020887,CLI_000426
CLM_0020888,CLI_000143
CLM_0020889,CLI_000121
CLM_0020890,CLI_000121
CLM_0020891,CLI_000525
CLM_0020892,CLI_000525
CLM_0020893,CLI_000143
CLM_0020894,CLI_000143
CLM_0020895,CLI_000143
CLM_0020896,CLI_000143
CLM_0020897,CLI_000143
CLM_0020898,CLI_000076
CLM_0020899,CLI_000456
CLM_0020900,CLI_000565
CLM_0020901,CLI_000565
CLM_0020902,CLI_000565
CLM_0020903,CLI_000058
CLM_0020904,CLI_000285
CLM_0020905,CLI_000285
CLM_0020906,CLI_000025
CLM_0020907,CLI_000025
CLM_0020908,CLI_000025
CLM_0020909,CLI_000506
CLM_0020910,CLI_000506
CLM_0020911,CLI_000143
CLM_0020912,CLI_000143
CLM_0020913,CLI_000143
CLM_0020914,CLI_000045
CLM_0020915,CLI_000045
CLM_0020916,CLI_000160
CLM_0020917,CLI_000160
CLM_0020918,CLI_000143
CLM_0020919,CLI_000143
CLM_0020920,CLI_000143
CLM_0020921,CLI_000202
CLM_0020922,CLI_000526
CLM_0020923,CLI_000526
CLM_0020924,CLI_000526
CLM_0020925,CLI_000143
CLM_0020926,CLI_000143
CLM_0020927,CLI_000059
CLM_0020928,CLI_000059
CLM_0020929,CLI_000059
CLM_0020930,CLI_000526
CLM_0020931,CLI_000025
CLM_0020932,CLI_000025
CLM_0020933,CLI_000025
CLM_0020934,CLI_000033
CLM_0020935,CLI_000033
CLM_0020936,CLI_000143
CLM_0020937,CLI_000143
CLM_0020938,CLI_000076
CLM_0020939,CLI_000076
CLM_0020940,CLI_000076
CLM_0020941,CLI_000143
CLM_0020942,CLI_000143
CLM_0020943,CLI_000143
CLM_0020944,CLI_000435
CLM_0020945,CLI_000435
CLM_0020946,CLI_000143
CLM_0020947,CLI_000143
CLM_0020948,CLI_000200
CLM_0020949,CLI_000200
CLM_0020950,CLI_000076
CLM_0020951,CLI_000076
CLM_0020952,CLI_000076
CLM_0020953,CLI_000262
CLM_0020954,CLI_000143
CLM_0020955,CLI_000143
CLM_0020956,CLI_000143
CLM_0020957,CLI_000202
CLM_0020958,CLI_000202
CLM_0020959,CLI_000143
CLM_0020960,CLI_000143
CLM_0020961,CLI_000143
CLM_0020962,CLI_000107
CLM_0020963,CLI_000107
CLM_0020964,CLI_000107
CLM_0020965,CLI_000076
CLM_0020966,CLI_000076
CLM_0020967,CLI_000076
CLM_0020968,CLI_000143
CLM_0020969,CLI_000202
CLM_0020970,CLI_000143
CLM_0020971,CLI_000143
CLM_0020972,CLI_000025
CLM_0020973,CLI_000025
CLM_0020974,CLI_000012
CLM_0020975,CLI_000012
CLM_0020976,CLI_000012
CLM_0020977,CLI_000488
CLM_0020978,CLI_000488
CLM_0020979,CLI_000143
CLM_0020980,CLI_000143
CLM_0020981,CLI_000565
CLM_0020982,CLI_000404
CLM_0020983,CLI_000404
CLM_0020984,CLI_000141
CLM_0020985,CLI_000141
CLM_0020986,CLI_000141
CLM_0020987,CLI_000299
CLM_0020988,CLI_000299
CLM_0020989,CLI_000225
CLM_0020990,CLI_000225
CLM_0020991,CLI_000225
CLM_0020992,CLI_000198
CLM_0020993,CLI_000033
CLM_0020994,CLI_000033
CLM_0020995,CLI_000189
CLM_0020996,CLI_000189
CLM_0020997,CLI_000189
CLM_0020998,CLI_000444
CLM_0020999,CLI_000444
CLM_0021000,CLI_000444
CLM_0021001,CLI_000404
CLM_0021002,CLI_000404
CLM_0021003,CLI_000526
CLM_0021004,CLI_000526
CLM_0021005,CLI_000526
CLM_0021006,CLI_000166
CLM_0021007,CLI_000166
CLM_0021008,CLI_000526
CLM_0021009,CLI_000526
CLM_0021010,CLI_000166
CLM_0021011,CLI_000166
CLM_0021012,CLI_000166
CLM_0021013,CLI_000426
CLM_0021014,CLI_000426
CLM_0021015,CLI_000045
CLM_0021016,CLI_000386
CLM_0021017,CLI_000386
CLM_0021018,CLI_000386
CLM_0021019,CLI_000111
CLM_0021020,CLI_000111
CLM_0021021,CLI_000111
CLM_0021022,CLI_000426
CLM_0021023,CLI_000426
CLM_0021024,CLI_000203
CLM_0021025,CLI_000143
CLM_0021026,CLI_000143
CLM_0021027,CLI_000143
CLM_0021028,CLI_000143
CLM_0021029,CLI_000143
CLM_0021030,CLI_000143
CLM_0021031,CLI_000456
CLM_0021032,CLI_000456
CLM_0021033,CLI_000202
CLM_0021034,CLI_000314
CLM_0021035,CLI_000525
CLM_0021036,CLI_000202
CLM_0021037,CLI_000202
CLM_0021038,CLI_000143
CLM_0021039,CLI_000061
CLM_0021040,CLI_000061
CLM_0021041,CLI_000061
CLM_0021042,CLI_000296
CLM_0021043,CLI_000296
CLM_0021044,CLI_000296
CLM_0021045,CLI_000025
CLM_0021046,CLI_000025
CLM_0021047,CLI_000025
CLM_0021048,CLI_000166
CLM_0021049,CLI_000166
CLM_0021050,CLI_000456
CLM_0021051,CLI_000456
CLM_0021052,CLI_000143
CLM_0021053,CLI_000025
CLM_0021054,CLI_000025
CLM_0021055,CLI_000025
CLM_0021056,CLI_000143
CLM_0021057,CLI_000143
CLM_0021058,CLI_000143
CLM_0021059,CLI_000034
CLM_0021060,CLI_000034
CLM_0021061,CLI_000034
CLM_0021062,CLI_000438
CLM_0021063,CLI_000438
CLM_0021064,CLI_000438
CLM_0021065,CLI_000574
CLM_0021066,CLI_000166
CLM_0021067,CLI_000166
CLM_0021068,CLI_000033
CLM_0021069,CLI_000033
CLM_0021070,CLI_000033
CLM_0021071,CLI_000368
CLM_0021072,CLI_000368
CLM_0021073,CLI_000368
CLM_0021074,CLI_000404
CLM_0021075,CLI_000404
CLM_0021076,CLI_000404
CLM_0021077,CLI_000092
CLM_0021078,CLI_000092
CLM_0021079,CLI_000491
CLM_0021080,CLI_000491
CLM_0021081,CLI_000033
CLM_0021082,CLI_000033
CLM_0021083,CLI_000509
CLM_0021084,CLI_000509
CLM_0021085,CLI_000509
CLM_0021086,CLI_000282
CLM_0021087,CLI_000282
CLM_0021088,CLI_000282
CLM_0021089,CLI_000072
CLM_0021090,CLI_000072
CLM_0021091,CLI_000072
CLM_0021092,CLI_000456
CLM_0021093,CLI_000456
CLM_0021094,CLI_000456
CLM_0021095,CLI_000203
CLM_0021096,CLI_000203
CLM_0021097,CLI_000245
CLM_0021098,CLI_000245
CLM_0021099,CLI_000245
CLM_0021100,CLI_000143
CLM_0021101,CLI_000143
CLM_0021102,CLI_000143
CLM_0021103,CLI_000169
CLM_0021104,CLI_000169
CLM_0021105,CLI_000169
CLM_0021106,CLI_000202
CLM_0021107,CLI_000202
CLM_0021108,CLI_000033
CLM_0021109,CLI_000033
CLM_0021110,CLI_000189
CLM_0021111,CLI_000574
CLM_0021112,CLI_000033
CLM_0021113,CLI_000033
CLM_0021114,CLI_000268
CLM_0021115,CLI_000127
CLM_0021116,CLI_000127
CLM_0021117,CLI_000143
CLM_0021118,CLI_000143
CLM_0021119,CLI_000143
CLM_0021120,CLI_000076
CLM_0021121,CLI_000525
CLM_0021122,CLI_000525
CLM_0021123,CLI_000061
CLM_0021124,CLI_000061
CLM_0021125,CLI_000061
CLM_0021126,CLI_000203
CLM_0021127,CLI_000203
CLM_0021128,CLI_000033
CLM_0021129,CLI_000033
CLM_0021130,CLI_000033
CLM_0021131,CLI_000033
CLM_0021132,CLI_000435
CLM_0021133,CLI_000435
CLM_0021134,CLI_000404
CLM_0021135,CLI_000404
CLM_0021136,CLI_000033
CLM_0021137,CLI_000033
CLM_0021138,CLI_000143
CLM_0021139,CLI_000143
CLM_0021140,CLI_000143
CLM_0021141,CLI_000526
CLM_0021142,CLI_000526
CLM_0021143,CLI_000032
CLM_0021144,CLI_000166
CLM_0021145,CLI_000166
CLM_0021146,CLI_000506
CLM_0021147,CLI_000506
CLM_0021148,CLI_000506
CLM_0021149,CLI_000380
CLM_0021150,CLI_000380
CLM_0021151,CLI_000380
CLM_0021152,CLI_000166
CLM_0021153,CLI_000033
CLM_0021154,CLI_000061
CLM_0021155,CLI_000033
CLM_0021156,CLI_000061
CLM_0021157,CLI_000061
CLM_0021158,CLI_000143
CLM_0021159,CLI_000143
CLM_0021160,CLI_000077
CLM_0021161,CLI_000077
CLM_0021162,CLI_000077
CLM_0021163,CLI_000203
CLM_0021164,CLI_000203
CLM_0021165,CLI_000203
CLM_0021166,CLI_000202
CLM_0021167,CLI_000202
CLM_0021168,CLI_000202
CLM_0021169,CLI_000253
CLM_0021170,CLI_000253
CLM_0021171,CLI_000143
CLM_0021172,CLI_000143
CLM_0021173,CLI_000143
CLM_0021174,CLI_000535
CLM_0021175,CLI_000535
CLM_0021176,CLI_000535
CLM_0021177,CLI_000203
CLM_0021178,CLI_000076
CLM_0021179,CLI_000525
CLM_0021180,CLI_000525
CLM_0021181,CLI_000525
CLM_0021182,CLI_000299
CLM_0021183,CLI_000299
CLM_0021184,CLI_000202
CLM_0021185,CLI_000166
CLM_0021186,CLI_000166
CLM_0021187,CLI_000033
CLM_0021188,CLI_000033
CLM_0021189,CLI_000506
CLM_0021190,CLI_000121
CLM_0021191,CLI_000121
CLM_0021192,CLI_000121
CLM_0021193,CLI_000535
CLM_0021194,CLI_000535
CLM_0021195,CLI_000076
CLM_0021196,CLI_000025
CLM_0021197,CLI_000025
CLM_0021198,CLI_000076
CLM_0021199,CLI_000404
CLM_0021200,CLI_000404
CLM_0021201,CLI_000404
CLM_0021202,CLI_000535
CLM_0021203,CLI_000535
CLM_0021204,CLI_000535
CLM_0021205,CLI_000161
CLM_0021206,CLI_000166
CLM_0021207,CLI_000166
CLM_0021208,CLI_000535
CLM_0021209,CLI_000535
CLM_0021210,CLI_000535
CLM_0021211,CLI_000143
CLM_0021212,CLI_000143
CLM_0021213,CLI_000273
CLM_0021214,CLI_000273
CLM_0021215,CLI_000203
CLM_0021216,CLI_000143
CLM_0021217,CLI_000143
CLM_0021218,CLI_000456
CLM_0021219,CLI_000456
CLM_0021220,CLI_000203
CLM_0021221,CLI_000203
CLM_0021222,CLI_000203
CLM_0021223,CLI_000166
CLM_0021224,CLI_000166
CLM_0021225,CLI_000166
CLM_0021226,CLI_000315
CLM_0021227,CLI_000506
CLM_0021228,CLI_000506
CLM_0021229,CLI_000203
CLM_0021230,CLI_000203
CLM_0021231,CLI_000203
CLM_0021232,CLI_000426
CLM_0021233,CLI_000426
CLM_0021234,CLI_000426
CLM_0021235,CLI_000404
CLM_0021236,CLI_000426
CLM_0021237,CLI_000426
CLM_0021238,CLI_000426
CLM_0021239,CLI_000025
CLM_0021240,CLI_000025
CLM_0021241,CLI_000025
CLM_0021242,CLI_000566
CLM_0021243,CLI_000566
CLM_0021244,CLI_000143
CLM_0021245,CLI_000202
CLM_0021246,CLI_000202
CLM_0021247,CLI_000202
CLM_0021248,CLI_000138
CLM_0021249,CLI_000138
CLM_0021250,CLI_000138
CLM_0021251,CLI_000426
CLM_0021252,CLI_000426
CLM_0021253,CLI_000435
CLM_0021254,CLI_000435
CLM_0021255,CLI_000143
CLM_0021256,CLI_000143
CLM_0021257,CLI_000143
CLM_0021258,CLI_000203
CLM_0021259,CLI_000203
CLM_0021260,CLI_000202
CLM_0021261,CLI_000202
CLM_0021262,CLI_000202
CLM_0021263,CLI_000438
CLM_0021264,CLI_000438
CLM_0021265,CLI_000202
CLM_0021266,CLI_000202
CLM_0021267,CLI_000202
CLM_0021268,CLI_000253
CLM_0021269,CLI_000202
CLM_0021270,CLI_000202
CLM_0021271,CLI_000202
CLM_0021272,CLI_000202
CLM_0021273,CLI_000202
CLM_0021274,CLI_000395
CLM_0021275,CLI_000395
CLM_0021276,CLI_000395
CLM_0021277,CLI_000479
CLM_0021278,CLI_000479
CLM_0021279,CLI_000455
CLM_0021280,CLI_000426
CLM_0021281,CLI_000426
CLM_0021282,CLI_000033
CLM_0021283,CLI_000033
CLM_0021284,CLI_000143
CLM_0021285,CLI_000143
CLM_0021286,CLI_000143
CLM_0021287,CLI_000536
CLM_0021288,CLI_000536
CLM_0021289,CLI_000536
CLM_0021290,CLI_000126
CLM_0021291,CLI_000126
CLM_0021292,CLI_000126
CLM_0021293,CLI_000076
CLM_0021294,CLI_000205
CLM_0021295,CLI_000205
CLM_0021296,CLI_000205
CLM_0021297,CLI_000565
CLM_0021298,CLI_000565
CLM_0021299,CLI_000565
CLM_0021300,CLI_000456
CLM_0021301,CLI_000456
CLM_0021302,CLI_000426
CLM_0021303,CLI_000426
CLM_0021304,CLI_000426
CLM_0021305,CLI_000025
CLM_0021306,CLI_000203
CLM_0021307,CLI_000203
CLM_0021308,CLI_000203
CLM_0021309,CLI_000245
CLM_0021310,CLI_000033
CLM_0021311,CLI_000089
CLM_0021312,CLI_000089
CLM_0021313,CLI_000089
CLM_0021314,CLI_000202
CLM_0021315,CLI_000202
CLM_0021316,CLI_000202
CLM_0021317,CLI_000089
CLM_0021318,CLI_000089
CLM_0021319,CLI_000089
CLM_0021320,CLI_000207
CLM_0021321,CLI_000228
CLM_0021322,CLI_000228
CLM_0021323,CLI_000228
CLM_0021324,CLI_000202
CLM_0021325,CLI_000535
CLM_0021326,CLI_000535
CLM_0021327,CLI_000579
CLM_0021328,CLI_000579
CLM_0021329,CLI_000579
CLM_0021330,CLI_000203
CLM_0021331,CLI_000203
CLM_0021332,CLI_000033
CLM_0021333,CLI_000245
CLM_0021334,CLI_000245
CLM_0021335,CLI_000033
CLM_0021336,CLI_000439
CLM_0021337,CLI_000439
CLM_0021338,CLI_000439
CLM_0021339,CLI_000025
CLM_0021340,CLI_000025
CLM_0021341,CLI_000025
CLM_0021342,CLI_000034
CLM_0021343,CLI_000034
CLM_0021344,CLI_000076
CLM_0021345,CLI_000141
CLM_0021346,CLI_000097
CLM_0021347,CLI_000011
CLM_0021348,CLI_000143
CLM_0021349,CLI_000143
CLM_0021350,CLI_000143
CLM_0021351,CLI_000143
CLM_0021352,CLI_000501
CLM_0021353,CLI_000501
CLM_0021354,CLI_000033
CLM_0021355,CLI_000033
CLM_0021356,CLI_000032
CLM_0021357,CLI_000032
CLM_0021358,CLI_000032
CLM_0021359,CLI_000033
CLM_0021360,CLI_000526
CLM_0021361,CLI_000526
CLM_0021362,CLI_000526
CLM_0021363,CLI_000319
CLM_0021364,CLI_000025
CLM_0021365,CLI_000025
CLM_0021366,CLI_000025
CLM_0021367,CLI_000202
CLM_0021368,CLI_000202
CLM_0021369,CLI_000315
CLM_0021370,CLI_000315
CLM_0021371,CLI_000456
CLM_0021372,CLI_000143
CLM_0021373,CLI_000143
CLM_0021374,CLI_000143
CLM_0021375,CLI_000507
CLM_0021376,CLI_000507
CLM_0021377,CLI_000203
CLM_0021378,CLI_000203
CLM_0021379,CLI_000203
CLM_0021380,CLI_000200
CLM_0021381,CLI_000200
CLM_0021382,CLI_000202
CLM_0021383,CLI_000565
CLM_0021384,CLI_000565
CLM_0021385,CLI_000565
CLM_0021386,CLI_000202
CLM_0021387,CLI_000202
CLM_0021388,CLI_000202
CLM_0021389,CLI_000143
CLM_0021390,CLI_000143
CLM_0021391,CLI_000203
CLM_0021392,CLI_000157
CLM_0021393,CLI_000157
CLM_0021394,CLI_000157
CLM_0021395,CLI_000142
CLM_0021396,CLI_000245
CLM_0021397,CLI_000143
CLM_0021398,CLI_000143
CLM_0021399,CLI_000143
CLM_0021400,CLI_000025
CLM_0021401,CLI_000025
CLM_0021402,CLI_000076
CLM_0021403,CLI_000076
CLM_0021404,CLI_000001
CLM_0021405,CLI_000025
CLM_0021406,CLI_000202
CLM_0021407,CLI_000202
CLM_0021408,CLI_000065
CLM_0021409,CLI_000065
CLM_0021410,CLI_000065
CLM_0021411,CLI_000404
CLM_0021412,CLI_000143
CLM_0021413,CLI_000203
CLM_0021414,CLI_000565
CLM_0021415,CLI_000565
CLM_0021416,CLI_000565
CLM_0021417,CLI_000456
CLM_0021418,CLI_000456
CLM_0021419,CLI_000033
CLM_0021420,CLI_000033
CLM_0021421,CLI_000033
CLM_0021422,CLI_000166
CLM_0021423,CLI_000166
CLM_0021424,CLI_000033
CLM_0021425,CLI_000033
CLM_0021426,CLI_000033
CLM_0021427,CLI_000533
CLM_0021428,CLI_000533
CLM_0021429,CLI_000533
CLM_0021430,CLI_000196
CLM_0021431,CLI_000196
CLM_0021432,CLI_000196
CLM_0021433,CLI_000107
CLM_0021434,CLI_000083
CLM_0021435,CLI_000143
CLM_0021436,CLI_000143
CLM_0021437,CLI_000293
CLM_0021438,CLI_000293
CLM_0021439,CLI_000143
CLM_0021440,CLI_000143
CLM_0021441,CLI_000143
CLM_0021442,CLI_000526
CLM_0021443,CLI_000591
CLM_0021444,CLI_000591
CLM_0021445,CLI_000143
CLM_0021446,CLI_000143
CLM_0021447,CLI_000310
CLM_0021448,CLI_000310
CLM_0021449,CLI_000310
CLM_0021450,CLI_000323
CLM_0021451,CLI_000525
CLM_0021452,CLI_000033
CLM_0021453,CLI_000033
CLM_0021454,CLI_000033
CLM_0021455,CLI_000426
CLM_0021456,CLI_000426
CLM_0021457,CLI_000426
CLM_0021458,CLI_000076
CLM_0021459,CLI_000076
CLM_0021460,CLI_000033
CLM_0021461,CLI_000033
CLM_0021462,CLI_000033
CLM_0021463,CLI_000202
CLM_0021464,CLI_000143
CLM_0021465,CLI_000214
CLM_0021466,CLI_000088
CLM_0021467,CLI_000143
CLM_0021468,CLI_000121
CLM_0021469,CLI_000121
CLM_0021470,CLI_000203
CLM_0021471,CLI_000203
CLM_0021472,CLI_000203
CLM_0021473,CLI_000435
CLM_0021474,CLI_000435
CLM_0021475,CLI_000435
CLM_0021476,CLI_000585
CLM_0021477,CLI_000585
CLM_0021478,CLI_000382
CLM_0021479,CLI_000435
CLM_0021480,CLI_000435
CLM_0021481,CLI_000435
CLM_0021482,CLI_000435
CLM_0021483,CLI_000435
CLM_0021484,CLI_000033
CLM_0021485,CLI_000033
CLM_0021486,CLI_000033
CLM_0021487,CLI_000534
CLM_0021488,CLI_000534
CLM_0021489,CLI_000203
CLM_0021490,CLI_000203
CLM_0021491,CLI_000203
CLM_0021492,CLI_000143
CLM_0021493,CLI_000143
CLM_0021494,CLI_000245
CLM_0021495,CLI_000045
CLM_0021496,CLI_000045
CLM_0021497,CLI_000380
CLM_0021498,CLI_000380
CLM_0021499,CLI_000088
CLM_0021500,CLI_000070
CLM_0021501,CLI_000565
CLM_0021502,CLI_000025
CLM_0021503,CLI_000160
CLM_0021504,CLI_000296
CLM_0021505,CLI_000296
CLM_0021506,CLI_000296
CLM_0021507,CLI_000143
CLM_0021508,CLI_000404
CLM_0021509,CLI_000404
CLM_0021510,CLI_000253
CLM_0021511,CLI_000025
CLM_0021512,CLI_000033
CLM_0021513,CLI_000033
CLM_0021514,CLI_000033
CLM_0021515,CLI_000380
CLM_0021516,CLI_000528
CLM_0021517,CLI_000528
CLM_0021518,CLI_000143
CLM_0021519,CLI_000143
CLM_0021520,CLI_000143
CLM_0021521,CLI_000143
CLM_0021522,CLI_000143
CLM_0021523,CLI_000143
CLM_0021524,CLI_000062
CLM_0021525,CLI_000347
CLM_0021526,CLI_000347
CLM_0021527,CLI_000347
CLM_0021528,CLI_000565
CLM_0021529,CLI_000565
CLM_0021530,CLI_000565
CLM_0021531,CLI_000033
CLM_0021532,CLI_000033
CLM_0021533,CLI_000202
CLM_0021534,CLI_000202
CLM_0021535,CLI_000202
CLM_0021536,CLI_000245
CLM_0021537,CLI_000245
CLM_0021538,CLI_000245
CLM_0021539,CLI_000178
CLM_0021540,CLI_000178
CLM_0021541,CLI_000438
CLM_0021542,CLI_000438
CLM_0021543,CLI_000506
CLM_0021544,CLI_000141
CLM_0021545,CLI_000141
CLM_0021546,CLI_000525
CLM_0021547,CLI_000525
CLM_0021548,CLI_000277
CLM_0021549,CLI_000033
CLM_0021550,CLI_000033
CLM_0021551,CLI_000033
CLM_0021552,CLI_000143
CLM_0021553,CLI_000419
CLM_0021554,CLI_000419
CLM_0021555,CLI_000419
CLM_0021556,CLI_000526
CLM_0021557,CLI_000202
CLM_0021558,CLI_000202
CLM_0021559,CLI_000202
CLM_0021560,CLI_000393
CLM_0021561,CLI_000393
CLM_0021562,CLI_000393
CLM_0021563,CLI_000525
CLM_0021564,CLI_000525
CLM_0021565,CLI_000525
CLM_0021566,CLI_000143
CLM_0021567,CLI_000143
CLM_0021568,CLI_000237
CLM_0021569,CLI_000203
CLM_0021570,CLI_000203
CLM_0021571,CLI_000203
CLM_0021572,CLI_000143
CLM_0021573,CLI_000025
CLM_0021574,CLI_000404
CLM_0021575,CLI_000404
CLM_0021576,CLI_000404
CLM_0021577,CLI_000143
CLM_0021578,CLI_000143
CLM_0021579,CLI_000134
CLM_0021580,CLI_000134
CLM_0021581,CLI_000134
CLM_0021582,CLI_000202
CLM_0021583,CLI_000202
CLM_0021584,CLI_000202
CLM_0021585,CLI_000092
CLM_0021586,CLI_000002
CLM_0021587,CLI_000002
CLM_0021588,CLI_000002
CLM_0021589,CLI_000203
CLM_0021590,CLI_000196
CLM_0021591,CLI_000196
CLM_0021592,CLI_000196
CLM_0021593,CLI_000052
CLM_0021594,CLI_000036
CLM_0021595,CLI_000036
CLM_0021596,CLI_000076
CLM_0021597,CLI_000076
CLM_0021598,CLI_000203
CLM_0021599,CLI_000089
CLM_0021600,CLI_000089
CLM_0021601,CLI_000089
CLM_0021602,CLI_000456
CLM_0021603,CLI_000456
CLM_0021604,CLI_000214
CLM_0021605,CLI_000214
CLM_0021606,CLI_000203
CLM_0021607,CLI_000203
CLM_0021608,CLI_000219
CLM_0021609,CLI_000219
CLM_0021610,CLI_000109
CLM_0021611,CLI_000109
CLM_0021612,CLI_000278
CLM_0021613,CLI_000045
CLM_0021614,CLI_000138
CLM_0021615,CLI_000138
CLM_0021616,CLI_000138
CLM_0021617,CLI_000195
CLM_0021618,CLI_000195
CLM_0021619,CLI_000093
CLM_0021620,CLI_000093
CLM_0021621,CLI_000368
CLM_0021622,CLI_000368
CLM_0021623,CLI_000597
CLM_0021624,CLI_000597
CLM_0021625,CLI_000368
CLM_0021626,CLI_000380
CLM_0021627,CLI_000380
CLM_0021628,CLI_000601
CLM_0021629,CLI_000601
CLM_0021630,CLI_000601
CLM_0021631,CLI_000601
CLM_0021632,CLI_000601
CLM_0021633,CLI_000601
CLM_0021634,CLI_000601
CLM_0021635,CLI_000601
CLM_0021636,CLI_000601
CLM_0021637,CLI_000601
CLM_0021638,CLI_000601
CLM_0021639,CLI_000601
CLM_0021640,CLI_000601
CLM_0021641,CLI_000601
CLM_0021642,CLI_000601
CLM_0021643,CLI_000601
CLM_0021644,CLI_000601
CLM_0021645,CLI_000601
CLM_0021646,CLI_000601
CLM_0021647,CLI_000601
CLM_0021648,CLI_000601
CLM_0021649,CLI_000601
CLM_0021650,CLI_000601
CLM_0021651,CLI_000601
CLM_0021652,CLI_000601
CLM_0021653,CLI_000601
CLM_0021654,CLI_000601
CLM_0021655,CLI_000601
CLM_0021656,CLI_000601
CLM_0021657,CLI_000601
CLM_0021658,CLI_000601
CLM_0021659,CLI_000601
CLM_0021660,CLI_000601
CLM_0021661,CLI_000601
CLM_0021662,CLI_000601
CLM_0021663,CLI_000601
CLM_0021664,CLI_000601
CLM_0021665,CLI_000601
CLM_0021666,CLI_000601
CLM_0021667,CLI_000601
CLM_0021668,CLI_000601
CLM_0021669,CLI_000601
CLM_0021670,CLI_000601
CLM_0021671,CLI_000601
CLM_0021672,CLI_000601
CLM_0021673,CLI_000601
CLM_0021674,CLI_000601
CLM_0021675,CLI_000601
CLM_0021676,CLI_000601
CLM_0021677,CLI_000601
CLM_0021678,CLI_000601
CLM_0021679,CLI_000601
CLM_0021680,CLI_000601
CLM_0021681,CLI_000601
CLM_0021682,CLI_000601
CLM_0021683,CLI_000601
CLM_0021684,CLI_000602
CLM_0021685,CLI_000602
CLM_0021686,CLI_000602
CLM_0021687,CLI_000602
CLM_0021688,CLI_000602
CLM_0021689,CLI_000602
CLM_0021690,CLI_000602
CLM_0021691,CLI_000602
CLM_0021692,CLI_000602
CLM_0021693,CLI_000602
CLM_0021694,CLI_000602
CLM_0021695,CLI_000602
CLM_0021696,CLI_000602
CLM_0021697,CLI_000602
CLM_0021698,CLI_000602
CLM_0021699,CLI_000602
CLM_0021700,CLI_000602
CLM_0021701,CLI_000602
CLM_0021702,CLI_000602
CLM_0021703,CLI_000602
CLM_0021704,CLI_000602
CLM_0021705,CLI_000602
CLM_0021706,CLI_000602
CLM_0021707,CLI_000602
CLM_0021708,CLI_000602
CLM_0021709,CLI_000602
CLM_0021710,CLI_000602
CLM_0021711,CLI_000602
CLM_0021712,CLI_000602
CLM_0021713,CLI_000602
CLM_0021714,CLI_000602
CLM_0021715,CLI_000602
CLM_0021716,CLI_000602
CLM_0021717,CLI_000602
CLM_0021718,CLI_000602
CLM_0021719,CLI_000602
CLM_0021720,CLI_000602
CLM_0021721,CLI_000602
CLM_0021722,CLI_000602
CLM_0021723,CLI_000602
CLM_0021724,CLI_000602
CLM_0021725,CLI_000602
CLM_0021726,CLI_000602
CLM_0021727,CLI_000602
CLM_0021728,CLI_000602
CLM_0021729,CLI_000602
CLM_0021730,CLI_000602
CLM_0021731,CLI_000602
CLM_0021732,CLI_000602
CLM_0021733,CLI_000602
CLM_0021734,CLI_000602
CLM_0021735,CLI_000602
CLM_0021736,CLI_000602
CLM_0021737,CLI_000602
CLM_0021738,CLI_000602
CLM_0021739,CLI_000602
CLM_0021740,CLI_000603
CLM_0021741,CLI_000603
CLM_0021742,CLI_000603
CLM_0021743,CLI_000603
CLM_0021744,CLI_000603
CLM_0021745,CLI_000603
CLM_0021746,CLI_000603
CLM_0021747,CLI_000603
CLM_0021748,CLI_000603
CLM_0021749,CLI_000603
CLM_0021750,CLI_000603
CLM_0021751,CLI_000603
CLM_0021752,CLI_000603
CLM_0021753,CLI_000603
CLM_0021754,CLI_000603
CLM_0021755,CLI_000603
CLM_0021756,CLI_000603
CLM_0021757,CLI_000603
CLM_0021758,CLI_000603
CLM_0021759,CLI_000603
CLM_0021760,CLI_000603
CLM_0021761,CLI_000603
CLM_0021762,CLI_000603
CLM_0021763,CLI_000603
CLM_0021764,CLI_000603
CLM_0021765,CLI_000603
CLM_0021766,CLI_000603
CLM_0021767,CLI_000603
CLM_0021768,CLI_000603
CLM_0021769,CLI_000603
CLM_0021770,CLI_000603
CLM_0021771,CLI_000603
CLM_0021772,CLI_000603
CLM_0021773,CLI_000603
CLM_0021774,CLI_000603
CLM_0021775,CLI_000603
CLM_0021776,CLI_000603
CLM_0021777,CLI_000603
CLM_0021778,CLI_000603
CLM_0021779,CLI_000603
CLM_0021780,CLI_000603
CLM_0021781,CLI_000603
CLM_0021782,CLI_000603
CLM_0021783,CLI_000603
CLM_0021784,CLI_000603
CLM_0021785,CLI_000603
CLM_0021786,CLI_000603
CLM_0021787,CLI_000603
CLM_0021788,CLI_000603
CLM_0021789,CLI_000603
CLM_0021790,CLI_000603
CLM_0021791,CLI_000603
CLM_0021792,CLI_000603
CLM_0021793,CLI_000603
CLM_0021794,CLI_000603
CLM_0021795,CLI_000603
CLM_0021796,CLI_000143
CLM_0021797,CLI_000143
CLM_0021798,CLI_000143
CLM_0021799,CLI_000143
CLM_0021800,CLI_000143
CLM_0021801,CLI_000143
CLM_0021802,CLI_000143
CLM_0021803,CLI_000143
CLM_0021804,CLI_000143
CLM_0021805,CLI_000143
CLM_0021806,CLI_000143
CLM_0021807,CLI_000143
CLM_0021808,CLI_000143
CLM_0021809,CLI_000143
CLM_0021810,CLI_000143
CLM_0021811,CLI_000143
CLM_0021812,CLI_000143
CLM_0021813,CLI_000143
CLM_0021814,CLI_000143
CLM_0021815,CLI_000143
CLM_0021816,CLI_000143
CLM_0021817,CLI_000143
CLM_0021818,CLI_000143
CLM_0021819,CLI_000143
CLM_0021820,CLI_000143
CLM_0021821,CLI_000143
CLM_0021822,CLI_000143
CLM_0021823,CLI_000143
CLM_0021824,CLI_000143
CLM_0021825,CLI_000143
CLM_0021826,CLI_000143
CLM_0021827,CLI_000143
CLM_0021828,CLI_000143
CLM_0021829,CLI_000143
CLM_0021830,CLI_000143
CLM_0021831,CLI_000143
CLM_0021832,CLI_000143
CLM_0021833,CLI_000143
CLM_0021834,CLI_000143
CLM_0021835,CLI_000143
CLM_0021836,CLI_000143
CLM_0021837,CLI_000143
CLM_0021838,CLI_000143
CLM_0021839,CLI_000143
CLM_0021840,CLI_000143
CLM_0021841,CLI_000143
CLM_0021842,CLI_000143
CLM_0021843,CLI_000143
CLM_0021844,CLI_000143
CLM_0021845,CLI_000143
CLM_0021846,CLI_000143
CLM_0021847,CLI_000143
CLM_0021848,CLI_000143
CLM_0021849,CLI_000143
CLM_0021850,CLI_000143
CLM_0021851,CLI_000143
CLM_0021852,CLI_000143
CLM_0021853,CLI_000088
CLM_0021854,CLI_000088
CLM_0021855,CLI_000088
CLM_0021856,CLI_000088
CLM_0021857,CLI_000088
CLM_0021858,CLI_000088
CLM_0021859,CLI_000088
CLM_0021860,CLI_000088
CLM_0021861,CLI_000088
CLM_0021862,CLI_000088
CLM_0021863,CLI_000088
CLM_0021864,CLI_000088
CLM_0021865,CLI_000088
CLM_0021866,CLI_000088
CLM_0021867,CLI_000088
CLM_0021868,CLI_000088
CLM_0021869,CLI_000088
CLM_0021870,CLI_000088
CLM_0021871,CLI_000025
CLM_0021872,CLI_000025
CLM_0021873,CLI_000025
CLM_0021874,CLI_000025
CLM_0021875,CLI_000025
CLM_0021876,CLI_000025
CLM_0021877,CLI_000025
CLM_0021878,CLI_000025
CLM_0021879,CLI_000025
CLM_0021880,CLI_000025
CLM_0021881,CLI_000025
CLM_0021882,CLI_000025
CLM_0021883,CLI_000025
CLM_0021884,CLI_000025
CLM_0021885,CLI_000025
CLM_0021886,CLI_000025
CLM_0021887,CLI_000025
CLM_0021888,CLI_000025
CLM_0021889,CLI_000025
CLM_0021890,CLI_000025
CLM_0021891,CLI_000435
CLM_0021892,CLI_000435
CLM_0021893,CLI_000435
CLM_0021894,CLI_000435
CLM_0021895,CLI_000435
CLM_0021896,CLI_000435
CLM_0021897,CLI_000435
CLM_0021898,CLI_000435
CLM_0021899,CLI_000435
CLM_0021900,CLI_000435
CLM_0021901,CLI_000435
CLM_0021902,CLI_000435
CLM_0021903,CLI_000435
CLM_0021904,CLI_000435
CLM_0021905,CLI_000435
CLM_0021906,CLI_000435
CLM_0021907,CLI_000435
CLM_0021908,CLI_000435
CLM_0021909,CLI_000435
CLM_0021910,CLI_000435
CLM_0021911,CLI_000435
CLM_0021912,CLI_000435
CLM_0021913,CLI_000435
CLM_0021914,CLI_000435
CLM_0021915,CLI_000435
CLM_0021916,CLI_000435
CLM_0021917,CLI_000203
CLM_0021918,CLI_000203
CLM_0021919,CLI_000203
CLM_0021920,CLI_000203
CLM_0021921,CLI_000203
CLM_0021922,CLI_000203
CLM_0021923,CLI_000203
CLM_0021924,CLI_000203
CLM_0021925,CLI_000203
CLM_0021926,CLI_000203
CLM_0021927,CLI_000203
CLM_0021928,CLI_000203
CLM_0021929,CLI_000203
CLM_0021930,CLI_000565
CLM_0021931,CLI_000565
CLM_0021932,CLI_000565
CLM_0021933,CLI_000565
CLM_0021934,CLI_000565
CLM_0021935,CLI_000565
CLM_0021936,CLI_000565
CLM_0021937,CLI_000565
CLM_0021938,CLI_000565
CLM_0021939,CLI_000565
CLM_0021940,CLI_000565
CLM_0021941,CLI_000565
CLM_0021942,CLI_000565
CLM_0021943,CLI_000565
CLM_0021944,CLI_000565
CLM_0021945,CLI_000565
CLM_0021946,CLI_000202
CLM_0021947,CLI_000202
CLM_0021948,CLI_000202
CLM_0021949,CLI_000202
CLM_0021950,CLI_000202
CLM_0021951,CLI_000202
CLM_0021952,CLI_000202
CLM_0021953,CLI_000202
CLM_0021954,CLI_000202
CLM_0021955,CLI_000202
CLM_0021956,CLI_000202
CLM_0021957,CLI_000202
CLM_0021958,CLI_000202
CLM_0021959,CLI_000202
CLM_0021960,CLI_000202
CLM_0021961,CLI_000202
CLM_0021962,CLI_000202
CLM_0021963,CLI_000202
CLM_0021964,CLI_000202
CLM_0021965,CLI_000202
CLM_0021966,CLI_000202
CLM_0021967,CLI_000045
CLM_0021968,CLI_000045
CLM_0021969,CLI_000045
CLM_0021970,CLI_000045
CLM_0021971,CLI_000045
CLM_0021972,CLI_000045
CLM_0021973,CLI_000045
CLM_0021974,CLI_000045
CLM_0021975,CLI_000045
CLM_0021976,CLI_000045
CLM_0021977,CLI_000045
CLM_0021978,CLI_000045
CLM_0021979,CLI_000045
CLM_0021980,CLI_000045
CLM_0021981,CLI_000045
CLM_0021982,CLI_000045
CLM_0021983,CLI_000045
CLM_0021984,CLI_000045
CLM_0021985,CLI_000045
CLM_0021986,CLI_000025
CLM_0021987,CLI_000025
CLM_0021988,CLI_000025
CLM_0021989,CLI_000025
CLM_0021990,CLI_000025
CLM_0021991,CLI_000025
CLM_0021992,CLI_000025
CLM_0021993,CLI_000025
CLM_0021994,CLI_000025
CLM_0021995,CLI_000025
CLM_0021996,CLI_000025
CLM_0021997,CLI_000025
CLM_0021998,CLI_000025
CLM_0021999,CLI_000025
CLM_0022000,CLI_000025
CLM_0022001,CLI_000025
CLM_0022002,CLI_000025
CLM_0022003,CLI_000025
CLM_0022004,CLI_000025
CLM_0022005,CLI_000025
CLM_0022006,CLI_000025
CLM_0022007,CLI_000025
CLM_0022008,CLI_000025
CLM_0022009,CLI_000025
CLM_0022010,CLI_000416
CLM_0022011,CLI_000416
CLM_0022012,CLI_000416
CLM_0022013,CLI_000416
CLM_0022014,CLI_000416
CLM_0022015,CLI_000416
CLM_0022016,CLI_000416
CLM_0022017,CLI_000416
CLM_0022018,CLI_000416
CLM_0022019,CLI_000416
CLM_0022020,CLI_000416
CLM_0022021,CLI_000416
CLM_0022022,CLI_000416
CLM_0022023,CLI_000416
CLM_0022024,CLI_000416
CLM_0022025,CLI_000416
CLM_0022026,CLI_000416
CLM_0022027,CLI_000416
CLM_0022028,CLI_000416
CLM_0022029,CLI_000416
CLM_0022030,CLI_000416
CLM_0022031,CLI_000416
CLM_9000001,CLI_900001
CLM_9000002,CLI_900001
CLM_9000003,CLI_900001
CLM_9000004,CLI_900001
CLM_9000005,CLI_900001
CLM_9000006,CLI_900001
CLM_9000007,CLI_900001
CLM_9000008,CLI_900001
CLM_9000009,CLI_900001
CLM_9000010,CLI_900001
CLM_9000011,CLI_900001
CLM_9000012,CLI_900001
CLM_9000013,CLI_900001
CLM_9000014,CLI_900001
CLM_9000015,CLI_900001
CLM_9000016,CLI_900001
CLM_9000017,CLI_900001
CLM_9000018,CLI_900001
CLM_9000019,CLI_900001
CLM_9000020,CLI_900001
CLM_9000021,CLI_900001
CLM_9000022,CLI_900001
CLM_9000023,CLI_900001
CLM_9000024,CLI_900001
