source_id,target_id,first_seen,last_seen
PAT_000001,DEV_000001,2026-04-25,2026-04-28
PAT_000002,DEV_000002,2026-03-14,2026-03-19
PAT_000002,DEV_000003,2026-04-24,2026-04-28
PAT_000003,DEV_000004,2025-12-23,2026-04-29
PAT_000004,DEV_000005,2025-04-08,2025-04-24
PAT_000004,DEV_000006,2025-07-07,2025-07-10
PAT_000005,DEV_000007,2025-09-27,2025-09-27
PAT_000005,DEV_000008,2025-07-05,2025-08-12
PAT_000006,DEV_000009,2025-12-13,2025-12-13
PAT_000007,DEV_000010,2026-01-27,2026-01-27
PAT_000008,DEV_000011,2026-04-06,2026-04-08
PAT_000009,DEV_000012,2026-02-01,2026-02-04
PAT_000010,DEV_000013,2025-09-01,2025-09-17
PAT_000010,DEV_000014,2025-11-14,2025-11-16
PAT_000011,DEV_000015,2025-10-15,2025-10-20
PAT_000012,DEV_000016,2025-09-27,2025-10-02
PAT_000013,DEV_000017,2026-03-05,2026-03-05
PAT_000014,DEV_000018,2026-01-12,2026-01-15
PAT_000015,DEV_000019,2026-02-26,2026-04-05
PAT_000015,DEV_000020,2026-04-18,2026-04-22
PAT_000016,DEV_000021,2026-03-01,2026-03-01
PAT_000016,DEV_000022,2026-02-08,2026-02-19
PAT_000017,DEV_000023,2025-11-01,2025-11-06
PAT_000018,DEV_000024,2026-02-20,2026-02-20
PAT_000018,DEV_000025,2026-01-18,2026-02-06
PAT_000019,DEV_000026,2025-07-02,2025-07-05
PAT_000020,DEV_000027,2025-09-01,2025-09-01
PAT_000021,DEV_000028,2025-09-09,2025-09-09
PAT_000021,DEV_000029,2025-06-29,2025-06-30
PAT_000022,DEV_000026,2025-10-21,2025-10-22
PAT_000023,DEV_000027,2025-10-09,2025-10-13
PAT_000024,DEV_000030,2026-03-17,2026-03-22
PAT_000025,DEV_000031,2025-09-08,2025-09-08
PAT_000026,DEV_000032,2026-02-17,2026-02-20
PAT_000027,DEV_000033,2025-08-19,2025-08-20
PAT_000028,DEV_000034,2025-09-15,2025-09-18
PAT_000029,DEV_000035,2025-08-13,2025-09-16
PAT_000029,DEV_000036,2025-10-26,2025-10-26
PAT_000030,DEV_000037,2026-01-23,2026-01-23
PAT_000030,DEV_000038,2025-12-01,2026-01-06
PAT_000031,DEV_000039,2026-03-20,2026-03-20
PAT_000032,DEV_000040,2026-04-05,2026-04-06
PAT_000033,DEV_000041,2025-08-16,2025-08-21
PAT_000034,DEV_000042,2025-12-14,2025-12-19
PAT_000034,DEV_000043,2025-10-10,2025-11-18
PAT_000035,DEV_000044,2026-01-28,2026-02-02
PAT_000036,DEV_000045,2025-12-21,2025-12-26
PAT_000037,DEV_000016,2025-12-07,2025-12-07
PAT_000038,DEV_000046,2025-11-19,2025-12-02
PAT_000038,DEV_000047,2026-01-07,2026-01-07
PAT_000039,DEV_000048,2025-08-19,2025-08-19
PAT_000039,DEV_000049,2025-06-08,2025-06-12
PAT_000040,DEV_000050,2025-12-16,2025-12-16
PAT_000040,DEV_000051,2025-12-23,2025-12-23
PAT_000041,DEV_000052,2025-07-04,2025-10-15
PAT_000042,DEV_000053,2025-07-08,2025-07-10
PAT_000042,DEV_000054,2025-05-01,2025-06-01
PAT_000043,DEV_000055,2025-08-01,2025-08-01
PAT_000043,DEV_000056,2025-05-03,2025-05-27
PAT_000044,DEV_000057,2026-05-02,2026-05-05
PAT_000044,DEV_000058,2026-02-04,2026-03-11
PAT_000045,DEV_000059,2025-10-30,2025-10-30
PAT_000046,DEV_000060,2026-04-20,2026-04-23
PAT_000047,DEV_000061,2025-08-10,2025-08-10
PAT_000048,DEV_000062,2025-08-01,2025-08-05
PAT_000048,DEV_000063,2025-06-05,2025-06-30
PAT_000049,DEV_000064,2026-04-04,2026-04-07
PAT_000050,DEV_000065,2025-10-05,2025-10-05
PAT_000051,DEV_000066,2025-09-18,2025-09-20
PAT_000051,DEV_000067,2025-08-07,2025-08-25
PAT_000052,DEV_000068,2025-07-11,2025-07-12
PAT_000053,DEV_000069,2025-08-28,2025-08-28
PAT_000054,DEV_000070,2026-04-12,2026-04-12
PAT_000054,DEV_000071,2026-03-23,2026-04-12
PAT_000055,DEV_000071,2026-01-16,2026-01-21
PAT_000056,DEV_000072,2025-12-08,2025-12-08
PAT_000056,DEV_000073,2025-10-11,2025-11-15
PAT_000057,DEV_000074,2025-11-12,2025-11-16
PAT_000058,DEV_000075,2025-12-23,2025-12-23
PAT_000059,DEV_000076,2025-11-14,2025-11-14
PAT_000060,DEV_000077,2026-04-02,2026-04-02
PAT_000061,DEV_000078,2026-03-12,2026-03-15
PAT_000062,DEV_000079,2025-07-03,2025-07-03
PAT_000063,DEV_000080,2025-12-21,2025-12-21
PAT_000064,DEV_000054,2025-09-04,2026-04-06
PAT_000065,DEV_000081,2026-02-03,2026-02-03
PAT_000065,DEV_000082,2025-12-11,2025-12-13
PAT_000066,DEV_000083,2025-11-27,2025-11-30
PAT_000066,DEV_000084,2026-04-23,2026-04-23
PAT_000067,DEV_000085,2025-09-08,2025-09-23
PAT_000068,DEV_000086,2025-08-25,2025-08-26
PAT_000069,DEV_000087,2026-04-11,2026-04-12
PAT_000070,DEV_000088,2025-08-13,2025-08-18
PAT_000071,DEV_000089,2026-01-05,2026-01-10
PAT_000072,DEV_000090,2026-01-01,2026-01-02
PAT_000073,DEV_000091,2025-12-27,2026-01-15
PAT_000073,DEV_000092,2026-03-20,2026-03-20
PAT_000074,DEV_000093,2026-05-10,2026-05-15
PAT_000075,DEV_000094,2025-11-25,2025-11-30
PAT_000075,DEV_000095,2025-11-04,2025-11-09
PAT_000076,DEV_000096,2026-03-10,2026-03-11
PAT_000077,DEV_000097,2025-10-17,2025-10-17
PAT_000078,DEV_000098,2025-12-27,2025-12-27
PAT_000079,DEV_000099,2025-09-03,2025-09-06
PAT_000080,DEV_000100,2026-04-10,2026-04-10
PAT_000081,DEV_000101,2025-08-17,2026-02-28
PAT_000082,DEV_000102,2025-10-14,2025-10-14
PAT_000082,DEV_000103,2025-09-10,2025-09-11
PAT_000083,DEV_000104,2026-04-13,2026-04-18
PAT_000084,DEV_000105,2025-10-11,2025-11-01
PAT_000084,DEV_000106,2025-11-01,2025-11-04
PAT_000085,DEV_000107,2025-09-23,2025-10-07
PAT_000085,DEV_000108,2025-10-21,2025-10-21
PAT_000086,DEV_000109,2026-02-10,2026-02-10
PAT_000087,DEV_000110,2025-08-30,2025-08-30
PAT_000088,DEV_000059,2026-03-22,2026-03-22
PAT_000089,DEV_000111,2026-02-25,2026-02-28
PAT_000090,DEV_000112,2025-10-17,2025-10-22
PAT_000091,DEV_000113,2025-08-04,2025-08-04
PAT_000092,DEV_000114,2025-09-05,2026-04-12
PAT_000093,DEV_000115,2025-08-10,2025-09-07
PAT_000094,DEV_000116,2025-07-10,2025-07-27
PAT_000094,DEV_000117,2025-09-24,2025-09-27
PAT_000095,DEV_000118,2025-07-21,2025-07-26
PAT_000096,DEV_000119,2025-09-06,2025-10-03
PAT_000096,DEV_000120,2025-11-10,2025-11-10
PAT_000097,DEV_000121,2026-04-13,2026-04-13
PAT_000097,DEV_000122,2026-01-19,2026-02-19
PAT_000098,DEV_000123,2026-01-23,2026-01-23
PAT_000099,DEV_000124,2026-03-10,2026-03-13
PAT_000099,DEV_000125,2025-12-27,2026-01-09
PAT_000100,DEV_000126,2026-01-07,2026-01-07
PAT_000101,DEV_000127,2025-06-29,2025-08-06
PAT_000101,DEV_000128,2025-08-25,2025-08-30
PAT_000102,DEV_000129,2026-01-18,2026-01-22
PAT_000102,DEV_000130,2025-12-01,2026-01-08
PAT_000103,DEV_000131,2026-03-06,2026-03-06
PAT_000103,DEV_000132,2026-01-26,2026-02-26
PAT_000104,DEV_000133,2026-01-30,2026-02-10
PAT_000104,DEV_000134,2026-04-10,2026-04-10
PAT_000105,DEV_000135,2026-02-05,2026-02-10
PAT_000106,DEV_000136,2026-01-30,2026-01-30
PAT_000106,DEV_000137,2026-01-06,2026-01-20
PAT_000107,DEV_000138,2026-02-12,2026-02-14
PAT_000108,DEV_000139,2025-12-27,2026-01-01
PAT_000109,DEV_000140,2025-10-28,2025-11-01
PAT_000110,DEV_000141,2025-11-24,2025-11-24
PAT_000111,DEV_000142,2025-07-05,2025-07-10
PAT_000111,DEV_000143,2025-04-25,2025-06-03
PAT_000112,DEV_000144,2025-09-17,2025-09-17
PAT_000113,DEV_000145,2026-04-24,2026-04-24
PAT_000113,DEV_000146,2026-03-12,2026-03-22
PAT_000114,DEV_000147,2025-07-14,2025-07-15
PAT_000115,DEV_000148,2025-11-13,2025-11-17
PAT_000115,DEV_000149,2025-12-10,2025-12-13
PAT_000116,DEV_000150,2025-09-04,2025-09-04
PAT_000117,DEV_000151,2026-04-07,2026-04-11
PAT_000118,DEV_000152,2026-01-15,2026-01-17
PAT_000118,DEV_000153,2026-02-05,2026-02-10
PAT_000119,DEV_000154,2025-07-20,2025-07-20
PAT_000120,DEV_000155,2026-02-01,2026-02-03
PAT_000121,DEV_000156,2025-07-03,2025-07-06
PAT_000122,DEV_000157,2026-03-02,2026-03-06
PAT_000122,DEV_000158,2025-12-27,2026-01-24
PAT_000123,DEV_000159,2026-01-12,2026-02-05
PAT_000123,DEV_000160,2026-03-08,2026-03-13
PAT_000124,DEV_000161,2025-11-20,2025-11-22
PAT_000125,DEV_000162,2026-04-04,2026-04-04
PAT_000126,DEV_000163,2026-01-04,2026-01-08
PAT_000127,DEV_000037,2025-09-11,2026-02-22
PAT_000128,DEV_000164,2025-11-14,2026-03-22
PAT_000129,DEV_000165,2025-08-30,2025-08-30
PAT_000130,DEV_000166,2025-09-21,2025-09-26
PAT_000131,DEV_000167,2025-07-11,2025-07-11
PAT_000132,DEV_000168,2025-09-08,2025-09-08
PAT_000133,DEV_000169,2026-04-09,2026-04-09
PAT_000133,DEV_000170,2026-02-21,2026-03-22
PAT_000134,DEV_000171,2025-09-03,2025-09-03
PAT_000134,DEV_000172,2025-07-04,2025-07-14
PAT_000135,DEV_000173,2025-10-19,2025-10-29
PAT_000135,DEV_000174,2025-12-30,2025-12-31
PAT_000136,DEV_000175,2026-01-04,2026-01-04
PAT_000137,DEV_000176,2025-12-18,2025-12-18
PAT_000137,DEV_000177,2025-09-18,2025-09-23
PAT_000138,DEV_000178,2025-10-22,2025-10-25
PAT_000139,DEV_000179,2026-01-19,2026-01-23
PAT_000140,DEV_000180,2026-01-03,2026-01-03
PAT_000140,DEV_000181,2025-11-11,2025-12-11
PAT_000141,DEV_000182,2025-10-20,2025-10-20
PAT_000142,DEV_000183,2025-09-29,2025-10-01
PAT_000143,DEV_000184,2025-09-10,2025-09-11
PAT_000144,DEV_000185,2026-01-27,2026-01-30
PAT_000144,DEV_000186,2025-12-20,2026-01-04
PAT_000145,DEV_000187,2025-08-17,2025-08-17
PAT_000146,DEV_000188,2025-09-25,2025-09-25
PAT_000146,DEV_000189,2025-08-27,2025-09-08
PAT_000147,DEV_000190,2025-08-29,2025-09-02
PAT_000148,DEV_000191,2025-10-16,2026-05-04
PAT_000149,DEV_000192,2025-09-09,2025-10-15
PAT_000149,DEV_000193,2025-11-16,2025-11-18
PAT_000150,DEV_000194,2025-07-16,2025-07-20
PAT_000150,DEV_000195,2025-06-23,2025-07-16
PAT_000151,DEV_000196,2025-07-25,2025-07-30
PAT_000152,DEV_000110,2025-08-27,2025-08-27
PAT_000152,DEV_000197,2025-10-19,2025-10-19
PAT_000153,DEV_000198,2025-10-07,2025-10-08
PAT_000153,DEV_000199,2025-07-23,2025-08-24
PAT_000154,DEV_000200,2025-10-31,2025-11-02
PAT_000154,DEV_000201,2026-01-28,2026-02-01
PAT_000155,DEV_000202,2025-10-24,2025-10-24
PAT_000156,DEV_000203,2025-12-06,2025-12-11
PAT_000157,DEV_000204,2025-12-22,2025-12-27
PAT_000158,DEV_000205,2025-09-18,2025-09-24
PAT_000158,DEV_000206,2025-12-14,2025-12-18
PAT_000159,DEV_000207,2025-09-12,2025-09-17
PAT_000159,DEV_000208,2025-08-11,2025-09-07
PAT_000160,DEV_000081,2026-02-10,2026-02-10
PAT_000160,DEV_000209,2026-01-11,2026-01-25
PAT_000161,DEV_000210,2025-12-16,2025-12-19
PAT_000162,DEV_000211,2026-03-18,2026-03-22
PAT_000163,DEV_000212,2025-09-16,2025-09-17
PAT_000163,DEV_000213,2025-07-13,2025-08-10
PAT_000164,DEV_000214,2026-02-28,2026-03-04
PAT_000165,DEV_000215,2025-07-02,2025-08-04
PAT_000165,DEV_000216,2025-09-15,2025-09-15
PAT_000166,DEV_000217,2026-01-05,2026-02-22
PAT_000167,DEV_000218,2025-08-09,2025-08-24
PAT_000167,DEV_000219,2025-08-24,2025-08-25
PAT_000168,DEV_000220,2025-08-06,2026-03-25
PAT_000169,DEV_000221,2026-05-09,2026-05-09
PAT_000170,DEV_000222,2025-07-23,2025-07-28
PAT_000171,DEV_000223,2026-02-28,2026-02-28
PAT_000172,DEV_000224,2026-01-03,2026-01-23
PAT_000172,DEV_000225,2026-01-23,2026-01-26
PAT_000173,DEV_000226,2025-05-10,2025-05-26
PAT_000173,DEV_000227,2025-07-07,2025-07-12
PAT_000174,DEV_000228,2025-11-13,2025-11-13
PAT_000175,DEV_000229,2025-07-26,2025-07-30
PAT_000176,DEV_000230,2026-01-04,2026-01-08
PAT_000176,DEV_000231,2025-11-22,2025-12-15
PAT_000177,DEV_000232,2026-01-07,2026-01-20
PAT_000177,DEV_000233,2025-10-16,2025-11-03
PAT_000178,DEV_000234,2025-12-03,2025-12-04
PAT_000178,DEV_000235,2025-09-23,2025-09-26
PAT_000179,DEV_000236,2025-09-28,2025-09-30
PAT_000179,DEV_000237,2025-08-05,2025-08-08
PAT_000180,DEV_000224,2025-10-31,2025-12-07
PAT_000180,DEV_000238,2026-01-06,2026-01-06
PAT_000181,DEV_000239,2025-10-14,2025-11-20
PAT_000181,DEV_000240,2026-01-05,2026-01-08
PAT_000182,DEV_000241,2025-08-08,2025-08-08
PAT_000183,DEV_000242,2025-12-09,2026-02-22
PAT_000184,DEV_000243,2026-04-29,2026-05-04
PAT_000185,DEV_000244,2025-12-01,2026-01-19
PAT_000186,DEV_000245,2026-05-09,2026-05-11
PAT_000187,DEV_000246,2025-11-15,2025-12-09
PAT_000187,DEV_000247,2026-02-02,2026-02-02
PAT_000188,DEV_000248,2025-10-01,2025-10-01
PAT_000189,DEV_000249,2026-03-06,2026-03-10
PAT_000190,DEV_000250,2025-12-27,2025-12-27
PAT_000191,DEV_000251,2025-09-02,2025-09-04
PAT_000191,DEV_000252,2025-07-02,2025-07-14
PAT_000192,DEV_000253,2025-09-07,2025-09-12
PAT_000193,DEV_000254,2025-12-13,2025-12-13
PAT_000194,DEV_000255,2025-11-18,2025-11-20
PAT_000195,DEV_000221,2025-10-14,2025-10-14
PAT_000195,DEV_000256,2025-09-30,2025-10-01
PAT_000196,DEV_000257,2026-03-17,2026-03-17
PAT_000196,DEV_000258,2026-01-10,2026-01-25
PAT_000197,DEV_000259,2025-10-31,2025-11-04
PAT_000198,DEV_000260,2026-04-17,2026-04-18
PAT_000199,DEV_000261,2025-11-11,2025-11-11
PAT_000200,DEV_000262,2026-03-29,2026-03-29
PAT_000200,DEV_000263,2026-03-03,2026-03-15
PAT_000201,DEV_000264,2026-05-11,2026-05-14
PAT_000202,DEV_000265,2026-03-22,2026-03-22
PAT_000203,DEV_000266,2025-10-26,2025-10-26
PAT_000204,DEV_000267,2025-07-28,2025-08-01
PAT_000204,DEV_000268,2025-07-04,2025-07-16
PAT_000205,DEV_000269,2025-05-23,2025-06-01
PAT_000205,DEV_000270,2025-08-17,2025-10-12
PAT_000206,DEV_000271,2025-10-07,2025-10-20
PAT_000206,DEV_000272,2025-10-21,2025-10-22
PAT_000207,DEV_000273,2026-01-14,2026-02-13
PAT_000208,DEV_000274,2025-07-03,2025-07-08
PAT_000209,DEV_000275,2026-01-27,2026-02-01
PAT_000210,DEV_000276,2025-06-21,2025-07-27
PAT_000210,DEV_000277,2025-08-15,2025-08-20
PAT_000211,DEV_000150,2025-11-24,2025-11-28
PAT_000212,DEV_000278,2026-04-09,2026-04-11
PAT_000212,DEV_000279,2026-03-15,2026-03-27
PAT_000213,DEV_000280,2025-09-16,2025-09-16
PAT_000214,DEV_000281,2025-10-25,2025-10-29
PAT_000215,DEV_000282,2026-03-21,2026-03-24
PAT_000216,DEV_000283,2025-12-05,2025-12-08
PAT_000217,DEV_000284,2026-03-02,2026-03-02
PAT_000218,DEV_000285,2025-11-02,2025-11-03
PAT_000219,DEV_000286,2026-03-27,2026-03-27
PAT_000219,DEV_000287,2026-03-13,2026-03-14
PAT_000220,DEV_000288,2026-03-12,2026-03-12
PAT_000221,DEV_000289,2025-07-14,2025-07-17
PAT_000222,DEV_000290,2025-11-02,2025-11-04
PAT_000223,DEV_000291,2026-05-03,2026-05-04
PAT_000224,DEV_000292,2025-08-23,2025-08-31
PAT_000224,DEV_000293,2025-09-15,2025-09-19
PAT_000225,DEV_000294,2025-11-15,2025-11-15
PAT_000225,DEV_000295,2025-08-28,2025-10-06
PAT_000226,DEV_000296,2026-04-15,2026-04-15
PAT_000227,DEV_000297,2025-08-19,2025-08-23
PAT_000228,DEV_000298,2025-11-01,2025-11-01
PAT_000229,DEV_000299,2025-05-13,2025-06-06
PAT_000229,DEV_000300,2025-08-09,2025-08-13
PAT_000230,DEV_000301,2026-01-13,2026-01-13
PAT_000231,DEV_000302,2025-09-24,2025-10-16
PAT_000231,DEV_000303,2025-10-16,2025-10-16
PAT_000232,DEV_000304,2026-03-05,2026-03-05
PAT_000233,DEV_000305,2026-02-17,2026-02-21
PAT_000234,DEV_000306,2025-09-17,2025-10-14
PAT_000234,DEV_000307,2025-10-31,2025-10-31
PAT_000235,DEV_000308,2025-07-27,2025-07-31
PAT_000236,DEV_000309,2026-04-02,2026-04-06
PAT_000237,DEV_000310,2025-07-22,2025-07-22
PAT_000238,DEV_000311,2025-08-07,2025-08-11
PAT_000238,DEV_000312,2025-05-15,2025-05-24
PAT_000239,DEV_000313,2025-07-03,2025-07-03
PAT_000240,DEV_000314,2025-08-17,2025-08-17
PAT_000241,DEV_000315,2026-02-07,2026-02-12
PAT_000242,DEV_000316,2026-01-21,2026-01-25
PAT_000243,DEV_000317,2025-08-02,2025-08-07
PAT_000244,DEV_000318,2025-06-10,2025-07-01
PAT_000244,DEV_000319,2025-07-01,2025-07-05
PAT_000245,DEV_000120,2026-02-01,2026-02-16
PAT_000245,DEV_000320,2026-04-19,2026-04-21
PAT_000246,DEV_000040,2026-01-25,2026-01-30
PAT_000247,DEV_000321,2026-03-16,2026-04-11
PAT_000247,DEV_000322,2026-04-25,2026-04-25
PAT_000248,DEV_000323,2026-02-13,2026-02-14
PAT_000249,DEV_000324,2025-09-11,2025-09-12
PAT_000250,DEV_000325,2025-07-26,2025-07-28
PAT_000250,DEV_000326,2026-04-25,2026-04-28
PAT_000251,DEV_000327,2026-03-03,2026-03-22
PAT_000252,DEV_000328,2025-07-27,2025-07-27
PAT_000253,DEV_000329,2026-02-07,2026-02-12
PAT_000254,DEV_000330,2025-08-14,2025-08-17
PAT_000255,DEV_000160,2025-07-06,2025-07-06
PAT_000255,DEV_000331,2025-05-19,2025-05-31
PAT_000256,DEV_000332,2025-09-12,2025-09-16
PAT_000257,DEV_000333,2026-05-03,2026-05-03
PAT_000258,DEV_000334,2025-08-09,2025-08-09
PAT_000259,DEV_000335,2026-01-26,2026-01-29
PAT_000260,DEV_000336,2025-10-24,2026-03-01
PAT_000261,DEV_000337,2026-03-25,2026-03-30
PAT_000262,DEV_000338,2025-08-11,2026-05-09
PAT_000263,DEV_000339,2026-02-03,2026-02-06
PAT_000264,DEV_000340,2025-08-17,2026-04-07
PAT_000265,DEV_000341,2025-12-31,2026-01-04
PAT_000266,DEV_000342,2025-07-06,2025-07-11
PAT_000267,DEV_000343,2026-03-26,2026-03-31
PAT_000268,DEV_000344,2026-03-15,2026-03-18
PAT_000269,DEV_000345,2026-02-11,2026-02-16
PAT_000270,DEV_000346,2025-08-11,2025-08-16
PAT_000270,DEV_000347,2025-09-11,2026-04-28
PAT_000271,DEV_000348,2025-09-18,2025-09-19
PAT_000271,DEV_000349,2025-07-22,2025-08-17
PAT_000272,DEV_000350,2025-10-21,2025-10-21
PAT_000273,DEV_000305,2025-12-15,2025-12-18
PAT_000274,DEV_000351,2026-03-18,2026-03-18
PAT_000275,DEV_000352,2026-02-26,2026-02-26
PAT_000276,DEV_000353,2025-10-13,2026-05-11
PAT_000277,DEV_000354,2025-07-17,2025-07-22
PAT_000278,DEV_000355,2026-04-05,2026-04-06
PAT_000278,DEV_000356,2026-03-07,2026-03-31
PAT_000279,DEV_000357,2026-03-18,2026-03-20
PAT_000280,DEV_000358,2025-10-01,2025-10-04
PAT_000281,DEV_000359,2026-05-02,2026-05-07
PAT_000281,DEV_000360,2026-03-20,2026-04-15
PAT_000282,DEV_000361,2025-07-06,2025-07-20
PAT_000282,DEV_000362,2025-07-20,2025-07-20
PAT_000283,DEV_000363,2026-04-03,2026-04-20
PAT_000283,DEV_000364,2026-04-20,2026-04-24
PAT_000284,DEV_000365,2026-02-28,2026-03-05
PAT_000285,DEV_000366,2025-04-24,2025-05-22
PAT_000285,DEV_000367,2025-07-23,2025-07-23
PAT_000286,DEV_000368,2025-11-04,2025-11-04
PAT_000286,DEV_000369,2025-10-02,2025-11-03
PAT_000287,DEV_000370,2026-01-08,2026-01-11
PAT_000288,DEV_000371,2025-09-23,2025-09-23
PAT_000288,DEV_000372,2025-10-30,2025-11-03
PAT_000289,DEV_000373,2026-05-05,2026-05-07
PAT_000290,DEV_000374,2026-04-05,2026-04-10
PAT_000290,DEV_000375,2026-01-25,2026-02-10
PAT_000291,DEV_000376,2026-01-12,2026-01-15
PAT_000292,DEV_000377,2025-07-03,2025-07-07
PAT_000293,DEV_000378,2025-12-20,2025-12-20
PAT_000293,DEV_000379,2025-11-01,2025-11-06
PAT_000294,DEV_000380,2025-07-14,2025-08-02
PAT_000294,DEV_000381,2025-09-22,2025-09-22
PAT_000295,DEV_000382,2025-08-20,2025-09-21
PAT_000295,DEV_000383,2025-10-25,2025-10-30
PAT_000296,DEV_000384,2025-12-10,2025-12-10
PAT_000296,DEV_000385,2025-11-01,2025-11-03
PAT_000297,DEV_000386,2025-10-23,2025-10-26
PAT_000298,DEV_000387,2025-07-06,2025-07-06
PAT_000299,DEV_000388,2025-11-23,2025-11-28
PAT_000300,DEV_000389,2026-01-30,2026-03-01
PAT_000300,DEV_000390,2026-03-01,2026-03-02
PAT_000301,DEV_000391,2025-11-20,2025-11-21
PAT_000302,DEV_000392,2026-04-01,2026-04-01
PAT_000302,DEV_000393,2026-01-27,2026-03-03
PAT_000303,DEV_000394,2025-11-28,2025-12-01
PAT_000304,DEV_000395,2025-12-03,2026-02-25
PAT_000305,DEV_000396,2026-05-03,2026-05-07
PAT_000306,DEV_000397,2025-10-01,2025-10-04
PAT_000307,DEV_000398,2026-02-12,2026-02-12
PAT_000307,DEV_000399,2025-12-08,2026-01-13
PAT_000308,DEV_000400,2026-05-04,2026-05-09
PAT_000309,DEV_000401,2026-04-14,2026-05-05
PAT_000309,DEV_000402,2026-02-10,2026-03-12
PAT_000310,DEV_000403,2025-12-07,2025-12-07
PAT_000311,DEV_000404,2025-11-12,2025-11-12
PAT_000312,DEV_000405,2025-09-15,2025-10-05
PAT_000312,DEV_000406,2025-11-28,2025-12-01
PAT_000313,DEV_000407,2025-07-19,2025-07-20
PAT_000314,DEV_000408,2026-02-26,2026-03-01
PAT_000315,DEV_000409,2025-10-25,2025-10-25
PAT_000315,DEV_000410,2025-09-14,2025-09-21
PAT_000316,DEV_000411,2025-08-20,2025-09-12
PAT_000316,DEV_000412,2025-09-22,2025-09-22
PAT_000317,DEV_000413,2026-02-10,2026-03-07
PAT_000317,DEV_000414,2026-03-07,2026-03-07
PAT_000318,DEV_000415,2025-06-17,2025-07-20
PAT_000318,DEV_000416,2025-07-29,2025-08-02
PAT_000319,DEV_000417,2026-02-12,2026-02-12
PAT_000320,DEV_000418,2026-02-21,2026-02-24
PAT_000321,DEV_000419,2026-04-22,2026-04-27
PAT_000322,DEV_000420,2026-05-05,2026-05-05
PAT_000323,DEV_000421,2025-07-26,2025-07-31
PAT_000323,DEV_000422,2025-06-21,2025-07-20
PAT_000324,DEV_000423,2025-07-21,2025-07-25
PAT_000324,DEV_000424,2025-09-23,2025-09-23
PAT_000325,DEV_000425,2025-06-22,2025-07-21
PAT_000325,DEV_000426,2025-09-06,2025-09-10
PAT_000326,DEV_000427,2026-01-19,2026-01-19
PAT_000327,DEV_000428,2025-07-19,2025-07-19
PAT_000328,DEV_000429,2026-03-14,2026-03-18
PAT_000328,DEV_000430,2026-01-01,2026-02-04
PAT_000329,DEV_000431,2025-09-11,2025-09-11
PAT_000330,DEV_000432,2025-07-12,2025-07-13
PAT_000331,DEV_000433,2025-11-16,2025-11-16
PAT_000332,DEV_000434,2026-02-16,2026-02-17
PAT_000332,DEV_000435,2026-02-01,2026-02-03
PAT_000333,DEV_000436,2026-01-22,2026-01-25
PAT_000334,DEV_000437,2026-05-09,2026-05-09
PAT_000334,DEV_000438,2026-05-05,2026-05-05
PAT_000335,DEV_000439,2026-01-19,2026-01-21
PAT_000336,DEV_000440,2026-05-10,2026-05-10
PAT_000337,DEV_000441,2026-04-14,2026-04-14
PAT_000337,DEV_000442,2025-09-04,2025-09-08
PAT_000338,DEV_000443,2026-03-07,2026-03-07
PAT_000338,DEV_000444,2026-01-13,2026-01-24
PAT_000339,DEV_000445,2025-12-02,2025-12-07
PAT_000339,DEV_000446,2025-11-05,2025-12-02
PAT_000340,DEV_000447,2025-07-11,2025-08-13
PAT_000341,DEV_000448,2026-03-31,2026-04-05
PAT_000342,DEV_000449,2026-01-31,2026-01-31
PAT_000343,DEV_000450,2025-09-08,2025-09-12
PAT_000344,DEV_000451,2025-07-13,2025-07-16
PAT_000345,DEV_000452,2026-02-16,2026-02-19
PAT_000346,DEV_000453,2025-07-23,2025-07-23
PAT_000347,DEV_000454,2025-12-25,2026-03-24
PAT_000348,DEV_000281,2026-01-28,2026-01-28
PAT_000348,DEV_000455,2025-11-06,2025-11-13
PAT_000349,DEV_000456,2026-04-17,2026-04-19
PAT_000350,DEV_000457,2026-03-22,2026-03-23
PAT_000351,DEV_000458,2025-08-26,2025-08-31
PAT_000352,DEV_000459,2025-10-14,2025-11-09
PAT_000352,DEV_000460,2025-12-24,2025-12-24
PAT_000353,DEV_000461,2025-07-02,2025-07-06
PAT_000354,DEV_000462,2025-09-10,2025-09-14
PAT_000355,DEV_000463,2026-02-12,2026-02-21
PAT_000355,DEV_000464,2025-12-23,2026-01-12
PAT_000356,DEV_000465,2025-10-29,2025-11-01
PAT_000357,DEV_000466,2025-11-07,2025-11-12
PAT_000358,DEV_000467,2025-11-10,2025-11-16
PAT_000358,DEV_000468,2025-12-06,2025-12-07
PAT_000359,DEV_000469,2025-06-24,2025-07-23
PAT_000359,DEV_000470,2025-07-29,2025-08-03
PAT_000360,DEV_000471,2025-11-02,2025-11-04
PAT_000361,DEV_000472,2025-09-15,2025-09-15
PAT_000361,DEV_000473,2025-08-22,2025-08-23
PAT_000362,DEV_000474,2025-08-15,2025-08-30
PAT_000362,DEV_000475,2025-09-01,2025-09-05
PAT_000363,DEV_000476,2025-10-21,2025-10-21
PAT_000364,DEV_000477,2026-04-18,2026-04-18
PAT_000364,DEV_000478,2026-02-11,2026-02-19
PAT_000365,DEV_000479,2025-10-08,2025-10-08
PAT_000366,DEV_000480,2025-07-03,2025-07-06
PAT_000367,DEV_000481,2026-02-27,2026-02-27
PAT_000368,DEV_000482,2026-01-03,2026-01-06
PAT_000368,DEV_000483,2025-10-28,2025-11-09
PAT_000369,DEV_000484,2026-05-01,2026-05-03
PAT_000369,DEV_000485,2026-02-04,2026-02-19
PAT_000370,DEV_000165,2025-08-24,2025-08-24
PAT_000371,DEV_000244,2026-03-24,2026-03-28
PAT_000372,DEV_000486,2026-01-07,2026-01-11
PAT_000373,DEV_000487,2025-07-13,2025-07-18
PAT_000373,DEV_000488,2025-06-28,2025-07-11
PAT_000374,DEV_000489,2025-08-01,2025-08-03
PAT_000375,DEV_000490,2026-01-07,2026-01-11
PAT_000376,DEV_000491,2026-03-06,2026-03-06
PAT_000377,DEV_000492,2026-03-06,2026-03-11
PAT_000377,DEV_000493,2026-01-27,2026-02-18
PAT_000378,DEV_000494,2025-09-17,2025-09-20
PAT_000379,DEV_000495,2025-10-28,2025-11-02
PAT_000380,DEV_000496,2026-01-07,2026-01-07
PAT_000380,DEV_000497,2025-12-01,2026-01-02
PAT_000381,DEV_000498,2025-09-23,2025-09-23
PAT_000382,DEV_000499,2026-04-13,2026-04-18
PAT_000383,DEV_000500,2025-08-12,2025-08-12
PAT_000384,DEV_000501,2025-09-27,2025-09-27
PAT_000385,DEV_000502,2026-02-06,2026-02-06
PAT_000386,DEV_000129,2025-10-01,2025-10-01
PAT_000386,DEV_000503,2025-08-08,2025-08-17
PAT_000387,DEV_000504,2025-12-14,2025-12-14
PAT_000388,DEV_000027,2026-01-09,2026-01-10
PAT_000389,DEV_000505,2025-09-03,2025-09-03
PAT_000390,DEV_000506,2026-03-28,2026-04-01
PAT_000391,DEV_000507,2025-08-24,2025-08-29
PAT_000392,DEV_000508,2025-12-21,2025-12-22
PAT_000393,DEV_000509,2026-04-23,2026-04-26
PAT_000394,DEV_000510,2026-04-20,2026-04-20
PAT_000394,DEV_000511,2026-04-30,2026-05-05
PAT_000395,DEV_000512,2026-04-01,2026-04-03
PAT_000395,DEV_000513,2026-02-22,2026-03-03
PAT_000396,DEV_000514,2025-07-03,2025-07-03
PAT_000397,DEV_000515,2025-07-11,2026-03-04
PAT_000398,DEV_000516,2026-04-27,2026-04-29
PAT_000399,DEV_000517,2025-07-09,2026-03-11
PAT_000400,DEV_000152,2025-09-13,2025-09-13
PAT_000401,DEV_000518,2026-02-19,2026-02-19
PAT_000401,DEV_000519,2025-12-29,2026-01-20
PAT_000402,DEV_000520,2025-10-23,2025-10-28
PAT_000403,DEV_000521,2025-12-20,2025-12-20
PAT_000404,DEV_000188,2025-09-29,2026-03-24
PAT_000405,DEV_000522,2025-07-01,2025-07-06
PAT_000406,DEV_000523,2026-03-24,2026-03-26
PAT_000406,DEV_000524,2025-12-29,2026-01-20
PAT_000407,DEV_000525,2025-12-28,2025-12-28
PAT_000408,DEV_000526,2025-11-25,2025-12-07
PAT_000408,DEV_000527,2026-02-17,2026-02-22
PAT_000409,DEV_000528,2026-01-10,2026-01-10
PAT_000409,DEV_000529,2025-11-25,2025-12-28
PAT_000410,DEV_000254,2025-11-23,2025-11-23
PAT_000410,DEV_000530,2025-09-21,2025-10-19
PAT_000411,DEV_000531,2026-02-28,2026-02-28
PAT_000412,DEV_000532,2025-12-10,2025-12-11
PAT_000413,DEV_000533,2025-10-04,2025-10-06
PAT_000414,DEV_000534,2026-02-21,2026-02-21
PAT_000415,DEV_000089,2026-05-04,2026-05-04
PAT_000416,DEV_000535,2026-01-19,2026-02-18
PAT_000416,DEV_000536,2026-03-10,2026-03-10
PAT_000417,DEV_000537,2026-02-12,2026-02-15
PAT_000418,DEV_000538,2025-10-10,2025-10-29
PAT_000418,DEV_000539,2025-12-14,2025-12-14
PAT_000419,DEV_000540,2026-05-06,2026-05-06
PAT_000420,DEV_000541,2026-04-06,2026-04-08
PAT_000421,DEV_000542,2025-10-03,2025-10-03
PAT_000422,DEV_000543,2026-04-28,2026-04-28
PAT_000423,DEV_000544,2026-02-09,2026-02-12
PAT_000424,DEV_000545,2026-01-28,2026-02-10
PAT_000424,DEV_000546,2026-03-09,2026-03-11
PAT_000425,DEV_000547,2025-10-19,2025-10-24
PAT_000426,DEV_000548,2025-08-18,2025-08-21
PAT_000427,DEV_000549,2026-03-26,2026-03-26
PAT_000428,DEV_000550,2025-12-16,2026-04-17
PAT_000429,DEV_000551,2026-05-08,2026-05-08
PAT_000430,DEV_000552,2026-04-03,2026-04-05
PAT_000431,DEV_000553,2025-08-10,2025-08-14
PAT_000432,DEV_000554,2026-02-26,2026-03-02
PAT_000433,DEV_000555,2025-11-16,2025-12-18
PAT_000433,DEV_000556,2026-01-24,2026-01-24
PAT_000434,DEV_000557,2025-10-26,2025-12-25
PAT_000435,DEV_000558,2026-04-23,2026-04-23
PAT_000435,DEV_000559,2026-03-10,2026-03-13
PAT_000436,DEV_000560,2026-03-08,2026-03-12
PAT_000437,DEV_000561,2025-10-29,2025-10-30
PAT_000438,DEV_000562,2026-01-06,2026-01-06
PAT_000438,DEV_000563,2025-12-07,2025-12-09
PAT_000439,DEV_000564,2026-01-17,2026-03-18
PAT_000440,DEV_000565,2025-08-04,2025-08-09
PAT_000441,DEV_000566,2025-09-01,2025-11-04
PAT_000441,DEV_000567,2025-07-12,2025-07-24
PAT_000442,DEV_000397,2025-05-31,2025-07-07
PAT_000442,DEV_000568,2025-07-17,2025-07-19
PAT_000443,DEV_000569,2025-09-02,2025-09-02
PAT_000444,DEV_000570,2025-09-19,2025-09-19
PAT_000445,DEV_000571,2026-05-10,2026-05-10
PAT_000445,DEV_000572,2026-02-22,2026-04-01
PAT_000446,DEV_000573,2026-03-08,2026-03-08
PAT_000447,DEV_000574,2025-09-06,2025-09-11
PAT_000448,DEV_000575,2025-11-03,2025-11-03
PAT_000449,DEV_000576,2025-07-06,2025-07-06
PAT_000450,DEV_000577,2026-01-23,2026-01-24
PAT_000451,DEV_000578,2025-11-04,2026-04-05
PAT_000452,DEV_000579,2025-07-08,2025-07-11
PAT_000453,DEV_000580,2026-04-09,2026-04-09
PAT_000454,DEV_000581,2025-09-18,2025-09-18
PAT_000455,DEV_000582,2026-03-15,2026-03-20
PAT_000456,DEV_000358,2026-01-05,2026-01-05
PAT_000457,DEV_000583,2026-01-15,2026-01-16
PAT_000458,DEV_000584,2025-07-25,2025-07-25
PAT_000459,DEV_000585,2025-08-14,2025-08-15
PAT_000459,DEV_000586,2025-11-04,2025-11-09
PAT_000460,DEV_000587,2025-06-27,2025-07-07
PAT_000460,DEV_000588,2025-07-25,2025-07-28
PAT_000461,DEV_000589,2025-07-06,2025-07-09
PAT_000462,DEV_000590,2025-07-10,2025-07-10
PAT_000463,DEV_000591,2025-07-02,2025-07-02
PAT_000463,DEV_000592,2025-06-06,2025-06-24
PAT_000464,DEV_000593,2025-10-31,2026-05-04
PAT_000465,DEV_000594,2025-12-18,2025-12-21
PAT_000466,DEV_000595,2025-11-11,2025-11-15
PAT_000467,DEV_000596,2026-04-05,2026-04-07
PAT_000468,DEV_000597,2026-03-23,2026-03-23
PAT_000469,DEV_000598,2025-11-25,2025-11-25
PAT_000470,DEV_000458,2026-03-04,2026-03-04
PAT_000471,DEV_000599,2026-01-19,2026-02-08
PAT_000471,DEV_000600,2026-02-28,2026-02-28
PAT_000472,DEV_000601,2026-01-03,2026-01-03
PAT_000473,DEV_000602,2026-02-22,2026-02-27
PAT_000474,DEV_000603,2025-07-27,2025-08-01
PAT_000475,DEV_000604,2025-07-10,2025-07-10
PAT_000476,DEV_000605,2026-03-16,2026-03-21
PAT_000477,DEV_000606,2026-02-14,2026-02-15
PAT_000478,DEV_000607,2025-11-25,2025-12-15
PAT_000478,DEV_000608,2026-02-06,2026-02-11
PAT_000479,DEV_000609,2026-03-20,2026-03-20
PAT_000480,DEV_000610,2026-01-29,2026-02-03
PAT_000481,DEV_000611,2025-09-07,2025-09-07
PAT_000482,DEV_000612,2025-12-05,2025-12-06
PAT_000483,DEV_000613,2026-01-16,2026-01-16
PAT_000484,DEV_000614,2026-01-20,2026-01-20
PAT_000485,DEV_000615,2025-10-26,2025-10-30
PAT_000486,DEV_000616,2026-02-05,2026-02-05
PAT_000487,DEV_000617,2025-06-30,2025-07-13
PAT_000487,DEV_000618,2025-09-15,2025-09-15
PAT_000488,DEV_000619,2025-09-26,2025-10-27
PAT_000488,DEV_000620,2025-10-27,2025-10-30
PAT_000489,DEV_000621,2025-12-01,2025-12-01
PAT_000490,DEV_000622,2025-09-29,2025-09-29
PAT_000490,DEV_000623,2025-08-31,2025-09-29
PAT_000491,DEV_000624,2026-03-16,2026-03-16
PAT_000492,DEV_000625,2026-03-09,2026-03-13
PAT_000492,DEV_000626,2026-02-18,2026-03-09
PAT_000493,DEV_000627,2025-12-14,2025-12-18
PAT_000494,DEV_000049,2025-10-01,2025-10-04
PAT_000495,DEV_000628,2025-09-11,2025-09-18
PAT_000495,DEV_000629,2025-12-02,2025-12-02
PAT_000496,DEV_000494,2026-03-26,2026-03-26
PAT_000497,DEV_000630,2025-10-13,2025-10-13
PAT_000498,DEV_000330,2025-12-29,2025-12-29
PAT_000498,DEV_000631,2025-10-16,2025-11-14
PAT_000499,DEV_000632,2026-03-31,2026-04-04
PAT_000500,DEV_000364,2026-02-22,2026-03-01
PAT_000500,DEV_000633,2026-04-26,2026-04-26
PAT_000501,DEV_000634,2025-11-01,2025-12-16
PAT_000502,DEV_000635,2025-12-02,2025-12-02
PAT_000503,DEV_000636,2026-03-16,2026-03-19
PAT_000504,DEV_000637,2025-08-15,2025-08-18
PAT_000505,DEV_000638,2026-05-08,2026-05-13
PAT_000506,DEV_000639,2025-12-05,2025-12-12
PAT_000506,DEV_000640,2026-02-28,2026-02-28
PAT_000507,DEV_000641,2025-09-09,2025-09-13
PAT_000508,DEV_000642,2025-10-28,2025-11-23
PAT_000508,DEV_000643,2025-12-03,2025-12-07
PAT_000509,DEV_000644,2026-01-10,2026-01-14
PAT_000510,DEV_000645,2025-07-20,2025-07-24
PAT_000511,DEV_000646,2026-03-16,2026-04-02
PAT_000511,DEV_000647,2026-04-02,2026-04-04
PAT_000512,DEV_000648,2026-01-21,2026-02-15
PAT_000512,DEV_000649,2026-04-04,2026-04-07
PAT_000513,DEV_000650,2026-01-02,2026-01-03
PAT_000513,DEV_000651,2025-10-04,2025-11-04
PAT_000514,DEV_000652,2026-03-21,2026-03-26
PAT_000514,DEV_000653,2026-05-04,2026-05-04
PAT_000515,DEV_000654,2026-03-18,2026-03-18
PAT_000515,DEV_000655,2026-01-16,2026-02-18
PAT_000516,DEV_000656,2025-06-28,2025-07-06
PAT_000516,DEV_000657,2025-08-31,2025-09-02
PAT_000517,DEV_000658,2025-08-12,2025-08-14
PAT_000518,DEV_000659,2025-08-28,2025-08-28
PAT_000518,DEV_000660,2025-06-12,2025-06-18
PAT_000519,DEV_000661,2025-07-14,2025-11-27
PAT_000520,DEV_000662,2025-09-11,2025-09-11
PAT_000521,DEV_000663,2026-04-12,2026-04-14
PAT_000522,DEV_000664,2025-12-11,2026-01-01
PAT_000522,DEV_000665,2026-02-23,2026-02-26
PAT_000523,DEV_000666,2026-03-04,2026-03-04
PAT_000524,DEV_000667,2026-02-19,2026-02-19
PAT_000525,DEV_000668,2025-09-24,2025-09-26
PAT_000525,DEV_000669,2025-07-14,2025-08-19
PAT_000526,DEV_000670,2026-01-11,2026-01-13
PAT_000527,DEV_000671,2026-01-18,2026-01-23
PAT_000528,DEV_000672,2026-01-22,2026-01-22
PAT_000529,DEV_000673,2026-03-06,2026-03-06
PAT_000530,DEV_000674,2026-03-01,2026-03-05
PAT_000531,DEV_000675,2025-09-11,2025-09-13
PAT_000531,DEV_000676,2025-10-05,2025-10-08
PAT_000532,DEV_000677,2026-05-10,2026-05-10
PAT_000533,DEV_000678,2026-01-17,2026-01-20
PAT_000533,DEV_000679,2025-10-29,2025-11-01
PAT_000534,DEV_000680,2025-12-19,2025-12-23
PAT_000534,DEV_000681,2025-10-17,2025-11-16
PAT_000535,DEV_000682,2026-03-15,2026-03-16
PAT_000536,DEV_000683,2026-03-09,2026-03-13
PAT_000536,DEV_000684,2026-02-11,2026-03-09
PAT_000537,DEV_000685,2025-11-01,2025-11-04
PAT_000538,DEV_000686,2025-08-09,2025-08-13
PAT_000538,DEV_000687,2025-06-12,2025-06-23
PAT_000539,DEV_000688,2025-09-29,2025-09-30
PAT_000540,DEV_000689,2025-11-16,2025-11-20
PAT_000540,DEV_000690,2025-09-21,2025-10-20
PAT_000541,DEV_000691,2025-10-07,2025-10-07
PAT_000542,DEV_000692,2025-08-10,2025-08-13
PAT_000543,DEV_000693,2025-10-07,2025-10-08
PAT_000543,DEV_000694,2025-11-15,2025-11-18
PAT_000544,DEV_000695,2025-09-05,2025-09-05
PAT_000545,DEV_000696,2025-09-17,2025-09-21
PAT_000545,DEV_000697,2025-07-19,2025-08-13
PAT_000546,DEV_000698,2025-07-26,2025-07-27
PAT_000547,DEV_000699,2025-11-14,2025-11-14
PAT_000547,DEV_000700,2025-08-16,2025-08-26
PAT_000548,DEV_000701,2026-01-25,2026-01-25
PAT_000548,DEV_000702,2025-11-26,2025-12-15
PAT_000549,DEV_000703,2025-10-23,2025-10-29
PAT_000549,DEV_000704,2026-01-02,2026-01-05
PAT_000550,DEV_000705,2026-01-20,2026-02-13
PAT_000551,DEV_000706,2026-01-30,2026-02-04
PAT_000552,DEV_000707,2026-04-24,2026-04-24
PAT_000553,DEV_000044,2025-07-11,2025-07-27
PAT_000553,DEV_000708,2025-08-04,2025-08-04
PAT_000554,DEV_000709,2026-01-07,2026-01-07
PAT_000555,DEV_000710,2025-11-21,2025-11-24
PAT_000556,DEV_000711,2025-12-03,2025-12-07
PAT_000557,DEV_000712,2025-09-15,2025-09-19
PAT_000558,DEV_000713,2026-03-21,2026-03-22
PAT_000559,DEV_000714,2026-01-24,2026-01-28
PAT_000560,DEV_000715,2026-03-05,2026-03-10
PAT_000561,DEV_000716,2026-01-13,2026-01-15
PAT_000561,DEV_000717,2025-12-17,2026-01-13
PAT_000562,DEV_000584,2025-11-08,2025-11-08
PAT_000563,DEV_000718,2026-02-02,2026-02-05
PAT_000563,DEV_000719,2026-01-06,2026-01-11
PAT_000564,DEV_000720,2025-07-05,2025-07-25
PAT_000564,DEV_000721,2025-08-12,2025-08-12
PAT_000565,DEV_000722,2026-02-19,2026-02-23
PAT_000566,DEV_000723,2025-10-19,2025-10-21
PAT_000567,DEV_000724,2025-09-05,2025-09-07
PAT_000568,DEV_000725,2025-07-27,2025-08-01
PAT_000569,DEV_000726,2026-03-18,2026-03-23
PAT_000570,DEV_000727,2025-09-08,2025-09-11
PAT_000571,DEV_000728,2025-10-10,2026-01-25
PAT_000572,DEV_000729,2025-11-15,2025-11-18
PAT_000573,DEV_000730,2025-11-14,2025-11-18
PAT_000573,DEV_000731,2025-08-20,2025-08-29
PAT_000574,DEV_000732,2025-10-11,2025-10-16
PAT_000575,DEV_000733,2025-05-07,2025-05-11
PAT_000576,DEV_000734,2026-02-20,2026-02-21
PAT_000577,DEV_000735,2026-03-11,2026-03-11
PAT_000578,DEV_000736,2025-07-07,2026-04-11
PAT_000579,DEV_000737,2025-12-18,2025-12-18
PAT_000580,DEV_000738,2025-09-13,2025-09-13
PAT_000581,DEV_000739,2026-02-16,2026-03-15
PAT_000581,DEV_000740,2026-05-05,2026-05-05
PAT_000582,DEV_000741,2026-02-27,2026-03-03
PAT_000583,DEV_000742,2025-11-23,2025-11-28
PAT_000584,DEV_000743,2025-08-04,2025-08-04
PAT_000585,DEV_000744,2025-07-30,2025-08-03
PAT_000586,DEV_000745,2025-08-25,2025-08-28
PAT_000587,DEV_000746,2025-10-06,2025-10-13
PAT_000587,DEV_000747,2025-12-09,2025-12-12
PAT_000588,DEV_000748,2025-11-14,2025-11-16
PAT_000589,DEV_000749,2025-09-21,2026-03-13
PAT_000590,DEV_000750,2025-10-13,2025-10-13
PAT_000591,DEV_000751,2026-03-20,2026-03-25
PAT_000591,DEV_000752,2026-03-24,2026-03-24
PAT_000592,DEV_000753,2025-11-19,2025-11-19
PAT_000592,DEV_000754,2025-10-30,2025-11-19
PAT_000593,DEV_000755,2025-06-25,2025-07-02
PAT_000593,DEV_000756,2025-07-17,2025-07-22
PAT_000594,DEV_000757,2026-01-20,2026-01-23
PAT_000595,DEV_000758,2026-01-06,2026-01-11
PAT_000596,DEV_000759,2025-10-15,2025-10-15
PAT_000597,DEV_000760,2025-08-07,2025-08-07
PAT_000598,DEV_000761,2026-02-27,2026-03-03
PAT_000599,DEV_000762,2026-02-14,2026-02-17
PAT_000599,DEV_000763,2026-01-21,2026-01-22
PAT_000600,DEV_000764,2025-12-13,2025-12-16
PAT_000600,DEV_000765,2025-09-22,2025-10-01
PAT_000601,DEV_000766,2026-01-08,2026-02-04
PAT_000601,DEV_000767,2025-11-08,2025-11-25
PAT_000602,DEV_000768,2026-02-03,2026-02-03
PAT_000603,DEV_000769,2025-07-01,2025-07-03
PAT_000603,DEV_000770,2025-05-12,2025-05-29
PAT_000604,DEV_000771,2026-01-12,2026-01-12
PAT_000605,DEV_000772,2025-06-17,2025-06-20
PAT_000605,DEV_000773,2025-08-17,2025-08-22
PAT_000606,DEV_000774,2025-09-03,2025-09-04
PAT_000607,DEV_000775,2026-02-17,2026-02-19
PAT_000608,DEV_000776,2025-10-29,2025-10-29
PAT_000608,DEV_000777,2026-03-05,2026-03-09
PAT_000609,DEV_000778,2025-07-14,2025-07-14
PAT_000610,DEV_000779,2025-08-22,2025-08-22
PAT_000611,DEV_000780,2026-05-01,2026-05-03
PAT_000612,DEV_000781,2026-02-22,2026-02-26
PAT_000613,DEV_000782,2025-12-06,2025-12-06
PAT_000613,DEV_000783,2026-05-06,2026-05-10
PAT_000614,DEV_000784,2025-10-27,2025-10-31
PAT_000615,DEV_000785,2025-07-17,2025-07-22
PAT_000616,DEV_000010,2026-01-15,2026-01-20
PAT_000617,DEV_000786,2025-12-29,2026-01-03
PAT_000618,DEV_000787,2025-07-27,2025-07-27
PAT_000619,DEV_000788,2025-07-05,2025-07-05
PAT_000620,DEV_000789,2025-09-15,2025-09-19
PAT_000620,DEV_000790,2025-08-09,2025-09-04
PAT_000621,DEV_000791,2025-10-04,2025-10-07
PAT_000622,DEV_000792,2025-09-10,2025-09-13
PAT_000623,DEV_000793,2025-12-13,2025-12-14
PAT_000624,DEV_000794,2026-05-04,2026-05-04
PAT_000625,DEV_000795,2025-07-17,2025-09-19
PAT_000626,DEV_000796,2026-01-31,2026-01-31
PAT_000627,DEV_000797,2026-04-14,2026-04-14
PAT_000628,DEV_000798,2026-01-13,2026-01-18
PAT_000629,DEV_000799,2026-04-15,2026-04-18
PAT_000629,DEV_000800,2026-03-18,2026-04-15
PAT_000630,DEV_000801,2025-07-20,2025-07-25
PAT_000631,DEV_000802,2025-10-23,2025-10-28
PAT_000632,DEV_000803,2025-11-10,2025-11-14
PAT_000632,DEV_000804,2025-10-11,2025-10-21
PAT_000633,DEV_000805,2025-09-29,2025-09-30
PAT_000634,DEV_000806,2025-06-15,2025-06-25
PAT_000634,DEV_000807,2025-07-11,2025-07-11
PAT_000635,DEV_000808,2026-04-16,2026-04-16
PAT_000636,DEV_000809,2026-01-11,2026-01-14
PAT_000637,DEV_000810,2025-10-20,2025-10-20
PAT_000637,DEV_000811,2025-07-22,2025-07-27
PAT_000638,DEV_000147,2025-09-11,2025-09-22
PAT_000638,DEV_000812,2025-11-27,2025-11-28
PAT_000639,DEV_000813,2025-12-17,2025-12-21
PAT_000639,DEV_000814,2025-10-15,2025-11-06
PAT_000640,DEV_000815,2025-07-18,2025-07-21
PAT_000641,DEV_000816,2026-03-21,2026-03-21
PAT_000642,DEV_000817,2025-10-20,2025-10-23
PAT_000643,DEV_000818,2025-08-29,2025-08-29
PAT_000644,DEV_000819,2026-03-27,2026-03-27
PAT_000645,DEV_000820,2025-07-29,2025-07-29
PAT_000645,DEV_000821,2025-05-15,2025-06-01
PAT_000646,DEV_000822,2026-02-08,2026-02-11
PAT_000647,DEV_000823,2025-10-28,2025-10-28
PAT_000648,DEV_000824,2025-05-25,2025-06-23
PAT_000648,DEV_000825,2025-08-02,2025-08-04
PAT_000649,DEV_000826,2025-10-26,2025-10-26
PAT_000650,DEV_000827,2025-08-17,2025-08-21
PAT_000651,DEV_000828,2025-10-20,2025-10-24
PAT_000652,DEV_000829,2025-07-27,2025-07-31
PAT_000653,DEV_000830,2026-03-29,2026-04-02
PAT_000653,DEV_000831,2025-12-24,2025-12-24
PAT_000654,DEV_000832,2025-11-23,2025-11-24
PAT_000655,DEV_000833,2025-07-27,2025-07-31
PAT_000656,DEV_000834,2025-07-08,2025-07-09
PAT_000657,DEV_000835,2026-03-16,2026-03-19
PAT_000657,DEV_000836,2026-02-23,2026-03-16
PAT_000658,DEV_000837,2026-03-31,2026-04-02
PAT_000659,DEV_000838,2025-07-19,2025-09-01
PAT_000660,DEV_000839,2026-03-04,2026-03-08
PAT_000661,DEV_000840,2026-01-05,2026-01-05
PAT_000662,DEV_000841,2025-10-25,2025-10-29
PAT_000663,DEV_000842,2026-04-12,2026-05-07
PAT_000663,DEV_000843,2026-05-07,2026-05-11
PAT_000664,DEV_000844,2025-07-28,2025-08-01
PAT_000665,DEV_000845,2026-03-07,2026-03-07
PAT_000666,DEV_000846,2026-05-01,2026-05-06
PAT_000667,DEV_000847,2026-03-01,2026-03-06
PAT_000668,DEV_000848,2025-09-24,2025-09-29
PAT_000668,DEV_000849,2025-07-10,2025-08-18
PAT_000669,DEV_000850,2025-08-01,2025-08-16
PAT_000669,DEV_000851,2025-08-16,2026-01-24
PAT_000670,DEV_000852,2025-11-09,2025-11-09
PAT_000671,DEV_000853,2026-04-28,2026-04-28
PAT_000672,DEV_000854,2025-09-23,2025-09-24
PAT_000673,DEV_000855,2026-05-10,2026-05-10
PAT_000674,DEV_000856,2026-04-26,2026-04-26
PAT_000675,DEV_000857,2025-07-14,2025-07-15
PAT_000676,DEV_000858,2026-05-05,2026-05-05
PAT_000677,DEV_000859,2025-09-03,2026-01-12
PAT_000677,DEV_000860,2025-07-02,2025-07-16
PAT_000678,DEV_000861,2026-03-24,2026-03-28
PAT_000679,DEV_000862,2026-05-04,2026-05-07
PAT_000680,DEV_000863,2025-09-13,2025-09-17
PAT_000680,DEV_000864,2025-06-21,2025-07-26
PAT_000681,DEV_000037,2026-01-14,2026-01-14
PAT_000681,DEV_000865,2025-12-28,2026-01-10
PAT_000682,DEV_000866,2025-09-16,2025-09-20
PAT_000683,DEV_000867,2026-03-14,2026-03-17
PAT_000684,DEV_000868,2025-07-03,2025-07-13
PAT_000684,DEV_000869,2025-09-16,2025-09-16
PAT_000685,DEV_000870,2025-10-08,2026-03-15
PAT_000686,DEV_000871,2025-11-03,2025-11-06
PAT_000687,DEV_000872,2026-03-01,2026-03-02
PAT_000688,DEV_000873,2025-08-18,2025-08-20
PAT_000688,DEV_000874,2025-07-28,2025-08-18
PAT_000689,DEV_000875,2026-03-30,2026-04-15
PAT_000689,DEV_000876,2026-05-11,2026-05-15
PAT_000690,DEV_000877,2026-03-23,2026-03-23
PAT_000690,DEV_000878,2026-01-22,2026-03-02
PAT_000691,DEV_000846,2026-04-06,2026-04-10
PAT_000691,DEV_000879,2026-02-02,2026-02-21
PAT_000692,DEV_000880,2025-10-30,2025-11-03
PAT_000693,DEV_000881,2025-12-23,2025-12-23
PAT_000693,DEV_000882,2025-12-06,2025-12-16
PAT_000694,DEV_000883,2026-04-03,2026-04-04
PAT_000695,DEV_000884,2026-03-23,2026-03-27
PAT_000696,DEV_000885,2025-06-23,2025-06-29
PAT_000696,DEV_000886,2025-08-09,2025-08-11
PAT_000697,DEV_000887,2026-03-30,2026-03-31
PAT_000698,DEV_000888,2025-10-07,2025-10-12
PAT_000699,DEV_000889,2025-10-04,2025-10-04
PAT_000699,DEV_000890,2025-08-28,2025-10-02
PAT_000700,DEV_000891,2025-07-12,2025-08-12
PAT_000700,DEV_000892,2025-08-12,2025-08-15
PAT_000701,DEV_000893,2025-06-23,2025-07-10
PAT_000701,DEV_000894,2025-07-27,2025-07-27
PAT_000702,DEV_000895,2025-12-08,2025-12-10
PAT_000703,DEV_000896,2025-10-24,2025-10-24
PAT_000704,DEV_000897,2026-03-27,2026-04-18
PAT_000704,DEV_000898,2026-04-29,2026-04-29
PAT_000705,DEV_000899,2026-05-11,2026-05-13
PAT_000706,DEV_000900,2025-11-14,2025-11-18
PAT_000707,DEV_000901,2026-01-20,2026-01-23
PAT_000708,DEV_000902,2025-12-06,2025-12-09
PAT_000709,DEV_000903,2025-11-25,2025-11-25
PAT_000710,DEV_000904,2025-12-09,2025-12-09
PAT_000711,DEV_000905,2025-10-17,2025-11-11
PAT_000711,DEV_000906,2025-11-20,2025-11-21
PAT_000712,DEV_000782,2025-07-24,2025-07-27
PAT_000713,DEV_000614,2025-08-25,2025-08-27
PAT_000714,DEV_000907,2025-09-25,2025-09-28
PAT_000715,DEV_000908,2025-12-20,2025-12-25
PAT_000715,DEV_000909,2025-10-28,2025-10-29
PAT_000716,DEV_000910,2026-01-20,2026-01-25
PAT_000717,DEV_000911,2025-10-27,2025-10-27
PAT_000718,DEV_000912,2025-11-18,2025-11-21
PAT_000719,DEV_000913,2026-04-26,2026-04-28
PAT_000720,DEV_000914,2026-01-19,2026-01-23
PAT_000721,DEV_000915,2025-09-11,2025-10-04
PAT_000721,DEV_000916,2025-10-23,2025-10-28
PAT_000722,DEV_000917,2026-03-16,2026-03-20
PAT_000723,DEV_000918,2026-02-24,2026-02-26
PAT_000724,DEV_000919,2025-05-31,2025-06-21
PAT_000724,DEV_000920,2025-08-19,2025-08-22
PAT_000725,DEV_000921,2025-12-24,2025-12-29
PAT_000726,DEV_000922,2025-12-17,2025-12-21
PAT_000727,DEV_000923,2026-02-23,2026-04-01
PAT_000728,DEV_000285,2025-12-18,2025-12-18
PAT_000728,DEV_000924,2025-11-07,2025-12-15
PAT_000729,DEV_000925,2025-10-06,2025-10-06
PAT_000730,DEV_000559,2025-09-06,2025-09-06
PAT_000731,DEV_000926,2026-01-21,2026-01-21
PAT_000732,DEV_000927,2025-11-04,2025-11-07
PAT_000733,DEV_000928,2025-12-24,2025-12-29
PAT_000734,DEV_000462,2025-07-26,2025-07-31
PAT_000735,DEV_000929,2025-10-23,2025-11-09
PAT_000735,DEV_000930,2025-11-11,2025-11-16
PAT_000736,DEV_000931,2025-09-18,2025-09-18
PAT_000737,DEV_000932,2025-09-16,2025-09-16
PAT_000737,DEV_000933,2025-08-31,2025-09-16
PAT_000738,DEV_000934,2025-10-22,2025-10-23
PAT_000739,DEV_000935,2026-04-09,2026-04-14
PAT_000739,DEV_000936,2026-03-20,2026-04-04
PAT_000740,DEV_000937,2025-06-15,2025-07-05
PAT_000740,DEV_000938,2025-09-04,2025-09-05
PAT_000741,DEV_000939,2025-08-01,2025-08-06
PAT_000742,DEV_000940,2026-02-22,2026-02-27
PAT_000743,DEV_000941,2026-04-10,2026-04-11
PAT_000744,DEV_000942,2025-07-30,2025-08-29
PAT_000744,DEV_000943,2025-09-08,2025-09-09
PAT_000745,DEV_000944,2025-10-05,2025-10-21
PAT_000745,DEV_000945,2025-11-20,2025-11-24
PAT_000746,DEV_000946,2026-04-23,2026-04-23
PAT_000747,DEV_000727,2025-10-15,2025-10-18
PAT_000748,DEV_000947,2026-04-20,2026-04-20
PAT_000749,DEV_000198,2025-11-04,2025-11-06
PAT_000749,DEV_000948,2025-10-13,2025-11-04
PAT_000750,DEV_000949,2025-09-30,2025-11-06
PAT_000750,DEV_000950,2025-11-07,2025-11-07
PAT_000751,DEV_000951,2025-08-09,2025-08-09
PAT_000752,DEV_000952,2025-09-11,2025-09-11
PAT_000752,DEV_000953,2025-07-27,2025-08-06
PAT_000753,DEV_000954,2025-07-29,2025-09-22
PAT_000754,DEV_000955,2025-08-18,2025-08-19
PAT_000754,DEV_000956,2025-10-20,2025-10-21
PAT_000755,DEV_000957,2026-03-03,2026-03-03
PAT_000755,DEV_000958,2026-01-19,2026-02-04
PAT_000756,DEV_000959,2025-07-12,2025-07-12
PAT_000757,DEV_000960,2025-10-10,2025-10-13
PAT_000758,DEV_000961,2025-07-06,2025-07-06
PAT_000759,DEV_000962,2025-12-28,2025-12-28
PAT_000760,DEV_000963,2025-08-13,2025-08-14
PAT_000761,DEV_000964,2025-08-24,2025-08-28
PAT_000762,DEV_000965,2026-03-30,2026-04-03
PAT_000763,DEV_000966,2025-12-15,2025-12-20
PAT_000764,DEV_000967,2026-05-08,2026-05-08
PAT_000765,DEV_000968,2025-11-03,2025-11-05
PAT_000766,DEV_000235,2026-03-26,2026-03-26
PAT_000767,DEV_000969,2025-12-14,2026-03-27
PAT_000768,DEV_000970,2025-12-26,2025-12-31
PAT_000768,DEV_000971,2025-10-21,2025-11-22
PAT_000769,DEV_000972,2025-09-05,2025-09-19
PAT_000769,DEV_000973,2025-11-21,2025-11-21
PAT_000770,DEV_000974,2026-01-25,2026-01-28
PAT_000771,DEV_000975,2025-10-28,2025-12-01
PAT_000771,DEV_000976,2025-12-04,2025-12-04
PAT_000772,DEV_000977,2026-04-20,2026-04-20
PAT_000772,DEV_000978,2026-03-16,2026-03-21
PAT_000773,DEV_000979,2026-04-22,2026-04-22
PAT_000774,DEV_000980,2025-09-28,2025-09-28
PAT_000774,DEV_000981,2025-08-24,2025-09-22
PAT_000775,DEV_000982,2025-12-03,2025-12-03
PAT_000775,DEV_000983,2025-09-26,2025-11-02
PAT_000776,DEV_000984,2026-05-01,2026-05-01
PAT_000777,DEV_000985,2026-05-07,2026-05-07
PAT_000778,DEV_000986,2025-08-06,2025-08-06
PAT_000779,DEV_000987,2025-07-15,2025-07-15
PAT_000780,DEV_000988,2026-01-10,2026-01-10
PAT_000781,DEV_000989,2026-03-20,2026-03-21
PAT_000781,DEV_000990,2025-08-11,2025-08-11
PAT_000782,DEV_000991,2025-08-06,2025-08-09
PAT_000783,DEV_000992,2025-08-28,2025-09-09
PAT_000783,DEV_000993,2025-11-16,2025-11-20
PAT_000784,DEV_000994,2025-07-05,2025-07-15
PAT_000784,DEV_000995,2025-07-22,2025-09-03
PAT_000785,DEV_000996,2026-04-15,2026-04-15
PAT_000786,DEV_000997,2025-07-15,2025-07-15
PAT_000787,DEV_000998,2025-12-29,2026-01-01
PAT_000788,DEV_000999,2025-12-02,2025-12-02
PAT_000788,DEV_001000,2025-10-01,2025-10-19
PAT_000789,DEV_000595,2025-09-08,2025-09-08
PAT_000789,DEV_001001,2025-07-03,2025-07-28
PAT_000790,DEV_001002,2025-07-28,2025-07-28
PAT_000791,DEV_001003,2025-08-04,2025-08-04
PAT_000792,DEV_001004,2026-03-05,2026-03-21
PAT_000792,DEV_001005,2026-03-21,2026-03-25
PAT_000793,DEV_001006,2025-10-14,2025-10-18
PAT_000794,DEV_001007,2025-09-22,2025-10-13
PAT_000794,DEV_001008,2025-10-19,2025-10-19
PAT_000795,DEV_001009,2025-08-19,2025-08-23
PAT_000795,DEV_001010,2025-06-18,2025-07-27
PAT_000796,DEV_001011,2025-07-20,2025-07-25
PAT_000797,DEV_001012,2025-07-23,2025-08-09
PAT_000797,DEV_001013,2025-08-28,2025-09-01
PAT_000798,DEV_000031,2025-08-08,2025-08-12
PAT_000799,DEV_001014,2026-03-10,2026-03-10
PAT_000799,DEV_001015,2026-02-24,2026-03-10
PAT_000800,DEV_001016,2025-12-29,2026-01-01
PAT_000800,DEV_001017,2026-03-29,2026-03-29
PAT_000801,DEV_001018,2025-07-11,2025-07-16
PAT_000802,DEV_001019,2025-11-26,2025-11-26
PAT_000802,DEV_001020,2025-09-24,2025-09-27
PAT_000803,DEV_001021,2025-04-17,2025-05-07
PAT_000803,DEV_001022,2025-07-06,2025-07-10
PAT_000804,DEV_001023,2026-01-30,2026-02-01
PAT_000805,DEV_001024,2025-12-27,2026-01-01
PAT_000806,DEV_001025,2025-09-05,2025-09-10
PAT_000807,DEV_001026,2025-07-26,2025-07-31
PAT_000808,DEV_001027,2025-07-22,2025-08-09
PAT_000808,DEV_001028,2025-10-05,2025-10-05
PAT_000809,DEV_001029,2026-04-19,2026-04-23
PAT_000810,DEV_001030,2026-03-19,2026-03-19
PAT_000811,DEV_001031,2025-07-27,2026-03-08
PAT_000812,DEV_001032,2025-10-14,2025-10-14
PAT_000813,DEV_001033,2025-08-03,2025-08-04
PAT_000814,DEV_001034,2025-12-29,2025-12-29
PAT_000815,DEV_001035,2025-07-23,2025-07-28
PAT_000816,DEV_000396,2026-03-18,2026-03-21
PAT_000817,DEV_001036,2026-03-23,2026-03-25
PAT_000818,DEV_001037,2025-06-14,2025-07-07
PAT_000818,DEV_001038,2025-07-30,2025-07-30
PAT_000819,DEV_001039,2026-01-30,2026-02-03
PAT_000819,DEV_001040,2025-07-10,2025-07-11
PAT_000820,DEV_001041,2025-09-14,2025-09-16
PAT_000820,DEV_001042,2025-08-07,2025-08-27
PAT_000821,DEV_000643,2026-04-09,2026-04-11
PAT_000821,DEV_001043,2026-01-29,2026-02-25
PAT_000822,DEV_001044,2025-11-06,2025-11-06
PAT_000823,DEV_001045,2026-01-22,2026-02-04
PAT_000823,DEV_001046,2026-02-07,2026-02-07
PAT_000824,DEV_001047,2026-04-09,2026-04-14
PAT_000824,DEV_001048,2026-03-09,2026-04-09
PAT_000825,DEV_001049,2026-04-21,2026-05-11
PAT_000825,DEV_001050,2026-05-11,2026-05-11
PAT_000826,DEV_001051,2025-08-18,2025-08-22
PAT_000826,DEV_001052,2026-04-14,2026-04-14
PAT_000827,DEV_001053,2026-03-26,2026-03-30
PAT_000828,DEV_001054,2025-12-05,2025-12-16
PAT_000828,DEV_001055,2026-02-21,2026-02-22
PAT_000829,DEV_001056,2025-12-03,2025-12-04
PAT_000829,DEV_001057,2025-11-10,2025-12-01
PAT_000830,DEV_001058,2025-08-25,2025-08-25
PAT_000831,DEV_001059,2026-04-12,2026-04-13
PAT_000832,DEV_001060,2025-12-31,2025-12-31
PAT_000833,DEV_001061,2025-11-08,2025-11-22
PAT_000833,DEV_001062,2025-11-22,2025-11-27
PAT_000834,DEV_001063,2026-03-31,2026-04-21
PAT_000834,DEV_001064,2026-04-22,2026-04-22
PAT_000835,DEV_001065,2025-09-30,2025-09-30
PAT_000835,DEV_001066,2025-08-23,2025-09-19
PAT_000836,DEV_001067,2025-07-12,2025-07-14
PAT_000837,DEV_001068,2025-09-15,2025-09-15
PAT_000838,DEV_001069,2025-09-03,2025-09-06
PAT_000839,DEV_001070,2025-09-23,2025-10-24
PAT_000839,DEV_001071,2025-11-13,2025-11-14
PAT_000840,DEV_001072,2025-10-14,2025-10-14
PAT_000841,DEV_001073,2025-08-14,2025-08-14
PAT_000842,DEV_001074,2026-01-20,2026-02-02
PAT_000842,DEV_001075,2026-03-06,2026-04-22
PAT_000843,DEV_001076,2025-09-15,2025-10-21
PAT_000843,DEV_001077,2025-10-25,2025-10-26
PAT_000844,DEV_001078,2026-03-30,2026-04-04
PAT_000845,DEV_001079,2025-07-05,2025-07-07
PAT_000846,DEV_001080,2026-02-18,2026-02-18
PAT_000846,DEV_001081,2025-12-13,2026-01-19
PAT_000847,DEV_001082,2025-12-24,2025-12-27
PAT_000847,DEV_001083,2026-02-18,2026-02-23
PAT_000848,DEV_001084,2025-08-28,2025-08-28
PAT_000849,DEV_001085,2025-12-05,2026-03-24
PAT_000849,DEV_001086,2025-09-30,2025-10-16
PAT_000850,DEV_001087,2025-08-20,2025-08-20
PAT_000851,DEV_001088,2025-09-01,2025-09-25
PAT_000851,DEV_001089,2025-09-25,2025-09-25
PAT_000852,DEV_001090,2025-08-23,2025-08-28
PAT_000853,DEV_001091,2026-04-16,2026-04-18
PAT_000853,DEV_001092,2026-02-07,2026-03-03
PAT_000854,DEV_001093,2025-07-30,2025-09-26
PAT_000854,DEV_001094,2025-07-01,2025-07-05
PAT_000855,DEV_001095,2026-01-14,2026-01-14
PAT_000856,DEV_001096,2026-02-24,2026-02-25
PAT_000857,DEV_001097,2026-02-07,2026-02-07
PAT_000858,DEV_001098,2025-12-01,2025-12-05
PAT_000858,DEV_001099,2025-10-31,2025-12-01
PAT_000859,DEV_001100,2025-12-10,2026-01-08
PAT_000859,DEV_001101,2026-02-15,2026-02-15
PAT_000860,DEV_001102,2025-09-20,2025-09-20
PAT_000861,DEV_001103,2025-12-21,2025-12-21
PAT_000862,DEV_001104,2025-12-04,2026-01-03
PAT_000862,DEV_001105,2026-01-03,2026-01-03
PAT_000863,DEV_001106,2025-08-02,2025-08-04
PAT_000863,DEV_001107,2025-06-26,2025-07-01
PAT_000864,DEV_001108,2026-03-12,2026-03-14
PAT_000865,DEV_001109,2025-12-03,2025-12-03
PAT_000866,DEV_001110,2025-10-14,2025-10-15
PAT_000866,DEV_001111,2025-09-26,2025-10-14
PAT_000867,DEV_001112,2026-03-18,2026-04-15
PAT_000867,DEV_001113,2026-05-10,2026-05-14
PAT_000868,DEV_000864,2025-09-02,2025-09-03
PAT_000869,DEV_001114,2025-07-23,2025-08-09
PAT_000869,DEV_001115,2025-08-09,2025-10-04
PAT_000870,DEV_001116,2025-10-25,2025-11-15
PAT_000870,DEV_001117,2025-12-09,2025-12-11
PAT_000871,DEV_001118,2025-07-11,2025-07-14
PAT_000872,DEV_001119,2025-08-26,2025-09-25
PAT_000872,DEV_001120,2025-10-03,2025-10-06
PAT_000873,DEV_001121,2026-03-07,2026-03-24
PAT_000873,DEV_001122,2026-04-20,2026-04-20
PAT_000874,DEV_001123,2025-08-14,2025-08-14
PAT_000875,DEV_001124,2025-04-04,2025-05-09
PAT_000875,DEV_001125,2025-07-03,2025-07-08
PAT_000876,DEV_001126,2025-07-30,2025-08-01
PAT_000877,DEV_001127,2025-12-26,2025-12-31
PAT_000877,DEV_001128,2025-11-18,2025-12-14
PAT_000878,DEV_001129,2025-07-29,2025-08-03
PAT_000879,DEV_001130,2025-08-07,2026-05-08
PAT_000880,DEV_001131,2025-11-03,2025-11-29
PAT_000880,DEV_001132,2026-01-17,2026-01-22
PAT_000881,DEV_001133,2025-09-26,2025-09-26
PAT_000882,DEV_001134,2025-07-30,2025-07-30
PAT_000883,DEV_001135,2025-07-09,2025-07-12
PAT_000883,DEV_001136,2025-05-15,2025-05-25
PAT_000884,DEV_001137,2025-12-14,2025-12-14
PAT_000885,DEV_001138,2025-10-27,2025-11-01
PAT_000886,DEV_001139,2026-02-26,2026-03-01
PAT_000887,DEV_001140,2026-02-10,2026-02-15
PAT_000888,DEV_001141,2025-12-24,2025-12-24
PAT_000889,DEV_001142,2026-03-03,2026-03-19
PAT_000889,DEV_001143,2026-05-04,2026-05-04
PAT_000890,DEV_001144,2025-11-02,2025-11-02
PAT_000891,DEV_001145,2026-03-08,2026-03-09
PAT_000892,DEV_001146,2026-04-17,2026-05-05
PAT_000892,DEV_001147,2026-05-05,2026-05-05
PAT_000893,DEV_001148,2025-08-19,2025-09-10
PAT_000893,DEV_001149,2025-11-12,2025-11-17
PAT_000894,DEV_001150,2026-04-08,2026-04-11
PAT_000895,DEV_001151,2026-04-22,2026-04-22
PAT_000896,DEV_001152,2026-05-01,2026-05-01
PAT_000896,DEV_001153,2026-02-07,2026-02-09
PAT_000897,DEV_001154,2026-02-17,2026-02-17
PAT_000897,DEV_001155,2025-12-20,2026-01-10
PAT_000898,DEV_001156,2025-08-08,2025-08-12
PAT_000899,DEV_000456,2025-08-08,2025-09-04
PAT_000899,DEV_001157,2025-09-04,2025-09-09
PAT_000900,DEV_001158,2025-12-29,2025-12-31
PAT_000901,DEV_001159,2026-01-18,2026-01-20
PAT_000902,DEV_001160,2025-07-01,2025-07-02
PAT_000902,DEV_001161,2025-05-10,2025-05-14
PAT_000903,DEV_001162,2025-07-12,2025-07-17
PAT_000904,DEV_001163,2025-07-20,2025-07-20
PAT_000905,DEV_001164,2025-11-21,2025-11-26
PAT_000906,DEV_001165,2025-09-01,2025-09-01
PAT_000906,DEV_001166,2025-06-07,2025-06-21
PAT_000907,DEV_001167,2026-03-17,2026-03-20
PAT_000908,DEV_001168,2025-09-28,2025-10-02
PAT_000909,DEV_001169,2026-01-21,2026-01-24
PAT_000910,DEV_001170,2025-07-11,2025-07-18
PAT_000910,DEV_001171,2025-09-26,2025-09-26
PAT_000911,DEV_001172,2025-09-13,2025-09-16
PAT_000912,DEV_001173,2025-12-10,2025-12-10
PAT_000913,DEV_001174,2025-12-27,2026-02-03
PAT_000914,DEV_001175,2025-07-17,2025-07-17
PAT_000915,DEV_001176,2026-02-21,2026-02-24
PAT_000915,DEV_001177,2026-02-05,2026-02-21
PAT_000916,DEV_001178,2026-01-10,2026-01-14
PAT_000917,DEV_001179,2025-11-23,2025-11-24
PAT_000918,DEV_001180,2026-02-10,2026-02-12
PAT_000918,DEV_001181,2025-12-02,2026-01-06
PAT_000919,DEV_001182,2026-02-18,2026-02-18
PAT_000920,DEV_001102,2025-10-09,2025-10-09
PAT_000921,DEV_001183,2026-04-17,2026-04-18
PAT_000922,DEV_001184,2026-02-26,2026-02-26
PAT_000923,DEV_001185,2025-07-24,2025-07-24
PAT_000924,DEV_001186,2026-02-09,2026-02-09
PAT_000925,DEV_001187,2025-10-06,2025-10-06
PAT_000925,DEV_001188,2025-09-01,2025-10-01
PAT_000926,DEV_001189,2025-09-02,2025-09-02
PAT_000927,DEV_001190,2025-07-05,2025-07-05
PAT_000927,DEV_001191,2025-04-07,2025-04-12
PAT_000928,DEV_001192,2026-02-11,2026-02-15
PAT_000929,DEV_001193,2026-04-14,2026-04-14
PAT_000930,DEV_000915,2025-08-11,2025-08-11
PAT_000930,DEV_001194,2025-07-15,2025-07-21
PAT_000931,DEV_001195,2025-11-23,2025-11-25
PAT_000932,DEV_001196,2025-11-26,2025-11-29
PAT_000932,DEV_001197,2025-10-11,2025-10-29
PAT_000933,DEV_001198,2025-07-23,2025-07-27
PAT_000934,DEV_001199,2025-11-27,2025-12-02
PAT_000934,DEV_001200,2025-10-11,2025-10-18
PAT_000935,DEV_001201,2026-01-20,2026-01-20
PAT_000935,DEV_001202,2025-11-03,2025-11-08
PAT_000936,DEV_001203,2026-01-05,2026-01-07
PAT_000937,DEV_001204,2025-08-20,2025-08-22
PAT_000938,DEV_000926,2026-05-03,2026-05-03
PAT_000939,DEV_001205,2026-05-08,2026-05-08
PAT_000939,DEV_001206,2026-03-02,2026-03-31
PAT_000940,DEV_001207,2026-02-20,2026-02-21
PAT_000941,DEV_001208,2026-03-15,2026-03-31
PAT_000941,DEV_001209,2026-04-22,2026-04-22
PAT_000942,DEV_001210,2026-02-07,2026-02-09
PAT_000943,DEV_001211,2026-01-16,2026-01-20
PAT_000944,DEV_001212,2026-02-23,2026-03-21
PAT_000944,DEV_001213,2026-03-21,2026-03-21
PAT_000945,DEV_001214,2025-08-28,2025-08-30
PAT_000946,DEV_001215,2025-07-15,2025-07-18
PAT_000947,DEV_001216,2025-11-05,2025-11-05
PAT_000948,DEV_001217,2025-11-13,2025-11-13
PAT_000949,DEV_001218,2026-04-10,2026-04-14
PAT_000950,DEV_001219,2026-01-14,2026-01-16
PAT_000951,DEV_001220,2025-08-21,2025-08-25
PAT_000951,DEV_001221,2025-06-26,2025-07-24
PAT_000952,DEV_001222,2025-12-18,2025-12-23
PAT_000953,DEV_001223,2026-01-05,2026-01-10
PAT_000954,DEV_001224,2025-10-01,2025-10-31
PAT_000954,DEV_001225,2025-10-31,2025-10-31
PAT_000955,DEV_001226,2026-03-11,2026-03-11
PAT_000956,DEV_001227,2025-07-08,2025-07-11
PAT_000956,DEV_001228,2025-09-17,2025-09-17
PAT_000957,DEV_001229,2025-11-02,2025-11-27
PAT_000957,DEV_001230,2025-11-27,2025-12-02
PAT_000958,DEV_001231,2025-09-13,2025-09-13
PAT_000959,DEV_001232,2026-04-01,2026-04-01
PAT_000960,DEV_001233,2025-12-08,2025-12-08
PAT_000960,DEV_001234,2025-11-03,2025-11-30
PAT_000961,DEV_001235,2025-08-04,2025-08-09
PAT_000962,DEV_001236,2025-11-30,2025-12-02
PAT_000963,DEV_001237,2026-04-20,2026-04-20
PAT_000964,DEV_001238,2026-03-06,2026-03-10
PAT_000965,DEV_001239,2026-01-09,2026-01-17
PAT_000966,DEV_001240,2025-09-04,2025-09-06
PAT_000966,DEV_001241,2025-08-17,2025-09-04
PAT_000967,DEV_001242,2026-02-06,2026-03-05
PAT_000967,DEV_001243,2026-03-15,2026-03-15
PAT_000968,DEV_001244,2025-10-07,2025-10-07
PAT_000969,DEV_001245,2025-12-06,2025-12-06
PAT_000970,DEV_001246,2025-12-05,2025-12-05
PAT_000970,DEV_001247,2025-08-04,2025-08-09
PAT_000971,DEV_001248,2025-08-03,2025-08-08
PAT_000972,DEV_000726,2025-09-21,2025-09-25
PAT_000972,DEV_001249,2025-09-11,2025-09-15
PAT_000973,DEV_001250,2026-02-17,2026-02-22
PAT_000973,DEV_001251,2025-10-04,2025-10-04
PAT_000974,DEV_001252,2026-04-21,2026-04-26
PAT_000975,DEV_001253,2026-02-11,2026-03-18
PAT_000975,DEV_001254,2026-04-23,2026-04-23
PAT_000976,DEV_001255,2026-03-24,2026-03-27
PAT_000977,DEV_001256,2025-11-07,2025-11-07
PAT_000977,DEV_001257,2025-09-26,2025-10-03
PAT_000978,DEV_001258,2026-03-03,2026-03-03
PAT_000979,DEV_001259,2026-01-17,2026-01-17
PAT_000980,DEV_001260,2026-03-08,2026-03-10
PAT_000980,DEV_001261,2025-12-21,2026-01-06
PAT_000981,DEV_001262,2025-10-24,2025-12-18
PAT_000982,DEV_001263,2026-03-09,2026-03-13
PAT_000982,DEV_001264,2025-12-15,2026-01-02
PAT_000983,DEV_001265,2026-04-03,2026-04-03
PAT_000984,DEV_001266,2025-12-11,2025-12-11
PAT_000985,DEV_001267,2025-10-13,2025-10-14
PAT_000986,DEV_001268,2025-07-26,2026-01-13
PAT_000987,DEV_001269,2025-09-20,2025-09-24
PAT_000988,DEV_001270,2026-03-18,2026-03-18
PAT_000989,DEV_001271,2025-11-28,2025-11-28
PAT_000990,DEV_001272,2026-04-10,2026-04-12
PAT_000991,DEV_001273,2025-09-29,2025-09-30
PAT_000992,DEV_001274,2025-09-20,2025-09-25
PAT_000993,DEV_001275,2026-03-21,2026-03-25
PAT_000994,DEV_001276,2026-03-19,2026-03-19
PAT_000995,DEV_001277,2025-05-28,2025-07-01
PAT_000995,DEV_001278,2025-07-06,2025-07-08
PAT_000996,DEV_000926,2025-10-08,2025-10-08
PAT_000997,DEV_001279,2026-03-13,2026-03-17
PAT_000998,DEV_001280,2025-09-28,2025-11-05
PAT_000999,DEV_001281,2025-12-29,2026-01-02
PAT_000999,DEV_001282,2025-11-19,2025-11-21
PAT_001000,DEV_001283,2025-11-08,2025-11-10
PAT_001000,DEV_001284,2025-08-30,2025-08-31
PAT_001001,DEV_001285,2026-03-22,2026-03-27
PAT_001002,DEV_001286,2025-07-06,2025-07-06
PAT_001003,DEV_000555,2025-07-03,2025-07-03
PAT_001003,DEV_001287,2025-06-14,2025-07-03
PAT_001004,DEV_001288,2026-04-19,2026-04-21
PAT_001005,DEV_001289,2026-04-20,2026-04-23
PAT_001006,DEV_001290,2025-11-29,2025-11-30
PAT_001007,DEV_001291,2026-03-15,2026-03-19
PAT_001008,DEV_001292,2026-05-07,2026-05-12
PAT_001008,DEV_001293,2026-02-20,2026-03-14
PAT_001009,DEV_001294,2026-02-08,2026-02-10
PAT_001009,DEV_001295,2025-12-08,2025-12-20
PAT_001010,DEV_001296,2026-03-03,2026-03-04
PAT_001011,DEV_001297,2025-10-27,2025-11-01
PAT_001011,DEV_001298,2025-11-21,2025-11-24
PAT_001012,DEV_001299,2026-02-28,2026-02-28
PAT_001012,DEV_001300,2025-12-02,2025-12-30
PAT_001013,DEV_001301,2025-11-17,2025-11-18
PAT_001014,DEV_001302,2025-10-20,2025-10-20
PAT_001015,DEV_001303,2025-08-12,2025-08-16
PAT_001016,DEV_001304,2026-03-01,2026-03-05
PAT_001017,DEV_001305,2026-01-05,2026-01-19
PAT_001017,DEV_001306,2026-01-28,2026-01-28
PAT_001018,DEV_001307,2026-05-08,2026-05-09
PAT_001019,DEV_001129,2025-08-09,2025-08-14
PAT_001020,DEV_000120,2025-11-25,2025-11-25
PAT_001021,DEV_001308,2026-02-03,2026-03-11
PAT_001021,DEV_001309,2026-03-11,2026-03-15
PAT_001022,DEV_001310,2025-12-04,2025-12-04
PAT_001023,DEV_001311,2025-11-24,2025-11-25
PAT_001024,DEV_001312,2025-11-08,2025-12-05
PAT_001024,DEV_001313,2025-12-05,2025-12-05
PAT_001025,DEV_001314,2025-07-05,2025-07-08
PAT_001026,DEV_001315,2026-01-01,2026-01-03
PAT_001026,DEV_001316,2025-11-10,2025-11-22
PAT_001027,DEV_001317,2026-04-26,2026-04-27
PAT_001028,DEV_001318,2026-05-07,2026-05-07
PAT_001029,DEV_001319,2026-01-22,2026-01-22
PAT_001030,DEV_001320,2025-10-01,2025-10-01
PAT_001030,DEV_001321,2025-08-23,2025-08-29
PAT_001031,DEV_001322,2025-04-12,2025-05-17
PAT_001032,DEV_001323,2026-04-03,2026-04-03
PAT_001032,DEV_001324,2026-02-05,2026-02-20
PAT_001033,DEV_001325,2025-07-03,2025-07-07
PAT_001033,DEV_001326,2025-06-09,2025-07-03
PAT_001034,DEV_001327,2025-10-11,2025-10-11
PAT_001035,DEV_001328,2025-12-16,2025-12-28
PAT_001035,DEV_001329,2026-02-02,2026-02-06
PAT_001036,DEV_001330,2025-09-18,2025-10-14
PAT_001037,DEV_001331,2026-03-11,2026-03-15
PAT_001037,DEV_001332,2026-01-30,2026-02-26
PAT_001038,DEV_001333,2025-07-03,2025-07-03
PAT_001039,DEV_001334,2026-05-11,2026-05-14
PAT_001040,DEV_001335,2026-01-19,2026-01-24
PAT_001041,DEV_001336,2025-08-25,2025-08-28
PAT_001042,DEV_001337,2026-04-05,2026-04-10
PAT_001043,DEV_001338,2026-04-17,2026-04-22
PAT_001044,DEV_001339,2025-11-29,2025-12-04
PAT_001045,DEV_001340,2025-08-12,2025-08-17
PAT_001046,DEV_001341,2025-12-28,2025-12-28
PAT_001047,DEV_001342,2025-07-18,2025-07-23
PAT_001048,DEV_001343,2025-09-23,2025-09-28
PAT_001049,DEV_001344,2025-11-03,2025-11-03
PAT_001050,DEV_001345,2026-02-25,2026-02-25
PAT_001051,DEV_001346,2026-03-09,2026-03-12
PAT_001052,DEV_001347,2025-12-19,2026-05-11
PAT_001053,DEV_001348,2025-07-08,2025-08-10
PAT_001053,DEV_001349,2025-09-26,2025-09-28
PAT_001054,DEV_001350,2026-03-21,2026-03-25
PAT_001054,DEV_001351,2026-01-14,2026-01-21
PAT_001055,DEV_001352,2026-04-10,2026-04-12
PAT_001056,DEV_001353,2026-04-06,2026-04-10
PAT_001056,DEV_001354,2026-02-14,2026-02-28
PAT_001057,DEV_001355,2025-11-03,2025-11-05
PAT_001058,DEV_001356,2025-12-19,2025-12-19
PAT_001059,DEV_001357,2025-09-15,2025-09-18
PAT_001060,DEV_001358,2025-12-05,2025-12-10
PAT_001060,DEV_001359,2025-09-27,2025-10-29
PAT_001061,DEV_001360,2025-07-03,2025-07-03
PAT_001062,DEV_001361,2025-10-27,2025-10-31
PAT_001063,DEV_001362,2026-03-21,2026-03-25
PAT_001064,DEV_001363,2025-07-22,2025-07-25
PAT_001065,DEV_001364,2025-11-12,2025-11-15
PAT_001066,DEV_001365,2026-03-12,2026-03-17
PAT_001067,DEV_001366,2025-07-07,2025-07-08
PAT_001068,DEV_001367,2025-07-10,2025-07-10
PAT_001068,DEV_001368,2025-06-22,2025-07-10
PAT_001069,DEV_001369,2025-10-12,2025-10-13
PAT_001069,DEV_001370,2025-08-13,2025-08-14
PAT_001070,DEV_001371,2025-08-15,2025-08-15
PAT_001070,DEV_001372,2025-07-14,2025-08-12
PAT_001071,DEV_001373,2026-02-24,2026-02-25
PAT_001072,DEV_001374,2026-04-24,2026-04-24
PAT_001073,DEV_001375,2026-02-28,2026-03-05
PAT_001074,DEV_001376,2025-10-15,2025-10-19
PAT_001075,DEV_001377,2025-09-06,2025-09-07
PAT_001076,DEV_001378,2025-08-11,2025-08-14
PAT_001077,DEV_001379,2026-01-22,2026-01-22
PAT_001078,DEV_001380,2026-01-07,2026-01-07
PAT_001079,DEV_001381,2025-06-07,2025-07-11
PAT_001079,DEV_001382,2025-08-15,2025-08-16
PAT_001080,DEV_001383,2025-07-30,2025-07-30
PAT_001081,DEV_001384,2026-03-28,2026-03-30
PAT_001082,DEV_001385,2026-05-07,2026-05-07
PAT_001083,DEV_001386,2025-11-15,2025-11-18
PAT_001083,DEV_001387,2025-09-19,2025-10-14
PAT_001084,DEV_001388,2026-02-08,2026-02-08
PAT_001085,DEV_001389,2025-08-12,2025-08-15
PAT_001086,DEV_001390,2025-11-24,2025-11-24
PAT_001087,DEV_001391,2025-10-08,2025-10-08
PAT_001088,DEV_001392,2025-07-07,2025-07-09
PAT_001089,DEV_001393,2025-07-21,2025-08-09
PAT_001089,DEV_001394,2025-08-09,2025-08-12
PAT_001090,DEV_001395,2026-03-08,2026-03-13
PAT_001091,DEV_001396,2025-08-27,2025-09-01
PAT_001092,DEV_001397,2026-04-08,2026-04-08
PAT_001093,DEV_001398,2026-01-16,2026-01-16
PAT_001094,DEV_001399,2026-04-06,2026-04-11
PAT_001095,DEV_001121,2025-11-22,2025-12-15
PAT_001095,DEV_001400,2026-02-05,2026-02-09
PAT_001096,DEV_001077,2026-04-27,2026-04-28
PAT_001097,DEV_001401,2026-03-27,2026-03-30
PAT_001098,DEV_001402,2026-01-01,2026-01-05
PAT_001099,DEV_001403,2026-01-09,2026-01-12
PAT_001100,DEV_001404,2026-03-07,2026-03-12
PAT_001101,DEV_001405,2025-11-29,2025-11-30
PAT_001102,DEV_000217,2026-03-08,2026-03-12
PAT_001102,DEV_001406,2026-01-18,2026-02-06
PAT_001103,DEV_001407,2025-11-05,2025-11-05
PAT_001104,DEV_001408,2026-02-13,2026-02-17
PAT_001105,DEV_001409,2025-10-25,2025-10-30
PAT_001106,DEV_001410,2025-11-05,2025-11-07
PAT_001106,DEV_001411,2025-09-03,2025-09-30
PAT_001107,DEV_001412,2025-08-01,2025-08-06
PAT_001108,DEV_001413,2025-07-07,2025-07-14
PAT_001108,DEV_001414,2025-09-23,2025-09-23
PAT_001109,DEV_001415,2026-04-28,2026-04-28
PAT_001110,DEV_001416,2025-11-03,2025-11-03
PAT_001111,DEV_001417,2026-05-06,2026-05-08
PAT_001112,DEV_001418,2025-12-05,2025-12-05
PAT_001113,DEV_001419,2025-12-18,2025-12-21
PAT_001114,DEV_001420,2025-08-29,2025-08-31
PAT_001114,DEV_001421,2025-08-14,2025-08-15
PAT_001115,DEV_001422,2025-10-17,2025-10-17
PAT_001116,DEV_001423,2025-10-04,2025-10-06
PAT_001117,DEV_001424,2026-05-08,2026-05-13
PAT_001118,DEV_001425,2025-11-24,2025-11-29
PAT_001118,DEV_001426,2026-02-21,2026-02-26
PAT_001119,DEV_001427,2025-11-19,2025-11-19
PAT_001120,DEV_001428,2026-03-13,2026-03-17
PAT_001121,DEV_001429,2025-05-02,2025-05-05
PAT_001121,DEV_001430,2025-07-29,2025-07-30
PAT_001122,DEV_001431,2025-12-05,2025-12-05
PAT_001122,DEV_001432,2025-10-06,2025-10-24
PAT_001123,DEV_001433,2025-09-29,2025-10-01
PAT_001123,DEV_001434,2025-07-21,2025-07-23
PAT_001124,DEV_001435,2025-05-28,2025-06-06
PAT_001124,DEV_001436,2025-07-12,2025-07-12
PAT_001125,DEV_001437,2026-05-08,2026-05-12
PAT_001126,DEV_001438,2025-11-04,2025-11-07
PAT_001127,DEV_001439,2025-10-15,2025-10-29
PAT_001127,DEV_001440,2025-10-29,2026-01-02
PAT_001128,DEV_001441,2026-01-31,2026-02-02
PAT_001129,DEV_001442,2025-08-26,2025-08-28
PAT_001129,DEV_001443,2025-08-04,2025-08-25
PAT_001130,DEV_001444,2026-01-19,2026-01-20
PAT_001131,DEV_001445,2025-07-30,2025-07-30
PAT_001132,DEV_001446,2025-08-24,2025-12-09
PAT_001133,DEV_001447,2025-12-31,2025-12-31
PAT_001133,DEV_001448,2025-11-22,2025-11-25
PAT_001134,DEV_001449,2025-08-27,2025-08-30
PAT_001135,DEV_001450,2026-04-18,2026-04-18
PAT_001136,DEV_001451,2026-05-08,2026-05-12
PAT_001137,DEV_001452,2025-10-21,2025-10-21
PAT_001137,DEV_001453,2025-08-28,2025-09-21
PAT_001138,DEV_001454,2026-02-08,2026-02-08
PAT_001138,DEV_001455,2026-01-03,2026-01-19
PAT_001139,DEV_001456,2025-07-24,2025-07-26
PAT_001140,DEV_001457,2025-07-02,2025-07-02
PAT_001141,DEV_001458,2025-10-04,2025-10-05
PAT_001142,DEV_001459,2026-05-09,2026-05-09
PAT_001143,DEV_001460,2026-05-11,2026-05-15
PAT_001144,DEV_001461,2026-02-24,2026-02-24
PAT_001145,DEV_001462,2025-11-01,2025-11-05
PAT_001146,DEV_001463,2026-02-08,2026-02-10
PAT_001147,DEV_001464,2026-01-14,2026-01-14
PAT_001148,DEV_001465,2026-03-08,2026-03-08
PAT_001149,DEV_000232,2025-07-11,2026-04-12
PAT_001150,DEV_001466,2025-09-19,2025-09-24
PAT_001151,DEV_001467,2026-01-29,2026-01-31
PAT_001152,DEV_001468,2025-07-31,2025-08-04
PAT_001153,DEV_001469,2025-10-02,2025-10-05
PAT_001153,DEV_001470,2025-07-22,2025-08-06
PAT_001154,DEV_001471,2025-07-07,2025-07-11
PAT_001154,DEV_001472,2025-04-08,2025-05-16
PAT_001155,DEV_001473,2026-02-24,2026-03-01
PAT_001155,DEV_001474,2026-04-15,2026-04-15
PAT_001156,DEV_001475,2025-11-02,2025-11-03
PAT_001157,DEV_001476,2025-07-16,2026-05-06
PAT_001158,DEV_001477,2025-12-28,2026-01-29
PAT_001159,DEV_001478,2026-02-07,2026-02-12
PAT_001160,DEV_001479,2025-12-11,2025-12-14
PAT_001161,DEV_001480,2025-07-15,2025-07-20
PAT_001162,DEV_001481,2025-12-07,2025-12-10
PAT_001163,DEV_001224,2026-03-28,2026-03-28
PAT_001163,DEV_001482,2026-03-13,2026-03-28
PAT_001164,DEV_001483,2026-05-09,2026-05-11
PAT_001165,DEV_001484,2025-07-17,2025-07-22
PAT_001165,DEV_001485,2025-06-20,2025-07-17
PAT_001166,DEV_001486,2025-10-31,2025-11-05
PAT_001166,DEV_001487,2025-08-30,2025-09-04
PAT_001167,DEV_001488,2025-09-21,2025-09-21
PAT_001168,DEV_001489,2025-10-04,2025-10-06
PAT_001168,DEV_001490,2025-08-29,2025-09-24
PAT_001169,DEV_001491,2026-02-17,2026-03-02
PAT_001169,DEV_001492,2026-03-20,2026-03-20
PAT_001170,DEV_001493,2025-10-23,2025-11-16
PAT_001170,DEV_001494,2025-12-02,2025-12-03
PAT_001171,DEV_001495,2025-11-02,2025-11-06
PAT_001172,DEV_001496,2026-04-08,2026-04-08
PAT_001172,DEV_001497,2026-04-16,2026-04-16
PAT_001173,DEV_001498,2025-10-03,2025-10-05
PAT_001174,DEV_001499,2026-04-05,2026-04-08
PAT_001174,DEV_001500,2026-03-17,2026-04-05
PAT_001175,DEV_000165,2026-05-07,2026-05-07
PAT_001176,DEV_001501,2026-03-19,2026-03-23
PAT_001177,DEV_001502,2026-02-27,2026-02-27
PAT_001178,DEV_001503,2025-10-07,2025-10-10
PAT_001179,DEV_001504,2026-04-12,2026-04-13
PAT_001179,DEV_001505,2026-01-12,2026-01-31
PAT_001180,DEV_001412,2025-09-10,2025-09-10
PAT_001181,DEV_001506,2026-03-24,2026-03-24
PAT_001181,DEV_001507,2026-03-04,2026-03-24
PAT_001182,DEV_001508,2025-12-07,2025-12-12
PAT_001182,DEV_001509,2025-10-18,2025-11-24
PAT_001183,DEV_001510,2025-04-25,2025-05-24
PAT_001183,DEV_001511,2025-07-23,2025-07-27
PAT_001184,DEV_001512,2025-10-07,2025-10-09
PAT_001185,DEV_001513,2026-03-13,2026-03-21
PAT_001185,DEV_001514,2026-04-08,2026-04-10
PAT_001186,DEV_001515,2025-07-27,2025-07-30
PAT_001187,DEV_001516,2026-02-20,2026-02-20
PAT_001188,DEV_001517,2025-11-05,2025-11-05
PAT_001189,DEV_001518,2025-08-05,2025-08-05
PAT_001190,DEV_001519,2026-01-26,2026-01-26
PAT_001191,DEV_001520,2025-11-15,2025-11-19
PAT_001192,DEV_001521,2025-08-28,2025-09-01
PAT_001193,DEV_001522,2026-01-13,2026-01-16
PAT_001193,DEV_001523,2025-11-27,2025-12-22
PAT_001194,DEV_001524,2026-01-31,2026-01-31
PAT_001195,DEV_001525,2026-03-04,2026-03-09
PAT_001196,DEV_001526,2025-07-31,2025-08-05
PAT_001197,DEV_000754,2025-08-28,2025-10-23
PAT_001198,DEV_001527,2025-06-12,2025-07-03
PAT_001198,DEV_001528,2025-07-20,2025-07-20
PAT_001199,DEV_001529,2026-04-07,2026-04-09
PAT_001199,DEV_001530,2026-03-10,2026-03-14
PAT_001200,DEV_001531,2025-09-05,2025-09-07
PAT_001201,DEV_001532,2026-02-14,2026-02-17
PAT_001201,DEV_001533,2025-11-18,2025-12-24
PAT_001202,DEV_001534,2025-10-04,2026-04-08
PAT_001202,DEV_001535,2025-07-31,2025-08-03
PAT_001203,DEV_001536,2026-02-04,2026-02-07
PAT_001204,DEV_001537,2025-10-08,2025-10-13
PAT_001205,DEV_001538,2025-05-04,2025-05-15
PAT_001205,DEV_001539,2025-07-06,2025-07-08
PAT_001206,DEV_001540,2026-03-27,2026-03-28
PAT_001207,DEV_001541,2025-12-12,2025-12-12
PAT_001208,DEV_001542,2025-10-01,2025-10-04
PAT_001209,DEV_001543,2026-02-19,2026-03-27
PAT_001209,DEV_001544,2026-04-02,2026-04-02
PAT_001210,DEV_001545,2025-11-30,2025-12-01
PAT_001211,DEV_001546,2025-08-15,2025-08-16
PAT_001212,DEV_001547,2025-09-13,2025-09-17
PAT_001213,DEV_001548,2025-12-10,2025-12-12
PAT_001214,DEV_001549,2025-12-29,2025-12-31
PAT_001214,DEV_001550,2026-02-16,2026-02-16
PAT_001215,DEV_001551,2026-02-03,2026-04-10
PAT_001216,DEV_001552,2026-04-10,2026-04-10
PAT_001217,DEV_001553,2025-08-12,2025-08-13
PAT_001218,DEV_001554,2025-07-08,2025-07-10
PAT_001218,DEV_001555,2025-05-05,2025-05-07
PAT_001219,DEV_000724,2025-09-15,2025-09-15
PAT_001219,DEV_001556,2025-07-19,2025-08-03
PAT_001220,DEV_001557,2026-01-09,2026-01-12
PAT_001220,DEV_001558,2025-11-17,2025-11-27
PAT_001221,DEV_000442,2026-04-09,2026-04-29
PAT_001222,DEV_001559,2026-02-07,2026-02-10
PAT_001223,DEV_001560,2025-09-15,2025-09-20
PAT_001223,DEV_001561,2025-07-19,2025-07-23
PAT_001224,DEV_001562,2026-03-04,2026-03-08
PAT_001225,DEV_001563,2025-12-11,2025-12-30
PAT_001225,DEV_001564,2026-02-27,2026-03-04
PAT_001226,DEV_001565,2025-11-19,2025-11-19
PAT_001227,DEV_001566,2025-11-13,2026-03-27
PAT_001227,DEV_001567,2025-10-25,2025-11-13
PAT_001228,DEV_001568,2026-02-09,2026-02-12
PAT_001229,DEV_001569,2025-08-17,2025-09-20
PAT_001229,DEV_001570,2025-09-25,2025-09-30
PAT_001230,DEV_001571,2026-02-24,2026-02-27
PAT_001231,DEV_001572,2026-03-19,2026-03-23
PAT_001232,DEV_001573,2026-01-05,2026-01-10
PAT_001233,DEV_000183,2026-01-03,2026-01-08
PAT_001234,DEV_001574,2025-11-16,2025-11-21
PAT_001235,DEV_001575,2026-01-12,2026-01-16
PAT_001236,DEV_001576,2026-04-16,2026-04-20
PAT_001237,DEV_001577,2025-12-19,2025-12-19
PAT_001238,DEV_001578,2026-01-11,2026-02-05
PAT_001239,DEV_001579,2025-12-18,2025-12-20
PAT_001240,DEV_001580,2025-09-10,2025-10-09
PAT_001240,DEV_001581,2025-11-18,2025-11-18
PAT_001241,DEV_001582,2026-04-05,2026-04-10
PAT_001242,DEV_000862,2026-05-04,2026-05-08
PAT_001243,DEV_001583,2026-05-06,2026-05-08
PAT_001244,DEV_001584,2026-03-22,2026-04-08
PAT_001244,DEV_001585,2026-04-26,2026-04-26
PAT_001245,DEV_001586,2025-08-22,2025-08-27
PAT_001245,DEV_001587,2025-09-12,2025-09-15
PAT_001246,DEV_001588,2025-09-26,2025-09-26
PAT_001247,DEV_001589,2025-08-18,2025-08-18
PAT_001248,DEV_001590,2025-12-31,2025-12-31
PAT_001249,DEV_001591,2025-07-06,2025-07-11
PAT_001250,DEV_001592,2025-10-27,2025-10-27
PAT_001251,DEV_001593,2026-03-25,2026-03-29
PAT_001252,DEV_001594,2025-10-30,2025-10-30
PAT_001253,DEV_001595,2025-12-20,2025-12-23
PAT_001253,DEV_001596,2025-11-27,2025-12-20
PAT_001254,DEV_001597,2025-07-17,2025-07-17
PAT_001255,DEV_001598,2025-07-10,2025-07-11
PAT_001255,DEV_001599,2025-04-24,2025-05-29
PAT_001256,DEV_001600,2025-08-26,2025-08-26
PAT_001256,DEV_001601,2025-07-10,2025-08-13
PAT_001257,DEV_001602,2026-02-11,2026-02-16
PAT_001258,DEV_001603,2026-02-22,2026-02-27
PAT_001259,DEV_001604,2026-03-07,2026-03-10
PAT_001259,DEV_001605,2026-02-08,2026-02-21
PAT_001260,DEV_001606,2026-01-05,2026-01-05
PAT_001261,DEV_001607,2026-01-14,2026-01-18
PAT_001261,DEV_001608,2025-10-27,2025-11-21
PAT_001262,DEV_001609,2025-08-03,2025-08-07
PAT_001263,DEV_001610,2026-01-06,2026-01-07
PAT_001264,DEV_001611,2025-12-02,2025-12-04
PAT_001265,DEV_001612,2025-06-30,2025-07-01
PAT_001265,DEV_001613,2025-08-10,2025-08-14
PAT_001266,DEV_001614,2025-12-14,2025-12-15
PAT_001266,DEV_001615,2025-12-30,2025-12-31
PAT_001267,DEV_001616,2025-10-03,2025-10-19
PAT_001267,DEV_001617,2025-11-13,2025-11-18
PAT_001268,DEV_001618,2026-04-24,2026-04-27
PAT_001269,DEV_001085,2025-07-19,2025-07-24
PAT_001270,DEV_001619,2025-07-30,2025-08-04
PAT_001271,DEV_001620,2025-12-05,2025-12-05
PAT_001272,DEV_001621,2025-12-24,2025-12-24
PAT_001273,DEV_001622,2025-07-13,2025-07-15
PAT_001274,DEV_001623,2025-07-06,2025-07-06
PAT_001275,DEV_001624,2026-02-19,2026-02-21
PAT_001276,DEV_001625,2025-07-30,2025-08-01
PAT_001276,DEV_001626,2025-05-26,2025-06-19
PAT_001277,DEV_001627,2025-08-02,2025-08-02
PAT_001278,DEV_001628,2026-01-09,2026-01-12
PAT_001278,DEV_001629,2025-11-18,2025-11-20
PAT_001279,DEV_001630,2026-01-15,2026-01-19
PAT_001280,DEV_001631,2025-08-10,2025-08-10
PAT_001281,DEV_000636,2026-02-26,2026-03-02
PAT_001282,DEV_001632,2025-08-09,2025-09-26
PAT_001283,DEV_001633,2025-10-15,2025-10-19
PAT_001284,DEV_001634,2026-02-04,2026-02-04
PAT_001284,DEV_001635,2025-11-23,2025-11-29
PAT_001285,DEV_001636,2026-02-13,2026-02-13
PAT_001286,DEV_001637,2025-10-26,2025-10-26
PAT_001287,DEV_001638,2025-11-08,2025-12-03
PAT_001288,DEV_001639,2025-12-25,2026-01-25
PAT_001288,DEV_001640,2026-02-04,2026-02-06
PAT_001289,DEV_001641,2026-01-29,2026-02-03
PAT_001290,DEV_001642,2025-11-13,2025-11-13
PAT_001291,DEV_001643,2026-02-25,2026-02-25
PAT_001292,DEV_001644,2025-09-02,2025-09-02
PAT_001292,DEV_001645,2025-07-21,2025-07-25
PAT_001293,DEV_001646,2026-04-27,2026-05-02
PAT_001294,DEV_001647,2026-03-01,2026-03-06
PAT_001295,DEV_001648,2025-11-06,2026-04-03
PAT_001296,DEV_001338,2026-04-16,2026-04-20
PAT_001296,DEV_001649,2026-01-18,2026-02-24
PAT_001297,DEV_001650,2025-10-28,2025-10-30
PAT_001298,DEV_001651,2025-12-11,2025-12-16
PAT_001299,DEV_001652,2026-03-09,2026-03-09
PAT_001300,DEV_001653,2025-05-27,2025-07-05
PAT_001300,DEV_001654,2025-07-13,2025-07-13
PAT_001301,DEV_001655,2026-03-01,2026-03-05
PAT_001302,DEV_001656,2025-12-25,2025-12-29
PAT_001303,DEV_001657,2026-04-29,2026-04-29
PAT_001304,DEV_001658,2026-03-29,2026-04-01
PAT_001305,DEV_001659,2026-04-01,2026-04-06
PAT_001305,DEV_001660,2026-02-01,2026-02-17
PAT_001306,DEV_001661,2025-10-18,2025-12-23
PAT_001307,DEV_000780,2025-12-29,2026-01-02
PAT_001308,DEV_001662,2025-08-21,2025-08-26
PAT_001309,DEV_001663,2025-07-12,2025-07-15
PAT_001309,DEV_001664,2025-06-21,2025-07-12
PAT_001310,DEV_001665,2026-02-07,2026-02-07
PAT_001311,DEV_001666,2025-07-20,2025-07-22
PAT_001312,DEV_000184,2026-01-15,2026-01-15
PAT_001313,DEV_000929,2025-09-24,2025-09-27
PAT_001313,DEV_001667,2025-06-28,2025-07-08
PAT_001314,DEV_001668,2026-05-01,2026-05-02
PAT_001315,DEV_001669,2026-04-16,2026-04-21
PAT_001316,DEV_001670,2025-07-03,2025-07-08
PAT_001317,DEV_001671,2026-02-19,2026-02-21
PAT_001318,DEV_001672,2026-02-08,2026-02-13
PAT_001318,DEV_001673,2026-01-25,2026-01-28
PAT_001319,DEV_001674,2026-03-26,2026-03-27
PAT_001320,DEV_001675,2025-07-07,2025-07-11
PAT_001321,DEV_001676,2026-01-07,2026-01-10
PAT_001322,DEV_001677,2025-09-14,2025-09-16
PAT_001322,DEV_001678,2025-08-24,2025-09-14
PAT_001323,DEV_001679,2025-08-09,2025-08-09
PAT_001324,DEV_001680,2025-09-01,2025-09-05
PAT_001325,DEV_001681,2026-04-04,2026-04-05
PAT_001325,DEV_001682,2026-01-19,2026-02-20
PAT_001326,DEV_001683,2026-04-09,2026-04-09
PAT_001327,DEV_001684,2025-10-18,2025-10-18
PAT_001328,DEV_000773,2025-12-25,2025-12-25
PAT_001329,DEV_001685,2025-07-22,2025-07-22
PAT_001330,DEV_001686,2026-02-04,2026-02-04
PAT_001331,DEV_001687,2025-12-15,2025-12-18
PAT_001332,DEV_001688,2025-07-19,2025-07-19
PAT_001333,DEV_001689,2025-11-29,2025-12-02
PAT_001333,DEV_001690,2025-10-13,2025-10-15
PAT_001334,DEV_001691,2026-04-12,2026-04-12
PAT_001334,DEV_001692,2025-07-15,2025-07-19
PAT_001335,DEV_001693,2025-08-22,2025-08-22
PAT_001336,DEV_001694,2026-01-02,2026-01-02
PAT_001337,DEV_001695,2025-08-19,2025-08-24
PAT_001338,DEV_001696,2025-07-28,2025-07-28
PAT_001339,DEV_001697,2025-07-25,2025-08-24
PAT_001339,DEV_001698,2025-09-13,2025-09-15
PAT_001340,DEV_001699,2025-08-07,2025-08-11
PAT_001341,DEV_001700,2025-12-28,2026-01-19
PAT_001341,DEV_001701,2026-01-19,2026-01-19
PAT_001342,DEV_001702,2025-10-11,2025-10-20
PAT_001342,DEV_001703,2025-11-23,2026-03-04
PAT_001343,DEV_001704,2026-04-10,2026-04-10
PAT_001344,DEV_001705,2025-12-05,2025-12-05
PAT_001345,DEV_001706,2026-01-27,2026-01-29
PAT_001346,DEV_001707,2026-01-18,2026-01-21
PAT_001346,DEV_001708,2026-02-23,2026-02-26
PAT_001347,DEV_001709,2025-10-17,2025-10-22
PAT_001348,DEV_001710,2025-10-04,2025-10-07
PAT_001349,DEV_001711,2026-03-11,2026-03-11
PAT_001349,DEV_001712,2025-12-22,2026-01-06
PAT_001350,DEV_001713,2025-12-06,2025-12-11
PAT_001351,DEV_001714,2025-11-19,2025-12-08
PAT_001351,DEV_001715,2025-12-08,2025-12-09
PAT_001352,DEV_001716,2025-07-19,2025-10-11
PAT_001353,DEV_001717,2026-03-09,2026-03-14
PAT_001354,DEV_001718,2025-10-31,2025-10-31
PAT_001355,DEV_001719,2025-07-24,2025-08-01
PAT_001355,DEV_001720,2025-08-10,2025-08-11
PAT_001356,DEV_001721,2026-05-06,2026-05-07
PAT_001357,DEV_000438,2025-11-23,2025-11-24
PAT_001358,DEV_001722,2025-07-27,2025-07-27
PAT_001359,DEV_001723,2025-09-09,2025-11-09
PAT_001360,DEV_001724,2025-07-20,2025-07-20
PAT_001361,DEV_001725,2025-11-22,2025-11-24
PAT_001362,DEV_001726,2025-07-01,2025-09-24
PAT_001363,DEV_001727,2025-09-21,2025-10-10
PAT_001363,DEV_001728,2025-11-12,2025-11-13
PAT_001364,DEV_001729,2025-11-08,2025-11-08
PAT_001365,DEV_001730,2025-08-02,2025-08-02
PAT_001366,DEV_001731,2025-05-05,2025-05-25
PAT_001366,DEV_001732,2025-07-29,2025-08-03
PAT_001367,DEV_000034,2026-02-02,2026-02-11
PAT_001367,DEV_001733,2026-04-27,2026-04-27
PAT_001368,DEV_001734,2025-12-26,2025-12-29
PAT_001369,DEV_001735,2026-01-08,2026-01-13
PAT_001370,DEV_001736,2025-10-12,2025-10-12
PAT_001371,DEV_001737,2026-03-03,2026-03-03
PAT_001372,DEV_001738,2026-03-04,2026-03-05
PAT_001373,DEV_000425,2026-03-12,2026-03-17
PAT_001374,DEV_001739,2026-01-31,2026-01-31
PAT_001375,DEV_001740,2026-03-01,2026-03-21
PAT_001376,DEV_001741,2025-09-19,2025-10-10
PAT_001376,DEV_001742,2025-11-01,2025-11-05
PAT_001377,DEV_001743,2026-03-27,2026-03-30
PAT_001378,DEV_001744,2025-06-27,2025-07-01
PAT_001378,DEV_001745,2025-09-15,2025-09-19
PAT_001379,DEV_001746,2025-07-10,2025-07-27
PAT_001379,DEV_001747,2025-09-19,2025-09-19
PAT_001380,DEV_001748,2026-04-02,2026-04-02
PAT_001381,DEV_001749,2025-09-17,2025-09-17
PAT_001382,DEV_001750,2026-01-24,2026-01-24
PAT_001382,DEV_001751,2025-12-27,2026-01-09
PAT_001383,DEV_001752,2025-11-29,2026-01-02
PAT_001384,DEV_001753,2025-07-22,2025-07-22
PAT_001385,DEV_001754,2025-07-31,2025-08-05
PAT_001386,DEV_001755,2025-10-26,2025-10-27
PAT_001386,DEV_001756,2025-09-28,2025-09-29
PAT_001387,DEV_001757,2026-04-11,2026-04-12
PAT_001388,DEV_001758,2026-04-23,2026-04-28
PAT_001389,DEV_001759,2025-12-04,2026-04-27
PAT_001389,DEV_001760,2025-10-09,2025-11-05
PAT_001390,DEV_001761,2026-01-19,2026-01-23
PAT_001391,DEV_001762,2025-11-28,2025-11-28
PAT_001392,DEV_001763,2026-02-23,2026-02-23
PAT_001392,DEV_001764,2025-11-28,2025-12-03
PAT_001393,DEV_001765,2025-12-19,2025-12-25
PAT_001393,DEV_001766,2026-02-16,2026-02-20
PAT_001394,DEV_001767,2025-08-27,2025-09-01
PAT_001395,DEV_001768,2026-02-21,2026-02-21
PAT_001396,DEV_001769,2025-09-22,2025-09-24
PAT_001397,DEV_001770,2025-07-22,2025-07-27
PAT_001397,DEV_001771,2025-06-06,2025-07-15
PAT_001398,DEV_001772,2026-04-15,2026-04-15
PAT_001399,DEV_001773,2025-07-20,2025-12-28
PAT_001400,DEV_000674,2026-05-07,2026-05-10
PAT_001401,DEV_001774,2025-11-27,2025-12-02
PAT_001401,DEV_001775,2025-10-06,2025-11-13
PAT_001402,DEV_001776,2025-09-15,2025-09-15
PAT_001402,DEV_001777,2025-08-30,2025-09-15
PAT_001403,DEV_001778,2026-05-05,2026-05-05
PAT_001404,DEV_001779,2026-01-14,2026-01-14
PAT_001404,DEV_001780,2025-12-23,2026-01-14
PAT_001405,DEV_001781,2025-08-10,2026-02-10
PAT_001406,DEV_001782,2025-08-23,2025-09-24
PAT_001406,DEV_001783,2025-11-03,2025-11-07
PAT_001407,DEV_001784,2026-01-10,2026-01-15
PAT_001408,DEV_001785,2026-02-28,2026-02-28
PAT_001409,DEV_001786,2025-09-26,2025-10-01
PAT_001410,DEV_001787,2026-01-05,2026-01-05
PAT_001411,DEV_001788,2025-12-10,2025-12-13
PAT_001412,DEV_001789,2025-07-07,2025-07-08
PAT_001413,DEV_001790,2025-09-24,2025-09-27
PAT_001414,DEV_001791,2025-11-24,2025-11-24
PAT_001415,DEV_001792,2026-02-21,2026-02-22
PAT_001416,DEV_001793,2026-03-18,2026-03-23
PAT_001417,DEV_001794,2025-08-17,2025-08-22
PAT_001418,DEV_001795,2025-08-29,2025-09-02
PAT_001419,DEV_001796,2026-04-07,2026-04-23
PAT_001419,DEV_001797,2026-04-23,2026-04-28
PAT_001420,DEV_001798,2026-02-17,2026-02-21
PAT_001420,DEV_001799,2025-12-08,2026-01-08
PAT_001421,DEV_001800,2025-12-23,2025-12-23
PAT_001422,DEV_001801,2026-02-16,2026-02-21
PAT_001423,DEV_001802,2025-12-24,2026-01-16
PAT_001423,DEV_001803,2026-01-16,2026-01-16
PAT_001424,DEV_001804,2025-12-27,2025-12-27
PAT_001424,DEV_001805,2025-11-30,2025-12-26
PAT_001425,DEV_001806,2025-08-11,2025-08-14
PAT_001426,DEV_001807,2025-12-08,2025-12-08
PAT_001427,DEV_001808,2026-02-03,2026-02-03
PAT_001428,DEV_001809,2025-09-28,2025-10-03
PAT_001429,DEV_001810,2026-03-30,2026-03-30
PAT_001430,DEV_001811,2025-08-28,2025-10-17
PAT_001431,DEV_001812,2026-01-19,2026-01-19
PAT_001432,DEV_001813,2025-10-19,2025-10-20
PAT_001432,DEV_001814,2025-12-24,2025-12-30
PAT_001433,DEV_001815,2026-03-16,2026-03-16
PAT_001433,DEV_001816,2026-02-03,2026-03-02
PAT_001434,DEV_001817,2025-07-01,2025-07-19
PAT_001434,DEV_001818,2025-07-19,2025-07-19
PAT_001435,DEV_001819,2025-06-24,2025-07-08
PAT_001435,DEV_001820,2025-08-05,2025-08-05
PAT_001436,DEV_001821,2025-10-21,2025-11-01
PAT_001436,DEV_001822,2025-11-07,2025-11-10
PAT_001437,DEV_001823,2025-09-21,2025-09-24
PAT_001438,DEV_001824,2025-11-16,2025-11-20
PAT_001439,DEV_001825,2026-04-08,2026-04-11
PAT_001440,DEV_001826,2025-07-05,2025-07-07
PAT_001441,DEV_001827,2025-09-21,2025-09-24
PAT_001442,DEV_001828,2026-01-26,2026-01-28
PAT_001443,DEV_001829,2025-07-12,2025-07-15
PAT_001444,DEV_001830,2025-08-26,2025-08-26
PAT_001445,DEV_001831,2025-08-23,2025-09-29
PAT_001445,DEV_001832,2025-09-29,2025-10-03
PAT_001446,DEV_001833,2025-08-26,2025-08-26
PAT_001446,DEV_001834,2025-06-25,2025-07-01
PAT_001447,DEV_001835,2026-02-14,2026-02-14
PAT_001448,DEV_001836,2026-04-17,2026-04-17
PAT_001449,DEV_001837,2025-11-02,2025-11-02
PAT_001449,DEV_001838,2025-08-17,2025-09-14
PAT_001450,DEV_001839,2025-11-15,2025-11-15
PAT_001451,DEV_001840,2025-10-31,2025-11-04
PAT_001452,DEV_001841,2025-09-08,2025-09-08
PAT_001452,DEV_001842,2025-08-01,2025-08-17
PAT_001453,DEV_001843,2026-02-09,2026-02-13
PAT_001453,DEV_001844,2025-12-23,2025-12-26
PAT_001454,DEV_001845,2026-03-17,2026-03-17
PAT_001454,DEV_001846,2026-02-10,2026-03-17
PAT_001455,DEV_001847,2025-11-20,2025-11-20
PAT_001456,DEV_001848,2025-09-18,2025-09-18
PAT_001457,DEV_001849,2026-03-06,2026-03-06
PAT_001458,DEV_001850,2025-07-12,2025-07-12
PAT_001459,DEV_001851,2025-05-09,2025-05-20
PAT_001459,DEV_001852,2025-07-17,2025-07-17
PAT_001460,DEV_001853,2026-05-05,2026-05-05
PAT_001461,DEV_001854,2025-08-20,2025-08-25
PAT_001462,DEV_001855,2026-03-03,2026-03-03
PAT_001463,DEV_001856,2025-08-22,2025-08-22
PAT_001463,DEV_001857,2025-06-11,2025-06-27
PAT_001464,DEV_001858,2025-08-27,2025-09-01
PAT_001464,DEV_001859,2025-07-20,2025-08-01
PAT_001465,DEV_001860,2026-04-02,2026-04-02
PAT_001465,DEV_001861,2026-01-22,2026-02-04
PAT_001466,DEV_001231,2025-08-10,2025-08-15
PAT_001466,DEV_001862,2025-05-23,2025-05-31
PAT_001467,DEV_001863,2025-11-21,2025-11-22
PAT_001468,DEV_001864,2025-12-16,2025-12-19
PAT_001469,DEV_001865,2025-07-19,2025-08-04
PAT_001469,DEV_001866,2025-08-08,2025-08-12
PAT_001470,DEV_001867,2025-11-01,2025-11-02
PAT_001470,DEV_001868,2025-08-24,2025-09-15
PAT_001471,DEV_001869,2026-02-18,2026-02-18
PAT_001471,DEV_001870,2026-01-11,2026-01-14
PAT_001472,DEV_001871,2025-12-03,2026-01-06
PAT_001472,DEV_001872,2026-03-03,2026-03-03
PAT_001473,DEV_001873,2025-10-27,2025-10-31
PAT_001474,DEV_001874,2025-10-22,2025-11-05
PAT_001474,DEV_001875,2025-11-05,2025-11-06
PAT_001475,DEV_001876,2025-11-12,2025-11-20
PAT_001475,DEV_001877,2026-01-20,2026-01-20
PAT_001476,DEV_001878,2026-03-01,2026-03-01
PAT_001477,DEV_001879,2025-09-12,2025-10-28
PAT_001478,DEV_001880,2026-02-14,2026-03-09
PAT_001478,DEV_001881,2026-03-12,2026-03-12
PAT_001479,DEV_001882,2025-07-13,2025-07-13
PAT_001480,DEV_001883,2026-02-19,2026-02-28
PAT_001480,DEV_001884,2026-04-02,2026-04-05
PAT_001481,DEV_001885,2025-12-04,2025-12-07
PAT_001482,DEV_001886,2026-01-27,2026-01-30
PAT_001483,DEV_001887,2025-09-14,2025-09-18
PAT_001484,DEV_001888,2026-04-08,2026-04-10
PAT_001485,DEV_001889,2025-08-14,2025-08-16
PAT_001486,DEV_001890,2026-01-16,2026-01-16
PAT_001487,DEV_001891,2026-03-17,2026-03-17
PAT_001488,DEV_001892,2025-08-10,2025-08-11
PAT_001489,DEV_001893,2025-09-04,2025-09-29
PAT_001489,DEV_001894,2025-10-03,2025-10-08
PAT_001490,DEV_001895,2025-09-17,2025-09-19
PAT_001491,DEV_001896,2026-02-03,2026-03-08
PAT_001491,DEV_001897,2026-03-25,2026-03-27
PAT_001492,DEV_001898,2025-12-06,2025-12-11
PAT_001493,DEV_001899,2025-10-05,2025-10-07
PAT_001494,DEV_001900,2025-07-21,2025-07-26
PAT_001494,DEV_001901,2025-08-12,2025-08-17
PAT_001495,DEV_001902,2026-02-26,2026-03-03
PAT_001496,DEV_001903,2026-02-13,2026-02-13
PAT_001497,DEV_001904,2025-10-08,2025-10-08
PAT_001498,DEV_001905,2026-01-04,2026-01-09
PAT_001499,DEV_001906,2026-01-24,2026-01-29
PAT_001500,DEV_001907,2025-04-30,2025-05-31
PAT_001500,DEV_001908,2025-07-28,2025-08-01
PAT_001501,DEV_001909,2026-02-10,2026-02-13
PAT_001502,DEV_001910,2025-12-28,2025-12-28
PAT_001503,DEV_001911,2025-09-26,2025-09-26
PAT_001504,DEV_001912,2025-07-17,2025-07-17
PAT_001505,DEV_001913,2025-07-12,2025-07-12
PAT_001506,DEV_001914,2025-06-24,2025-07-11
PAT_001506,DEV_001915,2025-08-17,2025-08-17
PAT_001507,DEV_001916,2025-07-09,2025-07-13
PAT_001508,DEV_001917,2025-11-15,2026-02-17
PAT_001509,DEV_001918,2026-01-15,2026-02-02
PAT_001509,DEV_001919,2026-04-11,2026-04-16
PAT_001510,DEV_001920,2025-09-07,2025-09-12
PAT_001510,DEV_001921,2025-07-04,2025-08-03
PAT_001511,DEV_001922,2026-01-18,2026-04-23
PAT_001512,DEV_001923,2026-02-07,2026-02-11
PAT_001513,DEV_001924,2025-11-06,2025-12-10
PAT_001513,DEV_001925,2025-12-14,2025-12-14
PAT_001514,DEV_001399,2025-10-12,2025-10-17
PAT_001515,DEV_001926,2025-06-12,2025-07-21
PAT_001515,DEV_001927,2025-08-21,2025-08-26
PAT_001516,DEV_001928,2025-11-23,2026-01-06
PAT_001517,DEV_001929,2026-02-21,2026-02-21
PAT_001518,DEV_001930,2025-09-26,2025-09-30
PAT_001519,DEV_001931,2025-08-28,2025-09-01
PAT_001520,DEV_001932,2026-05-06,2026-05-11
PAT_001521,DEV_001933,2026-01-14,2026-02-09
PAT_001522,DEV_001934,2026-05-06,2026-05-10
PAT_001523,DEV_001935,2025-07-24,2025-07-24
PAT_001524,DEV_001936,2026-04-27,2026-05-02
PAT_001525,DEV_001937,2025-08-07,2025-08-07
PAT_001525,DEV_001938,2025-07-23,2025-08-07
PAT_001526,DEV_001939,2026-02-18,2026-02-21
PAT_001527,DEV_001940,2025-11-15,2025-11-19
PAT_001528,DEV_001941,2025-10-21,2025-10-26
PAT_001529,DEV_001942,2025-11-26,2025-11-30
PAT_001530,DEV_001943,2025-12-19,2025-12-24
PAT_001531,DEV_001944,2025-08-29,2025-08-29
PAT_001532,DEV_001945,2025-07-31,2025-08-05
PAT_001533,DEV_001946,2025-11-08,2025-11-14
PAT_001533,DEV_001947,2026-02-03,2026-02-07
PAT_001534,DEV_001948,2025-09-02,2025-09-07
PAT_001534,DEV_001949,2025-06-17,2025-07-02
PAT_001535,DEV_001950,2025-06-30,2025-07-27
PAT_001535,DEV_001951,2025-08-04,2025-08-08
PAT_001536,DEV_001952,2025-10-08,2025-10-08
PAT_001536,DEV_001953,2025-09-15,2025-09-18
PAT_001537,DEV_001954,2026-04-25,2026-04-29
PAT_001538,DEV_001955,2026-03-24,2026-03-26
PAT_001539,DEV_001956,2025-12-13,2026-01-20
PAT_001539,DEV_001957,2026-01-23,2026-01-28
PAT_001540,DEV_001958,2025-09-06,2025-09-11
PAT_001541,DEV_001959,2026-04-29,2026-05-04
PAT_001542,DEV_001960,2026-05-11,2026-05-11
PAT_001543,DEV_001961,2026-04-16,2026-04-21
PAT_001544,DEV_001962,2026-03-05,2026-03-06
PAT_001545,DEV_001963,2026-04-11,2026-04-11
PAT_001546,DEV_001964,2025-12-22,2025-12-25
PAT_001547,DEV_001965,2025-08-22,2025-08-26
PAT_001548,DEV_001966,2026-03-28,2026-04-01
PAT_001549,DEV_001967,2025-10-05,2025-10-07
PAT_001550,DEV_001968,2025-11-25,2025-11-25
PAT_001551,DEV_001969,2025-05-16,2025-05-19
PAT_001551,DEV_001970,2025-08-12,2025-08-16
PAT_001552,DEV_001971,2025-07-15,2025-08-21
PAT_001552,DEV_001972,2025-09-20,2025-09-20
PAT_001553,DEV_001973,2026-01-12,2026-01-12
PAT_001554,DEV_000831,2026-01-14,2026-01-14
PAT_001555,DEV_001974,2025-08-06,2025-08-10
PAT_001555,DEV_001975,2025-10-08,2025-10-13
PAT_001556,DEV_001976,2025-12-14,2025-12-14
PAT_001557,DEV_001977,2025-09-03,2025-09-08
PAT_001558,DEV_001978,2025-07-02,2025-07-02
PAT_001559,DEV_001979,2026-02-07,2026-02-07
PAT_001560,DEV_001980,2026-01-09,2026-01-09
PAT_001561,DEV_001981,2026-02-07,2026-02-11
PAT_001561,DEV_001982,2025-11-12,2025-12-06
PAT_001562,DEV_001983,2025-04-30,2025-06-03
PAT_001562,DEV_001984,2025-07-12,2025-07-12
PAT_001563,DEV_001985,2026-02-15,2026-03-03
PAT_001563,DEV_001986,2026-03-19,2026-03-24
PAT_001564,DEV_001987,2026-03-14,2026-03-14
PAT_001565,DEV_001119,2026-02-07,2026-02-12
PAT_001566,DEV_001988,2026-02-10,2026-02-10
PAT_001566,DEV_001989,2025-12-01,2025-12-30
PAT_001567,DEV_001990,2025-08-14,2025-08-18
PAT_001568,DEV_001018,2025-12-29,2025-12-29
PAT_001569,DEV_001991,2025-10-02,2025-10-03
PAT_001570,DEV_001992,2025-12-08,2026-01-14
PAT_001570,DEV_001993,2026-01-25,2026-01-29
PAT_001571,DEV_001994,2026-03-08,2026-03-08
PAT_001572,DEV_001995,2025-11-06,2025-11-09
PAT_001573,DEV_001996,2026-05-02,2026-05-02
PAT_001574,DEV_001997,2026-04-28,2026-04-30
PAT_001575,DEV_001998,2025-08-11,2025-08-16
PAT_001576,DEV_001999,2025-06-24,2025-07-26
PAT_001576,DEV_002000,2025-08-18,2025-08-18
PAT_001577,DEV_002001,2025-12-28,2026-01-01
PAT_001577,DEV_002002,2025-11-04,2025-11-25
PAT_001578,DEV_002003,2025-09-09,2025-09-09
PAT_001578,DEV_002004,2025-07-18,2025-08-13
PAT_001579,DEV_002005,2026-03-10,2026-04-16
PAT_001580,DEV_002006,2025-09-21,2025-09-23
PAT_001581,DEV_002007,2025-11-09,2025-11-11
PAT_001582,DEV_002008,2025-09-22,2025-09-22
PAT_001583,DEV_002009,2025-07-17,2025-10-09
PAT_001584,DEV_002010,2025-12-12,2025-12-12
PAT_001585,DEV_002011,2026-03-15,2026-03-20
PAT_001586,DEV_002012,2025-10-16,2025-10-16
PAT_001587,DEV_002013,2025-11-29,2025-12-02
PAT_001588,DEV_002014,2025-07-11,2025-07-16
PAT_001588,DEV_002015,2025-06-23,2025-06-25
PAT_001589,DEV_002016,2025-07-11,2026-04-29
PAT_001590,DEV_002017,2025-10-15,2025-10-15
PAT_001591,DEV_002018,2026-03-18,2026-03-21
PAT_001592,DEV_002019,2025-08-05,2025-08-14
PAT_001592,DEV_002020,2025-09-20,2025-09-20
PAT_001593,DEV_002021,2025-08-07,2025-08-08
PAT_001594,DEV_002022,2025-08-10,2025-08-13
PAT_001595,DEV_002023,2026-05-10,2026-05-14
PAT_001596,DEV_002024,2025-07-24,2025-11-18
PAT_001597,DEV_002025,2026-02-02,2026-02-04
PAT_001597,DEV_002026,2026-01-06,2026-01-15
PAT_001598,DEV_002027,2026-02-04,2026-02-04
PAT_001599,DEV_002028,2025-12-11,2025-12-12
PAT_001600,DEV_002029,2026-02-06,2026-02-20
PAT_001600,DEV_002030,2026-02-20,2026-02-20
PAT_001601,DEV_002031,2025-07-18,2025-07-23
PAT_001602,DEV_002032,2026-05-09,2026-05-12
PAT_001602,DEV_002033,2026-02-08,2026-02-14
PAT_001603,DEV_002034,2025-07-10,2025-07-12
PAT_001603,DEV_002035,2025-06-16,2025-07-01
PAT_001604,DEV_002036,2026-02-28,2026-03-24
PAT_001604,DEV_002037,2026-04-12,2026-04-14
PAT_001605,DEV_002038,2026-01-02,2026-01-02
PAT_001606,DEV_002039,2025-11-16,2025-11-16
PAT_001607,DEV_002040,2025-12-09,2025-12-14
PAT_001608,DEV_002041,2025-07-04,2025-07-05
PAT_001608,DEV_002042,2025-09-11,2025-09-16
PAT_001609,DEV_002043,2025-11-24,2025-11-24
PAT_001610,DEV_002044,2025-08-29,2025-09-03
PAT_001611,DEV_002045,2026-02-16,2026-02-19
PAT_001612,DEV_002046,2025-10-30,2025-10-30
PAT_001613,DEV_002047,2026-02-26,2026-02-26
PAT_001614,DEV_002048,2025-12-27,2026-02-09
PAT_001615,DEV_002049,2025-11-24,2025-11-26
PAT_001616,DEV_002050,2025-10-25,2025-10-30
PAT_001617,DEV_002051,2025-11-28,2025-11-28
PAT_001618,DEV_002052,2025-07-03,2025-07-03
PAT_001618,DEV_002053,2025-06-13,2025-07-03
PAT_001619,DEV_002054,2025-07-04,2025-07-04
PAT_001620,DEV_002055,2025-10-21,2025-11-04
PAT_001620,DEV_002056,2025-11-04,2025-11-07
PAT_001621,DEV_002057,2026-03-05,2026-03-06
PAT_001622,DEV_002058,2025-09-15,2025-09-17
PAT_001623,DEV_002059,2025-08-23,2025-08-27
PAT_001624,DEV_002060,2026-02-22,2026-02-26
PAT_001625,DEV_002061,2026-05-10,2026-05-12
PAT_001626,DEV_002062,2025-08-18,2025-09-26
PAT_001626,DEV_002063,2025-11-06,2025-11-08
PAT_001627,DEV_002064,2025-12-21,2026-01-29
PAT_001627,DEV_002065,2026-03-20,2026-03-23
PAT_001628,DEV_002066,2025-08-09,2025-08-13
PAT_001629,DEV_002067,2025-11-28,2026-01-03
PAT_001629,DEV_002068,2026-02-01,2026-02-01
PAT_001630,DEV_001643,2026-01-19,2026-01-23
PAT_001630,DEV_002069,2025-12-02,2025-12-15
PAT_001631,DEV_002070,2025-09-25,2025-09-28
PAT_001632,DEV_000541,2025-10-14,2025-10-18
PAT_001633,DEV_002071,2026-02-11,2026-02-11
PAT_001634,DEV_002072,2025-07-12,2025-07-16
PAT_001635,DEV_002073,2026-04-15,2026-04-19
PAT_001636,DEV_001336,2026-02-22,2026-02-22
PAT_001637,DEV_002074,2025-07-12,2025-07-16
PAT_001637,DEV_002075,2025-08-12,2025-08-12
PAT_001638,DEV_002076,2025-05-10,2025-06-13
PAT_001638,DEV_002077,2025-07-02,2025-07-02
PAT_001639,DEV_002078,2026-02-03,2026-02-03
PAT_001639,DEV_002079,2025-11-30,2025-12-08
PAT_001640,DEV_002080,2025-07-18,2025-07-22
PAT_001641,DEV_002081,2025-07-17,2025-08-20
PAT_001641,DEV_002082,2025-09-14,2025-09-14
PAT_001642,DEV_002083,2025-11-18,2025-11-18
PAT_001643,DEV_002084,2025-06-21,2025-06-24
PAT_001643,DEV_002085,2025-08-17,2025-08-20
PAT_001644,DEV_001513,2025-10-09,2025-10-23
PAT_001644,DEV_002086,2025-10-23,2025-10-23
PAT_001645,DEV_002087,2026-02-04,2026-02-09
PAT_001646,DEV_002088,2026-04-11,2026-04-16
PAT_001647,DEV_002089,2025-08-11,2025-08-11
PAT_001648,DEV_002090,2025-09-29,2025-10-04
PAT_001648,DEV_002091,2025-07-06,2025-07-21
PAT_001649,DEV_002092,2026-02-07,2026-03-05
PAT_001649,DEV_002093,2026-03-25,2026-03-29
PAT_001650,DEV_002094,2025-11-30,2025-12-03
PAT_001651,DEV_002095,2025-11-04,2025-11-21
PAT_001652,DEV_002096,2026-04-15,2026-04-15
PAT_001653,DEV_002097,2026-02-13,2026-02-14
PAT_001654,DEV_002098,2025-07-29,2025-08-31
PAT_001654,DEV_002099,2025-06-25,2025-07-17
PAT_001655,DEV_002100,2026-04-14,2026-04-15
PAT_001656,DEV_002101,2025-07-05,2025-07-08
PAT_001657,DEV_002102,2026-04-22,2026-04-24
PAT_001658,DEV_002103,2026-02-16,2026-02-19
PAT_001658,DEV_002104,2025-12-29,2026-01-16
PAT_001659,DEV_002105,2025-10-30,2025-10-30
PAT_001660,DEV_002106,2025-07-07,2025-07-08
PAT_001661,DEV_002107,2025-12-22,2025-12-28
PAT_001661,DEV_002108,2026-02-06,2026-02-06
PAT_001662,DEV_002109,2026-01-22,2026-01-27
PAT_001662,DEV_002110,2025-11-19,2025-12-04
PAT_001663,DEV_002111,2026-03-08,2026-03-13
PAT_001664,DEV_002112,2025-06-02,2025-06-10
PAT_001664,DEV_002113,2025-08-19,2025-08-21
PAT_001665,DEV_002114,2025-11-05,2025-11-07
PAT_001666,DEV_002115,2025-07-20,2025-07-25
PAT_001666,DEV_002116,2025-05-09,2025-05-28
PAT_001667,DEV_002117,2025-09-25,2025-10-08
PAT_001667,DEV_002118,2025-10-24,2026-02-18
PAT_001668,DEV_002119,2026-04-16,2026-04-16
PAT_001669,DEV_002120,2025-07-21,2025-07-21
PAT_001670,DEV_002121,2025-07-27,2025-08-21
PAT_001670,DEV_002122,2025-10-05,2025-10-05
PAT_001671,DEV_002123,2026-04-16,2026-04-19
PAT_001672,DEV_002124,2025-06-02,2025-06-21
PAT_001672,DEV_002125,2025-07-17,2025-07-20
PAT_001673,DEV_002126,2026-01-22,2026-01-22
PAT_001674,DEV_002127,2025-05-08,2025-06-04
PAT_001674,DEV_002128,2025-07-14,2026-01-30
PAT_001675,DEV_001556,2026-03-10,2026-03-10
PAT_001676,DEV_002129,2025-08-08,2025-08-13
PAT_001677,DEV_002130,2025-09-10,2025-09-10
PAT_001678,DEV_002131,2026-04-01,2026-04-06
PAT_001679,DEV_002132,2026-02-11,2026-02-15
PAT_001680,DEV_002133,2025-07-11,2025-07-13
PAT_001681,DEV_002134,2025-09-19,2025-09-19
PAT_001682,DEV_002135,2025-08-16,2025-08-19
PAT_001683,DEV_002136,2025-11-27,2025-12-18
PAT_001683,DEV_002137,2026-02-15,2026-02-15
PAT_001684,DEV_002138,2026-02-28,2026-03-01
PAT_001685,DEV_002139,2025-09-09,2025-09-09
PAT_001686,DEV_002140,2025-10-06,2025-10-10
PAT_001687,DEV_002141,2025-12-01,2025-12-01
PAT_001688,DEV_002142,2026-01-20,2026-01-20
PAT_001688,DEV_002143,2025-12-14,2025-12-23
PAT_001689,DEV_002144,2026-01-24,2026-01-28
PAT_001689,DEV_002145,2025-12-02,2026-01-03
PAT_001690,DEV_002146,2025-09-03,2025-09-03
PAT_001691,DEV_002147,2025-08-21,2025-08-21
PAT_001691,DEV_002148,2025-07-18,2025-08-14
PAT_001692,DEV_002148,2025-09-19,2025-10-16
PAT_001692,DEV_002149,2025-10-17,2025-10-17
PAT_001693,DEV_002150,2025-09-28,2025-09-30
PAT_001693,DEV_002151,2025-11-20,2026-04-12
PAT_001694,DEV_002152,2025-08-29,2025-08-29
PAT_001695,DEV_000264,2026-03-03,2026-03-03
PAT_001696,DEV_002153,2025-08-07,2026-01-20
PAT_001697,DEV_002154,2025-09-10,2025-09-15
PAT_001698,DEV_002155,2026-03-25,2026-03-25
PAT_001699,DEV_002156,2025-11-03,2025-11-04
PAT_001699,DEV_002157,2025-10-14,2025-10-23
PAT_001700,DEV_002158,2025-09-20,2025-09-24
PAT_001700,DEV_002159,2025-08-31,2025-09-08
PAT_001701,DEV_002160,2025-08-25,2025-08-29
PAT_001702,DEV_002161,2025-08-11,2025-08-13
PAT_001703,DEV_002162,2025-08-02,2025-08-04
PAT_001704,DEV_002163,2025-08-03,2026-04-07
PAT_001705,DEV_002164,2025-09-17,2025-09-17
PAT_001706,DEV_002165,2025-11-07,2025-11-23
PAT_001706,DEV_002166,2025-12-19,2025-12-19
PAT_001707,DEV_002167,2025-07-03,2025-07-05
PAT_001708,DEV_002168,2025-09-13,2026-01-14
PAT_001709,DEV_002169,2026-03-15,2026-03-19
PAT_001710,DEV_002170,2026-01-09,2026-01-09
PAT_001711,DEV_002171,2025-09-21,2025-09-26
PAT_001711,DEV_002172,2025-11-15,2025-11-15
PAT_001712,DEV_002173,2025-12-18,2025-12-23
PAT_001713,DEV_002174,2025-06-23,2025-06-28
PAT_001713,DEV_002175,2025-08-24,2025-08-28
PAT_001714,DEV_002176,2026-03-27,2026-03-27
PAT_001715,DEV_002177,2025-12-13,2025-12-13
PAT_001716,DEV_002178,2025-11-18,2025-11-30
PAT_001716,DEV_002179,2026-01-17,2026-01-17
PAT_001717,DEV_002180,2025-11-28,2025-11-28
PAT_001717,DEV_002181,2025-10-03,2025-10-09
PAT_001718,DEV_002182,2025-11-12,2025-11-12
PAT_001718,DEV_002183,2025-12-02,2025-12-05
PAT_001719,DEV_002184,2025-08-23,2025-08-27
PAT_001720,DEV_002185,2025-08-18,2025-08-23
PAT_001721,DEV_002186,2026-01-14,2026-02-11
PAT_001721,DEV_002187,2026-02-20,2026-02-20
PAT_001722,DEV_002188,2025-11-17,2025-11-18
PAT_001723,DEV_002189,2025-12-03,2025-12-07
PAT_001724,DEV_002190,2025-10-17,2025-10-22
PAT_001725,DEV_000722,2025-11-25,2025-11-25
PAT_001725,DEV_002191,2025-09-02,2025-10-03
PAT_001726,DEV_002192,2025-08-26,2025-12-30
PAT_001727,DEV_002193,2025-08-17,2025-08-21
PAT_001728,DEV_002194,2025-10-21,2025-10-24
PAT_001728,DEV_002195,2025-08-15,2025-08-29
PAT_001729,DEV_002196,2026-01-23,2026-01-24
PAT_001730,DEV_002197,2025-10-11,2025-11-07
PAT_001731,DEV_002198,2026-03-04,2026-03-04
PAT_001731,DEV_002199,2025-12-24,2026-01-26
PAT_001732,DEV_002200,2025-10-23,2025-10-23
PAT_001733,DEV_002201,2026-01-15,2026-01-17
PAT_001733,DEV_002202,2025-10-20,2025-11-12
PAT_001734,DEV_002203,2025-11-04,2026-01-13
PAT_001735,DEV_002204,2025-11-29,2025-12-02
PAT_001735,DEV_002205,2025-11-03,2025-11-10
PAT_001736,DEV_002206,2025-11-05,2025-11-06
PAT_001737,DEV_002207,2026-03-08,2026-03-09
PAT_001738,DEV_002208,2025-07-13,2025-07-16
PAT_001739,DEV_001245,2025-11-16,2025-11-16
PAT_001740,DEV_002209,2025-06-20,2025-07-27
PAT_001740,DEV_002210,2025-08-07,2025-08-11
PAT_001741,DEV_002211,2026-04-11,2026-04-14
PAT_001742,DEV_002212,2025-11-13,2025-11-15
PAT_001743,DEV_002213,2025-10-12,2025-10-15
PAT_001743,DEV_002214,2025-08-13,2025-09-04
PAT_001744,DEV_002215,2025-09-18,2025-09-24
PAT_001745,DEV_002216,2025-10-01,2025-10-01
PAT_001746,DEV_002158,2026-03-07,2026-03-20
PAT_001746,DEV_002217,2026-04-21,2026-04-25
PAT_001747,DEV_002218,2025-09-15,2025-09-18
PAT_001748,DEV_002219,2025-12-15,2025-12-18
PAT_001749,DEV_002220,2026-03-20,2026-03-20
PAT_001750,DEV_002221,2025-11-10,2025-11-10
PAT_001750,DEV_002222,2025-09-06,2025-09-07
PAT_001751,DEV_002223,2025-11-11,2025-11-11
PAT_001752,DEV_002224,2025-07-24,2025-07-28
PAT_001752,DEV_002225,2025-05-02,2025-05-09
PAT_001753,DEV_002226,2026-03-31,2026-04-03
PAT_001754,DEV_002227,2025-10-27,2025-10-31
PAT_001755,DEV_002228,2025-11-01,2025-11-01
PAT_001756,DEV_002229,2026-01-27,2026-01-27
PAT_001757,DEV_002230,2025-08-17,2025-08-19
PAT_001757,DEV_002231,2025-07-29,2025-08-17
PAT_001758,DEV_002232,2025-10-19,2025-10-30
PAT_001759,DEV_002212,2025-08-15,2025-09-12
PAT_001759,DEV_002233,2025-10-19,2025-10-19
PAT_001760,DEV_002234,2026-03-09,2026-03-09
PAT_001761,DEV_002235,2025-07-19,2025-07-20
PAT_001762,DEV_002236,2026-03-31,2026-04-01
PAT_001762,DEV_002237,2026-02-01,2026-02-26
PAT_001763,DEV_002238,2026-03-07,2026-03-12
PAT_001764,DEV_001465,2025-07-21,2025-07-21
PAT_001765,DEV_002239,2026-02-22,2026-02-24
PAT_001765,DEV_002240,2025-11-26,2025-12-01
PAT_001766,DEV_002241,2026-03-16,2026-03-16
PAT_001767,DEV_002242,2025-12-02,2025-12-07
PAT_001768,DEV_002243,2025-07-23,2025-07-26
PAT_001769,DEV_002244,2025-05-11,2025-06-13
PAT_001769,DEV_002245,2025-04-30,2025-05-03
PAT_001770,DEV_002246,2025-11-13,2025-11-29
PAT_001770,DEV_002247,2026-01-27,2026-01-31
PAT_001771,DEV_002248,2025-10-03,2025-10-03
PAT_001772,DEV_002249,2025-07-08,2025-07-13
PAT_001773,DEV_002250,2025-08-01,2025-08-06
PAT_001773,DEV_002251,2025-06-22,2025-07-13
PAT_001774,DEV_002252,2025-10-04,2025-10-04
PAT_001775,DEV_002253,2026-01-29,2026-01-29
PAT_001776,DEV_002254,2025-10-19,2025-10-19
PAT_001777,DEV_002255,2025-08-11,2025-08-14
PAT_001778,DEV_002256,2025-08-08,2025-08-14
PAT_001778,DEV_002257,2025-11-02,2025-11-02
PAT_001779,DEV_002258,2025-09-16,2025-09-22
PAT_001779,DEV_002259,2025-11-15,2025-11-20
PAT_001780,DEV_002260,2026-01-08,2026-01-13
PAT_001781,DEV_002261,2025-11-19,2025-11-19
PAT_001782,DEV_002262,2025-12-19,2025-12-23
PAT_001783,DEV_002263,2025-11-16,2025-11-16
PAT_001784,DEV_002264,2026-01-25,2026-01-25
PAT_001785,DEV_002265,2026-05-05,2026-05-10
PAT_001786,DEV_002266,2026-02-02,2026-02-02
PAT_001787,DEV_002267,2026-04-01,2026-04-01
PAT_001788,DEV_002268,2026-03-09,2026-03-13
PAT_001789,DEV_002269,2026-03-18,2026-03-20
PAT_001790,DEV_002270,2025-12-20,2025-12-25
PAT_001791,DEV_002271,2025-07-08,2025-07-12
PAT_001791,DEV_002272,2025-04-17,2025-05-15
PAT_001792,DEV_002273,2025-08-19,2025-10-04
PAT_001793,DEV_002274,2025-12-08,2026-03-05
PAT_001794,DEV_002275,2026-02-09,2026-02-13
PAT_001795,DEV_002276,2026-02-28,2026-03-01
PAT_001796,DEV_002277,2026-03-02,2026-03-05
PAT_001797,DEV_002278,2026-01-28,2026-01-28
PAT_001798,DEV_002279,2025-09-22,2025-09-29
PAT_001798,DEV_002280,2025-11-27,2025-12-02
PAT_001799,DEV_002281,2026-05-09,2026-05-12
PAT_001800,DEV_002282,2025-07-27,2025-08-03
PAT_001800,DEV_002283,2025-09-12,2025-09-17
PAT_001801,DEV_002284,2026-02-08,2026-02-25
PAT_001801,DEV_002285,2026-05-05,2026-05-08
PAT_001802,DEV_002286,2025-10-20,2025-10-20
PAT_001803,DEV_001779,2025-08-03,2025-08-03
PAT_001804,DEV_002287,2025-10-01,2025-10-02
PAT_001805,DEV_002288,2026-02-09,2026-02-12
PAT_001806,DEV_002289,2025-10-20,2025-10-20
PAT_001807,DEV_002290,2025-08-24,2025-09-14
PAT_001808,DEV_002291,2025-08-19,2025-08-20
PAT_001809,DEV_002292,2025-08-15,2025-08-22
PAT_001809,DEV_002293,2025-10-17,2025-10-21
PAT_001810,DEV_002294,2025-08-31,2025-09-20
PAT_001810,DEV_002295,2025-09-20,2025-09-20
PAT_001811,DEV_002296,2025-12-16,2025-12-19
PAT_001812,DEV_002297,2025-08-16,2025-08-21
PAT_001813,DEV_002298,2026-04-04,2026-04-09
PAT_001814,DEV_002299,2025-08-14,2025-08-18
PAT_001815,DEV_002300,2026-04-28,2026-05-03
PAT_001816,DEV_002301,2025-12-04,2025-12-04
PAT_001817,DEV_002302,2025-08-30,2025-08-30
PAT_001818,DEV_002303,2026-03-17,2026-04-09
PAT_001818,DEV_002304,2026-05-07,2026-05-10
PAT_001819,DEV_001887,2026-01-02,2026-01-05
PAT_001820,DEV_000902,2025-10-05,2025-10-05
PAT_001820,DEV_002305,2025-08-25,2025-09-24
PAT_001821,DEV_002306,2025-08-09,2025-08-10
PAT_001822,DEV_002307,2026-03-13,2026-03-13
PAT_001823,DEV_002308,2025-08-09,2025-09-11
PAT_001823,DEV_002309,2025-09-17,2025-09-18
PAT_001824,DEV_002310,2025-10-02,2025-10-07
PAT_001824,DEV_002311,2025-07-08,2025-07-23
PAT_001825,DEV_002312,2025-10-16,2025-10-18
PAT_001826,DEV_002313,2025-11-10,2025-11-11
PAT_001827,DEV_002314,2025-09-16,2025-10-06
PAT_001827,DEV_002315,2025-11-23,2025-11-27
PAT_001828,DEV_002316,2025-07-11,2025-07-11
PAT_001829,DEV_002317,2026-01-08,2026-01-08
PAT_001830,DEV_002318,2025-09-09,2025-09-20
PAT_001830,DEV_002319,2025-11-19,2025-11-21
PAT_001831,DEV_002320,2025-10-20,2025-10-20
PAT_001831,DEV_002321,2025-08-22,2025-09-23
PAT_001832,DEV_002322,2026-03-25,2026-03-25
PAT_001833,DEV_002323,2025-08-05,2025-08-05
PAT_001834,DEV_002324,2025-08-24,2025-08-24
PAT_001835,DEV_002325,2025-08-27,2025-08-27
PAT_001836,DEV_002326,2025-12-25,2025-12-30
PAT_001837,DEV_002327,2025-12-05,2025-12-14
PAT_001837,DEV_002328,2025-12-22,2025-12-27
PAT_001838,DEV_002329,2026-03-12,2026-03-14
PAT_001839,DEV_002330,2025-11-21,2025-11-22
PAT_001839,DEV_002331,2025-09-27,2025-10-13
PAT_001840,DEV_002332,2026-02-25,2026-02-25
PAT_001841,DEV_002333,2025-10-10,2025-10-14
PAT_001842,DEV_002334,2026-01-02,2026-01-02
PAT_001843,DEV_002335,2025-07-15,2025-07-19
PAT_001843,DEV_002336,2025-05-07,2025-05-17
PAT_001844,DEV_002337,2025-08-29,2025-08-29
PAT_001844,DEV_002338,2025-06-24,2025-07-29
PAT_001845,DEV_002339,2026-04-01,2026-04-06
PAT_001846,DEV_002340,2025-12-26,2025-12-26
PAT_001847,DEV_002341,2025-11-01,2025-11-06
PAT_001848,DEV_002342,2026-03-02,2026-03-05
PAT_001849,DEV_002343,2025-09-24,2025-10-15
PAT_001849,DEV_002344,2025-11-07,2025-11-07
PAT_001850,DEV_002345,2026-01-13,2026-01-13
PAT_001850,DEV_002346,2025-12-22,2026-01-06
PAT_001851,DEV_002347,2025-10-02,2025-10-26
PAT_001851,DEV_002348,2025-11-28,2025-12-02
PAT_001852,DEV_002349,2026-01-23,2026-01-23
PAT_001853,DEV_002350,2025-10-25,2025-10-28
PAT_001853,DEV_002351,2025-08-04,2025-09-09
PAT_001854,DEV_001949,2025-07-17,2025-07-19
PAT_001854,DEV_002352,2025-06-09,2025-06-24
PAT_001855,DEV_002353,2025-11-28,2025-12-02
PAT_001856,DEV_002354,2025-11-24,2025-11-24
PAT_001857,DEV_002355,2025-11-17,2025-11-20
PAT_001858,DEV_000881,2026-01-20,2026-01-20
PAT_001859,DEV_002356,2025-10-01,2025-10-04
PAT_001860,DEV_002357,2026-04-15,2026-04-15
PAT_001860,DEV_002358,2026-01-27,2026-02-19
PAT_001861,DEV_002359,2025-08-16,2025-08-28
PAT_001861,DEV_002360,2025-09-24,2025-09-25
PAT_001862,DEV_002361,2025-12-22,2025-12-24
PAT_001863,DEV_002362,2026-01-08,2026-01-12
PAT_001864,DEV_002363,2025-08-30,2026-01-27
PAT_001865,DEV_002364,2025-08-13,2026-03-07
PAT_001866,DEV_002365,2025-08-15,2025-08-18
PAT_001867,DEV_002366,2026-03-04,2026-03-09
PAT_001868,DEV_002367,2026-04-08,2026-04-08
PAT_001869,DEV_002368,2026-01-13,2026-01-18
PAT_001870,DEV_002369,2025-11-17,2025-11-17
PAT_001871,DEV_002370,2025-09-06,2025-09-09
PAT_001872,DEV_002371,2025-11-26,2025-11-26
PAT_001873,DEV_002372,2025-08-18,2025-08-22
PAT_001874,DEV_002373,2025-10-27,2025-11-01
PAT_001875,DEV_002374,2025-08-30,2025-08-30
PAT_001876,DEV_002375,2026-01-07,2026-01-07
PAT_001877,DEV_002376,2025-07-22,2025-07-27
PAT_001878,DEV_002051,2025-06-15,2025-07-07
PAT_001878,DEV_002377,2025-09-13,2025-09-16
PAT_001879,DEV_002378,2026-01-12,2026-01-16
PAT_001879,DEV_002379,2026-04-01,2026-04-05
PAT_001880,DEV_002380,2026-01-05,2026-01-05
PAT_001881,DEV_002381,2025-08-27,2025-08-30
PAT_001882,DEV_002382,2025-10-10,2025-10-15
PAT_001882,DEV_002383,2025-08-21,2025-08-24
PAT_001883,DEV_002384,2025-08-22,2025-09-13
PAT_001883,DEV_002385,2025-11-03,2025-11-06
PAT_001884,DEV_002386,2025-07-14,2025-08-13
PAT_001884,DEV_002387,2025-09-30,2025-09-30
PAT_001885,DEV_002388,2026-02-13,2026-03-01
PAT_001885,DEV_002389,2026-04-04,2026-04-04
PAT_001886,DEV_002390,2025-10-22,2025-11-26
PAT_001886,DEV_002391,2025-11-27,2025-11-27
PAT_001887,DEV_002392,2025-09-29,2025-10-02
PAT_001888,DEV_002393,2025-11-10,2025-11-13
PAT_001888,DEV_002394,2025-10-12,2025-11-08
PAT_001889,DEV_002395,2025-07-24,2025-07-26
PAT_001889,DEV_002396,2025-05-26,2025-06-05
PAT_001890,DEV_002397,2025-08-30,2025-09-01
PAT_001890,DEV_002398,2025-06-18,2025-06-23
PAT_001891,DEV_002399,2026-01-20,2026-01-24
PAT_001892,DEV_002400,2026-02-16,2026-02-19
PAT_001893,DEV_002401,2025-11-29,2025-11-29
PAT_001894,DEV_002402,2025-08-14,2025-08-14
PAT_001894,DEV_002403,2025-06-22,2025-07-07
PAT_001895,DEV_002404,2025-12-31,2026-01-03
PAT_001896,DEV_002405,2025-07-23,2025-08-29
PAT_001896,DEV_002406,2025-10-10,2025-10-11
PAT_001897,DEV_002407,2025-11-15,2025-11-20
PAT_001898,DEV_002408,2026-02-03,2026-02-03
PAT_001899,DEV_002409,2025-08-20,2025-08-20
PAT_001900,DEV_002410,2025-10-23,2025-10-27
PAT_001901,DEV_002411,2025-09-04,2025-09-09
PAT_001902,DEV_002412,2025-09-14,2025-09-19
PAT_001903,DEV_002413,2025-07-11,2025-07-14
PAT_001904,DEV_001421,2025-10-30,2025-11-03
PAT_001904,DEV_002414,2026-01-19,2026-01-19
PAT_001905,DEV_002415,2025-12-26,2025-12-26
PAT_001906,DEV_002416,2025-09-23,2025-09-28
PAT_001907,DEV_002417,2026-03-27,2026-04-01
PAT_001908,DEV_002418,2026-03-03,2026-03-04
PAT_001909,DEV_002419,2025-08-15,2026-02-12
PAT_001910,DEV_002420,2026-01-31,2026-02-01
PAT_001911,DEV_002421,2025-09-03,2025-09-06
PAT_001912,DEV_002422,2025-08-15,2025-08-15
PAT_001913,DEV_001740,2025-09-25,2025-09-28
PAT_001913,DEV_002423,2025-08-30,2025-09-15
PAT_001914,DEV_002424,2026-03-11,2026-03-16
PAT_001915,DEV_002425,2025-11-04,2025-11-04
PAT_001916,DEV_002426,2026-04-09,2026-04-09
PAT_001917,DEV_002427,2026-05-07,2026-05-07
PAT_001917,DEV_002428,2026-04-08,2026-05-07
PAT_001918,DEV_002429,2025-08-23,2025-08-27
PAT_001919,DEV_002430,2026-02-13,2026-02-15
PAT_001919,DEV_002431,2025-12-11,2025-12-15
PAT_001920,DEV_002095,2025-11-27,2025-12-02
PAT_001921,DEV_002432,2025-11-10,2025-11-10
PAT_001922,DEV_002433,2025-10-18,2025-10-23
PAT_001923,DEV_002434,2026-03-29,2026-03-29
PAT_001924,DEV_002435,2026-05-04,2026-05-09
PAT_001925,DEV_002436,2025-09-22,2025-10-14
PAT_001925,DEV_002437,2025-10-14,2025-10-14
PAT_001926,DEV_002438,2025-08-08,2025-08-11
PAT_001927,DEV_002439,2026-05-02,2026-05-04
PAT_001928,DEV_002440,2026-02-21,2026-02-21
PAT_001929,DEV_002441,2025-08-07,2025-08-07
PAT_001929,DEV_002442,2025-09-26,2025-09-27
PAT_001930,DEV_002443,2025-08-05,2025-08-07
PAT_001931,DEV_002444,2026-01-10,2026-01-10
PAT_001932,DEV_002445,2026-03-12,2026-03-12
PAT_001933,DEV_002446,2025-09-09,2025-09-11
PAT_001933,DEV_002447,2025-08-15,2025-09-09
PAT_001934,DEV_002448,2025-10-28,2026-03-17
PAT_001934,DEV_002449,2025-09-03,2025-09-14
PAT_001935,DEV_001715,2025-07-01,2025-07-06
PAT_001936,DEV_002450,2025-11-23,2025-11-28
PAT_001937,DEV_002451,2026-04-22,2026-04-26
PAT_001938,DEV_002452,2025-10-04,2025-10-06
PAT_001939,DEV_002453,2025-07-24,2026-02-01
PAT_001940,DEV_002454,2025-11-27,2025-12-22
PAT_001940,DEV_002455,2026-01-19,2026-01-22
PAT_001941,DEV_002456,2026-02-08,2026-02-10
PAT_001942,DEV_001990,2026-01-21,2026-01-21
PAT_001943,DEV_002457,2025-09-18,2025-09-19
PAT_001943,DEV_002458,2025-08-17,2025-09-18
PAT_001944,DEV_001847,2025-07-13,2025-07-19
PAT_001944,DEV_002459,2025-09-18,2025-09-18
PAT_001945,DEV_002460,2026-05-07,2026-05-07
PAT_001946,DEV_002461,2026-01-22,2026-01-25
PAT_001947,DEV_002462,2025-12-20,2025-12-20
PAT_001948,DEV_002463,2025-07-31,2026-03-16
PAT_001949,DEV_002464,2025-08-20,2025-08-25
PAT_001950,DEV_002465,2025-12-21,2025-12-22
PAT_001950,DEV_002466,2025-09-28,2025-09-29
PAT_001951,DEV_002467,2025-11-09,2025-11-13
PAT_001952,DEV_002468,2025-05-09,2025-06-02
PAT_001952,DEV_002469,2025-07-26,2025-07-26
PAT_001953,DEV_002470,2025-10-29,2025-11-23
PAT_001954,DEV_002471,2025-08-29,2025-09-12
PAT_001954,DEV_002472,2025-09-12,2025-09-16
PAT_001955,DEV_002473,2025-12-13,2025-12-14
PAT_001956,DEV_002474,2026-01-09,2026-01-09
PAT_001957,DEV_002475,2025-12-03,2025-12-08
PAT_001957,DEV_002476,2025-10-03,2025-11-02
PAT_001958,DEV_002477,2026-01-09,2026-01-09
PAT_001958,DEV_002478,2025-11-04,2025-12-07
PAT_001959,DEV_002479,2025-10-02,2025-10-03
PAT_001959,DEV_002480,2025-08-04,2025-08-05
PAT_001960,DEV_002481,2025-08-12,2025-08-14
PAT_001961,DEV_002482,2025-11-01,2025-11-03
PAT_001962,DEV_002483,2025-08-10,2026-01-28
PAT_001963,DEV_002484,2025-11-16,2025-11-20
PAT_001964,DEV_002485,2025-11-20,2026-01-27
PAT_001965,DEV_002486,2026-03-14,2026-03-19
PAT_001966,DEV_002487,2025-12-11,2025-12-28
PAT_001966,DEV_002488,2025-12-28,2026-01-02
PAT_001967,DEV_002489,2026-03-17,2026-03-22
PAT_001967,DEV_002490,2026-02-13,2026-03-17
PAT_001968,DEV_002491,2026-01-19,2026-02-24
PAT_001968,DEV_002492,2026-03-03,2026-03-04
PAT_001969,DEV_002493,2026-03-26,2026-03-29
PAT_001970,DEV_002494,2025-10-28,2025-10-31
PAT_001971,DEV_002495,2025-07-03,2025-07-03
PAT_001972,DEV_002496,2025-08-11,2025-08-11
PAT_001973,DEV_002497,2025-08-28,2025-08-28
PAT_001974,DEV_002498,2026-01-10,2026-01-13
PAT_001974,DEV_002499,2025-12-26,2026-01-10
PAT_001975,DEV_002500,2026-04-30,2026-04-30
PAT_001975,DEV_002501,2026-04-15,2026-04-20
PAT_001976,DEV_002502,2026-04-24,2026-04-24
PAT_001977,DEV_001391,2025-09-25,2026-02-14
PAT_001978,DEV_002503,2026-01-30,2026-02-04
PAT_001979,DEV_002504,2025-12-19,2025-12-22
PAT_001980,DEV_002505,2026-01-15,2026-01-15
PAT_001980,DEV_002506,2025-11-11,2025-11-22
PAT_001981,DEV_002507,2026-03-18,2026-03-21
PAT_001982,DEV_002508,2026-04-07,2026-04-07
PAT_001983,DEV_002509,2026-03-18,2026-03-18
PAT_001984,DEV_002510,2026-04-02,2026-04-02
PAT_001984,DEV_002511,2026-03-15,2026-04-02
PAT_001985,DEV_002512,2025-11-02,2025-11-06
PAT_001986,DEV_002513,2025-11-03,2025-11-03
PAT_001987,DEV_002514,2025-12-03,2025-12-03
PAT_001988,DEV_002515,2025-06-01,2025-06-08
PAT_001988,DEV_002516,2025-08-03,2025-08-06
PAT_001989,DEV_002517,2026-02-20,2026-03-27
PAT_001989,DEV_002518,2026-04-13,2026-04-17
PAT_001990,DEV_000476,2025-11-07,2025-11-11
PAT_001991,DEV_002519,2025-11-21,2025-11-21
PAT_001991,DEV_002520,2025-10-09,2025-11-08
PAT_001992,DEV_002521,2025-12-21,2025-12-21
PAT_001992,DEV_002522,2025-11-02,2025-11-20
PAT_001993,DEV_002523,2025-09-07,2025-09-09
PAT_001994,DEV_002524,2025-11-10,2025-11-13
PAT_001995,DEV_002525,2025-10-19,2025-10-19
PAT_001996,DEV_002526,2026-04-03,2026-04-05
PAT_001996,DEV_002527,2026-02-03,2026-02-05
PAT_001997,DEV_002528,2026-02-26,2026-02-26
PAT_001997,DEV_002529,2026-01-14,2026-02-16
PAT_001998,DEV_002530,2026-03-26,2026-03-29
PAT_001999,DEV_002531,2026-01-09,2026-01-09
PAT_002000,DEV_002532,2025-07-27,2025-08-01
PAT_002001,DEV_002533,2025-11-22,2025-11-27
PAT_002001,DEV_002534,2025-11-06,2025-11-22
PAT_002002,DEV_002535,2025-11-11,2025-11-11
PAT_002003,DEV_002536,2025-12-27,2025-12-31
PAT_002004,DEV_002537,2026-04-28,2026-05-01
PAT_002004,DEV_002538,2026-02-18,2026-03-14
PAT_002005,DEV_002539,2025-08-08,2025-08-08
PAT_002006,DEV_002540,2025-10-30,2025-10-30
PAT_002007,DEV_002541,2025-07-04,2025-07-04
PAT_002007,DEV_002542,2025-06-08,2025-06-09
PAT_002008,DEV_002543,2026-01-07,2026-01-10
PAT_002009,DEV_002544,2025-11-04,2025-11-04
PAT_002010,DEV_002545,2025-10-30,2025-10-30
PAT_002010,DEV_002546,2025-09-15,2025-10-03
PAT_002011,DEV_002547,2025-11-08,2025-11-08
PAT_002011,DEV_002548,2025-10-10,2025-10-15
PAT_002012,DEV_002549,2026-05-07,2026-05-07
PAT_002013,DEV_002550,2025-08-05,2025-08-10
PAT_002013,DEV_002551,2025-05-13,2025-05-23
PAT_002014,DEV_002552,2025-12-29,2026-01-02
PAT_002015,DEV_002553,2025-09-19,2025-09-19
PAT_002016,DEV_002554,2026-04-04,2026-04-04
PAT_002017,DEV_002555,2025-12-02,2025-12-04
PAT_002017,DEV_002556,2025-11-14,2025-12-02
PAT_002018,DEV_002557,2025-07-06,2025-07-10
PAT_002019,DEV_002558,2026-04-02,2026-04-02
PAT_002020,DEV_002559,2026-01-08,2026-01-08
PAT_002021,DEV_002560,2025-12-27,2025-12-27
PAT_002021,DEV_002561,2025-10-16,2025-11-14
PAT_002022,DEV_002562,2025-09-17,2026-02-11
PAT_002023,DEV_002563,2026-03-18,2026-03-19
PAT_002023,DEV_002564,2026-02-11,2026-03-18
PAT_002024,DEV_002565,2026-04-30,2026-04-30
PAT_002025,DEV_002566,2025-07-17,2025-07-19
PAT_002026,DEV_002567,2026-03-29,2026-04-03
PAT_002027,DEV_002568,2026-02-17,2026-02-18
PAT_002028,DEV_002569,2026-01-30,2026-02-22
PAT_002028,DEV_002570,2026-04-24,2026-04-27
PAT_002029,DEV_001663,2025-11-08,2025-11-12
PAT_002029,DEV_002571,2025-09-07,2025-10-16
PAT_002030,DEV_002572,2026-03-29,2026-03-31
PAT_002031,DEV_002573,2025-07-24,2025-12-24
PAT_002032,DEV_001736,2026-05-05,2026-05-06
PAT_002032,DEV_002574,2026-04-02,2026-04-18
PAT_002033,DEV_002575,2025-12-26,2025-12-26
PAT_002034,DEV_002576,2026-02-22,2026-02-23
PAT_002035,DEV_002080,2025-09-11,2025-09-11
PAT_002036,DEV_002577,2025-10-17,2025-10-17
PAT_002037,DEV_002578,2026-01-21,2026-01-22
PAT_002037,DEV_002579,2025-12-02,2025-12-29
PAT_002038,DEV_002580,2025-07-14,2025-07-18
PAT_002038,DEV_002581,2025-05-22,2025-06-28
PAT_002039,DEV_002582,2025-10-21,2025-10-21
PAT_002039,DEV_002583,2025-09-24,2025-10-15
PAT_002040,DEV_002584,2026-04-19,2026-04-21
PAT_002041,DEV_002585,2025-12-29,2026-04-28
PAT_002042,DEV_002586,2025-11-05,2025-11-05
PAT_002043,DEV_002587,2025-07-18,2025-07-18
PAT_002043,DEV_002588,2025-06-14,2025-07-06
PAT_002044,DEV_002589,2025-09-12,2025-10-19
PAT_002044,DEV_002590,2025-11-11,2025-11-16
PAT_002045,DEV_002591,2026-01-31,2026-02-03
PAT_002045,DEV_002592,2025-11-20,2025-12-15
PAT_002046,DEV_002593,2026-03-31,2026-04-05
PAT_002047,DEV_002594,2025-10-09,2025-10-11
PAT_002047,DEV_002595,2025-10-18,2025-10-19
PAT_002048,DEV_002596,2025-11-24,2025-11-24
PAT_002049,DEV_002597,2025-11-23,2025-11-27
PAT_002050,DEV_002598,2025-09-29,2025-10-18
PAT_002050,DEV_002599,2025-10-18,2025-10-22
PAT_002051,DEV_002600,2025-12-18,2025-12-18
PAT_002052,DEV_002601,2025-09-01,2025-10-10
PAT_002052,DEV_002602,2025-10-13,2025-10-17
PAT_002053,DEV_002603,2025-07-25,2025-07-25
PAT_002054,DEV_000353,2025-09-27,2025-09-27
PAT_002055,DEV_002604,2025-07-09,2025-07-13
PAT_002056,DEV_002605,2026-05-09,2026-05-09
PAT_002057,DEV_001415,2025-07-09,2025-07-12
PAT_002058,DEV_002606,2025-11-19,2025-11-23
PAT_002059,DEV_002607,2025-12-29,2026-01-03
PAT_002060,DEV_002608,2025-08-11,2025-08-13
PAT_002061,DEV_002609,2025-12-15,2025-12-15
PAT_002061,DEV_002610,2025-10-07,2025-10-11
PAT_002062,DEV_002611,2026-01-16,2026-01-19
PAT_002063,DEV_002612,2025-09-04,2025-09-06
PAT_002064,DEV_002613,2026-01-11,2026-01-11
PAT_002064,DEV_002614,2025-10-28,2025-11-15
PAT_002065,DEV_002615,2025-10-25,2025-10-25
PAT_002066,DEV_002616,2026-03-11,2026-03-13
PAT_002067,DEV_002617,2025-09-15,2025-09-19
PAT_002068,DEV_002618,2025-07-06,2025-07-06
PAT_002069,DEV_002619,2026-03-04,2026-03-13
PAT_002069,DEV_002620,2026-04-07,2026-04-09
PAT_002070,DEV_002621,2025-11-13,2025-11-15
PAT_002071,DEV_002622,2025-09-12,2025-09-12
PAT_002072,DEV_000859,2025-09-08,2025-09-08
PAT_002073,DEV_002623,2025-10-06,2025-10-07
PAT_002074,DEV_002624,2025-12-09,2025-12-14
PAT_002074,DEV_002625,2025-12-23,2025-12-27
PAT_002075,DEV_002626,2025-10-23,2025-10-23
PAT_002075,DEV_002627,2025-08-01,2025-08-07
PAT_002076,DEV_002628,2025-08-21,2025-09-10
PAT_002076,DEV_002629,2025-09-10,2025-09-15
PAT_002077,DEV_002630,2025-08-07,2025-08-10
PAT_002077,DEV_002631,2025-05-29,2025-06-12
PAT_002078,DEV_002632,2025-09-14,2025-09-14
PAT_002078,DEV_002633,2025-06-25,2025-08-03
PAT_002079,DEV_002634,2026-02-05,2026-02-08
PAT_002080,DEV_002635,2026-02-09,2026-02-14
PAT_002081,DEV_002636,2025-08-13,2025-08-13
PAT_002082,DEV_002637,2026-04-23,2026-04-27
PAT_002083,DEV_002638,2026-05-07,2026-05-07
PAT_002084,DEV_002639,2026-01-03,2026-01-03
PAT_002085,DEV_002640,2025-11-28,2025-11-29
PAT_002086,DEV_002641,2026-03-11,2026-03-14
PAT_002087,DEV_002642,2025-11-14,2025-11-18
PAT_002087,DEV_002643,2025-09-26,2025-10-03
PAT_002088,DEV_002644,2026-04-09,2026-04-09
PAT_002089,DEV_002645,2025-08-26,2026-01-03
PAT_002090,DEV_002646,2026-04-15,2026-04-20
PAT_002091,DEV_002647,2025-09-15,2025-09-15
PAT_002092,DEV_002648,2026-03-20,2026-03-20
PAT_002093,DEV_002649,2026-02-04,2026-02-07
PAT_002093,DEV_002650,2026-03-17,2026-03-21
PAT_002094,DEV_002651,2026-01-03,2026-01-04
PAT_002095,DEV_002652,2026-01-01,2026-01-05
PAT_002096,DEV_002653,2026-04-06,2026-04-11
PAT_002097,DEV_002654,2025-11-08,2025-11-23
PAT_002097,DEV_002655,2026-01-15,2026-01-20
PAT_002098,DEV_002656,2025-09-25,2025-10-15
PAT_002098,DEV_002657,2025-12-12,2025-12-15
PAT_002099,DEV_002658,2025-10-23,2025-10-23
PAT_002100,DEV_002659,2026-04-18,2026-04-21
PAT_002101,DEV_002660,2026-03-28,2026-04-02
PAT_002102,DEV_002661,2025-12-27,2025-12-27
PAT_002102,DEV_002662,2025-10-03,2025-10-28
PAT_002103,DEV_002663,2025-08-06,2025-08-06
PAT_002104,DEV_002664,2025-08-16,2025-08-20
PAT_002105,DEV_002665,2025-10-16,2025-11-09
PAT_002105,DEV_002666,2025-11-16,2025-11-18
PAT_002106,DEV_002667,2026-04-18,2026-05-02
PAT_002106,DEV_002668,2026-05-02,2026-05-04
PAT_002107,DEV_002669,2026-04-25,2026-04-30
PAT_002108,DEV_002670,2025-10-13,2025-10-18
PAT_002109,DEV_002671,2025-09-11,2025-09-14
PAT_002110,DEV_002672,2026-02-28,2026-03-04
PAT_002111,DEV_002673,2025-06-29,2025-07-27
PAT_002111,DEV_002674,2025-09-01,2025-09-04
PAT_002112,DEV_002675,2025-11-11,2025-11-14
PAT_002113,DEV_002676,2026-03-21,2026-03-25
PAT_002114,DEV_002677,2025-12-13,2026-01-18
PAT_002114,DEV_002678,2026-02-26,2026-02-28
PAT_002115,DEV_002679,2025-11-05,2025-11-06
PAT_002116,DEV_002680,2025-11-22,2025-12-26
PAT_002116,DEV_002681,2026-02-18,2026-02-18
PAT_002117,DEV_002682,2026-03-31,2026-04-03
PAT_002117,DEV_002683,2026-01-30,2026-02-08
PAT_002118,DEV_002684,2025-09-20,2025-10-25
PAT_002118,DEV_002685,2025-12-16,2025-12-20
PAT_002119,DEV_002686,2026-03-11,2026-03-16
PAT_002120,DEV_002687,2025-12-20,2025-12-20
PAT_002120,DEV_002688,2025-11-04,2025-12-12
PAT_002121,DEV_002689,2026-04-10,2026-04-10
PAT_002122,DEV_002690,2025-08-07,2025-08-12
PAT_002122,DEV_002691,2025-06-06,2025-06-12
PAT_002123,DEV_002692,2025-07-11,2025-07-16
PAT_002124,DEV_002693,2025-12-18,2025-12-20
PAT_002125,DEV_002694,2025-12-08,2025-12-08
PAT_002126,DEV_002695,2026-02-24,2026-02-27
PAT_002126,DEV_002696,2025-12-11,2026-01-08
PAT_002127,DEV_002697,2025-12-23,2025-12-28
PAT_002127,DEV_002698,2025-10-09,2025-11-11
PAT_002128,DEV_002699,2026-04-26,2026-04-26
PAT_002129,DEV_002700,2025-12-16,2025-12-21
PAT_002130,DEV_002595,2025-10-23,2025-10-23
PAT_002131,DEV_002701,2025-07-05,2025-07-05
PAT_002132,DEV_002702,2025-07-14,2025-07-14
PAT_002133,DEV_002703,2026-05-06,2026-05-09
PAT_002134,DEV_002704,2026-03-26,2026-03-31
PAT_002135,DEV_002705,2026-03-10,2026-03-30
PAT_002135,DEV_002706,2026-04-14,2026-04-16
PAT_002136,DEV_002707,2025-12-15,2025-12-17
PAT_002137,DEV_002708,2025-05-29,2025-06-02
PAT_002137,DEV_002709,2025-07-07,2025-07-07
PAT_002138,DEV_002710,2025-07-22,2025-07-22
PAT_002139,DEV_002711,2025-07-15,2025-07-15
PAT_002140,DEV_002712,2026-02-09,2026-02-14
PAT_002140,DEV_002713,2025-12-19,2026-01-11
PAT_002141,DEV_002714,2025-12-27,2025-12-27
PAT_002141,DEV_002715,2025-10-24,2025-11-09
PAT_002142,DEV_002716,2025-07-23,2025-07-26
PAT_002143,DEV_002717,2025-12-10,2025-12-13
PAT_002143,DEV_002718,2025-11-09,2025-12-07
PAT_002144,DEV_002719,2025-07-29,2025-07-31
PAT_002144,DEV_002720,2025-05-23,2025-06-11
PAT_002145,DEV_002721,2025-11-17,2026-03-03
PAT_002146,DEV_002722,2025-07-15,2025-07-19
PAT_002147,DEV_002723,2025-10-21,2025-10-25
PAT_002148,DEV_002724,2025-07-05,2025-07-06
PAT_002149,DEV_002725,2025-11-28,2025-11-30
PAT_002149,DEV_002726,2025-10-04,2025-10-31
PAT_002150,DEV_002727,2026-02-20,2026-02-20
PAT_002151,DEV_002728,2025-08-19,2025-08-23
PAT_002152,DEV_002729,2025-07-23,2025-07-24
PAT_002153,DEV_002730,2025-09-26,2025-09-26
PAT_002154,DEV_002731,2025-07-30,2025-07-30
PAT_002155,DEV_000011,2026-01-29,2026-03-03
PAT_002155,DEV_002732,2026-03-14,2026-03-16
PAT_002156,DEV_000867,2025-10-14,2025-10-17
PAT_002157,DEV_002733,2025-12-18,2025-12-19
PAT_002158,DEV_002734,2026-03-30,2026-03-31
PAT_002159,DEV_002735,2026-03-12,2026-03-13
PAT_002159,DEV_002736,2025-12-16,2026-01-19
PAT_002160,DEV_002737,2025-10-31,2025-11-03
PAT_002161,DEV_002738,2025-08-04,2025-08-06
PAT_002162,DEV_002739,2025-10-16,2025-10-20
PAT_002163,DEV_002740,2026-03-12,2026-03-17
PAT_002164,DEV_002741,2025-12-10,2025-12-10
PAT_002165,DEV_002742,2026-01-02,2026-01-02
PAT_002165,DEV_002743,2025-10-22,2025-11-15
PAT_002166,DEV_002744,2025-10-14,2025-10-23
PAT_002166,DEV_002745,2025-12-17,2025-12-18
PAT_002167,DEV_002746,2026-05-02,2026-05-05
PAT_002168,DEV_002747,2025-07-01,2025-07-21
PAT_002168,DEV_002748,2025-08-21,2025-08-21
PAT_002169,DEV_002749,2025-12-06,2025-12-09
PAT_002169,DEV_002750,2026-01-06,2026-01-11
PAT_002170,DEV_002751,2025-08-10,2025-08-19
PAT_002170,DEV_002752,2025-09-23,2025-09-24
PAT_002171,DEV_002753,2025-06-12,2025-07-01
PAT_002171,DEV_002754,2025-08-09,2025-08-12
PAT_002172,DEV_002755,2025-08-14,2025-08-14
PAT_002173,DEV_002756,2025-10-25,2025-10-30
PAT_002174,DEV_002757,2025-10-21,2025-10-24
PAT_002175,DEV_002758,2025-08-07,2025-08-11
PAT_002175,DEV_002759,2025-06-25,2025-06-30
PAT_002176,DEV_002760,2025-08-23,2025-08-27
PAT_002177,DEV_002761,2025-12-22,2025-12-22
PAT_002178,DEV_002762,2025-07-13,2025-08-15
PAT_002178,DEV_002763,2025-09-20,2025-09-21
PAT_002179,DEV_002764,2025-10-02,2025-10-26
PAT_002180,DEV_002765,2025-07-17,2025-07-17
PAT_002180,DEV_002766,2025-06-22,2025-07-01
PAT_002181,DEV_001068,2025-09-22,2025-09-25
PAT_002182,DEV_002767,2026-03-25,2026-03-25
PAT_002182,DEV_002768,2026-01-25,2026-02-22
PAT_002183,DEV_002769,2026-03-15,2026-03-19
PAT_002184,DEV_002770,2026-03-14,2026-03-14
PAT_002185,DEV_002771,2026-02-09,2026-02-12
PAT_002186,DEV_002772,2025-10-05,2025-10-05
PAT_002187,DEV_002773,2025-05-28,2025-06-10
PAT_002187,DEV_002774,2025-08-24,2025-08-24
PAT_002188,DEV_002775,2026-02-02,2026-02-03
PAT_002189,DEV_002776,2025-12-25,2025-12-25
PAT_002190,DEV_002777,2025-08-12,2025-08-17
PAT_002190,DEV_002778,2026-04-19,2026-04-23
PAT_002191,DEV_002779,2025-11-23,2025-11-27
PAT_002191,DEV_002780,2025-09-02,2025-09-25
PAT_002192,DEV_002781,2026-04-20,2026-04-23
PAT_002193,DEV_002782,2025-05-15,2025-06-04
PAT_002193,DEV_002783,2025-08-11,2025-08-15
PAT_002194,DEV_001257,2026-03-16,2026-03-16
PAT_002194,DEV_002784,2026-01-28,2026-02-18
PAT_002195,DEV_002785,2026-01-11,2026-02-11
PAT_002195,DEV_002786,2026-02-19,2026-02-20
PAT_002196,DEV_002787,2025-07-13,2025-08-08
PAT_002196,DEV_002788,2025-08-08,2025-08-08
PAT_002197,DEV_002789,2025-09-06,2025-09-10
PAT_002198,DEV_002790,2025-12-12,2025-12-14
PAT_002199,DEV_002791,2025-08-09,2025-08-09
PAT_002200,DEV_002792,2025-07-22,2025-07-22
PAT_002201,DEV_002793,2025-10-25,2025-10-25
PAT_002202,DEV_002794,2025-12-24,2025-12-24
PAT_002203,DEV_002795,2026-04-05,2026-04-08
PAT_002204,DEV_002796,2025-08-18,2025-08-18
PAT_002205,DEV_002797,2026-02-15,2026-02-15
PAT_002206,DEV_002798,2026-05-09,2026-05-14
PAT_002207,DEV_002799,2026-04-18,2026-04-21
PAT_002208,DEV_002800,2026-05-03,2026-05-08
PAT_002208,DEV_002801,2026-04-11,2026-05-03
PAT_002209,DEV_002802,2025-07-13,2025-07-16
PAT_002210,DEV_002803,2025-10-25,2025-10-27
PAT_002211,DEV_002804,2025-08-24,2025-08-27
PAT_002212,DEV_002805,2025-10-31,2025-10-31
PAT_002213,DEV_001020,2025-11-01,2025-11-02
PAT_002214,DEV_002806,2026-01-15,2026-01-15
PAT_002215,DEV_002807,2025-09-20,2025-09-20
PAT_002216,DEV_002808,2025-11-13,2025-11-13
PAT_002217,DEV_002809,2025-09-29,2025-10-01
PAT_002218,DEV_002810,2026-02-08,2026-02-09
PAT_002219,DEV_002811,2026-04-10,2026-04-23
PAT_002219,DEV_002812,2026-05-05,2026-05-05
PAT_002220,DEV_002813,2025-06-20,2025-06-28
PAT_002220,DEV_002814,2025-09-15,2025-09-19
PAT_002221,DEV_002815,2026-01-20,2026-01-25
PAT_002222,DEV_002816,2025-09-12,2025-09-14
PAT_002223,DEV_002817,2025-11-19,2025-11-19
PAT_002224,DEV_002818,2025-08-26,2025-10-01
PAT_002224,DEV_002819,2025-10-18,2025-10-23
PAT_002225,DEV_002820,2026-01-13,2026-01-13
PAT_002225,DEV_002821,2025-10-22,2025-11-08
PAT_002226,DEV_002822,2026-05-02,2026-05-04
PAT_002227,DEV_002823,2026-01-08,2026-01-13
PAT_002228,DEV_002824,2025-07-10,2025-07-25
PAT_002228,DEV_002825,2025-07-25,2025-07-25
PAT_002229,DEV_002826,2025-08-13,2025-08-18
PAT_002230,DEV_002667,2026-05-03,2026-05-07
PAT_002230,DEV_002827,2026-04-17,2026-04-18
PAT_002231,DEV_002828,2025-08-26,2025-08-26
PAT_002232,DEV_002829,2025-10-17,2025-10-18
PAT_002232,DEV_002830,2025-11-29,2025-12-01
PAT_002233,DEV_002831,2025-12-03,2025-12-03
PAT_002234,DEV_002832,2025-10-02,2025-10-06
PAT_002234,DEV_002833,2025-07-07,2025-07-24
PAT_002235,DEV_002834,2025-05-13,2025-05-14
PAT_002235,DEV_002835,2025-08-10,2025-08-11
PAT_002236,DEV_002836,2025-08-26,2025-08-30
PAT_002237,DEV_002837,2025-07-08,2025-08-10
PAT_002237,DEV_002838,2025-09-18,2025-09-20
PAT_002238,DEV_002839,2025-11-16,2025-11-21
PAT_002239,DEV_002840,2026-05-07,2026-05-07
PAT_002240,DEV_002841,2026-04-17,2026-04-20
PAT_002241,DEV_002842,2025-11-25,2025-11-25
PAT_002242,DEV_002843,2025-08-25,2025-08-28
PAT_002243,DEV_002844,2026-05-04,2026-05-04
PAT_002243,DEV_002845,2026-03-11,2026-03-17
PAT_002244,DEV_002846,2026-02-08,2026-02-19
PAT_002244,DEV_002847,2026-04-05,2026-04-07
PAT_002245,DEV_002848,2026-01-17,2026-01-17
PAT_002246,DEV_002849,2025-12-25,2025-12-30
PAT_002247,DEV_002850,2025-12-24,2025-12-29
PAT_002248,DEV_002851,2025-12-14,2026-01-09
PAT_002248,DEV_002852,2026-01-09,2026-01-14
PAT_002249,DEV_002853,2025-08-01,2025-08-09
PAT_002249,DEV_002854,2025-09-15,2025-09-19
PAT_002250,DEV_002855,2026-05-11,2026-05-14
PAT_002251,DEV_002856,2025-11-28,2025-12-02
PAT_002252,DEV_002857,2025-09-21,2025-09-29
PAT_002252,DEV_002858,2025-11-30,2025-12-04
PAT_002253,DEV_002859,2026-02-23,2026-02-27
PAT_002254,DEV_002860,2026-03-07,2026-03-07
PAT_002255,DEV_002861,2026-01-31,2026-02-05
PAT_002256,DEV_002862,2025-08-25,2025-09-04
PAT_002256,DEV_002863,2025-11-07,2025-11-12
PAT_002257,DEV_002864,2025-11-05,2025-11-05
PAT_002258,DEV_001091,2025-09-07,2025-09-30
PAT_002258,DEV_002865,2025-11-02,2025-11-02
PAT_002259,DEV_002284,2025-08-08,2025-08-12
PAT_002259,DEV_002866,2025-10-11,2026-03-19
PAT_002260,DEV_002867,2026-03-06,2026-03-10
PAT_002261,DEV_002868,2025-07-31,2025-08-03
PAT_002262,DEV_002869,2025-11-29,2025-11-30
PAT_002263,DEV_002870,2025-07-28,2025-08-25
PAT_002264,DEV_002871,2025-08-10,2025-08-10
PAT_002265,DEV_002872,2026-03-23,2026-03-27
PAT_002266,DEV_001161,2025-10-16,2025-10-16
PAT_002267,DEV_002873,2025-08-17,2025-08-17
PAT_002268,DEV_002874,2026-03-01,2026-03-06
PAT_002269,DEV_002875,2026-02-16,2026-02-17
PAT_002269,DEV_002876,2026-01-26,2026-02-16
PAT_002270,DEV_002877,2026-02-20,2026-03-04
PAT_002270,DEV_002878,2026-03-11,2026-03-16
PAT_002271,DEV_002879,2026-02-19,2026-02-27
PAT_002271,DEV_002880,2025-12-09,2025-12-19
PAT_002272,DEV_002881,2025-11-09,2025-11-09
PAT_002273,DEV_002882,2026-05-06,2026-05-06
PAT_002274,DEV_002883,2025-09-18,2025-09-23
PAT_002275,DEV_002884,2026-04-22,2026-04-25
PAT_002276,DEV_002885,2025-12-06,2025-12-11
PAT_002277,DEV_002886,2026-01-27,2026-01-27
PAT_002278,DEV_002887,2026-03-25,2026-03-26
PAT_002279,DEV_002888,2025-08-13,2025-08-13
PAT_002280,DEV_002889,2025-11-01,2025-11-02
PAT_002280,DEV_002890,2025-12-27,2026-01-01
PAT_002281,DEV_002891,2026-02-08,2026-02-22
PAT_002281,DEV_002892,2026-02-22,2026-02-22
PAT_002282,DEV_002893,2026-02-09,2026-02-13
PAT_002283,DEV_002894,2026-04-19,2026-04-21
PAT_002284,DEV_002895,2026-02-26,2026-02-26
PAT_002285,DEV_002896,2026-02-10,2026-02-10
PAT_002286,DEV_002897,2025-12-04,2025-12-04
PAT_002287,DEV_002898,2026-01-18,2026-01-20
PAT_002288,DEV_002899,2026-01-16,2026-04-04
PAT_002289,DEV_002900,2025-09-24,2025-09-24
PAT_002290,DEV_002901,2025-08-08,2025-08-11
PAT_002290,DEV_002902,2025-09-09,2026-05-03
PAT_002291,DEV_002903,2026-02-25,2026-02-28
PAT_002291,DEV_002904,2025-12-02,2026-01-10
PAT_002292,DEV_002905,2025-09-10,2025-09-12
PAT_002293,DEV_002906,2025-08-07,2025-08-07
PAT_002293,DEV_002907,2025-05-27,2025-06-24
PAT_002294,DEV_002908,2026-02-14,2026-03-22
PAT_002295,DEV_002909,2025-07-25,2025-07-25
PAT_002295,DEV_002910,2025-06-07,2025-07-08
PAT_002296,DEV_002911,2025-10-27,2025-10-31
PAT_002297,DEV_002912,2025-07-08,2025-07-11
PAT_002298,DEV_001077,2026-03-26,2026-03-26
PAT_002299,DEV_002913,2026-04-15,2026-05-03
PAT_002299,DEV_002914,2026-05-05,2026-05-10
PAT_002300,DEV_002915,2025-12-04,2025-12-07
PAT_002301,DEV_002916,2025-09-03,2025-09-07
PAT_002302,DEV_002917,2026-01-01,2026-01-05
PAT_002303,DEV_002918,2025-12-10,2025-12-10
PAT_002304,DEV_002919,2025-12-19,2025-12-23
PAT_002305,DEV_002920,2025-11-22,2025-11-26
PAT_002306,DEV_002921,2025-07-16,2025-07-16
PAT_002307,DEV_002922,2026-05-08,2026-05-12
PAT_002308,DEV_002923,2025-11-01,2025-11-01
PAT_002308,DEV_002924,2025-08-06,2025-09-04
PAT_002309,DEV_002925,2025-07-19,2025-08-01
PAT_002309,DEV_002926,2025-10-04,2025-10-07
PAT_002310,DEV_002927,2025-08-20,2025-09-20
PAT_002310,DEV_002928,2025-09-29,2025-10-03
PAT_002311,DEV_002093,2025-10-21,2025-10-24
PAT_002312,DEV_002929,2026-03-15,2026-03-19
PAT_002313,DEV_002930,2025-10-13,2025-10-13
PAT_002314,DEV_002931,2025-07-17,2025-07-20
PAT_002315,DEV_002932,2025-10-04,2025-10-04
PAT_002316,DEV_002933,2025-12-15,2026-03-31
PAT_002317,DEV_002934,2025-09-24,2025-09-25
PAT_002318,DEV_002935,2025-07-15,2025-07-18
PAT_002319,DEV_002936,2025-09-23,2025-09-23
PAT_002320,DEV_002937,2025-12-26,2025-12-26
PAT_002321,DEV_002938,2025-12-22,2025-12-22
PAT_002322,DEV_002939,2025-07-19,2025-07-21
PAT_002323,DEV_002940,2026-05-07,2026-05-07
PAT_002324,DEV_002941,2026-04-11,2026-04-11
PAT_002325,DEV_002942,2025-07-08,2025-07-11
PAT_002326,DEV_002943,2026-01-05,2026-01-10
PAT_002327,DEV_002944,2025-09-19,2025-09-19
PAT_002327,DEV_002945,2025-08-17,2025-09-13
PAT_002328,DEV_002946,2025-08-21,2025-08-24
PAT_002329,DEV_002947,2025-12-30,2025-12-31
PAT_002330,DEV_002948,2026-02-05,2026-02-10
PAT_002331,DEV_002949,2025-09-27,2025-09-28
PAT_002332,DEV_002950,2025-10-26,2026-01-28
PAT_002333,DEV_002951,2026-03-06,2026-03-11
PAT_002334,DEV_002952,2025-07-10,2025-07-15
PAT_002335,DEV_002953,2026-05-03,2026-05-08
PAT_002336,DEV_002954,2025-11-20,2025-11-24
PAT_002337,DEV_002955,2025-08-29,2025-09-07
PAT_002337,DEV_002956,2025-11-24,2025-11-24
PAT_002338,DEV_002957,2025-07-19,2025-07-19
PAT_002339,DEV_002958,2026-03-04,2026-03-05
PAT_002340,DEV_002959,2026-02-14,2026-02-14
PAT_002341,DEV_002960,2026-03-20,2026-03-24
PAT_002342,DEV_002961,2025-11-26,2025-11-29
PAT_002343,DEV_002962,2025-11-19,2025-11-23
PAT_002344,DEV_002963,2025-08-11,2025-08-12
PAT_002345,DEV_002964,2025-09-08,2025-09-10
PAT_002346,DEV_002965,2025-08-15,2025-08-15
PAT_002347,DEV_002966,2025-07-06,2025-07-07
PAT_002348,DEV_002967,2025-11-07,2025-11-09
PAT_002348,DEV_002968,2026-01-17,2026-01-22
PAT_002349,DEV_002969,2025-09-17,2025-09-17
PAT_002350,DEV_002970,2026-03-24,2026-03-24
PAT_002351,DEV_002971,2025-09-25,2025-09-29
PAT_002351,DEV_002972,2025-07-29,2025-08-12
PAT_002352,DEV_002973,2025-09-19,2025-09-19
PAT_002353,DEV_002974,2026-04-22,2026-04-22
PAT_002354,DEV_002975,2026-02-08,2026-02-08
PAT_002355,DEV_002976,2026-02-22,2026-02-24
PAT_002356,DEV_002977,2025-08-14,2025-08-27
PAT_002356,DEV_002978,2025-10-28,2025-10-28
PAT_002357,DEV_002979,2025-11-17,2025-11-17
PAT_002357,DEV_002980,2025-08-28,2025-09-22
PAT_002358,DEV_002981,2025-10-16,2025-10-16
PAT_002358,DEV_002982,2025-08-20,2025-09-19
PAT_002359,DEV_002983,2025-09-26,2025-09-27
PAT_002360,DEV_002984,2026-04-16,2026-04-16
PAT_002361,DEV_002985,2025-09-23,2025-09-24
PAT_002361,DEV_002986,2025-09-08,2025-09-11
PAT_002362,DEV_002987,2025-11-18,2025-11-20
PAT_002363,DEV_002988,2026-02-06,2026-02-06
PAT_002364,DEV_002989,2026-02-16,2026-02-16
PAT_002365,DEV_002990,2025-08-28,2025-08-30
PAT_002366,DEV_002991,2025-09-19,2025-09-19
PAT_002367,DEV_002992,2025-09-08,2025-09-08
PAT_002368,DEV_002993,2026-02-10,2026-02-15
PAT_002369,DEV_002994,2025-09-10,2025-09-11
PAT_002370,DEV_002995,2026-03-29,2026-03-29
PAT_002371,DEV_002996,2025-11-19,2025-11-21
PAT_002371,DEV_002997,2025-09-26,2025-10-06
PAT_002372,DEV_002998,2025-09-28,2025-09-30
PAT_002373,DEV_002999,2026-02-10,2026-02-10
PAT_002373,DEV_003000,2026-01-27,2026-02-06
PAT_002374,DEV_003001,2026-01-05,2026-01-29
PAT_002374,DEV_003002,2026-01-29,2026-02-03
PAT_002375,DEV_003003,2025-08-04,2025-08-21
PAT_002375,DEV_003004,2025-08-22,2025-08-24
PAT_002376,DEV_003005,2026-04-30,2026-04-30
PAT_002377,DEV_003006,2026-03-06,2026-03-11
PAT_002378,DEV_003007,2025-11-08,2025-11-12
PAT_002379,DEV_003008,2025-11-08,2025-11-26
PAT_002379,DEV_003009,2026-01-25,2026-01-26
PAT_002380,DEV_003010,2026-01-15,2026-01-19
PAT_002380,DEV_003011,2025-10-17,2025-11-20
PAT_002381,DEV_003012,2025-04-11,2025-04-28
PAT_002381,DEV_003013,2025-07-05,2025-07-07
PAT_002382,DEV_003014,2025-08-20,2025-08-25
PAT_002383,DEV_003015,2025-07-08,2025-07-13
PAT_002384,DEV_003016,2026-04-24,2026-04-29
PAT_002385,DEV_003017,2025-12-01,2025-12-01
PAT_002386,DEV_003018,2026-03-29,2026-03-29
PAT_002387,DEV_003019,2025-11-25,2025-11-28
PAT_002388,DEV_003020,2025-06-15,2025-06-21
PAT_002388,DEV_003021,2025-09-06,2025-09-06
PAT_002389,DEV_003022,2025-12-23,2026-01-01
PAT_002389,DEV_003023,2026-02-28,2026-03-28
PAT_002390,DEV_003024,2026-03-24,2026-03-27
PAT_002391,DEV_003025,2025-11-15,2025-11-17
PAT_002392,DEV_001560,2026-02-06,2026-02-07
PAT_002393,DEV_003026,2026-04-21,2026-04-21
PAT_002393,DEV_003027,2026-03-04,2026-04-11
PAT_002394,DEV_003028,2026-03-19,2026-03-22
PAT_002395,DEV_003029,2025-11-27,2025-12-02
PAT_002396,DEV_003030,2025-12-09,2025-12-14
PAT_002397,DEV_003031,2025-09-09,2025-09-09
PAT_002398,DEV_003032,2026-03-29,2026-03-31
PAT_002399,DEV_003033,2025-11-25,2025-11-26
PAT_002399,DEV_003034,2025-10-21,2025-11-08
PAT_002400,DEV_003035,2026-01-27,2026-01-30
PAT_002400,DEV_003036,2025-11-22,2025-12-06
PAT_002401,DEV_003037,2025-08-21,2025-08-23
PAT_002401,DEV_003038,2025-07-05,2025-07-10
PAT_002402,DEV_003039,2025-11-23,2025-11-28
PAT_002403,DEV_003040,2026-04-16,2026-04-16
PAT_002404,DEV_003041,2025-11-24,2025-11-26
PAT_002405,DEV_003042,2025-08-17,2025-08-17
PAT_002406,DEV_003043,2026-02-02,2026-03-01
PAT_002406,DEV_003044,2026-04-12,2026-04-15
PAT_002407,DEV_003045,2026-01-27,2026-02-01
PAT_002407,DEV_003046,2025-12-11,2026-01-06
PAT_002408,DEV_003047,2025-09-16,2025-10-11
PAT_002408,DEV_003048,2025-10-30,2025-11-03
PAT_002409,DEV_003049,2025-08-17,2025-09-11
PAT_002409,DEV_003050,2025-10-02,2026-02-11
PAT_002410,DEV_003051,2026-04-07,2026-04-12
PAT_002411,DEV_003052,2025-09-16,2026-02-19
PAT_002411,DEV_003053,2025-08-07,2025-08-22
PAT_002412,DEV_003054,2025-11-06,2026-01-26
PAT_002413,DEV_003055,2025-08-15,2025-08-15
PAT_002414,DEV_003056,2025-10-26,2025-10-28
PAT_002415,DEV_003057,2025-08-24,2025-08-24
PAT_002416,DEV_003058,2025-12-30,2026-01-04
PAT_002417,DEV_003059,2026-01-14,2026-01-16
PAT_002418,DEV_003060,2025-12-21,2025-12-23
PAT_002419,DEV_003061,2025-10-22,2025-10-23
PAT_002420,DEV_003062,2025-07-15,2025-07-18
PAT_002421,DEV_003063,2025-09-01,2025-09-02
PAT_002422,DEV_003064,2026-04-13,2026-04-17
PAT_002423,DEV_003065,2026-01-24,2026-01-24
PAT_002424,DEV_003066,2025-12-23,2025-12-25
PAT_002425,DEV_003067,2026-02-09,2026-02-14
PAT_002426,DEV_003068,2025-10-17,2025-10-17
PAT_002427,DEV_003069,2026-04-07,2026-04-07
PAT_002428,DEV_003070,2025-11-13,2025-11-18
PAT_002428,DEV_003071,2026-02-06,2026-02-06
PAT_002429,DEV_003072,2025-10-09,2025-10-09
PAT_002430,DEV_003073,2025-08-23,2025-08-23
PAT_002431,DEV_003074,2025-08-31,2025-08-31
PAT_002432,DEV_003075,2025-08-24,2025-12-05
PAT_002433,DEV_003076,2025-09-22,2025-09-27
PAT_002434,DEV_003077,2025-08-09,2025-09-07
PAT_002434,DEV_003078,2025-10-06,2025-10-06
PAT_002435,DEV_003079,2025-07-27,2025-07-29
PAT_002436,DEV_003080,2025-11-28,2025-12-03
PAT_002437,DEV_003081,2025-07-10,2025-07-11
PAT_002437,DEV_003082,2025-06-09,2025-06-25
PAT_002438,DEV_003083,2026-04-05,2026-04-05
PAT_002439,DEV_003084,2025-09-15,2025-09-17
PAT_002440,DEV_003085,2026-04-06,2026-04-11
PAT_002440,DEV_003086,2026-05-06,2026-05-11
PAT_002441,DEV_003087,2025-11-12,2025-11-13
PAT_002442,DEV_003088,2025-10-04,2025-11-03
PAT_002442,DEV_003089,2025-11-03,2025-11-06
PAT_002443,DEV_003090,2026-04-27,2026-04-30
PAT_002444,DEV_003091,2025-08-14,2025-09-08
PAT_002444,DEV_003092,2025-09-21,2025-09-26
PAT_002445,DEV_003093,2025-10-22,2025-11-03
PAT_002445,DEV_003094,2026-01-08,2026-01-08
PAT_002446,DEV_003095,2026-01-26,2026-02-04
PAT_002446,DEV_003096,2026-02-10,2026-02-14
PAT_002447,DEV_003097,2025-11-26,2025-11-26
PAT_002448,DEV_003098,2025-08-05,2025-08-05
PAT_002449,DEV_003099,2026-03-07,2026-03-07
PAT_002450,DEV_003100,2026-01-30,2026-02-02
PAT_002451,DEV_003101,2026-02-11,2026-02-12
PAT_002452,DEV_003102,2025-09-16,2025-09-21
PAT_002452,DEV_003103,2025-11-13,2025-11-17
PAT_002453,DEV_003104,2026-03-01,2026-03-05
PAT_002454,DEV_003105,2025-08-23,2026-02-21
PAT_002455,DEV_003106,2026-05-01,2026-05-05
PAT_002455,DEV_003107,2026-02-07,2026-02-28
PAT_002456,DEV_003108,2026-02-01,2026-02-12
PAT_002456,DEV_003109,2026-03-11,2026-03-16
PAT_002457,DEV_003110,2026-01-22,2026-01-22
PAT_002458,DEV_003111,2025-10-26,2025-10-31
PAT_002459,DEV_003112,2025-10-16,2025-10-16
PAT_002460,DEV_003113,2026-03-16,2026-03-16
PAT_002461,DEV_003114,2026-03-17,2026-03-21
PAT_002462,DEV_003115,2025-10-24,2025-10-24
PAT_002463,DEV_003116,2026-04-16,2026-04-17
PAT_002464,DEV_003117,2026-04-07,2026-04-11
PAT_002465,DEV_003118,2026-03-06,2026-03-06
PAT_002466,DEV_003119,2025-05-12,2025-05-23
PAT_002466,DEV_003120,2025-07-23,2025-07-23
PAT_002467,DEV_003121,2025-09-08,2025-09-08
PAT_002468,DEV_003122,2025-12-11,2025-12-11
PAT_002468,DEV_003123,2025-10-21,2025-11-13
PAT_002469,DEV_003124,2025-11-06,2025-11-06
PAT_002470,DEV_003006,2026-02-14,2026-02-14
PAT_002471,DEV_003125,2025-10-12,2025-10-16
PAT_002472,DEV_000861,2025-10-21,2025-10-26
PAT_002472,DEV_003126,2025-09-04,2025-09-26
PAT_002473,DEV_003127,2026-02-25,2026-02-25
PAT_002474,DEV_003128,2025-10-13,2025-11-07
PAT_002475,DEV_003129,2025-07-26,2025-07-26
PAT_002476,DEV_003130,2025-10-05,2025-10-09
PAT_002477,DEV_003131,2026-05-03,2026-05-06
PAT_002478,DEV_003132,2025-12-23,2025-12-28
PAT_002478,DEV_003133,2026-03-12,2026-03-17
PAT_002479,DEV_003134,2025-07-09,2026-01-22
PAT_002479,DEV_003135,2025-06-06,2025-07-04
PAT_002480,DEV_003136,2026-01-13,2026-01-18
PAT_002481,DEV_003137,2026-01-09,2026-01-12
PAT_002482,DEV_003138,2026-01-28,2026-02-02
PAT_002483,DEV_003139,2025-12-24,2025-12-24
PAT_002484,DEV_003140,2026-03-27,2026-03-27
PAT_002485,DEV_003141,2026-02-26,2026-02-27
PAT_002485,DEV_003142,2026-02-06,2026-02-09
PAT_002486,DEV_003143,2025-12-14,2025-12-19
PAT_002487,DEV_003144,2026-01-02,2026-01-02
PAT_002488,DEV_003145,2025-12-15,2025-12-15
PAT_002489,DEV_001753,2026-01-20,2026-01-21
PAT_002490,DEV_003146,2025-06-25,2025-07-08
PAT_002490,DEV_003147,2025-08-01,2025-08-01
PAT_002491,DEV_003148,2025-12-16,2025-12-16
PAT_002492,DEV_003149,2026-04-17,2026-04-17
PAT_002493,DEV_003150,2025-09-25,2025-10-17
PAT_002493,DEV_003151,2025-10-17,2025-10-20
PAT_002494,DEV_003152,2025-11-17,2025-11-20
PAT_002495,DEV_003153,2025-12-12,2025-12-17
PAT_002496,DEV_003154,2025-09-26,2025-10-01
PAT_002497,DEV_003155,2025-12-28,2026-01-11
PAT_002497,DEV_003156,2026-03-14,2026-03-17
PAT_002498,DEV_003157,2025-07-21,2025-07-26
PAT_002498,DEV_003158,2025-05-01,2025-06-01
PAT_002499,DEV_003159,2026-04-06,2026-04-06
PAT_002499,DEV_003160,2026-03-10,2026-04-06
PAT_002500,DEV_003161,2025-10-20,2025-10-25
PAT_002501,DEV_003162,2025-08-12,2025-08-16
PAT_002501,DEV_003163,2025-07-29,2025-08-08
PAT_002502,DEV_003164,2026-01-29,2026-02-02
PAT_002503,DEV_003165,2025-07-07,2026-01-14
PAT_002504,DEV_003166,2025-07-26,2025-07-31
PAT_002505,DEV_003167,2025-07-23,2026-03-16
PAT_002506,DEV_003168,2025-10-03,2025-10-27
PAT_002506,DEV_003169,2025-12-05,2025-12-09
PAT_002507,DEV_003170,2025-10-20,2025-10-23
PAT_002507,DEV_003171,2025-08-05,2025-08-15
PAT_002508,DEV_003172,2026-02-28,2026-02-28
PAT_002509,DEV_003173,2025-07-02,2025-07-07
PAT_002510,DEV_003174,2026-03-12,2026-03-12
PAT_002511,DEV_003175,2025-11-30,2026-01-05
PAT_002511,DEV_003176,2026-01-27,2026-02-01
PAT_002512,DEV_003177,2026-04-08,2026-04-12
PAT_002513,DEV_003178,2025-10-27,2025-10-27
PAT_002513,DEV_003179,2025-08-02,2025-09-09
PAT_002514,DEV_003180,2025-09-04,2025-09-09
PAT_002515,DEV_003181,2026-03-02,2026-03-02
PAT_002516,DEV_003182,2026-04-30,2026-04-30
PAT_002517,DEV_003183,2026-02-24,2026-02-24
PAT_002518,DEV_003184,2025-11-15,2025-11-19
PAT_002519,DEV_003185,2025-09-22,2025-09-26
PAT_002520,DEV_003186,2026-02-16,2026-02-16
PAT_002521,DEV_003187,2026-01-28,2026-01-31
PAT_002521,DEV_003188,2026-01-02,2026-01-07
PAT_002522,DEV_003189,2025-10-22,2025-10-22
PAT_002523,DEV_003190,2026-04-02,2026-04-06
PAT_002524,DEV_003191,2026-02-20,2026-02-20
PAT_002524,DEV_003192,2025-12-09,2025-12-09
PAT_002525,DEV_003193,2025-08-22,2025-09-23
PAT_002525,DEV_003194,2025-06-14,2025-07-14
PAT_002526,DEV_003195,2025-10-06,2025-10-11
PAT_002526,DEV_003196,2025-12-22,2025-12-22
PAT_002527,DEV_003197,2025-10-08,2025-10-09
PAT_002527,DEV_003198,2025-07-13,2025-08-08
PAT_002528,DEV_003199,2026-01-10,2026-01-10
PAT_002529,DEV_003200,2025-09-15,2025-09-15
PAT_002530,DEV_003201,2026-02-09,2026-05-13
PAT_002531,DEV_003202,2025-09-27,2025-09-27
PAT_002532,DEV_003203,2026-03-25,2026-03-30
PAT_002533,DEV_003204,2025-08-27,2025-09-19
PAT_002533,DEV_003205,2025-10-03,2025-10-03
PAT_002534,DEV_003206,2025-10-27,2025-11-01
PAT_002535,DEV_003207,2026-05-02,2026-05-02
PAT_002536,DEV_003208,2025-11-16,2025-11-24
PAT_002536,DEV_003209,2026-02-06,2026-02-10
PAT_002537,DEV_003210,2026-01-02,2026-01-05
PAT_002537,DEV_003211,2025-12-18,2025-12-23
PAT_002538,DEV_003212,2026-03-16,2026-03-21
PAT_002539,DEV_003213,2026-04-02,2026-04-05
PAT_002539,DEV_003214,2026-02-13,2026-03-17
PAT_002540,DEV_003215,2025-10-29,2025-10-30
PAT_002540,DEV_003216,2025-08-08,2025-08-21
PAT_002541,DEV_003217,2026-01-10,2026-01-15
PAT_002542,DEV_003218,2026-05-02,2026-05-06
PAT_002543,DEV_003219,2026-01-20,2026-01-23
PAT_002544,DEV_003220,2026-02-25,2026-02-28
PAT_002545,DEV_003221,2025-12-20,2025-12-20
PAT_002545,DEV_003222,2025-10-26,2025-11-03
PAT_002546,DEV_003223,2025-10-11,2025-10-13
PAT_002547,DEV_003224,2025-09-14,2025-09-18
PAT_002548,DEV_003225,2025-12-27,2025-12-27
PAT_002549,DEV_003226,2025-12-10,2025-12-14
PAT_002550,DEV_000756,2025-10-27,2025-10-27
PAT_002551,DEV_003227,2026-03-17,2026-03-19
PAT_002552,DEV_000133,2026-04-11,2026-04-11
PAT_002553,DEV_003228,2025-09-23,2025-09-25
PAT_002553,DEV_003229,2025-07-23,2025-07-28
PAT_002554,DEV_003230,2025-09-22,2025-09-22
PAT_002554,DEV_003231,2025-08-01,2025-09-06
PAT_002555,DEV_003232,2026-02-05,2026-02-10
PAT_002555,DEV_003233,2026-04-07,2026-04-11
PAT_002556,DEV_003234,2025-09-29,2025-09-29
PAT_002556,DEV_003235,2025-09-06,2025-09-13
PAT_002557,DEV_003236,2026-02-12,2026-02-13
PAT_002558,DEV_003237,2025-11-19,2025-11-20
PAT_002559,DEV_003238,2025-10-24,2025-10-29
PAT_002560,DEV_003239,2025-11-18,2025-11-23
PAT_002561,DEV_003240,2025-11-05,2025-11-05
PAT_002562,DEV_003241,2025-11-19,2025-11-21
PAT_002563,DEV_003242,2025-07-25,2025-08-29
PAT_002563,DEV_003243,2025-09-28,2025-09-28
PAT_002564,DEV_003244,2025-10-11,2025-10-15
PAT_002565,DEV_003245,2025-09-24,2025-09-24
PAT_002566,DEV_003246,2025-08-12,2025-08-12
PAT_002567,DEV_003247,2025-09-19,2025-09-22
PAT_002568,DEV_003248,2025-09-13,2025-11-12
PAT_002569,DEV_003249,2026-01-15,2026-01-15
PAT_002570,DEV_003250,2025-10-22,2025-10-27
PAT_002571,DEV_003251,2026-04-15,2026-04-16
PAT_002572,DEV_003252,2026-05-09,2026-05-14
PAT_002573,DEV_003253,2026-02-16,2026-02-19
PAT_002574,DEV_003254,2025-09-01,2025-09-01
PAT_002574,DEV_003255,2025-08-18,2025-09-01
PAT_002575,DEV_002853,2025-11-29,2025-12-04
PAT_002576,DEV_003256,2025-09-15,2025-09-20
PAT_002577,DEV_003257,2026-02-05,2026-02-05
PAT_002578,DEV_003258,2026-02-28,2026-03-02
PAT_002579,DEV_000211,2025-07-24,2025-07-25
PAT_002580,DEV_003259,2025-11-21,2025-11-21
PAT_002580,DEV_003260,2025-09-13,2025-09-15
PAT_002581,DEV_003261,2025-08-31,2025-09-30
PAT_002581,DEV_003262,2025-10-24,2025-10-24
PAT_002582,DEV_003263,2025-09-10,2025-09-15
PAT_002583,DEV_003264,2025-10-05,2025-10-10
PAT_002583,DEV_003265,2025-08-18,2025-09-24
PAT_002584,DEV_003266,2026-03-29,2026-04-03
PAT_002585,DEV_002295,2026-04-10,2026-04-15
PAT_002585,DEV_003267,2026-03-21,2026-04-02
PAT_002586,DEV_003268,2026-03-05,2026-03-10
PAT_002587,DEV_003269,2026-01-01,2026-01-06
PAT_002588,DEV_003270,2026-03-07,2026-03-10
PAT_002589,DEV_003271,2026-04-18,2026-04-19
PAT_002590,DEV_003272,2025-09-19,2025-09-19
PAT_002591,DEV_003273,2025-09-11,2025-09-15
PAT_002592,DEV_002363,2026-01-17,2026-04-21
PAT_002592,DEV_003274,2025-12-22,2026-01-01
PAT_002593,DEV_003275,2025-08-13,2025-08-13
PAT_002594,DEV_002742,2026-02-07,2026-02-07
PAT_002595,DEV_003276,2025-07-22,2026-04-17
PAT_002596,DEV_003277,2025-09-04,2025-09-04
PAT_002597,DEV_003278,2025-04-25,2025-04-28
PAT_002597,DEV_003279,2025-07-19,2025-07-22
PAT_002598,DEV_003280,2025-08-14,2025-08-14
PAT_002599,DEV_003281,2026-01-14,2026-01-14
PAT_002600,DEV_003282,2025-08-27,2025-09-20
PAT_002600,DEV_003283,2025-10-30,2025-11-04
PAT_002601,DEV_003284,2026-02-01,2026-02-01
PAT_002602,DEV_003285,2025-07-03,2025-07-06
PAT_002603,DEV_003286,2025-11-28,2025-11-28
PAT_002604,DEV_003287,2025-09-30,2025-10-02
PAT_002605,DEV_003288,2025-12-25,2025-12-30
PAT_002606,DEV_003289,2025-12-08,2025-12-12
PAT_002607,DEV_003290,2025-08-10,2025-08-13
PAT_002608,DEV_003291,2025-11-03,2025-11-06
PAT_002609,DEV_003292,2025-09-08,2025-09-13
PAT_002610,DEV_003293,2025-08-04,2025-08-05
PAT_002611,DEV_003294,2025-11-10,2025-11-11
PAT_002612,DEV_003295,2026-04-13,2026-04-13
PAT_002613,DEV_003296,2025-12-26,2026-01-09
PAT_002613,DEV_003297,2026-02-26,2026-02-26
PAT_002614,DEV_003298,2026-05-05,2026-05-08
PAT_002615,DEV_003299,2025-08-11,2025-08-15
PAT_002616,DEV_003300,2026-04-01,2026-04-02
PAT_002617,DEV_003301,2026-03-22,2026-03-25
PAT_002618,DEV_003302,2026-05-10,2026-05-10
PAT_002619,DEV_003303,2025-07-19,2025-07-23
PAT_002619,DEV_003304,2025-06-27,2025-07-10
PAT_002620,DEV_003305,2025-08-06,2025-08-09
PAT_002621,DEV_003306,2025-12-08,2025-12-08
PAT_002622,DEV_003307,2025-09-01,2025-09-05
PAT_002623,DEV_003308,2025-11-03,2025-11-04
PAT_002624,DEV_003309,2025-07-19,2025-07-22
PAT_002624,DEV_003310,2025-05-20,2025-06-07
PAT_002625,DEV_003311,2026-03-24,2026-03-24
PAT_002626,DEV_003312,2025-08-27,2025-08-27
PAT_002626,DEV_003313,2025-06-07,2025-06-08
PAT_002627,DEV_003314,2026-02-09,2026-02-09
PAT_002628,DEV_003315,2026-02-10,2026-02-28
PAT_002628,DEV_003316,2026-02-28,2026-02-28
PAT_002629,DEV_003317,2025-09-01,2025-09-05
PAT_002630,DEV_003318,2026-04-09,2026-04-12
PAT_002631,DEV_003319,2026-03-18,2026-03-21
PAT_002632,DEV_003320,2026-04-21,2026-04-25
PAT_002633,DEV_003321,2025-12-16,2026-01-12
PAT_002633,DEV_003322,2026-01-12,2026-01-12
PAT_002634,DEV_003323,2026-04-15,2026-04-29
PAT_002634,DEV_003324,2026-04-29,2026-04-30
PAT_002635,DEV_003325,2026-03-02,2026-03-20
PAT_002635,DEV_003326,2026-04-14,2026-04-16
PAT_002636,DEV_003327,2025-11-05,2025-11-09
PAT_002637,DEV_003328,2025-08-15,2025-08-20
PAT_002638,DEV_003329,2025-07-06,2025-07-07
PAT_002639,DEV_003330,2025-12-22,2025-12-22
PAT_002639,DEV_003331,2025-09-25,2025-10-28
PAT_002640,DEV_003332,2025-11-29,2025-12-03
PAT_002640,DEV_003333,2025-10-14,2025-11-09
PAT_002641,DEV_003334,2025-11-05,2026-04-11
PAT_002642,DEV_003335,2025-09-08,2025-09-10
PAT_002643,DEV_003336,2026-03-23,2026-03-23
PAT_002644,DEV_003337,2026-02-09,2026-02-12
PAT_002645,DEV_003338,2026-05-05,2026-05-10
PAT_002646,DEV_003339,2026-01-11,2026-01-15
PAT_002647,DEV_003340,2025-05-01,2025-05-03
PAT_002647,DEV_003341,2025-07-05,2025-07-05
PAT_002648,DEV_003342,2026-04-18,2026-04-19
PAT_002649,DEV_003343,2025-12-10,2025-12-13
PAT_002650,DEV_003344,2025-07-25,2025-07-27
PAT_002651,DEV_003345,2025-10-15,2025-10-26
PAT_002651,DEV_003346,2025-12-01,2025-12-06
PAT_002652,DEV_003347,2025-12-06,2025-12-11
PAT_002652,DEV_003348,2025-07-14,2025-07-19
PAT_002653,DEV_003349,2025-08-25,2025-08-30
PAT_002654,DEV_003350,2025-09-14,2025-09-14
PAT_002655,DEV_003351,2026-04-18,2026-04-20
PAT_002656,DEV_003352,2025-11-01,2025-11-05
PAT_002657,DEV_003353,2026-03-18,2026-03-19
PAT_002658,DEV_001845,2026-03-16,2026-03-29
PAT_002658,DEV_003354,2026-05-03,2026-05-03
PAT_002659,DEV_003355,2025-11-27,2025-11-28
PAT_002659,DEV_003356,2025-10-06,2025-11-08
PAT_002660,DEV_003357,2025-10-14,2025-10-14
PAT_002661,DEV_003358,2026-05-05,2026-05-09
PAT_002661,DEV_003359,2026-02-16,2026-02-18
PAT_002662,DEV_003360,2026-02-06,2026-02-11
PAT_002663,DEV_003361,2025-12-20,2025-12-21
PAT_002664,DEV_003362,2025-07-04,2025-07-04
PAT_002665,DEV_003363,2025-11-30,2025-12-01
PAT_002666,DEV_003364,2025-12-29,2025-12-29
PAT_002667,DEV_003365,2025-09-27,2025-10-02
PAT_002668,DEV_003366,2026-03-13,2026-03-13
PAT_002668,DEV_003367,2025-12-30,2026-01-13
PAT_002669,DEV_003368,2026-01-28,2026-02-02
PAT_002670,DEV_003369,2025-08-10,2025-09-13
PAT_002670,DEV_003370,2025-09-13,2025-09-17
PAT_002671,DEV_003371,2026-05-01,2026-05-06
PAT_002671,DEV_003372,2026-01-31,2026-02-02
PAT_002672,DEV_003373,2026-03-25,2026-03-28
PAT_002673,DEV_001309,2026-02-08,2026-02-13
PAT_002674,DEV_003374,2025-09-11,2025-09-16
PAT_002675,DEV_003375,2026-02-17,2026-02-18
PAT_002676,DEV_003376,2025-09-01,2025-09-04
PAT_002677,DEV_003377,2026-01-03,2026-01-06
PAT_002678,DEV_003378,2025-10-07,2025-10-11
PAT_002678,DEV_003379,2025-11-27,2026-03-25
PAT_002679,DEV_003380,2026-03-18,2026-03-21
PAT_002680,DEV_003381,2025-08-31,2025-09-19
PAT_002680,DEV_003382,2025-10-29,2025-11-01
PAT_002681,DEV_003383,2025-10-30,2025-11-04
PAT_002682,DEV_003384,2025-12-23,2025-12-27
PAT_002682,DEV_003385,2025-10-31,2025-11-24
PAT_002683,DEV_003386,2025-12-16,2025-12-16
PAT_002683,DEV_003387,2025-11-15,2025-12-16
PAT_002684,DEV_003388,2025-09-27,2025-09-27
PAT_002685,DEV_003389,2025-10-12,2025-10-17
PAT_002686,DEV_003390,2026-03-06,2026-03-06
PAT_002687,DEV_003391,2025-11-01,2025-11-03
PAT_002688,DEV_003392,2025-12-31,2026-01-03
PAT_002689,DEV_003393,2026-03-03,2026-03-08
PAT_002690,DEV_003394,2025-12-19,2026-01-13
PAT_002690,DEV_003395,2026-01-20,2026-01-23
PAT_002691,DEV_003396,2025-08-07,2025-08-08
PAT_002691,DEV_003397,2025-07-03,2025-08-03
PAT_002692,DEV_000626,2025-10-18,2025-11-11
PAT_002692,DEV_003398,2025-11-11,2025-11-14
PAT_002693,DEV_003399,2025-08-06,2025-08-06
PAT_002694,DEV_003400,2026-04-19,2026-04-24
PAT_002695,DEV_003401,2026-04-26,2026-05-01
PAT_002696,DEV_003402,2025-09-10,2025-09-11
PAT_002696,DEV_003403,2025-10-09,2025-10-09
PAT_002697,DEV_003404,2025-11-23,2025-11-26
PAT_002697,DEV_003405,2025-10-12,2025-10-13
PAT_002698,DEV_003406,2025-06-13,2025-07-02
PAT_002698,DEV_003407,2025-07-15,2025-07-19
PAT_002699,DEV_003408,2026-02-14,2026-02-19
PAT_002700,DEV_003409,2025-08-19,2025-08-24
PAT_002700,DEV_003410,2025-08-04,2025-08-19
PAT_002701,DEV_003411,2026-03-18,2026-03-19
PAT_002701,DEV_003412,2026-02-02,2026-02-07
PAT_002702,DEV_003413,2025-07-21,2025-12-18
PAT_002703,DEV_003414,2026-03-02,2026-03-06
PAT_002704,DEV_003415,2025-08-07,2025-08-07
PAT_002705,DEV_003416,2026-02-23,2026-02-24
PAT_002706,DEV_003417,2026-03-27,2026-03-29
PAT_002706,DEV_003418,2026-01-31,2026-02-21
PAT_002707,DEV_003419,2025-09-07,2025-10-02
PAT_002708,DEV_003420,2025-08-06,2025-08-06
PAT_002709,DEV_003421,2025-08-31,2025-08-31
PAT_002709,DEV_003422,2025-08-14,2025-08-31
PAT_002710,DEV_001760,2026-02-09,2026-02-11
PAT_002711,DEV_003423,2025-12-16,2025-12-21
PAT_002712,DEV_003424,2025-12-10,2025-12-15
PAT_002713,DEV_003425,2026-02-19,2026-03-11
PAT_002713,DEV_003426,2026-05-09,2026-05-12
PAT_002714,DEV_003427,2025-07-25,2025-07-31
PAT_002714,DEV_003428,2025-08-25,2025-08-30
PAT_002715,DEV_003429,2025-10-22,2025-10-27
PAT_002716,DEV_003430,2025-11-16,2025-11-16
PAT_002717,DEV_003431,2026-04-02,2026-04-02
PAT_002718,DEV_003432,2025-07-18,2025-07-30
PAT_002718,DEV_003433,2025-09-02,2025-09-04
PAT_002719,DEV_003434,2026-05-08,2026-05-08
PAT_002720,DEV_003435,2026-01-21,2026-01-25
PAT_002721,DEV_003436,2025-09-07,2025-09-07
PAT_002722,DEV_003437,2025-10-17,2025-10-19
PAT_002723,DEV_003438,2025-09-12,2025-09-16
PAT_002724,DEV_003439,2025-12-05,2025-12-05
PAT_002725,DEV_003440,2025-11-23,2025-11-30
PAT_002725,DEV_003441,2026-01-27,2026-01-27
PAT_002726,DEV_003442,2025-08-09,2025-08-11
PAT_002727,DEV_003443,2026-02-08,2026-02-13
PAT_002727,DEV_003444,2025-12-05,2026-01-05
PAT_002728,DEV_003445,2026-05-08,2026-05-13
PAT_002729,DEV_003446,2025-10-23,2026-02-09
PAT_002729,DEV_003447,2025-09-24,2025-10-07
PAT_002730,DEV_003448,2025-12-01,2025-12-05
PAT_002731,DEV_003449,2025-08-17,2025-08-17
PAT_002732,DEV_003450,2026-01-30,2026-01-30
PAT_002733,DEV_003451,2025-10-01,2025-10-01
PAT_002734,DEV_003452,2025-11-23,2025-11-24
PAT_002735,DEV_002508,2025-12-03,2025-12-05
PAT_002736,DEV_003453,2026-04-12,2026-04-12
PAT_002737,DEV_003454,2026-02-27,2026-02-27
PAT_002738,DEV_003455,2026-02-22,2026-02-24
PAT_002739,DEV_003456,2026-04-23,2026-04-26
PAT_002740,DEV_003457,2026-03-24,2026-03-25
PAT_002741,DEV_003458,2025-10-03,2025-10-03
PAT_002742,DEV_003459,2025-07-02,2025-07-02
PAT_002743,DEV_003460,2025-10-05,2025-10-08
PAT_002744,DEV_003461,2026-02-02,2026-02-05
PAT_002745,DEV_003462,2026-03-12,2026-03-17
PAT_002746,DEV_003363,2026-02-06,2026-02-06
PAT_002747,DEV_003463,2026-02-22,2026-02-23
PAT_002748,DEV_003464,2025-09-09,2025-09-14
PAT_002749,DEV_003465,2025-12-08,2025-12-13
PAT_002750,DEV_003466,2026-03-21,2026-03-24
PAT_002751,DEV_003467,2025-07-02,2025-07-06
PAT_002752,DEV_003468,2025-10-24,2025-10-24
PAT_002753,DEV_003469,2025-08-02,2025-08-31
PAT_002753,DEV_003470,2025-09-26,2025-09-29
PAT_002754,DEV_003471,2026-04-22,2026-04-26
PAT_002755,DEV_003472,2025-07-20,2025-07-20
PAT_002755,DEV_003473,2025-05-16,2025-06-15
PAT_002756,DEV_003474,2025-08-22,2025-08-24
PAT_002757,DEV_003475,2025-10-18,2025-10-18
PAT_002758,DEV_003476,2025-09-27,2025-10-02
PAT_002759,DEV_003477,2025-07-09,2025-07-11
PAT_002760,DEV_003478,2025-12-10,2025-12-10
PAT_002761,DEV_003479,2025-07-26,2025-07-26
PAT_002761,DEV_003480,2025-06-28,2025-07-25
PAT_002762,DEV_003481,2025-06-08,2025-06-15
PAT_002762,DEV_003482,2025-07-22,2025-07-22
PAT_002763,DEV_003483,2025-09-26,2025-09-26
PAT_002764,DEV_003484,2025-12-09,2025-12-13
PAT_002765,DEV_003485,2026-02-10,2026-02-10
PAT_002766,DEV_003486,2025-12-29,2026-02-01
PAT_002766,DEV_003487,2026-03-17,2026-03-19
PAT_002767,DEV_003488,2025-11-09,2025-12-11
PAT_002767,DEV_003489,2026-01-24,2026-01-24
PAT_002768,DEV_003490,2025-06-02,2025-06-20
PAT_002768,DEV_003491,2025-07-11,2025-10-29
PAT_002769,DEV_003492,2025-09-15,2025-09-18
PAT_002769,DEV_003493,2025-08-06,2025-08-25
PAT_002770,DEV_003494,2026-01-02,2026-01-02
PAT_002770,DEV_003495,2025-10-12,2025-10-22
PAT_002771,DEV_003496,2025-10-03,2025-10-07
PAT_002772,DEV_003497,2026-01-13,2026-01-19
PAT_002772,DEV_003498,2026-02-15,2026-02-19
PAT_002773,DEV_003499,2025-07-14,2025-07-14
PAT_002774,DEV_003500,2026-02-13,2026-02-18
PAT_002775,DEV_003501,2025-07-01,2025-10-23
PAT_002776,DEV_003502,2026-04-11,2026-04-16
PAT_002777,DEV_003503,2026-03-08,2026-03-10
PAT_002778,DEV_003504,2026-03-13,2026-03-13
PAT_002779,DEV_003505,2025-10-11,2025-10-16
PAT_002780,DEV_003506,2025-10-30,2025-12-03
PAT_002780,DEV_003507,2026-01-02,2026-01-04
PAT_002781,DEV_003508,2025-11-26,2025-12-01
PAT_002782,DEV_003509,2026-02-24,2026-02-24
PAT_002782,DEV_003510,2026-01-22,2026-02-24
PAT_002783,DEV_003511,2026-02-11,2026-02-11
PAT_002784,DEV_003512,2025-08-09,2025-08-13
PAT_002785,DEV_003513,2025-09-15,2025-09-15
PAT_002786,DEV_003514,2025-07-05,2025-07-06
PAT_002786,DEV_003515,2025-04-19,2025-05-23
PAT_002787,DEV_003516,2025-10-02,2025-10-03
PAT_002788,DEV_003517,2025-08-28,2025-08-28
PAT_002788,DEV_003518,2025-07-25,2025-08-06
PAT_002789,DEV_003519,2025-09-27,2025-10-31
PAT_002789,DEV_003520,2025-11-27,2025-12-01
PAT_002790,DEV_003521,2025-12-09,2025-12-14
PAT_002791,DEV_003522,2025-07-22,2025-07-22
PAT_002791,DEV_003523,2025-05-09,2025-05-14
PAT_002792,DEV_003524,2025-07-17,2025-07-17
PAT_002793,DEV_003525,2025-06-10,2025-07-12
PAT_002793,DEV_003526,2025-07-20,2025-07-20
PAT_002794,DEV_003527,2026-01-03,2026-03-11
PAT_002795,DEV_003528,2026-01-31,2026-02-02
PAT_002796,DEV_003529,2025-11-21,2025-11-25
PAT_002797,DEV_003530,2025-11-24,2025-11-26
PAT_002797,DEV_003531,2025-10-07,2025-11-05
PAT_002798,DEV_000773,2026-01-22,2026-01-24
PAT_002799,DEV_003532,2026-01-08,2026-02-08
PAT_002799,DEV_003533,2026-02-08,2026-02-13
PAT_002800,DEV_003534,2026-01-19,2026-01-22
PAT_002800,DEV_003535,2025-10-29,2025-11-16
PAT_002801,DEV_003536,2026-04-04,2026-04-04
PAT_002802,DEV_003537,2026-01-04,2026-01-06
PAT_002803,DEV_003538,2026-04-16,2026-04-17
PAT_002804,DEV_003539,2025-10-14,2025-10-14
PAT_002805,DEV_003540,2025-09-12,2025-09-12
PAT_002806,DEV_003541,2026-01-21,2026-01-24
PAT_002807,DEV_003542,2025-11-24,2025-11-29
PAT_002808,DEV_003543,2026-04-12,2026-04-12
PAT_002809,DEV_003544,2025-04-20,2025-04-21
PAT_002809,DEV_003545,2025-07-12,2025-07-17
PAT_002810,DEV_003546,2026-04-06,2026-04-06
PAT_002811,DEV_003547,2026-04-25,2026-04-29
PAT_002811,DEV_003548,2026-03-25,2026-04-24
PAT_002812,DEV_003549,2025-05-15,2025-05-23
PAT_002812,DEV_003550,2025-07-20,2025-07-23
PAT_002813,DEV_002470,2025-09-16,2025-09-17
PAT_002814,DEV_003551,2025-10-14,2026-03-26
PAT_002815,DEV_003552,2026-01-06,2026-01-06
PAT_002816,DEV_003553,2025-11-02,2025-11-02
PAT_002817,DEV_003554,2026-03-22,2026-03-24
PAT_002818,DEV_003555,2025-08-17,2025-08-17
PAT_002819,DEV_002171,2025-11-11,2026-03-12
PAT_002820,DEV_003556,2026-02-20,2026-02-20
PAT_002821,DEV_003557,2026-02-03,2026-02-06
PAT_002822,DEV_003558,2026-03-05,2026-03-10
PAT_002823,DEV_003559,2025-11-21,2025-11-26
PAT_002823,DEV_003560,2025-10-01,2025-11-09
PAT_002824,DEV_003561,2025-09-07,2025-09-12
PAT_002825,DEV_003562,2025-08-17,2025-08-21
PAT_002826,DEV_003563,2025-09-25,2025-09-26
PAT_002827,DEV_003564,2026-04-18,2026-04-18
PAT_002828,DEV_003565,2025-12-16,2025-12-21
PAT_002829,DEV_003566,2025-12-26,2025-12-26
PAT_002829,DEV_003567,2025-07-11,2025-07-11
PAT_002830,DEV_003568,2025-08-17,2025-09-06
PAT_002830,DEV_003569,2025-07-15,2025-08-17
PAT_002831,DEV_003570,2026-04-30,2026-04-30
PAT_002832,DEV_003571,2025-09-19,2025-10-15
PAT_002832,DEV_003572,2025-10-31,2025-10-31
PAT_002833,DEV_003573,2026-01-21,2026-01-21
PAT_002833,DEV_003574,2025-11-29,2026-01-05
PAT_002834,DEV_003575,2026-03-08,2026-03-11
PAT_002835,DEV_003576,2026-02-05,2026-03-10
PAT_002836,DEV_003577,2025-10-25,2025-10-25
PAT_002837,DEV_003578,2025-10-08,2025-11-03
PAT_002837,DEV_003579,2025-11-06,2025-11-10
PAT_002838,DEV_003580,2026-04-08,2026-04-08
PAT_002838,DEV_003581,2026-02-19,2026-02-28
PAT_002839,DEV_003582,2026-02-08,2026-02-08
PAT_002840,DEV_002833,2025-11-05,2025-11-05
PAT_002841,DEV_003583,2025-12-16,2025-12-16
PAT_002842,DEV_003584,2026-02-16,2026-02-16
PAT_002843,DEV_003500,2025-10-09,2025-10-09
PAT_002844,DEV_003585,2026-03-25,2026-03-30
PAT_002845,DEV_003586,2025-12-29,2026-01-03
PAT_002846,DEV_003587,2025-12-10,2025-12-10
PAT_002847,DEV_003588,2025-10-27,2025-10-28
PAT_002848,DEV_003589,2026-02-03,2026-02-03
PAT_002849,DEV_003590,2026-03-08,2026-03-11
PAT_002850,DEV_003591,2026-04-12,2026-04-14
PAT_002851,DEV_000869,2025-08-17,2025-08-17
PAT_002851,DEV_003592,2025-05-30,2025-06-11
PAT_002852,DEV_003593,2025-11-14,2025-11-18
PAT_002853,DEV_003594,2025-12-19,2026-02-02
PAT_002854,DEV_003595,2025-12-14,2025-12-14
PAT_002854,DEV_003596,2025-10-03,2025-10-07
PAT_002855,DEV_003597,2025-08-21,2025-11-15
PAT_002856,DEV_003598,2025-11-30,2025-12-01
PAT_002857,DEV_003599,2025-10-13,2025-10-16
PAT_002857,DEV_003600,2025-09-08,2025-09-13
PAT_002858,DEV_003601,2025-05-02,2025-05-03
PAT_002858,DEV_003602,2025-07-10,2025-07-10
PAT_002859,DEV_003603,2025-07-04,2026-02-06
PAT_002860,DEV_003604,2025-11-20,2025-11-23
PAT_002861,DEV_003605,2026-02-18,2026-02-18
PAT_002862,DEV_003606,2026-01-06,2026-01-09
PAT_002863,DEV_000824,2025-07-31,2025-08-05
PAT_002864,DEV_003607,2025-10-10,2025-10-11
PAT_002865,DEV_003608,2025-09-22,2025-09-26
PAT_002866,DEV_003609,2025-08-27,2025-09-13
PAT_002867,DEV_003610,2025-11-13,2025-11-13
PAT_002868,DEV_003611,2025-08-18,2026-01-09
PAT_002869,DEV_003612,2025-10-13,2025-10-17
PAT_002870,DEV_003613,2025-12-02,2025-12-07
PAT_002871,DEV_001094,2026-03-11,2026-03-16
PAT_002872,DEV_003614,2025-12-01,2025-12-02
PAT_002873,DEV_003615,2025-08-07,2025-08-09
PAT_002873,DEV_003616,2025-05-28,2025-06-04
PAT_002874,DEV_003617,2025-09-04,2025-09-07
PAT_002875,DEV_003618,2025-09-07,2025-09-28
PAT_002875,DEV_003619,2025-09-28,2025-09-28
PAT_002876,DEV_003620,2025-11-21,2025-11-26
PAT_002877,DEV_003621,2026-02-08,2026-02-12
PAT_002877,DEV_003622,2025-12-22,2025-12-29
PAT_002878,DEV_003623,2025-09-23,2025-09-23
PAT_002878,DEV_003624,2025-07-22,2025-07-27
PAT_002879,DEV_003625,2025-09-14,2026-03-30
PAT_002880,DEV_003626,2026-01-13,2026-01-14
PAT_002880,DEV_003627,2025-10-20,2025-11-28
PAT_002881,DEV_003628,2025-10-01,2025-10-31
PAT_002881,DEV_003629,2025-10-31,2025-10-31
PAT_002882,DEV_003630,2025-09-11,2025-09-14
PAT_002883,DEV_003631,2026-04-01,2026-04-01
PAT_002884,DEV_001071,2025-11-06,2026-05-12
PAT_002885,DEV_003632,2026-04-17,2026-04-22
PAT_002886,DEV_003633,2025-10-03,2025-10-08
PAT_002887,DEV_003634,2025-07-02,2025-07-02
PAT_002888,DEV_003635,2026-03-09,2026-03-12
PAT_002889,DEV_003636,2025-09-15,2025-09-15
PAT_002890,DEV_003637,2025-11-03,2025-11-06
PAT_002891,DEV_003638,2025-11-16,2025-12-09
PAT_002891,DEV_003639,2026-02-12,2026-02-12
PAT_002892,DEV_003640,2025-09-18,2025-09-22
PAT_002893,DEV_003641,2026-01-29,2026-02-02
PAT_002894,DEV_003642,2026-04-17,2026-04-17
PAT_002895,DEV_001271,2026-01-25,2026-01-28
PAT_002896,DEV_003643,2025-10-13,2025-10-17
PAT_002897,DEV_003644,2025-10-12,2025-10-15
PAT_002898,DEV_003645,2025-10-20,2025-10-20
PAT_002899,DEV_003646,2025-10-11,2025-10-11
PAT_002899,DEV_003647,2025-08-30,2025-10-06
PAT_002900,DEV_003648,2025-11-19,2025-11-19
PAT_002901,DEV_003649,2026-01-22,2026-01-25
PAT_002902,DEV_003650,2025-07-26,2025-07-29
PAT_002903,DEV_003651,2026-01-14,2026-01-19
PAT_002904,DEV_003652,2025-12-30,2026-01-01
PAT_002905,DEV_003653,2025-12-18,2026-01-26
PAT_002905,DEV_003654,2026-03-13,2026-03-16
PAT_002906,DEV_003655,2025-12-31,2025-12-31
PAT_002907,DEV_003656,2026-03-09,2026-03-09
PAT_002907,DEV_003657,2026-01-30,2026-02-25
PAT_002908,DEV_003658,2025-12-19,2025-12-22
PAT_002908,DEV_003659,2026-02-04,2026-02-05
PAT_002909,DEV_003660,2026-01-20,2026-01-21
PAT_002910,DEV_003661,2025-09-25,2026-03-23
PAT_002911,DEV_003662,2025-07-28,2025-07-28
PAT_002912,DEV_003663,2025-12-11,2025-12-11
PAT_002913,DEV_003664,2025-06-05,2025-06-23
PAT_002913,DEV_003665,2025-08-20,2025-08-22
PAT_002914,DEV_003666,2025-08-26,2025-08-26
PAT_002915,DEV_003667,2026-01-17,2026-02-14
PAT_002915,DEV_003668,2026-02-14,2026-02-16
PAT_002916,DEV_003669,2025-12-31,2026-01-03
PAT_002917,DEV_003670,2026-01-11,2026-01-11
PAT_002918,DEV_003671,2025-12-31,2026-01-04
PAT_002919,DEV_003672,2025-09-14,2025-09-16
PAT_002920,DEV_003673,2025-10-17,2025-10-17
PAT_002921,DEV_003674,2026-01-13,2026-01-13
PAT_002922,DEV_003675,2025-11-23,2025-11-25
PAT_002923,DEV_003676,2025-08-23,2025-08-23
PAT_002924,DEV_003677,2026-04-29,2026-05-02
PAT_002924,DEV_003678,2026-02-12,2026-03-11
PAT_002925,DEV_003679,2025-09-16,2025-09-16
PAT_002926,DEV_003680,2026-04-06,2026-04-10
PAT_002927,DEV_003681,2026-02-15,2026-02-15
PAT_002928,DEV_003682,2025-12-05,2025-12-05
PAT_002929,DEV_003683,2026-03-18,2026-03-18
PAT_002930,DEV_003684,2025-09-17,2025-09-22
PAT_002931,DEV_003685,2025-07-05,2025-07-12
PAT_002931,DEV_003686,2025-08-13,2025-08-16
PAT_002932,DEV_003687,2025-07-01,2025-07-17
PAT_002932,DEV_003688,2025-08-28,2025-08-30
PAT_002933,DEV_003689,2025-09-01,2025-09-01
PAT_002933,DEV_003690,2025-06-29,2025-07-03
PAT_002934,DEV_003691,2025-08-03,2025-08-03
PAT_002935,DEV_003692,2025-10-28,2025-10-28
PAT_002936,DEV_003115,2026-01-13,2026-01-15
PAT_002937,DEV_003693,2026-03-02,2026-03-02
PAT_002938,DEV_003694,2025-10-28,2025-10-31
PAT_002939,DEV_003695,2026-02-25,2026-02-25
PAT_002940,DEV_003696,2026-01-08,2026-01-08
PAT_002941,DEV_003697,2025-11-06,2025-11-06
PAT_002942,DEV_003698,2025-08-18,2025-08-20
PAT_002943,DEV_003699,2025-08-09,2025-08-09
PAT_002943,DEV_003700,2025-05-19,2025-05-28
PAT_002944,DEV_003701,2025-09-07,2025-09-11
PAT_002945,DEV_003702,2025-10-04,2025-10-04
PAT_002946,DEV_000524,2025-07-20,2025-07-23
PAT_002947,DEV_003703,2025-08-14,2025-08-17
PAT_002947,DEV_003704,2025-06-10,2025-06-22
PAT_002948,DEV_003705,2026-03-12,2026-03-12
PAT_002948,DEV_003706,2025-12-27,2025-12-28
PAT_002949,DEV_000984,2026-01-02,2026-01-17
PAT_002949,DEV_003707,2026-03-31,2026-03-31
PAT_002950,DEV_003708,2026-04-26,2026-04-30
PAT_002951,DEV_003709,2025-07-19,2025-07-23
PAT_002951,DEV_003710,2025-07-04,2025-07-09
PAT_002952,DEV_001110,2025-10-22,2025-10-26
PAT_002953,DEV_003711,2026-05-03,2026-05-08
PAT_002953,DEV_003712,2026-04-17,2026-05-03
PAT_002954,DEV_003713,2026-01-11,2026-01-13
PAT_002954,DEV_003714,2025-11-25,2025-11-28
PAT_002955,DEV_003715,2026-01-03,2026-01-05
PAT_002955,DEV_003716,2025-11-01,2025-11-15
PAT_002956,DEV_003717,2025-11-21,2025-11-23
PAT_002957,DEV_003718,2026-01-11,2026-02-13
PAT_002957,DEV_003719,2026-02-14,2026-02-18
PAT_002958,DEV_003720,2025-08-06,2025-08-06
PAT_002959,DEV_003721,2025-09-27,2025-09-30
PAT_002960,DEV_003722,2025-07-25,2025-07-25
PAT_002961,DEV_003723,2025-10-21,2025-10-26
PAT_002962,DEV_003724,2025-07-17,2025-07-17
PAT_002963,DEV_003725,2025-09-24,2025-09-28
PAT_002964,DEV_003726,2025-11-17,2025-11-17
PAT_002965,DEV_003727,2025-12-28,2026-01-01
PAT_002966,DEV_003728,2025-08-14,2025-08-22
PAT_002966,DEV_003729,2025-10-19,2025-10-24
PAT_002967,DEV_000265,2025-07-29,2025-07-31
PAT_002968,DEV_003730,2025-07-26,2025-07-26
PAT_002969,DEV_003731,2026-03-04,2026-03-06
PAT_002970,DEV_003732,2025-10-07,2025-10-12
PAT_002971,DEV_003733,2025-12-21,2025-12-24
PAT_002971,DEV_003734,2026-01-30,2026-01-30
PAT_002972,DEV_003735,2025-05-12,2025-05-17
PAT_002972,DEV_003736,2025-07-17,2025-07-17
PAT_002973,DEV_003737,2025-12-23,2025-12-25
PAT_002974,DEV_003738,2025-11-25,2025-11-25
PAT_002974,DEV_003739,2025-10-09,2025-11-07
PAT_002975,DEV_003740,2025-07-19,2025-07-24
PAT_002975,DEV_003741,2025-05-07,2025-06-13
PAT_002976,DEV_003742,2026-01-02,2026-01-02
PAT_002977,DEV_003743,2025-11-07,2025-11-12
PAT_002978,DEV_003744,2026-03-10,2026-03-15
PAT_002979,DEV_000457,2025-12-08,2025-12-08
PAT_002979,DEV_003745,2025-11-07,2025-11-13
PAT_002980,DEV_003746,2025-11-08,2025-11-08
PAT_002981,DEV_003747,2025-12-13,2025-12-17
PAT_002982,DEV_003748,2026-01-07,2026-01-12
PAT_002983,DEV_001186,2026-04-21,2026-04-25
PAT_002983,DEV_003749,2026-01-26,2026-02-27
PAT_002984,DEV_003750,2026-04-05,2026-04-05
PAT_002985,DEV_003751,2026-01-25,2026-01-25
PAT_002986,DEV_003752,2026-02-26,2026-02-28
PAT_002987,DEV_003753,2025-11-10,2025-11-13
PAT_002988,DEV_003754,2025-09-05,2025-09-06
PAT_002989,DEV_003755,2026-04-25,2026-04-28
PAT_002990,DEV_003756,2025-11-08,2025-11-08
PAT_002991,DEV_003757,2026-03-12,2026-03-16
PAT_002992,DEV_003758,2026-02-15,2026-02-15
PAT_002993,DEV_003759,2025-10-22,2025-10-25
PAT_002993,DEV_003760,2025-08-15,2025-08-22
PAT_002994,DEV_003761,2025-10-12,2025-10-17
PAT_002995,DEV_003762,2025-11-05,2025-11-05
PAT_002996,DEV_003763,2025-11-04,2025-11-04
PAT_002997,DEV_003764,2026-01-05,2026-01-05
PAT_002998,DEV_003765,2026-03-05,2026-03-07
PAT_002999,DEV_003766,2025-06-10,2025-06-24
PAT_002999,DEV_003767,2025-07-05,2025-07-09
PAT_003000,DEV_003768,2026-03-30,2026-03-30
PAT_003001,DEV_003769,2026-01-11,2026-01-14
PAT_003002,DEV_003770,2025-10-16,2026-02-02
PAT_003003,DEV_003771,2026-03-19,2026-03-19
PAT_003004,DEV_003772,2026-03-12,2026-03-16
PAT_003005,DEV_003773,2025-10-20,2025-10-21
PAT_003005,DEV_003774,2025-08-14,2025-08-19
PAT_003006,DEV_003775,2026-04-24,2026-04-24
PAT_003007,DEV_003776,2025-09-25,2025-10-14
PAT_003007,DEV_003777,2025-11-08,2025-11-08
PAT_003008,DEV_003778,2025-12-11,2025-12-16
PAT_003009,DEV_003779,2025-12-18,2025-12-26
PAT_003009,DEV_003780,2026-03-01,2026-03-06
PAT_003010,DEV_003781,2025-08-28,2025-09-01
PAT_003010,DEV_003782,2025-07-27,2025-08-28
PAT_003011,DEV_003783,2025-07-04,2026-03-25
PAT_003012,DEV_003784,2025-08-24,2025-08-24
PAT_003013,DEV_002458,2026-02-03,2026-02-18
PAT_003013,DEV_003785,2026-03-27,2026-03-27
PAT_003014,DEV_003786,2026-05-02,2026-05-04
PAT_003014,DEV_003787,2026-02-03,2026-03-04
PAT_003015,DEV_000470,2025-10-19,2025-11-05
PAT_003015,DEV_003788,2025-11-05,2025-11-05
PAT_003016,DEV_003789,2025-07-02,2025-10-21
PAT_003017,DEV_003790,2026-01-16,2026-01-16
PAT_003018,DEV_003791,2025-10-03,2025-10-18
PAT_003018,DEV_003792,2025-12-26,2025-12-30
PAT_003019,DEV_003793,2025-11-12,2025-11-16
PAT_003020,DEV_003794,2026-04-03,2026-04-04
PAT_003021,DEV_001778,2025-10-27,2025-10-27
PAT_003022,DEV_002276,2025-11-13,2025-11-13
PAT_003022,DEV_003795,2025-10-06,2025-11-12
PAT_003023,DEV_003796,2026-01-20,2026-01-24
PAT_003024,DEV_003797,2026-01-04,2026-01-04
PAT_003025,DEV_003798,2026-01-11,2026-02-03
PAT_003025,DEV_003799,2026-02-03,2026-02-03
PAT_003026,DEV_003800,2026-03-08,2026-03-12
PAT_003027,DEV_003801,2026-01-20,2026-01-21
PAT_003028,DEV_003802,2025-09-27,2025-10-20
PAT_003028,DEV_003803,2025-10-28,2025-10-28
PAT_003029,DEV_003804,2025-07-14,2025-07-18
PAT_003030,DEV_003805,2025-10-29,2025-10-29
PAT_003031,DEV_003806,2025-06-19,2025-07-11
PAT_003031,DEV_003807,2025-09-14,2025-11-02
PAT_003032,DEV_003808,2026-01-17,2026-01-22
PAT_003033,DEV_003809,2025-12-07,2025-12-10
PAT_003034,DEV_003810,2026-01-26,2026-01-31
PAT_003035,DEV_003811,2026-01-19,2026-02-27
PAT_003035,DEV_003812,2026-03-16,2026-03-17
PAT_003036,DEV_003813,2025-09-03,2025-09-03
PAT_003036,DEV_003814,2025-07-03,2025-07-29
PAT_003037,DEV_003815,2026-02-26,2026-02-26
PAT_003038,DEV_003364,2025-12-05,2025-12-09
PAT_003039,DEV_003816,2025-07-19,2025-08-07
PAT_003039,DEV_003817,2025-09-15,2025-09-19
PAT_003040,DEV_003818,2026-01-13,2026-01-13
PAT_003041,DEV_003819,2025-11-16,2025-11-16
PAT_003041,DEV_003820,2025-09-06,2025-09-14
PAT_003042,DEV_003821,2026-01-21,2026-01-21
PAT_003043,DEV_003117,2026-03-28,2026-03-31
PAT_003044,DEV_003822,2025-07-19,2025-10-09
PAT_003045,DEV_003823,2026-02-12,2026-02-12
PAT_003046,DEV_003824,2026-02-13,2026-02-21
PAT_003047,DEV_003825,2025-10-11,2025-10-28
PAT_003047,DEV_003826,2025-11-05,2026-04-08
PAT_003048,DEV_003827,2026-01-07,2026-01-07
PAT_003048,DEV_003828,2025-11-27,2025-12-01
PAT_003049,DEV_003829,2025-11-05,2026-03-11
PAT_003050,DEV_003830,2026-01-21,2026-02-22
PAT_003050,DEV_003831,2026-04-11,2026-04-16
PAT_003051,DEV_003832,2025-12-04,2025-12-20
PAT_003051,DEV_003833,2026-02-01,2026-02-01
PAT_003052,DEV_003834,2026-04-26,2026-04-28
PAT_003053,DEV_003835,2026-04-02,2026-04-05
PAT_003054,DEV_003836,2026-01-10,2026-01-15
PAT_003055,DEV_003837,2025-08-06,2025-08-11
PAT_003056,DEV_003838,2025-08-31,2025-10-06
PAT_003056,DEV_003839,2025-10-29,2025-10-31
PAT_003057,DEV_003840,2026-01-30,2026-02-04
PAT_003058,DEV_001164,2025-08-11,2025-08-11
PAT_003059,DEV_003841,2025-07-03,2025-07-14
PAT_003059,DEV_003842,2025-09-29,2025-09-29
PAT_003060,DEV_003843,2025-11-28,2025-11-28
PAT_003061,DEV_003844,2026-02-14,2026-02-14
PAT_003062,DEV_003845,2025-07-11,2025-08-14
PAT_003062,DEV_003846,2025-08-22,2025-08-25
PAT_003063,DEV_003847,2025-09-11,2025-09-14
PAT_003064,DEV_003848,2026-02-10,2026-02-13
PAT_003064,DEV_003849,2025-12-29,2026-01-30
PAT_003065,DEV_003850,2025-07-16,2025-10-23
PAT_003066,DEV_003851,2025-08-11,2025-08-11
PAT_003066,DEV_003852,2025-06-21,2025-07-04
PAT_003067,DEV_003853,2025-08-30,2025-09-03
PAT_003068,DEV_003854,2026-04-15,2026-04-15
PAT_003069,DEV_003855,2026-03-14,2026-03-19
PAT_003069,DEV_003856,2026-02-26,2026-03-07
PAT_003070,DEV_003857,2025-12-08,2025-12-08
PAT_003070,DEV_003858,2025-10-26,2025-10-28
PAT_003071,DEV_003859,2026-02-11,2026-03-21
PAT_003071,DEV_003860,2026-05-11,2026-05-13
PAT_003072,DEV_003861,2025-11-18,2025-12-20
PAT_003073,DEV_003862,2025-07-14,2025-07-19
PAT_003074,DEV_003863,2025-08-19,2025-09-06
PAT_003074,DEV_003864,2025-10-29,2025-11-03
PAT_003075,DEV_003865,2025-09-01,2026-04-18
PAT_003076,DEV_003866,2026-02-09,2026-03-02
PAT_003076,DEV_003867,2026-04-12,2026-04-15
PAT_003077,DEV_003868,2025-07-23,2025-08-24
PAT_003077,DEV_003869,2025-08-24,2025-08-29
PAT_003078,DEV_003870,2025-04-22,2025-05-01
PAT_003078,DEV_003871,2025-07-09,2025-07-09
PAT_003079,DEV_003872,2025-07-13,2025-07-17
PAT_003080,DEV_003873,2025-08-11,2025-08-16
PAT_003080,DEV_003874,2025-07-23,2025-08-11
PAT_003081,DEV_003875,2025-10-15,2026-04-29
PAT_003082,DEV_003876,2026-04-14,2026-04-14
PAT_003083,DEV_003877,2026-02-06,2026-02-06
PAT_003084,DEV_003878,2025-07-12,2025-07-12
PAT_003084,DEV_003879,2025-11-28,2025-11-28
PAT_003085,DEV_003880,2025-09-28,2025-09-30
PAT_003086,DEV_003881,2026-05-05,2026-05-10
PAT_003087,DEV_003882,2026-01-29,2026-02-06
PAT_003087,DEV_003883,2026-02-19,2026-02-19
PAT_003088,DEV_003884,2025-11-24,2025-11-26
PAT_003089,DEV_003885,2025-09-18,2025-09-23
PAT_003090,DEV_003886,2026-05-05,2026-05-10
PAT_003091,DEV_003887,2025-10-20,2025-10-22
PAT_003092,DEV_003888,2026-01-20,2026-01-24
PAT_003092,DEV_003889,2026-04-17,2026-04-21
PAT_003093,DEV_003890,2025-07-29,2025-07-29
PAT_003094,DEV_003891,2025-09-14,2025-10-03
PAT_003094,DEV_003892,2025-11-30,2025-12-04
PAT_003095,DEV_003893,2025-07-01,2025-07-04
PAT_003095,DEV_003894,2025-09-09,2025-09-09
PAT_003096,DEV_003895,2025-10-23,2025-10-25
PAT_003097,DEV_003896,2026-03-22,2026-03-26
PAT_003098,DEV_003897,2025-08-07,2025-09-06
PAT_003099,DEV_003898,2025-07-13,2025-07-16
PAT_003100,DEV_003899,2026-02-16,2026-02-19
PAT_003101,DEV_003900,2025-11-08,2025-11-08
PAT_003102,DEV_003901,2025-07-10,2025-07-14
PAT_003103,DEV_003902,2025-07-28,2025-09-08
PAT_003103,DEV_003903,2025-06-26,2025-06-30
PAT_003104,DEV_003904,2026-03-20,2026-03-20
PAT_003105,DEV_003905,2026-03-12,2026-03-26
PAT_003105,DEV_003906,2026-03-26,2026-03-26
PAT_003106,DEV_003907,2025-08-19,2025-08-21
PAT_003107,DEV_003908,2025-12-16,2025-12-17
PAT_003107,DEV_003909,2025-11-17,2025-12-16
PAT_003108,DEV_002959,2025-10-02,2025-10-05
PAT_003109,DEV_003910,2026-03-21,2026-03-23
PAT_003110,DEV_003911,2026-02-28,2026-03-02
PAT_003111,DEV_003912,2026-02-08,2026-02-13
PAT_003111,DEV_003913,2025-11-14,2025-12-09
PAT_003112,DEV_003914,2026-04-05,2026-04-09
PAT_003113,DEV_003915,2025-07-25,2025-08-09
PAT_003113,DEV_003916,2025-09-08,2025-09-12
PAT_003114,DEV_003917,2026-03-12,2026-03-12
PAT_003115,DEV_003918,2025-09-16,2025-09-24
PAT_003115,DEV_003919,2025-10-31,2025-11-05
PAT_003116,DEV_003920,2025-11-11,2025-11-15
PAT_003117,DEV_003921,2025-12-27,2026-04-15
PAT_003118,DEV_003922,2025-10-15,2025-10-20
PAT_003119,DEV_003923,2025-09-14,2025-09-19
PAT_003120,DEV_003924,2025-09-23,2025-10-22
PAT_003120,DEV_003925,2025-12-01,2025-12-01
PAT_003121,DEV_003926,2025-10-02,2026-01-05
PAT_003122,DEV_003927,2026-02-23,2026-02-27
PAT_003123,DEV_003928,2025-09-04,2025-10-06
PAT_003123,DEV_003929,2025-11-13,2025-11-13
PAT_003124,DEV_003930,2025-09-17,2025-09-17
PAT_003125,DEV_003931,2026-01-01,2026-01-04
PAT_003126,DEV_003932,2025-09-14,2025-09-14
PAT_003127,DEV_000526,2025-08-14,2025-09-01
PAT_003127,DEV_003933,2025-09-21,2025-09-25
PAT_003128,DEV_000148,2025-10-17,2025-10-28
PAT_003128,DEV_003934,2026-01-13,2026-01-18
PAT_003129,DEV_003935,2026-04-28,2026-04-28
PAT_003130,DEV_003936,2025-05-22,2025-06-05
PAT_003130,DEV_003937,2025-05-06,2025-06-07
PAT_003131,DEV_002078,2026-01-27,2026-02-01
PAT_003132,DEV_003938,2025-09-05,2025-09-05
PAT_003133,DEV_003939,2025-09-14,2025-09-19
PAT_003133,DEV_003940,2025-07-02,2025-07-27
PAT_003134,DEV_003941,2025-12-30,2026-02-03
PAT_003135,DEV_003942,2025-10-07,2025-10-07
PAT_003136,DEV_003943,2025-09-02,2025-09-03
PAT_003136,DEV_003944,2025-06-29,2025-07-12
PAT_003137,DEV_003945,2026-03-29,2026-04-01
PAT_003138,DEV_003946,2026-03-27,2026-04-17
PAT_003138,DEV_003947,2026-04-17,2026-04-17
PAT_003139,DEV_003948,2025-07-17,2025-07-17
PAT_003140,DEV_003949,2025-11-15,2025-11-15
PAT_003141,DEV_003950,2026-01-12,2026-02-04
PAT_003141,DEV_003951,2026-04-07,2026-04-07
PAT_003142,DEV_003952,2026-01-26,2026-01-31
PAT_003143,DEV_003953,2025-11-05,2025-11-08
PAT_003144,DEV_003954,2026-04-09,2026-04-12
PAT_003145,DEV_003955,2025-09-16,2025-09-16
PAT_003146,DEV_003956,2025-07-08,2026-02-11
PAT_003147,DEV_003957,2025-09-23,2025-09-23
PAT_003148,DEV_003958,2026-03-01,2026-03-01
PAT_003149,DEV_000987,2025-12-22,2025-12-23
PAT_003149,DEV_003959,2026-03-02,2026-03-07
PAT_003150,DEV_003960,2026-01-28,2026-02-19
PAT_003150,DEV_003961,2026-04-19,2026-04-23
PAT_003151,DEV_000957,2026-03-23,2026-03-24
PAT_003152,DEV_003962,2025-09-10,2025-09-10
PAT_003152,DEV_003963,2025-07-28,2025-09-01
PAT_003153,DEV_003964,2026-02-10,2026-03-08
PAT_003153,DEV_003965,2026-05-07,2026-05-07
PAT_003154,DEV_003966,2026-03-19,2026-03-23
PAT_003155,DEV_003967,2025-12-19,2025-12-24
PAT_003156,DEV_003968,2026-04-22,2026-04-22
PAT_003157,DEV_003969,2025-12-12,2025-12-12
PAT_003158,DEV_003970,2025-10-06,2025-10-11
PAT_003159,DEV_002795,2026-02-17,2026-02-17
PAT_003160,DEV_003971,2026-04-24,2026-04-24
PAT_003161,DEV_003972,2026-05-03,2026-05-08
PAT_003162,DEV_003973,2025-09-17,2025-09-22
PAT_003163,DEV_003974,2026-04-21,2026-04-23
PAT_003164,DEV_003975,2025-11-12,2025-11-12
PAT_003165,DEV_003976,2025-12-04,2025-12-23
PAT_003165,DEV_003977,2026-02-15,2026-02-15
PAT_003166,DEV_003978,2025-10-07,2026-02-27
PAT_003167,DEV_002885,2025-11-09,2026-05-08
PAT_003168,DEV_003979,2025-12-05,2025-12-09
PAT_003169,DEV_003980,2025-07-18,2025-07-19
PAT_003170,DEV_003981,2025-10-05,2026-04-04
PAT_003171,DEV_003982,2025-07-20,2025-08-03
PAT_003171,DEV_003983,2025-08-14,2025-08-17
PAT_003172,DEV_003984,2026-02-20,2026-02-23
PAT_003173,DEV_003985,2026-03-23,2026-03-25
PAT_003174,DEV_003986,2025-10-26,2025-10-31
PAT_003175,DEV_003987,2026-03-22,2026-03-23
PAT_003176,DEV_003988,2025-09-03,2025-09-03
PAT_003176,DEV_003989,2025-07-23,2025-07-26
PAT_003177,DEV_003990,2026-03-12,2026-03-12
PAT_003178,DEV_003991,2025-07-24,2025-08-13
PAT_003178,DEV_003992,2025-08-13,2025-08-13
PAT_003179,DEV_003993,2026-05-05,2026-05-09
PAT_003180,DEV_003994,2025-08-09,2025-08-26
PAT_003180,DEV_003995,2025-09-18,2025-09-20
PAT_003181,DEV_003996,2025-09-02,2025-09-06
PAT_003182,DEV_003997,2025-11-30,2025-12-05
PAT_003183,DEV_002814,2026-01-19,2026-01-24
PAT_003184,DEV_003998,2025-10-03,2025-10-18
PAT_003184,DEV_003999,2025-10-18,2025-10-18
PAT_003185,DEV_004000,2026-03-29,2026-03-29
PAT_003186,DEV_004001,2026-03-08,2026-03-11
PAT_003187,DEV_004002,2026-03-07,2026-03-12
PAT_003188,DEV_004003,2026-05-09,2026-05-14
PAT_003189,DEV_004004,2025-11-22,2025-11-27
PAT_003190,DEV_004005,2025-07-17,2025-07-17
PAT_003191,DEV_004006,2025-05-26,2025-06-11
PAT_003191,DEV_004007,2025-07-05,2025-07-05
PAT_003192,DEV_004008,2026-01-29,2026-02-03
PAT_003193,DEV_004009,2025-11-25,2025-11-25
PAT_003194,DEV_004010,2025-11-18,2025-11-19
PAT_003194,DEV_004011,2025-11-01,2025-11-13
PAT_003195,DEV_004012,2025-08-06,2025-08-06
PAT_003195,DEV_004013,2025-08-26,2025-08-29
PAT_003196,DEV_004014,2026-04-23,2026-04-28
PAT_003197,DEV_004015,2025-08-17,2025-08-18
PAT_003198,DEV_004016,2025-09-13,2025-09-22
PAT_003198,DEV_004017,2025-11-10,2025-11-13
PAT_003199,DEV_004018,2025-12-29,2025-12-29
PAT_003200,DEV_004019,2026-04-26,2026-04-26
PAT_003201,DEV_004020,2026-04-02,2026-04-07
PAT_003202,DEV_004021,2025-10-18,2025-10-23
PAT_003203,DEV_004022,2026-04-09,2026-04-11
PAT_003204,DEV_004023,2025-11-15,2025-11-15
PAT_003205,DEV_004024,2026-02-28,2026-02-28
PAT_003205,DEV_004025,2025-12-20,2026-01-19
PAT_003206,DEV_004026,2026-04-09,2026-04-11
PAT_003206,DEV_004027,2026-02-23,2026-03-16
PAT_003207,DEV_004028,2026-01-30,2026-01-31
PAT_003208,DEV_004029,2026-02-20,2026-02-24
PAT_003209,DEV_004030,2026-01-07,2026-02-15
PAT_003209,DEV_004031,2026-03-29,2026-03-29
PAT_003210,DEV_004032,2025-12-15,2025-12-16
PAT_003210,DEV_004033,2026-03-13,2026-03-17
PAT_003211,DEV_004034,2026-03-11,2026-03-13
PAT_003212,DEV_004035,2025-06-25,2025-07-01
PAT_003212,DEV_004036,2025-09-05,2025-09-10
PAT_003213,DEV_004037,2026-02-08,2026-02-20
PAT_003213,DEV_004038,2026-03-12,2026-03-17
PAT_003214,DEV_004039,2025-09-29,2025-09-29
PAT_003215,DEV_004040,2025-12-05,2025-12-05
PAT_003216,DEV_004041,2025-12-30,2026-01-03
PAT_003217,DEV_004042,2026-03-28,2026-04-01
PAT_003217,DEV_004043,2026-02-10,2026-02-17
PAT_003218,DEV_004044,2025-08-20,2025-08-22
PAT_003218,DEV_004045,2025-09-15,2025-09-20
PAT_003219,DEV_004046,2026-01-28,2026-01-28
PAT_003220,DEV_004047,2025-09-19,2025-09-23
PAT_003220,DEV_004048,2025-08-05,2025-09-02
PAT_003221,DEV_004049,2025-08-06,2025-08-06
PAT_003222,DEV_004050,2026-01-14,2026-01-17
PAT_003222,DEV_004051,2025-12-04,2025-12-27
PAT_003223,DEV_004052,2025-09-23,2025-09-27
PAT_003223,DEV_004053,2025-10-21,2025-10-25
PAT_003224,DEV_004054,2026-02-08,2026-02-08
PAT_003224,DEV_004055,2025-12-04,2025-12-09
PAT_003225,DEV_004056,2025-07-06,2025-07-13
PAT_003225,DEV_004057,2025-08-23,2025-08-25
PAT_003226,DEV_004058,2026-01-30,2026-02-06
PAT_003226,DEV_004059,2026-04-26,2026-05-01
PAT_003227,DEV_004060,2025-10-24,2025-12-31
PAT_003228,DEV_004061,2025-09-15,2025-09-21
PAT_003228,DEV_004062,2025-11-27,2025-11-27
PAT_003229,DEV_004063,2025-10-11,2025-10-14
PAT_003229,DEV_004064,2025-09-14,2025-10-04
PAT_003230,DEV_004065,2025-10-26,2025-10-27
PAT_003231,DEV_004066,2025-11-26,2025-12-01
PAT_003232,DEV_004067,2025-08-08,2025-08-08
PAT_003232,DEV_004068,2025-07-24,2025-08-08
PAT_003233,DEV_004069,2026-05-09,2026-05-12
PAT_003233,DEV_004070,2026-02-25,2026-03-09
PAT_003234,DEV_004071,2025-12-27,2025-12-28
PAT_003235,DEV_004072,2025-11-11,2025-12-08
PAT_003235,DEV_004073,2025-12-08,2025-12-12
PAT_003236,DEV_004074,2026-04-21,2026-04-21
PAT_003237,DEV_004075,2026-01-31,2026-01-31
PAT_003237,DEV_004076,2026-01-02,2026-01-24
PAT_003238,DEV_004077,2026-01-28,2026-01-31
PAT_003239,DEV_004078,2025-09-19,2025-09-24
PAT_003240,DEV_004079,2026-01-19,2026-02-17
PAT_003241,DEV_004080,2025-12-12,2025-12-12
PAT_003242,DEV_004081,2025-07-07,2025-07-07
PAT_003243,DEV_004082,2025-12-20,2026-01-24
PAT_003243,DEV_004083,2026-03-08,2026-03-11
PAT_003244,DEV_004084,2025-11-15,2025-11-20
PAT_003244,DEV_004085,2025-10-30,2025-11-15
PAT_003245,DEV_004086,2026-01-10,2026-01-14
PAT_003246,DEV_004087,2026-03-24,2026-04-08
PAT_003246,DEV_004088,2026-04-25,2026-04-29
PAT_003247,DEV_004089,2025-11-25,2025-11-30
PAT_003248,DEV_004090,2025-12-10,2025-12-10
PAT_003249,DEV_004091,2025-08-02,2025-08-07
PAT_003250,DEV_004092,2025-10-14,2025-10-14
PAT_003251,DEV_004093,2025-09-12,2025-09-15
PAT_003252,DEV_004094,2026-04-05,2026-04-05
PAT_003253,DEV_004095,2025-10-05,2025-10-05
PAT_003254,DEV_004096,2025-09-24,2025-10-15
PAT_003254,DEV_004097,2025-11-29,2025-11-30
PAT_003255,DEV_004098,2026-03-30,2026-04-02
PAT_003256,DEV_000319,2026-02-03,2026-02-03
PAT_003257,DEV_004099,2026-02-08,2026-02-08
PAT_003258,DEV_004100,2026-01-19,2026-01-19
PAT_003259,DEV_004101,2025-08-28,2025-08-31
PAT_003259,DEV_004102,2025-06-01,2025-06-22
PAT_003260,DEV_004103,2025-12-10,2025-12-14
PAT_003261,DEV_004104,2025-11-03,2025-11-08
PAT_003261,DEV_004105,2025-09-23,2025-10-13
PAT_003262,DEV_004106,2025-08-23,2025-09-10
PAT_003263,DEV_004107,2026-03-01,2026-03-06
PAT_003263,DEV_004108,2026-01-26,2026-02-21
PAT_003264,DEV_004109,2025-06-22,2025-06-30
PAT_003264,DEV_004110,2025-07-22,2025-07-27
PAT_003265,DEV_004111,2025-05-02,2025-05-06
PAT_003265,DEV_004112,2025-07-17,2025-07-22
PAT_003266,DEV_004113,2026-01-12,2026-01-12
PAT_003267,DEV_004114,2026-03-27,2026-03-28
PAT_003268,DEV_004115,2025-09-08,2025-09-08
PAT_003269,DEV_004116,2025-05-23,2025-06-02
PAT_003269,DEV_004117,2025-08-21,2025-08-25
PAT_003270,DEV_004118,2025-12-03,2026-04-13
PAT_003271,DEV_004119,2025-08-28,2025-08-29
PAT_003272,DEV_004120,2025-11-25,2025-11-29
PAT_003273,DEV_004121,2025-07-19,2025-07-24
PAT_003274,DEV_004122,2025-09-06,2025-11-07
PAT_003275,DEV_004123,2025-10-17,2025-10-24
PAT_003275,DEV_004124,2025-11-06,2025-11-07
PAT_003276,DEV_004125,2025-09-06,2025-09-11
PAT_003277,DEV_004126,2025-10-15,2025-10-18
PAT_003278,DEV_004127,2025-11-26,2025-11-26
PAT_003279,DEV_004128,2025-07-28,2025-07-29
PAT_003280,DEV_004129,2025-08-01,2025-08-16
PAT_003280,DEV_004130,2025-09-09,2025-09-11
PAT_003281,DEV_004131,2025-09-24,2025-09-24
PAT_003281,DEV_004132,2025-08-13,2025-08-31
PAT_003282,DEV_004133,2025-08-22,2025-08-22
PAT_003283,DEV_004134,2025-08-06,2025-08-06
PAT_003284,DEV_004135,2026-03-31,2026-03-31
PAT_003285,DEV_004136,2025-08-04,2026-03-27
PAT_003286,DEV_004137,2025-09-18,2025-09-18
PAT_003287,DEV_004138,2025-09-23,2025-09-25
PAT_003288,DEV_004139,2025-08-25,2025-08-29
PAT_003288,DEV_004140,2025-07-08,2025-08-07
PAT_003289,DEV_000720,2025-10-05,2026-02-26
PAT_003290,DEV_001065,2025-12-09,2026-03-16
PAT_003291,DEV_002234,2025-11-12,2025-11-12
PAT_003291,DEV_004141,2025-08-26,2025-09-27
PAT_003292,DEV_004142,2026-01-26,2026-03-15
PAT_003292,DEV_004143,2026-01-09,2026-01-24
PAT_003293,DEV_000942,2026-04-15,2026-04-15
PAT_003294,DEV_004144,2025-11-17,2025-11-17
PAT_003294,DEV_004145,2025-09-26,2025-10-09
PAT_003295,DEV_004146,2025-10-29,2025-11-02
PAT_003296,DEV_004147,2025-07-16,2025-07-16
PAT_003297,DEV_004148,2026-01-31,2026-02-05
PAT_003298,DEV_004149,2026-04-16,2026-04-21
PAT_003298,DEV_004150,2026-03-16,2026-04-03
PAT_003299,DEV_004151,2025-08-23,2025-08-25
PAT_003300,DEV_004152,2025-07-21,2025-07-24
PAT_003301,DEV_004153,2025-11-21,2025-11-24
PAT_003302,DEV_004154,2026-01-20,2026-01-22
PAT_003303,DEV_004155,2025-05-08,2025-06-13
PAT_003303,DEV_004156,2025-07-05,2025-07-09
PAT_003304,DEV_001406,2025-11-13,2025-12-08
PAT_003304,DEV_004157,2025-12-08,2025-12-08
PAT_003305,DEV_004158,2025-06-22,2025-07-11
PAT_003305,DEV_004159,2025-09-19,2025-09-19
PAT_003306,DEV_004160,2026-04-19,2026-04-20
PAT_003306,DEV_004161,2026-03-08,2026-04-12
PAT_003307,DEV_004162,2025-09-19,2025-09-20
PAT_003308,DEV_004163,2026-03-29,2026-04-01
PAT_003309,DEV_004164,2025-06-01,2025-07-05
PAT_003309,DEV_004165,2025-07-12,2025-07-14
PAT_003310,DEV_004166,2025-10-18,2025-11-01
PAT_003310,DEV_004167,2026-01-01,2026-01-06
PAT_003311,DEV_004168,2026-04-03,2026-04-07
PAT_003312,DEV_004169,2026-01-21,2026-01-24
PAT_003313,DEV_004170,2025-11-02,2025-11-06
PAT_003314,DEV_004171,2025-07-21,2025-07-25
PAT_003315,DEV_004172,2025-12-30,2026-01-05
PAT_003315,DEV_004173,2026-01-22,2026-01-22
PAT_003316,DEV_004174,2025-08-09,2025-08-13
PAT_003316,DEV_004175,2025-07-23,2025-08-03
PAT_003317,DEV_004176,2026-04-17,2026-04-22
PAT_003318,DEV_004177,2026-02-04,2026-02-05
PAT_003319,DEV_004178,2025-10-21,2025-10-21
PAT_003320,DEV_004179,2025-11-21,2025-11-21
PAT_003321,DEV_004180,2025-10-19,2025-10-19
PAT_003322,DEV_004181,2026-02-26,2026-03-03
PAT_003323,DEV_004182,2025-10-07,2025-10-07
PAT_003324,DEV_004183,2025-10-27,2025-11-01
PAT_003325,DEV_004184,2026-02-26,2026-03-03
PAT_003325,DEV_004185,2026-02-01,2026-02-26
PAT_003326,DEV_004186,2026-02-26,2026-02-26
PAT_003327,DEV_004187,2025-12-07,2025-12-25
PAT_003327,DEV_004188,2026-02-07,2026-02-08
PAT_003328,DEV_000692,2026-03-21,2026-03-21
PAT_003329,DEV_004189,2025-11-25,2025-12-09
PAT_003329,DEV_004190,2026-01-04,2026-01-06
PAT_003330,DEV_001564,2025-08-04,2025-08-04
PAT_003331,DEV_004191,2025-11-15,2025-11-16
PAT_003332,DEV_004192,2025-08-28,2025-12-18
PAT_003333,DEV_004193,2026-01-03,2026-02-11
PAT_003333,DEV_004194,2026-02-20,2026-02-25
PAT_003334,DEV_004195,2025-11-07,2025-11-10
PAT_003335,DEV_004196,2025-08-10,2025-08-10
PAT_003336,DEV_004197,2026-03-23,2026-03-28
PAT_003337,DEV_004198,2026-01-07,2026-01-12
PAT_003337,DEV_004199,2026-02-06,2026-02-09
PAT_003338,DEV_004200,2025-07-25,2025-07-30
PAT_003339,DEV_004201,2025-11-19,2025-12-19
PAT_003339,DEV_004202,2026-01-24,2026-01-27
PAT_003340,DEV_004203,2025-07-21,2025-07-21
PAT_003341,DEV_004204,2025-10-07,2025-10-12
PAT_003341,DEV_004205,2025-08-22,2025-09-11
PAT_003342,DEV_004206,2026-01-04,2026-01-04
PAT_003343,DEV_004207,2025-10-31,2025-11-01
PAT_003344,DEV_001916,2026-05-02,2026-05-02
PAT_003345,DEV_004208,2026-04-12,2026-04-12
PAT_003346,DEV_004209,2025-07-29,2025-07-29
PAT_003347,DEV_004210,2025-08-19,2025-11-15
PAT_003348,DEV_004211,2025-08-08,2025-08-08
PAT_003349,DEV_004212,2025-08-28,2025-09-02
PAT_003350,DEV_004213,2026-03-12,2026-03-17
PAT_003351,DEV_004214,2026-01-09,2026-01-09
PAT_003351,DEV_004215,2025-11-26,2025-12-10
PAT_003352,DEV_004216,2025-09-12,2025-09-12
PAT_003353,DEV_004217,2026-03-13,2026-03-17
PAT_003354,DEV_004218,2026-04-08,2026-04-10
PAT_003355,DEV_003911,2026-03-08,2026-03-11
PAT_003356,DEV_004219,2025-08-07,2026-02-09
PAT_003357,DEV_004220,2025-10-07,2025-10-07
PAT_003358,DEV_004221,2025-08-15,2025-08-20
PAT_003359,DEV_004222,2025-12-23,2025-12-28
PAT_003360,DEV_004223,2026-01-20,2026-01-25
PAT_003360,DEV_004224,2025-12-13,2026-01-13
PAT_003361,DEV_004225,2025-10-16,2025-10-18
PAT_003361,DEV_004226,2025-12-22,2025-12-24
PAT_003362,DEV_004227,2025-10-24,2025-10-24
PAT_003363,DEV_004228,2026-03-11,2026-03-11
PAT_003364,DEV_004229,2025-11-18,2025-11-19
PAT_003365,DEV_004230,2025-12-19,2025-12-24
PAT_003366,DEV_004231,2025-11-03,2025-11-08
PAT_003366,DEV_004232,2025-08-24,2025-09-12
PAT_003367,DEV_004233,2025-11-12,2025-11-17
PAT_003368,DEV_004234,2025-07-11,2025-07-16
PAT_003368,DEV_004235,2025-05-23,2025-06-01
PAT_003369,DEV_004236,2025-07-04,2025-07-23
PAT_003369,DEV_004237,2025-08-04,2025-08-04
PAT_003370,DEV_004238,2026-03-20,2026-03-20
PAT_003370,DEV_004239,2026-02-19,2026-03-04
PAT_003371,DEV_004240,2026-01-01,2026-01-05
PAT_003372,DEV_004241,2026-01-20,2026-01-22
PAT_003373,DEV_004242,2026-02-09,2026-02-14
PAT_003373,DEV_004243,2025-12-24,2025-12-25
PAT_003374,DEV_004244,2025-09-18,2025-09-23
PAT_003375,DEV_004245,2025-07-16,2025-07-21
PAT_003376,DEV_004246,2026-03-18,2026-03-20
PAT_003377,DEV_004247,2025-08-11,2025-08-15
PAT_003378,DEV_004248,2025-11-17,2025-11-17
PAT_003379,DEV_004249,2026-04-08,2026-04-08
PAT_003380,DEV_004250,2025-07-20,2026-03-16
PAT_003380,DEV_004251,2025-05-23,2025-06-27
PAT_003381,DEV_004252,2026-01-30,2026-02-04
PAT_003382,DEV_004253,2025-10-13,2025-10-15
PAT_003383,DEV_004254,2025-11-24,2025-11-24
PAT_003384,DEV_004255,2025-06-11,2025-07-18
PAT_003384,DEV_004256,2025-07-25,2025-07-30
PAT_003385,DEV_004257,2025-11-26,2025-11-26
PAT_003385,DEV_004258,2025-09-15,2025-10-04
PAT_003386,DEV_004259,2025-10-02,2025-10-02
PAT_003387,DEV_004260,2025-04-27,2025-05-09
PAT_003387,DEV_004261,2025-07-04,2025-07-04
PAT_003388,DEV_004262,2025-04-29,2025-05-20
PAT_003388,DEV_004263,2025-07-10,2025-07-12
PAT_003389,DEV_004264,2025-11-01,2025-11-04
PAT_003390,DEV_004265,2026-04-28,2026-04-28
PAT_003391,DEV_004266,2025-12-04,2026-01-01
PAT_003391,DEV_004267,2026-03-01,2026-03-05
PAT_003392,DEV_004268,2026-01-13,2026-01-22
PAT_003392,DEV_004269,2026-03-06,2026-03-10
PAT_003393,DEV_004270,2025-07-15,2025-07-15
PAT_003394,DEV_004271,2025-08-22,2025-10-21
PAT_003395,DEV_004272,2025-08-25,2025-08-28
PAT_003395,DEV_004273,2025-07-08,2025-07-14
PAT_003396,DEV_004274,2025-12-23,2025-12-23
PAT_003397,DEV_004275,2026-02-10,2026-02-11
PAT_003398,DEV_004276,2025-09-18,2025-09-18
PAT_003398,DEV_004277,2025-08-15,2025-09-04
PAT_003399,DEV_004278,2025-07-02,2025-07-07
PAT_003400,DEV_004279,2025-07-20,2025-07-20
PAT_003401,DEV_004280,2025-07-21,2025-07-21
PAT_003402,DEV_004281,2025-09-13,2025-09-13
PAT_003403,DEV_004282,2026-04-10,2026-04-10
PAT_003404,DEV_004283,2025-11-23,2025-11-26
PAT_003404,DEV_004284,2026-01-07,2026-01-08
PAT_003405,DEV_004285,2025-09-15,2025-09-19
PAT_003406,DEV_004286,2025-09-23,2025-09-28
PAT_003407,DEV_004287,2025-11-07,2025-11-29
PAT_003407,DEV_004288,2025-12-17,2025-12-22
PAT_003408,DEV_004289,2025-10-10,2025-10-10
PAT_003409,DEV_004290,2025-06-13,2025-07-21
PAT_003409,DEV_004291,2025-08-04,2025-08-07
PAT_003410,DEV_004292,2025-07-17,2025-07-17
PAT_003410,DEV_004293,2025-05-12,2025-05-28
PAT_003411,DEV_004294,2026-03-02,2026-03-06
PAT_003412,DEV_004295,2025-06-03,2025-07-12
PAT_003412,DEV_004296,2025-08-22,2025-08-26
PAT_003413,DEV_004297,2025-08-29,2025-09-03
PAT_003414,DEV_004298,2026-03-10,2026-03-10
PAT_003415,DEV_004299,2026-02-27,2026-03-02
PAT_003416,DEV_004300,2026-04-25,2026-04-28
PAT_003416,DEV_004301,2026-03-23,2026-04-03
PAT_003417,DEV_004302,2025-11-24,2026-02-13
PAT_003418,DEV_004303,2026-02-03,2026-02-04
PAT_003419,DEV_004304,2026-04-12,2026-04-16
PAT_003420,DEV_004305,2025-09-16,2026-02-10
PAT_003421,DEV_004306,2025-11-27,2025-11-29
PAT_003422,DEV_004307,2025-07-02,2025-07-02
PAT_003423,DEV_002632,2025-09-25,2025-09-30
PAT_003424,DEV_004308,2026-03-11,2026-03-16
PAT_003425,DEV_004309,2026-02-27,2026-02-27
PAT_003426,DEV_004310,2026-01-23,2026-01-26
PAT_003426,DEV_004311,2025-11-15,2025-11-23
PAT_003427,DEV_004312,2025-10-02,2026-04-24
PAT_003428,DEV_004313,2026-03-25,2026-03-29
PAT_003429,DEV_004314,2025-12-26,2025-12-26
PAT_003430,DEV_004315,2025-06-02,2025-06-21
PAT_003430,DEV_004316,2025-08-14,2025-08-16
PAT_003431,DEV_004317,2025-09-17,2025-09-19
PAT_003432,DEV_004318,2025-07-20,2025-07-22
PAT_003432,DEV_004319,2025-05-23,2025-06-28
PAT_003433,DEV_004320,2025-09-27,2025-09-27
PAT_003434,DEV_004321,2026-01-12,2026-01-17
PAT_003434,DEV_004322,2025-11-14,2025-12-20
PAT_003435,DEV_004323,2025-08-14,2025-08-18
PAT_003436,DEV_004324,2026-01-04,2026-01-04
PAT_003437,DEV_004325,2025-08-21,2025-08-22
PAT_003438,DEV_004326,2025-07-12,2025-07-12
PAT_003438,DEV_004327,2025-05-17,2025-06-10
PAT_003439,DEV_004328,2025-08-18,2025-08-18
PAT_003440,DEV_004329,2025-12-15,2025-12-15
PAT_003441,DEV_004330,2025-09-14,2025-09-14
PAT_003442,DEV_004331,2025-12-29,2025-12-31
PAT_003442,DEV_004332,2026-02-15,2026-02-15
PAT_003443,DEV_004333,2025-09-27,2025-09-30
PAT_003443,DEV_004334,2025-09-06,2025-09-09
PAT_003444,DEV_004335,2025-07-21,2025-07-24
PAT_003445,DEV_004336,2025-07-05,2026-01-29
PAT_003446,DEV_004337,2025-08-25,2025-08-29
PAT_003446,DEV_004338,2025-07-01,2025-07-09
PAT_003447,DEV_004339,2025-09-06,2025-09-10
PAT_003448,DEV_004340,2025-11-25,2025-11-30
PAT_003448,DEV_004341,2025-10-14,2025-11-04
PAT_003449,DEV_004342,2026-03-04,2026-03-08
PAT_003450,DEV_004343,2026-04-13,2026-04-13
PAT_003450,DEV_004344,2025-09-25,2025-09-25
PAT_003451,DEV_004345,2025-09-23,2025-10-30
PAT_003451,DEV_004346,2025-11-06,2025-11-08
PAT_003452,DEV_004347,2026-03-13,2026-03-17
PAT_003452,DEV_004348,2026-02-20,2026-02-23
PAT_003453,DEV_004349,2025-10-12,2026-04-24
PAT_003454,DEV_002241,2026-02-15,2026-02-19
PAT_003455,DEV_004350,2025-09-22,2025-09-23
PAT_003456,DEV_004351,2026-03-13,2026-03-13
PAT_003457,DEV_004352,2026-01-08,2026-01-12
PAT_003457,DEV_004353,2025-11-13,2025-11-14
PAT_003458,DEV_004354,2025-12-23,2025-12-26
PAT_003459,DEV_004355,2025-10-28,2026-01-30
PAT_003460,DEV_004356,2025-10-15,2025-10-18
PAT_003461,DEV_004357,2025-05-16,2025-06-17
PAT_003461,DEV_004358,2025-07-29,2025-08-03
PAT_003462,DEV_004359,2026-02-02,2026-02-04
PAT_003463,DEV_004360,2025-07-23,2025-07-24
PAT_003464,DEV_004361,2025-11-14,2025-11-19
PAT_003465,DEV_004362,2025-07-31,2025-07-31
PAT_003466,DEV_004363,2025-11-05,2025-11-08
PAT_003467,DEV_004364,2025-07-11,2025-08-15
PAT_003467,DEV_004365,2025-08-15,2025-08-20
PAT_003468,DEV_004366,2025-11-19,2025-11-22
PAT_003469,DEV_004367,2025-10-07,2025-10-10
PAT_003469,DEV_004368,2025-07-22,2025-08-24
PAT_003470,DEV_004369,2025-10-07,2025-10-11
PAT_003471,DEV_004370,2025-07-25,2025-07-26
PAT_003471,DEV_004371,2025-11-22,2025-11-22
PAT_003472,DEV_004372,2025-09-06,2026-01-01
PAT_003473,DEV_004373,2026-05-01,2026-05-05
PAT_003474,DEV_004374,2026-01-09,2026-01-12
PAT_003475,DEV_004375,2025-09-13,2025-09-13
PAT_003476,DEV_004376,2025-10-21,2025-10-24
PAT_003477,DEV_004377,2025-11-06,2025-11-11
PAT_003477,DEV_004378,2026-01-10,2026-01-13
PAT_003478,DEV_004379,2025-07-21,2025-07-21
PAT_003479,DEV_004380,2025-11-19,2025-11-19
PAT_003480,DEV_004381,2025-09-21,2025-09-21
PAT_003481,DEV_004382,2025-07-21,2025-07-22
PAT_003482,DEV_004383,2025-07-19,2025-07-24
PAT_003483,DEV_004384,2026-01-21,2026-01-26
PAT_003484,DEV_004385,2026-02-07,2026-02-11
PAT_003485,DEV_004386,2025-08-02,2025-09-08
PAT_003485,DEV_004387,2025-10-24,2025-10-26
PAT_003486,DEV_000982,2026-04-10,2026-04-24
PAT_003486,DEV_004388,2026-05-09,2026-05-12
PAT_003487,DEV_001497,2025-12-15,2025-12-15
PAT_003488,DEV_004389,2025-11-23,2025-11-27
PAT_003489,DEV_004390,2025-10-16,2025-10-16
PAT_003490,DEV_004391,2025-11-01,2025-11-10
PAT_003490,DEV_004392,2025-12-21,2025-12-21
PAT_003491,DEV_004393,2025-08-10,2025-08-11
PAT_003492,DEV_004394,2026-03-19,2026-03-19
PAT_003493,DEV_004395,2026-03-23,2026-03-24
PAT_003493,DEV_004396,2025-12-30,2026-02-03
PAT_003494,DEV_004397,2025-12-18,2025-12-18
PAT_003495,DEV_004398,2025-09-10,2025-09-15
PAT_003496,DEV_004399,2025-12-23,2025-12-23
PAT_003497,DEV_004400,2025-10-22,2025-10-26
PAT_003498,DEV_004401,2026-04-10,2026-04-14
PAT_003499,DEV_004402,2025-10-11,2025-10-15
PAT_003500,DEV_004403,2026-02-09,2026-03-04
PAT_003500,DEV_004404,2026-03-04,2026-03-09
PAT_003501,DEV_004405,2026-03-31,2026-04-01
PAT_003502,DEV_004406,2025-12-31,2026-01-01
PAT_003502,DEV_004407,2025-10-08,2025-10-23
PAT_003503,DEV_004408,2025-09-30,2025-09-30
PAT_003504,DEV_004409,2025-08-27,2025-08-31
PAT_003505,DEV_004410,2026-04-17,2026-04-20
PAT_003506,DEV_004411,2025-09-02,2025-09-02
PAT_003507,DEV_004412,2026-03-31,2026-04-04
PAT_003508,DEV_004413,2025-12-03,2025-12-05
PAT_003509,DEV_004414,2025-08-05,2026-01-20
PAT_003510,DEV_004415,2026-01-14,2026-01-18
PAT_003510,DEV_004416,2025-12-13,2025-12-26
PAT_003511,DEV_004417,2026-02-14,2026-02-17
PAT_003512,DEV_004418,2025-07-24,2025-07-29
PAT_003513,DEV_004419,2026-05-03,2026-05-08
PAT_003514,DEV_004420,2025-10-16,2025-10-20
PAT_003515,DEV_004421,2025-10-14,2025-10-15
PAT_003516,DEV_004422,2025-08-14,2025-08-17
PAT_003517,DEV_004423,2025-11-09,2025-11-14
PAT_003517,DEV_004424,2025-08-11,2025-09-07
PAT_003518,DEV_004425,2025-08-10,2025-08-10
PAT_003518,DEV_004426,2025-07-14,2025-08-01
PAT_003519,DEV_004427,2026-03-10,2026-03-10
PAT_003520,DEV_004428,2025-07-12,2025-07-20
PAT_003520,DEV_004429,2025-10-08,2025-10-08
PAT_003521,DEV_004430,2026-01-26,2026-04-10
PAT_003522,DEV_004431,2026-05-04,2026-05-04
PAT_003523,DEV_004432,2026-03-18,2026-03-21
PAT_003524,DEV_004433,2026-01-02,2026-01-02
PAT_003525,DEV_004434,2025-11-26,2025-11-26
PAT_003525,DEV_004435,2025-10-12,2025-10-20
PAT_003526,DEV_004436,2025-08-26,2025-08-30
PAT_003527,DEV_004437,2026-02-08,2026-02-12
PAT_003528,DEV_004438,2025-09-22,2025-10-15
PAT_003528,DEV_004439,2025-12-09,2025-12-09
PAT_003529,DEV_004440,2026-04-26,2026-04-26
PAT_003530,DEV_004441,2025-11-04,2025-11-05
PAT_003531,DEV_004442,2025-12-07,2025-12-08
PAT_003532,DEV_004443,2025-11-26,2025-12-01
PAT_003533,DEV_004444,2025-10-17,2025-10-18
PAT_003534,DEV_004445,2025-08-30,2025-09-04
PAT_003535,DEV_004446,2025-09-14,2025-09-18
PAT_003536,DEV_004447,2025-08-19,2025-09-06
PAT_003536,DEV_004448,2025-09-25,2025-09-29
PAT_003537,DEV_004449,2025-06-12,2025-06-27
PAT_003537,DEV_004450,2025-08-25,2025-08-28
PAT_003538,DEV_004451,2025-08-14,2025-08-14
PAT_003539,DEV_004452,2026-04-18,2026-04-20
PAT_003539,DEV_004453,2026-03-29,2026-04-04
PAT_003540,DEV_004454,2025-07-08,2025-07-27
PAT_003540,DEV_004455,2025-09-25,2025-09-30
PAT_003541,DEV_004456,2026-03-24,2026-03-24
PAT_003542,DEV_004457,2026-02-10,2026-02-10
PAT_003543,DEV_004458,2025-11-10,2025-11-10
PAT_003544,DEV_004459,2025-07-18,2025-07-18
PAT_003544,DEV_004460,2025-07-03,2025-07-18
PAT_003545,DEV_004461,2026-04-23,2026-04-23
PAT_003546,DEV_004462,2026-04-30,2026-05-05
PAT_003547,DEV_004463,2026-05-10,2026-05-14
PAT_003548,DEV_004464,2025-10-23,2025-12-20
PAT_003549,DEV_004465,2025-11-13,2025-11-17
PAT_003550,DEV_004466,2025-08-04,2025-08-04
PAT_003551,DEV_004467,2026-03-27,2026-03-27
PAT_003551,DEV_004468,2026-01-28,2026-02-21
PAT_003552,DEV_004469,2026-04-05,2026-04-09
PAT_003553,DEV_004470,2025-10-26,2025-10-28
PAT_003554,DEV_004471,2026-01-23,2026-01-23
PAT_003555,DEV_004472,2026-02-22,2026-02-27
PAT_003556,DEV_004473,2025-10-10,2025-10-11
PAT_003557,DEV_004474,2025-09-03,2025-09-29
PAT_003557,DEV_004475,2025-10-01,2025-10-01
PAT_003558,DEV_003694,2025-07-15,2025-07-18
PAT_003559,DEV_004476,2025-10-05,2025-10-08
PAT_003560,DEV_003924,2026-03-21,2026-03-25
PAT_003561,DEV_004477,2025-08-07,2025-08-10
PAT_003561,DEV_004478,2025-07-17,2025-08-07
PAT_003562,DEV_004479,2026-05-10,2026-05-10
PAT_003562,DEV_004480,2026-04-24,2026-05-10
PAT_003563,DEV_004481,2025-06-11,2025-07-14
PAT_003563,DEV_004482,2025-07-17,2025-07-17
PAT_003564,DEV_004483,2026-04-22,2026-04-23
PAT_003565,DEV_004484,2025-11-01,2025-11-02
PAT_003566,DEV_004485,2026-02-07,2026-02-08
PAT_003566,DEV_004486,2026-01-03,2026-02-03
PAT_003567,DEV_004487,2026-02-11,2026-02-11
PAT_003568,DEV_004488,2025-05-08,2025-06-16
PAT_003568,DEV_004489,2025-08-01,2025-08-01
PAT_003569,DEV_004490,2025-09-18,2025-09-18
PAT_003569,DEV_004491,2025-07-19,2025-07-30
PAT_003570,DEV_004492,2025-09-10,2025-09-11
PAT_003571,DEV_004493,2026-03-30,2026-04-04
PAT_003572,DEV_004494,2025-11-21,2025-11-26
PAT_003573,DEV_004495,2025-09-17,2025-09-17
PAT_003574,DEV_004496,2026-05-06,2026-05-09
PAT_003574,DEV_004497,2026-04-20,2026-05-06
PAT_003575,DEV_004498,2025-11-11,2025-11-16
PAT_003576,DEV_004499,2025-09-24,2025-09-24
PAT_003576,DEV_004500,2025-07-03,2025-08-11
PAT_003577,DEV_004501,2025-11-23,2025-11-23
PAT_003578,DEV_004502,2025-12-03,2025-12-03
PAT_003579,DEV_004503,2025-08-25,2025-08-28
PAT_003580,DEV_004504,2026-04-07,2026-04-07
PAT_003581,DEV_004505,2026-02-23,2026-03-07
PAT_003581,DEV_004506,2026-04-24,2026-04-24
PAT_003582,DEV_004507,2025-10-26,2025-11-28
PAT_003582,DEV_004508,2025-12-10,2025-12-13
PAT_003583,DEV_004509,2025-08-05,2025-08-08
PAT_003583,DEV_004510,2025-06-24,2025-07-04
PAT_003584,DEV_004511,2026-04-15,2026-04-15
PAT_003585,DEV_004512,2025-12-24,2025-12-29
PAT_003585,DEV_004513,2025-11-18,2025-12-08
PAT_003586,DEV_004514,2026-04-05,2026-04-10
PAT_003587,DEV_004515,2025-08-22,2025-10-18
PAT_003588,DEV_004516,2025-10-23,2025-10-23
PAT_003589,DEV_004517,2026-04-26,2026-05-01
PAT_003590,DEV_004518,2025-09-01,2025-09-02
PAT_003591,DEV_004519,2025-08-12,2025-08-12
PAT_003592,DEV_004520,2025-07-11,2025-07-14
PAT_003593,DEV_004521,2025-08-21,2025-08-26
PAT_003594,DEV_004522,2025-12-27,2025-12-27
PAT_003595,DEV_004523,2025-10-27,2025-10-31
PAT_003596,DEV_004524,2025-09-23,2025-09-23
PAT_003597,DEV_004525,2025-08-02,2025-08-05
PAT_003598,DEV_004526,2026-03-22,2026-03-22
PAT_003599,DEV_004527,2026-01-17,2026-01-17
PAT_003600,DEV_004111,2025-09-19,2026-01-11
PAT_003601,DEV_004528,2026-02-21,2026-02-21
PAT_003601,DEV_004529,2025-12-12,2025-12-22
PAT_003602,DEV_004530,2025-09-08,2025-09-08
PAT_003603,DEV_004531,2025-12-28,2026-01-01
PAT_003604,DEV_004532,2025-08-13,2025-08-18
PAT_003605,DEV_004533,2025-09-27,2025-09-28
PAT_003606,DEV_004534,2026-04-10,2026-04-14
PAT_003607,DEV_004535,2025-09-29,2025-09-29
PAT_003608,DEV_004536,2025-12-19,2025-12-19
PAT_003609,DEV_004537,2025-11-06,2025-11-09
PAT_003610,DEV_004538,2025-10-23,2025-10-23
PAT_003611,DEV_004539,2025-08-02,2025-08-02
PAT_003612,DEV_004540,2025-08-31,2025-08-31
PAT_003612,DEV_004541,2025-06-24,2025-07-03
PAT_003613,DEV_004542,2025-08-13,2025-08-18
PAT_003614,DEV_004543,2026-01-14,2026-01-19
PAT_003615,DEV_003863,2026-04-11,2026-04-15
PAT_003616,DEV_004544,2025-07-27,2025-07-27
PAT_003617,DEV_004545,2025-10-22,2025-11-13
PAT_003617,DEV_004546,2025-11-23,2025-11-24
PAT_003618,DEV_004547,2026-01-20,2026-02-28
PAT_003618,DEV_004548,2026-03-27,2026-03-27
PAT_003619,DEV_004549,2026-01-28,2026-01-28
PAT_003620,DEV_004550,2025-08-21,2025-08-24
PAT_003621,DEV_004551,2025-12-25,2025-12-27
PAT_003621,DEV_004552,2025-12-03,2025-12-25
PAT_003622,DEV_004553,2025-10-01,2025-10-01
PAT_003623,DEV_004554,2025-09-27,2025-09-27
PAT_003624,DEV_004555,2025-11-06,2025-11-09
PAT_003624,DEV_004556,2025-08-13,2025-09-11
PAT_003625,DEV_004557,2025-12-25,2025-12-25
PAT_003626,DEV_003798,2026-01-13,2026-01-18
PAT_003627,DEV_004558,2025-10-09,2026-01-21
PAT_003628,DEV_002693,2026-03-01,2026-03-01
PAT_003629,DEV_004559,2025-11-09,2025-11-14
PAT_003630,DEV_004560,2026-03-17,2026-03-17
PAT_003631,DEV_004561,2025-12-12,2025-12-12
PAT_003632,DEV_004562,2026-02-25,2026-02-28
PAT_003632,DEV_004563,2026-04-03,2026-04-03
PAT_003633,DEV_004564,2026-01-09,2026-01-09
PAT_003634,DEV_004565,2025-09-15,2025-09-15
PAT_003635,DEV_004566,2026-02-01,2026-02-01
PAT_003635,DEV_004567,2025-11-28,2025-12-31
PAT_003636,DEV_004568,2025-07-27,2025-07-27
PAT_003637,DEV_004569,2025-08-17,2025-08-22
PAT_003638,DEV_004570,2025-09-28,2025-10-01
PAT_003638,DEV_004571,2025-09-10,2025-09-28
PAT_003639,DEV_004572,2026-02-20,2026-02-24
PAT_003639,DEV_004573,2026-03-11,2026-03-16
PAT_003640,DEV_004574,2025-12-16,2025-12-19
PAT_003641,DEV_004575,2026-01-15,2026-02-22
PAT_003641,DEV_004576,2026-02-22,2026-02-25
PAT_003642,DEV_004577,2025-08-24,2025-08-26
PAT_003642,DEV_004578,2025-12-17,2025-12-22
PAT_003643,DEV_004579,2026-01-19,2026-01-19
PAT_003644,DEV_004580,2026-02-07,2026-02-11
PAT_003645,DEV_004581,2025-07-28,2025-07-29
PAT_003646,DEV_004582,2025-07-20,2025-07-20
PAT_003647,DEV_004583,2025-11-06,2025-11-06
PAT_003647,DEV_004584,2025-08-17,2025-08-31
PAT_003648,DEV_004585,2026-03-02,2026-03-04
PAT_003649,DEV_004586,2025-12-05,2025-12-05
PAT_003650,DEV_004587,2026-02-14,2026-02-17
PAT_003651,DEV_004588,2026-01-20,2026-01-23
PAT_003652,DEV_004589,2025-11-01,2025-11-04
PAT_003652,DEV_004590,2025-08-23,2025-10-01
PAT_003653,DEV_004591,2025-09-09,2025-09-10
PAT_003654,DEV_004592,2025-08-29,2025-09-01
PAT_003655,DEV_004593,2025-07-26,2025-07-27
PAT_003656,DEV_004594,2025-11-09,2025-11-09
PAT_003657,DEV_004595,2025-12-12,2026-02-15
PAT_003658,DEV_004596,2025-08-03,2026-05-12
PAT_003659,DEV_004597,2025-11-19,2025-11-23
PAT_003660,DEV_004598,2025-07-24,2025-07-24
PAT_003661,DEV_004599,2025-08-01,2025-08-05
PAT_003662,DEV_004600,2025-11-22,2025-11-27
PAT_003663,DEV_004601,2026-04-24,2026-04-25
PAT_003664,DEV_004602,2026-04-05,2026-04-05
PAT_003664,DEV_004603,2026-01-25,2026-01-28
PAT_003665,DEV_004604,2026-03-30,2026-03-30
PAT_003666,DEV_004605,2025-11-17,2025-11-19
PAT_003666,DEV_004606,2025-09-13,2025-09-18
PAT_003667,DEV_004607,2025-10-02,2025-10-02
PAT_003668,DEV_004608,2026-01-27,2026-03-02
PAT_003668,DEV_004609,2026-03-08,2026-03-08
PAT_003669,DEV_004610,2026-01-02,2026-01-07
PAT_003670,DEV_004611,2025-09-27,2025-09-27
PAT_003670,DEV_004612,2025-09-02,2025-09-14
PAT_003671,DEV_004613,2026-02-19,2026-03-09
PAT_003671,DEV_004614,2026-03-09,2026-03-12
PAT_003672,DEV_004615,2025-08-24,2025-08-24
PAT_003672,DEV_004616,2025-12-03,2025-12-07
PAT_003673,DEV_004617,2026-01-16,2026-01-19
PAT_003674,DEV_004618,2025-11-10,2025-11-13
PAT_003675,DEV_004619,2026-04-30,2026-05-05
PAT_003676,DEV_004620,2025-09-03,2025-09-07
PAT_003676,DEV_004621,2026-02-17,2026-02-17
PAT_003677,DEV_004622,2025-12-24,2025-12-24
PAT_003677,DEV_004623,2025-09-30,2025-10-28
PAT_003678,DEV_004624,2025-09-24,2025-09-28
PAT_003678,DEV_004625,2025-10-11,2025-10-16
PAT_003679,DEV_004626,2026-02-06,2026-02-06
PAT_003680,DEV_004627,2025-10-06,2025-10-06
PAT_003681,DEV_004628,2025-09-17,2025-09-17
PAT_003682,DEV_004629,2025-08-26,2025-08-26
PAT_003682,DEV_004630,2025-07-20,2025-07-30
PAT_003683,DEV_000325,2025-09-28,2025-09-28
PAT_003684,DEV_004631,2025-11-20,2025-11-20
PAT_003685,DEV_004632,2025-11-29,2025-12-03
PAT_003686,DEV_004633,2025-08-06,2025-08-06
PAT_003686,DEV_004634,2025-06-28,2025-07-27
PAT_003687,DEV_004635,2026-01-03,2026-01-06
PAT_003687,DEV_004636,2025-10-14,2025-11-21
PAT_003688,DEV_004637,2026-04-09,2026-04-12
PAT_003689,DEV_004638,2026-02-16,2026-02-21
PAT_003690,DEV_004639,2025-07-30,2026-05-03
PAT_003690,DEV_004640,2025-06-24,2025-07-26
PAT_003691,DEV_004641,2025-07-06,2025-07-06
PAT_003691,DEV_004642,2025-05-26,2025-06-20
PAT_003692,DEV_004643,2026-03-10,2026-03-10
PAT_003692,DEV_004644,2026-02-09,2026-02-25
PAT_003693,DEV_004645,2025-11-08,2025-11-13
PAT_003694,DEV_004646,2025-10-16,2026-03-22
PAT_003694,DEV_004647,2025-09-12,2025-10-16
PAT_003695,DEV_004489,2025-07-06,2025-07-11
PAT_003696,DEV_004648,2026-01-12,2026-01-15
PAT_003696,DEV_004649,2025-11-02,2025-12-07
PAT_003697,DEV_004650,2025-11-16,2025-11-27
PAT_003697,DEV_004651,2026-02-10,2026-02-10
PAT_003698,DEV_004652,2026-01-17,2026-01-20
PAT_003699,DEV_004653,2026-04-01,2026-04-06
PAT_003700,DEV_004654,2026-03-19,2026-03-19
PAT_003701,DEV_004655,2026-02-01,2026-02-04
PAT_003702,DEV_004656,2026-04-04,2026-04-09
PAT_003703,DEV_004657,2026-04-24,2026-04-24
PAT_003703,DEV_004658,2026-02-09,2026-03-13
PAT_003704,DEV_004659,2025-12-02,2025-12-07
PAT_003705,DEV_004660,2025-07-09,2026-02-24
PAT_003706,DEV_004661,2025-08-22,2025-08-23
PAT_003707,DEV_004662,2025-10-01,2025-10-01
PAT_003708,DEV_004663,2026-01-15,2026-01-21
PAT_003709,DEV_004664,2026-01-31,2026-01-31
PAT_003709,DEV_004665,2025-12-07,2025-12-26
PAT_003710,DEV_004666,2026-02-02,2026-02-02
PAT_003711,DEV_004667,2025-11-24,2025-11-29
PAT_003712,DEV_004668,2025-11-19,2025-11-20
PAT_003713,DEV_004669,2025-12-21,2025-12-21
PAT_003714,DEV_004670,2025-12-31,2025-12-31
PAT_003715,DEV_004671,2026-01-01,2026-01-01
PAT_003716,DEV_004672,2025-10-26,2025-10-26
PAT_003717,DEV_004673,2025-10-29,2025-11-01
PAT_003718,DEV_004674,2025-05-08,2025-05-12
PAT_003718,DEV_004675,2025-07-17,2025-07-20
PAT_003719,DEV_004676,2026-03-26,2026-03-26
PAT_003720,DEV_004677,2026-01-15,2026-03-30
PAT_003721,DEV_004678,2025-09-03,2025-12-07
PAT_003722,DEV_004679,2025-10-24,2025-10-25
PAT_003723,DEV_004680,2026-01-01,2026-01-28
PAT_003723,DEV_004681,2026-02-02,2026-02-02
PAT_003724,DEV_004682,2025-10-06,2026-01-06
PAT_003725,DEV_004683,2025-12-20,2025-12-22
PAT_003726,DEV_004684,2025-10-22,2025-10-23
PAT_003727,DEV_004685,2026-01-01,2026-01-01
PAT_003728,DEV_002910,2026-01-22,2026-01-25
PAT_003728,DEV_004686,2026-01-17,2026-01-20
PAT_003729,DEV_004687,2026-04-07,2026-04-09
PAT_003730,DEV_004688,2025-10-08,2025-10-08
PAT_003731,DEV_004689,2025-11-07,2025-11-11
PAT_003731,DEV_004690,2026-01-11,2026-01-16
PAT_003732,DEV_004691,2026-05-03,2026-05-03
PAT_003732,DEV_004692,2026-04-13,2026-04-24
PAT_003733,DEV_004693,2025-05-18,2025-06-14
PAT_003733,DEV_004694,2025-07-08,2025-07-09
PAT_003734,DEV_004695,2025-09-24,2025-09-25
PAT_003735,DEV_004696,2025-11-06,2025-11-25
PAT_003735,DEV_004697,2025-11-29,2025-12-04
PAT_003736,DEV_004698,2026-04-11,2026-04-15
PAT_003737,DEV_004699,2025-12-28,2026-01-01
PAT_003737,DEV_004700,2025-11-28,2025-12-04
PAT_003738,DEV_004701,2026-05-11,2026-05-14
PAT_003739,DEV_004702,2026-04-01,2026-04-01
PAT_003740,DEV_004703,2025-07-13,2025-07-13
PAT_003741,DEV_004704,2026-03-31,2026-04-05
PAT_003742,DEV_004705,2025-08-05,2025-08-09
PAT_003743,DEV_004706,2025-10-15,2025-10-17
PAT_003744,DEV_001970,2026-04-03,2026-04-05
PAT_003744,DEV_004707,2026-02-21,2026-03-23
PAT_003745,DEV_004708,2025-12-23,2025-12-28
PAT_003746,DEV_004709,2026-04-26,2026-04-26
PAT_003747,DEV_004710,2026-05-10,2026-05-10
PAT_003748,DEV_004711,2026-01-13,2026-02-04
PAT_003748,DEV_004712,2026-02-07,2026-02-10
PAT_003749,DEV_004713,2025-10-17,2025-10-17
PAT_003749,DEV_004714,2025-08-31,2025-09-06
PAT_003750,DEV_004715,2025-08-07,2025-08-07
PAT_003750,DEV_004716,2025-07-03,2025-08-05
PAT_003751,DEV_004717,2025-12-04,2025-12-04
PAT_003752,DEV_004718,2025-08-21,2026-03-11
PAT_003753,DEV_004719,2026-01-23,2026-02-13
PAT_003753,DEV_004720,2026-02-13,2026-02-15
PAT_003754,DEV_004721,2026-03-13,2026-03-17
PAT_003754,DEV_004722,2026-01-19,2026-01-26
PAT_003755,DEV_004723,2026-01-15,2026-01-18
PAT_003756,DEV_004724,2025-09-23,2025-09-23
PAT_003756,DEV_004725,2025-07-17,2025-07-21
PAT_003757,DEV_004726,2025-08-23,2025-08-23
PAT_003758,DEV_004727,2026-01-09,2026-01-14
PAT_003759,DEV_004728,2026-02-26,2026-02-27
PAT_003759,DEV_004729,2025-12-27,2026-01-11
PAT_003760,DEV_004730,2025-10-09,2025-11-12
PAT_003760,DEV_004731,2025-12-07,2025-12-10
PAT_003761,DEV_004732,2025-10-12,2025-10-24
PAT_003761,DEV_004733,2025-12-19,2025-12-19
PAT_003762,DEV_004734,2025-08-29,2026-02-03
PAT_003763,DEV_004735,2025-07-09,2025-07-09
PAT_003764,DEV_004736,2025-08-03,2025-09-01
PAT_003765,DEV_004737,2025-08-11,2025-08-11
PAT_003766,DEV_004738,2025-07-03,2025-07-07
PAT_003767,DEV_002833,2025-08-02,2025-08-05
PAT_003768,DEV_004739,2026-01-05,2026-01-10
PAT_003769,DEV_004740,2026-03-04,2026-03-04
PAT_003770,DEV_004741,2025-10-17,2025-10-17
PAT_003771,DEV_004742,2026-01-28,2026-01-30
PAT_003772,DEV_004743,2026-03-30,2026-04-03
PAT_003773,DEV_004744,2025-08-30,2025-08-30
PAT_003773,DEV_004745,2025-06-24,2025-07-17
PAT_003774,DEV_004746,2025-07-17,2025-07-23
PAT_003774,DEV_004747,2025-09-30,2025-10-04
PAT_003775,DEV_004748,2026-01-10,2026-01-10
PAT_003776,DEV_004749,2025-09-06,2025-09-08
PAT_003777,DEV_004750,2025-08-06,2025-08-09
PAT_003778,DEV_004751,2026-02-02,2026-02-02
PAT_003779,DEV_004752,2026-04-04,2026-04-04
PAT_003780,DEV_003415,2025-07-03,2025-07-08
PAT_003781,DEV_003633,2025-10-19,2025-11-05
PAT_003781,DEV_004753,2025-12-20,2025-12-22
PAT_003782,DEV_004754,2026-03-04,2026-03-05
PAT_003783,DEV_004755,2026-01-03,2026-01-06
PAT_003784,DEV_004756,2025-11-11,2025-11-18
PAT_003785,DEV_004757,2025-07-09,2025-07-12
PAT_003785,DEV_004758,2025-05-06,2025-06-03
PAT_003786,DEV_004759,2025-09-18,2025-09-22
PAT_003787,DEV_004760,2025-10-30,2025-11-03
PAT_003788,DEV_004761,2025-11-09,2025-11-11
PAT_003788,DEV_004762,2025-08-25,2025-10-01
PAT_003789,DEV_004763,2026-05-06,2026-05-11
PAT_003789,DEV_004764,2026-03-17,2026-03-31
PAT_003790,DEV_004765,2025-09-17,2025-09-22
PAT_003791,DEV_004766,2025-12-29,2025-12-29
PAT_003792,DEV_004767,2026-04-02,2026-04-02
PAT_003792,DEV_004768,2026-02-23,2026-03-04
PAT_003793,DEV_004769,2025-07-10,2025-07-10
PAT_003794,DEV_004770,2026-01-01,2026-01-06
PAT_003795,DEV_004771,2025-11-23,2025-11-23
PAT_003795,DEV_004772,2025-09-20,2025-10-29
PAT_003796,DEV_004773,2025-08-24,2025-08-27
PAT_003796,DEV_004774,2025-11-22,2025-11-23
PAT_003797,DEV_004775,2025-05-30,2025-06-12
PAT_003797,DEV_004776,2025-08-17,2025-08-22
PAT_003798,DEV_004777,2026-01-26,2026-01-31
PAT_003798,DEV_004778,2025-10-28,2025-11-17
PAT_003799,DEV_004779,2026-03-04,2026-03-08
PAT_003799,DEV_004780,2025-12-19,2026-01-08
PAT_003800,DEV_004781,2025-12-04,2025-12-07
PAT_003801,DEV_004782,2026-02-28,2026-02-28
PAT_003802,DEV_004433,2025-11-09,2025-11-12
PAT_003803,DEV_004783,2025-07-25,2025-07-30
PAT_003804,DEV_002959,2026-02-28,2026-02-28
PAT_003805,DEV_004784,2026-01-10,2026-01-13
PAT_003806,DEV_004785,2025-09-23,2025-09-27
PAT_003807,DEV_004786,2026-03-25,2026-03-25
PAT_003808,DEV_004787,2026-04-30,2026-05-05
PAT_003809,DEV_004788,2026-02-12,2026-03-10
PAT_003809,DEV_004789,2026-03-10,2026-03-12
PAT_003810,DEV_004790,2026-02-28,2026-03-05
PAT_003811,DEV_004791,2025-08-16,2025-08-20
PAT_003812,DEV_004792,2026-01-19,2026-02-18
PAT_003812,DEV_004793,2026-02-22,2026-02-24
PAT_003813,DEV_004794,2025-09-27,2025-09-27
PAT_003813,DEV_004795,2025-08-23,2025-09-03
PAT_003814,DEV_004796,2025-07-11,2025-07-14
PAT_003815,DEV_004797,2025-12-08,2025-12-08
PAT_003816,DEV_004798,2025-11-14,2025-12-21
PAT_003816,DEV_004799,2026-01-16,2026-01-18
PAT_003817,DEV_004800,2025-08-26,2025-08-28
PAT_003818,DEV_004801,2025-10-26,2025-11-07
PAT_003818,DEV_004802,2025-12-16,2025-12-18
PAT_003819,DEV_004803,2025-12-15,2025-12-15
PAT_003820,DEV_004804,2025-08-03,2025-08-08
PAT_003821,DEV_004805,2025-07-22,2025-07-26
PAT_003821,DEV_004806,2025-05-19,2025-06-18
PAT_003822,DEV_004807,2026-02-10,2026-02-14
PAT_003822,DEV_004808,2026-04-10,2026-04-10
PAT_003823,DEV_004809,2025-07-30,2025-08-28
PAT_003823,DEV_004810,2025-08-30,2025-09-04
PAT_003824,DEV_004811,2025-08-04,2026-02-17
PAT_003825,DEV_004812,2025-12-31,2026-01-04
PAT_003826,DEV_004813,2026-03-02,2026-03-02
PAT_003827,DEV_004814,2025-12-26,2026-03-23
PAT_003828,DEV_004815,2025-10-24,2025-10-24
PAT_003829,DEV_004816,2025-11-04,2025-12-08
PAT_003829,DEV_004817,2025-09-08,2025-10-08
PAT_003830,DEV_004818,2025-09-11,2025-09-15
PAT_003831,DEV_004819,2025-09-07,2025-10-05
PAT_003831,DEV_004820,2025-11-04,2025-11-07
PAT_003832,DEV_002717,2026-01-30,2026-02-03
PAT_003832,DEV_004821,2025-11-29,2025-12-21
PAT_003833,DEV_004822,2025-09-09,2025-09-14
PAT_003833,DEV_004823,2025-07-17,2025-08-17
PAT_003834,DEV_004824,2026-01-09,2026-01-09
PAT_003835,DEV_004825,2025-12-21,2025-12-25
PAT_003836,DEV_004826,2026-01-20,2026-02-13
PAT_003836,DEV_004827,2026-02-22,2026-02-23
PAT_003837,DEV_004828,2025-08-07,2025-08-07
PAT_003838,DEV_004829,2026-03-25,2026-03-25
PAT_003839,DEV_004830,2025-09-01,2025-09-01
PAT_003840,DEV_004831,2026-04-29,2026-04-29
PAT_003841,DEV_004832,2026-02-14,2026-02-17
PAT_003842,DEV_004833,2025-12-02,2026-04-19
PAT_003843,DEV_004834,2025-08-14,2025-09-21
PAT_003844,DEV_004835,2025-10-03,2025-10-03
PAT_003844,DEV_004836,2025-09-12,2025-09-15
PAT_003845,DEV_004837,2026-05-08,2026-05-12
PAT_003845,DEV_004838,2026-04-18,2026-04-20
PAT_003846,DEV_004839,2025-09-11,2025-09-12
PAT_003847,DEV_004840,2026-04-14,2026-04-14
PAT_003847,DEV_004841,2026-03-30,2026-04-14
PAT_003848,DEV_004709,2025-08-03,2026-03-27
PAT_003849,DEV_004842,2025-09-10,2026-03-30
PAT_003850,DEV_004843,2025-10-28,2025-10-28
PAT_003851,DEV_004844,2025-09-08,2025-09-12
PAT_003852,DEV_004845,2025-09-02,2025-09-04
PAT_003853,DEV_004846,2025-12-01,2025-12-03
PAT_003854,DEV_003698,2026-03-05,2026-03-07
PAT_003855,DEV_004847,2025-05-16,2025-06-01
PAT_003855,DEV_004848,2025-07-02,2025-07-05
PAT_003856,DEV_002009,2025-11-04,2025-11-04
PAT_003857,DEV_004849,2025-10-25,2025-10-25
PAT_003858,DEV_004850,2025-11-17,2025-11-18
PAT_003858,DEV_004851,2026-01-11,2026-01-11
PAT_003859,DEV_004852,2025-07-19,2025-07-22
PAT_003860,DEV_004853,2025-12-24,2025-12-24
PAT_003861,DEV_004854,2026-02-26,2026-02-28
PAT_003862,DEV_004855,2025-12-04,2025-12-04
PAT_003863,DEV_004856,2026-02-23,2026-02-23
PAT_003864,DEV_004857,2025-09-24,2025-10-14
PAT_003865,DEV_004858,2026-04-22,2026-04-22
PAT_003866,DEV_004859,2025-11-13,2025-11-13
PAT_003867,DEV_004860,2025-07-04,2025-07-04
PAT_003868,DEV_004861,2025-09-27,2025-10-31
PAT_003868,DEV_004862,2025-12-10,2025-12-12
PAT_003869,DEV_004863,2025-08-25,2025-08-30
PAT_003870,DEV_004864,2025-07-14,2025-07-29
PAT_003870,DEV_004865,2025-09-23,2025-09-27
PAT_003871,DEV_002890,2025-12-10,2025-12-15
PAT_003871,DEV_004866,2026-01-14,2026-01-14
PAT_003872,DEV_004867,2025-07-10,2025-07-12
PAT_003873,DEV_004868,2025-07-21,2025-07-23
PAT_003873,DEV_004869,2025-06-11,2025-07-19
PAT_003874,DEV_004870,2025-11-14,2025-12-05
PAT_003874,DEV_004871,2026-01-14,2026-01-19
PAT_003875,DEV_004872,2025-11-23,2025-11-28
PAT_003876,DEV_004873,2025-11-10,2025-11-10
PAT_003877,DEV_004874,2025-08-13,2025-09-19
PAT_003877,DEV_004875,2025-10-24,2025-10-27
PAT_003878,DEV_004876,2026-03-15,2026-03-19
PAT_003879,DEV_004877,2026-03-06,2026-03-09
PAT_003880,DEV_004878,2026-05-10,2026-05-10
PAT_003881,DEV_004879,2025-09-22,2025-09-22
PAT_003882,DEV_004880,2025-12-30,2025-12-31
PAT_003882,DEV_004881,2025-10-06,2025-10-19
PAT_003883,DEV_004882,2025-07-13,2025-10-07
PAT_003884,DEV_004883,2025-12-12,2025-12-15
PAT_003885,DEV_004884,2025-10-08,2025-10-13
PAT_003885,DEV_004885,2025-08-05,2025-08-07
PAT_003886,DEV_004886,2025-10-23,2025-10-27
PAT_003887,DEV_004887,2025-07-29,2025-08-03
PAT_003888,DEV_004888,2026-04-26,2026-04-27
PAT_003889,DEV_004889,2026-01-10,2026-03-29
PAT_003890,DEV_001264,2026-03-09,2026-03-14
PAT_003891,DEV_004890,2025-08-11,2025-08-11
PAT_003892,DEV_004891,2025-10-02,2025-10-06
PAT_003893,DEV_004892,2025-12-27,2025-12-31
PAT_003894,DEV_004893,2025-11-17,2026-01-06
PAT_003895,DEV_004894,2026-04-30,2026-05-05
PAT_003895,DEV_004895,2026-01-30,2026-03-01
PAT_003896,DEV_004896,2025-09-17,2025-09-20
PAT_003897,DEV_004897,2026-04-06,2026-04-09
PAT_003898,DEV_004898,2026-02-13,2026-02-13
PAT_003899,DEV_004899,2026-02-08,2026-02-11
PAT_003900,DEV_004900,2026-04-14,2026-04-19
PAT_003900,DEV_004901,2026-02-18,2026-03-16
PAT_003901,DEV_003262,2025-10-18,2025-10-21
PAT_003902,DEV_004902,2025-11-18,2025-11-23
PAT_003903,DEV_004903,2025-12-28,2025-12-28
PAT_003904,DEV_004904,2026-02-18,2026-02-18
PAT_003905,DEV_004905,2025-12-20,2025-12-21
PAT_003906,DEV_004906,2025-10-01,2025-10-03
PAT_003907,DEV_004907,2025-09-20,2025-09-24
PAT_003908,DEV_004908,2025-11-09,2025-11-13
PAT_003909,DEV_004909,2025-11-16,2025-11-18
PAT_003910,DEV_004910,2025-10-18,2026-05-13
PAT_003911,DEV_004911,2025-07-27,2025-07-27
PAT_003912,DEV_004912,2025-12-31,2026-01-01
PAT_003912,DEV_004913,2025-10-20,2025-11-28
PAT_003913,DEV_004914,2026-01-26,2026-01-26
PAT_003913,DEV_004915,2025-11-12,2025-12-06
PAT_003914,DEV_004916,2025-09-06,2025-10-13
PAT_003914,DEV_004917,2025-11-18,2025-11-18
PAT_003915,DEV_004918,2026-04-05,2026-04-05
PAT_003916,DEV_001288,2026-01-30,2026-02-04
PAT_003917,DEV_004919,2025-09-29,2025-11-04
PAT_003917,DEV_004920,2025-12-23,2025-12-23
PAT_003918,DEV_004921,2026-04-11,2026-04-11
PAT_003919,DEV_004922,2026-04-01,2026-04-06
PAT_003919,DEV_004923,2026-05-10,2026-05-11
PAT_003920,DEV_004924,2026-03-27,2026-03-27
PAT_003921,DEV_004925,2025-08-23,2025-08-28
PAT_003922,DEV_004926,2025-11-28,2025-12-03
PAT_003923,DEV_004927,2025-10-02,2025-10-05
PAT_003924,DEV_004928,2025-09-27,2025-12-03
PAT_003925,DEV_004929,2026-03-30,2026-04-04
PAT_003926,DEV_004930,2025-08-17,2025-08-24
PAT_003926,DEV_004931,2025-09-06,2025-09-06
PAT_003927,DEV_004932,2026-04-27,2026-05-01
PAT_003928,DEV_004933,2026-02-04,2026-02-05
PAT_003929,DEV_004934,2026-04-05,2026-04-07
PAT_003930,DEV_004935,2025-08-31,2025-08-31
PAT_003931,DEV_004936,2025-06-03,2025-07-05
PAT_003931,DEV_004937,2025-07-05,2025-07-05
PAT_003932,DEV_004938,2025-11-13,2025-11-15
PAT_003933,DEV_004939,2025-08-23,2025-08-23
PAT_003934,DEV_004940,2025-09-14,2025-09-19
PAT_003935,DEV_003765,2026-01-30,2026-02-02
PAT_003936,DEV_004941,2025-10-24,2025-10-24
PAT_003937,DEV_004942,2026-02-17,2026-02-17
PAT_003938,DEV_004943,2025-12-02,2025-12-02
PAT_003939,DEV_004944,2026-01-20,2026-01-20
PAT_003940,DEV_004162,2025-08-26,2025-08-29
PAT_003941,DEV_004945,2025-09-23,2025-11-03
PAT_003942,DEV_004946,2025-09-04,2025-09-06
PAT_003942,DEV_004947,2025-06-21,2025-07-06
PAT_003943,DEV_004948,2025-11-13,2025-11-18
PAT_003943,DEV_004949,2025-10-30,2025-11-12
PAT_003944,DEV_004950,2025-07-18,2025-08-17
PAT_003944,DEV_004951,2025-09-24,2025-09-24
PAT_003945,DEV_004952,2026-04-19,2026-04-19
PAT_003946,DEV_003163,2025-09-29,2025-10-02
PAT_003947,DEV_004953,2025-09-24,2025-09-24
PAT_003948,DEV_004954,2025-10-06,2025-10-11
PAT_003949,DEV_004955,2025-09-02,2025-09-05
PAT_003950,DEV_003253,2025-08-01,2025-08-06
PAT_003951,DEV_004956,2025-09-04,2025-09-04
PAT_003952,DEV_004957,2025-07-28,2025-07-30
PAT_003953,DEV_004958,2025-05-20,2025-06-16
PAT_003953,DEV_004959,2025-07-19,2025-07-19
PAT_003954,DEV_004960,2025-07-30,2025-08-04
PAT_003954,DEV_004961,2025-05-27,2025-06-26
PAT_003955,DEV_003093,2025-11-21,2025-11-21
PAT_003956,DEV_004962,2025-09-08,2025-09-10
PAT_003957,DEV_004963,2025-09-26,2025-09-26
PAT_003958,DEV_004964,2025-11-11,2025-11-11
PAT_003959,DEV_004965,2025-07-23,2025-11-06
PAT_003960,DEV_004966,2025-11-02,2025-11-10
PAT_003960,DEV_004967,2025-12-13,2025-12-15
PAT_003961,DEV_004968,2026-01-03,2026-01-03
PAT_003961,DEV_004969,2025-12-05,2025-12-22
PAT_003962,DEV_004970,2025-10-11,2025-10-11
PAT_003963,DEV_004971,2025-08-07,2025-08-11
PAT_003964,DEV_004972,2025-10-27,2025-10-28
PAT_003965,DEV_004973,2025-08-30,2025-09-03
PAT_003965,DEV_004974,2025-09-18,2025-10-01
PAT_003966,DEV_004975,2026-03-13,2026-03-13
PAT_003967,DEV_004976,2025-11-14,2025-11-17
PAT_003968,DEV_004977,2025-08-14,2025-08-19
PAT_003969,DEV_004978,2025-07-24,2025-07-27
PAT_003970,DEV_000834,2025-09-15,2025-09-15
PAT_003971,DEV_004979,2025-08-01,2025-08-01
PAT_003972,DEV_004980,2025-08-13,2025-08-13
PAT_003973,DEV_004981,2025-11-19,2025-11-22
PAT_003974,DEV_004982,2025-12-06,2025-12-06
PAT_003975,DEV_004983,2025-05-11,2025-06-11
PAT_003975,DEV_004984,2025-07-28,2025-07-28
PAT_003976,DEV_004985,2025-10-28,2025-10-28
PAT_003977,DEV_004986,2025-09-19,2025-09-20
PAT_003978,DEV_004987,2026-03-26,2026-03-27
PAT_003979,DEV_004988,2025-08-23,2025-08-24
PAT_003980,DEV_004989,2025-09-05,2025-09-05
PAT_003981,DEV_004990,2025-09-27,2025-10-19
PAT_003981,DEV_004991,2025-12-06,2025-12-06
PAT_003982,DEV_002482,2025-07-30,2025-07-30
PAT_003983,DEV_004992,2025-07-27,2025-11-14
PAT_003984,DEV_004993,2026-01-29,2026-01-31
PAT_003985,DEV_004994,2026-02-13,2026-02-13
PAT_003986,DEV_004995,2026-01-20,2026-01-23
PAT_003987,DEV_004996,2025-11-08,2025-11-11
PAT_003988,DEV_004997,2026-01-29,2026-02-21
PAT_003988,DEV_004998,2026-02-21,2026-02-25
PAT_003989,DEV_004999,2025-11-12,2025-11-12
PAT_003990,DEV_005000,2025-10-23,2025-10-26
PAT_003990,DEV_005001,2025-09-05,2025-09-15
PAT_003991,DEV_005002,2025-10-04,2025-10-06
PAT_003992,DEV_005003,2025-12-03,2026-03-14
PAT_003993,DEV_005004,2026-03-22,2026-03-22
PAT_003994,DEV_005005,2026-01-22,2026-01-22
PAT_003995,DEV_005006,2025-08-20,2025-08-24
PAT_003996,DEV_003349,2025-09-01,2025-09-02
PAT_003997,DEV_005007,2026-01-07,2026-01-07
PAT_003998,DEV_005008,2025-10-31,2025-11-02
PAT_003999,DEV_005009,2026-04-06,2026-04-09
PAT_003999,DEV_005010,2026-03-03,2026-03-09
PAT_004000,DEV_005011,2025-12-31,2026-01-03
PAT_004001,DEV_005012,2025-11-11,2025-11-15
PAT_004001,DEV_005013,2025-09-26,2025-10-21
PAT_004002,DEV_005014,2025-08-18,2025-08-20
PAT_004003,DEV_002156,2025-07-30,2025-07-30
PAT_004004,DEV_000797,2025-07-26,2025-07-27
PAT_004004,DEV_005015,2025-07-07,2025-07-10
PAT_004005,DEV_005016,2025-07-04,2025-07-04
PAT_004006,DEV_005017,2025-12-28,2026-01-13
PAT_004006,DEV_005018,2026-03-22,2026-03-22
PAT_004007,DEV_005019,2026-02-05,2026-02-22
PAT_004007,DEV_005020,2026-03-27,2026-03-27
PAT_004008,DEV_005021,2025-11-07,2025-11-07
PAT_004009,DEV_005022,2026-03-17,2026-03-21
PAT_004010,DEV_005023,2026-01-11,2026-01-16
PAT_004011,DEV_005024,2025-07-14,2025-07-18
PAT_004012,DEV_005025,2026-04-17,2026-04-17
PAT_004013,DEV_005026,2025-12-16,2025-12-21
PAT_004013,DEV_005027,2025-10-05,2025-11-11
PAT_004014,DEV_005028,2026-05-10,2026-05-10
PAT_004015,DEV_005029,2025-08-15,2025-08-19
PAT_004016,DEV_005030,2025-09-13,2025-09-17
PAT_004017,DEV_005031,2025-10-03,2026-01-25
PAT_004018,DEV_005032,2025-07-17,2025-07-20
PAT_004019,DEV_005033,2025-09-23,2025-09-28
PAT_004020,DEV_005034,2025-08-27,2025-08-29
PAT_004021,DEV_005035,2026-04-23,2026-04-26
PAT_004021,DEV_005036,2026-01-24,2026-01-31
PAT_004022,DEV_005037,2025-09-29,2025-10-21
PAT_004022,DEV_005038,2025-12-14,2025-12-18
PAT_004023,DEV_005039,2025-11-03,2026-03-16
PAT_004024,DEV_005040,2025-07-28,2025-08-01
PAT_004025,DEV_005041,2025-08-04,2025-08-04
PAT_004026,DEV_005042,2025-11-09,2025-11-09
PAT_004026,DEV_005043,2025-10-04,2025-10-25
PAT_004027,DEV_005044,2026-05-09,2026-05-12
PAT_004028,DEV_005045,2026-05-11,2026-05-12
PAT_004029,DEV_000026,2025-11-05,2025-11-05
PAT_004030,DEV_005046,2025-08-05,2025-08-22
PAT_004030,DEV_005047,2025-10-04,2025-10-07
PAT_004031,DEV_005048,2025-08-21,2025-08-25
PAT_004032,DEV_005049,2025-08-08,2025-08-08
PAT_004033,DEV_005050,2025-12-28,2025-12-28
PAT_004034,DEV_005051,2025-08-16,2025-08-18
PAT_004035,DEV_005052,2025-07-02,2025-07-02
PAT_004036,DEV_002461,2025-09-04,2025-09-04
PAT_004036,DEV_005053,2025-07-06,2025-07-23
PAT_004037,DEV_005054,2026-04-11,2026-04-11
PAT_004037,DEV_005055,2026-01-16,2026-02-16
PAT_004038,DEV_005056,2025-07-23,2025-07-27
PAT_004039,DEV_005057,2025-11-06,2025-11-06
PAT_004040,DEV_005058,2026-01-06,2026-01-06
PAT_004040,DEV_005059,2025-11-27,2025-12-11
PAT_004041,DEV_005060,2025-06-26,2025-07-18
PAT_004041,DEV_005061,2025-08-26,2025-08-26
PAT_004042,DEV_005062,2025-12-18,2025-12-22
PAT_004043,DEV_005063,2025-12-17,2025-12-20
PAT_004044,DEV_005064,2025-08-08,2025-08-12
PAT_004044,DEV_005065,2025-07-03,2025-07-09
PAT_004045,DEV_005066,2025-08-07,2025-08-07
PAT_004046,DEV_005067,2025-08-30,2025-08-30
PAT_004047,DEV_005068,2025-08-16,2025-09-04
PAT_004047,DEV_005069,2025-10-27,2025-11-01
PAT_004048,DEV_005070,2025-11-17,2025-11-17
PAT_004049,DEV_005071,2025-08-19,2025-08-19
PAT_004050,DEV_005072,2026-05-01,2026-05-04
PAT_004051,DEV_005073,2025-09-05,2025-09-10
PAT_004052,DEV_005074,2026-02-09,2026-03-19
PAT_004052,DEV_005075,2026-04-15,2026-04-15
PAT_004053,DEV_005076,2025-07-01,2025-07-01
PAT_004054,DEV_005077,2026-03-30,2026-03-30
PAT_004055,DEV_005078,2025-12-12,2025-12-16
PAT_004056,DEV_005079,2025-12-05,2025-12-07
PAT_004057,DEV_005080,2026-05-07,2026-05-09
PAT_004058,DEV_005081,2025-10-24,2025-11-20
PAT_004058,DEV_005082,2025-12-08,2025-12-13
PAT_004059,DEV_005083,2025-07-26,2025-07-31
PAT_004059,DEV_005084,2025-10-24,2025-10-27
PAT_004060,DEV_005085,2025-09-11,2025-09-12
PAT_004061,DEV_005086,2025-12-24,2025-12-24
PAT_004062,DEV_005087,2025-12-15,2025-12-19
PAT_004063,DEV_005088,2026-02-19,2026-02-22
PAT_004064,DEV_002522,2026-03-23,2026-03-27
PAT_004065,DEV_005089,2025-07-29,2025-08-24
PAT_004065,DEV_005090,2025-09-30,2025-09-30
PAT_004066,DEV_005091,2026-05-06,2026-05-06
PAT_004066,DEV_005092,2026-03-19,2026-04-10
PAT_004067,DEV_005093,2025-11-25,2025-12-21
PAT_004067,DEV_005094,2026-01-13,2026-01-18
PAT_004068,DEV_005095,2025-08-11,2025-08-11
PAT_004068,DEV_005096,2025-07-10,2025-08-11
PAT_004069,DEV_005097,2025-12-28,2026-01-04
PAT_004069,DEV_005098,2026-02-19,2026-02-19
PAT_004070,DEV_005099,2025-08-20,2025-08-25
PAT_004070,DEV_005100,2025-06-17,2025-07-02
PAT_004071,DEV_005101,2025-09-26,2025-10-18
PAT_004071,DEV_005102,2025-11-08,2025-11-08
PAT_004072,DEV_005103,2026-04-29,2026-04-29
PAT_004072,DEV_005104,2026-03-13,2026-04-15
PAT_004073,DEV_005105,2025-11-07,2025-11-10
PAT_004074,DEV_005106,2025-08-07,2025-08-07
PAT_004075,DEV_005107,2025-05-13,2025-05-15
PAT_004075,DEV_005108,2025-07-28,2025-07-31
PAT_004076,DEV_005109,2026-02-27,2026-03-03
PAT_004077,DEV_005110,2025-12-29,2026-01-01
PAT_004078,DEV_005111,2026-01-19,2026-01-23
PAT_004079,DEV_005112,2026-02-24,2026-02-24
PAT_004079,DEV_005113,2025-12-19,2026-01-27
PAT_004080,DEV_005114,2025-07-14,2025-07-16
PAT_004080,DEV_005115,2025-10-04,2025-10-07
PAT_004081,DEV_005116,2025-07-31,2025-08-04
PAT_004082,DEV_005117,2026-03-04,2026-04-01
PAT_004082,DEV_005118,2026-04-10,2026-04-10
PAT_004083,DEV_005119,2025-07-20,2025-07-20
PAT_004084,DEV_005120,2026-04-09,2026-04-13
PAT_004085,DEV_005121,2026-04-26,2026-04-29
PAT_004086,DEV_005122,2026-02-22,2026-02-26
PAT_004087,DEV_005123,2025-10-02,2025-10-02
PAT_004088,DEV_005124,2025-10-19,2025-10-23
PAT_004088,DEV_005125,2025-08-23,2025-08-25
PAT_004089,DEV_005126,2026-01-04,2026-01-04
PAT_004089,DEV_005127,2025-11-04,2025-11-13
PAT_004090,DEV_005128,2026-01-06,2026-01-08
PAT_004091,DEV_005129,2026-03-02,2026-03-03
PAT_004092,DEV_005130,2025-11-12,2025-11-12
PAT_004093,DEV_005131,2026-04-12,2026-04-16
PAT_004094,DEV_005132,2025-09-03,2025-09-04
PAT_004095,DEV_005133,2026-04-29,2026-04-30
PAT_004096,DEV_005134,2026-04-01,2026-04-01
PAT_004096,DEV_005135,2026-01-06,2026-01-07
PAT_004097,DEV_005136,2025-07-27,2025-07-29
PAT_004098,DEV_005137,2026-02-21,2026-02-21
PAT_004099,DEV_005138,2026-02-20,2026-03-15
PAT_004099,DEV_005139,2026-03-22,2026-03-22
PAT_004100,DEV_005140,2026-03-07,2026-03-07
PAT_004101,DEV_005141,2025-09-16,2025-09-16
PAT_004102,DEV_005142,2026-01-04,2026-01-16
PAT_004102,DEV_005143,2026-02-03,2026-02-03
PAT_004103,DEV_005144,2026-02-04,2026-03-14
PAT_004103,DEV_005145,2026-03-25,2026-03-25
PAT_004104,DEV_005146,2026-02-25,2026-03-01
PAT_004105,DEV_003452,2025-08-26,2026-04-24
PAT_004106,DEV_005147,2025-12-26,2025-12-31
PAT_004107,DEV_005148,2026-04-20,2026-04-22
PAT_004107,DEV_005149,2026-03-27,2026-04-07
PAT_004108,DEV_005150,2026-01-05,2026-01-06
PAT_004109,DEV_005151,2025-09-05,2025-11-18
PAT_004110,DEV_005152,2025-07-12,2025-07-15
PAT_004111,DEV_004208,2025-10-23,2025-10-24
PAT_004112,DEV_005153,2025-10-30,2025-11-01
PAT_004112,DEV_005154,2025-09-04,2025-10-07
PAT_004113,DEV_005155,2025-07-24,2025-07-29
PAT_004114,DEV_005156,2026-01-02,2026-01-02
PAT_004115,DEV_005157,2026-01-19,2026-01-19
PAT_004116,DEV_005158,2025-11-26,2025-11-26
PAT_004117,DEV_005159,2025-08-27,2025-08-27
PAT_004118,DEV_005160,2025-10-15,2025-10-17
PAT_004119,DEV_005161,2025-09-29,2025-10-04
PAT_004120,DEV_005162,2025-10-16,2025-10-19
PAT_004121,DEV_005163,2026-01-01,2026-01-06
PAT_004122,DEV_005164,2025-07-06,2025-07-06
PAT_004122,DEV_005165,2025-05-18,2025-06-04
PAT_004123,DEV_005166,2026-03-26,2026-03-31
PAT_004123,DEV_005167,2026-01-02,2026-01-04
PAT_004124,DEV_005168,2025-07-24,2025-07-28
PAT_004125,DEV_005169,2026-05-02,2026-05-04
PAT_004126,DEV_005170,2026-03-16,2026-03-18
PAT_004127,DEV_005171,2026-02-06,2026-02-06
PAT_004128,DEV_003415,2026-03-18,2026-03-22
PAT_004129,DEV_005172,2025-10-15,2025-10-18
PAT_004130,DEV_005173,2026-01-01,2026-01-03
PAT_004131,DEV_005174,2025-08-10,2025-08-31
PAT_004131,DEV_005175,2025-10-04,2025-10-08
PAT_004132,DEV_005176,2026-02-21,2026-02-21
PAT_004133,DEV_005177,2026-04-20,2026-04-20
PAT_004134,DEV_005178,2025-11-25,2025-11-25
PAT_004135,DEV_005179,2026-01-09,2026-01-14
PAT_004136,DEV_002027,2026-01-14,2026-01-14
PAT_004137,DEV_002159,2026-02-14,2026-02-14
PAT_004138,DEV_005180,2026-01-29,2026-01-29
PAT_004138,DEV_005181,2025-11-11,2025-12-02
PAT_004139,DEV_005182,2025-04-12,2025-04-22
PAT_004139,DEV_005183,2025-07-08,2025-07-12
PAT_004140,DEV_005184,2026-03-16,2026-03-20
PAT_004141,DEV_005185,2026-01-20,2026-01-21
PAT_004141,DEV_005186,2025-11-12,2025-12-08
PAT_004142,DEV_005187,2025-12-09,2026-01-07
PAT_004142,DEV_005188,2026-03-02,2026-03-03
PAT_004143,DEV_005189,2025-08-09,2025-08-09
PAT_004144,DEV_005190,2026-02-25,2026-05-07
PAT_004145,DEV_005191,2026-04-03,2026-04-06
PAT_004146,DEV_005192,2026-01-09,2026-01-13
PAT_004147,DEV_005193,2025-08-05,2025-08-10
PAT_004148,DEV_005194,2025-10-12,2025-10-12
PAT_004149,DEV_005195,2026-01-25,2026-01-25
PAT_004150,DEV_005196,2026-01-30,2026-01-30
PAT_004151,DEV_005197,2025-04-22,2025-05-06
PAT_004151,DEV_005198,2025-07-06,2025-07-06
PAT_004152,DEV_000905,2025-07-22,2025-07-23
PAT_004153,DEV_005199,2026-03-03,2026-03-17
PAT_004153,DEV_005200,2026-04-09,2026-04-09
PAT_004154,DEV_005201,2026-03-21,2026-03-22
PAT_004155,DEV_005202,2025-12-05,2025-12-07
PAT_004155,DEV_005203,2025-10-20,2025-10-28
PAT_004156,DEV_005204,2025-07-28,2026-05-09
PAT_004157,DEV_005205,2026-02-21,2026-02-21
PAT_004157,DEV_005206,2026-01-20,2026-02-19
PAT_004158,DEV_005207,2026-03-14,2026-03-14
PAT_004159,DEV_005208,2026-02-18,2026-02-18
PAT_004160,DEV_005209,2026-03-21,2026-03-21
PAT_004161,DEV_005210,2025-07-31,2025-08-03
PAT_004161,DEV_005211,2025-05-28,2025-06-30
PAT_004162,DEV_005212,2026-04-03,2026-04-09
PAT_004162,DEV_005213,2026-05-09,2026-05-09
PAT_004163,DEV_001364,2026-02-24,2026-02-28
PAT_004164,DEV_005214,2025-07-24,2025-07-24
PAT_004164,DEV_005215,2025-05-11,2025-05-14
PAT_004165,DEV_005216,2025-08-04,2025-08-09
PAT_004165,DEV_005217,2025-08-31,2025-08-31
PAT_004166,DEV_005218,2025-12-15,2025-12-25
PAT_004166,DEV_005219,2026-02-05,2026-02-05
PAT_004167,DEV_005220,2026-05-01,2026-05-05
PAT_004168,DEV_005221,2025-07-09,2025-07-13
PAT_004169,DEV_005222,2025-05-15,2025-05-20
PAT_004169,DEV_005223,2025-07-16,2025-07-19
PAT_004170,DEV_005224,2026-03-28,2026-03-28
PAT_004171,DEV_005225,2026-02-04,2026-02-04
PAT_004172,DEV_005226,2026-05-01,2026-05-01
PAT_004173,DEV_005227,2026-04-12,2026-04-17
PAT_004174,DEV_005228,2026-02-16,2026-02-21
PAT_004175,DEV_005229,2026-02-06,2026-02-06
PAT_004176,DEV_005230,2026-04-11,2026-04-11
PAT_004177,DEV_005231,2025-07-22,2025-07-24
PAT_004177,DEV_005232,2025-08-05,2025-08-09
PAT_004178,DEV_005233,2025-11-27,2026-02-10
PAT_004179,DEV_002470,2025-10-14,2026-02-03
PAT_004180,DEV_005234,2025-09-04,2025-12-21
PAT_004181,DEV_005235,2025-11-15,2025-11-18
PAT_004182,DEV_005236,2025-12-30,2025-12-30
PAT_004183,DEV_005237,2026-02-13,2026-03-01
PAT_004183,DEV_005238,2026-03-01,2026-04-20
PAT_004184,DEV_005239,2025-10-07,2025-10-07
PAT_004185,DEV_005240,2025-08-27,2025-12-29
PAT_004186,DEV_005241,2025-09-19,2025-09-22
PAT_004187,DEV_005242,2026-04-10,2026-04-10
PAT_004188,DEV_005243,2025-09-11,2025-09-11
PAT_004189,DEV_005244,2025-05-27,2025-06-10
PAT_004189,DEV_005245,2025-07-14,2025-07-14
PAT_004190,DEV_005246,2025-12-19,2025-12-23
PAT_004190,DEV_005247,2025-11-14,2025-12-03
PAT_004191,DEV_002107,2026-03-02,2026-03-06
PAT_004191,DEV_005248,2026-02-07,2026-02-16
PAT_004192,DEV_005249,2026-04-05,2026-04-09
PAT_004192,DEV_005250,2026-01-10,2026-02-16
PAT_004193,DEV_005251,2026-02-07,2026-02-12
PAT_004193,DEV_005252,2026-01-18,2026-02-07
PAT_004194,DEV_005253,2026-03-01,2026-03-06
PAT_004195,DEV_005254,2025-08-30,2025-08-30
PAT_004195,DEV_005255,2025-06-12,2025-06-13
PAT_004196,DEV_005256,2025-08-08,2025-08-09
PAT_004197,DEV_005257,2025-05-27,2025-06-13
PAT_004197,DEV_005258,2025-08-14,2025-08-14
PAT_004198,DEV_005259,2025-08-25,2025-08-25
PAT_004198,DEV_005260,2025-07-20,2025-07-27
PAT_004199,DEV_005261,2025-10-07,2025-10-10
PAT_004200,DEV_005262,2025-08-31,2025-09-01
PAT_004200,DEV_005263,2025-07-16,2025-07-22
PAT_004201,DEV_005264,2025-10-21,2025-11-10
PAT_004201,DEV_005265,2025-12-30,2025-12-30
PAT_004202,DEV_005266,2025-09-13,2025-09-17
PAT_004203,DEV_005267,2026-02-04,2026-02-05
PAT_004204,DEV_005268,2025-11-08,2025-11-12
PAT_004205,DEV_005269,2025-07-13,2025-07-13
PAT_004206,DEV_005270,2025-08-17,2025-08-17
PAT_004207,DEV_005271,2026-01-01,2026-01-02
PAT_004207,DEV_005272,2026-02-03,2026-02-03
PAT_004208,DEV_005273,2025-10-11,2025-10-26
PAT_004208,DEV_005274,2025-12-08,2025-12-10
PAT_004209,DEV_005275,2025-10-05,2025-10-05
PAT_004210,DEV_005276,2025-08-11,2026-04-14
PAT_004211,DEV_005277,2026-03-24,2026-03-29
PAT_004212,DEV_005278,2025-12-25,2025-12-30
PAT_004212,DEV_005279,2025-10-10,2025-11-12
PAT_004213,DEV_005280,2025-10-31,2025-11-02
PAT_004214,DEV_005281,2025-09-11,2026-04-11
PAT_004215,DEV_005282,2026-02-24,2026-03-01
PAT_004216,DEV_005283,2026-01-16,2026-01-19
PAT_004216,DEV_005284,2025-10-27,2025-11-29
PAT_004217,DEV_005285,2025-06-28,2025-08-02
PAT_004217,DEV_005286,2025-08-26,2025-08-31
PAT_004218,DEV_005287,2025-09-30,2025-09-30
PAT_004219,DEV_005288,2025-11-27,2025-11-28
PAT_004220,DEV_005289,2026-04-16,2026-04-16
PAT_004221,DEV_005290,2026-02-11,2026-02-15
PAT_004222,DEV_005291,2025-08-22,2025-09-21
PAT_004222,DEV_005292,2025-10-07,2025-10-10
PAT_004223,DEV_005293,2025-07-09,2025-07-09
PAT_004224,DEV_005294,2025-09-20,2025-09-22
PAT_004224,DEV_005295,2025-06-24,2025-07-12
PAT_004225,DEV_005296,2025-08-10,2025-08-20
PAT_004225,DEV_005297,2025-09-09,2025-09-09
PAT_004226,DEV_003302,2025-07-06,2025-07-06
PAT_004227,DEV_005298,2026-03-26,2026-03-28
PAT_004227,DEV_005299,2026-04-16,2026-04-16
PAT_004228,DEV_005300,2025-12-27,2025-12-27
PAT_004229,DEV_005301,2026-04-05,2026-04-05
PAT_004229,DEV_005302,2026-01-23,2026-02-20
PAT_004230,DEV_005303,2025-09-11,2025-09-11
PAT_004231,DEV_005304,2026-02-17,2026-02-22
PAT_004232,DEV_005305,2026-01-09,2026-01-09
PAT_004233,DEV_005306,2026-03-18,2026-03-18
PAT_004234,DEV_005041,2026-03-08,2026-03-09
PAT_004234,DEV_005307,2026-01-23,2026-03-03
PAT_004235,DEV_005308,2025-09-20,2025-09-20
PAT_004236,DEV_005309,2025-09-08,2025-09-08
PAT_004237,DEV_005310,2026-04-11,2026-04-13
PAT_004238,DEV_005311,2026-02-16,2026-03-16
PAT_004238,DEV_005312,2026-05-10,2026-05-14
PAT_004239,DEV_005313,2026-01-31,2026-02-13
PAT_004239,DEV_005314,2026-02-23,2026-02-28
PAT_004240,DEV_005315,2026-03-04,2026-03-07
PAT_004240,DEV_005316,2025-12-22,2026-01-28
PAT_004241,DEV_005317,2025-09-18,2025-12-22
PAT_004242,DEV_005318,2026-01-21,2026-03-01
PAT_004242,DEV_005319,2026-03-23,2026-03-23
PAT_004243,DEV_005320,2025-07-22,2025-07-27
PAT_004244,DEV_005321,2025-12-10,2025-12-15
PAT_004245,DEV_005322,2025-09-13,2025-09-13
PAT_004245,DEV_005323,2025-06-27,2025-07-08
PAT_004246,DEV_005324,2025-11-09,2025-11-09
PAT_004247,DEV_005325,2025-12-23,2025-12-23
PAT_004248,DEV_001427,2026-03-25,2026-03-28
PAT_004249,DEV_005326,2025-10-08,2025-10-11
PAT_004250,DEV_005327,2026-01-20,2026-02-05
PAT_004250,DEV_005328,2026-03-21,2026-03-25
PAT_004251,DEV_005329,2026-01-25,2026-01-30
PAT_004252,DEV_005330,2025-11-04,2025-11-09
PAT_004253,DEV_005331,2025-07-02,2025-07-15
PAT_004253,DEV_005332,2025-09-26,2025-09-30
PAT_004254,DEV_005333,2025-08-22,2025-08-22
PAT_004255,DEV_005334,2025-10-01,2025-10-01
PAT_004255,DEV_005335,2025-08-29,2025-09-29
PAT_004256,DEV_005313,2026-01-20,2026-01-20
PAT_004257,DEV_005336,2026-05-11,2026-05-11
PAT_004258,DEV_005337,2025-07-17,2025-07-17
PAT_004258,DEV_005338,2025-06-27,2025-06-30
PAT_004259,DEV_005339,2025-07-31,2025-08-01
PAT_004259,DEV_005340,2025-08-27,2025-08-29
PAT_004260,DEV_005341,2026-02-19,2026-02-20
PAT_004261,DEV_005342,2025-10-06,2025-10-06
PAT_004262,DEV_005343,2025-11-04,2025-11-06
PAT_004263,DEV_005344,2025-09-10,2025-09-13
PAT_004264,DEV_005345,2025-09-16,2025-09-21
PAT_004265,DEV_005346,2025-12-14,2025-12-14
PAT_004266,DEV_005347,2025-09-12,2025-09-14
PAT_004267,DEV_005348,2026-03-06,2026-03-10
PAT_004268,DEV_005349,2026-01-22,2026-01-22
PAT_004269,DEV_005350,2025-09-13,2025-09-13
PAT_004270,DEV_005351,2025-11-23,2025-11-28
PAT_004271,DEV_005352,2026-01-19,2026-01-28
PAT_004271,DEV_005353,2026-03-19,2026-03-24
PAT_004272,DEV_005354,2026-04-29,2026-05-04
PAT_004273,DEV_005355,2025-07-18,2025-07-18
PAT_004274,DEV_005356,2026-04-06,2026-04-06
PAT_004275,DEV_005357,2025-10-26,2025-10-26
PAT_004276,DEV_005358,2026-01-18,2026-01-18
PAT_004277,DEV_005359,2025-07-22,2025-11-15
PAT_004278,DEV_005360,2025-12-25,2025-12-29
PAT_004279,DEV_005361,2025-11-14,2025-11-17
PAT_004279,DEV_005362,2025-09-01,2025-09-06
PAT_004280,DEV_004973,2026-02-06,2026-02-06
PAT_004281,DEV_005363,2025-07-10,2025-07-10
PAT_004282,DEV_005364,2026-02-18,2026-05-14
PAT_004282,DEV_005365,2025-12-08,2026-01-13
PAT_004283,DEV_005366,2025-10-26,2025-10-26
PAT_004284,DEV_005367,2025-11-19,2025-11-22
PAT_004284,DEV_005368,2025-10-05,2025-10-31
PAT_004285,DEV_005369,2026-04-18,2026-04-19
PAT_004286,DEV_005370,2025-08-29,2025-09-02
PAT_004287,DEV_005371,2026-02-08,2026-03-12
PAT_004287,DEV_005372,2026-04-07,2026-04-10
PAT_004288,DEV_005373,2026-04-11,2026-04-14
PAT_004289,DEV_005374,2025-11-01,2026-03-24
PAT_004290,DEV_005375,2026-02-20,2026-02-23
PAT_004291,DEV_005376,2026-03-17,2026-03-17
PAT_004292,DEV_005377,2026-03-18,2026-03-21
PAT_004292,DEV_005378,2026-01-16,2026-01-24
PAT_004293,DEV_005379,2025-11-22,2025-11-22
PAT_004294,DEV_005380,2025-11-13,2025-11-16
PAT_004295,DEV_005381,2026-03-09,2026-03-18
PAT_004295,DEV_005382,2026-04-23,2026-04-24
PAT_004296,DEV_005383,2025-10-08,2025-11-16
PAT_004296,DEV_005384,2025-12-26,2025-12-26
PAT_004297,DEV_005385,2025-07-03,2025-07-04
PAT_004297,DEV_005386,2025-06-17,2025-07-03
PAT_004298,DEV_005387,2025-07-23,2025-07-31
PAT_004298,DEV_005388,2025-08-30,2025-08-30
PAT_004299,DEV_005389,2026-05-09,2026-05-14
PAT_004300,DEV_005390,2026-04-06,2026-05-02
PAT_004300,DEV_005391,2026-05-02,2026-05-06
PAT_004301,DEV_005392,2025-07-24,2025-07-25
PAT_004302,DEV_005393,2026-04-19,2026-04-19
PAT_004303,DEV_005394,2026-05-10,2026-05-10
PAT_004304,DEV_005395,2026-03-07,2026-03-08
PAT_004305,DEV_005396,2025-09-11,2025-10-22
PAT_004306,DEV_005397,2025-07-26,2025-07-27
PAT_004307,DEV_005398,2025-07-12,2025-07-16
PAT_004307,DEV_005399,2025-05-30,2025-05-31
PAT_004308,DEV_005400,2025-07-13,2025-08-05
PAT_004308,DEV_005401,2025-09-14,2025-09-18
PAT_004309,DEV_004637,2025-12-10,2025-12-10
PAT_004310,DEV_005402,2026-03-28,2026-03-28
PAT_004310,DEV_005403,2026-02-28,2026-03-04
PAT_004311,DEV_005404,2025-08-18,2025-08-22
PAT_004312,DEV_005405,2025-12-04,2025-12-09
PAT_004313,DEV_005406,2025-07-22,2025-07-22
PAT_004314,DEV_005407,2025-11-07,2025-11-16
PAT_004314,DEV_005408,2025-11-28,2026-02-09
PAT_004315,DEV_005409,2025-11-25,2025-11-25
PAT_004316,DEV_005410,2025-08-16,2025-08-16
PAT_004317,DEV_003532,2025-11-20,2025-11-20
PAT_004318,DEV_005411,2026-04-18,2026-04-22
PAT_004319,DEV_005412,2026-02-05,2026-02-20
PAT_004319,DEV_005413,2026-04-25,2026-04-30
PAT_004320,DEV_005414,2026-03-31,2026-03-31
PAT_004321,DEV_005415,2025-10-14,2025-10-18
PAT_004322,DEV_005416,2025-09-14,2025-09-17
PAT_004323,DEV_005417,2025-10-06,2025-10-08
PAT_004324,DEV_005418,2025-10-15,2025-10-15
PAT_004325,DEV_005419,2026-04-26,2026-04-26
PAT_004326,DEV_005420,2026-01-20,2026-01-23
PAT_004327,DEV_005421,2026-04-22,2026-04-26
PAT_004327,DEV_005422,2026-01-29,2026-02-22
PAT_004328,DEV_005423,2025-10-03,2025-10-05
PAT_004329,DEV_005424,2026-04-15,2026-04-15
PAT_004329,DEV_005425,2026-03-11,2026-04-04
PAT_004330,DEV_005426,2025-10-06,2026-01-07
PAT_004331,DEV_005427,2026-05-07,2026-05-09
PAT_004332,DEV_005428,2025-07-12,2025-07-14
PAT_004333,DEV_005429,2026-04-28,2026-05-03
PAT_004334,DEV_005430,2025-11-14,2025-11-14
PAT_004335,DEV_005431,2025-08-16,2025-08-16
PAT_004336,DEV_005432,2025-08-19,2025-08-20
PAT_004336,DEV_005433,2025-07-21,2025-08-19
PAT_004337,DEV_005434,2026-04-01,2026-04-04
PAT_004338,DEV_005435,2025-09-23,2025-09-27
PAT_004339,DEV_003207,2025-08-02,2025-08-06
PAT_004340,DEV_005436,2026-01-03,2026-01-03
PAT_004341,DEV_005437,2025-10-31,2025-11-01
PAT_004342,DEV_005438,2025-12-28,2026-01-02
PAT_004342,DEV_005439,2025-09-30,2025-10-10
PAT_004343,DEV_005440,2026-01-25,2026-01-28
PAT_004344,DEV_005441,2025-11-01,2025-11-03
PAT_004345,DEV_005442,2025-07-18,2025-08-08
PAT_004345,DEV_005443,2025-10-08,2025-10-08
PAT_004346,DEV_005444,2026-01-24,2026-01-28
PAT_004347,DEV_005445,2025-08-25,2025-08-26
PAT_004348,DEV_005446,2025-12-28,2026-01-18
PAT_004348,DEV_005447,2026-03-17,2026-03-17
PAT_004349,DEV_005448,2025-07-04,2025-07-18
PAT_004349,DEV_005449,2025-07-18,2026-04-07
PAT_004350,DEV_005450,2025-07-19,2025-07-19
PAT_004351,DEV_005451,2026-01-15,2026-01-19
PAT_004352,DEV_005452,2026-03-16,2026-03-21
PAT_004353,DEV_005453,2026-03-08,2026-03-08
PAT_004354,DEV_005454,2026-03-21,2026-03-22
PAT_004355,DEV_005455,2026-02-23,2026-02-23
PAT_004356,DEV_005456,2026-03-01,2026-03-02
PAT_004357,DEV_000824,2025-11-04,2025-11-19
PAT_004357,DEV_005457,2025-12-06,2025-12-06
PAT_004358,DEV_005458,2026-02-08,2026-02-12
PAT_004358,DEV_005459,2026-04-26,2026-04-26
PAT_004359,DEV_005460,2025-12-18,2026-01-06
PAT_004359,DEV_005461,2026-03-18,2026-03-18
PAT_004360,DEV_005462,2026-04-08,2026-04-12
PAT_004360,DEV_005463,2026-02-20,2026-02-28
PAT_004361,DEV_005464,2026-01-14,2026-01-18
PAT_004362,DEV_005465,2025-08-29,2025-08-29
PAT_004363,DEV_000563,2026-01-13,2026-01-13
PAT_004364,DEV_005466,2026-05-07,2026-05-08
PAT_004365,DEV_003702,2025-10-11,2025-10-11
PAT_004366,DEV_005467,2025-07-22,2025-08-22
PAT_004367,DEV_005468,2025-10-11,2025-10-13
PAT_004368,DEV_005469,2025-12-07,2025-12-10
PAT_004368,DEV_005470,2025-11-16,2025-11-19
PAT_004369,DEV_005471,2026-03-27,2026-04-01
PAT_004370,DEV_005472,2026-02-13,2026-03-16
PAT_004371,DEV_005473,2025-07-09,2025-08-02
PAT_004371,DEV_005474,2025-08-05,2025-08-07
PAT_004372,DEV_005475,2025-10-07,2025-12-17
PAT_004373,DEV_005476,2026-01-28,2026-02-02
PAT_004373,DEV_005477,2025-12-08,2025-12-18
PAT_004374,DEV_005478,2026-04-19,2026-04-20
PAT_004375,DEV_005479,2025-10-29,2025-11-12
PAT_004376,DEV_005480,2026-01-07,2026-01-07
PAT_004377,DEV_005481,2026-04-07,2026-04-07
PAT_004378,DEV_005482,2025-11-23,2026-03-16
PAT_004379,DEV_005483,2025-12-16,2025-12-17
PAT_004380,DEV_005484,2025-12-04,2026-01-04
PAT_004380,DEV_005485,2026-01-28,2026-01-30
PAT_004381,DEV_005486,2025-09-20,2025-11-14
PAT_004382,DEV_005487,2025-08-21,2025-08-21
PAT_004382,DEV_005488,2025-06-01,2025-06-24
PAT_004383,DEV_005489,2026-04-20,2026-04-25
PAT_004383,DEV_005490,2026-03-27,2026-04-20
PAT_004384,DEV_005491,2025-06-19,2025-06-30
PAT_004384,DEV_005492,2025-08-30,2025-09-04
PAT_004385,DEV_005493,2025-12-26,2025-12-29
PAT_004385,DEV_005494,2026-02-01,2026-02-06
PAT_004386,DEV_005495,2025-12-15,2025-12-22
PAT_004386,DEV_005496,2026-02-10,2026-02-13
PAT_004387,DEV_005497,2026-01-02,2026-01-07
PAT_004388,DEV_005498,2025-12-11,2025-12-11
PAT_004389,DEV_005499,2025-08-22,2025-08-22
PAT_004390,DEV_005500,2025-09-21,2025-09-21
PAT_004390,DEV_005501,2025-07-25,2025-07-28
PAT_004391,DEV_005502,2025-12-20,2025-12-20
PAT_004391,DEV_005503,2025-10-16,2025-11-18
PAT_004392,DEV_005504,2025-08-05,2025-08-09
PAT_004393,DEV_005505,2026-04-20,2026-04-22
PAT_004394,DEV_005506,2026-03-24,2026-03-27
PAT_004395,DEV_005507,2026-04-03,2026-04-03
PAT_004395,DEV_005508,2026-02-21,2026-03-29
PAT_004396,DEV_005509,2026-01-13,2026-01-15
PAT_004397,DEV_005510,2025-07-07,2025-07-07
PAT_004398,DEV_005511,2025-12-18,2025-12-23
PAT_004399,DEV_005512,2026-01-26,2026-01-31
PAT_004400,DEV_005513,2025-09-10,2025-09-10
PAT_004401,DEV_005514,2026-03-01,2026-03-08
PAT_004401,DEV_005515,2026-03-31,2026-04-05
PAT_004402,DEV_002197,2025-10-08,2025-10-26
PAT_004402,DEV_005516,2025-12-06,2025-12-06
PAT_004403,DEV_005517,2026-04-09,2026-04-10
PAT_004404,DEV_005518,2025-07-14,2025-07-25
PAT_004404,DEV_005519,2025-08-07,2025-08-07
PAT_004405,DEV_005520,2025-05-01,2025-05-21
PAT_004405,DEV_005521,2025-07-20,2025-07-20
PAT_004406,DEV_005522,2025-11-26,2025-11-26
PAT_004407,DEV_005523,2025-07-31,2025-07-31
PAT_004408,DEV_005524,2025-07-29,2025-08-02
PAT_004409,DEV_005525,2025-11-01,2026-05-11
PAT_004409,DEV_005526,2025-08-22,2025-09-21
PAT_004410,DEV_005527,2025-08-02,2025-08-04
PAT_004411,DEV_005528,2026-02-08,2026-03-05
PAT_004411,DEV_005529,2026-05-03,2026-05-08
PAT_004412,DEV_005530,2025-09-03,2025-09-03
PAT_004413,DEV_005531,2025-12-05,2025-12-06
PAT_004414,DEV_005532,2026-04-21,2026-04-22
PAT_004415,DEV_005533,2025-09-13,2026-02-12
PAT_004416,DEV_005534,2025-12-08,2025-12-31
PAT_004416,DEV_005535,2026-03-03,2026-03-03
PAT_004417,DEV_005536,2025-08-21,2025-08-21
PAT_004418,DEV_005537,2025-11-27,2025-12-01
PAT_004418,DEV_005538,2025-09-16,2025-09-17
PAT_004419,DEV_005539,2025-08-12,2025-08-15
PAT_004420,DEV_005540,2025-07-12,2025-07-16
PAT_004421,DEV_005541,2025-08-01,2025-08-31
PAT_004421,DEV_005542,2025-09-25,2025-09-29
PAT_004422,DEV_005543,2025-12-27,2025-12-31
PAT_004422,DEV_005544,2026-03-04,2026-03-06
PAT_004423,DEV_005545,2025-12-28,2025-12-28
PAT_004424,DEV_005546,2025-08-13,2025-08-16
PAT_004425,DEV_005547,2025-08-15,2025-08-15
PAT_004426,DEV_005548,2025-11-20,2026-03-27
PAT_004427,DEV_005549,2025-11-16,2025-12-05
PAT_004428,DEV_005550,2025-06-23,2025-07-13
PAT_004428,DEV_005551,2025-07-13,2025-07-13
PAT_004429,DEV_005552,2025-07-04,2025-08-08
PAT_004429,DEV_005553,2025-09-28,2025-10-02
PAT_004430,DEV_005554,2025-08-23,2025-08-24
PAT_004430,DEV_005555,2025-06-18,2025-06-25
PAT_004431,DEV_005556,2026-05-01,2026-05-06
PAT_004432,DEV_005557,2025-09-22,2025-10-18
PAT_004433,DEV_005558,2025-07-22,2025-07-22
PAT_004433,DEV_005559,2025-08-01,2025-08-01
PAT_004434,DEV_005560,2026-01-25,2026-02-12
PAT_004434,DEV_005561,2026-03-07,2026-03-07
PAT_004435,DEV_005562,2025-07-25,2025-07-25
PAT_004436,DEV_005563,2025-10-01,2025-10-05
PAT_004437,DEV_005564,2026-04-10,2026-04-14
PAT_004438,DEV_005565,2025-07-03,2025-07-08
PAT_004439,DEV_005566,2026-01-26,2026-01-27
PAT_004440,DEV_005567,2025-07-18,2025-07-23
PAT_004441,DEV_005568,2025-08-19,2025-08-19
PAT_004442,DEV_005569,2025-08-30,2025-09-01
PAT_004443,DEV_005570,2025-07-05,2025-07-09
PAT_004444,DEV_005571,2025-12-21,2025-12-21
PAT_004445,DEV_005572,2026-04-07,2026-04-11
PAT_004446,DEV_005573,2026-02-15,2026-02-18
PAT_004447,DEV_005574,2026-03-25,2026-05-09
PAT_004448,DEV_005575,2025-10-28,2025-11-01
PAT_004449,DEV_005576,2025-10-21,2025-10-21
PAT_004450,DEV_005577,2025-07-15,2025-07-20
PAT_004450,DEV_005578,2025-06-05,2025-06-07
PAT_004451,DEV_005579,2025-12-29,2025-12-29
PAT_004452,DEV_005580,2025-12-04,2025-12-21
PAT_004452,DEV_005581,2026-02-12,2026-02-16
PAT_004453,DEV_005582,2025-07-25,2025-07-25
PAT_004454,DEV_005583,2025-07-18,2025-07-23
PAT_004455,DEV_005584,2026-01-19,2026-01-19
PAT_004456,DEV_005585,2026-05-03,2026-05-03
PAT_004457,DEV_005586,2025-10-28,2025-11-02
PAT_004458,DEV_005587,2025-08-24,2025-08-29
PAT_004459,DEV_005588,2026-01-30,2026-01-30
PAT_004459,DEV_005589,2025-11-26,2025-12-10
PAT_004460,DEV_002073,2026-03-31,2026-04-05
PAT_004460,DEV_005590,2026-01-29,2026-03-04
PAT_004461,DEV_005591,2025-12-05,2025-12-05
PAT_004462,DEV_000753,2025-09-11,2025-09-16
PAT_004463,DEV_005592,2025-08-13,2025-08-14
PAT_004464,DEV_005593,2025-12-12,2025-12-14
PAT_004465,DEV_005594,2026-01-31,2026-01-31
PAT_004466,DEV_005595,2025-12-08,2025-12-28
PAT_004466,DEV_005596,2026-02-12,2026-02-12
PAT_004467,DEV_005597,2025-07-28,2025-07-28
PAT_004468,DEV_005598,2026-01-02,2026-01-02
PAT_004469,DEV_005599,2025-11-16,2025-11-16
PAT_004470,DEV_005600,2026-01-31,2026-02-02
PAT_004471,DEV_005601,2025-12-05,2025-12-31
PAT_004471,DEV_005602,2026-02-01,2026-02-01
PAT_004472,DEV_005603,2026-02-06,2026-02-22
PAT_004472,DEV_005604,2026-04-14,2026-04-14
PAT_004473,DEV_005605,2025-06-15,2025-07-13
PAT_004473,DEV_005606,2025-08-31,2025-09-02
PAT_004474,DEV_005607,2026-04-09,2026-04-09
PAT_004475,DEV_002687,2026-03-16,2026-03-19
PAT_004476,DEV_005608,2025-11-03,2025-11-03
PAT_004477,DEV_005609,2026-04-05,2026-04-09
PAT_004478,DEV_005610,2025-11-06,2025-11-06
PAT_004479,DEV_005611,2025-09-10,2026-03-17
PAT_004480,DEV_004038,2025-12-18,2025-12-21
PAT_004480,DEV_005612,2025-11-17,2025-12-08
PAT_004481,DEV_005613,2026-03-26,2026-04-27
PAT_004481,DEV_005614,2026-04-27,2026-04-27
PAT_004482,DEV_005615,2025-09-04,2025-09-04
PAT_004483,DEV_005616,2026-01-10,2026-01-15
PAT_004484,DEV_005617,2026-04-17,2026-04-17
PAT_004484,DEV_005618,2026-02-11,2026-03-05
PAT_004485,DEV_005619,2025-11-15,2025-11-20
PAT_004486,DEV_005620,2026-01-05,2026-01-28
PAT_004486,DEV_005621,2026-01-28,2026-03-18
PAT_004487,DEV_002656,2026-01-11,2026-01-11
PAT_004488,DEV_005622,2025-12-24,2025-12-29
PAT_004489,DEV_005623,2025-09-02,2025-09-02
PAT_004490,DEV_005624,2025-08-12,2025-08-16
PAT_004491,DEV_005625,2026-03-29,2026-03-29
PAT_004492,DEV_005626,2026-02-14,2026-02-18
PAT_004493,DEV_005627,2026-03-07,2026-05-02
PAT_004494,DEV_005628,2026-04-12,2026-04-17
PAT_004495,DEV_005629,2026-01-06,2026-01-06
PAT_004496,DEV_005630,2025-07-11,2025-07-16
PAT_004497,DEV_005631,2025-11-21,2025-12-29
PAT_004497,DEV_005632,2026-02-19,2026-02-21
PAT_004498,DEV_005633,2025-08-12,2025-08-12
PAT_004498,DEV_005634,2025-06-25,2025-07-02
PAT_004499,DEV_005635,2026-04-27,2026-05-02
PAT_004500,DEV_005636,2025-12-15,2025-12-26
PAT_004501,DEV_005637,2026-03-18,2026-03-18
PAT_004501,DEV_005638,2025-12-26,2025-12-29
PAT_004502,DEV_005639,2025-11-21,2025-11-23
PAT_004503,DEV_005640,2025-09-03,2025-09-03
PAT_004504,DEV_005641,2025-10-28,2025-10-28
PAT_004504,DEV_005642,2025-08-20,2025-09-12
PAT_004505,DEV_005643,2025-12-12,2025-12-12
PAT_004505,DEV_005644,2025-09-22,2025-10-21
PAT_004506,DEV_005645,2025-10-18,2025-10-23
PAT_004507,DEV_005646,2026-02-22,2026-02-25
PAT_004508,DEV_005647,2025-04-22,2025-04-26
PAT_004508,DEV_005648,2025-07-12,2025-07-15
PAT_004509,DEV_005649,2025-07-12,2025-07-16
PAT_004510,DEV_005650,2025-07-09,2025-07-09
PAT_004510,DEV_005651,2025-05-26,2025-06-12
PAT_004511,DEV_005652,2025-08-01,2025-08-04
PAT_004512,DEV_005653,2026-03-20,2026-03-30
PAT_004512,DEV_005654,2026-04-27,2026-04-29
PAT_004513,DEV_005655,2026-01-18,2026-01-24
PAT_004513,DEV_005656,2026-03-12,2026-03-12
PAT_004514,DEV_005657,2025-10-14,2025-10-14
PAT_004515,DEV_005658,2026-03-02,2026-03-04
PAT_004516,DEV_005659,2026-01-08,2026-01-27
PAT_004516,DEV_005660,2026-01-27,2026-01-28
PAT_004517,DEV_005661,2025-09-20,2025-09-24
PAT_004518,DEV_005662,2026-03-14,2026-03-14
PAT_004519,DEV_005663,2025-08-27,2025-08-27
PAT_004519,DEV_005664,2025-06-25,2025-07-10
PAT_004520,DEV_005665,2025-07-14,2025-07-14
PAT_004521,DEV_005666,2025-07-11,2025-07-14
PAT_004522,DEV_005667,2025-07-12,2025-07-13
PAT_004523,DEV_005668,2026-02-02,2026-02-23
PAT_004523,DEV_005669,2026-02-23,2026-02-26
PAT_004524,DEV_005670,2025-09-16,2025-09-16
PAT_004524,DEV_005671,2025-08-22,2025-09-11
PAT_004525,DEV_005273,2026-05-10,2026-05-14
PAT_004526,DEV_004329,2026-04-06,2026-04-08
PAT_004527,DEV_005672,2025-11-17,2025-11-17
PAT_004528,DEV_005673,2026-03-16,2026-03-20
PAT_004529,DEV_005674,2025-11-24,2025-11-24
PAT_004530,DEV_005675,2025-10-13,2025-10-15
PAT_004530,DEV_005676,2025-08-30,2025-09-07
PAT_004531,DEV_005677,2025-08-12,2025-08-12
PAT_004532,DEV_005678,2025-07-27,2025-08-13
PAT_004532,DEV_005679,2025-10-14,2025-10-18
PAT_004533,DEV_005680,2025-09-23,2025-09-27
PAT_004534,DEV_005681,2025-07-25,2025-07-25
PAT_004535,DEV_005682,2025-07-01,2025-07-17
PAT_004535,DEV_005683,2025-08-30,2025-09-01
PAT_004536,DEV_005684,2025-08-28,2025-08-28
PAT_004537,DEV_005685,2025-07-06,2025-07-11
PAT_004538,DEV_005686,2025-10-16,2025-10-17
PAT_004539,DEV_005687,2026-02-12,2026-02-12
PAT_004540,DEV_005688,2025-07-24,2025-08-07
PAT_004540,DEV_005689,2025-08-26,2025-08-28
PAT_004541,DEV_005690,2026-03-25,2026-04-01
PAT_004541,DEV_005691,2026-04-22,2026-04-22
PAT_004542,DEV_001325,2025-07-31,2025-07-31
PAT_004543,DEV_005692,2025-06-24,2025-07-11
PAT_004543,DEV_005693,2025-07-15,2025-07-15
PAT_004544,DEV_005694,2026-02-03,2026-02-08
PAT_004544,DEV_005695,2026-01-08,2026-01-10
PAT_004545,DEV_005696,2026-03-08,2026-03-11
PAT_004546,DEV_005697,2025-12-30,2026-01-02
PAT_004547,DEV_005698,2025-08-03,2025-08-03
PAT_004548,DEV_005699,2025-07-25,2025-07-30
PAT_004549,DEV_005700,2026-01-10,2026-01-11
PAT_004550,DEV_005701,2026-01-03,2026-01-05
PAT_004551,DEV_005702,2026-04-11,2026-04-15
PAT_004552,DEV_005703,2026-05-11,2026-05-13
PAT_004552,DEV_005704,2026-02-27,2026-03-05
PAT_004553,DEV_005705,2025-11-30,2025-12-02
PAT_004553,DEV_005706,2025-10-27,2025-11-29
PAT_004554,DEV_005707,2025-09-12,2025-10-06
PAT_004554,DEV_005708,2025-11-03,2025-11-03
PAT_004555,DEV_005709,2025-11-30,2025-12-04
PAT_004556,DEV_005710,2025-12-12,2026-02-21
PAT_004557,DEV_005711,2025-08-31,2025-09-03
PAT_004558,DEV_005712,2026-01-05,2026-01-07
PAT_004559,DEV_005713,2025-07-14,2025-07-20
PAT_004559,DEV_005714,2025-08-09,2025-08-09
PAT_004560,DEV_005715,2026-02-17,2026-02-20
PAT_004561,DEV_005716,2025-07-11,2026-03-14
PAT_004562,DEV_002623,2026-04-24,2026-04-24
PAT_004562,DEV_005717,2026-04-03,2026-04-24
PAT_004563,DEV_005718,2025-11-15,2026-04-10
PAT_004564,DEV_005719,2025-08-04,2025-08-05
PAT_004565,DEV_005720,2026-02-03,2026-02-03
PAT_004566,DEV_005721,2025-06-17,2025-07-25
PAT_004566,DEV_005722,2025-08-31,2026-01-04
PAT_004567,DEV_005723,2026-03-30,2026-05-01
PAT_004567,DEV_005724,2026-05-01,2026-05-05
PAT_004568,DEV_005725,2025-09-09,2025-09-10
PAT_004569,DEV_001074,2025-08-25,2025-08-28
PAT_004570,DEV_005726,2025-10-26,2025-10-28
PAT_004570,DEV_005727,2025-08-13,2025-08-28
PAT_004571,DEV_005728,2025-12-26,2025-12-26
PAT_004572,DEV_005729,2026-03-28,2026-03-28
PAT_004573,DEV_005730,2025-07-30,2025-08-04
PAT_004573,DEV_005731,2025-07-15,2025-07-30
PAT_004574,DEV_005732,2026-01-30,2026-05-08
PAT_004575,DEV_005733,2026-04-28,2026-04-30
PAT_004576,DEV_000627,2025-07-04,2025-07-07
PAT_004576,DEV_005734,2025-05-22,2025-06-10
PAT_004577,DEV_000237,2026-05-11,2026-05-11
PAT_004578,DEV_005735,2026-02-15,2026-02-15
PAT_004579,DEV_005736,2025-10-28,2025-11-05
PAT_004579,DEV_005737,2025-11-26,2025-11-27
PAT_004580,DEV_005738,2025-11-05,2025-11-05
PAT_004581,DEV_005739,2025-12-01,2025-12-01
PAT_004582,DEV_005740,2025-12-18,2025-12-19
PAT_004583,DEV_005741,2025-10-31,2025-11-09
PAT_004583,DEV_005742,2025-11-14,2025-11-14
PAT_004584,DEV_005743,2025-09-11,2025-09-11
PAT_004585,DEV_005744,2025-10-24,2025-10-29
PAT_004586,DEV_005745,2026-01-05,2026-02-02
PAT_004586,DEV_005746,2026-03-13,2026-03-13
PAT_004587,DEV_005747,2025-11-08,2025-11-13
PAT_004588,DEV_005748,2026-04-27,2026-04-28
PAT_004589,DEV_005749,2025-10-06,2025-10-09
PAT_004590,DEV_005750,2026-05-10,2026-05-15
PAT_004591,DEV_005751,2026-02-06,2026-02-10
PAT_004591,DEV_005752,2026-05-07,2026-05-10
PAT_004592,DEV_005753,2025-12-05,2025-12-07
PAT_004593,DEV_005754,2026-02-06,2026-02-08
PAT_004594,DEV_002434,2026-03-15,2026-03-15
PAT_004594,DEV_005755,2025-12-24,2026-01-12
PAT_004595,DEV_005756,2025-08-21,2025-09-14
PAT_004595,DEV_005757,2025-09-14,2025-09-17
PAT_004596,DEV_005758,2025-09-02,2025-09-04
PAT_004597,DEV_005759,2025-10-20,2025-10-23
PAT_004598,DEV_005760,2026-01-18,2026-01-18
PAT_004599,DEV_005761,2025-07-08,2026-03-01
PAT_004599,DEV_005762,2025-06-01,2025-07-08
PAT_004600,DEV_005763,2025-10-28,2025-11-01
PAT_004601,DEV_005764,2025-12-16,2025-12-16
PAT_004602,DEV_005765,2026-03-15,2026-03-15
PAT_004603,DEV_005766,2026-01-17,2026-01-22
PAT_004604,DEV_005767,2025-09-03,2025-09-03
PAT_004605,DEV_005768,2025-10-23,2025-10-24
PAT_004605,DEV_005769,2026-01-12,2026-01-15
PAT_004606,DEV_005770,2025-08-26,2025-10-13
PAT_004607,DEV_005771,2025-10-18,2025-10-18
PAT_004607,DEV_005772,2026-04-04,2026-04-04
PAT_004608,DEV_005773,2026-04-02,2026-04-02
PAT_004609,DEV_005774,2025-11-28,2026-05-02
PAT_004610,DEV_005775,2026-04-16,2026-04-17
PAT_004611,DEV_005776,2025-06-29,2025-07-31
PAT_004611,DEV_005777,2025-09-12,2025-11-15
PAT_004612,DEV_005778,2026-02-03,2026-02-08
PAT_004613,DEV_005779,2025-10-22,2025-10-22
PAT_004613,DEV_005780,2025-09-07,2025-09-08
PAT_004614,DEV_005781,2025-10-14,2025-10-18
PAT_004615,DEV_005782,2026-01-25,2026-01-27
PAT_004616,DEV_005783,2025-08-14,2025-09-15
PAT_004616,DEV_005784,2025-10-10,2025-10-10
PAT_004617,DEV_005785,2025-07-04,2025-07-07
PAT_004618,DEV_005786,2025-12-06,2025-12-09
PAT_004619,DEV_005787,2025-10-29,2025-11-03
PAT_004619,DEV_005788,2025-10-02,2025-10-29
PAT_004620,DEV_005789,2026-04-21,2026-04-23
PAT_004620,DEV_005790,2026-03-01,2026-04-06
PAT_004621,DEV_005791,2025-07-21,2025-08-11
PAT_004621,DEV_005792,2025-10-19,2025-10-22
PAT_004622,DEV_005793,2025-10-25,2025-10-25
PAT_004623,DEV_005794,2025-10-16,2025-10-16
PAT_004624,DEV_005795,2025-07-22,2025-07-27
PAT_004625,DEV_005796,2026-04-13,2026-04-18
PAT_004626,DEV_005797,2026-04-25,2026-04-25
PAT_004627,DEV_005798,2025-09-20,2025-09-23
PAT_004628,DEV_005799,2025-11-26,2025-11-30
PAT_004629,DEV_005800,2026-03-30,2026-04-03
PAT_004630,DEV_005801,2026-05-04,2026-05-04
PAT_004631,DEV_005802,2026-04-27,2026-05-01
PAT_004632,DEV_005803,2025-10-26,2025-10-31
PAT_004633,DEV_005804,2025-11-24,2025-11-28
PAT_004634,DEV_005805,2025-08-07,2025-08-07
PAT_004634,DEV_005806,2025-07-04,2025-08-03
PAT_004635,DEV_005807,2026-05-04,2026-05-05
PAT_004636,DEV_005808,2025-10-13,2026-02-06
PAT_004637,DEV_005809,2025-08-02,2025-08-22
PAT_004637,DEV_005810,2025-09-04,2025-09-08
PAT_004638,DEV_001583,2025-11-26,2025-12-01
PAT_004639,DEV_005811,2025-12-23,2025-12-23
PAT_004640,DEV_005812,2025-11-01,2025-11-04
PAT_004641,DEV_003644,2025-12-10,2025-12-22
PAT_004641,DEV_005813,2026-02-26,2026-03-03
PAT_004642,DEV_005814,2026-05-07,2026-05-08
PAT_004643,DEV_005815,2026-01-08,2026-01-08
PAT_004644,DEV_005816,2026-04-22,2026-04-22
PAT_004645,DEV_005817,2026-02-08,2026-02-28
PAT_004645,DEV_005818,2026-04-07,2026-04-07
PAT_004646,DEV_005819,2025-10-14,2025-11-08
PAT_004646,DEV_005820,2025-12-17,2025-12-18
PAT_004647,DEV_000623,2026-03-02,2026-03-07
PAT_004648,DEV_005821,2025-10-13,2025-10-13
PAT_004649,DEV_005822,2026-03-18,2026-03-18
PAT_004650,DEV_005823,2026-02-09,2026-02-12
PAT_004651,DEV_003187,2025-10-17,2025-10-17
PAT_004652,DEV_005824,2025-10-21,2025-10-26
PAT_004653,DEV_005825,2025-11-13,2025-11-18
PAT_004654,DEV_005826,2025-08-24,2025-08-24
PAT_004655,DEV_005827,2026-01-06,2026-01-06
PAT_004656,DEV_005828,2026-04-01,2026-04-12
PAT_004656,DEV_005829,2026-04-28,2026-04-28
PAT_004657,DEV_005830,2026-02-08,2026-03-11
PAT_004657,DEV_005831,2026-03-21,2026-03-22
PAT_004658,DEV_005832,2026-02-19,2026-03-26
PAT_004658,DEV_005833,2026-03-26,2026-03-31
PAT_004659,DEV_005834,2026-01-27,2026-01-27
PAT_004660,DEV_005835,2026-03-20,2026-03-22
PAT_004661,DEV_005836,2025-11-20,2025-11-23
PAT_004662,DEV_005837,2025-11-12,2025-11-12
PAT_004663,DEV_005838,2026-02-21,2026-02-21
PAT_004664,DEV_005839,2026-01-20,2026-01-23
PAT_004665,DEV_005840,2025-11-10,2025-11-10
PAT_004666,DEV_005841,2026-02-09,2026-02-14
PAT_004667,DEV_005842,2025-10-07,2025-11-12
PAT_004667,DEV_005843,2025-12-15,2025-12-15
PAT_004668,DEV_005844,2026-03-18,2026-03-18
PAT_004669,DEV_005845,2025-07-02,2025-07-04
PAT_004670,DEV_005846,2025-10-18,2025-10-22
PAT_004671,DEV_005847,2026-01-06,2026-01-06
PAT_004672,DEV_005848,2025-07-12,2025-08-30
PAT_004673,DEV_005849,2025-07-28,2025-07-28
PAT_004674,DEV_005850,2025-05-15,2025-06-19
PAT_004674,DEV_005851,2025-08-02,2025-08-02
PAT_004675,DEV_005852,2025-12-28,2025-12-28
PAT_004675,DEV_005853,2025-09-08,2025-09-13
PAT_004676,DEV_005854,2025-07-08,2025-07-08
PAT_004677,DEV_005855,2026-01-10,2026-01-13
PAT_004678,DEV_005856,2025-10-26,2025-12-02
PAT_004678,DEV_005857,2026-01-13,2026-01-15
PAT_004679,DEV_005858,2025-12-11,2025-12-11
PAT_004680,DEV_005859,2026-03-10,2026-03-10
PAT_004681,DEV_005860,2025-12-20,2025-12-22
PAT_004682,DEV_005861,2025-09-10,2025-09-13
PAT_004683,DEV_005862,2025-07-26,2025-07-26
PAT_004684,DEV_005863,2026-03-13,2026-04-07
PAT_004685,DEV_003456,2025-10-31,2025-11-02
PAT_004685,DEV_005864,2025-08-13,2025-08-26
PAT_004686,DEV_005865,2025-06-25,2025-07-07
PAT_004686,DEV_005866,2025-08-13,2025-08-13
PAT_004687,DEV_005867,2025-10-28,2025-10-31
PAT_004688,DEV_005868,2026-03-27,2026-03-27
PAT_004689,DEV_005869,2025-10-18,2026-02-11
PAT_004690,DEV_005870,2025-12-31,2026-01-02
PAT_004691,DEV_005871,2025-07-25,2025-07-25
PAT_004692,DEV_005872,2026-01-08,2026-01-13
PAT_004693,DEV_005873,2026-01-07,2026-01-11
PAT_004693,DEV_005874,2025-11-04,2025-12-04
PAT_004694,DEV_005875,2026-01-15,2026-01-17
PAT_004695,DEV_005876,2025-11-23,2025-11-23
PAT_004696,DEV_005877,2025-07-26,2025-08-03
PAT_004696,DEV_005878,2025-09-08,2025-09-10
PAT_004697,DEV_005879,2025-10-04,2025-10-04
PAT_004698,DEV_005880,2026-02-12,2026-02-12
PAT_004698,DEV_005881,2026-01-23,2026-02-12
PAT_004699,DEV_005882,2026-04-13,2026-04-13
PAT_004700,DEV_005883,2025-07-20,2025-11-23
PAT_004700,DEV_005884,2025-05-04,2025-06-03
PAT_004701,DEV_005885,2025-10-17,2025-10-17
PAT_004702,DEV_005886,2025-10-10,2025-10-10
PAT_004703,DEV_005887,2025-09-03,2025-09-03
PAT_004704,DEV_005888,2025-08-16,2025-08-21
PAT_004705,DEV_005889,2025-12-16,2025-12-16
PAT_004706,DEV_005890,2025-12-13,2025-12-21
PAT_004706,DEV_005891,2026-02-25,2026-02-27
PAT_004707,DEV_005892,2025-08-22,2025-12-25
PAT_004708,DEV_005131,2025-10-30,2026-05-03
PAT_004709,DEV_005893,2025-12-28,2026-01-11
PAT_004709,DEV_005894,2026-01-11,2026-01-11
PAT_004710,DEV_005895,2026-02-16,2026-02-17
PAT_004710,DEV_005896,2026-01-20,2026-02-16
PAT_004711,DEV_005897,2025-08-01,2025-08-01
PAT_004712,DEV_002578,2025-07-04,2025-07-04
PAT_004713,DEV_005898,2026-02-08,2026-02-11
PAT_004714,DEV_005899,2026-04-10,2026-04-10
PAT_004715,DEV_005900,2025-09-28,2025-10-03
PAT_004715,DEV_005901,2025-09-09,2025-09-28
PAT_004716,DEV_005902,2026-01-02,2026-01-07
PAT_004717,DEV_005903,2026-01-22,2026-02-08
PAT_004717,DEV_005904,2026-02-08,2026-02-08
PAT_004718,DEV_005905,2026-04-03,2026-04-03
PAT_004719,DEV_005906,2026-02-27,2026-02-27
PAT_004720,DEV_005907,2026-03-06,2026-03-10
PAT_004721,DEV_005908,2025-09-21,2025-09-21
PAT_004722,DEV_005909,2026-03-12,2026-05-05
PAT_004723,DEV_005910,2026-05-08,2026-05-08
PAT_004724,DEV_005911,2025-11-11,2025-11-11
PAT_004725,DEV_005912,2025-12-30,2025-12-30
PAT_004726,DEV_005913,2025-07-25,2025-07-26
PAT_004727,DEV_005914,2025-10-09,2025-10-09
PAT_004728,DEV_005915,2025-11-20,2025-12-12
PAT_004728,DEV_005916,2026-01-17,2026-01-18
PAT_004729,DEV_005917,2025-09-26,2025-09-27
PAT_004729,DEV_005918,2025-12-18,2025-12-23
PAT_004730,DEV_005919,2026-01-19,2026-01-19
PAT_004731,DEV_005920,2025-11-26,2025-11-29
PAT_004732,DEV_005921,2026-04-18,2026-04-18
PAT_004733,DEV_005922,2025-09-16,2025-09-16
PAT_004734,DEV_005923,2026-05-11,2026-05-13
PAT_004734,DEV_005924,2026-03-29,2026-04-19
PAT_004735,DEV_005925,2025-11-11,2025-11-16
PAT_004736,DEV_005926,2025-10-12,2026-04-28
PAT_004737,DEV_005927,2026-01-22,2026-01-25
PAT_004738,DEV_005928,2025-11-24,2025-12-23
PAT_004738,DEV_005929,2026-01-26,2026-01-27
PAT_004739,DEV_002590,2026-01-21,2026-01-26
PAT_004740,DEV_005930,2025-08-07,2025-08-18
PAT_004740,DEV_005931,2025-08-31,2025-08-31
PAT_004741,DEV_005932,2026-05-05,2026-05-09
PAT_004742,DEV_005933,2025-12-28,2026-01-17
PAT_004742,DEV_005934,2026-01-17,2026-01-21
PAT_004743,DEV_005935,2026-01-04,2026-01-05
PAT_004744,DEV_005936,2025-12-17,2025-12-17
PAT_004745,DEV_005937,2025-10-18,2025-10-21
PAT_004746,DEV_000726,2026-01-20,2026-01-20
PAT_004747,DEV_005938,2026-02-23,2026-02-27
PAT_004748,DEV_005939,2025-10-20,2025-10-23
PAT_004749,DEV_005940,2025-10-18,2025-10-19
PAT_004750,DEV_002082,2025-11-29,2025-12-04
PAT_004751,DEV_005941,2025-08-27,2025-08-30
PAT_004752,DEV_005942,2025-10-16,2025-11-10
PAT_004753,DEV_005943,2025-10-17,2025-10-18
PAT_004754,DEV_005944,2025-12-22,2025-12-25
PAT_004755,DEV_005945,2025-06-26,2025-08-01
PAT_004755,DEV_005946,2025-09-20,2025-09-20
PAT_004756,DEV_001596,2026-03-09,2026-03-09
PAT_004756,DEV_005947,2026-02-10,2026-02-15
PAT_004757,DEV_005948,2026-01-10,2026-01-10
PAT_004757,DEV_005949,2025-11-19,2025-12-27
PAT_004758,DEV_005950,2026-02-09,2026-02-09
PAT_004759,DEV_005951,2026-02-13,2026-02-17
PAT_004759,DEV_005952,2026-03-14,2026-03-17
PAT_004760,DEV_005953,2025-11-14,2025-11-14
PAT_004760,DEV_005954,2025-10-16,2025-11-14
PAT_004761,DEV_005955,2026-01-01,2026-01-05
PAT_004762,DEV_005956,2026-02-08,2026-02-08
PAT_004762,DEV_005957,2025-11-24,2025-12-30
PAT_004763,DEV_005958,2025-09-29,2025-10-02
PAT_004764,DEV_005959,2025-12-16,2025-12-16
PAT_004765,DEV_005960,2025-07-27,2025-07-31
PAT_004766,DEV_005961,2025-08-30,2025-09-03
PAT_004767,DEV_005962,2026-04-13,2026-04-16
PAT_004768,DEV_005963,2025-11-13,2025-11-18
PAT_004768,DEV_005964,2025-12-07,2025-12-11
PAT_004769,DEV_005965,2025-09-11,2025-09-22
PAT_004769,DEV_005966,2025-11-02,2025-11-06
PAT_004770,DEV_005967,2025-11-03,2025-11-07
PAT_004771,DEV_005968,2025-11-09,2025-11-12
PAT_004772,DEV_005969,2026-01-03,2026-01-03
PAT_004772,DEV_005970,2025-11-14,2025-11-29
PAT_004773,DEV_005971,2026-02-02,2026-02-06
PAT_004774,DEV_005972,2026-02-14,2026-02-19
PAT_004774,DEV_005973,2026-01-05,2026-01-06
PAT_004775,DEV_005974,2025-09-08,2025-09-12
PAT_004775,DEV_005975,2025-08-02,2025-08-19
PAT_004776,DEV_005976,2026-01-09,2026-01-10
PAT_004777,DEV_005977,2026-05-07,2026-05-10
PAT_004778,DEV_005978,2025-09-14,2025-09-14
PAT_004779,DEV_005979,2025-11-04,2025-12-05
PAT_004779,DEV_005980,2026-01-27,2026-01-27
PAT_004780,DEV_002381,2025-08-29,2026-03-12
PAT_004781,DEV_005981,2025-10-05,2025-10-07
PAT_004781,DEV_005982,2025-10-31,2025-11-01
PAT_004782,DEV_005983,2026-04-25,2026-04-30
PAT_004783,DEV_005984,2026-01-17,2026-01-17
PAT_004784,DEV_005985,2026-03-19,2026-03-22
PAT_004785,DEV_005986,2025-12-26,2025-12-31
PAT_004785,DEV_005987,2025-11-18,2025-12-26
PAT_004786,DEV_005988,2025-10-23,2025-10-28
PAT_004787,DEV_005989,2026-01-13,2026-01-13
PAT_004788,DEV_005990,2026-02-10,2026-02-10
PAT_004789,DEV_005991,2026-03-23,2026-03-23
PAT_004790,DEV_005992,2025-07-26,2026-01-18
PAT_004791,DEV_005993,2025-08-17,2025-09-04
PAT_004791,DEV_005994,2025-10-30,2025-10-30
PAT_004792,DEV_002276,2025-10-14,2025-10-15
PAT_004793,DEV_005995,2026-01-15,2026-01-17
PAT_004794,DEV_005996,2025-12-11,2025-12-14
PAT_004795,DEV_005997,2026-01-29,2026-01-31
PAT_004796,DEV_005998,2025-08-04,2025-08-06
PAT_004796,DEV_005999,2025-10-04,2025-10-08
PAT_004797,DEV_006000,2025-11-26,2025-11-30
PAT_004797,DEV_006001,2025-12-27,2025-12-31
PAT_004798,DEV_006002,2025-12-21,2025-12-26
PAT_004799,DEV_006003,2026-01-21,2026-01-25
PAT_004800,DEV_006004,2026-05-03,2026-05-08
PAT_004801,DEV_006005,2026-04-01,2026-04-02
PAT_004802,DEV_006006,2025-08-15,2025-08-20
PAT_004803,DEV_006007,2026-04-28,2026-05-01
PAT_004804,DEV_006008,2026-03-15,2026-04-17
PAT_004804,DEV_006009,2026-04-26,2026-04-26
PAT_004805,DEV_006010,2026-01-11,2026-02-16
PAT_004805,DEV_006011,2026-03-23,2026-03-23
PAT_004806,DEV_006012,2025-11-17,2025-11-20
PAT_004807,DEV_006013,2025-07-09,2025-07-14
PAT_004808,DEV_006014,2025-11-21,2025-11-24
PAT_004809,DEV_006015,2026-04-07,2026-04-11
PAT_004810,DEV_006016,2025-07-14,2025-07-16
PAT_004811,DEV_006017,2025-09-13,2025-09-14
PAT_004812,DEV_006018,2025-12-30,2026-01-04
PAT_004813,DEV_006019,2025-11-12,2025-11-13
PAT_004814,DEV_006020,2025-07-18,2025-07-21
PAT_004815,DEV_006021,2026-01-24,2026-02-22
PAT_004815,DEV_006022,2026-03-08,2026-03-13
PAT_004816,DEV_006023,2025-06-17,2025-07-04
PAT_004816,DEV_006024,2025-07-04,2025-07-09
PAT_004817,DEV_006025,2025-12-21,2025-12-21
PAT_004818,DEV_006026,2026-04-15,2026-04-15
PAT_004819,DEV_006027,2025-07-15,2025-07-18
PAT_004819,DEV_006028,2025-04-23,2025-04-28
PAT_004820,DEV_006029,2026-05-04,2026-05-09
PAT_004821,DEV_006030,2025-07-14,2026-02-16
PAT_004822,DEV_005532,2025-10-07,2025-10-12
PAT_004823,DEV_006031,2025-08-23,2025-08-23
PAT_004824,DEV_006032,2025-12-05,2025-12-21
PAT_004824,DEV_006033,2026-01-08,2026-01-09
PAT_004825,DEV_006034,2026-03-31,2026-03-31
PAT_004826,DEV_006035,2025-07-31,2025-08-03
PAT_004827,DEV_006036,2026-01-14,2026-01-22
PAT_004827,DEV_006037,2026-02-07,2026-02-07
PAT_004828,DEV_006038,2026-05-01,2026-05-06
PAT_004829,DEV_006039,2025-08-15,2025-08-18
PAT_004830,DEV_006040,2025-09-11,2025-10-20
PAT_004830,DEV_006041,2025-12-05,2025-12-05
PAT_004831,DEV_006042,2026-03-22,2026-03-25
PAT_004832,DEV_006043,2025-10-17,2025-10-19
PAT_004833,DEV_006044,2025-11-09,2025-11-09
PAT_004834,DEV_006045,2026-03-10,2026-03-10
PAT_004835,DEV_006046,2026-03-05,2026-03-06
PAT_004836,DEV_006047,2026-01-19,2026-01-19
PAT_004837,DEV_006048,2025-12-02,2025-12-02
PAT_004838,DEV_006049,2026-01-08,2026-01-08
PAT_004838,DEV_006050,2025-10-25,2025-11-09
PAT_004839,DEV_006051,2026-01-24,2026-01-24
PAT_004840,DEV_006052,2026-04-21,2026-04-24
PAT_004841,DEV_006053,2025-07-09,2025-08-15
PAT_004841,DEV_006054,2025-09-02,2025-10-18
PAT_004842,DEV_006055,2025-10-19,2025-10-24
PAT_004843,DEV_006056,2026-01-09,2026-01-11
PAT_004844,DEV_006057,2026-03-16,2026-04-01
PAT_004844,DEV_006058,2026-04-01,2026-04-02
PAT_004845,DEV_006059,2025-08-28,2025-08-28
PAT_004846,DEV_006060,2025-09-08,2025-09-18
PAT_004846,DEV_006061,2025-11-30,2025-11-30
PAT_004847,DEV_006062,2025-11-08,2025-11-09
PAT_004848,DEV_006063,2026-02-07,2026-02-07
PAT_004849,DEV_006064,2025-11-20,2025-11-24
PAT_004850,DEV_006065,2025-09-05,2025-09-05
PAT_004851,DEV_006066,2026-03-09,2026-03-09
PAT_004851,DEV_006067,2026-01-21,2026-02-12
PAT_004852,DEV_006068,2026-01-17,2026-01-22
PAT_004853,DEV_006069,2025-09-29,2025-10-02
PAT_004854,DEV_006070,2025-12-16,2025-12-20
PAT_004855,DEV_006071,2026-04-29,2026-05-01
PAT_004856,DEV_006072,2025-07-21,2025-07-22
PAT_004857,DEV_006073,2025-07-15,2025-07-15
PAT_004858,DEV_006074,2025-10-06,2026-03-09
PAT_004858,DEV_006075,2025-07-14,2025-08-22
PAT_004859,DEV_006076,2026-04-19,2026-04-21
PAT_004860,DEV_006077,2026-02-25,2026-02-25
PAT_004860,DEV_006078,2026-01-16,2026-01-21
PAT_004861,DEV_006079,2026-01-28,2026-02-02
PAT_004862,DEV_006080,2025-11-30,2025-12-05
PAT_004863,DEV_006081,2026-02-20,2026-02-20
PAT_004864,DEV_006082,2025-12-20,2026-04-07
PAT_004865,DEV_006083,2025-07-19,2025-07-24
PAT_004865,DEV_006084,2025-06-11,2025-07-07
PAT_004866,DEV_006085,2026-04-03,2026-04-03
PAT_004867,DEV_006086,2025-07-31,2025-07-31
PAT_004868,DEV_006087,2026-03-29,2026-04-02
PAT_004869,DEV_006088,2025-10-27,2025-11-14
PAT_004869,DEV_006089,2025-11-14,2025-11-14
PAT_004870,DEV_006090,2026-03-12,2026-03-15
PAT_004871,DEV_006091,2025-10-28,2025-10-28
PAT_004872,DEV_006092,2025-09-24,2025-09-24
PAT_004873,DEV_006093,2025-12-01,2025-12-06
PAT_004873,DEV_006094,2025-11-11,2025-12-01
PAT_004874,DEV_006095,2025-08-05,2025-08-06
PAT_004875,DEV_006096,2025-08-25,2026-01-03
PAT_004876,DEV_006097,2026-02-24,2026-03-14
PAT_004876,DEV_006098,2026-04-25,2026-04-30
PAT_004877,DEV_006099,2025-12-12,2026-02-25
PAT_004877,DEV_006100,2025-09-14,2025-09-19
PAT_004878,DEV_006101,2025-10-23,2025-10-24
PAT_004879,DEV_006102,2025-12-22,2025-12-24
PAT_004880,DEV_006103,2026-04-18,2026-04-20
PAT_004881,DEV_006104,2025-11-11,2025-11-11
PAT_004882,DEV_006105,2026-04-08,2026-04-09
PAT_004883,DEV_006106,2025-11-20,2025-11-20
PAT_004884,DEV_006107,2026-05-08,2026-05-08
PAT_004884,DEV_006108,2026-04-19,2026-04-30
PAT_004885,DEV_006109,2026-03-10,2026-04-09
PAT_004885,DEV_006110,2026-04-09,2026-04-11
PAT_004886,DEV_006111,2025-10-02,2025-10-02
PAT_004887,DEV_006112,2025-11-08,2025-11-10
PAT_004888,DEV_006113,2025-12-23,2025-12-23
PAT_004888,DEV_006114,2025-10-13,2025-11-04
PAT_004889,DEV_003447,2025-11-19,2025-11-19
PAT_004890,DEV_000427,2026-01-30,2026-01-30
PAT_004891,DEV_006115,2025-07-11,2025-08-12
PAT_004891,DEV_006116,2025-08-16,2025-08-16
PAT_004892,DEV_006117,2025-08-24,2025-08-29
PAT_004892,DEV_006118,2025-07-22,2025-08-07
PAT_004893,DEV_006119,2026-02-11,2026-02-15
PAT_004894,DEV_006120,2026-05-06,2026-05-06
PAT_004895,DEV_006121,2025-05-26,2025-06-10
PAT_004895,DEV_006122,2025-08-09,2025-08-14
PAT_004896,DEV_006123,2025-10-10,2025-10-15
PAT_004896,DEV_006124,2025-08-29,2025-09-21
PAT_004897,DEV_006125,2025-07-05,2025-07-10
PAT_004898,DEV_006126,2025-11-13,2025-11-18
PAT_004899,DEV_006127,2026-03-21,2026-03-25
PAT_004899,DEV_006128,2026-05-08,2026-05-10
PAT_004900,DEV_006129,2026-02-06,2026-02-08
PAT_004901,DEV_006130,2025-09-03,2025-09-04
PAT_004902,DEV_006131,2026-02-23,2026-02-23
PAT_004903,DEV_006132,2026-04-13,2026-04-16
PAT_004904,DEV_006133,2026-01-16,2026-01-16
PAT_004905,DEV_006134,2025-06-25,2025-07-22
PAT_004905,DEV_006135,2025-07-30,2026-05-08
PAT_004906,DEV_006136,2026-04-08,2026-04-10
PAT_004907,DEV_006137,2026-04-21,2026-04-21
PAT_004908,DEV_006138,2025-12-10,2025-12-10
PAT_004909,DEV_006139,2025-11-22,2025-11-22
PAT_004909,DEV_006140,2025-08-25,2025-09-24
PAT_004910,DEV_001735,2026-04-24,2026-04-24
PAT_004911,DEV_006141,2025-07-18,2025-07-23
PAT_004912,DEV_006142,2025-04-27,2025-05-17
PAT_004912,DEV_006143,2025-07-05,2025-07-05
PAT_004913,DEV_006144,2026-02-17,2026-02-17
PAT_004914,DEV_006145,2026-05-04,2026-05-08
PAT_004915,DEV_006146,2025-11-06,2026-01-24
PAT_004916,DEV_006147,2026-04-15,2026-04-19
PAT_004916,DEV_006148,2026-02-20,2026-03-31
PAT_004917,DEV_006149,2026-05-02,2026-05-02
PAT_004918,DEV_006150,2025-10-19,2025-11-29
PAT_004919,DEV_006151,2025-10-20,2025-10-20
PAT_004919,DEV_006152,2025-08-12,2025-09-09
PAT_004920,DEV_006153,2025-12-13,2025-12-13
PAT_004921,DEV_006154,2025-04-27,2025-05-10
PAT_004921,DEV_006155,2025-07-11,2025-07-11
PAT_004922,DEV_006156,2026-01-08,2026-01-11
PAT_004923,DEV_006157,2026-04-16,2026-04-21
PAT_004924,DEV_006158,2025-08-16,2025-08-18
PAT_004925,DEV_006159,2025-07-17,2025-07-21
PAT_004926,DEV_000894,2025-09-10,2026-04-27
PAT_004927,DEV_006160,2025-07-29,2025-08-03
PAT_004928,DEV_006161,2026-02-28,2026-03-05
PAT_004928,DEV_006162,2026-01-13,2026-01-16
PAT_004929,DEV_006163,2026-04-03,2026-04-03
PAT_004929,DEV_006164,2026-02-19,2026-03-24
PAT_004930,DEV_006165,2025-07-16,2025-07-21
PAT_004930,DEV_006166,2025-06-01,2025-06-24
PAT_004931,DEV_006167,2025-09-12,2025-09-17
PAT_004932,DEV_006168,2025-06-24,2025-07-11
PAT_004932,DEV_006169,2025-08-14,2025-08-18
PAT_004933,DEV_006170,2025-09-19,2025-09-19
PAT_004934,DEV_006171,2026-01-12,2026-01-17
PAT_004934,DEV_006172,2025-12-20,2026-01-12
PAT_004935,DEV_006173,2026-04-23,2026-04-23
PAT_004936,DEV_006174,2026-05-01,2026-05-02
PAT_004937,DEV_006175,2026-03-15,2026-03-15
PAT_004938,DEV_006176,2025-11-28,2026-02-21
PAT_004939,DEV_006177,2026-02-02,2026-02-03
PAT_004940,DEV_006178,2026-03-16,2026-03-16
PAT_004941,DEV_006179,2026-02-03,2026-02-05
PAT_004942,DEV_006180,2025-12-28,2025-12-31
PAT_004943,DEV_002498,2025-09-20,2025-10-24
PAT_004943,DEV_006181,2025-12-13,2025-12-15
PAT_004944,DEV_002897,2025-12-18,2025-12-18
PAT_004944,DEV_006182,2025-11-20,2025-11-26
PAT_004945,DEV_006183,2025-11-01,2025-11-02
PAT_004946,DEV_006184,2025-11-18,2025-11-18
PAT_004947,DEV_006185,2025-07-09,2025-07-09
PAT_004948,DEV_006186,2026-04-02,2026-04-06
PAT_004949,DEV_006187,2025-10-28,2025-10-28
PAT_004950,DEV_006188,2025-07-19,2025-08-08
PAT_004950,DEV_006189,2025-10-06,2025-10-06
PAT_004951,DEV_006190,2025-10-20,2026-01-25
PAT_004952,DEV_006191,2025-11-07,2025-11-12
PAT_004953,DEV_006192,2025-07-14,2025-07-19
PAT_004954,DEV_006193,2025-12-07,2025-12-11
PAT_004955,DEV_006194,2026-04-06,2026-04-11
PAT_004955,DEV_006195,2026-02-27,2026-04-05
PAT_004956,DEV_006196,2026-04-10,2026-04-10
PAT_004956,DEV_006197,2026-01-18,2026-02-13
PAT_004957,DEV_006198,2025-08-05,2025-08-10
PAT_004958,DEV_006199,2025-05-29,2025-06-11
PAT_004958,DEV_006200,2025-07-14,2025-07-14
PAT_004959,DEV_006201,2025-12-11,2025-12-14
PAT_004960,DEV_006202,2025-08-22,2025-08-22
PAT_004961,DEV_006203,2025-05-18,2025-06-20
PAT_004961,DEV_006204,2025-08-13,2025-08-16
PAT_004962,DEV_006205,2026-01-12,2026-01-17
PAT_004963,DEV_006206,2026-02-23,2026-02-26
PAT_004964,DEV_006207,2026-01-11,2026-01-12
PAT_004965,DEV_001630,2025-12-01,2025-12-06
PAT_004966,DEV_006208,2025-08-12,2026-05-09
PAT_004967,DEV_006209,2025-08-07,2025-08-07
PAT_004967,DEV_006210,2025-06-18,2025-07-04
PAT_004968,DEV_002412,2026-03-01,2026-03-05
PAT_004968,DEV_006211,2026-04-29,2026-05-03
PAT_004969,DEV_006212,2026-04-30,2026-04-30
PAT_004970,DEV_006213,2025-12-12,2025-12-30
PAT_004970,DEV_006214,2026-02-05,2026-02-07
PAT_004971,DEV_006215,2026-01-27,2026-01-28
PAT_004972,DEV_006216,2025-08-14,2025-08-19
PAT_004973,DEV_006217,2025-06-07,2025-06-18
PAT_004973,DEV_006218,2025-07-26,2025-08-02
PAT_004974,DEV_006219,2026-02-27,2026-03-01
PAT_004974,DEV_006220,2026-02-08,2026-02-10
PAT_004975,DEV_006221,2025-08-05,2025-08-08
PAT_004976,DEV_006222,2025-10-19,2025-11-17
PAT_004976,DEV_006223,2026-01-05,2026-01-05
PAT_004977,DEV_006224,2025-07-14,2025-07-14
PAT_004978,DEV_006225,2025-12-21,2025-12-26
PAT_004979,DEV_006226,2026-04-30,2026-05-04
PAT_004980,DEV_006227,2025-11-09,2025-11-10
PAT_004981,DEV_006228,2026-04-24,2026-04-24
PAT_004981,DEV_006229,2026-03-15,2026-04-11
PAT_004982,DEV_006230,2026-03-03,2026-03-03
PAT_004983,DEV_006231,2026-04-22,2026-04-26
PAT_004984,DEV_006232,2025-08-25,2025-08-25
PAT_004985,DEV_006233,2026-03-04,2026-03-06
PAT_004986,DEV_006234,2025-09-20,2025-09-20
PAT_004987,DEV_006235,2025-06-03,2025-07-06
PAT_004987,DEV_006236,2025-08-24,2025-08-27
PAT_004988,DEV_006237,2025-09-03,2025-09-03
PAT_004988,DEV_006238,2025-08-10,2025-08-11
PAT_004989,DEV_006239,2025-09-07,2025-09-07
PAT_004989,DEV_006240,2025-07-20,2025-08-15
PAT_004990,DEV_006241,2026-04-16,2026-04-16
PAT_004991,DEV_006242,2025-08-09,2025-08-11
PAT_004992,DEV_006243,2025-09-28,2025-10-25
PAT_004992,DEV_006244,2025-12-08,2025-12-12
PAT_004993,DEV_006245,2025-07-12,2025-07-13
PAT_004994,DEV_006246,2025-10-04,2025-11-05
PAT_004994,DEV_006247,2025-12-16,2025-12-16
PAT_004995,DEV_006248,2025-10-18,2025-10-18
PAT_004996,DEV_006249,2025-12-13,2025-12-13
PAT_004996,DEV_006250,2025-11-18,2025-12-13
PAT_004997,DEV_006251,2025-11-20,2025-12-14
PAT_004997,DEV_006252,2026-02-03,2026-02-04
PAT_004998,DEV_000170,2025-09-06,2025-09-09
PAT_004999,DEV_006253,2025-09-02,2025-09-05
PAT_005000,DEV_006254,2026-03-03,2026-03-04
PAT_005001,DEV_006255,2026-04-13,2026-04-16
PAT_005002,DEV_006256,2025-11-28,2025-11-29
PAT_005003,DEV_006257,2025-10-09,2025-10-09
PAT_005004,DEV_006258,2026-05-03,2026-05-08
PAT_005005,DEV_006259,2025-10-16,2025-10-20
PAT_005006,DEV_004769,2026-02-13,2026-03-10
PAT_005006,DEV_006260,2026-03-18,2026-03-19
PAT_005007,DEV_006261,2025-10-16,2025-10-19
PAT_005008,DEV_006262,2025-09-29,2025-09-29
PAT_005008,DEV_006263,2025-08-18,2025-08-23
PAT_005009,DEV_006264,2026-01-17,2026-01-22
PAT_005010,DEV_006265,2025-08-19,2025-08-19
PAT_005011,DEV_006266,2025-09-05,2025-09-08
PAT_005012,DEV_006267,2026-01-28,2026-01-29
PAT_005013,DEV_006268,2025-11-04,2026-04-10
PAT_005014,DEV_006269,2026-04-27,2026-04-30
PAT_005015,DEV_006270,2025-05-25,2025-07-02
PAT_005015,DEV_006271,2025-07-11,2025-07-14
PAT_005016,DEV_006272,2025-11-25,2025-11-25
PAT_005017,DEV_006273,2025-10-09,2025-10-09
PAT_005017,DEV_006274,2025-08-26,2025-09-30
PAT_005018,DEV_006275,2025-09-06,2025-09-28
PAT_005019,DEV_006276,2025-10-14,2025-10-18
PAT_005020,DEV_006277,2025-09-15,2025-09-19
PAT_005021,DEV_006278,2026-01-10,2026-01-10
PAT_005021,DEV_006279,2025-12-10,2025-12-16
PAT_005022,DEV_006280,2025-09-05,2025-09-30
PAT_005022,DEV_006281,2025-10-27,2025-11-01
PAT_005023,DEV_006282,2025-11-05,2025-11-07
PAT_005024,DEV_002625,2026-03-08,2026-03-10
PAT_005025,DEV_006283,2025-12-26,2026-01-13
PAT_005025,DEV_006284,2026-03-05,2026-03-08
PAT_005026,DEV_000522,2025-12-26,2025-12-31
PAT_005027,DEV_006285,2025-09-14,2025-09-17
PAT_005028,DEV_006286,2025-11-15,2025-11-16
PAT_005029,DEV_006287,2025-12-08,2025-12-13
PAT_005030,DEV_006288,2026-05-09,2026-05-09
PAT_005030,DEV_006289,2026-03-21,2026-04-20
PAT_005031,DEV_005660,2026-01-29,2026-01-29
PAT_005031,DEV_006290,2026-01-05,2026-01-29
PAT_005032,DEV_006291,2026-04-09,2026-04-10
PAT_005033,DEV_006292,2026-05-10,2026-05-10
PAT_005034,DEV_006293,2026-03-14,2026-03-18
PAT_005035,DEV_006294,2026-04-14,2026-04-19
PAT_005036,DEV_006295,2025-09-17,2025-09-17
PAT_005037,DEV_006296,2025-08-13,2026-05-06
PAT_005038,DEV_006297,2026-04-25,2026-04-25
PAT_005039,DEV_006298,2025-12-13,2025-12-17
PAT_005040,DEV_006299,2026-01-03,2026-01-04
PAT_005041,DEV_006300,2025-08-01,2025-08-01
PAT_005042,DEV_006301,2025-10-08,2025-10-08
PAT_005043,DEV_006302,2025-05-11,2025-06-16
PAT_005043,DEV_006303,2025-07-15,2025-07-15
PAT_005044,DEV_006304,2025-08-14,2025-08-28
PAT_005044,DEV_006305,2025-11-04,2025-11-09
PAT_005045,DEV_006306,2025-09-04,2025-10-12
PAT_005045,DEV_006307,2025-11-08,2025-11-08
PAT_005046,DEV_006308,2025-05-28,2025-06-18
PAT_005046,DEV_006309,2025-08-01,2025-08-01
PAT_005047,DEV_006310,2025-12-16,2025-12-16
PAT_005048,DEV_006311,2026-02-02,2026-02-06
PAT_005049,DEV_006312,2025-09-01,2025-09-01
PAT_005050,DEV_006313,2026-04-29,2026-04-29
PAT_005051,DEV_006314,2025-10-06,2025-12-11
PAT_005051,DEV_006315,2025-09-11,2025-09-22
PAT_005052,DEV_005001,2025-07-28,2025-08-17
PAT_005052,DEV_006316,2025-08-27,2025-09-01
PAT_005053,DEV_006317,2026-01-14,2026-01-18
PAT_005053,DEV_006318,2026-01-24,2026-01-26
PAT_005054,DEV_006319,2025-10-21,2026-02-05
PAT_005055,DEV_006320,2025-12-20,2025-12-20
PAT_005055,DEV_006321,2025-11-28,2025-12-20
PAT_005056,DEV_006322,2026-05-09,2026-05-09
PAT_005056,DEV_006323,2026-02-03,2026-02-06
PAT_005057,DEV_006324,2026-05-07,2026-05-07
PAT_005058,DEV_006325,2025-12-21,2025-12-26
PAT_005058,DEV_006326,2025-10-24,2025-11-25
PAT_005059,DEV_006327,2026-03-17,2026-03-21
PAT_005060,DEV_006328,2025-04-29,2025-05-08
PAT_005060,DEV_006329,2025-07-21,2025-07-21
PAT_005061,DEV_006330,2026-01-22,2026-01-27
PAT_005062,DEV_006331,2026-02-05,2026-02-08
PAT_005063,DEV_006332,2026-03-25,2026-03-27
PAT_005064,DEV_006333,2025-10-11,2025-10-11
PAT_005065,DEV_006334,2025-10-23,2025-12-09
PAT_005066,DEV_006335,2025-07-15,2025-07-19
PAT_005066,DEV_006336,2025-04-22,2025-05-20
PAT_005067,DEV_006337,2025-08-06,2025-08-09
PAT_005067,DEV_006338,2025-07-17,2025-08-06
PAT_005068,DEV_006339,2026-03-12,2026-03-12
PAT_005069,DEV_006340,2025-12-10,2026-01-12
PAT_005069,DEV_006341,2026-01-27,2026-01-27
PAT_005070,DEV_006342,2025-11-23,2026-05-09
PAT_005071,DEV_006343,2025-07-18,2025-07-22
PAT_005072,DEV_006344,2026-02-02,2026-02-02
PAT_005073,DEV_006345,2025-12-08,2025-12-30
PAT_005073,DEV_006346,2026-03-02,2026-03-02
PAT_005074,DEV_001383,2026-01-04,2026-01-05
PAT_005075,DEV_006347,2025-08-19,2025-08-20
PAT_005076,DEV_006184,2026-02-01,2026-02-01
PAT_005077,DEV_006348,2025-09-11,2026-04-29
PAT_005078,DEV_006349,2026-04-28,2026-04-30
PAT_005079,DEV_006350,2025-10-27,2025-10-30
PAT_005080,DEV_006351,2026-03-05,2026-03-05
PAT_005081,DEV_006352,2026-01-23,2026-03-31
PAT_005082,DEV_006353,2026-04-26,2026-05-01
PAT_005083,DEV_006354,2025-12-16,2025-12-25
PAT_005083,DEV_006355,2025-11-19,2025-12-02
PAT_005084,DEV_006356,2026-03-11,2026-03-14
PAT_005085,DEV_006357,2026-01-29,2026-03-02
PAT_005085,DEV_006358,2026-03-24,2026-03-24
PAT_005086,DEV_006359,2026-02-19,2026-02-23
PAT_005087,DEV_006360,2026-03-05,2026-03-15
PAT_005087,DEV_006361,2026-03-21,2026-03-21
PAT_005088,DEV_006362,2025-09-17,2025-10-11
PAT_005088,DEV_006363,2025-10-23,2025-10-23
PAT_005089,DEV_006364,2025-08-02,2025-08-07
PAT_005090,DEV_006365,2025-10-24,2025-10-29
PAT_005090,DEV_006366,2025-08-13,2025-08-28
PAT_005091,DEV_006367,2025-09-10,2025-09-10
PAT_005092,DEV_002202,2026-01-20,2026-01-23
PAT_005093,DEV_006368,2025-12-22,2025-12-22
PAT_005094,DEV_006369,2026-01-07,2026-01-12
PAT_005095,DEV_006370,2025-07-27,2025-12-17
PAT_005096,DEV_006371,2026-04-10,2026-04-13
PAT_005097,DEV_006372,2025-12-18,2025-12-22
PAT_005098,DEV_006373,2025-07-28,2025-07-28
PAT_005099,DEV_006374,2025-07-29,2025-07-29
PAT_005100,DEV_006375,2025-11-21,2025-11-26
PAT_005101,DEV_006376,2026-04-07,2026-04-11
PAT_005102,DEV_006377,2026-04-30,2026-05-01
PAT_005103,DEV_006378,2025-07-13,2025-07-27
PAT_005103,DEV_006379,2025-10-05,2025-10-07
PAT_005104,DEV_006380,2026-02-05,2026-02-05
PAT_005105,DEV_006381,2025-12-13,2025-12-13
PAT_005105,DEV_006382,2025-11-16,2025-11-17
PAT_005106,DEV_006383,2026-01-08,2026-04-01
PAT_005107,DEV_006384,2026-02-01,2026-02-20
PAT_005107,DEV_006385,2026-04-27,2026-05-02
PAT_005108,DEV_006386,2025-11-19,2025-11-23
PAT_005109,DEV_006387,2026-01-13,2026-01-13
PAT_005109,DEV_006388,2025-12-10,2025-12-26
PAT_005110,DEV_006389,2025-11-17,2025-11-20
PAT_005111,DEV_006390,2026-01-26,2026-02-13
PAT_005111,DEV_006391,2026-04-02,2026-04-06
PAT_005112,DEV_006392,2026-04-09,2026-04-14
PAT_005113,DEV_006393,2025-10-22,2025-10-25
PAT_005114,DEV_006394,2025-10-31,2026-02-23
PAT_005115,DEV_006395,2025-12-26,2025-12-26
PAT_005116,DEV_006396,2026-01-31,2026-01-31
PAT_005117,DEV_006397,2026-03-09,2026-03-12
PAT_005118,DEV_006398,2025-09-03,2025-09-18
PAT_005118,DEV_006399,2025-11-22,2025-11-22
PAT_005119,DEV_006400,2026-05-02,2026-05-06
PAT_005120,DEV_006401,2025-07-03,2025-07-28
PAT_005120,DEV_006402,2025-08-09,2025-08-13
PAT_005121,DEV_006403,2026-01-26,2026-01-26
PAT_005121,DEV_006404,2025-12-23,2026-01-03
PAT_005122,DEV_006405,2025-12-26,2025-12-26
PAT_005123,DEV_006406,2025-10-19,2025-10-20
PAT_005123,DEV_006407,2025-11-29,2025-12-02
PAT_005124,DEV_006408,2025-08-08,2025-08-08
PAT_005125,DEV_006409,2025-07-15,2025-07-15
PAT_005126,DEV_006410,2026-04-21,2026-04-26
PAT_005127,DEV_006411,2025-09-22,2025-12-28
PAT_005128,DEV_006412,2025-08-25,2026-01-16
PAT_005129,DEV_006413,2025-09-18,2025-10-02
PAT_005130,DEV_006414,2026-03-08,2026-03-10
PAT_005131,DEV_006415,2025-12-16,2026-01-22
PAT_005131,DEV_006416,2026-02-08,2026-02-10
PAT_005132,DEV_006417,2025-10-02,2025-10-02
PAT_005133,DEV_006418,2025-12-13,2025-12-13
PAT_005134,DEV_006419,2026-04-09,2026-04-12
PAT_005135,DEV_006420,2026-03-29,2026-04-03
PAT_005135,DEV_006421,2026-02-21,2026-03-29
PAT_005136,DEV_006422,2026-05-04,2026-05-07
PAT_005136,DEV_006423,2026-02-14,2026-03-16
PAT_005137,DEV_006424,2025-09-04,2025-11-15
PAT_005138,DEV_006425,2026-05-07,2026-05-07
PAT_005138,DEV_006426,2026-02-19,2026-03-11
PAT_005139,DEV_006427,2025-12-16,2025-12-21
PAT_005140,DEV_006428,2026-02-11,2026-03-07
PAT_005140,DEV_006429,2026-04-30,2026-05-02
PAT_005141,DEV_006430,2025-08-31,2025-08-31
PAT_005142,DEV_006431,2025-11-05,2025-11-05
PAT_005143,DEV_006432,2026-01-01,2026-01-03
PAT_005143,DEV_006433,2025-11-30,2025-12-14
PAT_005144,DEV_006434,2026-02-16,2026-02-19
PAT_005145,DEV_006435,2025-11-02,2026-02-28
PAT_005146,DEV_006436,2026-03-24,2026-03-28
PAT_005147,DEV_006437,2025-08-12,2025-08-12
PAT_005148,DEV_006438,2025-04-19,2025-05-22
PAT_005149,DEV_006439,2026-05-09,2026-05-14
PAT_005149,DEV_006440,2026-03-17,2026-03-27
PAT_005150,DEV_006441,2025-07-18,2025-07-21
PAT_005150,DEV_006442,2025-05-03,2025-06-11
PAT_005151,DEV_006443,2025-11-10,2025-11-13
PAT_005151,DEV_006444,2025-08-27,2025-09-17
PAT_005152,DEV_006445,2025-12-22,2025-12-28
PAT_005152,DEV_006446,2026-03-13,2026-03-14
PAT_005153,DEV_006447,2025-09-28,2025-10-01
PAT_005153,DEV_006448,2025-08-24,2025-09-02
PAT_005154,DEV_006449,2026-03-22,2026-03-22
PAT_005155,DEV_006450,2025-11-17,2025-11-20
PAT_005155,DEV_006451,2025-09-10,2025-09-24
PAT_005156,DEV_006452,2026-01-10,2026-01-15
PAT_005157,DEV_006453,2025-11-16,2025-11-16
PAT_005158,DEV_006454,2026-01-16,2026-01-19
PAT_005159,DEV_006455,2025-08-07,2025-08-07
PAT_005159,DEV_006456,2025-06-03,2025-06-11
PAT_005160,DEV_006457,2026-02-01,2026-02-02
PAT_005161,DEV_006458,2026-04-05,2026-04-08
PAT_005162,DEV_006459,2026-01-13,2026-01-17
PAT_005163,DEV_006460,2025-10-17,2025-10-17
PAT_005164,DEV_006461,2026-04-23,2026-04-23
PAT_005165,DEV_006462,2026-02-28,2026-03-20
PAT_005165,DEV_006463,2026-05-02,2026-05-07
PAT_005166,DEV_006464,2026-01-08,2026-02-01
PAT_005166,DEV_006465,2026-02-27,2026-02-27
PAT_005167,DEV_006466,2026-03-30,2026-04-04
PAT_005168,DEV_006467,2025-12-15,2025-12-20
PAT_005169,DEV_006468,2025-07-07,2025-07-11
PAT_005170,DEV_006469,2025-06-26,2025-07-13
PAT_005170,DEV_006470,2025-07-26,2025-07-31
PAT_005171,DEV_006471,2026-05-08,2026-05-08
PAT_005172,DEV_006472,2026-04-15,2026-04-18
PAT_005173,DEV_006473,2026-01-05,2026-01-05
PAT_005174,DEV_006474,2025-07-12,2025-07-12
PAT_005175,DEV_006475,2025-09-05,2025-09-05
PAT_005176,DEV_006476,2025-08-11,2025-08-11
PAT_005177,DEV_006477,2025-09-02,2026-02-10
PAT_005177,DEV_006478,2025-07-30,2025-08-06
PAT_005178,DEV_006479,2025-10-06,2026-01-16
PAT_005179,DEV_006480,2025-12-20,2025-12-24
PAT_005180,DEV_006481,2025-09-19,2025-09-19
PAT_005180,DEV_006482,2025-07-09,2025-08-01
PAT_005181,DEV_006483,2025-07-03,2025-07-08
PAT_005182,DEV_006484,2026-02-22,2026-02-25
PAT_005183,DEV_001058,2025-10-04,2025-10-09
PAT_005184,DEV_006485,2025-12-08,2025-12-12
PAT_005185,DEV_006486,2026-01-28,2026-01-28
PAT_005186,DEV_006487,2026-02-27,2026-03-01
PAT_005187,DEV_006488,2025-08-17,2025-09-14
PAT_005187,DEV_006489,2025-10-21,2025-10-21
PAT_005188,DEV_006490,2025-08-20,2025-08-24
PAT_005189,DEV_006491,2025-11-18,2025-11-23
PAT_005190,DEV_001956,2026-02-28,2026-03-01
PAT_005191,DEV_006492,2026-03-21,2026-03-24
PAT_005192,DEV_006493,2025-11-02,2025-11-02
PAT_005193,DEV_006494,2025-10-05,2025-10-05
PAT_005194,DEV_006495,2025-11-21,2026-05-10
PAT_005195,DEV_006496,2025-07-12,2025-07-13
PAT_005195,DEV_006497,2025-05-24,2025-06-11
PAT_005196,DEV_006498,2026-03-01,2026-03-02
PAT_005197,DEV_006499,2025-12-23,2025-12-28
PAT_005198,DEV_006500,2025-10-28,2025-10-28
PAT_005199,DEV_006501,2026-01-10,2026-01-10
PAT_005200,DEV_006502,2026-04-25,2026-04-25
PAT_005201,DEV_006503,2025-09-13,2025-09-13
PAT_005202,DEV_006504,2025-10-15,2025-10-20
PAT_005203,DEV_006505,2026-05-11,2026-05-14
PAT_005204,DEV_006506,2026-03-10,2026-03-10
PAT_005205,DEV_006507,2025-10-27,2025-10-27
PAT_005206,DEV_006508,2026-01-31,2026-01-31
PAT_005206,DEV_006509,2025-12-16,2026-01-18
PAT_005207,DEV_006510,2026-05-05,2026-05-05
PAT_005208,DEV_006511,2026-01-07,2026-01-12
PAT_005209,DEV_003512,2025-08-31,2025-09-04
PAT_005210,DEV_006512,2025-08-25,2025-08-25
PAT_005211,DEV_006513,2025-12-09,2025-12-09
PAT_005212,DEV_006514,2025-09-24,2025-09-27
PAT_005213,DEV_006515,2026-03-20,2026-03-20
PAT_005214,DEV_006516,2025-08-10,2025-08-11
PAT_005214,DEV_006517,2025-09-18,2025-09-20
PAT_005215,DEV_006518,2026-03-07,2026-03-10
PAT_005215,DEV_006519,2025-12-18,2026-01-25
PAT_005216,DEV_006520,2025-12-15,2025-12-15
PAT_005217,DEV_006521,2025-12-07,2025-12-07
PAT_005218,DEV_001655,2026-02-05,2026-02-17
PAT_005218,DEV_006522,2026-03-15,2026-03-15
PAT_005219,DEV_006523,2025-12-03,2025-12-03
PAT_005220,DEV_006524,2025-09-04,2025-10-12
PAT_005220,DEV_006525,2025-11-14,2025-11-18
PAT_005221,DEV_004961,2026-01-02,2026-01-18
PAT_005221,DEV_006526,2026-01-25,2026-01-30
PAT_005222,DEV_006527,2026-01-12,2026-02-19
PAT_005222,DEV_006528,2026-03-25,2026-03-25
PAT_005223,DEV_006529,2025-12-03,2025-12-08
PAT_005224,DEV_006530,2025-07-24,2026-05-08
PAT_005224,DEV_006531,2025-07-07,2025-07-16
PAT_005225,DEV_006532,2025-12-21,2026-04-25
PAT_005226,DEV_006533,2025-09-01,2026-03-04
PAT_005227,DEV_006534,2026-01-09,2026-01-09
PAT_005228,DEV_006535,2026-01-18,2026-01-23
PAT_005229,DEV_006536,2025-11-24,2025-12-14
PAT_005229,DEV_006537,2026-01-23,2026-01-28
PAT_005230,DEV_006538,2026-01-08,2026-01-13
PAT_005230,DEV_006539,2025-11-01,2025-11-17
PAT_005231,DEV_006540,2026-04-03,2026-04-08
PAT_005232,DEV_006541,2025-11-04,2025-11-07
PAT_005233,DEV_006542,2025-08-14,2025-09-20
PAT_005233,DEV_006543,2025-10-04,2025-10-15
PAT_005234,DEV_006544,2026-05-08,2026-05-08
PAT_005234,DEV_006545,2026-03-30,2026-04-01
PAT_005235,DEV_002192,2026-01-08,2026-01-08
PAT_005236,DEV_006546,2026-03-06,2026-03-10
PAT_005237,DEV_006547,2025-09-01,2025-09-01
PAT_005238,DEV_006548,2026-05-07,2026-05-12
PAT_005239,DEV_006549,2026-01-20,2026-01-20
PAT_005240,DEV_006550,2025-09-11,2025-10-08
PAT_005240,DEV_006551,2025-10-08,2025-10-08
PAT_005241,DEV_006552,2026-03-27,2026-03-31
PAT_005242,DEV_006553,2025-07-23,2025-07-28
PAT_005243,DEV_006554,2026-01-06,2026-01-06
PAT_005244,DEV_006555,2025-09-02,2025-09-03
PAT_005245,DEV_006556,2025-12-26,2025-12-28
PAT_005245,DEV_006557,2025-12-07,2025-12-07
PAT_005246,DEV_006558,2025-11-19,2025-11-24
PAT_005247,DEV_006559,2026-01-06,2026-02-09
PAT_005247,DEV_006560,2026-02-09,2026-02-10
PAT_005248,DEV_006561,2025-11-20,2025-11-22
PAT_005248,DEV_006562,2025-12-20,2025-12-20
PAT_005249,DEV_006563,2026-02-17,2026-02-21
PAT_005250,DEV_006564,2025-08-19,2025-08-20
PAT_005251,DEV_006565,2025-08-26,2025-08-30
PAT_005251,DEV_006566,2025-07-12,2025-08-17
PAT_005252,DEV_006567,2025-10-10,2025-10-12
PAT_005253,DEV_006568,2025-08-05,2025-08-05
PAT_005254,DEV_006569,2026-05-11,2026-05-16
PAT_005255,DEV_006121,2025-07-06,2025-07-09
PAT_005255,DEV_006570,2025-05-07,2025-06-04
PAT_005256,DEV_006571,2025-08-10,2025-08-13
PAT_005257,DEV_006572,2026-04-04,2026-04-19
PAT_005257,DEV_006573,2026-04-20,2026-04-20
PAT_005258,DEV_006574,2025-07-02,2025-07-02
PAT_005259,DEV_006575,2025-09-25,2025-09-27
PAT_005260,DEV_006576,2026-01-31,2026-01-31
PAT_005260,DEV_006577,2025-11-07,2025-11-17
PAT_005261,DEV_006578,2026-03-02,2026-03-03
PAT_005261,DEV_006579,2025-12-16,2025-12-31
PAT_005262,DEV_006580,2025-05-10,2025-06-09
PAT_005262,DEV_006581,2025-07-14,2026-02-21
PAT_005263,DEV_006582,2025-12-14,2025-12-14
PAT_005264,DEV_006583,2025-12-04,2025-12-04
PAT_005265,DEV_006584,2025-08-13,2025-08-15
PAT_005266,DEV_006585,2025-07-03,2026-03-05
PAT_005267,DEV_006586,2026-01-02,2026-01-02
PAT_005268,DEV_006587,2025-07-15,2026-02-06
PAT_005269,DEV_006588,2026-02-11,2026-02-14
PAT_005269,DEV_006589,2026-01-27,2026-02-04
PAT_005270,DEV_003187,2025-12-05,2025-12-05
PAT_005271,DEV_006590,2025-12-21,2025-12-21
PAT_005272,DEV_006591,2026-04-04,2026-04-04
PAT_005273,DEV_006592,2025-11-17,2025-11-17
PAT_005274,DEV_006593,2026-03-24,2026-03-25
PAT_005275,DEV_006594,2025-04-17,2025-05-24
PAT_005275,DEV_006595,2025-07-02,2025-07-04
PAT_005276,DEV_006596,2025-07-02,2025-07-07
PAT_005276,DEV_006597,2025-04-27,2025-06-01
PAT_005277,DEV_006598,2026-03-29,2026-03-29
PAT_005278,DEV_006599,2025-12-27,2026-02-01
PAT_005278,DEV_006600,2026-02-22,2026-02-22
PAT_005279,DEV_006601,2026-02-10,2026-02-14
PAT_005280,DEV_006602,2026-01-24,2026-01-24
PAT_005281,DEV_006603,2025-08-02,2025-08-05
PAT_005282,DEV_006604,2026-03-09,2026-05-04
PAT_005283,DEV_006605,2025-09-08,2025-09-10
PAT_005284,DEV_006606,2025-08-11,2026-04-19
PAT_005285,DEV_006607,2025-07-19,2025-07-23
PAT_005285,DEV_006608,2025-09-20,2025-09-20
PAT_005286,DEV_006609,2026-03-01,2026-03-01
PAT_005287,DEV_006610,2025-09-25,2025-09-28
PAT_005288,DEV_006611,2026-03-17,2026-03-17
PAT_005289,DEV_006612,2025-08-21,2025-09-15
PAT_005289,DEV_006613,2025-10-01,2025-10-06
PAT_005290,DEV_003159,2026-03-10,2026-03-11
PAT_005291,DEV_006614,2025-08-10,2025-08-12
PAT_005292,DEV_006615,2025-10-12,2025-10-13
PAT_005293,DEV_006616,2026-01-06,2026-01-06
PAT_005293,DEV_006617,2025-10-30,2025-11-06
PAT_005294,DEV_006618,2025-11-03,2025-11-06
PAT_005295,DEV_006619,2026-01-29,2026-02-03
PAT_005295,DEV_006620,2025-12-14,2026-01-06
PAT_005296,DEV_006621,2025-12-29,2026-01-09
PAT_005296,DEV_006622,2026-01-26,2026-01-26
PAT_005297,DEV_006623,2026-02-20,2026-02-22
PAT_005298,DEV_006624,2026-01-31,2026-01-31
PAT_005299,DEV_006625,2025-05-07,2025-06-14
PAT_005299,DEV_006626,2025-07-04,2025-07-04
PAT_005300,DEV_006627,2026-04-19,2026-04-20
PAT_005301,DEV_006628,2025-07-12,2025-07-12
PAT_005302,DEV_006629,2026-03-12,2026-03-16
PAT_005303,DEV_006630,2025-04-12,2025-04-25
PAT_005303,DEV_006631,2025-07-07,2025-07-10
PAT_005304,DEV_006632,2025-09-20,2025-09-25
PAT_005304,DEV_006633,2025-08-06,2025-09-11
PAT_005305,DEV_006634,2025-08-16,2025-08-16
PAT_005306,DEV_006635,2025-12-03,2025-12-31
PAT_005306,DEV_006636,2026-01-08,2026-01-09
PAT_005307,DEV_006637,2025-12-31,2026-01-03
PAT_005308,DEV_006638,2025-10-24,2025-10-24
PAT_005309,DEV_006639,2025-11-20,2025-11-25
PAT_005310,DEV_001542,2026-04-30,2026-05-04
PAT_005311,DEV_006640,2026-04-19,2026-05-04
PAT_005311,DEV_006641,2026-05-04,2026-05-04
PAT_005312,DEV_006642,2026-05-06,2026-05-10
PAT_005313,DEV_006643,2025-12-21,2025-12-24
PAT_005314,DEV_006644,2025-11-08,2025-11-10
PAT_005315,DEV_006645,2026-05-09,2026-05-14
PAT_005316,DEV_006646,2025-11-26,2025-12-17
PAT_005316,DEV_006647,2025-12-17,2025-12-20
PAT_005317,DEV_006648,2025-12-27,2025-12-30
PAT_005318,DEV_006649,2025-07-28,2025-07-31
PAT_005319,DEV_006650,2026-04-15,2026-04-20
PAT_005320,DEV_006651,2026-02-01,2026-02-05
PAT_005321,DEV_006652,2025-12-24,2026-01-11
PAT_005321,DEV_006653,2026-02-10,2026-02-10
PAT_005322,DEV_006654,2025-10-09,2025-10-10
PAT_005322,DEV_006655,2025-10-28,2025-10-30
PAT_005323,DEV_006656,2025-06-08,2025-07-06
PAT_005323,DEV_006657,2025-08-05,2025-08-05
PAT_005324,DEV_006658,2025-09-14,2025-09-15
PAT_005325,DEV_006659,2025-12-17,2025-12-18
PAT_005326,DEV_006660,2025-07-06,2026-02-12
PAT_005327,DEV_006661,2025-08-09,2025-08-15
PAT_005327,DEV_006662,2025-11-02,2025-11-02
PAT_005328,DEV_006663,2025-07-05,2025-07-06
PAT_005329,DEV_006664,2026-04-27,2026-04-27
PAT_005330,DEV_006665,2025-10-20,2025-10-20
PAT_005330,DEV_006666,2026-04-06,2026-04-11
PAT_005331,DEV_006667,2026-02-11,2026-02-11
PAT_005332,DEV_006668,2025-08-22,2025-08-22
PAT_005333,DEV_006669,2026-03-21,2026-03-21
PAT_005334,DEV_006670,2025-08-12,2025-08-21
PAT_005334,DEV_006671,2025-08-28,2025-09-01
PAT_005335,DEV_006672,2025-08-12,2025-08-16
PAT_005336,DEV_006673,2026-01-17,2026-01-21
PAT_005336,DEV_006674,2026-02-14,2026-05-10
PAT_005337,DEV_006675,2026-03-26,2026-03-28
PAT_005337,DEV_006676,2026-01-01,2026-02-06
PAT_005338,DEV_000508,2025-12-16,2025-12-20
PAT_005339,DEV_006677,2025-08-12,2025-08-15
PAT_005340,DEV_006678,2025-11-25,2025-11-25
PAT_005341,DEV_006679,2026-02-11,2026-02-27
PAT_005342,DEV_006680,2025-10-29,2025-11-05
PAT_005342,DEV_006681,2026-01-01,2026-01-06
PAT_005343,DEV_006682,2026-01-17,2026-02-07
PAT_005343,DEV_006683,2026-03-01,2026-03-01
PAT_005344,DEV_006684,2026-03-20,2026-03-22
PAT_005345,DEV_006685,2025-11-08,2025-11-13
PAT_005346,DEV_006686,2026-02-05,2026-02-05
PAT_005347,DEV_006687,2025-12-08,2025-12-08
PAT_005348,DEV_006688,2026-03-27,2026-04-01
PAT_005349,DEV_006689,2025-08-28,2025-09-18
PAT_005349,DEV_006690,2025-11-01,2025-11-01
PAT_005350,DEV_006691,2026-03-10,2026-03-10
PAT_005351,DEV_006692,2025-09-22,2026-04-21
PAT_005352,DEV_006693,2025-09-21,2025-09-22
PAT_005352,DEV_006694,2025-12-08,2025-12-13
PAT_005353,DEV_006695,2026-04-24,2026-04-28
PAT_005354,DEV_006696,2026-04-02,2026-04-03
PAT_005354,DEV_006697,2026-01-14,2026-02-04
PAT_005355,DEV_006698,2026-03-24,2026-03-24
PAT_005356,DEV_006699,2026-02-22,2026-02-22
PAT_005357,DEV_006700,2025-06-24,2025-07-06
PAT_005357,DEV_006701,2025-07-16,2025-07-16
PAT_005358,DEV_002127,2026-03-01,2026-03-01
PAT_005359,DEV_006702,2025-11-26,2025-11-26
PAT_005360,DEV_006703,2025-07-12,2025-07-12
PAT_005361,DEV_006704,2026-05-03,2026-05-08
PAT_005362,DEV_006705,2025-10-03,2025-10-08
PAT_005363,DEV_006706,2025-12-24,2025-12-24
PAT_005364,DEV_002201,2025-09-26,2025-09-30
PAT_005365,DEV_006707,2025-12-11,2025-12-11
PAT_005366,DEV_006708,2025-09-28,2025-10-04
PAT_005366,DEV_006709,2025-12-26,2025-12-27
PAT_005367,DEV_006710,2026-02-11,2026-02-11
PAT_005368,DEV_006711,2025-07-10,2025-07-25
PAT_005368,DEV_006712,2025-07-25,2025-07-26
PAT_005369,DEV_006713,2025-09-08,2025-09-08
PAT_005370,DEV_006714,2025-09-24,2025-10-03
PAT_005370,DEV_006715,2025-12-12,2025-12-17
PAT_005371,DEV_006716,2026-02-03,2026-02-05
PAT_005371,DEV_006717,2025-11-23,2025-12-31
PAT_005372,DEV_006718,2025-07-13,2025-08-11
PAT_005372,DEV_006719,2025-08-11,2025-08-16
PAT_005373,DEV_006720,2025-10-19,2025-10-20
PAT_005374,DEV_006721,2025-07-29,2025-11-29
PAT_005375,DEV_006722,2025-09-30,2026-03-10
PAT_005376,DEV_006723,2026-03-07,2026-03-10
PAT_005377,DEV_006724,2025-12-25,2025-12-25
PAT_005377,DEV_006725,2025-10-05,2025-11-09
PAT_005378,DEV_006726,2025-09-28,2025-09-28
PAT_005379,DEV_006727,2026-01-30,2026-02-03
PAT_005380,DEV_006728,2025-09-20,2025-12-15
PAT_005381,DEV_006729,2026-02-11,2026-02-11
PAT_005382,DEV_006730,2026-02-15,2026-03-18
PAT_005382,DEV_006731,2026-04-03,2026-04-03
PAT_005383,DEV_001309,2025-10-02,2025-10-02
PAT_005384,DEV_006732,2026-01-15,2026-01-17
PAT_005385,DEV_006733,2025-09-12,2025-09-12
PAT_005386,DEV_006734,2025-12-22,2025-12-22
PAT_005387,DEV_006735,2025-10-09,2025-12-01
PAT_005388,DEV_006736,2026-04-27,2026-05-01
PAT_005389,DEV_006737,2025-09-04,2025-09-30
PAT_005389,DEV_006738,2025-09-30,2025-10-05
PAT_005390,DEV_006739,2025-05-08,2025-05-27
PAT_005390,DEV_006740,2025-07-23,2025-07-27
PAT_005391,DEV_006741,2025-07-19,2025-07-23
PAT_005392,DEV_006742,2026-01-29,2026-02-01
PAT_005393,DEV_006743,2025-10-16,2025-10-19
PAT_005394,DEV_006744,2025-07-25,2025-12-16
PAT_005395,DEV_006745,2026-04-03,2026-04-26
PAT_005395,DEV_006746,2026-04-26,2026-04-26
PAT_005396,DEV_006747,2025-05-02,2025-05-22
PAT_005396,DEV_006748,2025-07-06,2025-07-09
PAT_005397,DEV_006749,2025-08-21,2026-03-15
PAT_005398,DEV_006750,2025-10-16,2025-10-17
PAT_005399,DEV_006751,2026-05-08,2026-05-08
PAT_005399,DEV_006752,2026-04-21,2026-05-08
PAT_005400,DEV_006753,2025-07-03,2025-07-07
PAT_005401,DEV_006754,2026-02-25,2026-02-25
PAT_005402,DEV_006755,2025-11-22,2025-11-22
PAT_005403,DEV_006756,2025-10-27,2025-10-29
PAT_005404,DEV_006757,2025-11-02,2025-11-02
PAT_005405,DEV_006758,2025-12-02,2025-12-05
PAT_005406,DEV_006759,2025-11-30,2025-11-30
PAT_005407,DEV_006760,2026-05-06,2026-05-07
PAT_005408,DEV_006761,2026-03-18,2026-03-19
PAT_005409,DEV_006762,2026-01-10,2026-02-13
PAT_005410,DEV_006763,2025-10-04,2025-10-07
PAT_005410,DEV_006764,2025-07-27,2025-08-11
PAT_005411,DEV_006765,2025-09-03,2025-09-03
PAT_005412,DEV_006766,2025-08-10,2025-08-10
PAT_005413,DEV_006767,2025-08-05,2025-08-10
PAT_005414,DEV_006768,2026-04-13,2026-04-18
PAT_005415,DEV_006769,2026-02-16,2026-03-26
PAT_005416,DEV_006770,2026-04-29,2026-05-02
PAT_005417,DEV_006771,2026-02-27,2026-02-27
PAT_005417,DEV_006772,2025-12-23,2026-01-14
PAT_005418,DEV_006773,2025-10-07,2025-10-07
PAT_005419,DEV_006774,2025-12-24,2025-12-24
PAT_005420,DEV_006775,2025-07-21,2025-07-25
PAT_005420,DEV_006776,2025-05-03,2025-06-08
PAT_005421,DEV_006777,2026-03-05,2026-03-29
PAT_005422,DEV_006778,2025-08-18,2025-08-23
PAT_005423,DEV_006779,2025-08-13,2025-08-13
PAT_005424,DEV_006780,2026-04-21,2026-04-22
PAT_005425,DEV_001130,2025-10-04,2025-10-04
PAT_005426,DEV_006781,2026-01-31,2026-02-24
PAT_005427,DEV_006782,2025-11-03,2025-11-07
PAT_005427,DEV_006783,2025-12-18,2025-12-21
PAT_005428,DEV_006784,2026-02-12,2026-02-16
PAT_005428,DEV_006785,2025-11-14,2025-12-19
PAT_005429,DEV_006786,2025-12-26,2025-12-31
PAT_005430,DEV_006787,2026-04-06,2026-04-08
PAT_005431,DEV_006788,2025-07-03,2025-07-05
PAT_005432,DEV_006789,2025-10-23,2025-11-08
PAT_005432,DEV_006790,2025-12-11,2025-12-16
PAT_005433,DEV_006791,2025-12-29,2026-01-03
PAT_005433,DEV_006792,2025-11-12,2025-12-20
PAT_005434,DEV_006793,2026-01-16,2026-01-16
PAT_005434,DEV_006794,2025-11-12,2025-11-23
PAT_005435,DEV_006795,2025-09-15,2025-09-16
PAT_005436,DEV_006796,2025-10-03,2025-10-03
PAT_005437,DEV_006797,2026-03-19,2026-03-24
PAT_005438,DEV_006798,2025-07-25,2025-07-25
PAT_005439,DEV_006799,2025-12-17,2025-12-22
PAT_005439,DEV_006800,2025-10-01,2025-10-04
PAT_005440,DEV_006801,2025-12-27,2025-12-29
PAT_005441,DEV_006802,2025-11-12,2025-11-14
PAT_005441,DEV_006803,2025-10-13,2025-11-12
PAT_005442,DEV_006804,2026-02-23,2026-02-26
PAT_005443,DEV_006805,2025-08-07,2025-08-12
PAT_005444,DEV_006806,2025-08-22,2025-09-12
PAT_005444,DEV_006807,2025-11-10,2025-11-15
PAT_005445,DEV_006808,2025-07-30,2025-08-02
PAT_005445,DEV_006809,2025-06-22,2025-07-17
PAT_005446,DEV_006810,2025-10-24,2025-10-25
PAT_005446,DEV_006811,2025-10-04,2025-10-19
PAT_005447,DEV_006812,2026-05-05,2026-05-08
PAT_005447,DEV_006813,2026-04-09,2026-04-14
PAT_005448,DEV_006814,2026-04-02,2026-04-06
PAT_005449,DEV_006815,2025-12-31,2025-12-31
PAT_005450,DEV_006816,2026-03-12,2026-03-12
PAT_005450,DEV_006817,2025-12-14,2026-01-07
PAT_005451,DEV_006818,2026-02-18,2026-02-23
PAT_005452,DEV_006819,2025-07-30,2026-03-22
PAT_005452,DEV_006820,2025-05-09,2025-06-03
PAT_005453,DEV_006821,2025-07-16,2025-07-18
PAT_005454,DEV_006822,2025-07-10,2025-07-16
PAT_005454,DEV_006823,2025-08-23,2025-10-14
PAT_005455,DEV_000262,2026-05-05,2026-05-09
PAT_005456,DEV_006824,2026-02-24,2026-03-14
PAT_005456,DEV_006825,2026-03-24,2026-03-29
PAT_005457,DEV_006826,2025-08-17,2025-08-18
PAT_005457,DEV_006827,2025-06-18,2025-07-04
PAT_005458,DEV_006828,2026-05-07,2026-05-07
PAT_005458,DEV_006829,2026-03-21,2026-04-14
PAT_005459,DEV_006830,2025-10-09,2025-11-04
PAT_005459,DEV_006831,2025-11-04,2025-11-05
PAT_005460,DEV_006623,2026-01-22,2026-01-24
PAT_005461,DEV_006832,2025-12-27,2025-12-27
PAT_005461,DEV_006833,2025-10-30,2025-11-21
PAT_005462,DEV_006834,2025-09-23,2025-09-25
PAT_005463,DEV_006835,2025-08-01,2025-08-26
PAT_005463,DEV_006836,2025-10-26,2025-10-27
PAT_005464,DEV_006837,2026-04-14,2026-04-16
PAT_005464,DEV_006838,2026-03-21,2026-04-14
PAT_005465,DEV_006839,2025-08-01,2025-08-01
PAT_005466,DEV_006840,2025-10-02,2025-10-06
PAT_005467,DEV_006841,2025-09-08,2025-09-30
PAT_005467,DEV_006842,2025-11-18,2025-11-18
PAT_005468,DEV_006843,2026-03-09,2026-03-13
PAT_005469,DEV_006844,2025-07-08,2025-07-08
PAT_005470,DEV_006845,2025-07-02,2025-07-05
PAT_005471,DEV_006846,2025-07-30,2025-07-30
PAT_005472,DEV_006847,2026-02-25,2026-03-25
PAT_005472,DEV_006848,2026-04-02,2026-04-02
PAT_005473,DEV_006849,2025-11-23,2025-11-23
PAT_005473,DEV_006850,2025-09-23,2025-10-03
PAT_005474,DEV_006851,2025-11-23,2025-11-28
PAT_005475,DEV_006852,2026-01-27,2026-01-29
PAT_005476,DEV_006853,2026-01-14,2026-01-19
PAT_005476,DEV_006854,2025-12-14,2026-01-14
PAT_005477,DEV_006855,2025-08-10,2025-08-15
PAT_005478,DEV_006856,2025-07-06,2026-03-08
PAT_005479,DEV_006857,2025-10-29,2025-10-29
PAT_005480,DEV_006858,2026-02-15,2026-02-20
PAT_005481,DEV_006859,2026-04-13,2026-04-15
PAT_005482,DEV_006860,2025-05-25,2025-06-28
PAT_005482,DEV_006861,2025-07-27,2025-07-27
PAT_005483,DEV_006862,2025-09-22,2025-09-25
PAT_005484,DEV_006863,2025-10-18,2025-10-18
PAT_005485,DEV_000876,2026-01-28,2026-02-01
PAT_005486,DEV_006864,2025-07-06,2025-07-10
PAT_005487,DEV_006865,2026-02-02,2026-02-02
PAT_005488,DEV_006866,2025-07-06,2025-07-11
PAT_005489,DEV_006867,2026-01-27,2026-01-29
PAT_005489,DEV_006868,2026-05-07,2026-05-08
PAT_005490,DEV_006869,2025-09-28,2025-09-28
PAT_005491,DEV_006870,2025-12-10,2025-12-10
PAT_005492,DEV_006871,2026-05-07,2026-05-12
PAT_005492,DEV_006872,2026-04-21,2026-05-07
PAT_005493,DEV_006873,2025-09-29,2025-10-04
PAT_005494,DEV_006874,2025-09-21,2025-09-25
PAT_005495,DEV_006875,2026-04-19,2026-04-23
PAT_005496,DEV_006876,2026-01-03,2026-01-19
PAT_005496,DEV_006877,2026-01-26,2026-01-31
PAT_005497,DEV_005826,2025-12-18,2026-01-23
PAT_005497,DEV_006878,2026-02-13,2026-02-15
PAT_005498,DEV_006879,2025-09-09,2025-09-10
PAT_005499,DEV_006880,2026-04-02,2026-04-06
PAT_005499,DEV_006881,2026-02-25,2026-03-30
PAT_005500,DEV_006882,2025-09-26,2025-09-26
PAT_005500,DEV_006883,2025-07-31,2025-09-01
PAT_005501,DEV_006884,2026-01-02,2026-01-05
PAT_005502,DEV_002385,2025-08-16,2025-09-10
PAT_005502,DEV_006885,2025-09-30,2025-10-04
PAT_005503,DEV_006886,2026-02-12,2026-02-12
PAT_005504,DEV_006887,2026-03-16,2026-03-16
PAT_005505,DEV_006888,2026-01-28,2026-01-30
PAT_005505,DEV_006889,2025-11-15,2025-11-29
PAT_005506,DEV_006890,2025-10-06,2025-10-06
PAT_005507,DEV_006891,2025-12-03,2025-12-06
PAT_005508,DEV_006892,2025-07-21,2025-07-21
PAT_005509,DEV_006893,2025-12-14,2026-01-04
PAT_005509,DEV_006894,2026-01-04,2026-01-07
PAT_005510,DEV_003579,2026-04-23,2026-04-28
PAT_005511,DEV_006895,2025-08-21,2025-08-26
PAT_005512,DEV_006896,2025-08-16,2025-08-19
PAT_005513,DEV_006897,2025-05-03,2025-05-17
PAT_005513,DEV_006898,2025-07-13,2026-02-28
PAT_005514,DEV_006899,2025-10-09,2025-10-14
PAT_005514,DEV_006900,2025-07-29,2025-08-12
PAT_005515,DEV_001082,2025-08-23,2025-08-26
PAT_005516,DEV_006901,2026-04-11,2026-04-11
PAT_005517,DEV_006902,2025-07-01,2025-07-01
PAT_005518,DEV_006903,2026-02-07,2026-02-10
PAT_005518,DEV_006904,2025-12-04,2025-12-15
PAT_005519,DEV_006905,2026-02-24,2026-02-28
PAT_005520,DEV_006906,2025-09-10,2025-09-15
PAT_005521,DEV_006907,2026-03-08,2026-03-10
PAT_005522,DEV_006908,2025-08-30,2025-09-04
PAT_005523,DEV_006909,2025-12-28,2025-12-28
PAT_005524,DEV_006910,2026-04-22,2026-04-27
PAT_005525,DEV_006911,2026-04-14,2026-04-15
PAT_005526,DEV_006912,2026-04-24,2026-04-27
PAT_005527,DEV_006913,2025-10-02,2025-10-05
PAT_005528,DEV_006914,2026-03-05,2026-03-10
PAT_005528,DEV_006915,2026-03-28,2026-03-30
PAT_005529,DEV_006916,2026-04-04,2026-05-01
PAT_005529,DEV_006917,2026-05-01,2026-05-02
PAT_005530,DEV_006918,2025-07-22,2025-07-24
PAT_005531,DEV_006919,2026-03-31,2026-03-31
PAT_005532,DEV_006920,2025-09-23,2025-09-25
PAT_005533,DEV_006921,2025-08-16,2025-08-16
PAT_005534,DEV_006922,2026-03-22,2026-03-24
PAT_005535,DEV_006923,2025-09-11,2025-09-15
PAT_005536,DEV_006924,2025-12-08,2025-12-08
PAT_005537,DEV_006925,2025-10-31,2025-11-04
PAT_005538,DEV_006926,2026-02-13,2026-02-16
PAT_005539,DEV_006927,2025-07-05,2025-07-14
PAT_005539,DEV_006928,2025-09-21,2025-09-25
PAT_005540,DEV_006929,2025-11-16,2025-11-21
PAT_005541,DEV_006930,2025-07-31,2025-08-14
PAT_005541,DEV_006931,2025-08-21,2025-08-21
PAT_005542,DEV_006932,2026-01-15,2026-01-15
PAT_005542,DEV_006933,2025-11-28,2025-12-10
PAT_005543,DEV_006934,2025-07-31,2025-07-31
PAT_005544,DEV_006935,2025-06-26,2025-07-26
PAT_005544,DEV_006936,2025-08-15,2025-08-16
PAT_005545,DEV_006937,2025-10-16,2025-10-20
PAT_005546,DEV_006938,2026-03-14,2026-03-15
PAT_005547,DEV_006939,2025-08-02,2025-08-14
PAT_005547,DEV_006940,2025-08-26,2025-08-30
PAT_005548,DEV_006941,2025-07-07,2025-07-07
PAT_005549,DEV_006942,2025-12-14,2025-12-15
PAT_005550,DEV_006943,2025-07-15,2025-07-20
PAT_005551,DEV_006944,2026-01-28,2026-02-07
PAT_005552,DEV_006945,2025-09-19,2025-09-23
PAT_005552,DEV_006946,2025-10-08,2025-10-12
PAT_005553,DEV_006947,2025-11-01,2025-11-05
PAT_005554,DEV_006948,2026-02-18,2026-02-19
PAT_005555,DEV_006949,2025-08-31,2025-08-31
PAT_005556,DEV_006950,2026-02-08,2026-02-12
PAT_005557,DEV_006951,2025-10-20,2025-10-25
PAT_005558,DEV_006952,2025-08-14,2025-08-14
PAT_005559,DEV_006953,2025-12-01,2025-12-02
PAT_005560,DEV_006954,2025-11-07,2025-11-23
PAT_005560,DEV_006955,2025-11-23,2025-11-23
PAT_005561,DEV_006956,2025-07-19,2025-07-20
PAT_005562,DEV_006957,2025-07-15,2025-07-15
PAT_005563,DEV_006958,2026-04-05,2026-04-10
PAT_005564,DEV_006959,2025-08-10,2025-08-12
PAT_005565,DEV_006960,2026-02-16,2026-02-21
PAT_005566,DEV_006961,2025-11-21,2025-11-21
PAT_005566,DEV_006962,2025-10-13,2025-10-30
PAT_005567,DEV_006963,2025-11-04,2025-12-05
PAT_005567,DEV_006964,2025-12-12,2025-12-17
PAT_005568,DEV_006965,2025-11-19,2025-11-23
PAT_005569,DEV_006966,2026-04-27,2026-04-28
PAT_005570,DEV_006967,2025-08-13,2025-08-15
PAT_005571,DEV_006968,2025-11-05,2025-11-10
PAT_005572,DEV_006969,2026-03-07,2026-03-12
PAT_005573,DEV_006970,2026-02-21,2026-02-21
PAT_005574,DEV_006971,2026-03-09,2026-03-13
PAT_005575,DEV_006972,2025-08-16,2025-08-19
PAT_005576,DEV_006973,2025-11-24,2025-11-24
PAT_005577,DEV_006974,2026-04-22,2026-04-26
PAT_005578,DEV_006975,2025-05-19,2025-06-05
PAT_005578,DEV_006976,2025-07-19,2025-07-24
PAT_005579,DEV_006977,2025-08-23,2025-08-25
PAT_005580,DEV_006978,2025-07-10,2025-09-15
PAT_005581,DEV_006979,2026-02-10,2026-02-14
PAT_005582,DEV_006980,2025-05-28,2025-06-05
PAT_005582,DEV_006981,2025-07-20,2025-07-20
PAT_005583,DEV_004971,2025-09-04,2025-09-13
PAT_005583,DEV_006982,2025-11-01,2025-11-01
PAT_005584,DEV_006983,2026-01-27,2026-01-29
PAT_005585,DEV_006984,2025-09-12,2025-09-25
PAT_005585,DEV_006985,2025-10-03,2025-10-05
PAT_005586,DEV_006986,2026-02-10,2026-02-10
PAT_005587,DEV_006987,2025-06-15,2025-07-01
PAT_005587,DEV_006988,2025-07-23,2025-07-28
PAT_005588,DEV_006989,2026-01-04,2026-01-09
PAT_005589,DEV_006990,2025-07-08,2025-08-01
PAT_005589,DEV_006991,2025-10-04,2025-10-09
PAT_005590,DEV_006992,2025-10-14,2025-11-05
PAT_005590,DEV_006993,2025-11-05,2025-11-10
PAT_005591,DEV_006994,2026-01-14,2026-03-22
PAT_005592,DEV_006995,2025-09-16,2025-09-17
PAT_005592,DEV_006996,2025-07-10,2025-07-12
PAT_005593,DEV_006997,2026-04-14,2026-04-16
PAT_005594,DEV_006998,2026-02-24,2026-02-28
PAT_005595,DEV_006999,2026-01-14,2026-02-07
PAT_005595,DEV_007000,2026-03-22,2026-03-22
PAT_005596,DEV_007001,2026-04-28,2026-04-29
PAT_005597,DEV_007002,2025-10-15,2025-10-15
PAT_005598,DEV_007003,2025-12-06,2025-12-10
PAT_005599,DEV_007004,2025-11-14,2025-11-18
PAT_005599,DEV_007005,2025-09-15,2025-09-30
PAT_005600,DEV_004363,2025-12-19,2025-12-24
PAT_005601,DEV_007006,2026-03-31,2026-04-03
PAT_005602,DEV_007007,2025-09-03,2025-09-03
PAT_005603,DEV_007008,2025-12-30,2026-01-04
PAT_005604,DEV_007009,2025-11-02,2025-11-02
PAT_005605,DEV_007010,2025-12-24,2025-12-29
PAT_005606,DEV_007011,2025-10-18,2025-10-18
PAT_005606,DEV_007012,2025-08-19,2025-09-02
PAT_005607,DEV_007013,2025-11-14,2026-03-14
PAT_005608,DEV_007014,2025-11-20,2025-11-25
PAT_005609,DEV_007015,2025-07-30,2025-07-30
PAT_005609,DEV_007016,2025-05-17,2025-06-12
PAT_005610,DEV_007017,2025-10-07,2025-10-11
PAT_005611,DEV_007018,2025-07-21,2025-07-25
PAT_005612,DEV_007019,2026-02-13,2026-02-13
PAT_005612,DEV_007020,2025-11-30,2026-01-08
PAT_005613,DEV_007021,2025-08-18,2025-08-20
PAT_005614,DEV_007022,2025-07-07,2025-07-07
PAT_005615,DEV_007023,2026-01-10,2026-01-13
PAT_005616,DEV_007024,2026-05-02,2026-05-04
PAT_005617,DEV_007025,2026-01-26,2026-01-26
PAT_005618,DEV_007026,2025-07-19,2025-08-21
PAT_005618,DEV_007027,2025-10-12,2025-10-15
PAT_005619,DEV_007028,2025-08-11,2025-08-15
PAT_005620,DEV_007029,2025-09-11,2025-09-14
PAT_005621,DEV_007030,2025-12-22,2025-12-22
PAT_005622,DEV_007031,2026-04-07,2026-04-07
PAT_005623,DEV_007032,2026-05-07,2026-05-12
PAT_005624,DEV_007033,2025-10-01,2025-10-06
PAT_005625,DEV_007034,2025-11-01,2025-11-04
PAT_005626,DEV_007035,2026-01-03,2026-01-03
PAT_005627,DEV_007036,2025-08-06,2025-08-09
PAT_005628,DEV_007037,2025-07-18,2025-07-20
PAT_005629,DEV_007038,2026-01-25,2026-01-29
PAT_005630,DEV_007039,2026-05-05,2026-05-09
PAT_005631,DEV_007040,2025-07-09,2025-07-11
PAT_005631,DEV_007041,2025-06-11,2025-07-08
PAT_005632,DEV_007042,2025-12-31,2025-12-31
PAT_005633,DEV_007043,2025-09-30,2025-11-01
PAT_005633,DEV_007044,2025-11-02,2025-11-07
PAT_005634,DEV_007045,2025-07-04,2025-07-06
PAT_005635,DEV_007046,2026-02-01,2026-02-03
PAT_005636,DEV_007047,2025-07-06,2025-07-13
PAT_005636,DEV_007048,2025-09-30,2025-12-20
PAT_005637,DEV_007049,2025-07-13,2025-08-18
PAT_005637,DEV_007050,2025-09-25,2025-09-29
PAT_005638,DEV_007051,2026-01-05,2026-04-18
PAT_005638,DEV_007052,2025-11-23,2025-11-29
PAT_005639,DEV_007053,2025-10-23,2025-10-23
PAT_005639,DEV_007054,2025-08-31,2025-08-31
PAT_005640,DEV_007055,2025-06-22,2025-07-28
PAT_005640,DEV_007056,2025-09-10,2025-09-15
PAT_005641,DEV_007057,2026-02-14,2026-02-14
PAT_005642,DEV_007058,2025-12-14,2025-12-14
PAT_005643,DEV_007059,2026-02-04,2026-02-04
PAT_005644,DEV_007060,2025-08-04,2025-08-07
PAT_005645,DEV_007061,2025-09-29,2025-10-01
PAT_005645,DEV_007062,2025-08-26,2025-09-15
PAT_005646,DEV_007063,2026-03-28,2026-03-28
PAT_005646,DEV_007064,2026-01-11,2026-01-31
PAT_005647,DEV_007065,2025-08-15,2025-10-31
PAT_005648,DEV_007066,2025-08-20,2026-03-13
PAT_005649,DEV_007067,2025-09-22,2025-09-22
PAT_005649,DEV_007068,2025-08-29,2025-09-05
PAT_005650,DEV_007069,2025-11-14,2025-11-14
PAT_005651,DEV_007070,2025-07-13,2025-07-13
PAT_005651,DEV_007071,2025-04-18,2025-05-10
PAT_005652,DEV_006203,2026-01-18,2026-01-23
PAT_005653,DEV_007072,2025-09-05,2025-09-07
PAT_005654,DEV_007073,2025-11-07,2025-11-25
PAT_005654,DEV_007074,2025-12-12,2025-12-15
PAT_005655,DEV_007075,2025-09-23,2025-09-28
PAT_005656,DEV_007076,2026-03-25,2026-03-29
PAT_005656,DEV_007077,2026-03-06,2026-03-09
PAT_005657,DEV_007078,2026-01-26,2026-01-27
PAT_005658,DEV_007079,2026-04-24,2026-04-24
PAT_005659,DEV_007080,2025-10-04,2025-10-04
PAT_005659,DEV_007081,2025-09-16,2025-10-04
PAT_005660,DEV_007082,2025-10-15,2025-10-16
PAT_005661,DEV_007083,2025-08-25,2025-08-25
PAT_005661,DEV_007084,2025-07-08,2025-08-12
PAT_005662,DEV_007085,2025-08-03,2025-08-03
PAT_005663,DEV_007086,2026-01-25,2026-01-26
PAT_005663,DEV_007087,2026-04-24,2026-04-28
PAT_005664,DEV_007088,2026-03-22,2026-03-22
PAT_005665,DEV_007089,2025-11-25,2025-11-27
PAT_005666,DEV_007090,2025-12-24,2025-12-24
PAT_005667,DEV_006497,2025-07-30,2025-08-02
PAT_005668,DEV_007091,2026-02-04,2026-02-04
PAT_005669,DEV_007092,2026-02-21,2026-02-21
PAT_005670,DEV_007093,2025-09-14,2025-09-14
PAT_005671,DEV_007094,2025-07-05,2025-07-05
PAT_005671,DEV_007095,2025-04-13,2025-04-21
PAT_005672,DEV_007096,2026-03-19,2026-03-24
PAT_005672,DEV_007097,2025-07-26,2025-07-31
PAT_005673,DEV_007098,2025-11-05,2025-11-08
PAT_005674,DEV_007099,2025-09-23,2025-09-23
PAT_005675,DEV_007100,2026-01-12,2026-01-13
PAT_005675,DEV_007101,2025-11-09,2025-11-19
PAT_005676,DEV_007102,2025-08-24,2025-09-05
PAT_005676,DEV_007103,2025-09-11,2025-09-14
PAT_005677,DEV_007104,2025-10-26,2025-10-30
PAT_005678,DEV_007105,2025-08-19,2025-08-19
PAT_005678,DEV_007106,2025-07-27,2025-08-09
PAT_005679,DEV_007107,2026-01-25,2026-01-28
PAT_005680,DEV_007108,2025-07-31,2025-11-04
PAT_005681,DEV_007109,2026-03-12,2026-04-18
PAT_005682,DEV_007110,2025-11-18,2025-11-18
PAT_005683,DEV_007111,2025-08-30,2026-05-11
PAT_005684,DEV_007112,2025-12-19,2026-01-01
PAT_005684,DEV_007113,2026-02-22,2026-02-25
PAT_005685,DEV_007114,2026-02-22,2026-02-22
PAT_005686,DEV_007115,2026-04-12,2026-04-12
PAT_005687,DEV_007116,2026-05-11,2026-05-14
PAT_005688,DEV_007117,2026-02-07,2026-02-11
PAT_005689,DEV_007118,2026-01-12,2026-01-13
PAT_005690,DEV_007119,2025-09-04,2025-09-08
PAT_005691,DEV_007120,2025-08-04,2025-08-08
PAT_005692,DEV_007121,2025-07-08,2025-07-11
PAT_005692,DEV_007122,2025-04-28,2025-05-12
PAT_005693,DEV_007123,2025-07-12,2025-07-16
PAT_005694,DEV_007124,2025-07-17,2025-07-19
PAT_005695,DEV_007125,2026-02-13,2026-02-18
PAT_005696,DEV_007126,2025-10-30,2025-10-30
PAT_005697,DEV_007127,2026-04-22,2026-04-26
PAT_005698,DEV_007128,2026-02-19,2026-02-21
PAT_005699,DEV_007129,2025-10-20,2025-10-20
PAT_005700,DEV_007130,2025-10-05,2025-10-07
PAT_005700,DEV_007131,2025-08-21,2025-09-01
PAT_005701,DEV_007132,2025-09-22,2025-10-14
PAT_005701,DEV_007133,2025-10-26,2025-10-26
PAT_005702,DEV_007134,2025-12-31,2026-01-04
PAT_005703,DEV_007135,2025-10-12,2025-10-17
PAT_005704,DEV_007136,2025-04-23,2025-05-26
PAT_005704,DEV_007137,2025-07-08,2025-07-08
PAT_005705,DEV_007138,2025-08-19,2025-08-19
PAT_005705,DEV_007139,2025-06-19,2025-07-07
PAT_005706,DEV_007140,2026-04-16,2026-04-21
PAT_005707,DEV_007141,2026-02-03,2026-02-03
PAT_005708,DEV_007142,2025-07-22,2025-07-22
PAT_005709,DEV_007143,2025-12-08,2025-12-09
PAT_005710,DEV_007144,2025-07-31,2025-08-05
PAT_005711,DEV_007145,2025-12-21,2025-12-21
PAT_005712,DEV_007146,2025-10-16,2025-10-16
PAT_005713,DEV_007147,2026-04-30,2026-04-30
PAT_005714,DEV_007148,2025-08-18,2025-08-18
PAT_005714,DEV_007149,2025-07-25,2025-08-02
PAT_005715,DEV_007150,2025-07-06,2025-07-06
PAT_005716,DEV_007151,2025-11-19,2025-11-23
PAT_005716,DEV_007152,2025-09-07,2025-09-11
PAT_005717,DEV_007153,2025-11-10,2025-11-10
PAT_005718,DEV_002909,2025-12-22,2026-02-26
PAT_005719,DEV_007154,2026-01-18,2026-01-18
PAT_005720,DEV_007155,2025-07-28,2025-08-01
PAT_005721,DEV_007156,2026-04-25,2026-04-25
PAT_005722,DEV_007157,2025-10-20,2025-10-20
PAT_005723,DEV_007158,2026-04-19,2026-04-21
PAT_005724,DEV_007159,2026-04-18,2026-04-19
PAT_005725,DEV_007160,2026-04-22,2026-04-26
PAT_005726,DEV_007161,2025-12-20,2025-12-24
PAT_005727,DEV_007162,2026-01-23,2026-01-23
PAT_005728,DEV_007163,2025-10-15,2025-10-15
PAT_005729,DEV_007164,2025-08-17,2025-08-20
PAT_005730,DEV_007165,2026-04-16,2026-04-19
PAT_005731,DEV_007166,2026-04-02,2026-04-02
PAT_005732,DEV_007167,2025-10-20,2025-10-20
PAT_005733,DEV_003446,2026-03-12,2026-03-15
PAT_005734,DEV_003396,2025-11-16,2025-11-21
PAT_005735,DEV_007168,2025-10-06,2025-10-10
PAT_005735,DEV_007169,2025-09-13,2025-10-02
PAT_005736,DEV_007170,2025-10-30,2025-11-01
PAT_005736,DEV_007171,2025-09-23,2025-10-28
PAT_005737,DEV_007172,2026-01-03,2026-01-14
PAT_005737,DEV_007173,2026-03-30,2026-03-30
PAT_005738,DEV_007174,2025-11-21,2025-11-24
PAT_005739,DEV_007175,2026-03-28,2026-03-30
PAT_005740,DEV_007176,2025-10-18,2025-10-23
PAT_005740,DEV_007177,2025-11-28,2025-12-02
PAT_005741,DEV_007178,2025-12-24,2025-12-24
PAT_005742,DEV_007179,2026-02-12,2026-03-11
PAT_005742,DEV_007180,2026-04-01,2026-04-02
PAT_005743,DEV_007181,2025-04-15,2025-05-12
PAT_005743,DEV_007182,2025-07-10,2026-03-28
PAT_005744,DEV_007183,2025-07-26,2025-07-31
PAT_005745,DEV_007184,2025-10-09,2025-10-09
PAT_005745,DEV_007185,2025-08-22,2025-09-28
PAT_005746,DEV_007186,2025-05-10,2025-06-05
PAT_005746,DEV_007187,2025-08-03,2026-03-24
PAT_005747,DEV_007188,2025-09-02,2026-04-01
PAT_005748,DEV_007189,2025-09-15,2025-09-16
PAT_005749,DEV_007190,2025-07-09,2025-07-15
PAT_005749,DEV_007191,2025-08-05,2025-08-05
PAT_005750,DEV_007192,2025-09-13,2025-09-13
PAT_005751,DEV_007193,2025-10-31,2025-10-31
PAT_005752,DEV_007194,2025-07-27,2025-07-31
PAT_005753,DEV_007195,2025-07-17,2025-07-17
PAT_005754,DEV_007196,2026-01-29,2026-02-21
PAT_005754,DEV_007197,2026-03-29,2026-03-29
PAT_005755,DEV_007198,2026-03-23,2026-03-25
PAT_005756,DEV_007199,2025-07-19,2025-07-20
PAT_005757,DEV_007200,2025-08-21,2025-08-21
PAT_005758,DEV_007201,2025-08-10,2025-08-13
PAT_005759,DEV_007202,2025-09-22,2025-09-22
PAT_005760,DEV_007203,2026-02-09,2026-02-09
PAT_005761,DEV_007204,2025-08-11,2025-08-13
PAT_005762,DEV_007205,2026-05-05,2026-05-08
PAT_005763,DEV_007206,2025-12-08,2025-12-11
PAT_005764,DEV_007207,2025-11-09,2025-11-09
PAT_005764,DEV_007208,2025-09-03,2025-09-17
PAT_005765,DEV_007209,2026-03-22,2026-03-27
PAT_005766,DEV_007210,2025-09-19,2025-09-19
PAT_005767,DEV_007211,2026-03-11,2026-03-11
PAT_005768,DEV_007212,2025-09-05,2025-09-07
PAT_005769,DEV_007213,2026-03-31,2026-03-31
PAT_005770,DEV_004133,2026-02-08,2026-02-08
PAT_005771,DEV_007214,2025-11-14,2025-12-03
PAT_005772,DEV_007215,2025-09-14,2025-09-19
PAT_005773,DEV_007216,2025-07-25,2025-07-25
PAT_005774,DEV_007217,2025-11-15,2025-11-18
PAT_005775,DEV_007218,2025-12-24,2026-01-22
PAT_005775,DEV_007219,2026-02-22,2026-02-23
PAT_005776,DEV_007220,2025-09-20,2025-10-06
PAT_005776,DEV_007221,2025-10-09,2025-10-10
PAT_005777,DEV_007222,2025-11-02,2025-11-02
PAT_005778,DEV_007223,2025-10-26,2025-10-26
PAT_005779,DEV_007224,2025-07-06,2025-07-06
PAT_005780,DEV_006482,2025-08-05,2025-08-17
PAT_005780,DEV_007225,2025-09-04,2025-09-04
PAT_005781,DEV_007226,2025-10-22,2025-10-27
PAT_005781,DEV_007227,2025-09-30,2025-10-22
PAT_005782,DEV_007228,2025-12-07,2026-01-21
PAT_005783,DEV_007229,2026-03-18,2026-03-22
PAT_005783,DEV_007230,2026-02-20,2026-03-18
PAT_005784,DEV_007231,2025-10-02,2025-10-06
PAT_005785,DEV_007232,2026-03-30,2026-04-03
PAT_005785,DEV_007233,2026-02-08,2026-02-28
PAT_005786,DEV_007234,2025-10-28,2025-11-17
PAT_005786,DEV_007235,2025-11-17,2025-11-17
PAT_005787,DEV_007236,2025-08-22,2025-08-25
PAT_005788,DEV_007237,2025-06-01,2025-06-28
PAT_005788,DEV_007238,2025-08-17,2025-08-17
PAT_005789,DEV_007239,2026-04-30,2026-04-30
PAT_005790,DEV_007240,2026-02-03,2026-02-08
PAT_005790,DEV_007241,2026-01-18,2026-02-03
PAT_005791,DEV_007242,2025-09-30,2025-10-05
PAT_005792,DEV_007243,2025-12-14,2025-12-17
PAT_005793,DEV_007244,2025-11-25,2025-12-15
PAT_005793,DEV_007245,2026-02-21,2026-02-24
PAT_005794,DEV_007246,2025-11-24,2025-11-29
PAT_005795,DEV_007247,2025-10-02,2025-10-02
PAT_005796,DEV_007248,2026-02-08,2026-02-11
PAT_005797,DEV_007249,2026-02-23,2026-02-24
PAT_005798,DEV_007250,2025-12-13,2025-12-14
PAT_005798,DEV_007251,2025-10-23,2025-11-28
PAT_005799,DEV_007252,2025-07-17,2025-07-22
PAT_005799,DEV_007253,2025-05-01,2025-06-03
PAT_005800,DEV_007254,2025-11-08,2025-11-13
PAT_005801,DEV_007255,2025-09-29,2025-10-03
PAT_005802,DEV_007256,2026-03-18,2026-03-29
PAT_005802,DEV_007257,2026-04-01,2026-04-02
PAT_005803,DEV_007258,2025-12-17,2025-12-17
PAT_005803,DEV_007259,2025-11-16,2025-12-05
PAT_005804,DEV_001882,2026-03-04,2026-03-04
PAT_005805,DEV_007260,2026-03-31,2026-04-01
PAT_005805,DEV_007261,2026-02-08,2026-02-23
PAT_005806,DEV_007262,2025-08-12,2026-04-07
PAT_005807,DEV_007263,2026-01-14,2026-01-14
PAT_005808,DEV_007264,2026-01-04,2026-01-06
PAT_005809,DEV_000325,2026-02-26,2026-03-03
PAT_005810,DEV_007265,2025-12-17,2026-01-19
PAT_005810,DEV_007266,2026-02-02,2026-02-03
PAT_005811,DEV_007267,2025-12-31,2026-01-03
PAT_005812,DEV_007268,2025-07-08,2025-07-11
PAT_005813,DEV_007269,2025-08-15,2025-08-20
PAT_005814,DEV_007270,2026-03-07,2026-03-19
PAT_005814,DEV_007271,2026-03-26,2026-03-29
PAT_005815,DEV_007272,2025-12-25,2025-12-25
PAT_005816,DEV_007273,2025-09-27,2025-12-30
PAT_005817,DEV_007274,2026-04-21,2026-04-26
PAT_005818,DEV_007275,2025-07-04,2025-07-05
PAT_005819,DEV_007276,2025-11-28,2025-12-14
PAT_005819,DEV_007277,2026-02-07,2026-02-08
PAT_005820,DEV_007278,2025-07-15,2025-07-20
PAT_005821,DEV_005398,2026-04-04,2026-04-09
PAT_005822,DEV_001437,2025-07-02,2025-07-04
PAT_005823,DEV_007279,2025-11-22,2025-11-22
PAT_005824,DEV_007280,2025-09-21,2025-09-21
PAT_005825,DEV_002118,2025-08-20,2025-08-25
PAT_005826,DEV_007281,2025-11-30,2025-12-02
PAT_005827,DEV_007282,2025-08-15,2025-08-18
PAT_005828,DEV_007283,2025-12-25,2025-12-30
PAT_005829,DEV_007284,2026-03-20,2026-03-23
PAT_005830,DEV_007285,2026-02-06,2026-02-08
PAT_005831,DEV_007286,2026-04-22,2026-04-23
PAT_005832,DEV_007287,2025-07-10,2025-07-14
PAT_005833,DEV_007288,2026-04-27,2026-04-29
PAT_005834,DEV_007289,2025-09-12,2025-09-13
PAT_005835,DEV_000851,2026-03-29,2026-04-03
PAT_005835,DEV_007290,2026-02-14,2026-03-17
PAT_005836,DEV_007291,2025-09-10,2025-09-14
PAT_005837,DEV_007292,2025-12-07,2025-12-07
PAT_005838,DEV_007293,2025-09-26,2025-09-28
PAT_005839,DEV_007294,2025-07-30,2025-07-30
PAT_005840,DEV_007295,2025-08-25,2025-08-25
PAT_005841,DEV_007296,2025-11-30,2025-12-24
PAT_005841,DEV_007297,2026-02-13,2026-02-14
PAT_005842,DEV_007298,2026-02-23,2026-02-23
PAT_005843,DEV_007299,2026-02-05,2026-02-08
PAT_005844,DEV_007300,2026-01-22,2026-01-24
PAT_005844,DEV_007301,2025-10-31,2025-11-11
PAT_005845,DEV_000193,2025-08-29,2025-08-30
PAT_005845,DEV_007302,2025-07-26,2025-08-04
PAT_005846,DEV_007303,2025-11-05,2025-11-07
PAT_005847,DEV_007304,2026-02-05,2026-02-07
PAT_005847,DEV_007305,2026-02-22,2026-02-22
PAT_005848,DEV_007306,2026-03-24,2026-03-25
PAT_005849,DEV_000997,2026-03-17,2026-03-18
PAT_005849,DEV_007307,2026-02-26,2026-03-07
PAT_005850,DEV_007308,2026-05-11,2026-05-11
PAT_005850,DEV_007309,2025-10-24,2025-10-27
PAT_005851,DEV_007310,2025-07-05,2025-07-09
PAT_005851,DEV_007311,2025-08-19,2025-08-19
PAT_005852,DEV_007312,2026-03-21,2026-03-25
PAT_005853,DEV_007313,2025-11-17,2025-11-17
PAT_005854,DEV_007314,2026-01-28,2026-01-31
PAT_005855,DEV_007315,2026-02-23,2026-02-28
PAT_005856,DEV_007316,2026-04-21,2026-04-23
PAT_005857,DEV_007317,2026-02-24,2026-02-27
PAT_005858,DEV_007318,2025-07-01,2025-07-22
PAT_005858,DEV_007319,2025-08-03,2025-08-03
PAT_005859,DEV_007320,2026-03-07,2026-03-10
PAT_005860,DEV_007321,2025-08-14,2025-08-19
PAT_005861,DEV_007322,2026-01-07,2026-01-20
PAT_005861,DEV_007323,2026-03-21,2026-03-21
PAT_005862,DEV_007324,2025-09-10,2025-09-28
PAT_005862,DEV_007325,2025-10-25,2025-10-28
PAT_005863,DEV_007326,2026-01-21,2026-01-25
PAT_005864,DEV_007327,2026-02-26,2026-02-26
PAT_005865,DEV_007328,2026-04-27,2026-05-01
PAT_005866,DEV_007329,2025-11-07,2025-11-10
PAT_005867,DEV_007330,2025-10-21,2025-10-21
PAT_005868,DEV_007331,2025-08-24,2025-08-29
PAT_005869,DEV_007332,2026-03-22,2026-03-26
PAT_005870,DEV_007333,2025-12-21,2025-12-26
PAT_005871,DEV_007334,2026-05-01,2026-05-01
PAT_005871,DEV_007335,2026-03-18,2026-04-08
PAT_005872,DEV_007336,2025-12-25,2025-12-27
PAT_005873,DEV_007337,2025-06-01,2025-07-10
PAT_005873,DEV_007338,2025-08-10,2025-08-15
PAT_005874,DEV_006707,2025-10-22,2025-10-25
PAT_005875,DEV_007339,2026-03-17,2026-03-21
PAT_005875,DEV_007340,2026-01-03,2026-01-30
PAT_005876,DEV_007341,2025-08-12,2025-08-14
PAT_005877,DEV_007342,2026-05-05,2026-05-10
PAT_005878,DEV_007343,2025-11-18,2025-11-18
PAT_005879,DEV_007344,2026-03-16,2026-03-20
PAT_005880,DEV_007345,2025-06-26,2025-07-21
PAT_005880,DEV_007346,2025-09-06,2025-09-09
PAT_005881,DEV_007347,2025-11-24,2025-11-26
PAT_005882,DEV_007348,2025-08-20,2025-08-20
PAT_005883,DEV_007349,2026-02-26,2026-03-02
PAT_005884,DEV_003747,2025-09-16,2025-09-17
PAT_005885,DEV_007350,2026-03-26,2026-03-31
PAT_005885,DEV_007351,2026-02-07,2026-03-09
PAT_005886,DEV_005354,2025-12-22,2026-04-11
PAT_005887,DEV_007352,2025-07-27,2025-07-30
PAT_005888,DEV_007353,2026-04-01,2026-04-02
PAT_005889,DEV_007354,2025-12-13,2025-12-13
PAT_005890,DEV_007355,2026-01-17,2026-01-17
PAT_005890,DEV_007356,2025-12-29,2026-01-04
PAT_005891,DEV_007357,2026-02-19,2026-02-19
PAT_005892,DEV_007358,2026-01-31,2026-01-31
PAT_005893,DEV_007359,2025-11-17,2025-11-20
PAT_005894,DEV_007360,2025-12-13,2025-12-13
PAT_005895,DEV_007361,2025-07-02,2025-07-02
PAT_005895,DEV_007362,2025-05-24,2025-06-18
PAT_005896,DEV_007363,2026-02-07,2026-02-07
PAT_005897,DEV_007364,2025-04-23,2025-05-08
PAT_005897,DEV_007365,2025-07-01,2026-02-09
PAT_005898,DEV_007366,2025-08-21,2025-10-10
PAT_005899,DEV_007367,2025-10-30,2025-11-01
PAT_005900,DEV_007368,2026-02-10,2026-02-10
PAT_005900,DEV_007369,2026-01-12,2026-02-10
PAT_005901,DEV_007370,2025-08-11,2025-08-17
PAT_005901,DEV_007371,2025-11-08,2025-11-08
PAT_005902,DEV_007372,2026-01-03,2026-01-03
PAT_005903,DEV_007373,2025-07-05,2025-07-09
PAT_005903,DEV_007374,2025-04-20,2025-04-23
PAT_005904,DEV_007375,2025-08-09,2025-08-09
PAT_005905,DEV_007376,2026-01-22,2026-01-22
PAT_005906,DEV_007377,2025-10-19,2025-10-23
PAT_005907,DEV_007378,2025-07-21,2025-07-25
PAT_005908,DEV_007379,2025-08-07,2025-08-08
PAT_005909,DEV_007380,2025-11-24,2025-11-26
PAT_005910,DEV_007381,2025-08-21,2025-08-25
PAT_005911,DEV_007382,2025-05-29,2025-06-20
PAT_005911,DEV_007383,2025-07-13,2025-07-17
PAT_005912,DEV_007384,2025-11-03,2025-11-06
PAT_005913,DEV_007385,2025-12-05,2025-12-05
PAT_005914,DEV_007386,2025-11-24,2026-05-06
PAT_005915,DEV_005643,2025-05-01,2025-05-07
PAT_005915,DEV_007387,2025-07-19,2025-07-20
PAT_005916,DEV_000385,2026-03-31,2026-04-04
PAT_005917,DEV_007388,2025-06-17,2025-07-10
PAT_005917,DEV_007389,2025-08-30,2025-08-30
PAT_005918,DEV_007390,2025-10-11,2025-10-11
PAT_005919,DEV_007391,2025-11-24,2025-11-24
PAT_005920,DEV_007392,2025-12-30,2025-12-30
PAT_005921,DEV_007393,2025-07-16,2025-07-17
PAT_005922,DEV_007394,2026-02-14,2026-02-19
PAT_005923,DEV_007395,2025-12-18,2025-12-22
PAT_005924,DEV_007396,2025-11-28,2025-12-02
PAT_005925,DEV_007397,2026-01-07,2026-01-08
PAT_005926,DEV_007398,2025-07-20,2025-07-20
PAT_005927,DEV_007399,2025-11-07,2025-11-10
PAT_005928,DEV_007400,2026-02-25,2026-02-25
PAT_005929,DEV_007401,2025-09-11,2025-09-11
PAT_005929,DEV_007402,2025-06-17,2025-06-19
PAT_005930,DEV_007403,2025-12-29,2026-01-03
PAT_005931,DEV_007404,2025-12-15,2025-12-18
PAT_005931,DEV_007405,2025-10-25,2025-11-08
PAT_005932,DEV_007406,2026-02-23,2026-02-26
PAT_005933,DEV_007407,2025-08-31,2025-09-05
PAT_005933,DEV_007408,2025-07-03,2025-07-22
PAT_005934,DEV_007409,2025-11-20,2025-11-20
PAT_005934,DEV_007410,2025-10-07,2025-10-19
PAT_005935,DEV_007411,2025-11-05,2025-11-08
PAT_005936,DEV_007412,2025-11-07,2025-11-10
PAT_005937,DEV_007413,2026-03-01,2026-03-06
PAT_005937,DEV_007414,2025-12-13,2025-12-30
PAT_005938,DEV_007415,2025-11-10,2025-11-21
PAT_005939,DEV_007416,2025-05-06,2025-05-26
PAT_005939,DEV_007417,2025-07-25,2025-07-25
PAT_005940,DEV_007418,2025-11-03,2025-11-05
PAT_005941,DEV_007419,2025-08-02,2025-08-03
PAT_005942,DEV_007420,2026-04-12,2026-04-12
PAT_005942,DEV_007421,2026-01-23,2026-02-07
PAT_005943,DEV_007422,2025-10-26,2025-10-29
PAT_005944,DEV_007423,2026-01-26,2026-02-05
PAT_005945,DEV_007424,2025-11-14,2025-11-16
PAT_005946,DEV_007425,2025-10-07,2025-10-10
PAT_005947,DEV_007426,2026-01-06,2026-01-06
PAT_005948,DEV_007427,2025-07-19,2025-07-24
PAT_005949,DEV_007428,2025-09-16,2025-09-21
PAT_005950,DEV_007429,2026-04-20,2026-04-22
PAT_005951,DEV_007430,2025-11-27,2025-12-10
PAT_005951,DEV_007431,2026-01-17,2026-01-19
PAT_005952,DEV_007432,2025-12-13,2025-12-17
PAT_005953,DEV_007433,2025-10-15,2025-10-15
PAT_005954,DEV_007434,2025-05-14,2025-06-13
PAT_005954,DEV_007435,2025-07-30,2025-08-03
PAT_005955,DEV_007436,2026-02-04,2026-02-04
PAT_005956,DEV_007437,2025-12-08,2025-12-12
PAT_005957,DEV_007438,2026-03-16,2026-03-20
PAT_005958,DEV_007439,2025-09-01,2026-03-04
PAT_005959,DEV_007440,2026-03-26,2026-03-29
PAT_005960,DEV_007441,2025-11-23,2025-11-23
PAT_005961,DEV_007442,2026-04-04,2026-04-07
PAT_005962,DEV_001722,2026-04-05,2026-04-05
PAT_005963,DEV_007443,2025-08-27,2025-09-01
PAT_005964,DEV_007444,2025-12-03,2025-12-04
PAT_005965,DEV_007445,2025-11-13,2025-11-13
PAT_005966,DEV_005936,2026-02-24,2026-03-01
PAT_005967,DEV_007446,2025-12-20,2025-12-20
PAT_005968,DEV_007447,2025-09-28,2026-03-17
PAT_005969,DEV_007448,2026-04-13,2026-04-13
PAT_005970,DEV_007449,2025-04-23,2025-05-25
PAT_005970,DEV_007450,2025-07-14,2025-07-18
PAT_005971,DEV_007451,2026-02-12,2026-02-12
PAT_005972,DEV_007452,2025-08-21,2025-08-23
PAT_005973,DEV_007453,2025-12-15,2025-12-19
PAT_005974,DEV_007454,2025-10-23,2025-11-10
PAT_005975,DEV_007455,2026-03-24,2026-03-29
PAT_005976,DEV_007456,2025-11-18,2025-11-19
PAT_005977,DEV_007457,2025-12-22,2026-01-20
PAT_005977,DEV_007458,2026-03-22,2026-03-26
PAT_005978,DEV_007459,2026-04-09,2026-04-14
PAT_005979,DEV_007460,2026-02-15,2026-02-16
PAT_005980,DEV_007461,2026-01-27,2026-01-27
PAT_005980,DEV_007462,2025-12-24,2025-12-27
PAT_005981,DEV_007463,2025-12-27,2025-12-29
PAT_005982,DEV_007464,2026-01-31,2026-02-23
PAT_005982,DEV_007465,2026-03-21,2026-03-21
PAT_005983,DEV_007466,2025-12-27,2025-12-31
PAT_005983,DEV_007467,2025-10-08,2025-10-20
PAT_005984,DEV_007468,2025-09-03,2025-12-23
PAT_005985,DEV_007469,2026-02-23,2026-02-23
PAT_005986,DEV_007470,2025-08-26,2025-08-26
PAT_005987,DEV_007471,2025-08-31,2025-08-31
PAT_005988,DEV_007472,2025-09-04,2026-05-07
PAT_005989,DEV_007473,2025-12-19,2025-12-23
PAT_005990,DEV_007474,2026-01-13,2026-01-13
PAT_005991,DEV_007475,2025-12-25,2025-12-29
PAT_005992,DEV_007476,2025-07-27,2025-08-01
PAT_005993,DEV_007477,2025-12-10,2025-12-31
PAT_005993,DEV_007478,2026-02-23,2026-02-28
PAT_005994,DEV_007479,2025-06-07,2025-06-16
PAT_005994,DEV_007480,2025-09-04,2025-09-06
PAT_005995,DEV_000294,2025-12-13,2025-12-13
PAT_005996,DEV_007481,2025-12-28,2026-01-13
PAT_005996,DEV_007482,2026-03-12,2026-03-12
PAT_005997,DEV_007483,2026-04-25,2026-04-25
PAT_005997,DEV_007484,2026-04-02,2026-04-13
PAT_005998,DEV_007485,2026-04-22,2026-04-22
PAT_005999,DEV_007486,2025-08-22,2025-08-22
PAT_006000,DEV_007487,2026-01-20,2026-01-24
PAT_006001,DEV_007488,2025-09-28,2025-10-02
PAT_006002,DEV_007489,2025-10-09,2025-10-14
PAT_006003,DEV_007490,2026-04-17,2026-04-22
PAT_006004,DEV_007491,2025-09-26,2025-11-10
PAT_006005,DEV_007492,2025-08-29,2025-09-01
PAT_006005,DEV_007493,2025-07-28,2025-08-15
PAT_006006,DEV_007494,2025-07-29,2025-08-03
PAT_006007,DEV_007495,2025-12-06,2025-12-10
PAT_006007,DEV_007496,2025-09-13,2025-10-08
PAT_006008,DEV_007497,2025-10-21,2025-10-21
PAT_006009,DEV_007498,2025-07-14,2025-07-17
PAT_006010,DEV_007499,2025-11-01,2025-11-01
PAT_006011,DEV_007500,2026-01-16,2026-01-19
PAT_006012,DEV_007501,2025-10-25,2025-11-10
PAT_006012,DEV_007502,2025-11-29,2025-12-04
PAT_006013,DEV_007503,2025-08-14,2025-12-16
PAT_006013,DEV_007504,2025-07-05,2025-07-25
PAT_006014,DEV_007505,2026-05-02,2026-05-02
PAT_006015,DEV_007506,2026-04-24,2026-04-24
PAT_006016,DEV_007507,2025-11-25,2025-12-06
PAT_006016,DEV_007508,2025-09-03,2025-10-02
PAT_006017,DEV_007509,2025-11-16,2025-11-20
PAT_006018,DEV_007510,2026-03-28,2026-03-28
PAT_006019,DEV_007511,2026-03-15,2026-03-19
PAT_006020,DEV_003823,2026-03-19,2026-03-22
PAT_006021,DEV_007512,2025-12-12,2025-12-17
PAT_006022,DEV_007513,2026-02-24,2026-02-27
PAT_006022,DEV_007514,2025-12-29,2026-01-13
PAT_006023,DEV_007038,2026-01-13,2026-01-17
PAT_006024,DEV_007515,2025-12-04,2025-12-04
PAT_006025,DEV_007516,2025-11-07,2025-12-09
PAT_006026,DEV_007517,2025-07-04,2025-07-04
PAT_006027,DEV_007518,2025-08-24,2025-08-24
PAT_006028,DEV_007519,2025-11-14,2025-11-16
PAT_006029,DEV_007520,2025-10-09,2025-10-09
PAT_006030,DEV_007521,2025-07-03,2025-07-04
PAT_006031,DEV_007522,2025-08-26,2025-08-26
PAT_006032,DEV_007523,2026-03-17,2026-03-17
PAT_006033,DEV_007524,2025-10-03,2025-10-08
PAT_006034,DEV_007525,2025-09-08,2025-09-12
PAT_006035,DEV_007526,2025-10-19,2025-10-21
PAT_006036,DEV_007527,2025-07-27,2025-07-29
PAT_006036,DEV_007528,2025-08-25,2025-08-27
PAT_006037,DEV_007529,2026-04-09,2026-04-25
PAT_006037,DEV_007530,2026-04-25,2026-04-25
PAT_006038,DEV_007531,2026-03-21,2026-03-21
PAT_006038,DEV_007532,2026-01-02,2026-01-19
PAT_006039,DEV_007533,2025-11-27,2025-11-27
PAT_006040,DEV_007534,2025-11-15,2025-11-18
PAT_006040,DEV_007535,2025-09-18,2025-10-16
PAT_006041,DEV_007536,2026-01-24,2026-02-18
PAT_006041,DEV_007537,2026-04-14,2026-04-18
PAT_006042,DEV_007538,2025-09-10,2025-10-18
PAT_006042,DEV_007539,2025-10-31,2025-10-31
PAT_006043,DEV_007540,2025-11-30,2026-01-05
PAT_006043,DEV_007541,2026-01-28,2026-01-31
PAT_006044,DEV_006257,2025-09-08,2025-09-08
PAT_006045,DEV_007542,2025-08-19,2025-08-19
PAT_006046,DEV_007543,2026-02-23,2026-02-26
PAT_006046,DEV_007544,2025-12-17,2026-01-25
PAT_006047,DEV_007545,2025-11-26,2025-11-26
PAT_006048,DEV_007546,2026-01-26,2026-01-31
PAT_006049,DEV_007547,2026-01-26,2026-01-31
PAT_006050,DEV_007548,2025-10-25,2025-10-30
PAT_006051,DEV_007549,2025-05-28,2025-06-27
PAT_006051,DEV_007550,2025-07-18,2025-07-23
PAT_006052,DEV_007551,2025-10-10,2025-10-14
PAT_006053,DEV_007552,2026-05-09,2026-05-11
PAT_006054,DEV_007553,2025-07-29,2025-08-20
PAT_006054,DEV_007554,2025-10-27,2025-10-27
PAT_006055,DEV_007555,2025-09-03,2025-09-07
PAT_006055,DEV_007556,2025-07-28,2025-08-04
PAT_006056,DEV_007557,2026-04-17,2026-04-22
PAT_006056,DEV_007558,2026-03-16,2026-03-27
PAT_006057,DEV_007559,2025-12-07,2025-12-07
PAT_006058,DEV_007560,2026-04-28,2026-04-29
PAT_006058,DEV_007561,2026-04-12,2026-04-28
PAT_006059,DEV_007562,2025-07-27,2025-07-27
PAT_006060,DEV_007563,2026-01-16,2026-01-20
PAT_006061,DEV_001039,2025-12-30,2026-01-04
PAT_006062,DEV_007564,2025-07-01,2025-08-03
PAT_006062,DEV_007565,2025-09-27,2025-10-01
PAT_006063,DEV_007566,2026-01-03,2026-01-03
PAT_006064,DEV_007567,2026-04-20,2026-04-24
PAT_006064,DEV_007568,2026-03-03,2026-03-06
PAT_006065,DEV_007569,2026-05-10,2026-05-10
PAT_006066,DEV_007570,2025-08-12,2025-08-12
PAT_006066,DEV_007571,2025-11-20,2025-11-24
PAT_006067,DEV_007572,2025-08-02,2025-08-02
PAT_006067,DEV_007573,2025-06-20,2025-07-15
PAT_006068,DEV_007574,2026-04-17,2026-04-17
PAT_006069,DEV_007575,2026-01-02,2026-01-02
PAT_006070,DEV_007576,2025-11-10,2026-03-24
PAT_006071,DEV_007577,2026-03-01,2026-03-01
PAT_006072,DEV_007578,2025-08-18,2025-08-19
PAT_006073,DEV_007579,2025-07-15,2025-07-15
PAT_006074,DEV_007580,2025-08-09,2025-09-27
PAT_006075,DEV_007581,2025-08-23,2025-12-20
PAT_006076,DEV_007582,2026-03-26,2026-03-28
PAT_006077,DEV_007583,2025-09-13,2025-09-13
PAT_006077,DEV_007584,2026-01-26,2026-01-31
PAT_006078,DEV_004203,2025-08-30,2025-08-30
PAT_006079,DEV_007585,2025-10-22,2025-10-27
PAT_006080,DEV_007586,2026-03-14,2026-03-14
PAT_006081,DEV_007587,2026-03-26,2026-03-31
PAT_006082,DEV_007588,2026-04-12,2026-04-12
PAT_006083,DEV_007589,2025-10-17,2025-10-21
PAT_006084,DEV_007590,2026-02-07,2026-02-12
PAT_006085,DEV_007591,2026-02-25,2026-03-01
PAT_006086,DEV_007592,2025-10-09,2025-10-09
PAT_006087,DEV_006760,2026-04-09,2026-04-09
PAT_006087,DEV_007593,2026-02-28,2026-03-07
PAT_006088,DEV_007594,2025-07-05,2026-01-02
PAT_006088,DEV_007595,2025-05-16,2025-06-06
PAT_006089,DEV_007596,2026-01-11,2026-02-04
PAT_006090,DEV_007597,2026-02-28,2026-03-03
PAT_006091,DEV_007598,2025-11-07,2025-12-03
PAT_006091,DEV_007599,2025-12-28,2025-12-28
PAT_006092,DEV_002732,2026-05-01,2026-05-06
PAT_006093,DEV_007600,2025-12-16,2025-12-16
PAT_006094,DEV_007601,2026-02-09,2026-02-13
PAT_006095,DEV_007602,2026-03-15,2026-03-19
PAT_006096,DEV_007603,2025-07-24,2025-07-29
PAT_006097,DEV_007604,2025-07-16,2025-07-19
PAT_006098,DEV_007605,2026-01-27,2026-01-30
PAT_006098,DEV_007606,2025-12-27,2026-01-25
PAT_006099,DEV_007607,2026-05-11,2026-05-15
PAT_006100,DEV_007608,2025-08-06,2025-08-25
PAT_006100,DEV_007609,2025-08-25,2025-08-29
PAT_006101,DEV_007610,2026-05-11,2026-05-16
PAT_006102,DEV_007611,2026-01-07,2026-03-26
PAT_006103,DEV_007612,2026-02-11,2026-02-11
PAT_006104,DEV_007613,2025-11-28,2025-12-03
PAT_006105,DEV_007614,2026-04-08,2026-04-12
PAT_006106,DEV_007615,2026-05-07,2026-05-08
PAT_006107,DEV_001738,2025-09-29,2025-10-01
PAT_006108,DEV_007616,2025-11-12,2025-11-15
PAT_006109,DEV_007617,2025-11-28,2025-12-03
PAT_006110,DEV_007618,2025-12-25,2025-12-25
PAT_006111,DEV_007619,2025-09-09,2025-09-12
PAT_006112,DEV_007620,2025-10-05,2026-01-18
PAT_006113,DEV_007621,2025-09-05,2025-09-05
PAT_006114,DEV_007622,2025-08-04,2025-08-07
PAT_006115,DEV_007623,2026-04-06,2026-04-24
PAT_006115,DEV_007624,2026-04-25,2026-04-30
PAT_006116,DEV_007625,2025-07-07,2025-07-12
PAT_006117,DEV_007626,2025-09-04,2026-02-08
PAT_006118,DEV_007627,2025-04-29,2025-05-19
PAT_006118,DEV_007628,2025-07-09,2025-07-14
PAT_006119,DEV_007629,2025-06-14,2025-07-01
PAT_006119,DEV_007630,2025-08-13,2025-08-18
PAT_006120,DEV_007631,2025-08-23,2025-08-28
PAT_006121,DEV_007632,2025-07-11,2025-08-04
PAT_006121,DEV_007633,2025-09-29,2025-10-04
PAT_006122,DEV_007634,2025-11-30,2025-11-30
PAT_006123,DEV_007635,2025-10-23,2025-10-28
PAT_006124,DEV_007636,2025-08-19,2025-08-20
PAT_006125,DEV_007637,2025-11-18,2025-11-18
PAT_006126,DEV_007638,2025-09-12,2025-09-17
PAT_006127,DEV_007639,2025-10-02,2025-10-31
PAT_006127,DEV_007640,2025-12-16,2025-12-21
PAT_006128,DEV_007641,2025-10-28,2025-10-30
PAT_006129,DEV_007642,2025-08-21,2025-10-26
PAT_006130,DEV_007643,2025-10-15,2025-11-02
PAT_006130,DEV_007644,2025-12-30,2026-01-02
PAT_006131,DEV_007645,2025-09-15,2025-09-15
PAT_006132,DEV_001052,2026-02-17,2026-02-17
PAT_006133,DEV_007646,2025-05-27,2025-06-11
PAT_006133,DEV_007647,2025-08-21,2025-08-25
PAT_006134,DEV_007648,2025-11-11,2025-11-13
PAT_006135,DEV_007649,2025-11-27,2025-12-01
PAT_006136,DEV_007650,2025-11-10,2025-11-14
PAT_006137,DEV_007651,2025-05-02,2025-06-10
PAT_006137,DEV_007652,2025-07-18,2025-07-23
PAT_006138,DEV_007653,2025-08-19,2025-08-20
PAT_006138,DEV_007654,2025-07-27,2025-08-10
PAT_006139,DEV_007655,2025-07-17,2025-07-17
PAT_006139,DEV_007656,2025-05-04,2025-05-15
PAT_006140,DEV_007657,2025-07-29,2025-07-29
PAT_006141,DEV_007658,2025-12-05,2025-12-05
PAT_006142,DEV_007659,2026-02-01,2026-02-01
PAT_006143,DEV_007660,2025-08-10,2025-08-14
PAT_006144,DEV_007661,2026-02-11,2026-02-11
PAT_006145,DEV_007662,2025-12-10,2025-12-13
PAT_006146,DEV_007663,2025-08-27,2025-08-27
PAT_006147,DEV_007664,2026-03-02,2026-03-02
PAT_006148,DEV_007665,2025-09-26,2025-10-14
PAT_006148,DEV_007666,2025-10-14,2025-10-17
PAT_006149,DEV_007667,2026-04-09,2026-04-14
PAT_006150,DEV_007668,2025-11-08,2026-02-04
PAT_006151,DEV_007669,2025-12-02,2025-12-04
PAT_006152,DEV_007670,2026-02-24,2026-02-25
PAT_006153,DEV_007671,2025-08-02,2025-08-04
PAT_006154,DEV_001215,2025-08-19,2025-09-13
PAT_006154,DEV_007672,2025-11-03,2025-11-07
PAT_006155,DEV_007673,2025-12-06,2025-12-11
PAT_006156,DEV_007674,2025-07-25,2025-09-02
PAT_006156,DEV_007675,2025-09-15,2025-09-16
PAT_006157,DEV_007676,2026-03-20,2026-03-21
PAT_006158,DEV_007677,2025-09-08,2025-11-22
PAT_006159,DEV_007678,2025-11-17,2025-11-17
PAT_006160,DEV_007679,2025-11-12,2025-11-16
PAT_006161,DEV_007680,2025-09-05,2025-09-09
PAT_006162,DEV_007681,2026-01-31,2026-03-10
PAT_006162,DEV_007682,2026-04-16,2026-04-19
PAT_006163,DEV_007683,2026-04-06,2026-04-06
PAT_006164,DEV_007684,2025-10-15,2025-10-16
PAT_006165,DEV_007685,2026-04-06,2026-04-08
PAT_006166,DEV_007686,2026-04-20,2026-04-22
PAT_006167,DEV_007687,2026-04-01,2026-04-03
PAT_006167,DEV_007688,2026-03-13,2026-03-17
PAT_006168,DEV_007689,2025-12-17,2025-12-22
PAT_006169,DEV_007690,2025-12-13,2026-01-10
PAT_006169,DEV_007691,2026-01-28,2026-01-29
PAT_006170,DEV_007692,2026-04-01,2026-04-01
PAT_006170,DEV_007693,2026-02-19,2026-03-07
PAT_006171,DEV_007694,2025-07-31,2025-08-12
PAT_006171,DEV_007695,2025-09-29,2025-09-29
PAT_006172,DEV_007696,2025-09-08,2025-09-12
PAT_006172,DEV_007697,2025-06-11,2025-06-13
PAT_006173,DEV_007698,2025-09-28,2025-11-15
PAT_006174,DEV_007699,2025-08-04,2025-08-20
PAT_006174,DEV_007700,2025-08-30,2025-08-30
PAT_006175,DEV_007701,2026-03-11,2026-03-11
PAT_006176,DEV_007702,2025-10-07,2025-10-07
PAT_006176,DEV_007703,2025-08-15,2025-09-08
PAT_006177,DEV_007704,2025-07-07,2025-07-12
PAT_006178,DEV_007705,2025-12-24,2025-12-25
PAT_006179,DEV_007706,2025-12-28,2026-01-07
PAT_006179,DEV_007707,2026-01-11,2026-01-15
PAT_006180,DEV_007708,2026-01-15,2026-01-15
PAT_006181,DEV_007709,2026-02-01,2026-02-04
PAT_006181,DEV_007710,2025-11-04,2025-11-09
PAT_006182,DEV_007711,2025-10-27,2025-11-01
PAT_006183,DEV_007712,2025-07-05,2026-03-28
PAT_006184,DEV_007713,2025-12-07,2025-12-07
PAT_006185,DEV_007714,2026-01-29,2026-02-01
PAT_006186,DEV_007715,2025-07-02,2025-07-28
PAT_006186,DEV_007716,2025-09-11,2025-09-11
PAT_006187,DEV_000348,2026-01-09,2026-01-12
PAT_006188,DEV_007717,2025-05-04,2025-05-31
PAT_006188,DEV_007718,2025-07-13,2025-07-13
PAT_006189,DEV_007719,2025-09-21,2025-09-24
PAT_006190,DEV_007720,2025-08-31,2025-09-05
PAT_006191,DEV_007721,2026-02-07,2026-02-08
PAT_006192,DEV_007722,2025-09-24,2025-09-26
PAT_006192,DEV_007723,2025-07-11,2025-08-14
PAT_006193,DEV_007724,2025-06-14,2025-07-22
PAT_006193,DEV_007725,2025-08-18,2025-08-20
PAT_006194,DEV_007726,2025-09-28,2025-10-02
PAT_006195,DEV_007727,2025-09-21,2025-09-24
PAT_006196,DEV_007728,2026-03-09,2026-03-13
PAT_006197,DEV_007729,2025-07-04,2025-07-09
PAT_006198,DEV_007730,2025-08-06,2025-08-06
PAT_006199,DEV_007731,2026-05-07,2026-05-08
PAT_006200,DEV_007732,2025-07-04,2025-07-04
PAT_006201,DEV_007733,2025-11-17,2025-11-22
PAT_006202,DEV_007734,2026-03-08,2026-03-08
PAT_006203,DEV_007735,2025-07-21,2025-07-22
PAT_006204,DEV_007736,2025-07-08,2025-07-08
PAT_006205,DEV_007737,2025-09-10,2025-09-14
PAT_006205,DEV_007738,2026-02-07,2026-02-12
PAT_006206,DEV_007739,2025-07-04,2025-07-06
PAT_006207,DEV_007740,2026-04-21,2026-04-21
PAT_006208,DEV_007741,2025-08-22,2025-08-26
PAT_006209,DEV_007742,2025-10-31,2025-11-04
PAT_006210,DEV_007743,2025-10-11,2025-10-11
PAT_006210,DEV_007744,2025-08-03,2025-09-10
PAT_006211,DEV_007745,2025-11-25,2025-11-25
PAT_006212,DEV_007746,2025-10-11,2025-10-12
PAT_006213,DEV_007747,2025-09-25,2025-09-25
PAT_006214,DEV_007748,2026-01-17,2026-01-17
PAT_006215,DEV_007749,2025-09-27,2025-09-30
PAT_006216,DEV_007750,2025-07-31,2025-08-04
PAT_006216,DEV_007751,2025-06-25,2025-07-24
PAT_006217,DEV_007752,2026-03-08,2026-03-08
PAT_006218,DEV_007753,2025-08-24,2025-08-28
PAT_006219,DEV_007754,2025-12-30,2025-12-30
PAT_006220,DEV_007755,2025-12-28,2025-12-28
PAT_006221,DEV_007579,2026-05-04,2026-05-06
PAT_006222,DEV_007756,2025-08-24,2025-08-24
PAT_006223,DEV_007757,2026-03-09,2026-03-10
PAT_006224,DEV_007758,2026-04-09,2026-04-09
PAT_006225,DEV_007759,2025-07-25,2025-07-28
PAT_006226,DEV_007760,2025-08-10,2025-08-10
PAT_006227,DEV_007761,2025-08-07,2025-08-12
PAT_006228,DEV_007762,2025-12-26,2025-12-30
PAT_006229,DEV_007763,2026-01-19,2026-01-19
PAT_006229,DEV_007764,2025-12-03,2025-12-27
PAT_006230,DEV_007765,2026-03-19,2026-03-19
PAT_006231,DEV_007766,2026-04-15,2026-04-15
PAT_006232,DEV_007767,2025-10-19,2025-10-19
PAT_006233,DEV_007768,2025-07-11,2025-07-14
PAT_006234,DEV_007769,2025-07-28,2025-07-28
PAT_006235,DEV_006282,2025-10-12,2025-10-15
PAT_006235,DEV_007770,2025-08-05,2025-09-03
PAT_006236,DEV_007771,2025-06-27,2025-06-30
PAT_006236,DEV_007772,2025-09-20,2025-09-25
PAT_006237,DEV_007773,2026-04-02,2026-04-07
PAT_006238,DEV_007774,2025-07-23,2025-07-23
PAT_006239,DEV_007775,2025-07-04,2026-01-24
PAT_006239,DEV_007776,2025-05-13,2025-05-26
PAT_006240,DEV_007777,2025-06-05,2025-06-23
PAT_006240,DEV_007778,2025-08-04,2025-08-04
PAT_006241,DEV_007779,2025-11-04,2025-11-04
PAT_006241,DEV_007780,2025-09-26,2025-10-07
PAT_006242,DEV_007781,2026-02-21,2026-02-21
PAT_006242,DEV_007782,2026-01-17,2026-01-24
PAT_006243,DEV_007783,2026-04-15,2026-04-15
PAT_006244,DEV_007784,2025-08-25,2025-08-29
PAT_006245,DEV_007785,2025-09-16,2025-09-18
PAT_006246,DEV_007786,2026-01-28,2026-01-28
PAT_006247,DEV_007787,2025-07-05,2025-07-07
PAT_006248,DEV_007788,2025-08-08,2026-01-05
PAT_006249,DEV_007789,2026-03-09,2026-03-12
PAT_006250,DEV_006535,2025-10-15,2025-11-22
PAT_006250,DEV_007790,2025-12-05,2025-12-07
PAT_006251,DEV_007791,2026-01-05,2026-01-05
PAT_006251,DEV_007792,2025-10-24,2025-11-30
PAT_006252,DEV_007793,2025-08-29,2025-09-01
PAT_006253,DEV_007794,2026-01-30,2026-02-04
PAT_006254,DEV_007795,2026-04-01,2026-04-05
PAT_006255,DEV_007796,2025-08-12,2025-08-12
PAT_006256,DEV_007797,2025-09-28,2025-10-03
PAT_006257,DEV_007798,2025-10-28,2025-11-01
PAT_006258,DEV_007799,2026-05-07,2026-05-07
PAT_006259,DEV_007800,2025-08-25,2025-08-27
PAT_006260,DEV_007801,2025-07-04,2025-07-09
PAT_006261,DEV_007802,2026-02-05,2026-02-06
PAT_006262,DEV_007803,2025-08-10,2025-08-12
PAT_006263,DEV_007804,2025-10-08,2025-10-08
PAT_006264,DEV_007805,2026-01-02,2026-01-10
PAT_006264,DEV_007806,2026-03-14,2026-04-02
PAT_006265,DEV_007807,2025-07-20,2025-07-20
PAT_006266,DEV_007808,2026-03-05,2026-03-05
PAT_006267,DEV_007809,2025-12-31,2026-01-02
PAT_006268,DEV_007810,2025-07-31,2025-08-03
PAT_006269,DEV_007811,2026-03-07,2026-03-09
PAT_006270,DEV_007812,2025-09-06,2026-01-16
PAT_006271,DEV_007813,2026-03-21,2026-03-22
PAT_006272,DEV_007814,2025-09-14,2025-09-14
PAT_006273,DEV_007815,2025-08-25,2025-08-27
PAT_006274,DEV_007816,2026-02-08,2026-02-08
PAT_006275,DEV_007817,2025-11-16,2025-11-17
PAT_006276,DEV_007818,2026-04-05,2026-04-10
PAT_006277,DEV_007819,2025-09-01,2025-09-01
PAT_006278,DEV_007820,2025-05-28,2025-06-18
PAT_006278,DEV_007821,2025-08-08,2025-10-13
PAT_006279,DEV_007822,2026-03-27,2026-03-27
PAT_006280,DEV_007823,2025-07-11,2025-07-14
PAT_006281,DEV_007824,2025-09-30,2025-10-04
PAT_006281,DEV_007825,2025-08-16,2025-09-06
PAT_006282,DEV_007826,2026-01-19,2026-01-19
PAT_006283,DEV_007827,2025-11-20,2025-11-25
PAT_006284,DEV_007828,2025-11-02,2025-11-07
PAT_006285,DEV_007829,2025-08-21,2025-08-21
PAT_006286,DEV_007830,2026-01-19,2026-01-23
PAT_006287,DEV_007831,2026-03-10,2026-03-13
PAT_006288,DEV_007832,2025-10-28,2025-12-06
PAT_006288,DEV_007833,2025-12-22,2025-12-22
PAT_006289,DEV_007834,2026-02-21,2026-02-24
PAT_006290,DEV_007835,2025-11-07,2025-11-07
PAT_006291,DEV_007836,2026-03-31,2026-04-02
PAT_006292,DEV_007837,2025-09-08,2025-09-12
PAT_006293,DEV_007838,2025-11-26,2026-04-05
PAT_006294,DEV_007839,2025-12-01,2025-12-03
PAT_006294,DEV_007840,2025-11-15,2025-11-30
PAT_006295,DEV_007841,2025-09-14,2025-09-14
PAT_006296,DEV_007842,2025-12-24,2025-12-25
PAT_006296,DEV_007843,2025-10-14,2025-11-14
PAT_006297,DEV_007844,2025-12-22,2026-01-25
PAT_006297,DEV_007845,2026-02-05,2026-02-06
PAT_006298,DEV_007846,2026-04-11,2026-04-13
PAT_006299,DEV_007847,2025-09-13,2025-09-18
PAT_006300,DEV_007848,2026-02-20,2026-02-20
PAT_006301,DEV_007849,2025-12-23,2025-12-23
PAT_006301,DEV_007850,2025-11-24,2025-11-27
PAT_006302,DEV_007851,2025-12-29,2025-12-29
PAT_006303,DEV_007852,2026-02-19,2026-02-20
PAT_006304,DEV_007853,2025-11-16,2025-12-04
PAT_006305,DEV_007854,2025-11-06,2025-11-06
PAT_006306,DEV_007855,2026-01-31,2026-01-31
PAT_006306,DEV_007856,2026-01-08,2026-01-31
PAT_006307,DEV_007857,2025-09-14,2025-10-17
PAT_006307,DEV_007858,2025-10-31,2025-11-01
PAT_006308,DEV_007859,2025-07-01,2025-07-05
PAT_006309,DEV_007860,2025-11-25,2025-11-30
PAT_006310,DEV_007861,2026-01-31,2026-02-03
PAT_006311,DEV_007862,2026-04-03,2026-04-07
PAT_006311,DEV_007863,2026-03-12,2026-03-17
PAT_006312,DEV_005738,2026-03-10,2026-03-10
PAT_006312,DEV_007864,2025-12-26,2026-02-01
PAT_006313,DEV_007865,2025-09-30,2025-10-03
PAT_006313,DEV_007866,2025-07-28,2025-08-06
PAT_006314,DEV_007867,2025-11-27,2025-11-28
PAT_006315,DEV_007868,2025-12-20,2025-12-21
PAT_006316,DEV_007869,2025-10-26,2025-10-31
PAT_006317,DEV_007870,2025-12-13,2025-12-13
PAT_006318,DEV_007871,2025-09-11,2025-09-15
PAT_006319,DEV_007872,2025-09-02,2025-09-02
PAT_006320,DEV_007873,2025-07-23,2025-07-28
PAT_006321,DEV_007874,2025-07-24,2025-07-24
PAT_006321,DEV_007875,2025-07-08,2025-07-24
PAT_006322,DEV_007876,2025-07-12,2025-07-12
PAT_006323,DEV_007877,2026-03-05,2026-03-05
PAT_006324,DEV_007878,2025-09-04,2025-12-03
PAT_006325,DEV_007879,2025-12-16,2025-12-20
PAT_006326,DEV_007880,2025-09-24,2025-09-28
PAT_006326,DEV_007881,2025-07-18,2025-07-20
PAT_006327,DEV_007882,2025-07-22,2025-07-22
PAT_006328,DEV_004060,2025-07-04,2025-08-13
PAT_006329,DEV_007883,2025-07-10,2025-07-11
PAT_006330,DEV_007884,2025-09-25,2025-10-20
PAT_006330,DEV_007885,2025-12-02,2025-12-22
PAT_006331,DEV_007886,2025-09-19,2025-10-03
PAT_006331,DEV_007887,2025-10-23,2025-10-24
PAT_006332,DEV_007888,2026-04-04,2026-04-08
PAT_006333,DEV_007889,2026-04-29,2026-04-29
PAT_006334,DEV_006850,2026-03-17,2026-03-19
PAT_006335,DEV_007890,2026-04-04,2026-04-05
PAT_006336,DEV_007891,2025-10-26,2025-10-26
PAT_006337,DEV_007892,2025-10-21,2025-10-21
PAT_006338,DEV_007893,2026-02-11,2026-02-20
PAT_006339,DEV_007894,2025-07-22,2025-07-23
PAT_006340,DEV_007895,2025-11-04,2025-11-09
PAT_006341,DEV_007896,2025-10-25,2025-10-25
PAT_006342,DEV_007897,2026-02-27,2026-03-02
PAT_006343,DEV_007898,2025-12-19,2025-12-23
PAT_006344,DEV_007899,2025-07-20,2025-07-21
PAT_006345,DEV_007900,2026-04-14,2026-04-16
PAT_006346,DEV_007901,2025-11-15,2025-11-17
PAT_006347,DEV_007902,2025-08-14,2025-08-15
PAT_006348,DEV_007903,2026-03-03,2026-03-03
PAT_006349,DEV_007904,2025-09-12,2025-09-12
PAT_006350,DEV_007905,2025-11-06,2025-11-06
PAT_006350,DEV_007906,2025-10-03,2025-10-11
PAT_006351,DEV_007907,2025-09-01,2025-09-02
PAT_006352,DEV_007908,2025-12-19,2025-12-22
PAT_006353,DEV_003107,2025-09-29,2025-10-01
PAT_006353,DEV_007909,2025-10-28,2025-11-01
PAT_006354,DEV_007910,2025-11-26,2025-12-16
PAT_006354,DEV_007911,2026-02-12,2026-02-12
PAT_006355,DEV_007912,2026-03-02,2026-03-02
PAT_006356,DEV_007913,2025-07-30,2026-04-03
PAT_006356,DEV_007914,2025-07-01,2025-07-13
PAT_006357,DEV_007915,2025-07-05,2025-07-05
PAT_006358,DEV_007916,2026-01-26,2026-01-28
PAT_006359,DEV_007917,2026-01-06,2026-01-06
PAT_006360,DEV_007918,2025-09-01,2025-09-01
PAT_006361,DEV_007919,2025-10-05,2025-10-05
PAT_006362,DEV_007920,2026-01-17,2026-01-20
PAT_006363,DEV_007921,2025-10-23,2025-10-27
PAT_006364,DEV_007922,2026-01-06,2026-01-06
PAT_006364,DEV_007923,2025-11-02,2025-12-10
PAT_006365,DEV_007924,2025-09-16,2025-09-20
PAT_006366,DEV_007925,2025-10-14,2025-10-19
PAT_006367,DEV_007926,2025-08-27,2025-08-31
PAT_006368,DEV_007927,2026-02-14,2026-02-25
PAT_006368,DEV_007928,2026-05-05,2026-05-05
PAT_006369,DEV_007929,2025-09-04,2025-09-11
PAT_006369,DEV_007930,2025-10-05,2025-10-05
PAT_006370,DEV_007931,2025-09-17,2025-10-06
PAT_006370,DEV_007932,2025-10-25,2025-10-28
PAT_006371,DEV_007933,2026-03-01,2026-03-02
PAT_006372,DEV_007934,2025-12-20,2026-01-12
PAT_006372,DEV_007935,2026-01-31,2026-02-03
PAT_006373,DEV_007936,2025-12-31,2026-01-05
PAT_006374,DEV_007937,2025-10-13,2025-10-17
PAT_006375,DEV_004275,2026-03-18,2026-03-18
PAT_006376,DEV_007938,2025-10-26,2025-10-29
PAT_006376,DEV_007939,2025-08-11,2025-08-16
PAT_006377,DEV_007940,2026-01-17,2026-01-19
PAT_006378,DEV_007941,2026-02-23,2026-02-24
PAT_006379,DEV_007942,2026-03-07,2026-03-07
PAT_006380,DEV_007943,2025-11-17,2025-11-17
PAT_006381,DEV_007944,2025-12-24,2026-01-09
PAT_006381,DEV_007945,2026-01-09,2026-01-14
PAT_006382,DEV_007946,2025-10-10,2025-10-10
PAT_006383,DEV_007947,2025-12-02,2025-12-07
PAT_006384,DEV_007948,2025-07-08,2025-07-08
PAT_006385,DEV_007949,2025-10-29,2025-10-29
PAT_006386,DEV_007950,2025-06-16,2025-07-11
PAT_006386,DEV_007951,2025-07-16,2025-07-16
PAT_006387,DEV_007952,2025-11-09,2025-11-11
PAT_006388,DEV_007953,2026-03-08,2026-03-10
PAT_006388,DEV_007954,2025-12-23,2026-01-15
PAT_006389,DEV_007955,2025-10-08,2025-10-10
PAT_006390,DEV_007956,2025-08-18,2025-08-23
PAT_006391,DEV_007957,2025-08-24,2025-08-27
PAT_006392,DEV_007958,2025-11-02,2025-11-05
PAT_006393,DEV_007959,2025-10-19,2025-10-24
PAT_006393,DEV_007960,2025-07-23,2025-08-28
PAT_006394,DEV_007961,2026-01-14,2026-01-15
PAT_006395,DEV_007962,2025-11-14,2025-11-26
PAT_006395,DEV_007963,2025-12-26,2025-12-30
PAT_006396,DEV_007964,2025-11-30,2025-12-03
PAT_006397,DEV_002334,2026-02-19,2026-02-19
PAT_006398,DEV_007965,2025-10-09,2025-11-11
PAT_006398,DEV_007966,2025-11-20,2025-11-20
PAT_006399,DEV_007967,2026-01-17,2026-01-21
PAT_006400,DEV_007968,2026-04-27,2026-04-27
PAT_006401,DEV_007969,2026-02-15,2026-02-17
PAT_006402,DEV_007970,2025-11-03,2025-11-06
PAT_006403,DEV_007971,2025-10-19,2025-10-19
PAT_006403,DEV_007972,2025-10-02,2025-10-07
PAT_006404,DEV_007973,2025-12-25,2025-12-25
PAT_006405,DEV_002609,2025-08-08,2025-09-15
PAT_006405,DEV_007974,2025-10-18,2025-10-18
PAT_006406,DEV_007975,2025-12-14,2025-12-14
PAT_006407,DEV_007976,2025-10-08,2025-10-08
PAT_006408,DEV_007977,2025-09-07,2025-09-10
PAT_006409,DEV_007978,2026-01-16,2026-01-20
PAT_006410,DEV_007979,2026-03-10,2026-03-13
PAT_006411,DEV_007980,2025-10-21,2025-10-22
PAT_006412,DEV_001979,2025-11-04,2026-03-25
PAT_006413,DEV_007981,2026-01-23,2026-01-27
PAT_006413,DEV_007982,2026-02-08,2026-02-10
PAT_006414,DEV_007983,2025-08-15,2025-09-19
PAT_006414,DEV_007984,2025-10-23,2025-10-28
PAT_006415,DEV_007985,2025-11-13,2025-11-17
PAT_006416,DEV_007986,2025-06-23,2025-07-18
PAT_006416,DEV_007987,2025-07-21,2025-07-25
PAT_006417,DEV_007988,2025-11-12,2025-11-13
PAT_006418,DEV_003376,2025-07-21,2025-07-24
PAT_006419,DEV_005862,2025-10-24,2025-11-27
PAT_006419,DEV_007989,2025-11-27,2025-11-29
PAT_006420,DEV_007990,2025-10-07,2025-10-09
PAT_006421,DEV_007991,2025-12-09,2026-01-17
PAT_006421,DEV_007992,2026-03-07,2026-03-10
PAT_006422,DEV_007993,2026-04-09,2026-04-09
PAT_006423,DEV_007994,2026-02-12,2026-02-14
PAT_006423,DEV_007995,2025-12-19,2026-01-17
PAT_006424,DEV_007996,2026-03-10,2026-03-16
PAT_006424,DEV_007997,2026-04-26,2026-04-30
PAT_006425,DEV_007998,2025-10-20,2025-10-20
PAT_006426,DEV_007999,2026-01-12,2026-02-12
PAT_006426,DEV_008000,2026-03-21,2026-03-22
PAT_006427,DEV_008001,2025-08-05,2025-08-14
PAT_006427,DEV_008002,2025-08-28,2025-08-31
PAT_006428,DEV_000742,2025-06-26,2025-08-04
PAT_006428,DEV_008003,2025-08-22,2025-08-24
PAT_006429,DEV_008004,2026-02-26,2026-03-03
PAT_006430,DEV_008005,2025-11-15,2025-11-18
PAT_006431,DEV_008006,2026-03-18,2026-04-12
PAT_006431,DEV_008007,2026-05-11,2026-05-13
PAT_006432,DEV_008008,2025-07-20,2025-08-21
PAT_006432,DEV_008009,2025-09-17,2025-09-22
PAT_006433,DEV_008010,2025-12-07,2025-12-10
PAT_006434,DEV_008011,2026-04-28,2026-04-30
PAT_006434,DEV_008012,2026-04-02,2026-04-28
PAT_006435,DEV_008013,2026-02-26,2026-02-26
PAT_006436,DEV_008014,2026-04-14,2026-04-17
PAT_006436,DEV_008015,2026-03-26,2026-04-14
PAT_006437,DEV_008016,2025-10-21,2025-11-16
PAT_006437,DEV_008017,2025-12-13,2025-12-16
PAT_006438,DEV_008018,2026-04-14,2026-04-18
PAT_006439,DEV_008019,2025-12-04,2025-12-04
PAT_006440,DEV_008020,2025-08-15,2026-04-22
PAT_006441,DEV_008021,2026-04-12,2026-04-16
PAT_006442,DEV_008022,2025-08-22,2025-08-25
PAT_006443,DEV_008023,2025-08-23,2025-09-17
PAT_006444,DEV_008024,2025-07-30,2025-07-30
PAT_006445,DEV_008025,2026-01-02,2026-01-05
PAT_006446,DEV_008026,2025-07-19,2025-07-24
PAT_006447,DEV_008027,2026-03-03,2026-03-06
PAT_006448,DEV_008028,2026-01-23,2026-01-27
PAT_006449,DEV_008029,2025-12-10,2025-12-13
PAT_006450,DEV_008030,2025-07-05,2025-07-10
PAT_006451,DEV_008031,2025-08-17,2025-12-16
PAT_006452,DEV_008032,2026-01-31,2026-01-31
PAT_006453,DEV_008033,2025-09-20,2025-09-20
PAT_006454,DEV_008034,2025-09-01,2025-09-02
PAT_006455,DEV_008035,2025-11-24,2025-11-28
PAT_006456,DEV_008036,2025-11-21,2025-11-21
PAT_006457,DEV_008037,2025-08-06,2025-08-06
PAT_006458,DEV_008038,2026-02-24,2026-02-26
PAT_006459,DEV_008039,2025-10-20,2025-10-24
PAT_006460,DEV_008040,2025-06-15,2025-06-17
PAT_006460,DEV_008041,2025-07-10,2025-07-13
PAT_006461,DEV_008042,2026-05-03,2026-05-03
PAT_006462,DEV_008043,2025-09-01,2025-09-04
PAT_006463,DEV_008044,2025-07-07,2025-07-11
PAT_006464,DEV_008045,2025-07-26,2025-08-16
PAT_006464,DEV_008046,2025-10-12,2025-10-12
PAT_006465,DEV_008047,2025-11-18,2025-11-18
PAT_006465,DEV_008048,2025-08-25,2025-08-25
PAT_006466,DEV_008049,2025-09-04,2025-09-09
PAT_006467,DEV_008050,2025-08-21,2025-08-23
PAT_006468,DEV_008051,2026-03-23,2026-04-16
PAT_006468,DEV_008052,2026-04-16,2026-04-17
PAT_006469,DEV_008053,2025-07-09,2025-07-11
PAT_006470,DEV_000720,2025-12-11,2025-12-11
PAT_006470,DEV_008054,2025-09-23,2025-10-28
PAT_006471,DEV_008055,2025-09-08,2025-10-04
PAT_006471,DEV_008056,2025-10-29,2025-10-29
PAT_006472,DEV_008057,2025-10-17,2025-10-21
PAT_006473,DEV_008058,2026-04-07,2026-04-08
PAT_006474,DEV_008059,2025-08-26,2025-08-31
PAT_006475,DEV_008060,2025-10-01,2025-10-02
PAT_006476,DEV_008061,2026-02-08,2026-02-08
PAT_006477,DEV_008062,2026-04-16,2026-04-16
PAT_006478,DEV_008063,2026-01-09,2026-01-12
PAT_006479,DEV_008064,2026-02-19,2026-02-19
PAT_006480,DEV_008065,2025-08-29,2025-09-02
PAT_006481,DEV_008066,2025-12-15,2025-12-15
PAT_006482,DEV_008067,2025-08-13,2025-08-16
PAT_006482,DEV_008068,2025-07-10,2025-08-13
PAT_006483,DEV_008069,2026-05-09,2026-05-09
PAT_006484,DEV_008070,2026-03-29,2026-03-31
PAT_006485,DEV_008071,2025-10-31,2025-11-01
PAT_006486,DEV_008072,2026-05-03,2026-05-03
PAT_006486,DEV_008073,2026-03-12,2026-03-22
PAT_006487,DEV_008074,2026-01-18,2026-01-18
PAT_006488,DEV_008075,2026-04-08,2026-04-08
PAT_006488,DEV_008076,2026-01-21,2026-02-22
PAT_006489,DEV_008077,2025-08-06,2025-08-11
PAT_006490,DEV_008078,2026-01-08,2026-01-13
PAT_006491,DEV_008079,2025-09-24,2025-09-26
PAT_006491,DEV_008080,2025-07-30,2025-08-05
PAT_006492,DEV_008081,2026-02-13,2026-03-11
PAT_006493,DEV_008082,2025-11-15,2025-11-18
PAT_006494,DEV_008083,2025-09-08,2025-09-08
PAT_006495,DEV_008084,2025-07-13,2025-07-18
PAT_006496,DEV_008085,2026-03-07,2026-03-11
PAT_006497,DEV_008086,2025-09-03,2025-09-04
PAT_006497,DEV_008087,2025-10-08,2025-10-08
PAT_006498,DEV_008088,2025-11-23,2025-11-23
PAT_006498,DEV_008089,2025-11-05,2025-11-16
PAT_006499,DEV_008090,2025-12-17,2025-12-28
PAT_006499,DEV_008091,2026-01-13,2026-01-18
PAT_006500,DEV_008092,2025-11-03,2026-03-01
PAT_006501,DEV_008093,2025-12-11,2026-01-05
PAT_006501,DEV_008094,2026-01-05,2026-01-10
PAT_006502,DEV_008095,2025-07-13,2025-07-13
PAT_006503,DEV_008096,2025-09-11,2025-09-16
PAT_006503,DEV_008097,2025-07-05,2025-07-13
PAT_006504,DEV_008098,2025-09-01,2025-09-03
PAT_006504,DEV_008099,2025-07-29,2025-08-13
PAT_006505,DEV_008100,2025-09-22,2025-09-28
PAT_006506,DEV_008101,2025-10-12,2025-10-13
PAT_006506,DEV_008102,2025-08-29,2025-08-30
PAT_006507,DEV_008103,2025-09-05,2025-09-07
PAT_006508,DEV_008104,2026-03-18,2026-03-22
PAT_006508,DEV_008105,2026-02-19,2026-02-24
PAT_006509,DEV_008106,2026-04-10,2026-04-11
PAT_006509,DEV_008107,2026-01-18,2026-01-30
PAT_006510,DEV_008108,2026-03-06,2026-03-06
PAT_006511,DEV_008109,2025-11-04,2025-11-04
PAT_006512,DEV_008110,2025-10-23,2025-10-26
PAT_006512,DEV_008111,2025-08-17,2025-08-26
PAT_006513,DEV_008112,2026-02-16,2026-02-16
PAT_006513,DEV_008113,2025-11-29,2026-01-01
PAT_006514,DEV_008114,2026-01-10,2026-01-10
PAT_006515,DEV_008115,2025-06-16,2025-07-17
PAT_006515,DEV_008116,2025-08-19,2025-08-22
PAT_006516,DEV_008117,2025-11-14,2025-12-19
PAT_006516,DEV_008118,2026-01-10,2026-01-10
PAT_006517,DEV_008119,2026-02-03,2026-02-06
PAT_006518,DEV_008120,2026-03-01,2026-03-01
PAT_006519,DEV_008121,2026-02-02,2026-02-06
PAT_006520,DEV_008122,2026-03-28,2026-04-01
PAT_006520,DEV_008123,2026-03-12,2026-03-13
PAT_006521,DEV_008124,2025-07-02,2025-08-09
PAT_006521,DEV_008125,2025-09-09,2025-09-13
PAT_006522,DEV_008126,2026-05-06,2026-05-07
PAT_006522,DEV_008127,2026-03-31,2026-04-01
PAT_006523,DEV_008128,2026-04-15,2026-04-15
PAT_006524,DEV_008129,2025-12-28,2025-12-30
PAT_006524,DEV_008130,2025-11-13,2025-12-04
PAT_006525,DEV_008131,2025-12-24,2025-12-24
PAT_006526,DEV_008132,2025-11-12,2025-11-16
PAT_006527,DEV_008133,2025-10-25,2025-10-30
PAT_006528,DEV_008134,2025-09-24,2025-10-10
PAT_006528,DEV_008135,2025-11-06,2026-01-24
PAT_006529,DEV_008136,2026-05-11,2026-05-13
PAT_006530,DEV_008137,2025-08-16,2025-08-19
PAT_006531,DEV_008138,2026-03-28,2026-03-28
PAT_006532,DEV_008139,2026-02-09,2026-02-23
PAT_006532,DEV_008140,2026-03-13,2026-03-14
PAT_006533,DEV_008141,2026-01-27,2026-02-15
PAT_006533,DEV_008142,2026-04-03,2026-04-03
PAT_006534,DEV_008143,2025-09-05,2025-09-06
PAT_006535,DEV_008144,2025-10-18,2025-10-22
PAT_006536,DEV_008145,2025-09-29,2025-10-16
PAT_006536,DEV_008146,2025-10-17,2025-10-21
PAT_006537,DEV_008147,2025-07-01,2025-07-01
PAT_006538,DEV_008148,2026-03-09,2026-03-09
PAT_006539,DEV_008149,2025-12-03,2026-01-10
PAT_006540,DEV_008150,2025-10-02,2025-10-03
PAT_006541,DEV_008151,2025-08-04,2025-08-04
PAT_006542,DEV_000731,2025-12-24,2026-01-27
PAT_006542,DEV_008152,2025-10-22,2025-11-03
PAT_006543,DEV_008153,2025-10-05,2025-10-05
PAT_006544,DEV_008154,2025-07-09,2025-07-09
PAT_006545,DEV_008155,2026-04-09,2026-04-14
PAT_006546,DEV_008156,2025-08-28,2025-08-31
PAT_006547,DEV_008157,2025-09-08,2025-09-08
PAT_006548,DEV_008158,2025-07-02,2025-07-05
PAT_006549,DEV_008159,2025-06-01,2025-06-22
PAT_006549,DEV_008160,2025-07-05,2025-11-19
PAT_006550,DEV_008161,2026-01-05,2026-01-09
PAT_006550,DEV_008162,2025-11-16,2025-12-24
PAT_006551,DEV_008163,2025-07-17,2025-07-17
PAT_006552,DEV_008164,2026-01-01,2026-01-04
PAT_006553,DEV_008165,2026-04-13,2026-04-15
PAT_006554,DEV_008166,2025-07-09,2025-07-21
PAT_006554,DEV_008167,2025-09-19,2025-09-23
PAT_006555,DEV_008168,2025-11-11,2026-03-22
PAT_006556,DEV_008169,2025-12-01,2025-12-01
PAT_006557,DEV_008170,2025-08-28,2026-01-27
PAT_006558,DEV_008171,2025-08-02,2025-08-02
PAT_006559,DEV_008172,2025-09-18,2025-09-23
PAT_006560,DEV_000853,2025-11-15,2025-11-15
PAT_006561,DEV_008173,2026-03-08,2026-03-13
PAT_006562,DEV_008174,2025-08-30,2025-12-15
PAT_006563,DEV_008175,2026-03-17,2026-03-20
PAT_006564,DEV_008176,2025-07-13,2025-07-14
PAT_006565,DEV_008177,2025-09-12,2025-09-15
PAT_006566,DEV_008178,2025-11-28,2025-12-03
PAT_006567,DEV_008179,2026-01-31,2026-02-03
PAT_006568,DEV_008180,2026-02-08,2026-03-09
PAT_006568,DEV_008181,2026-03-13,2026-03-16
PAT_006569,DEV_008182,2026-03-02,2026-03-02
PAT_006570,DEV_008183,2025-10-25,2025-10-25
PAT_006571,DEV_008184,2026-03-07,2026-03-09
PAT_006571,DEV_008185,2025-12-19,2026-01-02
PAT_006572,DEV_008186,2025-07-26,2025-07-31
PAT_006573,DEV_008187,2025-07-05,2025-07-05
PAT_006573,DEV_008188,2025-05-30,2025-06-23
PAT_006574,DEV_008189,2026-04-20,2026-04-20
PAT_006575,DEV_008190,2025-10-23,2025-10-25
PAT_006576,DEV_008191,2026-05-01,2026-05-03
PAT_006576,DEV_008192,2026-03-15,2026-04-08
PAT_006577,DEV_008193,2026-01-04,2026-01-21
PAT_006578,DEV_008194,2025-12-05,2025-12-28
PAT_006579,DEV_008195,2025-11-10,2025-11-10
PAT_006580,DEV_008196,2025-12-18,2026-01-14
PAT_006581,DEV_008197,2025-09-15,2025-09-18
PAT_006582,DEV_008198,2025-12-27,2025-12-28
PAT_006583,DEV_008199,2026-01-04,2026-01-04
PAT_006584,DEV_003546,2025-07-31,2025-07-31
PAT_006584,DEV_008200,2025-05-25,2025-06-29
PAT_006585,DEV_008201,2026-01-06,2026-01-06
PAT_006586,DEV_008202,2026-02-03,2026-02-06
PAT_006586,DEV_008203,2025-11-15,2025-12-03
PAT_006587,DEV_008204,2025-09-29,2025-09-29
PAT_006588,DEV_008205,2025-07-08,2025-07-10
PAT_006589,DEV_008206,2025-12-23,2025-12-23
PAT_006590,DEV_008207,2026-03-02,2026-03-05
PAT_006591,DEV_006735,2026-01-01,2026-01-05
PAT_006592,DEV_008208,2026-02-03,2026-02-09
PAT_006592,DEV_008209,2026-04-19,2026-04-20
PAT_006593,DEV_008210,2025-09-23,2025-09-23
PAT_006594,DEV_008211,2026-03-23,2026-03-23
PAT_006595,DEV_008212,2025-07-16,2025-07-19
PAT_006596,DEV_008213,2026-01-11,2026-01-16
PAT_006596,DEV_008214,2025-11-21,2025-12-30
PAT_006597,DEV_007146,2025-08-10,2025-08-15
PAT_006598,DEV_008215,2025-06-11,2025-06-21
PAT_006598,DEV_008216,2025-07-23,2025-07-28
PAT_006599,DEV_008217,2026-02-24,2026-02-26
PAT_006599,DEV_008218,2026-04-17,2026-04-18
PAT_006600,DEV_008219,2026-01-19,2026-01-21
PAT_006601,DEV_008220,2025-06-22,2025-07-14
PAT_006601,DEV_008221,2025-08-24,2025-08-24
PAT_006602,DEV_008222,2026-02-04,2026-02-05
PAT_006603,DEV_008223,2025-11-07,2025-11-07
PAT_006604,DEV_008224,2026-02-14,2026-02-18
PAT_006604,DEV_008225,2026-05-06,2026-05-09
PAT_006605,DEV_008226,2026-02-14,2026-02-14
PAT_006606,DEV_008227,2025-07-15,2025-07-17
PAT_006606,DEV_008228,2025-10-08,2025-10-09
PAT_006607,DEV_008229,2026-03-19,2026-03-21
PAT_006608,DEV_008230,2026-03-30,2026-04-01
PAT_006609,DEV_008231,2025-09-17,2025-09-21
PAT_006610,DEV_008232,2025-07-01,2025-07-10
PAT_006610,DEV_008233,2025-07-19,2025-07-19
PAT_006611,DEV_008234,2025-12-07,2025-12-07
PAT_006611,DEV_008235,2025-10-13,2025-10-14
PAT_006612,DEV_008236,2025-12-13,2025-12-14
PAT_006612,DEV_008237,2025-11-10,2025-12-03
PAT_006613,DEV_008238,2025-09-28,2025-10-03
PAT_006614,DEV_000385,2025-10-29,2025-11-01
PAT_006615,DEV_008239,2025-09-11,2026-01-06
PAT_006616,DEV_004864,2026-03-04,2026-03-04
PAT_006617,DEV_008240,2025-10-11,2025-10-15
PAT_006617,DEV_008241,2025-08-28,2025-10-04
PAT_006618,DEV_008242,2026-04-21,2026-04-21
PAT_006619,DEV_008243,2025-04-20,2025-05-12
PAT_006619,DEV_008244,2025-07-16,2025-07-17
PAT_006620,DEV_008245,2025-07-04,2025-07-04
PAT_006620,DEV_008246,2025-05-29,2025-06-23
PAT_006621,DEV_008247,2025-08-31,2025-09-04
PAT_006622,DEV_008248,2025-07-16,2025-07-17
PAT_006623,DEV_008249,2025-11-13,2026-03-20
PAT_006624,DEV_008250,2025-11-28,2025-12-02
PAT_006625,DEV_008251,2026-01-07,2026-01-08
PAT_006626,DEV_008252,2026-02-03,2026-02-03
PAT_006627,DEV_008253,2025-10-14,2025-10-14
PAT_006628,DEV_008254,2025-12-04,2025-12-08
PAT_006628,DEV_008255,2025-10-18,2025-11-19
PAT_006629,DEV_008256,2025-08-24,2025-08-24
PAT_006630,DEV_008257,2025-12-05,2025-12-07
PAT_006631,DEV_008258,2025-12-31,2026-03-27
PAT_006632,DEV_008259,2025-12-25,2025-12-30
PAT_006633,DEV_007615,2026-01-09,2026-02-06
PAT_006633,DEV_008260,2026-02-20,2026-02-24
PAT_006634,DEV_000833,2025-10-05,2025-10-08
PAT_006634,DEV_008261,2025-07-25,2025-07-30
PAT_006635,DEV_008262,2026-03-21,2026-03-24
PAT_006635,DEV_008263,2026-01-23,2026-02-16
PAT_006636,DEV_008264,2025-08-08,2025-08-08
PAT_006637,DEV_008265,2025-10-06,2025-10-08
PAT_006638,DEV_008266,2025-09-03,2025-09-03
PAT_006639,DEV_008267,2025-12-14,2025-12-14
PAT_006640,DEV_008268,2026-01-27,2026-01-29
PAT_006641,DEV_008269,2026-01-08,2026-01-12
PAT_006642,DEV_002535,2026-03-05,2026-03-05
PAT_006642,DEV_008270,2025-12-12,2025-12-29
PAT_006643,DEV_008271,2026-03-07,2026-03-17
PAT_006643,DEV_008272,2026-04-26,2026-04-26
PAT_006644,DEV_008273,2025-09-11,2025-09-20
PAT_006644,DEV_008274,2025-10-27,2025-11-01
PAT_006645,DEV_008275,2025-12-13,2026-01-21
PAT_006645,DEV_008276,2026-02-12,2026-02-12
PAT_006646,DEV_008277,2025-09-13,2025-10-01
PAT_006646,DEV_008278,2025-10-04,2025-10-04
PAT_006647,DEV_008279,2025-07-01,2025-07-06
PAT_006648,DEV_008280,2025-08-15,2025-08-15
PAT_006649,DEV_008281,2025-12-22,2026-04-21
PAT_006650,DEV_008282,2025-10-29,2025-11-11
PAT_006650,DEV_008283,2026-01-14,2026-01-19
PAT_006651,DEV_008284,2025-12-05,2025-12-05
PAT_006651,DEV_008285,2025-09-22,2025-09-24
PAT_006652,DEV_008286,2026-03-19,2026-03-23
PAT_006653,DEV_008287,2025-07-11,2025-07-15
PAT_006654,DEV_008288,2025-09-24,2025-10-08
PAT_006654,DEV_008289,2025-11-24,2025-11-27
PAT_006655,DEV_008290,2025-12-21,2025-12-23
PAT_006656,DEV_008291,2025-09-18,2025-09-22
PAT_006656,DEV_008292,2025-07-10,2025-07-13
PAT_006657,DEV_008293,2025-07-16,2026-02-06
PAT_006658,DEV_008294,2026-02-21,2026-02-21
PAT_006658,DEV_008295,2026-02-02,2026-02-03
PAT_006659,DEV_004202,2026-02-14,2026-02-19
PAT_006659,DEV_008296,2026-03-30,2026-03-30
PAT_006660,DEV_008297,2025-07-31,2025-07-31
PAT_006661,DEV_008298,2026-02-10,2026-02-12
PAT_006661,DEV_008299,2026-01-09,2026-01-20
PAT_006662,DEV_008300,2026-01-14,2026-01-14
PAT_006663,DEV_008301,2025-10-03,2025-10-04
PAT_006664,DEV_008302,2025-06-25,2025-07-09
PAT_006664,DEV_008303,2025-09-23,2025-09-23
PAT_006665,DEV_008304,2026-03-15,2026-03-15
PAT_006666,DEV_008305,2025-09-28,2025-12-10
PAT_006667,DEV_008306,2026-04-25,2026-04-29
PAT_006668,DEV_008307,2025-12-14,2025-12-26
PAT_006668,DEV_008308,2026-02-17,2026-02-19
PAT_006669,DEV_008309,2025-10-12,2025-10-12
PAT_006670,DEV_008310,2026-01-28,2026-02-02
PAT_006671,DEV_008311,2025-12-19,2026-01-06
PAT_006671,DEV_008312,2026-01-06,2026-01-06
PAT_006672,DEV_008313,2025-07-16,2025-07-20
PAT_006673,DEV_008314,2025-12-06,2025-12-06
PAT_006674,DEV_008315,2026-03-18,2026-03-19
PAT_006675,DEV_008316,2026-01-17,2026-01-20
PAT_006676,DEV_008317,2025-11-21,2025-11-21
PAT_006677,DEV_008318,2025-08-14,2026-04-05
PAT_006678,DEV_008319,2026-03-10,2026-03-11
PAT_006679,DEV_008320,2026-03-31,2026-04-03
PAT_006680,DEV_008321,2025-07-05,2025-08-08
PAT_006681,DEV_008322,2025-11-27,2025-11-27
PAT_006681,DEV_008323,2025-09-09,2025-09-26
PAT_006682,DEV_008324,2025-11-29,2025-12-04
PAT_006683,DEV_008325,2025-12-05,2025-12-25
PAT_006683,DEV_008326,2026-01-18,2026-01-20
PAT_006684,DEV_008327,2025-10-22,2025-10-22
PAT_006685,DEV_008328,2026-02-10,2026-03-02
PAT_006685,DEV_008329,2026-03-02,2026-03-06
PAT_006686,DEV_008330,2025-09-09,2026-03-10
PAT_006687,DEV_008331,2025-08-08,2025-08-13
PAT_006688,DEV_008332,2025-10-03,2025-10-08
PAT_006689,DEV_008333,2025-09-13,2025-09-19
PAT_006689,DEV_008334,2025-11-21,2025-11-26
PAT_006690,DEV_008335,2025-11-29,2025-11-30
PAT_006691,DEV_008336,2025-09-09,2025-09-13
PAT_006692,DEV_008337,2025-10-22,2025-10-25
PAT_006693,DEV_008338,2025-09-01,2025-09-04
PAT_006693,DEV_008339,2025-11-07,2025-11-07
PAT_006694,DEV_008340,2026-01-05,2026-01-05
PAT_006695,DEV_008341,2026-02-22,2026-02-25
PAT_006696,DEV_008342,2025-11-30,2025-11-30
PAT_006697,DEV_008343,2026-01-20,2026-01-20
PAT_006698,DEV_008344,2026-01-04,2026-01-05
PAT_006699,DEV_008345,2026-02-25,2026-02-25
PAT_006699,DEV_008346,2026-01-12,2026-01-15
PAT_006700,DEV_008347,2026-05-10,2026-05-14
PAT_006700,DEV_008348,2026-03-11,2026-03-12
PAT_006701,DEV_008349,2026-01-21,2026-01-30
PAT_006702,DEV_008350,2025-10-03,2025-10-06
PAT_006702,DEV_008351,2025-07-31,2025-09-05
PAT_006703,DEV_008352,2026-01-11,2026-01-15
PAT_006704,DEV_008353,2025-10-12,2025-11-19
PAT_006704,DEV_008354,2025-12-18,2025-12-22
PAT_006705,DEV_008355,2025-09-20,2025-09-21
PAT_006706,DEV_008356,2025-08-11,2025-08-15
PAT_006707,DEV_008357,2026-01-10,2026-03-21
PAT_006708,DEV_007878,2025-07-19,2025-07-23
PAT_006708,DEV_008358,2025-07-03,2025-07-19
PAT_006709,DEV_008359,2026-05-01,2026-05-06
PAT_006710,DEV_008360,2026-01-14,2026-01-16
PAT_006711,DEV_008361,2025-06-03,2025-06-12
PAT_006711,DEV_008362,2025-09-01,2025-09-01
PAT_006712,DEV_008363,2025-12-27,2025-12-27
PAT_006713,DEV_008364,2025-12-03,2025-12-03
PAT_006714,DEV_005450,2026-04-30,2026-05-04
PAT_006715,DEV_008365,2025-11-10,2025-11-11
PAT_006716,DEV_003049,2026-03-13,2026-03-16
PAT_006717,DEV_008366,2026-03-03,2026-03-03
PAT_006718,DEV_008367,2026-02-11,2026-02-13
PAT_006719,DEV_008368,2025-10-28,2025-10-28
PAT_006720,DEV_008369,2025-10-06,2025-10-06
PAT_006721,DEV_001919,2025-12-29,2026-01-13
PAT_006721,DEV_008370,2026-01-25,2026-01-26
PAT_006722,DEV_008371,2025-12-02,2025-12-07
PAT_006723,DEV_008372,2025-08-02,2025-08-02
PAT_006724,DEV_008373,2025-07-21,2025-07-25
PAT_006724,DEV_008374,2025-04-23,2025-05-22
PAT_006725,DEV_008375,2025-09-07,2025-09-07
PAT_006726,DEV_008376,2025-10-06,2025-10-12
PAT_006726,DEV_008377,2025-12-01,2025-12-06
PAT_006727,DEV_008378,2026-02-18,2026-02-21
PAT_006727,DEV_008379,2026-02-04,2026-02-18
PAT_006728,DEV_008380,2025-10-15,2026-01-17
PAT_006728,DEV_008381,2025-08-14,2025-09-03
PAT_006729,DEV_008382,2025-11-26,2025-11-28
PAT_006730,DEV_008383,2025-12-12,2025-12-12
PAT_006731,DEV_008384,2026-03-07,2026-03-11
PAT_006731,DEV_008385,2025-12-07,2025-12-20
PAT_006732,DEV_008386,2025-08-20,2025-08-22
PAT_006733,DEV_008387,2026-02-24,2026-03-22
PAT_006733,DEV_008388,2026-03-22,2026-03-26
PAT_006734,DEV_008389,2025-10-10,2025-10-10
PAT_006735,DEV_008390,2026-05-10,2026-05-15
PAT_006736,DEV_008391,2025-09-24,2025-09-28
PAT_006737,DEV_008392,2025-07-09,2025-07-09
PAT_006738,DEV_008393,2025-11-28,2025-12-03
PAT_006739,DEV_002301,2025-12-22,2025-12-23
PAT_006740,DEV_008394,2025-10-10,2025-10-10
PAT_006740,DEV_008395,2025-09-19,2025-10-10
PAT_006741,DEV_008396,2026-02-22,2026-02-22
PAT_006741,DEV_008397,2026-01-31,2026-02-16
PAT_006742,DEV_008398,2025-07-04,2025-07-08
PAT_006743,DEV_008399,2025-10-10,2025-10-10
PAT_006743,DEV_008400,2025-08-28,2025-09-10
PAT_006744,DEV_008401,2025-07-08,2025-07-10
PAT_006745,DEV_008402,2025-12-14,2025-12-14
PAT_006746,DEV_008403,2026-02-13,2026-02-18
PAT_006747,DEV_002335,2025-10-10,2025-10-15
PAT_006748,DEV_008404,2025-06-05,2025-07-06
PAT_006748,DEV_008405,2025-07-22,2025-07-22
PAT_006749,DEV_008406,2025-08-31,2025-09-07
PAT_006749,DEV_008407,2025-11-07,2025-11-12
PAT_006750,DEV_008408,2025-11-22,2025-11-22
PAT_006751,DEV_008409,2025-12-02,2025-12-03
PAT_006752,DEV_008410,2025-09-20,2025-09-25
PAT_006753,DEV_008411,2026-02-03,2026-02-03
PAT_006753,DEV_008412,2025-11-20,2025-12-25
PAT_006754,DEV_008413,2025-09-04,2025-11-20
PAT_006755,DEV_008414,2026-03-04,2026-03-06
PAT_006756,DEV_008415,2025-10-09,2025-10-12
PAT_006757,DEV_008416,2025-08-25,2025-08-30
PAT_006758,DEV_008417,2025-10-27,2025-10-27
PAT_006759,DEV_008418,2025-08-05,2026-04-28
PAT_006760,DEV_008419,2025-07-14,2025-07-19
PAT_006760,DEV_008420,2025-06-27,2025-07-14
PAT_006761,DEV_008421,2025-12-15,2025-12-16
PAT_006762,DEV_008422,2025-11-30,2025-12-01
PAT_006763,DEV_008423,2026-03-06,2026-03-07
PAT_006764,DEV_008424,2025-08-12,2025-08-25
PAT_006765,DEV_008425,2026-04-21,2026-04-26
PAT_006766,DEV_008426,2026-03-26,2026-03-26
PAT_006767,DEV_005138,2026-02-12,2026-02-16
PAT_006768,DEV_008427,2025-12-31,2025-12-31
PAT_006769,DEV_008428,2026-01-04,2026-01-09
PAT_006770,DEV_008429,2025-12-03,2025-12-06
PAT_006771,DEV_008430,2026-01-15,2026-01-19
PAT_006772,DEV_008431,2026-03-28,2026-03-28
PAT_006772,DEV_008432,2026-02-19,2026-03-22
PAT_006773,DEV_008433,2026-03-23,2026-03-28
PAT_006774,DEV_008434,2025-07-01,2025-07-01
PAT_006775,DEV_008435,2026-04-18,2026-04-22
PAT_006776,DEV_008436,2025-11-06,2025-11-06
PAT_006777,DEV_008437,2026-03-31,2026-04-03
PAT_006778,DEV_008438,2025-12-27,2025-12-27
PAT_006779,DEV_008439,2025-12-16,2025-12-18
PAT_006780,DEV_008440,2025-08-06,2025-08-06
PAT_006781,DEV_008441,2025-12-07,2025-12-07
PAT_006782,DEV_008442,2025-07-30,2025-07-31
PAT_006782,DEV_008443,2025-05-21,2025-05-26
PAT_006783,DEV_008444,2026-04-13,2026-04-13
PAT_006784,DEV_008445,2025-10-25,2025-10-29
PAT_006784,DEV_008446,2025-08-30,2025-09-27
PAT_006785,DEV_008447,2026-04-08,2026-04-08
PAT_006786,DEV_008448,2025-12-27,2025-12-29
PAT_006787,DEV_008449,2025-11-13,2025-11-13
PAT_006788,DEV_008450,2025-08-08,2025-08-13
PAT_006788,DEV_008451,2025-07-20,2025-08-08
PAT_006789,DEV_008452,2026-04-30,2026-05-05
PAT_006789,DEV_008453,2026-02-09,2026-02-15
PAT_006790,DEV_008454,2026-03-05,2026-03-09
PAT_006791,DEV_008455,2025-08-22,2025-08-23
PAT_006792,DEV_008456,2026-01-16,2026-01-16
PAT_006793,DEV_008457,2025-11-24,2025-11-28
PAT_006794,DEV_008458,2026-04-09,2026-04-09
PAT_006795,DEV_004857,2025-07-06,2025-07-11
PAT_006796,DEV_008459,2026-05-09,2026-05-11
PAT_006797,DEV_008460,2026-02-15,2026-02-15
PAT_006798,DEV_008461,2026-02-19,2026-02-20
PAT_006798,DEV_008462,2025-12-02,2025-12-15
PAT_006799,DEV_008463,2025-07-01,2026-03-08
PAT_006800,DEV_008464,2026-02-03,2026-02-04
PAT_006801,DEV_008465,2026-04-24,2026-04-27
PAT_006802,DEV_008466,2026-04-24,2026-04-27
PAT_006803,DEV_008467,2025-07-05,2025-07-07
PAT_006804,DEV_008468,2025-09-17,2025-09-21
PAT_006804,DEV_008469,2025-12-04,2025-12-04
PAT_006805,DEV_008470,2025-05-05,2025-05-27
PAT_006805,DEV_008471,2025-07-12,2025-07-12
PAT_006806,DEV_008472,2025-07-18,2025-07-18
PAT_006807,DEV_008473,2025-08-03,2025-09-19
PAT_006808,DEV_008474,2026-02-15,2026-02-20
PAT_006809,DEV_008475,2026-03-05,2026-03-05
PAT_006810,DEV_008476,2025-12-13,2025-12-13
PAT_006811,DEV_008477,2025-08-31,2025-08-31
PAT_006812,DEV_008478,2026-01-18,2026-01-18
PAT_006813,DEV_008479,2026-05-06,2026-05-06
PAT_006814,DEV_008480,2026-03-08,2026-04-04
PAT_006814,DEV_008481,2026-04-11,2026-04-13
PAT_006815,DEV_008482,2026-01-15,2026-02-25
PAT_006816,DEV_008483,2026-05-01,2026-05-03
PAT_006817,DEV_008484,2025-12-14,2025-12-14
PAT_006818,DEV_008485,2026-03-02,2026-03-06
PAT_006819,DEV_008486,2025-09-25,2025-09-25
PAT_006819,DEV_008487,2025-07-10,2025-07-31
PAT_006820,DEV_008488,2025-11-07,2025-11-20
PAT_006820,DEV_008489,2026-01-08,2026-01-08
PAT_006821,DEV_008490,2025-12-07,2026-01-23
PAT_006822,DEV_008491,2025-09-02,2025-09-03
PAT_006822,DEV_008492,2026-02-09,2026-02-14
PAT_006823,DEV_003804,2026-01-04,2026-01-09
PAT_006824,DEV_008493,2025-12-16,2025-12-16
PAT_006825,DEV_008494,2025-10-24,2026-02-26
PAT_006826,DEV_008495,2025-07-18,2025-07-21
PAT_006827,DEV_008496,2025-10-23,2026-02-10
PAT_006828,DEV_008497,2026-01-13,2026-01-18
PAT_006829,DEV_008498,2025-12-15,2025-12-18
PAT_006830,DEV_008499,2026-02-12,2026-02-12
PAT_006831,DEV_008500,2026-02-16,2026-03-25
PAT_006831,DEV_008501,2026-04-26,2026-05-01
PAT_006832,DEV_008502,2025-09-20,2026-03-09
PAT_006833,DEV_008503,2025-08-16,2025-08-16
PAT_006834,DEV_008504,2026-04-20,2026-04-24
PAT_006835,DEV_008505,2026-02-11,2026-03-09
PAT_006835,DEV_008506,2026-05-01,2026-05-01
PAT_006836,DEV_008507,2025-10-13,2025-10-14
PAT_006837,DEV_008508,2025-10-11,2025-10-11
PAT_006838,DEV_008509,2026-05-06,2026-05-06
PAT_006839,DEV_008510,2025-12-08,2025-12-08
PAT_006840,DEV_008511,2026-01-26,2026-02-21
PAT_006841,DEV_008512,2025-12-20,2025-12-25
PAT_006842,DEV_008513,2026-03-29,2026-04-03
PAT_006843,DEV_008514,2026-02-25,2026-03-01
PAT_006843,DEV_008515,2026-01-30,2026-02-12
PAT_006844,DEV_008516,2026-05-04,2026-05-06
PAT_006844,DEV_008517,2026-02-28,2026-03-04
PAT_006845,DEV_008518,2026-03-14,2026-04-18
PAT_006845,DEV_008519,2026-04-18,2026-04-18
PAT_006846,DEV_008520,2026-01-17,2026-01-17
PAT_006846,DEV_008521,2025-12-07,2025-12-08
PAT_006847,DEV_008522,2026-04-03,2026-04-03
PAT_006848,DEV_008523,2026-05-09,2026-05-13
PAT_006848,DEV_008524,2026-02-19,2026-03-21
PAT_006849,DEV_008525,2026-03-25,2026-03-30
PAT_006850,DEV_008526,2026-04-21,2026-04-21
PAT_006850,DEV_008527,2026-03-14,2026-04-04
PAT_006851,DEV_008528,2025-12-17,2026-03-21
PAT_006852,DEV_008529,2025-12-22,2025-12-26
PAT_006853,DEV_008530,2026-02-23,2026-02-26
PAT_006854,DEV_008531,2026-03-25,2026-03-26
PAT_006854,DEV_008532,2026-02-11,2026-03-01
PAT_006855,DEV_008533,2026-04-08,2026-04-11
PAT_006856,DEV_008534,2025-12-16,2025-12-19
PAT_006856,DEV_008535,2026-01-08,2026-01-13
PAT_006857,DEV_008536,2026-05-01,2026-05-05
PAT_006858,DEV_008537,2025-12-23,2025-12-27
PAT_006859,DEV_008538,2025-12-12,2025-12-12
PAT_006860,DEV_008539,2025-10-30,2025-10-30
PAT_006860,DEV_008540,2025-09-04,2025-10-04
PAT_006861,DEV_008541,2025-09-08,2025-09-08
PAT_006861,DEV_008542,2025-07-11,2025-08-04
PAT_006862,DEV_008543,2026-04-20,2026-04-20
PAT_006863,DEV_008544,2025-10-24,2025-10-24
PAT_006864,DEV_008545,2026-04-26,2026-04-29
PAT_006865,DEV_008546,2026-02-20,2026-03-01
PAT_006865,DEV_008547,2026-03-09,2026-03-09
PAT_006866,DEV_008548,2026-03-27,2026-03-29
PAT_006867,DEV_008549,2025-06-12,2025-06-25
PAT_006867,DEV_008550,2025-07-05,2025-07-05
PAT_006868,DEV_008551,2025-08-21,2025-08-26
PAT_006869,DEV_008552,2026-03-06,2026-03-10
PAT_006870,DEV_008553,2025-07-02,2026-04-01
PAT_006871,DEV_008554,2026-01-20,2026-01-25
PAT_006872,DEV_008555,2025-09-10,2025-09-10
PAT_006873,DEV_000994,2026-02-02,2026-02-05
PAT_006873,DEV_008556,2026-01-05,2026-01-11
PAT_006874,DEV_008557,2026-04-29,2026-05-03
PAT_006875,DEV_008558,2026-03-11,2026-03-16
PAT_006876,DEV_008559,2025-08-29,2025-09-01
PAT_006877,DEV_008560,2025-07-02,2025-07-03
PAT_006878,DEV_003561,2025-07-16,2025-08-04
PAT_006878,DEV_008561,2025-08-26,2025-08-26
PAT_006879,DEV_008562,2025-07-01,2026-05-07
PAT_006880,DEV_008563,2025-08-16,2025-10-14
PAT_006881,DEV_008564,2025-07-18,2025-07-20
PAT_006882,DEV_008565,2026-03-13,2026-03-13
PAT_006883,DEV_008566,2026-04-14,2026-04-14
PAT_006883,DEV_008567,2026-03-06,2026-03-22
PAT_006884,DEV_008568,2026-04-26,2026-04-30
PAT_006885,DEV_008569,2026-02-03,2026-02-08
PAT_006886,DEV_008570,2026-02-04,2026-02-09
PAT_006887,DEV_008571,2025-10-19,2025-10-22
PAT_006887,DEV_008572,2025-09-28,2025-10-05
PAT_006888,DEV_008573,2025-07-16,2025-07-16
PAT_006888,DEV_008574,2025-05-19,2025-06-25
PAT_006889,DEV_004314,2025-12-13,2025-12-17
PAT_006890,DEV_008575,2026-01-06,2026-01-26
PAT_006890,DEV_008576,2026-03-29,2026-03-29
PAT_006891,DEV_008577,2026-01-01,2026-01-01
PAT_006892,DEV_008578,2025-11-20,2025-11-20
PAT_006893,DEV_008579,2025-08-12,2025-08-17
PAT_006893,DEV_008580,2025-10-31,2025-11-04
PAT_006894,DEV_008581,2025-12-26,2025-12-26
PAT_006895,DEV_008582,2025-08-31,2025-09-25
PAT_006896,DEV_005195,2026-02-15,2026-03-18
PAT_006897,DEV_008583,2026-03-08,2026-03-09
PAT_006898,DEV_008584,2025-07-26,2025-07-26
PAT_006898,DEV_008585,2026-01-29,2026-01-30
PAT_006899,DEV_008586,2025-08-09,2025-08-24
PAT_006899,DEV_008587,2025-08-24,2025-08-28
PAT_006900,DEV_008588,2026-01-28,2026-01-31
PAT_006901,DEV_008589,2025-09-28,2025-10-08
PAT_006901,DEV_008590,2025-10-25,2025-10-28
PAT_006902,DEV_008591,2025-11-28,2026-01-21
PAT_006903,DEV_008592,2025-12-21,2026-01-14
PAT_006903,DEV_008593,2026-01-14,2026-01-19
PAT_006904,DEV_008594,2025-07-04,2025-11-28
PAT_006905,DEV_008595,2025-08-21,2025-09-03
PAT_006905,DEV_008596,2025-10-31,2025-10-31
PAT_006906,DEV_008597,2026-04-17,2026-04-19
PAT_006907,DEV_008598,2026-03-08,2026-03-12
PAT_006908,DEV_008599,2026-03-12,2026-03-13
PAT_006908,DEV_008600,2026-02-21,2026-03-03
PAT_006909,DEV_008601,2025-08-13,2025-08-17
PAT_006910,DEV_008602,2025-09-10,2025-09-10
PAT_006910,DEV_008603,2025-07-19,2025-08-06
PAT_006911,DEV_008604,2025-09-01,2025-09-01
PAT_006912,DEV_008605,2025-12-31,2026-01-04
PAT_006913,DEV_008606,2025-08-12,2025-08-14
PAT_006914,DEV_008607,2025-07-23,2025-11-18
PAT_006915,DEV_008608,2026-03-09,2026-03-14
PAT_006916,DEV_008609,2026-04-13,2026-04-13
PAT_006917,DEV_008610,2026-01-01,2026-02-03
PAT_006917,DEV_008611,2026-03-14,2026-03-19
PAT_006918,DEV_008612,2025-09-08,2025-09-11
PAT_006919,DEV_008613,2026-04-22,2026-04-22
PAT_006920,DEV_008614,2025-11-01,2025-11-03
PAT_006921,DEV_008615,2025-10-22,2025-10-23
PAT_006922,DEV_008616,2026-05-11,2026-05-15
PAT_006923,DEV_008617,2026-02-14,2026-02-14
PAT_006923,DEV_008618,2025-12-14,2026-01-13
PAT_006924,DEV_008619,2026-02-19,2026-02-19
PAT_006924,DEV_008620,2026-01-23,2026-01-24
PAT_006925,DEV_008621,2026-01-27,2026-02-01
PAT_006926,DEV_008622,2025-12-16,2025-12-16
PAT_006927,DEV_008623,2025-07-05,2025-07-06
PAT_006928,DEV_008624,2025-10-17,2025-10-17
PAT_006928,DEV_008625,2025-09-06,2025-10-10
PAT_006929,DEV_008626,2026-04-17,2026-04-20
PAT_006930,DEV_008627,2025-12-06,2025-12-11
PAT_006931,DEV_008628,2025-10-03,2025-10-15
PAT_006931,DEV_008629,2025-11-08,2025-11-12
PAT_006932,DEV_008630,2025-09-22,2025-10-30
PAT_006932,DEV_008631,2025-12-07,2025-12-12
PAT_006933,DEV_008632,2025-11-17,2025-11-17
PAT_006934,DEV_008633,2026-03-10,2026-03-11
PAT_006935,DEV_008634,2026-02-16,2026-02-16
PAT_006936,DEV_008635,2025-09-05,2025-09-07
PAT_006937,DEV_008636,2025-12-09,2025-12-12
PAT_006938,DEV_008637,2026-01-08,2026-01-27
PAT_006938,DEV_008638,2026-03-27,2026-03-29
PAT_006939,DEV_008639,2025-07-06,2025-07-13
PAT_006939,DEV_008640,2025-07-26,2025-07-26
PAT_006940,DEV_008641,2025-08-26,2025-08-26
PAT_006941,DEV_008642,2025-08-05,2025-08-08
PAT_006942,DEV_008643,2025-07-01,2025-07-03
PAT_006943,DEV_008644,2025-08-13,2025-08-13
PAT_006944,DEV_008645,2026-03-09,2026-03-09
PAT_006945,DEV_008646,2026-03-15,2026-03-17
PAT_006946,DEV_008647,2026-04-17,2026-04-18
PAT_006947,DEV_008648,2025-09-18,2025-09-20
PAT_006948,DEV_008649,2026-05-09,2026-05-09
PAT_006949,DEV_008650,2025-08-22,2025-09-12
PAT_006949,DEV_008651,2025-09-15,2025-09-18
PAT_006950,DEV_008652,2025-11-01,2026-03-22
PAT_006951,DEV_008653,2026-03-20,2026-03-24
PAT_006952,DEV_008654,2026-04-16,2026-04-20
PAT_006953,DEV_008655,2026-03-06,2026-03-06
PAT_006954,DEV_008656,2026-02-24,2026-02-26
PAT_006955,DEV_008657,2025-12-22,2025-12-22
PAT_006955,DEV_008658,2025-11-24,2025-12-22
PAT_006956,DEV_008659,2025-07-12,2025-11-28
PAT_006957,DEV_008660,2025-07-28,2025-07-28
PAT_006958,DEV_005665,2025-11-23,2025-11-23
PAT_006958,DEV_008661,2025-09-16,2025-10-16
PAT_006959,DEV_008662,2026-03-31,2026-03-31
PAT_006960,DEV_008663,2025-11-14,2025-11-14
PAT_006961,DEV_008664,2025-08-08,2025-08-09
PAT_006962,DEV_008665,2026-01-11,2026-01-14
PAT_006963,DEV_008666,2025-12-04,2025-12-04
PAT_006964,DEV_008667,2025-10-05,2025-10-05
PAT_006965,DEV_008668,2025-09-01,2025-09-03
PAT_006966,DEV_008669,2026-04-24,2026-04-24
PAT_006967,DEV_008670,2025-08-15,2025-08-18
PAT_006968,DEV_008671,2026-01-24,2026-01-24
PAT_006969,DEV_008672,2025-11-29,2025-11-30
PAT_006969,DEV_008673,2025-11-11,2025-11-29
PAT_006970,DEV_008674,2025-07-07,2025-07-07
PAT_006970,DEV_008675,2025-06-19,2025-06-25
PAT_006971,DEV_008676,2026-03-05,2026-03-08
PAT_006972,DEV_005462,2025-12-11,2025-12-14
PAT_006973,DEV_008677,2025-06-28,2025-07-08
PAT_006973,DEV_008678,2025-08-12,2025-08-12
PAT_006974,DEV_008679,2026-03-22,2026-03-22
PAT_006975,DEV_003818,2025-11-16,2025-11-16
PAT_006976,DEV_008680,2025-12-16,2025-12-21
PAT_006976,DEV_008681,2025-11-24,2025-12-16
PAT_006977,DEV_008682,2025-08-03,2025-08-05
PAT_006978,DEV_002721,2025-12-17,2025-12-17
PAT_006979,DEV_008683,2025-07-11,2025-07-24
PAT_006979,DEV_008684,2025-10-09,2025-10-12
PAT_006980,DEV_008685,2026-03-14,2026-03-16
PAT_006981,DEV_008686,2025-08-24,2026-02-11
PAT_006982,DEV_008687,2026-01-31,2026-02-03
PAT_006982,DEV_008688,2025-11-25,2025-11-30
PAT_006983,DEV_008689,2026-03-03,2026-03-03
PAT_006984,DEV_008690,2026-01-18,2026-01-22
PAT_006985,DEV_008691,2025-08-02,2025-08-02
PAT_006985,DEV_008692,2025-06-21,2025-07-07
PAT_006986,DEV_008693,2025-11-07,2026-04-28
PAT_006987,DEV_008694,2026-01-02,2026-01-05
PAT_006987,DEV_008695,2025-10-20,2025-11-18
PAT_006988,DEV_008696,2026-04-02,2026-04-02
PAT_006988,DEV_008697,2026-03-08,2026-04-02
PAT_006989,DEV_008698,2025-06-28,2025-07-18
PAT_006989,DEV_008699,2025-08-15,2025-08-19
PAT_006990,DEV_008700,2026-03-10,2026-03-15
PAT_006991,DEV_008701,2026-05-04,2026-05-07
PAT_006992,DEV_008702,2026-01-16,2026-01-16
PAT_006993,DEV_008703,2025-10-12,2026-04-25
PAT_006994,DEV_008704,2025-10-04,2025-10-06
PAT_006995,DEV_008705,2025-10-16,2025-10-18
PAT_006996,DEV_008706,2025-08-19,2025-08-23
PAT_006997,DEV_003190,2025-09-12,2025-09-12
PAT_006998,DEV_008707,2025-11-11,2025-11-14
PAT_006999,DEV_008708,2026-04-11,2026-04-12
PAT_007000,DEV_000863,2026-03-07,2026-03-17
PAT_007000,DEV_008709,2026-04-28,2026-04-30
PAT_007001,DEV_008710,2025-10-25,2025-10-27
PAT_007002,DEV_008711,2025-10-14,2025-10-17
PAT_007003,DEV_008712,2026-01-24,2026-02-01
PAT_007003,DEV_008713,2026-04-11,2026-04-14
PAT_007004,DEV_008714,2026-03-01,2026-03-06
PAT_007004,DEV_008715,2026-01-24,2026-02-08
PAT_007005,DEV_008716,2025-12-31,2026-01-04
PAT_007006,DEV_008717,2025-08-13,2025-08-15
PAT_007007,DEV_008718,2026-05-01,2026-05-01
PAT_007008,DEV_008719,2026-05-08,2026-05-11
PAT_007009,DEV_008720,2026-02-13,2026-02-17
PAT_007010,DEV_008721,2026-01-15,2026-01-18
PAT_007011,DEV_008722,2026-03-24,2026-03-26
PAT_007011,DEV_008723,2026-05-01,2026-05-04
PAT_007012,DEV_008724,2025-12-17,2026-03-30
PAT_007012,DEV_008725,2025-11-24,2025-12-17
PAT_007013,DEV_008726,2026-03-22,2026-03-22
PAT_007014,DEV_008727,2026-03-30,2026-03-30
PAT_007014,DEV_008728,2025-12-31,2026-01-19
PAT_007015,DEV_008729,2026-01-16,2026-01-18
PAT_007016,DEV_008730,2026-01-08,2026-01-09
PAT_007017,DEV_008731,2026-02-16,2026-02-16
PAT_007018,DEV_008732,2026-02-24,2026-03-19
PAT_007019,DEV_008733,2025-10-29,2025-10-29
PAT_007020,DEV_008734,2026-02-19,2026-02-24
PAT_007021,DEV_008735,2026-03-29,2026-04-01
PAT_007021,DEV_008736,2026-01-12,2026-01-13
PAT_007022,DEV_008737,2026-01-08,2026-01-08
PAT_007023,DEV_006440,2025-08-21,2025-08-21
PAT_007024,DEV_008738,2026-01-03,2026-01-03
PAT_007024,DEV_008739,2025-10-16,2025-11-06
PAT_007025,DEV_008740,2025-08-11,2025-08-11
PAT_007026,DEV_008741,2026-02-08,2026-02-11
PAT_007027,DEV_008742,2025-09-19,2025-09-24
PAT_007028,DEV_008743,2025-11-11,2025-11-16
PAT_007029,DEV_008744,2025-07-30,2025-08-18
PAT_007029,DEV_008745,2025-09-11,2025-09-12
PAT_007030,DEV_008746,2025-07-09,2025-07-13
PAT_007031,DEV_008747,2025-06-08,2025-07-01
PAT_007032,DEV_008748,2025-12-17,2025-12-17
PAT_007032,DEV_008749,2025-09-30,2025-10-31
PAT_007033,DEV_008750,2025-11-12,2025-11-17
PAT_007033,DEV_008751,2025-08-26,2025-10-03
PAT_007034,DEV_008752,2025-07-01,2025-07-01
PAT_007035,DEV_008753,2025-11-11,2025-11-12
PAT_007036,DEV_008754,2026-02-23,2026-02-26
PAT_007037,DEV_008755,2025-11-07,2025-11-09
PAT_007038,DEV_008756,2026-04-12,2026-04-12
PAT_007039,DEV_008757,2026-04-28,2026-05-03
PAT_007040,DEV_008758,2026-03-23,2026-03-27
PAT_007041,DEV_008759,2025-12-31,2026-01-02
PAT_007042,DEV_008760,2026-02-05,2026-02-24
PAT_007042,DEV_008761,2026-03-09,2026-03-10
PAT_007043,DEV_008762,2025-07-21,2025-07-23
PAT_007043,DEV_008763,2025-05-06,2025-05-25
PAT_007044,DEV_008764,2026-04-30,2026-04-30
PAT_007044,DEV_008765,2026-02-19,2026-03-08
PAT_007045,DEV_008766,2026-03-16,2026-03-17
PAT_007046,DEV_008767,2025-12-04,2025-12-04
PAT_007047,DEV_008768,2025-08-30,2025-08-30
PAT_007048,DEV_008769,2026-05-09,2026-05-09
PAT_007049,DEV_008770,2026-02-14,2026-02-14
PAT_007050,DEV_008771,2025-08-03,2025-08-06
PAT_007051,DEV_008772,2026-03-03,2026-03-20
PAT_007051,DEV_008773,2026-05-07,2026-05-11
PAT_007052,DEV_008774,2025-12-13,2025-12-13
PAT_007053,DEV_008775,2026-02-20,2026-02-20
PAT_007054,DEV_008776,2025-09-11,2025-09-15
PAT_007055,DEV_008777,2025-10-22,2025-10-26
PAT_007056,DEV_008778,2025-08-28,2025-08-31
PAT_007057,DEV_008779,2025-12-07,2025-12-12
PAT_007058,DEV_008780,2025-07-14,2025-07-15
PAT_007059,DEV_008781,2026-03-13,2026-03-14
PAT_007060,DEV_008782,2026-04-29,2026-04-30
PAT_007061,DEV_008783,2026-03-26,2026-03-26
PAT_007062,DEV_008784,2026-04-17,2026-04-19
PAT_007063,DEV_008785,2026-03-15,2026-03-17
PAT_007064,DEV_008786,2025-10-24,2025-10-27
PAT_007065,DEV_008787,2025-08-24,2025-08-24
PAT_007066,DEV_008788,2026-02-07,2026-02-07
PAT_007067,DEV_008789,2026-05-09,2026-05-13
PAT_007068,DEV_008790,2025-11-29,2025-12-04
PAT_007069,DEV_008791,2025-08-04,2025-10-27
PAT_007070,DEV_008792,2025-07-31,2025-08-02
PAT_007071,DEV_000875,2026-01-14,2026-01-14
PAT_007072,DEV_008793,2025-11-27,2025-12-01
PAT_007073,DEV_008794,2025-11-08,2025-11-18
PAT_007073,DEV_008795,2026-01-30,2026-02-04
PAT_007074,DEV_002494,2025-11-24,2025-11-24
PAT_007074,DEV_008796,2025-11-09,2025-11-10
PAT_007075,DEV_008797,2025-07-05,2025-07-05
PAT_007076,DEV_008798,2026-04-14,2026-04-14
PAT_007077,DEV_008799,2025-11-30,2025-12-05
PAT_007078,DEV_008800,2026-01-25,2026-01-25
PAT_007078,DEV_008801,2026-01-08,2026-01-25
PAT_007079,DEV_008802,2025-11-17,2025-11-19
PAT_007080,DEV_008803,2025-07-02,2025-07-02
PAT_007081,DEV_008804,2026-01-15,2026-01-15
PAT_007082,DEV_008805,2025-10-25,2025-10-27
PAT_007083,DEV_008806,2025-12-06,2025-12-08
PAT_007084,DEV_008720,2025-12-14,2025-12-17
PAT_007085,DEV_008807,2025-09-27,2025-12-30
PAT_007086,DEV_008808,2025-06-30,2025-07-30
PAT_007086,DEV_008809,2025-09-13,2025-09-17
PAT_007087,DEV_008810,2025-07-05,2025-07-26
PAT_007087,DEV_008811,2025-08-31,2025-08-31
PAT_007088,DEV_008812,2026-02-21,2026-02-22
PAT_007089,DEV_008813,2026-04-08,2026-04-11
PAT_007089,DEV_008814,2026-01-13,2026-02-15
PAT_007090,DEV_008815,2026-03-31,2026-03-31
PAT_007091,DEV_008816,2025-07-11,2025-07-14
PAT_007092,DEV_008817,2025-12-17,2026-03-21
PAT_007093,DEV_008818,2025-09-17,2025-09-17
PAT_007094,DEV_008819,2025-08-30,2025-09-03
PAT_007095,DEV_008820,2025-11-12,2025-11-14
PAT_007096,DEV_008821,2026-04-09,2026-04-09
PAT_007097,DEV_008822,2025-08-05,2025-08-09
PAT_007098,DEV_008823,2025-10-15,2025-10-19
PAT_007099,DEV_008824,2026-04-13,2026-04-13
PAT_007100,DEV_008825,2025-12-22,2025-12-27
PAT_007101,DEV_008826,2025-09-14,2025-09-21
PAT_007101,DEV_008827,2025-11-24,2025-11-28
PAT_007102,DEV_008828,2026-03-11,2026-03-14
PAT_007102,DEV_008829,2026-05-07,2026-05-08
PAT_007103,DEV_008830,2025-12-07,2025-12-10
PAT_007104,DEV_008831,2025-07-04,2025-07-09
PAT_007105,DEV_008832,2026-01-04,2026-01-08
PAT_007106,DEV_008833,2026-01-07,2026-01-11
PAT_007107,DEV_008834,2026-04-04,2026-04-09
PAT_007108,DEV_008835,2025-11-29,2025-11-29
PAT_007109,DEV_008836,2026-02-01,2026-02-06
PAT_007110,DEV_008837,2026-04-17,2026-04-17
PAT_007111,DEV_008838,2025-11-23,2025-11-24
PAT_007111,DEV_008839,2026-01-22,2026-01-22
PAT_007112,DEV_008840,2026-03-09,2026-03-09
PAT_007112,DEV_008841,2026-01-10,2026-02-02
PAT_007113,DEV_008842,2025-11-08,2025-11-19
PAT_007113,DEV_008843,2025-12-08,2025-12-08
PAT_007114,DEV_008844,2026-02-12,2026-02-16
PAT_007115,DEV_008845,2025-10-10,2026-04-22
PAT_007116,DEV_008846,2026-02-11,2026-02-12
PAT_007117,DEV_008847,2025-11-07,2026-02-11
PAT_007118,DEV_008848,2026-04-24,2026-04-24
PAT_007119,DEV_008849,2025-12-02,2025-12-06
PAT_007120,DEV_008850,2025-11-07,2025-11-07
PAT_007121,DEV_008851,2025-10-20,2025-10-20
PAT_007122,DEV_008852,2026-01-02,2026-01-03
PAT_007122,DEV_008853,2025-11-27,2025-12-17
PAT_007123,DEV_008854,2026-04-21,2026-04-25
PAT_007124,DEV_008855,2026-02-11,2026-02-16
PAT_007125,DEV_008856,2025-05-28,2025-07-03
PAT_007125,DEV_008857,2025-07-24,2025-07-29
PAT_007126,DEV_008858,2025-07-18,2025-07-18
PAT_007127,DEV_008859,2025-08-26,2025-09-07
PAT_007127,DEV_008860,2025-11-24,2025-11-29
PAT_007128,DEV_008861,2026-01-16,2026-01-17
PAT_007129,DEV_008862,2025-10-11,2025-10-13
PAT_007130,DEV_008863,2026-02-22,2026-02-24
PAT_007131,DEV_003328,2026-03-26,2026-03-26
PAT_007132,DEV_008864,2025-10-15,2025-11-03
PAT_007132,DEV_008865,2025-11-03,2025-11-03
PAT_007133,DEV_008866,2025-11-02,2025-11-05
PAT_007134,DEV_008867,2026-02-09,2026-02-09
PAT_007135,DEV_008868,2025-12-19,2025-12-19
PAT_007136,DEV_008869,2025-12-15,2025-12-15
PAT_007137,DEV_008870,2025-10-31,2025-12-04
PAT_007137,DEV_008871,2026-01-09,2026-01-12
PAT_007138,DEV_008872,2025-11-05,2025-11-10
PAT_007139,DEV_008873,2025-10-31,2025-10-31
PAT_007140,DEV_008874,2026-01-14,2026-01-15
PAT_007140,DEV_008875,2025-12-15,2026-01-14
PAT_007141,DEV_008876,2025-08-21,2025-09-05
PAT_007141,DEV_008877,2025-09-24,2025-09-26
PAT_007142,DEV_008878,2025-12-10,2025-12-10
PAT_007143,DEV_008879,2026-03-06,2026-03-06
PAT_007144,DEV_008527,2025-11-05,2025-11-08
PAT_007145,DEV_008880,2025-09-12,2025-09-12
PAT_007146,DEV_008881,2026-03-07,2026-03-11
PAT_007147,DEV_008882,2025-09-26,2025-10-01
PAT_007148,DEV_008883,2026-03-14,2026-03-19
PAT_007149,DEV_008884,2026-02-13,2026-03-13
PAT_007150,DEV_008885,2026-03-27,2026-03-27
PAT_007151,DEV_008886,2025-11-19,2025-11-19
PAT_007152,DEV_008887,2026-04-05,2026-04-05
PAT_007153,DEV_008888,2025-09-27,2025-09-29
PAT_007153,DEV_008889,2025-09-07,2025-09-20
PAT_007154,DEV_008890,2026-04-18,2026-04-23
PAT_007155,DEV_008891,2026-01-22,2026-01-25
PAT_007156,DEV_008892,2025-08-04,2025-08-04
PAT_007157,DEV_008893,2026-04-29,2026-05-04
PAT_007158,DEV_008894,2025-11-12,2025-11-12
PAT_007159,DEV_008895,2026-04-19,2026-04-19
PAT_007160,DEV_008896,2026-03-01,2026-03-26
PAT_007160,DEV_008897,2026-03-26,2026-03-30
PAT_007161,DEV_008898,2026-04-27,2026-05-02
PAT_007162,DEV_008899,2025-08-08,2025-08-12
PAT_007163,DEV_008900,2025-11-24,2025-11-27
PAT_007163,DEV_008901,2026-01-15,2026-01-20
PAT_007164,DEV_000552,2026-01-18,2026-01-22
PAT_007165,DEV_008902,2025-05-31,2025-06-16
PAT_007165,DEV_008903,2025-07-31,2025-07-31
PAT_007166,DEV_008904,2025-09-12,2025-09-12
PAT_007167,DEV_008905,2025-05-28,2025-06-24
PAT_007167,DEV_008906,2025-07-22,2025-07-22
PAT_007168,DEV_008907,2025-11-28,2025-11-30
PAT_007168,DEV_008908,2025-11-05,2025-11-12
PAT_007169,DEV_008909,2026-04-28,2026-04-29
PAT_007169,DEV_008910,2026-03-04,2026-04-08
PAT_007170,DEV_008911,2025-08-16,2025-08-16
PAT_007171,DEV_008912,2025-10-15,2025-10-19
PAT_007171,DEV_008913,2025-07-24,2025-08-03
PAT_007172,DEV_008914,2026-03-29,2026-04-03
PAT_007173,DEV_008915,2025-10-24,2025-10-26
PAT_007173,DEV_008916,2025-11-15,2025-11-17
PAT_007174,DEV_008917,2025-09-25,2025-09-25
PAT_007174,DEV_008918,2025-08-28,2025-09-02
PAT_007175,DEV_008919,2026-04-14,2026-04-19
PAT_007176,DEV_008920,2026-01-24,2026-01-27
PAT_007177,DEV_002556,2025-09-20,2025-09-23
PAT_007178,DEV_008921,2026-01-10,2026-01-15
PAT_007178,DEV_008922,2025-10-22,2025-11-24
PAT_007179,DEV_008923,2025-10-08,2025-10-22
PAT_007179,DEV_008924,2025-12-13,2025-12-13
PAT_007180,DEV_003765,2025-07-09,2025-07-14
PAT_007181,DEV_008925,2025-09-15,2025-09-15
PAT_007182,DEV_008926,2026-01-13,2026-01-18
PAT_007182,DEV_008927,2025-12-17,2026-01-13
PAT_007183,DEV_008928,2025-10-23,2025-10-23
PAT_007184,DEV_008929,2025-08-22,2026-04-23
PAT_007184,DEV_008930,2025-07-20,2025-08-17
PAT_007185,DEV_008931,2025-11-25,2025-11-30
PAT_007185,DEV_008932,2025-09-02,2025-09-07
PAT_007186,DEV_008933,2025-07-09,2025-07-09
PAT_007187,DEV_008934,2025-10-30,2025-11-04
PAT_007188,DEV_008935,2026-03-27,2026-03-27
PAT_007189,DEV_008936,2025-08-10,2025-08-10
PAT_007189,DEV_008937,2025-05-30,2025-06-22
PAT_007190,DEV_008938,2026-03-24,2026-03-29
PAT_007191,DEV_008939,2026-02-24,2026-02-27
PAT_007192,DEV_008940,2025-08-04,2025-08-08
PAT_007192,DEV_008941,2025-07-04,2025-07-29
PAT_007193,DEV_008942,2025-09-30,2026-01-11
PAT_007194,DEV_008943,2025-07-31,2025-08-13
PAT_007194,DEV_008944,2025-08-22,2025-08-26
PAT_007195,DEV_008945,2025-08-07,2025-08-08
PAT_007196,DEV_008946,2025-07-28,2025-08-01
PAT_007197,DEV_008947,2025-08-03,2025-08-12
PAT_007197,DEV_008948,2025-09-10,2025-09-14
PAT_007198,DEV_008949,2026-05-08,2026-05-08
PAT_007199,DEV_004805,2025-10-31,2025-10-31
PAT_007200,DEV_008950,2025-08-04,2025-08-09
PAT_007201,DEV_008951,2026-02-16,2026-02-16
PAT_007202,DEV_008952,2025-10-24,2025-10-27
PAT_007203,DEV_008953,2025-09-21,2025-09-21
PAT_007204,DEV_008954,2025-08-11,2025-08-16
PAT_007205,DEV_008955,2025-09-21,2025-11-30
PAT_007206,DEV_008956,2025-07-13,2025-11-18
PAT_007207,DEV_008957,2025-07-27,2025-07-31
PAT_007207,DEV_008958,2025-06-01,2025-07-02
PAT_007208,DEV_008959,2026-03-28,2026-03-28
PAT_007209,DEV_008960,2026-03-27,2026-03-27
PAT_007210,DEV_008961,2026-04-13,2026-04-17
PAT_007211,DEV_008962,2025-05-01,2025-05-17
PAT_007211,DEV_008963,2025-07-07,2025-07-07
PAT_007212,DEV_008964,2025-12-24,2025-12-28
PAT_007213,DEV_008965,2025-07-13,2025-07-17
PAT_007214,DEV_008966,2025-09-09,2025-10-11
PAT_007214,DEV_008967,2025-12-02,2025-12-02
PAT_007215,DEV_008968,2025-12-07,2025-12-10
PAT_007216,DEV_008969,2025-11-14,2025-11-14
PAT_007217,DEV_008970,2026-04-19,2026-04-19
PAT_007217,DEV_008971,2026-03-14,2026-03-29
PAT_007218,DEV_008972,2026-05-02,2026-05-02
PAT_007219,DEV_008973,2025-08-14,2025-08-23
PAT_007219,DEV_008974,2025-10-20,2025-10-23
PAT_007220,DEV_008973,2025-09-21,2025-09-21
PAT_007221,DEV_008975,2026-04-14,2026-04-14
PAT_007221,DEV_008976,2026-02-20,2026-03-20
PAT_007222,DEV_008977,2025-12-02,2025-12-23
PAT_007222,DEV_008978,2026-02-11,2026-02-14
PAT_007223,DEV_008979,2026-02-21,2026-02-21
PAT_007224,DEV_008980,2025-05-24,2025-06-11
PAT_007224,DEV_008981,2025-07-17,2025-07-17
PAT_007225,DEV_008982,2025-11-12,2025-11-12
PAT_007226,DEV_008983,2025-09-20,2025-09-30
PAT_007226,DEV_008984,2025-11-10,2025-11-15
PAT_007227,DEV_008314,2026-01-27,2026-01-29
PAT_007228,DEV_008985,2025-09-27,2025-09-27
PAT_007228,DEV_008986,2025-07-03,2025-08-09
PAT_007229,DEV_008987,2025-09-22,2025-09-24
PAT_007230,DEV_008988,2026-01-11,2026-01-11
PAT_007231,DEV_008989,2026-03-18,2026-03-23
PAT_007232,DEV_008990,2025-10-06,2025-10-07
PAT_007233,DEV_008991,2026-03-01,2026-03-01
PAT_007234,DEV_008992,2026-03-19,2026-03-24
PAT_007235,DEV_008993,2025-11-30,2025-12-05
PAT_007236,DEV_008994,2025-08-20,2025-08-31
PAT_007236,DEV_008995,2025-09-10,2025-09-13
PAT_007237,DEV_008996,2025-10-28,2026-05-06
PAT_007238,DEV_008997,2025-09-14,2025-09-14
PAT_007239,DEV_008998,2025-10-06,2025-10-07
PAT_007240,DEV_008999,2025-10-02,2025-10-07
PAT_007241,DEV_009000,2025-09-06,2026-04-10
PAT_007242,DEV_009001,2025-08-06,2025-08-06
PAT_007243,DEV_009002,2026-03-01,2026-03-19
PAT_007243,DEV_009003,2026-05-01,2026-05-06
PAT_007244,DEV_009004,2026-05-09,2026-05-14
PAT_007245,DEV_009005,2025-08-28,2025-08-28
PAT_007246,DEV_009006,2025-07-25,2025-07-30
PAT_007247,DEV_009007,2025-10-16,2025-10-16
PAT_007248,DEV_009008,2025-08-12,2025-08-14
PAT_007248,DEV_009009,2026-04-30,2026-05-03
PAT_007249,DEV_009010,2026-04-23,2026-04-28
PAT_007250,DEV_009011,2025-08-30,2025-09-03
PAT_007251,DEV_009012,2026-05-02,2026-05-03
PAT_007251,DEV_009013,2026-03-22,2026-04-17
PAT_007252,DEV_009014,2025-07-06,2025-07-06
PAT_007253,DEV_009015,2025-09-01,2025-09-16
PAT_007253,DEV_009016,2025-10-30,2025-10-30
PAT_007254,DEV_009017,2026-02-27,2026-02-27
PAT_007255,DEV_009018,2025-07-19,2025-07-19
PAT_007256,DEV_009019,2025-11-19,2025-11-24
PAT_007257,DEV_009020,2025-07-12,2025-09-08
PAT_007258,DEV_001791,2025-07-02,2025-07-07
PAT_007259,DEV_009021,2025-07-23,2025-07-23
PAT_007260,DEV_009022,2026-02-05,2026-03-14
PAT_007260,DEV_009023,2026-03-20,2026-03-20
PAT_007261,DEV_009024,2025-09-11,2025-09-14
PAT_007261,DEV_009025,2025-07-28,2025-08-30
PAT_007262,DEV_009026,2025-09-24,2026-03-04
PAT_007263,DEV_009027,2025-10-11,2025-10-16
PAT_007264,DEV_009028,2025-11-10,2025-11-15
PAT_007265,DEV_009029,2026-02-15,2026-02-17
PAT_007265,DEV_009030,2026-01-25,2026-02-03
PAT_007266,DEV_009031,2025-10-13,2025-10-14
PAT_007267,DEV_009032,2025-12-11,2025-12-13
PAT_007268,DEV_009033,2025-07-19,2025-07-24
PAT_007269,DEV_002422,2026-03-04,2026-03-08
PAT_007270,DEV_009034,2025-07-13,2025-07-16
PAT_007270,DEV_009035,2025-06-04,2025-06-21
PAT_007271,DEV_009036,2026-02-06,2026-02-27
PAT_007271,DEV_009037,2026-02-28,2026-03-04
PAT_007272,DEV_009038,2025-10-07,2025-10-07
PAT_007273,DEV_009039,2025-10-05,2025-10-07
PAT_007274,DEV_009040,2026-01-19,2026-01-31
PAT_007274,DEV_009041,2026-03-21,2026-03-23
PAT_007275,DEV_009042,2026-04-15,2026-04-18
PAT_007276,DEV_009043,2025-07-07,2025-07-07
PAT_007277,DEV_009044,2025-09-15,2025-09-17
PAT_007278,DEV_009045,2025-04-29,2025-05-15
PAT_007278,DEV_009046,2025-07-06,2025-07-08
PAT_007279,DEV_004948,2026-02-03,2026-02-03
PAT_007280,DEV_009047,2025-07-08,2025-07-14
PAT_007281,DEV_009048,2025-07-13,2025-07-24
PAT_007281,DEV_009049,2025-10-02,2026-02-06
PAT_007282,DEV_009050,2025-08-08,2025-08-11
PAT_007282,DEV_009051,2025-07-04,2025-07-05
PAT_007283,DEV_009052,2025-12-20,2025-12-24
PAT_007284,DEV_009053,2025-10-08,2025-10-11
PAT_007285,DEV_009054,2025-10-23,2025-10-23
PAT_007286,DEV_007486,2025-11-29,2025-11-29
PAT_007287,DEV_006189,2025-07-18,2025-07-21
PAT_007288,DEV_009055,2025-10-17,2025-10-17
PAT_007289,DEV_009056,2025-12-15,2026-02-04
PAT_007290,DEV_009057,2026-01-28,2026-01-29
PAT_007290,DEV_009058,2026-03-06,2026-03-10
PAT_007291,DEV_009059,2025-07-09,2025-08-07
PAT_007291,DEV_009060,2025-09-01,2025-09-04
PAT_007292,DEV_009061,2025-11-29,2025-12-04
PAT_007292,DEV_009062,2026-01-23,2026-01-26
PAT_007293,DEV_009063,2026-02-07,2026-02-11
PAT_007294,DEV_009064,2025-12-18,2025-12-18
PAT_007295,DEV_009065,2026-01-25,2026-01-25
PAT_007296,DEV_009066,2025-11-28,2025-11-28
PAT_007297,DEV_009067,2026-03-26,2026-03-26
PAT_007298,DEV_009068,2025-12-01,2025-12-28
PAT_007298,DEV_009069,2026-02-26,2026-03-03
PAT_007299,DEV_009070,2025-11-02,2025-11-02
PAT_007300,DEV_009071,2026-01-26,2026-01-26
PAT_007300,DEV_009072,2025-11-06,2025-12-10
PAT_007301,DEV_009073,2026-01-19,2026-01-23
PAT_007302,DEV_009074,2025-09-07,2025-09-10
PAT_007302,DEV_009075,2025-07-07,2025-07-28
PAT_007303,DEV_009076,2026-03-06,2026-03-10
PAT_007304,DEV_009077,2025-09-02,2025-09-02
PAT_007305,DEV_009078,2026-01-28,2026-02-13
PAT_007305,DEV_009079,2026-04-28,2026-05-02
PAT_007306,DEV_009080,2025-10-19,2026-02-24
PAT_007307,DEV_009081,2025-08-19,2025-09-24
PAT_007307,DEV_009082,2025-11-08,2025-11-13
PAT_007308,DEV_009083,2025-08-27,2025-08-30
PAT_007309,DEV_009084,2025-08-10,2025-08-10
PAT_007310,DEV_009085,2025-11-27,2025-11-27
PAT_007311,DEV_002193,2025-12-29,2026-01-03
PAT_007312,DEV_009086,2025-12-29,2025-12-29
PAT_007312,DEV_009087,2025-11-13,2025-12-15
PAT_007313,DEV_009088,2026-05-09,2026-05-12
PAT_007314,DEV_009089,2026-02-04,2026-02-07
PAT_007315,DEV_009090,2026-03-31,2026-03-31
PAT_007316,DEV_009091,2026-01-31,2026-02-05
PAT_007317,DEV_009092,2026-03-27,2026-03-31
PAT_007318,DEV_009093,2025-07-14,2025-07-14
PAT_007319,DEV_009094,2026-03-09,2026-03-10
PAT_007319,DEV_009095,2025-07-21,2025-07-22
PAT_007320,DEV_009096,2025-12-17,2025-12-17
PAT_007320,DEV_009097,2025-10-27,2025-11-16
PAT_007321,DEV_009098,2026-01-30,2026-02-10
PAT_007321,DEV_009099,2026-02-25,2026-03-02
PAT_007322,DEV_009100,2026-01-21,2026-01-22
PAT_007323,DEV_009101,2025-10-27,2025-10-30
PAT_007324,DEV_009102,2025-10-18,2025-10-22
PAT_007325,DEV_009103,2026-05-10,2026-05-12
PAT_007326,DEV_009104,2025-09-28,2025-09-28
PAT_007327,DEV_009105,2026-03-22,2026-03-22
PAT_007328,DEV_009106,2025-08-11,2025-08-11
PAT_007329,DEV_009107,2026-04-12,2026-04-12
PAT_007330,DEV_009108,2025-11-05,2025-11-05
PAT_007331,DEV_009109,2025-12-05,2025-12-08
PAT_007332,DEV_009110,2026-01-08,2026-01-13
PAT_007333,DEV_009111,2025-04-25,2025-04-29
PAT_007333,DEV_009112,2025-07-13,2025-07-13
PAT_007334,DEV_009113,2026-02-14,2026-02-14
PAT_007335,DEV_009114,2025-09-07,2025-09-07
PAT_007336,DEV_009115,2026-05-09,2026-05-09
PAT_007337,DEV_009116,2025-09-11,2025-12-02
PAT_007338,DEV_009117,2025-11-14,2025-11-18
PAT_007338,DEV_009118,2025-10-14,2025-10-19
PAT_007339,DEV_009119,2025-07-02,2025-07-05
PAT_007340,DEV_009120,2025-10-27,2025-10-31
PAT_007340,DEV_009121,2025-12-19,2025-12-23
PAT_007341,DEV_009122,2025-10-11,2025-10-15
PAT_007342,DEV_009123,2025-04-16,2025-04-19
PAT_007342,DEV_009124,2025-07-14,2025-07-16
PAT_007343,DEV_009125,2025-11-14,2025-11-14
PAT_007344,DEV_009126,2026-02-16,2026-02-16
PAT_007345,DEV_009127,2025-09-17,2026-05-11
PAT_007346,DEV_009128,2025-08-09,2025-08-11
PAT_007347,DEV_009129,2026-04-01,2026-04-01
PAT_007348,DEV_009130,2025-10-13,2025-10-13
PAT_007349,DEV_009131,2026-04-08,2026-04-08
PAT_007350,DEV_009132,2026-04-16,2026-04-21
PAT_007351,DEV_009133,2026-01-31,2026-02-03
PAT_007352,DEV_009134,2025-05-30,2025-06-08
PAT_007352,DEV_009135,2025-07-04,2025-07-09
PAT_007353,DEV_009136,2025-10-27,2026-04-18
PAT_007354,DEV_009137,2025-08-10,2025-08-10
PAT_007354,DEV_009138,2025-06-18,2025-07-17
PAT_007355,DEV_009139,2025-07-12,2025-07-12
PAT_007356,DEV_006464,2025-07-24,2025-08-04
PAT_007356,DEV_009140,2025-09-02,2025-09-02
PAT_007357,DEV_009141,2025-12-07,2025-12-09
PAT_007358,DEV_009142,2025-08-17,2025-08-22
PAT_007359,DEV_009143,2025-09-15,2025-09-15
PAT_007360,DEV_009144,2026-04-18,2026-04-19
PAT_007361,DEV_009145,2025-10-26,2025-10-29
PAT_007362,DEV_009146,2026-03-08,2026-03-13
PAT_007363,DEV_009147,2025-07-07,2025-07-08
PAT_007364,DEV_009148,2025-08-28,2026-04-21
PAT_007365,DEV_009149,2025-10-05,2025-10-06
PAT_007365,DEV_009150,2025-08-13,2025-09-14
PAT_007366,DEV_009151,2026-03-07,2026-03-11
PAT_007367,DEV_009152,2025-10-18,2025-10-20
PAT_007368,DEV_009153,2025-10-17,2025-10-21
PAT_007368,DEV_009154,2025-12-25,2025-12-25
PAT_007369,DEV_009155,2025-08-10,2025-08-10
PAT_007370,DEV_009156,2025-11-07,2025-11-22
PAT_007370,DEV_009157,2026-02-04,2026-02-06
PAT_007371,DEV_009158,2025-08-21,2025-08-25
PAT_007372,DEV_009159,2025-12-09,2025-12-14
PAT_007373,DEV_009160,2025-11-15,2025-12-19
PAT_007373,DEV_009161,2025-12-23,2025-12-23
PAT_007374,DEV_009162,2025-10-29,2026-01-21
PAT_007375,DEV_009163,2026-01-30,2026-02-04
PAT_007376,DEV_009164,2025-12-07,2025-12-09
PAT_007377,DEV_009165,2025-08-23,2026-03-19
PAT_007378,DEV_009166,2025-11-01,2025-11-01
PAT_007379,DEV_009167,2025-08-20,2025-09-04
PAT_007380,DEV_009168,2026-01-12,2026-01-12
PAT_007381,DEV_009169,2026-04-24,2026-04-26
PAT_007381,DEV_009170,2026-04-04,2026-04-14
PAT_007382,DEV_009171,2025-07-25,2025-07-30
PAT_007383,DEV_009172,2026-03-20,2026-03-23
PAT_007384,DEV_009173,2026-05-02,2026-05-06
PAT_007385,DEV_009174,2026-03-25,2026-03-25
PAT_007386,DEV_009175,2025-12-12,2025-12-13
PAT_007387,DEV_009176,2025-12-08,2025-12-09
PAT_007388,DEV_008891,2025-06-28,2025-07-04
PAT_007388,DEV_009177,2025-07-14,2025-07-14
PAT_007389,DEV_009178,2025-12-19,2025-12-22
PAT_007389,DEV_009179,2026-02-11,2026-02-11
PAT_007390,DEV_008613,2025-07-11,2025-07-12
PAT_007391,DEV_009180,2026-01-07,2026-01-07
PAT_007391,DEV_009181,2025-10-10,2025-10-21
PAT_007392,DEV_009182,2025-08-27,2025-08-27
PAT_007393,DEV_009183,2025-08-19,2025-08-19
PAT_007393,DEV_009184,2025-06-18,2025-07-24
PAT_007394,DEV_009185,2025-12-31,2026-01-04
PAT_007395,DEV_009186,2025-10-19,2025-10-19
PAT_007396,DEV_009187,2026-03-31,2026-04-02
PAT_007397,DEV_009188,2026-01-02,2026-01-07
PAT_007398,DEV_009189,2025-10-11,2025-10-16
PAT_007399,DEV_009190,2026-01-23,2026-01-25
PAT_007400,DEV_009191,2025-09-22,2026-05-04
PAT_007401,DEV_009192,2025-08-20,2025-08-20
PAT_007402,DEV_009193,2025-07-21,2026-04-06
PAT_007403,DEV_005051,2026-01-17,2026-01-17
PAT_007404,DEV_009194,2025-10-23,2025-10-23
PAT_007405,DEV_009195,2025-11-26,2025-12-25
PAT_007405,DEV_009196,2025-12-31,2026-01-01
PAT_007406,DEV_009197,2025-10-01,2025-10-05
PAT_007407,DEV_009198,2025-11-17,2025-11-17
PAT_007408,DEV_009199,2025-08-23,2025-08-28
PAT_007409,DEV_009200,2025-08-11,2025-08-11
PAT_007410,DEV_009201,2026-03-10,2026-03-10
PAT_007411,DEV_009202,2026-04-12,2026-04-12
PAT_007412,DEV_009203,2025-09-26,2025-09-26
PAT_007413,DEV_009204,2025-06-13,2025-07-13
PAT_007413,DEV_009205,2025-08-13,2025-08-13
PAT_007414,DEV_009206,2025-05-12,2025-06-01
PAT_007414,DEV_009207,2025-07-14,2025-07-14
PAT_007415,DEV_009208,2026-04-07,2026-04-09
PAT_007416,DEV_009209,2026-04-07,2026-04-07
PAT_007417,DEV_001604,2025-12-23,2025-12-26
PAT_007418,DEV_009210,2025-07-06,2025-07-11
PAT_007419,DEV_009211,2025-07-10,2025-07-10
PAT_007419,DEV_009212,2025-04-26,2025-05-16
PAT_007420,DEV_009213,2026-03-21,2026-03-24
PAT_007421,DEV_009214,2026-01-27,2026-01-27
PAT_007422,DEV_009215,2025-09-10,2025-09-13
PAT_007423,DEV_009216,2026-02-24,2026-02-24
PAT_007424,DEV_009217,2025-10-19,2025-10-19
PAT_007425,DEV_009218,2025-07-28,2025-08-20
PAT_007425,DEV_009219,2025-10-11,2025-10-16
PAT_007426,DEV_009220,2026-02-09,2026-02-10
PAT_007427,DEV_007119,2026-03-13,2026-03-18
PAT_007428,DEV_009221,2025-07-27,2025-07-28
PAT_007429,DEV_009222,2026-02-01,2026-03-03
PAT_007429,DEV_009223,2026-03-25,2026-03-25
PAT_007430,DEV_009224,2025-10-02,2025-10-02
PAT_007430,DEV_009225,2025-07-30,2025-09-06
PAT_007431,DEV_009226,2025-06-27,2025-07-11
PAT_007431,DEV_009227,2025-09-06,2025-12-15
PAT_007432,DEV_009228,2025-10-23,2025-10-23
PAT_007433,DEV_009229,2026-03-10,2026-03-14
PAT_007434,DEV_009230,2025-09-12,2025-09-14
PAT_007435,DEV_009231,2025-11-02,2025-11-03
PAT_007436,DEV_009232,2025-07-09,2025-07-30
PAT_007436,DEV_009233,2025-08-23,2026-03-31
PAT_007437,DEV_009234,2025-12-11,2026-01-15
PAT_007437,DEV_009235,2026-03-11,2026-03-11
PAT_007438,DEV_009236,2025-07-27,2025-07-30
PAT_007438,DEV_009237,2025-07-13,2025-07-27
PAT_007439,DEV_009238,2025-12-23,2025-12-23
PAT_007440,DEV_009239,2025-07-29,2025-07-29
PAT_007441,DEV_009240,2025-08-09,2025-08-14
PAT_007441,DEV_009241,2025-05-16,2025-06-17
PAT_007442,DEV_009242,2025-07-28,2025-07-28
PAT_007443,DEV_009243,2025-08-18,2025-08-21
PAT_007444,DEV_009244,2025-12-25,2025-12-28
PAT_007445,DEV_009245,2026-02-04,2026-02-04
PAT_007446,DEV_009246,2025-09-08,2025-09-08
PAT_007447,DEV_009247,2025-10-12,2025-10-12
PAT_007447,DEV_009248,2025-07-28,2025-08-12
PAT_007448,DEV_009249,2025-07-03,2025-10-27
PAT_007449,DEV_009250,2025-11-25,2025-12-03
PAT_007449,DEV_009251,2026-01-08,2026-01-12
PAT_007450,DEV_009252,2025-07-28,2025-08-01
PAT_007451,DEV_009253,2025-08-28,2025-09-20
PAT_007451,DEV_009254,2025-10-22,2025-10-23
PAT_007452,DEV_009255,2026-03-15,2026-03-18
PAT_007453,DEV_009256,2025-12-14,2025-12-14
PAT_007454,DEV_009257,2026-02-03,2026-02-03
PAT_007455,DEV_009258,2025-09-09,2025-09-14
PAT_007455,DEV_009259,2025-07-21,2025-08-29
PAT_007456,DEV_009260,2025-07-24,2025-08-23
PAT_007456,DEV_009261,2025-09-24,2025-09-24
PAT_007457,DEV_009262,2025-07-22,2025-07-22
PAT_007458,DEV_009263,2025-06-12,2025-07-05
PAT_007458,DEV_009264,2025-09-03,2025-09-08
PAT_007459,DEV_009265,2026-03-02,2026-03-03
PAT_007460,DEV_009266,2026-02-18,2026-02-18
PAT_007461,DEV_009267,2025-11-28,2025-12-01
PAT_007462,DEV_009268,2025-08-26,2025-08-26
PAT_007463,DEV_009269,2025-08-24,2026-01-14
PAT_007464,DEV_009270,2025-10-12,2025-10-17
PAT_007465,DEV_009271,2025-12-21,2025-12-21
PAT_007466,DEV_009272,2025-07-26,2025-07-29
PAT_007467,DEV_009273,2026-03-20,2026-03-22
PAT_007467,DEV_009274,2026-02-28,2026-03-18
PAT_007468,DEV_003947,2025-12-30,2026-01-03
PAT_007469,DEV_009275,2026-04-07,2026-04-11
PAT_007469,DEV_009276,2026-02-19,2026-02-24
PAT_007470,DEV_009277,2026-05-09,2026-05-11
PAT_007471,DEV_009278,2026-04-10,2026-04-12
PAT_007472,DEV_009279,2025-07-26,2025-07-26
PAT_007473,DEV_009280,2026-01-30,2026-02-04
PAT_007473,DEV_009281,2025-11-04,2025-11-30
PAT_007474,DEV_009282,2025-09-26,2025-09-29
PAT_007475,DEV_009283,2025-12-25,2025-12-29
PAT_007476,DEV_009284,2025-08-24,2025-08-28
PAT_007477,DEV_009285,2026-04-29,2026-04-30
PAT_007477,DEV_009286,2026-02-19,2026-03-17
PAT_007478,DEV_008022,2026-03-22,2026-03-26
PAT_007479,DEV_009287,2025-12-16,2025-12-18
PAT_007480,DEV_009288,2025-12-04,2025-12-04
PAT_007480,DEV_009289,2025-11-05,2025-11-16
PAT_007481,DEV_009290,2025-12-18,2025-12-19
PAT_007481,DEV_009291,2026-01-25,2026-01-25
PAT_007482,DEV_009292,2026-03-16,2026-03-17
PAT_007483,DEV_009293,2026-03-15,2026-03-15
PAT_007484,DEV_009294,2025-11-26,2025-11-28
PAT_007485,DEV_009295,2026-01-22,2026-01-22
PAT_007486,DEV_009296,2025-11-01,2025-11-04
PAT_007486,DEV_009297,2025-08-08,2025-09-13
PAT_007487,DEV_009298,2026-03-19,2026-03-20
PAT_007488,DEV_009299,2025-08-11,2025-08-11
PAT_007489,DEV_009300,2026-01-28,2026-01-30
PAT_007490,DEV_009301,2025-11-21,2025-11-26
PAT_007491,DEV_008114,2026-01-11,2026-01-17
PAT_007491,DEV_009302,2026-03-19,2026-03-19
PAT_007492,DEV_009303,2026-02-10,2026-02-14
PAT_007493,DEV_009304,2025-07-31,2025-08-03
PAT_007493,DEV_009305,2025-05-04,2025-06-02
PAT_007494,DEV_009306,2026-03-06,2026-03-06
PAT_007495,DEV_009307,2025-11-18,2025-11-20
PAT_007496,DEV_009308,2026-04-17,2026-04-21
PAT_007497,DEV_009309,2026-03-19,2026-03-19
PAT_007497,DEV_009310,2026-02-14,2026-03-19
PAT_007498,DEV_009311,2026-03-10,2026-03-10
PAT_007498,DEV_009312,2026-02-23,2026-03-10
PAT_007499,DEV_009313,2025-10-12,2025-11-02
PAT_007499,DEV_009314,2025-12-02,2026-03-23
PAT_007500,DEV_009315,2025-07-19,2025-07-21
PAT_007500,DEV_009316,2025-07-02,2025-07-19
PAT_007501,DEV_009317,2026-01-30,2026-01-30
PAT_007502,DEV_009318,2026-02-21,2026-02-26
PAT_007502,DEV_009319,2026-01-22,2026-01-23
PAT_007503,DEV_009320,2025-08-30,2025-08-30
PAT_007504,DEV_009321,2026-02-09,2026-02-11
PAT_007505,DEV_009322,2025-11-07,2025-11-07
PAT_007506,DEV_009323,2025-10-16,2025-10-16
PAT_007507,DEV_009324,2026-02-07,2026-02-11
PAT_007507,DEV_009325,2026-01-16,2026-02-07
PAT_007508,DEV_009326,2026-04-17,2026-04-17
PAT_007509,DEV_009327,2025-08-14,2025-08-14
PAT_007510,DEV_009328,2025-12-05,2025-12-05
PAT_007511,DEV_009329,2025-12-28,2025-12-28
PAT_007512,DEV_009330,2026-02-11,2026-02-15
PAT_007513,DEV_009331,2025-11-24,2025-11-26
PAT_007514,DEV_009332,2025-12-27,2026-01-05
PAT_007514,DEV_009333,2026-03-15,2026-03-18
PAT_007515,DEV_009334,2026-04-13,2026-04-13
PAT_007516,DEV_009335,2026-05-05,2026-05-05
PAT_007517,DEV_009336,2026-04-17,2026-04-17
PAT_007518,DEV_009337,2025-05-05,2025-05-17
PAT_007518,DEV_009338,2025-08-02,2025-08-02
PAT_007519,DEV_009339,2025-09-15,2025-09-23
PAT_007519,DEV_009340,2025-10-28,2025-10-28
PAT_007520,DEV_009341,2026-03-20,2026-03-25
PAT_007521,DEV_009342,2025-07-10,2025-07-10
PAT_007522,DEV_009343,2025-10-17,2025-10-17
PAT_007523,DEV_009344,2026-02-04,2026-02-04
PAT_007523,DEV_009345,2025-12-21,2026-01-29
PAT_007524,DEV_009346,2025-12-26,2025-12-30
PAT_007525,DEV_009347,2026-05-06,2026-05-06
PAT_007526,DEV_009348,2025-10-04,2025-10-04
PAT_007527,DEV_009349,2025-07-16,2025-07-16
PAT_007528,DEV_009350,2025-11-14,2025-11-19
PAT_007528,DEV_009351,2025-09-17,2025-10-11
PAT_007529,DEV_009352,2025-07-15,2025-07-15
PAT_007530,DEV_009353,2026-03-23,2026-03-23
PAT_007531,DEV_009354,2026-04-23,2026-04-27
PAT_007532,DEV_009355,2025-09-26,2025-09-29
PAT_007533,DEV_009356,2025-12-10,2025-12-14
PAT_007534,DEV_009357,2025-07-20,2025-07-25
PAT_007534,DEV_009358,2025-04-24,2025-05-23
PAT_007535,DEV_009359,2025-12-18,2025-12-18
PAT_007536,DEV_009360,2025-09-23,2025-10-07
PAT_007536,DEV_009361,2025-11-08,2025-11-08
PAT_007537,DEV_009362,2026-03-18,2026-03-22
PAT_007538,DEV_009363,2025-11-29,2025-11-29
PAT_007539,DEV_002654,2025-08-25,2025-08-27
PAT_007540,DEV_009364,2025-09-09,2026-01-17
PAT_007541,DEV_009365,2025-09-13,2025-09-16
PAT_007541,DEV_009366,2025-08-08,2025-08-10
PAT_007542,DEV_009367,2026-02-12,2026-02-12
PAT_007542,DEV_009368,2025-12-22,2026-01-27
PAT_007543,DEV_009369,2026-03-22,2026-03-22
PAT_007544,DEV_009370,2025-08-02,2025-08-04
PAT_007544,DEV_009371,2025-09-21,2025-09-21
PAT_007545,DEV_009372,2025-12-16,2026-01-16
PAT_007545,DEV_009373,2026-01-16,2026-01-21
PAT_007546,DEV_009374,2026-01-16,2026-01-16
PAT_007546,DEV_009375,2025-11-25,2026-01-02
PAT_007547,DEV_009376,2025-08-29,2025-09-03
PAT_007548,DEV_009377,2026-05-06,2026-05-06
PAT_007549,DEV_005100,2026-04-15,2026-04-20
PAT_007550,DEV_009378,2025-12-30,2025-12-30
PAT_007551,DEV_009379,2025-07-25,2025-07-25
PAT_007552,DEV_009380,2026-03-16,2026-03-18
PAT_007553,DEV_009381,2025-08-04,2026-03-28
PAT_007554,DEV_009382,2025-09-01,2025-09-11
PAT_007554,DEV_009383,2025-11-25,2025-11-25
PAT_007555,DEV_009384,2026-02-19,2026-02-22
PAT_007556,DEV_009385,2025-08-12,2025-09-01
PAT_007556,DEV_009386,2025-09-15,2025-09-15
PAT_007557,DEV_009387,2025-10-18,2025-10-21
PAT_007558,DEV_009388,2026-02-09,2026-02-09
PAT_007559,DEV_009389,2025-07-16,2025-07-20
PAT_007560,DEV_009390,2025-12-21,2025-12-25
PAT_007561,DEV_009391,2025-12-30,2026-01-04
PAT_007561,DEV_009392,2025-11-30,2025-12-30
PAT_007562,DEV_009393,2025-12-25,2025-12-25
PAT_007563,DEV_009394,2025-09-04,2025-09-09
PAT_007564,DEV_009395,2025-07-28,2025-08-01
PAT_007565,DEV_009396,2025-08-21,2025-08-25
PAT_007565,DEV_009397,2025-07-20,2025-08-07
PAT_007566,DEV_008913,2025-08-20,2025-08-24
PAT_007567,DEV_009398,2025-07-24,2025-07-24
PAT_007568,DEV_009399,2025-07-08,2025-07-12
PAT_007569,DEV_009400,2025-12-01,2025-12-06
PAT_007570,DEV_009401,2026-02-14,2026-02-14
PAT_007571,DEV_009402,2025-09-24,2025-09-27
PAT_007572,DEV_009403,2026-04-15,2026-04-18
PAT_007573,DEV_009404,2025-10-18,2025-10-20
PAT_007574,DEV_009405,2025-07-23,2025-07-27
PAT_007574,DEV_009406,2025-05-14,2025-06-05
PAT_007575,DEV_009407,2025-07-16,2025-07-20
PAT_007575,DEV_009408,2025-04-17,2025-05-08
PAT_007576,DEV_009409,2025-11-28,2025-12-08
PAT_007576,DEV_009410,2026-02-10,2026-02-10
PAT_007577,DEV_009411,2026-03-26,2026-03-26
PAT_007577,DEV_009412,2026-03-06,2026-03-26
PAT_007578,DEV_009413,2025-11-05,2025-11-05
PAT_007578,DEV_009414,2025-08-31,2025-10-09
PAT_007579,DEV_009415,2026-05-04,2026-05-04
PAT_007579,DEV_009416,2026-02-13,2026-03-01
PAT_007580,DEV_009417,2026-01-21,2026-01-25
PAT_007581,DEV_009418,2026-01-08,2026-01-10
PAT_007581,DEV_009419,2025-12-27,2025-12-28
PAT_007582,DEV_009420,2025-08-18,2025-08-20
PAT_007583,DEV_009421,2026-05-07,2026-05-10
PAT_007584,DEV_009422,2025-11-04,2025-11-04
PAT_007585,DEV_009423,2026-04-24,2026-04-27
PAT_007586,DEV_009424,2026-05-03,2026-05-06
PAT_007587,DEV_009425,2025-07-20,2025-07-20
PAT_007588,DEV_009426,2026-03-15,2026-03-15
PAT_007589,DEV_009427,2025-08-14,2025-08-31
PAT_007589,DEV_009428,2025-08-31,2025-09-02
PAT_007590,DEV_009429,2025-10-22,2025-10-22
PAT_007591,DEV_009430,2025-08-15,2025-08-19
PAT_007591,DEV_009431,2025-06-03,2025-07-11
PAT_007592,DEV_009432,2025-11-26,2025-12-22
PAT_007592,DEV_009433,2026-01-23,2026-01-27
PAT_007593,DEV_009434,2025-09-09,2025-09-12
PAT_007594,DEV_009435,2026-02-22,2026-02-27
PAT_007595,DEV_009436,2026-03-26,2026-03-29
PAT_007595,DEV_009437,2026-01-09,2026-02-07
PAT_007596,DEV_009438,2026-04-26,2026-04-28
PAT_007597,DEV_009439,2026-01-19,2026-01-23
PAT_007598,DEV_009440,2025-10-20,2025-10-25
PAT_007599,DEV_009441,2026-03-13,2026-03-18
PAT_007600,DEV_003155,2025-08-04,2025-08-04
PAT_007601,DEV_009442,2025-09-26,2025-10-01
PAT_007602,DEV_009443,2025-12-07,2025-12-09
PAT_007603,DEV_009444,2025-10-11,2025-10-11
PAT_007604,DEV_009445,2026-04-10,2026-04-13
PAT_007605,DEV_006642,2026-01-27,2026-01-27
PAT_007606,DEV_009446,2026-01-03,2026-01-27
PAT_007606,DEV_009447,2026-02-19,2026-02-24
PAT_007607,DEV_009448,2026-03-24,2026-03-29
PAT_007607,DEV_009449,2026-02-23,2026-03-05
PAT_007608,DEV_009450,2025-12-25,2025-12-25
PAT_007609,DEV_009451,2025-10-17,2025-10-22
PAT_007610,DEV_009452,2025-07-25,2025-07-25
PAT_007611,DEV_009453,2025-12-05,2025-12-07
PAT_007612,DEV_009454,2026-02-11,2026-02-11
PAT_007613,DEV_009455,2026-02-24,2026-02-24
PAT_007614,DEV_009456,2025-10-27,2025-10-27
PAT_007615,DEV_009457,2026-04-06,2026-04-10
PAT_007615,DEV_009458,2026-03-12,2026-03-17
PAT_007616,DEV_009459,2025-09-13,2025-09-13
PAT_007617,DEV_009460,2026-03-01,2026-03-02
PAT_007618,DEV_009461,2025-12-08,2025-12-11
PAT_007619,DEV_009462,2026-02-24,2026-03-01
PAT_007620,DEV_009463,2025-09-10,2025-09-10
PAT_007621,DEV_009464,2025-07-12,2025-07-15
PAT_007622,DEV_000824,2026-02-02,2026-02-27
PAT_007622,DEV_009465,2026-03-16,2026-03-18
PAT_007623,DEV_009466,2026-03-11,2026-03-12
PAT_007624,DEV_004267,2026-04-05,2026-04-29
PAT_007625,DEV_009467,2026-01-19,2026-01-22
PAT_007626,DEV_009468,2026-03-31,2026-04-01
PAT_007627,DEV_009469,2026-05-09,2026-05-12
PAT_007628,DEV_009470,2025-07-04,2025-07-04
PAT_007629,DEV_009471,2026-01-25,2026-01-25
PAT_007630,DEV_009472,2025-06-14,2025-07-07
PAT_007630,DEV_009473,2025-08-06,2025-08-07
PAT_007631,DEV_009474,2025-07-15,2025-07-19
PAT_007632,DEV_009475,2025-08-19,2025-08-24
PAT_007633,DEV_009476,2026-02-26,2026-03-10
PAT_007633,DEV_009477,2026-04-06,2026-04-06
PAT_007634,DEV_009478,2026-03-17,2026-03-19
PAT_007635,DEV_009479,2025-12-31,2026-01-01
PAT_007636,DEV_009480,2026-01-27,2026-02-01
PAT_007637,DEV_009481,2025-11-11,2025-11-16
PAT_007638,DEV_009482,2025-06-02,2025-07-08
PAT_007638,DEV_009483,2025-08-09,2025-08-09
PAT_007639,DEV_009484,2025-07-07,2025-07-10
PAT_007640,DEV_009485,2025-07-05,2025-07-05
PAT_007641,DEV_009486,2025-12-05,2025-12-10
PAT_007642,DEV_009487,2026-01-16,2026-01-16
PAT_007643,DEV_009488,2025-12-23,2025-12-28
PAT_007643,DEV_009489,2025-10-06,2025-11-02
PAT_007644,DEV_009490,2026-03-11,2026-03-11
PAT_007645,DEV_009491,2025-12-04,2025-12-07
PAT_007645,DEV_009492,2025-11-03,2025-11-06
PAT_007646,DEV_009493,2025-09-19,2025-09-19
PAT_007647,DEV_009494,2025-09-19,2025-09-24
PAT_007647,DEV_009495,2025-06-23,2025-06-27
PAT_007648,DEV_009496,2025-11-30,2025-11-30
PAT_007649,DEV_009497,2026-03-13,2026-03-18
PAT_007650,DEV_009498,2025-12-24,2025-12-24
PAT_007651,DEV_009499,2025-11-20,2025-11-22
PAT_007652,DEV_009500,2025-09-08,2025-09-11
PAT_007652,DEV_009501,2025-11-10,2025-11-11
PAT_007653,DEV_009502,2025-11-27,2025-11-27
PAT_007654,DEV_009503,2025-10-04,2025-11-25
PAT_007655,DEV_009504,2025-11-28,2025-11-30
PAT_007656,DEV_009505,2026-02-16,2026-03-03
PAT_007656,DEV_009506,2026-03-31,2026-04-02
PAT_007657,DEV_009507,2025-08-02,2025-08-02
PAT_007658,DEV_009508,2025-12-03,2025-12-06
PAT_007659,DEV_009509,2025-12-14,2025-12-14
PAT_007660,DEV_009510,2025-05-15,2025-05-29
PAT_007660,DEV_009511,2025-08-08,2025-08-08
PAT_007661,DEV_009512,2026-02-05,2026-04-11
PAT_007662,DEV_009513,2025-07-29,2025-08-03
PAT_007663,DEV_009248,2025-09-06,2025-09-09
PAT_007664,DEV_009514,2025-09-28,2025-10-03
PAT_007665,DEV_009515,2025-11-04,2025-11-07
PAT_007666,DEV_009516,2026-01-29,2026-01-29
PAT_007667,DEV_009517,2025-09-22,2025-09-22
PAT_007668,DEV_007083,2025-10-23,2025-10-23
PAT_007669,DEV_009518,2026-02-03,2026-02-03
PAT_007669,DEV_009519,2026-01-11,2026-01-29
PAT_007670,DEV_002830,2025-12-31,2025-12-31
PAT_007671,DEV_006071,2025-08-16,2025-08-18
PAT_007672,DEV_009520,2025-08-30,2025-08-31
PAT_007673,DEV_002291,2025-11-15,2025-11-17
PAT_007674,DEV_009521,2025-08-10,2025-08-15
PAT_007675,DEV_009522,2025-11-03,2025-11-03
PAT_007676,DEV_009523,2025-07-01,2025-07-01
PAT_007677,DEV_009524,2025-09-18,2025-09-20
PAT_007678,DEV_009525,2025-05-25,2025-06-21
PAT_007678,DEV_009526,2025-08-22,2025-08-22
PAT_007679,DEV_009527,2026-02-10,2026-03-07
PAT_007679,DEV_009528,2026-03-07,2026-03-09
PAT_007680,DEV_009529,2026-01-19,2026-02-23
PAT_007680,DEV_009530,2026-03-01,2026-03-04
PAT_007681,DEV_009531,2026-04-23,2026-04-23
PAT_007681,DEV_009532,2026-03-06,2026-03-22
PAT_007682,DEV_009533,2026-01-01,2026-01-09
PAT_007682,DEV_009534,2026-02-20,2026-02-20
PAT_007683,DEV_009535,2025-12-19,2025-12-23
PAT_007684,DEV_009536,2025-06-17,2025-07-11
PAT_007684,DEV_009537,2025-07-21,2025-07-25
PAT_007685,DEV_009538,2025-11-25,2025-11-25
PAT_007686,DEV_009539,2026-01-17,2026-01-22
PAT_007687,DEV_009540,2025-10-20,2025-11-27
PAT_007687,DEV_009541,2025-09-26,2025-10-17
PAT_007688,DEV_009542,2026-05-08,2026-05-13
PAT_007688,DEV_009543,2026-04-21,2026-04-26
PAT_007689,DEV_009544,2026-01-13,2026-01-18
PAT_007690,DEV_009545,2026-02-18,2026-02-19
PAT_007691,DEV_009546,2026-02-10,2026-02-13
PAT_007692,DEV_000878,2025-07-12,2025-07-17
PAT_007693,DEV_009547,2026-03-19,2026-03-19
PAT_007694,DEV_009548,2025-09-20,2025-09-20
PAT_007694,DEV_009549,2025-09-02,2025-09-20
PAT_007695,DEV_009550,2025-11-09,2025-11-13
PAT_007696,DEV_009551,2025-07-18,2025-07-18
PAT_007697,DEV_009552,2025-12-08,2025-12-09
PAT_007698,DEV_009553,2025-11-22,2025-11-22
PAT_007698,DEV_009554,2025-10-27,2025-11-22
PAT_007699,DEV_009555,2026-02-24,2026-02-24
PAT_007700,DEV_009556,2025-09-01,2025-09-05
PAT_007700,DEV_009557,2025-06-06,2025-07-15
PAT_007701,DEV_009558,2025-12-10,2025-12-15
PAT_007702,DEV_009559,2025-09-11,2025-09-25
PAT_007702,DEV_009560,2025-10-12,2025-10-15
PAT_007703,DEV_009561,2026-04-29,2026-04-30
PAT_007704,DEV_009562,2025-08-14,2025-09-01
PAT_007704,DEV_009563,2025-10-26,2025-10-26
PAT_007705,DEV_009564,2025-07-30,2026-05-08
PAT_007706,DEV_009565,2026-02-18,2026-02-18
PAT_007707,DEV_009566,2026-01-01,2026-01-19
PAT_007707,DEV_009567,2026-03-20,2026-03-20
PAT_007708,DEV_009568,2025-10-11,2025-10-29
PAT_007708,DEV_009569,2025-11-29,2025-12-01
PAT_007709,DEV_009570,2026-05-01,2026-05-04
PAT_007710,DEV_009571,2026-01-20,2026-01-25
PAT_007711,DEV_009572,2025-08-19,2025-09-24
PAT_007711,DEV_009573,2025-09-24,2025-09-24
PAT_007712,DEV_009574,2025-11-11,2025-11-16
PAT_007712,DEV_009575,2025-09-26,2025-11-03
PAT_007713,DEV_009576,2026-02-24,2026-03-01
PAT_007714,DEV_009577,2025-07-17,2025-07-20
PAT_007714,DEV_009578,2025-06-13,2025-07-04
PAT_007715,DEV_009579,2026-03-13,2026-03-13
PAT_007716,DEV_009580,2025-08-05,2025-08-09
PAT_007717,DEV_009581,2025-08-26,2025-08-29
PAT_007718,DEV_009582,2025-10-07,2025-10-30
PAT_007718,DEV_009583,2025-10-30,2025-11-02
PAT_007719,DEV_009584,2025-12-03,2025-12-04
PAT_007720,DEV_009585,2026-01-06,2026-01-11
PAT_007721,DEV_009586,2026-04-28,2026-04-28
PAT_007722,DEV_009587,2025-12-29,2026-01-01
PAT_007723,DEV_009588,2025-08-03,2025-09-09
PAT_007723,DEV_009589,2025-09-09,2025-09-09
PAT_007724,DEV_009590,2026-02-28,2026-03-04
PAT_007724,DEV_009591,2025-12-25,2026-01-22
PAT_007725,DEV_009592,2025-12-18,2025-12-18
PAT_007726,DEV_009593,2025-12-22,2025-12-27
PAT_007726,DEV_009594,2026-01-28,2026-01-28
PAT_007727,DEV_009595,2026-04-28,2026-04-30
PAT_007728,DEV_009596,2025-10-04,2025-10-04
PAT_007729,DEV_009597,2026-03-23,2026-03-24
PAT_007729,DEV_009598,2026-01-11,2026-01-15
PAT_007730,DEV_009599,2025-11-04,2025-11-19
PAT_007730,DEV_009600,2025-12-14,2026-03-13
PAT_007731,DEV_009601,2025-09-11,2025-09-16
PAT_007731,DEV_009602,2025-08-05,2025-08-16
PAT_007732,DEV_009603,2025-11-05,2025-11-05
PAT_007733,DEV_009604,2025-08-23,2025-08-23
PAT_007734,DEV_009605,2025-11-19,2025-11-19
PAT_007735,DEV_009606,2026-02-14,2026-02-15
PAT_007736,DEV_009607,2025-10-30,2025-11-04
PAT_007737,DEV_009608,2026-01-27,2026-02-01
PAT_007737,DEV_009609,2025-12-06,2025-12-18
PAT_007738,DEV_009610,2026-03-30,2026-03-30
PAT_007739,DEV_009611,2026-04-07,2026-04-09
PAT_007740,DEV_009612,2025-11-19,2025-11-24
PAT_007741,DEV_009613,2025-10-09,2025-10-13
PAT_007742,DEV_009614,2026-03-25,2026-03-25
PAT_007743,DEV_009615,2025-07-06,2025-07-11
PAT_007743,DEV_009616,2025-04-22,2025-05-12
PAT_007744,DEV_009617,2025-11-22,2025-12-17
PAT_007744,DEV_009618,2026-02-10,2026-02-10
PAT_007745,DEV_009619,2025-08-02,2025-08-07
PAT_007746,DEV_009620,2025-10-26,2025-10-27
PAT_007747,DEV_009621,2025-07-01,2026-03-30
PAT_007748,DEV_009622,2026-03-17,2026-03-22
PAT_007748,DEV_009623,2025-12-24,2026-01-02
PAT_007749,DEV_009624,2025-11-19,2025-11-19
PAT_007750,DEV_009625,2026-02-17,2026-02-18
PAT_007750,DEV_009626,2026-03-18,2026-03-18
PAT_007751,DEV_009627,2025-11-24,2025-11-29
PAT_007752,DEV_009628,2025-07-25,2026-01-26
PAT_007753,DEV_009629,2025-09-17,2025-09-17
PAT_007754,DEV_009630,2026-03-19,2026-03-19
PAT_007754,DEV_009631,2026-01-10,2026-01-26
PAT_007755,DEV_009632,2026-04-01,2026-04-03
PAT_007756,DEV_009633,2026-01-22,2026-01-22
PAT_007756,DEV_009634,2025-12-10,2025-12-18
PAT_007757,DEV_009635,2025-07-11,2025-07-14
PAT_007758,DEV_009636,2025-12-30,2025-12-30
PAT_007759,DEV_009637,2025-09-05,2025-09-05
PAT_007760,DEV_009638,2026-02-23,2026-02-23
PAT_007761,DEV_009639,2026-01-19,2026-01-19
PAT_007762,DEV_009640,2025-08-29,2025-08-29
PAT_007763,DEV_009641,2025-09-03,2025-10-02
PAT_007763,DEV_009642,2025-10-30,2025-11-03
PAT_007764,DEV_009643,2025-11-24,2025-11-25
PAT_007764,DEV_009644,2025-09-22,2025-09-27
PAT_007765,DEV_005147,2025-12-29,2025-12-29
PAT_007766,DEV_009645,2026-05-09,2026-05-11
PAT_007767,DEV_009646,2025-10-19,2025-10-23
PAT_007768,DEV_009647,2026-03-02,2026-03-05
PAT_007769,DEV_009648,2026-03-26,2026-03-31
PAT_007770,DEV_009649,2026-03-28,2026-03-30
PAT_007771,DEV_009650,2025-10-29,2025-11-03
PAT_007772,DEV_009651,2026-01-04,2026-01-04
PAT_007773,DEV_009652,2026-02-07,2026-02-07
PAT_007774,DEV_009653,2025-09-18,2025-09-18
PAT_007775,DEV_009654,2026-04-27,2026-04-29
PAT_007776,DEV_009655,2025-07-10,2025-07-14
PAT_007777,DEV_009656,2025-07-18,2025-07-21
PAT_007778,DEV_009657,2025-08-07,2025-08-24
PAT_007778,DEV_009658,2025-09-19,2026-04-21
PAT_007779,DEV_009659,2026-04-08,2026-04-08
PAT_007780,DEV_009660,2025-08-23,2025-08-27
PAT_007781,DEV_009661,2025-07-12,2025-07-12
PAT_007782,DEV_009662,2025-08-25,2025-08-29
PAT_007783,DEV_009663,2025-11-10,2025-11-14
PAT_007784,DEV_003201,2026-05-06,2026-05-11
PAT_007784,DEV_009664,2026-03-18,2026-03-24
PAT_007785,DEV_009665,2026-04-16,2026-04-16
PAT_007786,DEV_009666,2025-08-24,2025-08-24
PAT_007787,DEV_009667,2026-02-15,2026-02-15
PAT_007788,DEV_009668,2025-10-25,2026-04-26
PAT_007789,DEV_009669,2025-07-25,2025-07-25
PAT_007790,DEV_009670,2025-08-24,2025-09-14
PAT_007790,DEV_009671,2025-10-24,2025-10-28
PAT_007791,DEV_009672,2025-08-07,2025-12-25
PAT_007792,DEV_009673,2025-09-10,2025-09-15
PAT_007793,DEV_009674,2026-02-04,2026-02-04
PAT_007794,DEV_009675,2026-03-19,2026-03-21
PAT_007794,DEV_009676,2026-01-14,2026-01-19
PAT_007795,DEV_009677,2025-07-12,2025-07-20
PAT_007795,DEV_009678,2025-09-09,2025-09-13
PAT_007796,DEV_009679,2026-04-10,2026-04-13
PAT_007797,DEV_009680,2025-09-23,2025-09-24
PAT_007798,DEV_009681,2026-01-12,2026-01-25
PAT_007798,DEV_009682,2026-02-11,2026-02-11
PAT_007799,DEV_009683,2026-04-07,2026-04-08
PAT_007800,DEV_009684,2025-08-06,2025-08-07
PAT_007801,DEV_009685,2025-07-01,2025-07-02
PAT_007802,DEV_009686,2025-11-17,2025-11-30
PAT_007802,DEV_009687,2026-01-09,2026-01-09
PAT_007803,DEV_009688,2026-04-26,2026-04-27
PAT_007803,DEV_009689,2026-02-04,2026-03-10
PAT_007804,DEV_009690,2026-03-02,2026-03-07
PAT_007805,DEV_009691,2025-07-03,2025-07-07
PAT_007806,DEV_009692,2025-06-28,2025-07-15
PAT_007806,DEV_009693,2025-09-04,2025-09-04
PAT_007807,DEV_009694,2026-03-04,2026-03-04
PAT_007808,DEV_009695,2025-10-23,2025-10-24
PAT_007808,DEV_009696,2026-01-19,2026-01-21
PAT_007809,DEV_009697,2025-09-25,2025-09-25
PAT_007809,DEV_009698,2025-07-30,2025-07-31
PAT_007810,DEV_009699,2025-09-19,2025-09-23
PAT_007811,DEV_009700,2025-10-05,2025-10-28
PAT_007811,DEV_009701,2025-11-25,2025-11-29
PAT_007812,DEV_009702,2025-10-03,2025-10-03
PAT_007813,DEV_009703,2025-11-21,2025-11-22
PAT_007813,DEV_009704,2025-09-05,2025-10-10
PAT_007814,DEV_009705,2026-04-21,2026-04-25
PAT_007815,DEV_009706,2026-03-01,2026-03-04
PAT_007815,DEV_009707,2026-02-02,2026-02-10
PAT_007816,DEV_009708,2025-11-20,2025-12-06
PAT_007816,DEV_009709,2025-12-06,2025-12-11
PAT_007817,DEV_009710,2026-01-27,2026-02-01
PAT_007818,DEV_009338,2025-12-20,2025-12-25
PAT_007819,DEV_009711,2025-08-21,2025-08-26
PAT_007819,DEV_009712,2025-05-24,2025-06-01
PAT_007820,DEV_001757,2026-04-16,2026-04-19
PAT_007821,DEV_009713,2025-09-03,2026-02-09
PAT_007822,DEV_009714,2025-10-23,2025-10-23
PAT_007823,DEV_009715,2025-10-22,2025-10-25
PAT_007824,DEV_009716,2026-02-08,2026-02-12
PAT_007824,DEV_009717,2026-04-03,2026-04-04
PAT_007825,DEV_009718,2026-04-26,2026-04-26
PAT_007826,DEV_009719,2025-11-30,2025-12-01
PAT_007827,DEV_009720,2026-01-08,2026-01-13
PAT_007828,DEV_009721,2026-03-26,2026-03-31
PAT_007829,DEV_009722,2026-02-05,2026-02-08
PAT_007830,DEV_009723,2026-05-02,2026-05-06
PAT_007831,DEV_009724,2026-04-04,2026-04-04
PAT_007832,DEV_009725,2026-01-15,2026-01-20
PAT_007833,DEV_006659,2026-02-27,2026-03-03
PAT_007834,DEV_009726,2025-12-08,2025-12-08
PAT_007835,DEV_009727,2026-04-13,2026-04-13
PAT_007836,DEV_009728,2026-03-13,2026-03-17
PAT_007837,DEV_009729,2025-08-06,2025-08-08
PAT_007837,DEV_009730,2025-05-10,2025-06-15
PAT_007838,DEV_009731,2025-07-05,2025-07-09
PAT_007839,DEV_009732,2025-08-25,2025-08-25
PAT_007840,DEV_009733,2026-02-01,2026-02-04
PAT_007841,DEV_009734,2025-11-26,2025-11-26
PAT_007842,DEV_009735,2026-01-07,2026-01-07
PAT_007843,DEV_009736,2026-04-08,2026-04-26
PAT_007843,DEV_009737,2026-04-26,2026-04-28
PAT_007844,DEV_009738,2026-05-06,2026-05-11
PAT_007845,DEV_009739,2025-09-05,2025-09-09
PAT_007846,DEV_009740,2026-01-30,2026-01-30
PAT_007847,DEV_001491,2026-01-12,2026-01-15
PAT_007848,DEV_009741,2026-05-08,2026-05-08
PAT_007848,DEV_009742,2026-03-24,2026-03-28
PAT_007849,DEV_009743,2025-06-19,2025-07-16
PAT_007849,DEV_009744,2025-08-28,2025-09-01
PAT_007850,DEV_009745,2025-06-19,2025-06-28
PAT_007850,DEV_009746,2025-09-01,2025-09-04
PAT_007851,DEV_008110,2025-11-06,2025-11-10
PAT_007851,DEV_009747,2025-11-26,2025-11-27
PAT_007852,DEV_009748,2026-01-22,2026-01-22
PAT_007853,DEV_009749,2025-12-23,2025-12-23
PAT_007854,DEV_009750,2026-01-20,2026-01-20
PAT_007855,DEV_009751,2025-12-11,2025-12-11
PAT_007856,DEV_009752,2026-01-30,2026-01-30
PAT_007857,DEV_009753,2026-03-15,2026-03-31
PAT_007857,DEV_009754,2026-04-18,2026-04-23
PAT_007858,DEV_009755,2025-11-03,2025-11-06
PAT_007859,DEV_002329,2025-12-26,2025-12-29
PAT_007860,DEV_009756,2026-02-02,2026-02-03
PAT_007861,DEV_009757,2025-12-16,2025-12-16
PAT_007862,DEV_009758,2025-12-15,2025-12-15
PAT_007863,DEV_009759,2026-03-10,2026-03-10
PAT_007864,DEV_009760,2025-11-26,2025-11-30
PAT_007864,DEV_009761,2025-10-06,2025-11-11
PAT_007865,DEV_009762,2025-07-05,2025-07-05
PAT_007866,DEV_009763,2025-09-26,2026-04-01
PAT_007867,DEV_009764,2026-04-08,2026-04-13
PAT_007868,DEV_009765,2025-09-22,2025-09-27
PAT_007869,DEV_009766,2026-03-10,2026-03-14
PAT_007869,DEV_009767,2026-02-20,2026-03-05
PAT_007870,DEV_009768,2026-03-27,2026-04-01
PAT_007871,DEV_009769,2026-02-13,2026-02-15
PAT_007871,DEV_009770,2026-01-24,2026-02-13
PAT_007872,DEV_009771,2025-06-08,2025-07-09
PAT_007872,DEV_009772,2025-07-19,2025-07-19
PAT_007873,DEV_009773,2026-02-14,2026-02-19
PAT_007874,DEV_009774,2026-03-18,2026-03-20
PAT_007875,DEV_009775,2025-11-14,2025-11-16
PAT_007876,DEV_009776,2026-02-12,2026-02-14
PAT_007877,DEV_009777,2026-05-08,2026-05-09
PAT_007878,DEV_009778,2026-02-03,2026-02-18
PAT_007878,DEV_009779,2026-04-17,2026-04-17
PAT_007879,DEV_009780,2025-08-01,2025-08-10
PAT_007879,DEV_009781,2025-10-04,2025-10-08
PAT_007880,DEV_009782,2025-09-09,2025-09-14
PAT_007881,DEV_009783,2026-02-07,2026-02-15
PAT_007881,DEV_009784,2026-03-16,2026-03-16
PAT_007882,DEV_009785,2026-02-21,2026-02-24
PAT_007882,DEV_009786,2025-12-23,2025-12-29
PAT_007883,DEV_009787,2026-04-20,2026-04-24
PAT_007884,DEV_009788,2025-09-08,2025-09-08
PAT_007884,DEV_009789,2025-07-01,2025-07-23
PAT_007885,DEV_009790,2025-12-20,2025-12-22
PAT_007885,DEV_009791,2025-11-16,2025-12-03
PAT_007886,DEV_009792,2026-02-21,2026-02-24
PAT_007887,DEV_009793,2025-11-24,2025-11-24
PAT_007888,DEV_009794,2025-08-30,2025-09-05
PAT_007888,DEV_009795,2025-11-28,2025-11-28
PAT_007889,DEV_009796,2026-05-10,2026-05-15
PAT_007890,DEV_009797,2025-12-22,2025-12-25
PAT_007891,DEV_009798,2026-02-25,2026-02-25
PAT_007891,DEV_009799,2026-01-22,2026-02-24
PAT_007892,DEV_009800,2025-07-30,2025-08-15
PAT_007892,DEV_009801,2025-09-30,2025-11-01
PAT_007893,DEV_009802,2025-07-17,2025-07-21
PAT_007894,DEV_009803,2025-10-11,2025-10-11
PAT_007894,DEV_009804,2025-08-16,2025-09-06
PAT_007895,DEV_009805,2026-04-05,2026-04-05
PAT_007896,DEV_009806,2025-09-14,2025-09-14
PAT_007897,DEV_009807,2025-10-05,2025-10-08
PAT_007898,DEV_009808,2026-03-11,2026-03-16
PAT_007899,DEV_009809,2025-08-02,2025-08-28
PAT_007899,DEV_009810,2025-09-12,2025-09-12
PAT_007900,DEV_009811,2026-03-29,2026-04-15
PAT_007900,DEV_009812,2026-05-04,2026-05-04
PAT_007901,DEV_009813,2026-03-30,2026-03-30
PAT_007902,DEV_009814,2026-02-18,2026-02-18
PAT_007903,DEV_009815,2025-10-04,2025-10-06
PAT_007904,DEV_009816,2026-01-15,2026-01-19
PAT_007905,DEV_009817,2025-09-20,2025-09-25
PAT_007906,DEV_002942,2025-08-28,2025-08-31
PAT_007907,DEV_009818,2025-10-09,2026-04-30
PAT_007908,DEV_009819,2025-10-03,2025-10-07
PAT_007909,DEV_009820,2026-05-02,2026-05-02
PAT_007910,DEV_009821,2025-08-16,2025-08-16
PAT_007911,DEV_009822,2025-10-16,2025-10-21
PAT_007912,DEV_009823,2025-08-02,2025-08-02
PAT_007913,DEV_009824,2025-07-03,2025-07-03
PAT_007914,DEV_009825,2026-03-28,2026-03-28
PAT_007914,DEV_009826,2026-01-30,2026-02-16
PAT_007915,DEV_009827,2026-02-28,2026-03-05
PAT_007916,DEV_009828,2025-12-11,2025-12-11
PAT_007917,DEV_009829,2026-01-05,2026-01-05
PAT_007918,DEV_009830,2025-08-27,2025-08-31
PAT_007919,DEV_009831,2025-05-25,2025-06-03
PAT_007919,DEV_009832,2025-07-19,2025-07-19
PAT_007920,DEV_009833,2025-09-03,2025-10-15
PAT_007921,DEV_009834,2026-01-24,2026-01-29
PAT_007922,DEV_009835,2025-08-22,2025-08-22
PAT_007923,DEV_009836,2026-03-07,2026-03-07
PAT_007924,DEV_009837,2025-12-02,2025-12-06
PAT_007925,DEV_009838,2025-09-24,2025-09-26
PAT_007926,DEV_009839,2025-07-05,2025-07-08
PAT_007927,DEV_009840,2025-07-31,2025-08-26
PAT_007927,DEV_009841,2025-09-23,2025-09-23
PAT_007928,DEV_009842,2026-05-09,2026-05-09
PAT_007929,DEV_006351,2025-08-22,2025-08-24
PAT_007930,DEV_009843,2025-12-03,2026-01-07
PAT_007930,DEV_009844,2026-02-14,2026-02-14
PAT_007931,DEV_009845,2025-11-02,2026-03-12
PAT_007932,DEV_009846,2026-05-04,2026-05-07
PAT_007933,DEV_009847,2025-04-26,2025-05-08
PAT_007933,DEV_009848,2025-07-22,2025-07-22
PAT_007934,DEV_009849,2026-03-06,2026-03-07
PAT_007935,DEV_009850,2025-06-18,2025-07-09
PAT_007935,DEV_009851,2025-08-10,2025-08-15
PAT_007936,DEV_009852,2026-03-25,2026-03-30
PAT_007937,DEV_009853,2025-07-29,2025-07-31
PAT_007938,DEV_009854,2026-03-08,2026-03-12
PAT_007938,DEV_009855,2026-01-17,2026-02-11
PAT_007939,DEV_009856,2025-11-24,2025-11-24
PAT_007940,DEV_009857,2025-12-13,2025-12-15
PAT_007941,DEV_009858,2026-04-19,2026-04-24
PAT_007941,DEV_009859,2026-03-11,2026-03-27
PAT_007942,DEV_009860,2025-07-31,2025-08-02
PAT_007943,DEV_009861,2026-02-10,2026-02-10
PAT_007944,DEV_009862,2025-08-24,2025-08-25
PAT_007945,DEV_009863,2026-01-22,2026-01-24
PAT_007945,DEV_009864,2025-11-11,2025-12-06
PAT_007946,DEV_009865,2025-12-20,2025-12-23
PAT_007947,DEV_009866,2026-03-30,2026-03-31
PAT_007948,DEV_009867,2026-03-01,2026-03-02
PAT_007949,DEV_007633,2026-05-11,2026-05-15
PAT_007950,DEV_009868,2025-06-26,2025-07-26
PAT_007950,DEV_009869,2025-09-08,2025-09-08
PAT_007951,DEV_009870,2025-12-30,2026-01-04
PAT_007952,DEV_009871,2025-08-15,2025-08-15
PAT_007953,DEV_009872,2025-11-09,2025-11-13
PAT_007953,DEV_009873,2025-10-06,2025-10-07
PAT_007954,DEV_009874,2026-02-17,2026-03-09
PAT_007954,DEV_009875,2026-03-24,2026-03-29
PAT_007955,DEV_008900,2025-10-04,2025-10-04
PAT_007956,DEV_009876,2026-02-11,2026-02-11
PAT_007957,DEV_009877,2025-07-02,2025-07-05
PAT_007957,DEV_009878,2025-06-15,2025-07-02
PAT_007958,DEV_009879,2026-03-02,2026-03-25
PAT_007958,DEV_009880,2026-04-20,2026-04-24
PAT_007959,DEV_009881,2025-07-06,2025-07-10
PAT_007960,DEV_009882,2025-11-20,2025-11-25
PAT_007961,DEV_009883,2025-10-20,2025-10-22
PAT_007962,DEV_009884,2025-10-20,2025-11-20
PAT_007962,DEV_009885,2025-12-22,2025-12-27
PAT_007963,DEV_009886,2025-07-20,2025-10-13
PAT_007964,DEV_009887,2026-01-01,2026-01-03
PAT_007965,DEV_009888,2025-10-16,2025-10-16
PAT_007966,DEV_009889,2026-05-02,2026-05-03
PAT_007967,DEV_009890,2025-08-18,2025-08-18
PAT_007968,DEV_008191,2026-01-28,2026-01-28
PAT_007969,DEV_009891,2026-01-25,2026-01-26
PAT_007970,DEV_009892,2026-02-17,2026-02-17
PAT_007971,DEV_009893,2026-03-13,2026-03-17
PAT_007972,DEV_009894,2025-09-28,2025-12-08
PAT_007973,DEV_009895,2025-09-24,2025-09-27
PAT_007974,DEV_009896,2026-01-29,2026-01-29
PAT_007975,DEV_009897,2025-09-28,2026-02-08
PAT_007975,DEV_009898,2025-08-26,2025-09-01
PAT_007976,DEV_009899,2025-12-11,2025-12-14
PAT_007977,DEV_009900,2025-11-11,2025-11-11
PAT_007978,DEV_009901,2025-07-23,2025-07-23
PAT_007979,DEV_009902,2025-11-07,2025-11-07
PAT_007980,DEV_009903,2025-09-27,2025-09-30
PAT_007981,DEV_009904,2026-02-19,2026-02-23
PAT_007981,DEV_009905,2025-12-08,2025-12-31
PAT_007982,DEV_009906,2025-11-22,2025-11-22
PAT_007983,DEV_009907,2025-08-02,2025-08-05
PAT_007984,DEV_009908,2026-01-10,2026-01-10
PAT_007985,DEV_009909,2025-11-12,2025-11-12
PAT_007986,DEV_003944,2025-10-14,2025-10-24
PAT_007987,DEV_009910,2025-12-29,2025-12-29
PAT_007988,DEV_009911,2025-12-24,2025-12-24
PAT_007988,DEV_009912,2025-12-07,2025-12-24
PAT_007989,DEV_009913,2026-04-12,2026-05-07
PAT_007989,DEV_009914,2026-05-07,2026-05-07
PAT_007990,DEV_009915,2025-11-18,2025-11-20
PAT_007990,DEV_009916,2025-12-05,2025-12-05
PAT_007991,DEV_009917,2026-01-29,2026-01-29
PAT_007992,DEV_009918,2025-12-25,2025-12-26
PAT_007993,DEV_009919,2025-10-02,2025-10-24
PAT_007993,DEV_009920,2025-12-07,2025-12-07
PAT_007994,DEV_009921,2025-08-29,2025-08-29
PAT_007995,DEV_009922,2025-09-26,2025-09-29
PAT_007995,DEV_009923,2025-10-20,2025-10-20
PAT_007996,DEV_009924,2026-03-08,2026-03-08
PAT_007997,DEV_009925,2026-02-22,2026-02-22
PAT_007998,DEV_009926,2026-03-08,2026-03-09
PAT_007999,DEV_009927,2025-10-17,2025-10-17
PAT_008000,DEV_009928,2026-04-26,2026-04-26
PAT_008001,DEV_009929,2025-09-03,2025-09-05
PAT_008002,DEV_009930,2025-07-20,2025-07-22
PAT_008003,DEV_009931,2026-03-13,2026-03-13
PAT_008004,DEV_000263,2025-11-08,2025-11-12
PAT_008005,DEV_009932,2025-07-18,2025-08-07
PAT_008006,DEV_009933,2026-02-26,2026-02-28
PAT_008007,DEV_009934,2026-02-21,2026-02-21
PAT_008008,DEV_009935,2025-09-20,2025-09-20
PAT_008009,DEV_009936,2025-07-04,2025-07-07
PAT_008010,DEV_009937,2025-11-08,2025-11-08
PAT_008011,DEV_009938,2026-01-25,2026-01-26
PAT_008012,DEV_009939,2025-11-12,2025-11-17
PAT_008013,DEV_009940,2025-11-16,2025-12-30
PAT_008014,DEV_009941,2025-07-13,2025-07-13
PAT_008015,DEV_009942,2026-01-17,2026-01-17
PAT_008016,DEV_009943,2026-02-16,2026-02-21
PAT_008017,DEV_009944,2025-12-06,2025-12-06
PAT_008018,DEV_009945,2025-10-22,2025-11-05
PAT_008018,DEV_009946,2025-12-15,2025-12-15
PAT_008019,DEV_001005,2026-05-06,2026-05-10
PAT_008020,DEV_009947,2025-10-10,2025-10-12
PAT_008021,DEV_009948,2025-11-18,2025-11-20
PAT_008022,DEV_009949,2026-05-04,2026-05-07
PAT_008022,DEV_009950,2025-10-23,2025-10-23
PAT_008023,DEV_009951,2025-08-26,2025-10-03
PAT_008023,DEV_009952,2025-11-07,2025-12-21
PAT_008024,DEV_009953,2026-01-16,2026-02-20
PAT_008024,DEV_009954,2026-02-25,2026-03-01
PAT_008025,DEV_009955,2025-12-13,2025-12-18
PAT_008026,DEV_009956,2025-08-28,2025-08-28
PAT_008027,DEV_009957,2026-04-12,2026-04-15
PAT_008028,DEV_009958,2025-08-19,2025-08-21
PAT_008028,DEV_009959,2025-11-04,2025-11-08
PAT_008029,DEV_009960,2025-11-16,2025-11-18
PAT_008029,DEV_009961,2026-01-29,2026-01-29
PAT_008030,DEV_002110,2025-08-05,2025-08-05
PAT_008031,DEV_009962,2025-11-28,2025-12-02
PAT_008032,DEV_009963,2025-10-26,2025-10-31
PAT_008033,DEV_009964,2025-07-12,2025-07-30
PAT_008033,DEV_009965,2025-10-04,2025-10-04
PAT_008034,DEV_009966,2025-07-05,2025-07-05
PAT_008034,DEV_009967,2025-05-02,2025-05-24
PAT_008035,DEV_009968,2025-11-06,2025-11-25
PAT_008035,DEV_009969,2026-01-03,2026-01-03
PAT_008036,DEV_009970,2025-12-14,2025-12-18
PAT_008037,DEV_009971,2025-07-08,2026-01-05
PAT_008038,DEV_009972,2025-08-05,2025-08-09
PAT_008039,DEV_009973,2025-05-29,2025-06-22
PAT_008039,DEV_009974,2025-07-03,2026-05-02
PAT_008040,DEV_009975,2026-05-05,2026-05-10
PAT_008041,DEV_009976,2026-04-08,2026-04-08
PAT_008042,DEV_009977,2025-07-12,2025-07-17
PAT_008043,DEV_009978,2026-01-01,2026-04-13
PAT_008044,DEV_009979,2025-12-30,2026-01-02
PAT_008045,DEV_009980,2025-07-30,2026-03-15
PAT_008045,DEV_009981,2025-06-08,2025-06-27
PAT_008046,DEV_009982,2025-07-06,2025-07-11
PAT_008047,DEV_009983,2026-04-13,2026-04-15
PAT_008048,DEV_009984,2025-10-23,2025-10-25
PAT_008049,DEV_009985,2025-08-10,2025-08-13
PAT_008050,DEV_009986,2025-08-31,2025-08-31
PAT_008050,DEV_009987,2025-06-08,2025-06-21
PAT_008051,DEV_009988,2025-08-28,2025-09-14
PAT_008051,DEV_009989,2025-11-09,2025-11-09
PAT_008052,DEV_007870,2026-01-11,2026-01-14
PAT_008053,DEV_009990,2026-01-04,2026-01-06
PAT_008053,DEV_009991,2025-11-21,2025-11-23
PAT_008054,DEV_009992,2025-08-06,2026-01-18
PAT_008055,DEV_009993,2025-08-10,2025-08-14
PAT_008056,DEV_009994,2025-12-13,2025-12-16
PAT_008057,DEV_004363,2026-04-11,2026-04-23
PAT_008057,DEV_009995,2026-05-07,2026-05-11
PAT_008058,DEV_009996,2025-10-11,2025-10-12
PAT_008058,DEV_009997,2025-12-07,2025-12-12
PAT_008059,DEV_009998,2025-09-29,2025-10-03
PAT_008060,DEV_008958,2025-12-03,2025-12-07
PAT_008061,DEV_009999,2025-09-18,2025-09-18
PAT_008062,DEV_010000,2025-07-01,2025-07-06
PAT_008062,DEV_010001,2025-04-04,2025-05-01
PAT_008063,DEV_010002,2025-11-09,2025-11-09
PAT_008064,DEV_010003,2025-09-28,2025-10-03
PAT_008065,DEV_010004,2025-08-05,2025-08-08
PAT_008066,DEV_010005,2025-08-02,2025-08-11
PAT_008066,DEV_010006,2025-10-04,2025-10-07
PAT_008067,DEV_010007,2025-12-20,2025-12-20
PAT_008068,DEV_010008,2025-09-25,2025-09-30
PAT_008069,DEV_010009,2026-01-30,2026-01-30
PAT_008069,DEV_010010,2025-12-17,2026-01-24
PAT_008070,DEV_010011,2025-10-14,2025-10-15
PAT_008071,DEV_010012,2026-03-06,2026-03-07
PAT_008072,DEV_010013,2026-04-09,2026-04-09
PAT_008073,DEV_010014,2026-03-15,2026-03-20
PAT_008074,DEV_004080,2025-08-18,2025-08-18
PAT_008075,DEV_010015,2025-09-12,2025-09-16
PAT_008076,DEV_010016,2025-11-02,2025-11-02
PAT_008076,DEV_010017,2025-08-21,2025-09-25
PAT_008077,DEV_010018,2026-01-25,2026-01-30
PAT_008078,DEV_010019,2025-07-21,2025-07-26
PAT_008079,DEV_010020,2026-01-27,2026-02-09
PAT_008080,DEV_010021,2025-07-20,2025-07-20
PAT_008080,DEV_010022,2025-05-31,2025-06-21
PAT_008081,DEV_010023,2026-01-31,2026-02-26
PAT_008081,DEV_010024,2026-03-31,2026-04-01
PAT_008082,DEV_010025,2025-09-25,2025-09-28
PAT_008083,DEV_010026,2025-09-23,2025-09-23
PAT_008084,DEV_010027,2025-07-31,2025-07-31
PAT_008085,DEV_008968,2025-09-14,2025-09-19
PAT_008086,DEV_010028,2026-02-12,2026-02-12
PAT_008087,DEV_010029,2025-10-29,2025-11-02
PAT_008088,DEV_010030,2025-11-04,2026-01-31
PAT_008089,DEV_010031,2025-12-05,2025-12-05
PAT_008090,DEV_010032,2025-08-13,2025-08-13
PAT_008090,DEV_010033,2025-07-14,2025-08-07
PAT_008091,DEV_010034,2025-08-21,2025-08-25
PAT_008092,DEV_010035,2025-12-14,2026-02-19
PAT_008093,DEV_010036,2026-03-14,2026-03-15
PAT_008093,DEV_010037,2026-02-04,2026-02-20
PAT_008094,DEV_010038,2026-03-14,2026-03-14
PAT_008095,DEV_010039,2026-01-15,2026-01-27
PAT_008095,DEV_010040,2026-03-13,2026-03-13
PAT_008096,DEV_010041,2025-12-24,2025-12-24
PAT_008097,DEV_010042,2025-09-01,2026-03-28
PAT_008098,DEV_010043,2025-07-06,2025-07-11
PAT_008099,DEV_010044,2025-08-03,2025-08-03
PAT_008100,DEV_010045,2026-02-19,2026-02-19
PAT_008101,DEV_007731,2025-09-05,2025-09-08
PAT_008102,DEV_010046,2026-02-02,2026-03-02
PAT_008102,DEV_010047,2026-03-02,2026-03-05
PAT_008103,DEV_010048,2026-02-17,2026-02-17
PAT_008104,DEV_010049,2025-12-09,2025-12-13
PAT_008105,DEV_010050,2025-06-09,2025-06-24
PAT_008105,DEV_010051,2025-08-16,2025-08-19
PAT_008106,DEV_010052,2025-08-18,2025-08-18
PAT_008107,DEV_010053,2026-04-21,2026-04-21
PAT_008108,DEV_010054,2025-07-05,2025-07-05
PAT_008108,DEV_010055,2025-05-30,2025-06-30
PAT_008109,DEV_010056,2025-08-29,2025-09-01
PAT_008109,DEV_010057,2025-06-04,2025-06-24
PAT_008110,DEV_010058,2025-07-09,2025-07-11
PAT_008110,DEV_010059,2025-09-04,2025-09-07
PAT_008111,DEV_010060,2025-10-07,2025-10-07
PAT_008112,DEV_010061,2025-11-17,2025-11-17
PAT_008112,DEV_010062,2025-08-31,2025-09-28
PAT_008113,DEV_010063,2025-12-30,2025-12-30
PAT_008114,DEV_010064,2026-05-07,2026-05-08
PAT_008114,DEV_010065,2026-03-01,2026-03-29
PAT_008115,DEV_010066,2026-04-04,2026-04-09
PAT_008116,DEV_010067,2025-10-21,2025-10-25
PAT_008117,DEV_010068,2025-10-21,2025-10-21
PAT_008118,DEV_010069,2025-08-30,2025-09-14
PAT_008118,DEV_010070,2025-09-18,2025-09-21
PAT_008119,DEV_010071,2026-02-26,2026-03-18
PAT_008119,DEV_010072,2026-03-18,2026-03-19
PAT_008120,DEV_010073,2025-08-04,2025-08-06
PAT_008121,DEV_010074,2025-08-01,2025-08-28
PAT_008121,DEV_010075,2025-09-07,2025-09-11
PAT_008122,DEV_010076,2025-07-30,2026-01-26
PAT_008123,DEV_010077,2025-08-13,2025-08-18
PAT_008124,DEV_010078,2025-12-22,2025-12-27
PAT_008125,DEV_010079,2025-12-21,2025-12-23
PAT_008125,DEV_010080,2025-10-06,2025-10-31
PAT_008126,DEV_010081,2025-09-01,2025-10-02
PAT_008127,DEV_010082,2025-11-28,2025-11-28
PAT_008128,DEV_010083,2025-11-16,2025-11-17
PAT_008129,DEV_010084,2025-12-17,2025-12-17
PAT_008129,DEV_010085,2025-10-02,2025-10-22
PAT_008130,DEV_010086,2025-09-17,2025-09-20
PAT_008130,DEV_010087,2025-12-05,2025-12-05
PAT_008131,DEV_010088,2025-11-15,2025-11-17
PAT_008132,DEV_010089,2026-02-16,2026-02-17
PAT_008132,DEV_010090,2025-12-31,2026-01-27
PAT_008133,DEV_010091,2025-07-17,2025-07-17
PAT_008134,DEV_010092,2026-01-02,2026-01-22
PAT_008134,DEV_010093,2026-01-22,2026-01-22
PAT_008135,DEV_010094,2025-07-31,2025-08-03
PAT_008136,DEV_010095,2026-02-10,2026-02-14
PAT_008137,DEV_010096,2025-12-08,2025-12-08
PAT_008137,DEV_010097,2025-11-21,2025-11-27
PAT_008138,DEV_010098,2026-02-05,2026-02-05
PAT_008139,DEV_010099,2025-08-16,2025-08-20
PAT_008140,DEV_010100,2025-10-05,2025-10-05
PAT_008141,DEV_010101,2025-07-06,2025-07-22
PAT_008141,DEV_010102,2025-08-04,2025-08-06
PAT_008142,DEV_010103,2025-11-29,2025-11-29
PAT_008142,DEV_010104,2025-08-05,2025-08-06
PAT_008143,DEV_010105,2025-12-20,2026-01-04
PAT_008143,DEV_010106,2026-01-17,2026-05-02
PAT_008144,DEV_010107,2025-04-15,2025-05-18
PAT_008144,DEV_010108,2025-07-03,2025-07-03
PAT_008145,DEV_010109,2026-03-22,2026-03-26
PAT_008146,DEV_010110,2025-07-06,2025-08-01
PAT_008146,DEV_010111,2025-08-04,2025-08-04
PAT_008147,DEV_010112,2025-09-26,2025-11-07
PAT_008148,DEV_010113,2025-10-21,2025-11-28
PAT_008148,DEV_010114,2025-12-21,2025-12-21
PAT_008149,DEV_010115,2026-04-03,2026-04-04
PAT_008150,DEV_010116,2025-08-13,2025-09-09
PAT_008150,DEV_010117,2025-11-08,2025-11-08
PAT_008151,DEV_010118,2025-10-29,2025-11-01
PAT_008151,DEV_010119,2025-08-14,2025-09-20
PAT_008152,DEV_010120,2026-01-24,2026-02-14
PAT_008152,DEV_010121,2026-03-22,2026-03-26
PAT_008153,DEV_003724,2025-08-16,2025-08-16
PAT_008154,DEV_010122,2025-11-03,2025-11-03
PAT_008155,DEV_010123,2025-11-05,2025-11-30
PAT_008155,DEV_010124,2026-01-31,2026-02-02
PAT_008156,DEV_010125,2025-07-09,2025-07-13
PAT_008156,DEV_010126,2025-05-03,2025-05-15
PAT_008157,DEV_010127,2026-03-08,2026-03-11
PAT_008158,DEV_010128,2026-01-05,2026-01-09
PAT_008159,DEV_010129,2025-11-20,2025-11-28
PAT_008159,DEV_010130,2026-02-15,2026-02-15
PAT_008160,DEV_010131,2025-07-27,2025-07-31
PAT_008161,DEV_010132,2025-12-14,2026-01-18
PAT_008161,DEV_010133,2026-03-08,2026-03-12
PAT_008162,DEV_010134,2025-09-20,2025-09-22
PAT_008163,DEV_010135,2025-11-14,2025-11-19
PAT_008164,DEV_003996,2025-10-31,2025-11-05
PAT_008164,DEV_010136,2025-10-11,2025-10-28
PAT_008165,DEV_010137,2026-02-12,2026-02-17
PAT_008166,DEV_010138,2025-07-16,2025-07-16
PAT_008167,DEV_010139,2025-11-11,2025-11-13
PAT_008167,DEV_010140,2025-09-22,2025-10-17
PAT_008168,DEV_010141,2025-09-05,2025-09-05
PAT_008169,DEV_005620,2025-11-07,2025-11-29
PAT_008169,DEV_010142,2026-01-25,2026-01-30
PAT_008170,DEV_010143,2025-08-24,2025-08-29
PAT_008170,DEV_010144,2025-07-05,2025-08-02
PAT_008171,DEV_010145,2025-09-26,2026-03-26
PAT_008172,DEV_010146,2025-10-24,2025-10-25
PAT_008173,DEV_010147,2026-02-27,2026-02-27
PAT_008174,DEV_010148,2025-08-10,2025-08-12
PAT_008175,DEV_010149,2026-03-26,2026-03-26
PAT_008175,DEV_010150,2026-03-05,2026-03-26
PAT_008176,DEV_010151,2025-10-05,2025-10-10
PAT_008176,DEV_010152,2026-03-03,2026-03-06
PAT_008177,DEV_010153,2025-12-20,2025-12-24
PAT_008178,DEV_010154,2025-08-08,2025-08-08
PAT_008179,DEV_010155,2025-09-10,2025-09-10
PAT_008179,DEV_010156,2025-07-26,2025-08-06
PAT_008180,DEV_010157,2025-09-17,2025-09-17
PAT_008181,DEV_010158,2026-04-27,2026-04-27
PAT_008182,DEV_010159,2026-05-06,2026-05-11
PAT_008183,DEV_010160,2026-02-14,2026-02-16
PAT_008184,DEV_010161,2025-10-10,2025-10-15
PAT_008185,DEV_010162,2025-07-30,2025-08-04
PAT_008186,DEV_010163,2025-07-18,2025-07-23
PAT_008187,DEV_010164,2026-02-27,2026-04-28
PAT_008188,DEV_010165,2025-07-06,2025-07-07
PAT_008189,DEV_010166,2025-07-01,2025-07-02
PAT_008189,DEV_010167,2025-08-03,2025-08-06
PAT_008190,DEV_010168,2025-07-10,2025-07-14
PAT_008190,DEV_010169,2025-09-11,2025-09-11
PAT_008191,DEV_000037,2026-01-19,2026-02-20
PAT_008191,DEV_010170,2026-04-06,2026-04-09
PAT_008192,DEV_010171,2026-04-06,2026-04-06
PAT_008192,DEV_010172,2026-02-01,2026-03-08
PAT_008193,DEV_010173,2026-02-03,2026-02-04
PAT_008194,DEV_010174,2025-09-10,2026-03-19
PAT_008195,DEV_010175,2025-11-12,2025-11-15
PAT_008195,DEV_010176,2025-10-15,2025-10-27
PAT_008196,DEV_010177,2025-12-06,2025-12-06
PAT_008197,DEV_010178,2025-08-17,2025-08-22
PAT_008197,DEV_010179,2025-11-02,2025-11-07
PAT_008198,DEV_010180,2026-02-15,2026-02-15
PAT_008199,DEV_010181,2026-01-31,2026-02-22
PAT_008199,DEV_010182,2026-02-22,2026-02-27
PAT_008200,DEV_010183,2026-03-01,2026-03-06
PAT_008201,DEV_010184,2026-01-19,2026-01-19
PAT_008202,DEV_010185,2025-08-14,2025-08-14
PAT_008203,DEV_010186,2026-02-16,2026-05-09
PAT_008204,DEV_010187,2025-12-16,2025-12-29
PAT_008204,DEV_010188,2026-02-01,2026-02-05
PAT_008205,DEV_010189,2025-11-19,2025-11-20
PAT_008205,DEV_010190,2025-10-16,2025-11-01
PAT_008206,DEV_001163,2025-08-15,2025-08-18
PAT_008207,DEV_010191,2025-11-13,2025-11-18
PAT_008208,DEV_010192,2026-03-03,2026-03-07
PAT_008209,DEV_010193,2026-04-25,2026-04-25
PAT_008210,DEV_010194,2025-10-04,2025-10-09
PAT_008210,DEV_010195,2025-07-21,2025-07-31
PAT_008211,DEV_010196,2026-03-24,2026-03-28
PAT_008212,DEV_010197,2025-11-24,2025-11-28
PAT_008213,DEV_010198,2025-11-14,2025-11-14
PAT_008214,DEV_010199,2025-12-03,2025-12-06
PAT_008214,DEV_010200,2025-10-30,2025-12-03
PAT_008215,DEV_010201,2025-10-21,2026-05-10
PAT_008216,DEV_010202,2025-11-06,2026-04-02
PAT_008216,DEV_010203,2025-08-23,2025-08-30
PAT_008217,DEV_010204,2025-11-19,2025-11-19
PAT_008218,DEV_010205,2025-07-29,2025-07-29
PAT_008219,DEV_010206,2025-09-04,2025-09-08
PAT_008220,DEV_010207,2025-12-20,2025-12-20
PAT_008221,DEV_010208,2025-06-15,2025-07-08
PAT_008221,DEV_010209,2025-08-12,2025-08-15
PAT_008222,DEV_010210,2025-10-27,2025-11-01
PAT_008223,DEV_010211,2026-01-03,2026-01-08
PAT_008224,DEV_010212,2026-02-12,2026-02-15
PAT_008225,DEV_009291,2026-02-21,2026-02-21
PAT_008226,DEV_010213,2026-04-17,2026-04-17
PAT_008227,DEV_010214,2025-10-08,2025-10-08
PAT_008228,DEV_010215,2025-09-15,2025-09-20
PAT_008229,DEV_010216,2025-12-02,2025-12-04
PAT_008230,DEV_010217,2025-10-10,2025-10-14
PAT_008231,DEV_010218,2025-10-24,2025-10-24
PAT_008232,DEV_010219,2026-01-22,2026-01-26
PAT_008233,DEV_010220,2025-07-27,2025-08-01
PAT_008234,DEV_010221,2025-09-19,2025-09-20
PAT_008235,DEV_003619,2026-01-31,2026-02-04
PAT_008236,DEV_010222,2026-03-29,2026-04-01
PAT_008237,DEV_010223,2025-10-08,2025-10-27
PAT_008237,DEV_010224,2025-12-19,2025-12-24
PAT_008238,DEV_010225,2026-02-18,2026-02-18
PAT_008239,DEV_010226,2025-07-17,2025-08-08
PAT_008239,DEV_010227,2025-08-31,2025-08-31
PAT_008240,DEV_010228,2026-01-12,2026-04-12
PAT_008241,DEV_010229,2025-10-16,2025-10-16
PAT_008242,DEV_010230,2025-10-26,2025-10-27
PAT_008243,DEV_010231,2025-08-01,2025-08-04
PAT_008244,DEV_010232,2025-11-30,2025-12-04
PAT_008244,DEV_010233,2025-11-06,2025-11-22
PAT_008245,DEV_010234,2025-06-30,2025-08-06
PAT_008245,DEV_010235,2025-09-17,2025-09-21
PAT_008246,DEV_010236,2026-01-12,2026-01-13
PAT_008247,DEV_010237,2025-06-18,2025-07-18
PAT_008247,DEV_010238,2025-08-07,2025-08-07
PAT_008248,DEV_010239,2025-09-29,2026-01-25
PAT_008249,DEV_010240,2025-09-02,2025-09-05
PAT_008249,DEV_010241,2025-07-23,2025-08-13
PAT_008250,DEV_010242,2025-10-20,2025-10-24
PAT_008250,DEV_010243,2025-08-20,2025-09-04
PAT_008251,DEV_010244,2025-08-21,2025-08-25
PAT_008251,DEV_010245,2025-05-30,2025-07-06
PAT_008252,DEV_010246,2025-09-26,2025-09-28
PAT_008252,DEV_010247,2025-06-28,2025-07-01
PAT_008253,DEV_010248,2025-07-31,2026-04-24
PAT_008253,DEV_010249,2025-05-09,2025-06-02
PAT_008254,DEV_010250,2026-03-25,2026-03-29
PAT_008255,DEV_010251,2025-12-22,2025-12-27
PAT_008256,DEV_010252,2026-04-09,2026-04-14
PAT_008257,DEV_010253,2026-03-10,2026-03-28
PAT_008257,DEV_010254,2026-04-16,2026-04-21
PAT_008258,DEV_010255,2025-09-08,2026-03-28
PAT_008259,DEV_010256,2026-02-16,2026-02-16
PAT_008260,DEV_010257,2026-01-21,2026-01-21
PAT_008261,DEV_010258,2025-07-20,2025-07-25
PAT_008262,DEV_010259,2025-09-22,2025-09-23
PAT_008263,DEV_010260,2026-02-07,2026-02-11
PAT_008264,DEV_010261,2025-08-09,2025-09-11
PAT_008264,DEV_010262,2025-09-15,2025-09-17
PAT_008265,DEV_010263,2025-09-30,2025-10-25
PAT_008265,DEV_010264,2025-11-25,2025-11-25
PAT_008266,DEV_010265,2025-09-27,2025-09-29
PAT_008266,DEV_010266,2025-09-10,2025-09-27
PAT_008267,DEV_010267,2026-04-26,2026-04-30
PAT_008267,DEV_010268,2026-04-01,2026-04-26
PAT_008268,DEV_010269,2025-11-07,2025-11-10
PAT_008269,DEV_010270,2026-01-06,2026-01-06
PAT_008270,DEV_010271,2026-04-24,2026-04-28
PAT_008271,DEV_010272,2025-06-30,2025-07-14
PAT_008271,DEV_010273,2025-08-15,2025-08-17
PAT_008272,DEV_010274,2025-12-15,2025-12-20
PAT_008273,DEV_010275,2025-09-14,2025-09-19
PAT_008273,DEV_010276,2025-11-22,2025-11-22
PAT_008274,DEV_010277,2026-04-02,2026-04-05
PAT_008274,DEV_010278,2026-03-12,2026-03-21
PAT_008275,DEV_010279,2025-09-18,2025-09-18
PAT_008276,DEV_010280,2026-04-18,2026-04-23
PAT_008277,DEV_010281,2025-11-13,2025-11-15
PAT_008278,DEV_010282,2025-11-06,2026-03-30
PAT_008279,DEV_010283,2026-02-28,2026-02-28
PAT_008280,DEV_010284,2025-11-27,2025-12-04
PAT_008280,DEV_010285,2025-12-15,2025-12-19
PAT_008281,DEV_010286,2026-03-19,2026-03-20
PAT_008282,DEV_010287,2025-11-01,2025-11-02
PAT_008282,DEV_010288,2025-11-23,2025-12-25
PAT_008283,DEV_010289,2025-11-10,2025-11-13
PAT_008284,DEV_010290,2026-01-11,2026-01-14
PAT_008285,DEV_000655,2025-09-26,2025-09-30
PAT_008286,DEV_010291,2025-10-28,2025-10-31
PAT_008287,DEV_010292,2025-11-19,2025-11-21
PAT_008288,DEV_010293,2025-10-19,2025-11-16
PAT_008288,DEV_010294,2026-01-08,2026-01-09
PAT_008289,DEV_010295,2026-02-09,2026-02-09
PAT_008290,DEV_010296,2025-06-24,2025-07-17
PAT_008290,DEV_010297,2025-07-17,2025-07-22
PAT_008291,DEV_010298,2025-08-24,2025-08-24
PAT_008291,DEV_010299,2025-07-28,2025-08-15
PAT_008292,DEV_010300,2025-10-04,2025-10-04
PAT_008293,DEV_010301,2026-03-20,2026-03-25
PAT_008294,DEV_010302,2026-03-11,2026-03-16
PAT_008295,DEV_010303,2026-01-05,2026-01-05
PAT_008295,DEV_010304,2025-12-14,2026-01-05
PAT_008296,DEV_010305,2026-01-12,2026-01-12
PAT_008297,DEV_010306,2025-12-28,2025-12-30
PAT_008298,DEV_010307,2025-10-03,2025-10-07
PAT_008299,DEV_010308,2026-01-23,2026-01-26
PAT_008300,DEV_010309,2026-05-03,2026-05-07
PAT_008301,DEV_010310,2025-09-24,2025-09-24
PAT_008302,DEV_010311,2025-09-12,2025-09-14
PAT_008303,DEV_010312,2026-03-08,2026-03-08
PAT_008304,DEV_010313,2025-08-11,2026-03-12
PAT_008305,DEV_010314,2025-07-15,2025-07-19
PAT_008305,DEV_010315,2025-06-16,2025-06-29
PAT_008306,DEV_010316,2026-02-04,2026-02-04
PAT_008307,DEV_010317,2026-01-13,2026-01-13
PAT_008308,DEV_001796,2025-11-27,2025-11-29
PAT_008309,DEV_010318,2026-05-07,2026-05-12
PAT_008310,DEV_010319,2026-04-20,2026-04-20
PAT_008311,DEV_010320,2026-03-31,2026-04-05
PAT_008311,DEV_010321,2026-02-24,2026-03-26
PAT_008312,DEV_010322,2026-02-04,2026-03-23
PAT_008313,DEV_010323,2025-07-03,2025-07-04
PAT_008314,DEV_010324,2026-03-31,2026-04-01
PAT_008314,DEV_010325,2026-02-02,2026-03-11
PAT_008315,DEV_010326,2025-08-22,2025-08-22
PAT_008316,DEV_010327,2025-07-22,2025-07-24
PAT_008317,DEV_010328,2025-10-28,2025-11-02
PAT_008317,DEV_010329,2025-09-25,2025-10-07
PAT_008318,DEV_010330,2026-02-14,2026-02-14
PAT_008319,DEV_010331,2025-11-30,2025-12-03
PAT_008320,DEV_010332,2025-11-26,2025-12-13
PAT_008320,DEV_010333,2026-02-18,2026-02-20
PAT_008321,DEV_010334,2026-02-27,2026-03-30
PAT_008321,DEV_010335,2026-03-30,2026-03-31
PAT_008322,DEV_010336,2025-08-03,2025-08-07
PAT_008323,DEV_010337,2025-12-05,2025-12-05
PAT_008323,DEV_010338,2025-10-20,2025-10-22
PAT_008324,DEV_010339,2025-10-24,2025-10-29
PAT_008325,DEV_010340,2025-12-21,2026-01-01
PAT_008325,DEV_010341,2026-01-14,2026-01-17
PAT_008326,DEV_010342,2026-03-25,2026-03-30
PAT_008327,DEV_010343,2026-04-12,2026-04-13
PAT_008328,DEV_007446,2025-09-03,2025-10-19
PAT_008329,DEV_010344,2025-07-23,2025-07-23
PAT_008329,DEV_010345,2025-07-05,2025-07-23
PAT_008330,DEV_010346,2026-04-02,2026-04-06
PAT_008331,DEV_010347,2026-04-09,2026-05-07
PAT_008331,DEV_010348,2026-05-07,2026-05-07
PAT_008332,DEV_008642,2025-09-21,2025-09-23
PAT_008332,DEV_010349,2025-08-29,2025-09-06
PAT_008333,DEV_010350,2026-04-13,2026-04-13
PAT_008334,DEV_010351,2026-05-11,2026-05-11
PAT_008335,DEV_010352,2025-08-19,2025-09-24
PAT_008335,DEV_010353,2025-10-31,2025-11-02
PAT_008336,DEV_010354,2025-06-13,2025-07-11
PAT_008336,DEV_010355,2025-07-11,2025-07-11
PAT_008337,DEV_010356,2025-07-15,2025-07-17
PAT_008338,DEV_010357,2026-01-21,2026-01-26
PAT_008338,DEV_010358,2026-03-11,2026-03-16
PAT_008339,DEV_010359,2026-02-26,2026-02-28
PAT_008340,DEV_010360,2025-10-14,2025-10-14
PAT_008341,DEV_010361,2025-08-24,2025-08-25
PAT_008342,DEV_010362,2025-10-24,2025-10-27
PAT_008342,DEV_010363,2025-08-15,2025-09-08
PAT_008343,DEV_010364,2026-04-17,2026-04-17
PAT_008344,DEV_010365,2025-12-11,2026-01-10
PAT_008344,DEV_010366,2026-02-20,2026-02-25
PAT_008345,DEV_010367,2025-12-16,2025-12-19
PAT_008346,DEV_010368,2025-12-16,2025-12-16
PAT_008346,DEV_010369,2025-11-28,2025-12-16
PAT_008347,DEV_010370,2026-04-07,2026-04-08
PAT_008348,DEV_010371,2026-01-11,2026-01-12
PAT_008349,DEV_010372,2026-02-13,2026-02-17
PAT_008350,DEV_010373,2026-04-19,2026-04-19
PAT_008350,DEV_010374,2026-02-05,2026-03-12
PAT_008351,DEV_010375,2025-11-30,2025-12-02
PAT_008352,DEV_010376,2025-10-29,2025-11-02
PAT_008353,DEV_010377,2026-04-15,2026-04-19
PAT_008354,DEV_010378,2025-11-21,2025-11-24
PAT_008355,DEV_010379,2026-04-20,2026-04-24
PAT_008356,DEV_010380,2025-10-22,2025-10-25
PAT_008357,DEV_010381,2025-09-16,2025-09-16
PAT_008358,DEV_010382,2025-12-27,2025-12-28
PAT_008359,DEV_010383,2026-02-13,2026-02-13
PAT_008360,DEV_010384,2025-12-05,2025-12-05
PAT_008361,DEV_010385,2025-07-08,2025-08-14
PAT_008361,DEV_010386,2025-08-29,2025-08-29
PAT_008362,DEV_010387,2025-08-31,2025-09-01
PAT_008363,DEV_010388,2025-07-15,2025-07-20
PAT_008364,DEV_010389,2026-01-28,2026-01-28
PAT_008365,DEV_010390,2025-08-25,2025-08-25
PAT_008366,DEV_010391,2026-04-07,2026-04-09
PAT_008367,DEV_010392,2026-04-20,2026-04-24
PAT_008368,DEV_010393,2025-12-01,2025-12-05
PAT_008369,DEV_010394,2025-09-05,2025-09-05
PAT_008370,DEV_008730,2026-03-08,2026-03-13
PAT_008371,DEV_010395,2026-04-24,2026-04-24
PAT_008372,DEV_010396,2026-01-08,2026-01-08
PAT_008373,DEV_010397,2025-07-13,2025-07-15
PAT_008374,DEV_010398,2025-08-24,2025-08-25
PAT_008375,DEV_010399,2026-02-19,2026-02-22
PAT_008376,DEV_010400,2025-08-25,2025-08-25
PAT_008377,DEV_010401,2025-07-03,2025-07-03
PAT_008378,DEV_000228,2025-10-29,2025-10-29
PAT_008379,DEV_010402,2026-03-11,2026-03-11
PAT_008379,DEV_010403,2026-01-02,2026-02-06
PAT_008380,DEV_010404,2025-10-10,2025-10-15
PAT_008381,DEV_003056,2025-07-25,2025-07-27
PAT_008382,DEV_010405,2025-08-11,2025-12-07
PAT_008383,DEV_010406,2025-11-10,2025-11-10
PAT_008384,DEV_010407,2025-12-30,2025-12-30
PAT_008385,DEV_010408,2026-02-15,2026-02-15
PAT_008386,DEV_010409,2025-07-24,2025-07-28
PAT_008386,DEV_010410,2025-05-21,2025-06-18
PAT_008387,DEV_010411,2025-07-09,2025-07-09
PAT_008388,DEV_010412,2025-11-01,2026-03-03
PAT_008389,DEV_010413,2025-12-29,2026-01-03
PAT_008390,DEV_010414,2025-09-23,2025-09-28
PAT_008390,DEV_010415,2025-07-16,2025-07-16
PAT_008391,DEV_010416,2026-04-03,2026-04-03
PAT_008392,DEV_010417,2025-08-03,2025-08-07
PAT_008393,DEV_010418,2025-12-24,2025-12-29
PAT_008394,DEV_010419,2025-09-05,2025-09-05
PAT_008395,DEV_010420,2025-07-30,2025-07-31
PAT_008395,DEV_010421,2025-07-05,2025-07-17
PAT_008396,DEV_010422,2025-11-03,2025-11-05
PAT_008397,DEV_010423,2026-01-27,2026-01-31
PAT_008397,DEV_010424,2026-02-13,2026-02-17
PAT_008398,DEV_010425,2025-11-02,2025-11-06
PAT_008399,DEV_010426,2025-07-31,2025-07-31
PAT_008400,DEV_010427,2025-08-22,2025-09-21
PAT_008400,DEV_010428,2025-09-27,2025-09-27
PAT_008401,DEV_010429,2025-09-01,2026-04-12
PAT_008402,DEV_010430,2025-12-30,2026-01-03
PAT_008402,DEV_010431,2025-12-16,2025-12-29
PAT_008403,DEV_010432,2026-03-20,2026-03-21
PAT_008404,DEV_010433,2026-03-04,2026-04-07
PAT_008404,DEV_010434,2026-05-10,2026-05-10
PAT_008405,DEV_010435,2025-08-03,2026-01-29
PAT_008406,DEV_010100,2026-01-05,2026-01-05
PAT_008407,DEV_010436,2025-08-30,2025-08-31
PAT_008408,DEV_010437,2026-04-27,2026-04-29
PAT_008409,DEV_010438,2025-11-03,2025-11-28
PAT_008409,DEV_010439,2025-11-28,2025-11-29
PAT_008410,DEV_006709,2026-04-13,2026-04-16
PAT_008411,DEV_010440,2025-08-08,2025-08-08
PAT_008412,DEV_010441,2025-07-18,2025-07-19
PAT_008412,DEV_010442,2025-05-12,2025-06-06
PAT_008413,DEV_010443,2026-02-20,2026-02-20
PAT_008414,DEV_010444,2025-07-11,2025-07-16
PAT_008414,DEV_010445,2025-08-19,2025-08-19
PAT_008415,DEV_010446,2025-08-08,2025-08-08
PAT_008416,DEV_010447,2025-07-30,2025-08-02
PAT_008416,DEV_010448,2025-05-29,2025-07-07
PAT_008417,DEV_010449,2025-09-30,2025-10-01
PAT_008418,DEV_010450,2026-03-05,2026-03-07
PAT_008419,DEV_010451,2026-02-07,2026-02-07
PAT_008420,DEV_010452,2025-10-17,2025-10-20
PAT_008421,DEV_009964,2025-09-03,2025-09-05
PAT_008421,DEV_010453,2025-07-25,2025-08-23
PAT_008422,DEV_010454,2025-12-11,2025-12-16
PAT_008422,DEV_010455,2025-10-30,2025-11-23
PAT_008423,DEV_001613,2025-08-28,2025-08-30
PAT_008424,DEV_010456,2025-08-30,2025-08-30
PAT_008425,DEV_010457,2025-11-12,2025-11-12
PAT_008426,DEV_010458,2026-02-10,2026-02-10
PAT_008426,DEV_010459,2025-12-17,2025-12-29
PAT_008427,DEV_010460,2026-01-16,2026-01-20
PAT_008428,DEV_010461,2026-02-24,2026-02-25
PAT_008429,DEV_010462,2025-06-11,2025-06-25
PAT_008429,DEV_010463,2025-08-13,2025-08-13
PAT_008430,DEV_010464,2025-08-10,2025-08-10
PAT_008430,DEV_010465,2025-05-12,2025-05-22
PAT_008431,DEV_010466,2025-11-26,2025-12-12
PAT_008431,DEV_010467,2025-12-12,2025-12-12
PAT_008432,DEV_010468,2025-08-06,2025-08-13
PAT_008432,DEV_010469,2025-08-28,2025-11-04
PAT_008433,DEV_010470,2025-07-12,2025-07-15
PAT_008433,DEV_010471,2025-04-18,2025-05-24
PAT_008434,DEV_010472,2025-09-14,2025-09-14
PAT_008435,DEV_010473,2025-10-08,2025-10-08
PAT_008435,DEV_010474,2025-07-25,2025-07-26
PAT_008436,DEV_010475,2025-12-02,2025-12-05
PAT_008437,DEV_010476,2026-04-16,2026-04-16
PAT_008438,DEV_010477,2025-07-18,2025-09-25
PAT_008439,DEV_010478,2025-07-20,2025-07-27
PAT_008439,DEV_010479,2025-10-17,2025-10-22
PAT_008440,DEV_002463,2025-10-04,2025-11-23
PAT_008441,DEV_010480,2025-09-05,2025-09-05
PAT_008442,DEV_010481,2025-10-06,2025-10-07
PAT_008442,DEV_010482,2025-07-08,2025-07-30
PAT_008443,DEV_010483,2026-03-07,2026-03-09
PAT_008443,DEV_010484,2025-12-12,2025-12-29
PAT_008444,DEV_010485,2025-08-17,2025-08-19
PAT_008445,DEV_010486,2025-12-06,2025-12-07
PAT_008446,DEV_010487,2025-09-02,2025-09-05
PAT_008447,DEV_010488,2026-01-26,2026-01-31
PAT_008448,DEV_010489,2025-11-25,2025-11-28
PAT_008449,DEV_010490,2026-02-04,2026-02-04
PAT_008450,DEV_010491,2026-04-19,2026-04-23
PAT_008451,DEV_010492,2025-07-22,2025-08-27
PAT_008451,DEV_010493,2025-10-04,2025-10-07
PAT_008452,DEV_010494,2025-09-03,2025-09-03
PAT_008453,DEV_000324,2026-02-08,2026-02-13
PAT_008453,DEV_010495,2025-11-23,2025-12-29
PAT_008454,DEV_001652,2026-01-12,2026-01-13
PAT_008454,DEV_010496,2025-10-27,2025-10-29
PAT_008455,DEV_010497,2026-04-20,2026-04-25
PAT_008456,DEV_010498,2026-01-28,2026-01-31
PAT_008457,DEV_010499,2026-02-01,2026-02-04
PAT_008458,DEV_001244,2026-01-06,2026-01-09
PAT_008459,DEV_010500,2025-12-30,2026-01-01
PAT_008459,DEV_010501,2026-02-10,2026-02-10
PAT_008460,DEV_010502,2025-11-27,2025-11-27
PAT_008461,DEV_010503,2025-11-26,2025-12-01
PAT_008462,DEV_010504,2025-09-25,2025-10-09
PAT_008462,DEV_010505,2025-10-09,2025-10-09
PAT_008463,DEV_010506,2026-04-26,2026-04-30
PAT_008464,DEV_010507,2026-02-19,2026-02-21
PAT_008465,DEV_010508,2025-12-16,2025-12-18
PAT_008465,DEV_010509,2026-01-28,2026-02-02
PAT_008466,DEV_010510,2025-07-14,2025-07-17
PAT_008467,DEV_010511,2026-01-12,2026-01-12
PAT_008468,DEV_010512,2026-03-13,2026-04-11
PAT_008469,DEV_010513,2026-04-01,2026-04-01
PAT_008470,DEV_000895,2025-09-01,2025-10-23
PAT_008471,DEV_010514,2025-09-21,2025-09-26
PAT_008472,DEV_010515,2026-03-23,2026-03-25
PAT_008473,DEV_010516,2025-12-17,2025-12-17
PAT_008474,DEV_010517,2026-02-07,2026-02-18
PAT_008474,DEV_010518,2026-04-08,2026-04-12
PAT_008475,DEV_010519,2026-02-08,2026-02-12
PAT_008476,DEV_010520,2025-07-07,2025-07-07
PAT_008477,DEV_010521,2026-02-06,2026-02-06
PAT_008478,DEV_010522,2025-12-23,2025-12-26
PAT_008478,DEV_010523,2025-09-28,2025-10-10
PAT_008479,DEV_010524,2026-01-12,2026-01-15
PAT_008479,DEV_010525,2025-12-10,2025-12-16
PAT_008480,DEV_010526,2026-01-12,2026-01-17
PAT_008481,DEV_010527,2025-10-08,2025-10-10
PAT_008481,DEV_010528,2025-09-24,2025-10-08
PAT_008482,DEV_010529,2025-08-16,2025-08-16
PAT_008483,DEV_010530,2025-07-11,2025-07-11
PAT_008484,DEV_005724,2026-04-27,2026-04-27
PAT_008484,DEV_010531,2026-02-26,2026-03-08
PAT_008485,DEV_010532,2025-07-29,2025-07-31
PAT_008486,DEV_010533,2025-12-13,2025-12-13
PAT_008487,DEV_010534,2025-12-28,2026-01-02
PAT_008488,DEV_010535,2025-11-24,2025-11-24
PAT_008488,DEV_010536,2025-08-26,2025-10-04
PAT_008489,DEV_010537,2026-03-05,2026-03-05
PAT_008490,DEV_010538,2026-02-28,2026-03-04
PAT_008491,DEV_010539,2025-08-08,2025-08-10
PAT_008492,DEV_010540,2025-07-02,2025-07-02
PAT_008493,DEV_010541,2025-08-10,2025-08-11
PAT_008494,DEV_010542,2026-04-02,2026-04-03
PAT_008494,DEV_010543,2026-02-17,2026-03-17
PAT_008495,DEV_010378,2026-03-08,2026-03-13
PAT_008496,DEV_010544,2025-07-24,2025-07-27
PAT_008496,DEV_010545,2025-05-30,2025-06-29
PAT_008497,DEV_010546,2025-09-03,2025-09-08
PAT_008498,DEV_010547,2025-09-24,2026-02-10
PAT_008499,DEV_010548,2025-11-23,2026-02-27
PAT_008500,DEV_010549,2025-08-12,2025-10-13
PAT_008501,DEV_010550,2025-07-23,2025-07-25
PAT_008501,DEV_010551,2025-08-14,2025-08-14
PAT_008502,DEV_010552,2025-10-06,2025-10-06
PAT_008503,DEV_010553,2025-10-18,2025-10-21
PAT_008504,DEV_010554,2025-12-13,2026-01-09
PAT_008504,DEV_010555,2026-03-10,2026-03-10
PAT_008505,DEV_010556,2026-04-29,2026-04-29
PAT_008506,DEV_010557,2026-04-24,2026-04-28
PAT_008507,DEV_010558,2025-12-07,2025-12-10
PAT_008508,DEV_010559,2026-04-20,2026-04-24
PAT_008508,DEV_010560,2026-02-11,2026-02-19
PAT_008509,DEV_010561,2025-11-06,2025-11-20
PAT_008509,DEV_010562,2025-11-30,2025-12-03
PAT_008510,DEV_010563,2026-03-01,2026-03-01
PAT_008511,DEV_010564,2025-11-10,2025-11-15
PAT_008511,DEV_010565,2025-10-25,2025-10-27
PAT_008512,DEV_010566,2025-11-30,2025-12-04
PAT_008513,DEV_010567,2025-10-31,2025-10-31
PAT_008513,DEV_010568,2025-08-16,2025-08-21
PAT_008514,DEV_010569,2026-04-09,2026-04-09
PAT_008515,DEV_010570,2025-07-26,2025-07-26
PAT_008516,DEV_010571,2026-02-08,2026-02-13
PAT_008517,DEV_010572,2025-10-15,2025-10-17
PAT_008518,DEV_010573,2025-10-19,2025-10-20
PAT_008518,DEV_010574,2025-08-26,2025-09-18
PAT_008519,DEV_010575,2025-09-27,2025-09-29
PAT_008520,DEV_010576,2025-09-27,2025-09-27
PAT_008521,DEV_010577,2026-04-17,2026-04-19
PAT_008522,DEV_010578,2025-12-22,2025-12-27
PAT_008522,DEV_010579,2025-09-26,2025-10-31
PAT_008523,DEV_010580,2026-04-16,2026-05-06
PAT_008523,DEV_010581,2026-05-06,2026-05-09
PAT_008524,DEV_010582,2026-02-18,2026-02-22
PAT_008525,DEV_010583,2026-03-28,2026-03-28
PAT_008526,DEV_010584,2025-12-14,2025-12-14
PAT_008527,DEV_010585,2025-11-16,2025-11-16
PAT_008528,DEV_010586,2026-05-09,2026-05-11
PAT_008529,DEV_010587,2026-03-27,2026-04-21
PAT_008529,DEV_010588,2026-04-21,2026-04-24
PAT_008530,DEV_010589,2025-12-03,2025-12-07
PAT_008531,DEV_010590,2025-12-19,2025-12-21
PAT_008532,DEV_010591,2026-01-03,2026-01-08
PAT_008533,DEV_010592,2025-10-10,2025-10-24
PAT_008533,DEV_010593,2025-11-21,2025-11-22
PAT_008534,DEV_010594,2025-10-11,2025-10-26
PAT_008534,DEV_010595,2025-10-26,2025-10-27
PAT_008535,DEV_010596,2025-10-10,2025-10-10
PAT_008536,DEV_010597,2025-08-22,2025-08-23
PAT_008537,DEV_010598,2025-10-29,2025-11-03
PAT_008538,DEV_010599,2025-11-28,2025-11-28
PAT_008539,DEV_010600,2025-10-04,2025-10-27
PAT_008539,DEV_010601,2025-12-18,2025-12-18
PAT_008540,DEV_010602,2025-12-01,2025-12-01
PAT_008541,DEV_010603,2025-11-12,2025-11-14
PAT_008542,DEV_010604,2025-07-03,2025-07-06
PAT_008543,DEV_010605,2025-07-01,2025-07-01
PAT_008544,DEV_010606,2026-03-08,2026-03-09
PAT_008545,DEV_010607,2025-09-24,2025-09-24
PAT_008546,DEV_010608,2025-11-24,2025-11-29
PAT_008547,DEV_010609,2025-12-12,2025-12-12
PAT_008548,DEV_010610,2026-04-08,2026-04-10
PAT_008549,DEV_010611,2025-09-08,2025-09-13
PAT_008550,DEV_010612,2026-02-17,2026-02-22
PAT_008551,DEV_010613,2026-03-08,2026-03-22
PAT_008551,DEV_010614,2026-05-02,2026-05-05
PAT_008552,DEV_010615,2026-04-28,2026-05-01
PAT_008553,DEV_010616,2025-07-13,2025-08-22
PAT_008554,DEV_010617,2025-12-31,2026-02-03
PAT_008554,DEV_010618,2026-03-18,2026-03-22
PAT_008555,DEV_010619,2025-10-23,2025-10-23
PAT_008556,DEV_004511,2025-11-06,2026-03-27
PAT_008557,DEV_010620,2026-03-04,2026-03-05
PAT_008558,DEV_010621,2026-02-03,2026-02-03
PAT_008559,DEV_010622,2025-07-20,2025-07-23
PAT_008560,DEV_010623,2026-03-16,2026-03-18
PAT_008561,DEV_010624,2026-04-02,2026-04-07
PAT_008562,DEV_010625,2026-02-21,2026-02-21
PAT_008563,DEV_010626,2025-07-06,2025-07-09
PAT_008564,DEV_010627,2025-06-14,2025-07-15
PAT_008564,DEV_010628,2025-07-15,2025-07-17
PAT_008565,DEV_010629,2025-10-05,2025-10-05
PAT_008566,DEV_010630,2026-03-01,2026-03-03
PAT_008567,DEV_010631,2025-12-20,2026-02-13
PAT_008568,DEV_010632,2026-03-06,2026-03-06
PAT_008569,DEV_010633,2026-05-08,2026-05-08
PAT_008569,DEV_010634,2026-04-10,2026-04-20
PAT_008570,DEV_010635,2025-07-30,2026-05-06
PAT_008571,DEV_010636,2025-09-11,2025-09-16
PAT_008571,DEV_010637,2025-12-08,2025-12-08
PAT_008572,DEV_010638,2026-01-09,2026-02-15
PAT_008572,DEV_010639,2026-03-01,2026-03-02
PAT_008573,DEV_010640,2026-02-10,2026-02-12
PAT_008574,DEV_010641,2025-12-25,2026-03-03
PAT_008575,DEV_010642,2025-07-03,2025-07-07
PAT_008576,DEV_010643,2025-10-28,2026-05-04
PAT_008577,DEV_010644,2025-09-14,2025-09-16
PAT_008578,DEV_010645,2025-11-20,2025-11-25
PAT_008579,DEV_010646,2025-10-10,2025-10-12
PAT_008580,DEV_010647,2026-01-02,2026-01-02
PAT_008581,DEV_010648,2025-09-22,2025-09-26
PAT_008582,DEV_010649,2026-04-06,2026-04-11
PAT_008583,DEV_010650,2025-07-03,2025-07-07
PAT_008583,DEV_010651,2025-05-19,2025-06-19
PAT_008584,DEV_010652,2025-08-04,2025-08-08
PAT_008584,DEV_010653,2025-05-30,2025-06-27
PAT_008585,DEV_010654,2025-10-28,2025-11-02
PAT_008586,DEV_010655,2025-09-07,2025-09-30
PAT_008586,DEV_010656,2025-09-30,2025-10-05
PAT_008587,DEV_010657,2025-12-26,2026-01-07
PAT_008587,DEV_010658,2026-03-07,2026-05-04
PAT_008588,DEV_010659,2025-12-04,2026-02-06
PAT_008589,DEV_010660,2025-07-16,2025-07-19
PAT_008590,DEV_010661,2025-08-05,2025-08-07
PAT_008591,DEV_010662,2026-04-01,2026-04-04
PAT_008592,DEV_010663,2025-08-10,2025-08-14
PAT_008593,DEV_010664,2026-01-25,2026-01-25
PAT_008593,DEV_010665,2025-11-19,2025-12-28
PAT_008594,DEV_010666,2026-01-06,2026-01-09
PAT_008594,DEV_010667,2026-03-01,2026-03-05
PAT_008595,DEV_010668,2025-10-29,2025-10-30
PAT_008596,DEV_010669,2025-11-15,2025-11-16
PAT_008597,DEV_010670,2026-03-24,2026-03-24
PAT_008598,DEV_010671,2025-08-20,2025-09-28
PAT_008598,DEV_010672,2025-10-06,2025-10-09
PAT_008599,DEV_010673,2025-05-24,2025-07-01
PAT_008599,DEV_010674,2025-08-02,2025-08-03
PAT_008600,DEV_010675,2025-11-14,2025-11-18
PAT_008601,DEV_010676,2025-09-03,2025-09-03
PAT_008602,DEV_010677,2026-04-01,2026-04-01
PAT_008603,DEV_010678,2026-01-11,2026-01-11
PAT_008604,DEV_010679,2026-01-22,2026-01-22
PAT_008605,DEV_010680,2025-08-31,2025-09-01
PAT_008605,DEV_010681,2025-07-14,2025-08-02
PAT_008606,DEV_010682,2025-10-19,2025-10-19
PAT_008607,DEV_010683,2025-07-04,2025-07-07
PAT_008608,DEV_010684,2025-09-06,2025-09-09
PAT_008609,DEV_010685,2026-04-20,2026-04-24
PAT_008610,DEV_010686,2025-10-17,2025-10-22
PAT_008610,DEV_010687,2025-09-09,2025-09-11
PAT_008611,DEV_010688,2025-10-25,2025-10-27
PAT_008612,DEV_004597,2026-05-04,2026-05-09
PAT_008612,DEV_010689,2026-03-08,2026-03-12
PAT_008613,DEV_010690,2026-02-27,2026-02-28
PAT_008614,DEV_010691,2025-09-11,2025-09-11
PAT_008615,DEV_010692,2025-05-11,2025-06-15
PAT_008615,DEV_010693,2025-07-29,2025-07-29
PAT_008616,DEV_010694,2026-04-19,2026-04-22
PAT_008617,DEV_010695,2026-02-09,2026-02-14
PAT_008618,DEV_010696,2025-11-25,2025-11-28
PAT_008619,DEV_010697,2025-08-20,2025-08-25
PAT_008620,DEV_010698,2026-04-29,2026-04-29
PAT_008621,DEV_010699,2025-08-10,2025-08-10
PAT_008622,DEV_005901,2025-07-22,2025-07-22
PAT_008623,DEV_010700,2025-05-31,2025-07-01
PAT_008623,DEV_010701,2025-07-01,2025-07-03
PAT_008624,DEV_010702,2026-01-14,2026-01-16
PAT_008624,DEV_010703,2025-11-26,2026-01-01
PAT_008625,DEV_010704,2025-07-23,2026-05-13
PAT_008626,DEV_010705,2025-08-12,2025-09-03
PAT_008626,DEV_010706,2025-09-26,2025-09-26
PAT_008627,DEV_010707,2026-02-02,2026-02-07
PAT_008627,DEV_010708,2025-07-08,2025-07-11
PAT_008628,DEV_010709,2025-12-22,2025-12-22
PAT_008629,DEV_010710,2025-10-18,2025-11-03
PAT_008629,DEV_010711,2025-12-15,2025-12-15
PAT_008630,DEV_010712,2026-05-02,2026-05-03
PAT_008631,DEV_010713,2026-04-14,2026-04-19
PAT_008632,DEV_010714,2025-07-10,2025-07-11
PAT_008633,DEV_010715,2025-05-22,2025-06-18
PAT_008633,DEV_010716,2025-07-25,2025-07-25
PAT_008634,DEV_010717,2025-08-06,2025-08-10
PAT_008635,DEV_010718,2025-09-08,2025-09-11
PAT_008636,DEV_010719,2025-08-03,2025-08-08
PAT_008637,DEV_010720,2026-02-06,2026-02-14
PAT_008638,DEV_010721,2025-11-11,2025-11-13
PAT_008639,DEV_010722,2026-01-19,2026-01-24
PAT_008639,DEV_010723,2025-11-30,2025-12-19
PAT_008640,DEV_010724,2025-08-25,2025-08-30
PAT_008641,DEV_010725,2025-10-05,2025-10-09
PAT_008642,DEV_010726,2025-08-01,2025-10-03
PAT_008643,DEV_010727,2025-09-06,2025-09-10
PAT_008643,DEV_010728,2025-08-23,2025-08-25
PAT_008644,DEV_010729,2025-10-02,2025-10-02
PAT_008645,DEV_010730,2026-01-05,2026-01-09
PAT_008645,DEV_010731,2025-10-12,2025-10-16
PAT_008646,DEV_010732,2025-09-29,2025-10-07
PAT_008646,DEV_010733,2025-11-18,2025-11-22
PAT_008647,DEV_010734,2025-08-31,2025-08-31
PAT_008648,DEV_010735,2025-07-22,2025-07-22
PAT_008649,DEV_010736,2025-10-25,2025-10-25
PAT_008650,DEV_010737,2026-05-10,2026-05-10
PAT_008651,DEV_010738,2025-08-07,2025-08-12
PAT_008652,DEV_010739,2026-01-27,2026-01-29
PAT_008653,DEV_010740,2025-08-24,2025-08-24
PAT_008654,DEV_010741,2026-02-12,2026-03-07
PAT_008654,DEV_010742,2026-04-25,2026-04-25
PAT_008655,DEV_010743,2025-05-27,2025-06-08
PAT_008655,DEV_010744,2025-07-20,2025-07-20
PAT_008656,DEV_010745,2026-02-20,2026-02-20
PAT_008657,DEV_010746,2025-09-11,2025-09-14
PAT_008658,DEV_010747,2026-03-05,2026-03-05
PAT_008659,DEV_010748,2026-03-02,2026-03-05
PAT_008660,DEV_010749,2025-09-01,2025-09-06
PAT_008661,DEV_010750,2025-10-14,2025-10-17
PAT_008661,DEV_010751,2025-12-14,2025-12-19
PAT_008662,DEV_010752,2025-12-20,2026-01-20
PAT_008662,DEV_010753,2026-01-30,2026-01-30
PAT_008663,DEV_010754,2026-02-20,2026-02-23
PAT_008664,DEV_010755,2025-07-20,2025-07-20
PAT_008665,DEV_010756,2025-11-20,2025-11-22
PAT_008666,DEV_004848,2025-09-30,2025-10-03
PAT_008667,DEV_010757,2026-05-09,2026-05-09
PAT_008668,DEV_010758,2025-10-17,2025-10-19
PAT_008669,DEV_010759,2025-10-03,2025-10-06
PAT_008670,DEV_010760,2025-10-29,2025-11-01
PAT_008671,DEV_010761,2026-04-22,2026-04-22
PAT_008671,DEV_010762,2026-03-18,2026-04-22
PAT_008672,DEV_010763,2026-01-06,2026-01-06
PAT_008673,DEV_010764,2025-11-04,2025-11-04
PAT_008674,DEV_010765,2026-03-09,2026-03-09
PAT_008675,DEV_010766,2025-11-26,2025-12-13
PAT_008675,DEV_010767,2026-02-15,2026-02-16
PAT_008676,DEV_010768,2026-02-22,2026-02-24
PAT_008677,DEV_010769,2025-08-08,2025-08-08
PAT_008678,DEV_010770,2025-11-16,2025-11-16
PAT_008679,DEV_010771,2025-07-21,2025-07-22
PAT_008680,DEV_010772,2026-03-01,2026-03-05
PAT_008681,DEV_010773,2026-01-08,2026-01-12
PAT_008681,DEV_010774,2025-10-27,2025-11-24
PAT_008682,DEV_010775,2026-02-19,2026-03-28
PAT_008682,DEV_010776,2026-04-07,2026-04-09
PAT_008683,DEV_001297,2025-12-12,2025-12-12
PAT_008684,DEV_010777,2025-05-22,2025-06-20
PAT_008684,DEV_010778,2025-07-07,2025-11-01
PAT_008685,DEV_010779,2025-08-10,2025-08-13
PAT_008686,DEV_010780,2025-09-26,2025-09-30
PAT_008687,DEV_010781,2025-09-09,2025-09-09
PAT_008688,DEV_010782,2026-02-07,2026-02-07
PAT_008689,DEV_010783,2025-12-31,2025-12-31
PAT_008690,DEV_010784,2025-07-29,2025-07-30
PAT_008691,DEV_010785,2026-05-03,2026-05-05
PAT_008692,DEV_010786,2025-12-07,2025-12-10
PAT_008693,DEV_010787,2026-01-12,2026-01-17
PAT_008694,DEV_010403,2025-08-29,2025-08-29
PAT_008695,DEV_010788,2025-07-22,2025-07-26
PAT_008696,DEV_010789,2026-01-16,2026-02-11
PAT_008696,DEV_010790,2026-02-16,2026-02-16
PAT_008697,DEV_010398,2025-10-23,2025-10-27
PAT_008698,DEV_010791,2026-05-10,2026-05-14
PAT_008699,DEV_010792,2025-10-02,2025-10-07
PAT_008700,DEV_010793,2026-02-27,2026-02-27
PAT_008700,DEV_010794,2025-12-05,2025-12-25
PAT_008701,DEV_010795,2026-01-08,2026-01-09
PAT_008702,DEV_010796,2026-04-08,2026-04-13
PAT_008703,DEV_010797,2025-11-04,2025-11-04
PAT_008704,DEV_010798,2026-03-20,2026-03-20
PAT_008704,DEV_010799,2026-01-23,2026-02-01
PAT_008705,DEV_010800,2025-10-16,2025-10-19
PAT_008705,DEV_010801,2025-07-28,2025-08-09
PAT_008706,DEV_010802,2025-12-13,2025-12-22
PAT_008707,DEV_010803,2025-11-07,2025-11-07
PAT_008708,DEV_010804,2026-04-01,2026-04-05
PAT_008709,DEV_010805,2026-01-28,2026-01-31
PAT_008709,DEV_010806,2026-01-06,2026-01-20
PAT_008710,DEV_010807,2026-05-09,2026-05-13
PAT_008711,DEV_010808,2025-08-22,2025-08-27
PAT_008712,DEV_010809,2025-09-26,2026-02-28
PAT_008712,DEV_010810,2025-08-15,2025-08-27
PAT_008713,DEV_010811,2025-07-29,2026-03-31
PAT_008714,DEV_010812,2025-07-13,2025-07-13
PAT_008714,DEV_010813,2025-04-18,2025-05-16
PAT_008715,DEV_010814,2025-08-23,2025-08-26
PAT_008716,DEV_010815,2026-04-11,2026-04-11
PAT_008717,DEV_005079,2025-09-22,2025-10-10
PAT_008717,DEV_010816,2025-10-29,2025-10-30
PAT_008718,DEV_010817,2025-09-05,2025-09-07
PAT_008719,DEV_010818,2025-07-14,2025-07-14
PAT_008720,DEV_010819,2026-02-28,2026-03-05
PAT_008721,DEV_010820,2025-07-25,2025-07-25
PAT_008722,DEV_010821,2025-09-29,2025-10-02
PAT_008722,DEV_010822,2025-07-26,2025-08-30
PAT_008723,DEV_010823,2026-03-31,2026-04-04
PAT_008724,DEV_010824,2026-04-08,2026-04-13
PAT_008725,DEV_010825,2025-08-21,2025-08-21
PAT_008726,DEV_010826,2025-08-26,2025-08-26
PAT_008726,DEV_010827,2025-05-30,2025-07-02
PAT_008727,DEV_010828,2025-08-12,2025-08-19
PAT_008727,DEV_010829,2025-10-29,2025-10-29
PAT_008728,DEV_010830,2025-07-12,2025-07-16
PAT_008729,DEV_010831,2026-01-31,2026-02-05
PAT_008730,DEV_010832,2025-07-22,2025-07-23
PAT_008731,DEV_009698,2025-07-02,2025-07-03
PAT_008732,DEV_010833,2026-04-20,2026-04-25
PAT_008732,DEV_010834,2026-01-28,2026-02-16
PAT_008733,DEV_010835,2026-02-25,2026-03-01
PAT_008734,DEV_001586,2026-04-30,2026-05-03
PAT_008735,DEV_003504,2025-12-10,2025-12-11
PAT_008735,DEV_010836,2025-11-25,2025-11-27
PAT_008736,DEV_010837,2025-09-14,2025-09-15
PAT_008736,DEV_010838,2025-07-17,2025-08-17
PAT_008737,DEV_010839,2026-01-06,2026-01-06
PAT_008738,DEV_003201,2025-04-27,2025-05-11
PAT_008738,DEV_010840,2025-07-03,2025-07-08
PAT_008739,DEV_010841,2025-07-29,2025-07-29
PAT_008740,DEV_010842,2026-01-14,2026-01-19
PAT_008741,DEV_010843,2025-11-29,2026-03-30
PAT_008742,DEV_010844,2025-12-30,2025-12-31
PAT_008743,DEV_010845,2026-01-05,2026-01-10
PAT_008744,DEV_010846,2025-10-14,2025-10-19
PAT_008745,DEV_010847,2025-08-26,2025-08-28
PAT_008746,DEV_010848,2025-07-06,2025-07-10
PAT_008746,DEV_010849,2025-04-14,2025-05-09
PAT_008747,DEV_010850,2026-04-06,2026-04-11
PAT_008748,DEV_010851,2025-09-09,2025-09-14
PAT_008749,DEV_010852,2026-03-22,2026-03-22
PAT_008750,DEV_010853,2025-08-01,2025-08-01
PAT_008751,DEV_010854,2025-08-21,2025-08-30
PAT_008751,DEV_010855,2025-10-03,2025-10-07
PAT_008752,DEV_010856,2025-08-27,2025-08-27
PAT_008753,DEV_010857,2025-08-02,2025-08-22
PAT_008753,DEV_010858,2025-10-01,2025-10-01
PAT_008754,DEV_010859,2025-10-12,2025-10-13
PAT_008754,DEV_010860,2025-08-14,2025-08-30
PAT_008755,DEV_000993,2026-03-08,2026-03-08
PAT_008756,DEV_010861,2026-03-05,2026-03-05
PAT_008757,DEV_010862,2025-10-24,2025-10-24
PAT_008758,DEV_010863,2025-11-14,2025-11-18
PAT_008759,DEV_010864,2025-08-21,2025-09-03
PAT_008759,DEV_010865,2025-09-19,2025-09-20
PAT_008760,DEV_010866,2025-10-19,2026-02-17
PAT_008761,DEV_010867,2025-09-09,2025-09-14
PAT_008762,DEV_010868,2026-03-02,2026-03-05
PAT_008763,DEV_010869,2025-11-17,2025-11-19
PAT_008764,DEV_010870,2025-10-11,2025-10-14
PAT_008765,DEV_010871,2026-05-11,2026-05-14
PAT_008765,DEV_010872,2026-03-01,2026-03-09
PAT_008766,DEV_010873,2025-08-18,2025-08-18
PAT_008767,DEV_010874,2025-08-30,2025-08-30
PAT_008768,DEV_010875,2025-08-19,2025-08-19
PAT_008769,DEV_010876,2025-07-03,2025-07-04
PAT_008770,DEV_010877,2025-08-16,2025-08-16
PAT_008771,DEV_004382,2025-08-06,2025-08-09
PAT_008771,DEV_010878,2025-05-14,2025-05-19
PAT_008772,DEV_010879,2025-08-23,2025-08-27
PAT_008773,DEV_010880,2025-12-11,2025-12-16
PAT_008774,DEV_010881,2025-12-13,2025-12-29
PAT_008775,DEV_010882,2026-02-23,2026-02-23
PAT_008776,DEV_010883,2026-04-22,2026-04-23
PAT_008777,DEV_003565,2025-09-20,2025-09-20
PAT_008778,DEV_010884,2026-01-04,2026-01-04
PAT_008779,DEV_010885,2026-03-16,2026-03-20
PAT_008780,DEV_010886,2026-02-07,2026-02-10
PAT_008781,DEV_010887,2026-01-16,2026-01-16
PAT_008781,DEV_010888,2025-11-11,2025-12-13
PAT_008782,DEV_010889,2026-03-01,2026-03-04
PAT_008783,DEV_010890,2026-05-11,2026-05-12
PAT_008784,DEV_010891,2026-01-07,2026-02-08
PAT_008785,DEV_010892,2025-09-06,2025-12-12
PAT_008786,DEV_010893,2026-03-26,2026-03-26
PAT_008787,DEV_010894,2025-07-15,2025-07-15
PAT_008787,DEV_010895,2025-04-30,2025-06-07
PAT_008788,DEV_010896,2026-04-05,2026-04-07
PAT_008789,DEV_010897,2025-10-10,2025-11-06
PAT_008790,DEV_010898,2025-11-05,2025-11-05
PAT_008791,DEV_010899,2026-02-27,2026-03-04
PAT_008792,DEV_010900,2026-03-25,2026-03-25
PAT_008793,DEV_010901,2025-09-10,2025-10-08
PAT_008793,DEV_010902,2025-11-01,2025-11-05
PAT_008794,DEV_010903,2026-02-10,2026-02-22
PAT_008794,DEV_010904,2026-03-27,2026-03-29
PAT_008795,DEV_010905,2025-07-08,2025-07-08
PAT_008796,DEV_009291,2025-11-30,2025-12-02
PAT_008797,DEV_010906,2025-10-28,2025-11-02
PAT_008798,DEV_010907,2025-11-11,2025-11-16
PAT_008799,DEV_010908,2025-12-26,2025-12-26
PAT_008800,DEV_010909,2025-08-24,2025-08-28
PAT_008801,DEV_010395,2026-04-27,2026-04-27
PAT_008802,DEV_010910,2025-10-31,2025-11-02
PAT_008803,DEV_010911,2025-11-08,2025-12-11
PAT_008803,DEV_010912,2025-12-18,2025-12-20
PAT_008804,DEV_010913,2025-12-26,2025-12-28
PAT_008805,DEV_010914,2025-10-02,2025-10-05
PAT_008806,DEV_010915,2026-02-03,2026-02-06
PAT_008807,DEV_010916,2026-01-30,2026-03-29
PAT_008808,DEV_010917,2025-07-14,2025-07-17
PAT_008809,DEV_010918,2025-10-09,2025-10-09
PAT_008810,DEV_010919,2025-07-31,2025-08-04
PAT_008811,DEV_010920,2025-10-22,2025-10-24
PAT_008811,DEV_010921,2025-12-18,2025-12-18
PAT_008812,DEV_010922,2025-07-20,2026-04-22
PAT_008812,DEV_010923,2025-07-03,2025-07-20
PAT_008813,DEV_010924,2026-01-28,2026-02-07
PAT_008813,DEV_010925,2026-03-14,2026-03-14
PAT_008814,DEV_010926,2025-09-20,2025-10-18
PAT_008814,DEV_010927,2025-12-01,2025-12-05
PAT_008815,DEV_010928,2026-03-29,2026-04-15
PAT_008815,DEV_010929,2026-04-15,2026-04-15
PAT_008816,DEV_010930,2025-08-14,2025-08-19
PAT_008817,DEV_010931,2026-03-19,2026-03-20
PAT_008818,DEV_010932,2025-12-18,2026-05-01
PAT_008819,DEV_010933,2026-02-02,2026-02-03
PAT_008820,DEV_003667,2025-08-02,2025-08-06
PAT_008820,DEV_010934,2025-05-25,2025-05-27
PAT_008821,DEV_010935,2025-09-24,2025-09-28
PAT_008821,DEV_010936,2025-09-09,2025-09-23
PAT_008822,DEV_001856,2025-11-21,2025-11-21
PAT_008823,DEV_010937,2025-11-12,2025-11-16
PAT_008824,DEV_010938,2026-03-18,2026-03-20
PAT_008825,DEV_010939,2025-10-22,2025-10-27
PAT_008826,DEV_010940,2025-10-27,2025-10-31
PAT_008826,DEV_010941,2025-12-13,2025-12-18
PAT_008827,DEV_010942,2025-11-02,2025-12-02
PAT_008827,DEV_010943,2025-12-22,2025-12-24
PAT_008828,DEV_010944,2025-09-05,2025-09-05
PAT_008829,DEV_003103,2026-04-07,2026-04-12
PAT_008830,DEV_010945,2026-03-28,2026-04-01
PAT_008831,DEV_010946,2026-01-07,2026-01-09
PAT_008832,DEV_010947,2025-08-28,2025-08-28
PAT_008833,DEV_010948,2025-10-24,2025-10-27
PAT_008834,DEV_010949,2025-09-02,2025-10-31
PAT_008835,DEV_010950,2025-08-29,2025-08-30
PAT_008835,DEV_010951,2025-11-12,2025-11-16
PAT_008836,DEV_010952,2025-12-11,2026-03-03
PAT_008837,DEV_010953,2026-02-14,2026-02-17
PAT_008838,DEV_010954,2025-08-02,2025-08-03
PAT_008839,DEV_010955,2025-09-24,2025-09-26
PAT_008840,DEV_010956,2025-12-23,2025-12-24
PAT_008840,DEV_010957,2025-10-07,2025-11-11
PAT_008841,DEV_010958,2026-05-08,2026-05-11
PAT_008842,DEV_010959,2025-12-12,2025-12-26
PAT_008842,DEV_010960,2026-03-01,2026-03-01
PAT_008843,DEV_010961,2025-09-04,2025-09-08
PAT_008844,DEV_010962,2026-04-02,2026-04-02
PAT_008845,DEV_010963,2025-08-19,2025-08-22
PAT_008845,DEV_010964,2025-06-16,2025-06-22
PAT_008846,DEV_010965,2025-09-22,2025-09-25
PAT_008846,DEV_010966,2025-08-13,2025-08-30
PAT_008847,DEV_010967,2026-05-08,2026-05-12
PAT_008848,DEV_010968,2025-12-14,2025-12-14
PAT_008848,DEV_010969,2025-09-24,2025-10-21
PAT_008849,DEV_010970,2025-09-02,2025-09-02
PAT_008850,DEV_010971,2026-04-22,2026-04-27
PAT_008851,DEV_010972,2025-10-15,2025-10-19
PAT_008852,DEV_010973,2026-04-30,2026-05-04
PAT_008853,DEV_010974,2026-03-18,2026-03-18
PAT_008854,DEV_010975,2026-02-12,2026-02-16
PAT_008855,DEV_010976,2025-12-07,2025-12-07
PAT_008855,DEV_010977,2025-10-04,2025-10-06
PAT_008856,DEV_010978,2026-03-04,2026-03-06
PAT_008857,DEV_010979,2026-04-19,2026-04-19
PAT_008858,DEV_010980,2026-02-19,2026-02-19
PAT_008859,DEV_010981,2025-12-07,2025-12-12
PAT_008860,DEV_010982,2025-12-20,2025-12-20
PAT_008861,DEV_010983,2026-01-24,2026-02-12
PAT_008861,DEV_010984,2026-04-08,2026-04-08
PAT_008862,DEV_010985,2026-03-05,2026-03-06
PAT_008863,DEV_010986,2025-08-12,2025-09-16
PAT_008863,DEV_010987,2025-10-01,2025-10-01
PAT_008864,DEV_010988,2026-02-25,2026-03-01
PAT_008865,DEV_010989,2025-08-08,2026-02-10
PAT_008866,DEV_010990,2025-08-18,2026-01-25
PAT_008867,DEV_010991,2025-09-29,2025-10-03
PAT_008868,DEV_010992,2025-08-25,2025-08-26
PAT_008869,DEV_010993,2026-01-24,2026-01-24
PAT_008870,DEV_010994,2025-07-08,2026-04-05
PAT_008871,DEV_010995,2026-05-03,2026-05-03
PAT_008872,DEV_010996,2026-03-10,2026-03-12
PAT_008872,DEV_010997,2026-02-20,2026-03-07
PAT_008873,DEV_010998,2025-12-18,2025-12-18
PAT_008874,DEV_010999,2025-11-14,2025-11-19
PAT_008875,DEV_011000,2026-03-14,2026-04-16
PAT_008875,DEV_011001,2026-04-23,2026-04-23
PAT_008876,DEV_011002,2025-11-16,2025-11-17
PAT_008877,DEV_011003,2025-11-27,2025-11-27
PAT_008878,DEV_011004,2025-11-15,2025-11-18
PAT_008879,DEV_011005,2025-11-15,2025-11-15
PAT_008880,DEV_011006,2025-10-09,2025-10-31
PAT_008880,DEV_011007,2026-01-04,2026-01-08
PAT_008881,DEV_011008,2025-09-17,2025-09-17
PAT_008882,DEV_011009,2026-01-25,2026-01-28
PAT_008882,DEV_011010,2026-03-26,2026-03-26
PAT_008883,DEV_011011,2026-01-07,2026-01-07
PAT_008884,DEV_011012,2025-11-29,2025-11-29
PAT_008885,DEV_011013,2026-03-16,2026-03-16
PAT_008886,DEV_011014,2026-01-28,2026-01-30
PAT_008887,DEV_011015,2026-01-30,2026-02-04
PAT_008888,DEV_011016,2025-11-25,2025-11-25
PAT_008888,DEV_011017,2025-09-01,2025-09-22
PAT_008889,DEV_011018,2025-08-16,2026-01-01
PAT_008890,DEV_011019,2025-07-28,2025-07-28
PAT_008891,DEV_011020,2025-11-04,2026-01-16
PAT_008892,DEV_011021,2025-10-21,2025-10-26
PAT_008893,DEV_011022,2025-12-14,2026-02-15
PAT_008894,DEV_011023,2025-05-24,2025-06-16
PAT_008894,DEV_011024,2025-07-07,2025-07-07
PAT_008895,DEV_011025,2026-01-14,2026-01-30
PAT_008895,DEV_011026,2026-01-30,2026-02-02
PAT_008896,DEV_011027,2026-03-20,2026-03-22
PAT_008897,DEV_011028,2025-09-22,2025-12-16
PAT_008898,DEV_011029,2025-09-07,2025-09-10
PAT_008898,DEV_011030,2025-06-27,2025-07-12
PAT_008899,DEV_011031,2025-07-08,2025-07-08
PAT_008900,DEV_003707,2026-04-14,2026-04-16
PAT_008901,DEV_011032,2025-07-23,2025-08-10
PAT_008901,DEV_011033,2025-08-10,2025-08-14
PAT_008902,DEV_011034,2026-02-04,2026-02-09
PAT_008902,DEV_011035,2025-12-14,2026-01-03
PAT_008903,DEV_011036,2025-10-13,2025-10-18
PAT_008904,DEV_011037,2025-12-13,2025-12-13
PAT_008905,DEV_011038,2026-01-30,2026-02-27
PAT_008905,DEV_011039,2026-03-22,2026-03-23
PAT_008906,DEV_011040,2026-03-08,2026-04-04
PAT_008906,DEV_011041,2026-04-04,2026-04-09
PAT_008907,DEV_011042,2026-03-01,2026-03-01
PAT_008908,DEV_011043,2025-12-08,2025-12-12
PAT_008909,DEV_011044,2025-12-25,2025-12-26
PAT_008910,DEV_011045,2025-10-31,2025-11-05
PAT_008911,DEV_002333,2025-09-17,2025-09-17
PAT_008912,DEV_011046,2025-10-11,2025-10-11
PAT_008913,DEV_011047,2026-01-12,2026-01-15
PAT_008913,DEV_011048,2025-12-14,2026-01-12
PAT_008914,DEV_011049,2026-03-23,2026-03-23
PAT_008915,DEV_011050,2026-03-06,2026-03-06
PAT_008916,DEV_011051,2025-09-12,2025-09-26
PAT_008916,DEV_011052,2025-10-31,2025-11-05
PAT_008917,DEV_011053,2025-10-16,2025-10-19
PAT_008918,DEV_011054,2026-02-20,2026-02-23
PAT_008919,DEV_011055,2026-04-17,2026-04-20
PAT_008920,DEV_011056,2026-02-11,2026-02-15
PAT_008921,DEV_011057,2026-01-28,2026-01-28
PAT_008922,DEV_001640,2025-10-07,2025-10-09
PAT_008923,DEV_011058,2025-06-27,2025-07-13
PAT_008923,DEV_011059,2025-07-22,2025-07-22
PAT_008924,DEV_011060,2026-05-09,2026-05-09
PAT_008925,DEV_011061,2025-07-18,2025-07-23
PAT_008926,DEV_011062,2025-11-13,2025-12-09
PAT_008926,DEV_011063,2025-09-05,2025-10-12
PAT_008927,DEV_011064,2026-03-09,2026-03-13
PAT_008928,DEV_011065,2025-11-07,2025-11-11
PAT_008928,DEV_011066,2025-09-09,2025-10-04
PAT_008929,DEV_011067,2025-09-15,2025-09-18
PAT_008930,DEV_011068,2026-05-01,2026-05-01
PAT_008930,DEV_011069,2026-03-10,2026-03-15
PAT_008931,DEV_011070,2026-01-08,2026-03-21
PAT_008932,DEV_011071,2026-04-04,2026-04-04
PAT_008933,DEV_010216,2025-07-10,2026-01-13
PAT_008934,DEV_011072,2026-01-14,2026-01-14
PAT_008935,DEV_011073,2026-04-21,2026-04-24
PAT_008936,DEV_011074,2025-08-30,2025-09-02
PAT_008937,DEV_011075,2025-08-28,2025-09-02
PAT_008938,DEV_011076,2025-07-29,2025-07-29
PAT_008939,DEV_011077,2025-07-23,2025-07-27
PAT_008939,DEV_011078,2025-05-16,2025-05-28
PAT_008940,DEV_011079,2026-04-27,2026-04-30
PAT_008941,DEV_011080,2025-12-29,2025-12-30
PAT_008942,DEV_011081,2026-03-20,2026-03-25
PAT_008943,DEV_002262,2026-01-13,2026-01-13
PAT_008943,DEV_011082,2025-11-19,2025-12-03
PAT_008944,DEV_011083,2025-04-22,2025-05-13
PAT_008944,DEV_011084,2025-07-03,2025-07-03
PAT_008945,DEV_009764,2026-05-03,2026-05-06
PAT_008946,DEV_011085,2025-07-16,2025-07-16
PAT_008947,DEV_011086,2025-08-03,2025-08-05
PAT_008948,DEV_011087,2026-01-26,2026-01-26
PAT_008949,DEV_011088,2025-12-25,2025-12-25
PAT_008950,DEV_009199,2025-09-14,2025-09-15
PAT_008951,DEV_003683,2025-10-27,2025-10-27
PAT_008952,DEV_011089,2025-11-23,2025-11-27
PAT_008953,DEV_007543,2025-08-06,2025-08-11
PAT_008954,DEV_011090,2025-09-06,2025-09-06
PAT_008955,DEV_011091,2025-11-12,2025-12-03
PAT_008955,DEV_011092,2025-12-03,2025-12-06
PAT_008956,DEV_011093,2025-09-19,2025-09-19
PAT_008957,DEV_011094,2025-07-28,2025-10-14
PAT_008958,DEV_011095,2026-03-12,2026-03-12
PAT_008959,DEV_011096,2025-10-06,2026-04-24
PAT_008960,DEV_011097,2026-01-02,2026-01-04
PAT_008961,DEV_011098,2025-08-22,2025-08-26
PAT_008961,DEV_011099,2025-06-30,2025-07-11
PAT_008962,DEV_011100,2026-04-08,2026-04-08
PAT_008963,DEV_003659,2026-03-29,2026-04-02
PAT_008964,DEV_011101,2025-09-09,2025-09-09
PAT_008965,DEV_011102,2026-04-17,2026-04-22
PAT_008966,DEV_011103,2026-05-01,2026-05-01
PAT_008966,DEV_011104,2026-02-22,2026-03-15
PAT_008967,DEV_011105,2025-08-19,2025-08-24
PAT_008968,DEV_011106,2026-04-04,2026-04-04
PAT_008969,DEV_011107,2026-01-25,2026-01-25
PAT_008969,DEV_011108,2025-11-03,2025-11-18
PAT_008970,DEV_011109,2026-03-19,2026-03-23
PAT_008970,DEV_011110,2025-12-31,2026-01-04
PAT_008971,DEV_011111,2025-12-03,2025-12-06
PAT_008972,DEV_011112,2026-05-02,2026-05-05
PAT_008972,DEV_011113,2026-04-03,2026-04-11
PAT_008973,DEV_011114,2025-11-26,2025-12-07
PAT_008973,DEV_011115,2026-01-15,2026-01-17
PAT_008974,DEV_011116,2025-07-28,2025-07-28
PAT_008975,DEV_011117,2025-11-26,2025-12-13
PAT_008975,DEV_011118,2025-12-19,2025-12-22
PAT_008976,DEV_011119,2026-03-22,2026-03-24
PAT_008976,DEV_011120,2026-03-01,2026-03-19
PAT_008977,DEV_011121,2026-04-29,2026-05-03
PAT_008977,DEV_011122,2026-03-19,2026-03-31
PAT_008978,DEV_011123,2025-10-13,2025-10-13
PAT_008978,DEV_011124,2025-07-29,2025-09-01
PAT_008979,DEV_011125,2025-07-22,2025-07-26
PAT_008980,DEV_011126,2025-09-08,2025-09-08
PAT_008981,DEV_011127,2026-02-03,2026-02-03
PAT_008982,DEV_011128,2026-03-22,2026-03-26
PAT_008983,DEV_011129,2026-03-05,2026-03-10
PAT_008983,DEV_011130,2026-04-24,2026-04-24
PAT_008984,DEV_011131,2025-08-03,2025-08-04
PAT_008985,DEV_011132,2025-11-27,2026-03-11
PAT_008986,DEV_011133,2026-01-19,2026-01-23
PAT_008986,DEV_011134,2025-12-01,2025-12-29
PAT_008987,DEV_011135,2025-09-20,2025-09-20
PAT_008987,DEV_011136,2025-08-26,2025-09-04
PAT_008988,DEV_011137,2025-07-03,2025-07-08
PAT_008989,DEV_011138,2025-10-26,2025-10-29
PAT_008990,DEV_011139,2025-11-18,2025-11-18
PAT_008991,DEV_011140,2026-03-27,2026-03-31
PAT_008992,DEV_011141,2026-05-05,2026-05-10
PAT_008992,DEV_011142,2026-04-03,2026-04-25
PAT_008993,DEV_011143,2025-10-14,2025-10-15
PAT_008993,DEV_011144,2025-09-22,2025-10-03
PAT_008994,DEV_011145,2026-04-22,2026-04-22
PAT_008995,DEV_011146,2025-11-21,2025-11-23
PAT_008996,DEV_011147,2025-10-12,2025-10-16
PAT_008997,DEV_011148,2025-10-31,2025-10-31
PAT_008998,DEV_011149,2026-03-09,2026-03-10
PAT_008999,DEV_011150,2025-07-02,2025-08-07
PAT_008999,DEV_011151,2025-08-31,2025-09-05
PAT_009000,DEV_011152,2026-01-01,2026-01-04
PAT_009001,DEV_011153,2025-12-24,2025-12-29
PAT_009002,DEV_011154,2025-07-17,2025-07-17
PAT_009003,DEV_011155,2025-08-02,2025-08-05
PAT_009004,DEV_011156,2026-03-21,2026-03-21
PAT_009005,DEV_011157,2025-12-18,2025-12-20
PAT_009006,DEV_011158,2025-07-22,2026-03-23
PAT_009007,DEV_011159,2025-11-13,2025-11-15
PAT_009008,DEV_011160,2026-03-14,2026-03-29
PAT_009008,DEV_011161,2026-04-19,2026-04-19
PAT_009009,DEV_011162,2025-07-29,2025-07-31
PAT_009009,DEV_011163,2025-05-11,2025-06-01
PAT_009010,DEV_011164,2026-03-29,2026-04-03
PAT_009011,DEV_011165,2025-12-16,2025-12-18
PAT_009012,DEV_011166,2025-11-21,2025-12-22
PAT_009012,DEV_011167,2026-02-10,2026-02-10
PAT_009013,DEV_011168,2025-09-04,2025-09-07
PAT_009013,DEV_011169,2025-06-10,2025-07-17
PAT_009014,DEV_011170,2025-11-21,2025-11-26
PAT_009014,DEV_011171,2025-08-24,2025-09-09
PAT_009015,DEV_011172,2025-07-16,2025-07-16
PAT_009016,DEV_011173,2025-11-15,2025-11-18
PAT_009017,DEV_011174,2025-08-14,2025-09-11
PAT_009018,DEV_011175,2025-08-30,2025-08-30
PAT_009019,DEV_011176,2026-01-15,2026-01-20
PAT_009019,DEV_011177,2025-11-12,2025-11-18
PAT_009020,DEV_011178,2026-04-09,2026-04-13
PAT_009021,DEV_011179,2025-07-23,2025-08-25
PAT_009021,DEV_011180,2025-09-27,2025-09-29
PAT_009022,DEV_011181,2025-11-22,2025-12-09
PAT_009022,DEV_011182,2026-02-03,2026-02-03
PAT_009023,DEV_011183,2026-04-15,2026-04-19
PAT_009024,DEV_011184,2025-07-24,2025-07-28
PAT_009025,DEV_011185,2025-07-02,2025-07-02
PAT_009026,DEV_011186,2025-08-11,2025-08-11
PAT_009027,DEV_006460,2026-03-04,2026-03-08
PAT_009028,DEV_011187,2025-07-15,2025-07-15
PAT_009029,DEV_011188,2025-08-05,2025-08-05
PAT_009029,DEV_011189,2025-06-30,2025-07-24
PAT_009030,DEV_011190,2025-10-22,2025-10-22
PAT_009031,DEV_011191,2026-05-03,2026-05-08
PAT_009032,DEV_011192,2026-04-24,2026-04-24
PAT_009032,DEV_011193,2025-10-13,2025-10-18
PAT_009033,DEV_011194,2026-02-22,2026-04-27
PAT_009034,DEV_011195,2025-10-14,2025-10-19
PAT_009035,DEV_011196,2026-04-23,2026-04-26
PAT_009036,DEV_011197,2025-11-15,2025-11-25
PAT_009036,DEV_011198,2026-02-12,2026-02-12
PAT_009037,DEV_011199,2026-03-20,2026-03-24
PAT_009038,DEV_011200,2025-05-01,2025-05-10
PAT_009038,DEV_011201,2025-07-02,2025-07-06
PAT_009039,DEV_011202,2025-08-12,2025-08-17
PAT_009040,DEV_011203,2025-11-09,2025-11-13
PAT_009041,DEV_011204,2025-12-26,2025-12-30
PAT_009041,DEV_011205,2025-11-12,2025-11-16
PAT_009042,DEV_011206,2025-08-13,2025-08-30
PAT_009042,DEV_011207,2025-09-17,2025-10-29
PAT_009043,DEV_011208,2025-11-12,2025-12-06
PAT_009043,DEV_011209,2025-12-06,2025-12-08
PAT_009044,DEV_011210,2026-05-11,2026-05-11
PAT_009044,DEV_011211,2026-03-27,2026-04-25
PAT_009045,DEV_011212,2026-04-27,2026-04-29
PAT_009046,DEV_011213,2025-07-14,2025-10-08
PAT_009047,DEV_011214,2026-04-17,2026-04-17
PAT_009048,DEV_011215,2026-02-08,2026-02-08
PAT_009049,DEV_011216,2025-10-22,2025-10-25
PAT_009049,DEV_011217,2025-08-05,2025-09-04
PAT_009050,DEV_011218,2026-04-04,2026-04-09
PAT_009051,DEV_011219,2025-11-17,2025-12-25
PAT_009051,DEV_011220,2026-01-03,2026-01-04
PAT_009052,DEV_011221,2025-09-09,2025-09-12
PAT_009053,DEV_011222,2025-11-30,2026-01-29
PAT_009054,DEV_011223,2025-11-19,2025-11-22
PAT_009055,DEV_011224,2026-03-11,2026-03-11
PAT_009056,DEV_011225,2025-09-12,2025-09-16
PAT_009057,DEV_001828,2025-09-10,2025-09-10
PAT_009058,DEV_005157,2026-03-29,2026-04-01
PAT_009059,DEV_011226,2026-04-01,2026-04-01
PAT_009060,DEV_011227,2025-12-10,2025-12-10
PAT_009061,DEV_011228,2026-02-03,2026-03-01
PAT_009062,DEV_011229,2025-10-20,2025-10-21
PAT_009063,DEV_011230,2026-02-23,2026-02-27
PAT_009064,DEV_011231,2025-10-10,2025-10-12
PAT_009065,DEV_011232,2026-04-28,2026-05-03
PAT_009066,DEV_011233,2025-11-10,2025-11-10
PAT_009067,DEV_005646,2025-11-23,2025-11-23
PAT_009068,DEV_011234,2026-01-09,2026-01-09
PAT_009069,DEV_011235,2025-08-04,2025-08-30
PAT_009069,DEV_011236,2025-09-21,2025-09-21
PAT_009070,DEV_011237,2026-01-09,2026-01-13
PAT_009071,DEV_011238,2025-12-31,2026-01-04
PAT_009072,DEV_011239,2025-07-27,2025-07-30
PAT_009073,DEV_011240,2025-10-17,2025-10-17
PAT_009074,DEV_011241,2025-10-26,2025-10-26
PAT_009075,DEV_011242,2026-02-17,2026-02-17
PAT_009075,DEV_011243,2025-12-01,2025-12-18
PAT_009076,DEV_011244,2025-12-27,2026-01-08
PAT_009076,DEV_011245,2026-03-23,2026-03-28
PAT_009077,DEV_011246,2025-07-11,2025-07-13
PAT_009078,DEV_011247,2026-01-17,2026-01-22
PAT_009079,DEV_011248,2025-07-22,2025-07-24
PAT_009080,DEV_011249,2026-01-16,2026-01-16
PAT_009081,DEV_011250,2026-04-16,2026-04-16
PAT_009082,DEV_011251,2025-12-15,2026-01-09
PAT_009082,DEV_011252,2026-01-09,2026-01-09
PAT_009083,DEV_011253,2025-10-11,2025-11-06
PAT_009083,DEV_011254,2025-11-06,2025-11-11
PAT_009084,DEV_011255,2025-10-27,2025-12-03
PAT_009084,DEV_011256,2026-01-10,2026-01-14
PAT_009085,DEV_011257,2025-12-14,2025-12-17
PAT_009086,DEV_011258,2025-11-07,2025-11-24
PAT_009086,DEV_011259,2025-11-24,2025-11-24
PAT_009087,DEV_011260,2025-10-30,2025-10-30
PAT_009088,DEV_011261,2025-08-11,2025-08-11
PAT_009088,DEV_011262,2025-05-25,2025-06-05
PAT_009089,DEV_011263,2025-10-28,2025-10-28
PAT_009090,DEV_011264,2026-01-10,2026-01-10
PAT_009091,DEV_011265,2025-11-30,2026-01-07
PAT_009091,DEV_011266,2026-01-29,2026-02-01
PAT_009092,DEV_011267,2025-12-13,2025-12-13
PAT_009093,DEV_011268,2025-08-02,2025-08-02
PAT_009094,DEV_011269,2026-04-07,2026-04-07
PAT_009095,DEV_011270,2026-02-25,2026-03-02
PAT_009096,DEV_011271,2026-01-17,2026-02-03
PAT_009096,DEV_011272,2026-03-23,2026-03-23
PAT_009097,DEV_011273,2025-10-10,2025-10-15
PAT_009098,DEV_011274,2025-10-24,2025-10-27
PAT_009098,DEV_011275,2025-09-04,2025-09-12
PAT_009099,DEV_011276,2026-01-05,2026-01-09
PAT_009100,DEV_011277,2026-03-21,2026-03-24
PAT_009101,DEV_011278,2026-04-30,2026-05-01
PAT_009102,DEV_011279,2025-10-16,2025-10-21
PAT_009102,DEV_011280,2025-07-29,2025-08-03
PAT_009103,DEV_011281,2025-11-12,2025-11-27
PAT_009103,DEV_011282,2025-12-05,2025-12-08
PAT_009104,DEV_011283,2025-07-05,2025-10-03
PAT_009105,DEV_007607,2026-01-28,2026-02-20
PAT_009105,DEV_011284,2026-04-17,2026-04-21
PAT_009106,DEV_011285,2026-02-23,2026-02-28
PAT_009107,DEV_011286,2026-03-02,2026-03-23
PAT_009107,DEV_011287,2026-05-09,2026-05-13
PAT_009108,DEV_011288,2025-06-18,2025-07-27
PAT_009108,DEV_011289,2025-08-13,2025-08-13
PAT_009109,DEV_011290,2025-07-24,2026-05-12
PAT_009110,DEV_011291,2025-08-23,2025-08-25
PAT_009110,DEV_011292,2025-07-11,2025-08-16
PAT_009111,DEV_011293,2025-09-14,2025-09-15
PAT_009111,DEV_011294,2025-10-31,2025-10-31
PAT_009112,DEV_011295,2025-08-02,2025-08-04
PAT_009113,DEV_011296,2026-04-01,2026-04-05
PAT_009114,DEV_006626,2025-07-04,2025-07-04
PAT_009115,DEV_011297,2026-01-30,2026-01-31
PAT_009116,DEV_011298,2025-12-11,2025-12-16
PAT_009116,DEV_011299,2025-11-22,2025-12-01
PAT_009117,DEV_011300,2025-08-06,2026-03-11
PAT_009118,DEV_011301,2026-02-07,2026-04-12
PAT_009119,DEV_011302,2025-09-07,2025-09-09
PAT_009120,DEV_011303,2025-12-26,2025-12-30
PAT_009121,DEV_011304,2025-08-04,2025-11-29
PAT_009122,DEV_011305,2026-03-12,2026-03-14
PAT_009123,DEV_011306,2025-07-03,2026-04-29
PAT_009124,DEV_011307,2025-11-25,2025-11-25
PAT_009125,DEV_011308,2025-08-27,2025-08-27
PAT_009126,DEV_011309,2025-08-03,2025-08-07
PAT_009126,DEV_011310,2025-07-09,2025-07-27
PAT_009127,DEV_011311,2026-02-02,2026-02-02
PAT_009128,DEV_001561,2026-02-15,2026-02-20
PAT_009129,DEV_011312,2025-10-13,2026-01-15
PAT_009130,DEV_011313,2026-03-03,2026-03-06
PAT_009131,DEV_011314,2025-10-03,2025-10-04
PAT_009132,DEV_011315,2025-12-31,2026-01-01
PAT_009133,DEV_011316,2025-08-31,2025-09-11
PAT_009133,DEV_011317,2025-10-27,2025-10-27
PAT_009134,DEV_011318,2025-12-19,2025-12-19
PAT_009135,DEV_011319,2025-12-13,2025-12-13
PAT_009135,DEV_011320,2025-10-11,2025-10-25
PAT_009136,DEV_011321,2026-02-19,2026-02-23
PAT_009136,DEV_011322,2026-02-01,2026-02-19
PAT_009137,DEV_011323,2026-03-25,2026-03-29
PAT_009138,DEV_011324,2026-02-04,2026-02-07
PAT_009139,DEV_011325,2025-11-28,2025-11-28
PAT_009140,DEV_011326,2025-10-07,2025-10-12
PAT_009141,DEV_011327,2025-08-18,2025-08-21
PAT_009142,DEV_011328,2025-08-27,2025-09-11
PAT_009142,DEV_011329,2025-07-02,2025-07-15
PAT_009143,DEV_011330,2025-10-30,2025-11-02
PAT_009144,DEV_011331,2026-04-09,2026-04-14
PAT_009145,DEV_011332,2026-03-28,2026-03-28
PAT_009145,DEV_011333,2025-09-14,2025-09-14
PAT_009146,DEV_011334,2026-04-19,2026-04-19
PAT_009147,DEV_011335,2026-01-31,2026-01-31
PAT_009148,DEV_011336,2026-01-23,2026-02-19
PAT_009148,DEV_011337,2026-02-28,2026-03-05
PAT_009149,DEV_011338,2026-03-05,2026-03-05
PAT_009150,DEV_011339,2025-12-10,2025-12-29
PAT_009150,DEV_011340,2026-01-10,2026-01-13
PAT_009151,DEV_011341,2025-08-14,2025-08-16
PAT_009152,DEV_011342,2025-10-15,2025-10-19
PAT_009152,DEV_011343,2025-08-13,2025-09-06
PAT_009153,DEV_011344,2026-01-26,2026-01-30
PAT_009154,DEV_011345,2026-01-11,2026-01-11
PAT_009155,DEV_011346,2026-03-21,2026-03-23
PAT_009156,DEV_002639,2026-04-28,2026-04-28
PAT_009156,DEV_011347,2026-04-14,2026-04-18
PAT_009157,DEV_011348,2025-08-03,2025-08-08
PAT_009158,DEV_011349,2026-03-04,2026-03-09
PAT_009159,DEV_011350,2025-05-23,2025-06-21
PAT_009159,DEV_011351,2025-08-01,2025-08-03
PAT_009160,DEV_011352,2026-01-29,2026-02-28
PAT_009160,DEV_011353,2026-04-12,2026-04-15
PAT_009161,DEV_011354,2026-01-01,2026-01-01
PAT_009162,DEV_011355,2025-12-04,2025-12-10
PAT_009162,DEV_011356,2026-01-15,2026-01-15
PAT_009163,DEV_011357,2025-12-25,2025-12-27
PAT_009164,DEV_002795,2026-03-22,2026-03-27
PAT_009165,DEV_011358,2026-02-22,2026-02-23
PAT_009166,DEV_011359,2025-11-24,2025-11-27
PAT_009167,DEV_011360,2026-02-22,2026-02-27
PAT_009167,DEV_011361,2025-12-25,2025-12-27
PAT_009168,DEV_011362,2026-01-26,2026-01-30
PAT_009168,DEV_011363,2025-07-19,2025-07-24
PAT_009169,DEV_011364,2026-04-29,2026-04-29
PAT_009170,DEV_011365,2025-09-18,2025-09-18
PAT_009170,DEV_011366,2025-08-18,2025-09-13
PAT_009171,DEV_011367,2025-09-16,2025-09-21
PAT_009172,DEV_011368,2026-02-28,2026-03-05
PAT_009172,DEV_011369,2025-07-18,2025-07-18
PAT_009173,DEV_011370,2025-06-27,2025-06-29
PAT_009173,DEV_011371,2025-08-24,2025-08-24
PAT_009174,DEV_011372,2026-02-13,2026-02-15
PAT_009175,DEV_011373,2025-09-10,2025-09-11
PAT_009175,DEV_011374,2025-06-21,2025-06-26
PAT_009176,DEV_011375,2025-07-11,2025-07-11
PAT_009177,DEV_011376,2025-07-10,2025-07-15
PAT_009177,DEV_011377,2025-05-29,2025-06-19
PAT_009178,DEV_011378,2025-10-10,2025-10-12
PAT_009178,DEV_011379,2025-09-13,2025-10-09
PAT_009179,DEV_011380,2025-07-03,2025-07-08
PAT_009180,DEV_011381,2026-04-22,2026-04-26
PAT_009181,DEV_011382,2025-12-13,2025-12-15
PAT_009181,DEV_011383,2025-10-24,2025-11-03
PAT_009182,DEV_011384,2025-12-03,2025-12-28
PAT_009182,DEV_011385,2026-01-06,2026-01-07
PAT_009183,DEV_011386,2025-07-20,2025-07-20
PAT_009184,DEV_011387,2025-11-16,2025-11-16
PAT_009185,DEV_011388,2026-05-04,2026-05-04
PAT_009186,DEV_011389,2025-07-19,2025-08-09
PAT_009186,DEV_011390,2025-08-09,2025-08-09
PAT_009187,DEV_011391,2025-08-16,2025-08-16
PAT_009187,DEV_011392,2025-06-21,2025-07-08
PAT_009188,DEV_011393,2026-05-11,2026-05-15
PAT_009189,DEV_011394,2025-09-30,2025-10-04
PAT_009190,DEV_011395,2025-09-30,2025-10-04
PAT_009191,DEV_011396,2025-07-10,2025-07-10
PAT_009191,DEV_011397,2025-05-29,2025-06-27
PAT_009192,DEV_008651,2026-01-27,2026-02-01
PAT_009193,DEV_001112,2025-07-02,2025-07-04
PAT_009194,DEV_011398,2025-08-30,2025-08-30
PAT_009195,DEV_011399,2026-03-04,2026-03-06
PAT_009196,DEV_011400,2026-01-08,2026-01-21
PAT_009196,DEV_011401,2026-03-16,2026-03-20
PAT_009197,DEV_011402,2025-07-06,2025-07-06
PAT_009198,DEV_011403,2025-09-29,2025-09-29
PAT_009199,DEV_011404,2025-07-11,2025-07-12
PAT_009200,DEV_011405,2025-08-01,2025-08-06
PAT_009201,DEV_011406,2025-10-30,2025-11-04
PAT_009202,DEV_011407,2026-02-12,2026-02-12
PAT_009203,DEV_011408,2026-04-09,2026-04-13
PAT_009204,DEV_011409,2025-07-15,2025-07-20
PAT_009205,DEV_011410,2025-08-13,2025-08-13
PAT_009206,DEV_011411,2026-04-23,2026-04-24
PAT_009206,DEV_011412,2026-03-16,2026-04-23
PAT_009207,DEV_011413,2025-10-30,2025-11-03
PAT_009208,DEV_011414,2025-09-20,2025-09-23
PAT_009209,DEV_011415,2026-03-04,2026-03-06
PAT_009210,DEV_011416,2025-08-21,2025-08-24
PAT_009211,DEV_011417,2025-07-13,2025-07-27
PAT_009211,DEV_011418,2025-09-28,2025-09-28
PAT_009212,DEV_011419,2026-01-03,2026-01-03
PAT_009213,DEV_011420,2025-08-29,2025-09-01
PAT_009214,DEV_011421,2025-09-01,2025-09-01
PAT_009215,DEV_011422,2025-10-28,2025-10-28
PAT_009216,DEV_011423,2025-08-27,2025-09-01
PAT_009217,DEV_011424,2025-08-20,2025-08-21
PAT_009217,DEV_011425,2025-06-13,2025-06-18
PAT_009218,DEV_011426,2026-01-30,2026-02-02
PAT_009218,DEV_011427,2025-12-13,2025-12-23
PAT_009219,DEV_011428,2025-11-11,2025-11-14
PAT_009219,DEV_011429,2025-10-10,2025-11-08
PAT_009220,DEV_011430,2026-01-22,2026-01-22
PAT_009221,DEV_011431,2025-12-28,2025-12-28
PAT_009222,DEV_011432,2025-12-04,2025-12-06
PAT_009223,DEV_011433,2025-08-09,2025-08-13
PAT_009224,DEV_011434,2025-09-12,2025-09-14
PAT_009225,DEV_011435,2026-03-22,2026-03-22
PAT_009226,DEV_011436,2026-03-20,2026-03-21
PAT_009227,DEV_011437,2025-07-08,2025-07-11
PAT_009228,DEV_011438,2025-08-23,2025-08-23
PAT_009229,DEV_011439,2025-11-13,2025-11-13
PAT_009229,DEV_011440,2025-09-12,2025-09-21
PAT_009230,DEV_011441,2026-03-31,2026-04-10
PAT_009231,DEV_011442,2026-03-16,2026-03-19
PAT_009232,DEV_011443,2025-07-07,2025-07-12
PAT_009233,DEV_001051,2025-11-02,2025-11-02
PAT_009234,DEV_011444,2025-10-26,2025-10-29
PAT_009235,DEV_011445,2026-03-12,2026-03-12
PAT_009236,DEV_011446,2025-08-10,2025-11-18
PAT_009236,DEV_011447,2025-05-14,2025-05-24
PAT_009237,DEV_011448,2025-10-15,2025-10-20
PAT_009238,DEV_011369,2026-05-10,2026-05-10
PAT_009239,DEV_011449,2026-03-17,2026-03-21
PAT_009239,DEV_011450,2026-04-04,2026-04-04
PAT_009240,DEV_011451,2026-02-27,2026-03-01
PAT_009241,DEV_011452,2026-04-10,2026-04-10
PAT_009242,DEV_011453,2025-11-20,2025-11-20
PAT_009242,DEV_011454,2025-09-25,2025-11-03
PAT_009243,DEV_011455,2025-08-23,2025-08-23
PAT_009244,DEV_003740,2025-11-12,2025-11-17
PAT_009245,DEV_011456,2026-03-31,2026-03-31
PAT_009246,DEV_011457,2026-01-01,2026-01-02
PAT_009247,DEV_011458,2026-02-18,2026-02-22
PAT_009248,DEV_011459,2025-08-14,2025-08-18
PAT_009249,DEV_011460,2026-01-26,2026-01-27
PAT_009249,DEV_011461,2025-11-25,2025-12-10
PAT_009250,DEV_011462,2025-07-18,2025-08-07
PAT_009250,DEV_011463,2025-09-26,2025-10-01
PAT_009251,DEV_011464,2025-10-23,2025-10-23
PAT_009252,DEV_011465,2026-02-24,2026-02-24
PAT_009253,DEV_011466,2026-03-11,2026-03-13
PAT_009254,DEV_011467,2026-01-02,2026-01-05
PAT_009254,DEV_011468,2025-11-21,2025-11-21
PAT_009255,DEV_011469,2026-01-14,2026-01-14
PAT_009255,DEV_011470,2025-11-13,2025-11-28
PAT_009256,DEV_011471,2025-07-11,2025-07-16
PAT_009256,DEV_011472,2025-04-17,2025-05-01
PAT_009257,DEV_011473,2026-03-22,2026-03-27
PAT_009258,DEV_011474,2025-08-20,2025-08-20
PAT_009259,DEV_011475,2025-09-14,2025-09-14
PAT_009260,DEV_011476,2025-12-13,2025-12-13
PAT_009261,DEV_011477,2025-10-27,2025-10-31
PAT_009262,DEV_011478,2025-11-30,2025-12-29
PAT_009262,DEV_011479,2026-02-21,2026-02-25
PAT_009263,DEV_011480,2025-10-16,2025-10-18
PAT_009264,DEV_011481,2026-02-06,2026-02-07
PAT_009265,DEV_011482,2026-03-06,2026-03-11
PAT_009266,DEV_011483,2025-12-05,2025-12-24
PAT_009266,DEV_011484,2025-12-24,2025-12-24
PAT_009267,DEV_011485,2026-02-12,2026-02-23
PAT_009267,DEV_011486,2026-04-21,2026-04-21
PAT_009268,DEV_011487,2025-08-15,2025-08-15
PAT_009269,DEV_011488,2025-10-13,2025-10-17
PAT_009269,DEV_011489,2026-02-19,2026-02-19
PAT_009270,DEV_011490,2026-01-19,2026-01-20
PAT_009270,DEV_011491,2025-11-30,2026-01-03
PAT_009271,DEV_011492,2025-11-05,2026-01-12
PAT_009272,DEV_011493,2026-04-06,2026-04-06
PAT_009272,DEV_011494,2026-01-10,2026-02-01
PAT_009273,DEV_010696,2026-01-22,2026-01-29
PAT_009273,DEV_011495,2026-02-17,2026-02-17
PAT_009274,DEV_000571,2025-11-19,2025-11-19
PAT_009275,DEV_011496,2025-07-12,2025-07-12
PAT_009275,DEV_011497,2025-05-04,2025-06-10
PAT_009276,DEV_011498,2025-07-14,2025-07-16
PAT_009277,DEV_011499,2026-01-31,2026-02-02
PAT_009278,DEV_008306,2025-09-19,2025-09-23
PAT_009279,DEV_010866,2025-10-29,2025-11-23
PAT_009280,DEV_011500,2026-04-29,2026-04-29
PAT_009281,DEV_011501,2026-01-09,2026-01-11
PAT_009282,DEV_011502,2025-10-06,2025-10-06
PAT_009283,DEV_011503,2026-03-03,2026-03-08
PAT_009284,DEV_011504,2026-01-08,2026-01-10
PAT_009285,DEV_011505,2026-03-15,2026-03-18
PAT_009286,DEV_011506,2025-12-15,2025-12-17
PAT_009287,DEV_011507,2025-07-30,2025-08-23
PAT_009287,DEV_011508,2025-10-02,2025-10-02
PAT_009288,DEV_011509,2025-10-05,2025-10-09
PAT_009289,DEV_011510,2026-02-07,2026-02-10
PAT_009290,DEV_011511,2026-03-11,2026-03-31
PAT_009290,DEV_011512,2026-05-10,2026-05-14
PAT_009291,DEV_011513,2026-02-21,2026-02-23
PAT_009291,DEV_011514,2026-04-02,2026-04-06
PAT_009292,DEV_011515,2026-03-23,2026-04-17
PAT_009292,DEV_011516,2026-05-03,2026-05-06
PAT_009293,DEV_011517,2025-10-08,2025-10-13
PAT_009294,DEV_011518,2025-08-22,2025-08-27
PAT_009295,DEV_011519,2025-09-18,2025-09-18
PAT_009296,DEV_011520,2025-12-05,2025-12-10
PAT_009297,DEV_011521,2025-06-21,2025-07-29
PAT_009297,DEV_011522,2025-09-16,2025-09-17
PAT_009298,DEV_011523,2026-01-28,2026-01-30
PAT_009299,DEV_011524,2026-01-14,2026-01-19
PAT_009299,DEV_011525,2025-12-16,2026-01-02
PAT_009300,DEV_011526,2025-08-22,2025-08-22
PAT_009301,DEV_011527,2025-08-20,2025-08-20
PAT_009302,DEV_011528,2025-10-19,2025-10-23
PAT_009303,DEV_011529,2025-10-01,2025-10-04
PAT_009304,DEV_011530,2025-08-21,2025-08-21
PAT_009305,DEV_011531,2026-02-04,2026-02-07
PAT_009305,DEV_011532,2026-04-05,2026-04-08
PAT_009306,DEV_011533,2025-06-17,2025-07-04
PAT_009306,DEV_011534,2025-07-17,2025-07-22
PAT_009307,DEV_011535,2025-08-22,2025-09-16
PAT_009307,DEV_011536,2025-09-16,2025-09-17
PAT_009308,DEV_011537,2026-01-27,2026-01-29
PAT_009309,DEV_011538,2026-03-06,2026-03-09
PAT_009310,DEV_011539,2025-12-04,2025-12-08
PAT_009311,DEV_011540,2025-08-12,2025-08-12
PAT_009312,DEV_011541,2026-01-02,2026-01-02
PAT_009313,DEV_011542,2026-02-22,2026-05-12
PAT_009314,DEV_011543,2025-09-28,2025-10-04
PAT_009314,DEV_011544,2025-12-14,2025-12-15
PAT_009315,DEV_011545,2025-07-24,2025-07-27
PAT_009316,DEV_011546,2025-08-24,2025-08-24
PAT_009317,DEV_011547,2026-01-28,2026-01-28
PAT_009317,DEV_011548,2025-12-16,2026-01-22
PAT_009318,DEV_011549,2025-10-22,2025-10-22
PAT_009319,DEV_011550,2026-04-19,2026-04-21
PAT_009320,DEV_011551,2026-04-19,2026-04-20
PAT_009321,DEV_011552,2026-04-11,2026-04-16
PAT_009322,DEV_011553,2026-03-22,2026-03-26
PAT_009322,DEV_011554,2026-01-20,2026-02-27
PAT_009323,DEV_011555,2025-12-07,2025-12-12
PAT_009324,DEV_011556,2025-10-09,2025-10-23
PAT_009324,DEV_011557,2025-11-10,2025-11-10
PAT_009325,DEV_007277,2025-09-22,2025-09-22
PAT_009326,DEV_011558,2026-01-03,2026-01-04
PAT_009327,DEV_011559,2025-07-14,2025-07-14
PAT_009328,DEV_011560,2025-07-05,2025-07-08
PAT_009328,DEV_011561,2025-09-13,2025-09-16
PAT_009329,DEV_011562,2026-04-24,2026-04-28
PAT_009330,DEV_011563,2025-06-28,2025-07-13
PAT_009330,DEV_011564,2025-09-18,2025-09-18
PAT_009331,DEV_002324,2025-10-13,2025-11-17
PAT_009331,DEV_011565,2025-11-17,2025-11-18
PAT_009332,DEV_011566,2026-04-01,2026-04-01
PAT_009333,DEV_007856,2026-02-06,2026-02-06
PAT_009334,DEV_011567,2025-09-10,2026-05-10
PAT_009335,DEV_011568,2025-07-05,2025-07-23
PAT_009335,DEV_011569,2025-07-29,2025-08-03
PAT_009336,DEV_011570,2026-04-14,2026-04-14
PAT_009336,DEV_011571,2026-02-19,2026-03-10
PAT_009337,DEV_011572,2025-08-06,2025-08-11
PAT_009338,DEV_011573,2025-05-14,2025-05-17
PAT_009338,DEV_011574,2025-07-08,2026-02-01
PAT_009339,DEV_011575,2025-08-15,2025-08-19
PAT_009340,DEV_011576,2026-03-31,2026-03-31
PAT_009341,DEV_011577,2026-01-30,2026-02-02
PAT_009342,DEV_011578,2025-07-20,2025-07-25
PAT_009343,DEV_011579,2025-08-31,2025-08-31
PAT_009344,DEV_011580,2025-08-09,2025-08-09
PAT_009345,DEV_009386,2025-10-12,2025-10-17
PAT_009346,DEV_011581,2025-07-28,2025-07-30
PAT_009347,DEV_011582,2025-07-08,2025-07-13
PAT_009348,DEV_011583,2026-03-23,2026-03-23
PAT_009348,DEV_011584,2026-03-05,2026-03-23
PAT_009349,DEV_011585,2026-02-01,2026-02-02
PAT_009349,DEV_011586,2026-01-06,2026-01-07
PAT_009350,DEV_011587,2025-09-11,2025-09-11
PAT_009351,DEV_011588,2025-09-08,2025-09-12
PAT_009352,DEV_011589,2026-03-10,2026-03-13
PAT_009352,DEV_011590,2026-02-19,2026-02-21
PAT_009353,DEV_011591,2025-10-20,2025-10-20
PAT_009354,DEV_011592,2026-01-13,2026-01-14
PAT_009355,DEV_011593,2026-02-03,2026-03-21
PAT_009356,DEV_011594,2026-03-13,2026-03-13
PAT_009357,DEV_011595,2026-05-11,2026-05-16
PAT_009357,DEV_011596,2026-03-29,2026-04-24
PAT_009358,DEV_011597,2026-01-12,2026-02-14
PAT_009358,DEV_011598,2026-02-14,2026-02-16
PAT_009359,DEV_009614,2026-04-24,2026-04-24
PAT_009359,DEV_011599,2026-02-21,2026-02-24
PAT_009360,DEV_011600,2026-03-10,2026-03-11
PAT_009361,DEV_011601,2025-11-28,2026-01-04
PAT_009361,DEV_011602,2026-01-11,2026-01-11
PAT_009362,DEV_011603,2025-09-07,2025-09-07
PAT_009363,DEV_011604,2025-10-11,2025-10-15
PAT_009364,DEV_011605,2025-09-05,2025-09-07
PAT_009365,DEV_011606,2025-10-23,2025-10-31
PAT_009365,DEV_011607,2025-12-08,2025-12-13
PAT_009366,DEV_011608,2025-09-15,2025-09-15
PAT_009367,DEV_008839,2026-03-09,2026-03-09
PAT_009368,DEV_011609,2025-09-22,2025-09-23
PAT_009369,DEV_011610,2025-10-17,2025-11-21
PAT_009369,DEV_011611,2026-01-04,2026-01-07
PAT_009370,DEV_011612,2025-07-26,2025-07-28
PAT_009371,DEV_011613,2025-04-30,2025-05-04
PAT_009371,DEV_011614,2025-07-28,2025-07-30
PAT_009372,DEV_011615,2025-08-25,2025-08-25
PAT_009373,DEV_011616,2025-09-29,2025-10-30
PAT_009373,DEV_011617,2025-12-21,2025-12-21
PAT_009374,DEV_011618,2025-10-23,2025-10-26
PAT_009375,DEV_011619,2025-09-05,2025-09-05
PAT_009375,DEV_011620,2025-06-16,2025-07-18
PAT_009376,DEV_011621,2026-04-22,2026-04-26
PAT_009377,DEV_011622,2025-06-10,2025-06-29
PAT_009377,DEV_011623,2025-08-23,2025-08-25
PAT_009378,DEV_011624,2025-11-28,2025-11-30
PAT_009378,DEV_011625,2025-09-28,2025-10-07
PAT_009379,DEV_011626,2026-05-07,2026-05-07
PAT_009380,DEV_011627,2025-07-11,2025-07-16
PAT_009381,DEV_011628,2025-12-03,2025-12-04
PAT_009381,DEV_011629,2026-01-15,2026-01-15
PAT_009382,DEV_011630,2025-08-29,2025-09-02
PAT_009383,DEV_011631,2025-09-01,2025-09-01
PAT_009384,DEV_011632,2025-10-02,2025-10-06
PAT_009384,DEV_011633,2025-08-27,2025-08-29
PAT_009385,DEV_011634,2026-03-01,2026-03-25
PAT_009385,DEV_011635,2026-05-04,2026-05-04
PAT_009386,DEV_011636,2025-06-02,2025-06-10
PAT_009386,DEV_011637,2025-08-15,2025-08-16
PAT_009387,DEV_011638,2025-12-18,2026-01-07
PAT_009387,DEV_011639,2026-01-07,2026-01-11
PAT_009388,DEV_011640,2026-02-15,2026-02-15
PAT_009389,DEV_007569,2026-04-09,2026-04-09
PAT_009390,DEV_002455,2026-04-18,2026-04-22
PAT_009390,DEV_011641,2026-02-26,2026-03-30
PAT_009391,DEV_011642,2025-11-15,2025-11-15
PAT_009392,DEV_011643,2025-10-01,2025-10-02
PAT_009393,DEV_011644,2025-09-14,2025-10-15
PAT_009393,DEV_011645,2025-10-15,2025-10-16
PAT_009394,DEV_011646,2025-09-21,2025-10-07
PAT_009394,DEV_011647,2025-12-11,2025-12-12
PAT_009395,DEV_011648,2025-07-12,2025-07-15
PAT_009396,DEV_011649,2025-11-06,2025-11-06
PAT_009396,DEV_011650,2025-08-13,2025-09-20
PAT_009397,DEV_010961,2025-08-03,2025-08-03
PAT_009397,DEV_011651,2025-06-18,2025-06-27
PAT_009398,DEV_011652,2026-03-21,2026-03-25
PAT_009399,DEV_002601,2025-10-28,2025-11-06
PAT_009399,DEV_011653,2026-01-20,2026-01-24
PAT_009400,DEV_011654,2026-04-12,2026-04-14
PAT_009401,DEV_011655,2026-03-26,2026-03-31
PAT_009402,DEV_011656,2025-11-11,2025-11-11
PAT_009403,DEV_011657,2025-08-25,2025-09-06
PAT_009404,DEV_011658,2025-08-25,2025-08-25
PAT_009405,DEV_011659,2025-07-12,2025-07-16
PAT_009406,DEV_011660,2025-11-04,2025-11-04
PAT_009407,DEV_011661,2026-02-24,2026-02-24
PAT_009408,DEV_011662,2025-07-03,2025-07-03
PAT_009409,DEV_011663,2025-09-19,2025-09-22
PAT_009410,DEV_011664,2026-04-09,2026-04-19
PAT_009410,DEV_011665,2026-05-02,2026-05-03
PAT_009411,DEV_011666,2025-08-24,2025-08-27
PAT_009412,DEV_011667,2025-10-13,2026-03-20
PAT_009413,DEV_011668,2026-03-29,2026-04-02
PAT_009414,DEV_002507,2025-10-29,2025-10-29
PAT_009415,DEV_011669,2025-07-01,2025-07-22
PAT_009415,DEV_011670,2025-08-07,2025-08-07
PAT_009416,DEV_005057,2026-02-03,2026-02-06
PAT_009416,DEV_011671,2025-07-21,2025-07-24
PAT_009417,DEV_011672,2026-04-10,2026-04-10
PAT_009418,DEV_011673,2025-08-24,2025-08-24
PAT_009418,DEV_011674,2025-07-22,2025-08-06
PAT_009419,DEV_011675,2025-08-24,2025-08-24
PAT_009420,DEV_011676,2026-02-08,2026-02-08
PAT_009421,DEV_011677,2025-12-07,2025-12-10
PAT_009422,DEV_011678,2025-09-16,2025-09-18
PAT_009422,DEV_011679,2025-06-21,2025-07-13
PAT_009423,DEV_000073,2026-02-09,2026-02-28
PAT_009424,DEV_011680,2026-02-01,2026-02-01
PAT_009425,DEV_011681,2026-04-23,2026-04-23
PAT_009425,DEV_011682,2026-03-20,2026-04-12
PAT_009426,DEV_011683,2025-07-31,2025-08-01
PAT_009427,DEV_009436,2025-09-07,2025-09-12
PAT_009428,DEV_011684,2025-09-30,2025-09-30
PAT_009428,DEV_011685,2025-07-10,2025-07-21
PAT_009429,DEV_011686,2026-05-05,2026-05-05
PAT_009429,DEV_011687,2026-04-06,2026-05-05
PAT_009430,DEV_011688,2026-03-02,2026-03-04
PAT_009431,DEV_011689,2026-04-22,2026-04-22
PAT_009432,DEV_011690,2026-04-04,2026-04-09
PAT_009433,DEV_011691,2025-09-16,2025-09-19
PAT_009434,DEV_011692,2025-09-14,2025-09-19
PAT_009434,DEV_011693,2025-08-02,2025-09-02
PAT_009435,DEV_011694,2025-08-04,2025-08-04
PAT_009435,DEV_011695,2025-05-11,2025-06-10
PAT_009436,DEV_011696,2026-01-18,2026-01-18
PAT_009437,DEV_011697,2026-05-08,2026-05-08
PAT_009438,DEV_011698,2025-08-26,2025-08-27
PAT_009438,DEV_011699,2025-06-06,2025-07-08
PAT_009439,DEV_011700,2025-08-08,2026-02-14
PAT_009440,DEV_011701,2025-08-20,2025-08-24
PAT_009441,DEV_011702,2025-12-25,2025-12-28
PAT_009442,DEV_011703,2026-02-14,2026-02-19
PAT_009443,DEV_011704,2025-08-27,2025-12-07
PAT_009444,DEV_010926,2025-11-12,2025-11-12
PAT_009445,DEV_011705,2026-01-07,2026-01-11
PAT_009445,DEV_011706,2025-12-19,2026-01-01
PAT_009446,DEV_011707,2025-08-28,2026-05-02
PAT_009447,DEV_007079,2025-07-20,2025-07-23
PAT_009447,DEV_011708,2025-06-30,2025-07-20
PAT_009448,DEV_011709,2025-06-25,2025-08-01
PAT_009448,DEV_011710,2025-08-19,2025-08-23
PAT_009449,DEV_011711,2025-12-27,2025-12-27
PAT_009449,DEV_011712,2025-10-19,2025-10-28
PAT_009450,DEV_011713,2026-01-03,2026-01-04
PAT_009451,DEV_011714,2026-02-25,2026-02-25
PAT_009452,DEV_011715,2026-03-26,2026-03-30
PAT_009453,DEV_011716,2025-07-01,2025-07-01
PAT_009454,DEV_011717,2025-09-19,2025-09-23
PAT_009455,DEV_011718,2025-08-06,2025-08-09
PAT_009455,DEV_011719,2025-07-06,2025-07-09
PAT_009456,DEV_011720,2025-12-11,2025-12-11
PAT_009457,DEV_011721,2025-09-20,2025-10-08
PAT_009457,DEV_011722,2025-10-23,2025-10-28
PAT_009458,DEV_011723,2025-08-12,2025-08-15
PAT_009459,DEV_011724,2025-10-10,2025-10-12
PAT_009460,DEV_011725,2025-11-09,2025-11-09
PAT_009461,DEV_011726,2025-12-17,2025-12-17
PAT_009462,DEV_011727,2026-01-10,2026-01-10
PAT_009463,DEV_011728,2025-12-16,2025-12-16
PAT_009463,DEV_011729,2025-09-24,2025-10-04
PAT_009464,DEV_011730,2025-09-07,2025-09-07
PAT_009464,DEV_011731,2025-06-13,2025-07-10
PAT_009465,DEV_011732,2025-10-20,2025-10-25
PAT_009465,DEV_011733,2025-07-22,2025-08-02
PAT_009466,DEV_011734,2025-10-21,2025-10-21
PAT_009467,DEV_011735,2025-07-16,2025-07-16
PAT_009468,DEV_011736,2026-02-16,2026-02-16
PAT_009469,DEV_011737,2025-12-13,2026-04-19
PAT_009470,DEV_011738,2026-01-03,2026-01-05
PAT_009471,DEV_011739,2025-07-29,2025-07-31
PAT_009472,DEV_011740,2026-03-04,2026-03-04
PAT_009472,DEV_011741,2025-12-23,2025-12-31
PAT_009473,DEV_011742,2026-01-20,2026-01-24
PAT_009474,DEV_011743,2026-03-16,2026-03-21
PAT_009474,DEV_011744,2026-02-18,2026-02-23
PAT_009475,DEV_011745,2026-03-11,2026-03-13
PAT_009476,DEV_011746,2025-12-24,2025-12-25
PAT_009477,DEV_011747,2025-12-16,2025-12-18
PAT_009477,DEV_011748,2025-09-21,2025-10-22
PAT_009478,DEV_011749,2026-04-09,2026-04-09
PAT_009479,DEV_011750,2025-10-31,2025-10-31
PAT_009480,DEV_011751,2026-03-20,2026-03-20
PAT_009481,DEV_011752,2025-08-21,2025-08-23
PAT_009482,DEV_011753,2025-07-03,2025-07-05
PAT_009483,DEV_011754,2025-09-03,2025-09-07
PAT_009484,DEV_011755,2026-04-01,2026-04-05
PAT_009485,DEV_011756,2026-03-09,2026-03-24
PAT_009485,DEV_011757,2026-05-06,2026-05-09
PAT_009486,DEV_011758,2026-03-07,2026-03-07
PAT_009487,DEV_011759,2025-09-03,2025-09-29
PAT_009487,DEV_011760,2025-09-29,2025-10-03
PAT_009488,DEV_011761,2025-07-04,2025-07-08
PAT_009489,DEV_011762,2025-08-02,2025-08-02
PAT_009490,DEV_011763,2026-01-02,2026-01-26
PAT_009491,DEV_011764,2026-01-18,2026-02-02
PAT_009491,DEV_011765,2026-03-27,2026-03-31
PAT_009492,DEV_011766,2026-04-17,2026-04-20
PAT_009493,DEV_011767,2026-02-05,2026-02-05
PAT_009494,DEV_011768,2025-11-07,2025-12-09
PAT_009494,DEV_011769,2026-01-03,2026-01-08
PAT_009495,DEV_011770,2025-08-18,2025-08-22
PAT_009496,DEV_011771,2026-03-06,2026-04-08
PAT_009496,DEV_011772,2026-05-01,2026-05-01
PAT_009497,DEV_011773,2026-02-26,2026-02-26
PAT_009498,DEV_011774,2025-11-08,2025-11-13
PAT_009499,DEV_011775,2025-11-06,2025-12-12
PAT_009499,DEV_011776,2025-12-29,2026-01-03
PAT_009500,DEV_011777,2025-12-12,2025-12-16
PAT_009501,DEV_011778,2025-08-09,2025-08-12
PAT_009502,DEV_011779,2026-01-03,2026-01-03
PAT_009503,DEV_011780,2026-04-15,2026-04-15
PAT_009503,DEV_011781,2026-02-04,2026-02-14
PAT_009504,DEV_011782,2026-03-28,2026-03-30
PAT_009505,DEV_011783,2025-09-01,2025-10-31
PAT_009506,DEV_011784,2026-03-04,2026-03-04
PAT_009507,DEV_011785,2025-07-24,2025-07-29
PAT_009507,DEV_011786,2025-05-23,2025-05-30
PAT_009508,DEV_011787,2026-03-10,2026-03-13
PAT_009509,DEV_011788,2025-09-02,2025-09-02
PAT_009510,DEV_011789,2026-03-06,2026-03-11
PAT_009510,DEV_011790,2025-12-29,2026-01-29
PAT_009511,DEV_011791,2026-05-03,2026-05-05
PAT_009512,DEV_011792,2025-10-07,2025-10-09
PAT_009513,DEV_011793,2026-03-13,2026-03-13
PAT_009514,DEV_011794,2026-01-30,2026-01-30
PAT_009515,DEV_011795,2025-09-29,2025-10-01
PAT_009516,DEV_011796,2025-11-04,2025-11-06
PAT_009517,DEV_011797,2026-04-11,2026-04-16
PAT_009518,DEV_011798,2025-07-09,2025-07-14
PAT_009519,DEV_011799,2025-08-29,2025-09-05
PAT_009519,DEV_011800,2025-10-21,2025-12-16
PAT_009520,DEV_011801,2025-07-28,2025-08-02
PAT_009520,DEV_011802,2025-06-18,2025-06-28
PAT_009521,DEV_011803,2026-03-03,2026-03-03
PAT_009522,DEV_011804,2025-12-16,2025-12-21
PAT_009523,DEV_011805,2025-12-29,2025-12-31
PAT_009524,DEV_011806,2025-08-20,2025-08-28
PAT_009525,DEV_011807,2025-09-21,2025-09-25
PAT_009526,DEV_011808,2025-07-04,2026-01-19
PAT_009527,DEV_011809,2025-08-03,2025-08-03
PAT_009528,DEV_011810,2025-07-10,2025-07-10
PAT_009529,DEV_011811,2025-07-17,2025-08-02
PAT_009529,DEV_011812,2025-08-02,2025-08-04
PAT_009530,DEV_011813,2026-03-02,2026-04-07
PAT_009530,DEV_011814,2026-05-09,2026-05-09
PAT_009531,DEV_011815,2025-08-28,2025-08-31
PAT_009531,DEV_011816,2025-09-17,2025-09-17
PAT_009532,DEV_011817,2026-03-29,2026-03-29
PAT_009533,DEV_011818,2025-07-06,2025-07-09
PAT_009534,DEV_011819,2025-12-24,2025-12-24
PAT_009534,DEV_011820,2025-12-01,2025-12-07
PAT_009535,DEV_011821,2025-08-22,2025-08-22
PAT_009536,DEV_011822,2025-12-20,2025-12-21
PAT_009537,DEV_011823,2025-11-28,2025-12-14
PAT_009538,DEV_011824,2025-12-05,2025-12-08
PAT_009538,DEV_011825,2026-02-02,2026-02-02
PAT_009539,DEV_011826,2026-03-23,2026-03-28
PAT_009540,DEV_011827,2025-12-03,2025-12-21
PAT_009540,DEV_011828,2026-01-18,2026-01-18
PAT_009541,DEV_011829,2025-11-05,2025-11-10
PAT_009542,DEV_011830,2025-04-13,2025-04-29
PAT_009542,DEV_011831,2025-07-07,2025-07-07
PAT_009543,DEV_011832,2025-10-10,2025-10-12
PAT_009543,DEV_011833,2025-07-25,2025-07-29
PAT_009544,DEV_011834,2025-07-24,2025-07-30
PAT_009544,DEV_011835,2025-08-08,2025-08-13
PAT_009545,DEV_011836,2025-07-21,2025-07-22
PAT_009546,DEV_011837,2026-02-16,2026-02-16
PAT_009547,DEV_011838,2025-09-30,2025-10-04
PAT_009547,DEV_011839,2025-08-01,2025-09-06
PAT_009548,DEV_011840,2026-02-16,2026-02-23
PAT_009548,DEV_011841,2026-03-13,2026-03-18
PAT_009549,DEV_011842,2025-11-28,2025-12-22
PAT_009549,DEV_011843,2025-12-22,2025-12-23
PAT_009550,DEV_011844,2025-09-24,2025-09-29
PAT_009551,DEV_011845,2025-12-27,2026-04-04
PAT_009552,DEV_004859,2025-12-31,2026-01-05
PAT_009553,DEV_011846,2025-10-28,2025-10-30
PAT_009554,DEV_011847,2026-01-22,2026-01-22
PAT_009555,DEV_011848,2025-07-16,2025-07-16
PAT_009556,DEV_011849,2026-01-16,2026-02-20
PAT_009556,DEV_011850,2026-03-28,2026-03-30
PAT_009557,DEV_011851,2025-10-01,2025-10-03
PAT_009558,DEV_011852,2026-03-18,2026-03-18
PAT_009559,DEV_011853,2025-07-30,2025-08-19
PAT_009559,DEV_011854,2025-08-19,2025-08-22
PAT_009560,DEV_011855,2026-05-11,2026-05-11
PAT_009561,DEV_011856,2025-10-03,2025-10-07
PAT_009562,DEV_011857,2026-03-03,2026-03-06
PAT_009563,DEV_011858,2025-08-20,2025-08-20
PAT_009564,DEV_011859,2025-09-24,2025-09-29
PAT_009565,DEV_011860,2025-12-07,2025-12-07
PAT_009565,DEV_011861,2025-11-15,2025-12-07
PAT_009566,DEV_011862,2025-12-28,2025-12-30
PAT_009566,DEV_011863,2026-02-08,2026-02-10
PAT_009567,DEV_011003,2026-03-24,2026-03-24
PAT_009568,DEV_011864,2025-08-17,2025-12-17
PAT_009569,DEV_011865,2025-12-30,2025-12-30
PAT_009570,DEV_011866,2025-07-03,2025-07-08
PAT_009571,DEV_004704,2025-08-14,2025-08-18
PAT_009572,DEV_003828,2026-02-17,2026-02-19
PAT_009573,DEV_000693,2025-10-23,2025-11-24
PAT_009573,DEV_011867,2025-12-06,2025-12-07
PAT_009574,DEV_011868,2025-08-05,2025-08-15
PAT_009574,DEV_011869,2025-10-24,2025-10-24
PAT_009575,DEV_011870,2026-03-31,2026-04-02
PAT_009576,DEV_011871,2026-02-10,2026-02-10
PAT_009577,DEV_011872,2025-10-10,2025-10-14
PAT_009577,DEV_011873,2025-07-21,2025-08-07
PAT_009578,DEV_011874,2025-12-19,2025-12-21
PAT_009578,DEV_011875,2025-09-26,2025-09-29
PAT_009579,DEV_011876,2026-01-08,2026-02-13
PAT_009579,DEV_011877,2026-03-26,2026-03-26
PAT_009580,DEV_011878,2026-04-05,2026-04-05
PAT_009581,DEV_011879,2025-08-31,2025-09-03
PAT_009582,DEV_011880,2025-10-13,2025-11-07
PAT_009582,DEV_011881,2026-01-03,2026-01-08
PAT_009583,DEV_011882,2026-02-03,2026-02-05
PAT_009584,DEV_011883,2025-11-25,2025-11-30
PAT_009585,DEV_006095,2025-09-22,2025-09-26
PAT_009586,DEV_003853,2026-05-07,2026-05-09
PAT_009587,DEV_011884,2025-11-11,2025-11-15
PAT_009588,DEV_011885,2025-12-18,2025-12-18
PAT_009588,DEV_011886,2025-10-01,2025-10-01
PAT_009589,DEV_011887,2025-07-22,2025-07-22
PAT_009590,DEV_011888,2025-10-12,2025-10-21
PAT_009590,DEV_011889,2025-12-25,2025-12-25
PAT_009591,DEV_011890,2025-05-21,2025-06-24
PAT_009591,DEV_011891,2025-08-15,2025-08-20
PAT_009592,DEV_011892,2025-09-27,2025-09-27
PAT_009593,DEV_011893,2025-07-02,2025-07-03
PAT_009594,DEV_011894,2026-03-16,2026-03-20
PAT_009595,DEV_011895,2025-08-16,2025-08-16
PAT_009596,DEV_011896,2026-01-29,2026-01-31
PAT_009596,DEV_011897,2025-11-07,2025-12-03
PAT_009597,DEV_011898,2025-12-07,2025-12-12
PAT_009598,DEV_011899,2025-09-16,2025-09-16
PAT_009599,DEV_011900,2026-03-25,2026-03-27
PAT_009600,DEV_011901,2026-03-09,2026-03-10
PAT_009600,DEV_011902,2025-10-10,2025-10-10
PAT_009601,DEV_011903,2025-10-03,2025-10-03
PAT_009602,DEV_011904,2025-10-20,2025-10-20
PAT_009602,DEV_011905,2025-09-18,2025-09-21
PAT_009603,DEV_011906,2025-10-21,2025-10-21
PAT_009603,DEV_011907,2025-08-04,2025-09-01
PAT_009604,DEV_011908,2025-12-25,2025-12-26
PAT_009605,DEV_011909,2025-08-07,2025-08-12
PAT_009606,DEV_011910,2026-03-20,2026-03-25
PAT_009607,DEV_011911,2026-05-01,2026-05-04
PAT_009608,DEV_011912,2025-08-20,2025-08-20
PAT_009609,DEV_001348,2026-03-09,2026-03-09
PAT_009610,DEV_011913,2026-02-25,2026-02-27
PAT_009610,DEV_011914,2026-01-10,2026-01-29
PAT_009611,DEV_011915,2026-03-14,2026-03-14
PAT_009611,DEV_011916,2026-02-02,2026-02-17
PAT_009612,DEV_011917,2025-10-15,2025-11-02
PAT_009612,DEV_011918,2025-11-16,2025-11-16
PAT_009613,DEV_011919,2025-10-30,2025-11-03
PAT_009614,DEV_011920,2025-10-13,2025-10-15
PAT_009615,DEV_011921,2026-02-16,2026-02-19
PAT_009616,DEV_011922,2025-05-06,2025-06-02
PAT_009616,DEV_011923,2025-07-31,2025-07-31
PAT_009617,DEV_011924,2026-03-19,2026-03-24
PAT_009618,DEV_011925,2026-04-24,2026-04-24
PAT_009619,DEV_011926,2025-08-27,2025-10-08
PAT_009619,DEV_011927,2025-07-30,2025-08-15
PAT_009620,DEV_011928,2025-12-02,2025-12-03
PAT_009621,DEV_011929,2026-05-01,2026-05-04
PAT_009622,DEV_011930,2026-04-23,2026-04-23
PAT_009623,DEV_011931,2025-11-16,2025-11-20
PAT_009624,DEV_011932,2025-12-27,2025-12-27
PAT_009625,DEV_011933,2026-01-12,2026-01-15
PAT_009626,DEV_011934,2026-04-12,2026-04-16
PAT_009626,DEV_011935,2026-01-28,2026-01-30
PAT_009627,DEV_011936,2026-01-09,2026-01-24
PAT_009627,DEV_011937,2026-02-26,2026-02-26
PAT_009628,DEV_011938,2026-02-24,2026-02-24
PAT_009628,DEV_011939,2026-02-03,2026-02-23
PAT_009629,DEV_011940,2026-03-05,2026-03-05
PAT_009630,DEV_011941,2025-12-13,2025-12-13
PAT_009631,DEV_011942,2025-08-17,2025-09-23
PAT_009632,DEV_011943,2025-10-11,2025-11-12
PAT_009632,DEV_011944,2025-11-16,2025-11-18
PAT_009633,DEV_011945,2025-09-05,2025-09-05
PAT_009633,DEV_011946,2025-07-28,2025-08-15
PAT_009634,DEV_011947,2025-12-11,2025-12-16
PAT_009635,DEV_011914,2025-07-10,2025-07-10
PAT_009636,DEV_011948,2025-10-17,2026-02-27
PAT_009637,DEV_004853,2025-10-24,2025-10-24
PAT_009638,DEV_011949,2026-04-21,2026-04-22
PAT_009639,DEV_011950,2026-02-05,2026-02-09
PAT_009639,DEV_011951,2026-02-19,2026-02-19
PAT_009640,DEV_011952,2025-09-20,2026-04-30
PAT_009641,DEV_011953,2025-12-22,2025-12-22
PAT_009642,DEV_011954,2026-04-05,2026-04-09
PAT_009643,DEV_011955,2025-11-13,2025-11-13
PAT_009644,DEV_011956,2025-10-06,2025-10-09
PAT_009645,DEV_011957,2025-07-26,2025-07-28
PAT_009646,DEV_011958,2025-08-01,2025-08-04
PAT_009647,DEV_011959,2025-12-25,2025-12-25
PAT_009648,DEV_011960,2025-12-14,2025-12-16
PAT_009649,DEV_011961,2026-04-15,2026-04-20
PAT_009650,DEV_011962,2026-01-12,2026-02-05
PAT_009650,DEV_011963,2026-02-10,2026-02-14
PAT_009651,DEV_011964,2026-01-25,2026-02-22
PAT_009651,DEV_011965,2026-04-11,2026-04-11
PAT_009652,DEV_011966,2025-05-31,2025-06-20
PAT_009652,DEV_011967,2025-07-28,2025-08-01
PAT_009653,DEV_011968,2025-09-27,2025-09-29
PAT_009654,DEV_011969,2025-10-20,2025-10-24
PAT_009655,DEV_011970,2025-12-07,2025-12-12
PAT_009655,DEV_011971,2025-11-01,2025-11-30
PAT_009656,DEV_011972,2025-07-25,2025-07-29
PAT_009657,DEV_011973,2026-02-07,2026-02-12
PAT_009658,DEV_002374,2026-04-12,2026-04-16
PAT_009659,DEV_003939,2026-01-16,2026-01-21
PAT_009659,DEV_011974,2026-02-18,2026-02-21
PAT_009660,DEV_011975,2025-08-17,2025-08-19
PAT_009661,DEV_011976,2025-10-28,2025-11-01
PAT_009661,DEV_011977,2025-09-07,2025-10-08
PAT_009662,DEV_011978,2025-08-27,2025-08-29
PAT_009663,DEV_011979,2026-01-15,2026-02-01
PAT_009663,DEV_011980,2026-04-11,2026-04-11
PAT_009664,DEV_011981,2025-12-23,2025-12-27
PAT_009665,DEV_011982,2025-09-19,2025-09-23
PAT_009666,DEV_011983,2025-09-13,2025-09-23
PAT_009666,DEV_011984,2025-11-09,2025-11-09
PAT_009667,DEV_011985,2026-01-30,2026-01-30
PAT_009668,DEV_011986,2026-03-28,2026-03-31
PAT_009669,DEV_011987,2025-11-10,2025-11-14
PAT_009670,DEV_011988,2026-01-02,2026-01-05
PAT_009671,DEV_011989,2025-11-16,2025-11-17
PAT_009672,DEV_011990,2026-05-03,2026-05-03
PAT_009673,DEV_011991,2025-10-30,2025-10-31
PAT_009674,DEV_011992,2025-11-05,2025-11-08
PAT_009674,DEV_011993,2025-08-26,2025-09-02
PAT_009675,DEV_011994,2026-02-02,2026-03-11
PAT_009675,DEV_011995,2026-04-05,2026-04-09
PAT_009676,DEV_001707,2026-04-23,2026-04-25
PAT_009677,DEV_001465,2025-09-04,2025-09-09
PAT_009677,DEV_011996,2025-07-14,2025-08-08
PAT_009678,DEV_011997,2025-09-23,2025-09-23
PAT_009679,DEV_011998,2025-12-26,2025-12-29
PAT_009680,DEV_011999,2025-09-21,2025-09-24
PAT_009681,DEV_012000,2026-04-25,2026-04-29
PAT_009682,DEV_012001,2025-11-09,2025-11-12
PAT_009683,DEV_012002,2025-08-20,2025-08-27
PAT_009683,DEV_012003,2025-10-16,2025-10-20
PAT_009684,DEV_012004,2026-02-23,2026-02-23
PAT_009685,DEV_012005,2025-10-16,2025-10-19
PAT_009685,DEV_012006,2025-08-22,2025-09-18
PAT_009686,DEV_012007,2025-08-20,2025-08-29
PAT_009687,DEV_012008,2025-10-20,2025-10-25
PAT_009687,DEV_012009,2025-07-25,2025-08-12
PAT_009688,DEV_012010,2025-07-25,2025-11-16
PAT_009689,DEV_008238,2025-10-02,2025-10-04
PAT_009690,DEV_012011,2025-08-30,2025-09-04
PAT_009691,DEV_012012,2025-07-01,2025-07-05
PAT_009691,DEV_012013,2025-04-20,2025-05-18
PAT_009692,DEV_012014,2026-03-29,2026-04-01
PAT_009693,DEV_012015,2025-11-10,2025-11-10
PAT_009693,DEV_012016,2025-08-20,2025-09-20
PAT_009694,DEV_012017,2025-12-15,2025-12-28
PAT_009694,DEV_012018,2026-01-03,2026-01-04
PAT_009695,DEV_012019,2025-08-27,2025-08-30
PAT_009696,DEV_012020,2025-12-30,2025-12-30
PAT_009697,DEV_012021,2025-12-19,2025-12-23
PAT_009698,DEV_012022,2025-09-04,2025-10-11
PAT_009698,DEV_012023,2025-10-28,2025-10-29
PAT_009699,DEV_012024,2025-12-18,2025-12-23
PAT_009699,DEV_012025,2025-09-27,2025-10-14
PAT_009700,DEV_012026,2026-04-23,2026-04-23
PAT_009701,DEV_012027,2025-07-17,2025-07-17
PAT_009701,DEV_012028,2025-04-20,2025-05-26
PAT_009702,DEV_012029,2026-04-18,2026-04-20
PAT_009703,DEV_012030,2025-10-20,2025-10-20
PAT_009703,DEV_012031,2025-08-12,2025-08-16
PAT_009704,DEV_012032,2025-10-05,2025-10-09
PAT_009705,DEV_012033,2026-03-12,2026-03-15
PAT_009706,DEV_012034,2025-11-22,2025-11-22
PAT_009707,DEV_012035,2026-03-02,2026-03-04
PAT_009708,DEV_012036,2025-10-03,2025-11-13
PAT_009709,DEV_012037,2025-08-26,2025-08-29
PAT_009709,DEV_012038,2025-08-01,2025-08-05
PAT_009710,DEV_012039,2025-10-25,2025-10-26
PAT_009711,DEV_012040,2025-12-19,2025-12-19
PAT_009712,DEV_012041,2025-09-30,2025-10-01
PAT_009713,DEV_012042,2026-04-02,2026-04-02
PAT_009713,DEV_012043,2026-03-07,2026-04-02
PAT_009714,DEV_012044,2025-09-27,2025-10-22
PAT_009714,DEV_012045,2025-11-15,2025-11-15
PAT_009715,DEV_012046,2026-02-06,2026-02-11
PAT_009716,DEV_012047,2025-12-28,2025-12-31
PAT_009716,DEV_012048,2025-10-23,2025-11-09
PAT_009717,DEV_012049,2026-02-26,2026-03-31
PAT_009717,DEV_012050,2026-04-11,2026-04-12
PAT_009718,DEV_012051,2025-12-29,2025-12-29
PAT_009719,DEV_012052,2026-03-13,2026-03-16
PAT_009720,DEV_012053,2025-08-24,2025-08-26
PAT_009721,DEV_000198,2026-01-05,2026-01-05
PAT_009721,DEV_012054,2025-12-15,2026-01-05
PAT_009722,DEV_012055,2025-07-28,2025-07-29
PAT_009723,DEV_012056,2025-10-27,2025-10-28
PAT_009724,DEV_012057,2025-12-22,2025-12-22
PAT_009725,DEV_006776,2025-12-14,2025-12-15
PAT_009726,DEV_012058,2025-06-21,2025-07-13
PAT_009726,DEV_012059,2025-08-03,2025-08-08
PAT_009727,DEV_012060,2025-07-07,2025-07-09
PAT_009727,DEV_012061,2025-09-16,2025-09-18
PAT_009728,DEV_012062,2025-08-28,2026-04-20
PAT_009729,DEV_012063,2025-07-03,2025-07-04
PAT_009730,DEV_012064,2026-01-09,2026-01-13
PAT_009731,DEV_012065,2025-08-14,2025-08-19
PAT_009731,DEV_012066,2025-07-30,2025-08-14
PAT_009732,DEV_012067,2025-12-01,2025-12-01
PAT_009733,DEV_012068,2025-11-29,2025-11-29
PAT_009734,DEV_012069,2026-04-12,2026-04-12
PAT_009735,DEV_012070,2026-05-04,2026-05-04
PAT_009736,DEV_012071,2025-08-01,2025-08-06
PAT_009737,DEV_012072,2025-11-24,2025-11-27
PAT_009737,DEV_012073,2025-09-27,2025-10-07
PAT_009738,DEV_006674,2026-04-12,2026-04-14
PAT_009738,DEV_012074,2026-01-28,2026-02-03
PAT_009739,DEV_012075,2025-04-20,2025-04-21
PAT_009739,DEV_012076,2025-07-11,2025-07-15
PAT_009740,DEV_012077,2026-03-09,2026-03-13
PAT_009741,DEV_012078,2025-10-28,2025-10-28
PAT_009742,DEV_012079,2026-04-27,2026-04-29
PAT_009743,DEV_012080,2025-07-27,2025-10-08
PAT_009744,DEV_012081,2026-01-26,2026-01-29
PAT_009745,DEV_012082,2026-02-03,2026-02-22
PAT_009745,DEV_012083,2026-03-30,2026-03-30
PAT_009746,DEV_012084,2025-08-12,2025-08-15
PAT_009747,DEV_012085,2026-03-25,2026-03-25
PAT_009748,DEV_012086,2025-10-22,2025-10-22
PAT_009748,DEV_012087,2025-08-27,2025-09-14
PAT_009749,DEV_012088,2026-05-03,2026-05-04
PAT_009750,DEV_012089,2026-03-05,2026-03-09
PAT_009751,DEV_012090,2026-01-29,2026-01-29
PAT_009752,DEV_012091,2025-10-28,2025-10-28
PAT_009753,DEV_012092,2025-12-11,2025-12-16
PAT_009754,DEV_012093,2025-09-21,2025-09-24
PAT_009755,DEV_012094,2026-01-08,2026-01-10
PAT_009756,DEV_012095,2026-03-13,2026-03-16
PAT_009756,DEV_012096,2025-12-25,2025-12-28
PAT_009757,DEV_012097,2026-04-20,2026-04-22
PAT_009758,DEV_012098,2026-02-05,2026-02-09
PAT_009758,DEV_012099,2025-12-19,2026-01-14
PAT_009759,DEV_012100,2026-04-15,2026-04-18
PAT_009760,DEV_012101,2026-01-09,2026-01-09
PAT_009761,DEV_012102,2025-11-03,2025-11-03
PAT_009762,DEV_012103,2025-10-11,2025-10-11
PAT_009762,DEV_012104,2025-07-25,2025-08-18
PAT_009763,DEV_012105,2025-11-21,2025-11-21
PAT_009764,DEV_012106,2025-12-15,2026-01-06
PAT_009764,DEV_012107,2026-02-14,2026-02-18
PAT_009765,DEV_012108,2025-09-14,2025-09-17
PAT_009765,DEV_012109,2025-08-05,2025-08-10
PAT_009766,DEV_012110,2025-10-06,2025-10-06
PAT_009767,DEV_012111,2025-10-25,2025-10-30
PAT_009768,DEV_012112,2025-10-12,2025-10-17
PAT_009769,DEV_012113,2026-02-03,2026-02-06
PAT_009770,DEV_012114,2026-01-06,2026-01-08
PAT_009770,DEV_012115,2025-12-19,2026-01-01
PAT_009771,DEV_012116,2025-12-18,2025-12-18
PAT_009771,DEV_012117,2025-11-20,2025-12-18
PAT_009772,DEV_012118,2026-01-05,2026-01-10
PAT_009773,DEV_012119,2025-10-13,2025-10-13
PAT_009774,DEV_012120,2026-02-21,2026-02-21
PAT_009775,DEV_012121,2025-07-12,2025-07-17
PAT_009776,DEV_012122,2025-09-02,2025-09-04
PAT_009776,DEV_012123,2025-10-05,2025-10-09
PAT_009777,DEV_012124,2025-08-28,2025-08-28
PAT_009778,DEV_012125,2026-01-06,2026-01-11
PAT_009779,DEV_012126,2025-06-17,2025-06-21
PAT_009779,DEV_012127,2025-07-14,2025-07-17
PAT_009780,DEV_012128,2025-11-15,2025-11-20
PAT_009781,DEV_012129,2025-12-01,2025-12-05
PAT_009782,DEV_012130,2025-08-30,2025-09-05
PAT_009782,DEV_012131,2025-09-27,2025-09-27
PAT_009783,DEV_012132,2025-11-30,2025-11-30
PAT_009783,DEV_012133,2025-10-15,2025-10-23
PAT_009784,DEV_012134,2025-09-04,2025-09-07
PAT_009785,DEV_012135,2025-12-03,2025-12-23
PAT_009785,DEV_012136,2026-02-02,2026-02-03
PAT_009786,DEV_012137,2025-09-02,2025-09-02
PAT_009787,DEV_012138,2026-04-19,2026-04-24
PAT_009788,DEV_012139,2026-03-09,2026-03-11
PAT_009789,DEV_012140,2026-03-18,2026-03-23
PAT_009790,DEV_012141,2025-10-15,2025-10-16
PAT_009790,DEV_012142,2025-08-09,2025-09-03
PAT_009791,DEV_012143,2025-10-29,2025-10-29
PAT_009792,DEV_012144,2025-07-29,2025-07-29
PAT_009793,DEV_003493,2026-02-28,2026-03-23
PAT_009793,DEV_012145,2026-04-29,2026-05-02
PAT_009794,DEV_012146,2026-03-11,2026-03-15
PAT_009795,DEV_012147,2025-08-12,2025-12-05
PAT_009795,DEV_012148,2025-06-21,2025-06-23
PAT_009796,DEV_012149,2025-08-09,2025-08-11
PAT_009797,DEV_012150,2026-04-12,2026-04-12
PAT_009797,DEV_012151,2026-01-29,2026-02-14
PAT_009798,DEV_012152,2025-10-04,2025-10-04
PAT_009799,DEV_007175,2025-07-01,2025-07-06
PAT_009800,DEV_004900,2025-11-07,2025-11-10
PAT_009801,DEV_012153,2026-01-06,2026-01-08
PAT_009802,DEV_012154,2025-10-23,2025-10-23
PAT_009802,DEV_012155,2025-09-22,2025-09-28
PAT_009803,DEV_012156,2025-12-13,2026-05-10
PAT_009804,DEV_012157,2025-07-13,2025-07-15
PAT_009804,DEV_012158,2025-10-04,2025-10-07
PAT_009805,DEV_012159,2026-01-01,2026-01-14
PAT_009805,DEV_012160,2026-03-20,2026-03-25
PAT_009806,DEV_012002,2026-04-12,2026-04-14
PAT_009807,DEV_012161,2025-07-12,2025-07-13
PAT_009808,DEV_012162,2026-03-21,2026-03-26
PAT_009809,DEV_012163,2026-03-22,2026-03-23
PAT_009810,DEV_012164,2025-10-04,2025-10-04
PAT_009811,DEV_012165,2025-10-25,2025-10-30
PAT_009812,DEV_012166,2025-07-31,2025-08-05
PAT_009813,DEV_012167,2025-07-02,2025-07-03
PAT_009814,DEV_005691,2025-11-13,2025-11-13
PAT_009815,DEV_012168,2026-01-19,2026-01-23
PAT_009816,DEV_012169,2026-03-04,2026-03-08
PAT_009817,DEV_012170,2025-06-15,2025-07-05
PAT_009817,DEV_012171,2025-08-14,2025-08-14
PAT_009818,DEV_012172,2025-08-30,2025-09-02
PAT_009819,DEV_012173,2025-11-11,2025-11-12
PAT_009820,DEV_012174,2026-05-07,2026-05-12
PAT_009820,DEV_012175,2026-02-11,2026-02-28
PAT_009821,DEV_012176,2026-03-15,2026-03-19
PAT_009822,DEV_012177,2026-05-07,2026-05-08
PAT_009823,DEV_012178,2026-04-03,2026-04-07
PAT_009824,DEV_012179,2025-09-18,2025-09-22
PAT_009825,DEV_012180,2025-09-08,2025-09-08
PAT_009826,DEV_012181,2026-02-08,2026-03-07
PAT_009826,DEV_012182,2026-04-04,2026-04-04
PAT_009827,DEV_012183,2026-04-18,2026-04-18
PAT_009827,DEV_012184,2026-04-03,2026-04-18
PAT_009828,DEV_012185,2025-09-27,2025-09-29
PAT_009829,DEV_005322,2025-10-22,2025-10-26
PAT_009830,DEV_012186,2026-03-11,2026-03-11
PAT_009831,DEV_012187,2025-12-25,2025-12-25
PAT_009832,DEV_012188,2025-08-06,2025-08-06
PAT_009833,DEV_012189,2026-03-04,2026-03-04
PAT_009834,DEV_012190,2025-10-02,2025-10-03
PAT_009835,DEV_012191,2026-04-25,2026-04-25
PAT_009836,DEV_012192,2025-08-11,2025-09-13
PAT_009836,DEV_012193,2025-10-25,2025-10-25
PAT_009837,DEV_012194,2025-10-02,2025-10-04
PAT_009838,DEV_012195,2026-04-11,2026-04-11
PAT_009839,DEV_012196,2026-03-14,2026-03-14
PAT_009839,DEV_012197,2025-12-24,2026-01-03
PAT_009840,DEV_012198,2025-09-22,2025-09-24
PAT_009841,DEV_012199,2025-07-03,2025-11-04
PAT_009842,DEV_012200,2025-12-05,2025-12-05
PAT_009843,DEV_012201,2026-02-08,2026-02-10
PAT_009844,DEV_012202,2025-09-21,2025-09-21
PAT_009844,DEV_012203,2025-07-27,2025-08-05
PAT_009845,DEV_005575,2025-08-05,2025-08-08
PAT_009846,DEV_012204,2026-04-17,2026-04-20
PAT_009847,DEV_012205,2025-09-15,2026-04-20
PAT_009848,DEV_012206,2025-10-23,2025-10-27
PAT_009849,DEV_012207,2025-09-02,2025-10-09
PAT_009849,DEV_012208,2025-11-28,2025-11-30
PAT_009850,DEV_012209,2025-08-02,2025-08-03
PAT_009851,DEV_012210,2025-08-16,2025-08-19
PAT_009852,DEV_012211,2026-02-21,2026-02-23
PAT_009853,DEV_012212,2025-10-01,2025-10-05
PAT_009854,DEV_012213,2026-03-15,2026-03-19
PAT_009855,DEV_012214,2026-02-02,2026-02-04
PAT_009856,DEV_012215,2026-01-16,2026-01-25
PAT_009856,DEV_012216,2026-03-13,2026-03-15
PAT_009857,DEV_012217,2025-12-24,2025-12-24
PAT_009858,DEV_012218,2025-09-13,2025-09-13
PAT_009858,DEV_012219,2025-06-17,2025-07-17
PAT_009859,DEV_012220,2026-02-24,2026-04-19
PAT_009860,DEV_012221,2025-12-05,2025-12-09
PAT_009861,DEV_012222,2025-10-24,2025-11-22
PAT_009861,DEV_012223,2025-12-30,2025-12-30
PAT_009862,DEV_012224,2025-11-16,2025-11-19
PAT_009863,DEV_012225,2025-09-19,2025-09-19
PAT_009864,DEV_012226,2026-02-22,2026-02-22
PAT_009865,DEV_012227,2025-09-17,2025-09-25
PAT_009866,DEV_012228,2025-08-08,2025-08-09
PAT_009867,DEV_012229,2025-10-20,2025-10-24
PAT_009868,DEV_012230,2025-11-29,2025-11-29
PAT_009869,DEV_003723,2025-09-30,2025-10-04
PAT_009870,DEV_012231,2025-12-18,2025-12-18
PAT_009871,DEV_012232,2025-08-23,2025-09-04
PAT_009871,DEV_012233,2025-11-03,2025-11-05
PAT_009872,DEV_012234,2025-09-23,2025-09-25
PAT_009873,DEV_012235,2025-07-20,2025-07-25
PAT_009873,DEV_012236,2025-05-12,2025-05-14
PAT_009874,DEV_012237,2025-10-01,2025-10-01
PAT_009875,DEV_012238,2025-11-30,2025-11-30
PAT_009876,DEV_012239,2025-07-28,2025-08-01
PAT_009877,DEV_012240,2025-07-01,2025-07-06
PAT_009878,DEV_012241,2025-10-07,2025-10-09
PAT_009879,DEV_012242,2025-08-09,2025-08-25
PAT_009879,DEV_012243,2025-08-27,2025-08-28
PAT_009880,DEV_012244,2025-08-09,2025-08-14
PAT_009881,DEV_012245,2026-01-03,2026-01-03
PAT_009882,DEV_012246,2025-07-14,2025-07-18
PAT_009883,DEV_012247,2025-11-19,2025-12-15
PAT_009883,DEV_012248,2025-12-28,2025-12-28
PAT_009884,DEV_012249,2025-12-09,2025-12-09
PAT_009885,DEV_012250,2026-04-26,2026-04-26
PAT_009885,DEV_012251,2026-03-13,2026-03-23
PAT_009886,DEV_001623,2025-10-09,2025-10-12
PAT_009887,DEV_012252,2025-08-30,2025-08-31
PAT_009888,DEV_012253,2025-11-29,2025-11-29
PAT_009889,DEV_012254,2025-08-23,2025-08-23
PAT_009890,DEV_012255,2025-10-27,2025-10-31
PAT_009891,DEV_012256,2025-08-15,2025-08-16
PAT_009892,DEV_012257,2026-01-01,2026-01-04
PAT_009893,DEV_012258,2026-03-07,2026-03-07
PAT_009894,DEV_012259,2025-09-01,2025-09-04
PAT_009895,DEV_012260,2026-03-25,2026-04-19
PAT_009896,DEV_012261,2026-03-10,2026-03-10
PAT_009897,DEV_012262,2026-01-27,2026-01-27
PAT_009897,DEV_012263,2025-12-14,2026-01-08
PAT_009898,DEV_012264,2025-11-22,2025-11-26
PAT_009899,DEV_012265,2025-11-08,2025-11-08
PAT_009899,DEV_012266,2025-08-30,2025-10-03
PAT_009900,DEV_012267,2026-04-13,2026-04-18
PAT_009901,DEV_012268,2026-02-17,2026-02-20
PAT_009902,DEV_012269,2025-07-29,2025-07-29
PAT_009903,DEV_012270,2026-01-11,2026-01-15
PAT_009903,DEV_012271,2025-10-03,2025-10-03
PAT_009904,DEV_012272,2025-10-03,2025-10-07
PAT_009905,DEV_012273,2025-12-26,2026-01-14
PAT_009905,DEV_012274,2026-03-16,2026-03-17
PAT_009906,DEV_012275,2026-04-22,2026-04-26
PAT_009907,DEV_012276,2026-04-15,2026-04-20
PAT_009907,DEV_012277,2026-02-02,2026-03-07
PAT_009908,DEV_012278,2026-01-15,2026-01-18
PAT_009909,DEV_012279,2026-03-18,2026-03-20
PAT_009910,DEV_012280,2025-11-29,2025-12-03
PAT_009911,DEV_012281,2026-04-29,2026-05-03
PAT_009912,DEV_012282,2025-07-21,2025-07-22
PAT_009913,DEV_012283,2025-07-23,2025-07-25
PAT_009914,DEV_012284,2026-03-14,2026-03-19
PAT_009915,DEV_012285,2026-04-10,2026-04-12
PAT_009916,DEV_012286,2025-11-19,2025-11-23
PAT_009917,DEV_012287,2025-10-13,2025-10-15
PAT_009917,DEV_012288,2025-09-12,2025-10-10
PAT_009918,DEV_012289,2025-07-29,2025-08-03
PAT_009919,DEV_012290,2026-03-27,2026-03-30
PAT_009920,DEV_012291,2026-01-03,2026-01-06
PAT_009920,DEV_012292,2025-11-07,2025-12-14
PAT_009921,DEV_012293,2025-12-08,2025-12-10
PAT_009922,DEV_012294,2026-04-15,2026-04-20
PAT_009922,DEV_012295,2026-02-17,2026-03-18
PAT_009923,DEV_012296,2025-08-26,2025-09-14
PAT_009923,DEV_012297,2025-09-14,2025-09-15
PAT_009924,DEV_012298,2025-10-27,2025-10-27
PAT_009925,DEV_012299,2026-03-01,2026-03-05
PAT_009926,DEV_010090,2025-10-21,2025-10-26
PAT_009927,DEV_012300,2026-01-11,2026-01-16
PAT_009928,DEV_012301,2025-10-28,2025-11-25
PAT_009928,DEV_012302,2026-01-05,2026-01-05
PAT_009929,DEV_012303,2026-04-18,2026-04-23
PAT_009930,DEV_012304,2025-07-22,2025-07-25
PAT_009931,DEV_012305,2025-07-26,2025-07-26
PAT_009932,DEV_012306,2026-02-25,2026-03-02
PAT_009933,DEV_012307,2026-03-25,2026-03-28
PAT_009933,DEV_012308,2026-01-13,2026-01-24
PAT_009934,DEV_012309,2025-11-01,2026-03-17
PAT_009935,DEV_012310,2025-11-05,2025-11-22
PAT_009935,DEV_012311,2026-02-03,2026-02-03
PAT_009936,DEV_012312,2025-11-16,2025-11-16
PAT_009937,DEV_001046,2025-08-05,2025-08-05
PAT_009938,DEV_012313,2025-09-11,2025-09-15
PAT_009939,DEV_005789,2025-07-14,2025-07-19
PAT_009940,DEV_012314,2025-10-06,2026-02-03
PAT_009941,DEV_012315,2025-12-29,2026-01-03
PAT_009942,DEV_012316,2026-01-23,2026-01-23
PAT_009943,DEV_012317,2025-07-11,2025-07-11
PAT_009944,DEV_012318,2025-10-18,2025-10-23
PAT_009945,DEV_012128,2026-01-23,2026-01-27
PAT_009946,DEV_012319,2025-12-07,2025-12-11
PAT_009947,DEV_012320,2025-07-04,2025-07-04
PAT_009948,DEV_012321,2025-08-13,2025-08-13
PAT_009949,DEV_012322,2025-11-05,2025-11-10
PAT_009950,DEV_012323,2025-10-19,2025-10-22
PAT_009951,DEV_012324,2025-07-05,2025-07-07
PAT_009952,DEV_012325,2026-02-16,2026-02-16
PAT_009952,DEV_012326,2025-12-19,2026-01-03
PAT_009953,DEV_012327,2026-03-03,2026-03-08
PAT_009953,DEV_012328,2025-07-13,2025-07-18
PAT_009954,DEV_012329,2026-03-25,2026-03-26
PAT_009955,DEV_012330,2025-07-29,2025-08-23
PAT_009955,DEV_012331,2025-09-25,2025-09-25
PAT_009956,DEV_012332,2025-10-14,2025-10-14
PAT_009957,DEV_012333,2025-09-21,2025-09-23
PAT_009958,DEV_012334,2026-02-14,2026-02-14
PAT_009959,DEV_012335,2025-12-23,2025-12-23
PAT_009960,DEV_012336,2026-02-07,2026-02-07
PAT_009961,DEV_012337,2025-12-14,2025-12-17
PAT_009962,DEV_012338,2025-08-26,2025-08-30
PAT_009962,DEV_012339,2025-08-23,2025-08-23
PAT_009963,DEV_012340,2025-07-15,2025-07-15
PAT_009964,DEV_012341,2025-09-12,2025-09-12
PAT_009965,DEV_012342,2025-07-16,2025-08-18
PAT_009966,DEV_012343,2026-03-18,2026-03-21
PAT_009967,DEV_012344,2026-03-19,2026-03-21
PAT_009968,DEV_012345,2026-01-06,2026-01-09
PAT_009969,DEV_012346,2025-08-25,2025-08-30
PAT_009970,DEV_012347,2025-10-03,2025-10-03
PAT_009971,DEV_012348,2025-12-22,2025-12-25
PAT_009972,DEV_012349,2025-12-17,2025-12-20
PAT_009973,DEV_012350,2026-01-30,2026-01-30
PAT_009973,DEV_012351,2025-11-01,2025-11-04
PAT_009974,DEV_012352,2025-06-29,2025-07-17
PAT_009974,DEV_012353,2025-08-30,2025-09-04
PAT_009975,DEV_012354,2025-08-17,2025-08-20
PAT_009976,DEV_012355,2025-08-30,2025-08-30
PAT_009977,DEV_012356,2026-05-06,2026-05-10
PAT_009977,DEV_012357,2026-03-19,2026-04-12
PAT_009978,DEV_012358,2025-07-09,2025-07-09
PAT_009979,DEV_012359,2025-09-11,2025-09-11
PAT_009979,DEV_012360,2025-08-21,2025-09-08
PAT_009980,DEV_012361,2025-12-10,2025-12-10
PAT_009981,DEV_012362,2025-11-26,2025-11-28
PAT_009982,DEV_012363,2025-08-28,2025-09-03
PAT_009982,DEV_012364,2025-10-10,2025-10-14
PAT_009983,DEV_012365,2025-11-02,2025-11-02
PAT_009984,DEV_012366,2025-08-31,2025-08-31
PAT_009985,DEV_012367,2025-12-01,2025-12-05
PAT_009985,DEV_012368,2025-11-14,2025-12-01
PAT_009986,DEV_012369,2025-09-18,2025-09-21
PAT_009987,DEV_012370,2025-05-07,2025-05-27
PAT_009987,DEV_012371,2025-07-01,2025-07-01
PAT_009988,DEV_012372,2025-11-21,2025-11-21
PAT_009989,DEV_012373,2026-03-25,2026-03-27
PAT_009990,DEV_012374,2026-02-15,2026-02-20
PAT_009991,DEV_012375,2025-07-17,2025-07-17
PAT_009992,DEV_012376,2025-08-14,2025-08-15
PAT_009993,DEV_012377,2025-09-17,2025-09-17
PAT_009994,DEV_012378,2026-01-24,2026-01-28
PAT_009995,DEV_012379,2025-09-29,2025-10-01
PAT_009996,DEV_012380,2026-01-31,2026-02-01
PAT_009997,DEV_012381,2026-03-20,2026-03-23
PAT_009998,DEV_012382,2025-11-21,2025-11-21
PAT_009999,DEV_012383,2026-04-22,2026-04-22
PAT_010000,DEV_007932,2026-04-25,2026-04-25
PAT_010001,DEV_000440,2026-03-02,2026-03-07
PAT_010002,DEV_000440,2026-03-13,2026-03-13
PAT_010003,DEV_000440,2025-10-14,2025-10-16
PAT_010004,DEV_003099,2026-01-31,2026-02-02
PAT_010005,DEV_000440,2026-01-13,2026-01-15
PAT_010006,DEV_007046,2026-01-07,2026-01-10
PAT_010007,DEV_000200,2025-09-20,2025-09-20
PAT_010008,DEV_007129,2026-01-04,2026-01-08
PAT_010009,DEV_000440,2025-10-14,2025-10-14
PAT_010010,DEV_003099,2026-01-31,2026-01-31
PAT_010011,DEV_000200,2025-09-20,2025-09-20
PAT_010012,DEV_012384,2026-01-21,2026-01-21
PAT_010013,DEV_012385,2026-03-30,2026-03-30
PAT_010014,DEV_012386,2026-03-03,2026-03-03
PAT_010015,DEV_012387,2025-07-23,2025-07-28
PAT_010016,DEV_012388,2025-11-16,2025-11-21
PAT_010017,DEV_012389,2026-02-15,2026-02-17
PAT_010018,DEV_012390,2025-09-10,2025-09-11
PAT_010019,DEV_012391,2025-07-28,2025-07-28
PAT_010020,DEV_012392,2025-08-19,2025-08-24
PAT_010021,DEV_012393,2026-03-08,2026-03-11
PAT_010022,DEV_012394,2026-04-09,2026-04-09
PAT_010023,DEV_012395,2025-10-15,2025-10-16
PAT_010024,DEV_012396,2025-11-29,2025-12-03
PAT_010025,DEV_012397,2026-05-02,2026-05-02
PAT_010026,DEV_012398,2025-09-01,2025-09-01
PAT_010027,DEV_012399,2026-01-10,2026-01-10
PAT_010028,DEV_012400,2026-04-22,2026-04-26
PAT_010029,DEV_012401,2026-01-13,2026-01-18
PAT_010030,DEV_012402,2025-08-29,2025-08-29
PAT_010031,DEV_012403,2026-02-21,2026-02-23
PAT_010032,DEV_012404,2025-11-03,2025-11-05
PAT_010033,DEV_012405,2026-02-22,2026-02-27
PAT_010034,DEV_012406,2026-02-07,2026-02-11
PAT_010035,DEV_012407,2025-07-04,2025-07-07
PAT_010036,DEV_012408,2025-11-19,2025-11-22
PAT_010037,DEV_012409,2025-12-31,2025-12-31
PAT_010038,DEV_012410,2025-11-03,2025-11-05
PAT_010039,DEV_012411,2025-11-11,2025-11-11
PAT_010040,DEV_012412,2025-09-24,2025-09-26
PAT_010041,DEV_012413,2025-12-16,2025-12-16
PAT_010042,DEV_012414,2025-08-28,2025-08-28
PAT_010043,DEV_012415,2025-11-21,2025-11-21
PAT_010044,DEV_012416,2025-12-11,2025-12-15
PAT_010045,DEV_012417,2026-04-24,2026-04-28
PAT_010046,DEV_012418,2026-04-26,2026-04-28
PAT_010047,DEV_012419,2026-01-17,2026-01-20
PAT_010048,DEV_012420,2026-04-19,2026-04-23
PAT_010049,DEV_012421,2025-10-08,2025-10-08
PAT_010050,DEV_012422,2026-03-28,2026-03-31
PAT_010051,DEV_012423,2025-12-16,2025-12-16
PAT_010052,DEV_012424,2025-09-16,2025-09-16
PAT_010053,DEV_012425,2025-09-21,2025-09-24
PAT_010054,DEV_012426,2025-12-02,2025-12-05
PAT_010055,DEV_012427,2025-08-13,2025-08-18
PAT_010056,DEV_012428,2026-02-12,2026-02-12
PAT_010057,DEV_012429,2025-10-22,2025-10-24
PAT_010058,DEV_012430,2026-05-03,2026-05-06
PAT_010059,DEV_012431,2025-11-19,2025-11-23
PAT_010060,DEV_012432,2026-02-28,2026-02-28
PAT_010061,DEV_012433,2026-03-18,2026-03-21
PAT_010062,DEV_012434,2025-10-31,2025-10-31
PAT_010063,DEV_012435,2025-10-12,2025-10-16
PAT_010064,DEV_012436,2025-08-11,2025-08-11
PAT_010065,DEV_012437,2025-07-16,2025-07-16
PAT_010066,DEV_012438,2026-01-30,2026-02-04
PAT_010067,DEV_012439,2025-10-08,2025-10-12
PAT_010068,DEV_012440,2025-11-13,2025-11-13
PAT_010069,DEV_012441,2025-12-07,2025-12-12
PAT_010070,DEV_012442,2025-12-05,2025-12-06
PAT_010071,DEV_012443,2025-08-18,2025-08-18
PAT_010072,DEV_012444,2025-09-24,2025-09-29
PAT_010073,DEV_012445,2026-03-16,2026-03-19
PAT_010074,DEV_012446,2025-07-25,2025-07-25
PAT_010075,DEV_012447,2026-01-10,2026-01-15
PAT_010076,DEV_012448,2025-12-17,2025-12-17
PAT_010077,DEV_012449,2025-10-28,2025-11-01
PAT_010078,DEV_012450,2026-02-04,2026-02-04
PAT_010079,DEV_012451,2026-01-18,2026-01-18
PAT_010080,DEV_012452,2026-04-25,2026-04-30
PAT_010081,DEV_012453,2025-09-28,2025-09-28
PAT_010082,DEV_012454,2026-01-25,2026-01-29
PAT_010083,DEV_012455,2025-11-02,2025-11-07
PAT_010084,DEV_012456,2026-04-15,2026-04-15
PAT_010085,DEV_012457,2026-05-10,2026-05-10
PAT_010086,DEV_012458,2025-10-26,2025-10-26
PAT_010087,DEV_012459,2025-07-10,2025-07-15
PAT_010088,DEV_012460,2026-04-21,2026-04-22
PAT_010089,DEV_012461,2026-03-20,2026-03-25
PAT_010090,DEV_012462,2026-02-12,2026-02-12
PAT_010091,DEV_012463,2025-10-29,2025-11-01
PAT_010092,DEV_012464,2026-01-22,2026-01-22
PAT_010093,DEV_012465,2025-11-13,2025-11-13
PAT_010094,DEV_012466,2026-03-23,2026-03-25
PAT_010095,DEV_012467,2025-12-14,2025-12-19
PAT_010096,DEV_012468,2026-02-21,2026-02-26
PAT_010097,DEV_012469,2025-11-17,2025-11-22
PAT_010098,DEV_012470,2026-04-22,2026-04-22
PAT_010099,DEV_012471,2026-04-26,2026-05-01
PAT_010100,DEV_012472,2026-02-26,2026-03-02
PAT_010101,DEV_012473,2026-05-03,2026-05-03
PAT_010102,DEV_012474,2026-05-02,2026-05-02
PAT_010103,DEV_012475,2026-01-17,2026-01-22
PAT_010104,DEV_012476,2025-12-28,2025-12-30
PAT_010105,DEV_012477,2025-11-23,2025-11-27
PAT_010106,DEV_012478,2026-02-08,2026-02-11
PAT_010107,DEV_012479,2026-02-15,2026-02-15
PAT_010108,DEV_012480,2026-02-04,2026-02-07
PAT_010109,DEV_012481,2026-03-17,2026-03-19
PAT_010110,DEV_012482,2026-02-13,2026-02-14
PAT_010111,DEV_012483,2025-12-13,2025-12-18
PAT_010112,DEV_012484,2025-12-31,2026-01-02
PAT_010113,DEV_012485,2026-04-21,2026-04-24
PAT_010114,DEV_012486,2026-03-30,2026-04-04
PAT_010115,DEV_012487,2026-01-14,2026-01-17
PAT_010116,DEV_012488,2025-12-21,2025-12-25
PAT_010117,DEV_012489,2026-03-22,2026-03-22
PAT_010118,DEV_012490,2026-02-16,2026-02-19
PAT_010119,DEV_012491,2026-02-02,2026-02-05
PAT_010120,DEV_012492,2025-10-28,2025-10-28
PAT_010121,DEV_012493,2026-03-22,2026-03-22
PAT_010122,DEV_012494,2025-10-03,2025-10-07
PAT_010123,DEV_012495,2025-07-22,2025-07-24
PAT_010124,DEV_012496,2026-02-11,2026-02-16
PAT_010125,DEV_012497,2026-04-24,2026-04-27
PAT_010126,DEV_012498,2026-03-18,2026-03-23
PAT_010127,DEV_012499,2025-10-02,2025-10-02
PAT_010128,DEV_012500,2025-08-01,2025-08-02
PAT_010129,DEV_012501,2026-01-13,2026-01-14
PAT_010130,DEV_012502,2026-04-09,2026-04-10
PAT_010131,DEV_012503,2025-09-15,2025-09-15
PAT_010132,DEV_012504,2026-02-28,2026-02-28
PAT_010133,DEV_012505,2025-07-02,2025-07-07
PAT_010134,DEV_012506,2026-01-12,2026-01-14
PAT_010135,DEV_012507,2025-07-19,2025-07-19
PAT_010136,DEV_012508,2026-02-08,2026-02-13
PAT_010137,DEV_012509,2025-10-31,2025-10-31
PAT_010138,DEV_012510,2025-10-13,2025-10-13
PAT_010139,DEV_012511,2025-09-10,2025-09-13
PAT_010140,DEV_012512,2026-03-23,2026-03-23
PAT_010141,DEV_012513,2026-01-25,2026-01-25
PAT_010142,DEV_012514,2025-08-04,2025-08-04
PAT_010143,DEV_012515,2025-07-03,2025-07-07
PAT_010144,DEV_012516,2025-08-30,2025-09-04
PAT_010145,DEV_012517,2026-05-11,2026-05-15
PAT_010146,DEV_012518,2026-02-27,2026-02-27
PAT_010147,DEV_012519,2025-09-19,2025-09-20
PAT_010148,DEV_012520,2026-04-17,2026-04-22
PAT_010149,DEV_012521,2025-09-11,2025-09-16
PAT_010150,DEV_012522,2025-12-28,2025-12-28
PAT_010151,DEV_012523,2026-02-13,2026-02-13
PAT_010152,DEV_012524,2025-08-05,2025-08-07
PAT_010153,DEV_012525,2026-02-26,2026-03-02
PAT_010154,DEV_012526,2025-08-19,2025-08-19
PAT_010155,DEV_012527,2025-08-28,2025-08-28
PAT_010156,DEV_012528,2026-03-04,2026-03-04
PAT_010157,DEV_012529,2025-07-01,2025-07-02
PAT_010158,DEV_012530,2026-04-21,2026-04-21
PAT_010159,DEV_012531,2025-12-13,2025-12-13
PAT_010160,DEV_012532,2025-11-02,2025-11-05
PAT_010161,DEV_012533,2026-02-10,2026-02-15
PAT_010162,DEV_012534,2026-02-19,2026-02-19
PAT_010163,DEV_012535,2026-04-19,2026-04-23
PAT_010164,DEV_012536,2025-09-08,2025-09-10
PAT_010165,DEV_012537,2026-02-02,2026-02-04
PAT_010166,DEV_012538,2026-04-23,2026-04-28
PAT_010167,DEV_012539,2025-12-07,2025-12-07
PAT_010168,DEV_012540,2025-08-22,2025-08-23
PAT_010169,DEV_012541,2025-11-23,2025-11-23
PAT_010170,DEV_012542,2026-04-05,2026-04-05
PAT_010171,DEV_012543,2025-08-08,2025-08-10
PAT_010172,DEV_012544,2026-04-06,2026-04-06
PAT_010173,DEV_012545,2025-12-09,2025-12-13
PAT_010174,DEV_012546,2025-11-25,2025-11-25
PAT_010175,DEV_012547,2025-08-31,2025-09-03
PAT_010176,DEV_012548,2025-11-25,2025-11-28
PAT_010177,DEV_012549,2025-12-24,2025-12-29
PAT_010178,DEV_012550,2025-11-14,2025-11-17
PAT_010179,DEV_012551,2025-10-12,2025-10-13
PAT_010180,DEV_012552,2025-07-22,2025-07-27
PAT_010181,DEV_012553,2026-04-08,2026-04-08
PAT_010182,DEV_012554,2026-02-24,2026-02-24
PAT_010183,DEV_012555,2026-03-13,2026-03-16
PAT_010184,DEV_012556,2025-09-20,2025-09-25
PAT_010185,DEV_012557,2025-07-04,2025-07-05
PAT_010186,DEV_012558,2026-03-20,2026-03-20
PAT_010187,DEV_012559,2025-10-25,2025-10-30
PAT_010188,DEV_012560,2025-11-07,2025-11-11
PAT_010189,DEV_012561,2025-08-23,2025-08-25
PAT_010190,DEV_012562,2025-07-10,2025-07-10
PAT_010191,DEV_012563,2025-10-29,2025-11-01
PAT_010192,DEV_012564,2026-04-01,2026-04-01
PAT_010193,DEV_012565,2025-12-10,2025-12-11
PAT_010194,DEV_012566,2025-12-17,2025-12-22
PAT_010195,DEV_012567,2026-01-26,2026-01-26
PAT_010196,DEV_012568,2025-09-18,2025-09-23
PAT_010197,DEV_012569,2025-08-20,2025-08-24
PAT_010198,DEV_012570,2026-04-20,2026-04-20
PAT_010199,DEV_012571,2026-02-03,2026-02-03
PAT_010200,DEV_012572,2026-03-21,2026-03-21
PAT_010201,DEV_012573,2025-07-08,2025-07-10
PAT_010202,DEV_012574,2025-10-05,2025-10-05
PAT_010203,DEV_012575,2025-10-11,2025-10-13
PAT_010204,DEV_012576,2026-01-24,2026-01-24
PAT_010205,DEV_012577,2026-05-09,2026-05-12
PAT_010206,DEV_012578,2026-03-14,2026-03-14
PAT_900001,DEV_900001,2026-05-29,2026-05-29
PAT_900002,DEV_900002,2026-05-30,2026-05-30
PAT_900003,DEV_900001,2026-02-18,2026-02-18
PAT_900004,DEV_900002,2026-03-09,2026-03-09
PAT_900005,DEV_900001,2026-04-12,2026-04-12
PAT_900006,DEV_900002,2026-02-28,2026-02-28
PAT_900007,DEV_900001,2026-05-13,2026-05-13
PAT_900008,DEV_900002,2026-05-22,2026-05-22
PAT_900009,DEV_900001,2026-02-24,2026-02-24
PAT_900010,DEV_900002,2026-04-25,2026-04-25
PAT_900011,DEV_900001,2026-05-01,2026-05-01
PAT_900012,DEV_900002,2026-05-03,2026-05-03
PAT_900013,DEV_900001,2026-03-17,2026-03-17
PAT_900014,DEV_900016,2026-03-14,2026-03-16
PAT_900015,DEV_900017,2026-03-08,2026-03-10
PAT_900016,DEV_900018,2026-01-31,2026-02-05
PAT_900017,DEV_900019,2026-04-21,2026-04-24
PAT_900018,DEV_900020,2026-04-26,2026-04-26
PAT_900019,DEV_900021,2026-04-23,2026-04-23
